# Tier-1a onset-strip stress MD ensemble-mean trajectory. run_tag=tier1a_stress_onset_strip_n14_t0.5, n_final=14, t_strip_ps=0.5, N=50, ion_steps=3000.
# time_ps,mean_distance_A,mean_speed_I1_Aps,mean_speed_I2_Aps
0.000000000000000000e+00,8.999995317870384426e+00,4.504273944159927477e-04,4.504273944159927477e-04
1.000000000000000021e-02,9.000797999679265970e+00,8.071135116635864970e-02,8.071135116635864970e-02
2.000000000000000042e-02,9.003223769886698591e+00,1.618437497544594761e-01,1.618437497544594761e-01
2.999999999999999889e-02,9.007271741986704328e+00,2.429169212120028121e-01,2.429169212120028121e-01
4.000000000000000083e-02,9.012940429640815765e+00,3.239007583960282211e-01,3.239007583960282211e-01
5.000000000000000278e-02,9.020227742092169265e+00,4.047649552822813468e-01,4.047649552822813468e-01
6.000000000000000472e-02,9.029130980810261775e+00,4.854790687810959793e-01,4.854790687810959793e-01
7.000000000000000666e-02,9.039646837377553368e+00,5.660125809878034930e-01,5.660125809878034930e-01
8.000000000000000167e-02,9.051771392624091916e+00,6.463349615880003007e-01,6.463349615880003007e-01
8.999999999999999667e-02,9.065500117010097725e+00,7.264157301382412335e-01,7.264157301382412335e-01
9.999999999999999167e-02,9.080827872251397537e+00,8.062245179449861743e-01,8.062245179449861743e-01
1.099999999999999867e-01,9.097748914176751356e+00,8.857311292675107417e-01,8.857311292675107417e-01
1.199999999999999817e-01,9.116256896800850384e+00,9.649056015803770814e-01,9.649056015803770814e-01
1.299999999999999767e-01,9.136344877591509928e+00,1.043718264637796045e+00,1.043718264637796045e+00
1.399999999999999856e-01,9.158005323904525596e+00,1.122139798093415797e+00,1.122139798093415797e+00
1.499999999999999944e-01,9.181230120554907614e+00,1.200141287442591187e+00,1.200141287442591187e+00
1.600000000000000033e-01,9.206010578488593055e+00,1.277694278067772249e+00,1.277694278067772249e+00
1.700000000000000122e-01,9.232337444514570279e+00,1.354770827183629178e+00,1.354770827183629178e+00
1.800000000000000211e-01,9.260200912053454303e+00,1.431343553495149301e+00,1.431343553495149301e+00
1.900000000000000300e-01,9.289590632854983099e+00,1.507385684400472936e+00,1.507385684400472936e+00
2.000000000000000389e-01,9.320495729633671900e+00,1.582871100588580937e+00,1.582871100588580937e+00
2.100000000000000477e-01,9.352904809569182021e+00,1.657774377901308993e+00,1.657774377901308993e+00
2.200000000000000566e-01,9.386805978615397450e+00,1.732070826349308090e+00,1.732070826349308090e+00
2.300000000000000655e-01,9.422186856560410106e+00,1.805736526190983682e+00,1.805736526190983682e+00
2.400000000000000744e-01,9.459034592777703310e+00,1.878748361003340195e+00,1.878748361003340195e+00
2.500000000000000555e-01,9.497335882607906399e+00,1.951084047693818491e+00,1.951084047693818491e+00
2.600000000000000644e-01,9.537076984309482697e+00,2.022722163420114683e+00,2.022722163420114683e+00
2.700000000000000733e-01,9.578243736516276030e+00,2.093642169404715592e+00,2.093642169404715592e+00
2.800000000000000822e-01,9.620821576139828579e+00,2.163824431648821101e+00,2.163824431648821101e+00
2.900000000000000910e-01,9.664795556654611985e+00,2.233250238565950507e+00,2.233250238565950507e+00
3.000000000000000999e-01,9.710150366704793257e+00,2.301901815572719112e+00,2.301901815572719112e+00
3.100000000000001088e-01,9.756870348972311646e+00,2.369762336689000382e+00,2.369762336689000382e+00
3.200000000000001177e-01,9.804939519246925528e+00,2.436815933213419605e+00,2.436815933213419605e+00
3.300000000000001266e-01,9.854341585640602474e+00,2.503047699551889327e+00,2.503047699551889327e+00
3.400000000000001354e-01,9.905059967890096573e+00,2.568443696289611999e+00,2.568443696289611999e+00
3.500000000000001443e-01,9.957077816693630012e+00,2.632990950606460601e+00,2.632990950606460601e+00
3.600000000000001532e-01,1.001037803302966012e+01,2.696677454143825425e+00,2.696677454143825425e+00
3.700000000000001621e-01,1.006494328740776112e+01,2.759492158439476484e+00,2.759492158439476484e+00
3.800000000000001710e-01,1.012075603900442466e+01,2.821424968052690385e+00,2.821424968052690385e+00
3.900000000000001799e-01,1.017779855463869865e+01,2.882466731507518976e+00,2.882466731507518976e+00
4.000000000000001887e-01,1.023605292754546525e+01,2.942609230185398328e+00,2.942609230185398328e+00
4.100000000000001976e-01,1.029550109590663887e+01,3.001845165301548324e+00,3.001845165301548324e+00
4.200000000000002065e-01,1.035612486110339958e+01,3.060168143101506644e+00,3.060168143101506644e+00
4.300000000000002154e-01,1.041790590565518926e+01,3.117572658414340836e+00,3.117572658414340836e+00
4.400000000000002243e-01,1.048082581081411568e+01,3.174054076699717175e+00,3.174054076699717175e+00
4.500000000000002331e-01,1.054486607378591145e+01,3.229608614724355675e+00,3.229608614724355675e+00
4.600000000000002420e-01,1.061000812455148612e+01,3.284233320002091450e+00,3.284233320002091450e+00
4.700000000000002509e-01,1.067623334226567344e+01,3.337926049129416040e+00,3.337926049129416040e+00
4.800000000000002598e-01,1.074352307121239924e+01,3.390685445144931531e+00,3.390685445144931531e+00
4.900000000000002687e-01,1.081185863629805688e+01,3.442510914037954617e+00,3.442510914037954617e+00
5.000000000000002220e-01,1.088129964729217569e+01,3.501176128582374147e+00,3.501176128582374147e+00
5.100000000000002309e-01,1.095190277883256336e+01,3.558724068344101710e+00,3.558724068344101710e+00
5.200000000000002398e-01,1.102364566941211699e+01,3.615153446952930505e+00,3.615153446952930505e+00
5.300000000000002487e-01,1.109650594221047903e+01,3.670464002375267043e+00,3.670464002375267043e+00
5.400000000000002576e-01,1.117046122525279550e+01,3.724656464288309987e+00,3.724656464288309987e+00
5.500000000000002665e-01,1.124548917090433164e+01,3.777732520344800005e+00,3.777732520344800005e+00
5.600000000000002753e-01,1.132156747468052416e+01,3.829694781502924972e+00,3.829694781502924972e+00
5.700000000000002842e-01,1.139867389335551273e+01,3.880546746589074392e+00,3.880546746589074392e+00
5.800000000000002931e-01,1.147678626235547661e+01,3.930292766252974079e+00,3.930292766252974079e+00
5.900000000000003020e-01,1.155588251242621212e+01,3.978938006470053690e+00,3.978938006470053690e+00
6.000000000000003109e-01,1.163594068556738037e+01,4.026488411736537820e+00,4.026488411736537820e+00
6.100000000000003197e-01,1.171693895022867693e+01,4.072950668094301285e+00,4.072950668094301285e+00
6.200000000000003286e-01,1.179885561576602626e+01,4.118332166116978499e+00,4.118332166116978499e+00
6.300000000000003375e-01,1.188166914615796799e+01,4.162640963978453179e+00,4.162640963978453179e+00
6.400000000000003464e-01,1.196535817298541282e+01,4.205885750717279770e+00,4.205885750717279770e+00
6.500000000000003553e-01,1.204990150767953772e+01,4.248075809802900338e+00,4.248075809802900338e+00
6.600000000000003642e-01,1.213527815304492563e+01,4.289220983100967999e+00,4.289220983100967999e+00
6.700000000000003730e-01,1.222146731406688147e+01,4.329331635326596484e+00,4.329331635326596484e+00
6.800000000000003819e-01,1.230844840801352369e+01,4.368418619067451658e+00,4.368418619067451658e+00
6.900000000000003908e-01,1.239620107384473791e+01,4.406493240449902871e+00,4.406493240449902871e+00
7.000000000000003997e-01,1.248470518094161008e+01,4.443567225514837737e+00,4.443567225514837737e+00
7.100000000000004086e-01,1.257394083717118072e+01,4.479652687362115415e+00,4.479652687362115415e+00
7.200000000000004174e-01,1.266388839630225505e+01,4.514762094114702862e+00,4.514762094114702862e+00
7.300000000000004263e-01,1.275452846478931690e+01,4.548908237748786831e+00,4.548908237748786831e+00
7.400000000000004352e-01,1.284584190794220326e+01,4.582104203828215816e+00,4.582104203828215816e+00
7.500000000000004441e-01,1.293780985549991946e+01,4.614363342175968441e+00,4.614363342175968441e+00
7.600000000000004530e-01,1.303041370662764109e+01,4.645699238509177320e+00,4.645699238509177320e+00
7.700000000000004619e-01,1.312363513435643370e+01,4.676125687059931479e+00,4.676125687059931479e+00
7.800000000000004707e-01,1.321745608948555883e+01,4.705656664197928052e+00,4.705656664197928052e+00
7.900000000000004796e-01,1.331185880396743393e+01,4.734306303066065702e+00,4.734306303066065702e+00
8.000000000000004885e-01,1.340682579379577000e+01,4.762088869236723809e+00,4.762088869236723809e+00
8.100000000000004974e-01,1.350233986141711462e+01,4.789018737390934533e+00,4.789018737390934533e+00
8.200000000000005063e-01,1.359838409768639700e+01,4.815110369019999226e+00,4.815110369019999226e+00
8.300000000000005151e-01,1.369494188338687124e+01,4.840378291145316147e+00,4.840378291145316147e+00
8.400000000000005240e-01,1.379199689033465148e+01,4.864837076047855646e+00,4.864837076047855646e+00
8.500000000000005329e-01,1.388953308208800586e+01,4.888501321997358318e+00,4.888501321997358318e+00
8.600000000000005418e-01,1.398753471428126893e+01,4.911385634968207015e+00,4.911385634968207015e+00
8.700000000000005507e-01,1.408598633460287175e+01,4.933504611325762568e+00,4.933504611325762568e+00
8.800000000000005596e-01,1.418487278243687300e+01,4.954872821465339250e+00,4.954872821465339250e+00
8.900000000000005684e-01,1.428417918818662358e+01,4.975504794384611351e+00,4.975504794384611351e+00
9.000000000000005773e-01,1.438389097229921632e+01,4.995415003168227841e+00,4.995415003168227841e+00
9.100000000000005862e-01,1.448399384400863177e+01,5.014617851361416356e+00,5.014617851361416356e+00
9.200000000000005951e-01,1.458447379981516434e+01,5.033127660209036236e+00,5.033127660209036236e+00
9.300000000000006040e-01,1.468531712171808579e+01,5.050958656735163643e+00,5.050958656735163643e+00
9.400000000000006128e-01,1.478651037521827760e+01,5.068124962637278408e+00,5.068124962637278408e+00
9.500000000000006217e-01,1.488804040710667564e+01,5.084640583968710992e+00,5.084640583968710992e+00
9.600000000000006306e-01,1.498989434305410740e+01,5.100519401582349843e+00,5.100519401582349843e+00
9.700000000000006395e-01,1.509205958501744149e+01,5.115775162308564994e+00,5.115775162308564994e+00
9.800000000000006484e-01,1.519452380847647177e+01,5.130421470839641174e+00,5.130421470839641174e+00
9.900000000000006573e-01,1.529727495951545002e+01,5.144471782293152273e+00,5.144471782293152273e+00
1.000000000000000666e+00,1.540030125176230591e+01,5.157939395426701878e+00,5.157939395426701878e+00
1.010000000000000675e+00,1.550359116319876129e+01,5.170837446476692634e+00,5.170837446476692634e+00
1.020000000000000684e+00,1.560713343285301846e+01,5.183178903593849363e+00,5.183178903593849363e+00
1.030000000000000693e+00,1.571091705738709798e+01,5.194976561848309693e+00,5.194976561848309693e+00
1.040000000000000702e+00,1.581493128758972411e+01,5.206243038777996546e+00,5.206243038777996546e+00
1.050000000000000711e+00,1.591916562478544783e+01,5.216990770454072113e+00,5.216990770454072113e+00
1.060000000000000719e+00,1.602360981717004051e+01,5.227232008037724142e+00,5.227232008037724142e+00
1.070000000000000728e+00,1.612825385608177342e+01,5.236978814803185500e+00,5.236978814803185500e+00
1.080000000000000737e+00,1.623308797221760713e+01,5.246243063602675782e+00,5.246243063602675782e+00
1.090000000000000746e+00,1.633810263180296118e+01,5.255036434749239760e+00,5.255036434749239760e+00
1.100000000000000755e+00,1.644328853272312330e+01,5.263370414293996546e+00,5.263370414293996546e+00
1.110000000000000764e+00,1.654863660062396136e+01,5.271256292675762012e+00,5.271256292675762012e+00
1.120000000000000773e+00,1.665413798498920173e+01,5.278705163720781357e+00,5.278705163720781357e+00
1.130000000000000782e+00,1.675978405520097425e+01,5.285727923971644593e+00,5.285727923971644593e+00
1.140000000000000790e+00,1.686556639659022139e+01,5.292335272324858231e+00,5.292335272324858231e+00
1.150000000000000799e+00,1.697147680648262025e+01,5.298537709957511055e+00,5.298537709957511055e+00
1.160000000000000808e+00,1.707750729024586533e+01,5.304345540524021629e+00,5.304345540524021629e+00
1.170000000000000817e+00,1.718365005734341011e+01,5.309768870604698598e+00,5.309768870604698598e+00
1.180000000000000826e+00,1.728989751739959146e+01,5.314817610388904434e+00,5.314817610388904434e+00
1.190000000000000835e+00,1.739624227628057440e+01,5.319501474575688782e+00,5.319501474575688782e+00
1.200000000000000844e+00,1.750267713219541221e+01,5.323829983476291439e+00,5.323829983476291439e+00
1.210000000000000853e+00,1.760919507182101285e+01,5.327812464302923878e+00,5.327812464302923878e+00
1.220000000000000862e+00,1.771578926645458196e+01,5.331458052629129973e+00,5.331458052629129973e+00
1.230000000000000870e+00,1.782245306819698172e+01,5.334775694008421887e+00,5.334775694008421887e+00
1.240000000000000879e+00,1.792918000616986163e+01,5.337774145737037124e+00,5.337774145737037124e+00
1.250000000000000888e+00,1.803596378276933976e+01,5.340461978748729521e+00,5.340461978748729521e+00
1.260000000000000897e+00,1.814279826995888811e+01,5.342847579629702359e+00,5.342847579629702359e+00
1.270000000000000906e+00,1.824967750560359647e+01,5.344939152742131050e+00,5.344939152742131050e+00
1.280000000000000915e+00,1.835659568984781842e+01,5.346744722445591513e+00,5.346744722445591513e+00
1.290000000000000924e+00,1.846354718153830277e+01,5.348272135406181960e+00,5.348272135406181960e+00
1.300000000000000933e+00,1.857052649469410710e+01,5.349529062983743088e+00,5.349529062983743088e+00
1.310000000000000941e+00,1.867752829502511602e+01,5.350523003688297585e+00,5.350523003688297585e+00
1.320000000000000950e+00,1.878454739650020500e+01,5.351261285696890191e+00,5.351261285696890191e+00
1.330000000000000959e+00,1.889157875796635722e+01,5.351751069422809870e+00,5.351751069422809870e+00
1.340000000000000968e+00,1.899861747981951510e+01,5.351999350130020261e+00,5.351999350130020261e+00
1.350000000000000977e+00,1.910565880072824285e+01,5.352012960585466494e+00,5.352012960585466494e+00
1.360000000000000986e+00,1.921269809441065846e+01,5.351798573742348353e+00,5.351798573742348353e+00
1.370000000000000995e+00,1.931973086646526383e+01,5.351362705448519108e+00,5.351362705448519108e+00
1.380000000000001004e+00,1.942675275125628431e+01,5.350711717174253756e+00,5.350711717174253756e+00
1.390000000000001013e+00,1.953375950885352808e+01,5.349851818753666777e+00,5.349851818753666777e+00
1.400000000000001021e+00,1.964074702202731260e+01,5.348789071134860684e+00,5.348789071134860684e+00
1.410000000000001030e+00,1.974771129329831609e+01,5.347529389134225930e+00,5.347529389134225930e+00
1.420000000000001039e+00,1.985464844204265944e+01,5.346078544190431714e+00,5.346078544190431714e+00
1.430000000000001048e+00,1.996155470165187396e+01,5.344442167114068276e+00,5.344442167114068276e+00
1.440000000000001057e+00,2.006842641674788652e+01,5.342625750829268050e+00,5.342625750829268050e+00
1.450000000000001066e+00,2.017526004045268451e+01,5.340634653103893292e+00,5.340634653103893292e+00
1.460000000000001075e+00,2.028205213171249000e+01,5.338474099265016370e+00,5.338474099265016370e+00
1.470000000000001084e+00,2.038879935267594590e+01,5.336149184896791020e+00,5.336149184896791020e+00
1.480000000000001092e+00,2.049549846612623583e+01,5.333664878518323604e+00,5.333664878518323604e+00
1.490000000000001101e+00,2.060214633296638098e+01,5.331026024238619598e+00,5.331026024238619598e+00
1.500000000000001110e+00,2.070873990975747247e+01,5.328237344386706376e+00,5.328237344386706376e+00
1.510000000000001119e+00,2.081527624630923512e+01,5.325303442115281172e+00,5.325303442115281172e+00
1.520000000000001128e+00,2.092175248332227966e+01,5.322228803975224132e+00,5.322228803975224132e+00
1.530000000000001137e+00,2.102816585008175565e+01,5.319017802459970135e+00,5.319017802459970135e+00
1.540000000000001146e+00,2.113451366220127881e+01,5.315674698518261465e+00,5.315674698518261465e+00
1.550000000000001155e+00,2.124079331941709015e+01,5.312203644033570704e+00,5.312203644033570704e+00
1.560000000000001164e+00,2.134700230343119642e+01,5.308608684269534805e+00,5.308608684269534805e+00
1.570000000000001172e+00,2.145313817580328219e+01,5.304893760280187109e+00,5.304893760280187109e+00
1.580000000000001181e+00,2.155919857589031352e+01,5.301062711283901940e+00,5.301062711283901940e+00
1.590000000000001190e+00,2.166518121883326486e+01,5.297119277000798654e+00,5.297119277000798654e+00
1.600000000000001199e+00,2.177108389359034035e+01,5.293067099952546428e+00,5.293067099952546428e+00
1.610000000000001208e+00,2.187690446101573016e+01,5.288909727724051102e+00,5.288909727724051102e+00
1.620000000000001217e+00,2.198264085198310269e+01,5.284650615187003631e+00,5.284650615187003631e+00
1.630000000000001226e+00,2.208829106555340616e+01,5.280293126684563632e+00,5.280293126684563632e+00
1.640000000000001235e+00,2.219385316718583567e+01,5.275840538176954198e+00,5.275840538176954198e+00
1.650000000000001243e+00,2.229932528699124461e+01,5.271296039348137619e+00,5.271296039348137619e+00
1.660000000000001252e+00,2.240470561802755967e+01,5.266662735673003581e+00,5.266662735673003581e+00
1.670000000000001261e+00,2.250999241463583544e+01,5.261943650445504161e+00,5.261943650445504161e+00
1.680000000000001270e+00,2.261518399081665365e+01,5.257141726767546430e+00,5.257141726767546430e+00
1.690000000000001279e+00,2.272027871864592896e+01,5.252259829498586718e+00,5.252259829498586718e+00
1.700000000000001288e+00,2.282527502672920505e+01,5.247300747166452339e+00,5.247300747166452339e+00
1.710000000000001297e+00,2.293017139869383314e+01,5.242267193839297512e+00,5.242267193839297512e+00
1.720000000000001306e+00,2.303496637171823735e+01,5.237161810959156227e+00,5.237161810959156227e+00
1.730000000000001315e+00,2.313965853509744264e+01,5.231987169137120475e+00,5.231987169137120475e+00
1.740000000000001323e+00,2.324424652884403386e+01,5.226745769910590589e+00,5.226745769910590589e+00
1.750000000000001332e+00,2.334872904232404878e+01,5.221440047463181244e+00,5.221440047463181244e+00
1.760000000000001341e+00,2.345310481292678872e+01,5.216072370307317740e+00,5.216072370307317740e+00
1.770000000000001350e+00,2.355737262476793248e+01,5.210645042930115878e+00,5.210645042930115878e+00
1.780000000000001359e+00,2.366153130742516453e+01,5.205160307402998399e+00,5.205160307402998399e+00
1.790000000000001368e+00,2.376557973470580265e+01,5.199620344955405038e+00,5.199620344955405038e+00
1.800000000000001377e+00,2.386951682344522752e+01,5.194027277513177943e+00,5.194027277513177943e+00
1.810000000000001386e+00,2.397334153233613208e+01,5.188383169202126943e+00,5.188383169202126943e+00
1.820000000000001394e+00,2.407705286078711282e+01,5.182690027817221434e+00,5.182690027817221434e+00
1.830000000000001403e+00,2.418064984781057802e+01,5.176949806257916897e+00,5.176949806257916897e+00
1.840000000000001412e+00,2.428413157093889652e+01,5.171164403930219144e+00,5.171164403930219144e+00
1.850000000000001421e+00,2.438749714516830736e+01,5.165335668116083134e+00,5.165335668116083134e+00
1.860000000000001430e+00,2.449074572192984789e+01,5.159465395310588676e+00,5.159465395310588676e+00
1.870000000000001439e+00,2.459387648808678151e+01,5.153555332527389510e+00,5.153555332527389510e+00
1.880000000000001448e+00,2.469688866495774704e+01,5.147607178573268882e+00,5.147607178573268882e+00
1.890000000000001457e+00,2.479978150736512532e+01,5.141622585292082270e+00,5.141622585292082270e+00
1.900000000000001465e+00,2.490255430270801895e+01,5.135603158778763166e+00,5.135603158778763166e+00
1.910000000000001474e+00,2.500520637005914182e+01,5.129550460564135328e+00,5.129550460564135328e+00
1.920000000000001483e+00,2.510773705928514588e+01,5.123466008770825475e+00,5.123466008770825475e+00
1.930000000000001492e+00,2.521014575018986292e+01,5.117351279240837769e+00,5.117351279240837769e+00
1.940000000000001501e+00,2.531243185167966558e+01,5.111207706635707559e+00,5.111207706635707559e+00
1.950000000000001510e+00,2.541459480095070234e+01,5.105036685509408478e+00,5.105036685509408478e+00
1.960000000000001519e+00,2.551663406269723922e+01,5.098839571354855771e+00,5.098839571354855771e+00
1.970000000000001528e+00,2.561854912834069253e+01,5.092617681624353132e+00,5.092617681624353132e+00
1.980000000000001537e+00,2.572033951527884810e+01,5.086372296724636755e+00,5.086372296724636755e+00
1.990000000000001545e+00,2.582200476615467011e+01,5.080104660987143639e+00,5.080104660987143639e+00
2.000000000000001332e+00,2.592354444814430181e+01,5.073815983613821246e+00,5.073815983613821246e+00
2.010000000000001119e+00,2.602495815226380316e+01,5.067507439599229002e+00,5.067507439599229002e+00
2.020000000000000906e+00,2.612624549269394691e+01,5.061180170629380193e+00,5.061180170629380193e+00
2.030000000000000693e+00,2.622740610612293821e+01,5.054835285957882896e+00,5.054835285957882896e+00
2.040000000000000480e+00,2.632843965110631856e+01,5.048473863259694383e+00,5.048473863259694383e+00
2.050000000000000266e+00,2.642934580744372042e+01,5.042096949463404698e+00,5.042096949463404698e+00
2.060000000000000053e+00,2.653012427557215602e+01,5.035705561562174637e+00,5.035705561562174637e+00
2.069999999999999840e+00,2.663077477597522247e+01,5.029300687403924996e+00,5.029300687403924996e+00
2.079999999999999627e+00,2.673129704860795286e+01,5.022883286461372165e+00,5.022883286461372165e+00
2.089999999999999414e+00,2.683169085233681628e+01,5.016454290582254671e+00,5.016454290582254671e+00
2.099999999999999201e+00,2.693195596439458939e+01,5.010014604720345766e+00,5.010014604720345766e+00
2.109999999999998987e+00,2.703209217984968760e+01,5.003565107647625965e+00,5.003565107647625965e+00
2.119999999999998774e+00,2.713209931108942286e+01,4.997106652648025893e+00,4.997106652648025893e+00
2.129999999999998561e+00,2.723197718731708505e+01,4.990640068193277656e+00,4.990640068193277656e+00
2.139999999999998348e+00,2.733172565406229282e+01,4.984166158601254004e+00,4.984166158601254004e+00
2.149999999999998135e+00,2.743134457270440762e+01,4.977685704677340617e+00,4.977685704677340617e+00
2.159999999999997922e+00,2.753083382000848189e+01,4.971199464339011165e+00,4.971199464339011165e+00
2.169999999999997708e+00,2.763019328767372329e+01,4.964708173224324561e+00,4.964708173224324561e+00
2.179999999999997495e+00,2.772942288189378957e+01,4.958212545284541584e+00,4.958212545284541584e+00
2.189999999999997282e+00,2.782852252292886419e+01,4.951713273361157519e+00,4.951713273361157519e+00
2.199999999999997069e+00,2.792749214468916819e+01,4.945211029748123543e+00,4.945211029748123543e+00
2.209999999999996856e+00,2.802633169432943916e+01,4.938706466739297696e+00,4.938706466739297696e+00
2.219999999999996643e+00,2.812504113185429233e+01,4.932200217161485156e+00,4.932200217161485156e+00
2.229999999999996430e+00,2.822362042973422902e+01,4.925692894893650475e+00,4.925692894893650475e+00
2.239999999999996216e+00,2.832206957253155011e+01,4.919185095372617056e+00,4.919185095372617056e+00
2.249999999999996003e+00,2.842038855653667895e+01,4.912677396085384451e+00,4.912677396085384451e+00
2.259999999999995790e+00,2.851857738941381726e+01,4.906170357048559971e+00,4.906170357048559971e+00
2.269999999999995577e+00,2.861663608985634255e+01,4.899664521275295392e+00,4.899664521275295392e+00
2.279999999999995364e+00,2.871456468725125788e+01,4.893160415229840687e+00,4.893160415229840687e+00
2.289999999999995151e+00,2.881236322135267969e+01,4.886658549270265439e+00,4.886658549270265439e+00
2.299999999999994937e+00,2.891003174196404402e+01,4.880159418079561107e+00,4.880159418079561107e+00
2.309999999999994724e+00,2.900757030862883923e+01,4.873663501085397698e+00,4.873663501085397698e+00
2.319999999999994511e+00,2.910497899032959168e+01,4.867171262868762227e+00,4.867171262868762227e+00
2.329999999999994298e+00,2.920225786519492317e+01,4.860683153561905279e+00,4.860683153561905279e+00
2.339999999999994085e+00,2.929940702021455223e+01,4.854199609235865687e+00,4.854199609235865687e+00
2.349999999999993872e+00,2.939642655096176327e+01,4.847721052277734977e+00,4.847721052277734977e+00
2.359999999999993658e+00,2.949331656132343937e+01,4.841247891757953781e+00,4.841247891757953781e+00
2.369999999999993445e+00,2.959007716323739245e+01,4.834780523788092310e+00,4.834780523788092310e+00
2.379999999999993232e+00,2.968670847643663890e+01,4.828319331869036724e+00,4.828319331869036724e+00
2.389999999999993019e+00,2.978321062820061016e+01,4.821864687229990842e+00,4.821864687229990842e+00
2.399999999999992806e+00,2.987958375311298198e+01,4.815416949158734639e+00,4.815416949158734639e+00
2.409999999999992593e+00,2.997582799282619703e+01,4.808976465323097749e+00,4.808976465323097749e+00
2.419999999999992379e+00,3.007194349583211590e+01,4.802543572083847856e+00,4.802543572083847856e+00
2.429999999999992166e+00,3.016793041723897772e+01,4.796118594799445134e+00,4.796118594799445134e+00
2.439999999999991953e+00,3.026378891855435072e+01,4.789701848122756012e+00,4.789701848122756012e+00
2.449999999999991740e+00,3.035951916747386647e+01,4.783293636289922546e+00,4.783293636289922546e+00
2.459999999999991527e+00,3.045512133767577723e+01,4.776894253401661850e+00,4.776894253401661850e+00
2.469999999999991314e+00,3.055059560862101620e+01,4.770503983697081729e+00,4.770503983697081729e+00
2.479999999999991100e+00,3.064594216535855153e+01,4.764123101820356254e+00,4.764123101820356254e+00
2.489999999999990887e+00,3.074116119833620075e+01,4.757751873080324323e+00,4.757751873080324323e+00
2.499999999999990674e+00,3.083625290321644030e+01,4.751390553703265240e+00,4.751390553703265240e+00
2.509999999999990461e+00,3.093121748069716048e+01,4.745039391079058255e+00,4.745039391079058255e+00
2.519999999999990248e+00,3.102605513633746881e+01,4.738698624000748261e+00,4.738698624000748261e+00
2.529999999999990035e+00,3.112076608038799819e+01,4.732368482897957307e+00,4.732368482897957307e+00
2.539999999999989821e+00,3.121535052762596862e+01,4.726049190064049554e+00,4.726049190064049554e+00
2.549999999999989608e+00,3.130980869719468984e+01,4.719740959877288589e+00,4.719740959877288589e+00
2.559999999999989395e+00,3.140414081244742661e+01,4.713443999016264208e+00,4.713443999016264208e+00
2.569999999999989182e+00,3.149834710079549538e+01,4.707158506669613551e+00,4.707158506669613551e+00
2.579999999999988969e+00,3.159242779356049269e+01,4.700884674740216873e+00,4.700884674740216873e+00
2.589999999999988756e+00,3.168638312583069805e+01,4.694622688044005621e+00,4.694622688044005621e+00
2.599999999999988542e+00,3.178021333632115031e+01,4.688372724503622635e+00,4.688372724503622635e+00
2.609999999999988329e+00,3.187391866723775991e+01,4.682134955336874960e+00,4.682134955336874960e+00
2.619999999999988116e+00,3.196749936414499516e+01,4.675909545240333642e+00,4.675909545240333642e+00
2.629999999999987903e+00,3.206095567583733441e+01,4.669696652568191553e+00,4.669696652568191553e+00
2.639999999999987690e+00,3.215428785421408264e+01,4.663496429506028385e+00,4.663496429506028385e+00
2.649999999999987477e+00,3.224749615415782955e+01,4.657309022240331053e+00,4.657309022240331053e+00
2.659999999999987264e+00,3.234058083341593459e+01,4.651134571123737516e+00,4.651134571123737516e+00
2.669999999999987050e+00,3.243354215248567129e+01,4.644973210835608768e+00,4.644973210835608768e+00
2.679999999999986837e+00,3.252638037450222441e+01,4.638825070538524997e+00,4.638825070538524997e+00
2.689999999999986624e+00,3.261909576512992004e+01,4.632690274030651700e+00,4.632690274030651700e+00
2.699999999999986411e+00,3.271168859245638316e+01,4.626568939894107224e+00,4.626568939894107224e+00
2.709999999999986198e+00,3.280415912688972924e+01,4.620461181639468506e+00,4.620461181639468506e+00
2.719999999999985985e+00,3.289650764105852687e+01,4.614367107846453209e+00,4.614367107846453209e+00
2.729999999999985771e+00,3.298873440971459559e+01,4.608286822300942553e+00,4.608286822300942553e+00
2.739999999999985558e+00,3.308083970963838993e+01,4.602220424128439014e+00,4.602220424128439014e+00
2.749999999999985345e+00,3.317282381954716186e+01,4.596168007923983723e+00,4.596168007923983723e+00
2.759999999999985132e+00,3.326468702000563127e+01,4.590129663878678379e+00,4.590129663878678379e+00
2.769999999999984919e+00,3.335642959333911506e+01,4.584105477902916448e+00,4.584105477902916448e+00
2.779999999999984706e+00,3.344805182354911466e+01,4.578095531746397384e+00,4.578095531746397384e+00
2.789999999999984492e+00,3.353955399623135492e+01,4.572099903114948738e+00,4.572099903114948738e+00
2.799999999999984279e+00,3.363093639849591199e+01,4.566118665784401287e+00,4.566118665784401287e+00
2.809999999999984066e+00,3.372219931888986366e+01,4.560151889711343998e+00,4.560151889711343998e+00
2.819999999999983853e+00,3.381334304732194340e+01,4.554199641141099875e+00,4.554199641141099875e+00
2.829999999999983640e+00,3.390436787498936866e+01,4.548261982712839213e+00,4.548261982712839213e+00
2.839999999999983427e+00,3.399527409430672265e+01,4.542338973561941273e+00,4.542338973561941273e+00
2.849999999999983213e+00,3.408606199883693222e+01,4.536430669419718953e+00,4.536430669419718953e+00
2.859999999999983000e+00,3.417673188322413580e+01,4.530537122710448728e+00,4.530537122710448728e+00
2.869999999999982787e+00,3.426728404312851950e+01,4.524658382645969645e+00,4.524658382645969645e+00
2.879999999999982574e+00,3.435771877516292960e+01,4.518794495317776772e+00,4.518794495317776772e+00
2.889999999999982361e+00,3.444803637683145325e+01,4.512945503786728096e+00,4.512945503786728096e+00
2.899999999999982148e+00,3.453823714646964049e+01,4.507111448170381784e+00,4.507111448170381784e+00
2.909999999999981934e+00,3.462832138318649555e+01,4.501292365728002842e+00,4.501292365728002842e+00
2.919999999999981721e+00,3.471828938680816634e+01,4.495488290943483456e+00,4.495488290943483456e+00
2.929999999999981508e+00,3.480814145782321134e+01,4.489699255606049988e+00,4.489699255606049988e+00
2.939999999999981295e+00,3.489787789732956469e+01,4.483925288888829463e+00,4.483925288888829463e+00
2.949999999999981082e+00,3.498749900698287263e+01,4.478166417425338608e+00,4.478166417425338608e+00
2.959999999999980869e+00,3.507700508894661340e+01,4.472422665384089946e+00,4.472422665384089946e+00
2.969999999999980655e+00,3.516639644584333979e+01,4.466694054541140879e+00,4.466694054541140879e+00
2.979999999999980442e+00,3.525567338070771939e+01,4.460980604350893053e+00,4.460980604350893053e+00
2.989999999999980229e+00,3.534483619694065482e+01,4.455282332014875557e+00,4.455282332014875557e+00
2.999999999999980016e+00,3.543388519826503114e+01,4.449599252548835260e+00,4.449599252548835260e+00
3.009999999999979803e+00,3.552282068868251486e+01,4.443931378848086311e+00,4.443931378848086311e+00
3.019999999999979590e+00,3.561164297243190191e+01,4.438278721751084177e+00,4.438278721751084177e+00
3.029999999999979376e+00,3.570035235394857409e+01,4.432641290101481779e+00,4.432641290101481779e+00
3.039999999999979163e+00,3.578894913782517051e+01,4.427019090808383517e+00,4.427019090808383517e+00
3.049999999999978950e+00,3.587743362877353803e+01,4.421412128905143568e+00,4.421412128905143568e+00
3.059999999999978737e+00,3.596580613158775463e+01,4.415820407606646292e+00,4.415820407606646292e+00
3.069999999999978524e+00,3.605406695110839621e+01,4.410243928365026100e+00,4.410243928365026100e+00
3.079999999999978311e+00,3.614221639218769866e+01,4.404682690923951149e+00,4.404682690923951149e+00
3.089999999999978098e+00,3.623025475965605580e+01,4.399136693371561435e+00,4.399136693371561435e+00
3.099999999999977884e+00,3.631818235828932018e+01,4.393605932191990249e+00,4.393605932191990249e+00
3.109999999999977671e+00,3.640599949277732605e+01,4.388090402315413918e+00,4.388090402315413918e+00
3.119999999999977458e+00,3.649370646769322946e+01,4.382590097166989551e+00,4.382590097166989551e+00
3.129999999999977245e+00,3.658130358746390698e+01,4.377105008714429424e+00,4.377105008714429424e+00
3.139999999999977032e+00,3.666879115634127828e+01,4.371635127514292840e+00,4.371635127514292840e+00
3.149999999999976819e+00,3.675616947837457360e+01,4.366180442757172209e+00,4.366180442757172209e+00
3.159999999999976605e+00,3.684343885738337576e+01,4.360740942311561952e+00,4.360740942311561952e+00
3.169999999999976392e+00,3.693059959693168537e+01,4.355316612766723772e+00,4.355316612766723772e+00
3.179999999999976179e+00,3.701765200030270364e+01,4.349907439474367088e+00,4.349907439474367088e+00
3.189999999999975966e+00,3.710459637047452475e+01,4.344513406589195270e+00,4.344513406589195270e+00
3.199999999999975753e+00,3.719143301009661684e+01,4.339134497108466881e+00,4.339134497108466881e+00
3.209999999999975540e+00,3.727816222146699232e+01,4.333770692910468902e+00,4.333770692910468902e+00
3.219999999999975326e+00,3.736478430651022364e+01,4.328421974792009408e+00,4.328421974792009408e+00
3.229999999999975113e+00,3.745129956675624783e+01,4.323088322504929693e+00,4.323088322504929693e+00
3.239999999999974900e+00,3.753770830331975361e+01,4.317769714791660718e+00,4.317769714791660718e+00
3.249999999999974687e+00,3.762401081688038573e+01,4.312466129419822991e+00,4.312466129419822991e+00
3.259999999999974474e+00,3.771020740766353896e+01,4.307177543215880533e+00,4.307177543215880533e+00
3.269999999999974261e+00,3.779629837542189819e+01,4.301903932098023020e+00,4.301903932098023020e+00
3.279999999999974047e+00,3.788228401941764645e+01,4.296645271108157971e+00,4.296645271108157971e+00
3.289999999999973834e+00,3.796816463840513478e+01,4.291401534442964127e+00,4.291401534442964127e+00
3.299999999999973621e+00,3.805394053061441895e+01,4.286172695484180117e+00,4.286172695484180117e+00
3.309999999999973408e+00,3.813961199373508748e+01,4.280958726828123062e+00,4.280958726828123062e+00
3.319999999999973195e+00,3.822517932490104897e+01,4.275759600314442466e+00,4.275759600314442466e+00
3.329999999999972982e+00,3.831064282067555382e+01,4.270575287054036551e+00,4.270575287054036551e+00
3.339999999999972768e+00,3.839600277703686970e+01,4.265405757456304237e+00,4.265405757456304237e+00
3.349999999999972555e+00,3.848125948936457519e+01,4.260250981255636837e+00,4.260250981255636837e+00
3.359999999999972342e+00,3.856641325242635787e+01,4.255110927537192111e+00,4.255110927537192111e+00
3.369999999999972129e+00,3.865146436036521749e+01,4.249985564762061685e+00,4.249985564762061685e+00
3.379999999999971916e+00,3.873641310668722326e+01,4.244874860791701288e+00,4.244874860791701288e+00
3.389999999999971703e+00,3.882125978424981128e+01,4.239778782911722388e+00,4.239778782911722388e+00
3.399999999999971489e+00,3.890600468525046551e+01,4.234697297855072762e+00,4.234697297855072762e+00
3.409999999999971276e+00,3.899064810121592473e+01,4.229630371824592672e+00,4.229630371824592672e+00
3.419999999999971063e+00,3.907519032299176587e+01,4.224577970514939551e+00,4.224577970514939551e+00
3.429999999999970850e+00,3.915963164073248493e+01,4.219540059133965570e+00,4.219540059133965570e+00
3.439999999999970637e+00,3.924397234389194011e+01,4.214516602423532987e+00,4.214516602423532987e+00
3.449999999999970424e+00,3.932821272121427114e+01,4.209507564679719316e+00,4.209507564679719316e+00
3.459999999999970210e+00,3.941235306072517375e+01,4.204512909772502915e+00,4.204512909772502915e+00
3.469999999999969997e+00,3.949639364972351530e+01,4.199532601164906787e+00,4.199532601164906787e+00
3.479999999999969784e+00,3.958033477477353301e+01,4.194566601931726701e+00,4.194566601931726701e+00
3.489999999999969571e+00,3.966417672169703934e+01,4.189614874777592313e+00,4.189614874777592313e+00
3.499999999999969358e+00,3.974791977556635203e+01,4.184677382054649897e+00,4.184677382054649897e+00
3.509999999999969145e+00,3.983156422069741609e+01,4.179754085779730843e+00,4.179754085779730843e+00
3.519999999999968932e+00,3.991511034064318864e+01,4.174844947651058291e+00,4.174844947651058291e+00
3.529999999999968718e+00,3.999855841818744295e+01,4.169949929064540761e+00,4.169949929064540761e+00
3.539999999999968505e+00,4.008190873533897758e+01,4.165068991129536435e+00,4.165068991129536435e+00
3.549999999999968292e+00,4.016516157332592485e+01,4.160202094684223972e+00,4.160202094684223972e+00
3.559999999999968079e+00,4.024831721259049289e+01,4.155349200310599400e+00,4.155349200310599400e+00
3.569999999999967866e+00,4.033137593278410549e+01,4.150510268349043130e+00,4.150510268349043130e+00
3.579999999999967653e+00,4.041433801276257043e+01,4.145685258912383375e+00,4.145685258912383375e+00
3.589999999999967439e+00,4.049720373058170964e+01,4.140874131899709987e+00,4.140874131899709987e+00
3.599999999999967226e+00,4.057997336349330908e+01,4.136076847009792168e+00,4.136076847009792168e+00
3.609999999999967013e+00,4.066264718794107580e+01,4.131293363754037884e+00,4.131293363754037884e+00
3.619999999999966800e+00,4.074522547955717755e+01,4.126523641469122872e+00,4.126523641469122872e+00
3.629999999999966587e+00,4.082770851315881089e+01,4.121767639329329214e+00,4.121767639329329214e+00
3.639999999999966374e+00,4.091009656274503214e+01,4.117025316358479792e+00,4.117025316358479792e+00
3.649999999999966160e+00,4.099238990149391526e+01,4.112296631441532568e+00,4.112296631441532568e+00
3.659999999999965947e+00,4.107458880175991567e+01,4.107581543335894203e+00,4.107581543335894203e+00
3.669999999999965734e+00,4.115669353507133366e+01,4.102880010682413037e+00,4.102880010682413037e+00
3.679999999999965521e+00,4.123870437212823958e+01,4.098191992016015917e+00,4.098191992016015917e+00
3.689999999999965308e+00,4.132062158280024988e+01,4.093517445776030605e+00,4.093517445776030605e+00
3.699999999999965095e+00,4.140244543612490702e+01,4.088856330316292365e+00,4.088856330316292365e+00
3.709999999999964881e+00,4.148417620030605235e+01,4.084208603914927238e+00,4.084208603914927238e+00
3.719999999999964668e+00,4.156581414271223451e+01,4.079574224783812042e+00,4.079574224783812042e+00
3.729999999999964455e+00,4.164735952987571466e+01,4.074953151077814084e+00,4.074953151077814084e+00
3.739999999999964242e+00,4.172881262749123721e+01,4.070345340903763542e+00,4.070345340903763542e+00
3.749999999999964029e+00,4.181017370041520564e+01,4.065750752329106099e+00,4.065750752329106099e+00
3.759999999999963816e+00,4.189144301266507853e+01,4.061169343390381492e+00,4.061169343390381492e+00
3.769999999999963602e+00,4.197262082741863765e+01,4.056601072101418737e+00,4.056601072101418737e+00
3.779999999999963389e+00,4.205370740701384591e+01,4.052045896461263119e+00,4.052045896461263119e+00
3.789999999999963176e+00,4.213470301294839970e+01,4.047503774461886472e+00,4.047503774461886472e+00
3.799999999999962963e+00,4.221560790587993495e+01,4.042974664095701165e+00,4.042974664095701165e+00
3.809999999999962750e+00,4.229642234562574998e+01,4.038458523362828068e+00,4.038458523362828068e+00
3.819999999999962537e+00,4.237714659116337401e+01,4.033955310278138029e+00,4.033955310278138029e+00
3.829999999999962323e+00,4.245778090063076604e+01,4.029464982878071311e+00,4.029464982878071311e+00
3.839999999999962110e+00,4.253832553132681227e+01,4.024987499227263399e+00,4.024987499227263399e+00
3.849999999999961897e+00,4.261878073971197267e+01,4.020522817425002948e+00,4.020522817425002948e+00
3.859999999999961684e+00,4.269914678140909103e+01,4.016070895611429492e+00,4.016070895611429492e+00
3.869999999999961471e+00,4.277942391120417653e+01,4.011631691973612135e+00,4.011631691973612135e+00
3.879999999999961258e+00,4.285961238304749799e+01,4.007205164751354687e+00,4.007205164751354687e+00
3.889999999999961044e+00,4.293971245005459991e+01,4.002791272242854248e+00,4.002791272242854248e+00
3.899999999999960831e+00,4.301972436450763837e+01,3.998389972810226567e+00,3.998389972810226567e+00
3.909999999999960618e+00,4.309964837785655334e+01,3.994001224884795587e+00,3.994001224884795587e+00
3.919999999999960405e+00,4.317948474072076692e+01,3.989624986972277743e+00,3.989624986972277743e+00
3.929999999999960192e+00,4.325923370289039838e+01,3.985261217657722455e+00,3.985261217657722455e+00
3.939999999999959979e+00,4.333889551332815415e+01,3.980909875610302517e+00,3.980909875610302517e+00
3.949999999999959766e+00,4.341847042017090530e+01,3.976570919588070741e+00,3.976570919588070741e+00
3.959999999999959552e+00,4.349795867073161304e+01,3.972244308442445249e+00,3.972244308442445249e+00
3.969999999999959339e+00,4.357736051150116197e+01,3.967930001122503381e+00,3.967930001122503381e+00
3.979999999999959126e+00,4.365667618815044193e+01,3.963627956679238284e+00,3.963627956679238284e+00
3.989999999999958913e+00,4.373590594553232336e+01,3.959338134269653864e+00,3.959338134269653864e+00
3.999999999999958700e+00,4.381505002768390256e+01,3.955060493160634127e+00,3.955060493160634127e+00
4.009999999999958931e+00,4.389410867782869019e+01,3.950794992732809430e+00,3.950794992732809430e+00
4.019999999999958717e+00,4.397308213837895607e+01,3.946541592484225980e+00,3.946541592484225980e+00
4.029999999999958504e+00,4.405197065093808106e+01,3.942300252033871466e+00,3.942300252033871466e+00
4.039999999999958291e+00,4.413077445630305817e+01,3.938070931125074114e+00,3.938070931125074114e+00
4.049999999999958078e+00,4.420949379446694394e+01,3.933853589628810266e+00,3.933853589628810266e+00
4.059999999999957865e+00,4.428812890462150165e+01,3.929648187546881832e+00,3.929648187546881832e+00
4.069999999999957652e+00,4.436668002515982323e+01,3.925454685014999168e+00,3.925454685014999168e+00
4.079999999999957438e+00,4.444514739367904355e+01,3.921273042305679635e+00,3.921273042305679635e+00
4.089999999999957225e+00,4.452353124698311859e+01,3.917103219831076455e+00,3.917103219831076455e+00
4.099999999999957012e+00,4.460183182108561795e+01,3.912945178145839531e+00,3.912945178145839531e+00
4.109999999999956799e+00,4.468004935121263799e+01,3.908798877949619666e+00,3.908798877949619666e+00
4.119999999999956586e+00,4.475818407180568670e+01,3.904664280089553685e+00,3.904664280089553685e+00
4.129999999999956373e+00,4.483623621652469637e+01,3.900541345562830831e+00,3.900541345562830831e+00
4.139999999999956160e+00,4.491420601825100078e+01,3.896430035518935853e+00,3.896430035518935853e+00
4.149999999999955946e+00,4.499209370909044026e+01,3.892330311261856135e+00,3.892330311261856135e+00
4.159999999999955733e+00,4.506989952037653069e+01,3.888242134252283932e+00,3.888242134252283932e+00
4.169999999999955520e+00,4.514762368267347625e+01,3.884165466109648079e+00,3.884165466109648079e+00
4.179999999999955307e+00,4.522526642577943079e+01,3.880100268614091963e+00,3.880100268614091963e+00
4.189999999999955094e+00,4.530282797872987288e+01,3.876046503708313828e+00,3.876046503708313828e+00
4.199999999999954881e+00,4.538030856980059724e+01,3.872004133499408862e+00,3.872004133499408862e+00
4.209999999999954667e+00,4.545770842651125321e+01,3.867973120260588260e+00,3.867973120260588260e+00
4.219999999999954454e+00,4.553502777562857062e+01,3.863953426432767735e+00,3.863953426432767735e+00
4.229999999999954241e+00,4.561226684316976332e+01,3.859945014626171567e+00,3.859945014626171567e+00
4.239999999999954028e+00,4.568942585440593263e+01,3.855947847621782998e+00,3.855947847621782998e+00
4.249999999999953815e+00,4.576650503386552060e+01,3.851961888372807064e+00,3.851961888372807064e+00
4.259999999999953602e+00,4.584350460533769933e+01,3.847987100005988204e+00,3.847987100005988204e+00
4.269999999999953388e+00,4.592042479187589521e+01,3.844023445822856377e+00,3.844023445822856377e+00
4.279999999999953175e+00,4.599726581580132034e+01,3.840070889301001600e+00,3.840070889301001600e+00
4.289999999999952962e+00,4.607402789870646131e+01,3.836129394095165068e+00,3.836129394095165068e+00
4.299999999999952749e+00,4.615071126145866742e+01,3.832198924038307641e+00,3.832198924038307641e+00
4.309999999999952536e+00,4.622731612420369629e+01,3.828279443142653449e+00,3.828279443142653449e+00
4.319999999999952323e+00,4.630384270636940869e+01,3.824370915600606935e+00,3.824370915600606935e+00
4.329999999999952109e+00,4.638029122666912230e+01,3.820473305785689444e+00,3.820473305785689444e+00
4.339999999999951896e+00,4.645666190310561205e+01,3.816586578253365669e+00,3.816586578253365669e+00
4.349999999999951683e+00,4.653295495297447815e+01,3.812710697741831467e+00,3.812710697741831467e+00
4.359999999999951470e+00,4.660917059286783370e+01,3.808845629172735059e+00,3.808845629172735059e+00
4.369999999999951257e+00,4.668530903867814885e+01,3.804991337651797867e+00,3.804991337651797867e+00
4.379999999999951044e+00,4.676137050560176078e+01,3.801147788469521061e+00,3.801147788469521061e+00
4.389999999999950830e+00,4.683735520814269648e+01,3.797314947101715354e+00,3.797314947101715354e+00
4.399999999999950617e+00,4.691326336011630360e+01,3.793492779210025034e+00,3.793492779210025034e+00
4.409999999999950404e+00,4.698909517465300922e+01,3.789681250642420451e+00,3.789681250642420451e+00
4.419999999999950191e+00,4.706485086420203601e+01,3.785880327433603920e+00,3.785880327433603920e+00
4.429999999999949978e+00,4.714053064053514674e+01,3.782089975805392523e+00,3.782089975805392523e+00
4.439999999999949765e+00,4.721613471475043156e+01,3.778310162167088482e+00,3.778310162167088482e+00
4.449999999999949551e+00,4.729166329727597429e+01,3.774540853115754491e+00,3.774540853115754491e+00
4.459999999999949338e+00,4.736711659787370365e+01,3.770782015436465517e+00,3.770782015436465517e+00
4.469999999999949125e+00,4.744249482564308096e+01,3.767033616102527294e+00,3.767033616102527294e+00
4.479999999999948912e+00,4.751779818902490860e+01,3.763295622275649510e+00,3.763295622275649510e+00
4.489999999999948699e+00,4.759302689580505330e+01,3.759568001306088814e+00,3.759568001306088814e+00
4.499999999999948486e+00,4.766818115311835413e+01,3.755850720732746506e+00,3.755850720732746506e+00
4.509999999999948272e+00,4.774326116745215387e+01,3.752143748283261360e+00,3.752143748283261360e+00
4.519999999999948059e+00,4.781826714465032069e+01,3.748447051873986968e+00,3.748447051873986968e+00
4.529999999999947846e+00,4.789319928991692166e+01,3.744760599610003737e+00,3.744760599610003737e+00
4.539999999999947633e+00,4.796805780781993889e+01,3.741084359785062929e+00,3.741084359785062929e+00
4.549999999999947420e+00,4.804284290229507803e+01,3.737418300881568456e+00,3.737418300881568456e+00
4.559999999999947207e+00,4.811755477664964786e+01,3.733762391570431216e+00,3.733762391570431216e+00
4.569999999999946994e+00,4.819219363356617691e+01,3.730116600710946972e+00,3.730116600710946972e+00
4.579999999999946780e+00,4.826675967510625753e+01,3.726480897350628041e+00,3.726480897350628041e+00
4.589999999999946567e+00,4.834125310271433307e+01,3.722855250725014109e+00,3.722855250725014109e+00
4.599999999999946354e+00,4.841567411722134295e+01,3.719239630257441753e+00,3.719239630257441753e+00
4.609999999999946141e+00,4.849002291884863780e+01,3.715634005558789532e+00,3.715634005558789532e+00
4.619999999999945928e+00,4.856429970721158185e+01,3.712038346427251501e+00,3.712038346427251501e+00
4.629999999999945715e+00,4.863850468132334726e+01,3.708452622847994373e+00,3.708452622847994373e+00
4.639999999999945501e+00,4.871263803959872973e+01,3.704876804992857764e+00,3.704876804992857764e+00
4.649999999999945288e+00,4.878669997985775098e+01,3.701310863219961167e+00,3.701310863219961167e+00
4.659999999999945075e+00,4.886069069932946007e+01,3.697754768073362452e+00,3.697754768073362452e+00
4.669999999999944862e+00,4.893461039465564966e+01,3.694208490282659962e+00,3.694208490282659962e+00
4.679999999999944649e+00,4.900845926189442991e+01,3.690672000762603044e+00,3.690672000762603044e+00
4.689999999999944436e+00,4.908223749652425738e+01,3.687145270612591119e+00,3.687145270612591119e+00
4.699999999999944222e+00,4.915594529344716790e+01,3.683628271116240249e+00,3.683628271116240249e+00
4.709999999999944009e+00,4.922958284699281961e+01,3.680120973740926615e+00,3.680120973740926615e+00
4.719999999999943796e+00,4.930315035092202436e+01,3.676623350137237622e+00,3.676623350137237622e+00
4.729999999999943583e+00,4.937664799843039987e+01,3.673135372138518928e+00,3.673135372138518928e+00
4.739999999999943370e+00,4.945007598215205746e+01,3.669657011760266485e+00,3.669657011760266485e+00
4.749999999999943157e+00,4.952343449416318322e+01,3.666188241199651365e+00,3.666188241199651365e+00
4.759999999999942943e+00,4.959672372598581092e+01,3.662729032834858955e+00,3.662729032834858955e+00
4.769999999999942730e+00,4.966994386859116872e+01,3.659279359224537398e+00,3.659279359224537398e+00
4.779999999999942517e+00,4.974309511240355164e+01,3.655839193107222496e+00,3.655839193107222496e+00
4.789999999999942304e+00,4.981617764730379605e+01,3.652408507400689786e+00,3.652408507400689786e+00
4.799999999999942091e+00,4.988919166263278981e+01,3.648987275201279967e+00,3.648987275201279967e+00
4.809999999999941878e+00,4.996213734719529498e+01,3.645575469783302047e+00,3.645575469783302047e+00
4.819999999999941664e+00,5.003501488926308127e+01,3.642173064598364540e+00,3.642173064598364540e+00
4.829999999999941451e+00,5.010782447657891936e+01,3.638780033274652492e+00,3.638780033274652492e+00
4.839999999999941238e+00,5.018056629635973565e+01,3.635396349616300871e+00,3.635396349616300871e+00
4.849999999999941025e+00,5.025324053530038526e+01,3.632021987602660040e+00,3.632021987602660040e+00
4.859999999999940812e+00,5.032584737957697740e+01,3.628656921387511503e+00,3.628656921387511503e+00
4.869999999999940599e+00,5.039838701485048489e+01,3.625301125298451943e+00,3.625301125298451943e+00
4.879999999999940385e+00,5.047085962627004818e+01,3.621954573836090319e+00,3.621954573836090319e+00
4.889999999999940172e+00,5.054326539847664179e+01,3.618617241673272922e+00,3.618617241673272922e+00
4.899999999999939959e+00,5.061560451560638541e+01,3.615289103654375946e+00,3.615289103654375946e+00
4.909999999999939746e+00,5.068787716129388343e+01,3.611970134794516785e+00,3.611970134794516785e+00
4.919999999999939533e+00,5.076008351867587720e+01,3.608660310278764882e+00,3.608660310278764882e+00
4.929999999999939320e+00,5.083222377039439266e+01,3.605359605461317951e+00,3.605359605461317951e+00
4.939999999999939106e+00,5.090429809860025046e+01,3.602067995864751015e+00,3.602067995864751015e+00
4.949999999999938893e+00,5.097630668495634154e+01,3.598785457179195291e+00,3.598785457179195291e+00
4.959999999999938680e+00,5.104824971064108752e+01,3.595511965261475762e+00,3.595511965261475762e+00
4.969999999999938467e+00,5.112012735635165228e+01,3.592247496134307383e+00,3.592247496134307383e+00
4.979999999999938254e+00,5.119193980230733132e+01,3.588992025985516143e+00,3.588992025985516143e+00
4.989999999999938041e+00,5.126368722825275626e+01,3.585745531167148670e+00,3.585745531167148670e+00
4.999999999999937828e+00,5.133536981346122019e+01,3.582507988194568060e+00,3.582507988194568060e+00
5.009999999999937614e+00,5.140698773673805277e+01,3.579279373745688275e+00,3.579279373745688275e+00
5.019999999999937401e+00,5.147854117642361160e+01,3.576059664660080628e+00,3.576059664660080628e+00
5.029999999999937188e+00,5.155003031039669281e+01,3.572848837938096267e+00,3.572848837938096267e+00
5.039999999999936975e+00,5.162145531607776405e+01,3.569646870739969113e+00,3.569646870739969113e+00
5.049999999999936762e+00,5.169281637043193456e+01,3.566453740384966764e+00,3.566453740384966764e+00
5.059999999999936549e+00,5.176411364997242259e+01,3.563269424350526293e+00,3.563269424350526293e+00
5.069999999999936335e+00,5.183534733076344025e+01,3.560093900271295908e+00,3.560093900271295908e+00
5.079999999999936122e+00,5.190651758842354013e+01,3.556927145938294732e+00,3.556927145938294732e+00
5.089999999999935909e+00,5.197762459812855695e+01,3.553769139297993540e+00,3.553769139297993540e+00
5.099999999999935696e+00,5.204866853461485476e+01,3.550619858451378175e+00,3.550619858451378175e+00
5.109999999999935483e+00,5.211964957218231831e+01,3.547479281653086680e+00,3.547479281653086680e+00
5.119999999999935270e+00,5.219056788469752206e+01,3.544347387310458952e+00,3.544347387310458952e+00
5.129999999999935056e+00,5.226142364559648001e+01,3.541224153982645007e+00,3.541224153982645007e+00
5.139999999999934843e+00,5.233221702788818419e+01,3.538109560379700813e+00,3.538109560379700813e+00
5.149999999999934630e+00,5.240294820415711285e+01,3.535003585361605971e+00,3.535003585361605971e+00
5.159999999999934417e+00,5.247361734656647769e+01,3.531906207937382192e+00,3.531906207937382192e+00
5.169999999999934204e+00,5.254422462686117967e+01,3.528817407264160266e+00,3.528817407264160266e+00
5.179999999999933991e+00,5.261477021637068674e+01,3.525737162646197298e+00,3.525737162646197298e+00
5.189999999999933777e+00,5.268525428601203942e+01,3.522665453533987190e+00,3.522665453533987190e+00
5.199999999999933564e+00,5.275567700629273560e+01,3.519602259523356480e+00,3.519602259523356480e+00
5.209999999999933351e+00,5.282603854731356563e+01,3.516547560354437163e+00,3.516547560354437163e+00
5.219999999999933138e+00,5.289633907877164631e+01,3.513501335910786505e+00,3.513501335910786505e+00
5.229999999999932925e+00,5.296657876996307124e+01,3.510463566218419373e+00,3.510463566218419373e+00
5.239999999999932712e+00,5.303675778978598743e+01,3.507434231444873429e+00,3.507434231444873429e+00
5.249999999999932498e+00,5.310687630674320303e+01,3.504413311898280092e+00,3.504413311898280092e+00
5.259999999999932285e+00,5.317693448894510055e+01,3.501400788026365785e+00,3.501400788026365785e+00
5.269999999999932072e+00,5.324693250411240086e+01,3.498396640415535330e+00,3.498396640415535330e+00
5.279999999999931859e+00,5.331687051957893431e+01,3.495400849789926490e+00,3.495400849789926490e+00
5.289999999999931646e+00,5.338674870229435498e+01,3.492413397010466714e+00,3.492413397010466714e+00
5.299999999999931433e+00,5.345656721882693319e+01,3.489434263073882825e+00,3.489434263073882825e+00
5.309999999999931219e+00,5.352632623536615597e+01,3.486463429111770651e+00,3.486463429111770651e+00
5.319999999999931006e+00,5.359602591772548408e+01,3.483500876389686418e+00,3.483500876389686418e+00
5.329999999999930793e+00,5.366566643134507331e+01,3.480546586306124013e+00,3.480546586306124013e+00
5.339999999999930580e+00,5.373524794129431115e+01,3.477600540391613482e+00,3.477600540391613482e+00
5.349999999999930367e+00,5.380477061227449553e+01,3.474662720307750696e+00,3.474662720307750696e+00
5.359999999999930154e+00,5.387423460862152780e+01,3.471733107846196820e+00,3.471733107846196820e+00
5.369999999999929940e+00,5.394364009430831430e+01,3.468811684927806560e+00,3.468811684927806560e+00
5.379999999999929727e+00,5.401298723294748072e+01,3.465898433601666273e+00,3.465898433601666273e+00
5.389999999999929514e+00,5.408227618779402945e+01,3.462993336044087656e+00,3.462993336044087656e+00
5.399999999999929301e+00,5.415150712174755654e+01,3.460096374557687149e+00,3.460096374557687149e+00
5.409999999999929088e+00,5.422068019735515065e+01,3.457207531570487546e+00,3.457207531570487546e+00
5.419999999999928875e+00,5.428979557681351054e+01,3.454326789634911243e+00,3.454326789634911243e+00
5.429999999999928662e+00,5.435885342197177295e+01,3.451454131426819671e+00,3.451454131426819671e+00
5.439999999999928448e+00,5.442785389433368692e+01,3.448589539744594923e+00,3.448589539744594923e+00
5.449999999999928235e+00,5.449679715506029254e+01,3.445732997508213824e+00,3.445732997508213824e+00
5.459999999999928022e+00,5.456568336497214489e+01,3.442884487758267831e+00,3.442884487758267831e+00
5.469999999999927809e+00,5.463451268455184362e+01,3.440043993655040211e+00,3.440043993655040211e+00
5.479999999999927596e+00,5.470328527394635643e+01,3.437211498477568128e+00,3.437211498477568128e+00
5.489999999999927383e+00,5.477200129296945619e+01,3.434386985622698507e+00,3.434386985622698507e+00
5.499999999999927169e+00,5.484066090110389524e+01,3.431570438604159889e+00,3.431570438604159889e+00
5.509999999999926956e+00,5.490926425750402728e+01,3.428761841051608084e+00,3.428761841051608084e+00
5.519999999999926743e+00,5.497781152099783242e+01,3.425961176709679368e+00,3.425961176709679368e+00
5.529999999999926530e+00,5.504630285008929036e+01,3.423168429437115634e+00,3.423168429437115634e+00
5.539999999999926317e+00,5.511473840296078208e+01,3.420383583205802491e+00,3.420383583205802491e+00
5.549999999999926104e+00,5.518311833747520012e+01,3.417606622099808256e+00,3.417606622099808256e+00
5.559999999999925890e+00,5.525144281117821521e+01,3.414837530314509095e+00,3.414837530314509095e+00
5.569999999999925677e+00,5.531971198130048606e+01,3.412076292155656443e+00,3.412076292155656443e+00
5.579999999999925464e+00,5.538792600475995442e+01,3.409322892038442188e+00,3.409322892038442188e+00
5.589999999999925251e+00,5.545608503816386303e+01,3.406577314486552766e+00,3.406577314486552766e+00
5.599999999999925038e+00,5.552418923781105065e+01,3.403839544131324502e+00,3.403839544131324502e+00
5.609999999999924825e+00,5.559223875969399131e+01,3.401109565710775051e+00,3.401109565710775051e+00
5.619999999999924611e+00,5.566023375950106811e+01,3.398387364068723215e+00,3.398387364068723215e+00
5.629999999999924398e+00,5.572817439261852002e+01,3.395672924153827044e+00,3.395672924153827044e+00
5.639999999999924185e+00,5.579606081413255936e+01,3.392966231018732071e+00,3.392966231018732071e+00
5.649999999999923972e+00,5.586389317883156735e+01,3.390267269819184470e+00,3.390267269819184470e+00
5.659999999999923759e+00,5.593167164120801971e+01,3.387576025813045177e+00,3.387576025813045177e+00
5.669999999999923546e+00,5.599939635546047612e+01,3.384892484359472320e+00,3.384892484359472320e+00
5.679999999999923332e+00,5.606706747549583980e+01,3.382216630918039257e+00,3.382216630918039257e+00
5.689999999999923119e+00,5.613468515493114097e+01,3.379548451047762025e+00,3.379548451047762025e+00
5.699999999999922906e+00,5.620224954709541976e+01,3.376887930406249794e+00,3.376887930406249794e+00
5.709999999999922693e+00,5.626976080503203548e+01,3.374235054748822460e+00,3.374235054748822460e+00
5.719999999999922480e+00,5.633721908150036484e+01,3.371589809927638015e+00,3.371589809927638015e+00
5.729999999999922267e+00,5.640462452897773460e+01,3.368952181890811026e+00,3.368952181890811026e+00
5.739999999999922053e+00,5.647197729966144664e+01,3.366322156681508027e+00,3.366322156681508027e+00
5.749999999999921840e+00,5.653927754547051165e+01,3.363699720437119733e+00,3.363699720437119733e+00
5.759999999999921627e+00,5.660652541804777371e+01,3.361084859388356438e+00,3.361084859388356438e+00
5.769999999999921414e+00,5.667372106876148763e+01,3.358477559858400241e+00,3.358477559858400241e+00
5.779999999999921201e+00,5.674086464870724456e+01,3.355877808262028861e+00,3.355877808262028861e+00
5.789999999999920988e+00,5.680795630870998991e+01,3.353285591104765206e+00,3.353285591104765206e+00
5.799999999999920774e+00,5.687499619932554396e+01,3.350700894982021616e+00,3.350700894982021616e+00
5.809999999999920561e+00,5.694198447084258419e+01,3.348123706578224557e+00,3.348123706578224557e+00
5.819999999999920348e+00,5.700892127328434356e+01,3.345554012665991284e+00,3.345554012665991284e+00
5.829999999999920135e+00,5.707580675641036549e+01,3.342991800105302058e+00,3.342991800105302058e+00
5.839999999999919922e+00,5.714264106971826607e+01,3.340437055842622183e+00,3.340437055842622183e+00
5.849999999999919709e+00,5.720942436244544638e+01,3.337889766910039580e+00,3.337889766910039580e+00
5.859999999999919496e+00,5.727615678357076945e+01,3.335349920424520054e+00,3.335349920424520054e+00
5.869999999999919282e+00,5.734283848181631527e+01,3.332817503587021779e+00,3.332817503587021779e+00
5.879999999999919069e+00,5.740946960564900792e+01,3.330292503681596017e+00,3.330292503681596017e+00
5.889999999999918856e+00,5.747605030328222853e+01,3.327774908074691673e+00,3.327774908074691673e+00
5.899999999999918643e+00,5.754258072267751345e+01,3.325264704214269340e+00,3.325264704214269340e+00
5.909999999999918430e+00,5.760906101154618142e+01,3.322761879628982395e+00,3.322761879628982395e+00
5.919999999999918217e+00,5.767549131735093226e+01,3.320266421927397626e+00,3.320266421927397626e+00
5.929999999999918003e+00,5.774187178730741010e+01,3.317778318797135029e+00,3.317778318797135029e+00
5.939999999999917790e+00,5.780820256838576654e+01,3.315297558004097755e+00,3.315297558004097755e+00
5.949999999999917577e+00,5.787448380731227360e+01,3.312824127391662099e+00,3.312824127391662099e+00
5.959999999999917364e+00,5.794071565057083717e+01,3.310358014879883459e+00,3.310358014879883459e+00
5.969999999999917151e+00,5.800689824440448206e+01,3.307899208464697427e+00,3.307899208464697427e+00
5.979999999999916938e+00,5.807303173481695779e+01,3.305447696217139075e+00,3.305447696217139075e+00
5.989999999999916724e+00,5.813911626757410289e+01,3.303003466282538714e+00,3.303003466282538714e+00
5.999999999999916511e+00,5.820515198820544356e+01,3.300566506879757611e+00,3.300566506879757611e+00
6.009999999999916298e+00,5.827113904200566452e+01,3.298136806300401513e+00,3.298136806300401513e+00
6.019999999999916085e+00,5.833707757403583827e+01,3.295714352908049705e+00,3.295714352908049705e+00
6.029999999999915872e+00,5.840296772912517298e+01,3.293299135137488065e+00,3.293299135137488065e+00
6.039999999999915659e+00,5.846880965187220625e+01,3.290891141493919925e+00,3.290891141493919925e+00
6.049999999999915445e+00,5.853460348664630430e+01,3.288490360552226655e+00,3.288490360552226655e+00
6.059999999999915232e+00,5.860034937758894813e+01,3.286096780956198060e+00,3.286096780956198060e+00
6.069999999999915019e+00,5.866604746861522557e+01,3.283710391417794749e+00,3.283710391417794749e+00
6.079999999999914806e+00,5.873169790341513163e+01,3.281331180716380747e+00,3.281331180716380747e+00
6.089999999999914593e+00,5.879730082545496117e+01,3.278959137697977422e+00,3.278959137697977422e+00
6.099999999999914380e+00,5.886285637797848835e+01,3.276594251274524527e+00,3.276594251274524527e+00
6.109999999999914166e+00,5.892836470400846594e+01,3.274236510423148339e+00,3.274236510423148339e+00
6.119999999999913953e+00,5.899382594634771237e+01,3.271885904185417804e+00,3.271885904185417804e+00
6.129999999999913740e+00,5.905924024758066793e+01,3.269542421666611354e+00,3.269542421666611354e+00
6.139999999999913527e+00,5.912460775007438230e+01,3.267206052034990371e+00,3.267206052034990371e+00
6.149999999999913314e+00,5.918992859597990730e+01,3.264876784521090425e+00,3.264876784521090425e+00
6.159999999999913101e+00,5.925520292723363980e+01,3.262554608417005841e+00,3.262554608417005841e+00
6.169999999999912887e+00,5.932043088555822408e+01,3.260239513075640971e+00,3.260239513075640971e+00
6.179999999999912674e+00,5.938561261246415768e+01,3.257931487910031620e+00,3.257931487910031620e+00
6.189999999999912461e+00,5.945074824925063695e+01,3.255630522392630510e+00,3.255630522392630510e+00
6.199999999999912248e+00,5.951583793700694258e+01,3.253336606054597180e+00,3.253336606054597180e+00
6.209999999999912035e+00,5.958088181661361915e+01,3.251049728485116752e+00,3.251049728485116752e+00
6.219999999999911822e+00,5.964588002874348405e+01,3.248769879330696941e+00,3.248769879330696941e+00
6.229999999999911608e+00,5.971083271386289226e+01,3.246497048294459287e+00,3.246497048294459287e+00
6.239999999999911395e+00,5.977574001223277378e+01,3.244231225135487229e+00,3.244231225135487229e+00
6.249999999999911182e+00,5.984060206390985570e+01,3.241972399668122229e+00,3.241972399668122229e+00
6.259999999999910969e+00,5.990541900874765702e+01,3.239720561761282536e+00,3.239720561761282536e+00
6.269999999999910756e+00,5.997019098639758994e+01,3.237475701337814815e+00,3.237475701337814815e+00
6.279999999999910543e+00,6.003491813631010388e+01,3.235237808373799595e+00,3.235237808373799595e+00
6.289999999999910330e+00,6.009960059773565177e+01,3.233006872897889128e+00,3.233006872897889128e+00
6.299999999999910116e+00,6.016423850972581278e+01,3.230782884990649695e+00,3.230782884990649695e+00
6.309999999999909903e+00,6.022883201113427276e+01,3.228565834783902133e+00,3.228565834783902133e+00
6.319999999999909690e+00,6.029338124061781201e+01,3.226355712460071246e+00,3.226355712460071246e+00
6.329999999999909477e+00,6.035788633663741365e+01,3.224152508251555638e+00,3.224152508251555638e+00
6.339999999999909264e+00,6.042234743745919445e+01,3.221956212440042933e+00,3.221956212440042933e+00
6.349999999999909051e+00,6.048676468115536409e+01,3.219766815355888046e+00,3.219766815355888046e+00
6.359999999999908837e+00,6.055113820560524118e+01,3.217584307377487018e+00,3.217584307377487018e+00
6.369999999999908624e+00,6.061546814849616283e+01,3.215408678930625097e+00,3.215408678930625097e+00
6.379999999999908411e+00,6.067975464732447222e+01,3.213239920487843015e+00,3.213239920487843015e+00
6.389999999999908198e+00,6.074399783939636421e+01,3.211078022567827261e+00,3.211078022567827261e+00
6.399999999999907985e+00,6.080819786182896536e+01,3.208922975734805227e+00,3.208922975734805227e+00
6.409999999999907772e+00,6.087235485155102310e+01,3.206774770597895508e+00,3.206774770597895508e+00
6.419999999999907558e+00,6.093646894530397873e+01,3.204633397810513262e+00,3.204633397810513262e+00
6.429999999999907345e+00,6.100054027964274894e+01,3.202498848069737836e+00,3.202498848069737836e+00
6.439999999999907132e+00,6.106456899093661406e+01,3.200371112115745209e+00,3.200371112115745209e+00
6.449999999999906919e+00,6.112855521537011327e+01,3.198250180731172954e+00,3.198250180731172954e+00
6.459999999999906706e+00,6.119249908894383339e+01,3.196136044740539806e+00,3.196136044740539806e+00
6.469999999999906493e+00,6.125640074747523300e+01,3.194028695009663021e+00,3.194028695009663021e+00
6.479999999999906279e+00,6.132026032659951653e+01,3.191928122445029103e+00,3.191928122445029103e+00
6.489999999999906066e+00,6.138407796177045128e+01,3.189834317993261781e+00,3.189834317993261781e+00
6.499999999999905853e+00,6.144785378826109223e+01,3.187747272640495400e+00,3.187747272640495400e+00
6.509999999999905640e+00,6.151158794116463469e+01,3.185666977411818479e+00,3.185666977411818479e+00
6.519999999999905427e+00,6.157528055539507506e+01,3.183593423370719044e+00,3.183593423370719044e+00
6.529999999999905214e+00,6.163893176568815591e+01,3.181526601618474892e+00,3.181526601618474892e+00
6.539999999999905000e+00,6.170254170660194859e+01,3.179466503293602475e+00,3.179466503293602475e+00
6.549999999999904787e+00,6.176611051251769879e+01,3.177413119571330657e+00,3.177413119571330657e+00
6.559999999999904574e+00,6.182963831764049445e+01,3.175366441662995864e+00,3.175366441662995864e+00
6.569999999999904361e+00,6.189312525600001891e+01,3.173326460815494521e+00,3.173326460815494521e+00
6.579999999999904148e+00,6.195657146145119754e+01,3.171293168310762578e+00,3.171293168310762578e+00
6.589999999999903935e+00,6.201997706767507168e+01,3.169266555465214186e+00,3.169266555465214186e+00
6.599999999999903721e+00,6.208334220817911842e+01,3.167246613629178587e+00,3.167246613629178587e+00
6.609999999999903508e+00,6.214666701629837320e+01,3.165233334186393854e+00,3.165233334186393854e+00
6.619999999999903295e+00,6.220995162519574251e+01,3.163226708553461108e+00,3.163226708553461108e+00
6.629999999999903082e+00,6.227319616786284939e+01,3.161226728179294732e+00,3.161226728179294732e+00
6.639999999999902869e+00,6.233640077712055216e+01,3.159233384544641421e+00,3.159233384544641421e+00
6.649999999999902656e+00,6.239956558561969047e+01,3.157246669161525077e+00,3.157246669161525077e+00
6.659999999999902442e+00,6.246269072584163951e+01,3.155266573572697020e+00,3.155266573572697020e+00
6.669999999999902229e+00,6.252577633009889979e+01,3.153293089351192791e+00,3.153293089351192791e+00
6.679999999999902016e+00,6.258882253053575084e+01,3.151326208099782811e+00,3.151326208099782811e+00
6.689999999999901803e+00,6.265182945912883383e+01,3.149365921450453243e+00,3.149365921450453243e+00
6.699999999999901590e+00,6.271479724768767738e+01,3.147412221063924154e+00,3.147412221063924154e+00
6.709999999999901377e+00,6.277772602785532285e+01,3.145465098629139700e+00,3.145465098629139700e+00
6.719999999999901164e+00,6.284061593110882882e+01,3.143524545862770303e+00,3.143524545862770303e+00
6.729999999999900950e+00,6.290346708875996029e+01,3.141590554508717492e+00,3.141590554508717492e+00
6.739999999999900737e+00,6.296627963195550137e+01,3.139663116337635174e+00,3.139663116337635174e+00
6.749999999999900524e+00,6.302905369167800842e+01,3.137742223146442022e+00,3.137742223146442022e+00
6.759999999999900311e+00,6.309178939874616532e+01,3.135827866757837867e+00,3.135827866757837867e+00
6.769999999999900098e+00,6.315448688381539455e+01,3.133920039019827186e+00,3.133920039019827186e+00
6.779999999999899885e+00,6.321714627737829773e+01,3.132018731805242151e+00,3.132018731805242151e+00
6.789999999999899671e+00,6.327976770976523113e+01,3.130123937011276780e+00,3.130123937011276780e+00
6.799999999999899458e+00,6.334235131114460415e+01,3.128235646559008210e+00,3.128235646559008210e+00
6.809999999999899245e+00,6.340489721152366087e+01,3.126353852392945942e+00,3.126353852392945942e+00
6.819999999999899032e+00,6.346740554074865059e+01,3.124478546480568220e+00,3.124478546480568220e+00
6.829999999999898819e+00,6.352987642850538919e+01,3.122609720811885481e+00,3.122609720811885481e+00
6.839999999999898606e+00,6.359231000431974223e+01,3.120747367398962968e+00,3.120747367398962968e+00
6.849999999999898392e+00,6.365470639755799453e+01,3.118891478275466866e+00,3.118891478275466866e+00
6.859999999999898179e+00,6.371706573742740431e+01,3.117042045496234426e+00,3.117042045496234426e+00
6.869999999999897966e+00,6.377938815297644481e+01,3.115199061136837422e+00,3.115199061136837422e+00
6.879999999999897753e+00,6.384167377309530167e+01,3.113362517293132736e+00,3.113362517293132736e+00
6.889999999999897540e+00,6.390392272651637740e+01,3.111532406080836477e+00,3.111532406080836477e+00
6.899999999999897327e+00,6.396613514181440507e+01,3.109708719635085217e+00,3.109708719635085217e+00
6.909999999999897113e+00,6.402831114740713758e+01,3.107891450110011444e+00,3.107891450110011444e+00
6.919999999999896900e+00,6.409045087155558917e+01,3.106080589678329229e+00,3.106080589678329229e+00
6.929999999999896687e+00,6.415255444236437654e+01,3.104276130530893685e+00,3.104276130530893685e+00
6.939999999999896474e+00,6.421462198778209540e+01,3.102478064876288855e+00,3.102478064876288855e+00
6.949999999999896261e+00,6.427665363560168998e+01,3.100686384940443130e+00,3.100686384940443130e+00
6.959999999999896048e+00,6.433864951346082250e+01,3.098901082966214471e+00,3.098901082966214471e+00
6.969999999999895834e+00,6.440060974884215739e+01,3.097122151212927665e+00,3.097122151212927665e+00
6.979999999999895621e+00,6.446253446907365969e+01,3.095349581955994633e+00,3.095349581955994633e+00
6.989999999999895408e+00,6.452442380132907829e+01,3.093583367486580027e+00,3.093583367486580027e+00
6.999999999999895195e+00,6.458627787262798847e+01,3.091823500111134937e+00,3.091823500111134937e+00
7.009999999999894982e+00,6.464809680983631779e+01,3.090069972151029187e+00,3.090069972151029187e+00
7.019999999999894769e+00,6.470988073966657339e+01,3.088322775942152543e+00,3.088322775942152543e+00
7.029999999999894555e+00,6.477162978867812626e+01,3.086581903834524354e+00,3.086581903834524354e+00
7.039999999999894342e+00,6.483334408327739595e+01,3.084847348191928074e+00,3.084847348191928074e+00
7.049999999999894129e+00,6.489502374971831955e+01,3.083119101391537775e+00,3.083119101391537775e+00
7.059999999999893916e+00,6.495666891410242272e+01,3.081397155823513589e+00,3.081397155823513589e+00
7.069999999999893703e+00,6.501827970237924603e+01,3.079681503890645988e+00,3.079681503890645988e+00
7.079999999999893490e+00,6.507985624034640182e+01,3.077972138007988079e+00,3.077972138007988079e+00
7.089999999999893276e+00,6.514139865364997206e+01,3.076269050602472355e+00,3.076269050602472355e+00
7.099999999999893063e+00,6.520290706778474998e+01,3.074572234112553204e+00,3.074572234112553204e+00
7.109999999999892850e+00,6.526438160809428268e+01,3.072881680987867625e+00,3.072881680987867625e+00
7.119999999999892637e+00,6.532582239977129746e+01,3.071197383688867077e+00,3.071197383688867077e+00
7.129999999999892424e+00,6.538722956785781548e+01,3.069519334686452883e+00,3.069519334686452883e+00
7.139999999999892211e+00,6.544860323724539342e+01,3.067847526461640495e+00,3.067847526461640495e+00
7.149999999999891998e+00,6.550994353267529391e+01,3.066181951505204673e+00,3.066181951505204673e+00
7.159999999999891784e+00,6.557125057873861351e+01,3.064522602317336641e+00,3.064522602317336641e+00
7.169999999999891571e+00,6.563252449987669479e+01,3.062869471407300370e+00,3.062869471407300370e+00
7.179999999999891358e+00,6.569376542038101263e+01,3.061222551293109717e+00,3.061222551293109717e+00
7.189999999999891145e+00,6.575497346439352953e+01,3.059581834501172271e+00,3.059581834501172271e+00
7.199999999999890932e+00,6.581614875590682345e+01,3.057947313565964720e+00,3.057947313565964720e+00
7.209999999999890719e+00,6.587729141876425842e+01,3.056318981029713555e+00,3.056318981029713555e+00
7.219999999999890505e+00,6.593840157666004131e+01,3.054696829442071326e+00,3.054696829442071326e+00
7.229999999999890292e+00,6.599947935313950609e+01,3.053080851359784909e+00,3.053080851359784909e+00
7.239999999999890079e+00,6.606052487159921327e+01,3.051471039346377090e+00,3.051471039346377090e+00
7.249999999999889866e+00,6.612153825528693574e+01,3.049867385971833045e+00,3.049867385971833045e+00
7.259999999999889653e+00,6.618251962730205662e+01,3.048269883812285919e+00,3.048269883812285919e+00
7.269999999999889440e+00,6.624346911059539877e+01,3.046678525449712627e+00,3.046678525449712627e+00
7.279999999999889226e+00,6.630438682796955163e+01,3.045093303471615886e+00,3.045093303471615886e+00
7.289999999999889013e+00,6.636527290207895646e+01,3.043514210470737780e+00,3.043514210470737780e+00
7.299999999999888800e+00,6.642612745542984953e+01,3.041941239044747558e+00,3.041941239044747558e+00
7.309999999999888587e+00,6.648695061038047527e+01,3.040374381795936554e+00,3.040374381795936554e+00
7.319999999999888374e+00,6.654774248914128520e+01,3.038813631330930409e+00,3.038813631330930409e+00
7.329999999999888161e+00,6.660850321377475325e+01,3.037258980260393759e+00,3.037258980260393759e+00
7.339999999999887947e+00,6.666923290619567410e+01,3.035710421198753561e+00,3.035710421198753561e+00
7.349999999999887734e+00,6.672993168817114906e+01,3.034167946763897561e+00,3.034167946763897561e+00
7.359999999999887521e+00,6.679059968132069969e+01,3.032631549576905172e+00,3.032631549576905172e+00
7.369999999999887308e+00,6.685123700711625361e+01,3.031101222261749495e+00,3.031101222261749495e+00
7.379999999999887095e+00,6.691184378688221557e+01,3.029576957445024199e+00,3.029576957445024199e+00
7.389999999999886882e+00,6.697242014179563796e+01,3.028058747755686841e+00,3.028058747755686841e+00
7.399999999999886668e+00,6.703296619288606450e+01,3.026546585824760438e+00,3.026546585824760438e+00
7.409999999999886455e+00,6.709348206103581447e+01,3.025040464285071895e+00,3.025040464285071895e+00
7.419999999999886242e+00,6.715396786697974107e+01,3.023540375771000210e+00,3.023540375771000210e+00
7.429999999999886029e+00,6.721442373130540204e+01,3.022046312918203803e+00,3.022046312918203803e+00
7.439999999999885816e+00,6.727484977445315906e+01,3.020558268363353172e+00,3.020558268363353172e+00
7.449999999999885603e+00,6.733524611671606408e+01,3.019076234743883091e+00,3.019076234743883091e+00
7.459999999999885389e+00,6.739561287823993041e+01,3.017600204697720834e+00,3.017600204697720834e+00
7.469999999999885176e+00,6.745595017902334689e+01,3.016130170863053905e+00,3.016130170863053905e+00
7.479999999999884963e+00,6.751625813891763528e+01,3.014666125878067593e+00,3.014666125878067593e+00
7.489999999999884750e+00,6.757653687762686445e+01,3.013208062380710928e+00,3.013208062380710928e+00
7.499999999999884537e+00,6.763678651470789305e+01,3.011755973008420018e+00,3.011755973008420018e+00
7.509999999999884324e+00,6.769700716957028419e+01,3.010309850397899112e+00,3.010309850397899112e+00
7.519999999999884110e+00,6.775719896147637655e+01,3.008869687184907882e+00,3.008869687184907882e+00
7.529999999999883897e+00,6.781736200954111382e+01,3.007435476003981201e+00,3.007435476003981201e+00
7.539999999999883684e+00,6.787749643273227207e+01,3.006007209488202658e+00,3.006007209488202658e+00
7.549999999999883471e+00,6.793760234987011870e+01,3.004584880268974523e+00,3.004584880268974523e+00
7.559999999999883258e+00,6.799767987962755456e+01,3.003168480975821453e+00,3.003168480975821453e+00
7.569999999999883045e+00,6.805772914053008549e+01,3.001758004236125377e+00,3.001758004236125377e+00
7.579999999999882832e+00,6.811775025095573710e+01,3.000353442674901672e+00,3.000353442674901672e+00
7.589999999999882618e+00,6.817774332913506896e+01,2.998954788914612202e+00,2.998954788914612202e+00
7.599999999999882405e+00,6.823770849315083353e+01,2.997562035574910411e+00,2.997562035574910411e+00
7.609999999999882192e+00,6.829764586093847356e+01,2.996175175272437485e+00,2.996175175272437485e+00
7.619999999999881979e+00,6.835755555028541153e+01,2.994794200620635838e+00,2.994794200620635838e+00
7.629999999999881766e+00,6.841743767883154703e+01,2.993419104229504413e+00,2.993419104229504413e+00
7.639999999999881553e+00,6.847729236406875941e+01,2.992049878705384636e+00,2.992049878705384636e+00
7.649999999999881339e+00,6.853711972334117775e+01,2.990686516650781002e+00,2.990686516650781002e+00
7.659999999999881126e+00,6.859691987384479717e+01,2.989329010664159014e+00,2.989329010664159014e+00
7.669999999999880913e+00,6.865669293262757833e+01,2.987977353339718256e+00,2.987977353339718256e+00
7.679999999999880700e+00,6.871643901658940479e+01,2.986631537267187664e+00,2.986631537267187664e+00
7.689999999999880487e+00,6.877615824248181298e+01,2.985291555031681199e+00,2.985291555031681199e+00
7.699999999999880274e+00,6.883585072690800644e+01,2.983957399213455375e+00,2.983957399213455375e+00
7.709999999999880060e+00,6.889551658632277054e+01,2.982629062387719632e+00,2.982629062387719632e+00
7.719999999999879847e+00,6.895515593703228774e+01,2.981306537124502221e+00,2.981306537124502221e+00
7.729999999999879634e+00,6.901476889519412339e+01,2.979989815988397961e+00,2.979989815988397961e+00
7.739999999999879421e+00,6.907435557681708360e+01,2.978678891538393270e+00,2.978678891538393270e+00
7.749999999999879208e+00,6.913391609776107316e+01,2.977373756327712062e+00,2.977373756327712062e+00
7.759999999999878995e+00,6.919345057373703867e+01,2.976074402903637228e+00,2.976074402903637228e+00
7.769999999999878781e+00,6.925295912030674117e+01,2.974780823807315233e+00,2.974780823807315233e+00
7.779999999999878568e+00,6.931244185288275617e+01,2.973493011573572264e+00,2.973493011573572264e+00
7.789999999999878355e+00,6.937189888672823201e+01,2.972210958730761465e+00,2.972210958730761465e+00
7.799999999999878142e+00,6.943133033695690415e+01,2.970934657800585743e+00,2.970934657800585743e+00
7.809999999999877929e+00,6.949073631853281086e+01,2.969664101297924130e+00,2.969664101297924130e+00
7.819999999999877716e+00,6.955011694627017960e+01,2.968399281730680350e+00,2.968399281730680350e+00
7.829999999999877502e+00,6.960947233483344121e+01,2.967140191599606069e+00,2.967140191599606069e+00
7.839999999999877289e+00,6.966880259873686043e+01,2.965886823398141026e+00,2.965886823398141026e+00
7.849999999999877076e+00,6.972810785234447906e+01,2.964639169612260261e+00,2.964639169612260261e+00
7.859999999999876863e+00,6.978738820987007330e+01,2.963397222720323576e+00,2.963397222720323576e+00
7.869999999999876650e+00,6.984664378537682694e+01,2.962160975192887680e+00,2.962160975192887680e+00
7.879999999999876437e+00,6.990587469277731714e+01,2.960930419492565857e+00,2.960930419492565857e+00
7.889999999999876223e+00,6.996508104583331544e+01,2.959705548073919168e+00,2.959705548073919168e+00
7.899999999999876010e+00,7.002426295815538992e+01,2.958486353383277478e+00,2.958486353383277478e+00
7.909999999999875797e+00,7.008342054320328884e+01,2.957272827858567599e+00,2.957272827858567599e+00
7.919999999999875584e+00,7.014255391428510222e+01,2.956064963929202261e+00,2.956064963929202261e+00
7.929999999999875371e+00,7.020166318455761711e+01,2.954862754015920245e+00,2.954862754015920245e+00
7.939999999999875158e+00,7.026074846702584864e+01,2.953666190530662039e+00,2.953666190530662039e+00
7.949999999999874944e+00,7.031980987454305421e+01,2.952475265876450372e+00,2.952475265876450372e+00
7.959999999999874731e+00,7.037884751981043507e+01,2.951289972447204590e+00,2.951289972447204590e+00
7.969999999999874518e+00,7.043786151537689477e+01,2.950110302627640735e+00,2.950110302627640735e+00
7.979999999999874305e+00,7.049685197363898226e+01,2.948936248793111226e+00,2.948936248793111226e+00
7.989999999999874092e+00,7.055581900684073560e+01,2.947767803309523593e+00,2.947767803309523593e+00
7.999999999999873879e+00,7.061476272707319879e+01,2.946604958533161511e+00,2.946604958533161511e+00
8.009999999999873666e+00,7.067368324627472020e+01,2.945447706810593314e+00,2.945447706810593314e+00
8.019999999999873452e+00,7.073258067623024203e+01,2.944296040478544096e+00,2.944296040478544096e+00
8.029999999999873239e+00,7.079145512857157030e+01,2.943149951863758940e+00,2.943149951863758940e+00
8.039999999999873026e+00,7.085030671477666431e+01,2.942009433282885222e+00,2.942009433282885222e+00
8.049999999999872813e+00,7.090913554616992087e+01,2.940874477042368706e+00,2.940874477042368706e+00
8.059999999999872600e+00,7.096794173392174798e+01,2.939745075438337185e+00,2.939745075438337185e+00
8.069999999999872387e+00,7.102672538904822375e+01,2.938621220756472585e+00,2.938621220756472585e+00
8.079999999999872173e+00,7.108548662241122429e+01,2.937502905271916376e+00,2.937502905271916376e+00
8.089999999999871960e+00,7.114422554471781268e+01,2.936390121249136342e+00,2.936390121249136342e+00
8.099999999999871747e+00,7.120294226652049474e+01,2.935282860941843541e+00,2.935282860941843541e+00
8.109999999999871534e+00,7.126163689821645164e+01,2.934181116592861738e+00,2.934181116592861738e+00
8.119999999999871321e+00,7.132030955004782413e+01,2.933084880434043917e+00,2.933084880434043917e+00
8.129999999999871108e+00,7.137896033210111568e+01,2.931994144686175474e+00,2.931994144686175474e+00
8.139999999999870894e+00,7.143758935430734880e+01,2.930908901558862745e+00,2.930908901558862745e+00
8.149999999999870681e+00,7.149619672644131185e+01,2.929829143250427759e+00,2.929829143250427759e+00
8.159999999999870468e+00,7.155478255812199961e+01,2.928754861947798105e+00,2.928754861947798105e+00
8.169999999999870255e+00,7.161334695881173218e+01,2.927686049826427439e+00,2.927686049826427439e+00
8.179999999999870042e+00,7.167189003781635392e+01,2.926622699050231535e+00,2.926622699050231535e+00
8.189999999999869829e+00,7.173041190428494929e+01,2.925564801771470602e+00,2.925564801771470602e+00
8.199999999999869615e+00,7.178891266720927433e+01,2.924512350130654692e+00,2.924512350130654692e+00
8.209999999999869402e+00,7.184739243542401255e+01,2.923465336256439340e+00,2.923465336256439340e+00
8.219999999999869189e+00,7.190585131760626325e+01,2.922423752265586483e+00,2.922423752265586483e+00
8.229999999999868976e+00,7.196428942227521475e+01,2.921387590262858769e+00,2.921387590262858769e+00
8.239999999999868763e+00,7.202270685779215853e+01,2.920356842340918302e+00,2.920356842340918302e+00
8.249999999999868550e+00,7.208110373236004875e+01,2.919331500580277794e+00,2.919331500580277794e+00
8.259999999999868336e+00,7.213948015402337433e+01,2.918311557049195759e+00,2.918311557049195759e+00
8.269999999999868123e+00,7.219783623066773259e+01,2.917297003803613009e+00,2.917297003803613009e+00
8.279999999999867910e+00,7.225617207001988618e+01,2.916287832887063391e+00,2.916287832887063391e+00
8.289999999999867697e+00,7.231448777964730823e+01,2.915284036330612061e+00,2.915284036330612061e+00
8.299999999999867484e+00,7.237278346695781295e+01,2.914285606152793306e+00,2.914285606152793306e+00
8.309999999999867271e+00,7.243105923919969769e+01,2.913292534359525732e+00,2.913292534359525732e+00
8.319999999999867057e+00,7.248931520346097557e+01,2.912304812944033650e+00,2.912304812944033650e+00
8.329999999999866844e+00,7.254755146666965970e+01,2.911322433886799566e+00,2.911322433886799566e+00
8.339999999999866631e+00,7.260576813559308107e+01,2.910345389155494455e+00,2.910345389155494455e+00
8.349999999999866418e+00,7.266396531683777482e+01,2.909373670704897386e+00,2.909373670704897386e+00
8.359999999999866205e+00,7.272214311684942345e+01,2.908407270476865758e+00,2.908407270476865758e+00
8.369999999999865992e+00,7.278030164191217466e+01,2.907446180400238944e+00,2.907446180400238944e+00
8.379999999999865778e+00,7.283844099814878348e+01,2.906490392390812083e+00,2.906490392390812083e+00
8.389999999999865565e+00,7.289656129152015751e+01,2.905539898351242378e+00,2.905539898351242378e+00
8.399999999999865352e+00,7.295466262782507272e+01,2.904594690171023785e+00,2.904594690171023785e+00
8.409999999999865139e+00,7.301274511269997447e+01,2.903654759726429724e+00,2.903654759726429724e+00
8.419999999999864926e+00,7.307080885161880701e+01,2.902720098880430921e+00,2.902720098880430921e+00
8.429999999999864713e+00,7.312885394989250187e+01,2.901790699482684754e+00,2.901790699482684754e+00
8.439999999999864500e+00,7.318688051266883576e+01,2.900866553369471745e+00,2.900866553369471745e+00
8.449999999999864286e+00,7.324488864493230267e+01,2.899947652363611628e+00,2.899947652363611628e+00
8.459999999999864073e+00,7.330287845150364490e+01,2.899033988274483331e+00,2.899033988274483331e+00
8.469999999999863860e+00,7.336085003703963991e+01,2.898125552897925505e+00,2.898125552897925505e+00
8.479999999999863647e+00,7.341880350603285876e+01,2.897222338016204546e+00,2.897222338016204546e+00
8.489999999999863434e+00,7.347673896281138184e+01,2.896324335397990168e+00,2.896324335397990168e+00
8.499999999999863221e+00,7.353465651153852889e+01,2.895431536798317218e+00,2.895431536798317218e+00
8.509999999999863007e+00,7.359255625621258901e+01,2.894543933958516391e+00,2.894543933958516391e+00
8.519999999999862794e+00,7.365043830066652220e+01,2.893661518606203131e+00,2.893661518606203131e+00
8.529999999999862581e+00,7.370830274856773201e+01,2.892784282455218570e+00,2.892784282455218570e+00
8.539999999999862368e+00,7.376614970341771027e+01,2.891912217205618418e+00,2.891912217205618418e+00
8.549999999999862155e+00,7.382397926855175285e+01,2.891045314543630784e+00,2.891045314543630784e+00
8.559999999999861942e+00,7.388179154713898811e+01,2.890183566141613536e+00,2.890183566141613536e+00
8.569999999999861728e+00,7.393958664218155263e+01,2.889326963658048530e+00,2.889326963658048530e+00
8.579999999999861515e+00,7.399736465651477602e+01,2.888475498737500313e+00,2.888475498737500313e+00
8.589999999999861302e+00,7.405512569280672608e+01,2.887629163010565936e+00,2.887629163010565936e+00
8.599999999999861089e+00,7.411286985355785362e+01,2.886787948093891387e+00,2.886787948093891387e+00
8.609999999999860876e+00,7.417059724110093555e+01,2.885951845590099207e+00,2.885951845590099207e+00
8.619999999999860663e+00,7.422830795760057754e+01,2.885120847087796925e+00,2.885120847087796925e+00
8.629999999999860449e+00,7.428600210505297241e+01,2.884294944161557073e+00,2.884294944161557073e+00
8.639999999999860236e+00,7.434367978528572962e+01,2.883474128371881662e+00,2.883474128371881662e+00
8.649999999999860023e+00,7.440134109995756262e+01,2.882658391265183528e+00,2.882658391265183528e+00
8.659999999999859810e+00,7.445898615055780567e+01,2.881847724373787223e+00,2.881847724373787223e+00
8.669999999999859597e+00,7.451661503840655598e+01,2.881042119215878383e+00,2.881042119215878383e+00
8.679999999999859384e+00,7.457422786465390629e+01,2.880241567295510841e+00,2.880241567295510841e+00
8.689999999999859170e+00,7.463182473027998753e+01,2.879446060102609284e+00,2.879446060102609284e+00
8.699999999999858957e+00,7.468940573609447142e+01,2.878655589112916413e+00,2.878655589112916413e+00
8.709999999999858744e+00,7.474697098273661311e+01,2.877870145788006262e+00,2.877870145788006262e+00
8.719999999999858531e+00,7.480452057067456906e+01,2.877089721575271319e+00,2.877089721575271319e+00
8.729999999999858318e+00,7.486205460020536862e+01,2.876314307907890555e+00,2.876314307907890555e+00
8.739999999999858105e+00,7.491957317145455875e+01,2.875543896204872052e+00,2.875543896204872052e+00
8.749999999999857891e+00,7.497707638437593403e+01,2.874778477871016147e+00,2.874778477871016147e+00
8.759999999999857678e+00,7.503456433875119558e+01,2.874018044296885677e+00,2.874018044296885677e+00
8.769999999999857465e+00,7.509203713418978055e+01,2.873262586858822853e+00,2.873262586858822853e+00
8.779999999999857252e+00,7.514949487012847840e+01,2.872512096918971469e+00,2.872512096918971469e+00
8.789999999999857039e+00,7.520693764583110408e+01,2.871766565825267126e+00,2.871766565825267126e+00
8.799999999999856826e+00,7.526436556038839853e+01,2.871025984911406148e+00,2.871025984911406148e+00
8.809999999999856612e+00,7.532177871271760239e+01,2.870290345496851359e+00,2.870290345496851359e+00
8.819999999999856399e+00,7.537917720156212908e+01,2.869559638886869379e+00,2.869559638886869379e+00
8.829999999999856186e+00,7.543656112549146542e+01,2.868833856372499547e+00,2.868833856372499547e+00
8.839999999999855973e+00,7.549393058290071679e+01,2.868112989230567234e+00,2.868112989230567234e+00
8.849999999999855760e+00,7.555128567201033718e+01,2.867397028723706498e+00,2.867397028723706498e+00
8.859999999999855547e+00,7.560862649086598708e+01,2.866685966100349869e+00,2.866685966100349869e+00
8.869999999999855333e+00,7.566595313733803607e+01,2.865979792594725239e+00,2.865979792594725239e+00
8.879999999999855120e+00,7.572326570912154864e+01,2.865278499426878511e+00,2.865278499426878511e+00
8.889999999999854907e+00,7.578056430373565888e+01,2.864582077802701132e+00,2.864582077802701132e+00
8.899999999999854694e+00,7.583784901852368421e+01,2.863890518913923433e+00,2.863890518913923433e+00
8.909999999999854481e+00,7.589511995065238636e+01,2.863203813938111519e+00,2.863203813938111519e+00
8.919999999999854268e+00,7.595237719711218460e+01,2.862521954038706795e+00,2.862521954038706795e+00
8.929999999999854055e+00,7.600962085471644514e+01,2.861844930365046835e+00,2.861844930365046835e+00
8.939999999999853841e+00,7.606685102010149535e+01,2.861172734052350286e+00,2.861172734052350286e+00
8.949999999999853628e+00,7.612406778972608379e+01,2.860505356221743067e+00,2.860505356221743067e+00
8.959999999999853415e+00,7.618127125987145121e+01,2.859842787980293011e+00,2.859842787980293011e+00
8.969999999999853202e+00,7.623846152664062004e+01,2.859185020421019630e+00,2.859185020421019630e+00
8.979999999999852989e+00,7.629563868595846543e+01,2.858532044622895008e+00,2.858532044622895008e+00
8.989999999999852776e+00,7.635280283357118947e+01,2.857883851650902862e+00,2.857883851650902862e+00
8.999999999999852562e+00,7.640995406504629273e+01,2.857240432556031440e+00,2.857240432556031440e+00
9.009999999999852349e+00,7.646709247577209112e+01,2.856601778375322365e+00,2.856601778375322365e+00
9.019999999999852136e+00,7.652421816095743168e+01,2.855967880131864423e+00,2.855967880131864423e+00
9.029999999999851923e+00,7.658133121563159307e+01,2.855338728834835305e+00,2.855338728834835305e+00
9.039999999999851710e+00,7.663843173464383085e+01,2.854714315479526920e+00,2.854714315479526920e+00
9.049999999999851497e+00,7.669551981266313589e+01,2.854094631047366271e+00,2.854094631047366271e+00
9.059999999999851283e+00,7.675259554417810648e+01,2.853479666505967849e+00,2.853479666505967849e+00
9.069999999999851070e+00,7.680965902349640828e+01,2.852869412809119876e+00,2.852869412809119876e+00
9.079999999999850857e+00,7.686671034474476016e+01,2.852263860896862901e+00,2.852263860896862901e+00
9.089999999999850644e+00,7.692374960186846522e+01,2.851663001695487587e+00,2.851663001695487587e+00
9.099999999999850431e+00,7.698077688863128287e+01,2.851066826117565789e+00,2.851066826117565789e+00
9.109999999999850218e+00,7.703779229861500255e+01,2.850475325062027387e+00,2.850475325062027387e+00
9.119999999999850004e+00,7.709479592521938685e+01,2.849888489414147852e+00,2.849888489414147852e+00
9.129999999999849791e+00,7.715178786166151781e+01,2.849306310045589097e+00,2.849306310045589097e+00
9.139999999999849578e+00,7.720876820097608118e+01,2.848728777814455881e+00,2.848728777814455881e+00
9.149999999999849365e+00,7.726573703601452792e+01,2.848155883565302915e+00,2.848155883565302915e+00
9.159999999999849152e+00,7.732269445944531583e+01,2.847587618129223674e+00,2.847587618129223674e+00
9.169999999999848939e+00,7.737964056375309951e+01,2.847023972323856178e+00,2.847023972323856178e+00
9.179999999999848725e+00,7.743657544123894354e+01,2.846464936953393643e+00,2.846464936953393643e+00
9.189999999999848512e+00,7.749349918401982507e+01,2.845910502808692399e+00,2.845910502808692399e+00
9.199999999999848299e+00,7.755041188402846331e+01,2.845360660667269670e+00,2.845360660667269670e+00
9.209999999999848086e+00,7.760731363301282215e+01,2.844815401293355528e+00,2.844815401293355528e+00
9.219999999999847873e+00,7.766420452253609596e+01,2.844274715437924428e+00,2.844274715437924428e+00
9.229999999999847660e+00,7.772108464397648220e+01,2.843738593838761375e+00,2.843738593838761375e+00
9.239999999999847446e+00,7.777795408852665560e+01,2.843207027220495675e+00,2.843207027220495675e+00
9.249999999999847233e+00,7.783481294719371135e+01,2.842680006294653339e+00,2.842680006294653339e+00
9.259999999999847020e+00,7.789166131079879563e+01,2.842157521759702821e+00,2.842157521759702821e+00
9.269999999999846807e+00,7.794849926997696343e+01,2.841639564301093657e+00,2.841639564301093657e+00
9.279999999999846594e+00,7.800532691517682338e+01,2.841126124591319968e+00,2.841126124591319968e+00
9.289999999999846381e+00,7.806214433666022501e+01,2.840617193289957765e+00,2.840617193289957765e+00
9.299999999999846167e+00,7.811895162450223040e+01,2.840112761043732448e+00,2.840112761043732448e+00
9.309999999999845954e+00,7.817574886859050309e+01,2.839612818486541013e+00,2.839612818486541013e+00
9.319999999999845741e+00,7.823253615862549282e+01,2.839117356239521328e+00,2.839117356239521328e+00
9.329999999999845528e+00,7.828931358411972496e+01,2.838626364911124078e+00,2.838626364911124078e+00
9.339999999999845315e+00,7.834608123439795691e+01,2.838139835097139851e+00,2.838139835097139851e+00
9.349999999999845102e+00,7.840283919859660955e+01,2.837657757380777745e+00,2.837657757380777745e+00
9.359999999999844889e+00,7.845958756566358261e+01,2.837180122332681353e+00,2.837180122332681353e+00
9.369999999999844675e+00,7.851632642435825460e+01,2.836706920511025576e+00,2.836706920511025576e+00
9.379999999999844462e+00,7.857305586325087177e+01,2.836238142461561917e+00,2.836238142461561917e+00
9.389999999999844249e+00,7.862977597072261915e+01,2.835773778717652238e+00,2.835773778717652238e+00
9.399999999999844036e+00,7.868648683496508056e+01,2.835313819800370450e+00,2.835313819800370450e+00
9.409999999999843823e+00,7.874318854398018175e+01,2.834858256218546479e+00,2.834858256218546479e+00
9.419999999999843610e+00,7.879988118557993459e+01,2.834407078468801799e+00,2.834407078468801799e+00
9.429999999999843396e+00,7.885656484738618133e+01,2.833960277035611153e+00,2.833960277035611153e+00
9.439999999999843183e+00,7.891323961683022503e+01,2.833517842391415797e+00,2.833517842391415797e+00
9.449999999999842970e+00,7.896990558115285808e+01,2.833079764996660366e+00,2.833079764996660366e+00
9.459999999999842757e+00,7.902656282740370841e+01,2.832646035299818621e+00,2.832646035299818621e+00
9.469999999999842544e+00,7.908321144244156642e+01,2.832216643737489381e+00,2.832216643737489381e+00
9.479999999999842331e+00,7.913985151293363174e+01,2.831791580734499547e+00,2.831791580734499547e+00
9.489999999999842117e+00,7.919648312535548484e+01,2.831370836703896998e+00,2.831370836703896998e+00
9.499999999999841904e+00,7.925310636599091652e+01,2.830954402047053620e+00,2.830954402047053620e+00
9.509999999999841691e+00,7.930972132093164362e+01,2.830542267153723479e+00,2.830542267153723479e+00
9.519999999999841478e+00,7.936632807607698226e+01,2.830134422402122318e+00,2.830134422402122318e+00
9.529999999999841265e+00,7.942292671713371988e+01,2.829730858158991502e+00,2.829730858158991502e+00
9.539999999999841052e+00,7.947951732961585947e+01,2.829331564779669073e+00,2.829331564779669073e+00
9.549999999999840838e+00,7.953609999884450588e+01,2.828936532608151477e+00,2.828936532608151477e+00
9.559999999999840625e+00,7.959267480994732580e+01,2.828545751977172618e+00,2.828545751977172618e+00
9.569999999999840412e+00,7.964924184785873251e+01,2.828159213208270462e+00,2.828159213208270462e+00
9.579999999999840199e+00,7.970580119731930324e+01,2.827776906611866092e+00,2.827776906611866092e+00
9.589999999999839986e+00,7.976235294287576494e+01,2.827398822487316554e+00,2.827398822487316554e+00
9.599999999999839773e+00,7.981889716888080955e+01,2.827024951122995233e+00,2.827024951122995233e+00
9.609999999999839559e+00,7.987543395949258240e+01,2.826655282796389113e+00,2.826655282796389113e+00
9.619999999999839346e+00,7.993196339867485278e+01,2.826289807774159613e+00,2.826289807774159613e+00
9.629999999999839133e+00,7.998848557019655914e+01,2.825928516312214533e+00,2.825928516312214533e+00
9.639999999999838920e+00,8.004500055763162436e+01,2.825571398655776001e+00,2.825571398655776001e+00
9.649999999999838707e+00,8.010150844435878525e+01,2.825218445039463511e+00,2.825218445039463511e+00
9.659999999999838494e+00,8.015800931356136516e+01,2.824869645687375197e+00,2.824869645687375197e+00
9.669999999999838280e+00,8.021450324822704658e+01,2.824524990813167324e+00,2.824524990813167324e+00
9.679999999999838067e+00,8.027099033114770066e+01,2.824184470620142662e+00,2.824184470620142662e+00
9.689999999999837854e+00,8.032747064491917399e+01,2.823848075301292671e+00,2.823848075301292671e+00
9.699999999999837641e+00,8.038394427194101866e+01,2.823515795039400089e+00,2.823515795039400089e+00
9.709999999999837428e+00,8.044041129441639271e+01,2.823187620007146403e+00,2.823187620007146403e+00
9.719999999999837215e+00,8.049687179435177597e+01,2.822863540367151813e+00,2.822863540367151813e+00
9.729999999999837001e+00,8.055332585355678532e+01,2.822543546272072934e+00,2.822543546272072934e+00
9.739999999999836788e+00,8.060977355364403252e+01,2.822227627864678734e+00,2.822227627864678734e+00
9.749999999999836575e+00,8.066621497602888269e+01,2.821915775277926919e+00,2.821915775277926919e+00
9.759999999999836362e+00,8.072265020192921270e+01,2.821607978635068292e+00,2.821607978635068292e+00
9.769999999999836149e+00,8.077907931236526906e+01,2.821304228049730689e+00,2.821304228049730689e+00
9.779999999999835936e+00,8.083550238815952582e+01,2.821004513625990029e+00,2.821004513625990029e+00
9.789999999999835723e+00,8.089191950993648561e+01,2.820708825458460911e+00,2.820708825458460911e+00
9.799999999999835509e+00,8.094833075812229595e+01,2.820417153632354790e+00,2.820417153632354790e+00
9.809999999999835296e+00,8.100473621294476345e+01,2.820129488223610092e+00,2.820129488223610092e+00
9.819999999999835083e+00,8.106113595443328279e+01,2.819845819298970824e+00,2.819845819298970824e+00
9.829999999999834870e+00,8.111753006241823982e+01,2.819566136916054067e+00,2.819566136916054067e+00
9.839999999999834657e+00,8.117391861653125318e+01,2.819290431123435692e+00,2.819290431123435692e+00
9.849999999999834444e+00,8.123030169620481900e+01,2.819018691960749390e+00,2.819018691960749390e+00
9.859999999999834230e+00,8.128667938067196985e+01,2.818750909458791476e+00,2.818750909458791476e+00
9.869999999999834017e+00,8.134305174896651636e+01,2.818487073639579954e+00,2.818487073639579954e+00
9.879999999999833804e+00,8.139941887992236502e+01,2.818227174516469979e+00,2.818227174516469979e+00
9.889999999999833591e+00,8.145578085217383091e+01,2.817971202094235572e+00,2.817971202094235572e+00
9.899999999999833378e+00,8.151213774415505497e+01,2.817719146369150440e+00,2.817719146369150440e+00
9.909999999999833165e+00,8.156848963410017461e+01,2.817470997329086124e+00,2.817470997329086124e+00
9.919999999999832951e+00,8.162483660004281205e+01,2.817226744953607476e+00,2.817226744953607476e+00
9.929999999999832738e+00,8.168117871981628753e+01,2.816986379214051261e+00,2.816986379214051261e+00
9.939999999999832525e+00,8.173751607105317873e+01,2.816749890073642071e+00,2.816749890073642071e+00
9.949999999999832312e+00,8.179384873118523558e+01,2.816517267487592235e+00,2.816517267487592235e+00
9.959999999999832099e+00,8.185017677744322384e+01,2.816288501403140021e+00,2.816288501403140021e+00
9.969999999999831886e+00,8.190650028685685413e+01,2.816063581759697954e+00,2.816063581759697954e+00
9.979999999999831672e+00,8.196281933625442662e+01,2.815842498488937640e+00,2.815842498488937640e+00
9.989999999999831459e+00,8.201913400226287365e+01,2.815625241514871036e+00,2.815625241514871036e+00
9.999999999999831246e+00,8.207544436130757504e+01,2.815411800753957472e+00,2.815411800753957472e+00
1.000999999999983103e+01,8.213175048961201696e+01,2.815202166115180482e+00,2.815202166115180482e+00
1.001999999999983082e+01,8.218805246319794833e+01,2.814996327500184137e+00,2.814996327500184137e+00
1.002999999999983061e+01,8.224435035788498283e+01,2.814794274803343210e+00,2.814794274803343210e+00
1.003999999999983039e+01,8.230064424929055633e+01,2.814595997911845338e+00,2.814595997911845338e+00
1.004999999999983018e+01,8.235693421282978477e+01,2.814401486705804700e+00,2.814401486705804700e+00
1.005999999999982997e+01,8.241322032371537887e+01,2.814210731058378379e+00,2.814210731058378379e+00
1.006999999999982975e+01,8.246950265695731730e+01,2.814023720835841846e+00,2.814023720835841846e+00
1.007999999999982954e+01,8.252578128736293195e+01,2.813840445897696441e+00,2.813840445897696441e+00
1.008999999999982933e+01,8.258205628953663791e+01,2.813660896096775943e+00,2.813660896096775943e+00
1.009999999999982911e+01,8.263832773787987662e+01,2.813485061279335397e+00,2.813485061279335397e+00
1.010999999999982890e+01,8.269459570659091696e+01,2.813312931285151031e+00,2.813312931285151031e+00
1.011999999999982869e+01,8.275086026966475572e+01,2.813144495947628165e+00,2.813144495947628165e+00
1.012999999999982847e+01,8.280712150089300394e+01,2.812979745093895811e+00,2.812979745093895811e+00
1.013999999999982826e+01,8.286337947386370217e+01,2.812818668544906142e+00,2.812818668544906142e+00
1.014999999999982805e+01,8.291963426196133469e+01,2.812661256115558395e+00,2.812661256115558395e+00
1.015999999999982784e+01,8.297588593836658788e+01,2.812507497614794794e+00,2.812507497614794794e+00
1.016999999999982762e+01,8.303213457605630765e+01,2.812357382845656062e+00,2.812357382845656062e+00
1.017999999999982741e+01,8.308838024780317255e+01,2.812210901605440849e+00,2.812210901605440849e+00
1.018999999999982720e+01,8.314462302617596379e+01,2.812068043685810537e+00,2.812068043685810537e+00
1.019999999999982698e+01,8.320086298353908205e+01,2.811928798872851409e+00,2.811928798872851409e+00
1.020999999999982677e+01,8.325710019205274648e+01,2.811793156947189232e+00,2.811793156947189232e+00
1.021999999999982656e+01,8.331333472367255411e+01,2.811661107684133576e+00,2.811661107684133576e+00
1.022999999999982634e+01,8.336956665014972145e+01,2.811532640853742659e+00,2.811532640853742659e+00
1.023999999999982613e+01,8.342579604303070084e+01,2.811407746220936588e+00,2.811407746220936588e+00
1.024999999999982592e+01,8.348202297365723723e+01,2.811286413545615037e+00,2.811286413545615037e+00
1.025999999999982570e+01,8.353824751316616926e+01,2.811168632582743854e+00,2.811168632582743854e+00
1.026999999999982549e+01,8.359446973248952872e+01,2.811054393082488279e+00,2.811054393082488279e+00
1.027999999999982528e+01,8.365068970235408585e+01,2.810943684790302211e+00,2.810943684790302211e+00
1.028999999999982506e+01,8.370690749328169034e+01,2.810836497447027682e+00,2.810836497447027682e+00
1.029999999999982485e+01,8.376312317558878817e+01,2.810732820789010766e+00,2.810732820789010766e+00
1.030999999999982464e+01,8.381933681938659220e+01,2.810632644548217041e+00,2.810632644548217041e+00
1.031999999999982442e+01,8.387554849458093997e+01,2.810535958452336835e+00,2.810535958452336835e+00
1.032999999999982421e+01,8.393175827087213747e+01,2.810442752224882490e+00,2.810442752224882490e+00
1.033999999999982400e+01,8.398796621775487381e+01,2.810353015585296710e+00,2.810353015585296710e+00
1.034999999999982379e+01,8.404417240451824966e+01,2.810266738249085794e+00,2.810266738249085794e+00
1.035999999999982357e+01,8.410037690024564938e+01,2.810183909927891577e+00,2.810183909927891577e+00
1.036999999999982336e+01,8.415657977381457044e+01,2.810104520329625544e+00,2.810104520329625544e+00
1.037999999999982315e+01,8.421278109389672295e+01,2.810028559158582073e+00,2.810028559158582073e+00
1.038999999999982293e+01,8.426898092895778802e+01,2.809956016115522814e+00,2.809956016115522814e+00
1.039999999999982272e+01,8.432517934725750308e+01,2.809886880897826789e+00,2.809886880897826789e+00
1.040999999999982251e+01,8.438137641684947710e+01,2.809821143199554783e+00,2.809821143199554783e+00
1.041999999999982229e+01,8.443757220558113374e+01,2.809758792711586572e+00,2.809758792711586572e+00
1.042999999999982208e+01,8.449376678109371142e+01,2.809699819121736830e+00,2.809699819121736830e+00
1.043999999999982187e+01,8.454996021082220636e+01,2.809644212114855044e+00,2.809644212114855044e+00
1.044999999999982165e+01,8.460615256199525902e+01,2.809591961372937430e+00,2.809591961372937430e+00
1.045999999999982144e+01,8.466234390163512558e+01,2.809543056575246389e+00,2.809543056575246389e+00
1.046999999999982123e+01,8.471853429655755008e+01,2.809497487398426863e+00,2.809497487398426863e+00
1.047999999999982101e+01,8.477472381337193497e+01,2.809455243516581380e+00,2.809455243516581380e+00
1.048999999999982080e+01,8.483091251848095737e+01,2.809416314601418829e+00,2.809416314601418829e+00
1.049999999999982059e+01,8.488710047808085335e+01,2.809380690322348606e+00,2.809380690322348606e+00
1.050999999999982037e+01,8.494328775816113364e+01,2.809348360346623608e+00,2.809348360346623608e+00
1.051999999999982016e+01,8.499947442450471158e+01,2.809319314339437046e+00,2.809319314339437046e+00
1.052999999999981995e+01,8.505566054268767573e+01,2.809293541964004159e+00,2.809293541964004159e+00
1.053999999999981974e+01,8.511184617807947461e+01,2.809271032881711871e+00,2.809271032881711871e+00
1.054999999999981952e+01,8.516803139584266091e+01,2.809251776752220042e+00,2.809251776752220042e+00
1.055999999999981931e+01,8.522421626093304781e+01,2.809235763233585814e+00,2.809235763233585814e+00
1.056999999999981910e+01,8.528040083809952421e+01,2.809222981982389733e+00,2.809222981982389733e+00
1.057999999999981888e+01,8.533658519188421110e+01,2.809213422653792591e+00,2.809213422653792591e+00
1.058999999999981867e+01,8.539276938662213468e+01,2.809207074901690415e+00,2.809207074901690415e+00
1.059999999999981846e+01,8.544895348644153898e+01,2.809203928378861903e+00,2.809203928378861903e+00
1.060999999999981824e+01,8.550513755526368698e+01,2.809203972737023491e+00,2.809203972737023491e+00
1.061999999999981803e+01,8.556132165680273260e+01,2.809207197626965247e+00,2.809207197626965247e+00
1.062999999999981782e+01,8.561750585456611873e+01,2.809213592698684092e+00,2.809213592698684092e+00
1.063999999999981760e+01,8.567369021185396605e+01,2.809223147601470405e+00,2.809223147601470405e+00
1.064999999999981739e+01,8.572987479175955627e+01,2.809235851984036358e+00,2.809235851984036358e+00
1.065999999999981718e+01,8.578605965716910475e+01,2.809251695494633161e+00,2.809251695494633161e+00
1.066999999999981696e+01,8.584224487076174626e+01,2.809270667781185171e+00,2.809270667781185171e+00
1.067999999999981675e+01,8.589843049500967709e+01,2.809292758491371167e+00,2.809292758491371167e+00
1.068999999999981654e+01,8.595461659217784245e+01,2.809317957272745581e+00,2.809317957272745581e+00
1.069999999999981632e+01,8.601080322432443381e+01,2.809346253772884161e+00,2.809346253772884161e+00
1.070999999999981611e+01,8.606699045330027786e+01,2.809377637639470127e+00,2.809377637639470127e+00
1.071999999999981590e+01,8.612317834074940492e+01,2.809412098520430945e+00,2.809412098520430945e+00
1.072999999999981569e+01,8.617936694810863685e+01,2.809449626064039585e+00,2.809449626064039585e+00
1.073999999999981547e+01,8.623555633660780018e+01,2.809490209919037529e+00,2.809490209919037529e+00
1.074999999999981526e+01,8.629174656726983983e+01,2.809533839734744909e+00,2.809533839734744909e+00
1.075999999999981505e+01,8.634793770091054910e+01,2.809580505161184405e+00,2.809580505161184405e+00
1.076999999999981483e+01,8.640412979813876859e+01,2.809630195849207368e+00,2.809630195849207368e+00
1.077999999999981462e+01,8.646032291935630099e+01,2.809682901450604398e+00,2.809682901450604398e+00
1.078999999999981441e+01,8.651651712475812417e+01,2.809738611618203485e+00,2.809738611618203485e+00
1.079999999999981419e+01,8.657271247433216388e+01,2.809797316006004131e+00,2.809797316006004131e+00
1.080999999999981398e+01,8.662890902785954950e+01,2.809859004269300797e+00,2.809859004269300797e+00
1.081999999999981377e+01,8.668510684491442930e+01,2.809923666064785941e+00,2.809923666064785941e+00
1.082999999999981355e+01,8.674130598486406996e+01,2.809991291050685014e+00,2.809991291050685014e+00
1.083999999999981334e+01,8.679750650686908386e+01,2.810061868886866154e+00,2.810061868886866154e+00
1.084999999999981313e+01,8.685370846988320181e+01,2.810135389234931225e+00,2.810135389234931225e+00
1.085999999999981291e+01,8.690991193265334402e+01,2.810211841758364137e+00,2.810211841758364137e+00
1.086999999999981270e+01,8.696611695371979067e+01,2.810291216122668079e+00,2.810291216122668079e+00
1.087999999999981249e+01,8.702232359141603979e+01,2.810373501995454326e+00,2.810373501995454326e+00
1.088999999999981227e+01,8.707853190386926201e+01,2.810458689046532843e+00,2.810458689046532843e+00
1.089999999999981206e+01,8.713474194899976055e+01,2.810546766948075259e+00,2.810546766948075259e+00
1.090999999999981185e+01,8.719095378452131229e+01,2.810637725374709905e+00,2.810637725374709905e+00
1.091999999999981164e+01,8.724716746794136668e+01,2.810731554003662147e+00,2.810731554003662147e+00
1.092999999999981142e+01,8.730338305656088949e+01,2.810828242514852526e+00,2.810828242514852526e+00
1.093999999999981121e+01,8.735960060747434852e+01,2.810927780591007341e+00,2.810927780591007341e+00
1.094999999999981100e+01,8.741582017756999790e+01,2.811030157917804750e+00,2.811030157917804750e+00
1.095999999999981078e+01,8.747204182352996327e+01,2.811135364183970253e+00,2.811135364183970253e+00
1.096999999999981057e+01,8.752826560182985816e+01,2.811243389081421906e+00,2.811243389081421906e+00
1.097999999999981036e+01,8.758449156873948027e+01,2.811354222305352479e+00,2.811354222305352479e+00
1.098999999999981014e+01,8.764071978032241361e+01,2.811467853554340923e+00,2.811467853554340923e+00
1.099999999999980993e+01,8.769695029243622741e+01,2.811584272530526452e+00,2.811584272530526452e+00
1.100999999999980972e+01,8.775318316073264668e+01,2.811703468939697359e+00,2.811703468939697359e+00
1.101999999999980950e+01,8.780941844065749535e+01,2.811825432491391830e+00,2.811825432491391830e+00
1.102999999999980929e+01,8.786565618745085260e+01,2.811950152899016953e+00,2.811950152899016953e+00
1.103999999999980908e+01,8.792189645614708127e+01,2.812077619880002821e+00,2.812077619880002821e+00
1.104999999999980886e+01,8.797813930157494156e+01,2.812207823155892683e+00,2.812207823155892683e+00
1.105999999999980865e+01,8.803438477835763365e+01,2.812340752452436643e+00,2.812340752452436643e+00
1.106999999999980844e+01,8.809063294091305352e+01,2.812476397499771075e+00,2.812476397499771075e+00
1.107999999999980822e+01,8.814688384345356553e+01,2.812614748032507439e+00,2.812614748032507439e+00
1.108999999999980801e+01,8.820313753998631512e+01,2.812755793789819325e+00,2.812755793789819325e+00
1.109999999999980780e+01,8.825939408431338506e+01,2.812899524515608540e+00,2.812899524515608540e+00
1.110999999999980759e+01,8.831565353003171026e+01,2.813045929958599256e+00,2.813045929958599256e+00
1.111999999999980737e+01,8.837191593053313454e+01,2.813194999872445479e+00,2.813194999872445479e+00
1.112999999999980716e+01,8.842818133900486544e+01,2.813346724015879818e+00,2.813346724015879818e+00
1.113999999999980695e+01,8.848444980842909047e+01,2.813501092152813854e+00,2.813501092152813854e+00
1.114999999999980673e+01,8.854072139158353139e+01,2.813658094052439829e+00,2.813658094052439829e+00
1.115999999999980652e+01,8.859699614104123100e+01,2.813817719489374536e+00,2.813817719489374536e+00
1.116999999999980631e+01,8.865327410917076634e+01,2.813979958243752577e+00,2.813979958243752577e+00
1.117999999999980609e+01,8.870955534813646182e+01,2.814144800101384902e+00,2.814144800101384902e+00
1.118999999999980588e+01,8.876583990989834660e+01,2.814312234853833417e+00,2.814312234853833417e+00
1.119999999999980567e+01,8.882212784621228252e+01,2.814482252298525999e+00,2.814482252298525999e+00
1.120999999999980545e+01,8.887841920863033351e+01,2.814654842238918597e+00,2.814654842238918597e+00
1.121999999999980524e+01,8.893471404850059514e+01,2.814829994484563169e+00,2.814829994484563169e+00
1.122999999999980503e+01,8.899101241696720876e+01,2.815007698851264895e+00,2.815007698851264895e+00
1.123999999999980481e+01,8.904731436497105790e+01,2.815187945161186978e+00,2.815187945161186978e+00
1.124999999999980460e+01,8.910361994324919976e+01,2.815370723242939910e+00,2.815370723242939910e+00
1.125999999999980439e+01,8.915992920233560426e+01,2.815556022931710256e+00,2.815556022931710256e+00
1.126999999999980417e+01,8.921624219256084132e+01,2.815743834069394325e+00,2.815743834069394325e+00
1.127999999999980396e+01,8.927255896405243618e+01,2.815934146504730062e+00,2.815934146504730062e+00
1.128999999999980375e+01,8.932887956673492624e+01,2.816126950093368553e+00,2.816126950093368553e+00
1.129999999999980353e+01,8.938520405033008842e+01,2.816322234698012572e+00,2.816322234698012572e+00
1.130999999999980332e+01,8.944153246435702442e+01,2.816519990188532052e+00,2.816519990188532052e+00
1.131999999999980311e+01,8.949786485813217496e+01,2.816720206442074215e+00,2.816720206442074215e+00
1.132999999999980290e+01,8.955420128076977448e+01,2.816922873343197686e+00,2.816922873343197686e+00
1.133999999999980268e+01,8.961054178118175173e+01,2.817127980783971974e+00,2.817127980783971974e+00
1.134999999999980247e+01,8.966688640807790023e+01,2.817335518664080940e+00,2.817335518664080940e+00
1.135999999999980226e+01,8.972323520996616253e+01,2.817545476890966683e+00,2.817545476890966683e+00
1.136999999999980204e+01,8.977958823515265863e+01,2.817757845379923687e+00,2.817757845379923687e+00
1.137999999999980183e+01,8.983594553174192754e+01,2.817972614054229830e+00,2.817972614054229830e+00
1.138999999999980162e+01,8.989230714763696994e+01,2.818189772845235197e+00,2.818189772845235197e+00
1.139999999999980140e+01,8.994867313053964608e+01,2.818409311692509966e+00,2.818409311692509966e+00
1.140999999999980119e+01,9.000504352795053364e+01,2.818631220543945659e+00,2.818631220543945659e+00
1.141999999999980098e+01,9.006141838716939674e+01,2.818855489355850175e+00,2.818855489355850175e+00
1.142999999999980076e+01,9.011779775529500114e+01,2.819082108093084127e+00,2.819082108093084127e+00
1.143999999999980055e+01,9.017418167922578220e+01,2.819311066729178528e+00,2.819311066729178528e+00
1.144999999999980034e+01,9.023057020565946118e+01,2.819542355246420051e+00,2.819542355246420051e+00
1.145999999999980012e+01,9.028696338109368469e+01,2.819775963636003357e+00,2.819775963636003357e+00
1.146999999999979991e+01,9.034336125182591104e+01,2.820011881898124795e+00,2.820011881898124795e+00
1.147999999999979970e+01,9.039976386395370866e+01,2.820250100042082320e+00,2.820250100042082320e+00
1.148999999999979948e+01,9.045617126337494085e+01,2.820490608086414053e+00,2.820490608086414053e+00
1.149999999999979927e+01,9.051258349578790785e+01,2.820733396058978215e+00,2.820733396058978215e+00
1.150999999999979906e+01,9.056900060669164532e+01,2.820978453997099678e+00,2.820978453997099678e+00
1.151999999999979885e+01,9.062542264138592429e+01,2.821225771947669436e+00,2.821225771947669436e+00
1.152999999999979863e+01,9.068184964497152123e+01,2.821475339967254303e+00,2.821475339967254303e+00
1.153999999999979842e+01,9.073828166235061587e+01,2.821727148122214590e+00,2.821727148122214590e+00
1.154999999999979821e+01,9.079471873822666339e+01,2.821981186488800031e+00,2.821981186488800031e+00
1.155999999999979799e+01,9.085116091710479225e+01,2.822237445153281676e+00,2.822237445153281676e+00
1.156999999999979778e+01,9.090760824329190370e+01,2.822495914212044710e+00,2.822495914212044710e+00
1.157999999999979757e+01,9.096406076089706971e+01,2.822756583771734551e+00,2.822756583771734551e+00
1.158999999999979735e+01,9.102051851383143344e+01,2.823019443949326135e+00,2.823019443949326135e+00
1.159999999999979714e+01,9.107698154580864980e+01,2.823284484872224720e+00,2.823284484872224720e+00
1.160999999999979693e+01,9.113344990034505599e+01,2.823551696678441747e+00,2.823551696678441747e+00
1.161999999999979671e+01,9.118992362075984204e+01,2.823821069516644133e+00,2.823821069516644133e+00
1.162999999999979650e+01,9.124640275017523550e+01,2.824092593546281282e+00,2.824092593546281282e+00
1.163999999999979629e+01,9.130288733151675729e+01,2.824366258937698770e+00,2.824366258937698770e+00
1.164999999999979607e+01,9.135937740751350589e+01,2.824642055872246260e+00,2.824642055872246260e+00
1.165999999999979586e+01,9.141587302069832788e+01,2.824919974542400070e+00,2.824919974542400070e+00
1.166999999999979565e+01,9.147237421340793162e+01,2.825200005151836002e+00,2.825200005151836002e+00
1.167999999999979543e+01,9.152888102778328516e+01,2.825482137915575898e+00,2.825482137915575898e+00
1.168999999999979522e+01,9.158539350576975835e+01,2.825766363060091546e+00,2.825766363060091546e+00
1.169999999999979501e+01,9.164191168911736440e+01,2.826052670823358426e+00,2.826052670823358426e+00
1.170999999999979480e+01,9.169843561938095888e+01,2.826341051455038222e+00,2.826341051455038222e+00
1.171999999999979458e+01,9.175496533792063758e+01,2.826631495216544110e+00,2.826631495216544110e+00
1.172999999999979437e+01,9.181150088590160863e+01,2.826923992381147333e+00,2.826923992381147333e+00
1.173999999999979416e+01,9.186804230429488882e+01,2.827218533234098885e+00,2.827218533234098885e+00
1.174999999999979394e+01,9.192458963387714732e+01,2.827515108072732541e+00,2.827515108072732541e+00
1.175999999999979373e+01,9.198114291523130248e+01,2.827813707206558558e+00,2.827813707206558558e+00
1.176999999999979352e+01,9.203770218874640818e+01,2.828114320957381356e+00,2.828114320957381356e+00
1.177999999999979330e+01,9.209426749461816541e+01,2.828416939659404772e+00,2.828416939659404772e+00
1.178999999999979309e+01,9.215083887284912123e+01,2.828721553659338639e+00,2.828721553659338639e+00
1.179999999999979288e+01,9.220741636324878243e+01,2.829028153316493821e+00,2.829028153316493821e+00
1.180999999999979266e+01,9.226400000543394242e+01,2.829336729002886131e+00,2.829336729002886131e+00
1.181999999999979245e+01,9.232058983882923542e+01,2.829647271103337580e+00,2.829647271103337580e+00
1.182999999999979224e+01,9.237718590266680962e+01,2.829959770015602949e+00,2.829959770015602949e+00
1.183999999999979202e+01,9.243378823598703775e+01,2.830274216150463484e+00,2.830274216150463484e+00
1.184999999999979181e+01,9.249039687763850281e+01,2.830590599931816609e+00,2.830590599931816609e+00
1.185999999999979160e+01,9.254701186627872289e+01,2.830908911796782945e+00,2.830908911796782945e+00
1.186999999999979138e+01,9.260363324037365373e+01,2.831229142195804904e+00,2.831229142195804904e+00
1.187999999999979117e+01,9.266026103819872617e+01,2.831551281592770142e+00,2.831551281592770142e+00
1.188999999999979096e+01,9.271689529783861872e+01,2.831875320465093715e+00,2.831875320465093715e+00
1.189999999999979075e+01,9.277353605718786866e+01,2.832201249303810897e+00,2.832201249303810897e+00
1.190999999999979053e+01,9.283018335395068732e+01,2.832529058613709960e+00,2.832529058613709960e+00
1.191999999999979032e+01,9.288683722564174161e+01,2.832858738913401453e+00,2.832858738913401453e+00
1.192999999999979011e+01,9.294349770958626777e+01,2.833190280735430111e+00,2.833190280735430111e+00
1.193999999999978989e+01,9.300016484291998609e+01,2.833523674626373889e+00,2.833523674626373889e+00
1.194999999999978968e+01,9.305683866258993930e+01,2.833858911146953652e+00,2.833858911146953652e+00
1.195999999999978947e+01,9.311351920535449267e+01,2.834195980872125986e+00,2.834195980872125986e+00
1.196999999999978925e+01,9.317020650778360391e+01,2.834534874391171577e+00,2.834534874391171577e+00
1.197999999999978904e+01,9.322690060625920694e+01,2.834875582307788022e+00,2.834875582307788022e+00
1.198999999999978883e+01,9.328360153697538237e+01,2.835218095240205738e+00,2.835218095240205738e+00
1.199999999999978861e+01,9.334030933593878387e+01,2.835562403821283883e+00,2.835562403821283883e+00
1.200999999999978840e+01,9.339702403896886551e+01,2.835908498698602731e+00,2.835908498698602731e+00
1.201999999999978819e+01,9.345374568169812335e+01,2.836256370534558258e+00,2.836256370534558258e+00
1.202999999999978797e+01,9.351047429957246493e+01,2.836606010006466949e+00,2.836606010006466949e+00
1.203999999999978776e+01,9.356720992785167823e+01,2.836957407806648401e+00,2.836957407806648401e+00
1.204999999999978755e+01,9.362395260160920429e+01,2.837310554642513694e+00,2.837310554642513694e+00
1.205999999999978733e+01,9.368070235573303250e+01,2.837665441236689290e+00,2.837665441236689290e+00
1.206999999999978712e+01,9.373745922492572902e+01,2.838022058327096531e+00,2.838022058327096531e+00
1.207999999999978691e+01,9.379422324370472097e+01,2.838380396667036898e+00,2.838380396667036898e+00
1.208999999999978670e+01,9.385099444640263755e+01,2.838740447025301261e+00,2.838740447025301261e+00
1.209999999999978648e+01,9.390777286716767946e+01,2.839102200186251146e+00,2.839102200186251146e+00
1.210999999999978627e+01,9.396455853996390317e+01,2.839465646949911548e+00,2.839465646949911548e+00
1.211999999999978606e+01,9.402135149857149088e+01,2.839830778132058420e+00,2.839830778132058420e+00
1.212999999999978584e+01,9.407815177658707739e+01,2.840197584564342126e+00,2.840197584564342126e+00
1.213999999999978563e+01,9.413495940742419066e+01,2.840566057094353170e+00,2.840566057094353170e+00
1.214999999999978542e+01,9.419177442431333702e+01,2.840936186585706569e+00,2.840936186585706569e+00
1.215999999999978520e+01,9.424859686030255546e+01,2.841307963918130230e+00,2.841307963918130230e+00
1.216999999999978499e+01,9.430542674825755967e+01,2.841681379987580858e+00,2.841681379987580858e+00
1.217999999999978478e+01,9.436226412086222126e+01,2.842056425706322109e+00,2.842056425706322109e+00
1.218999999999978456e+01,9.441910901061878292e+01,2.842433092003013417e+00,2.842433092003013417e+00
1.219999999999978435e+01,9.447596144984824207e+01,2.842811369822787704e+00,2.842811369822787704e+00
1.220999999999978414e+01,9.453282147069064933e+01,2.843191250127351744e+00,2.843191250127351744e+00
1.221999999999978392e+01,9.458968910510544958e+01,2.843572723895064325e+00,2.843572723895064325e+00
1.222999999999978371e+01,9.464656438487183721e+01,2.843955782121033060e+00,2.843955782121033060e+00
1.223999999999978350e+01,9.470344734158898348e+01,2.844340415817208534e+00,2.844340415817208534e+00
1.224999999999978328e+01,9.476033800667666185e+01,2.844726616012448694e+00,2.844726616012448694e+00
1.225999999999978307e+01,9.481723641137527636e+01,2.845114373752613890e+00,2.845114373752613890e+00
1.226999999999978286e+01,9.487414258674631640e+01,2.845503680100663235e+00,2.845503680100663235e+00
1.227999999999978264e+01,9.493105656367262668e+01,2.845894526136726110e+00,2.845894526136726110e+00
1.228999999999978243e+01,9.498797837285904677e+01,2.846286902958189646e+00,2.846286902958189646e+00
1.229999999999978222e+01,9.504490804483228317e+01,2.846680801679789319e+00,2.846680801679789319e+00
1.230999999999978201e+01,9.510184560994171932e+01,2.847076213433666680e+00,2.847076213433666680e+00
1.231999999999978179e+01,9.515879109835935878e+01,2.847473129369494149e+00,2.847473129369494149e+00
1.232999999999978158e+01,9.521574454008056421e+01,2.847871540654546507e+00,2.847871540654546507e+00
1.233999999999978137e+01,9.527270596492409993e+01,2.848271438473747530e+00,2.848271438473747530e+00
1.234999999999978115e+01,9.532967540253270045e+01,2.848672814029777012e+00,2.848672814029777012e+00
1.235999999999978094e+01,9.538665288237316986e+01,2.849075658543175127e+00,2.849075658543175127e+00
1.236999999999978073e+01,9.544363843373699297e+01,2.849479963252371295e+00,2.849479963252371295e+00
1.237999999999978051e+01,9.550063208574077578e+01,2.849885719413806751e+00,2.849885719413806751e+00
1.238999999999978030e+01,9.555763386732616027e+01,2.850292918301994494e+00,2.850292918301994494e+00
1.239999999999978009e+01,9.561464380726056334e+01,2.850701551209618767e+00,2.850701551209618767e+00
1.240999999999977987e+01,9.567166193413744679e+01,2.851111609447579465e+00,2.851111609447579465e+00
1.241999999999977966e+01,9.572868827637667266e+01,2.851523084345081838e+00,2.851523084345081838e+00
1.242999999999977945e+01,9.578572286222490106e+01,2.851935967249730641e+00,2.851935967249730641e+00
1.243999999999977923e+01,9.584276571975591708e+01,2.852350249527602077e+00,2.852350249527602077e+00
1.244999999999977902e+01,9.589981687687085810e+01,2.852765922563299306e+00,2.852765922563299306e+00
1.245999999999977881e+01,9.595687636129898124e+01,2.853182977760041705e+00,2.853182977760041705e+00
1.246999999999977859e+01,9.601394420059767754e+01,2.853601406539746588e+00,2.853601406539746588e+00
1.247999999999977838e+01,9.607102042215295512e+01,2.854021200343113573e+00,2.854021200343113573e+00
1.248999999999977817e+01,9.612810505317982290e+01,2.854442350629684988e+00,2.854442350629684988e+00
1.249999999999977796e+01,9.618519812072267428e+01,2.854864848877895600e+00,2.854864848877895600e+00
1.250999999999977774e+01,9.624229965165574185e+01,2.855288686585151225e+00,2.855288686585151225e+00
1.251999999999977753e+01,9.629940967268322538e+01,2.855713855267952184e+00,2.855713855267952184e+00
1.252999999999977732e+01,9.635652821034008753e+01,2.856140346461932822e+00,2.856140346461932822e+00
1.253999999999977710e+01,9.641365529099189757e+01,2.856568151721903703e+00,2.856568151721903703e+00
1.254999999999977689e+01,9.647079094083578354e+01,2.856997262621984390e+00,2.856997262621984390e+00
1.255999999999977668e+01,9.652793518590037536e+01,2.857427670755635418e+00,2.857427670755635418e+00
1.256999999999977646e+01,9.658508805204638747e+01,2.857859367735710698e+00,2.857859367735710698e+00
1.257999999999977625e+01,9.664224956496713048e+01,2.858292345194537454e+00,2.858292345194537454e+00
1.258999999999977604e+01,9.669941975018859637e+01,2.858726594784022801e+00,2.858726594784022801e+00
1.259999999999977582e+01,9.675659863307004116e+01,2.859162108175697270e+00,2.859162108175697270e+00
1.260999999999977561e+01,9.681378623880435441e+01,2.859598877060760547e+00,2.859598877060760547e+00
1.261999999999977540e+01,9.687098259241852816e+01,2.860036893150179171e+00,2.860036893150179171e+00
1.262999999999977518e+01,9.692818771877395534e+01,2.860476148174736277e+00,2.860476148174736277e+00
1.263999999999977497e+01,9.698540164256661456e+01,2.860916633885107085e+00,2.860916633885107085e+00
1.264999999999977476e+01,9.704262438832800797e+01,2.861358342051920634e+00,2.861358342051920634e+00
1.265999999999977454e+01,9.709985598042510446e+01,2.861801264465817063e+00,2.861801264465817063e+00
1.266999999999977433e+01,9.715709644306082282e+01,2.862245392937529331e+00,2.862245392937529331e+00
1.267999999999977412e+01,9.721434580027467121e+01,2.862690719297928066e+00,2.862690719297928066e+00
1.268999999999977391e+01,9.727160407594283242e+01,2.863137235398091285e+00,2.863137235398091285e+00
1.269999999999977369e+01,9.732887129377877500e+01,2.863584933109359909e+00,2.863584933109359909e+00
1.270999999999977348e+01,9.738614747733365107e+01,2.864033804323429244e+00,2.864033804323429244e+00
1.271999999999977327e+01,9.744343264999646692e+01,2.864483840952361859e+00,2.864483840952361859e+00
1.272999999999977305e+01,9.750072683499482196e+01,2.864935034928679070e+00,2.864935034928679070e+00
1.273999999999977284e+01,9.755803005539507922e+01,2.865387378205426216e+00,2.865387378205426216e+00
1.274999999999977263e+01,9.761534233410301908e+01,2.865840862756228180e+00,2.865840862756228180e+00
1.275999999999977241e+01,9.767266369386400982e+01,2.866295480575333343e+00,2.866295480575333343e+00
1.276999999999977220e+01,9.772999415726350492e+01,2.866751223677677096e+00,2.866751223677677096e+00
1.277999999999977199e+01,9.778733374672739842e+01,2.867208084098958221e+00,2.867208084098958221e+00
1.278999999999977177e+01,9.784468248452262173e+01,2.867666053895674860e+00,2.867666053895674860e+00
1.279999999999977156e+01,9.790204039275741366e+01,2.868125125145172483e+00,2.868125125145172483e+00
1.280999999999977135e+01,9.795940749338178932e+01,2.868585289945716710e+00,2.868585289945716710e+00
1.281999999999977113e+01,9.801678380818773917e+01,2.869046540416562596e+00,2.869046540416562596e+00
1.282999999999977092e+01,9.807416935881015263e+01,2.869508868697998150e+00,2.869508868697998150e+00
1.283999999999977071e+01,9.813156416672676130e+01,2.869972266951368756e+00,2.869972266951368756e+00
1.284999999999977049e+01,9.818896825325879263e+01,2.870436727359162887e+00,2.870436727359162887e+00
1.285999999999977028e+01,9.824638163957123993e+01,2.870902242125075610e+00,2.870902242125075610e+00
1.286999999999977007e+01,9.830380434667358713e+01,2.871368803474027676e+00,2.871368803474027676e+00
1.287999999999976986e+01,9.836123639541969510e+01,2.871836403652233027e+00,2.871836403652233027e+00
1.288999999999976964e+01,9.841867780650891007e+01,2.872305034927251199e+00,2.872305034927251199e+00
1.289999999999976943e+01,9.847612860048587891e+01,2.872774689588034835e+00,2.872774689588034835e+00
1.290999999999976922e+01,9.853358879774155810e+01,2.873245359944984312e+00,2.873245359944984312e+00
1.291999999999976900e+01,9.859105841851294372e+01,2.873717038329987261e+00,2.873717038329987261e+00
1.292999999999976879e+01,9.864853748288410884e+01,2.874189717096478081e+00,2.874189717096478081e+00
1.293999999999976858e+01,9.870602601078637406e+01,2.874663388619489002e+00,2.874663388619489002e+00
1.294999999999976836e+01,9.876352402199877645e+01,2.875138045295671407e+00,2.875138045295671407e+00
1.295999999999976815e+01,9.882103153614849589e+01,2.875613679543372214e+00,2.875613679543372214e+00
1.296999999999976794e+01,9.887854857271129561e+01,2.876090283802682279e+00,2.876090283802682279e+00
1.297999999999976772e+01,9.893607515101193428e+01,2.876567850535452830e+00,2.876567850535452830e+00
1.298999999999976751e+01,9.899361129022476291e+01,2.877046372225360749e+00,2.877046372225360749e+00
1.299999999999976730e+01,9.905115700937376744e+01,2.877525841377938765e+00,2.877525841377938765e+00
1.300999999999976708e+01,9.910871232733349245e+01,2.878006250520638076e+00,2.878006250520638076e+00
1.301999999999976687e+01,9.916627726282908384e+01,2.878487592202867429e+00,2.878487592202867429e+00
1.302999999999976666e+01,9.922385183443709877e+01,2.878969858996017095e+00,2.878969858996017095e+00
1.303999999999976644e+01,9.928143606058553416e+01,2.879453043493522824e+00,2.879453043493522824e+00
1.304999999999976623e+01,9.933902995955453719e+01,2.879937138310908917e+00,2.879937138310908917e+00
1.305999999999976602e+01,9.939663354947690266e+01,2.880422136085811768e+00,2.880422136085811768e+00
1.306999999999976581e+01,9.945424684833825779e+01,2.880908029478013610e+00,2.880908029478013610e+00
1.307999999999976559e+01,9.951186987397771588e+01,2.881394811169514458e+00,2.881394811169514458e+00
1.308999999999976538e+01,9.956950264408818896e+01,2.881882473864535665e+00,2.881882473864535665e+00
1.309999999999976517e+01,9.962714517621701305e+01,2.882371010289582980e+00,2.882371010289582980e+00
1.310999999999976495e+01,9.968479748776616134e+01,2.882860413193481186e+00,2.882860413193481186e+00
1.311999999999976474e+01,9.974245959599284106e+01,2.883350675347394976e+00,2.883350675347394976e+00
1.312999999999976453e+01,9.980013151800990556e+01,2.883841789544890233e+00,2.883841789544890233e+00
1.313999999999976431e+01,9.985781327078645120e+01,2.884333748601941139e+00,2.884333748601941139e+00
1.314999999999976410e+01,9.991550487114774626e+01,2.884826545356971028e+00,2.884826545356971028e+00
1.315999999999976389e+01,9.997320633577646731e+01,2.885320172670914118e+00,2.885320172670914118e+00
1.316999999999976367e+01,1.000309176812125003e+02,2.885814623427228387e+00,2.885814623427228387e+00
1.317999999999976346e+01,1.000886389238536509e+02,2.886309890531925770e+00,2.886309890531925770e+00
1.318999999999976325e+01,1.001463700799561423e+02,2.886805966913611687e+00,2.886805966913611687e+00
1.319999999999976303e+01,1.002041111656349557e+02,2.887302845523512573e+00,2.887302845523512573e+00
1.320999999999976282e+01,1.002618621968642998e+02,2.887800519335507854e+00,2.887800519335507854e+00
1.321999999999976261e+01,1.003196231894780226e+02,2.888298981346181904e+00,2.888298981346181904e+00
1.322999999999976239e+01,1.003773941591703505e+02,2.888798224574814721e+00,2.888798224574814721e+00
1.323999999999976218e+01,1.004351751214959592e+02,2.889298242063426780e+00,2.889298242063426780e+00
1.324999999999976197e+01,1.004929660918706418e+02,2.889799026876834098e+00,2.889799026876834098e+00
1.325999999999976176e+01,1.005507670855715503e+02,2.890300572102634469e+00,2.890300572102634469e+00
1.326999999999976154e+01,1.006085781177380767e+02,2.890802870851267858e+00,2.890802870851267858e+00
1.327999999999976133e+01,1.006663992033719524e+02,2.891305916256034170e+00,2.891305916256034170e+00
1.328999999999976112e+01,1.007242303573377171e+02,2.891809701473110117e+00,2.891809701473110117e+00
1.329999999999976090e+01,1.007820715943633729e+02,2.892314219681590082e+00,2.892314219681590082e+00
1.330999999999976069e+01,1.008399229290406964e+02,2.892819464083489223e+00,2.892819464083489223e+00
1.331999999999976048e+01,1.008977843758257364e+02,2.893325427903801650e+00,2.893325427903801650e+00
1.332999999999976026e+01,1.009556559490391976e+02,2.893832104390484883e+00,2.893832104390484883e+00
1.333999999999976005e+01,1.010135376628670798e+02,2.894339486814499374e+00,2.894339486814499374e+00
1.334999999999975984e+01,1.010714295313610052e+02,2.894847568469850696e+00,2.894847568469850696e+00
1.335999999999975962e+01,1.011293315684386869e+02,2.895356342673596650e+00,2.895356342673596650e+00
1.336999999999975941e+01,1.011872437878843840e+02,2.895865802765860586e+00,2.895865802765860586e+00
1.337999999999975920e+01,1.012451662033494841e+02,2.896375942109863377e+00,2.896375942109863377e+00
1.338999999999975898e+01,1.013030988283527165e+02,2.896886754091925198e+00,2.896886754091925198e+00
1.339999999999975877e+01,1.013610416762809621e+02,2.897398232121510819e+00,2.897398232121510819e+00
1.340999999999975856e+01,1.014189947603893813e+02,2.897910369631228278e+00,2.897910369631228278e+00
1.341999999999975834e+01,1.014769580938019686e+02,2.898423160076865734e+00,2.898423160076865734e+00
1.342999999999975813e+01,1.015349316895122485e+02,2.898936596937403909e+00,2.898936596937403909e+00
1.343999999999975792e+01,1.015929155603834744e+02,2.899450673715008975e+00,2.899450673715008975e+00
1.344999999999975770e+01,1.016509097191490980e+02,2.899965383935081409e+00,2.899965383935081409e+00
1.345999999999975749e+01,1.017089141784133233e+02,2.900480721146256435e+00,2.900480721146256435e+00
1.346999999999975728e+01,1.017669289506517600e+02,2.900996678920434224e+00,2.900996678920434224e+00
1.347999999999975707e+01,1.018249540482115094e+02,2.901513250852762571e+00,2.901513250852762571e+00
1.348999999999975685e+01,1.018829894833116896e+02,2.902030430561664431e+00,2.902030430561664431e+00
1.349999999999975664e+01,1.019410352680443310e+02,2.902548211688880553e+00,2.902548211688880553e+00
1.350999999999975643e+01,1.019990914143742486e+02,2.903066587899445494e+00,2.903066587899445494e+00
1.351999999999975621e+01,1.020571579341400508e+02,2.903585552881710719e+00,2.903585552881710719e+00
1.352999999999975600e+01,1.021152348390540965e+02,2.904105100347369017e+00,2.904105100347369017e+00
1.353999999999975579e+01,1.021733221407033341e+02,2.904625224031453179e+00,2.904625224031453179e+00
1.354999999999975557e+01,1.022314198505496421e+02,2.905145917692346202e+00,2.905145917692346202e+00
1.355999999999975536e+01,1.022895279799303410e+02,2.905667175111793732e+00,2.905667175111793732e+00
1.356999999999975515e+01,1.023476465400585198e+02,2.906188990094905389e+00,2.906188990094905389e+00
1.357999999999975493e+01,1.024057755420236617e+02,2.906711356470176533e+00,2.906711356470176533e+00
1.358999999999975472e+01,1.024639149967920275e+02,2.907234268089486484e+00,2.907234268089486484e+00
1.359999999999975451e+01,1.025220649152071957e+02,2.907757718828111848e+00,2.907757718828111848e+00
1.360999999999975429e+01,1.025802253079904887e+02,2.908281702584734507e+00,2.908281702584734507e+00
1.361999999999975408e+01,1.026383961857413283e+02,2.908806213281437625e+00,2.908806213281437625e+00
1.362999999999975387e+01,1.026965775589379177e+02,2.909331244863730959e+00,2.909331244863730959e+00
1.363999999999975365e+01,1.027547694379375969e+02,2.909856791300539758e+00,2.909856791300539758e+00
1.364999999999975344e+01,1.028129718329772686e+02,2.910382846584190109e+00,2.910382846584190109e+00
1.365999999999975323e+01,1.028711847541739388e+02,2.910909404730440908e+00,2.910909404730440908e+00
1.366999999999975302e+01,1.029294082115251996e+02,2.911436459778505181e+00,2.911436459778505181e+00
1.367999999999975280e+01,1.029876422149096697e+02,2.911964005791012777e+00,2.911964005791012777e+00
1.368999999999975259e+01,1.030458867740873217e+02,2.912492036854037014e+00,2.912492036854037014e+00
1.369999999999975238e+01,1.031041418987002061e+02,2.913020547077069367e+00,2.913020547077069367e+00
1.370999999999975216e+01,1.031624075982727788e+02,2.913549530593026571e+00,2.913549530593026571e+00
1.371999999999975195e+01,1.032206838822123842e+02,2.914078981558288817e+00,2.914078981558288817e+00
1.372999999999975174e+01,1.032789707598097095e+02,2.914608894152673102e+00,2.914608894152673102e+00
1.373999999999975152e+01,1.033372682402392684e+02,2.915139262579422574e+00,2.915139262579422574e+00
1.374999999999975131e+01,1.033955763325598980e+02,2.915670081065215857e+00,2.915670081065215857e+00
1.375999999999975110e+01,1.034538950457152282e+02,2.916201343860155948e+00,2.916201343860155948e+00
1.376999999999975088e+01,1.035122243885341078e+02,2.916733045237776434e+00,2.916733045237776434e+00
1.377999999999975067e+01,1.035705643697309597e+02,2.917265179495042826e+00,2.917265179495042826e+00
1.378999999999975046e+01,1.036289149979066337e+02,2.917797740952335683e+00,2.917797740952335683e+00
1.379999999999975024e+01,1.036872762815484634e+02,2.918330723953456385e+00,2.918330723953456385e+00
1.380999999999975003e+01,1.037456482290307918e+02,2.918864122865621802e+00,2.918864122865621802e+00
1.381999999999974982e+01,1.038040308486157812e+02,2.919397932079450531e+00,2.919397932079450531e+00
1.382999999999974960e+01,1.038624241484534423e+02,2.919932146008966001e+00,2.919932146008966001e+00
1.383999999999974939e+01,1.039208281365824575e+02,2.920466759091569831e+00,2.920466759091569831e+00
1.384999999999974918e+01,1.039792428209303523e+02,2.921001765788070692e+00,2.921001765788070692e+00
1.385999999999974897e+01,1.040376682093142193e+02,2.921537160582658554e+00,2.921537160582658554e+00
1.386999999999974875e+01,1.040961043094409035e+02,2.922072937982861607e+00,2.922072937982861607e+00
1.387999999999974854e+01,1.041545511289078405e+02,2.922609092519591556e+00,2.922609092519591556e+00
1.388999999999974833e+01,1.042130086752031843e+02,2.923145618747126306e+00,2.923145618747126306e+00
1.389999999999974811e+01,1.042714769557064187e+02,2.923682511243064663e+00,2.923682511243064663e+00
1.390999999999974790e+01,1.043299559776888827e+02,2.924219764608337879e+00,2.924219764608337879e+00
1.391999999999974769e+01,1.043884457483140125e+02,2.924757373467205213e+00,2.924757373467205213e+00
1.392999999999974747e+01,1.044469462746382646e+02,2.925295332467220621e+00,2.925295332467220621e+00
1.393999999999974726e+01,1.045054575636108751e+02,2.925833636279246974e+00,2.925833636279246974e+00
1.394999999999974705e+01,1.045639796220751236e+02,2.926372279597426740e+00,2.926372279597426740e+00
1.395999999999974683e+01,1.046225124567680496e+02,2.926911257139169997e+00,2.926911257139169997e+00
1.396999999999974662e+01,1.046810560743216030e+02,2.927450563645145998e+00,2.927450563645145998e+00
1.397999999999974641e+01,1.047396104812625310e+02,2.927990193879264957e+00,2.927990193879264957e+00
1.398999999999974619e+01,1.047981756840131169e+02,2.928530142628665178e+00,2.928530142628665178e+00
1.399999999999974598e+01,1.048567516888918334e+02,2.929070404703690400e+00,2.929070404703690400e+00
1.400999999999974577e+01,1.049153385021133573e+02,2.929610974937883139e+00,2.929610974937883139e+00
1.401999999999974555e+01,1.049739361297893652e+02,2.930151848187962926e+00,2.930151848187962926e+00
1.402999999999974534e+01,1.050325445779288742e+02,2.930693019333810323e+00,2.930693019333810323e+00
1.403999999999974513e+01,1.050911638524388394e+02,2.931234483278439384e+00,2.931234483278439384e+00
1.404999999999974492e+01,1.051497939591242528e+02,2.931776234948003879e+00,2.931776234948003879e+00
1.405999999999974470e+01,1.052084349036890814e+02,2.932318269291765755e+00,2.932318269291765755e+00
1.406999999999974449e+01,1.052670866917365089e+02,2.932860581282068946e+00,2.932860581282068946e+00
1.407999999999974428e+01,1.053257493287693052e+02,2.933403165914325594e+00,2.933403165914325594e+00
1.408999999999974406e+01,1.053844228201903235e+02,2.933946018206992967e+00,2.933946018206992967e+00
1.409999999999974385e+01,1.054431071713032111e+02,2.934489133201553912e+00,2.934489133201553912e+00
1.410999999999974364e+01,1.055018023873125230e+02,2.935032505962506644e+00,2.935032505962506644e+00
1.411999999999974342e+01,1.055605084733244325e+02,2.935576131577320780e+00,2.935576131577320780e+00
1.412999999999974321e+01,1.056192254343469017e+02,2.936120005156433788e+00,2.936120005156433788e+00
1.413999999999974300e+01,1.056779532752905482e+02,2.936664121833225227e+00,2.936664121833225227e+00
1.414999999999974278e+01,1.057366920009688158e+02,2.937208476763979448e+00,2.937208476763979448e+00
1.415999999999974257e+01,1.057954416160984721e+02,2.937753065127878482e+00,2.937753065127878482e+00
1.416999999999974236e+01,1.058542021253000911e+02,2.938297882126978511e+00,2.938297882126978511e+00
1.417999999999974214e+01,1.059129735330985227e+02,2.938842922986170336e+00,2.938842922986170336e+00
1.418999999999974193e+01,1.059717558439234324e+02,2.939388182953171835e+00,2.939388182953171835e+00
1.419999999999974172e+01,1.060305490621095714e+02,2.939933657298472003e+00,2.939933657298472003e+00
1.420999999999974150e+01,1.060893531918973167e+02,2.940479341315358930e+00,2.940479341315358930e+00
1.421999999999974129e+01,1.061481682374331825e+02,2.941025230319830097e+00,2.941025230319830097e+00
1.422999999999974108e+01,1.062069942027703178e+02,2.941571319650589711e+00,2.941571319650589711e+00
1.423999999999974087e+01,1.062658310918685913e+02,2.942117604669055808e+00,2.942117604669055808e+00
1.424999999999974065e+01,1.063246789085957005e+02,2.942664080759281653e+00,2.942664080759281653e+00
1.425999999999974044e+01,1.063835376567269151e+02,2.943210743327960177e+00,2.943210743327960177e+00
1.426999999999974023e+01,1.064424073399460582e+02,2.943757587804374243e+00,2.943757587804374243e+00
1.427999999999974001e+01,1.065012879618458612e+02,2.944304609640371773e+00,2.944304609640371773e+00
1.428999999999973980e+01,1.065601795259279214e+02,2.944851804310340881e+00,2.944851804310340881e+00
1.429999999999973959e+01,1.066190820356039666e+02,2.945399167311194777e+00,2.945399167311194777e+00
1.430999999999973937e+01,1.066779954941956703e+02,2.945946694162310475e+00,2.945946694162310475e+00
1.431999999999973916e+01,1.067369199049354052e+02,2.946494380405505265e+00,2.946494380405505265e+00
1.432999999999973895e+01,1.067958552709665128e+02,2.947042221605022050e+00,2.947042221605022050e+00
1.433999999999973873e+01,1.068548015953439432e+02,2.947590213347480503e+00,2.947590213347480503e+00
1.434999999999973852e+01,1.069137588810345534e+02,2.948138351241847754e+00,2.948138351241847754e+00
1.435999999999973831e+01,1.069727271309176615e+02,2.948686630919415741e+00,2.948686630919415741e+00
1.436999999999973809e+01,1.070317063477852884e+02,2.949235048033749695e+00,2.949235048033749695e+00
1.437999999999973788e+01,1.070906965343428539e+02,2.949783598260667716e+00,2.949783598260667716e+00
1.438999999999973767e+01,1.071496976932095606e+02,2.950332277298191919e+00,2.950332277298191919e+00
1.439999999999973745e+01,1.072087098269186924e+02,2.950881080866543105e+00,2.950881080866543105e+00
1.440999999999973724e+01,1.072677329379182680e+02,2.951430004708079924e+00,2.951430004708079924e+00
1.441999999999973703e+01,1.073267670285712114e+02,2.951979044587251355e+00,2.951979044587251355e+00
1.442999999999973681e+01,1.073858121011561479e+02,2.952528196290606033e+00,2.952528196290606033e+00
1.443999999999973660e+01,1.074448681578675178e+02,2.953077455626706538e+00,2.953077455626706538e+00
1.444999999999973639e+01,1.075039352008162439e+02,2.953626818426104084e+00,2.953626818426104084e+00
1.445999999999973618e+01,1.075630132320299026e+02,2.954176280541341626e+00,2.954176280541341626e+00
1.446999999999973596e+01,1.076221022534536615e+02,2.954725837846871705e+00,2.954725837846871705e+00
1.447999999999973575e+01,1.076812022669500379e+02,2.955275486239024918e+00,2.955275486239024918e+00
1.448999999999973554e+01,1.077403132742999929e+02,2.955825221635979716e+00,2.955825221635979716e+00
1.449999999999973532e+01,1.077994352772028321e+02,2.956375039977730435e+00,2.956375039977730435e+00
1.450999999999973511e+01,1.078585682772770866e+02,2.956924937226041994e+00,2.956924937226041994e+00
1.451999999999973490e+01,1.079177122760604988e+02,2.957474909364389060e+00,2.957474909364389060e+00
1.452999999999973468e+01,1.079768672750109886e+02,2.958024952397942275e+00,2.958024952397942275e+00
1.453999999999973447e+01,1.080360332755064832e+02,2.958575062353533180e+00,2.958575062353533180e+00
1.454999999999973426e+01,1.080952102788460394e+02,2.959125235279577826e+00,2.959125235279577826e+00
1.455999999999973404e+01,1.081543982862495028e+02,2.959675467246058123e+00,2.959675467246058123e+00
1.456999999999973383e+01,1.082135972988586161e+02,2.960225754344500082e+00,2.960225754344500082e+00
1.457999999999973362e+01,1.082728073177369765e+02,2.960776092687888106e+00,2.960776092687888106e+00
1.458999999999973340e+01,1.083320283438708032e+02,2.961326478410657437e+00,2.961326478410657437e+00
1.459999999999973319e+01,1.083912603781692070e+02,2.961876907668618220e+00,2.961876907668618220e+00
1.460999999999973298e+01,1.084505034214644894e+02,2.962427376638956389e+00,2.962427376638956389e+00
1.461999999999973276e+01,1.085097574745128242e+02,2.962977881520168832e+00,2.962977881520168832e+00
1.462999999999973255e+01,1.085690225379945701e+02,2.963528418531988784e+00,2.963528418531988784e+00
1.463999999999973234e+01,1.086282986125145698e+02,2.964078983915374721e+00,2.964078983915374721e+00
1.464999999999973213e+01,1.086875856986030158e+02,2.964629573932485940e+00,2.964629573932485940e+00
1.465999999999973191e+01,1.087468837967150677e+02,2.965180184866602175e+00,2.965180184866602175e+00
1.466999999999973170e+01,1.088061929072321732e+02,2.965730813022067203e+00,2.965730813022067203e+00
1.467999999999973149e+01,1.088655130304619831e+02,2.966281454724271072e+00,2.966281454724271072e+00
1.468999999999973127e+01,1.089248441666387066e+02,2.966832106319612805e+00,2.966832106319612805e+00
1.469999999999973106e+01,1.089841863159237931e+02,2.967382764175428012e+00,2.967382764175428012e+00
1.470999999999973085e+01,1.090435394784063448e+02,2.967933424679952026e+00,2.967933424679952026e+00
1.471999999999973063e+01,1.091029036541033150e+02,2.968484084242269283e+00,2.968484084242269283e+00
1.472999999999973042e+01,1.091622788429599495e+02,2.969034739292266245e+00,2.969034739292266245e+00
1.473999999999973021e+01,1.092216650448507238e+02,2.969585386280586992e+00,2.969585386280586992e+00
1.474999999999972999e+01,1.092810622595787322e+02,2.970136021678590588e+00,2.970136021678590588e+00
1.475999999999972978e+01,1.093404704868770807e+02,2.970686641978292020e+00,2.970686641978292020e+00
1.476999999999972957e+01,1.093998897264089862e+02,2.971237243692321339e+00,2.971237243692321339e+00
1.477999999999972935e+01,1.094593199777678336e+02,2.971787823353874813e+00,2.971787823353874813e+00
1.478999999999972914e+01,1.095187612404781419e+02,2.972338377516642982e+00,2.972338377516642982e+00
1.479999999999972893e+01,1.095782135139955074e+02,2.972888902754795115e+00,2.972888902754795115e+00
1.480999999999972871e+01,1.096376767977073854e+02,2.973439395662927698e+00,2.973439395662927698e+00
1.481999999999972850e+01,1.096971510909332039e+02,2.973989852855974725e+00,2.973989852855974725e+00
1.482999999999972829e+01,1.097566363929249320e+02,2.974540270969191269e+00,2.974540270969191269e+00
1.483999999999972808e+01,1.098161327028674350e+02,2.975090646658100635e+00,2.975090646658100635e+00
1.484999999999972786e+01,1.098756400198789578e+02,2.975640976598431298e+00,2.975640976598431298e+00
1.485999999999972765e+01,1.099351583430113237e+02,2.976191257486056951e+00,2.976191257486056951e+00
1.486999999999972744e+01,1.099946876712506310e+02,2.976741486036982742e+00,2.976741486036982742e+00
1.487999999999972722e+01,1.100542280035174514e+02,2.977291658987249789e+00,2.977291658987249789e+00
1.488999999999972701e+01,1.101137793386672286e+02,2.977841773092915645e+00,2.977841773092915645e+00
1.489999999999972680e+01,1.101733416754906330e+02,2.978391825129994785e+00,2.978391825129994785e+00
1.490999999999972658e+01,1.102329150127143151e+02,2.978941811894378677e+00,2.978941811894378677e+00
1.491999999999972637e+01,1.102924993490009484e+02,2.979491730201810462e+00,2.979491730201810462e+00
1.492999999999972616e+01,1.103520946829494704e+02,2.980041576887824561e+00,2.980041576887824561e+00
1.493999999999972594e+01,1.104117010130960921e+02,2.980591348807689833e+00,2.980591348807689833e+00
1.494999999999972573e+01,1.104713183379141128e+02,2.981141042836382926e+00,2.981141042836382926e+00
1.495999999999972552e+01,1.105309466558145459e+02,2.981690655868477702e+00,2.981690655868477702e+00
1.496999999999972530e+01,1.105905859651466159e+02,2.982240184818125694e+00,2.982240184818125694e+00
1.497999999999972509e+01,1.106502362641978863e+02,2.982789626619025025e+00,2.982789626619025025e+00
1.498999999999972488e+01,1.107098975511948140e+02,2.983338978224310267e+00,2.983338978224310267e+00
1.499999999999972466e+01,1.107695698243030904e+02,2.983888236606533351e+00,2.983888236606533351e+00
1.500999999999972445e+01,1.108292530816282095e+02,2.984437398757601834e+00,2.984437398757601834e+00
1.501999999999972424e+01,1.108889473212155110e+02,2.984986461688743375e+00,2.984986461688743375e+00
1.502999999999972403e+01,1.109486525410508904e+02,2.985535422430404928e+00,2.985535422430404928e+00
1.503999999999972381e+01,1.110083687390609697e+02,2.986084278032222983e+00,2.986084278032222983e+00
1.504999999999972360e+01,1.110680959131133960e+02,2.986633025562968502e+00,2.986633025562968502e+00
1.505999999999972339e+01,1.111278340610177793e+02,2.987181662110489189e+00,2.987181662110489189e+00
1.506999999999972317e+01,1.111875831805253654e+02,2.987730184781643761e+00,2.987730184781643761e+00
1.507999999999972296e+01,1.112473432693297468e+02,2.988278590702241999e+00,2.988278590702241999e+00
1.508999999999972275e+01,1.113071143250673458e+02,2.988826877017010553e+00,2.988826877017010553e+00
1.509999999999972253e+01,1.113668963453175991e+02,2.989375040889539203e+00,2.989375040889539203e+00
1.510999999999972232e+01,1.114266893276034693e+02,2.989923079502172065e+00,2.989923079502172065e+00
1.511999999999972211e+01,1.114864932693916444e+02,2.990470990056004919e+00,2.990470990056004919e+00
1.512999999999972189e+01,1.115463081680930202e+02,2.991018769770807495e+00,2.991018769770807495e+00
1.513999999999972168e+01,1.116061340210631698e+02,2.991566415884950203e+00,2.991566415884950203e+00
1.514999999999972147e+01,1.116659708256026136e+02,2.992113925655365492e+00,2.992113925655365492e+00
1.515999999999972125e+01,1.117258185789571456e+02,2.992661296357476797e+00,2.992661296357476797e+00
1.516999999999972104e+01,1.117856772783182322e+02,2.993208525285158572e+00,2.993208525285158572e+00
1.517999999999972083e+01,1.118455469208233808e+02,2.993755609750648361e+00,2.993755609750648361e+00
1.518999999999972061e+01,1.119054275035566803e+02,2.994302547084513488e+00,2.994302547084513488e+00
1.519999999999972040e+01,1.119653190235489291e+02,2.994849334635578231e+00,2.994849334635578231e+00
1.520999999999972019e+01,1.120252214777780182e+02,2.995395969770868305e+00,2.995395969770868305e+00
1.521999999999971998e+01,1.120851348631693440e+02,2.995942449875554470e+00,2.995942449875554470e+00
1.522999999999971976e+01,1.121450591765964049e+02,2.996488772352905006e+00,2.996488772352905006e+00
1.523999999999971955e+01,1.122049944148807157e+02,2.997034934624189795e+00,2.997034934624189795e+00
1.524999999999971934e+01,1.122649405747924334e+02,2.997580934128624808e+00,2.997580934128624808e+00
1.525999999999971912e+01,1.123248976530507974e+02,2.998126768323349456e+00,2.998126768323349456e+00
1.526999999999971891e+01,1.123848656463243287e+02,2.998672434683346655e+00,2.998672434683346655e+00
1.527999999999971870e+01,1.124448445512310855e+02,2.999217930701369550e+00,2.999217930701369550e+00
1.528999999999971848e+01,1.125048343643392457e+02,2.999763253887900216e+00,2.999763253887900216e+00
1.529999999999971827e+01,1.125648350821675052e+02,3.000308401771078604e+00,3.000308401771078604e+00
1.530999999999971806e+01,1.126248467011851204e+02,3.000853371896631039e+00,3.000853371896631039e+00
1.531999999999971784e+01,1.126848692178125333e+02,3.001398161827824040e+00,3.001398161827824040e+00
1.532999999999971763e+01,1.127449026284215563e+02,3.001942769145389711e+00,3.001942769145389711e+00
1.533999999999971742e+01,1.128049469293357987e+02,3.002487191447491988e+00,3.002487191447491988e+00
1.534999999999971720e+01,1.128650021168312207e+02,3.003031426349640931e+00,3.003031426349640931e+00
1.535999999999971699e+01,1.129250681871358069e+02,3.003575471484631887e+00,3.003575471484631887e+00
1.536999999999971678e+01,1.129851451364308588e+02,3.004119324502482424e+00,3.004119324502482424e+00
1.537999999999971656e+01,1.130452329608505408e+02,3.004662983070373272e+00,3.004662983070373272e+00
1.538999999999971635e+01,1.131053316564826474e+02,3.005206444872607019e+00,3.005206444872607019e+00
1.539999999999971614e+01,1.131654412193688728e+02,3.005749707610527732e+00,3.005749707610527732e+00
1.540999999999971593e+01,1.132255616455049108e+02,3.006292769002442355e+00,3.006292769002442355e+00
1.541999999999971571e+01,1.132856929308412646e+02,3.006835626783578075e+00,3.006835626783578075e+00
1.542999999999971550e+01,1.133458350712831049e+02,3.007378278706014374e+00,3.007378278706014374e+00
1.543999999999971529e+01,1.134059880626908807e+02,3.007920722538638625e+00,3.007920722538638625e+00
1.544999999999971507e+01,1.134661519008805612e+02,3.008462956067063487e+00,3.008462956067063487e+00
1.545999999999971486e+01,1.135263265816241187e+02,3.009004977093555411e+00,3.009004977093555411e+00
1.546999999999971465e+01,1.135865121006495571e+02,3.009546783436980011e+00,3.009546783436980011e+00
1.547999999999971443e+01,1.136467084536414944e+02,3.010088372932747447e+00,3.010088372932747447e+00
1.548999999999971422e+01,1.137069156362414617e+02,3.010629743432752470e+00,3.010629743432752470e+00
1.549999999999971401e+01,1.137671336440481866e+02,3.011170892805304256e+00,3.011170892805304256e+00
1.550999999999971379e+01,1.138273624726178639e+02,3.011711818935053131e+00,3.011711818935053131e+00
1.551999999999971358e+01,1.138876021174645814e+02,3.012252519722928845e+00,3.012252519722928845e+00
1.552999999999971337e+01,1.139478525740605619e+02,3.012792993086098381e+00,3.012792993086098381e+00
1.553999999999971315e+01,1.140081138378367172e+02,3.013333236957889127e+00,3.013333236957889127e+00
1.554999999999971294e+01,1.140683859041825059e+02,3.013873249287716050e+00,3.013873249287716050e+00
1.555999999999971273e+01,1.141286687684467722e+02,3.014413028041039944e+00,3.014413028041039944e+00
1.556999999999971251e+01,1.141889624259377172e+02,3.014952571199286613e+00,3.014952571199286613e+00
1.557999999999971230e+01,1.142492668719233251e+02,3.015491876759763379e+00,3.015491876759763379e+00
1.558999999999971209e+01,1.143095821016316904e+02,3.016030942735633769e+00,3.016030942735633769e+00
1.559999999999971187e+01,1.143699081102514157e+02,3.016569767155853565e+00,3.016569767155853565e+00
1.560999999999971166e+01,1.144302448929318103e+02,3.017108348065067780e+00,3.017108348065067780e+00
1.561999999999971145e+01,1.144905924447829904e+02,3.017646683523588003e+00,3.017646683523588003e+00
1.562999999999971124e+01,1.145509507608768587e+02,3.018184771607303141e+00,3.018184771607303141e+00
1.563999999999971102e+01,1.146113198362466221e+02,3.018722610407619911e+00,3.018722610407619911e+00
1.564999999999971081e+01,1.146716996658877292e+02,3.019260198031413545e+00,3.019260198031413545e+00
1.565999999999971060e+01,1.147320902447576572e+02,3.019797532600945189e+00,3.019797532600945189e+00
1.566999999999971038e+01,1.147924915677768496e+02,3.020334612253793516e+00,3.020334612253793516e+00
1.567999999999971017e+01,1.148529036298283046e+02,3.020871435142813866e+00,3.020871435142813866e+00
1.568999999999970996e+01,1.149133264257583988e+02,3.021407999436063196e+00,3.021407999436063196e+00
1.569999999999970974e+01,1.149737599503769729e+02,3.021944303316719260e+00,3.021944303316719260e+00
1.570999999999970953e+01,1.150342041984577435e+02,3.022480344983031753e+00,3.022480344983031753e+00
1.571999999999970932e+01,1.150946591647384167e+02,3.023016122648271686e+00,3.023016122648271686e+00
1.572999999999970910e+01,1.151551248439212713e+02,3.023551634540663002e+00,3.023551634540663002e+00
1.573999999999970889e+01,1.152156012306731299e+02,3.024086878903279541e+00,3.024086878903279541e+00
1.574999999999970868e+01,1.152760883196260124e+02,3.024621853994020615e+00,3.024621853994020615e+00
1.575999999999970846e+01,1.153365861053771226e+02,3.025156558085530634e+00,3.025156558085530634e+00
1.576999999999970825e+01,1.153970945824893164e+02,3.025690989465136482e+00,3.025690989465136482e+00
1.577999999999970804e+01,1.154576137454912583e+02,3.026225146434788904e+00,3.026225146434788904e+00
1.578999999999970782e+01,1.155181435888778054e+02,3.026759027310998995e+00,3.026759027310998995e+00
1.579999999999970761e+01,1.155786841071104334e+02,3.027292630424766262e+00,3.027292630424766262e+00
1.580999999999970740e+01,1.156392352946173219e+02,3.027825954121514673e+00,3.027825954121514673e+00
1.581999999999970719e+01,1.156997971457935961e+02,3.028358996761028710e+00,3.028358996761028710e+00
1.582999999999970697e+01,1.157603696550018384e+02,3.028891756717375650e+00,3.028891756717375650e+00
1.583999999999970676e+01,1.158209528165721878e+02,3.029424232378882031e+00,3.029424232378882031e+00
1.584999999999970655e+01,1.158815466248027377e+02,3.029956422148036399e+00,3.029956422148036399e+00
1.585999999999970633e+01,1.159421510739597210e+02,3.030488324441425352e+00,3.030488324441425352e+00
1.586999999999970612e+01,1.160027661582778649e+02,3.031019937689679811e+00,3.031019937689679811e+00
1.587999999999970591e+01,1.160633918719607038e+02,3.031551260337401299e+00,3.031551260337401299e+00
1.588999999999970569e+01,1.161240282091806932e+02,3.032082290843109540e+00,3.032082290843109540e+00
1.589999999999970548e+01,1.161846751640797208e+02,3.032613027679158080e+00,3.032613027679158080e+00
1.590999999999970527e+01,1.162453327307691495e+02,3.033143469331686326e+00,3.033143469331686326e+00
1.591999999999970505e+01,1.163060009033303146e+02,3.033673614300564036e+00,3.033673614300564036e+00
1.592999999999970484e+01,1.163666796758146518e+02,3.034203461099307830e+00,3.034203461099307830e+00
1.593999999999970463e+01,1.164273690422437681e+02,3.034733008255017683e+00,3.034733008255017683e+00
1.594999999999970441e+01,1.164880689966104796e+02,3.035262254308325414e+00,3.035262254308325414e+00
1.595999999999970420e+01,1.165487795328779015e+02,3.035791197813327180e+00,3.035791197813327180e+00
1.596999999999970399e+01,1.166095006449808693e+02,3.036319837337509320e+00,3.036319837337509320e+00
1.597999999999970377e+01,1.166702323268255128e+02,3.036848171461682178e+00,3.036848171461682178e+00
1.598999999999970356e+01,1.167309745722897105e+02,3.037376198779937919e+00,3.037376198779937919e+00
1.599999999999970335e+01,1.167917273752233029e+02,3.037903917899575923e+00,3.037903917899575923e+00
1.600999999999970314e+01,1.168524907294484763e+02,3.038431327441029950e+00,3.038431327441029950e+00
1.601999999999970470e+01,1.169132646287601176e+02,3.038958426037817517e+00,3.038958426037817517e+00
1.602999999999970626e+01,1.169740490669255308e+02,3.039485212336455966e+00,3.039485212336455966e+00
1.603999999999970782e+01,1.170348440376853603e+02,3.040011684996407393e+00,3.040011684996407393e+00
1.604999999999970939e+01,1.170956495347535906e+02,3.040537842690044901e+00,3.040537842690044901e+00
1.605999999999971095e+01,1.171564655518176039e+02,3.041063684102544684e+00,3.041063684102544684e+00
1.606999999999971251e+01,1.172172920825387479e+02,3.041589207931846950e+00,3.041589207931846950e+00
1.607999999999971408e+01,1.172781291205523360e+02,3.042114412888585750e+00,3.042114412888585750e+00
1.608999999999971564e+01,1.173389766594682584e+02,3.042639297696020595e+00,3.042639297696020595e+00
1.609999999999971720e+01,1.173998346928707122e+02,3.043163861089987154e+00,3.043163861089987154e+00
1.610999999999971877e+01,1.174607032143188405e+02,3.043688101818819547e+00,3.043688101818819547e+00
1.611999999999972033e+01,1.175215822173469746e+02,3.044212018643290829e+00,3.044212018643290829e+00
1.612999999999972189e+01,1.175824716954646618e+02,3.044735610336562814e+00,3.044735610336562814e+00
1.613999999999972346e+01,1.176433716421572058e+02,3.045258875684106581e+00,3.045258875684106581e+00
1.614999999999972502e+01,1.177042820508854106e+02,3.045781813483641631e+00,3.045781813483641631e+00
1.615999999999972658e+01,1.177652029150865332e+02,3.046304422545071056e+00,3.046304422545071056e+00
1.616999999999972815e+01,1.178261342281739275e+02,3.046826701690426464e+00,3.046826701690426464e+00
1.617999999999972971e+01,1.178870759835375566e+02,3.047348649753809369e+00,3.047348649753809369e+00
1.618999999999973127e+01,1.179480281745441630e+02,3.047870265581325011e+00,3.047870265581325011e+00
1.619999999999973284e+01,1.180089907945376808e+02,3.048391548031000209e+00,3.048391548031000209e+00
1.620999999999973440e+01,1.180699638368389941e+02,3.048912495972746051e+00,3.048912495972746051e+00
1.621999999999973596e+01,1.181309472947470027e+02,3.049433108288289507e+00,3.049433108288289507e+00
1.622999999999973753e+01,1.181919411615378124e+02,3.049953383871099266e+00,3.049953383871099266e+00
1.623999999999973909e+01,1.182529454304659282e+02,3.050473321626338219e+00,3.050473321626338219e+00
1.624999999999974065e+01,1.183139600947638428e+02,3.050992920470795511e+00,3.050992920470795511e+00
1.625999999999974222e+01,1.183749851476426045e+02,3.051512179332821262e+00,3.051512179332821262e+00
1.626999999999974378e+01,1.184360205822918459e+02,3.052031097152256400e+00,3.052031097152256400e+00
1.627999999999974534e+01,1.184970663918803240e+02,3.052549672880402465e+00,3.052549672880402465e+00
1.628999999999974690e+01,1.185581225695556782e+02,3.053067905479918576e+00,3.053067905479918576e+00
1.629999999999974847e+01,1.186191891084451129e+02,3.053585793924789904e+00,3.053585793924789904e+00
1.630999999999975003e+01,1.186802660016552551e+02,3.054103337200265944e+00,3.054103337200265944e+00
1.631999999999975159e+01,1.187413532422727656e+02,3.054620534302771251e+00,3.054620534302771251e+00
1.632999999999975316e+01,1.188024508233640120e+02,3.055137384239877019e+00,3.055137384239877019e+00
1.633999999999975472e+01,1.188635587379760494e+02,3.055653886030213595e+00,3.055653886030213595e+00
1.634999999999975628e+01,1.189246769791360521e+02,3.056170038703429626e+00,3.056170038703429626e+00
1.635999999999975785e+01,1.189858055398520946e+02,3.056685841300113005e+00,3.056685841300113005e+00
1.636999999999975941e+01,1.190469444131131098e+02,3.057201292871748244e+00,3.057201292871748244e+00
1.637999999999976097e+01,1.191080935918891583e+02,3.057716392480652967e+00,3.057716392480652967e+00
1.638999999999976254e+01,1.191692530691316847e+02,3.058231139199897974e+00,3.058231139199897974e+00
1.639999999999976410e+01,1.192304228377736877e+02,3.058745532113261500e+00,3.058745532113261500e+00
1.640999999999976566e+01,1.192916028907300472e+02,3.059259570315166599e+00,3.059259570315166599e+00
1.641999999999976723e+01,1.193527932208972544e+02,3.059773252910629626e+00,3.059773252910629626e+00
1.642999999999976879e+01,1.194139938211546905e+02,3.060286579015195407e+00,3.060286579015195407e+00
1.643999999999977035e+01,1.194752046843634332e+02,3.060799547754856853e+00,3.060799547754856853e+00
1.644999999999977192e+01,1.195364258033677629e+02,3.061312158266015437e+00,3.061312158266015437e+00
1.645999999999977348e+01,1.195976571709942959e+02,3.061824409695424354e+00,3.061824409695424354e+00
1.646999999999977504e+01,1.196588987800530788e+02,3.062336301200125899e+00,3.062336301200125899e+00
1.647999999999977661e+01,1.197201506233370623e+02,3.062847831947391963e+00,3.062847831947391963e+00
1.648999999999977817e+01,1.197814126936231531e+02,3.063359001114646762e+00,3.063359001114646762e+00
1.649999999999977973e+01,1.198426849836713899e+02,3.063869807889430863e+00,3.063869807889430863e+00
1.650999999999978129e+01,1.199039674862257812e+02,3.064380251469334127e+00,3.064380251469334127e+00
1.651999999999978286e+01,1.199652601940146326e+02,3.064890331061930429e+00,3.064890331061930429e+00
1.652999999999978442e+01,1.200265630997502058e+02,3.065400045884735025e+00,3.065400045884735025e+00
1.653999999999978598e+01,1.200878761961294146e+02,3.065909395165129503e+00,3.065909395165129503e+00
1.654999999999978755e+01,1.201491994758336972e+02,3.066418378140309819e+00,3.066418378140309819e+00
1.655999999999978911e+01,1.202105329315294853e+02,3.066926994057226796e+00,3.066926994057226796e+00
1.656999999999979067e+01,1.202718765558679621e+02,3.067435242172524390e+00,3.067435242172524390e+00
1.657999999999979224e+01,1.203332303414858870e+02,3.067943121752497948e+00,3.067943121752497948e+00
1.658999999999979380e+01,1.203945942810051548e+02,3.068450632073013828e+00,3.068450632073013828e+00
1.659999999999979536e+01,1.204559683670334920e+02,3.068957772419470320e+00,3.068957772419470320e+00
1.660999999999979693e+01,1.205173525921642295e+02,3.069464542086728809e+00,3.069464542086728809e+00
1.661999999999979849e+01,1.205787469489768995e+02,3.069970940379056934e+00,3.069970940379056934e+00
1.662999999999980005e+01,1.206401514300369797e+02,3.070476966610073521e+00,3.070476966610073521e+00
1.663999999999980162e+01,1.207015660278964901e+02,3.070982620102694405e+00,3.070982620102694405e+00
1.664999999999980318e+01,1.207629907350939931e+02,3.071487900189076914e+00,3.071487900189076914e+00
1.665999999999980474e+01,1.208244255441546784e+02,3.071992806210549709e+00,3.071992806210549709e+00
1.666999999999980631e+01,1.208858704475907757e+02,3.072497337517569704e+00,3.072497337517569704e+00
1.667999999999980787e+01,1.209473254379014548e+02,3.073001493469666556e+00,3.073001493469666556e+00
1.668999999999980943e+01,1.210087905075733801e+02,3.073505273435371610e+00,3.073505273435371610e+00
1.669999999999981100e+01,1.210702656490804827e+02,3.074008676792179262e+00,3.074008676792179262e+00
1.670999999999981256e+01,1.211317508548844444e+02,3.074511702926474133e+00,3.074511702926474133e+00
1.671999999999981412e+01,1.211932461174347679e+02,3.075014351233494203e+00,3.075014351233494203e+00
1.672999999999981569e+01,1.212547514291688486e+02,3.075516621117250882e+00,3.075516621117250882e+00
1.673999999999981725e+01,1.213162667825123009e+02,3.076018511990506354e+00,3.076018511990506354e+00
1.674999999999981881e+01,1.213777921698791715e+02,3.076520023274694093e+00,3.076520023274694093e+00
1.675999999999982037e+01,1.214393275836719113e+02,3.077021154399849578e+00,3.077021154399849578e+00
1.676999999999982194e+01,1.215008730162816875e+02,3.077521904804600084e+00,3.077521904804600084e+00
1.677999999999982350e+01,1.215624284600884550e+02,3.078022273936069642e+00,3.078022273936069642e+00
1.678999999999982506e+01,1.216239939074614682e+02,3.078522261249850178e+00,3.078522261249850178e+00
1.679999999999982663e+01,1.216855693507587972e+02,3.079021866209933123e+00,3.079021866209933123e+00
1.680999999999982819e+01,1.217471547823280673e+02,3.079521088288652120e+00,3.079521088288652120e+00
1.681999999999982975e+01,1.218087501945065156e+02,3.080019926966639954e+00,3.080019926966639954e+00
1.682999999999983132e+01,1.218703555796209912e+02,3.080518381732759270e+00,3.080518381732759270e+00
1.683999999999983288e+01,1.219319709299880969e+02,3.081016452084067492e+00,3.081016452084067492e+00
1.684999999999983444e+01,1.219935962379145309e+02,3.081514137525758201e+00,3.081514137525758201e+00
1.685999999999983601e+01,1.220552314956973134e+02,3.082011437571098966e+00,3.082011437571098966e+00
1.686999999999983757e+01,1.221168766956237590e+02,3.082508351741394481e+00,3.082508351741394481e+00
1.687999999999983913e+01,1.221785318299713765e+02,3.083004879565909295e+00,3.083004879565909295e+00
1.688999999999984070e+01,1.222401968910088215e+02,3.083501020581829621e+00,3.083501020581829621e+00
1.689999999999984226e+01,1.223018718709952424e+02,3.083996774334206048e+00,3.083996774334206048e+00
1.690999999999984382e+01,1.223635567621809201e+02,3.084492140375910463e+00,3.084492140375910463e+00
1.691999999999984539e+01,1.224252515568071971e+02,3.084987118267580986e+00,3.084987118267580986e+00
1.692999999999984695e+01,1.224869562471065763e+02,3.085481707577557575e+00,3.085481707577557575e+00
1.693999999999984851e+01,1.225486708253034749e+02,3.085975907881842062e+00,3.085975907881842062e+00
1.694999999999985008e+01,1.226103952836132578e+02,3.086469718764052850e+00,3.086469718764052850e+00
1.695999999999985164e+01,1.226721296142435165e+02,3.086963139815345425e+00,3.086963139815345425e+00
1.696999999999985320e+01,1.227338738093936286e+02,3.087456170634392372e+00,3.087456170634392372e+00
1.697999999999985477e+01,1.227956278612548573e+02,3.087948810827310986e+00,3.087948810827310986e+00
1.698999999999985633e+01,1.228573917620109057e+02,3.088441060007622418e+00,3.088441060007622418e+00
1.699999999999985789e+01,1.229191655038376609e+02,3.088932917796197053e+00,3.088932917796197053e+00
1.700999999999985945e+01,1.229809490789035067e+02,3.089424383821207876e+00,3.089424383821207876e+00
1.701999999999986102e+01,1.230427424793694797e+02,3.089915457718074077e+00,3.089915457718074077e+00
1.702999999999986258e+01,1.231045456973894971e+02,3.090406139129415752e+00,3.090406139129415752e+00
1.703999999999986414e+01,1.231663587251102712e+02,3.090896427705008165e+00,3.090896427705008165e+00
1.704999999999986571e+01,1.232281815546717070e+02,3.091386323101711575e+00,3.091386323101711575e+00
1.705999999999986727e+01,1.232900141782066044e+02,3.091875824983445487e+00,3.091875824983445487e+00
1.706999999999986883e+01,1.233518565878416240e+02,3.092364933021126028e+00,3.092364933021126028e+00
1.707999999999987040e+01,1.234137087756964917e+02,3.092853646892615327e+00,3.092853646892615327e+00
1.708999999999987196e+01,1.234755707338847088e+02,3.093341966282683320e+00,3.093341966282683320e+00
1.709999999999987352e+01,1.235374424545135241e+02,3.093829890882962452e+00,3.093829890882962452e+00
1.710999999999987509e+01,1.235993239296842034e+02,3.094317420391877960e+00,3.094317420391877960e+00
1.711999999999987665e+01,1.236612151514918168e+02,3.094804554514604344e+00,3.094804554514604344e+00
1.712999999999987821e+01,1.237231161120257781e+02,3.095291292963029850e+00,3.095291292963029850e+00
1.713999999999987978e+01,1.237850268033697603e+02,3.095777635455698729e+00,3.095777635455698729e+00
1.714999999999988134e+01,1.238469472176019224e+02,3.096263581717760172e+00,3.096263581717760172e+00
1.715999999999988290e+01,1.239088773467949238e+02,3.096749131480933670e+00,3.096749131480933670e+00
1.716999999999988447e+01,1.239708171830160808e+02,3.097234284483461053e+00,3.097234284483461053e+00
1.717999999999988603e+01,1.240327667183276219e+02,3.097719040470039875e+00,3.097719040470039875e+00
1.718999999999988759e+01,1.240947259447867879e+02,3.098203399191788776e+00,3.098203399191788776e+00
1.719999999999988916e+01,1.241566948544457034e+02,3.098687360406204849e+00,3.098687360406204849e+00
1.720999999999989072e+01,1.242186734393519885e+02,3.099170923877113015e+00,3.099170923877113015e+00
1.721999999999989228e+01,1.242806616915483175e+02,3.099654089374614063e+00,3.099654089374614063e+00
1.722999999999989384e+01,1.243426596030730593e+02,3.100136856675044683e+00,3.100136856675044683e+00
1.723999999999989541e+01,1.244046671659599639e+02,3.100619225560927728e+00,3.100619225560927728e+00
1.724999999999989697e+01,1.244666843722386886e+02,3.101101195820923362e+00,3.101101195820923362e+00
1.725999999999989853e+01,1.245287112139346419e+02,3.101582767249800199e+00,3.101582767249800199e+00
1.726999999999990010e+01,1.245907476830690968e+02,3.102063939648374014e+00,3.102063939648374014e+00
1.727999999999990166e+01,1.246527937716596171e+02,3.102544712823457562e+00,3.102544712823457562e+00
1.728999999999990322e+01,1.247148494717197877e+02,3.103025086587830828e+00,3.103025086587830828e+00
1.729999999999990479e+01,1.247769147752594705e+02,3.103505060760171741e+00,3.103505060760171741e+00
1.730999999999990635e+01,1.248389896742851732e+02,3.103984635165049522e+00,3.103984635165049522e+00
1.731999999999990791e+01,1.249010741607997232e+02,3.104463809632844740e+00,3.104463809632844740e+00
1.732999999999990948e+01,1.249631682268028072e+02,3.104942583999728001e+00,3.104942583999728001e+00
1.733999999999991104e+01,1.250252718642907155e+02,3.105420958107605323e+00,3.105420958107605323e+00
1.734999999999991260e+01,1.250873850652568535e+02,3.105898931804068397e+00,3.105898931804068397e+00
1.735999999999991417e+01,1.251495078216913299e+02,3.106376504942366168e+00,3.106376504942366168e+00
1.736999999999991573e+01,1.252116401255816953e+02,3.106853677381343104e+00,3.106853677381343104e+00
1.737999999999991729e+01,1.252737819689124876e+02,3.107330448985413884e+00,3.107330448985413884e+00
1.738999999999991886e+01,1.253359333436657863e+02,3.107806819624502559e+00,3.107806819624502559e+00
1.739999999999992042e+01,1.253980942418208855e+02,3.108282789174021232e+00,3.108282789174021232e+00
1.740999999999992198e+01,1.254602646553549334e+02,3.108758357514805226e+00,3.108758357514805226e+00
1.741999999999992355e+01,1.255224445762424921e+02,3.109233524533081550e+00,3.109233524533081550e+00
1.742999999999992511e+01,1.255846339964560201e+02,3.109708290120426710e+00,3.109708290120426710e+00
1.743999999999992667e+01,1.256468329079658588e+02,3.110182654173721417e+00,3.110182654173721417e+00
1.744999999999992824e+01,1.257090413027403173e+02,3.110656616595113722e+00,3.110656616595113722e+00
1.745999999999992980e+01,1.257712591727458715e+02,3.111130177291973276e+00,3.111130177291973276e+00
1.746999999999993136e+01,1.258334865099470221e+02,3.111603336176844259e+00,3.111603336176844259e+00
1.747999999999993292e+01,1.258957233063067918e+02,3.112076093167411628e+00,3.112076093167411628e+00
1.748999999999993449e+01,1.259579695537864552e+02,3.112548448186458927e+00,3.112548448186458927e+00
1.749999999999993605e+01,1.260202252443458519e+02,3.113020401161826989e+00,3.113020401161826989e+00
1.750999999999993761e+01,1.260824903699433861e+02,3.113491952026373966e+00,3.113491952026373966e+00
1.751999999999993918e+01,1.261447649225362113e+02,3.113963100717930477e+00,3.113963100717930477e+00
1.752999999999994074e+01,1.262070488940803301e+02,3.114433847179259196e+00,3.114433847179259196e+00
1.753999999999994230e+01,1.262693422765305655e+02,3.114904191358024654e+00,3.114904191358024654e+00
1.754999999999994387e+01,1.263316450618407316e+02,3.115374133206741281e+00,3.115374133206741281e+00
1.755999999999994543e+01,1.263939572419638040e+02,3.115843672682743648e+00,3.115843672682743648e+00
1.756999999999994699e+01,1.264562788088519909e+02,3.116312809748132295e+00,3.116312809748132295e+00
1.757999999999994856e+01,1.265186097544566621e+02,3.116781544369751966e+00,3.116781544369751966e+00
1.758999999999995012e+01,1.265809500707285764e+02,3.117249876519138763e+00,3.117249876519138763e+00
1.759999999999995168e+01,1.266432997496181514e+02,3.117717806172491279e+00,3.117717806172491279e+00
1.760999999999995325e+01,1.267056587830752363e+02,3.118185333310625751e+00,3.118185333310625751e+00
1.761999999999995481e+01,1.267680271630492967e+02,3.118652457918942300e+00,3.118652457918942300e+00
1.762999999999995637e+01,1.268304048814897271e+02,3.119119179987375201e+00,3.119119179987375201e+00
1.763999999999995794e+01,1.268927919303455383e+02,3.119585499510370230e+00,3.119585499510370230e+00
1.764999999999995950e+01,1.269551883015658831e+02,3.120051416486833595e+00,3.120051416486833595e+00
1.765999999999996106e+01,1.270175939870997297e+02,3.120516930920101739e+00,3.120516930920101739e+00
1.766999999999996263e+01,1.270800089788964442e+02,3.120982042817902258e+00,3.120982042817902258e+00
1.767999999999996419e+01,1.271424332689052648e+02,3.121446752192316598e+00,3.121446752192316598e+00
1.768999999999996575e+01,1.272048668490759553e+02,3.121911059059740534e+00,3.121911059059740534e+00
1.769999999999996732e+01,1.272673097113585641e+02,3.122374963440844198e+00,3.122374963440844198e+00
1.770999999999996888e+01,1.273297618477036082e+02,3.122838465360548543e+00,3.122838465360548543e+00
1.771999999999997044e+01,1.273922232500620026e+02,3.123301564847978273e+00,3.123301564847978273e+00
1.772999999999997200e+01,1.274546939103856147e+02,3.123764261936437414e+00,3.123764261936437414e+00
1.773999999999997357e+01,1.275171738206266241e+02,3.124226556663336929e+00,3.124226556663336929e+00
1.774999999999997513e+01,1.275796629727384612e+02,3.124688449070200047e+00,3.124688449070200047e+00
1.775999999999997669e+01,1.276421613586748265e+02,3.125149939202620075e+00,3.125149939202620075e+00
1.776999999999997826e+01,1.277046689703910261e+02,3.125611027110200002e+00,3.125611027110200002e+00
1.777999999999997982e+01,1.277671857998429203e+02,3.126071712846539175e+00,3.126071712846539175e+00
1.778999999999998138e+01,1.278297118389876346e+02,3.126531996469198660e+00,3.126531996469198660e+00
1.779999999999998295e+01,1.278922470797836297e+02,3.126991878039658612e+00,3.126991878039658612e+00
1.780999999999998451e+01,1.279547915141903047e+02,3.127451357623274308e+00,3.127451357623274308e+00
1.781999999999998607e+01,1.280173451341686928e+02,3.127910435289254387e+00,3.127910435289254387e+00
1.782999999999998764e+01,1.280799079316812197e+02,3.128369111110637313e+00,3.128369111110637313e+00
1.783999999999998920e+01,1.281424798986916471e+02,3.128827385164230090e+00,3.128827385164230090e+00
1.784999999999999076e+01,1.282050610271654421e+02,3.129285257530590503e+00,3.129285257530590503e+00
1.785999999999999233e+01,1.282676513090697483e+02,3.129742728293986698e+00,3.129742728293986698e+00
1.786999999999999389e+01,1.283302507363733014e+02,3.130199797542376317e+00,3.130199797542376317e+00
1.787999999999999545e+01,1.283928593010467125e+02,3.130656465367367858e+00,3.130656465367367858e+00
1.788999999999999702e+01,1.284554769950624689e+02,3.131112731864171383e+00,3.131112731864171383e+00
1.789999999999999858e+01,1.285181038103950186e+02,3.131568597131572318e+00,3.131568597131572318e+00
1.791000000000000014e+01,1.285807397390206575e+02,3.132024061271915016e+00,3.132024061271915016e+00
1.792000000000000171e+01,1.286433847729180400e+02,3.132479124391069458e+00,3.132479124391069458e+00
1.793000000000000327e+01,1.287060389040676398e+02,3.132933786598363746e+00,3.132933786598363746e+00
1.794000000000000483e+01,1.287687021244525170e+02,3.133388048006595650e+00,3.133388048006595650e+00
1.795000000000000639e+01,1.288313744260578630e+02,3.133841908731974879e+00,3.133841908731974879e+00
1.796000000000000796e+01,1.288940558008710013e+02,3.134295368894098655e+00,3.134295368894098655e+00
1.797000000000000952e+01,1.289567462408819551e+02,3.134748428615918847e+00,3.134748428615918847e+00
1.798000000000001108e+01,1.290194457380832773e+02,3.135201088023707339e+00,3.135201088023707339e+00
1.799000000000001265e+01,1.290821542844698797e+02,3.135653347247036482e+00,3.135653347247036482e+00
1.800000000000001421e+01,1.291448718720393742e+02,3.136105206418727587e+00,3.136105206418727587e+00
1.801000000000001577e+01,1.292075984927921581e+02,3.136556665674837152e+00,3.136556665674837152e+00
1.802000000000001734e+01,1.292703341387311866e+02,3.137007725154626225e+00,3.137007725154626225e+00
1.803000000000001890e+01,1.293330788018624560e+02,3.137458385000516436e+00,3.137458385000516436e+00
1.804000000000002046e+01,1.293958324741946626e+02,3.137908645358066462e+00,3.137908645358066462e+00
1.805000000000002203e+01,1.294585951477395440e+02,3.138358506375948931e+00,3.138358506375948931e+00
1.806000000000002359e+01,1.295213668145117367e+02,3.138807968205908683e+00,3.138807968205908683e+00
1.807000000000002515e+01,1.295841474665291457e+02,3.139257031002744558e+00,3.139257031002744558e+00
1.808000000000002672e+01,1.296469370958126319e+02,3.139705694924265877e+00,3.139705694924265877e+00
1.809000000000002828e+01,1.297097356943862678e+02,3.140153960131277344e+00,3.140153960131277344e+00
1.810000000000002984e+01,1.297725432542773376e+02,3.140601826787542628e+00,3.140601826787542628e+00
1.811000000000003141e+01,1.298353597675165645e+02,3.141049295059743063e+00,3.141049295059743063e+00
1.812000000000003297e+01,1.298981852261379117e+02,3.141496365117482537e+00,3.141496365117482537e+00
1.813000000000003453e+01,1.299610196221787817e+02,3.141943037133217320e+00,3.141943037133217320e+00
1.814000000000003610e+01,1.300238629476801293e+02,3.142389311282264508e+00,3.142389311282264508e+00
1.815000000000003766e+01,1.300867151946863771e+02,3.142835187742746061e+00,3.142835187742746061e+00
1.816000000000003922e+01,1.301495763552455571e+02,3.143280666695576819e+00,3.143280666695576819e+00
1.817000000000004079e+01,1.302124464214093393e+02,3.143725748324423641e+00,3.143725748324423641e+00
1.818000000000004235e+01,1.302753253852330033e+02,3.144170432815688088e+00,3.144170432815688088e+00
1.819000000000004391e+01,1.303382132387758645e+02,3.144614720358485993e+00,3.144614720358485993e+00
1.820000000000004547e+01,1.304011099741006205e+02,3.145058611144601723e+00,3.145058611144601723e+00
1.821000000000004704e+01,1.304640155832743176e+02,3.145502105368461088e+00,3.145502105368461088e+00
1.822000000000004860e+01,1.305269300583675829e+02,3.145945203227118903e+00,3.145945203227118903e+00
1.823000000000005016e+01,1.305898533914550228e+02,3.146387904920225687e+00,3.146387904920225687e+00
1.824000000000005173e+01,1.306527855746153648e+02,3.146830210649993465e+00,3.146830210649993465e+00
1.825000000000005329e+01,1.307157265999313722e+02,3.147272120621185998e+00,3.147272120621185998e+00
1.826000000000005485e+01,1.307786764594901570e+02,3.147713635041078373e+00,3.147713635041078373e+00
1.827000000000005642e+01,1.308416351453824689e+02,3.148154754119430354e+00,3.148154754119430354e+00
1.828000000000005798e+01,1.309046026497036621e+02,3.148595478068466846e+00,3.148595478068466846e+00
1.829000000000005954e+01,1.309675789645534678e+02,3.149035807102851692e+00,3.149035807102851692e+00
1.830000000000006111e+01,1.310305640820355109e+02,3.149475741439658805e+00,3.149475741439658805e+00
1.831000000000006267e+01,1.310935579942581626e+02,3.149915281298353520e+00,3.149915281298353520e+00
1.832000000000006423e+01,1.311565606933340860e+02,3.150354426900749072e+00,3.150354426900749072e+00
1.833000000000006580e+01,1.312195721713804346e+02,3.150793178470997269e+00,3.150793178470997269e+00
1.834000000000006736e+01,1.312825924205185970e+02,3.151231536235563180e+00,3.151231536235563180e+00
1.835000000000006892e+01,1.313456214328749354e+02,3.151669500423195824e+00,3.151669500423195824e+00
1.836000000000007049e+01,1.314086592005802174e+02,3.152107071264909521e+00,3.152107071264909521e+00
1.837000000000007205e+01,1.314717057157697297e+02,3.152544248993945697e+00,3.152544248993945697e+00
1.838000000000007361e+01,1.315347609705836476e+02,3.152981033845762227e+00,3.152981033845762227e+00
1.839000000000007518e+01,1.315978249571666936e+02,3.153417426058005013e+00,3.153417426058005013e+00
1.840000000000007674e+01,1.316608976676685927e+02,3.153853425870477789e+00,3.153853425870477789e+00
1.841000000000007830e+01,1.317239790942437310e+02,3.154289033525122576e+00,3.154289033525122576e+00
1.842000000000007987e+01,1.317870692290513261e+02,3.154724249266000147e+00,3.154724249266000147e+00
1.843000000000008143e+01,1.318501680642556551e+02,3.155159073339273146e+00,3.155159073339273146e+00
1.844000000000008299e+01,1.319132755920257694e+02,3.155593505993166570e+00,3.155593505993166570e+00
1.845000000000008455e+01,1.319763918045357514e+02,3.156027547477935791e+00,3.156027547477935791e+00
1.846000000000008612e+01,1.320395166939647424e+02,3.156461198045867445e+00,3.156461198045867445e+00
1.847000000000008768e+01,1.321026502524970283e+02,3.156894457951255895e+00,3.156894457951255895e+00
1.848000000000008924e+01,1.321657924723218400e+02,3.157327327450376586e+00,3.157327327450376586e+00
1.849000000000009081e+01,1.322289433456335530e+02,3.157759806801438529e+00,3.157759806801438529e+00
1.850000000000009237e+01,1.322921028646320565e+02,3.158191896264593623e+00,3.158191896264593623e+00
1.851000000000009393e+01,1.323552710215219008e+02,3.158623596101902908e+00,3.158623596101902908e+00
1.852000000000009550e+01,1.324184478085133776e+02,3.159054906577318356e+00,3.159054906577318356e+00
1.853000000000009706e+01,1.324816332178218659e+02,3.159485827956652670e+00,3.159485827956652670e+00
1.854000000000009862e+01,1.325448272416680879e+02,3.159916360507562416e+00,3.159916360507562416e+00
1.855000000000010019e+01,1.326080298722781095e+02,3.160346504499527587e+00,3.160346504499527587e+00
1.856000000000010175e+01,1.326712411018836519e+02,3.160776260203824073e+00,3.160776260203824073e+00
1.857000000000010331e+01,1.327344609227215244e+02,3.161205627893516112e+00,3.161205627893516112e+00
1.858000000000010488e+01,1.327976893270342487e+02,3.161634607843418099e+00,3.161634607843418099e+00
1.859000000000010644e+01,1.328609263070696613e+02,3.162063200330087476e+00,3.162063200330087476e+00
1.860000000000010800e+01,1.329241718550813971e+02,3.162491405631790986e+00,3.162491405631790986e+00
1.861000000000010957e+01,1.329874259633286329e+02,3.162919224028495346e+00,3.162919224028495346e+00
1.862000000000011113e+01,1.330506886240758035e+02,3.163346655801838825e+00,3.163346655801838825e+00
1.863000000000011269e+01,1.331139598295935400e+02,3.163773701235115254e+00,3.163773701235115254e+00
1.864000000000011426e+01,1.331772395721577311e+02,3.164200360613256269e+00,3.164200360613256269e+00
1.865000000000011582e+01,1.332405278440502059e+02,3.164626634222806878e+00,3.164626634222806878e+00
1.866000000000011738e+01,1.333038246375583640e+02,3.165052522351910369e+00,3.165052522351910369e+00
1.867000000000011894e+01,1.333671299449756305e+02,3.165478025290273223e+00,3.165478025290273223e+00
1.868000000000012051e+01,1.334304437586010295e+02,3.165903143329166891e+00,3.165903143329166891e+00
1.869000000000012207e+01,1.334937660707394684e+02,3.166327876761388715e+00,3.166327876761388715e+00
1.870000000000012363e+01,1.335570968737018234e+02,3.166752225881268590e+00,3.166752225881268590e+00
1.871000000000012520e+01,1.336204361598047115e+02,3.167176190984611672e+00,3.167176190984611672e+00
1.872000000000012676e+01,1.336837839213707753e+02,3.167599772368710820e+00,3.167599772368710820e+00
1.873000000000012832e+01,1.337471401507287112e+02,3.168022970332324828e+00,3.168022970332324828e+00
1.874000000000012989e+01,1.338105048402130706e+02,3.168445785175645568e+00,3.168445785175645568e+00
1.875000000000013145e+01,1.338738779821643448e+02,3.168868217200288662e+00,3.168868217200288662e+00
1.876000000000013301e+01,1.339372595689293348e+02,3.169290266709268167e+00,3.169290266709268167e+00
1.877000000000013458e+01,1.340006495928606682e+02,3.169711934006988585e+00,3.169711934006988585e+00
1.878000000000013614e+01,1.340640480463172821e+02,3.170133219399215996e+00,3.170133219399215996e+00
1.879000000000013770e+01,1.341274549216639116e+02,3.170554123193071394e+00,3.170554123193071394e+00
1.880000000000013927e+01,1.341908702112719425e+02,3.170974645697006267e+00,3.170974645697006267e+00
1.881000000000014083e+01,1.342542939075185018e+02,3.171394787220767064e+00,3.171394787220767064e+00
1.882000000000014239e+01,1.343177260027871114e+02,3.171814548075416962e+00,3.171814548075416962e+00
1.883000000000014396e+01,1.343811664894675459e+02,3.172233928573288786e+00,3.172233928573288786e+00
1.884000000000014552e+01,1.344446153599557761e+02,3.172652929027973912e+00,3.172652929027973912e+00
1.885000000000014708e+01,1.345080726066540819e+02,3.173071549754312048e+00,3.173071549754312048e+00
1.886000000000014865e+01,1.345715382219710818e+02,3.173489791068362376e+00,3.173489791068362376e+00
1.887000000000015021e+01,1.346350121983217036e+02,3.173907653287398212e+00,3.173907653287398212e+00
1.888000000000015177e+01,1.346984945281271848e+02,3.174325136729875041e+00,3.174325136729875041e+00
1.889000000000015334e+01,1.347619852038151578e+02,3.174742241715437174e+00,3.174742241715437174e+00
1.890000000000015490e+01,1.348254842178197350e+02,3.175158968564886663e+00,3.175158968564886663e+00
1.891000000000015646e+01,1.348889915625814808e+02,3.175575317600153546e+00,3.175575317600153546e+00
1.892000000000015802e+01,1.349525072305471554e+02,3.175991289144308283e+00,3.175991289144308283e+00
1.893000000000015959e+01,1.350160312141704253e+02,3.176406883521528446e+00,3.176406883521528446e+00
1.894000000000016115e+01,1.350795635059109543e+02,3.176822101057082293e+00,3.176822101057082293e+00
1.895000000000016271e+01,1.351431040982352556e+02,3.177236942077319881e+00,3.177236942077319881e+00
1.896000000000016428e+01,1.352066529836163511e+02,3.177651406909653087e+00,3.177651406909653087e+00
1.897000000000016584e+01,1.352702101545337143e+02,3.178065495882533842e+00,3.178065495882533842e+00
1.898000000000016740e+01,1.353337756034734696e+02,3.178479209325451915e+00,3.178479209325451915e+00
1.899000000000016897e+01,1.353973493229283065e+02,3.178892547568914484e+00,3.178892547568914484e+00
1.900000000000017053e+01,1.354609313053975086e+02,3.179305510944419044e+00,3.179305510944419044e+00
1.901000000000017209e+01,1.355245215433870953e+02,3.179718099784464069e+00,3.179718099784464069e+00
1.902000000000017366e+01,1.355881200294096800e+02,3.180130314422505045e+00,3.180130314422505045e+00
1.903000000000017522e+01,1.356517267559845550e+02,3.180542155192963349e+00,3.180542155192963349e+00
1.904000000000017678e+01,1.357153417156376918e+02,3.180953622431193395e+00,3.180953622431193395e+00
1.905000000000017835e+01,1.357789649009018262e+02,3.181364716473473297e+00,3.181364716473473297e+00
1.906000000000017991e+01,1.358425963043164302e+02,3.181775437656998662e+00,3.181775437656998662e+00
1.907000000000018147e+01,1.359062359184277113e+02,3.182185786319854603e+00,3.182185786319854603e+00
1.908000000000018304e+01,1.359698837357886703e+02,3.182595762801020634e+00,3.182595762801020634e+00
1.909000000000018460e+01,1.360335397489587876e+02,3.183005367440345790e+00,3.183005367440345790e+00
1.910000000000018616e+01,1.360972039505050759e+02,3.183414600578528209e+00,3.183414600578528209e+00
1.911000000000018773e+01,1.361608763330007150e+02,3.183823462557100026e+00,3.183823462557100026e+00
1.912000000000018929e+01,1.362245568890257630e+02,3.184231953718421604e+00,3.184231953718421604e+00
1.913000000000019085e+01,1.362882456111676390e+02,3.184640074405675758e+00,3.184640074405675758e+00
1.914000000000019241e+01,1.363519424920200152e+02,3.185047824962838448e+00,3.185047824962838448e+00
1.915000000000019398e+01,1.364156475241839246e+02,3.185455205734685435e+00,3.185455205734685435e+00
1.916000000000019554e+01,1.364793607002669944e+02,3.185862217066753210e+00,3.185862217066753210e+00
1.917000000000019710e+01,1.365430820128839002e+02,3.186268859305331436e+00,3.186268859305331436e+00
1.918000000000019867e+01,1.366068114546563379e+02,3.186675132797465171e+00,3.186675132797465171e+00
1.919000000000020023e+01,1.366705490182127392e+02,3.187081037890932667e+00,3.187081037890932667e+00
1.920000000000020179e+01,1.367342946961886412e+02,3.187486574934235151e+00,3.187486574934235151e+00
1.921000000000020336e+01,1.367980484812266013e+02,3.187891744276577288e+00,3.187891744276577288e+00
1.922000000000020492e+01,1.368618103659760834e+02,3.188296546267857856e+00,3.188296546267857856e+00
1.923000000000020648e+01,1.369255803430934861e+02,3.188700981258660416e+00,3.188700981258660416e+00
1.924000000000020805e+01,1.369893584052422852e+02,3.189105049600242214e+00,3.189105049600242214e+00
1.925000000000020961e+01,1.370531445450931756e+02,3.189508751644519080e+00,3.189508751644519080e+00
1.926000000000021117e+01,1.371169387553236447e+02,3.189912087744046776e+00,3.189912087744046776e+00
1.927000000000021274e+01,1.371807410286183142e+02,3.190315058252011671e+00,3.190315058252011671e+00
1.928000000000021430e+01,1.372445513576689109e+02,3.190717663522227188e+00,3.190717663522227188e+00
1.929000000000021586e+01,1.373083697351741819e+02,3.191119903909119149e+00,3.191119903909119149e+00
1.930000000000021743e+01,1.373721961538400649e+02,3.191521779767717781e+00,3.191521779767717781e+00
1.931000000000021899e+01,1.374360306063794894e+02,3.191923291453624856e+00,3.191923291453624856e+00
1.932000000000022055e+01,1.374998730855126041e+02,3.192324439323015906e+00,3.192324439323015906e+00
1.933000000000022212e+01,1.375637235839666914e+02,3.192725223732646889e+00,3.192725223732646889e+00
1.934000000000022368e+01,1.376275820944759687e+02,3.193125645039812444e+00,3.193125645039812444e+00
1.935000000000022524e+01,1.376914486097822135e+02,3.193525703602348997e+00,3.193525703602348997e+00
1.936000000000022681e+01,1.377553231226338823e+02,3.193925399778619667e+00,3.193925399778619667e+00
1.937000000000022837e+01,1.378192056257869069e+02,3.194324733927516036e+00,3.194324733927516036e+00
1.938000000000022993e+01,1.378830961120043241e+02,3.194723706408433284e+00,3.194723706408433284e+00
1.939000000000023149e+01,1.379469945740564469e+02,3.195122317581255977e+00,3.195122317581255977e+00
1.940000000000023306e+01,1.380109010047206084e+02,3.195520567806362955e+00,3.195520567806362955e+00
1.941000000000023462e+01,1.380748153967816449e+02,3.195918457444602900e+00,3.195918457444602900e+00
1.942000000000023618e+01,1.381387377430312426e+02,3.196315986857289460e+00,3.196315986857289460e+00
1.943000000000023775e+01,1.382026680362685056e+02,3.196713156406187917e+00,3.196713156406187917e+00
1.944000000000023931e+01,1.382666062692999276e+02,3.197109966453516527e+00,3.197109966453516527e+00
1.945000000000024087e+01,1.383305524349389088e+02,3.197506417361915432e+00,3.197506417361915432e+00
1.946000000000024244e+01,1.383945065260064382e+02,3.197902509494448431e+00,3.197902509494448431e+00
1.947000000000024400e+01,1.384584685353306384e+02,3.198298243214606540e+00,3.198298243214606540e+00
1.948000000000024556e+01,1.385224384557468795e+02,3.198693618886273349e+00,3.198693618886273349e+00
1.949000000000024713e+01,1.385864162800978079e+02,3.199088636873732572e+00,3.199088636873732572e+00
1.950000000000024869e+01,1.386504020012332887e+02,3.199483297541635185e+00,3.199483297541635185e+00
1.951000000000025025e+01,1.387143956120107759e+02,3.199877601255025183e+00,3.199877601255025183e+00
1.952000000000025182e+01,1.387783971052947436e+02,3.200271548379295616e+00,3.200271548379295616e+00
1.953000000000025338e+01,1.388424064739571122e+02,3.200665139280199689e+00,3.200665139280199689e+00
1.954000000000025494e+01,1.389064237108769362e+02,3.201058374323839661e+00,3.201058374323839661e+00
1.955000000000025651e+01,1.389704488089409153e+02,3.201451253876645087e+00,3.201451253876645087e+00
1.956000000000025807e+01,1.390344817610427413e+02,3.201843778305373700e+00,3.201843778305373700e+00
1.957000000000025963e+01,1.390985225600836372e+02,3.202235947977110975e+00,3.202235947977110975e+00
1.958000000000026120e+01,1.391625711989722447e+02,3.202627763259243920e+00,3.202627763259243920e+00
1.959000000000026276e+01,1.392266276706243104e+02,3.203019224519444652e+00,3.203019224519444652e+00
1.960000000000026432e+01,1.392906919679631415e+02,3.203410332125694815e+00,3.203410332125694815e+00
1.961000000000026589e+01,1.393547640839193207e+02,3.203801086446257607e+00,3.203801086446257607e+00
1.962000000000026745e+01,1.394188440114309060e+02,3.204191487849653797e+00,3.204191487849653797e+00
1.963000000000026901e+01,1.394829317434431175e+02,3.204581536704678602e+00,3.204581536704678602e+00
1.964000000000027057e+01,1.395470272729087355e+02,3.204971233380384366e+00,3.204971233380384366e+00
1.965000000000027214e+01,1.396111305927878448e+02,3.205360578246055692e+00,3.205360578246055692e+00
1.966000000000027370e+01,1.396752416960480332e+02,3.205749571671239639e+00,3.205749571671239639e+00
1.967000000000027526e+01,1.397393605756640227e+02,3.206138214025693767e+00,3.206138214025693767e+00
1.968000000000027683e+01,1.398034872246182658e+02,3.206526505679402561e+00,3.206526505679402561e+00
1.969000000000027839e+01,1.398676216359002638e+02,3.206914447002574331e+00,3.206914447002574331e+00
1.970000000000027995e+01,1.399317638025072768e+02,3.207302038365611008e+00,3.207302038365611008e+00
1.971000000000028152e+01,1.399959137174437842e+02,3.207689280139104593e+00,3.207689280139104593e+00
1.972000000000028308e+01,1.400600713737215415e+02,3.208076172693852257e+00,3.208076172693852257e+00
1.973000000000028464e+01,1.401242367643600915e+02,3.208462716400833692e+00,3.208462716400833692e+00
1.974000000000028621e+01,1.401884098823860541e+02,3.208848911631204892e+00,3.208848911631204892e+00
1.975000000000028777e+01,1.402525907208337514e+02,3.209234758756273731e+00,3.209234758756273731e+00
1.976000000000028933e+01,1.403167792727446681e+02,3.209620258147507066e+00,3.209620258147507066e+00
1.977000000000029090e+01,1.403809755311678487e+02,3.210005410176534735e+00,3.210005410176534735e+00
1.978000000000029246e+01,1.404451794891597558e+02,3.210390215215130461e+00,3.210390215215130461e+00
1.979000000000029402e+01,1.405093911397843840e+02,3.210774673635202081e+00,3.210774673635202081e+00
1.980000000000029559e+01,1.405736104761130036e+02,3.211158785808776006e+00,3.211158785808776006e+00
1.981000000000029715e+01,1.406378374912244738e+02,3.211542552108008319e+00,3.211542552108008319e+00
1.982000000000029871e+01,1.407020721782049861e+02,3.211925972905180338e+00,3.211925972905180338e+00
1.983000000000030028e+01,1.407663145301482928e+02,3.212309048572674186e+00,3.212309048572674186e+00
1.984000000000030184e+01,1.408305645401554216e+02,3.212691779482956367e+00,3.212691779482956367e+00
1.985000000000030340e+01,1.408948222013349323e+02,3.213074166008615951e+00,3.213074166008615951e+00
1.986000000000030496e+01,1.409590875068029447e+02,3.213456208522309066e+00,3.213456208522309066e+00
1.987000000000030653e+01,1.410233604496829685e+02,3.213837907396775329e+00,3.213837907396775329e+00
1.988000000000030809e+01,1.410876410231059310e+02,3.214219263004836069e+00,3.214219263004836069e+00
1.989000000000030965e+01,1.411519292202102349e+02,3.214600275719367239e+00,3.214600275719367239e+00
1.990000000000031122e+01,1.412162250341416154e+02,3.214980945913315402e+00,3.214980945913315402e+00
1.991000000000031278e+01,1.412805284580535385e+02,3.215361273959672861e+00,3.215361273959672861e+00
1.992000000000031434e+01,1.413448394851067178e+02,3.215741260231480325e+00,3.215741260231480325e+00
1.993000000000031591e+01,1.414091581084694269e+02,3.216120905101826466e+00,3.216120905101826466e+00
1.994000000000031747e+01,1.414734843213173292e+02,3.216500208943829264e+00,3.216500208943829264e+00
1.995000000000031903e+01,1.415378181168336482e+02,3.216879172130633346e+00,3.216879172130633346e+00
1.996000000000032060e+01,1.416021594882089687e+02,3.217257795035412204e+00,3.217257795035412204e+00
1.997000000000032216e+01,1.416665084286413503e+02,3.217636078031347768e+00,3.217636078031347768e+00
1.998000000000032372e+01,1.417308649313364128e+02,3.218014021491630849e+00,3.218014021491630849e+00
1.999000000000032529e+01,1.417952289895071658e+02,3.218391625789467358e+00,3.218391625789467358e+00
2.000000000000032685e+01,1.418596005963740652e+02,3.218768891298056989e+00,3.218768891298056989e+00
2.001000000000032841e+01,1.419239797451650418e+02,3.219145818390585223e+00,3.219145818390585223e+00
2.002000000000032998e+01,1.419883664291155867e+02,3.219522407440233103e+00,3.219522407440233103e+00
2.003000000000033154e+01,1.420527606414684954e+02,3.219898658820158577e+00,3.219898658820158577e+00
2.004000000000033310e+01,1.421171623754740949e+02,3.220274572903484955e+00,3.220274572903484955e+00
2.005000000000033467e+01,1.421815716243903012e+02,3.220650150063317341e+00,3.220650150063317341e+00
2.006000000000033623e+01,1.422459883814822490e+02,3.221025390672725752e+00,3.221025390672725752e+00
2.007000000000033779e+01,1.423104126400227187e+02,3.221400295104731804e+00,3.221400295104731804e+00
2.008000000000033936e+01,1.423748443932918804e+02,3.221774863732311367e+00,3.221774863732311367e+00
2.009000000000034092e+01,1.424392836345773787e+02,3.222149096928398126e+00,3.222149096928398126e+00
2.010000000000034248e+01,1.425037303571743053e+02,3.222522995065858709e+00,3.222522995065858709e+00
2.011000000000034404e+01,1.425681845543852262e+02,3.222896558517484689e+00,3.222896558517484689e+00
2.012000000000034561e+01,1.426326462195201827e+02,3.223269787656025009e+00,3.223269787656025009e+00
2.013000000000034717e+01,1.426971153458966057e+02,3.223642682854146457e+00,3.223642682854146457e+00
2.014000000000034873e+01,1.427615919268393725e+02,3.224015244484430109e+00,3.224015244484430109e+00
2.015000000000035030e+01,1.428260759556809205e+02,3.224387472919381548e+00,3.224387472919381548e+00
2.016000000000035186e+01,1.428905674257610485e+02,3.224759368531417536e+00,3.224759368531417536e+00
2.017000000000035342e+01,1.429550663304269733e+02,3.225130931692859360e+00,3.225130931692859360e+00
2.018000000000035499e+01,1.430195726630335287e+02,3.225502162775930159e+00,3.225502162775930159e+00
2.019000000000035655e+01,1.430840864169427391e+02,3.225873062152752269e+00,3.225873062152752269e+00
2.020000000000035811e+01,1.431486075855242461e+02,3.226243630195346768e+00,3.226243630195346768e+00
2.021000000000035968e+01,1.432131361621551946e+02,3.226613867275611724e+00,3.226613867275611724e+00
2.022000000000036124e+01,1.432776721402198348e+02,3.226983773765330632e+00,3.226983773765330632e+00
2.023000000000036280e+01,1.433422155131101761e+02,3.227353350036175961e+00,3.227353350036175961e+00
2.024000000000036437e+01,1.434067662742256459e+02,3.227722596459679405e+00,3.227722596459679405e+00
2.025000000000036593e+01,1.434713244169729194e+02,3.228091513407262969e+00,3.228091513407262969e+00
2.026000000000036749e+01,1.435358899347662316e+02,3.228460101250190561e+00,3.228460101250190561e+00
2.027000000000036906e+01,1.436004628210271505e+02,3.228828360359600413e+00,3.228828360359600413e+00
2.028000000000037062e+01,1.436650430691847760e+02,3.229196291106489536e+00,3.229196291106489536e+00
2.029000000000037218e+01,1.437296306726755404e+02,3.229563893861708834e+00,3.229563893861708834e+00
2.030000000000037375e+01,1.437942256249432944e+02,3.229931168995948454e+00,3.229931168995948454e+00
2.031000000000037531e+01,1.438588279194393635e+02,3.230298116879747550e+00,3.230298116879747550e+00
2.032000000000037687e+01,1.439234375496224061e+02,3.230664737883484960e+00,3.230664737883484960e+00
2.033000000000037844e+01,1.439880545089585837e+02,3.231031032377372103e+00,3.231031032377372103e+00
2.034000000000038000e+01,1.440526787909213056e+02,3.231397000731466740e+00,3.231397000731466740e+00
2.035000000000038156e+01,1.441173103889916263e+02,3.231762643315639671e+00,3.231762643315639671e+00
2.036000000000038312e+01,1.441819492966577059e+02,3.232127960499585839e+00,3.232127960499585839e+00
2.037000000000038469e+01,1.442465955074152930e+02,3.232492952652838092e+00,3.232492952652838092e+00
2.038000000000038625e+01,1.443112490147674407e+02,3.232857620144725441e+00,3.232857620144725441e+00
2.039000000000038781e+01,1.443759098122246769e+02,3.233221963344404148e+00,3.233221963344404148e+00
2.040000000000038938e+01,1.444405778933047486e+02,3.233585982620835075e+00,3.233585982620835075e+00
2.041000000000039094e+01,1.445052532515329915e+02,3.233949678342772138e+00,3.233949678342772138e+00
2.042000000000039250e+01,1.445699358804418750e+02,3.234313050878792062e+00,3.234313050878792062e+00
2.043000000000039407e+01,1.446346257735715994e+02,3.234676100597257520e+00,3.234676100597257520e+00
2.044000000000039563e+01,1.446993229244691861e+02,3.235038827866337119e+00,3.235038827866337119e+00
2.045000000000039719e+01,1.447640273266894724e+02,3.235401233053980086e+00,3.235401233053980086e+00
2.046000000000039876e+01,1.448287389737945716e+02,3.235763316527917155e+00,3.235763316527917155e+00
2.047000000000040032e+01,1.448934578593537879e+02,3.236125078655673448e+00,3.236125078655673448e+00
2.048000000000040188e+01,1.449581839769439284e+02,3.236486519804561368e+00,3.236486519804561368e+00
2.049000000000040345e+01,1.450229173201490767e+02,3.236847640341659282e+00,3.236847640341659282e+00
2.050000000000040501e+01,1.450876578825606771e+02,3.237208440633823958e+00,3.237208440633823958e+00
2.051000000000040657e+01,1.451524056577775070e+02,3.237568921047691006e+00,3.237568921047691006e+00
2.052000000000040814e+01,1.452171606394055630e+02,3.237929081949658894e+00,3.237929081949658894e+00
2.053000000000040970e+01,1.452819228210584299e+02,3.238288923705887168e+00,3.238288923705887168e+00
2.054000000000041126e+01,1.453466921963567700e+02,3.238648446682296012e+00,3.238648446682296012e+00
2.055000000000041283e+01,1.454114687589286348e+02,3.239007651244563579e+00,3.239007651244563579e+00
2.056000000000041439e+01,1.454762525024093804e+02,3.239366537758140652e+00,3.239366537758140652e+00
2.057000000000041595e+01,1.455410434204417527e+02,3.239725106588212000e+00,3.239725106588212000e+00
2.058000000000041751e+01,1.456058415066756595e+02,3.240083358099717703e+00,3.240083358099717703e+00
2.059000000000041908e+01,1.456706467547684554e+02,3.240441292657347372e+00,3.240441292657347372e+00
2.060000000000042064e+01,1.457354591583846570e+02,3.240798910625535267e+00,3.240798910625535267e+00
2.061000000000042220e+01,1.458002787111961425e+02,3.241156212368454526e+00,3.241156212368454526e+00
2.062000000000042377e+01,1.458651054068819803e+02,3.241513198250018490e+00,3.241513198250018490e+00
2.063000000000042533e+01,1.459299392391286574e+02,3.241869868633867391e+00,3.241869868633867391e+00
2.064000000000042689e+01,1.459947802016297942e+02,3.242226223883388325e+00,3.242226223883388325e+00
2.065000000000042846e+01,1.460596282880865147e+02,3.242582264361694389e+00,3.242582264361694389e+00
2.066000000000043002e+01,1.461244834922067923e+02,3.242937990431614903e+00,3.242937990431614903e+00
2.067000000000043158e+01,1.461893458077062178e+02,3.243293402455719843e+00,3.243293402455719843e+00
2.068000000000043315e+01,1.462542152283074870e+02,3.243648500796295409e+00,3.243648500796295409e+00
2.069000000000043471e+01,1.463190917477404298e+02,3.244003285815348470e+00,3.244003285815348470e+00
2.070000000000043627e+01,1.463839753597423226e+02,3.244357757874597237e+00,3.244357757874597237e+00
2.071000000000043784e+01,1.464488660580577175e+02,3.244711917335480589e+00,3.244711917335480589e+00
2.072000000000043940e+01,1.465137638364380734e+02,3.245065764559158961e+00,3.245065764559158961e+00
2.073000000000044096e+01,1.465786686886422956e+02,3.245419299906483257e+00,3.245419299906483257e+00
2.074000000000044253e+01,1.466435806084365083e+02,3.245772523738021942e+00,3.245772523738021942e+00
2.075000000000044409e+01,1.467084995895939983e+02,3.246125436414053489e+00,3.246125436414053489e+00
2.076000000000044565e+01,1.467734256258952428e+02,3.246478038294551283e+00,3.246478038294551283e+00
2.077000000000044722e+01,1.468383587111278814e+02,3.246830329739196497e+00,3.246830329739196497e+00
2.078000000000044878e+01,1.469032988390868866e+02,3.247182311107367880e+00,3.247182311107367880e+00
2.079000000000045034e+01,1.469682460035742508e+02,3.247533982758136428e+00,3.247533982758136428e+00
2.080000000000045191e+01,1.470332001983992427e+02,3.247885345050268491e+00,3.247885345050268491e+00
2.081000000000045347e+01,1.470981614173782361e+02,3.248236398342223552e+00,3.248236398342223552e+00
2.082000000000045503e+01,1.471631296543348810e+02,3.248587142992148902e+00,3.248587142992148902e+00
2.083000000000045659e+01,1.472281049030998190e+02,3.248937579357887628e+00,3.248937579357887628e+00
2.084000000000045816e+01,1.472930871575111098e+02,3.249287707796968849e+00,3.249287707796968849e+00
2.085000000000045972e+01,1.473580764114136343e+02,3.249637528666594388e+00,3.249637528666594388e+00
2.086000000000046128e+01,1.474230726586596347e+02,3.249987042323643216e+00,3.249987042323643216e+00
2.087000000000046285e+01,1.474880758931084017e+02,3.250336249124691435e+00,3.250336249124691435e+00
2.088000000000046441e+01,1.475530861086264167e+02,3.250685149425991849e+00,3.250685149425991849e+00
2.089000000000046597e+01,1.476181032990872382e+02,3.251033743583468638e+00,3.251033743583468638e+00
2.090000000000046754e+01,1.476831274583715299e+02,3.251382031952711582e+00,3.251382031952711582e+00
2.091000000000046910e+01,1.477481585803670328e+02,3.251730014889000042e+00,3.251730014889000042e+00
2.092000000000047066e+01,1.478131966589687636e+02,3.252077692747268323e+00,3.252077692747268323e+00
2.093000000000047223e+01,1.478782416880785888e+02,3.252425065882128319e+00,3.252425065882128319e+00
2.094000000000047379e+01,1.479432936616057077e+02,3.252772134647857527e+00,3.252772134647857527e+00
2.095000000000047535e+01,1.480083525734661407e+02,3.253118899398399932e+00,3.253118899398399932e+00
2.096000000000047692e+01,1.480734184175832979e+02,3.253465360487362457e+00,3.253465360487362457e+00
2.097000000000047848e+01,1.481384911878872970e+02,3.253811518268012737e+00,3.253811518268012737e+00
2.098000000000048004e+01,1.482035708783155599e+02,3.254157373093280015e+00,3.254157373093280015e+00
2.099000000000048161e+01,1.482686574828125288e+02,3.254502925315752471e+00,3.254502925315752471e+00
2.100000000000048317e+01,1.483337509953296944e+02,3.254848175287667011e+00,3.254848175287667011e+00
2.101000000000048473e+01,1.483988514098255109e+02,3.255193123360927476e+00,3.255193123360927476e+00
2.102000000000048630e+01,1.484639587202655946e+02,3.255537769887095756e+00,3.255537769887095756e+00
2.103000000000048786e+01,1.485290729206224967e+02,3.255882115217378470e+00,3.255882115217378470e+00
2.104000000000048942e+01,1.485941940048757317e+02,3.256226159702626965e+00,3.256226159702626965e+00
2.105000000000049099e+01,1.486593219670119765e+02,3.256569903693352419e+00,3.256569903693352419e+00
2.106000000000049255e+01,1.487244568010248997e+02,3.256913347539711623e+00,3.256913347539711623e+00
2.107000000000049411e+01,1.487895985009149911e+02,3.257256491591513647e+00,3.257256491591513647e+00
2.108000000000049567e+01,1.488547470606898173e+02,3.257599336198201190e+00,3.257599336198201190e+00
2.109000000000049724e+01,1.489199024743642781e+02,3.257941881708866116e+00,3.257941881708866116e+00
2.110000000000049880e+01,1.489850647359595257e+02,3.258284128472242358e+00,3.258284128472242358e+00
2.111000000000050036e+01,1.490502338395043864e+02,3.258626076836705021e+00,3.258626076836705021e+00
2.112000000000050193e+01,1.491154097790343371e+02,3.258967727150270388e+00,3.258967727150270388e+00
2.113000000000050349e+01,1.491805925485916759e+02,3.259309079760597694e+00,3.259309079760597694e+00
2.114000000000050505e+01,1.492457821422259201e+02,3.259650135014982908e+00,3.259650135014982908e+00
2.115000000000050662e+01,1.493109785539934933e+02,3.259990893260353406e+00,3.259990893260353406e+00
2.116000000000050818e+01,1.493761817779575836e+02,3.260331354843275520e+00,3.260331354843275520e+00
2.117000000000050974e+01,1.494413918081883708e+02,3.260671520109947430e+00,3.260671520109947430e+00
2.118000000000051131e+01,1.495066086387631685e+02,3.261011389406202277e+00,3.261011389406202277e+00
2.119000000000051287e+01,1.495718322637657991e+02,3.261350963077499721e+00,3.261350963077499721e+00
2.120000000000051443e+01,1.496370626772873322e+02,3.261690241468938378e+00,3.261690241468938378e+00
2.121000000000051600e+01,1.497022998734256873e+02,3.262029224925240722e+00,3.262029224925240722e+00
2.122000000000051756e+01,1.497675438462854913e+02,3.262367913790755747e+00,3.262367913790755747e+00
2.123000000000051912e+01,1.498327945899783913e+02,3.262706308409465183e+00,3.262706308409465183e+00
2.124000000000052069e+01,1.498980520986229124e+02,3.263044409124973289e+00,3.263044409124973289e+00
2.125000000000052225e+01,1.499633163663444293e+02,3.263382216280512171e+00,3.263382216280512171e+00
2.126000000000052381e+01,1.500285873872751949e+02,3.263719730218941795e+00,3.263719730218941795e+00
2.127000000000052538e+01,1.500938651555542265e+02,3.264056951282739760e+00,3.264056951282739760e+00
2.128000000000052694e+01,1.501591496653275044e+02,3.264393879814006638e+00,3.264393879814006638e+00
2.129000000000052850e+01,1.502244409107477736e+02,3.264730516154460638e+00,3.264730516154460638e+00
2.130000000000053006e+01,1.502897388859747139e+02,3.265066860645449154e+00,3.265066860645449154e+00
2.131000000000053163e+01,1.503550435851745704e+02,3.265402913627928783e+00,3.265402913627928783e+00
2.132000000000053319e+01,1.504203550025207505e+02,3.265738675442491967e+00,3.265738675442491967e+00
2.133000000000053475e+01,1.504856731321931989e+02,3.266074146429334135e+00,3.266074146429334135e+00
2.134000000000053632e+01,1.505509979683788231e+02,3.266409326928269241e+00,3.266409326928269241e+00
2.135000000000053788e+01,1.506163295052712670e+02,3.266744217278734208e+00,3.266744217278734208e+00
2.136000000000053944e+01,1.506816677370708817e+02,3.267078817819770720e+00,3.267078817819770720e+00
2.137000000000054101e+01,1.507470126579848966e+02,3.267413128890044760e+00,3.267413128890044760e+00
2.138000000000054257e+01,1.508123642622273621e+02,3.267747150827840841e+00,3.267747150827840841e+00
2.139000000000054413e+01,1.508777225440188658e+02,3.268080883971043349e+00,3.268080883971043349e+00
2.140000000000054570e+01,1.509430874975870438e+02,3.268414328657156975e+00,3.268414328657156975e+00
2.141000000000054726e+01,1.510084591171660122e+02,3.268747485223299609e+00,3.268747485223299609e+00
2.142000000000054882e+01,1.510738373969968222e+02,3.269080354006197897e+00,3.269080354006197897e+00
2.143000000000055039e+01,1.511392223313270620e+02,3.269412935342188131e+00,3.269412935342188131e+00
2.144000000000055195e+01,1.512046139144112828e+02,3.269745229567214917e+00,3.269745229567214917e+00
2.145000000000055351e+01,1.512700121405105733e+02,3.270077237016828509e+00,3.270077237016828509e+00
2.146000000000055508e+01,1.513354170038927577e+02,3.270408958026191026e+00,3.270408958026191026e+00
2.147000000000055664e+01,1.514008284988323112e+02,3.270740392930081786e+00,3.270740392930081786e+00
2.148000000000055820e+01,1.514662466196106152e+02,3.271071542062883974e+00,3.271071542062883974e+00
2.149000000000055977e+01,1.515316713605155883e+02,3.271402405758569998e+00,3.271402405758569998e+00
2.150000000000056133e+01,1.515971027158417144e+02,3.271732984350734341e+00,3.271732984350734341e+00
2.151000000000056289e+01,1.516625406798903271e+02,3.272063278172573142e+00,3.272063278172573142e+00
2.152000000000056446e+01,1.517279852469693537e+02,3.272393287556888186e+00,3.272393287556888186e+00
2.153000000000056602e+01,1.517934364113933441e+02,3.272723012836090017e+00,3.272723012836090017e+00
2.154000000000056758e+01,1.518588941674834984e+02,3.273052454342187723e+00,3.273052454342187723e+00
2.155000000000056914e+01,1.519243585095676679e+02,3.273381612406788932e+00,3.273381612406788932e+00
2.156000000000057071e+01,1.519898294319804108e+02,3.273710487361113142e+00,3.273710487361113142e+00
2.157000000000057227e+01,1.520553069290628230e+02,3.274039079535977947e+00,3.274039079535977947e+00
2.158000000000057383e+01,1.521207909951624515e+02,3.274367389261806593e+00,3.274367389261806593e+00
2.159000000000057540e+01,1.521862816246338923e+02,3.274695416868621756e+00,3.274695416868621756e+00
2.160000000000057696e+01,1.522517788118378803e+02,3.275023162686046430e+00,3.275023162686046430e+00
2.161000000000057852e+01,1.523172825511419717e+02,3.275350627043303930e+00,3.275350627043303930e+00
2.162000000000058009e+01,1.523827928369202027e+02,3.275677810269214785e+00,3.275677810269214785e+00
2.163000000000058165e+01,1.524483096635533173e+02,3.276004712692205167e+00,3.276004712692205167e+00
2.164000000000058321e+01,1.525138330254284256e+02,3.276331334640304238e+00,3.276331334640304238e+00
2.165000000000058478e+01,1.525793629169394876e+02,3.276657676441134814e+00,3.276657676441134814e+00
2.166000000000058634e+01,1.526448993324866308e+02,3.276983738421912928e+00,3.276983738421912928e+00
2.167000000000058790e+01,1.527104422664768890e+02,3.277309520909461593e+00,3.277309520909461593e+00
2.168000000000058947e+01,1.527759917133235774e+02,3.277635024230199257e+00,3.277635024230199257e+00
2.169000000000059103e+01,1.528415476674466902e+02,3.277960248710146907e+00,3.277960248710146907e+00
2.170000000000059259e+01,1.529071101232725312e+02,3.278285194674921854e+00,3.278285194674921854e+00
2.171000000000059416e+01,1.529726790752341969e+02,3.278609862449725743e+00,3.278609862449725743e+00
2.172000000000059572e+01,1.530382545177710654e+02,3.278934252359375634e+00,3.278934252359375634e+00
2.173000000000059728e+01,1.531038364453290797e+02,3.279258364728269370e+00,3.279258364728269370e+00
2.174000000000059885e+01,1.531694248523606916e+02,3.279582199880414883e+00,3.279582199880414883e+00
2.175000000000060041e+01,1.532350197333248332e+02,3.279905758139407990e+00,3.279905758139407990e+00
2.176000000000060197e+01,1.533006210826867459e+02,3.280229039828444826e+00,3.280229039828444826e+00
2.177000000000060353e+01,1.533662288949184074e+02,3.280552045270313855e+00,3.280552045270313855e+00
2.178000000000060510e+01,1.534318431644979626e+02,3.280874774787403858e+00,3.280874774787403858e+00
2.179000000000060666e+01,1.534974638859103493e+02,3.281197228701694613e+00,3.281197228701694613e+00
2.180000000000060822e+01,1.535630910536465592e+02,3.281519407334759997e+00,3.281519407334759997e+00
2.181000000000060979e+01,1.536287246622041778e+02,3.281841311007779538e+00,3.281841311007779538e+00
2.182000000000061135e+01,1.536943647060872706e+02,3.282162940041509991e+00,3.282162940041509991e+00
2.183000000000061291e+01,1.537600111798063836e+02,3.282484294756315979e+00,3.282484294756315979e+00
2.184000000000061448e+01,1.538256640778780877e+02,3.282805375472158449e+00,3.282805375472158449e+00
2.185000000000061604e+01,1.538913233948256050e+02,3.283126182508592006e+00,3.283126182508592006e+00
2.186000000000061760e+01,1.539569891251788363e+02,3.283446716184749814e+00,3.283446716184749814e+00
2.187000000000061917e+01,1.540226612634734238e+02,3.283766976819372463e+00,3.283766976819372463e+00
2.188000000000062073e+01,1.540883398042519445e+02,3.284086964730799973e+00,3.284086964730799973e+00
2.189000000000062229e+01,1.541540247420630578e+02,3.284406680236953147e+00,3.284406680236953147e+00
2.190000000000062386e+01,1.542197160714617894e+02,3.284726123655358432e+00,3.284726123655358432e+00
2.191000000000062542e+01,1.542854137870097020e+02,3.285045295303126167e+00,3.285045295303126167e+00
2.192000000000062698e+01,1.543511178832743553e+02,3.285364195496971451e+00,3.285364195496971451e+00
2.193000000000062855e+01,1.544168283548299883e+02,3.285682824553195935e+00,3.285682824553195935e+00
2.194000000000063011e+01,1.544825451962568366e+02,3.286001182787691821e+00,3.286001182787691821e+00
2.195000000000063167e+01,1.545482684021418436e+02,3.286319270515960511e+00,3.286319270515960511e+00
2.196000000000063324e+01,1.546139979670778359e+02,3.286637088053077083e+00,3.286637088053077083e+00
2.197000000000063480e+01,1.546797338856642341e+02,3.286954635713717821e+00,3.286954635713717821e+00
2.198000000000063636e+01,1.547454761525067681e+02,3.287271913812161106e+00,3.287271913812161106e+00
2.199000000000063793e+01,1.548112247622171083e+02,3.287588922662269653e+00,3.287588922662269653e+00
2.200000000000063949e+01,1.548769797094136038e+02,3.287905662577505161e+00,3.287905662577505161e+00
2.201000000000064105e+01,1.549427409887205158e+02,3.288222133870914998e+00,3.288222133870914998e+00
2.202000000000064261e+01,1.550085085947686991e+02,3.288538336855136635e+00,3.288538336855136635e+00
2.203000000000064418e+01,1.550742825221950909e+02,3.288854271842423405e+00,3.288854271842423405e+00
2.204000000000064574e+01,1.551400627656427673e+02,3.289169939144607202e+00,3.289169939144607202e+00
2.205000000000064730e+01,1.552058493197611710e+02,3.289485339073109582e+00,3.289485339073109582e+00
2.206000000000064887e+01,1.552716421792059691e+02,3.289800471938954640e+00,3.289800471938954640e+00
2.207000000000065043e+01,1.553374413386390529e+02,3.290115338052761906e+00,3.290115338052761906e+00
2.208000000000065199e+01,1.554032467927283960e+02,3.290429937724740128e+00,3.290429937724740128e+00
2.209000000000065356e+01,1.554690585361482533e+02,3.290744271264683274e+00,3.290744271264683274e+00
2.210000000000065512e+01,1.555348765635792461e+02,3.291058338981993625e+00,3.291058338981993625e+00
2.211000000000065668e+01,1.556007008697078504e+02,3.291372141185660904e+00,3.291372141185660904e+00
2.212000000000065825e+01,1.556665314492269374e+02,3.291685678184276931e+00,3.291685678184276931e+00
2.213000000000065981e+01,1.557323682968355172e+02,3.291998950286022740e+00,3.291998950286022740e+00
2.214000000000066137e+01,1.557982114072386821e+02,3.292311957798669919e+00,3.292311957798669919e+00
2.215000000000066294e+01,1.558640607751477489e+02,3.292624701029583267e+00,3.292624701029583267e+00
2.216000000000066450e+01,1.559299163952800882e+02,3.292937180285728793e+00,3.292937180285728793e+00
2.217000000000066606e+01,1.559957782623594085e+02,3.293249395873666163e+00,3.293249395873666163e+00
2.218000000000066763e+01,1.560616463711153017e+02,3.293561348099550923e+00,3.293561348099550923e+00
2.219000000000066919e+01,1.561275207162836409e+02,3.293873037269138937e+00,3.293873037269138937e+00
2.220000000000067075e+01,1.561934012926063531e+02,3.294184463687770403e+00,3.294184463687770403e+00
2.221000000000067232e+01,1.562592880948313905e+02,3.294495627660382286e+00,3.294495627660382286e+00
2.222000000000067388e+01,1.563251811177129866e+02,3.294806529491519420e+00,3.294806529491519420e+00
2.223000000000067544e+01,1.563910803560112868e+02,3.295117169485305197e+00,3.295117169485305197e+00
2.224000000000067701e+01,1.564569858044926036e+02,3.295427547945470437e+00,3.295427547945470437e+00
2.225000000000067857e+01,1.565228974579292753e+02,3.295737665175339171e+00,3.295737665175339171e+00
2.226000000000068013e+01,1.565888153110998360e+02,3.296047521477829534e+00,3.296047521477829534e+00
2.227000000000068169e+01,1.566547393587886461e+02,3.296357117155455541e+00,3.296357117155455541e+00
2.228000000000068326e+01,1.567206695957862621e+02,3.296666452510335077e+00,3.296666452510335077e+00
2.229000000000068482e+01,1.567866060168893227e+02,3.296975527844181908e+00,3.296975527844181908e+00
2.230000000000068638e+01,1.568525486169002647e+02,3.297284343458303901e+00,3.297284343458303901e+00
2.231000000000068795e+01,1.569184973906278628e+02,3.297592899653607912e+00,3.297592899653607912e+00
2.232000000000068951e+01,1.569844523328866330e+02,3.297901196730595785e+00,3.297901196730595785e+00
2.233000000000069107e+01,1.570504134384972303e+02,3.298209234989364358e+00,3.298209234989364358e+00
2.234000000000069264e+01,1.571163807022863921e+02,3.298517014729615227e+00,3.298517014729615227e+00
2.235000000000069420e+01,1.571823541190866536e+02,3.298824536250643202e+00,3.298824536250643202e+00
2.236000000000069576e+01,1.572483336837366039e+02,3.299131799851340752e+00,3.299131799851340752e+00
2.237000000000069733e+01,1.573143193910808861e+02,3.299438805830209986e+00,3.299438805830209986e+00
2.238000000000069889e+01,1.573803112359699981e+02,3.299745554485344456e+00,3.299745554485344456e+00
2.239000000000070045e+01,1.574463092132604345e+02,3.300052046114435811e+00,3.300052046114435811e+00
2.240000000000070202e+01,1.575123133178147441e+02,3.300358281014776018e+00,3.300358281014776018e+00
2.241000000000070358e+01,1.575783235445012451e+02,3.300664259483255147e+00,3.300664259483255147e+00
2.242000000000070514e+01,1.576443398881942528e+02,3.300969981816373355e+00,3.300969981816373355e+00
2.243000000000070671e+01,1.577103623437740509e+02,3.301275448310224014e+00,3.301275448310224014e+00
2.244000000000070827e+01,1.577763909061267782e+02,3.301580659260501260e+00,3.301580659260501260e+00
2.245000000000070983e+01,1.578424255701445986e+02,3.301885614962487114e+00,3.301885614962487114e+00
2.246000000000071140e+01,1.579084663307255028e+02,3.302190315711085677e+00,3.302190315711085677e+00
2.247000000000071296e+01,1.579745131827732507e+02,3.302494761800797374e+00,3.302494761800797374e+00
2.248000000000071452e+01,1.580405661211976849e+02,3.302798953525713177e+00,3.302798953525713177e+00
2.249000000000071608e+01,1.581066251409143888e+02,3.303102891179542588e+00,3.303102891179542588e+00
2.250000000000071765e+01,1.581726902368449998e+02,3.303406575055597205e+00,3.303406575055597205e+00
2.251000000000071921e+01,1.582387614039168113e+02,3.303710005446770293e+00,3.303710005446770293e+00
2.252000000000072077e+01,1.583048386370629714e+02,3.304013182645577640e+00,3.304013182645577640e+00
2.253000000000072234e+01,1.583709219312227958e+02,3.304316106944127807e+00,3.304316106944127807e+00
2.254000000000072390e+01,1.584370112813409150e+02,3.304618778634136778e+00,3.304618778634136778e+00
2.255000000000072546e+01,1.585031066823682693e+02,3.304921198006931959e+00,3.304921198006931959e+00
2.256000000000072703e+01,1.585692081292613409e+02,3.305223365353435305e+00,3.305223365353435305e+00
2.257000000000072859e+01,1.586353156169825809e+02,3.305525280964175305e+00,3.305525280964175305e+00
2.258000000000073015e+01,1.587014291405000677e+02,3.305826945129292760e+00,3.305826945129292760e+00
2.259000000000073172e+01,1.587675486947877914e+02,3.306128358138529233e+00,3.306128358138529233e+00
2.260000000000073328e+01,1.588336742748257109e+02,3.306429520281227497e+00,3.306429520281227497e+00
2.261000000000073484e+01,1.588998058755991849e+02,3.306730431846338636e+00,3.306730431846338636e+00
2.262000000000073641e+01,1.589659434920996830e+02,3.307031093122422494e+00,3.307031093122422494e+00
2.263000000000073797e+01,1.590320871193241601e+02,3.307331504397649447e+00,3.307331504397649447e+00
2.264000000000073953e+01,1.590982367522757670e+02,3.307631665959781753e+00,3.307631665959781753e+00
2.265000000000074110e+01,1.591643923859627137e+02,3.307931578096206415e+00,3.307931578096206415e+00
2.266000000000074266e+01,1.592305540153996901e+02,3.308231241093904540e+00,3.308231241093904540e+00
2.267000000000074422e+01,1.592967216356066729e+02,3.308530655239476204e+00,3.308530655239476204e+00
2.268000000000074579e+01,1.593628952416093796e+02,3.308829820819133349e+00,3.308829820819133349e+00
2.269000000000074735e+01,1.594290748284395249e+02,3.309128738118689128e+00,3.309128738118689128e+00
2.270000000000074891e+01,1.594952603911342237e+02,3.309427407423565448e+00,3.309427407423565448e+00
2.271000000000075048e+01,1.595614519247365308e+02,3.309725829018787646e+00,3.309725829018787646e+00
2.272000000000075204e+01,1.596276494242951003e+02,3.310024003189007580e+00,3.310024003189007580e+00
2.273000000000075360e+01,1.596938528848642136e+02,3.310321930218484088e+00,3.310321930218484088e+00
2.274000000000075516e+01,1.597600623015039218e+02,3.310619610391069667e+00,3.310619610391069667e+00
2.275000000000075673e+01,1.598262776692799036e+02,3.310917043990240227e+00,3.310917043990240227e+00
2.276000000000075829e+01,1.598924989832636072e+02,3.311214231299081767e+00,3.311214231299081767e+00
2.277000000000075985e+01,1.599587262385320230e+02,3.311511172600306363e+00,3.311511172600306363e+00
2.278000000000076142e+01,1.600249594301677689e+02,3.311807868176214864e+00,3.311807868176214864e+00
2.279000000000076298e+01,1.600911985532591189e+02,3.312104318308737305e+00,3.312104318308737305e+00
2.280000000000076454e+01,1.601574436029001731e+02,3.312400523279412923e+00,3.312400523279412923e+00
2.281000000000076611e+01,1.602236945741904321e+02,3.312696483369391487e+00,3.312696483369391487e+00
2.282000000000076767e+01,1.602899514622350523e+02,3.312992198859435966e+00,3.312992198859435966e+00
2.283000000000076923e+01,1.603562142621448459e+02,3.313287670029932741e+00,3.313287670029932741e+00
2.284000000000077080e+01,1.604224829690363094e+02,3.313582897160871621e+00,3.313582897160871621e+00
2.285000000000077236e+01,1.604887575780313682e+02,3.313877880531864051e+00,3.313877880531864051e+00
2.286000000000077392e+01,1.605550380842576601e+02,3.314172620422140891e+00,3.314172620422140891e+00
2.287000000000077549e+01,1.606213244828483937e+02,3.314467117110538652e+00,3.314467117110538652e+00
2.288000000000077705e+01,1.606876167689422061e+02,3.314761370875515478e+00,3.314761370875515478e+00
2.289000000000077861e+01,1.607539149376834757e+02,3.315055381995151151e+00,3.315055381995151151e+00
2.290000000000078018e+01,1.608202189842220946e+02,3.315349150747142204e+00,3.315349150747142204e+00
2.291000000000078174e+01,1.608865289037134119e+02,3.315642677408797478e+00,3.315642677408797478e+00
2.292000000000078330e+01,1.609528446913184325e+02,3.315935962257044789e+00,3.315935962257044789e+00
2.293000000000078487e+01,1.610191663422037891e+02,3.316229005568430477e+00,3.316229005568430477e+00
2.294000000000078643e+01,1.610854938515412869e+02,3.316521807619123852e+00,3.316521807619123852e+00
2.295000000000078799e+01,1.611518272145086428e+02,3.316814368684914971e+00,3.316814368684914971e+00
2.296000000000078956e+01,1.612181664262887466e+02,3.317106689041212864e+00,3.317106689041212864e+00
2.297000000000079112e+01,1.612845114820703998e+02,3.317398768963033096e+00,3.317398768963033096e+00
2.298000000000079268e+01,1.613508623770473491e+02,3.317690608725032853e+00,3.317690608725032853e+00
2.299000000000079424e+01,1.614172191064193953e+02,3.317982208601482075e+00,3.317982208601482075e+00
2.300000000000079581e+01,1.614835816653915401e+02,3.318273568866269230e+00,3.318273568866269230e+00
2.301000000000079737e+01,1.615499500491741287e+02,3.318564689792914191e+00,3.318564689792914191e+00
2.302000000000079893e+01,1.616163242529832473e+02,3.318855571654550030e+00,3.318855571654550030e+00
2.303000000000080050e+01,1.616827042720403256e+02,3.319146214723929234e+00,3.319146214723929234e+00
2.304000000000080206e+01,1.617490901015722216e+02,3.319436619273450795e+00,3.319436619273450795e+00
2.305000000000080362e+01,1.618154817368113640e+02,3.319726785575111361e+00,3.319726785575111361e+00
2.306000000000080519e+01,1.618818791729953546e+02,3.320016713900541649e+00,3.320016713900541649e+00
2.307000000000080675e+01,1.619482824053674221e+02,3.320306404521002897e+00,3.320306404521002897e+00
2.308000000000080831e+01,1.620146914291762528e+02,3.320595857707366871e+00,3.320595857707366871e+00
2.309000000000080988e+01,1.620811062396757904e+02,3.320885073730147408e+00,3.320885073730147408e+00
2.310000000000081144e+01,1.621475268321255498e+02,3.321174052859483528e+00,3.321174052859483528e+00
2.311000000000081300e+01,1.622139532017902184e+02,3.321462795365133669e+00,3.321462795365133669e+00
2.312000000000081457e+01,1.622803853439401678e+02,3.321751301516495669e+00,3.321751301516495669e+00
2.313000000000081613e+01,1.623468232538509710e+02,3.322039571582577455e+00,3.322039571582577455e+00
2.314000000000081769e+01,1.624132669268035158e+02,3.322327605832013031e+00,3.322327605832013031e+00
2.315000000000081926e+01,1.624797163580842323e+02,3.322615404533085570e+00,3.322615404533085570e+00
2.316000000000082082e+01,1.625461715429848937e+02,3.322902967953699438e+00,3.322902967953699438e+00
2.317000000000082238e+01,1.626126324768024460e+02,3.323190296361390406e+00,3.323190296361390406e+00
2.318000000000082395e+01,1.626790991548394061e+02,3.323477390023310107e+00,3.323477390023310107e+00
2.319000000000082551e+01,1.627455715724034349e+02,3.323764249206246468e+00,3.323764249206246468e+00
2.320000000000082707e+01,1.628120497248077072e+02,3.324050874176633030e+00,3.324050874176633030e+00
2.321000000000082863e+01,1.628785336073705423e+02,3.324337265200525859e+00,3.324337265200525859e+00
2.322000000000083020e+01,1.629450232154157447e+02,3.324623422543599993e+00,3.324623422543599993e+00
2.323000000000083176e+01,1.630115185442723487e+02,3.324909346471179639e+00,3.324909346471179639e+00
2.324000000000083332e+01,1.630780195892746463e+02,3.325195037248223517e+00,3.325195037248223517e+00
2.325000000000083489e+01,1.631445263457623298e+02,3.325480495139312431e+00,3.325480495139312431e+00
2.326000000000083645e+01,1.632110388090802360e+02,3.325765720408663029e+00,3.325765720408663029e+00
2.327000000000083801e+01,1.632775569745787152e+02,3.326050713320125141e+00,3.326050713320125141e+00
2.328000000000083958e+01,1.633440808376131201e+02,3.326335474137193327e+00,3.326335474137193327e+00
2.329000000000084114e+01,1.634106103935442604e+02,3.326620003122988667e+00,3.326620003122988667e+00
2.330000000000084270e+01,1.634771456377380900e+02,3.326904300540266313e+00,3.326904300540266313e+00
2.331000000000084427e+01,1.635436865655659062e+02,3.327188366651422591e+00,3.327188366651422591e+00
2.332000000000084583e+01,1.636102331724040937e+02,3.327472201718499001e+00,3.327472201718499001e+00
2.333000000000084739e+01,1.636767854536346078e+02,3.327755806003157346e+00,3.327755806003157346e+00
2.334000000000084896e+01,1.637433434046443210e+02,3.328039179766707711e+00,3.328039179766707711e+00
2.335000000000085052e+01,1.638099070208253352e+02,3.328322323270085814e+00,3.328322323270085814e+00
2.336000000000085208e+01,1.638764762975751239e+02,3.328605236773893417e+00,3.328605236773893417e+00
2.337000000000085365e+01,1.639430512302963336e+02,3.328887920538352141e+00,3.328887920538352141e+00
2.338000000000085521e+01,1.640096318143966698e+02,3.329170374823310130e+00,3.329170374823310130e+00
2.339000000000085677e+01,1.640762180452892665e+02,3.329452599888280684e+00,3.329452599888280684e+00
2.340000000000085834e+01,1.641428099183923166e+02,3.329734595992401402e+00,3.329734595992401402e+00
2.341000000000085990e+01,1.642094074291290724e+02,3.330016363394451950e+00,3.330016363394451950e+00
2.342000000000086146e+01,1.642760105729281008e+02,3.330297902352863382e+00,3.330297902352863382e+00
2.343000000000086303e+01,1.643426193452231701e+02,3.330579213125708371e+00,3.330579213125708371e+00
2.344000000000086459e+01,1.644092337414532210e+02,3.330860295970697216e+00,3.330860295970697216e+00
2.345000000000086615e+01,1.644758537570620263e+02,3.331141151145183610e+00,3.331141151145183610e+00
2.346000000000086771e+01,1.645424793874989575e+02,3.331421778906163755e+00,3.331421778906163755e+00
2.347000000000086928e+01,1.646091106282183034e+02,3.331702179510282136e+00,3.331702179510282136e+00
2.348000000000087084e+01,1.646757474746794401e+02,3.331982353213815973e+00,3.331982353213815973e+00
2.349000000000087240e+01,1.647423899223469164e+02,3.332262300272700095e+00,3.332262300272700095e+00
2.350000000000087397e+01,1.648090379666903686e+02,3.332542020942518057e+00,3.332542020942518057e+00
2.351000000000087553e+01,1.648756916031846345e+02,3.332821515478488372e+00,3.332821515478488372e+00
2.352000000000087709e+01,1.649423508273095251e+02,3.333100784135476502e+00,3.333100784135476502e+00
2.353000000000087866e+01,1.650090156345500532e+02,3.333379827167998855e+00,3.333379827167998855e+00
2.354000000000088022e+01,1.650756860203962901e+02,3.333658644830221007e+00,3.333658644830221007e+00
2.355000000000088178e+01,1.651423619803432530e+02,3.333937237375954599e+00,3.333937237375954599e+00
2.356000000000088335e+01,1.652090435098913304e+02,3.334215605058661769e+00,3.334215605058661769e+00
2.357000000000088491e+01,1.652757306045456858e+02,3.334493748131450719e+00,3.334493748131450719e+00
2.358000000000088647e+01,1.653424232598166554e+02,3.334771666847078819e+00,3.334771666847078819e+00
2.359000000000088804e+01,1.654091214712195779e+02,3.335049361457956163e+00,3.335049361457956163e+00
2.360000000000088960e+01,1.654758252342749643e+02,3.335326832216138460e+00,3.335326832216138460e+00
2.361000000000089116e+01,1.655425345445082712e+02,3.335604079373341690e+00,3.335604079373341690e+00
2.362000000000089273e+01,1.656092493974499291e+02,3.335881103180924345e+00,3.335881103180924345e+00
2.363000000000089429e+01,1.656759697886355696e+02,3.336157903889896303e+00,3.336157903889896303e+00
2.364000000000089585e+01,1.657426957136055421e+02,3.336434481750925496e+00,3.336434481750925496e+00
2.365000000000089742e+01,1.658094271679055680e+02,3.336710837014331688e+00,3.336710837014331688e+00
2.366000000000089898e+01,1.658761641470861719e+02,3.336986969930092251e+00,3.336986969930092251e+00
2.367000000000090054e+01,1.659429066467028235e+02,3.337262880747828842e+00,3.337262880747828842e+00
2.368000000000090211e+01,1.660096546623160521e+02,3.337538569716818060e+00,3.337538569716818060e+00
2.369000000000090367e+01,1.660764081894914739e+02,3.337814037085994556e+00,3.337814037085994556e+00
2.370000000000090523e+01,1.661431672237995372e+02,3.338089283103955918e+00,3.338089283103955918e+00
2.371000000000090679e+01,1.662099317608157207e+02,3.338364308018955562e+00,3.338364308018955562e+00
2.372000000000090836e+01,1.662767017961203351e+02,3.338639112078890747e+00,3.338639112078890747e+00
2.373000000000090992e+01,1.663434773252988066e+02,3.338913695531316339e+00,3.338913695531316339e+00
2.374000000000091148e+01,1.664102583439415639e+02,3.339188058623451472e+00,3.339188058623451472e+00
2.375000000000091305e+01,1.664770448476438105e+02,3.339462201602170666e+00,3.339462201602170666e+00
2.376000000000091461e+01,1.665438368320057236e+02,3.339736124714013599e+00,3.339736124714013599e+00
2.377000000000091617e+01,1.666106342926323975e+02,3.340009828205170450e+00,3.340009828205170450e+00
2.378000000000091774e+01,1.666774372251339003e+02,3.340283312321500553e+00,3.340283312321500553e+00
2.379000000000091930e+01,1.667442456251252167e+02,3.340556577308515962e+00,3.340556577308515962e+00
2.380000000000092086e+01,1.668110594882262490e+02,3.340829623411380123e+00,3.340829623411380123e+00
2.381000000000092243e+01,1.668778788100617305e+02,3.341102450874927854e+00,3.341102450874927854e+00
2.382000000000092399e+01,1.669447035862613120e+02,3.341375059943655579e+00,3.341375059943655579e+00
2.383000000000092555e+01,1.670115338124594473e+02,3.341647450861713775e+00,3.341647450861713775e+00
2.384000000000092712e+01,1.670783694842957630e+02,3.341919623872933176e+00,3.341919623872933176e+00
2.385000000000092868e+01,1.671452105974144899e+02,3.342191579220801678e+00,3.342191579220801678e+00
2.386000000000093024e+01,1.672120571474645772e+02,3.342463317148459012e+00,3.342463317148459012e+00
2.387000000000093181e+01,1.672789091301003168e+02,3.342734837898709177e+00,3.342734837898709177e+00
2.388000000000093337e+01,1.673457665409805202e+02,3.343006141714033763e+00,3.343006141714033763e+00
2.389000000000093493e+01,1.674126293757689439e+02,3.343277228836565751e+00,3.343277228836565751e+00
2.390000000000093650e+01,1.674794976301340625e+02,3.343548099508117932e+00,3.343548099508117932e+00
2.391000000000093806e+01,1.675463712997492678e+02,3.343818753970158042e+00,3.343818753970158042e+00
2.392000000000093962e+01,1.676132503802928397e+02,3.344089192463818083e+00,3.344089192463818083e+00
2.393000000000094118e+01,1.676801348674478902e+02,3.344359415229904542e+00,3.344359415229904542e+00
2.394000000000094275e+01,1.677470247569020216e+02,3.344629422508893057e+00,3.344629422508893057e+00
2.395000000000094431e+01,1.678139200443482650e+02,3.344899214540916432e+00,3.344899214540916432e+00
2.396000000000094587e+01,1.678808207254837157e+02,3.345168791565785504e+00,3.345168791565785504e+00
2.397000000000094744e+01,1.679477267960109259e+02,3.345438153822974936e+00,3.345438153822974936e+00
2.398000000000094900e+01,1.680146382516366543e+02,3.345707301551625878e+00,3.345707301551625878e+00
2.399000000000095056e+01,1.680815550880729177e+02,3.345976234990560627e+00,3.345976234990560627e+00
2.400000000000095213e+01,1.681484773010362801e+02,3.346244954378259973e+00,3.346244954378259973e+00
2.401000000000095369e+01,1.682154048862480806e+02,3.346513459952873415e+00,3.346513459952873415e+00
2.402000000000095525e+01,1.682823378394344331e+02,3.346781751952240036e+00,3.346781751952240036e+00
2.403000000000095682e+01,1.683492761563262263e+02,3.347049830613863186e+00,3.347049830613863186e+00
2.404000000000095838e+01,1.684162198326590101e+02,3.347317696174907375e+00,3.347317696174907375e+00
2.405000000000095994e+01,1.684831688641731375e+02,3.347585348872221811e+00,3.347585348872221811e+00
2.406000000000096151e+01,1.685501232466139356e+02,3.347852788942321300e+00,3.347852788942321300e+00
2.407000000000096307e+01,1.686170829757307956e+02,3.348120016621392470e+00,3.348120016621392470e+00
2.408000000000096463e+01,1.686840480472787647e+02,3.348387032145315079e+00,3.348387032145315079e+00
2.409000000000096620e+01,1.687510184570167269e+02,3.348653835749621166e+00,3.348653835749621166e+00
2.410000000000096776e+01,1.688179942007087391e+02,3.348920427669527466e+00,3.348920427669527466e+00
2.411000000000096932e+01,1.688849752741235761e+02,3.349186808139927418e+00,3.349186808139927418e+00
2.412000000000097089e+01,1.689519616730343614e+02,3.349452977395387610e+00,3.349452977395387610e+00
2.413000000000097245e+01,1.690189533932193058e+02,3.349718935670157993e+00,3.349718935670157993e+00
2.414000000000097401e+01,1.690859504304611676e+02,3.349984683198156343e+00,3.349984683198156343e+00
2.415000000000097558e+01,1.691529527805472526e+02,3.350250220212981134e+00,3.350250220212981134e+00
2.416000000000097714e+01,1.692199604392696699e+02,3.350515546947916423e+00,3.350515546947916423e+00
2.417000000000097870e+01,1.692869734024251613e+02,3.350780663635915868e+00,3.350780663635915868e+00
2.418000000000098026e+01,1.693539916658151583e+02,3.351045570509617821e+00,3.351045570509617821e+00
2.419000000000098183e+01,1.694210152252455828e+02,3.351310267801336451e+00,3.351310267801336451e+00
2.420000000000098339e+01,1.694880440765271601e+02,3.351574755743075062e+00,3.351574755743075062e+00
2.421000000000098495e+01,1.695550782154753620e+02,3.351839034566499009e+00,3.351839034566499009e+00
2.422000000000098652e+01,1.696221176379098949e+02,3.352103104502969000e+00,3.352103104502969000e+00
2.423000000000098808e+01,1.696891623396554110e+02,3.352366965783524666e+00,3.352366965783524666e+00
2.424000000000098964e+01,1.697562123165411947e+02,3.352630618638885007e+00,3.352630618638885007e+00
2.425000000000099121e+01,1.698232675644009930e+02,3.352894063299458605e+00,3.352894063299458605e+00
2.426000000000099277e+01,1.698903280790732140e+02,3.353157299995335627e+00,3.353157299995335627e+00
2.427000000000099433e+01,1.699573938564008131e+02,3.353420328956289609e+00,3.353420328956289609e+00
2.428000000000099590e+01,1.700244648922314923e+02,3.353683150411765901e+00,3.353683150411765901e+00
2.429000000000099746e+01,1.700915411824173589e+02,3.353945764590899437e+00,3.353945764590899437e+00
2.430000000000099902e+01,1.701586227228151245e+02,3.354208171722525389e+00,3.354208171722525389e+00
2.431000000000100059e+01,1.702257095092862471e+02,3.354470372035158299e+00,3.354470372035158299e+00
2.432000000000100215e+01,1.702928015376965334e+02,3.354732365756984969e+00,3.354732365756984969e+00
2.433000000000100371e+01,1.703598988039164794e+02,3.354994153115886668e+00,3.354994153115886668e+00
2.434000000000100528e+01,1.704270013038211289e+02,3.355255734339440465e+00,3.355255734339440465e+00
2.435000000000100684e+01,1.704941090332900728e+02,3.355517109654897467e+00,3.355517109654897467e+00
2.436000000000100840e+01,1.705612219882073930e+02,3.355778279289208577e+00,3.355778279289208577e+00
2.437000000000100997e+01,1.706283401644616333e+02,3.356039243469000510e+00,3.356039243469000510e+00
2.438000000000101153e+01,1.706954635579460842e+02,3.356300002420597561e+00,3.356300002420597561e+00
2.439000000000101309e+01,1.707625921645585265e+02,3.356560556370011827e+00,3.356560556370011827e+00
2.440000000000101466e+01,1.708297259802009762e+02,3.356820905542940547e+00,3.356820905542940547e+00
2.441000000000101622e+01,1.708968650007801955e+02,3.357081050164785196e+00,3.357081050164785196e+00
2.442000000000101778e+01,1.709640092222074657e+02,3.357340990460619512e+00,3.357340990460619512e+00
2.443000000000101934e+01,1.710311586403986155e+02,3.357600726655216583e+00,3.357600726655216583e+00
2.444000000000102091e+01,1.710983132512737654e+02,3.357860258973041745e+00,3.357860258973041745e+00
2.445000000000102247e+01,1.711654730507575835e+02,3.358119587638252135e+00,3.358119587638252135e+00
2.446000000000102403e+01,1.712326380347793702e+02,3.358378712874702465e+00,3.358378712874702465e+00
2.447000000000102560e+01,1.712998081992726043e+02,3.358637634905935698e+00,3.358637634905935698e+00
2.448000000000102716e+01,1.713669835401755108e+02,3.358896353955188374e+00,3.358896353955188374e+00
2.449000000000102872e+01,1.714341640534308056e+02,3.359154870245392832e+00,3.359154870245392832e+00
2.450000000000103029e+01,1.715013497349853537e+02,3.359413183999174990e+00,3.359413183999174990e+00
2.451000000000103185e+01,1.715685405807907671e+02,3.359671295438849459e+00,3.359671295438849459e+00
2.452000000000103341e+01,1.716357365868029206e+02,3.359929204786436863e+00,3.359929204786436863e+00
2.453000000000103498e+01,1.717029377489821798e+02,3.360186912263651848e+00,3.360186912263651848e+00
2.454000000000103654e+01,1.717701440632934862e+02,3.360444418091903973e+00,3.360444418091903973e+00
2.455000000000103810e+01,1.718373555257059024e+02,3.360701722492292820e+00,3.360701722492292820e+00
2.456000000000103967e+01,1.719045721321931808e+02,3.360958825685623985e+00,3.360958825685623985e+00
2.457000000000104123e+01,1.719717938787332514e+02,3.361215727892398863e+00,3.361215727892398863e+00
2.458000000000104279e+01,1.720390207613088478e+02,3.361472429332822642e+00,3.361472429332822642e+00
2.459000000000104436e+01,1.721062527759065688e+02,3.361728930226787426e+00,3.361728930226787426e+00
2.460000000000104592e+01,1.721734899185179302e+02,3.361985230793895330e+00,3.361985230793895330e+00
2.461000000000104748e+01,1.722407321851384268e+02,3.362241331253437604e+00,3.362241331253437604e+00
2.462000000000104905e+01,1.723079795717680724e+02,3.362497231824420840e+00,3.362497231824420840e+00
2.463000000000105061e+01,1.723752320744113717e+02,3.362752932725534105e+00,3.362752932725534105e+00
2.464000000000105217e+01,1.724424896890770356e+02,3.363008434175183581e+00,3.363008434175183581e+00
2.465000000000105373e+01,1.725097524117783507e+02,3.363263736391470360e+00,3.363263736391470360e+00
2.466000000000105530e+01,1.725770202385327536e+02,3.363518839592198439e+00,3.363518839592198439e+00
2.467000000000105686e+01,1.726442931653621145e+02,3.363773743994868060e+00,3.363773743994868060e+00
2.468000000000105842e+01,1.727115711882925950e+02,3.364028449816687694e+00,3.364028449816687694e+00
2.469000000000105999e+01,1.727788543033547342e+02,3.364282957274562946e+00,3.364282957274562946e+00
2.470000000000106155e+01,1.728461425065835613e+02,3.364537266585124975e+00,3.364537266585124975e+00
2.471000000000106311e+01,1.729134357940180848e+02,3.364791377964684305e+00,3.364791377964684305e+00
2.472000000000106468e+01,1.729807341617021166e+02,3.365045291629274349e+00,3.365045291629274349e+00
2.473000000000106624e+01,1.730480376056833620e+02,3.365299007794622987e+00,3.365299007794622987e+00
2.474000000000106780e+01,1.731153461220139320e+02,3.365552526676165002e+00,3.365552526676165002e+00
2.475000000000106937e+01,1.731826597067504565e+02,3.365805848489043406e+00,3.365805848489043406e+00
2.476000000000107093e+01,1.732499783559534876e+02,3.366058973448110336e+00,3.366058973448110336e+00
2.477000000000107249e+01,1.733173020656882954e+02,3.366311901767919501e+00,3.366311901767919501e+00
2.478000000000107406e+01,1.733846308320241860e+02,3.366564633662737283e+00,3.366564633662737283e+00
2.479000000000107562e+01,1.734519646510348423e+02,3.366817169346534300e+00,3.366817169346534300e+00
2.480000000000107718e+01,1.735193035187980399e+02,3.367069509032991625e+00,3.367069509032991625e+00
2.481000000000107875e+01,1.735866474313961589e+02,3.367321652935501231e+00,3.367321652935501231e+00
2.482000000000108031e+01,1.736539963849155299e+02,3.367573601267153549e+00,3.367573601267153549e+00
2.483000000000108187e+01,1.737213503754468320e+02,3.367825354240765012e+00,3.367825354240765012e+00
2.484000000000108344e+01,1.737887093990851213e+02,3.368076912068855844e+00,3.368076912068855844e+00
2.485000000000108500e+01,1.738560734519295750e+02,3.368328274963661606e+00,3.368328274963661606e+00
2.486000000000108656e+01,1.739234425300836619e+02,3.368579443137121654e+00,3.368579443137121654e+00
2.487000000000108813e+01,1.739908166296550291e+02,3.368830416800875582e+00,3.368830416800875582e+00
2.488000000000108969e+01,1.740581957467557288e+02,3.369081196166301417e+00,3.369081196166301417e+00
2.489000000000109125e+01,1.741255798775017354e+02,3.369331781444474760e+00,3.369331781444474760e+00
2.490000000000109281e+01,1.741929690180134287e+02,3.369582172846185664e+00,3.369582172846185664e+00
2.491000000000109438e+01,1.742603631644155655e+02,3.369832370581937298e+00,3.369832370581937298e+00
2.492000000000109594e+01,1.743277623128368248e+02,3.370082374861947283e+00,3.370082374861947283e+00
2.493000000000109750e+01,1.743951664594100350e+02,3.370332185896146360e+00,3.370332185896146360e+00
2.494000000000109907e+01,1.744625756002726575e+02,3.370581803894185491e+00,3.370581803894185491e+00
2.495000000000110063e+01,1.745299897315657915e+02,3.370831229065430090e+00,3.370831229065430090e+00
2.496000000000110219e+01,1.745974088494351975e+02,3.371080461618951585e+00,3.371080461618951585e+00
2.497000000000110376e+01,1.746648329500305294e+02,3.371329501763550507e+00,3.371329501763550507e+00
2.498000000000110532e+01,1.747322620295058471e+02,3.371578349707742728e+00,3.371578349707742728e+00
2.499000000000110688e+01,1.747996960840188763e+02,3.371827005659747911e+00,3.371827005659747911e+00
2.500000000000110845e+01,1.748671351097322031e+02,3.372075469827515715e+00,3.372075469827515715e+00
2.501000000000111001e+01,1.749345791028119947e+02,3.372323742418720460e+00,3.372323742418720460e+00
2.502000000000111157e+01,1.750020280594289090e+02,3.372571823640732269e+00,3.372571823640732269e+00
2.503000000000111314e+01,1.750694819757576681e+02,3.372819713700652589e+00,3.372819713700652589e+00
2.504000000000111470e+01,1.751369408479769731e+02,3.373067412805306198e+00,3.373067412805306198e+00
2.505000000000111626e+01,1.752044046722699306e+02,3.373314921161226110e+00,3.373314921161226110e+00
2.506000000000111783e+01,1.752718734448234272e+02,3.373562238974673111e+00,3.373562238974673111e+00
2.507000000000111939e+01,1.753393471618288402e+02,3.373809366451632208e+00,3.373809366451632208e+00
2.508000000000112095e+01,1.754068258194814973e+02,3.374056303797808187e+00,3.374056303797808187e+00
2.509000000000112252e+01,1.754743094139807624e+02,3.374303051218626504e+00,3.374303051218626504e+00
2.510000000000112408e+01,1.755417979415302341e+02,3.374549608919229726e+00,3.374549608919229726e+00
2.511000000000112564e+01,1.756092913983374899e+02,3.374795977104475320e+00,3.374795977104475320e+00
2.512000000000112720e+01,1.756767897806144276e+02,3.375042155978964065e+00,3.375042155978964065e+00
2.513000000000112877e+01,1.757442930845767251e+02,3.375288145747007196e+00,3.375288145747007196e+00
2.514000000000113033e+01,1.758118013064443517e+02,3.375533946612640612e+00,3.375533946612640612e+00
2.515000000000113189e+01,1.758793144424411992e+02,3.375779558779627099e+00,3.375779558779627099e+00
2.516000000000113346e+01,1.759468324887953941e+02,3.376024982451448775e+00,3.376024982451448775e+00
2.517000000000113502e+01,1.760143554417392409e+02,3.376270217831327525e+00,3.376270217831327525e+00
2.518000000000113658e+01,1.760818832975086821e+02,3.376515265122188580e+00,3.376515265122188580e+00
2.519000000000113815e+01,1.761494160523441224e+02,3.376760124526695162e+00,3.376760124526695162e+00
2.520000000000113971e+01,1.762169537024897750e+02,3.377004796247231155e+00,3.377004796247231155e+00
2.521000000000114127e+01,1.762844962441940879e+02,3.377249280485918437e+00,3.377249280485918437e+00
2.522000000000114284e+01,1.763520436737092041e+02,3.377493577444600437e+00,3.377493577444600437e+00
2.523000000000114440e+01,1.764195959872917854e+02,3.377737687324844806e+00,3.377737687324844806e+00
2.524000000000114596e+01,1.764871531812022738e+02,3.377981610327943862e+00,3.377981610327943862e+00
2.525000000000114753e+01,1.765547152517049199e+02,3.378225346654928796e+00,3.378225346654928796e+00
2.526000000000114909e+01,1.766222821950684363e+02,3.378468896506545693e+00,3.378468896506545693e+00
2.527000000000115065e+01,1.766898540075652022e+02,3.378712260083284402e+00,3.378712260083284402e+00
2.528000000000115222e+01,1.767574306854717747e+02,3.378955437585357657e+00,3.378955437585357657e+00
2.529000000000115378e+01,1.768250122250685763e+02,3.379198429212713073e+00,3.379198429212713073e+00
2.530000000000115534e+01,1.768925986226402642e+02,3.379441235165023372e+00,3.379441235165023372e+00
2.531000000000115691e+01,1.769601898744751907e+02,3.379683855641685053e+00,3.379683855641685053e+00
2.532000000000115847e+01,1.770277859768659141e+02,3.379926290841837044e+00,3.379926290841837044e+00
2.533000000000116003e+01,1.770953869261089153e+02,3.380168540964354040e+00,3.380168540964354040e+00
2.534000000000116160e+01,1.771629927185045119e+02,3.380410606207831403e+00,3.380410606207831403e+00
2.535000000000116316e+01,1.772306033503571996e+02,3.380652486770597598e+00,3.380652486770597598e+00
2.536000000000116472e+01,1.772982188179753109e+02,3.380894182850721741e+00,3.380894182850721741e+00
2.537000000000116628e+01,1.773658391176712144e+02,3.381135694645994949e+00,3.381135694645994949e+00
2.538000000000116785e+01,1.774334642457611722e+02,3.381377022353961870e+00,3.381377022353961870e+00
2.539000000000116941e+01,1.775010941985653972e+02,3.381618166171891815e+00,3.381618166171891815e+00
2.540000000000117097e+01,1.775687289724080529e+02,3.381859126296772988e+00,3.381859126296772988e+00
2.541000000000117254e+01,1.776363685636172818e+02,3.382099902925347124e+00,3.382099902925347124e+00
2.542000000000117410e+01,1.777040129685250918e+02,3.382340496254089501e+00,3.382340496254089501e+00
2.543000000000117566e+01,1.777716621834674413e+02,3.382580906479208949e+00,3.382580906479208949e+00
2.544000000000117723e+01,1.778393162047842395e+02,3.382821133796641178e+00,3.382821133796641178e+00
2.545000000000117879e+01,1.779069750288193745e+02,3.383061178402074987e+00,3.383061178402074987e+00
2.546000000000118035e+01,1.779746386519203156e+02,3.383301040490934497e+00,3.383301040490934497e+00
2.547000000000118192e+01,1.780423070704389374e+02,3.383540720258370715e+00,3.383540720258370715e+00
2.548000000000118348e+01,1.781099802807306673e+02,3.383780217899280185e+00,3.383780217899280185e+00
2.549000000000118504e+01,1.781776582791548549e+02,3.384019533608296104e+00,3.384019533608296104e+00
2.550000000000118661e+01,1.782453410620749992e+02,3.384258667579784774e+00,3.384258667579784774e+00
2.551000000000118817e+01,1.783130286258580952e+02,3.384497620007847818e+00,3.384497620007847818e+00
2.552000000000118973e+01,1.783807209668753444e+02,3.384736391086347052e+00,3.384736391086347052e+00
2.553000000000119130e+01,1.784484180815015861e+02,3.384974981008868955e+00,3.384974981008868955e+00
2.554000000000119286e+01,1.785161199661156672e+02,3.385213389968748210e+00,3.385213389968748210e+00
2.555000000000119442e+01,1.785838266171002715e+02,3.385451618159056597e+00,3.385451618159056597e+00
2.556000000000119599e+01,1.786515380308420617e+02,3.385689665772602108e+00,3.385689665772602108e+00
2.557000000000119755e+01,1.787192542037311682e+02,3.385927533001931611e+00,3.385927533001931611e+00
2.558000000000119911e+01,1.787869751321620697e+02,3.386165220039349055e+00,3.386165220039349055e+00
2.559000000000120068e+01,1.788547008125328261e+02,3.386402727076901265e+00,3.386402727076901265e+00
2.560000000000120224e+01,1.789224312412451354e+02,3.386640054306367276e+00,3.386640054306367276e+00
2.561000000000120380e+01,1.789901664147050440e+02,3.386877201919264557e+00,3.386877201919264557e+00
2.562000000000120536e+01,1.790579063293219519e+02,3.387114170106867661e+00,3.387114170106867661e+00
2.563000000000120693e+01,1.791256509815093239e+02,3.387350959060176692e+00,3.387350959060176692e+00
2.564000000000120849e+01,1.791934003676843759e+02,3.387587568969958163e+00,3.387587568969958163e+00
2.565000000000121005e+01,1.792611544842680757e+02,3.387824000026719684e+00,3.387824000026719684e+00
2.566000000000121162e+01,1.793289133276853988e+02,3.388060252420701968e+00,3.388060252420701968e+00
2.567000000000121318e+01,1.793966768943649299e+02,3.388296326341897036e+00,3.388296326341897036e+00
2.568000000000121474e+01,1.794644451807391192e+02,3.388532221980042447e+00,3.388532221980042447e+00
2.569000000000121631e+01,1.795322181832441117e+02,3.388767939524624850e+00,3.388767939524624850e+00
2.570000000000121787e+01,1.795999958983200884e+02,3.389003479164885757e+00,3.389003479164885757e+00
2.571000000000121943e+01,1.796677783224106975e+02,3.389238841089798004e+00,3.389238841089798004e+00
2.572000000000122100e+01,1.797355654519636801e+02,3.389474025488086628e+00,3.389474025488086628e+00
2.573000000000122256e+01,1.798033572834302731e+02,3.389709032548227974e+00,3.389709032548227974e+00
2.574000000000122412e+01,1.798711538132656642e+02,3.389943862458443924e+00,3.389943862458443924e+00
2.575000000000122569e+01,1.799389550379286220e+02,3.390178515406710336e+00,3.390178515406710336e+00
2.576000000000122725e+01,1.800067609538818658e+02,3.390412991580747271e+00,3.390412991580747271e+00
2.577000000000122881e+01,1.800745715575918098e+02,3.390647291168026101e+00,3.390647291168026101e+00
2.578000000000123038e+01,1.801423868455285913e+02,3.390881414355769508e+00,3.390881414355769508e+00
2.579000000000123194e+01,1.802102068141660425e+02,3.391115361330950595e+00,3.391115361330950595e+00
2.580000000000123350e+01,1.802780314599818610e+02,3.391349132280289336e+00,3.391349132280289336e+00
2.581000000000123507e+01,1.803458607794572970e+02,3.391582727390261898e+00,3.391582727390261898e+00
2.582000000000123663e+01,1.804136947690774946e+02,3.391816146847085545e+00,3.391816146847085545e+00
2.583000000000123819e+01,1.804815334253311505e+02,3.392049390836743505e+00,3.392049390836743505e+00
2.584000000000123975e+01,1.805493767447109121e+02,3.392282459544964546e+00,3.392282459544964546e+00
2.585000000000124132e+01,1.806172247237129795e+02,3.392515353157232738e+00,3.392515353157232738e+00
2.586000000000124288e+01,1.806850773588371908e+02,3.392748071858783909e+00,3.392748071858783909e+00
2.587000000000124444e+01,1.807529346465872777e+02,3.392980615834606972e+00,3.392980615834606972e+00
2.588000000000124601e+01,1.808207965834706101e+02,3.393212985269447035e+00,3.393212985269447035e+00
2.589000000000124757e+01,1.808886631659980821e+02,3.393445180347794743e+00,3.393445180347794743e+00
2.590000000000124913e+01,1.809565343906845385e+02,3.393677201253904041e+00,3.393677201253904041e+00
2.591000000000125070e+01,1.810244102540482629e+02,3.393909048171782850e+00,3.393909048171782850e+00
2.592000000000125226e+01,1.810922907526113477e+02,3.394140721285196616e+00,3.394140721285196616e+00
2.593000000000125382e+01,1.811601758828996367e+02,3.394372220777654103e+00,3.394372220777654103e+00
2.594000000000125539e+01,1.812280656414424129e+02,3.394603546832434482e+00,3.394603546832434482e+00
2.595000000000125695e+01,1.812959600247729668e+02,3.394834699632566899e+00,3.394834699632566899e+00
2.596000000000125851e+01,1.813638590294277719e+02,3.395065679360840250e+00,3.395065679360840250e+00
2.597000000000126008e+01,1.814317626519474516e+02,3.395296486199801400e+00,3.395296486199801400e+00
2.598000000000126164e+01,1.814996708888756984e+02,3.395527120331751192e+00,3.395527120331751192e+00
2.599000000000126320e+01,1.815675837367606391e+02,3.395757581938749325e+00,3.395757581938749325e+00
2.600000000000126477e+01,1.816355011921532707e+02,3.395987871202615249e+00,3.395987871202615249e+00
2.601000000000126633e+01,1.817034232516087684e+02,3.396217988304929936e+00,3.396217988304929936e+00
2.602000000000126789e+01,1.817713499116854621e+02,3.396447933427028332e+00,3.396447933427028332e+00
2.603000000000126946e+01,1.818392811689458597e+02,3.396677706750006465e+00,3.396677706750006465e+00
2.604000000000127102e+01,1.819072170199555671e+02,3.396907308454723218e+00,3.396907308454723218e+00
2.605000000000127258e+01,1.819751574612839988e+02,3.397136738721797666e+00,3.397136738721797666e+00
2.606000000000127415e+01,1.820431024895043493e+02,3.397365997731601972e+00,3.397365997731601972e+00
2.607000000000127571e+01,1.821110521011933088e+02,3.397595085664280479e+00,3.397595085664280479e+00
2.608000000000127727e+01,1.821790062929309784e+02,3.397824002699727952e+00,3.397824002699727952e+00
2.609000000000127883e+01,1.822469650613012391e+02,3.398052749017609120e+00,3.398052749017609120e+00
2.610000000000128040e+01,1.823149284028916668e+02,3.398281324797344904e+00,3.398281324797344904e+00
2.611000000000128196e+01,1.823828963142931627e+02,3.398509730218124858e+00,3.398509730218124858e+00
2.612000000000128352e+01,1.824508687921004366e+02,3.398737965458902277e+00,3.398737965458902277e+00
2.613000000000128509e+01,1.825188458329115804e+02,3.398966030698385765e+00,3.398966030698385765e+00
2.614000000000128665e+01,1.825868274333283239e+02,3.399193926115056108e+00,3.399193926115056108e+00
2.615000000000128821e+01,1.826548135899560918e+02,3.399421651887156060e+00,3.399421651887156060e+00
2.616000000000128978e+01,1.827228042994038333e+02,3.399649208192678795e+00,3.399649208192678795e+00
2.617000000000129134e+01,1.827907995582838794e+02,3.399876595209400776e+00,3.399876595209400776e+00
2.618000000000129290e+01,1.828587993632121709e+02,3.400103813114856877e+00,3.400103813114856877e+00
2.619000000000129447e+01,1.829268037108084570e+02,3.400330862086351047e+00,3.400330862086351047e+00
2.620000000000129603e+01,1.829948125976956135e+02,3.400557742300947428e+00,3.400557742300947428e+00
2.621000000000129759e+01,1.830628260205004665e+02,3.400784453935480567e+00,3.400784453935480567e+00
2.622000000000129916e+01,1.831308439758530255e+02,3.401010997166549199e+00,3.401010997166549199e+00
2.623000000000130072e+01,1.831988664603871371e+02,3.401237372170514472e+00,3.401237372170514472e+00
2.624000000000130228e+01,1.832668934707399160e+02,3.401463579123513714e+00,3.401463579123513714e+00
2.625000000000130385e+01,1.833349250035520868e+02,3.401689618201451104e+00,3.401689618201451104e+00
2.626000000000130541e+01,1.834029610554679550e+02,3.401915489579995011e+00,3.401915489579995011e+00
2.627000000000130697e+01,1.834710016231352370e+02,3.402141193434577993e+00,3.402141193434577993e+00
2.628000000000130854e+01,1.835390467032052300e+02,3.402366729940403456e+00,3.402366729940403456e+00
2.629000000000131010e+01,1.836070962923328977e+02,3.402592099272453208e+00,3.402592099272453208e+00
2.630000000000131166e+01,1.836751503871762452e+02,3.402817301605471023e+00,3.402817301605471023e+00
2.631000000000131323e+01,1.837432089843971426e+02,3.403042337113971083e+00,3.403042337113971083e+00
2.632000000000131479e+01,1.838112720806607854e+02,3.403267205972240195e+00,3.403267205972240195e+00
2.633000000000131635e+01,1.838793396726360072e+02,3.403491908354328022e+00,3.403491908354328022e+00
2.634000000000131791e+01,1.839474117569949954e+02,3.403716444434067068e+00,3.403716444434067068e+00
2.635000000000131948e+01,1.840154883304134330e+02,3.403940814385060687e+00,3.403940814385060687e+00
2.636000000000132104e+01,1.840835693895703287e+02,3.404165018380670205e+00,3.404165018380670205e+00
2.637000000000132260e+01,1.841516549311486131e+02,3.404389056594033125e+00,3.404389056594033125e+00
2.638000000000132417e+01,1.842197449518340591e+02,3.404612929198070681e+00,3.404612929198070681e+00
2.639000000000132573e+01,1.842878394483164755e+02,3.404836636365458968e+00,3.404836636365458968e+00
2.640000000000132729e+01,1.843559384172887121e+02,3.405060178268670246e+00,3.405060178268670246e+00
2.641000000000132886e+01,1.844240418554472853e+02,3.405283555079930302e+00,3.405283555079930302e+00
2.642000000000133042e+01,1.844921497594919231e+02,3.405506766971242882e+00,3.405506766971242882e+00
2.643000000000133198e+01,1.845602621261261334e+02,3.405729814114392795e+00,3.405729814114392795e+00
2.644000000000133355e+01,1.846283789520565790e+02,3.405952696680933034e+00,3.405952696680933034e+00
2.645000000000133511e+01,1.846965002339933619e+02,3.406175414842193661e+00,3.406175414842193661e+00
2.646000000000133667e+01,1.847646259686502219e+02,3.406397968769276918e+00,3.406397968769276918e+00
2.647000000000133824e+01,1.848327561527441389e+02,3.406620358633061230e+00,3.406620358633061230e+00
2.648000000000133980e+01,1.849008907829955604e+02,3.406842584604207858e+00,3.406842584604207858e+00
2.649000000000134136e+01,1.849690298561282589e+02,3.407064646853149359e+00,3.407064646853149359e+00
2.650000000000134293e+01,1.850371733688696168e+02,3.407286545550094470e+00,3.407286545550094470e+00
2.651000000000134449e+01,1.851053213179502563e+02,3.407508280865028105e+00,3.407508280865028105e+00
2.652000000000134605e+01,1.851734737001042674e+02,3.407729852967711359e+00,3.407729852967711359e+00
2.653000000000134762e+01,1.852416305120689799e+02,3.407951262027677952e+00,3.407951262027677952e+00
2.654000000000134918e+01,1.853097917505853047e+02,3.408172508214249774e+00,3.408172508214249774e+00
2.655000000000135074e+01,1.853779574123975635e+02,3.408393591696529779e+00,3.408393591696529779e+00
2.656000000000135230e+01,1.854461274942532043e+02,3.408614512643389549e+00,3.408614512643389549e+00
2.657000000000135387e+01,1.855143019929032846e+02,3.408835271223486618e+00,3.408835271223486618e+00
2.658000000000135543e+01,1.855824809051021589e+02,3.409055867605251144e+00,3.409055867605251144e+00
2.659000000000135699e+01,1.856506642276075922e+02,3.409276301956895683e+00,3.409276301956895683e+00
2.660000000000135856e+01,1.857188519571804761e+02,3.409496574446405415e+00,3.409496574446405415e+00
2.661000000000136012e+01,1.857870440905853684e+02,3.409716685241556799e+00,3.409716685241556799e+00
2.662000000000136168e+01,1.858552406245900670e+02,3.409936634509902920e+00,3.409936634509902920e+00
2.663000000000136325e+01,1.859234415559657521e+02,3.410156422418790356e+00,3.410156422418790356e+00
2.664000000000136481e+01,1.859916468814868438e+02,3.410376049135329435e+00,3.410376049135329435e+00
2.665000000000136637e+01,1.860598565979311729e+02,3.410595514826409769e+00,3.410595514826409769e+00
2.666000000000136794e+01,1.861280707020799241e+02,3.410814819658716690e+00,3.410814819658716690e+00
2.667000000000136950e+01,1.861962891907175788e+02,3.411033963798704605e+00,3.411033963798704605e+00
2.668000000000137106e+01,1.862645120606318585e+02,3.411252947412622305e+00,3.411252947412622305e+00
2.669000000000137263e+01,1.863327393086140376e+02,3.411471770666503645e+00,3.411471770666503645e+00
2.670000000000137419e+01,1.864009709314585166e+02,3.411690433726156435e+00,3.411690433726156435e+00
2.671000000000137575e+01,1.864692069259631637e+02,3.411908936757169108e+00,3.411908936757169108e+00
2.672000000000137732e+01,1.865374472889287460e+02,3.412127279924927592e+00,3.412127279924927592e+00
2.673000000000137888e+01,1.866056920171600950e+02,3.412345463394588663e+00,3.412345463394588663e+00
2.674000000000138044e+01,1.866739411074646284e+02,3.412563487331098155e+00,3.412563487331098155e+00
2.675000000000138201e+01,1.867421945566532600e+02,3.412781351899189630e+00,3.412781351899189630e+00
2.676000000000138357e+01,1.868104523615404844e+02,3.412999057263380820e+00,3.412999057263380820e+00
2.677000000000138513e+01,1.868787145189438661e+02,3.413216603587975850e+00,3.413216603587975850e+00
2.678000000000138670e+01,1.869469810256840958e+02,3.413433991037070570e+00,3.413433991037070570e+00
2.679000000000138826e+01,1.870152518785853033e+02,3.413651219774527235e+00,3.413651219774527235e+00
2.680000000000138982e+01,1.870835270744750289e+02,3.413868289964016700e+00,3.413868289964016700e+00
2.681000000000139138e+01,1.871518066101838542e+02,3.414085201768988220e+00,3.414085201768988220e+00
2.682000000000139295e+01,1.872200904825457428e+02,3.414301955352671225e+00,3.414301955352671225e+00
2.683000000000139451e+01,1.872883786883979269e+02,3.414518550878095304e+00,3.414518550878095304e+00
2.684000000000139607e+01,1.873566712245809356e+02,3.414734988508067559e+00,3.414734988508067559e+00
2.685000000000139764e+01,1.874249680879382822e+02,3.414951268405191254e+00,3.414951268405191254e+00
2.686000000000139920e+01,1.874932692753171466e+02,3.415167390731856045e+00,3.415167390731856045e+00
2.687000000000140076e+01,1.875615747835674938e+02,3.415383355650237540e+00,3.415383355650237540e+00
2.688000000000140233e+01,1.876298846095431259e+02,3.415599163322304399e+00,3.415599163322304399e+00
2.689000000000140389e+01,1.876981987501004312e+02,3.415814813909814340e+00,3.415814813909814340e+00
2.690000000000140545e+01,1.877665172020995215e+02,3.416030307574308367e+00,3.416030307574308367e+00
2.691000000000140702e+01,1.878348399624034641e+02,3.416245644477125865e+00,3.416245644477125865e+00
2.692000000000140858e+01,1.879031670278785953e+02,3.416460824779399719e+00,3.416460824779399719e+00
2.693000000000141014e+01,1.879714983953945477e+02,3.416675848642038105e+00,3.416675848642038105e+00
2.694000000000141171e+01,1.880398340618243083e+02,3.416890716225748470e+00,3.416890716225748470e+00
2.695000000000141327e+01,1.881081740240436488e+02,3.417105427691037089e+00,3.417105427691037089e+00
2.696000000000141483e+01,1.881765182789319510e+02,3.417319983198197964e+00,3.417319983198197964e+00
2.697000000000141640e+01,1.882448668233716376e+02,3.417534382907313262e+00,3.417534382907313262e+00
2.698000000000141796e+01,1.883132196542482006e+02,3.417748626978258208e+00,3.417748626978258208e+00
2.699000000000141952e+01,1.883815767684506568e+02,3.417962715570703747e+00,3.417962715570703747e+00
2.700000000000142109e+01,1.884499381628710353e+02,3.418176648844114318e+00,3.418176648844114318e+00
2.701000000000142265e+01,1.885183038344044917e+02,3.418390426957744310e+00,3.418390426957744310e+00
2.702000000000142421e+01,1.885866737799493649e+02,3.418604050070641609e+00,3.418604050070641609e+00
2.703000000000142578e+01,1.886550479964072906e+02,3.418817518341652040e+00,3.418817518341652040e+00
2.704000000000142734e+01,1.887234264806829742e+02,3.419030831929415370e+00,3.419030831929415370e+00
2.705000000000142890e+01,1.887918092296845032e+02,3.419243990992355098e+00,3.419243990992355098e+00
2.706000000000143046e+01,1.888601962403226651e+02,3.419456995688708645e+00,3.419456995688708645e+00
2.707000000000143203e+01,1.889285875095119991e+02,3.419669846176499828e+00,3.419669846176499828e+00
2.708000000000143359e+01,1.889969830341698014e+02,3.419882542613541965e+00,3.419882542613541965e+00
2.709000000000143515e+01,1.890653828112165797e+02,3.420095085157452530e+00,3.420095085157452530e+00
2.710000000000143672e+01,1.891337868375760536e+02,3.420307473965641165e+00,3.420307473965641165e+00
2.711000000000143828e+01,1.892021951101751540e+02,3.420519709195315450e+00,3.420519709195315450e+00
2.712000000000143984e+01,1.892706076259438817e+02,3.420731791003482680e+00,3.420731791003482680e+00
2.713000000000144141e+01,1.893390243818153351e+02,3.420943719546943207e+00,3.420943719546943207e+00
2.714000000000144297e+01,1.894074453747257678e+02,3.421155494982292655e+00,3.421155494982292655e+00
2.715000000000144453e+01,1.894758706016145879e+02,3.421367117465928587e+00,3.421367117465928587e+00
2.716000000000144610e+01,1.895443000594243870e+02,3.421578587154049167e+00,3.421578587154049167e+00
2.717000000000144766e+01,1.896127337451008259e+02,3.421789904202647836e+00,3.421789904202647836e+00
2.718000000000144922e+01,1.896811716555925216e+02,3.422001068767512422e+00,3.422001068767512422e+00
2.719000000000145079e+01,1.897496137878514730e+02,3.422212081004233131e+00,3.422212081004233131e+00
2.720000000000145235e+01,1.898180601388326636e+02,3.422422941068210989e+00,3.422422941068210989e+00
2.721000000000145391e+01,1.898865107054942598e+02,3.422633649114627641e+00,3.422633649114627641e+00
2.722000000000145548e+01,1.899549654847972420e+02,3.422844205298467113e+00,3.422844205298467113e+00
2.723000000000145704e+01,1.900234244737061147e+02,3.423054609774528689e+00,3.423054609774528689e+00
2.724000000000145860e+01,1.900918876691882531e+02,3.423264862697399380e+00,3.423264862697399380e+00
2.725000000000146017e+01,1.901603550682140735e+02,3.423474964221469907e+00,3.423474964221469907e+00
2.726000000000146173e+01,1.902288266677571187e+02,3.423684914500933374e+00,3.423684914500933374e+00
2.727000000000146329e+01,1.902973024647939724e+02,3.423894713689784375e+00,3.423894713689784375e+00
2.728000000000146485e+01,1.903657824563046290e+02,3.424104361941820329e+00,3.424104361941820329e+00
2.729000000000146642e+01,1.904342666392716694e+02,3.424313859410639260e+00,3.424313859410639260e+00
2.730000000000146798e+01,1.905027550106811134e+02,3.424523206249642016e+00,3.424523206249642016e+00
2.731000000000146954e+01,1.905712475675217945e+02,3.424732402612025162e+00,3.424732402612025162e+00
2.732000000000147111e+01,1.906397443067856159e+02,3.424941448650796083e+00,3.424941448650796083e+00
2.733000000000147267e+01,1.907082452254678344e+02,3.425150344518775647e+00,3.425150344518775647e+00
2.734000000000147423e+01,1.907767503205663218e+02,3.425359090368560455e+00,3.425359090368560455e+00
2.735000000000147580e+01,1.908452595890825023e+02,3.425567686352573471e+00,3.425567686352573471e+00
2.736000000000147736e+01,1.909137730280205005e+02,3.425776132623032044e+00,3.425776132623032044e+00
2.737000000000147892e+01,1.909822906343874536e+02,3.425984429331976333e+00,3.425984429331976333e+00
2.738000000000148049e+01,1.910508124051936818e+02,3.426192576631226672e+00,3.426192576631226672e+00
2.739000000000148205e+01,1.911193383374527173e+02,3.426400574672410215e+00,3.426400574672410215e+00
2.740000000000148361e+01,1.911878684281806500e+02,3.426608423606981368e+00,3.426608423606981368e+00
2.741000000000148518e+01,1.912564026743969521e+02,3.426816123586184037e+00,3.426816123586184037e+00
2.742000000000148674e+01,1.913249410731240516e+02,3.427023674761063177e+00,3.427023674761063177e+00
2.743000000000148830e+01,1.913934836213874178e+02,3.427231077282476779e+00,3.427231077282476779e+00
2.744000000000148987e+01,1.914620303162153050e+02,3.427438331301090546e+00,3.427438331301090546e+00
2.745000000000149143e+01,1.915305811546394352e+02,3.427645436967379222e+00,3.427645436967379222e+00
2.746000000000149299e+01,1.915991361336940599e+02,3.427852394431620375e+00,3.427852394431620375e+00
2.747000000000149456e+01,1.916676952504166138e+02,3.428059203843896618e+00,3.428059203843896618e+00
2.748000000000149612e+01,1.917362585018478853e+02,3.428265865354104491e+00,3.428265865354104491e+00
2.749000000000149768e+01,1.918048258850309082e+02,3.428472379111948243e+00,3.428472379111948243e+00
2.750000000000149925e+01,1.918733973970122975e+02,3.428678745266939831e+00,3.428678745266939831e+00
2.751000000000150081e+01,1.919419730348415101e+02,3.428884963968391375e+00,3.428884963968391375e+00
2.752000000000150237e+01,1.920105527955709874e+02,3.429091035365433360e+00,3.429091035365433360e+00
2.753000000000150393e+01,1.920791366762561552e+02,3.429296959607006201e+00,3.429296959607006201e+00
2.754000000000150550e+01,1.921477246739552811e+02,3.429502736841851807e+00,3.429502736841851807e+00
2.755000000000150706e+01,1.922163167857298447e+02,3.429708367218523346e+00,3.429708367218523346e+00
2.756000000000150862e+01,1.922849130086440823e+02,3.429913850885391025e+00,3.429913850885391025e+00
2.757000000000151019e+01,1.923535133397652430e+02,3.430119187990633645e+00,3.430119187990633645e+00
2.758000000000151175e+01,1.924221177761637307e+02,3.430324378682237718e+00,3.430324378682237718e+00
2.759000000000151331e+01,1.924907263149124503e+02,3.430529423108000131e+00,3.430529423108000131e+00
2.760000000000151488e+01,1.925593389530879733e+02,3.430734321415523702e+00,3.430734321415523702e+00
2.761000000000151644e+01,1.926279556877690595e+02,3.430939073752228285e+00,3.430939073752228285e+00
2.762000000000151800e+01,1.926965765160380499e+02,3.431143680265360540e+00,3.431143680265360540e+00
2.763000000000151957e+01,1.927652014349797298e+02,3.431348141101958404e+00,3.431348141101958404e+00
2.764000000000152113e+01,1.928338304416821245e+02,3.431552456408871521e+00,3.431552456408871521e+00
2.765000000000152269e+01,1.929024635332361584e+02,3.431756626332767013e+00,3.431756626332767013e+00
2.766000000000152426e+01,1.929711007067354274e+02,3.431960651020129482e+00,3.431960651020129482e+00
2.767000000000152582e+01,1.930397419592769666e+02,3.432164530617261011e+00,3.432164530617261011e+00
2.768000000000152738e+01,1.931083872879601415e+02,3.432368265270270058e+00,3.432368265270270058e+00
2.769000000000152895e+01,1.931770366898877285e+02,3.432571855125080340e+00,3.432571855125080340e+00
2.770000000000153051e+01,1.932456901621652037e+02,3.432775300327427725e+00,3.432775300327427725e+00
2.771000000000153207e+01,1.933143477019008287e+02,3.432978601022861564e+00,3.432978601022861564e+00
2.772000000000153364e+01,1.933830093062059916e+02,3.433181757356741137e+00,3.433181757356741137e+00
2.773000000000153520e+01,1.934516749721950362e+02,3.433384769474254306e+00,3.433384769474254306e+00
2.774000000000153676e+01,1.935203446969851200e+02,3.433587637520393532e+00,3.433587637520393532e+00
2.775000000000153833e+01,1.935890184776959018e+02,3.433790361639964761e+00,3.433790361639964761e+00
2.776000000000153989e+01,1.936576963114507066e+02,3.433992941977598967e+00,3.433992941977598967e+00
2.777000000000154145e+01,1.937263781953749628e+02,3.434195378677739718e+00,3.434195378677739718e+00
2.778000000000154301e+01,1.937950641265977083e+02,3.434397671884646730e+00,3.434397671884646730e+00
2.779000000000154458e+01,1.938637541022504251e+02,3.434599821742391867e+00,3.434599821742391867e+00
2.780000000000154614e+01,1.939324481194674945e+02,3.434801828394867584e+00,3.434801828394867584e+00
2.781000000000154770e+01,1.940011461753861681e+02,3.435003691985784258e+00,3.435003691985784258e+00
2.782000000000154927e+01,1.940698482671468810e+02,3.435205412658664859e+00,3.435205412658664859e+00
2.783000000000155083e+01,1.941385543918926260e+02,3.435406990556860052e+00,3.435406990556860052e+00
2.784000000000155239e+01,1.942072645467691245e+02,3.435608425823523326e+00,3.435608425823523326e+00
2.785000000000155396e+01,1.942759787289254803e+02,3.435809718601645191e+00,3.435809718601645191e+00
2.786000000000155552e+01,1.943446969355132126e+02,3.436010869034025195e+00,3.436010869034025195e+00
2.787000000000155708e+01,1.944134191636869673e+02,3.436211877263277259e+00,3.436211877263277259e+00
2.788000000000155865e+01,1.944821454106036924e+02,3.436412743431834116e+00,3.436412743431834116e+00
2.789000000000156021e+01,1.945508756734240876e+02,3.436613467681950862e+00,3.436613467681950862e+00
2.790000000000156177e+01,1.946196099493111262e+02,3.436814050155708955e+00,3.436814050155708955e+00
2.791000000000156334e+01,1.946883482354302828e+02,3.437014490994997118e+00,3.437014490994997118e+00
2.792000000000156490e+01,1.947570905289507550e+02,3.437214790341533988e+00,3.437214790341533988e+00
2.793000000000156646e+01,1.948258368270439291e+02,3.437414948336857012e+00,3.437414948336857012e+00
2.794000000000156803e+01,1.948945871268842893e+02,3.437614965122318900e+00,3.437614965122318900e+00
2.795000000000156959e+01,1.949633414256489914e+02,3.437814840839100938e+00,3.437814840839100938e+00
2.796000000000157115e+01,1.950320997205178628e+02,3.438014575628195679e+00,3.438014575628195679e+00
2.797000000000157272e+01,1.951008620086739995e+02,3.438214169630431805e+00,3.438214169630431805e+00
2.798000000000157428e+01,1.951696282873030555e+02,3.438413622986443929e+00,3.438413622986443929e+00
2.799000000000157584e+01,1.952383985535934698e+02,3.438612935836696138e+00,3.438612935836696138e+00
2.800000000000157740e+01,1.953071728047365525e+02,3.438812108321476657e+00,3.438812108321476657e+00
2.801000000000157897e+01,1.953759510379263133e+02,3.439011140580892079e+00,3.439011140580892079e+00
2.802000000000158053e+01,1.954447332503598602e+02,3.439210032754869140e+00,3.439210032754869140e+00
2.803000000000158209e+01,1.955135194392364326e+02,3.439408784983172040e+00,3.439408784983172040e+00
2.804000000000158366e+01,1.955823096017590501e+02,3.439607397405371803e+00,3.439607397405371803e+00
2.805000000000158522e+01,1.956511037351327786e+02,3.439805870160864032e+00,3.439805870160864032e+00
2.806000000000158678e+01,1.957199018365655832e+02,3.440004203388882242e+00,3.440004203388882242e+00
2.807000000000158835e+01,1.957887039032683845e+02,3.440202397228472986e+00,3.440202397228472986e+00
2.808000000000158991e+01,1.958575099324547182e+02,3.440400451818515393e+00,3.440400451818515393e+00
2.809000000000159147e+01,1.959263199213410473e+02,3.440598367297698523e+00,3.440598367297698523e+00
2.810000000000159304e+01,1.959951338671466203e+02,3.440796143804544904e+00,3.440796143804544904e+00
2.811000000000159460e+01,1.960639517670932719e+02,3.440993781477406532e+00,3.440993781477406532e+00
2.812000000000159616e+01,1.961327736184057073e+02,3.441191280454458656e+00,3.441191280454458656e+00
2.813000000000159773e+01,1.962015994183113889e+02,3.441388640873693561e+00,3.441388640873693561e+00
2.814000000000159929e+01,1.962704291640406211e+02,3.441585862872940549e+00,3.441585862872940549e+00
2.815000000000160085e+01,1.963392628528263231e+02,3.441782946589851289e+00,3.441782946589851289e+00
2.816000000000160242e+01,1.964081004819042846e+02,3.441979892161907806e+00,3.441979892161907806e+00
2.817000000000160398e+01,1.964769420485128251e+02,3.442176699726410938e+00,3.442176699726410938e+00
2.818000000000160554e+01,1.965457875498933333e+02,3.442373369420487883e+00,3.442373369420487883e+00
2.819000000000160711e+01,1.966146369832896426e+02,3.442569901381104192e+00,3.442569901381104192e+00
2.820000000000160867e+01,1.966834903459485702e+02,3.442766295745042893e+00,3.442766295745042893e+00
2.821000000000161023e+01,1.967523476351194631e+02,3.442962552648916041e+00,3.442962552648916041e+00
2.822000000000161180e+01,1.968212088480544821e+02,3.443158672229165607e+00,3.443158672229165607e+00
2.823000000000161336e+01,1.968900739820086585e+02,3.443354654622065691e+00,3.443354654622065691e+00
2.824000000000161492e+01,1.969589430342393541e+02,3.443550499963718980e+00,3.443550499963718980e+00
2.825000000000161648e+01,1.970278160020070857e+02,3.443746208390054075e+00,3.443746208390054075e+00
2.826000000000161805e+01,1.970966928825750131e+02,3.443941780036815281e+00,3.443941780036815281e+00
2.827000000000161961e+01,1.971655736732085984e+02,3.444137215039593691e+00,3.444137215039593691e+00
2.828000000000162117e+01,1.972344583711765154e+02,3.444332513533807205e+00,3.444332513533807205e+00
2.829000000000162274e+01,1.973033469737499672e+02,3.444527675654703192e+00,3.444527675654703192e+00
2.830000000000162430e+01,1.973722394782028005e+02,3.444722701537354048e+00,3.444722701537354048e+00
2.831000000000162586e+01,1.974411358818114195e+02,3.444917591316664751e+00,3.444917591316664751e+00
2.832000000000162743e+01,1.975100361818554404e+02,3.445112345127368414e+00,3.445112345127368414e+00
2.833000000000162899e+01,1.975789403756165825e+02,3.445306963104038278e+00,3.445306963104038278e+00
2.834000000000163055e+01,1.976478484603795494e+02,3.445501445381069061e+00,3.445501445381069061e+00
2.835000000000163212e+01,1.977167604334318014e+02,3.445695792092692056e+00,3.445695792092692056e+00
2.836000000000163368e+01,1.977856762920633287e+02,3.445890003372976906e+00,3.445890003372976906e+00
2.837000000000163524e+01,1.978545960335666223e+02,3.446084079355811181e+00,3.446084079355811181e+00
2.838000000000163681e+01,1.979235196552374703e+02,3.446278020174917245e+00,3.446278020174917245e+00
2.839000000000163837e+01,1.979924471543737354e+02,3.446471825963853153e+00,3.446471825963853153e+00
2.840000000000163993e+01,1.980613785282760375e+02,3.446665496856010868e+00,3.446665496856010868e+00
2.841000000000164150e+01,1.981303137742480374e+02,3.446859032984611382e+00,3.446859032984611382e+00
2.842000000000164306e+01,1.981992528895954706e+02,3.447052434482712702e+00,3.447052434482712702e+00
2.843000000000164462e+01,1.982681958716271993e+02,3.447245701483199198e+00,3.447245701483199198e+00
2.844000000000164619e+01,1.983371427176547286e+02,3.447438834118794926e+00,3.447438834118794926e+00
2.845000000000164775e+01,1.984060934249920649e+02,3.447631832522065842e+00,3.447631832522065842e+00
2.846000000000164931e+01,1.984750479909556020e+02,3.447824696825398938e+00,3.447824696825398938e+00
2.847000000000165087e+01,1.985440064128650306e+02,3.448017427161017778e+00,3.448017427161017778e+00
2.848000000000165244e+01,1.986129686880420877e+02,3.448210023660975398e+00,3.448210023660975398e+00
2.849000000000165400e+01,1.986819348138114663e+02,3.448402486457175176e+00,3.448402486457175176e+00
2.850000000000165556e+01,1.987509047875003603e+02,3.448594815681342851e+00,3.448594815681342851e+00
2.851000000000165713e+01,1.988198786064387491e+02,3.448787011465048735e+00,3.448787011465048735e+00
2.852000000000165869e+01,1.988888562679589427e+02,3.448979073939690831e+00,3.448979073939690831e+00
2.853000000000166025e+01,1.989578377693963205e+02,3.449171003236506827e+00,3.449171003236506827e+00
2.854000000000166182e+01,1.990268231080884220e+02,3.449362799486558995e+00,3.449362799486558995e+00
2.855000000000166338e+01,1.990958122813757711e+02,3.449554462820767053e+00,3.449554462820767053e+00
2.856000000000166494e+01,1.991648052866012506e+02,3.449745993369871755e+00,3.449745993369871755e+00
2.857000000000166651e+01,1.992338021211106422e+02,3.449937391264455311e+00,3.449937391264455311e+00
2.858000000000166807e+01,1.993028027822518879e+02,3.450128656634940505e+00,3.450128656634940505e+00
2.859000000000166963e+01,1.993718072673758854e+02,3.450319789611584032e+00,3.450319789611584032e+00
2.860000000000167120e+01,1.994408155738364030e+02,3.450510790324474275e+00,3.450510790324474275e+00
2.861000000000167276e+01,1.995098276989889143e+02,3.450701658903545521e+00,3.450701658903545521e+00
2.862000000000167432e+01,1.995788436401925594e+02,3.450892395478563746e+00,3.450892395478563746e+00
2.863000000000167589e+01,1.996478633948081836e+02,3.451083000179145266e+00,3.451083000179145266e+00
2.864000000000167745e+01,1.997168869601995880e+02,3.451273473134734981e+00,3.451273473134734981e+00
2.865000000000167901e+01,1.997859143337335297e+02,3.451463814474613034e+00,3.451463814474613034e+00
2.866000000000168058e+01,1.998549455127786416e+02,3.451654024327902803e+00,3.451654024327902803e+00
2.867000000000168214e+01,1.999239804947066261e+02,3.451844102823566907e+00,3.451844102823566907e+00
2.868000000000168370e+01,1.999930192768916584e+02,3.452034050090415640e+00,3.452034050090415640e+00
2.869000000000168527e+01,2.000620618567102440e+02,3.452223866257083440e+00,3.452223866257083440e+00
2.870000000000168683e+01,2.001311082315417593e+02,3.452413551452054197e+00,3.452413551452054197e+00
2.871000000000168839e+01,2.002001583987682807e+02,3.452603105803657257e+00,3.452603105803657257e+00
2.872000000000168995e+01,2.002692123557740445e+02,3.452792529440043445e+00,3.452792529440043445e+00
2.873000000000169152e+01,2.003382700999458450e+02,3.452981822489221475e+00,3.452981822489221475e+00
2.874000000000169308e+01,2.004073316286736031e+02,3.453170985079038413e+00,3.453170985079038413e+00
2.875000000000169464e+01,2.004763969393490299e+02,3.453360017337167687e+00,3.453360017337167687e+00
2.876000000000169621e+01,2.005454660293670202e+02,3.453548919391145056e+00,3.453548919391145056e+00
2.877000000000169777e+01,2.006145388961247136e+02,3.453737691368341522e+00,3.453737691368341522e+00
2.878000000000169933e+01,2.006836155370217512e+02,3.453926333395965553e+00,3.453926333395965553e+00
2.879000000000170090e+01,2.007526959494605308e+02,3.454114845601071071e+00,3.454114845601071071e+00
2.880000000000170246e+01,2.008217801308458377e+02,3.454303228110543245e+00,3.454303228110543245e+00
2.881000000000170402e+01,2.008908680785849583e+02,3.454491481051125135e+00,3.454491481051125135e+00
2.882000000000170559e+01,2.009599597900878507e+02,3.454679604549393268e+00,3.454679604549393268e+00
2.883000000000170715e+01,2.010290552627669740e+02,3.454867598731770517e+00,3.454867598731770517e+00
2.884000000000170871e+01,2.010981544940371180e+02,3.455055463724519882e+00,3.455055463724519882e+00
2.885000000000171028e+01,2.011672574813158576e+02,3.455243199653759145e+00,3.455243199653759145e+00
2.886000000000171184e+01,2.012363642220232975e+02,3.455430806645434672e+00,3.455430806645434672e+00
2.887000000000171340e+01,2.013054747135817593e+02,3.455618284825341835e+00,3.455618284825341835e+00
2.888000000000171497e+01,2.013745889534163211e+02,3.455805634319125019e+00,3.455805634319125019e+00
2.889000000000171653e+01,2.014437069389545627e+02,3.455992855252267404e+00,3.455992855252267404e+00
2.890000000000171809e+01,2.015128286676263940e+02,3.456179947750090964e+00,3.456179947750090964e+00
2.891000000000171966e+01,2.015819541368645389e+02,3.456366911937773345e+00,3.456366911937773345e+00
2.892000000000172122e+01,2.016510833441039381e+02,3.456553747940334986e+00,3.456553747940334986e+00
2.893000000000172278e+01,2.017202162867821187e+02,3.456740455882650220e+00,3.456740455882650220e+00
2.894000000000172435e+01,2.017893529623391942e+02,3.456927035889421962e+00,3.456927035889421962e+00
2.895000000000172591e+01,2.018584933682177507e+02,3.457113488085203024e+00,3.457113488085203024e+00
2.896000000000172747e+01,2.019276375018626766e+02,3.457299812594397004e+00,3.457299812594397004e+00
2.897000000000172903e+01,2.019967853607215602e+02,3.457486009541250294e+00,3.457486009541250294e+00
2.898000000000173060e+01,2.020659369422442353e+02,3.457672079049856961e+00,3.457672079049856961e+00
2.899000000000173216e+01,2.021350922438834914e+02,3.457858021244161417e+00,3.457858021244161417e+00
2.900000000000173372e+01,2.022042512630940507e+02,3.458043836247952640e+00,3.458043836247952640e+00
2.901000000000173529e+01,2.022734139973333640e+02,3.458229524184866399e+00,3.458229524184866399e+00
2.902000000000173685e+01,2.023425804440614684e+02,3.458415085178379034e+00,3.458415085178379034e+00
2.903000000000173841e+01,2.024117506007405609e+02,3.458600519351813229e+00,3.458600519351813229e+00
2.904000000000173998e+01,2.024809244648355104e+02,3.458785826828355781e+00,3.458785826828355781e+00
2.905000000000174154e+01,2.025501020338136868e+02,3.458971007731030500e+00,3.458971007731030500e+00
2.906000000000174310e+01,2.026192833051447337e+02,3.459156062182711544e+00,3.459156062182711544e+00
2.907000000000174467e+01,2.026884682763009664e+02,3.459340990306119856e+00,3.459340990306119856e+00
2.908000000000174623e+01,2.027576569447570307e+02,3.459525792223822283e+00,3.459525792223822283e+00
2.909000000000174779e+01,2.028268493079899883e+02,3.459710468058245780e+00,3.459710468058245780e+00
2.910000000000174936e+01,2.028960453634793168e+02,3.459895017931655214e+00,3.459895017931655214e+00
2.911000000000175092e+01,2.029652451087073075e+02,3.460079441966166680e+00,3.460079441966166680e+00
2.912000000000175248e+01,2.030344485411579569e+02,3.460263740283752387e+00,3.460263740283752387e+00
2.913000000000175405e+01,2.031036556583185018e+02,3.460447913006224230e+00,3.460447913006224230e+00
2.914000000000175561e+01,2.031728664576782535e+02,3.460631960255250217e+00,3.460631960255250217e+00
2.915000000000175717e+01,2.032420809367287404e+02,3.460815882152346479e+00,3.460815882152346479e+00
2.916000000000175874e+01,2.033112990929643615e+02,3.460999678818885261e+00,3.460999678818885261e+00
2.917000000000176030e+01,2.033805209238814768e+02,3.461183350376080714e+00,3.461183350376080714e+00
2.918000000000176186e+01,2.034497464269794023e+02,3.461366896944999105e+00,3.461366896944999105e+00
2.919000000000176342e+01,2.035189755997593863e+02,3.461550318646571700e+00,3.461550318646571700e+00
2.920000000000176499e+01,2.035882084397252072e+02,3.461733615601564118e+00,3.461733615601564118e+00
2.921000000000176655e+01,2.036574449443833430e+02,3.461916787930597206e+00,3.461916787930597206e+00
2.922000000000176811e+01,2.037266851112424888e+02,3.462099835754147037e+00,3.462099835754147037e+00
2.923000000000176968e+01,2.037959289378135566e+02,3.462282759192537362e+00,3.462282759192537362e+00
2.924000000000177124e+01,2.038651764216101583e+02,3.462465558365947160e+00,3.462465558365947160e+00
2.925000000000177280e+01,2.039344275601481797e+02,3.462648233394412411e+00,3.462648233394412411e+00
2.926000000000177437e+01,2.040036823509458941e+02,3.462830784397814554e+00,3.462830784397814554e+00
2.927000000000177593e+01,2.040729407915241325e+02,3.463013211495890697e+00,3.463013211495890697e+00
2.928000000000177749e+01,2.041422028794058008e+02,3.463195514808225628e+00,3.463195514808225628e+00
2.929000000000177906e+01,2.042114686121163345e+02,3.463377694454262468e+00,3.463377694454262468e+00
2.930000000000178062e+01,2.042807379871838975e+02,3.463559750553306671e+00,3.463559750553306671e+00
2.931000000000178218e+01,2.043500110021385865e+02,3.463741683224503376e+00,3.463741683224503376e+00
2.932000000000178375e+01,2.044192876545128854e+02,3.463923492586858277e+00,3.463923492586858277e+00
2.933000000000178531e+01,2.044885679418420352e+02,3.464105178759228743e+00,3.464105178759228743e+00
2.934000000000178687e+01,2.045578518616632095e+02,3.464286741860318042e+00,3.464286741860318042e+00
2.935000000000178844e+01,2.046271394115164810e+02,3.464468182008705099e+00,3.464468182008705099e+00
2.936000000000179000e+01,2.046964305889435991e+02,3.464649499322809412e+00,3.464649499322809412e+00
2.937000000000179156e+01,2.047657253914893545e+02,3.464830693920900817e+00,3.464830693920900817e+00
2.938000000000179313e+01,2.048350238167004136e+02,3.465011765921111042e+00,3.465011765921111042e+00
2.939000000000179469e+01,2.049043258621261430e+02,3.465192715441428373e+00,3.465192715441428373e+00
2.940000000000179625e+01,2.049736315253181544e+02,3.465373542599701207e+00,3.465373542599701207e+00
2.941000000000179782e+01,2.050429408038302199e+02,3.465554247513628727e+00,3.465554247513628727e+00
2.942000000000179938e+01,2.051122536952186408e+02,3.465734830300763125e+00,3.465734830300763125e+00
2.943000000000180094e+01,2.051815701970421912e+02,3.465915291078512706e+00,3.465915291078512706e+00
2.944000000000180250e+01,2.052508903068618622e+02,3.466095629964136560e+00,3.466095629964136560e+00
2.945000000000180407e+01,2.053202140222408332e+02,3.466275847074768990e+00,3.466275847074768990e+00
2.946000000000180563e+01,2.053895413407448132e+02,3.466455942527385758e+00,3.466455942527385758e+00
2.947000000000180719e+01,2.054588722599418418e+02,3.466635916438824960e+00,3.466635916438824960e+00
2.948000000000180876e+01,2.055282067774022892e+02,3.466815768925781693e+00,3.466815768925781693e+00
2.949000000000181032e+01,2.055975448906989413e+02,3.466995500104803618e+00,3.466995500104803618e+00
2.950000000000181188e+01,2.056668865974065170e+02,3.467175110092304724e+00,3.467175110092304724e+00
2.951000000000181345e+01,2.057362318951026054e+02,3.467354599004550675e+00,3.467354599004550675e+00
2.952000000000181501e+01,2.058055807813667286e+02,3.467533966957675684e+00,3.467533966957675684e+00
2.953000000000181657e+01,2.058749332537809096e+02,3.467713214067665195e+00,3.467713214067665195e+00
2.954000000000181814e+01,2.059442893099294167e+02,3.467892340450350552e+00,3.467892340450350552e+00
2.955000000000181970e+01,2.060136489473989059e+02,3.468071346221437423e+00,3.468071346221437423e+00
2.956000000000182126e+01,2.060830121637783350e+02,3.468250231496484925e+00,3.468250231496484925e+00
2.957000000000182283e+01,2.061523789566587936e+02,3.468428996390910068e+00,3.468428996390910068e+00
2.958000000000182439e+01,2.062217493236340431e+02,3.468607641019989973e+00,3.468607641019989973e+00
2.959000000000182595e+01,2.062911232622995215e+02,3.468786165498871199e+00,3.468786165498871199e+00
2.960000000000182752e+01,2.063605007702538501e+02,3.468964569942551091e+00,3.468964569942551091e+00
2.961000000000182908e+01,2.064298818450972703e+02,3.469142854465881776e+00,3.469142854465881776e+00
2.962000000000183064e+01,2.064992664844324395e+02,3.469321019183581267e+00,3.469321019183581267e+00
2.963000000000183221e+01,2.065686546858646864e+02,3.469499064210238348e+00,3.469499064210238348e+00
2.964000000000183377e+01,2.066380464470009599e+02,3.469676989660283706e+00,3.469676989660283706e+00
2.965000000000183533e+01,2.067074417654509944e+02,3.469854795648014800e+00,3.469854795648014800e+00
2.966000000000183690e+01,2.067768406388269398e+02,3.470032482287596309e+00,3.470032482287596309e+00
2.967000000000183846e+01,2.068462430647425947e+02,3.470210049693045029e+00,3.470210049693045029e+00
2.968000000000184002e+01,2.069156490408145714e+02,3.470387497978247193e+00,3.470387497978247193e+00
2.969000000000184158e+01,2.069850585646616423e+02,3.470564827256952256e+00,3.470564827256952256e+00
2.970000000000184315e+01,2.070544716339048819e+02,3.470742037642760458e+00,3.470742037642760458e+00
2.971000000000184471e+01,2.071238882461674109e+02,3.470919129249140145e+00,3.470919129249140145e+00
2.972000000000184627e+01,2.071933083990748230e+02,3.471096102189427324e+00,3.471096102189427324e+00
2.973000000000184784e+01,2.072627320902550423e+02,3.471272956576811008e+00,3.471272956576811008e+00
2.974000000000184940e+01,2.073321593173379256e+02,3.471449692524347874e+00,3.471449692524347874e+00
2.975000000000185096e+01,2.074015900779559161e+02,3.471626310144959149e+00,3.471626310144959149e+00
2.976000000000185253e+01,2.074710243697437306e+02,3.471802809551417734e+00,3.471802809551417734e+00
2.977000000000185409e+01,2.075404621903380473e+02,3.471979190856367303e+00,3.471979190856367303e+00
2.978000000000185565e+01,2.076099035373779316e+02,3.472155454172323186e+00,3.472155454172323186e+00
2.979000000000185722e+01,2.076793484085048362e+02,3.472331599611659492e+00,3.472331599611659492e+00
2.980000000000185878e+01,2.077487968013624311e+02,3.472507627286603782e+00,3.472507627286603782e+00
2.981000000000186034e+01,2.078182487135963754e+02,3.472683537309256607e+00,3.472683537309256607e+00
2.982000000000186191e+01,2.078877041428548580e+02,3.472859329791584848e+00,3.472859329791584848e+00
2.983000000000186347e+01,2.079571630867880287e+02,3.473035004845416829e+00,3.473035004845416829e+00
2.984000000000186503e+01,2.080266255430486808e+02,3.473210562582433436e+00,3.473210562582433436e+00
2.985000000000186660e+01,2.080960915092912842e+02,3.473386003114194764e+00,3.473386003114194764e+00
2.986000000000186816e+01,2.081655609831731510e+02,3.473561326552127682e+00,3.473561326552127682e+00
2.987000000000186972e+01,2.082350339623534410e+02,3.473736533007520499e+00,3.473736533007520499e+00
2.988000000000187129e+01,2.083045104444935021e+02,3.473911622591517201e+00,3.473911622591517201e+00
2.989000000000187285e+01,2.083739904272570129e+02,3.474086595415147194e+00,3.474086595415147194e+00
2.990000000000187441e+01,2.084434739083100681e+02,3.474261451589284899e+00,3.474261451589284899e+00
2.991000000000187597e+01,2.085129608853206378e+02,3.474436191224679060e+00,3.474436191224679060e+00
2.992000000000187754e+01,2.085824513559590514e+02,3.474610814431952299e+00,3.474610814431952299e+00
2.993000000000187910e+01,2.086519453178978836e+02,3.474785321321581577e+00,3.474785321321581577e+00
2.994000000000188066e+01,2.087214427688118974e+02,3.474959712003916845e+00,3.474959712003916845e+00
2.995000000000188223e+01,2.087909437063780445e+02,3.475133986589170387e+00,3.475133986589170387e+00
2.996000000000188379e+01,2.088604481282755216e+02,3.475308145187421260e+00,3.475308145187421260e+00
2.997000000000188535e+01,2.089299560321855438e+02,3.475482187908623288e+00,3.475482187908623288e+00
2.998000000000188692e+01,2.089994674157918553e+02,3.475656114862591295e+00,3.475656114862591295e+00
2.999000000000188848e+01,2.090689822767800763e+02,3.475829926159000660e+00,3.475829926159000660e+00
