# Tier-1a onset-strip stress MD ensemble-mean trajectory. run_tag=tier1a_stress_onset_strip_n2_t0.5, n_final=2, t_strip_ps=0.5, N=50, ion_steps=3000.
# time_ps,mean_distance_A,mean_speed_I1_Aps,mean_speed_I2_Aps
0.000000000000000000e+00,8.999995317870384426e+00,4.504273944159927477e-04,4.504273944159927477e-04
1.000000000000000021e-02,9.000797999679265970e+00,8.071135116635864970e-02,8.071135116635864970e-02
2.000000000000000042e-02,9.003223769886698591e+00,1.618437497544594761e-01,1.618437497544594761e-01
2.999999999999999889e-02,9.007271741986704328e+00,2.429169212120028121e-01,2.429169212120028121e-01
4.000000000000000083e-02,9.012940429640815765e+00,3.239007583960282211e-01,3.239007583960282211e-01
5.000000000000000278e-02,9.020227742092169265e+00,4.047649552822813468e-01,4.047649552822813468e-01
6.000000000000000472e-02,9.029130980810261775e+00,4.854790687810959793e-01,4.854790687810959793e-01
7.000000000000000666e-02,9.039646837377553368e+00,5.660125809878034930e-01,5.660125809878034930e-01
8.000000000000000167e-02,9.051771392624091916e+00,6.463349615880003007e-01,6.463349615880003007e-01
8.999999999999999667e-02,9.065500117010097725e+00,7.264157301382412335e-01,7.264157301382412335e-01
9.999999999999999167e-02,9.080827872251397537e+00,8.062245179449861743e-01,8.062245179449861743e-01
1.099999999999999867e-01,9.097748914176751356e+00,8.857311292675107417e-01,8.857311292675107417e-01
1.199999999999999817e-01,9.116256896800850384e+00,9.649056015803770814e-01,9.649056015803770814e-01
1.299999999999999767e-01,9.136344877591509928e+00,1.043718264637796045e+00,1.043718264637796045e+00
1.399999999999999856e-01,9.158005323904525596e+00,1.122139798093415797e+00,1.122139798093415797e+00
1.499999999999999944e-01,9.181230120554907614e+00,1.200141287442591187e+00,1.200141287442591187e+00
1.600000000000000033e-01,9.206010578488593055e+00,1.277694278067772249e+00,1.277694278067772249e+00
1.700000000000000122e-01,9.232337444514570279e+00,1.354770827183629178e+00,1.354770827183629178e+00
1.800000000000000211e-01,9.260200912053454303e+00,1.431343553495149301e+00,1.431343553495149301e+00
1.900000000000000300e-01,9.289590632854983099e+00,1.507385684400472936e+00,1.507385684400472936e+00
2.000000000000000389e-01,9.320495729633671900e+00,1.582871100588580937e+00,1.582871100588580937e+00
2.100000000000000477e-01,9.352904809569182021e+00,1.657774377901308993e+00,1.657774377901308993e+00
2.200000000000000566e-01,9.386805978615397450e+00,1.732070826349308090e+00,1.732070826349308090e+00
2.300000000000000655e-01,9.422186856560410106e+00,1.805736526190983682e+00,1.805736526190983682e+00
2.400000000000000744e-01,9.459034592777703310e+00,1.878748361003340195e+00,1.878748361003340195e+00
2.500000000000000555e-01,9.497335882607906399e+00,1.951084047693818491e+00,1.951084047693818491e+00
2.600000000000000644e-01,9.537076984309482697e+00,2.022722163420114683e+00,2.022722163420114683e+00
2.700000000000000733e-01,9.578243736516276030e+00,2.093642169404715592e+00,2.093642169404715592e+00
2.800000000000000822e-01,9.620821576139828579e+00,2.163824431648821101e+00,2.163824431648821101e+00
2.900000000000000910e-01,9.664795556654611985e+00,2.233250238565950507e+00,2.233250238565950507e+00
3.000000000000000999e-01,9.710150366704793257e+00,2.301901815572719112e+00,2.301901815572719112e+00
3.100000000000001088e-01,9.756870348972311646e+00,2.369762336689000382e+00,2.369762336689000382e+00
3.200000000000001177e-01,9.804939519246925528e+00,2.436815933213419605e+00,2.436815933213419605e+00
3.300000000000001266e-01,9.854341585640602474e+00,2.503047699551889327e+00,2.503047699551889327e+00
3.400000000000001354e-01,9.905059967890096573e+00,2.568443696289611999e+00,2.568443696289611999e+00
3.500000000000001443e-01,9.957077816693630012e+00,2.632990950606460601e+00,2.632990950606460601e+00
3.600000000000001532e-01,1.001037803302966012e+01,2.696677454143825425e+00,2.696677454143825425e+00
3.700000000000001621e-01,1.006494328740776112e+01,2.759492158439476484e+00,2.759492158439476484e+00
3.800000000000001710e-01,1.012075603900442466e+01,2.821424968052690385e+00,2.821424968052690385e+00
3.900000000000001799e-01,1.017779855463869865e+01,2.882466731507518976e+00,2.882466731507518976e+00
4.000000000000001887e-01,1.023605292754546525e+01,2.942609230185398328e+00,2.942609230185398328e+00
4.100000000000001976e-01,1.029550109590663887e+01,3.001845165301548324e+00,3.001845165301548324e+00
4.200000000000002065e-01,1.035612486110339958e+01,3.060168143101506644e+00,3.060168143101506644e+00
4.300000000000002154e-01,1.041790590565518926e+01,3.117572658414340836e+00,3.117572658414340836e+00
4.400000000000002243e-01,1.048082581081411568e+01,3.174054076699717175e+00,3.174054076699717175e+00
4.500000000000002331e-01,1.054486607378591145e+01,3.229608614724355675e+00,3.229608614724355675e+00
4.600000000000002420e-01,1.061000812455148612e+01,3.284233320002091450e+00,3.284233320002091450e+00
4.700000000000002509e-01,1.067623334226567344e+01,3.337926049129416040e+00,3.337926049129416040e+00
4.800000000000002598e-01,1.074352307121239924e+01,3.390685445144931531e+00,3.390685445144931531e+00
4.900000000000002687e-01,1.081185863629805688e+01,3.442510914037954617e+00,3.442510914037954617e+00
5.000000000000002220e-01,1.088150924349986148e+01,3.521986651434852789e+00,3.521986651434852789e+00
5.100000000000002309e-01,1.095273270303375135e+01,3.599794477132285841e+00,3.599794477132285841e+00
5.200000000000002398e-01,1.102549550269456446e+01,3.675919694562693518e+00,3.675919694562693518e+00
5.300000000000002487e-01,1.109976386182974473e+01,3.750350124228989390e+00,3.750350124228989390e+00
5.400000000000002576e-01,1.117550378133077338e+01,3.823076068130512706e+00,3.823076068130512706e+00
5.500000000000002665e-01,1.125268109282957951e+01,3.894090266047848470e+00,3.894090266047848470e+00
5.600000000000002753e-01,1.133126150694303291e+01,3.963387844241252456e+00,3.963387844241252456e+00
5.700000000000002842e-01,1.141121066041937482e+01,4.030966257142918785e+00,4.030966257142918785e+00
5.800000000000002931e-01,1.149249416205301699e+01,4.096825222644048026e+00,4.096825222644048026e+00
5.900000000000003020e-01,1.157507763724553840e+01,4.160966651590246812e+00,4.160966651590246812e+00
6.000000000000003109e-01,1.165892677110363884e+01,4.223394572108086997e+00,4.223394572108086997e+00
6.100000000000003197e-01,1.174400734997691131e+01,4.284115049386044483e+00,4.284115049386044483e+00
6.200000000000003286e-01,1.183028530135098499e+01,4.343136101530948423e+00,4.343136101530948423e+00
6.300000000000003375e-01,1.191772673202370036e+01,4.400467612113128979e+00,4.400467612113128979e+00
6.400000000000003464e-01,1.200629796450430220e+01,4.456121239999986550e+00,4.456121239999986550e+00
6.500000000000003553e-01,1.209596557158735841e+01,4.510110327062243130e+00,4.510110327062243130e+00
6.600000000000003642e-01,1.218669640906456131e+01,4.562449804314257840e+00,4.562449804314257840e+00
6.700000000000003730e-01,1.227845764654863814e+01,4.613156097028250358e+00,4.613156097028250358e+00
6.800000000000003819e-01,1.237121679639410310e+01,4.662247029335111037e+00,4.662247029335111037e+00
6.900000000000003908e-01,1.246494174070939209e+01,4.709741728794517357e+00,4.709741728794517357e+00
7.000000000000003997e-01,1.255960075646453156e+01,4.755660531387619905e+00,4.755660531387619905e+00
7.100000000000004086e-01,1.265516253870696417e+01,4.800024887352014602e+00,4.800024887352014602e+00
7.200000000000004174e-01,1.275159622190638586e+01,4.842857268246533842e+00,4.842857268246533842e+00
7.300000000000004263e-01,1.284887139945672452e+01,4.884181075599995481e+00,4.884181075599995481e+00
7.400000000000004352e-01,1.294695814137028655e+01,4.924020551462321649e+00,4.924020551462321649e+00
7.500000000000004441e-01,1.304582701020495072e+01,4.962400691143655784e+00,4.962400691143655784e+00
7.600000000000004530e-01,1.314544907527068496e+01,4.999347158393844914e+00,4.999347158393844914e+00
7.700000000000004619e-01,1.324579592516661286e+01,5.034886203241799585e+00,5.034886203241799585e+00
7.800000000000004707e-01,1.334683967870352106e+01,5.069044582680988675e+00,5.069044582680988675e+00
7.900000000000004796e-01,1.344855299427042894e+01,5.101849484358995213e+00,5.101849484358995213e+00
8.000000000000004885e-01,1.355090907770659925e+01,5.133328453399263580e+00,5.133328453399263580e+00
8.100000000000004974e-01,1.365388168874264174e+01,5.163509322453297301e+00,5.163509322453297301e+00
8.200000000000005063e-01,1.375744514607607449e+01,5.192420145058767922e+00,5.192420145058767922e+00
8.300000000000005151e-01,1.386157433114789406e+01,5.220089132352412342e+00,5.220089132352412342e+00
8.400000000000005240e-01,1.396624469068770225e+01,5.246544593163926073e+00,5.246544593163926073e+00
8.500000000000005329e-01,1.407143223809479160e+01,5.271814877497945417e+00,5.271814877497945417e+00
8.600000000000005418e-01,1.417711355372318671e+01,5.295928323390723946e+00,5.295928323390723946e+00
8.700000000000005507e-01,1.428326578413744485e+01,5.318913207110641750e+00,5.318913207110641750e+00
8.800000000000005596e-01,1.438986664040591279e+01,5.340797696658000859e+00,5.340797696658000859e+00
8.900000000000005684e-01,1.449689439549671555e+01,5.361609808503527752e+00,5.361609808503527752e+00
9.000000000000005773e-01,1.460432788084055034e+01,5.381377367495412400e+00,5.381377367495412400e+00
9.100000000000005862e-01,1.471214648212276010e+01,5.400127969852774434e+00,5.400127969852774434e+00
9.200000000000005951e-01,1.482033013436567970e+01,5.417888949153841338e+00,5.417888949153841338e+00
9.300000000000006040e-01,1.492885931635989927e+01,5.434687345221654198e+00,5.434687345221654198e+00
9.400000000000006128e-01,1.503771504450158325e+01,5.450549875802664701e+00,5.450549875802664701e+00
9.500000000000006217e-01,1.514687886609043765e+01,5.465502910929171065e+00,5.465502910929171065e+00
9.600000000000006306e-01,1.525633285214094670e+01,5.479572449852419425e+00,5.479572449852419425e+00
9.700000000000006395e-01,1.536605958975707331e+01,5.492784100431225447e+00,5.492784100431225447e+00
9.800000000000006484e-01,1.547604217411837269e+01,5.505163060858444979e+00,5.505163060858444979e+00
9.900000000000006573e-01,1.558626420012309843e+01,5.516734103608132322e+00,5.516734103608132322e+00
1.000000000000000666e+00,1.569670975373154320e+01,5.527521561485134072e+00,5.527521561485134072e+00
1.010000000000000675e+00,1.580736340305033139e+01,5.537549315659584082e+00,5.537549315659584082e+00
1.020000000000000684e+00,1.591821018919644715e+01,5.546840785571173882e+00,5.546840785571173882e+00
1.030000000000000693e+00,1.602923561697699739e+01,5.555418920589028531e+00,5.555418920589028531e+00
1.040000000000000702e+00,1.614042564541883706e+01,5.563306193315794346e+00,5.563306193315794346e+00
1.050000000000000711e+00,1.625176667817983400e+01,5.570524594427133991e+00,5.570524594427133991e+00
1.060000000000000719e+00,1.636324555387134438e+01,5.577095628941025396e+00,5.577095628941025396e+00
1.070000000000000728e+00,1.647484953631949267e+01,5.583040313814948696e+00,5.583040313814948696e+00
1.080000000000000737e+00,1.658656630479090310e+01,5.588379176772044765e+00,5.588379176772044765e+00
1.090000000000000746e+00,1.669838394420635197e+01,5.593132256261518442e+00,5.593132256261518442e+00
1.100000000000000755e+00,1.681029093536425023e+01,5.597319102462948059e+00,5.597319102462948059e+00
1.110000000000000764e+00,1.692227614519384815e+01,5.600958779246960617e+00,5.600958779246960617e+00
1.120000000000000773e+00,1.703432881705652946e+01,5.604069867009752848e+00,5.604069867009752848e+00
1.130000000000000782e+00,1.714643856111184661e+01,5.606670466302926314e+00,5.606670466302926314e+00
1.140000000000000790e+00,1.725859534476344948e+01,5.608778202183760442e+00,5.608778202183760442e+00
1.150000000000000799e+00,1.737078948319859251e+01,5.610410229215428757e+00,5.610410229215428757e+00
1.160000000000000808e+00,1.748301163003357317e+01,5.611583237050346007e+00,5.611583237050346007e+00
1.170000000000000817e+00,1.759525276807612215e+01,5.612313456534188560e+00,5.612313456534188560e+00
1.180000000000000826e+00,1.770750420021453309e+01,5.612616666271286192e+00,5.612616666271286192e+00
1.190000000000000835e+00,1.781975754044224303e+01,5.612508199596308422e+00,5.612508199596308422e+00
1.200000000000000844e+00,1.793200470502546651e+01,5.612002951900623593e+00,5.612002951900623593e+00
1.210000000000000853e+00,1.804423790382043435e+01,5.611115388264917847e+00,5.611115388264917847e+00
1.220000000000000862e+00,1.815644963174598558e+01,5.609859551353411966e+00,5.609859551353411966e+00
1.230000000000000870e+00,1.826863266041623746e+01,5.608249069527784236e+00,5.608249069527784236e+00
1.240000000000000879e+00,1.838078002993745486e+01,5.606297165142461125e+00,5.606297165142461125e+00
1.250000000000000888e+00,1.849288504087227736e+01,5.604016662985122466e+00,5.604016662985122466e+00
1.260000000000000897e+00,1.860494124637389035e+01,5.601419998829630487e+00,5.601419998829630487e+00
1.270000000000000906e+00,1.871694244449215105e+01,5.598519228071474174e+00,5.598519228071474174e+00
1.280000000000000915e+00,1.882888267065296262e+01,5.595326034417439587e+00,5.595326034417439587e+00
1.290000000000000924e+00,1.894075619031182001e+01,5.591851738604227684e+00,5.591851738604227684e+00
1.300000000000000933e+00,1.905255749178166980e+01,5.588107307122750278e+00,5.588107307122750278e+00
1.310000000000000941e+00,1.916428127923531477e+01,5.584103360927090698e+00,5.584103360927090698e+00
1.320000000000000950e+00,1.927592246588144320e+01,5.579850184108863687e+00,5.579850184108863687e+00
1.330000000000000959e+00,1.938747616731390977e+01,5.575357732519843346e+00,5.575357732519843346e+00
1.340000000000000968e+00,1.949893769503249885e+01,5.570635642327155246e+00,5.570635642327155246e+00
1.350000000000000977e+00,1.961030255013430690e+01,5.565693238487167349e+00,5.565693238487167349e+00
1.360000000000000986e+00,1.972156641717343462e+01,5.560539543125381456e+00,5.560539543125381456e+00
1.370000000000000995e+00,1.983272515818730497e+01,5.555183283811662598e+00,5.555183283811662598e+00
1.380000000000001004e+00,1.994377480688746473e+01,5.549632901720863210e+00,5.549632901720863210e+00
1.390000000000001013e+00,2.005471156301219793e+01,5.543896559670491442e+00,5.543896559670491442e+00
1.400000000000001021e+00,2.016553178683868452e+01,5.537982150027747075e+00,5.537982150027747075e+00
1.410000000000001030e+00,2.027623199385194397e+01,5.531897302479551470e+00,5.531897302479551470e+00
1.420000000000001039e+00,2.038680884956772843e+01,5.525649391660675924e+00,5.525649391660675924e+00
1.430000000000001048e+00,2.049725916450655561e+01,5.519245544634832967e+00,5.519245544634832967e+00
1.440000000000001057e+00,2.060757988931574758e+01,5.512692648225326231e+00,5.512692648225326231e+00
1.450000000000001066e+00,2.071776811003674368e+01,5.505997356192209757e+00,5.505997356192209757e+00
1.460000000000001075e+00,2.082782104351418795e+01,5.499166096253537361e+00,5.499166096253537361e+00
1.470000000000001084e+00,2.093773603294399877e+01,5.492205076949108644e+00,5.492205076949108644e+00
1.480000000000001092e+00,2.104751054355712370e+01,5.485120294345681380e+00,5.485120294345681380e+00
1.490000000000001101e+00,2.115714215843573953e+01,5.477917538582855350e+00,5.477917538582855350e+00
1.500000000000001110e+00,2.126662857445879595e+01,5.470602400259722664e+00,5.470602400259722664e+00
1.510000000000001119e+00,2.137596759837376226e+01,5.463180276662119361e+00,5.463180276662119361e+00
1.520000000000001128e+00,2.148515714299121271e+01,5.455656377831457071e+00,5.455656377831457071e+00
1.530000000000001137e+00,2.159419522349933374e+01,5.448035732476248505e+00,5.448035732476248505e+00
1.540000000000001146e+00,2.170307995389505606e+01,5.440323193727129691e+00,5.440323193727129691e+00
1.550000000000001155e+00,2.181180954352864632e+01,5.432523444737292984e+00,5.432523444737292984e+00
1.560000000000001164e+00,2.192038229375893366e+01,5.424641004130062782e+00,5.424641004130062782e+00
1.570000000000001172e+00,2.202879659471584972e+01,5.416680231295412540e+00,5.416680231295412540e+00
1.580000000000001181e+00,2.213705092216745385e+01,5.408645331537922374e+00,5.408645331537922374e+00
1.590000000000001190e+00,2.224514383448849131e+01,5.400540361078307150e+00,5.400540361078307150e+00
1.600000000000001199e+00,2.235307396972743987e+01,5.392369231910948635e+00,5.392369231910948635e+00
1.610000000000001208e+00,2.246084004276938728e+01,5.384135716520056292e+00,5.384135716520056292e+00
1.620000000000001217e+00,2.256844084259177663e+01,5.375843452457145233e+00,5.375843452457145233e+00
1.630000000000001226e+00,2.267587522961041557e+01,5.367495946782867122e+00,5.367495946782867122e+00
1.640000000000001235e+00,2.278314213311285741e+01,5.359096580375632080e+00,5.359096580375632080e+00
1.650000000000001243e+00,2.289024054877675951e+01,5.350648612109946356e+00,5.350648612109946356e+00
1.660000000000001252e+00,2.299716953627056526e+01,5.342155182907637467e+00,5.342155182907637467e+00
1.670000000000001261e+00,2.310392821693378806e+01,5.333619319664714808e+00,5.333619319664714808e+00
1.680000000000001270e+00,2.321051577153481560e+01,5.325043939056924636e+00,5.325043939056924636e+00
1.690000000000001279e+00,2.331693143810345958e+01,5.316431851226873562e+00,5.316431851226873562e+00
1.700000000000001288e+00,2.342317450983630778e+01,5.307785763355698627e+00,5.307785763355698627e+00
1.710000000000001297e+00,2.352924433307208929e+01,5.299108283122465402e+00,5.299108283122465402e+00
1.720000000000001306e+00,2.363514030533544741e+01,5.290401922053990624e+00,5.290401922053990624e+00
1.730000000000001315e+00,2.374086187344637011e+01,5.281669098767906689e+00,5.281669098767906689e+00
1.740000000000001323e+00,2.384640853169360497e+01,5.272912142112152090e+00,5.272912142112152090e+00
1.750000000000001332e+00,2.395177982006980599e+01,5.264133294203610092e+00,5.264133294203610092e+00
1.760000000000001341e+00,2.405697532256641225e+01,5.255334713368797317e+00,5.255334713368797317e+00
1.770000000000001350e+00,2.416199466552652808e+01,5.246518476989169066e+00,5.246518476989169066e+00
1.780000000000001359e+00,2.426683751605357031e+01,5.237686584253898658e+00,5.237686584253898658e+00
1.790000000000001368e+00,2.437150358047431098e+01,5.228840958823010254e+00,5.228840958823010254e+00
1.800000000000001377e+00,2.447599260285408818e+01,5.219983451403320096e+00,5.219983451403320096e+00
1.810000000000001386e+00,2.458030436356282777e+01,5.211115842239454565e+00,5.211115842239454565e+00
1.820000000000001394e+00,2.468443867789002155e+01,5.202239843523158491e+00,5.202239843523158491e+00
1.830000000000001403e+00,2.478839539470705944e+01,5.193357101723092839e+00,5.193357101723092839e+00
1.840000000000001412e+00,2.489217439517544861e+01,5.184469199837232978e+00,5.184469199837232978e+00
1.850000000000001421e+00,2.499577559149926387e+01,5.175577659570482325e+00,5.175577659570482325e+00
1.860000000000001430e+00,2.509919892572046152e+01,5.166683943440112614e+00,5.166683943440112614e+00
1.870000000000001439e+00,2.520244436855557169e+01,5.157789456810958129e+00,5.157789456810958129e+00
1.880000000000001448e+00,2.530551191827245816e+01,5.148895549862426257e+00,5.148895549862426257e+00
1.890000000000001457e+00,2.540840159960575306e+01,5.140003519489868111e+00,5.140003519489868111e+00
1.900000000000001465e+00,2.551111346270953106e+01,5.131114611142198356e+00,5.131114611142198356e+00
1.910000000000001474e+00,2.561364758214640602e+01,5.122230020597742239e+00,5.122230020597742239e+00
1.920000000000001483e+00,2.571600405591122751e+01,5.113350895680460084e+00,5.113350895680460084e+00
1.930000000000001492e+00,2.581818300448877324e+01,5.104478337918368247e+00,5.104478337918368247e+00
1.940000000000001501e+00,2.592018456994390974e+01,5.095613404146049241e+00,5.095613404146049241e+00
1.950000000000001510e+00,2.602200891504328695e+01,5.086757108053127752e+00,5.086757108053127752e+00
1.960000000000001519e+00,2.612365622240752927e+01,5.077910421680396524e+00,5.077910421680396524e+00
1.970000000000001528e+00,2.622512669369269034e+01,5.069074276865151774e+00,5.069074276865151774e+00
1.980000000000001537e+00,2.632642054880038529e+01,5.060249566638075791e+00,5.060249566638075791e+00
1.990000000000001545e+00,2.642753802511512262e+01,5.051437146572490988e+00,5.051437146572490988e+00
2.000000000000001332e+00,2.652847937676834178e+01,5.042637836087692449e+00,5.042637836087692449e+00
2.010000000000001119e+00,2.662924487392788819e+01,5.033852419708530590e+00,5.033852419708530590e+00
2.020000000000000906e+00,2.672983480211248164e+01,5.025081648281898516e+00,5.025081648281898516e+00
2.030000000000000693e+00,2.683024946152995227e+01,5.016326240152029214e+00,5.016326240152029214e+00
2.040000000000000480e+00,2.693048916643856572e+01,5.007586882295835373e+00,5.007586882295835373e+00
2.050000000000000266e+00,2.703055424453076228e+01,4.998864231419662296e+00,4.998864231419662296e+00
2.060000000000000053e+00,2.713044503633838644e+01,4.990158915018782615e+00,4.990158915018782615e+00
2.069999999999999840e+00,2.723016189465875314e+01,4.981471532400895796e+00,4.981471532400895796e+00
2.079999999999999627e+00,2.732970518400085780e+01,4.972802655674520622e+00,4.972802655674520622e+00
2.089999999999999414e+00,2.742907528005100914e+01,4.964152830704087194e+00,4.964152830704087194e+00
2.099999999999999201e+00,2.752827256915723098e+01,4.955522578032516279e+00,4.955522578032516279e+00
2.109999999999998987e+00,2.762729744783176855e+01,4.946912393772071148e+00,4.946912393772071148e+00
2.119999999999998774e+00,2.772615032227120935e+01,4.938322750465197863e+00,4.938322750465197863e+00
2.129999999999998561e+00,2.782483160789335841e+01,4.929754097915907352e+00,4.929754097915907352e+00
2.139999999999998348e+00,2.792334172889062316e+01,4.921206863992974689e+00,4.921206863992974689e+00
2.149999999999998135e+00,2.802168111779914028e+01,4.912681455405492947e+00,4.912681455405492947e+00
2.159999999999997922e+00,2.811985021508300520e+01,4.904178258452364325e+00,4.904178258452364325e+00
2.169999999999997708e+00,2.821784946873353306e+01,4.895697639746195762e+00,4.895697639746195762e+00
2.179999999999997495e+00,2.831567933388240732e+01,4.887239946912386834e+00,4.887239946912386834e+00
2.189999999999997282e+00,2.841334027242882598e+01,4.878805509264553919e+00,4.878805509264553919e+00
2.199999999999997069e+00,2.851083275267983552e+01,4.870394638456870595e+00,4.870394638456870595e+00
2.209999999999996856e+00,2.860815724900343326e+01,4.862007629114326157e+00,4.862007629114326157e+00
2.219999999999996643e+00,2.870531424149418953e+01,4.853644759441448464e+00,4.853644759441448464e+00
2.229999999999996430e+00,2.880230421565066123e+01,4.845306291810412169e+00,4.845306291810412169e+00
2.239999999999996216e+00,2.889912766206458983e+01,4.836992473328962205e+00,4.836992473328962205e+00
2.249999999999996003e+00,2.899578507612103451e+01,4.828703536389166828e+00,4.828703536389166828e+00
2.259999999999995790e+00,2.909227695770942645e+01,4.820439699197488714e+00,4.820439699197488714e+00
2.269999999999995577e+00,2.918860381094508227e+01,4.812201166286776299e+00,4.812201166286776299e+00
2.279999999999995364e+00,2.928476614390060462e+01,4.803988129010894781e+00,4.803988129010894781e+00
2.289999999999995151e+00,2.938076446834718425e+01,4.795800766022614070e+00,4.795800766022614070e+00
2.299999999999994937e+00,2.947659929950522795e+01,4.787639243735092975e+00,4.787639243735092975e+00
2.309999999999994724e+00,2.957227115580401389e+01,4.779503716767782961e+00,4.779503716767782961e+00
2.319999999999994511e+00,2.966778055865024655e+01,4.771394328377222216e+00,4.771394328377222216e+00
2.329999999999994298e+00,2.976312803220486813e+01,4.763311210873094836e+00,4.763311210873094836e+00
2.339999999999994085e+00,2.985831410316828993e+01,4.755254486020292326e+00,4.755254486020292326e+00
2.349999999999993872e+00,2.995333930057334726e+01,4.747224265427208323e+00,4.747224265427208323e+00
2.359999999999993658e+00,3.004820415558593893e+01,4.739220650920919375e+00,4.739220650920919375e+00
2.369999999999993445e+00,3.014290920131309193e+01,4.731243734909631016e+00,4.731243734909631016e+00
2.379999999999993232e+00,3.023745497261813497e+01,4.723293600732833220e+00,4.723293600732833220e+00
2.389999999999993019e+00,3.033184200594267210e+01,4.715370322999489439e+00,4.715370322999489439e+00
2.399999999999992806e+00,3.042607083913527788e+01,4.707473967914859614e+00,4.707473967914859614e+00
2.409999999999992593e+00,3.052014201128663728e+01,4.699604593596188984e+00,4.699604593596188984e+00
2.419999999999992379e+00,3.061405606257086731e+01,4.691762250377768950e+00,4.691762250377768950e+00
2.429999999999992166e+00,3.070781353409279291e+01,4.683946981105548524e+00,4.683946981105548524e+00
2.439999999999991953e+00,3.080141496774107068e+01,4.676158821421784850e+00,4.676158821421784850e+00
2.449999999999991740e+00,3.089486090604684776e+01,4.668397800040097856e+00,4.668397800040097856e+00
2.459999999999991527e+00,3.098815189204799481e+01,4.660663939011130630e+00,4.660663939011130630e+00
2.469999999999991314e+00,3.108128846915824539e+01,4.652957253979236540e+00,4.652957253979236540e+00
2.479999999999991100e+00,3.117427118104173545e+01,4.645277754430536810e+00,4.645277754430536810e+00
2.489999999999990887e+00,3.126710057149221811e+01,4.637625443932416935e+00,4.637625443932416935e+00
2.499999999999990674e+00,3.135977718431691841e+01,4.630000320365009969e+00,4.630000320365009969e+00
2.509999999999990461e+00,3.145230156322519477e+01,4.622402376144843394e+00,4.622402376144843394e+00
2.519999999999990248e+00,3.154467425172133943e+01,4.614831598440849447e+00,4.614831598440849447e+00
2.529999999999990035e+00,3.163689579300183041e+01,4.607287969383012438e+00,4.607287969383012438e+00
2.539999999999989821e+00,3.172896672985645594e+01,4.599771466264081177e+00,4.599771466264081177e+00
2.549999999999989608e+00,3.182088760457365595e+01,4.592282061734340282e+00,4.592282061734340282e+00
2.559999999999989395e+00,3.191265895884951220e+01,4.584819723989755680e+00,4.584819723989755680e+00
2.569999999999989182e+00,3.200428133370052564e+01,4.577384416953961477e+00,4.577384416953961477e+00
2.579999999999988969e+00,3.209575526937990020e+01,4.569976100453534862e+00,4.569976100453534862e+00
2.589999999999988756e+00,3.218708130529739719e+01,4.562594730387653286e+00,4.562594730387653286e+00
2.599999999999988542e+00,3.227825997994229823e+01,4.555240258892299110e+00,4.555240258892299110e+00
2.609999999999988329e+00,3.236929183080994221e+01,4.547912634498496587e+00,4.547912634498496587e+00
2.619999999999988116e+00,3.246017739433096239e+01,4.540611802285224208e+00,4.540611802285224208e+00
2.629999999999987903e+00,3.255091720580389847e+01,4.533337704027148973e+00,4.533337704027148973e+00
2.639999999999987690e+00,3.264151179933048752e+01,4.526090278337307815e+00,4.526090278337307815e+00
2.649999999999987477e+00,3.273196170775376856e+01,4.518869460804979532e+00,4.518869460804979532e+00
2.659999999999987264e+00,3.282226746259908623e+01,4.511675184128873362e+00,4.511675184128873362e+00
2.669999999999987050e+00,3.291242959401744628e+01,4.504507378245773630e+00,4.504507378245773630e+00
2.679999999999986837e+00,3.300244863073162094e+01,4.497365970454642259e+00,4.497365970454642259e+00
2.689999999999986624e+00,3.309232509998456351e+01,4.490250885536686276e+00,4.490250885536686276e+00
2.699999999999986411e+00,3.318205952749022458e+01,4.483162045871325496e+00,4.483162045871325496e+00
2.709999999999986198e+00,3.327165243738669176e+01,4.476099371547993755e+00,4.476099371547993755e+00
2.719999999999985985e+00,3.336110435219142545e+01,4.469062780474216900e+00,4.469062780474216900e+00
2.729999999999985771e+00,3.345041579275870447e+01,4.462052188480118531e+00,4.462052188480118531e+00
2.739999999999985558e+00,3.353958727823910380e+01,4.455067509419162519e+00,4.455067509419162519e+00
2.749999999999985345e+00,3.362861932604090498e+01,4.448108655265492040e+00,4.448108655265492040e+00
2.759999999999985132e+00,3.371751245179356005e+01,4.441175536207919272e+00,4.441175536207919272e+00
2.769999999999984919e+00,3.380626716931276121e+01,4.434268060740702566e+00,4.434268060740702566e+00
2.779999999999984706e+00,3.389488399056757117e+01,4.427386135751217644e+00,4.427386135751217644e+00
2.789999999999984492e+00,3.398336342564905976e+01,4.420529666604492647e+00,4.420529666604492647e+00
2.799999999999984279e+00,3.407170598274066720e+01,4.413698557224913444e+00,4.413698557224913444e+00
2.809999999999984066e+00,3.415991216809030107e+01,4.406892710175117855e+00,4.406892710175117855e+00
2.819999999999983853e+00,3.424798248598375494e+01,4.400112026732092119e+00,4.400112026732092119e+00
2.829999999999983640e+00,3.433591743871978252e+01,4.393356406960613469e+00,4.393356406960613469e+00
2.839999999999983427e+00,3.442371752658659290e+01,4.386625749784218264e+00,4.386625749784218264e+00
2.849999999999983213e+00,3.451138324783970290e+01,4.379919953053632575e+00,4.379919953053632575e+00
2.859999999999983000e+00,3.459891509868112536e+01,4.373238913612792267e+00,4.373238913612792267e+00
2.869999999999982787e+00,3.468631357323990727e+01,4.366582527362639077e+00,4.366582527362639077e+00
2.879999999999982574e+00,3.477357916355389733e+01,4.359950689322631412e+00,4.359950689322631412e+00
2.889999999999982361e+00,3.486071235955271419e+01,4.353343293689982296e+00,4.353343293689982296e+00
2.899999999999982148e+00,3.494771364904183031e+01,4.346760233897054349e+00,4.346760233897054349e+00
2.909999999999981934e+00,3.503458351768796319e+01,4.340201402666553854e+00,4.340201402666553854e+00
2.919999999999981721e+00,3.512132244900527667e+01,4.333666692064707782e+00,4.333666692064707782e+00
2.929999999999981508e+00,3.520793092434281135e+01,4.327155993552754154e+00,4.327155993552754154e+00
2.939999999999981295e+00,3.529440942287303784e+01,4.320669198036489078e+00,4.320669198036489078e+00
2.949999999999981082e+00,3.538075842158092854e+01,4.314206195913964592e+00,4.314206195913964592e+00
2.959999999999980869e+00,3.546697839525462825e+01,4.307766877121658844e+00,4.307766877121658844e+00
2.969999999999980655e+00,3.555306981647635212e+01,4.301351131178893894e+00,4.301351131178893894e+00
2.979999999999980442e+00,3.563903315561469043e+01,4.294958847230544663e+00,4.294958847230544663e+00
2.989999999999980229e+00,3.572486888081746770e+01,4.288589914088413835e+00,4.288589914088413835e+00
2.999999999999980016e+00,3.581057745800547565e+01,4.282244220270942314e+00,4.282244220270942314e+00
3.009999999999979803e+00,3.589615935086700205e+01,4.275921654041566988e+00,4.275921654041566988e+00
3.019999999999979590e+00,3.598161502085311270e+01,4.269622103445635197e+00,4.269622103445635197e+00
3.029999999999979376e+00,3.606694492717365108e+01,4.263345456345971840e+00,4.263345456345971840e+00
3.039999999999979163e+00,3.615214952679391303e+01,4.257091600457126646e+00,4.257091600457126646e+00
3.049999999999978950e+00,3.623722927443209585e+01,4.250860423378310493e+00,4.250860423378310493e+00
3.059999999999978737e+00,3.632218462255718094e+01,4.244651812625242826e+00,4.244651812625242826e+00
3.069999999999978524e+00,3.640701602138772586e+01,4.238465655660639264e+00,4.238465655660639264e+00
3.079999999999978311e+00,3.649172391889095479e+01,4.232301839923747089e+00,4.232301839923747089e+00
3.089999999999978098e+00,3.657630876078270887e+01,4.226160252858608857e+00,4.226160252858608857e+00
3.099999999999977884e+00,3.666077099052774457e+01,4.220040781941229113e+00,4.220040781941229113e+00
3.109999999999977671e+00,3.674511104934063610e+01,4.213943314705878684e+00,4.213943314705878684e+00
3.119999999999977458e+00,3.682932937618723912e+01,4.207867738770246113e+00,4.207867738770246113e+00
3.129999999999977245e+00,3.691342640778660922e+01,4.201813941859653845e+00,4.201813941859653845e+00
3.139999999999977032e+00,3.699740257861331827e+01,4.195781811830379127e+00,4.195781811830379127e+00
3.149999999999976819e+00,3.708125832090040319e+01,4.189771236692005019e+00,4.189771236692005019e+00
3.159999999999976605e+00,3.716499406464257049e+01,4.183782104628916976e+00,4.183782104628916976e+00
3.169999999999976392e+00,3.724861023759993373e+01,4.177814304021013392e+00,4.177814304021013392e+00
3.179999999999976179e+00,3.733210726530214174e+01,4.171867723463443589e+00,4.171867723463443589e+00
3.189999999999975966e+00,3.741548557105287642e+01,4.165942251785702766e+00,4.165942251785702766e+00
3.199999999999975753e+00,3.749874557593465596e+01,4.160037778069836101e+00,4.160037778069836101e+00
3.209999999999975540e+00,3.758188769881420654e+01,4.154154191667958962e+00,4.154154191667958962e+00
3.219999999999975326e+00,3.766491235634788382e+01,4.148291382219118972e+00,4.148291382219118972e+00
3.229999999999975113e+00,3.774781996298766984e+01,4.142449239665318750e+00,4.142449239665318750e+00
3.239999999999974900e+00,3.783061093098736194e+01,4.136627654266964882e+00,4.136627654266964882e+00
3.249999999999974687e+00,3.791328567040910258e+01,4.130826516617648103e+00,4.130826516617648103e+00
3.259999999999974474e+00,3.799584458913017215e+01,4.125045717658314182e+00,4.125045717658314182e+00
3.269999999999974261e+00,3.807828809285005889e+01,4.119285148690753573e+00,4.119285148690753573e+00
3.279999999999974047e+00,3.816061658509789112e+01,4.113544701390500435e+00,4.113544701390500435e+00
3.289999999999973834e+00,3.824283046723994062e+01,4.107824267819337294e+00,4.107824267819337294e+00
3.299999999999973621e+00,3.832493013848753094e+01,4.102123740437031429e+00,4.102123740437031429e+00
3.309999999999973408e+00,3.840691599590505945e+01,4.096443012112600535e+00,4.096443012112600535e+00
3.319999999999973195e+00,3.848878843441838171e+01,4.090781976135166254e+00,4.090781976135166254e+00
3.329999999999972982e+00,3.857054784682318882e+01,4.085140526224210866e+00,4.085140526224210866e+00
3.339999999999972768e+00,3.865219462379387494e+01,4.079518556539324159e+00,4.079518556539324159e+00
3.349999999999972555e+00,3.873372915389226989e+01,4.073915961689554166e+00,4.073915961689554166e+00
3.359999999999972342e+00,3.881515182357689753e+01,4.068332636742331587e+00,4.068332636742331587e+00
3.369999999999972129e+00,3.889646301721204225e+01,4.062768477231879061e+00,4.062768477231879061e+00
3.379999999999971916e+00,3.897766311707732001e+01,4.057223379167193222e+00,4.057223379167193222e+00
3.389999999999971703e+00,3.905875250337717119e+01,4.051697239039700804e+00,4.051697239039700804e+00
3.399999999999971489e+00,3.913973155425057371e+01,4.046189953830534591e+00,4.046189953830534591e+00
3.409999999999971276e+00,3.922060064578104743e+01,4.040701421017323547e+00,4.040701421017323547e+00
3.419999999999971063e+00,3.930136015200643840e+01,4.035231538580607236e+00,4.035231538580607236e+00
3.429999999999970850e+00,3.938201044492922165e+01,4.029780205010042415e+00,4.029780205010042415e+00
3.439999999999970637e+00,3.946255189452659096e+01,4.024347319310182414e+00,4.024347319310182414e+00
3.449999999999970424e+00,3.954298486876094643e+01,4.018932781005865706e+00,4.018932781005865706e+00
3.459999999999970210e+00,3.962330973359033237e+01,4.013536490147370017e+00,4.013536490147370017e+00
3.469999999999969997e+00,3.970352685297886808e+01,4.008158347315236014e+00,4.008158347315236014e+00
3.479999999999969784e+00,3.978363658890762622e+01,4.002798253624822777e+00,4.002798253624822777e+00
3.489999999999969571e+00,3.986363930138514178e+01,3.997456110730417400e+00,3.997456110730417400e+00
3.499999999999969358e+00,3.994353534845834730e+01,3.992131820829238897e+00,3.992131820829238897e+00
3.509999999999969145e+00,4.002332508622352236e+01,3.986825286665228063e+00,3.986825286665228063e+00
3.519999999999968932e+00,4.010300886883714355e+01,3.981536411532331510e+00,3.981536411532331510e+00
3.529999999999968718e+00,4.018258704852698315e+01,3.976265099277608961e+00,3.976265099277608961e+00
3.539999999999968505e+00,4.026205997560322203e+01,3.971011254304289473e+00,3.971011254304289473e+00
3.549999999999968292e+00,4.034142799846955540e+01,3.965774781574461283e+00,3.965774781574461283e+00
3.559999999999968079e+00,4.042069146363441945e+01,3.960555586611478773e+00,3.960555586611478773e+00
3.569999999999967866e+00,4.049985071572220363e+01,3.955353575502238428e+00,3.955353575502238428e+00
3.579999999999967653e+00,4.057890609748469046e+01,3.950168654899160359e+00,3.950168654899160359e+00
3.589999999999967439e+00,4.065785794981213286e+01,3.945000732022052592e+00,3.945000732022052592e+00
3.599999999999967226e+00,4.073670661174486440e+01,3.939849714659706681e+00,3.939849714659706681e+00
3.609999999999967013e+00,4.081545242048453304e+01,3.934715511171387625e+00,3.934715511171387625e+00
3.619999999999966800e+00,4.089409571140563315e+01,3.929598030488140825e+00,3.929598030488140825e+00
3.629999999999966587e+00,4.097263681806684588e+01,3.924497182113710014e+00,3.924497182113710014e+00
3.639999999999966374e+00,4.105107607222261379e+01,3.919412876125605738e+00,3.919412876125605738e+00
3.649999999999966160e+00,4.112941380383455936e+01,3.914345023175820337e+00,3.914345023175820337e+00
3.659999999999965947e+00,4.120765034108300995e+01,3.909293534491311117e+00,3.909293534491311117e+00
3.669999999999965734e+00,4.128578601037845885e+01,3.904258321874590987e+00,3.904258321874590987e+00
3.679999999999965521e+00,4.136382113637310454e+01,3.899239297703942952e+00,3.899239297703942952e+00
3.689999999999965308e+00,4.144175604197247509e+01,3.894236374933509381e+00,3.894236374933509381e+00
3.699999999999965095e+00,4.151959104834671166e+01,3.889249467093436774e+00,3.889249467093436774e+00
3.709999999999964881e+00,4.159732647494229241e+01,3.884278488289674147e+00,3.884278488289674147e+00
3.719999999999964668e+00,4.167496263949353619e+01,3.879323353203681268e+00,3.879323353203681268e+00
3.729999999999964455e+00,4.175249985803397124e+01,3.874383977092130227e+00,3.874383977092130227e+00
3.739999999999964242e+00,4.182993844490794544e+01,3.869460275786463122e+00,3.869460275786463122e+00
3.749999999999964029e+00,4.190727871278210159e+01,3.864552165692197061e+00,3.864552165692197061e+00
3.759999999999963816e+00,4.198452097265685268e+01,3.859659563788215841e+00,3.859659563788215841e+00
3.769999999999963602e+00,4.206166553387782869e+01,3.854782387626033202e+00,3.854782387626033202e+00
3.779999999999963389e+00,4.213871270414730219e+01,3.849920555328823379e+00,3.849920555328823379e+00
3.789999999999963176e+00,4.221566278953565643e+01,3.845073985590397481e+00,3.845073985590397481e+00
3.799999999999962963e+00,4.229251609449279670e+01,3.840242597674139891e+00,3.840242597674139891e+00
3.809999999999962750e+00,4.236927292185944793e+01,3.835426311411787470e+00,3.835426311411787470e+00
3.819999999999962537e+00,4.244593357287860869e+01,3.830625047202128819e+00,3.830625047202128819e+00
3.829999999999962323e+00,4.252249834720684873e+01,3.825838726009709312e+00,3.825838726009709312e+00
3.839999999999962110e+00,4.259896754292551435e+01,3.821067269363359831e+00,3.821067269363359831e+00
3.849999999999961897e+00,4.267534145655218936e+01,3.816310599354616695e+00,3.816310599354616695e+00
3.859999999999961684e+00,4.275162038305178669e+01,3.811568638636209094e+00,3.811568638636209094e+00
3.869999999999961471e+00,4.282780461584778209e+01,3.806841310420393754e+00,3.806841310420393754e+00
3.879999999999961258e+00,4.290389444683341225e+01,3.802128538477118180e+00,3.802128538477118180e+00
3.889999999999961044e+00,4.297989016638285875e+01,3.797430247132327352e+00,3.797430247132327352e+00
3.899999999999960831e+00,4.305579206336224019e+01,3.792746361266164268e+00,3.792746361266164268e+00
3.909999999999960618e+00,4.313160042514069659e+01,3.788076806310913813e+00,3.788076806310913813e+00
3.919999999999960405e+00,4.320731553760160182e+01,3.783421508249104281e+00,3.783421508249104281e+00
3.929999999999960192e+00,4.328293768515325013e+01,3.778780393611479660e+00,3.778780393611479660e+00
3.939999999999959979e+00,4.335846715074002589e+01,3.774153389474887099e+00,3.774153389474887099e+00
3.949999999999959766e+00,4.343390421585319672e+01,3.769540423460207013e+00,3.769540423460207013e+00
3.959999999999959552e+00,4.350924916054182745e+01,3.764941423730141512e+00,3.764941423730141512e+00
3.969999999999959339e+00,4.358450226342361589e+01,3.760356318987017943e+00,3.760356318987017943e+00
3.979999999999959126e+00,4.365966380169550831e+01,3.755785038470490278e+00,3.755785038470490278e+00
3.989999999999958913e+00,4.373473405114464896e+01,3.751227511955260052e+00,3.751227511955260052e+00
3.999999999999958700e+00,4.380971328615888183e+01,3.746683669748790191e+00,3.746683669748790191e+00
4.009999999999958931e+00,4.388460177973751541e+01,3.742153442688839871e+00,3.742153442688839871e+00
4.019999999999958717e+00,4.395939980350171794e+01,3.737636762141058444e+00,3.737636762141058444e+00
4.029999999999958504e+00,4.403410762770532472e+01,3.733133559996577588e+00,3.733133559996577588e+00
4.039999999999958291e+00,4.410872552124507706e+01,3.728643768669518188e+00,3.728643768669518188e+00
4.049999999999958078e+00,4.418325375167118807e+01,3.724167321094479899e+00,3.724167321094479899e+00
4.059999999999957865e+00,4.425769258519763838e+01,3.719704150723966318e+00,3.719704150723966318e+00
4.069999999999957652e+00,4.433204228671260694e+01,3.715254191525908745e+00,3.715254191525908745e+00
4.079999999999957438e+00,4.440630311978874545e+01,3.710817377980997200e+00,3.710817377980997200e+00
4.089999999999957225e+00,4.448047534669330361e+01,3.706393645080040766e+00,3.706393645080040766e+00
4.099999999999957012e+00,4.455455922839841065e+01,3.701982928321482458e+00,3.701982928321482458e+00
4.109999999999956799e+00,4.462855502459117218e+01,3.697585163708586808e+00,3.697585163708586808e+00
4.119999999999956586e+00,4.470246299368369591e+01,3.693200287746808641e+00,3.693200287746808641e+00
4.129999999999956373e+00,4.477628339282320979e+01,3.688828237441128532e+00,3.688828237441128532e+00
4.139999999999956160e+00,4.485001647790191726e+01,3.684468950293244838e+00,3.684468950293244838e+00
4.149999999999955946e+00,4.492366250356696611e+01,3.680122364298971327e+00,3.680122364298971327e+00
4.159999999999955733e+00,4.499722172323031089e+01,3.675788417945430098e+00,3.675788417945430098e+00
4.169999999999955520e+00,4.507069438907846859e+01,3.671467050208275573e+00,3.671467050208275573e+00
4.179999999999955307e+00,4.514408075208228865e+01,3.667158200548956248e+00,3.667158200548956248e+00
4.189999999999955094e+00,4.521738106200664475e+01,3.662861808911858308e+00,3.662861808911858308e+00
4.199999999999954881e+00,4.529059556742003423e+01,3.658577815721625548e+00,3.658577815721625548e+00
4.209999999999954667e+00,4.536372451570423436e+01,3.654306161880269244e+00,3.654306161880269244e+00
4.219999999999954454e+00,4.543676815306373840e+01,3.650046788764344630e+00,3.650046788764344630e+00
4.229999999999954241e+00,4.550972672453520573e+01,3.645799638222205097e+00,3.645799638222205097e+00
4.239999999999954028e+00,4.558260047399703296e+01,3.641564652571103622e+00,3.641564652571103622e+00
4.249999999999953815e+00,4.565538964417847723e+01,3.637341774594403443e+00,3.637341774594403443e+00
4.259999999999953602e+00,4.572809447666907801e+01,3.633130947538701250e+00,3.633130947538701250e+00
4.269999999999953388e+00,4.580071521192791550e+01,3.628932115110996559e+00,3.628932115110996559e+00
4.279999999999953175e+00,4.587325208929271270e+01,3.624745221475853540e+00,3.624745221475853540e+00
4.289999999999952962e+00,4.594570534698903685e+01,3.620570211252505555e+00,3.620570211252505555e+00
4.299999999999952749e+00,4.601807522213925949e+01,3.616407029512048954e+00,3.616407029512048954e+00
4.309999999999952536e+00,4.609036195077165843e+01,3.612255621774557834e+00,3.612255621774557834e+00
4.319999999999952323e+00,4.616256576782939902e+01,3.608115934006230319e+00,3.608115934006230319e+00
4.329999999999952109e+00,4.623468690717929519e+01,3.603987912616518852e+00,3.603987912616518852e+00
4.339999999999951896e+00,4.630672560162074802e+01,3.599871504455268045e+00,3.599871504455268045e+00
4.349999999999951683e+00,4.637868208289452099e+01,3.595766656809912032e+00,3.595766656809912032e+00
4.359999999999951470e+00,4.645055658169137303e+01,3.591673317402553689e+00,3.591673317402553689e+00
4.369999999999951257e+00,4.652234932766088349e+01,3.587591434387060740e+00,3.587591434387060740e+00
4.379999999999951044e+00,4.659406054941990050e+01,3.583520956346353259e+00,3.583520956346353259e+00
4.389999999999950830e+00,4.666569047456119534e+01,3.579461832289416723e+00,3.579461832289416723e+00
4.399999999999950617e+00,4.673723932966193217e+01,3.575414011648508694e+00,3.575414011648508694e+00
4.409999999999950404e+00,4.680870734029202396e+01,3.571377444276401913e+00,3.571377444276401913e+00
4.419999999999950191e+00,4.688009473102270164e+01,3.567352080443379148e+00,3.567352080443379148e+00
4.429999999999949978e+00,4.695140172543464274e+01,3.563337870834524690e+00,3.563337870834524690e+00
4.439999999999949765e+00,4.702262854612634158e+01,3.559334766546812912e+00,3.559334766546812912e+00
4.449999999999949551e+00,4.709377541472225914e+01,3.555342719086266978e+00,3.555342719086266978e+00
4.459999999999949338e+00,4.716484255188106545e+01,3.551361680365269446e+00,3.551361680365269446e+00
4.469999999999949125e+00,4.723583017730363309e+01,3.547391602699645041e+00,3.547391602699645041e+00
4.479999999999948912e+00,4.730673850974123695e+01,3.543432438805843354e+00,3.543432438805843354e+00
4.489999999999948699e+00,4.737756776700329198e+01,3.539484141798165062e+00,3.539484141798165062e+00
4.499999999999948486e+00,4.744831816596550311e+01,3.535546665186004134e+00,3.535546665186004134e+00
4.509999999999948272e+00,4.751898992257768128e+01,3.531619962871045182e+00,3.531619962871045182e+00
4.519999999999948059e+00,4.758958325187150251e+01,3.527703989144402641e+00,3.527703989144402641e+00
4.529999999999947846e+00,4.766009836796830967e+01,3.523798698683939801e+00,3.523798698683939801e+00
4.539999999999947633e+00,4.773053548408685742e+01,3.519904046551520782e+00,3.519904046551520782e+00
4.549999999999947420e+00,4.780089481255080841e+01,3.516019988190211443e+00,3.516019988190211443e+00
4.559999999999947207e+00,4.787117656479666294e+01,3.512146479421558443e+00,3.512146479421558443e+00
4.569999999999946994e+00,4.794138095138084310e+01,3.508283476442830562e+00,3.508283476442830562e+00
4.579999999999946780e+00,4.801150818198760817e+01,3.504430935824252025e+00,3.504430935824252025e+00
4.589999999999946567e+00,4.808155846543623113e+01,3.500588814506393032e+00,3.500588814506393032e+00
4.599999999999946354e+00,4.815153200968845226e+01,3.496757069797435058e+00,3.496757069797435058e+00
4.609999999999946141e+00,4.822142902185578350e+01,3.492935659370427270e+00,3.492935659370427270e+00
4.619999999999945928e+00,4.829124970820684837e+01,3.489124541260592682e+00,3.489124541260592682e+00
4.629999999999945715e+00,4.836099427417453001e+01,3.485323673862673832e+00,3.485323673862673832e+00
4.639999999999945501e+00,4.843066292436313347e+01,3.481533015928334418e+00,3.481533015928334418e+00
4.649999999999945288e+00,4.850025586255551957e+01,3.477752526563439250e+00,3.477752526563439250e+00
4.659999999999945075e+00,4.856977329172021030e+01,3.473982165225379504e+00,3.473982165225379504e+00
4.669999999999944862e+00,4.863921541401827398e+01,3.470221891720543184e+00,3.470221891720543184e+00
4.679999999999944649e+00,4.870858243081043781e+01,3.466471666201621726e+00,3.466471666201621726e+00
4.689999999999944436e+00,4.877787454266380962e+01,3.462731449164956565e+00,3.462731449164956565e+00
4.699999999999944222e+00,4.884709194935889087e+01,3.459001201448044682e+00,3.459001201448044682e+00
4.709999999999944009e+00,4.891623484989624870e+01,3.455280884226898497e+00,3.455280884226898497e+00
4.719999999999943796e+00,4.898530344250333712e+01,3.451570459013484360e+00,3.451570459013484360e+00
4.729999999999943583e+00,4.905429792464117611e+01,3.447869887653149501e+00,3.447869887653149501e+00
4.739999999999943370e+00,4.912321849301094545e+01,3.444179132322066739e+00,3.444179132322066739e+00
4.749999999999943157e+00,4.919206534356063543e+01,3.440498155524713830e+00,3.440498155524713830e+00
4.759999999999942943e+00,4.926083867149156248e+01,3.436826920091336834e+00,3.436826920091336834e+00
4.769999999999942730e+00,4.932953867126492753e+01,3.433165389175412141e+00,3.433165389175412141e+00
4.779999999999942517e+00,4.939816553660805454e+01,3.429513526251190658e+00,3.429513526251190658e+00
4.789999999999942304e+00,4.946671946052104119e+01,3.425871295111193149e+00,3.425871295111193149e+00
4.799999999999942091e+00,4.953520063528292638e+01,3.422238659863718890e+00,3.422238659863718890e+00
4.809999999999941878e+00,4.960360925245803543e+01,3.418615584930395190e+00,3.418615584930395190e+00
4.819999999999941664e+00,4.967194550290221855e+01,3.415002035043699369e+00,3.415002035043699369e+00
4.829999999999941451e+00,4.974020957676908239e+01,3.411397975244531366e+00,3.411397975244531366e+00
4.839999999999941238e+00,4.980840166351602250e+01,3.407803370879799232e+00,3.407803370879799232e+00
4.849999999999941025e+00,4.987652195191048321e+01,3.404218187600045020e+00,3.404218187600045020e+00
4.859999999999940812e+00,4.994457063003582675e+01,3.400642391356964112e+00,3.400642391356964112e+00
4.869999999999940599e+00,5.001254788529746520e+01,3.397075948401028889e+00,3.397075948401028889e+00
4.879999999999940385e+00,5.008045390442879352e+01,3.393518825279206119e+00,3.393518825279206119e+00
4.889999999999940172e+00,5.014828887349702313e+01,3.389970988832462062e+00,3.389970988832462062e+00
4.899999999999939959e+00,5.021605297790915046e+01,3.386432406193436773e+00,3.386432406193436773e+00
4.909999999999939746e+00,5.028374640241765547e+01,3.382903044784259183e+00,3.382903044784259183e+00
4.919999999999939533e+00,5.035136933112631397e+01,3.379382872314047326e+00,3.379382872314047326e+00
4.929999999999939320e+00,5.041892194749593870e+01,3.375871856776600843e+00,3.375871856776600843e+00
4.939999999999939106e+00,5.048640443435004954e+01,3.372369966448246270e+00,3.372369966448246270e+00
4.949999999999938893e+00,5.055381697388042284e+01,3.368877169885456713e+00,3.368877169885456713e+00
4.959999999999938680e+00,5.062115974765278281e+01,3.365393435922570120e+00,3.365393435922570120e+00
4.969999999999938467e+00,5.068843293661227989e+01,3.361918733669605253e+00,3.361918733669605253e+00
4.979999999999938254e+00,5.075563672108897606e+01,3.358453032509896907e+00,3.358453032509896907e+00
4.989999999999938041e+00,5.082277128080325213e+01,3.354996302097924765e+00,3.354996302097924765e+00
4.999999999999937828e+00,5.088983679487133571e+01,3.351548512357141352e+00,3.351548512357141352e+00
5.009999999999937614e+00,5.095683344181052377e+01,3.348109633477696967e+00,3.348109633477696967e+00
5.019999999999937401e+00,5.102376139954461109e+01,3.344679635914292071e+00,3.344679635914292071e+00
5.029999999999937188e+00,5.109062084540902049e+01,3.341258490383961721e+00,3.341258490383961721e+00
5.039999999999936975e+00,5.115741195615613890e+01,3.337846167863891544e+00,3.337846167863891544e+00
5.049999999999936762e+00,5.122413490796050439e+01,3.334442639589357160e+00,3.334442639589357160e+00
5.059999999999936549e+00,5.129078987642384391e+01,3.331047877051465989e+00,3.331047877051465989e+00
5.069999999999936335e+00,5.135737703658027442e+01,3.327661851995078468e+00,3.327661851995078468e+00
5.079999999999936122e+00,5.142389656290129096e+01,3.324284536416744817e+00,3.324284536416744817e+00
5.089999999999935909e+00,5.149034862930080436e+01,3.320915902562540545e+00,3.320915902562540545e+00
5.099999999999935696e+00,5.155673340914017189e+01,3.317555922925993883e+00,3.317555922925993883e+00
5.109999999999935483e+00,5.162305107523298631e+01,3.314204570245948389e+00,3.314204570245948389e+00
5.119999999999935270e+00,5.168930179985007101e+01,3.310861817504571203e+00,3.310861817504571203e+00
5.129999999999935056e+00,5.175548575472430457e+01,3.307527637925343988e+00,3.307527637925343988e+00
5.139999999999934843e+00,5.182160311105537431e+01,3.304202004970957951e+00,3.304202004970957951e+00
5.149999999999934630e+00,5.188765403951463639e+01,3.300884892341243937e+00,3.300884892341243937e+00
5.159999999999934417e+00,5.195363871024980540e+01,3.297576273971206895e+00,3.297576273971206895e+00
5.169999999999934204e+00,5.201955729288952313e+01,3.294276124029081654e+00,3.294276124029081654e+00
5.179999999999933991e+00,5.208540995654819028e+01,3.290984416914268351e+00,3.290984416914268351e+00
5.189999999999933777e+00,5.215119686983038605e+01,3.287701127255339806e+00,3.287701127255339806e+00
5.199999999999933564e+00,5.221691820083567137e+01,3.284426229908159023e+00,3.284426229908159023e+00
5.209999999999933351e+00,5.228257411716280956e+01,3.281159699953907882e+00,3.281159699953907882e+00
5.219999999999933138e+00,5.234816478591447719e+01,3.277901512697100284e+00,3.277901512697100284e+00
5.229999999999932925e+00,5.241369037370167661e+01,3.274651643663694323e+00,3.274651643663694323e+00
5.239999999999932712e+00,5.247915104664804886e+01,3.271410068599221788e+00,3.271410068599221788e+00
5.249999999999932498e+00,5.254454697039445676e+01,3.268176763466794199e+00,3.268176763466794199e+00
5.259999999999932285e+00,5.260987831010291416e+01,3.264951704445280711e+00,3.264951704445280711e+00
5.269999999999932072e+00,5.267514523046146735e+01,3.261734867927360337e+00,3.261734867927360337e+00
5.279999999999931859e+00,5.274034789568779047e+01,3.258526230517736266e+00,3.258526230517736266e+00
5.289999999999931646e+00,5.280548646953404557e+01,3.255325769031284011e+00,3.255325769031284011e+00
5.299999999999931433e+00,5.287056111529056324e+01,3.252133460491163586e+00,3.252133460491163586e+00
5.309999999999931219e+00,5.293557199579030481e+01,3.248949282127049809e+00,3.248949282127049809e+00
5.319999999999931006e+00,5.300051927341279168e+01,3.245773211373244926e+00,3.245773211373244926e+00
5.329999999999930793e+00,5.306540311008831878e+01,3.242605225866896479e+00,3.242605225866896479e+00
5.339999999999930580e+00,5.313022366730183421e+01,3.239445303446292446e+00,3.239445303446292446e+00
5.349999999999930367e+00,5.319498110609718111e+01,3.236293422148980969e+00,3.236293422148980969e+00
5.359999999999930154e+00,5.325967558708079963e+01,3.233149560209993556e+00,3.233149560209993556e+00
5.369999999999929940e+00,5.332430727042576990e+01,3.230013696060178852e+00,3.230013696060178852e+00
5.379999999999929727e+00,5.338887631587584082e+01,3.226885808324415184e+00,3.226885808324415184e+00
5.389999999999929514e+00,5.345338288274905381e+01,3.223765875819840865e+00,3.223765875819840865e+00
5.399999999999929301e+00,5.351782712994174318e+01,3.220653877554201294e+00,3.220653877554201294e+00
5.409999999999929088e+00,5.358220921593231623e+01,3.217549792724065050e+00,3.217549792724065050e+00
5.419999999999928875e+00,5.364652929878489118e+01,3.214453600713204295e+00,3.214453600713204295e+00
5.429999999999928662e+00,5.371078753615320522e+01,3.211365281090844626e+00,3.211365281090844626e+00
5.439999999999928448e+00,5.377498408528411034e+01,3.208284813610006392e+00,3.208284813610006392e+00
5.449999999999928235e+00,5.383911910302143156e+01,3.205212178205956164e+00,3.205212178205956164e+00
5.459999999999928022e+00,5.390319274580939179e+01,3.202147354994393069e+00,3.202147354994393069e+00
5.469999999999927809e+00,5.396720516969639903e+01,3.199090324269818097e+00,3.199090324269818097e+00
5.479999999999927596e+00,5.403115653033852084e+01,3.196041066503959360e+00,3.196041066503959360e+00
5.489999999999927383e+00,5.409504698300295900e+01,3.192999562344218223e+00,3.192999562344218223e+00
5.499999999999927169e+00,5.415887668257151688e+01,3.189965792611989759e+00,3.189965792611989759e+00
5.509999999999926956e+00,5.422264578354436537e+01,3.186939738301004077e+00,3.186939738301004077e+00
5.519999999999926743e+00,5.428635444004309818e+01,3.183921380575837734e+00,3.183921380575837734e+00
5.529999999999926530e+00,5.435000280581425613e+01,3.180910700770362531e+00,3.180910700770362531e+00
5.539999999999926317e+00,5.441359103423283017e+01,3.177907680386088618e+00,3.177907680386088618e+00
5.549999999999926104e+00,5.447711927830545164e+01,3.174912301090626165e+00,3.174912301090626165e+00
5.559999999999925890e+00,5.454058769067371060e+01,3.171924544716220762e+00,3.171924544716220762e+00
5.569999999999925677e+00,5.460399642361751660e+01,3.168944393258170678e+00,3.168944393258170678e+00
5.579999999999925464e+00,5.466734562905831751e+01,3.165971828873319183e+00,3.165971828873319183e+00
5.589999999999925251e+00,5.473063545856221879e+01,3.163006833878525104e+00,3.163006833878525104e+00
5.599999999999925038e+00,5.479386606334325904e+01,3.160049390749152920e+00,3.160049390749152920e+00
5.609999999999924825e+00,5.485703759426657911e+01,3.157099482117597056e+00,3.157099482117597056e+00
5.619999999999924611e+00,5.492015020185152707e+01,3.154157090771876337e+00,3.154157090771876337e+00
5.629999999999924398e+00,5.498320403627471364e+01,3.151222199654087230e+00,3.151222199654087230e+00
5.639999999999924185e+00,5.504619924737308878e+01,3.148294791858932573e+00,3.148294791858932573e+00
5.649999999999923972e+00,5.510913598464708940e+01,3.145374850632332464e+00,3.145374850632332464e+00
5.659999999999923759e+00,5.517201439726343892e+01,3.142462359369988523e+00,3.142462359369988523e+00
5.669999999999923546e+00,5.523483463405841576e+01,3.139557301615921947e+00,3.139557301615921947e+00
5.679999999999923332e+00,5.529759684354051075e+01,3.136659661061039550e+00,3.136659661061039550e+00
5.689999999999923119e+00,5.536030117389348248e+01,3.133769421541749089e+00,3.133769421541749089e+00
5.699999999999922906e+00,5.542294777297933450e+01,3.130886567038563051e+00,3.130886567038563051e+00
5.709999999999922693e+00,5.548553678834105796e+01,3.128011081674762828e+00,3.128011081674762828e+00
5.719999999999922480e+00,5.554806836720551644e+01,3.125142949714978968e+00,3.125142949714978968e+00
5.729999999999922267e+00,5.561054265648625972e+01,3.122282155563757655e+00,3.122282155563757655e+00
5.739999999999922053e+00,5.567295980278631617e+01,3.119428683764318144e+00,3.119428683764318144e+00
5.749999999999921840e+00,5.573531995240097103e+01,3.116582518997180529e+00,3.116582518997180529e+00
5.759999999999921627e+00,5.579762325132039535e+01,3.113743646078778404e+00,3.113743646078778404e+00
5.769999999999921414e+00,5.585986984523255927e+01,3.110912049960180781e+00,3.110912049960180781e+00
5.779999999999921201e+00,5.592205987952564072e+01,3.108087715725695865e+00,3.108087715725695865e+00
5.789999999999920988e+00,5.598419349929090316e+01,3.105270628591624504e+00,3.105270628591624504e+00
5.799999999999920774e+00,5.604627084932524639e+01,3.102460773905010960e+00,3.102460773905010960e+00
5.809999999999920561e+00,5.610829207413372188e+01,3.099658137142262682e+00,3.099658137142262682e+00
5.819999999999920348e+00,5.617025731793226129e+01,3.096862703907933501e+00,3.096862703907933501e+00
5.829999999999920135e+00,5.623216672465013488e+01,3.094074459933390919e+00,3.094074459933390919e+00
5.839999999999919922e+00,5.629402043793253085e+01,3.091293391075561559e+00,3.091293391075561559e+00
5.849999999999919709e+00,5.635581860114284325e+01,3.088519483315711245e+00,3.088519483315711245e+00
5.859999999999919496e+00,5.641756135736554256e+01,3.085752722758223765e+00,3.085752722758223765e+00
5.869999999999919282e+00,5.647924884940825763e+01,3.082993095629332103e+00,3.082993095629332103e+00
5.879999999999919069e+00,5.654088121980439752e+01,3.080240588275882097e+00,3.080240588275882097e+00
5.889999999999918856e+00,5.660245861081547503e+01,3.077495187164145829e+00,3.077495187164145829e+00
5.899999999999918643e+00,5.666398116443352251e+01,3.074756878878568855e+00,3.074756878878568855e+00
5.909999999999918430e+00,5.672544902238346509e+01,3.072025650120600471e+00,3.072025650120600471e+00
5.919999999999918217e+00,5.678686232612528073e+01,3.069301487707520426e+00,3.069301487707520426e+00
5.929999999999918003e+00,5.684822121685656526e+01,3.066584378571221681e+00,3.066584378571221681e+00
5.939999999999917790e+00,5.690952583551461430e+01,3.063874309757077974e+00,3.063874309757077974e+00
5.949999999999917577e+00,5.697077632277884618e+01,3.061171268422774983e+00,3.061171268422774983e+00
5.959999999999917364e+00,5.703197281907276306e+01,3.058475241837084635e+00,3.058475241837084635e+00
5.969999999999917151e+00,5.709311546456652309e+01,3.055786217378766878e+00,3.055786217378766878e+00
5.979999999999916938e+00,5.715420439917877360e+01,3.053104182535486100e+00,3.053104182535486100e+00
5.989999999999916724e+00,5.721523976257920197e+01,3.050429124902615641e+00,3.050429124902615641e+00
5.999999999999916511e+00,5.727622169419021958e+01,3.047761032182103147e+00,3.047761032182103147e+00
6.009999999999916298e+00,5.733715033318952692e+01,3.045099892181430512e+00,3.045099892181430512e+00
6.019999999999916085e+00,5.739802581851188990e+01,3.042445692812436153e+00,3.042445692812436153e+00
6.029999999999915872e+00,5.745884828885137807e+01,3.039798422090214558e+00,3.039798422090214558e+00
6.039999999999915659e+00,5.751961788266341813e+01,3.037158068132094435e+00,3.037158068132094435e+00
6.049999999999915445e+00,5.758033473816674075e+01,3.034524619156533820e+00,3.034524619156533820e+00
6.059999999999915232e+00,5.764099899334548383e+01,3.031898063482004968e+00,3.031898063482004968e+00
6.069999999999915019e+00,5.770161078595106119e+01,3.029278389525998261e+00,3.029278389525998261e+00
6.079999999999914806e+00,5.776217025350433687e+01,3.026665585803916869e+00,3.026665585803916869e+00
6.089999999999914593e+00,5.782267753329735882e+01,3.024059640928030035e+00,3.024059640928030035e+00
6.099999999999914380e+00,5.788313276239536265e+01,3.021460543606441895e+00,3.021460543606441895e+00
6.109999999999914166e+00,5.794353607763873981e+01,3.018868282642065637e+00,3.018868282642065637e+00
6.119999999999913953e+00,5.800388761564484241e+01,3.016282846931600758e+00,3.016282846931600758e+00
6.129999999999913740e+00,5.806418751280995849e+01,3.013704225464515662e+00,3.013704225464515662e+00
6.139999999999913527e+00,5.812443590531091075e+01,3.011132407322022697e+00,3.011132407322022697e+00
6.149999999999913314e+00,5.818463292910723794e+01,3.008567381676060304e+00,3.008567381676060304e+00
6.159999999999913101e+00,5.824477871994265143e+01,3.006009137788355545e+00,3.006009137788355545e+00
6.169999999999912887e+00,5.830487341334713847e+01,3.003457665009415578e+00,3.003457665009415578e+00
6.179999999999912674e+00,5.836491714463844716e+01,3.000912952777523124e+00,3.000912952777523124e+00
6.189999999999912461e+00,5.842491004892398365e+01,2.998374990617787894e+00,2.998374990617787894e+00
6.199999999999912248e+00,5.848485226110250323e+01,2.995843768141154495e+00,2.995843768141154495e+00
6.209999999999912035e+00,5.854474391586592219e+01,2.993319275043492489e+00,2.993319275043492489e+00
6.219999999999911822e+00,5.860458514770078864e+01,2.990801501104617621e+00,2.990801501104617621e+00
6.229999999999911608e+00,5.866437609089012994e+01,2.988290436187341914e+00,2.988290436187341914e+00
6.239999999999911395e+00,5.872411687951498749e+01,2.985786070236540191e+00,2.985786070236540191e+00
6.249999999999911182e+00,5.878380764745621434e+01,2.983288393278267669e+00,2.983288393278267669e+00
6.259999999999910969e+00,5.884344852839591766e+01,2.980797395418790519e+00,2.980797395418790519e+00
6.269999999999910756e+00,5.890303965581907164e+01,2.978313066843662593e+00,2.978313066843662593e+00
6.279999999999910543e+00,5.896258116301526542e+01,2.975835397816874117e+00,2.975835397816874117e+00
6.289999999999910330e+00,5.902207318308005313e+01,2.973364378679906217e+00,2.973364378679906217e+00
6.299999999999910116e+00,5.908151584891658104e+01,2.970899999850864059e+00,2.970899999850864059e+00
6.309999999999909903e+00,5.914090929323711521e+01,2.968442251823580680e+00,2.968442251823580680e+00
6.319999999999909690e+00,5.920025364856456918e+01,2.965991125166723474e+00,2.965991125166723474e+00
6.329999999999909477e+00,5.925954904723396766e+01,2.963546610522955316e+00,2.963546610522955316e+00
6.339999999999909264e+00,5.931879562139391027e+01,2.961108698608037493e+00,2.961108698608037493e+00
6.349999999999909051e+00,5.937799350300799262e+01,2.958677380209987273e+00,2.958677380209987273e+00
6.359999999999908837e+00,5.943714282385634107e+01,2.956252646188236799e+00,2.956252646188236799e+00
6.369999999999908624e+00,5.949624371553687752e+01,2.953834487472760895e+00,2.953834487472760895e+00
6.379999999999908411e+00,5.955529630946696074e+01,2.951422895063267493e+00,2.951422895063267493e+00
6.389999999999908198e+00,5.961430073688450904e+01,2.949017860028334326e+00,2.949017860028334326e+00
6.399999999999907985e+00,5.967325712884952083e+01,2.946619373504622885e+00,2.946619373504622885e+00
6.409999999999907772e+00,5.973216561624544596e+01,2.944227426696043537e+00,2.944227426696043537e+00
6.419999999999907558e+00,5.979102632978040077e+01,2.941842010872914415e+00,2.941842010872914415e+00
6.429999999999907345e+00,5.984983939998860336e+01,2.939463117371194034e+00,2.939463117371194034e+00
6.439999999999907132e+00,5.990860495723164547e+01,2.937090737591670830e+00,2.937090737591670830e+00
6.449999999999906919e+00,5.996732313169969331e+01,2.934724862999165573e+00,2.934724862999165573e+00
6.459999999999906706e+00,6.002599405341299388e+01,2.932365485121739557e+00,2.932365485121739557e+00
6.469999999999906493e+00,6.008461785222279161e+01,2.930012595549936982e+00,2.930012595549936982e+00
6.479999999999906279e+00,6.014319465781286311e+01,2.927666185935986043e+00,2.927666185935986043e+00
6.489999999999906066e+00,6.020172459970063983e+01,2.925326247993025319e+00,2.925326247993025319e+00
6.499999999999905853e+00,6.026020780723836623e+01,2.922992773494382135e+00,2.922992773494382135e+00
6.509999999999905640e+00,6.031864440961440721e+01,2.920665754272779857e+00,2.920665754272779857e+00
6.519999999999905427e+00,6.037703453585427127e+01,2.918345182219602041e+00,2.918345182219602041e+00
6.529999999999905214e+00,6.043537831482198897e+01,2.916031049284137033e+00,2.916031049284137033e+00
6.539999999999905000e+00,6.049367587522100820e+01,2.913723347472870984e+00,2.913723347472870984e+00
6.549999999999904787e+00,6.055192734559559398e+01,2.911422068848713796e+00,2.911422068848713796e+00
6.559999999999904574e+00,6.061013285433176634e+01,2.909127205530301907e+00,2.909127205530301907e+00
6.569999999999904361e+00,6.066829252965844432e+01,2.906838749691277535e+00,2.906838749691277535e+00
6.579999999999904148e+00,6.072640649964861836e+01,2.904556693559547487e+00,2.904556693559547487e+00
6.589999999999903935e+00,6.078447489222030242e+01,2.902281029416613922e+00,2.902281029416613922e+00
6.599999999999903721e+00,6.084249783513771348e+01,2.900011749596838051e+00,2.900011749596838051e+00
6.609999999999903508e+00,6.090047545601224499e+01,2.897748846486756680e+00,2.897748846486756680e+00
6.619999999999903295e+00,6.095840788230354690e+01,2.895492312524407197e+00,2.895492312524407197e+00
6.629999999999903082e+00,6.101629524132057725e+01,2.893242140198623691e+00,2.893242140198623691e+00
6.639999999999902869e+00,6.107413766022248325e+01,2.890998322048348612e+00,2.890998322048348612e+00
6.649999999999902656e+00,6.113193526601973815e+01,2.888760850661972857e+00,2.888760850661972857e+00
6.659999999999902442e+00,6.118968818557504363e+01,2.886529718676684286e+00,2.886529718676684286e+00
6.669999999999902229e+00,6.124739654560436719e+01,2.884304918777752302e+00,2.884304918777752302e+00
6.679999999999902016e+00,6.130506047267775216e+01,2.882086443697918998e+00,2.882086443697918998e+00
6.689999999999901803e+00,6.136268009322049721e+01,2.879874286216718815e+00,2.879874286216718815e+00
6.699999999999901590e+00,6.142025553351383849e+01,2.877668439159852376e+00,2.877668439159852376e+00
6.709999999999901377e+00,6.147778691969604381e+01,2.875468895398538560e+00,2.875468895398538560e+00
6.719999999999901164e+00,6.153527437776326536e+01,2.873275647848856806e+00,2.873275647848856806e+00
6.729999999999900950e+00,6.159271803357027153e+01,2.871088689471136046e+00,2.871088689471136046e+00
6.739999999999900737e+00,6.165011801283166193e+01,2.868908013269321433e+00,2.868908013269321433e+00
6.749999999999900524e+00,6.170747444112245006e+01,2.866733612290389033e+00,2.866733612290389033e+00
6.759999999999900311e+00,6.176478744387900122e+01,2.864565479623667699e+00,2.864565479623667699e+00
6.769999999999900098e+00,6.182205714639992777e+01,2.862403608400256871e+00,2.862403608400256871e+00
6.779999999999899885e+00,6.187928367384676420e+01,2.860247991792462141e+00,2.860247991792462141e+00
6.789999999999899671e+00,6.193646715124503999e+01,2.858098623013133999e+00,2.858098623013133999e+00
6.799999999999899458e+00,6.199360770348488359e+01,2.855955495315070092e+00,2.855955495315070092e+00
6.809999999999899245e+00,6.205070545532182535e+01,2.853818601990475212e+00,2.853818601990475212e+00
6.819999999999899032e+00,6.210776053137764308e+01,2.851687936370366661e+00,2.851687936370366661e+00
6.829999999999898819e+00,6.216477305614112225e+01,2.849563491823974282e+00,2.849563491823974282e+00
6.839999999999898606e+00,6.222174315396888034e+01,2.847445261758151158e+00,2.847445261758151158e+00
6.849999999999898392e+00,6.227867094908589962e+01,2.845333239616845589e+00,2.845333239616845589e+00
6.859999999999898179e+00,6.233555656558650071e+01,2.843227418880506008e+00,2.843227418880506008e+00
6.869999999999897966e+00,6.239240012743494646e+01,2.841127793065519214e+00,2.841127793065519214e+00
6.879999999999897753e+00,6.244920175846615251e+01,2.839034355723689007e+00,2.839034355723689007e+00
6.889999999999897540e+00,6.250596158238646893e+01,2.836947100441636227e+00,2.836947100441636227e+00
6.899999999999897327e+00,6.256267972277422018e+01,2.834866020840272505e+00,2.834866020840272505e+00
6.909999999999897113e+00,6.261935630308065015e+01,2.832791110574275351e+00,2.832791110574275351e+00
6.919999999999896900e+00,6.267599144663027033e+01,2.830722363331531710e+00,2.830722363331531710e+00
6.929999999999896687e+00,6.273258527662173378e+01,2.828659772832620156e+00,2.828659772832620156e+00
6.939999999999896474e+00,6.278913791612841067e+01,2.826603332830261550e+00,2.826603332830261550e+00
6.949999999999896261e+00,6.284564948809906326e+01,2.824553037108807008e+00,2.824553037108807008e+00
6.959999999999896048e+00,6.290212011535842862e+01,2.822508879483759170e+00,2.822508879483759170e+00
6.969999999999895834e+00,6.295854992060782251e+01,2.820470853801175348e+00,2.820470853801175348e+00
6.979999999999895621e+00,6.301493902642587130e+01,2.818438953937200786e+00,2.818438953937200786e+00
6.989999999999895408e+00,6.307128755526893826e+01,2.816413173797587710e+00,2.816413173797587710e+00
6.999999999999895195e+00,6.312759562947183412e+01,2.814393507317176191e+00,2.814393507317176191e+00
7.009999999999894982e+00,6.318386337124827890e+01,2.812379948459382106e+00,2.812379948459382106e+00
7.019999999999894769e+00,6.324009090269166933e+01,2.810372491215721968e+00,2.810372491215721968e+00
7.029999999999894555e+00,6.329627834577535594e+01,2.808371129605333749e+00,2.808371129605333749e+00
7.039999999999894342e+00,6.335242582235346021e+01,2.806375857674465735e+00,2.806375857674465735e+00
7.049999999999894129e+00,6.340853345416118714e+01,2.804386669496004902e+00,2.804386669496004902e+00
7.059999999999893916e+00,6.346460136281557141e+01,2.802403559169015956e+00,2.802403559169015956e+00
7.069999999999893703e+00,6.352062966981578285e+01,2.800426520818271481e+00,2.800426520818271481e+00
7.079999999999893490e+00,6.357661849654379438e+01,2.798455548593780762e+00,2.798455548593780762e+00
7.089999999999893276e+00,6.363256796426482964e+01,2.796490636670311503e+00,2.796490636670311503e+00
7.099999999999893063e+00,6.368847819412777511e+01,2.794531779246956837e+00,2.794531779246956837e+00
7.109999999999892850e+00,6.374434930716583381e+01,2.792578970546676587e+00,2.792578970546676587e+00
7.119999999999892637e+00,6.380018142429679529e+01,2.790632204815837181e+00,2.790632204815837181e+00
7.129999999999892424e+00,6.385597466632370356e+01,2.788691476323749807e+00,2.788691476323749807e+00
7.139999999999892211e+00,6.391172915393516973e+01,2.786756779362274727e+00,2.786756779362274727e+00
7.149999999999891998e+00,6.396744500770582675e+01,2.784828108245346101e+00,2.784828108245346101e+00
7.159999999999891784e+00,6.402312234809684810e+01,2.782905457308536779e+00,2.782905457308536779e+00
7.169999999999891571e+00,6.407876129545630306e+01,2.780988820908659509e+00,2.780988820908659509e+00
7.179999999999891358e+00,6.413436197001961148e+01,2.779078193423324628e+00,2.779078193423324628e+00
7.189999999999891145e+00,6.418992449190992033e+01,2.777173569250508844e+00,2.777173569250508844e+00
7.199999999999890932e+00,6.424544898113862246e+01,2.775274942808142242e+00,2.775274942808142242e+00
7.209999999999890719e+00,6.430093555760548441e+01,2.773382308533704599e+00,2.773382308533704599e+00
7.219999999999890505e+00,6.435638434109938544e+01,2.771495660883813716e+00,2.771495660883813716e+00
7.229999999999890292e+00,6.441179545129848805e+01,2.769614994333801761e+00,2.769614994333801761e+00
7.239999999999890079e+00,6.446716900777059323e+01,2.767740303377294708e+00,2.767740303377294708e+00
7.249999999999889866e+00,6.452250512997349574e+01,2.765871582525852190e+00,2.765871582525852190e+00
7.259999999999889653e+00,6.457780393725556678e+01,2.764008826308599787e+00,2.764008826308599787e+00
7.269999999999889440e+00,6.463306554885575395e+01,2.762152029271768061e+00,2.762152029271768061e+00
7.279999999999889226e+00,6.468829008390420654e+01,2.760301185978340843e+00,2.760301185978340843e+00
7.289999999999889013e+00,6.474347766142243188e+01,2.758456291007661321e+00,2.758456291007661321e+00
7.299999999999888800e+00,6.479862840032373583e+01,2.756617338955031915e+00,2.756617338955031915e+00
7.309999999999888587e+00,6.485374241941340756e+01,2.754784324431384324e+00,2.754784324431384324e+00
7.319999999999888374e+00,6.490881983738921690e+01,2.752957242062885168e+00,2.752957242062885168e+00
7.329999999999888161e+00,6.496386077284147120e+01,2.751136086490544308e+00,2.751136086490544308e+00
7.339999999999887947e+00,6.501886534425351272e+01,2.749320852369858681e+00,2.749320852369858681e+00
7.349999999999887734e+00,6.507383367000194596e+01,2.747511534370486785e+00,2.747511534370486785e+00
7.359999999999887521e+00,6.512876586835689352e+01,2.745708127175824576e+00,2.745708127175824576e+00
7.369999999999887308e+00,6.518366205748219500e+01,2.743910625482684384e+00,2.743910625482684384e+00
7.379999999999887095e+00,6.523852235543587597e+01,2.742119024000938765e+00,2.742119024000938765e+00
7.389999999999886882e+00,6.529334688017026167e+01,2.740333317453183426e+00,2.740333317453183426e+00
7.399999999999886668e+00,6.534813574953216175e+01,2.738553500574385513e+00,2.738553500574385513e+00
7.409999999999886455e+00,6.540288908126326817e+01,2.736779568111499916e+00,2.736779568111499916e+00
7.419999999999886242e+00,6.545760699300033991e+01,2.735011514823191714e+00,2.735011514823191714e+00
7.429999999999886029e+00,6.551228960227540199e+01,2.733249335479490227e+00,2.733249335479490227e+00
7.439999999999885816e+00,6.556693702651594435e+01,2.731493024861384455e+00,2.731493024861384455e+00
7.449999999999885603e+00,6.562154938304523455e+01,2.729742577760588151e+00,2.729742577760588151e+00
7.459999999999885389e+00,6.567612678908248824e+01,2.727997988979160571e+00,2.727997988979160571e+00
7.469999999999885176e+00,6.573066936174298291e+01,2.726259253329163634e+00,2.726259253329163634e+00
7.479999999999884963e+00,6.578517721803844154e+01,2.724526365632413683e+00,2.724526365632413683e+00
7.489999999999884750e+00,6.583965047487697575e+01,2.722799320720117322e+00,2.722799320720117322e+00
7.499999999999884537e+00,6.589408924906356901e+01,2.721078113432540135e+00,2.721078113432540135e+00
7.509999999999884324e+00,6.594849365730000557e+01,2.719362738618757103e+00,2.719362738618757103e+00
7.519999999999884110e+00,6.600286381618501252e+01,2.717653191136288893e+00,2.717653191136288893e+00
7.529999999999883897e+00,6.605719984221485674e+01,2.715949465850779454e+00,2.715949465850779454e+00
7.539999999999883684e+00,6.611150185178289007e+01,2.714251557635763756e+00,2.714251557635763756e+00
7.549999999999883471e+00,6.616576996118017462e+01,2.712559461372332503e+00,2.712559461372332503e+00
7.559999999999883258e+00,6.622000428659541171e+01,2.710873171948842142e+00,2.710873171948842142e+00
7.569999999999883045e+00,6.627420494411511243e+01,2.709192684260648409e+00,2.709192684260648409e+00
7.579999999999882832e+00,6.632837204972381073e+01,2.707517993209744400e+00,2.707517993209744400e+00
7.589999999999882618e+00,6.638250571930413457e+01,2.705849093704521646e+00,2.705849093704521646e+00
7.599999999999882405e+00,6.643660606863693374e+01,2.704185980659529864e+00,2.704185980659529864e+00
7.609999999999882192e+00,6.649067321340135095e+01,2.702528648995114136e+00,2.702528648995114136e+00
7.619999999999881979e+00,6.654470726917509182e+01,2.700877093637154225e+00,2.700877093637154225e+00
7.629999999999881766e+00,6.659870835143429701e+01,2.699231309516830546e+00,2.699231309516830546e+00
7.639999999999881553e+00,6.665267657555391168e+01,2.697591291570319516e+00,2.697591291570319516e+00
7.649999999999881339e+00,6.670661205680752914e+01,2.695957034738556413e+00,2.695957034738556413e+00
7.659999999999881126e+00,6.676051491036776042e+01,2.694328533966920958e+00,2.694328533966920958e+00
7.669999999999880913e+00,6.681438525130594996e+01,2.692705784204998842e+00,2.692705784204998842e+00
7.679999999999880700e+00,6.686822319459267305e+01,2.691088780406338810e+00,2.691088780406338810e+00
7.689999999999880487e+00,6.692202885509748000e+01,2.689477517528171546e+00,2.689477517528171546e+00
7.699999999999880274e+00,6.697580234758916617e+01,2.687871990531151667e+00,2.687871990531151667e+00
7.709999999999880060e+00,6.702954378673571512e+01,2.686272194379114353e+00,2.686272194379114353e+00
7.719999999999879847e+00,6.708325328710446911e+01,2.684678124038817781e+00,2.684678124038817781e+00
7.729999999999879634e+00,6.713693096316210074e+01,2.683089774479705536e+00,2.683089774479705536e+00
7.739999999999879421e+00,6.719057692927466974e+01,2.681507140673655698e+00,2.681507140673655698e+00
7.749999999999879208e+00,6.724419129970777931e+01,2.679930217594740149e+00,2.679930217594740149e+00
7.759999999999878995e+00,6.729777418862637717e+01,2.678359000218982100e+00,2.678359000218982100e+00
7.769999999999878781e+00,6.735132571009512503e+01,2.676793483524119388e+00,2.676793483524119388e+00
7.779999999999878568e+00,6.740484597807811440e+01,2.675233662489376218e+00,2.675233662489376218e+00
7.789999999999878355e+00,6.745833510643912234e+01,2.673679532095218914e+00,2.673679532095218914e+00
7.799999999999878142e+00,6.751179320894144098e+01,2.672131087323124987e+00,2.672131087323124987e+00
7.809999999999877929e+00,6.756522039924809064e+01,2.670588323155385080e+00,2.670588323155385080e+00
7.819999999999877716e+00,6.761861679092174882e+01,2.669051234574841835e+00,2.669051234574841835e+00
7.829999999999877502e+00,6.767198249742466487e+01,2.667519816564702495e+00,2.667519816564702495e+00
7.839999999999877289e+00,6.772531763211877376e+01,2.665994064108287986e+00,2.665994064108287986e+00
7.849999999999877076e+00,6.777862230826575285e+01,2.664473972188801554e+00,2.664473972188801554e+00
7.859999999999876863e+00,6.783189663902683719e+01,2.662959535789174215e+00,2.662959535789174215e+00
7.869999999999876650e+00,6.788514073746297584e+01,2.661450749891819179e+00,2.661450749891819179e+00
7.879999999999876437e+00,6.793835471653477498e+01,2.659947609478424013e+00,2.659947609478424013e+00
7.889999999999876223e+00,6.799153868910234166e+01,2.658450109529722827e+00,2.658450109529722827e+00
7.899999999999876010e+00,6.804469276792552535e+01,2.656958245025317744e+00,2.656958245025317744e+00
7.909999999999875797e+00,6.809781706566369053e+01,2.655472010943455086e+00,2.655472010943455086e+00
7.919999999999875584e+00,6.815091169487568834e+01,2.653991402260838850e+00,2.653991402260838850e+00
7.929999999999875371e+00,6.820397676802002707e+01,2.652516413952429097e+00,2.652516413952429097e+00
7.939999999999875158e+00,6.825701239745455950e+01,2.651047040991266091e+00,2.651047040991266091e+00
7.949999999999874944e+00,6.831001869543666771e+01,2.649583278348241588e+00,2.649583278348241588e+00
7.959999999999874731e+00,6.836299577412302142e+01,2.648125120991917214e+00,2.648125120991917214e+00
7.969999999999874518e+00,6.841594374556979119e+01,2.646672563888352148e+00,2.646672563888352148e+00
7.979999999999874305e+00,6.846886272173226473e+01,2.645225602000893961e+00,2.645225602000893961e+00
7.989999999999874092e+00,6.852175281446506006e+01,2.643784230289995207e+00,2.643784230289995207e+00
7.999999999999873879e+00,6.857461413552201179e+01,2.642348443713067763e+00,2.642348443713067763e+00
8.009999999999873666e+00,6.862744679655590119e+01,2.640918237224248788e+00,2.640918237224248788e+00
8.019999999999873452e+00,6.868025090911878294e+01,2.639493605774238194e+00,2.639493605774238194e+00
8.029999999999873239e+00,6.873302658466153048e+01,2.638074544310143654e+00,2.638074544310143654e+00
8.039999999999873026e+00,6.878577393453392119e+01,2.636661047775306965e+00,2.636661047775306965e+00
8.049999999999872813e+00,6.883849306998465067e+01,2.635253111109106872e+00,2.635253111109106872e+00
8.059999999999872600e+00,6.889118410216104849e+01,2.633850729246780542e+00,2.633850729246780542e+00
8.069999999999872387e+00,6.894384714210920606e+01,2.632453897119293007e+00,2.632453897119293007e+00
8.079999999999872173e+00,6.899648230077372091e+01,2.631062609653161743e+00,2.631062609653161743e+00
8.089999999999871960e+00,6.904908968899766819e+01,2.629676861770259499e+00,2.629676861770259499e+00
8.099999999999871747e+00,6.910166941752255809e+01,2.628296648387686396e+00,2.628296648387686396e+00
8.109999999999871534e+00,6.915422159698820792e+01,2.626921964417593180e+00,2.626921964417593180e+00
8.119999999999871321e+00,6.920674633793251473e+01,2.625552804767029791e+00,2.625552804767029791e+00
8.129999999999871108e+00,6.925924375079154061e+01,2.624189164337786373e+00,2.624189164337786373e+00
8.139999999999870894e+00,6.931171394589934209e+01,2.622831038026260053e+00,2.622831038026260053e+00
8.149999999999870681e+00,6.936415703348777129e+01,2.621478420723283520e+00,2.621478420723283520e+00
8.159999999999870468e+00,6.941657312368651844e+01,2.620131307313949165e+00,2.620131307313949165e+00
8.169999999999870255e+00,6.946896232652288461e+01,2.618789692677501169e+00,2.618789692677501169e+00
8.179999999999870042e+00,6.952132475192169636e+01,2.617453571687176073e+00,2.617453571687176073e+00
8.189999999999869829e+00,6.957366050970512106e+01,2.616122939210046461e+00,2.616122939210046461e+00
8.199999999999869615e+00,6.962596970959272369e+01,2.614797790106899722e+00,2.614797790106899722e+00
8.209999999999869402e+00,6.967825246120106897e+01,2.613478119232082175e+00,2.613478119232082175e+00
8.219999999999869189e+00,6.973050887404389186e+01,2.612163921433360070e+00,2.612163921433360070e+00
8.229999999999868976e+00,6.978273905753172812e+01,2.610855191551792576e+00,2.610855191551792576e+00
8.239999999999868763e+00,6.983494312097182899e+01,2.609551924421567026e+00,2.609551924421567026e+00
8.249999999999868550e+00,6.988712117356817544e+01,2.608254114869909213e+00,2.608254114869909213e+00
8.259999999999868336e+00,6.993927332442112288e+01,2.606961757716920847e+00,2.606961757716920847e+00
8.269999999999868123e+00,6.999139968252735855e+01,2.605674847775461433e+00,2.605674847775461433e+00
8.279999999999867910e+00,7.004350035677975939e+01,2.604393379851001722e+00,2.604393379851001722e+00
8.289999999999867697e+00,7.009557545596730677e+01,2.603117348741514459e+00,2.603117348741514459e+00
8.299999999999867484e+00,7.014762508877474545e+01,2.601846749237374024e+00,2.601846749237374024e+00
8.309999999999867271e+00,7.019964936378264042e+01,2.600581576121176131e+00,2.600581576121176131e+00
8.319999999999867057e+00,7.025164838946710688e+01,2.599321824167631689e+00,2.599321824167631689e+00
8.329999999999866844e+00,7.030362227419956866e+01,2.598067488143482873e+00,2.598067488143482873e+00
8.339999999999866631e+00,7.035557112624690035e+01,2.596818562807378772e+00,2.596818562807378772e+00
8.349999999999866418e+00,7.040749505377090145e+01,2.595575042909725294e+00,2.595575042909725294e+00
8.359999999999866205e+00,7.045939416482833906e+01,2.594336923192560818e+00,2.594336923192560818e+00
8.369999999999865992e+00,7.051126856737074888e+01,2.593104198389488690e+00,2.593104198389488690e+00
8.379999999999865778e+00,7.056311836924430736e+01,2.591876863225551109e+00,2.591876863225551109e+00
8.389999999999865565e+00,7.061494367818943374e+01,2.590654912417096334e+00,2.590654912417096334e+00
8.399999999999865352e+00,7.066674460184097484e+01,2.589438340671716965e+00,2.589438340671716965e+00
8.409999999999865139e+00,7.071852124772769344e+01,2.588227142688097171e+00,2.588227142688097171e+00
8.419999999999864926e+00,7.077027372327231092e+01,2.587021313155896785e+00,2.587021313155896785e+00
8.429999999999864713e+00,7.082200213579125148e+01,2.585820846755704672e+00,2.585820846755704672e+00
8.439999999999864500e+00,7.087370659249441474e+01,2.584625738158907282e+00,2.584625738158907282e+00
8.449999999999864286e+00,7.092538720048504786e+01,2.583435982027562083e+00,2.583435982027562083e+00
8.459999999999864073e+00,7.097704406675957500e+01,2.582251573014341162e+00,2.582251573014341162e+00
8.469999999999863860e+00,7.102867729820732734e+01,2.581072505762409541e+00,2.581072505762409541e+00
8.479999999999863647e+00,7.108028700161044355e+01,2.579898774905321268e+00,2.579898774905321268e+00
8.489999999999863434e+00,7.113187328364357143e+01,2.578730375066949687e+00,2.578730375066949687e+00
8.499999999999863221e+00,7.118343625087385362e+01,2.577567300861372424e+00,2.577567300861372424e+00
8.509999999999863007e+00,7.123497600976044453e+01,2.576409546892782121e+00,2.576409546892782121e+00
8.519999999999862794e+00,7.128649266665463813e+01,2.575257107755420716e+00,2.575257107755420716e+00
8.529999999999862581e+00,7.133798632779942750e+01,2.574109978033472856e+00,2.574109978033472856e+00
8.539999999999862368e+00,7.138945709932940531e+01,2.572968152300930011e+00,2.572968152300930011e+00
8.549999999999862155e+00,7.144090508727055067e+01,2.571831625121574039e+00,2.571831625121574039e+00
8.559999999999861942e+00,7.149233039754001595e+01,2.570700391048889699e+00,2.570700391048889699e+00
8.569999999999861728e+00,7.154373313594584260e+01,2.569574444625934095e+00,2.569574444625934095e+00
8.579999999999861515e+00,7.159511340818694691e+01,2.568453780385295371e+00,2.568453780385295371e+00
8.589999999999861302e+00,7.164647131985267947e+01,2.567338392848976802e+00,2.567338392848976802e+00
8.599999999999861089e+00,7.169780697642281098e+01,2.566228276528360830e+00,2.566228276528360830e+00
8.609999999999860876e+00,7.174912048326717695e+01,2.565123425924109135e+00,2.565123425924109135e+00
8.619999999999860663e+00,7.180041194564550722e+01,2.564023835526059170e+00,2.564023835526059170e+00
8.629999999999860449e+00,7.185168146870726957e+01,2.562929499813173528e+00,2.562929499813173528e+00
8.639999999999860236e+00,7.190292915749135716e+01,2.561840413253475557e+00,2.561840413253475557e+00
8.649999999999860023e+00,7.195415511692588950e+01,2.560756570303971635e+00,2.560756570303971635e+00
8.659999999999859810e+00,7.200535945182811304e+01,2.559677965410564138e+00,2.559677965410564138e+00
8.669999999999859597e+00,7.205654226690400321e+01,2.558604593007999028e+00,2.558604593007999028e+00
8.679999999999859384e+00,7.210770366674800869e+01,2.557536447519768608e+00,2.557536447519768608e+00
8.689999999999859170e+00,7.215884375584323607e+01,2.556473523358075983e+00,2.556473523358075983e+00
8.699999999999858957e+00,7.220996263856059727e+01,2.555415814923763129e+00,2.555415814923763129e+00
8.709999999999858744e+00,7.226106041915905109e+01,2.554363316606222956e+00,2.554363316606222956e+00
8.719999999999858531e+00,7.231213720178527637e+01,2.553316022783369110e+00,2.553316022783369110e+00
8.729999999999858318e+00,7.236319309047327408e+01,2.552273927821540056e+00,2.552273927821540056e+00
8.739999999999858105e+00,7.241422818914435311e+01,2.551237026075448888e+00,2.551237026075448888e+00
8.749999999999857891e+00,7.246524260160671815e+01,2.550205311888137594e+00,2.550205311888137594e+00
8.759999999999857678e+00,7.251623643155538446e+01,2.549178779590876243e+00,2.549178779590876243e+00
8.769999999999857465e+00,7.256720978257182253e+01,2.548157423503170094e+00,2.548157423503170094e+00
8.779999999999857252e+00,7.261816275812380184e+01,2.547141237932657010e+00,2.547141237932657010e+00
8.789999999999857039e+00,7.266909546156510658e+01,2.546130217175045729e+00,2.546130217175045729e+00
8.799999999999856826e+00,7.272000799613532251e+01,2.545124355514087000e+00,2.545124355514087000e+00
8.809999999999856612e+00,7.277090046495958120e+01,2.544123647221506967e+00,2.544123647221506967e+00
8.819999999999856399e+00,7.282177297104836100e+01,2.543128086556941003e+00,2.543128086556941003e+00
8.829999999999856186e+00,7.287262561729706078e+01,2.542137667767911946e+00,2.542137667767911946e+00
8.839999999999855973e+00,7.292345850648618466e+01,2.541152385089771926e+00,2.541152385089771926e+00
8.849999999999855760e+00,7.297427174128060301e+01,2.540172232745633529e+00,2.540172232745633529e+00
8.859999999999855547e+00,7.302506542422953828e+01,2.539197204946338271e+00,2.539197204946338271e+00
8.869999999999855333e+00,7.307583965776630919e+01,2.538227295890410851e+00,2.538227295890410851e+00
8.879999999999855120e+00,7.312659454420823124e+01,2.537262499763998758e+00,2.537262499763998758e+00
8.889999999999854907e+00,7.317733018575603410e+01,2.536302810740837632e+00,2.536302810740837632e+00
8.899999999999854694e+00,7.322804668449384735e+01,2.535348222982205968e+00,2.535348222982205968e+00
8.909999999999854481e+00,7.327874414238891632e+01,2.534398730636881591e+00,2.534398730636881591e+00
8.919999999999854268e+00,7.332942266129138886e+01,2.533454327841116793e+00,2.533454327841116793e+00
8.929999999999854055e+00,7.338008234293390331e+01,2.532515008718569938e+00,2.532515008718569938e+00
8.939999999999853841e+00,7.343072328893150313e+01,2.531580767380270824e+00,2.531580767380270824e+00
8.949999999999853628e+00,7.348134560078129596e+01,2.530651597924589602e+00,2.530651597924589602e+00
8.959999999999853415e+00,7.353194937986228297e+01,2.529727494437188362e+00,2.529727494437188362e+00
8.969999999999853202e+00,7.358253472743496104e+01,2.528808450991014478e+00,2.528808450991014478e+00
8.979999999999852989e+00,7.363310174464125168e+01,2.527894461646255753e+00,2.527894461646255753e+00
8.989999999999852776e+00,7.368365053250407470e+01,2.526985520450250711e+00,2.526985520450250711e+00
8.999999999999852562e+00,7.373418119192723452e+01,2.526081621437501035e+00,2.526081621437501035e+00
9.009999999999852349e+00,7.378469382369502227e+01,2.525182758629653801e+00,2.525182758629653801e+00
9.019999999999852136e+00,7.383518852847205949e+01,2.524288926035459291e+00,2.524288926035459291e+00
9.029999999999851923e+00,7.388566540680302808e+01,2.523400117650705710e+00,2.523400117650705710e+00
9.039999999999851710e+00,7.393612455911240033e+01,2.522516327458212526e+00,2.522516327458212526e+00
9.049999999999851497e+00,7.398656608570411208e+01,2.521637549427845126e+00,2.521637549427845126e+00
9.059999999999851283e+00,7.403699008676149163e+01,2.520763777516424220e+00,2.520763777516424220e+00
9.069999999999851070e+00,7.408739666234667709e+01,2.519895005667686316e+00,2.519895005667686316e+00
9.079999999999850857e+00,7.413778591240074434e+01,2.519031227812307705e+00,2.519031227812307705e+00
9.089999999999850644e+00,7.418815793674313852e+01,2.518172437867879143e+00,2.518172437867879143e+00
9.099999999999850431e+00,7.423851283507153198e+01,2.517318629738842795e+00,2.517318629738842795e+00
9.109999999999850218e+00,7.428885070696162529e+01,2.516469797316494450e+00,2.516469797316494450e+00
9.119999999999850004e+00,7.433917165186667830e+01,2.515625934478957326e+00,2.515625934478957326e+00
9.129999999999849791e+00,7.438947576911749593e+01,2.514787035091143430e+00,2.514787035091143430e+00
9.139999999999849578e+00,7.443976315792203025e+01,2.513953093004765993e+00,2.513953093004765993e+00
9.149999999999849365e+00,7.449003391736508206e+01,2.513124102058279075e+00,2.513124102058279075e+00
9.159999999999849152e+00,7.454028814640810197e+01,2.512300056076873123e+00,2.512300056076873123e+00
9.169999999999848939e+00,7.459052594388899138e+01,2.511480948872468311e+00,2.511480948872468311e+00
9.179999999999848725e+00,7.464074740852160517e+01,2.510666774243688781e+00,2.510666774243688781e+00
9.189999999999848512e+00,7.469095263889573744e+01,2.509857525975851988e+00,2.509857525975851988e+00
9.199999999999848299e+00,7.474114173347675205e+01,2.509053197840949156e+00,2.509053197840949156e+00
9.209999999999848086e+00,7.479131479060531262e+01,2.508253783597616859e+00,2.508253783597616859e+00
9.219999999999847873e+00,7.484147190849709830e+01,2.507459276991117481e+00,2.507459276991117481e+00
9.229999999999847660e+00,7.489161318524256217e+01,2.506669671753364970e+00,2.506669671753364970e+00
9.239999999999847446e+00,7.494173871880666127e+01,2.505884961602876881e+00,2.505884961602876881e+00
9.249999999999847233e+00,7.499184860702854394e+01,2.505105140244760609e+00,2.505105140244760609e+00
9.259999999999847020e+00,7.504194294762152140e+01,2.504330201370734255e+00,2.504330201370734255e+00
9.269999999999846807e+00,7.509202183817227194e+01,2.503560138659086665e+00,2.503560138659086665e+00
9.279999999999846594e+00,7.514208537614118200e+01,2.502794945774655666e+00,2.502794945774655666e+00
9.289999999999846381e+00,7.519213365886170664e+01,2.502034616368843611e+00,2.502034616368843611e+00
9.299999999999846167e+00,7.524216678354015642e+01,2.501279144079625372e+00,2.501279144079625372e+00
9.309999999999845954e+00,7.529218484725547000e+01,2.500528522531515474e+00,2.500528522531515474e+00
9.319999999999845741e+00,7.534218794695902943e+01,2.499782745335546785e+00,2.499782745335546785e+00
9.329999999999845528e+00,7.539217617947420536e+01,2.499041806089282058e+00,2.499041806089282058e+00
9.339999999999845315e+00,7.544214964149618652e+01,2.498305698376802830e+00,2.498305698376802830e+00
9.349999999999845102e+00,7.549210842959179502e+01,2.497574415768723632e+00,2.497574415768723632e+00
9.359999999999844889e+00,7.554205264019897470e+01,2.496847951822172895e+00,2.496847951822172895e+00
9.369999999999844675e+00,7.559198236962691908e+01,2.496126300080791616e+00,2.496126300080791616e+00
9.379999999999844462e+00,7.564189771405523288e+01,2.495409454074719591e+00,2.495409454074719591e+00
9.389999999999844249e+00,7.569179876953430153e+01,2.494697407320589644e+00,2.494697407320589644e+00
9.399999999999844036e+00,7.574168563198452375e+01,2.493990153321583136e+00,2.493990153321583136e+00
9.409999999999843823e+00,7.579155839719619792e+01,2.493287685567353584e+00,2.493287685567353584e+00
9.419999999999843610e+00,7.584141716082949358e+01,2.492589997534045310e+00,2.492589997534045310e+00
9.429999999999843396e+00,7.589126201841365571e+01,2.491897082684333853e+00,2.491897082684333853e+00
9.439999999999843183e+00,7.594109306534734571e+01,2.491208934467379787e+00,2.491208934467379787e+00
9.449999999999842970e+00,7.599091039689787408e+01,2.490525546318861139e+00,2.490525546318861139e+00
9.459999999999842757e+00,7.604071410820118615e+01,2.489846911660965390e+00,2.489846911660965390e+00
9.469999999999842544e+00,7.609050429426159212e+01,2.489173023902399251e+00,2.489173023902399251e+00
9.479999999999842331e+00,7.614028104995134072e+01,2.488503876438385110e+00,2.488503876438385110e+00
9.489999999999842117e+00,7.619004447001054814e+01,2.487839462650642375e+00,2.487839462650642375e+00
9.499999999999841904e+00,7.623979464904668646e+01,2.487179775907442103e+00,2.487179775907442103e+00
9.509999999999841691e+00,7.628953168153461206e+01,2.486524809563593230e+00,2.486524809563593230e+00
9.519999999999841478e+00,7.633925566181608247e+01,2.485874556960433690e+00,2.485874556960433690e+00
9.529999999999841265e+00,7.638896668409951474e+01,2.485229011425845513e+00,2.485229011425845513e+00
9.539999999999841052e+00,7.643866484245974391e+01,2.484588166274257937e+00,2.484588166274257937e+00
9.549999999999840838e+00,7.648835023083786666e+01,2.483952014806666053e+00,2.483952014806666053e+00
9.559999999999840625e+00,7.653802294304070131e+01,2.483320550310652131e+00,2.483320550310652131e+00
9.569999999999840412e+00,7.658768307274084464e+01,2.482693766060355856e+00,2.482693766060355856e+00
9.579999999999840199e+00,7.663733071347608927e+01,2.482071655316507197e+00,2.482071655316507197e+00
9.589999999999839986e+00,7.668696595864936683e+01,2.481454211326459269e+00,2.481454211326459269e+00
9.599999999999839773e+00,7.673658890152853473e+01,2.480841427324158577e+00,2.480841427324158577e+00
9.609999999999839559e+00,7.678619963524577940e+01,2.480233296530180542e+00,2.480233296530180542e+00
9.619999999999839346e+00,7.683579825279771569e+01,2.479629812151729507e+00,2.479629812151729507e+00
9.629999999999839133e+00,7.688538484704491793e+01,2.479030967382665374e+00,2.479030967382665374e+00
9.639999999999838920e+00,7.693495951071173522e+01,2.478436755403512937e+00,2.478436755403512937e+00
9.649999999999838707e+00,7.698452233638593611e+01,2.477847169381449000e+00,2.477847169381449000e+00
9.659999999999838494e+00,7.703407341651852391e+01,2.477262202470375207e+00,2.477262202470375207e+00
9.669999999999838280e+00,7.708361284342352349e+01,2.476681847810890513e+00,2.476681847810890513e+00
9.679999999999838067e+00,7.713314070927745547e+01,2.476106098530306721e+00,2.476106098530306721e+00
9.689999999999837854e+00,7.718265710611940733e+01,2.475534947742667580e+00,2.475534947742667580e+00
9.699999999999837641e+00,7.723216212585062124e+01,2.474968388548763443e+00,2.474968388548763443e+00
9.709999999999837428e+00,7.728165586023408196e+01,2.474406414036184998e+00,2.474406414036184998e+00
9.719999999999837215e+00,7.733113840089454527e+01,2.473849017279305063e+00,2.473849017279305063e+00
9.729999999999837001e+00,7.738060983931799797e+01,2.473296191339299899e+00,2.473296191339299899e+00
9.739999999999836788e+00,7.743007026685161520e+01,2.472747929264161204e+00,2.472747929264161204e+00
9.749999999999836575e+00,7.747951977470336260e+01,2.472204224088757396e+00,2.472204224088757396e+00
9.759999999999836362e+00,7.752895845394169783e+01,2.471665068834795864e+00,2.471665068834795864e+00
9.769999999999836149e+00,7.757838639549552795e+01,2.471130456510861606e+00,2.471130456510861606e+00
9.779999999999835936e+00,7.762780369015369786e+01,2.470600380112474070e+00,2.470600380112474070e+00
9.789999999999835723e+00,7.767721042856480551e+01,2.470074832622069394e+00,2.470074832622069394e+00
9.799999999999835509e+00,7.772660670123703142e+01,2.469553807009041257e+00,2.469553807009041257e+00
9.809999999999835296e+00,7.777599259853781177e+01,2.469037296229731115e+00,2.469037296229731115e+00
9.819999999999835083e+00,7.782536821069351163e+01,2.468525293227490369e+00,2.468525293227490369e+00
9.829999999999834870e+00,7.787473362778936803e+01,2.468017790932705680e+00,2.468017790932705680e+00
9.839999999999834657e+00,7.792408893976892159e+01,2.467514782262788309e+00,2.467514782262788309e+00
9.849999999999834444e+00,7.797343423643404492e+01,2.467016260122235849e+00,2.467016260122235849e+00
9.859999999999834230e+00,7.802276960744450207e+01,2.466522217402612238e+00,2.466522217402612238e+00
9.869999999999834017e+00,7.807209514231784908e+01,2.466032646982604160e+00,2.466032646982604160e+00
9.879999999999833804e+00,7.812141093042897921e+01,2.465547541728044578e+00,2.465547541728044578e+00
9.889999999999833591e+00,7.817071706101006612e+01,2.465066894491942051e+00,2.465066894491942051e+00
9.899999999999833378e+00,7.822001362315016593e+01,2.464590698114508260e+00,2.464590698114508260e+00
9.909999999999833165e+00,7.826930070579500409e+01,2.464118945423142915e+00,2.464118945423142915e+00
9.919999999999832951e+00,7.831857839774670538e+01,2.463651629232527895e+00,2.463651629232527895e+00
9.929999999999832738e+00,7.836784678766366596e+01,2.463188742344653015e+00,2.463188742344653015e+00
9.939999999999832525e+00,7.841710596406004186e+01,2.462730277548751179e+00,2.462730277548751179e+00
9.949999999999832312e+00,7.846635601530574888e+01,2.462276227621389424e+00,2.462276227621389424e+00
9.959999999999832099e+00,7.851559702962612164e+01,2.461826585326561290e+00,2.461826585326561290e+00
9.969999999999831886e+00,7.856482909510157242e+01,2.461381343415619760e+00,2.461381343415619760e+00
9.979999999999831672e+00,7.861405229966740649e+01,2.460940494627332775e+00,2.460940494627332775e+00
9.989999999999831459e+00,7.866326673111365153e+01,2.460504031687919646e+00,2.460504031687919646e+00
9.999999999999831246e+00,7.871247247708474504e+01,2.460071947311110563e+00,2.460071947311110563e+00
1.000999999999983103e+01,7.876166962507916480e+01,2.459644234198173240e+00,2.459644234198173240e+00
1.001999999999983082e+01,7.881085826244934367e+01,2.459220885037895599e+00,2.459220885037895599e+00
1.002999999999983061e+01,7.886003847640141373e+01,2.458801892506618625e+00,2.458801892506618625e+00
1.003999999999983039e+01,7.890921035399487948e+01,2.458387249268324304e+00,2.458387249268324304e+00
1.004999999999983018e+01,7.895837398214229097e+01,2.457976947974678694e+00,2.457976947974678694e+00
1.005999999999982997e+01,7.900752944760931484e+01,2.457570981264999066e+00,2.457570981264999066e+00
1.006999999999982975e+01,7.905667683701406645e+01,2.457169341766297421e+00,2.457169341766297421e+00
1.007999999999982954e+01,7.910581623682726615e+01,2.456772022093338226e+00,2.456772022093338226e+00
1.008999999999982933e+01,7.915494773337168510e+01,2.456379014848716125e+00,2.456379014848716125e+00
1.009999999999982911e+01,7.920407141282204577e+01,2.455990312622813754e+00,2.455990312622813754e+00
1.010999999999982890e+01,7.925318736120475194e+01,2.455605907993861692e+00,2.455605907993861692e+00
1.011999999999982869e+01,7.930229566439771816e+01,2.455225793528029943e+00,2.455225793528029943e+00
1.012999999999982847e+01,7.935139640812997186e+01,2.454849961779362655e+00,2.454849961779362655e+00
1.013999999999982826e+01,7.940048967798148283e+01,2.454478405289861609e+00,2.454478405289861609e+00
1.014999999999982805e+01,7.944957555938313476e+01,2.454111116589558161e+00,2.454111116589558161e+00
1.015999999999982784e+01,7.949865413761591526e+01,2.453748088196524790e+00,2.453748088196524790e+00
1.016999999999982762e+01,7.954772549781155533e+01,2.453389312616916396e+00,2.453389312616916396e+00
1.017999999999982741e+01,7.959678972495130722e+01,2.453034782344984066e+00,2.453034782344984066e+00
1.018999999999982720e+01,7.964584690386654131e+01,2.452684489863126593e+00,2.452684489863126593e+00
1.019999999999982698e+01,7.969489711923787922e+01,2.452338427641953533e+00,2.452338427641953533e+00
1.020999999999982677e+01,7.974394045559547806e+01,2.451996588140310962e+00,2.451996588140310962e+00
1.021999999999982656e+01,7.979297699731840510e+01,2.451658963805290803e+00,2.451658963805290803e+00
1.022999999999982634e+01,7.984200682863458098e+01,2.451325547072309430e+00,2.451325547072309430e+00
1.023999999999982613e+01,7.989103003362056654e+01,2.450996330365139642e+00,2.450996330365139642e+00
1.024999999999982592e+01,7.994004669620117909e+01,2.450671306095944413e+00,2.450671306095944413e+00
1.025999999999982570e+01,7.998905690014947822e+01,2.450350466665315530e+00,2.450350466665315530e+00
1.026999999999982549e+01,8.003806072908636793e+01,2.450033804462320663e+00,2.450033804462320663e+00
1.027999999999982528e+01,8.008705826648038339e+01,2.449721311864560214e+00,2.449721311864560214e+00
1.028999999999982506e+01,8.013604959564753472e+01,2.449412981238172637e+00,2.449412981238172637e+00
1.029999999999982485e+01,8.018503479975106529e+01,2.449108804937892625e+00,2.449108804937892625e+00
1.030999999999982464e+01,8.023401396180108236e+01,2.448808775307123042e+00,2.448808775307123042e+00
1.031999999999982442e+01,8.028298716465465645e+01,2.448512884677932266e+00,2.448512884677932266e+00
1.032999999999982421e+01,8.033195449101512509e+01,2.448221125371132345e+00,2.448221125371132345e+00
1.033999999999982400e+01,8.038091602343237696e+01,2.447933489696327847e+00,2.447933489696327847e+00
1.034999999999982379e+01,8.042987184430221248e+01,2.447649969951925630e+00,2.447649969951925630e+00
1.035999999999982357e+01,8.047882203586634375e+01,2.447370558425179699e+00,2.447370558425179699e+00
1.036999999999982336e+01,8.052776668021209616e+01,2.447095247392275130e+00,2.447095247392275130e+00
1.037999999999982315e+01,8.057670585927226625e+01,2.446824029118348953e+00,2.446824029118348953e+00
1.038999999999982293e+01,8.062563965482473805e+01,2.446556895857510572e+00,2.446556895857510572e+00
1.039999999999982272e+01,8.067456814849248303e+01,2.446293839852939911e+00,2.446293839852939911e+00
1.040999999999982251e+01,8.072349142174316228e+01,2.446034853336918946e+00,2.446034853336918946e+00
1.041999999999982229e+01,8.077240955588895588e+01,2.445779928530850356e+00,2.445779928530850356e+00
1.042999999999982208e+01,8.082132263208640666e+01,2.445529057645322801e+00,2.445529057645322801e+00
1.043999999999982187e+01,8.087023073133613593e+01,2.445282232880158890e+00,2.445282232880158890e+00
1.044999999999982165e+01,8.091913393448267300e+01,2.445039446424443597e+00,2.445039446424443597e+00
1.045999999999982144e+01,8.096803232221417090e+01,2.444800690456607306e+00,2.444800690456607306e+00
1.046999999999982123e+01,8.101692597506232119e+01,2.444565957144467561e+00,2.444565957144467561e+00
1.047999999999982101e+01,8.106581497340197018e+01,2.444335238645235719e+00,2.444335238645235719e+00
1.048999999999982080e+01,8.111469939745116164e+01,2.444108527105607997e+00,2.444108527105607997e+00
1.049999999999982059e+01,8.116357932727051150e+01,2.443885814661805878e+00,2.443885814661805878e+00
1.050999999999982037e+01,8.121245484276354887e+01,2.443667093439606308e+00,2.443667093439606308e+00
1.051999999999982016e+01,8.126132602367594870e+01,2.443452355554409650e+00,2.443452355554409650e+00
1.052999999999981995e+01,8.131019294959578758e+01,2.443241593111306287e+00,2.443241593111306287e+00
1.053999999999981974e+01,8.135905569995304631e+01,2.443034798205097502e+00,2.443034798205097502e+00
1.054999999999981952e+01,8.140791435401949627e+01,2.442831962920344324e+00,2.442831962920344324e+00
1.055999999999981931e+01,8.145676899090850043e+01,2.442633079331428814e+00,2.442633079331428814e+00
1.056999999999981910e+01,8.150561968957488546e+01,2.442438139502603800e+00,2.442438139502603800e+00
1.057999999999981888e+01,8.155446652881451541e+01,2.442247135488052390e+00,2.442247135488052390e+00
1.058999999999981867e+01,8.160330958726432016e+01,2.442060059331933264e+00,2.442060059331933264e+00
1.059999999999981846e+01,8.165214894340209639e+01,2.441876903068424198e+00,2.441876903068424198e+00
1.060999999999981824e+01,8.170098467554605293e+01,2.441697658721779352e+00,2.441697658721779352e+00
1.061999999999981803e+01,8.174981686185493857e+01,2.441522318306394546e+00,2.441522318306394546e+00
1.062999999999981782e+01,8.179864558032753052e+01,2.441350873826852563e+00,2.441350873826852563e+00
1.063999999999981760e+01,8.184747090880274811e+01,2.441183317277976439e+00,2.441183317277976439e+00
1.064999999999981739e+01,8.189629292495921220e+01,2.441019640644848998e+00,2.441019640644848998e+00
1.065999999999981718e+01,8.194511170631528785e+01,2.440859835902918107e+00,2.440859835902918107e+00
1.066999999999981696e+01,8.199392733022853008e+01,2.440703895018023317e+00,2.440703895018023317e+00
1.067999999999981675e+01,8.204273987389584022e+01,2.440551809946450934e+00,2.440551809946450934e+00
1.068999999999981654e+01,8.209154941435322428e+01,2.440403572635020613e+00,2.440403572635020613e+00
1.069999999999981632e+01,8.214035602847533823e+01,2.440259175021097793e+00,2.440259175021097793e+00
1.070999999999981611e+01,8.218915979297571539e+01,2.440118609032650099e+00,2.440118609032650099e+00
1.071999999999981590e+01,8.223796078440615531e+01,2.439981866588318837e+00,2.439981866588318837e+00
1.072999999999981569e+01,8.228675907915682330e+01,2.439848939597480282e+00,2.439848939597480282e+00
1.073999999999981547e+01,8.233555475345598040e+01,2.439719819960296743e+00,2.439719819960296743e+00
1.074999999999981526e+01,8.238434788336979864e+01,2.439594499567748098e+00,2.439594499567748098e+00
1.075999999999981505e+01,8.243313854480219049e+01,2.439472970301714838e+00,2.439472970301714838e+00
1.076999999999981483e+01,8.248192681349459576e+01,2.439355224035057113e+00,2.439355224035057113e+00
1.077999999999981462e+01,8.253071276502576836e+01,2.439241252631612511e+00,2.439241252631612511e+00
1.078999999999981441e+01,8.257949647481173372e+01,2.439131047946292874e+00,2.439131047946292874e+00
1.079999999999981419e+01,8.262827801810546191e+01,2.439024601825125149e+00,2.439024601825125149e+00
1.080999999999981398e+01,8.267705746999685346e+01,2.438921906105321558e+00,2.438921906105321558e+00
1.081999999999981377e+01,8.272583490541232720e+01,2.438822952615331108e+00,2.438822952615331108e+00
1.082999999999981355e+01,8.277461039911487717e+01,2.438727733174880452e+00,2.438727733174880452e+00
1.083999999999981334e+01,8.282338402570377411e+01,2.438636239595067146e+00,2.438636239595067146e+00
1.084999999999981313e+01,8.287215585961443765e+01,2.438548463678399614e+00,2.438548463678399614e+00
1.085999999999981291e+01,8.292092597511816621e+01,2.438464397218843338e+00,2.438464397218843338e+00
1.086999999999981270e+01,8.296969444632227919e+01,2.438384032001931434e+00,2.438384032001931434e+00
1.087999999999981249e+01,8.301846134716942061e+01,2.438307359804742003e+00,2.438307359804742003e+00
1.088999999999981227e+01,8.306722675143790013e+01,2.438234372395994942e+00,2.438234372395994942e+00
1.089999999999981206e+01,8.311599073274125260e+01,2.438165061536165190e+00,2.438165061536165190e+00
1.090999999999981185e+01,8.316475336452811007e+01,2.438099418977456967e+00,2.438099418977456967e+00
1.091999999999981164e+01,8.321351472008220185e+01,2.438037436463904140e+00,2.438037436463904140e+00
1.092999999999981142e+01,8.326227487252182868e+01,2.437979105731445273e+00,2.437979105731445273e+00
1.093999999999981121e+01,8.331103389480011856e+01,2.437924418507979585e+00,2.437924418507979585e+00
1.094999999999981100e+01,8.335979185970460037e+01,2.437873366513394924e+00,2.437873366513394924e+00
1.095999999999981078e+01,8.340854883985711865e+01,2.437825941459629497e+00,2.437825941459629497e+00
1.096999999999981057e+01,8.345730490771369148e+01,2.437782135050772236e+00,2.437782135050772236e+00
1.097999999999981036e+01,8.350606013556432572e+01,2.437741938983124523e+00,2.437741938983124523e+00
1.098999999999981014e+01,8.355481459553291756e+01,2.437705344945227282e+00,2.437705344945227282e+00
1.099999999999980993e+01,8.360356835957703936e+01,2.437672344617928033e+00,2.437672344617928033e+00
1.100999999999980972e+01,8.365232149948775486e+01,2.437642929674464387e+00,2.437642929674464387e+00
1.101999999999980950e+01,8.370107408688954820e+01,2.437617091780519551e+00,2.437617091780519551e+00
1.102999999999980929e+01,8.374982619324015332e+01,2.437594822594291610e+00,2.437594822594291610e+00
1.103999999999980908e+01,8.379857788983036926e+01,2.437576113766533492e+00,2.437576113766533492e+00
1.104999999999980886e+01,8.384732924778396068e+01,2.437560956940617807e+00,2.437560956940617807e+00
1.105999999999980865e+01,8.389608033805748732e+01,2.437549343752628328e+00,2.437549343752628328e+00
1.106999999999980844e+01,8.394483123144013348e+01,2.437541265831403070e+00,2.437541265831403070e+00
1.107999999999980822e+01,8.399358199855359430e+01,2.437536714798597792e+00,2.437536714798597792e+00
1.108999999999980801e+01,8.404233270985196214e+01,2.437535682268756165e+00,2.437535682268756165e+00
1.109999999999980780e+01,8.409108343562142807e+01,2.437538159849364394e+00,2.437538159849364394e+00
1.110999999999980759e+01,8.413983424598045247e+01,2.437544139140922717e+00,2.437544139140922717e+00
1.111999999999980737e+01,8.418858521087929603e+01,2.437553611737016901e+00,2.437553611737016901e+00
1.112999999999980716e+01,8.423733640009999135e+01,2.437566569224407953e+00,2.437566569224407953e+00
1.113999999999980695e+01,8.428608788325642820e+01,2.437583003183023678e+00,2.437583003183023678e+00
1.114999999999980673e+01,8.433483972979379928e+01,2.437602905186052826e+00,2.437602905186052826e+00
1.115999999999980652e+01,8.438359200898888446e+01,2.437626266800060115e+00,2.437626266800060115e+00
1.116999999999980631e+01,8.443234478994952497e+01,2.437653079585004434e+00,2.437653079585004434e+00
1.117999999999980609e+01,8.448109814161493603e+01,2.437683335094311232e+00,2.437683335094311232e+00
1.118999999999980588e+01,8.452985213275513843e+01,2.437717024874945349e+00,2.437717024874945349e+00
1.119999999999980567e+01,8.457860683197114327e+01,2.437754140467466080e+00,2.437754140467466080e+00
1.120999999999980545e+01,8.462736230769459667e+01,2.437794673406107560e+00,2.437794673406107560e+00
1.121999999999980524e+01,8.467611862818790769e+01,2.437838615218856475e+00,2.437838615218856475e+00
1.122999999999980503e+01,8.472487586154386463e+01,2.437885957427487593e+00,2.437885957427487593e+00
1.123999999999980481e+01,8.477363407568566345e+01,2.437936691547651691e+00,2.437936691547651691e+00
1.124999999999980460e+01,8.482239333836677986e+01,2.437990809088930622e+00,2.437990809088930622e+00
1.125999999999980439e+01,8.487115371717081302e+01,2.438048301554907926e+00,2.438048301554907926e+00
1.126999999999980417e+01,8.491991527951137186e+01,2.438109160443267864e+00,2.438109160443267864e+00
1.127999999999980396e+01,8.496867809263189031e+01,2.438173377245816731e+00,2.438173377245816731e+00
1.128999999999980375e+01,8.501744222360572678e+01,2.438240943448539255e+00,2.438240943448539255e+00
1.129999999999980353e+01,8.506620773933570945e+01,2.438311850531720726e+00,2.438311850531720726e+00
1.130999999999980332e+01,8.511497470655443465e+01,2.438386089970022041e+00,2.438386089970022041e+00
1.131999999999980311e+01,8.516374319182369845e+01,2.438463653232470829e+00,2.438463653232470829e+00
1.132999999999980290e+01,8.521251326153483774e+01,2.438544531782603553e+00,2.438544531782603553e+00
1.133999999999980268e+01,8.526128498190823279e+01,2.438628717078514807e+00,2.438628717078514807e+00
1.134999999999980247e+01,8.531005841899350628e+01,2.438716200572900838e+00,2.438716200572900838e+00
1.135999999999980226e+01,8.535883363866919638e+01,2.438806973713145254e+00,2.438806973713145254e+00
1.136999999999980204e+01,8.540761070664278520e+01,2.438901027941399402e+00,2.438901027941399402e+00
1.137999999999980183e+01,8.545638968845048566e+01,2.438998354694651649e+00,2.438998354694651649e+00
1.138999999999980162e+01,8.550517064945726986e+01,2.439098945404781560e+00,2.439098945404781560e+00
1.139999999999980140e+01,8.555395365485657067e+01,2.439202791498655820e+00,2.439202791498655820e+00
1.140999999999980119e+01,8.560273876967053752e+01,2.439309884398140227e+00,2.439309884398140227e+00
1.141999999999980098e+01,8.565152605874949643e+01,2.439420215520237800e+00,2.439420215520237800e+00
1.142999999999980076e+01,8.570031558677206363e+01,2.439533776277140298e+00,2.439533776277140298e+00
1.143999999999980055e+01,8.574910741824527349e+01,2.439650558076257969e+00,2.439650558076257969e+00
1.144999999999980034e+01,8.579790161750398170e+01,2.439770552320346564e+00,2.439770552320346564e+00
1.145999999999980012e+01,8.584669824871120625e+01,2.439893750407550410e+00,2.439893750407550410e+00
1.146999999999979991e+01,8.589549737585788591e+01,2.440020143731471247e+00,2.440020143731471247e+00
1.147999999999979970e+01,8.594429906276278075e+01,2.440149723681241500e+00,2.440149723681241500e+00
1.148999999999979948e+01,8.599310337307228735e+01,2.440282481641622425e+00,2.440282481641622425e+00
1.149999999999979927e+01,8.604191037026059519e+01,2.440418408993049404e+00,2.440418408993049404e+00
1.150999999999979906e+01,8.609072011762933130e+01,2.440557497111686569e+00,2.440557497111686569e+00
1.151999999999979885e+01,8.613953267830771665e+01,2.440699737369544042e+00,2.440699737369544042e+00
1.152999999999979863e+01,8.618834811525232453e+01,2.440845121134508577e+00,2.440845121134508577e+00
1.153999999999979842e+01,8.623716649124700950e+01,2.440993639770451029e+00,2.440993639770451029e+00
1.154999999999979821e+01,8.628598786890287897e+01,2.441145284637283197e+00,2.441145284637283197e+00
1.155999999999979799e+01,8.633481231065825057e+01,2.441300047091006675e+00,2.441300047091006675e+00
1.156999999999979778e+01,8.638363987877846739e+01,2.441457918483826983e+00,2.441457918483826983e+00
1.157999999999979757e+01,8.643247063535589803e+01,2.441618890164189981e+00,2.441618890164189981e+00
1.158999999999979735e+01,8.648130464230983705e+01,2.441782953476889784e+00,2.441782953476889784e+00
1.159999999999979714e+01,8.653014196138641978e+01,2.441950099763117166e+00,2.441950099763117166e+00
1.160999999999979693e+01,8.657898265415867911e+01,2.442120320360538610e+00,2.442120320360538610e+00
1.161999999999979671e+01,8.662782678202614761e+01,2.442293606603367806e+00,2.442293606603367806e+00
1.162999999999979650e+01,8.667667440621525543e+01,2.442469949822490882e+00,2.442469949822490882e+00
1.163999999999979629e+01,8.672552558777879028e+01,2.442649341345437985e+00,2.442649341345437985e+00
1.164999999999979607e+01,8.677438038759626693e+01,2.442831772496502740e+00,2.442831772496502740e+00
1.165999999999979586e+01,8.682323886637350085e+01,2.443017234596883469e+00,2.443017234596883469e+00
1.166999999999979565e+01,8.687210108464275038e+01,2.443205718964662765e+00,2.443205718964662765e+00
1.167999999999979543e+01,8.692096710276264560e+01,2.443397216914919845e+00,2.443397216914919845e+00
1.168999999999979522e+01,8.696983698091797521e+01,2.443591719759808267e+00,2.443591719759808267e+00
1.169999999999979501e+01,8.701871077911988550e+01,2.443789218808628760e+00,2.443789218808628760e+00
1.170999999999979480e+01,8.706758855720556767e+01,2.443989705367902499e+00,2.443989705367902499e+00
1.171999999999979458e+01,8.711647037483837153e+01,2.444193170741440824e+00,2.444193170741440824e+00
1.172999999999979437e+01,8.716535629150766340e+01,2.444399606230432287e+00,2.444399606230432287e+00
1.173999999999979416e+01,8.721424636652884033e+01,2.444609003133510594e+00,2.444609003133510594e+00
1.174999999999979394e+01,8.726314065904327322e+01,2.444821352746808341e+00,2.444821352746808341e+00
1.175999999999979373e+01,8.731203922801813633e+01,2.445036646364075139e+00,2.445036646364075139e+00
1.176999999999979352e+01,8.736094213224647831e+01,2.445254875276742901e+00,2.445254875276742901e+00
1.177999999999979330e+01,8.740984943034722221e+01,2.445476030773977794e+00,2.445476030773977794e+00
1.178999999999979309e+01,8.745876118076506600e+01,2.445700104142770392e+00,2.445700104142770392e+00
1.179999999999979288e+01,8.750767744177026941e+01,2.445927086668006734e+00,2.445927086668006734e+00
1.180999999999979266e+01,8.755659827145893814e+01,2.446156969632551359e+00,2.446156969632551359e+00
1.181999999999979245e+01,8.760552372775276808e+01,2.446389744317335246e+00,2.446389744317335246e+00
1.182999999999979224e+01,8.765445386839890318e+01,2.446625402001395333e+00,2.446625402001395333e+00
1.183999999999979202e+01,8.770338875097031917e+01,2.446863933961976656e+00,2.446863933961976656e+00
1.184999999999979181e+01,8.775232843286531192e+01,2.447105331474611400e+00,2.447105331474611400e+00
1.185999999999979160e+01,8.780127297130779596e+01,2.447349585813189066e+00,2.447349585813189066e+00
1.186999999999979138e+01,8.785022242334699172e+01,2.447596688250037733e+00,2.447596688250037733e+00
1.187999999999979117e+01,8.789917684585775248e+01,2.447846630055992012e+00,2.447846630055992012e+00
1.188999999999979096e+01,8.794813629554015222e+01,2.448099402500476529e+00,2.448099402500476529e+00
1.189999999999979075e+01,8.799710082891971297e+01,2.448354996851587195e+00,2.448354996851587195e+00
1.190999999999979053e+01,8.804607050234740484e+01,2.448613404376155600e+00,2.448613404376155600e+00
1.191999999999979032e+01,8.809504537199933338e+01,2.448874616339827615e+00,2.448874616339827615e+00
1.192999999999979011e+01,8.814402549387700958e+01,2.449138624007161091e+00,2.449138624007161091e+00
1.193999999999978989e+01,8.819301092380723617e+01,2.449405418641691146e+00,2.449405418641691146e+00
1.194999999999978968e+01,8.824200171744205079e+01,2.449674991505994992e+00,2.449674991505994992e+00
1.195999999999978947e+01,8.829099793025869758e+01,2.449947333861789200e+00,2.449947333861789200e+00
1.196999999999978925e+01,8.833999961755969821e+01,2.450222436970002082e+00,2.450222436970002082e+00
1.197999999999978904e+01,8.838900683447280926e+01,2.450500292090825205e+00,2.450500292090825205e+00
1.198999999999978883e+01,8.843801963595093696e+01,2.450780890483824415e+00,2.450780890483824415e+00
1.199999999999978861e+01,8.848703807677209454e+01,2.451064223408025988e+00,2.451064223408025988e+00
1.200999999999978840e+01,8.853606221153968647e+01,2.451350282121989022e+00,2.451350282121989022e+00
1.201999999999978819e+01,8.858509209468208212e+01,2.451639057883864936e+00,2.451639057883864936e+00
1.202999999999978797e+01,8.863412778045287155e+01,2.451930541951442777e+00,2.451930541951442777e+00
1.203999999999978776e+01,8.868316932293080868e+01,2.452224725582304643e+00,2.452224725582304643e+00
1.204999999999978755e+01,8.873221677601986812e+01,2.452521600033855442e+00,2.452521600033855442e+00
1.205999999999978733e+01,8.878127019344897519e+01,2.452821156563413041e+00,2.452821156563413041e+00
1.206999999999978712e+01,8.883032962877241800e+01,2.453123386428302855e+00,2.453123386428302855e+00
1.207999999999978691e+01,8.887939513536950642e+01,2.453428280885894264e+00,2.453428280885894264e+00
1.208999999999978670e+01,8.892846676644474258e+01,2.453735831193730288e+00,2.453735831193730288e+00
1.209999999999978648e+01,8.897754457502773562e+01,2.454046028609608854e+00,2.454046028609608854e+00
1.210999999999978627e+01,8.902662861397330119e+01,2.454358864391591233e+00,2.454358864391591233e+00
1.211999999999978606e+01,8.907571893596141877e+01,2.454674329798143262e+00,2.454674329798143262e+00
1.212999999999978584e+01,8.912481559349711802e+01,2.454992416088190854e+00,2.454992416088190854e+00
1.213999999999978563e+01,8.917391863891090509e+01,2.455313114521205708e+00,2.455313114521205708e+00
1.214999999999978542e+01,8.922302812435816577e+01,2.455636416357293683e+00,2.455636416357293683e+00
1.215999999999978520e+01,8.927214410181966286e+01,2.455962312857257857e+00,2.455962312857257857e+00
1.216999999999978499e+01,8.932126662310132303e+01,2.456290795282702444e+00,2.456290795282702444e+00
1.217999999999978478e+01,8.937039573983435048e+01,2.456621854896091417e+00,2.456621854896091417e+00
1.218999999999978456e+01,8.941953150347515589e+01,2.456955482960822224e+00,2.456955482960822224e+00
1.219999999999978435e+01,8.946867396530551275e+01,2.457291670741311496e+00,2.457291670741311496e+00
1.220999999999978414e+01,8.951782317643238684e+01,2.457630409503101632e+00,2.457630409503101632e+00
1.221999999999978392e+01,8.956697918778817780e+01,2.457971690512900764e+00,2.457971690512900764e+00
1.222999999999978371e+01,8.961614205013049173e+01,2.458315505038684901e+00,2.458315505038684901e+00
1.223999999999978350e+01,8.966531181404253914e+01,2.458661844349769421e+00,2.458661844349769421e+00
1.224999999999978328e+01,8.971448852993262335e+01,2.459010699716894344e+00,2.459010699716894344e+00
1.225999999999978307e+01,8.976367224803465206e+01,2.459362062412300709e+00,2.459362062412300709e+00
1.226999999999978286e+01,8.981286301840802366e+01,2.459715923709814067e+00,2.459715923709814067e+00
1.227999999999978264e+01,8.986206089093762728e+01,2.460072274884924415e+00,2.460072274884924415e+00
1.228999999999978243e+01,8.991126591533372903e+01,2.460431107214865687e+00,2.460431107214865687e+00
1.229999999999978222e+01,8.996047814113231311e+01,2.460792411978700578e+00,2.460792411978700578e+00
1.230999999999978201e+01,9.000969761769491129e+01,2.461156180457372944e+00,2.461156180457372944e+00
1.231999999999978179e+01,9.005892439420863127e+01,2.461522403933842362e+00,2.461522403933842362e+00
1.232999999999978158e+01,9.010815851968636991e+01,2.461891073693127652e+00,2.461891073693127652e+00
1.233999999999978137e+01,9.015740004296672794e+01,2.462262181022373042e+00,2.462262181022373042e+00
1.234999999999978115e+01,9.020664901271400993e+01,2.462635717210952091e+00,2.462635717210952091e+00
1.235999999999978094e+01,9.025590547741832381e+01,2.463011673550550285e+00,2.463011673550550285e+00
1.236999999999978073e+01,9.030516948539570876e+01,2.463390041335243641e+00,2.463390041335243641e+00
1.237999999999978051e+01,9.035444108478804992e+01,2.463770811861577759e+00,2.463770811861577759e+00
1.238999999999978030e+01,9.040372032356319210e+01,2.464153976428627324e+00,2.464153976428627324e+00
1.239999999999978009e+01,9.045300724951501081e+01,2.464539526338095143e+00,2.464539526338095143e+00
1.240999999999977987e+01,9.050230191026348336e+01,2.464927452894414284e+00,2.464927452894414284e+00
1.241999999999977966e+01,9.055160435325461776e+01,2.465317747404787596e+00,2.465317747404787596e+00
1.242999999999977945e+01,9.060091462576060906e+01,2.465710401179295630e+00,2.465710401179295630e+00
1.243999999999977923e+01,9.065023277487991038e+01,2.466105405530958361e+00,2.466105405530958361e+00
1.244999999999977902e+01,9.069955884753730402e+01,2.466502751775833335e+00,2.466502751775833335e+00
1.245999999999977881e+01,9.074889289048381613e+01,2.466902431233096493e+00,2.466902431233096493e+00
1.246999999999977859e+01,9.079823495029697256e+01,2.467304435225100345e+00,2.467304435225100345e+00
1.247999999999977838e+01,9.084758507338079880e+01,2.467708755077475669e+00,2.467708755077475669e+00
1.248999999999977817e+01,9.089694330596574900e+01,2.468115382119216772e+00,2.468115382119216772e+00
1.249999999999977796e+01,9.094630969410896171e+01,2.468524307682749441e+00,2.468524307682749441e+00
1.250999999999977774e+01,9.099568428369433093e+01,2.468935523104002883e+00,2.468935523104002883e+00
1.251999999999977753e+01,9.104506712043239247e+01,2.469349019722500760e+00,2.469349019722500760e+00
1.252999999999977732e+01,9.109445824986055129e+01,2.469764788881454010e+00,2.469764788881454010e+00
1.253999999999977710e+01,9.114385771734313835e+01,2.470182821927831895e+00,2.470182821927831895e+00
1.254999999999977689e+01,9.119326556807138218e+01,2.470603110212435283e+00,2.470603110212435283e+00
1.255999999999977668e+01,9.124268184706365048e+01,2.471025645089982348e+00,2.471025645089982348e+00
1.256999999999977646e+01,9.129210659916542170e+01,2.471450417919170306e+00,2.471450417919170306e+00
1.257999999999977625e+01,9.134153986904935607e+01,2.471877420062809527e+00,2.471877420062809527e+00
1.258999999999977604e+01,9.139098170121546616e+01,2.472306642887866612e+00,2.472306642887866612e+00
1.259999999999977582e+01,9.144043213999111686e+01,2.472738077765529674e+00,2.472738077765529674e+00
1.260999999999977561e+01,9.148989122953109643e+01,2.473171716071298487e+00,2.473171716071298487e+00
1.261999999999977540e+01,9.153935901381778706e+01,2.473607549185117271e+00,2.473607549185117271e+00
1.262999999999977518e+01,9.158883553666127852e+01,2.474045568491394675e+00,2.474045568491394675e+00
1.263999999999977497e+01,9.163832084169924030e+01,2.474485765379071278e+00,2.474485765379071278e+00
1.264999999999977476e+01,9.168781497239733369e+01,2.474928131241769247e+00,2.474928131241769247e+00
1.265999999999977454e+01,9.173731797204899863e+01,2.475372657477811433e+00,2.475372657477811433e+00
1.266999999999977433e+01,9.178682988377582319e+01,2.475819335490334616e+00,2.475819335490334616e+00
1.267999999999977412e+01,9.183635075052738728e+01,2.476268156687375654e+00,2.476268156687375654e+00
1.268999999999977391e+01,9.188588061508151839e+01,2.476719112481926999e+00,2.476719112481926999e+00
1.269999999999977369e+01,9.193541952004441953e+01,2.477172194292006413e+00,2.477172194292006413e+00
1.270999999999977348e+01,9.198496750785051290e+01,2.477627393540770218e+00,2.477627393540770218e+00
1.271999999999977327e+01,9.203452462076303675e+01,2.478084701656591893e+00,2.478084701656591893e+00
1.272999999999977305e+01,9.208409090087356219e+01,2.478544110073116702e+00,2.478544110073116702e+00
1.273999999999977284e+01,9.213366639010259007e+01,2.479005610229359391e+00,2.479005610229359391e+00
1.274999999999977263e+01,9.218325113019930939e+01,2.479469193569791674e+00,2.479469193569791674e+00
1.275999999999977241e+01,9.223284516274196676e+01,2.479934851544411067e+00,2.479934851544411067e+00
1.276999999999977220e+01,9.228244852913776697e+01,2.480402575608812832e+00,2.480402575608812832e+00
1.277999999999977199e+01,9.233206127062312873e+01,2.480872357224292557e+00,2.480872357224292557e+00
1.278999999999977177e+01,9.238168342826382684e+01,2.481344187857901673e+00,2.481344187857901673e+00
1.279999999999977156e+01,9.243131504295486423e+01,2.481818058982529607e+00,2.481818058982529607e+00
1.280999999999977135e+01,9.248095615542094095e+01,2.482293962077018357e+00,2.482293962077018357e+00
1.281999999999977113e+01,9.253060680621621259e+01,2.482771888626205570e+00,2.482771888626205570e+00
1.282999999999977092e+01,9.258026703572483029e+01,2.483251830121011139e+00,2.483251830121011139e+00
1.283999999999977071e+01,9.262993688416054283e+01,2.483733778058516695e+00,2.483733778058516695e+00
1.284999999999977049e+01,9.267961639156733611e+01,2.484217723942050426e+00,2.484217723942050426e+00
1.285999999999977028e+01,9.272930559781917736e+01,2.484703659281279897e+00,2.484703659281279897e+00
1.286999999999977007e+01,9.277900454262039887e+01,2.485191575592269331e+00,2.485191575592269331e+00
1.287999999999976986e+01,9.282871326550559843e+01,2.485681464397573759e+00,2.485681464397573759e+00
1.288999999999976964e+01,9.287843180584007996e+01,2.486173317226293644e+00,2.486173317226293644e+00
1.289999999999976943e+01,9.292816020281948397e+01,2.486667125614188123e+00,2.486667125614188123e+00
1.290999999999976922e+01,9.297789849547058338e+01,2.487162881103744727e+00,2.487162881103744727e+00
1.291999999999976900e+01,9.302764672265085721e+01,2.487660575244227346e+00,2.487660575244227346e+00
1.292999999999976879e+01,9.307740492304883162e+01,2.488160199591803234e+00,2.488160199591803234e+00
1.293999999999976858e+01,9.312717313518440676e+01,2.488661745709602080e+00,2.488661745709602080e+00
1.294999999999976836e+01,9.317695139740855836e+01,2.489165205167764849e+00,2.489165205167764849e+00
1.295999999999976815e+01,9.322673974790392037e+01,2.489670569543550815e+00,2.489670569543550815e+00
1.296999999999976794e+01,9.327653822468468547e+01,2.490177830421427707e+00,2.490177830421427707e+00
1.297999999999976772e+01,9.332634686559680404e+01,2.490686979393152978e+00,2.490686979393152978e+00
1.298999999999976751e+01,9.337616570831818308e+01,2.491198008057837310e+00,2.491198008057837310e+00
1.299999999999976730e+01,9.342599479035868626e+01,2.491710908021965487e+00,2.491710908021965487e+00
1.300999999999976708e+01,9.347583414906048915e+01,2.492225670899566481e+00,2.492225670899566481e+00
1.301999999999976687e+01,9.352568382159800819e+01,2.492742288312291610e+00,2.492742288312291610e+00
1.302999999999976666e+01,9.357554384497829858e+01,2.493260751889414095e+00,2.493260751889414095e+00
1.303999999999976644e+01,9.362541425604099743e+01,2.493781053267949854e+00,2.493781053267949854e+00
1.304999999999976623e+01,9.367529509145855116e+01,2.494303184092766301e+00,2.494303184092766301e+00
1.305999999999976602e+01,9.372518638773641442e+01,2.494827136016590341e+00,2.494827136016590341e+00
1.306999999999976581e+01,9.377508818121324907e+01,2.495352900700124721e+00,2.495352900700124721e+00
1.307999999999976559e+01,9.382500050806078207e+01,2.495880469812165714e+00,2.495880469812165714e+00
1.308999999999976538e+01,9.387492340428445914e+01,2.496409835029625324e+00,2.496409835029625324e+00
1.309999999999976517e+01,9.392485690572318902e+01,2.496940988037616105e+00,2.496940988037616105e+00
1.310999999999976495e+01,9.397480104804962764e+01,2.497473920529535096e+00,2.497473920529535096e+00
1.311999999999976474e+01,9.402475586677066133e+01,2.498008624207130879e+00,2.498008624207130879e+00
1.312999999999976453e+01,9.407472139722695204e+01,2.498545090780620370e+00,2.498545090780620370e+00
1.313999999999976431e+01,9.412469767459361947e+01,2.499083311968725685e+00,2.499083311968725685e+00
1.314999999999976410e+01,9.417468473388024108e+01,2.499623279498731421e+00,2.499623279498731421e+00
1.315999999999976389e+01,9.422468260993089473e+01,2.500164985106628546e+00,2.500164985106628546e+00
1.316999999999976367e+01,9.427469133742469865e+01,2.500708420537147258e+00,2.500708420537147258e+00
1.317999999999976346e+01,9.432471095087562674e+01,2.501253577543818718e+00,2.501253577543818718e+00
1.318999999999976325e+01,9.437474148463273593e+01,2.501800447889086954e+00,2.501800447889086954e+00
1.319999999999976303e+01,9.442478297288056410e+01,2.502349023344359935e+00,2.502349023344359935e+00
1.320999999999976282e+01,9.447483544963904478e+01,2.502899295690106385e+00,2.502899295690106385e+00
1.321999999999976261e+01,9.452489894876393350e+01,2.503451256715924167e+00,2.503451256715924167e+00
1.322999999999976239e+01,9.457497350394676516e+01,2.504004898220586917e+00,2.504004898220586917e+00
1.323999999999976218e+01,9.462505914871516666e+01,2.504560212012166165e+00,2.504560212012166165e+00
1.324999999999976197e+01,9.467515591643302741e+01,2.505117189908072639e+00,2.505117189908072639e+00
1.325999999999976176e+01,9.472526384030075519e+01,2.505675823735133090e+00,2.505675823735133090e+00
1.326999999999976154e+01,9.477538295335527607e+01,2.506236105329711972e+00,2.506236105329711972e+00
1.327999999999976133e+01,9.482551328847036132e+01,2.506798026537722990e+00,2.506798026537722990e+00
1.328999999999976112e+01,9.487565487835681211e+01,2.507361579214707703e+00,2.507361579214707703e+00
1.329999999999976090e+01,9.492580775556267270e+01,2.507926755225954540e+00,2.507926755225954540e+00
1.330999999999976069e+01,9.497597195247337254e+01,2.508493546446554756e+00,2.508493546446554756e+00
1.331999999999976048e+01,9.502614750131188259e+01,2.509061944761455276e+00,2.509061944761455276e+00
1.332999999999976026e+01,9.507633443413905638e+01,2.509631942065561727e+00,2.509631942065561727e+00
1.333999999999976005e+01,9.512653278285370106e+01,2.510203530263809935e+00,2.510203530263809935e+00
1.334999999999975984e+01,9.517674257919277636e+01,2.510776701271208999e+00,2.510776701271208999e+00
1.335999999999975962e+01,9.522696385473174985e+01,2.511351447012946991e+00,2.511351447012946991e+00
1.336999999999975941e+01,9.527719664088465379e+01,2.511927759424439799e+00,2.511927759424439799e+00
1.337999999999975920e+01,9.532744096890422725e+01,2.512505630451410621e+00,2.512505630451410621e+00
1.338999999999975898e+01,9.537769686988241347e+01,2.513085052049987667e+00,2.513085052049987667e+00
1.339999999999975877e+01,9.542796437475024618e+01,2.513666016186735241e+00,2.513666016186735241e+00
1.340999999999975856e+01,9.547824351427827594e+01,2.514248514838750559e+00,2.514248514838750559e+00
1.341999999999975834e+01,9.552853431907658432e+01,2.514832539993740568e+00,2.514832539993740568e+00
1.342999999999975813e+01,9.557883681959519606e+01,2.515418083650090786e+00,2.515418083650090786e+00
1.343999999999975792e+01,9.562915104612424955e+01,2.516005137816936799e+00,2.516005137816936799e+00
1.344999999999975770e+01,9.567947702879413896e+01,2.516593694514209112e+00,2.516593694514209112e+00
1.345999999999975749e+01,9.572981479757572743e+01,2.517183745772745951e+00,2.517183745772745951e+00
1.346999999999975728e+01,9.578016438228060281e+01,2.517775283634319017e+00,2.517775283634319017e+00
1.347999999999975707e+01,9.583052581256134772e+01,2.518368300151753392e+00,2.518368300151753392e+00
1.348999999999975685e+01,9.588089911791172426e+01,2.518962787388985713e+00,2.518962787388985713e+00
1.349999999999975664e+01,9.593128432766680191e+01,2.519558737421100592e+00,2.519558737421100592e+00
1.350999999999975643e+01,9.598168147100328440e+01,2.520156142334434968e+00,2.520156142334434968e+00
1.351999999999975621e+01,9.603209057693982231e+01,2.520754994226624746e+00,2.520754994226624746e+00
1.352999999999975600e+01,9.608251167433705575e+01,2.521355285206707375e+00,2.521355285206707375e+00
1.353999999999975579e+01,9.613294479189784170e+01,2.521957007395163153e+00,2.521957007395163153e+00
1.354999999999975557e+01,9.618338995816772297e+01,2.522560152923988053e+00,2.522560152923988053e+00
1.355999999999975536e+01,9.623384720153477190e+01,2.523164713936793202e+00,2.523164713936793202e+00
1.356999999999975515e+01,9.628431655023030089e+01,2.523770682588822645e+00,2.523770682588822645e+00
1.357999999999975493e+01,9.633479803232874872e+01,2.524378051047045712e+00,2.524378051047045712e+00
1.358999999999975472e+01,9.638529167574793632e+01,2.524986811490252947e+00,2.524986811490252947e+00
1.359999999999975451e+01,9.643579750824942209e+01,2.525596956109076086e+00,2.525596956109076086e+00
1.360999999999975429e+01,9.648631555743874344e+01,2.526208477106080430e+00,2.526208477106080430e+00
1.361999999999975408e+01,9.653684585076558733e+01,2.526821366695865212e+00,2.526821366695865212e+00
1.362999999999975387e+01,9.658738841552394661e+01,2.527435617105052934e+00,2.527435617105052934e+00
1.363999999999975365e+01,9.663794327885274527e+01,2.528051220572422597e+00,2.528051220572422597e+00
1.364999999999975344e+01,9.668851046773542635e+01,2.528668169348964323e+00,2.528668169348964323e+00
1.365999999999975323e+01,9.673909000900090405e+01,2.529286455697916658e+00,2.529286455697916658e+00
1.366999999999975302e+01,9.678968192932329373e+01,2.529906071894868269e+00,2.529906071894868269e+00
1.367999999999975280e+01,9.684028625522236666e+01,2.530527010227809903e+00,2.530527010227809903e+00
1.368999999999975259e+01,9.689090301306384845e+01,2.531149262997207217e+00,2.531149262997207217e+00
1.369999999999975238e+01,9.694153222905958955e+01,2.531772822516046073e+00,2.531772822516046073e+00
1.370999999999975216e+01,9.699217392926773584e+01,2.532397681109918253e+00,2.532397681109918253e+00
1.371999999999975195e+01,9.704282813959316911e+01,2.533023831117072966e+00,2.533023831117072966e+00
1.372999999999975174e+01,9.709349488578759235e+01,2.533651264888493237e+00,2.533651264888493237e+00
1.373999999999975152e+01,9.714417419344991345e+01,2.534279974787974510e+00,2.534279974787974510e+00
1.374999999999975131e+01,9.719486608802638727e+01,2.534909953192156173e+00,2.534909953192156173e+00
1.375999999999975110e+01,9.724557059481102783e+01,2.535541192490597062e+00,2.535541192490597062e+00
1.376999999999975088e+01,9.729628773894565086e+01,2.536173685085854945e+00,2.536173685085854945e+00
1.377999999999975067e+01,9.734701754542031438e+01,2.536807423393541594e+00,2.536807423393541594e+00
1.378999999999975046e+01,9.739776003907353186e+01,2.537442399842372076e+00,2.537442399842372076e+00
1.379999999999975024e+01,9.744851524459244274e+01,2.538078606874247356e+00,2.538078606874247356e+00
1.380999999999975003e+01,9.749928318651330983e+01,2.538716036944299148e+00,2.538716036944299148e+00
1.381999999999974982e+01,9.755006388922146243e+01,2.539354682520955198e+00,2.539354682520955198e+00
1.382999999999974960e+01,9.760085737695182218e+01,2.539994536086043642e+00,2.539994536086043642e+00
1.383999999999974939e+01,9.765166367378911616e+01,2.540635590134792565e+00,2.540635590134792565e+00
1.384999999999974918e+01,9.770248280366803328e+01,2.541277837175921039e+00,2.541277837175921039e+00
1.385999999999974897e+01,9.775331479037355109e+01,2.541921269731720834e+00,2.541921269731720834e+00
1.386999999999974875e+01,9.780415965754126262e+01,2.542565880338069295e+00,2.542565880338069295e+00
1.387999999999974854e+01,9.785501742865777430e+01,2.543211661544526603e+00,2.543211661544526603e+00
1.388999999999974833e+01,9.790588812706054966e+01,2.543858605914402826e+00,2.543858605914402826e+00
1.389999999999974811e+01,9.795677177593859142e+01,2.544506706024778797e+00,2.544506706024778797e+00
1.390999999999974790e+01,9.800766839833258359e+01,2.545155954466602477e+00,2.545155954466602477e+00
1.391999999999974769e+01,9.805857801713517574e+01,2.545806343844739583e+00,2.545806343844739583e+00
1.392999999999974747e+01,9.810950065509118190e+01,2.546457866778026879e+00,2.546457866778026879e+00
1.393999999999974726e+01,9.816043633479806374e+01,2.547110515899321914e+00,2.547110515899321914e+00
1.394999999999974705e+01,9.821138507870597323e+01,2.547764283855569190e+00,2.547764283855569190e+00
1.395999999999974683e+01,9.826234690911815051e+01,2.548419163307876101e+00,2.548419163307876101e+00
1.396999999999974662e+01,9.831332184819122233e+01,2.549075146931568003e+00,2.549075146931568003e+00
1.397999999999974641e+01,9.836430991793545786e+01,2.549732227416217079e+00,2.549732227416217079e+00
1.398999999999974619e+01,9.841531114021510973e+01,2.550390397465720937e+00,2.550390397465720937e+00
1.399999999999974598e+01,9.846632553674858457e+01,2.551049649798365682e+00,2.551049649798365682e+00
1.400999999999974577e+01,9.851735312910875564e+01,2.551709977146860098e+00,2.551709977146860098e+00
1.401999999999974555e+01,9.856839393872348865e+01,2.552371372258443571e+00,2.552371372258443571e+00
1.402999999999974534e+01,9.861944798687547120e+01,2.553033827894886532e+00,2.553033827894886532e+00
1.403999999999974513e+01,9.867051529470302285e+01,2.553697336832540632e+00,2.553697336832540632e+00
1.404999999999974492e+01,9.872159588319999557e+01,2.554361891862444445e+00,2.554361891862444445e+00
1.405999999999974470e+01,9.877268977321618593e+01,2.555027485790342112e+00,2.555027485790342112e+00
1.406999999999974449e+01,9.882379698545778979e+01,2.555694111436760174e+00,2.555694111436760174e+00
1.407999999999974428e+01,9.887491754048741655e+01,2.556361761637049312e+00,2.556361761637049312e+00
1.408999999999974406e+01,9.892605145872460071e+01,2.557030429241427871e+00,2.557030429241427871e+00
1.409999999999974385e+01,9.897719876044605769e+01,2.557700107115059573e+00,2.557700107115059573e+00
1.410999999999974364e+01,9.902835946578591120e+01,2.558370788138114804e+00,2.558370788138114804e+00
1.411999999999974342e+01,9.907953359473594901e+01,2.559042465205799921e+00,2.559042465205799921e+00
1.412999999999974321e+01,9.913072116714627668e+01,2.559715131228405660e+00,2.559715131228405660e+00
1.413999999999974300e+01,9.918192220272507598e+01,2.560388779131352432e+00,2.560388779131352432e+00
1.414999999999974278e+01,9.923313672103935801e+01,2.561063401855291577e+00,2.561063401855291577e+00
1.415999999999974257e+01,9.928436474151500590e+01,2.561738992356132449e+00,2.561738992356132449e+00
1.416999999999974236e+01,9.933560628343724375e+01,2.562415543605067292e+00,2.562415543605067292e+00
1.417999999999974214e+01,9.938686136595082132e+01,2.563093048588645395e+00,2.563093048588645395e+00
1.418999999999974193e+01,9.943813000806041202e+01,2.563771500308835272e+00,2.563771500308835272e+00
1.419999999999974172e+01,9.948941222863081180e+01,2.564450891783033537e+00,2.564450891783033537e+00
1.420999999999974150e+01,9.954070804638746495e+01,2.565131216044161278e+00,2.565131216044161278e+00
1.421999999999974129e+01,9.959201747991643572e+01,2.565812466140721337e+00,2.565812466140721337e+00
1.422999999999974108e+01,9.964334054766509041e+01,2.566494635136800539e+00,2.566494635136800539e+00
1.423999999999974087e+01,9.969467726794215423e+01,2.567177716112122532e+00,2.567177716112122532e+00
1.424999999999974065e+01,9.974602765891809497e+01,2.567861702162137050e+00,2.567861702162137050e+00
1.425999999999974044e+01,9.979739173862539303e+01,2.568546586398054998e+00,2.568546586398054998e+00
1.426999999999974023e+01,9.984876952495910984e+01,2.569232361946875987e+00,2.569232361946875987e+00
1.427999999999974001e+01,9.990016103567675998e+01,2.569919021951458049e+00,2.569919021951458049e+00
1.428999999999973980e+01,9.995156628839900748e+01,2.570606559570537186e+00,2.570606559570537186e+00
1.429999999999973959e+01,1.000029853006098364e+02,2.571294967978793533e+00,2.571294967978793533e+00
1.430999999999973937e+01,1.000544180896569344e+02,2.571984240366910424e+00,2.571984240366910424e+00
1.431999999999973916e+01,1.001058646727518493e+02,2.572674369941606809e+00,2.572674369941606809e+00
1.432999999999973895e+01,1.001573250669704294e+02,2.573365349925694545e+00,2.573365349925694545e+00
1.433999999999973873e+01,1.002087992892532924e+02,2.574057173558101042e+00,2.574057173558101042e+00
1.434999999999973852e+01,1.002602873564058399e+02,2.574749834093900791e+00,2.574749834093900791e+00
1.435999999999973831e+01,1.003117892850987829e+02,2.575443324804425504e+00,2.575443324804425504e+00
1.436999999999973809e+01,1.003633050918684830e+02,2.576137638977266775e+00,2.576137638977266775e+00
1.437999999999973788e+01,1.004148347931170235e+02,2.576832769916298282e+00,2.576832769916298282e+00
1.438999999999973767e+01,1.004663784051131046e+02,2.577528710941765500e+00,2.577528710941765500e+00
1.439999999999973745e+01,1.005179359439915174e+02,2.578225455390275922e+00,2.578225455390275922e+00
1.440999999999973724e+01,1.005695074257543666e+02,2.578922996614902097e+00,2.578922996614902097e+00
1.441999999999973703e+01,1.006210928662706863e+02,2.579621327985200274e+00,2.579621327985200274e+00
1.442999999999973681e+01,1.006726922812771932e+02,2.580320442887232169e+00,2.580320442887232169e+00
1.443999999999973660e+01,1.007243056863785711e+02,2.581020334723622245e+00,2.581020334723622245e+00
1.444999999999973639e+01,1.007759330970476128e+02,2.581720996913605237e+00,2.581720996913605237e+00
1.445999999999973618e+01,1.008275745286256466e+02,2.582422422893065672e+00,2.582422422893065672e+00
1.446999999999973596e+01,1.008792299963229198e+02,2.583124606114557853e+00,2.583124606114557853e+00
1.447999999999973575e+01,1.009308995152189681e+02,2.583827540047388904e+00,2.583827540047388904e+00
1.448999999999973554e+01,1.009825831002626870e+02,2.584531218177626766e+00,2.584531218177626766e+00
1.449999999999973532e+01,1.010342807662730706e+02,2.585235634008104189e+00,2.585235634008104189e+00
1.450999999999973511e+01,1.010859925279392684e+02,2.585940781058544857e+00,2.585940781058544857e+00
1.451999999999973490e+01,1.011377183998209546e+02,2.586646652865559393e+00,2.586646652865559393e+00
1.452999999999973468e+01,1.011894583963486696e+02,2.587353242982640467e+00,2.587353242982640467e+00
1.453999999999973447e+01,1.012412125318243881e+02,2.588060544980261390e+00,2.588060544980261390e+00
1.454999999999973426e+01,1.012929808204214339e+02,2.588768552445907645e+00,2.588768552445907645e+00
1.455999999999973404e+01,1.013447632761851480e+02,2.589477258984085761e+00,2.589477258984085761e+00
1.456999999999973383e+01,1.013965599130331725e+02,2.590186658216378390e+00,2.590186658216378390e+00
1.457999999999973362e+01,1.014483707447556498e+02,2.590896743781464728e+00,2.590896743781464728e+00
1.458999999999973340e+01,1.015001957850157481e+02,2.591607509335172921e+00,2.591607509335172921e+00
1.459999999999973319e+01,1.015520350473499605e+02,2.592318948550519142e+00,2.592318948550519142e+00
1.460999999999973298e+01,1.016038885451682603e+02,2.593031055117713368e+00,2.593031055117713368e+00
1.461999999999973276e+01,1.016557562917547841e+02,2.593743822744226435e+00,2.593743822744226435e+00
1.462999999999973255e+01,1.017076383002677602e+02,2.594457245154822900e+00,2.594457245154822900e+00
1.463999999999973234e+01,1.017595345837404039e+02,2.595171316091582803e+00,2.595171316091582803e+00
1.464999999999973213e+01,1.018114451550806052e+02,2.595886029313927423e+00,2.595886029313927423e+00
1.465999999999973191e+01,1.018633700270718094e+02,2.596601378598654808e+00,2.596601378598654808e+00
1.466999999999973170e+01,1.019153092123732165e+02,2.597317357740001498e+00,2.597317357740001498e+00
1.467999999999973149e+01,1.019672627235199940e+02,2.598033960549654964e+00,2.598033960549654964e+00
1.468999999999973127e+01,1.020192305729236466e+02,2.598751180856754495e+00,2.598751180856754495e+00
1.469999999999973106e+01,1.020712127728725278e+02,2.599469012507976906e+00,2.599469012507976906e+00
1.470999999999973085e+01,1.021232093355321240e+02,2.600187449367533432e+00,2.600187449367533432e+00
1.471999999999973063e+01,1.021752202729453955e+02,2.600906485317222128e+00,2.600906485317222128e+00
1.472999999999973042e+01,1.022272455970330185e+02,2.601626114256441635e+00,2.601626114256441635e+00
1.473999999999973021e+01,1.022792853195938534e+02,2.602346330102212946e+00,2.602346330102212946e+00
1.474999999999972999e+01,1.023313394523053859e+02,2.603067126789213148e+00,2.603067126789213148e+00
1.475999999999972978e+01,1.023834080067237693e+02,2.603788498269841156e+00,2.603788498269841156e+00
1.476999999999972957e+01,1.024354909942846774e+02,2.604510438514217263e+00,2.604510438514217263e+00
1.477999999999972935e+01,1.024875884263029917e+02,2.605232941510198685e+00,2.605232941510198685e+00
1.478999999999972914e+01,1.025397003139739383e+02,2.605956001263423527e+00,2.605956001263423527e+00
1.479999999999972893e+01,1.025918266683726188e+02,2.606679611797338314e+00,2.606679611797338314e+00
1.480999999999972871e+01,1.026439675004551617e+02,2.607403767153212648e+00,2.607403767153212648e+00
1.481999999999972850e+01,1.026961228210584665e+02,2.608128461390192943e+00,2.608128461390192943e+00
1.482999999999972829e+01,1.027482926409007433e+02,2.608853688585292208e+00,2.608853688585292208e+00
1.483999999999972808e+01,1.028004769705822383e+02,2.609579442833431795e+00,2.609579442833431795e+00
1.484999999999972786e+01,1.028526758205848637e+02,2.610305718247491136e+00,2.610305718247491136e+00
1.485999999999972765e+01,1.029048892012733063e+02,2.611032508958308185e+00,2.611032508958308185e+00
1.486999999999972744e+01,1.029571171228948714e+02,2.611759809114699404e+00,2.611759809114699404e+00
1.487999999999972722e+01,1.030093595955800652e+02,2.612487612883496180e+00,2.612487612883496180e+00
1.488999999999972701e+01,1.030616166293428790e+02,2.613215914449556365e+00,2.613215914449556365e+00
1.489999999999972680e+01,1.031138882340812728e+02,2.613944708015809582e+00,2.613944708015809582e+00
1.490999999999972658e+01,1.031661744195774020e+02,2.614673987803265209e+00,2.614673987803265209e+00
1.491999999999972637e+01,1.032184751954978879e+02,2.615403748051013721e+00,2.615403748051013721e+00
1.492999999999972616e+01,1.032707905713945422e+02,2.616133983016280418e+00,2.616133983016280418e+00
1.493999999999972594e+01,1.033231205567044100e+02,2.616864686974433862e+00,2.616864686974433862e+00
1.494999999999972573e+01,1.033754651607501245e+02,2.617595854219013418e+00,2.617595854219013418e+00
1.495999999999972552e+01,1.034278243927404901e+02,2.618327479061759000e+00,2.618327479061759000e+00
1.496999999999972530e+01,1.034801982617707097e+02,2.619059555832626174e+00,2.619059555832626174e+00
1.497999999999972509e+01,1.035325867768227539e+02,2.619792078879775055e+00,2.619792078879775055e+00
1.498999999999972488e+01,1.035849899467657025e+02,2.620525042569603169e+00,2.620525042569603169e+00
1.499999999999972466e+01,1.036374077803562272e+02,2.621258441286808960e+00,2.621258441286808960e+00
1.500999999999972445e+01,1.036898402862387769e+02,2.621992269434379796e+00,2.621992269434379796e+00
1.501999999999972424e+01,1.037422874729461313e+02,2.622726521433578650e+00,2.622726521433578650e+00
1.502999999999972403e+01,1.037947493488996713e+02,2.623461191723989838e+00,2.623461191723989838e+00
1.503999999999972381e+01,1.038472259224096774e+02,2.624196274763538117e+00,2.624196274763538117e+00
1.504999999999972360e+01,1.038997172016758270e+02,2.624931765028530872e+00,2.624931765028530872e+00
1.505999999999972339e+01,1.039522231947874502e+02,2.625667657013643908e+00,2.625667657013643908e+00
1.506999999999972317e+01,1.040047439097241124e+02,2.626403945231917447e+00,2.626403945231917447e+00
1.507999999999972296e+01,1.040572793543556855e+02,2.627140624214802767e+00,2.627140624214802767e+00
1.508999999999972275e+01,1.041098295364427884e+02,2.627877688512208376e+00,2.627877688512208376e+00
1.509999999999972253e+01,1.041623944636374830e+02,2.628615132692441403e+00,2.628615132692441403e+00
1.510999999999972232e+01,1.042149741434830474e+02,2.629352951342259992e+00,2.629352951342259992e+00
1.511999999999972211e+01,1.042675685834149562e+02,2.630091139066897288e+00,2.630091139066897288e+00
1.512999999999972189e+01,1.043201777907608516e+02,2.630829690490047224e+00,2.630829690490047224e+00
1.513999999999972168e+01,1.043728017727409991e+02,2.631568600253920032e+00,2.631568600253920032e+00
1.514999999999972147e+01,1.044254405364687557e+02,2.632307863019219596e+00,2.632307863019219596e+00
1.515999999999972125e+01,1.044780940889509111e+02,2.633047473465157218e+00,2.633047473465157218e+00
1.516999999999972104e+01,1.045307624370880006e+02,2.633787426289480926e+00,2.633787426289480926e+00
1.517999999999972083e+01,1.045834455876745608e+02,2.634527716208473258e+00,2.634527716208473258e+00
1.518999999999972061e+01,1.046361435473998540e+02,2.635268337956961027e+00,2.635268337956961027e+00
1.519999999999972040e+01,1.046888563228478546e+02,2.636009286288342413e+00,2.636009286288342413e+00
1.520999999999972019e+01,1.047415839204979591e+02,2.636750555974597177e+00,2.636750555974597177e+00
1.521999999999971998e+01,1.047943263467250432e+02,2.637492141806274670e+00,2.637492141806274670e+00
1.522999999999971976e+01,1.048470836078000303e+02,2.638234038592508934e+00,2.638234038592508934e+00
1.523999999999971955e+01,1.048998557098901045e+02,2.638976241161037350e+00,2.638976241161037350e+00
1.524999999999971934e+01,1.049526426590594923e+02,2.639718744358215741e+00,2.639718744358215741e+00
1.525999999999971912e+01,1.050054444612692208e+02,2.640461543049001047e+00,2.640461543049001047e+00
1.526999999999971891e+01,1.050582611223779281e+02,2.641204632116987749e+00,2.641204632116987749e+00
1.527999999999971870e+01,1.051110926481421473e+02,2.641948006464399867e+00,2.641948006464399867e+00
1.528999999999971848e+01,1.051639390442165478e+02,2.642691661012094517e+00,2.642691661012094517e+00
1.529999999999971827e+01,1.052168003161544760e+02,2.643435590699592108e+00,2.643435590699592108e+00
1.530999999999971806e+01,1.052696764694081821e+02,2.644179790485042592e+00,2.644179790485042592e+00
1.531999999999971784e+01,1.053225675093294171e+02,2.644924255345247666e+00,2.644924255345247666e+00
1.532999999999971763e+01,1.053754734411695182e+02,2.645668980275709181e+00,2.645668980275709181e+00
1.533999999999971742e+01,1.054283942700798775e+02,2.646413960290567413e+00,2.646413960290567413e+00
1.534999999999971720e+01,1.054813300011124966e+02,2.647159190422631703e+00,2.647159190422631703e+00
1.535999999999971699e+01,1.055342806392201851e+02,2.647904665723392448e+00,2.647904665723392448e+00
1.536999999999971678e+01,1.055872461892568737e+02,2.648650381263033093e+00,2.648650381263033093e+00
1.537999999999971656e+01,1.056402266559781680e+02,2.649396332130428355e+00,2.649396332130428355e+00
1.538999999999971635e+01,1.056932220440415620e+02,2.650142513433097591e+00,2.650142513433097591e+00
1.539999999999971614e+01,1.057462323580070489e+02,2.650888920297269191e+00,2.650888920297269191e+00
1.540999999999971593e+01,1.057992576023372635e+02,2.651635547867885467e+00,2.651635547867885467e+00
1.541999999999971571e+01,1.058522977813977235e+02,2.652382391308560905e+00,2.652382391308560905e+00
1.542999999999971550e+01,1.059053528994577391e+02,2.653129445801595931e+00,2.653129445801595931e+00
1.543999999999971529e+01,1.059584229606901715e+02,2.653876706547994235e+00,2.653876706547994235e+00
1.544999999999971507e+01,1.060115079691723423e+02,2.654624168767443670e+00,2.654624168767443670e+00
1.545999999999971486e+01,1.060646079288858772e+02,2.655371827698346010e+00,2.655371827698346010e+00
1.546999999999971465e+01,1.061177228437175160e+02,2.656119678597796074e+00,2.656119678597796074e+00
1.547999999999971443e+01,1.061708527174593115e+02,2.656867716741542651e+00,2.656867716741542651e+00
1.548999999999971422e+01,1.062239975538091272e+02,2.657615937424033792e+00,2.657615937424033792e+00
1.549999999999971401e+01,1.062771573563707221e+02,2.658364335958455449e+00,2.658364335958455449e+00
1.550999999999971379e+01,1.063303321286543337e+02,2.659112907676674631e+00,2.659112907676674631e+00
1.551999999999971358e+01,1.063835218740770756e+02,2.659861647929229189e+00,2.659861647929229189e+00
1.552999999999971337e+01,1.064367265959632078e+02,2.660610552085326486e+00,2.660610552085326486e+00
1.553999999999971315e+01,1.064899462975447619e+02,2.661359615532855383e+00,2.661359615532855383e+00
1.554999999999971294e+01,1.065431809819614131e+02,2.662108833678398678e+00,2.662108833678398678e+00
1.555999999999971273e+01,1.065964306522612901e+02,2.662858201947196690e+00,2.662858201947196690e+00
1.556999999999971251e+01,1.066496953114012598e+02,2.663607715783159691e+00,2.663607715783159691e+00
1.557999999999971230e+01,1.067029749622472679e+02,2.664357370648871903e+00,2.664357370648871903e+00
1.558999999999971209e+01,1.067562696075745095e+02,2.665107162025553311e+00,2.665107162025553311e+00
1.559999999999971187e+01,1.068095792500682535e+02,2.665857085413096073e+00,2.665857085413096073e+00
1.560999999999971166e+01,1.068629038923237431e+02,2.666607136330036543e+00,2.666607136330036543e+00
1.561999999999971145e+01,1.069162435368469204e+02,2.667357310313540175e+00,2.667357310313540175e+00
1.562999999999971124e+01,1.069695981860545118e+02,2.668107602919421950e+00,2.668107602919421950e+00
1.563999999999971102e+01,1.070229678422746957e+02,2.668858009722110847e+00,2.668858009722110847e+00
1.564999999999971081e+01,1.070763525077472309e+02,2.669608526314651620e+00,2.669608526314651620e+00
1.565999999999971060e+01,1.071297521846240102e+02,2.670359148308705244e+00,2.670359148308705244e+00
1.566999999999971038e+01,1.071831668749691602e+02,2.671109871334543140e+00,2.671109871334543140e+00
1.567999999999971017e+01,1.072365965807599082e+02,2.671860691041012981e+00,2.671860691041012981e+00
1.568999999999970996e+01,1.072900413038863974e+02,2.672611603095554234e+00,2.672611603095554234e+00
1.569999999999970974e+01,1.073435010461521841e+02,2.673362603184189279e+00,2.673362603184189279e+00
1.570999999999970953e+01,1.073969758092750766e+02,2.674113687011498097e+00,2.674113687011498097e+00
1.571999999999970932e+01,1.074504655948871061e+02,2.674864850300600505e+00,2.674864850300600505e+00
1.572999999999970910e+01,1.075039704045346269e+02,2.675616088793193015e+00,2.675616088793193015e+00
1.573999999999970889e+01,1.075574902396794101e+02,2.676367398249501761e+00,2.676367398249501761e+00
1.574999999999970868e+01,1.076110251016983170e+02,2.677118774448243865e+00,2.677118774448243865e+00
1.575999999999970846e+01,1.076645749918840949e+02,2.677870213186668735e+00,2.677870213186668735e+00
1.576999999999970825e+01,1.077181399114457747e+02,2.678621710280506107e+00,2.678621710280506107e+00
1.577999999999970804e+01,1.077717198615085863e+02,2.679373261563990027e+00,2.679373261563990027e+00
1.578999999999970782e+01,1.078253148431146826e+02,2.680124862889837090e+00,2.680124862889837090e+00
1.579999999999970761e+01,1.078789248572237369e+02,2.680876510129196699e+00,2.680876510129196699e+00
1.580999999999970740e+01,1.079325499047128147e+02,2.681628199171683047e+00,2.681628199171683047e+00
1.581999999999970719e+01,1.079861899863768286e+02,2.682379925925332476e+00,2.682379925925332476e+00
1.582999999999970697e+01,1.080398451029293199e+02,2.683131686316591935e+00,2.683131686316591935e+00
1.583999999999970676e+01,1.080935152550024014e+02,2.683883476290327419e+00,2.683883476290327419e+00
1.584999999999970655e+01,1.081472004431472129e+02,2.684635291809793323e+00,2.684635291809793323e+00
1.585999999999970633e+01,1.082009006678344463e+02,2.685387128856609351e+00,2.685387128856609351e+00
1.586999999999970612e+01,1.082546159294545873e+02,2.686138983430760074e+00,2.686138983430760074e+00
1.587999999999970591e+01,1.083083462283182570e+02,2.686890851550552739e+00,2.686890851550552739e+00
1.588999999999970569e+01,1.083620915646566374e+02,2.687642729252624818e+00,2.687642729252624818e+00
1.589999999999970548e+01,1.084158519386218700e+02,2.688394612591940902e+00,2.688394612591940902e+00
1.590999999999970527e+01,1.084696273502874533e+02,2.689146497641734079e+00,2.689146497641734079e+00
1.591999999999970505e+01,1.085234177996482714e+02,2.689898380493525920e+00,2.689898380493525920e+00
1.592999999999970484e+01,1.085772232866214608e+02,2.690650257257080291e+00,2.690650257257080291e+00
1.593999999999970463e+01,1.086310438110463963e+02,2.691402124060403356e+00,2.691402124060403356e+00
1.594999999999970441e+01,1.086848793726853870e+02,2.692153977049720037e+00,2.692153977049720037e+00
1.595999999999970420e+01,1.087387299712236057e+02,2.692905812389438047e+00,2.692905812389438047e+00
1.596999999999970399e+01,1.087925956062698418e+02,2.693657626262170979e+00,2.693657626262170979e+00
1.597999999999970377e+01,1.088464762773567003e+02,2.694409414868670805e+00,2.694409414868670805e+00
1.598999999999970356e+01,1.089003719839409854e+02,2.695161174427850082e+00,2.695161174427850082e+00
1.599999999999970335e+01,1.089542827254039850e+02,2.695912901176732657e+00,2.695912901176732657e+00
1.600999999999970314e+01,1.090082085010520245e+02,2.696664591370439457e+00,2.696664591370439457e+00
1.601999999999970470e+01,1.090621493101165953e+02,2.697416241282167171e+00,2.697416241282167171e+00
1.602999999999970626e+01,1.091161051517549510e+02,2.698167847203171377e+00,2.698167847203171377e+00
1.603999999999970782e+01,1.091700760250502356e+02,2.698919405442753661e+00,2.698919405442753661e+00
1.604999999999970939e+01,1.092240619290120947e+02,2.699670912328218098e+00,2.699670912328218098e+00
1.605999999999971095e+01,1.092780628625767321e+02,2.700422364204860148e+00,2.700422364204860148e+00
1.606999999999971251e+01,1.093320788246075779e+02,2.701173757435951561e+00,2.701173757435951561e+00
1.607999999999971408e+01,1.093861098138954731e+02,2.701925088402696851e+00,2.701925088402696851e+00
1.608999999999971564e+01,1.094401558291590248e+02,2.702676353504211981e+00,2.702676353504211981e+00
1.609999999999971720e+01,1.094942168690449904e+02,2.703427549157540799e+00,2.703427549157540799e+00
1.610999999999971877e+01,1.095482929321286747e+02,2.704178671797602629e+00,2.704178671797602629e+00
1.611999999999972033e+01,1.096023840169143853e+02,2.704929717877143425e+00,2.704929717877143425e+00
1.612999999999972189e+01,1.096564901218354180e+02,2.705680683866741987e+00,2.705680683866741987e+00
1.613999999999972346e+01,1.097106112452548103e+02,2.706431566254794863e+00,2.706431566254794863e+00
1.614999999999972502e+01,1.097647473854654834e+02,2.707182361547454175e+00,2.707182361547454175e+00
1.615999999999972658e+01,1.098188985406908387e+02,2.707933066268627620e+00,2.707933066268627620e+00
1.616999999999972815e+01,1.098730647090846162e+02,2.708683676959943831e+00,2.708683676959943831e+00
1.617999999999972971e+01,1.099272458887317470e+02,2.709434190180750601e+00,2.709434190180750601e+00
1.618999999999973127e+01,1.099814420776486372e+02,2.710184602508051821e+00,2.710184602508051821e+00
1.619999999999973284e+01,1.100356532737831401e+02,2.710934910536491493e+00,2.710934910536491493e+00
1.620999999999973440e+01,1.100898794750154224e+02,2.711685110878327531e+00,2.711685110878327531e+00
1.621999999999973596e+01,1.101441206791580782e+02,2.712435200163429982e+00,2.712435200163429982e+00
1.622999999999973753e+01,1.101983768839561577e+02,2.713185175039208641e+00,2.713185175039208641e+00
1.623999999999973909e+01,1.102526480870881045e+02,2.713935032170626815e+00,2.713935032170626815e+00
1.624999999999974065e+01,1.103069342861658839e+02,2.714684768240166690e+00,2.714684768240166690e+00
1.625999999999974222e+01,1.103612354787351109e+02,2.715434379947752941e+00,2.715434379947752941e+00
1.626999999999974378e+01,1.104155516622756465e+02,2.716183864010785598e+00,2.716183864010785598e+00
1.627999999999974534e+01,1.104698828342018402e+02,2.716933217164085423e+00,2.716933217164085423e+00
1.628999999999974690e+01,1.105242289918630263e+02,2.717682436159835291e+00,2.717682436159835291e+00
1.629999999999974847e+01,1.105785901325436100e+02,2.718431517767603722e+00,2.718431517767603722e+00
1.630999999999975003e+01,1.106329662534636782e+02,2.719180458774290710e+00,2.719180458774290710e+00
1.631999999999975159e+01,1.106873573517790703e+02,2.719929255984086414e+00,2.719929255984086414e+00
1.632999999999975316e+01,1.107417634245821461e+02,2.720677906218460507e+00,2.720677906218460507e+00
1.633999999999975472e+01,1.107961844689015720e+02,2.721426406316119095e+00,2.721426406316119095e+00
1.634999999999975628e+01,1.108506204817031602e+02,2.722174753132995395e+00,2.722174753132995395e+00
1.635999999999975785e+01,1.109050714598899674e+02,2.722922943542176899e+00,2.722922943542176899e+00
1.636999999999975941e+01,1.109595374003026507e+02,2.723670974433880509e+00,2.723670974433880509e+00
1.637999999999976097e+01,1.110140182997198508e+02,2.724418842715467193e+00,2.724418842715467193e+00
1.638999999999976254e+01,1.110685141548585477e+02,2.725166545311388244e+00,2.725166545311388244e+00
1.639999999999976410e+01,1.111230249623743589e+02,2.725914079163116011e+00,2.725914079163116011e+00
1.640999999999976566e+01,1.111775507188619656e+02,2.726661441229150551e+00,2.726661441229150551e+00
1.641999999999976723e+01,1.112320914208552267e+02,2.727408628484976560e+00,2.727408628484976560e+00
1.642999999999976879e+01,1.112866470648278607e+02,2.728155637923023402e+00,2.728155637923023402e+00
1.643999999999977035e+01,1.113412176471935595e+02,2.728902466552643791e+00,2.728902466552643791e+00
1.644999999999977192e+01,1.113958031643062725e+02,2.729649111400075157e+00,2.729649111400075157e+00
1.645999999999977348e+01,1.114504036124608319e+02,2.730395569508390352e+00,2.730395569508390352e+00
1.646999999999977504e+01,1.115050189878927682e+02,2.731141837937475891e+00,2.731141837937475891e+00
1.647999999999977661e+01,1.115596492867794467e+02,2.731887913764039055e+00,2.731887913764039055e+00
1.648999999999977817e+01,1.116142945052394992e+02,2.732633794081487544e+00,2.732633794081487544e+00
1.649999999999977973e+01,1.116689546393338617e+02,2.733379475999937469e+00,2.733379475999937469e+00
1.650999999999978129e+01,1.117236296850657027e+02,2.734124956646210691e+00,2.734124956646210691e+00
1.651999999999978286e+01,1.117783196383809781e+02,2.734870233163763320e+00,2.734870233163763320e+00
1.652999999999978442e+01,1.118330244951685728e+02,2.735615302712635089e+00,2.735615302712635089e+00
1.653999999999978598e+01,1.118877442512608695e+02,2.736360162469440027e+00,2.736360162469440027e+00
1.654999999999978755e+01,1.119424789024338907e+02,2.737104809627335822e+00,2.737104809627335822e+00
1.655999999999978911e+01,1.119972284444076962e+02,2.737849241395955424e+00,2.737849241395955424e+00
1.656999999999979067e+01,1.120519928728466539e+02,2.738593455001415489e+00,2.738593455001415489e+00
1.657999999999979224e+01,1.121067721833598227e+02,2.739337447686254645e+00,2.739337447686254645e+00
1.658999999999979380e+01,1.121615663715014648e+02,2.740081216709366885e+00,2.740081216709366885e+00
1.659999999999979536e+01,1.122163754327708745e+02,2.740824759346016215e+00,2.740824759346016215e+00
1.660999999999979693e+01,1.122711993626131743e+02,2.741568072887762497e+00,2.741568072887762497e+00
1.661999999999979849e+01,1.123260381564194716e+02,2.742311154642445459e+00,2.742311154642445459e+00
1.662999999999980005e+01,1.123808918095272702e+02,2.743054001934138952e+00,2.743054001934138952e+00
1.663999999999980162e+01,1.124357603172206126e+02,2.743796612103116317e+00,2.743796612103116317e+00
1.664999999999980318e+01,1.124906436747305065e+02,2.744538982505799307e+00,2.744538982505799307e+00
1.665999999999980474e+01,1.125455418772353227e+02,2.745281110514711909e+00,2.745281110514711909e+00
1.666999999999980631e+01,1.126004549198610931e+02,2.746022993518502542e+00,2.746022993518502542e+00
1.667999999999980787e+01,1.126553827976814688e+02,2.746764628921852136e+00,2.746764628921852136e+00
1.668999999999980943e+01,1.127103255057187994e+02,2.747506014145400410e+00,2.747506014145400410e+00
1.669999999999981100e+01,1.127652830389435650e+02,2.748247146625775628e+00,2.748247146625775628e+00
1.670999999999981256e+01,1.128202553922755556e+02,2.748988023815536419e+00,2.748988023815536419e+00
1.671999999999981412e+01,1.128752425605834446e+02,2.749728643183133148e+00,2.749728643183133148e+00
1.672999999999981569e+01,1.129302445386856988e+02,2.750469002212819092e+00,2.750469002212819092e+00
1.673999999999981725e+01,1.129852613213503503e+02,2.751209098404659770e+00,2.751209098404659770e+00
1.674999999999981881e+01,1.130402929032958070e+02,2.751948929274511180e+00,2.751948929274511180e+00
1.675999999999982037e+01,1.130953392791909096e+02,2.752688492353920324e+00,2.752688492353920324e+00
1.676999999999982194e+01,1.131504004436551583e+02,2.753427785190118104e+00,2.753427785190118104e+00
1.677999999999982350e+01,1.132054763912593387e+02,2.754166805345993119e+00,2.754166805345993119e+00
1.678999999999982506e+01,1.132605671165254932e+02,2.754905550400024605e+00,2.754905550400024605e+00
1.679999999999982663e+01,1.133156726139275037e+02,2.755644017946230040e+00,2.755644017946230040e+00
1.680999999999982819e+01,1.133707928778912759e+02,2.756382205594154478e+00,2.756382205594154478e+00
1.681999999999982975e+01,1.134259279027949674e+02,2.757120110968817261e+00,2.757120110968817261e+00
1.682999999999983132e+01,1.134810776829694561e+02,2.757857731710681826e+00,2.757857731710681826e+00
1.683999999999983288e+01,1.135362422126985678e+02,2.758595065475570873e+00,2.758595065475570873e+00
1.684999999999983444e+01,1.135914214862193887e+02,2.759332109934659272e+00,2.759332109934659272e+00
1.685999999999983601e+01,1.136466154977227063e+02,2.760068862774443854e+00,2.760068862774443854e+00
1.686999999999983757e+01,1.137018242413529663e+02,2.760805321696663928e+00,2.760805321696663928e+00
1.687999999999983913e+01,1.137570477112090401e+02,2.761541484418291503e+00,2.761541484418291503e+00
1.688999999999984070e+01,1.138122859013441257e+02,2.762277348671456689e+00,2.762277348671456689e+00
1.689999999999984226e+01,1.138675388057661735e+02,2.763012912203458349e+00,2.763012912203458349e+00
1.690999999999984382e+01,1.139228064184384550e+02,2.763748172776640200e+00,2.763748172776640200e+00
1.691999999999984539e+01,1.139780887332793782e+02,2.764483128168409909e+00,2.764483128168409909e+00
1.692999999999984695e+01,1.140333857441632546e+02,2.765217776171218222e+00,2.765217776171218222e+00
1.693999999999984851e+01,1.140886974449203137e+02,2.765952114592416411e+00,2.765952114592416411e+00
1.694999999999985008e+01,1.141440238293370442e+02,2.766686141254270037e+00,2.766686141254270037e+00
1.695999999999985164e+01,1.141993648911565629e+02,2.767419853993944745e+00,2.767419853993944745e+00
1.696999999999985320e+01,1.142547206240789990e+02,2.768153250663441423e+00,2.768153250663441423e+00
1.697999999999985477e+01,1.143100910217613801e+02,2.768886329129502943e+00,2.768886329129502943e+00
1.698999999999985633e+01,1.143654760778184993e+02,2.769619087273628821e+00,2.769619087273628821e+00
1.699999999999985789e+01,1.144208757858227870e+02,2.770351522992032134e+00,2.770351522992032134e+00
1.700999999999985945e+01,1.144762901393047230e+02,2.771083634195540490e+00,2.771083634195540490e+00
1.701999999999986102e+01,1.145317191317532917e+02,2.771815418809604026e+00,2.771815418809604026e+00
1.702999999999986258e+01,1.145871627566160527e+02,2.772546874774233672e+00,2.772546874774233672e+00
1.703999999999986414e+01,1.146426210072993541e+02,2.773278000043942537e+00,2.773278000043942537e+00
1.704999999999986571e+01,1.146980938771690290e+02,2.774008792587713490e+00,2.774008792587713490e+00
1.705999999999986727e+01,1.147535813595503953e+02,2.774739250388954748e+00,2.774739250388954748e+00
1.706999999999986883e+01,1.148090834477284119e+02,2.775469371445451028e+00,2.775469371445451028e+00
1.707999999999987040e+01,1.148646001349482617e+02,2.776199153769317363e+00,2.776199153769317363e+00
1.708999999999987196e+01,1.149201314144154509e+02,2.776928595386960907e+00,2.776928595386960907e+00
1.709999999999987352e+01,1.149756772792963915e+02,2.777657694339019212e+00,2.777657694339019212e+00
1.710999999999987509e+01,1.150312377227180178e+02,2.778386448680326914e+00,2.778386448680326914e+00
1.711999999999987665e+01,1.150868127377689376e+02,2.779114856479866003e+00,2.779114856479866003e+00
1.712999999999987821e+01,1.151424023174989060e+02,2.779842915820724514e+00,2.779842915820724514e+00
1.713999999999987978e+01,1.151980064549198630e+02,2.780570624800042800e+00,2.780570624800042800e+00
1.714999999999988134e+01,1.152536251430053937e+02,2.781297981528974894e+00,2.781297981528974894e+00
1.715999999999988290e+01,1.153092583746918933e+02,2.782024984132634771e+00,2.782024984132634771e+00
1.716999999999988447e+01,1.153649061428780982e+02,2.782751630750046168e+00,2.782751630750046168e+00
1.717999999999988603e+01,1.154205684404257823e+02,2.783477919534099509e+00,2.783477919534099509e+00
1.718999999999988759e+01,1.154762452601598000e+02,2.784203848651508828e+00,2.784203848651508828e+00
1.719999999999988916e+01,1.155319365948686823e+02,2.784929416282774906e+00,2.784929416282774906e+00
1.720999999999989072e+01,1.155876424373044529e+02,2.785654620622121325e+00,2.785654620622121325e+00
1.721999999999989228e+01,1.156433627801833950e+02,2.786379459877439402e+00,2.786379459877439402e+00
1.722999999999989384e+01,1.156990976161860232e+02,2.787103932270264650e+00,2.787103932270264650e+00
1.723999999999989541e+01,1.157548469379572964e+02,2.787828036035721713e+00,2.787828036035721713e+00
1.724999999999989697e+01,1.158106107381071013e+02,2.788551769422477733e+00,2.788551769422477733e+00
1.725999999999989853e+01,1.158663890092104225e+02,2.789275130692677074e+00,2.789275130692677074e+00
1.726999999999990010e+01,1.159221817438076556e+02,2.789998118121914672e+00,2.789998118121914672e+00
1.727999999999990166e+01,1.159779889344048200e+02,2.790720729999184080e+00,2.790720729999184080e+00
1.728999999999990322e+01,1.160338105734738576e+02,2.791442964626821066e+00,2.791442964626821066e+00
1.729999999999990479e+01,1.160896466534528173e+02,2.792164820320472973e+00,2.792164820320472973e+00
1.730999999999990635e+01,1.161454971667463383e+02,2.792886295409037878e+00,2.792886295409037878e+00
1.731999999999990791e+01,1.162013621057255364e+02,2.793607388234619293e+00,2.793607388234619293e+00
1.732999999999990948e+01,1.162572414627287571e+02,2.794328097152461332e+00,2.794328097152461332e+00
1.733999999999991104e+01,1.163131352300615191e+02,2.795048420530932276e+00,2.795048420530932276e+00
1.734999999999991260e+01,1.163690433999966842e+02,2.795768356751465955e+00,2.795768356751465955e+00
1.735999999999991417e+01,1.164249659647750690e+02,2.796487904208498243e+00,2.796487904208498243e+00
1.736999999999991573e+01,1.164809029166053023e+02,2.797207061309436416e+00,2.797207061309436416e+00
1.737999999999991729e+01,1.165368542476645359e+02,2.797925826474600530e+00,2.797925826474600530e+00
1.738999999999991886e+01,1.165928199500982885e+02,2.798644198137186567e+00,2.798644198137186567e+00
1.739999999999992042e+01,1.166488000160208571e+02,2.799362174743194043e+00,2.799362174743194043e+00
1.740999999999992198e+01,1.167047944375157869e+02,2.800079754751399808e+00,2.800079754751399808e+00
1.741999999999992355e+01,1.167608032066355861e+02,2.800796936633310086e+00,2.800796936633310086e+00
1.742999999999992511e+01,1.168168263154026505e+02,2.801513718873091641e+00,2.801513718873091641e+00
1.743999999999992667e+01,1.168728637558090355e+02,2.802230099967553567e+00,2.802230099967553567e+00
1.744999999999992824e+01,1.169289155198168544e+02,2.802946078426075349e+00,2.802946078426075349e+00
1.745999999999992980e+01,1.169849815993585622e+02,2.803661652770554902e+00,2.803661652770554902e+00
1.746999999999993136e+01,1.170410619863371124e+02,2.804376821535374820e+00,2.804376821535374820e+00
1.747999999999993292e+01,1.170971566726264825e+02,2.805091583267350863e+00,2.805091583267350863e+00
1.748999999999993449e+01,1.171532656500713756e+02,2.805805936525676447e+00,2.805805936525676447e+00
1.749999999999993605e+01,1.172093889104880304e+02,2.806519879881880897e+00,2.806519879881880897e+00
1.750999999999993761e+01,1.172655264456642499e+02,2.807233411919777932e+00,2.807233411919777932e+00
1.751999999999993918e+01,1.173216782473595572e+02,2.807946531235412380e+00,2.807946531235412380e+00
1.752999999999994074e+01,1.173778443073055371e+02,2.808659236437013540e+00,2.808659236437013540e+00
1.753999999999994230e+01,1.174340246172059636e+02,2.809371526144948561e+00,2.809371526144948561e+00
1.754999999999994387e+01,1.174902191687373971e+02,2.810083398991678028e+00,2.810083398991678028e+00
1.755999999999994543e+01,1.175464279535488998e+02,2.810794853621699563e+00,2.810794853621699563e+00
1.756999999999994699e+01,1.176026509632626613e+02,2.811505888691491872e+00,2.811505888691491872e+00
1.757999999999994856e+01,1.176588881894740979e+02,2.812216502869479218e+00,2.812216502869479218e+00
1.758999999999995012e+01,1.177151396237522079e+02,2.812926694835977681e+00,2.812926694835977681e+00
1.759999999999995168e+01,1.177714052576395432e+02,2.813636463283152533e+00,2.813636463283152533e+00
1.760999999999995325e+01,1.178276850826527635e+02,2.814345806914949399e+00,2.814345806914949399e+00
1.761999999999995481e+01,1.178839790902826650e+02,2.815054724447070278e+00,2.815054724447070278e+00
1.762999999999995637e+01,1.179402872719944213e+02,2.815763214606903819e+00,2.815763214606903819e+00
1.763999999999995794e+01,1.179966096192279821e+02,2.816471276133484469e+00,2.816471276133484469e+00
1.764999999999995950e+01,1.180529461233981294e+02,2.817178907777440067e+00,2.817178907777440067e+00
1.765999999999996106e+01,1.181092967758947481e+02,2.817886108300951875e+00,2.817886108300951875e+00
1.766999999999996263e+01,1.181656615680831379e+02,2.818592876477706177e+00,2.818592876477706177e+00
1.767999999999996419e+01,1.182220404913041847e+02,2.819299211092829882e+00,2.819299211092829882e+00
1.768999999999996575e+01,1.182784335368745872e+02,2.820005110942852333e+00,2.820005110942852333e+00
1.769999999999996732e+01,1.183348406960870420e+02,2.820710574835641804e+00,2.820710574835641804e+00
1.770999999999996888e+01,1.183912619602104996e+02,2.821415601590379740e+00,2.821415601590379740e+00
1.771999999999997044e+01,1.184476973204905335e+02,2.822120190037493703e+00,2.822120190037493703e+00
1.772999999999997200e+01,1.185041467681493117e+02,2.822824339018622286e+00,2.822824339018622286e+00
1.773999999999997357e+01,1.185606102943860378e+02,2.823528047386554718e+00,2.823528047386554718e+00
1.774999999999997513e+01,1.186170878903770216e+02,2.824231314005181126e+00,2.824231314005181126e+00
1.775999999999997669e+01,1.186735795472759492e+02,2.824934137749451679e+00,2.824934137749451679e+00
1.776999999999997826e+01,1.187300852562142381e+02,2.825636517505319745e+00,2.825636517505319745e+00
1.777999999999997982e+01,1.187866050083009100e+02,2.826338452169685933e+00,2.826338452169685933e+00
1.778999999999998138e+01,1.188431387946232434e+02,2.827039940650370120e+00,2.827039940650370120e+00
1.779999999999998295e+01,1.188996866062466893e+02,2.827740981866058601e+00,2.827740981866058601e+00
1.780999999999998451e+01,1.189562484342152118e+02,2.828441574746241916e+00,2.828441574746241916e+00
1.781999999999998607e+01,1.190128242695514444e+02,2.829141718231160674e+00,2.829141718231160674e+00
1.782999999999998764e+01,1.190694141032569746e+02,2.829841411271775797e+00,2.829841411271775797e+00
1.783999999999998920e+01,1.191260179263124144e+02,2.830540652829719228e+00,2.830540652829719228e+00
1.784999999999999076e+01,1.191826357296778269e+02,2.831239441877220209e+00,2.831239441877220209e+00
1.785999999999999233e+01,1.192392675042927834e+02,2.831937777397084854e+00,2.831937777397084854e+00
1.786999999999999389e+01,1.192959132410766756e+02,2.832635658382637978e+00,2.832635658382637978e+00
1.787999999999999545e+01,1.193525729309287158e+02,2.833333083837654698e+00,2.833333083837654698e+00
1.788999999999999702e+01,1.194092465647284342e+02,2.834030052776345787e+00,2.834030052776345787e+00
1.789999999999999858e+01,1.194659341333357929e+02,2.834726564223279954e+00,2.834726564223279954e+00
1.791000000000000014e+01,1.195226356275910859e+02,2.835422617213343877e+00,2.835422617213343877e+00
1.792000000000000171e+01,1.195793510383156786e+02,2.836118210791704897e+00,2.836118210791704897e+00
1.793000000000000327e+01,1.196360803563119219e+02,2.836813344013753735e+00,2.836813344013753735e+00
1.794000000000000483e+01,1.196928235723631246e+02,2.837508015945058304e+00,2.837508015945058304e+00
1.795000000000000639e+01,1.197495806772342917e+02,2.838202225661309086e+00,2.838202225661309086e+00
1.796000000000000796e+01,1.198063516616719539e+02,2.838895972248262289e+00,2.838895972248262289e+00
1.797000000000000952e+01,1.198631365164044666e+02,2.839589254801718976e+00,2.839589254801718976e+00
1.798000000000001108e+01,1.199199352321420093e+02,2.840282072427454452e+00,2.840282072427454452e+00
1.799000000000001265e+01,1.199767477995773390e+02,2.840974424241175189e+00,2.840974424241175189e+00
1.800000000000001421e+01,1.200335742093853355e+02,2.841666309368472199e+00,2.841666309368472199e+00
1.801000000000001577e+01,1.200904144522235697e+02,2.842357726944764629e+00,2.842357726944764629e+00
1.802000000000001734e+01,1.201472685187324885e+02,2.843048676115267792e+00,2.843048676115267792e+00
1.803000000000001890e+01,1.202041363995354146e+02,2.843739156034938542e+00,2.843739156034938542e+00
1.804000000000002046e+01,1.202610180852389874e+02,2.844429165868407328e+00,2.844429165868407328e+00
1.805000000000002203e+01,1.203179135664331199e+02,2.845118704789961761e+00,2.845118704789961761e+00
1.806000000000002359e+01,1.203748228336915105e+02,2.845807771983480006e+00,2.845807771983480006e+00
1.807000000000002515e+01,1.204317458775713163e+02,2.846496366642378373e+00,2.846496366642378373e+00
1.808000000000002672e+01,1.204886826886140057e+02,2.847184487969579791e+00,2.847184487969579791e+00
1.809000000000002828e+01,1.205456332573448748e+02,2.847872135177449859e+00,2.847872135177449859e+00
1.810000000000002984e+01,1.206025975742737870e+02,2.848559307487767089e+00,2.848559307487767089e+00
1.811000000000003141e+01,1.206595756298950732e+02,2.849246004131666510e+00,2.849246004131666510e+00
1.812000000000003297e+01,1.207165674146877592e+02,2.849932224349591259e+00,2.849932224349591259e+00
1.813000000000003453e+01,1.207735729191157645e+02,2.850617967391219754e+00,2.850617967391219754e+00
1.814000000000003610e+01,1.208305921336281301e+02,2.851303232515455033e+00,2.851303232515455033e+00
1.815000000000003766e+01,1.208876250486591175e+02,2.851988018990377238e+00,2.851988018990377238e+00
1.816000000000003922e+01,1.209446716546285501e+02,2.852672326093170785e+00,2.852672326093170785e+00
1.817000000000004079e+01,1.210017319419417277e+02,2.853356153110087057e+00,2.853356153110087057e+00
1.818000000000004235e+01,1.210588059009898814e+02,2.854039499336411101e+00,2.854039499336411101e+00
1.819000000000004391e+01,1.211158935221501451e+02,2.854722364076392349e+00,2.854722364076392349e+00
1.820000000000004547e+01,1.211729947957860389e+02,2.855404746643217084e+00,2.855404746643217084e+00
1.821000000000004704e+01,1.212301097122470992e+02,2.856086646358936054e+00,2.856086646358936054e+00
1.822000000000004860e+01,1.212872382618697031e+02,2.856768062554447152e+00,2.856768062554447152e+00
1.823000000000005016e+01,1.213443804349768413e+02,2.857448994569446121e+00,2.857448994569446121e+00
1.824000000000005173e+01,1.214015362218781462e+02,2.858129441752351951e+00,2.858129441752351951e+00
1.825000000000005329e+01,1.214587056128706877e+02,2.858809403460279341e+00,2.858809403460279341e+00
1.826000000000005485e+01,1.215158885982385044e+02,2.859488879058992961e+00,2.859488879058992961e+00
1.827000000000005642e+01,1.215730851682531863e+02,2.860167867922846607e+00,2.860167867922846607e+00
1.828000000000005798e+01,1.216302953131737752e+02,2.860846369434760117e+00,2.860846369434760117e+00
1.829000000000005954e+01,1.216875190232471198e+02,2.861524382986155413e+00,2.861524382986155413e+00
1.830000000000006111e+01,1.217447562887079897e+02,2.862201907976914761e+00,2.862201907976914761e+00
1.831000000000006267e+01,1.218020070997792175e+02,2.862878943815351906e+00,2.862878943815351906e+00
1.832000000000006423e+01,1.218592714466719258e+02,2.863555489918127694e+00,2.863555489918127694e+00
1.833000000000006580e+01,1.219165493195854282e+02,2.864231545710227422e+00,2.864231545710227422e+00
1.834000000000006736e+01,1.219738407087080816e+02,2.864907110624926201e+00,2.864907110624926201e+00
1.835000000000006892e+01,1.220311456042165332e+02,2.865582184103719676e+00,2.865582184103719676e+00
1.836000000000007049e+01,1.220884639962766443e+02,2.866256765596288503e+00,2.866256765596288503e+00
1.837000000000007205e+01,1.221457958750430777e+02,2.866930854560459707e+00,2.866930854560459707e+00
1.838000000000007361e+01,1.222031412306600231e+02,2.867604450462139187e+00,2.867604450462139187e+00
1.839000000000007518e+01,1.222605000532608983e+02,2.868277552775302830e+00,2.868277552775302830e+00
1.840000000000007674e+01,1.223178723329687045e+02,2.868950160981917907e+00,2.868950160981917907e+00
1.841000000000007830e+01,1.223752580598962112e+02,2.869622274571902221e+00,2.869622274571902221e+00
1.842000000000007987e+01,1.224326572241459843e+02,2.870293893043102784e+00,2.870293893043102784e+00
1.843000000000008143e+01,1.224900698158106565e+02,2.870965015901221662e+00,2.870965015901221662e+00
1.844000000000008299e+01,1.225474958249731543e+02,2.871635642659787102e+00,2.871635642659787102e+00
1.845000000000008455e+01,1.226049352417066132e+02,2.872305772840105575e+00,2.872305772840105575e+00
1.846000000000008612e+01,1.226623880560747040e+02,2.872975405971220475e+00,2.872975405971220475e+00
1.847000000000008768e+01,1.227198542581318321e+02,2.873644541589855717e+00,2.873644541589855717e+00
1.848000000000008924e+01,1.227773338379231660e+02,2.874313179240373994e+00,2.874313179240373994e+00
1.849000000000009081e+01,1.228348267854847080e+02,2.874981318474741698e+00,2.874981318474741698e+00
1.850000000000009237e+01,1.228923330908438771e+02,2.875648958852490722e+00,2.875648958852490722e+00
1.851000000000009393e+01,1.229498527440190401e+02,2.876316099940656734e+00,2.876316099940656734e+00
1.852000000000009550e+01,1.230073857350201649e+02,2.876982741313741876e+00,2.876982741313741876e+00
1.853000000000009706e+01,1.230649320538486933e+02,2.877648882553672127e+00,2.877648882553672127e+00
1.854000000000009862e+01,1.231224916904979239e+02,2.878314523249758672e+00,2.878314523249758672e+00
1.855000000000010019e+01,1.231800646349528279e+02,2.878979662998632616e+00,2.878979662998632616e+00
1.856000000000010175e+01,1.232376508771905321e+02,2.879644301404212126e+00,2.879644301404212126e+00
1.857000000000010331e+01,1.232952504071802480e+02,2.880308438077679334e+00,2.880308438077679334e+00
1.858000000000010488e+01,1.233528632148833992e+02,2.880972072637413284e+00,2.880972072637413284e+00
1.859000000000010644e+01,1.234104892902540058e+02,2.881635204708969500e+00,2.881635204708969500e+00
1.860000000000010800e+01,1.234681286232386128e+02,2.882297833925004493e+00,2.882297833925004493e+00
1.861000000000010957e+01,1.235257812037764040e+02,2.882959959925253113e+00,2.882959959925253113e+00
1.862000000000011113e+01,1.235834470217995857e+02,2.883621582356474811e+00,2.883621582356474811e+00
1.863000000000011269e+01,1.236411260672332872e+02,2.884282700872434990e+00,2.884282700872434990e+00
1.864000000000011426e+01,1.236988183299957171e+02,2.884943315133828623e+00,2.884943315133828623e+00
1.865000000000011582e+01,1.237565237999984475e+02,2.885603424808260709e+00,2.885603424808260709e+00
1.866000000000011738e+01,1.238142424671464283e+02,2.886263029570202310e+00,2.886263029570202310e+00
1.867000000000011894e+01,1.238719743213382714e+02,2.886922129100933709e+00,2.886922129100933709e+00
1.868000000000012051e+01,1.239297193524662219e+02,2.887580723088512880e+00,2.887580723088512880e+00
1.869000000000012207e+01,1.239874775504162301e+02,2.888238811227745728e+00,2.888238811227745728e+00
1.870000000000012363e+01,1.240452489050682914e+02,2.888896393220115488e+00,2.888896393220115488e+00
1.871000000000012520e+01,1.241030334062966887e+02,2.889553468773756961e+00,2.889553468773756961e+00
1.872000000000012676e+01,1.241608310439697078e+02,2.890210037603423654e+00,2.890210037603423654e+00
1.873000000000012832e+01,1.242186418079499219e+02,2.890866099430429159e+00,2.890866099430429159e+00
1.874000000000012989e+01,1.242764656880946887e+02,2.891521653982605855e+00,2.891521653982605855e+00
1.875000000000013145e+01,1.243343026742557100e+02,2.892176700994289362e+00,2.892176700994289362e+00
1.876000000000013301e+01,1.243921527562796854e+02,2.892831240206243493e+00,2.892831240206243493e+00
1.877000000000013458e+01,1.244500159240079000e+02,2.893485271365631828e+00,2.893485271365631828e+00
1.878000000000013614e+01,1.245078921672769354e+02,2.894138794225989741e+00,2.894138794225989741e+00
1.879000000000013770e+01,1.245657814759183424e+02,2.894791808547168888e+00,2.894791808547168888e+00
1.880000000000013927e+01,1.246236838397589821e+02,2.895444314095299898e+00,2.895444314095299898e+00
1.881000000000014083e+01,1.246815992486210973e+02,2.896096310642745753e+00,2.896096310642745753e+00
1.882000000000014239e+01,1.247395276923224401e+02,2.896747797968068472e+00,2.896747797968068472e+00
1.883000000000014396e+01,1.247974691606763429e+02,2.897398775855999808e+00,2.897398775855999808e+00
1.884000000000014552e+01,1.248554236434919744e+02,2.898049244097379074e+00,2.898049244097379074e+00
1.885000000000014708e+01,1.249133911305743823e+02,2.898699202489118054e+00,2.898699202489118054e+00
1.886000000000014865e+01,1.249713716117243933e+02,2.899348650834190355e+00,2.899348650834190355e+00
1.887000000000015021e+01,1.250293650767393530e+02,2.899997588941535032e+00,2.899997588941535032e+00
1.888000000000015177e+01,1.250873715154127126e+02,2.900646016626065915e+00,2.900646016626065915e+00
1.889000000000015334e+01,1.251453909175338737e+02,2.901293933708631645e+00,2.901293933708631645e+00
1.890000000000015490e+01,1.252034232728893102e+02,2.901941340015945503e+00,2.901941340015945503e+00
1.891000000000015646e+01,1.252614685712616875e+02,2.902588235380545001e+00,2.902588235380545001e+00
1.892000000000015802e+01,1.253195268024304880e+02,2.903234619640780334e+00,2.903234619640780334e+00
1.893000000000015959e+01,1.253775979561721527e+02,2.903880492640772637e+00,2.903880492640772637e+00
1.894000000000016115e+01,1.254356820222598827e+02,2.904525854230361137e+00,2.904525854230361137e+00
1.895000000000016271e+01,1.254937789904640368e+02,2.905170704265064963e+00,2.905170704265064963e+00
1.896000000000016428e+01,1.255518888505519897e+02,2.905815042606052945e+00,2.905815042606052945e+00
1.897000000000016584e+01,1.256100115922887142e+02,2.906458869120110755e+00,2.906458869120110755e+00
1.898000000000016740e+01,1.256681472054362132e+02,2.907102183679575180e+00,2.907102183679575180e+00
1.899000000000016897e+01,1.257262956797541875e+02,2.907744986162318135e+00,2.907744986162318135e+00
1.900000000000017053e+01,1.257844570049998936e+02,2.908387276451718240e+00,2.908387276451718240e+00
1.901000000000017209e+01,1.258426311709283993e+02,2.909029054436589767e+00,2.909029054436589767e+00
1.902000000000017366e+01,1.259008181672924849e+02,2.909670320011175537e+00,2.909670320011175537e+00
1.903000000000017522e+01,1.259590179838429123e+02,2.910311073075094956e+00,2.910311073075094956e+00
1.904000000000017678e+01,1.260172306103284967e+02,2.910951313533316931e+00,2.910951313533316931e+00
1.905000000000017835e+01,1.260754560364962913e+02,2.911591041296121229e+00,2.911591041296121229e+00
1.906000000000017991e+01,1.261336942520912885e+02,2.912230256279036755e+00,2.912230256279036755e+00
1.907000000000018147e+01,1.261919452468574150e+02,2.912868958402819342e+00,2.912868958402819342e+00
1.908000000000018304e+01,1.262502090105364232e+02,2.913507147593433988e+00,2.913507147593433988e+00
1.909000000000018460e+01,1.263084855328690850e+02,2.914144823782006455e+00,2.914144823782006455e+00
1.910000000000018616e+01,1.263667748035947795e+02,2.914781986904772193e+00,2.914781986904772193e+00
1.911000000000018773e+01,1.264250768124513229e+02,2.915418636903053251e+00,2.915418636903053251e+00
1.912000000000018929e+01,1.264833915491758916e+02,2.916054773723219640e+00,2.916054773723219640e+00
1.913000000000019085e+01,1.265417190035043262e+02,2.916690397316660910e+00,2.916690397316660910e+00
1.914000000000019241e+01,1.266000591651717144e+02,2.917325507639729754e+00,2.917325507639729754e+00
1.915000000000019398e+01,1.266584120239121489e+02,2.917960104653723796e+00,2.917960104653723796e+00
1.916000000000019554e+01,1.267167775694590830e+02,2.918594188324844740e+00,2.918594188324844740e+00
1.917000000000019710e+01,1.267751557915454583e+02,2.919227758624171720e+00,2.919227758624171720e+00
1.918000000000019867e+01,1.268335466799034634e+02,2.919860815527603570e+00,2.919860815527603570e+00
1.919000000000020023e+01,1.268919502242650168e+02,2.920493359015839729e+00,2.920493359015839729e+00
1.920000000000020179e+01,1.269503664143616390e+02,2.921125389074345158e+00,2.921125389074345158e+00
1.921000000000020336e+01,1.270087952399246376e+02,2.921756905693310813e+00,2.921756905693310813e+00
1.922000000000020492e+01,1.270672366906851352e+02,2.922387908867626116e+00,2.922387908867626116e+00
1.923000000000020648e+01,1.271256907563742402e+02,2.923018398596822554e+00,2.923018398596822554e+00
1.924000000000020805e+01,1.271841574267230186e+02,2.923648374885069678e+00,2.923648374885069678e+00
1.925000000000020961e+01,1.272426366914627920e+02,2.924277837741125818e+00,2.924277837741125818e+00
1.926000000000021117e+01,1.273011285403249389e+02,2.924906787178294998e+00,2.924906787178294998e+00
1.927000000000021274e+01,1.273596329630412782e+02,2.925535223214412284e+00,2.925535223214412284e+00
1.928000000000021430e+01,1.274181499493440270e+02,2.926163145871785609e+00,2.926163145871785609e+00
1.929000000000021586e+01,1.274766794889658428e+02,2.926790555177186004e+00,2.926790555177186004e+00
1.930000000000021743e+01,1.275352215716399940e+02,2.927417451161804962e+00,2.927417451161804962e+00
1.931000000000021899e+01,1.275937761871002891e+02,2.928043833861217582e+00,2.928043833861217582e+00
1.932000000000022055e+01,1.276523433250815600e+02,2.928669703315346151e+00,2.928669703315346151e+00
1.933000000000022212e+01,1.277109229753193489e+02,2.929295059568431725e+00,2.929295059568431725e+00
1.934000000000022368e+01,1.277695151275499654e+02,2.929919902669001708e+00,2.929919902669001708e+00
1.935000000000022524e+01,1.278281197715108135e+02,2.930544232669840987e+00,2.930544232669840987e+00
1.936000000000022681e+01,1.278867368969406186e+02,2.931168049627954630e+00,2.931168049627954630e+00
1.937000000000022837e+01,1.279453664935790727e+02,2.931791353604531469e+00,2.931791353604531469e+00
1.938000000000022993e+01,1.280040085511671748e+02,2.932414144664918343e+00,2.932414144664918343e+00
1.939000000000023149e+01,1.280626630594473170e+02,2.933036422878578797e+00,2.933036422878578797e+00
1.940000000000023306e+01,1.281213300081631417e+02,2.933658188319069993e+00,2.933658188319069993e+00
1.941000000000023462e+01,1.281800093870600676e+02,2.934279441064004956e+00,2.934279441064004956e+00
1.942000000000023618e+01,1.282387011858850201e+02,2.934900181195024604e+00,2.934900181195024604e+00
1.943000000000023775e+01,1.282974053943864021e+02,2.935520408797767544e+00,2.935520408797767544e+00
1.944000000000023931e+01,1.283561220023147200e+02,2.936140123961830994e+00,2.936140123961830994e+00
1.945000000000024087e+01,1.284148509994219296e+02,2.936759326780742807e+00,2.936759326780742807e+00
1.946000000000024244e+01,1.284735923754622604e+02,2.937378017351936155e+00,2.937378017351936155e+00
1.947000000000024400e+01,1.285323461201915336e+02,2.937996195776704678e+00,2.937996195776704678e+00
1.948000000000024556e+01,1.285911122233681851e+02,2.938613862160184276e+00,2.938613862160184276e+00
1.949000000000024713e+01,1.286498906747521005e+02,2.939231016611322023e+00,2.939231016611322023e+00
1.950000000000024869e+01,1.287086814641060073e+02,2.939847659242829536e+00,2.939847659242829536e+00
1.951000000000025025e+01,1.287674845811945659e+02,2.940463790171172764e+00,2.940463790171172764e+00
1.952000000000025182e+01,1.288263000157848239e+02,2.941079409516530685e+00,2.941079409516530685e+00
1.953000000000025338e+01,1.288851277576465861e+02,2.941694517402774878e+00,2.941694517402774878e+00
1.954000000000025494e+01,1.289439677965516751e+02,2.942309113957424671e+00,2.942309113957424671e+00
1.955000000000025651e+01,1.290028201222747839e+02,2.942923199311611615e+00,2.942923199311611615e+00
1.956000000000025807e+01,1.290616847245933627e+02,2.943536773600080370e+00,2.943536773600080370e+00
1.957000000000025963e+01,1.291205615932874196e+02,2.944149836961134969e+00,2.944149836961134969e+00
1.958000000000026120e+01,1.291794507181397194e+02,2.944762389536607738e+00,2.944762389536607738e+00
1.959000000000026276e+01,1.292383520889361535e+02,2.945374431471851739e+00,2.945374431471851739e+00
1.960000000000026432e+01,1.292972656954652564e+02,2.945985962915681711e+00,2.945985962915681711e+00
1.961000000000026589e+01,1.293561915275187175e+02,2.946596984020361187e+00,2.946596984020361187e+00
1.962000000000026745e+01,1.294151295748914094e+02,2.947207494941585626e+00,2.947207494941585626e+00
1.963000000000026901e+01,1.294740798273811322e+02,2.947817495838424229e+00,2.947817495838424229e+00
1.964000000000027057e+01,1.295330422747889827e+02,2.948426986873312394e+00,2.948426986873312394e+00
1.965000000000027214e+01,1.295920169069194969e+02,2.949035968212022407e+00,2.949035968212022407e+00
1.966000000000027370e+01,1.296510037135803088e+02,2.949644440023631464e+00,2.949644440023631464e+00
1.967000000000027526e+01,1.297100026845826619e+02,2.950252402480490588e+00,2.950252402480490588e+00
1.968000000000027683e+01,1.297690138097411250e+02,2.950859855758197536e+00,2.950859855758197536e+00
1.969000000000027839e+01,1.298280370788739617e+02,2.951466800035571048e+00,2.951466800035571048e+00
1.970000000000027995e+01,1.298870724818029316e+02,2.952073235494615755e+00,2.952073235494615755e+00
1.971000000000028152e+01,1.299461200083535175e+02,2.952679162320512862e+00,2.952679162320512862e+00
1.972000000000028308e+01,1.300051796483549822e+02,2.953284580701574846e+00,2.953284580701574846e+00
1.973000000000028464e+01,1.300642513916401981e+02,2.953889490829214814e+00,2.953889490829214814e+00
1.974000000000028621e+01,1.301233352280461872e+02,2.954493892897933183e+00,2.954493892897933183e+00
1.975000000000028777e+01,1.301824311474135811e+02,2.955097787105286589e+00,2.955097787105286589e+00
1.976000000000028933e+01,1.302415391395873030e+02,2.955701173651863023e+00,2.955701173651863023e+00
1.977000000000029090e+01,1.303006591944160277e+02,2.956304052741248078e+00,2.956304052741248078e+00
1.978000000000029246e+01,1.303597913017526650e+02,2.956906424580006743e+00,2.956906424580006743e+00
1.979000000000029402e+01,1.304189354514543879e+02,2.957508289377663413e+00,2.957508289377663413e+00
1.980000000000029559e+01,1.304780916333824621e+02,2.958109647346636173e+00,2.958109647346636173e+00
1.981000000000029715e+01,1.305372598374024165e+02,2.958710498702243452e+00,2.958710498702243452e+00
1.982000000000029871e+01,1.305964400533840717e+02,2.959310843662690260e+00,2.959310843662690260e+00
1.983000000000030028e+01,1.306556322712019949e+02,2.959910682449020669e+00,2.959910682449020669e+00
1.984000000000030184e+01,1.307148364807346184e+02,2.960510015285086283e+00,2.960510015285086283e+00
1.985000000000030340e+01,1.307740526718653484e+02,2.961108842397544905e+00,2.961108842397544905e+00
1.986000000000030496e+01,1.308332808344820251e+02,2.961707164015812577e+00,2.961707164015812577e+00
1.987000000000030653e+01,1.308925209584768936e+02,2.962304980372040930e+00,2.962304980372040930e+00
1.988000000000030809e+01,1.309517730337472869e+02,2.962902291701104307e+00,2.962902291701104307e+00
1.989000000000030965e+01,1.310110370501949149e+02,2.963499098240564678e+00,2.963499098240564678e+00
1.990000000000031122e+01,1.310703129977263472e+02,2.964095400230660982e+00,2.964095400230660982e+00
1.991000000000031278e+01,1.311296008662530710e+02,2.964691197914266940e+00,2.964691197914266940e+00
1.992000000000031434e+01,1.311889006456913478e+02,2.965286491536872404e+00,2.965286491536872404e+00
1.993000000000031591e+01,1.312482123259624700e+02,2.965881281346556708e+00,2.965881281346556708e+00
1.994000000000031747e+01,1.313075358969926754e+02,2.966475567593964247e+00,2.966475567593964247e+00
1.995000000000031903e+01,1.313668713487132322e+02,2.967069350532277827e+00,2.967069350532277827e+00
1.996000000000032060e+01,1.314262186710604396e+02,2.967662630417213343e+00,2.967662630417213343e+00
1.997000000000032216e+01,1.314855778539759115e+02,2.968255407506976695e+00,2.968255407506976695e+00
1.998000000000032372e+01,1.315449488874062922e+02,2.968847682062248694e+00,2.968847682062248694e+00
1.999000000000032529e+01,1.316043317613035413e+02,2.969439454346154417e+00,2.969439454346154417e+00
2.000000000000032685e+01,1.316637264656248192e+02,2.970030724624235674e+00,2.970030724624235674e+00
2.001000000000032841e+01,1.317231329903326298e+02,2.970621493164449234e+00,2.970621493164449234e+00
2.002000000000032998e+01,1.317825513253951328e+02,2.971211760237127741e+00,2.971211760237127741e+00
2.003000000000033154e+01,1.318419814607854903e+02,2.971801526114948189e+00,2.971801526114948189e+00
2.004000000000033310e+01,1.319014233864825201e+02,2.972390791072923477e+00,2.972390791072923477e+00
2.005000000000033467e+01,1.319608770924707528e+02,2.972979555388375328e+00,2.972979555388375328e+00
2.006000000000033623e+01,1.320203425687400909e+02,2.973567819340905860e+00,2.973567819340905860e+00
2.007000000000033779e+01,1.320798198052858936e+02,2.974155583212386045e+00,2.974155583212386045e+00
2.008000000000033936e+01,1.321393087921096594e+02,2.974742847286925063e+00,2.974742847286925063e+00
2.009000000000034092e+01,1.321988095192181163e+02,2.975329611850858313e+00,2.975329611850858313e+00
2.010000000000034248e+01,1.322583219766239608e+02,2.975915877192706560e+00,2.975915877192706560e+00
2.011000000000034404e+01,1.323178461543456592e+02,2.976501643603159053e+00,2.976501643603159053e+00
2.012000000000034561e+01,1.323773820424075041e+02,2.977086911375074418e+00,2.977086911375074418e+00
2.013000000000034717e+01,1.324369296308396997e+02,2.977671680803439802e+00,2.977671680803439802e+00
2.014000000000034873e+01,1.324964889096783054e+02,2.978255952185342004e+00,2.978255952185342004e+00
2.015000000000035030e+01,1.325560598689653204e+02,2.978839725819958595e+00,2.978839725819958595e+00
2.016000000000035186e+01,1.326156424987489402e+02,2.979423002008526389e+00,2.979423002008526389e+00
2.017000000000035342e+01,1.326752367890831010e+02,2.980005781054338776e+00,2.980005781054338776e+00
2.018000000000035499e+01,1.327348427300281344e+02,2.980588063262714638e+00,2.980588063262714638e+00
2.019000000000035655e+01,1.327944603116502549e+02,2.981169848940961487e+00,2.981169848940961487e+00
2.020000000000035811e+01,1.328540895240220152e+02,2.981751138398369694e+00,2.981751138398369694e+00
2.021000000000035968e+01,1.329137303572221072e+02,2.982331931946191617e+00,2.982331931946191617e+00
2.022000000000036124e+01,1.329733828013354184e+02,2.982912229897627832e+00,2.982912229897627832e+00
2.023000000000036280e+01,1.330330468464532032e+02,2.983492032567798269e+00,2.983492032567798269e+00
2.024000000000036437e+01,1.330927224826728832e+02,2.984071340273717787e+00,2.984071340273717787e+00
2.025000000000036593e+01,1.331524097000985307e+02,2.984650153334276190e+00,2.984650153334276190e+00
2.026000000000036749e+01,1.332121084888403573e+02,2.985228472070228456e+00,2.985228472070228456e+00
2.027000000000036906e+01,1.332718188390150544e+02,2.985806296804150772e+00,2.985806296804150772e+00
2.028000000000037062e+01,1.333315407407458224e+02,2.986383627860461853e+00,2.986383627860461853e+00
2.029000000000037218e+01,1.333912741841624552e+02,2.986960465565386524e+00,2.986960465565386524e+00
2.030000000000037375e+01,1.334510191594011417e+02,2.987536810246904206e+00,2.987536810246904206e+00
2.031000000000037531e+01,1.335107756566045509e+02,2.988112662234761796e+00,2.988112662234761796e+00
2.032000000000037687e+01,1.335705436659224006e+02,2.988688021860460786e+00,2.988688021860460786e+00
2.033000000000037844e+01,1.336303231775106042e+02,2.989262889457209749e+00,2.989262889457209749e+00
2.034000000000038000e+01,1.336901141815320102e+02,2.989837265359919449e+00,2.989837265359919449e+00
2.035000000000038156e+01,1.337499166681560325e+02,2.990411149905199739e+00,2.990411149905199739e+00
2.036000000000038312e+01,1.338097306275588778e+02,2.990984543431320475e+00,2.990984543431320475e+00
2.037000000000038469e+01,1.338695560499235455e+02,2.991557446278187982e+00,2.991557446278187982e+00
2.038000000000038625e+01,1.339293929254399416e+02,2.992129858787339280e+00,2.992129858787339280e+00
2.039000000000038781e+01,1.339892412443047078e+02,2.992701781301935871e+00,2.992701781301935871e+00
2.040000000000038938e+01,1.340491009967213643e+02,2.993273214166709995e+00,2.993273214166709995e+00
2.041000000000039094e+01,1.341089721729004225e+02,2.993844157727965971e+00,2.993844157727965971e+00
2.042000000000039250e+01,1.341688547630591870e+02,2.994414612333578862e+00,2.994414612333578862e+00
2.043000000000039407e+01,1.342287487574221529e+02,2.994984578332952729e+00,2.994984578332952729e+00
2.044000000000039563e+01,1.342886541462206083e+02,2.995554056077011751e+00,2.995554056077011751e+00
2.045000000000039719e+01,1.343485709196930316e+02,2.996123045918182459e+00,2.996123045918182459e+00
2.046000000000039876e+01,1.344084990680848648e+02,2.996691548210375089e+00,2.996691548210375089e+00
2.047000000000040032e+01,1.344684385816485985e+02,2.997259563308960928e+00,2.997259563308960928e+00
2.048000000000040188e+01,1.345283894506441129e+02,2.997827091570765212e+00,2.997827091570765212e+00
2.049000000000040345e+01,1.345883516653381093e+02,2.998394133354038704e+00,2.998394133354038704e+00
2.050000000000040501e+01,1.346483252160045936e+02,2.998960689018446590e+00,2.998960689018446590e+00
2.051000000000040657e+01,1.347083100929248474e+02,2.999526758925065817e+00,2.999526758925065817e+00
2.052000000000040814e+01,1.347683062863874284e+02,3.000092343436331355e+00,3.000092343436331355e+00
2.053000000000040970e+01,1.348283137866878292e+02,3.000657442916059292e+00,3.000657442916059292e+00
2.054000000000041126e+01,1.348883325841292447e+02,3.001222057729409087e+00,3.001222057729409087e+00
2.055000000000041283e+01,1.349483626690219467e+02,3.001786188242862696e+00,3.001786188242862696e+00
2.056000000000041439e+01,1.350084040316835967e+02,3.002349834824226349e+00,3.002349834824226349e+00
2.057000000000041595e+01,1.350684566624393028e+02,3.002912997842595466e+00,3.002912997842595466e+00
2.058000000000041751e+01,1.351285205516214489e+02,3.003475677668351995e+00,3.003475677668351995e+00
2.059000000000041908e+01,1.351885956895699508e+02,3.004037874673139097e+00,3.004037874673139097e+00
2.060000000000042064e+01,1.352486820666320000e+02,3.004599589229857148e+00,3.004599589229857148e+00
2.061000000000042220e+01,1.353087796731624621e+02,3.005160821712632213e+00,3.005160821712632213e+00
2.062000000000042377e+01,1.353688884995235924e+02,3.005721572496813820e+00,3.005721572496813820e+00
2.063000000000042533e+01,1.354290085360851776e+02,3.006281841958946544e+00,3.006281841958946544e+00
2.064000000000042689e+01,1.354891397732245650e+02,3.006841630476765115e+00,3.006841630476765115e+00
2.065000000000042846e+01,1.355492822013265766e+02,3.007400938429174886e+00,3.007400938429174886e+00
2.066000000000043002e+01,1.356094358107838218e+02,3.007959766196243390e+00,3.007959766196243390e+00
2.067000000000043158e+01,1.356696005919962715e+02,3.008518114159179913e+00,3.008518114159179913e+00
2.068000000000043315e+01,1.357297765353717978e+02,3.009075982700307073e+00,3.009075982700307073e+00
2.069000000000043471e+01,1.357899636313257474e+02,3.009633372203063928e+00,3.009633372203063928e+00
2.070000000000043627e+01,1.358501618702811129e+02,3.010190283051987326e+00,3.010190283051987326e+00
2.071000000000043784e+01,1.359103712426686741e+02,3.010746715632686143e+00,3.010746715632686143e+00
2.072000000000043940e+01,1.359705917389270837e+02,3.011302670331851949e+00,3.011302670331851949e+00
2.073000000000044096e+01,1.360308233495024126e+02,3.011858147537212371e+00,3.011858147537212371e+00
2.074000000000044253e+01,1.360910660648487749e+02,3.012413147637543087e+00,3.012413147637543087e+00
2.075000000000044409e+01,1.361513198754279017e+02,3.012967671022634519e+00,3.012967671022634519e+00
2.076000000000044565e+01,1.362115847717094539e+02,3.013521718083284728e+00,3.013521718083284728e+00
2.077000000000044722e+01,1.362718607441707945e+02,3.014075289211300301e+00,3.014075289211300301e+00
2.078000000000044878e+01,1.363321477832972448e+02,3.014628384799470595e+00,3.014628384799470595e+00
2.079000000000045034e+01,1.363924458795819419e+02,3.015181005241531320e+00,3.015181005241531320e+00
2.080000000000045191e+01,1.364527550235258104e+02,3.015733150932181417e+00,3.015733150932181417e+00
2.081000000000045347e+01,1.365130752056378753e+02,3.016284822267053745e+00,3.016284822267053745e+00
2.082000000000045503e+01,1.365734064164349491e+02,3.016836019642706201e+00,3.016836019642706201e+00
2.083000000000045659e+01,1.366337486464419158e+02,3.017386743456626164e+00,3.017386743456626164e+00
2.084000000000045816e+01,1.366941018861913335e+02,3.017936994107187854e+00,3.017936994107187854e+00
2.085000000000045972e+01,1.367544661262240595e+02,3.018486771993650120e+00,3.018486771993650120e+00
2.086000000000046128e+01,1.368148413570887669e+02,3.019036077516149774e+00,3.019036077516149774e+00
2.087000000000046285e+01,1.368752275693422007e+02,3.019584911075668732e+00,3.019584911075668732e+00
2.088000000000046441e+01,1.369356247535490638e+02,3.020133273074045999e+00,3.020133273074045999e+00
2.089000000000046597e+01,1.369960329002822164e+02,3.020681163913956357e+00,3.020681163913956357e+00
2.090000000000046754e+01,1.370564520001225048e+02,3.021228583998893047e+00,3.021228583998893047e+00
2.091000000000046910e+01,1.371168820436588476e+02,3.021775533733154884e+00,3.021775533733154884e+00
2.092000000000047066e+01,1.371773230214884052e+02,3.022322013521836048e+00,3.022322013521836048e+00
2.093000000000047223e+01,1.372377749242160689e+02,3.022868023770819867e+00,3.022868023770819867e+00
2.094000000000047379e+01,1.372982377424553420e+02,3.023413564886752170e+00,3.023413564886752170e+00
2.095000000000047535e+01,1.373587114668274864e+02,3.023958637277029737e+00,3.023958637277029737e+00
2.096000000000047692e+01,1.374191960879622059e+02,3.024503241349803417e+00,3.024503241349803417e+00
2.097000000000047848e+01,1.374796915964971333e+02,3.025047377513960356e+00,3.025047377513960356e+00
2.098000000000048004e+01,1.375401979830781727e+02,3.025591046179114230e+00,3.025591046179114230e+00
2.099000000000048161e+01,1.376007152383594700e+02,3.026134247755582596e+00,3.026134247755582596e+00
2.100000000000048317e+01,1.376612433530034707e+02,3.026676982654372683e+00,3.026676982654372683e+00
2.101000000000048473e+01,1.377217823176806064e+02,3.027219251287183610e+00,3.027219251287183610e+00
2.102000000000048630e+01,1.377823321230696934e+02,3.027761054066400170e+00,3.027761054066400170e+00
2.103000000000048786e+01,1.378428927598578184e+02,3.028302391405060856e+00,3.028302391405060856e+00
2.104000000000048942e+01,1.379034642187402540e+02,3.028843263716848977e+00,3.028843263716848977e+00
2.105000000000049099e+01,1.379640464904207136e+02,3.029383671416097101e+00,3.029383671416097101e+00
2.106000000000049255e+01,1.380246395656109826e+02,3.029923614917762631e+00,3.029923614917762631e+00
2.107000000000049411e+01,1.380852434350313445e+02,3.030463094637430022e+00,3.030463094637430022e+00
2.108000000000049567e+01,1.381458580894102113e+02,3.031002110991281029e+00,3.031002110991281029e+00
2.109000000000049724e+01,1.382064835194845784e+02,3.031540664396089824e+00,3.031540664396089824e+00
2.110000000000049880e+01,1.382671197159994847e+02,3.032078755269227432e+00,3.032078755269227432e+00
2.111000000000050036e+01,1.383277666697085806e+02,3.032616384028619549e+00,3.032616384028619549e+00
2.112000000000050193e+01,1.383884243713738158e+02,3.033153551092770517e+00,3.033153551092770517e+00
2.113000000000050349e+01,1.384490928117652402e+02,3.033690256880736236e+00,3.033690256880736236e+00
2.114000000000050505e+01,1.385097719816617712e+02,3.034226501812118393e+00,3.034226501812118393e+00
2.115000000000050662e+01,1.385704618718504264e+02,3.034762286307032042e+00,3.034762286307032042e+00
2.116000000000050818e+01,1.386311624731265795e+02,3.035297610786129141e+00,3.035297610786129141e+00
2.117000000000050974e+01,1.386918737762942726e+02,3.035832475670574127e+00,3.035832475670574127e+00
2.118000000000051131e+01,1.387525957721656766e+02,3.036366881382020377e+00,3.036366881382020377e+00
2.119000000000051287e+01,1.388133284515616594e+02,3.036900828342622205e+00,3.036900828342622205e+00
2.120000000000051443e+01,1.388740718053113596e+02,3.037434316975009541e+00,3.037434316975009541e+00
2.121000000000051600e+01,1.389348258242524423e+02,3.037967347702274168e+00,3.037967347702274168e+00
2.122000000000051756e+01,1.389955904992310991e+02,3.038499920947983046e+00,3.038499920947983046e+00
2.123000000000051912e+01,1.390563658211019344e+02,3.039032037136149889e+00,3.039032037136149889e+00
2.124000000000052069e+01,1.391171517807279940e+02,3.039563696691221395e+00,3.039563696691221395e+00
2.125000000000052225e+01,1.391779483689808217e+02,3.040094900038084358e+00,3.040094900038084358e+00
2.126000000000052381e+01,1.392387555767405729e+02,3.040625647602043902e+00,3.040625647602043902e+00
2.127000000000052538e+01,1.392995733948959582e+02,3.041155939808815045e+00,3.041155939808815045e+00
2.128000000000052694e+01,1.393604018143438736e+02,3.041685777084531583e+00,3.041685777084531583e+00
2.129000000000052850e+01,1.394212408259901110e+02,3.042215159855698570e+00,3.042215159855698570e+00
2.130000000000053006e+01,1.394820904207487047e+02,3.042744088549201642e+00,3.042744088549201642e+00
2.131000000000053163e+01,1.395429505895424995e+02,3.043272563592331448e+00,3.043272563592331448e+00
2.132000000000053319e+01,1.396038213233028102e+02,3.043800585412730797e+00,3.043800585412730797e+00
2.133000000000053475e+01,1.396647026129693359e+02,3.044328154438395106e+00,3.044328154438395106e+00
2.134000000000053632e+01,1.397255944494904725e+02,3.044855271097666183e+00,3.044855271097666183e+00
2.135000000000053788e+01,1.397864968238232279e+02,3.045381935819238883e+00,3.045381935819238883e+00
2.136000000000053944e+01,1.398474097269331082e+02,3.045908149032122036e+00,3.045908149032122036e+00
2.137000000000054101e+01,1.399083331497943448e+02,3.046433911165653985e+00,3.046433911165653985e+00
2.138000000000054257e+01,1.399692670833894681e+02,3.046959222649499033e+00,3.046959222649499033e+00
2.139000000000054413e+01,1.400302115187098764e+02,3.047484083913600372e+00,3.047484083913600372e+00
2.140000000000054570e+01,1.400911664467554090e+02,3.048008495388207173e+00,3.048008495388207173e+00
2.141000000000054726e+01,1.401521318585346876e+02,3.048532457503866144e+00,3.048532457503866144e+00
2.142000000000054882e+01,1.402131077450647467e+02,3.049055970691402440e+00,3.049055970691402440e+00
2.143000000000055039e+01,1.402740940973714601e+02,3.049579035381905001e+00,3.049579035381905001e+00
2.144000000000055195e+01,1.403350909064890288e+02,3.050101652006734554e+00,3.050101652006734554e+00
2.145000000000055351e+01,1.403960981634605787e+02,3.050623820997494295e+00,3.050623820997494295e+00
2.146000000000055508e+01,1.404571158593377049e+02,3.051145542786045883e+00,3.051145542786045883e+00
2.147000000000055664e+01,1.405181439851807284e+02,3.051666817804482790e+00,3.051666817804482790e+00
2.148000000000055820e+01,1.405791825320584962e+02,3.052187646485137851e+00,3.052187646485137851e+00
2.149000000000055977e+01,1.406402314910485813e+02,3.052708029260573497e+00,3.052708029260573497e+00
2.150000000000056133e+01,1.407012908532372535e+02,3.053227966563544449e+00,3.053227966563544449e+00
2.151000000000056289e+01,1.407623606097194511e+02,3.053747458827032801e+00,3.053747458827032801e+00
2.152000000000056446e+01,1.408234407515984969e+02,3.054266506484211607e+00,3.054266506484211607e+00
2.153000000000056602e+01,1.408845312699868089e+02,3.054785109968449763e+00,3.054785109968449763e+00
2.154000000000056758e+01,1.409456321560052174e+02,3.055303269713307568e+00,3.055303269713307568e+00
2.155000000000056914e+01,1.410067434007832219e+02,3.055820986152512742e+00,3.055820986152512742e+00
2.156000000000057071e+01,1.410678649954591037e+02,3.056338259719975081e+00,3.056338259719975081e+00
2.157000000000057227e+01,1.411289969311797279e+02,3.056855090849768253e+00,3.056855090849768253e+00
2.158000000000057383e+01,1.411901391991006278e+02,3.057371479976110695e+00,3.057371479976110695e+00
2.159000000000057540e+01,1.412512917903862615e+02,3.057887427533380720e+00,3.057887427533380720e+00
2.160000000000057696e+01,1.413124546962094428e+02,3.058402933956090308e+00,3.058402933956090308e+00
2.161000000000057852e+01,1.413736279077518248e+02,3.058917999678895772e+00,3.058917999678895772e+00
2.162000000000058009e+01,1.414348114162038428e+02,3.059432625136576434e+00,3.059432625136576434e+00
2.163000000000058165e+01,1.414960052127644303e+02,3.059946810764036407e+00,3.059946810764036407e+00
2.164000000000058321e+01,1.415572092886414168e+02,3.060460556996293935e+00,3.060460556996293935e+00
2.165000000000058478e+01,1.416184236350512720e+02,3.060973864268474287e+00,3.060973864268474287e+00
2.166000000000058634e+01,1.416796482432190487e+02,3.061486733015803541e+00,3.061486733015803541e+00
2.167000000000058790e+01,1.417408831043786677e+02,3.061999163673592150e+00,3.061999163673592150e+00
2.168000000000058947e+01,1.418021282097727180e+02,3.062511156677254487e+00,3.062511156677254487e+00
2.169000000000059103e+01,1.418633835506523724e+02,3.063022712462289299e+00,3.063022712462289299e+00
2.170000000000059259e+01,1.419246491182777845e+02,3.063533831464257062e+00,3.063533831464257062e+00
2.171000000000059416e+01,1.419859249039174358e+02,3.064044514118791529e+00,3.064044514118791529e+00
2.172000000000059572e+01,1.420472108988488742e+02,3.064554760861590843e+00,3.064554760861590843e+00
2.173000000000059728e+01,1.421085070943582025e+02,3.065064572128414877e+00,3.065064572128414877e+00
2.174000000000059885e+01,1.421698134817403343e+02,3.065573948355067468e+00,3.065573948355067468e+00
2.175000000000060041e+01,1.422311300522985675e+02,3.066082889977396864e+00,3.066082889977396864e+00
2.176000000000060197e+01,1.422924567973454657e+02,3.066591397431291277e+00,3.066591397431291277e+00
2.177000000000060353e+01,1.423537937082018345e+02,3.067099471152664680e+00,3.067099471152664680e+00
2.178000000000060510e+01,1.424151407761975179e+02,3.067607111577467904e+00,3.067607111577467904e+00
2.179000000000060666e+01,1.424764979926708008e+02,3.068114319141667323e+00,3.068114319141667323e+00
2.180000000000060822e+01,1.425378653489690066e+02,3.068621094281238193e+00,3.068621094281238193e+00
2.181000000000060979e+01,1.425992428364477291e+02,3.069127437432174421e+00,3.069127437432174421e+00
2.182000000000061135e+01,1.426606304464718846e+02,3.069633349030470360e+00,3.069633349030470360e+00
2.183000000000061291e+01,1.427220281704145464e+02,3.070138829512104817e+00,3.070138829512104817e+00
2.184000000000061448e+01,1.427834359996579110e+02,3.070643879313065927e+00,3.070643879313065927e+00
2.185000000000061604e+01,1.428448539255925311e+02,3.071148498869326726e+00,3.071148498869326726e+00
2.186000000000061760e+01,1.429062819396180259e+02,3.071652688616833160e+00,3.071652688616833160e+00
2.187000000000061917e+01,1.429677200331425695e+02,3.072156448991500088e+00,3.072156448991500088e+00
2.188000000000062073e+01,1.430291681975829476e+02,3.072659780429229937e+00,3.072659780429229937e+00
2.189000000000062229e+01,1.430906264243648991e+02,3.073162683365883385e+00,3.073162683365883385e+00
2.190000000000062386e+01,1.431520947049227175e+02,3.073665158237279371e+00,3.073665158237279371e+00
2.191000000000062542e+01,1.432135730306993935e+02,3.074167205479186205e+00,3.074167205479186205e+00
2.192000000000062698e+01,1.432750613931468138e+02,3.074668825527322014e+00,3.074668825527322014e+00
2.193000000000062855e+01,1.433365597837254768e+02,3.075170018817351636e+00,3.075170018817351636e+00
2.194000000000063011e+01,1.433980681939043791e+02,3.075670785784877737e+00,3.075670785784877737e+00
2.195000000000063167e+01,1.434595866151616121e+02,3.076171126865443028e+00,3.076171126865443028e+00
2.196000000000063324e+01,1.435211150389837371e+02,3.076671042494513841e+00,3.076671042494513841e+00
2.197000000000063480e+01,1.435826534568660975e+02,3.077170533107481010e+00,3.077170533107481010e+00
2.198000000000063636e+01,1.436442018603127053e+02,3.077669599139659873e+00,3.077669599139659873e+00
2.199000000000063793e+01,1.437057602408361845e+02,3.078168241026261853e+00,3.078168241026261853e+00
2.200000000000063949e+01,1.437673285899582254e+02,3.078666459202424210e+00,3.078666459202424210e+00
2.201000000000064105e+01,1.438289068992088460e+02,3.079164254103186948e+00,3.079164254103186948e+00
2.202000000000064261e+01,1.438904951601267328e+02,3.079661626163491484e+00,3.079661626163491484e+00
2.203000000000064418e+01,1.439520933642596958e+02,3.080158575818170874e+00,3.080158575818170874e+00
2.204000000000064574e+01,1.440137015031637304e+02,3.080655103501953374e+00,3.080655103501953374e+00
2.205000000000064730e+01,1.440753195684039270e+02,3.081151209649453993e+00,3.081151209649453993e+00
2.206000000000064887e+01,1.441369475515539023e+02,3.081646894695172278e+00,3.081646894695172278e+00
2.207000000000065043e+01,1.441985854441958566e+02,3.082142159073467891e+00,3.082142159073467891e+00
2.208000000000065199e+01,1.442602332379208860e+02,3.082637003218579697e+00,3.082637003218579697e+00
2.209000000000065356e+01,1.443218909243286419e+02,3.083131427564635985e+00,3.083131427564635985e+00
2.210000000000065512e+01,1.443835584950274438e+02,3.083625432545614942e+00,3.083625432545614942e+00
2.211000000000065668e+01,1.444452359416343654e+02,3.084119018595356643e+00,3.084119018595356643e+00
2.212000000000065825e+01,1.445069232557751207e+02,3.084612186147552837e+00,3.084612186147552837e+00
2.213000000000065981e+01,1.445686204290841204e+02,3.085104935635762491e+00,3.085104935635762491e+00
2.214000000000066137e+01,1.446303274532042735e+02,3.085597267493384255e+00,3.085597267493384255e+00
2.215000000000066294e+01,1.446920443197875557e+02,3.086089182153646693e+00,3.086089182153646693e+00
2.216000000000066450e+01,1.447537710204941561e+02,3.086580680049642478e+00,3.086580680049642478e+00
2.217000000000066606e+01,1.448155075469931319e+02,3.087071761614284870e+00,3.087071761614284870e+00
2.218000000000066763e+01,1.448772538909622654e+02,3.087562427280317934e+00,3.087562427280317934e+00
2.219000000000066919e+01,1.449390100440878939e+02,3.088052677480326746e+00,3.088052677480326746e+00
2.220000000000067075e+01,1.450007759980649951e+02,3.088542512646715643e+00,3.088542512646715643e+00
2.221000000000067232e+01,1.450625517445972150e+02,3.089031933211704217e+00,3.089031933211704217e+00
2.222000000000067388e+01,1.451243372753968686e+02,3.089520939607333538e+00,3.089520939607333538e+00
2.223000000000067544e+01,1.451861325821847970e+02,3.090009532265458603e+00,3.090009532265458603e+00
2.224000000000067701e+01,1.452479376566907661e+02,3.090497711617743004e+00,3.090497711617743004e+00
2.225000000000067857e+01,1.453097524906528122e+02,3.090985478095656713e+00,3.090985478095656713e+00
2.226000000000068013e+01,1.453715770758178678e+02,3.091472832130471193e+00,3.091472832130471193e+00
2.227000000000068169e+01,1.454334114039412214e+02,3.091959774153275831e+00,3.091959774153275831e+00
2.228000000000068326e+01,1.454952554667870857e+02,3.092446304594925532e+00,3.092446304594925532e+00
2.229000000000068482e+01,1.455571092561281148e+02,3.092932423886066928e+00,3.092932423886066928e+00
2.230000000000068638e+01,1.456189727637456315e+02,3.093418132457154357e+00,3.093418132457154357e+00
2.231000000000068795e+01,1.456808459814294281e+02,3.093903430738422333e+00,3.093903430738422333e+00
2.232000000000068951e+01,1.457427289009781362e+02,3.094388319159889988e+00,3.094388319159889988e+00
2.233000000000069107e+01,1.458046215141987716e+02,3.094872798151341087e+00,3.094872798151341087e+00
2.234000000000069264e+01,1.458665238129071327e+02,3.095356868142346229e+00,3.095356868142346229e+00
2.235000000000069420e+01,1.459284357889273736e+02,3.095840529562254417e+00,3.095840529562254417e+00
2.236000000000069576e+01,1.459903574340924308e+02,3.096323782840167294e+00,3.096323782840167294e+00
2.237000000000069733e+01,1.460522887402437391e+02,3.096806628404964457e+00,3.096806628404964457e+00
2.238000000000069889e+01,1.461142296992313447e+02,3.097289066685287473e+00,3.097289066685287473e+00
2.239000000000070045e+01,1.461761803029138491e+02,3.097771098109534549e+00,3.097771098109534549e+00
2.240000000000070202e+01,1.462381405431584085e+02,3.098252723105856088e+00,3.098252723105856088e+00
2.241000000000070358e+01,1.463001104118407341e+02,3.098733942102157801e+00,3.098733942102157801e+00
2.242000000000070514e+01,1.463620899008451204e+02,3.099214755526105147e+00,3.099214755526105147e+00
2.243000000000070671e+01,1.464240790020643601e+02,3.099695163805100240e+00,3.099695163805100240e+00
2.244000000000070827e+01,1.464860777073998861e+02,3.100175167366284068e+00,3.100175167366284068e+00
2.245000000000070983e+01,1.465480860087614872e+02,3.100654766636552040e+00,3.100654766636552040e+00
2.246000000000071140e+01,1.466101038980678197e+02,3.101133962042551762e+00,3.101133962042551762e+00
2.247000000000071296e+01,1.466721313672456688e+02,3.101612754010642625e+00,3.101612754010642625e+00
2.248000000000071452e+01,1.467341684082306585e+02,3.102091142966918014e+00,3.102091142966918014e+00
2.249000000000071608e+01,1.467962150129666838e+02,3.102569129337223952e+00,3.102569129337223952e+00
2.250000000000071765e+01,1.468582711734064787e+02,3.103046713547119140e+00,3.103046713547119140e+00
2.251000000000071921e+01,1.469203368815109343e+02,3.103523896021885164e+00,3.103523896021885164e+00
2.252000000000072077e+01,1.469824121292496670e+02,3.104000677186531387e+00,3.104000677186531387e+00
2.253000000000072234e+01,1.470444969086006211e+02,3.104477057465785617e+00,3.104477057465785617e+00
2.254000000000072390e+01,1.471065912115504659e+02,3.104953037284097217e+00,3.104953037284097217e+00
2.255000000000072546e+01,1.471686950300942840e+02,3.105428617065632224e+00,3.105428617065632224e+00
2.256000000000072703e+01,1.472308083562353431e+02,3.105903797234254249e+00,3.105903797234254249e+00
2.257000000000072859e+01,1.472929311819857219e+02,3.106378578213552455e+00,3.106378578213552455e+00
2.258000000000073015e+01,1.473550634993659969e+02,3.106852960426822463e+00,3.106852960426822463e+00
2.259000000000073172e+01,1.474172053004048450e+02,3.107326944297061022e+00,3.107326944297061022e+00
2.260000000000073328e+01,1.474793565771398107e+02,3.107800530246966009e+00,3.107800530246966009e+00
2.261000000000073484e+01,1.475415173216167659e+02,3.108273718698940868e+00,3.108273718698940868e+00
2.262000000000073641e+01,1.476036875258898249e+02,3.108746510075091507e+00,3.108746510075091507e+00
2.263000000000073797e+01,1.476658671820217705e+02,3.109218904797205418e+00,3.109218904797205418e+00
2.264000000000073953e+01,1.477280562820836565e+02,3.109690903286782326e+00,3.109690903286782326e+00
2.265000000000074110e+01,1.477902548181551765e+02,3.110162505965001767e+00,3.110162505965001767e+00
2.266000000000074266e+01,1.478524627823242099e+02,3.110633713252730637e+00,3.110633713252730637e+00
2.267000000000074422e+01,1.479146801666871625e+02,3.111104525570523638e+00,3.111104525570523638e+00
2.268000000000074579e+01,1.479769069633488527e+02,3.111574943338625499e+00,3.111574943338625499e+00
2.269000000000074735e+01,1.480391431644225406e+02,3.112044966976962979e+00,3.112044966976962979e+00
2.270000000000074891e+01,1.481013887620297282e+02,3.112514596905144426e+00,3.112514596905144426e+00
2.271000000000075048e+01,1.481636437483004727e+02,3.112983833542459333e+00,3.112983833542459333e+00
2.272000000000075204e+01,1.482259081153732154e+02,3.113452677307865901e+00,3.113452677307865901e+00
2.273000000000075360e+01,1.482881818553944981e+02,3.113921128620000811e+00,3.113921128620000811e+00
2.274000000000075516e+01,1.483504649605196448e+02,3.114389187897180111e+00,3.114389187897180111e+00
2.275000000000075673e+01,1.484127574229121080e+02,3.114856855557382787e+00,3.114856855557382787e+00
2.276000000000075829e+01,1.484750592347436395e+02,3.115324132018258307e+00,3.115324132018258307e+00
2.277000000000075985e+01,1.485373703881944891e+02,3.115791017697121301e+00,3.115791017697121301e+00
2.278000000000076142e+01,1.485996908754531205e+02,3.116257513010957769e+00,3.116257513010957769e+00
2.279000000000076298e+01,1.486620206887164954e+02,3.116723618376422422e+00,3.116723618376422422e+00
2.280000000000076454e+01,1.487243598201897612e+02,3.117189334209820473e+00,3.117189334209820473e+00
2.281000000000076611e+01,1.487867082620864494e+02,3.117654660927112964e+00,3.117654660927112964e+00
2.282000000000076767e+01,1.488490660066283908e+02,3.118119598943924320e+00,3.118119598943924320e+00
2.283000000000076923e+01,1.489114330460456870e+02,3.118584148675546341e+00,3.118584148675546341e+00
2.284000000000077080e+01,1.489738093725768806e+02,3.119048310536908897e+00,3.119048310536908897e+00
2.285000000000077236e+01,1.490361949784686431e+02,3.119512084942605679e+00,3.119512084942605679e+00
2.286000000000077392e+01,1.490985898559760017e+02,3.119975472306876441e+00,3.119975472306876441e+00
2.287000000000077549e+01,1.491609939973623966e+02,3.120438473043613659e+00,3.120438473043613659e+00
2.288000000000077705e+01,1.492234073948991409e+02,3.120901087566354093e+00,3.120901087566354093e+00
2.289000000000077861e+01,1.492858300408663581e+02,3.121363316288278789e+00,3.121363316288278789e+00
2.290000000000078018e+01,1.493482619275520733e+02,3.121825159622225065e+00,3.121825159622225065e+00
2.291000000000078174e+01,1.494107030472525821e+02,3.122286617980667423e+00,3.122286617980667423e+00
2.292000000000078330e+01,1.494731533922726214e+02,3.122747691775719758e+00,3.122747691775719758e+00
2.293000000000078487e+01,1.495356129549249715e+02,3.123208381419139368e+00,3.123208381419139368e+00
2.294000000000078643e+01,1.495980817275306833e+02,3.123668687322322501e+00,3.123668687322322501e+00
2.295000000000078799e+01,1.496605597024190786e+02,3.124128609896299036e+00,3.124128609896299036e+00
2.296000000000078956e+01,1.497230468719278065e+02,3.124588149551734251e+00,3.124588149551734251e+00
2.297000000000079112e+01,1.497855432284023891e+02,3.125047306698929717e+00,3.125047306698929717e+00
2.298000000000079268e+01,1.498480487641970171e+02,3.125506081747831733e+00,3.125506081747831733e+00
2.299000000000079424e+01,1.499105634716734698e+02,3.125964475108010454e+00,3.125964475108010454e+00
2.300000000000079581e+01,1.499730873432024794e+02,3.126422487188652344e+00,3.126422487188652344e+00
2.301000000000079737e+01,1.500356203711623095e+02,3.126880118398583264e+00,3.126880118398583264e+00
2.302000000000079893e+01,1.500981625479395802e+02,3.127337369146262258e+00,3.127337369146262258e+00
2.303000000000080050e+01,1.501607138659292104e+02,3.127794239839778889e+00,3.127794239839778889e+00
2.304000000000080206e+01,1.502232743175343330e+02,3.128250730886833697e+00,3.128250730886833697e+00
2.305000000000080362e+01,1.502858438951658400e+02,3.128706842694760848e+00,3.128706842694760848e+00
2.306000000000080519e+01,1.503484225912432066e+02,3.129162575670517477e+00,3.129162575670517477e+00
2.307000000000080675e+01,1.504110103981937527e+02,3.129617930220674804e+00,3.129617930220674804e+00
2.308000000000080831e+01,1.504736073084530972e+02,3.130072906751427020e+00,3.130072906751427020e+00
2.309000000000080988e+01,1.505362133144648737e+02,3.130527505668591282e+00,3.130527505668591282e+00
2.310000000000081144e+01,1.505988284086808164e+02,3.130981727377598389e+00,3.130981727377598389e+00
2.311000000000081300e+01,1.506614525835609868e+02,3.131435572283507440e+00,3.131435572283507440e+00
2.312000000000081457e+01,1.507240858315732055e+02,3.131889040790988066e+00,3.131889040790988066e+00
2.313000000000081613e+01,1.507867281451935639e+02,3.132342133304316434e+00,3.132342133304316434e+00
2.314000000000081769e+01,1.508493795169062821e+02,3.132794850227386796e+00,3.132794850227386796e+00
2.315000000000081926e+01,1.509120399392036518e+02,3.133247191963712819e+00,3.133247191963712819e+00
2.316000000000082082e+01,1.509747094045858660e+02,3.133699158916408045e+00,3.133699158916408045e+00
2.317000000000082238e+01,1.510373879055612747e+02,3.134150751488204101e+00,3.134150751488204101e+00
2.318000000000082395e+01,1.511000754346462998e+02,3.134601970081438260e+00,3.134601970081438260e+00
2.319000000000082551e+01,1.511627719843653779e+02,3.135052815098072543e+00,3.135052815098072543e+00
2.320000000000082707e+01,1.512254775472511028e+02,3.135503286939664402e+00,3.135503286939664402e+00
2.321000000000082863e+01,1.512881921158438558e+02,3.135953386007364507e+00,3.135953386007364507e+00
2.322000000000083020e+01,1.513509156826922890e+02,3.136403112701953155e+00,3.136403112701953155e+00
2.323000000000083176e+01,1.514136482403528134e+02,3.136852467423799418e+00,3.136852467423799418e+00
2.324000000000083332e+01,1.514763897813901394e+02,3.137301450572893557e+00,3.137301450572893557e+00
2.325000000000083489e+01,1.515391402983765374e+02,3.137750062548805730e+00,3.137750062548805730e+00
2.326000000000083645e+01,1.516018997838928613e+02,3.138198303750722840e+00,3.138198303750722840e+00
2.327000000000083801e+01,1.516646682305274112e+02,3.138646174577436998e+00,3.138646174577436998e+00
2.328000000000083958e+01,1.517274456308767299e+02,3.139093675427337971e+00,3.139093675427337971e+00
2.329000000000084114e+01,1.517902319775452895e+02,3.139540806698406072e+00,3.139540806698406072e+00
2.330000000000084270e+01,1.518530272631454920e+02,3.139987568788228156e+00,3.139987568788228156e+00
2.331000000000084427e+01,1.519158314802976122e+02,3.140433962093990061e+00,3.140433962093990061e+00
2.332000000000084583e+01,1.519786446216299396e+02,3.140879987012470842e+00,3.140879987012470842e+00
2.333000000000084739e+01,1.520414666797788641e+02,3.141325643940056089e+00,3.141325643940056089e+00
2.334000000000084896e+01,1.521042976473883073e+02,3.141770933272720612e+00,3.141770933272720612e+00
2.335000000000085052e+01,1.521671375171104614e+02,3.142215855406029323e+00,3.142215855406029323e+00
2.336000000000085208e+01,1.522299862816052780e+02,3.142660410735147014e+00,3.142660410735147014e+00
2.337000000000085365e+01,1.522928439335406097e+02,3.143104599654841902e+00,3.143104599654841902e+00
2.338000000000085521e+01,1.523557104655922103e+02,3.143548422559465649e+00,3.143548422559465649e+00
2.339000000000085677e+01,1.524185858704436498e+02,3.143991879842956028e+00,3.143991879842956028e+00
2.340000000000085834e+01,1.524814701407865414e+02,3.144434971898856901e+00,3.144434971898856901e+00
2.341000000000085990e+01,1.525443632693202858e+02,3.144877699120303127e+00,3.144877699120303127e+00
2.342000000000086146e+01,1.526072652487520145e+02,3.145320061900006792e+00,3.145320061900006792e+00
2.343000000000086303e+01,1.526701760717969023e+02,3.145762060630282075e+00,3.145762060630282075e+00
2.344000000000086459e+01,1.527330957311778548e+02,3.146203695703026604e+00,3.146203695703026604e+00
2.345000000000086615e+01,1.527960242196256786e+02,3.146644967509729884e+00,3.146644967509729884e+00
2.346000000000086771e+01,1.528589615298788260e+02,3.147085876441477303e+00,3.147085876441477303e+00
2.347000000000086928e+01,1.529219076546839347e+02,3.147526422888927478e+00,3.147526422888927478e+00
2.348000000000087084e+01,1.529848625867950318e+02,3.147966607242332682e+00,3.147966607242332682e+00
2.349000000000087240e+01,1.530478263189742165e+02,3.148406429891525526e+00,3.148406429891525526e+00
2.350000000000087397e+01,1.531107988439913186e+02,3.148845891225943827e+00,3.148845891225943827e+00
2.351000000000087553e+01,1.531737801546238416e+02,3.149284991634600406e+00,3.149284991634600406e+00
2.352000000000087709e+01,1.532367702436571619e+02,3.149723731506093749e+00,3.149723731506093749e+00
2.353000000000087866e+01,1.532997691038846142e+02,3.150162111228599571e+00,3.150162111228599571e+00
2.354000000000088022e+01,1.533627767281068941e+02,3.150600131189881914e+00,3.150600131189881914e+00
2.355000000000088178e+01,1.534257931091327691e+02,3.151037791777300257e+00,3.151037791777300257e+00
2.356000000000088335e+01,1.534888182397785670e+02,3.151475093377797076e+00,3.151475093377797076e+00
2.357000000000088491e+01,1.535518521128684029e+02,3.151912036377875204e+00,3.151912036377875204e+00
2.358000000000088647e+01,1.536148947212342080e+02,3.152348621163639564e+00,3.152348621163639564e+00
2.359000000000088804e+01,1.536779460577155021e+02,3.152784848120778527e+00,3.152784848120778527e+00
2.360000000000088960e+01,1.537410061151595357e+02,3.153220717634551917e+00,3.153220717634551917e+00
2.361000000000089116e+01,1.538040748864212901e+02,3.153656230089800339e+00,3.153656230089800339e+00
2.362000000000089273e+01,1.538671523643636192e+02,3.154091385870966491e+00,3.154091385870966491e+00
2.363000000000089429e+01,1.539302385418566246e+02,3.154526185362060531e+00,3.154526185362060531e+00
2.364000000000089585e+01,1.539933334117785080e+02,3.154960628946668511e+00,3.154960628946668511e+00
2.365000000000089742e+01,1.540564369670150597e+02,3.155394717007958594e+00,3.155394717007958594e+00
2.366000000000089898e+01,1.541195492004593746e+02,3.155828449928677504e+00,3.155828449928677504e+00
2.367000000000090054e+01,1.541826701050126474e+02,3.156261828091156740e+00,3.156261828091156740e+00
2.368000000000090211e+01,1.542457996735834627e+02,3.156694851877305030e+00,3.156694851877305030e+00
2.369000000000090367e+01,1.543089378990881357e+02,3.157127521668611436e+00,3.157127521668611436e+00
2.370000000000090523e+01,1.543720847744505704e+02,3.157559837846152906e+00,3.157559837846152906e+00
2.371000000000090679e+01,1.544352402926023444e+02,3.157991800790563186e+00,3.157991800790563186e+00
2.372000000000090836e+01,1.544984044464826525e+02,3.158423410882066573e+00,3.158423410882066573e+00
2.373000000000090992e+01,1.545615772290381074e+02,3.158854668500459262e+00,3.158854668500459262e+00
2.374000000000091148e+01,1.546247586332231094e+02,3.159285574025127996e+00,3.159285574025127996e+00
2.375000000000091305e+01,1.546879486519995339e+02,3.159716127835041632e+00,3.159716127835041632e+00
2.376000000000091461e+01,1.547511472783368731e+02,3.160146330308723606e+00,3.160146330308723606e+00
2.377000000000091617e+01,1.548143545052122363e+02,3.160576181824280351e+00,3.160576181824280351e+00
2.378000000000091774e+01,1.548775703256102645e+02,3.161005682759406632e+00,3.161005682759406632e+00
2.379000000000091930e+01,1.549407947325229600e+02,3.161434833491363783e+00,3.161434833491363783e+00
2.380000000000092086e+01,1.550040277189502547e+02,3.161863634396994360e+00,3.161863634396994360e+00
2.381000000000092243e+01,1.550672692778992712e+02,3.162292085852708823e+00,3.162292085852708823e+00
2.382000000000092399e+01,1.551305194023847491e+02,3.162720188234508178e+00,3.162720188234508178e+00
2.383000000000092555e+01,1.551937780854290452e+02,3.163147941917967554e+00,3.163147941917967554e+00
2.384000000000092712e+01,1.552570453200618203e+02,3.163575347278233973e+00,3.163575347278233973e+00
2.385000000000092868e+01,1.553203210993205232e+02,3.164002404690023695e+00,3.164002404690023695e+00
2.386000000000093024e+01,1.553836054162497078e+02,3.164429114527639975e+00,3.164429114527639975e+00
2.387000000000093181e+01,1.554468982639018861e+02,3.164855477164952191e+00,3.164855477164952191e+00
2.388000000000093337e+01,1.555101996353366758e+02,3.165281492975412281e+00,3.165281492975412281e+00
2.389000000000093493e+01,1.555735095236212828e+02,3.165707162332033864e+00,3.165707162332033864e+00
2.390000000000093650e+01,1.556368279218303314e+02,3.166132485607411784e+00,3.166132485607411784e+00
2.391000000000093806e+01,1.557001548230458638e+02,3.166557463173733211e+00,3.166557463173733211e+00
2.392000000000093962e+01,1.557634902203575393e+02,3.166982095402744779e+00,3.166982095402744779e+00
2.393000000000094118e+01,1.558268341068622931e+02,3.167406382665776121e+00,3.167406382665776121e+00
2.394000000000094275e+01,1.558901864756644784e+02,3.167830325333720332e+00,3.167830325333720332e+00
2.395000000000094431e+01,1.559535473198759519e+02,3.168253923777056613e+00,3.168253923777056613e+00
2.396000000000094587e+01,1.560169166326158745e+02,3.168677178365836511e+00,3.168677178365836511e+00
2.397000000000094744e+01,1.560802944070108254e+02,3.169100089469671921e+00,3.169100089469671921e+00
2.398000000000094900e+01,1.561436806361949152e+02,3.169522657457760406e+00,3.169522657457760406e+00
2.399000000000095056e+01,1.562070753133094456e+02,3.169944882698887412e+00,3.169944882698887412e+00
2.400000000000095213e+01,1.562704784315031361e+02,3.170366765561400957e+00,3.170366765561400957e+00
2.401000000000095369e+01,1.563338899839321527e+02,3.170788306413218294e+00,3.170788306413218294e+00
2.402000000000095525e+01,1.563973099637599660e+02,3.171209505621839231e+00,3.171209505621839231e+00
2.403000000000095682e+01,1.564607383641573222e+02,3.171630363554326149e+00,3.171630363554326149e+00
2.404000000000095838e+01,1.565241751783023858e+02,3.172050880577322207e+00,3.172050880577322207e+00
2.405000000000095994e+01,1.565876203993806541e+02,3.172471057057068666e+00,3.172471057057068666e+00
2.406000000000096151e+01,1.566510740205849572e+02,3.172890893359367137e+00,3.172890893359367137e+00
2.407000000000096307e+01,1.567145360351153158e+02,3.173310389849575142e+00,3.173310389849575142e+00
2.408000000000096463e+01,1.567780064361791119e+02,3.173729546892632314e+00,3.173729546892632314e+00
2.409000000000096620e+01,1.568414852169912024e+02,3.174148364853064841e+00,3.174148364853064841e+00
2.410000000000096776e+01,1.569049723707734927e+02,3.174566844094967255e+00,3.174566844094967255e+00
2.411000000000096932e+01,1.569684678907552779e+02,3.174984984982007319e+00,3.174984984982007319e+00
2.412000000000097089e+01,1.570319717701730156e+02,3.175402787877439348e+00,3.175402787877439348e+00
2.413000000000097245e+01,1.570954840022706094e+02,3.175820253144079786e+00,3.175820253144079786e+00
2.414000000000097401e+01,1.571590045802990403e+02,3.176237381144322303e+00,3.176237381144322303e+00
2.415000000000097558e+01,1.572225334975165936e+02,3.176654172240140461e+00,3.176654172240140461e+00
2.416000000000097714e+01,1.572860707471888304e+02,3.177070626793082386e+00,3.177070626793082386e+00
2.417000000000097870e+01,1.573496163225885311e+02,3.177486745164269433e+00,3.177486745164269433e+00
2.418000000000098026e+01,1.574131702169956100e+02,3.177902527714404179e+00,3.177902527714404179e+00
2.419000000000098183e+01,1.574767324236973423e+02,3.178317974803755774e+00,3.178317974803755774e+00
2.420000000000098339e+01,1.575403029359879667e+02,3.178733086792174589e+00,3.178733086792174589e+00
2.421000000000098495e+01,1.576038817471691971e+02,3.179147864039089111e+00,3.179147864039089111e+00
2.422000000000098652e+01,1.576674688505497102e+02,3.179562306903499724e+00,3.179562306903499724e+00
2.423000000000098808e+01,1.577310642394455442e+02,3.179976415743979601e+00,3.179976415743979601e+00
2.424000000000098964e+01,1.577946679071796154e+02,3.180390190918686688e+00,3.180390190918686688e+00
2.425000000000099121e+01,1.578582798470825139e+02,3.180803632785349944e+00,3.180803632785349944e+00
2.426000000000099277e+01,1.579219000524912531e+02,3.181216741701273332e+00,3.181216741701273332e+00
2.427000000000099433e+01,1.579855285167506906e+02,3.181629518023348702e+00,3.181629518023348702e+00
2.428000000000099590e+01,1.580491652332123920e+02,3.182041962108029143e+00,3.182041962108029143e+00
2.429000000000099746e+01,1.581128101952351699e+02,3.182454074311348080e+00,3.182454074311348080e+00
2.430000000000099902e+01,1.581764633961849995e+02,3.182865854988926824e+00,3.182865854988926824e+00
2.431000000000100059e+01,1.582401248294349045e+02,3.183277304495948812e+00,3.183277304495948812e+00
2.432000000000100215e+01,1.583037944883650425e+02,3.183688423187185368e+00,3.183688423187185368e+00
2.433000000000100371e+01,1.583674723663625628e+02,3.184099211416994368e+00,3.184099211416994368e+00
2.434000000000100528e+01,1.584311584568218905e+02,3.184509669539301147e+00,3.184509669539301147e+00
2.435000000000100684e+01,1.584948527531443574e+02,3.184919797907602934e+00,3.184919797907602934e+00
2.436000000000100840e+01,1.585585552487384007e+02,3.185329596874974634e+00,3.185329596874974634e+00
2.437000000000100997e+01,1.586222659370194492e+02,3.185739066794079033e+00,3.185739066794079033e+00
2.438000000000101153e+01,1.586859848114102647e+02,3.186148208017161920e+00,3.186148208017161920e+00
2.439000000000101309e+01,1.587497118653403163e+02,3.186557020896042314e+00,3.186557020896042314e+00
2.440000000000101466e+01,1.588134470922462356e+02,3.186965505782117347e+00,3.186965505782117347e+00
2.441000000000101622e+01,1.588771904855717594e+02,3.187373663026355164e+00,3.187373663026355164e+00
2.442000000000101778e+01,1.589409420387674743e+02,3.187781492979312237e+00,3.187781492979312237e+00
2.443000000000101934e+01,1.590047017452910438e+02,3.188188995991125818e+00,3.188188995991125818e+00
2.444000000000102091e+01,1.590684695986072938e+02,3.188596172411511276e+00,3.188596172411511276e+00
2.445000000000102247e+01,1.591322455921876156e+02,3.189003022589768754e+00,3.189003022589768754e+00
2.446000000000102403e+01,1.591960297195109604e+02,3.189409546874766743e+00,3.189409546874766743e+00
2.447000000000102560e+01,1.592598219740627883e+02,3.189815745614962061e+00,3.189815745614962061e+00
2.448000000000102716e+01,1.593236223493356931e+02,3.190221619158394972e+00,3.190221619158394972e+00
2.449000000000102872e+01,1.593874308388292320e+02,3.190627167852683410e+00,3.190627167852683410e+00
2.450000000000103029e+01,1.594512474360499255e+02,3.191032392045033639e+00,3.191032392045033639e+00
2.451000000000103185e+01,1.595150721345112004e+02,3.191437292082227817e+00,3.191437292082227817e+00
2.452000000000103341e+01,1.595789049277333334e+02,3.191841868310618224e+00,3.191841868310618224e+00
2.453000000000103498e+01,1.596427458092436780e+02,3.192246121076156573e+00,3.192246121076156573e+00
2.454000000000103654e+01,1.597065947725764943e+02,3.192650050724379351e+00,3.192650050724379351e+00
2.455000000000103810e+01,1.597704518112728351e+02,3.193053657600394946e+00,3.193053657600394946e+00
2.456000000000103967e+01,1.598343169188806883e+02,3.193456942048893410e+00,3.193456942048893410e+00
2.457000000000104123e+01,1.598981900889548626e+02,3.193859904414146023e+00,3.193859904414146023e+00
2.458000000000104279e+01,1.599620713150572726e+02,3.194262545040020829e+00,3.194262545040020829e+00
2.459000000000104436e+01,1.600259605907565685e+02,3.194664864269962656e+00,3.194664864269962656e+00
2.460000000000104592e+01,1.600898579096282219e+02,3.195066862447002443e+00,3.195066862447002443e+00
2.461000000000104748e+01,1.601537632652545540e+02,3.195468539913757677e+00,3.195468539913757677e+00
2.462000000000104905e+01,1.602176766512248776e+02,3.195869897012423522e+00,3.195869897012423522e+00
2.463000000000105061e+01,1.602815980611351563e+02,3.196270934084779469e+00,3.196270934084779469e+00
2.464000000000105217e+01,1.603455274885884023e+02,3.196671651472195563e+00,3.196671651472195563e+00
2.465000000000105373e+01,1.604094649271941648e+02,3.197072049515634173e+00,3.197072049515634173e+00
2.466000000000105530e+01,1.604734103705690984e+02,3.197472128555634896e+00,3.197472128555634896e+00
2.467000000000105686e+01,1.605373638123364799e+02,3.197871888932314555e+00,3.197871888932314555e+00
2.468000000000105842e+01,1.606013252461265211e+02,3.198271330985394734e+00,3.198271330985394734e+00
2.469000000000105999e+01,1.606652946655760275e+02,3.198670455054171580e+00,3.198670455054171580e+00
2.470000000000106155e+01,1.607292720643287112e+02,3.199069261477528681e+00,3.199069261477528681e+00
2.471000000000106311e+01,1.607932574360351907e+02,3.199467750593950832e+00,3.199467750593950832e+00
2.472000000000106468e+01,1.608572507743525648e+02,3.199865922741496949e+00,3.199865922741496949e+00
2.473000000000106624e+01,1.609212520729449238e+02,3.200263778257818270e+00,3.200263778257818270e+00
2.474000000000106780e+01,1.609852613254829805e+02,3.200661317480150814e+00,3.200661317480150814e+00
2.475000000000106937e+01,1.610492785256442403e+02,3.201058540745328695e+00,3.201058540745328695e+00
2.476000000000107093e+01,1.611133036671128593e+02,3.201455448389765479e+00,3.201455448389765479e+00
2.477000000000107249e+01,1.611773367435799003e+02,3.201852040749474604e+00,3.201852040749474604e+00
2.478000000000107406e+01,1.612413777487429343e+02,3.202248318160048957e+00,3.202248318160048957e+00
2.479000000000107562e+01,1.613054266763064390e+02,3.202644280956669309e+00,3.202644280956669309e+00
2.480000000000107718e+01,1.613694835199812871e+02,3.203039929474123415e+00,3.203039929474123415e+00
2.481000000000107875e+01,1.614335482734854281e+02,3.203435264046777142e+00,3.203435264046777142e+00
2.482000000000108031e+01,1.614976209305432349e+02,3.203830285008584688e+00,3.203830285008584688e+00
2.483000000000108187e+01,1.615617014848858446e+02,3.204224992693105012e+00,3.204224992693105012e+00
2.484000000000108344e+01,1.616257899302510452e+02,3.204619387433488509e+00,3.204619387433488509e+00
2.485000000000108500e+01,1.616898862603832754e+02,3.205013469562457473e+00,3.205013469562457473e+00
2.486000000000108656e+01,1.617539904690335959e+02,3.205407239412342069e+00,3.205407239412342069e+00
2.487000000000108813e+01,1.618181025499598036e+02,3.205800697315052794e+00,3.205800697315052794e+00
2.488000000000108969e+01,1.618822224969262891e+02,3.206193843602114679e+00,3.206193843602114679e+00
2.489000000000109125e+01,1.619463503037040084e+02,3.206586678604635754e+00,3.206586678604635754e+00
2.490000000000109281e+01,1.620104859640705399e+02,3.206979202653317262e+00,3.206979202653317262e+00
2.491000000000109438e+01,1.620746294718101979e+02,3.207371416078464321e+00,3.207371416078464321e+00
2.492000000000109594e+01,1.621387808207137766e+02,3.207763319209957942e+00,3.207763319209957942e+00
2.493000000000109750e+01,1.622029400045786645e+02,3.208154912377287005e+00,3.208154912377287005e+00
2.494000000000109907e+01,1.622671070172089003e+02,3.208546195909534493e+00,3.208546195909534493e+00
2.495000000000110063e+01,1.623312818524150600e+02,3.208937170135377492e+00,3.208937170135377492e+00
2.496000000000110219e+01,1.623954645040143419e+02,3.209327835383099181e+00,3.209327835383099181e+00
2.497000000000110376e+01,1.624596549658304809e+02,3.209718191980559965e+00,3.209718191980559965e+00
2.498000000000110532e+01,1.625238532316936357e+02,3.210108240255236556e+00,3.210108240255236556e+00
2.499000000000110688e+01,1.625880592954407007e+02,3.210497980534192219e+00,3.210497980534192219e+00
2.500000000000110845e+01,1.626522731509150503e+02,3.210887413144086544e+00,3.210887413144086544e+00
2.501000000000111001e+01,1.627164947919665394e+02,3.211276538411184323e+00,3.211276538411184323e+00
2.502000000000111157e+01,1.627807242124515597e+02,3.211665356661347559e+00,3.211665356661347559e+00
2.503000000000111314e+01,1.628449614062330397e+02,3.212053868220030139e+00,3.212053868220030139e+00
2.504000000000111470e+01,1.629092063671804169e+02,3.212442073412295152e+00,3.212442073412295152e+00
2.505000000000111626e+01,1.629734590891695518e+02,3.212829972562801117e+00,3.212829972562801117e+00
2.506000000000111783e+01,1.630377195660830125e+02,3.213217565995809544e+00,3.213217565995809544e+00
2.507000000000111939e+01,1.631019877918094494e+02,3.213604854035176039e+00,3.213604854035176039e+00
2.508000000000112095e+01,1.631662637602444761e+02,3.213991837004358754e+00,3.213991837004358754e+00
2.509000000000112252e+01,1.632305474652896748e+02,3.214378515226425925e+00,3.214378515226425925e+00
2.510000000000112408e+01,1.632948389008535344e+02,3.214764889024044781e+00,3.214764889024044781e+00
2.511000000000112564e+01,1.633591380608506825e+02,3.215150958719478869e+00,3.215150958719478869e+00
2.512000000000112720e+01,1.634234449392023691e+02,3.215536724634592947e+00,3.215536724634592947e+00
2.513000000000112877e+01,1.634877595298360973e+02,3.215922187090860085e+00,3.215922187090860085e+00
2.514000000000113033e+01,1.635520818266861056e+02,3.216307346409358114e+00,3.216307346409358114e+00
2.515000000000113189e+01,1.636164118236926015e+02,3.216692202910763410e+00,3.216692202910763410e+00
2.516000000000113346e+01,1.636807495148024998e+02,3.217076756915359326e+00,3.217076756915359326e+00
2.517000000000113502e+01,1.637450948939692523e+02,3.217461008743032203e+00,3.217461008743032203e+00
2.518000000000113658e+01,1.638094479551522511e+02,3.217844958713271364e+00,3.217844958713271364e+00
2.519000000000113815e+01,1.638738086923177661e+02,3.218228607145179776e+00,3.218228607145179776e+00
2.520000000000113971e+01,1.639381770994381498e+02,3.218611954357462057e+00,3.218611954357462057e+00
2.521000000000114127e+01,1.640025531704921491e+02,3.218995000668434248e+00,3.218995000668434248e+00
2.522000000000114284e+01,1.640669368994649346e+02,3.219377746396005602e+00,3.219377746396005602e+00
2.523000000000114440e+01,1.641313282803479865e+02,3.219760191857699461e+00,3.219760191857699461e+00
2.524000000000114596e+01,1.641957273071392649e+02,3.220142337370652807e+00,3.220142337370652807e+00
2.525000000000114753e+01,1.642601339738428976e+02,3.220524183251609607e+00,3.220524183251609607e+00
2.526000000000114909e+01,1.643245482744694073e+02,3.220905729816907925e+00,3.220905729816907925e+00
2.527000000000115065e+01,1.643889702030355693e+02,3.221286977382515015e+00,3.221286977382515015e+00
2.528000000000115222e+01,1.644533997535647245e+02,3.221667926263995785e+00,3.221667926263995785e+00
2.529000000000115378e+01,1.645178369200861255e+02,3.222048576776514128e+00,3.222048576776514128e+00
2.530000000000115534e+01,1.645822816966357607e+02,3.222428929234864015e+00,3.222428929234864015e+00
2.531000000000115691e+01,1.646467340772556156e+02,3.222808983953445505e+00,3.222808983953445505e+00
2.532000000000115847e+01,1.647111940559939001e+02,3.223188741246257649e+00,3.223188741246257649e+00
2.533000000000116003e+01,1.647756616269055030e+02,3.223568201426924684e+00,3.223568201426924684e+00
2.534000000000116160e+01,1.648401367840510261e+02,3.223947364808682270e+00,3.223947364808682270e+00
2.535000000000116316e+01,1.649046195214979207e+02,3.224326231704358836e+00,3.224326231704358836e+00
2.536000000000116472e+01,1.649691098333192087e+02,3.224704802426418215e+00,3.224704802426418215e+00
2.537000000000116628e+01,1.650336077135949324e+02,3.225083077286933886e+00,3.225083077286933886e+00
2.538000000000116785e+01,1.650981131564107329e+02,3.225461056597587195e+00,3.225461056597587195e+00
2.539000000000116941e+01,1.651626261558588453e+02,3.225838740669671356e+00,3.225838740669671356e+00
2.540000000000117097e+01,1.652271467060375585e+02,3.226216129814099443e+00,3.226216129814099443e+00
2.541000000000117254e+01,1.652916748010514993e+02,3.226593224341391952e+00,3.226593224341391952e+00
2.542000000000117410e+01,1.653562104350112349e+02,3.226970024561692352e+00,3.226970024561692352e+00
2.543000000000117566e+01,1.654207536020339546e+02,3.227346530784765299e+00,3.227346530784765299e+00
2.544000000000117723e+01,1.654853042962427594e+02,3.227722743319972665e+00,3.227722743319972665e+00
2.545000000000117879e+01,1.655498625117668041e+02,3.228098662476300618e+00,3.228098662476300618e+00
2.546000000000118035e+01,1.656144282427417807e+02,3.228474288562355632e+00,3.228474288562355632e+00
2.547000000000118192e+01,1.656790014833093210e+02,3.228849621886382248e+00,3.228849621886382248e+00
2.548000000000118348e+01,1.657435822276172246e+02,3.229224662756196906e+00,3.229224662756196906e+00
2.549000000000118504e+01,1.658081704698196006e+02,3.229599411479264326e+00,3.229599411479264326e+00
2.550000000000118661e+01,1.658727662040764699e+02,3.229973868362675749e+00,3.229973868362675749e+00
2.551000000000118817e+01,1.659373694245541344e+02,3.230348033713116962e+00,3.230348033713116962e+00
2.552000000000118973e+01,1.660019801254250353e+02,3.230721907836910045e+00,3.230721907836910045e+00
2.553000000000119130e+01,1.660665983008676960e+02,3.231095491039993828e+00,3.231095491039993828e+00
2.554000000000119286e+01,1.661312239450666084e+02,3.231468783627920338e+00,3.231468783627920338e+00
2.555000000000119442e+01,1.661958570522127729e+02,3.231841785905877895e+00,3.231841785905877895e+00
2.556000000000119599e+01,1.662604976165028745e+02,3.232214498178656026e+00,3.232214498178656026e+00
2.557000000000119755e+01,1.663251456321399360e+02,3.232586920750676551e+00,3.232586920750676551e+00
2.558000000000119911e+01,1.663898010933329772e+02,3.232959053925986481e+00,3.232959053925986481e+00
2.559000000000120068e+01,1.664544639942970150e+02,3.233330898008252241e+00,3.233330898008252241e+00
2.560000000000120224e+01,1.665191343292532906e+02,3.233702453300768997e+00,3.233702453300768997e+00
2.561000000000120380e+01,1.665838120924290706e+02,3.234073720106457550e+00,3.234073720106457550e+00
2.562000000000120536e+01,1.666484972780575049e+02,3.234444698727850565e+00,3.234444698727850565e+00
2.563000000000120693e+01,1.667131898803781951e+02,3.234815389467103230e+00,3.234815389467103230e+00
2.564000000000120849e+01,1.667778898936362850e+02,3.235185792626005696e+00,3.235185792626005696e+00
2.565000000000121005e+01,1.668425973120831998e+02,3.235555908505983069e+00,3.235555908505983069e+00
2.566000000000121162e+01,1.669073121299765319e+02,3.235925737408070990e+00,3.235925737408070990e+00
2.567000000000121318e+01,1.669720343415795583e+02,3.236295279632919186e+00,3.236295279632919186e+00
2.568000000000121474e+01,1.670367639411618370e+02,3.236664535480829219e+00,3.236664535480829219e+00
2.569000000000121631e+01,1.671015009229988095e+02,3.237033505251728283e+00,3.237033505251728283e+00
2.570000000000121787e+01,1.671662452813718858e+02,3.237402189245158102e+00,3.237402189245158102e+00
2.571000000000121943e+01,1.672309970105686716e+02,3.237770587760291363e+00,3.237770587760291363e+00
2.572000000000122100e+01,1.672957561048823436e+02,3.238138701095933047e+00,3.238138701095933047e+00
2.573000000000122256e+01,1.673605225586125016e+02,3.238506529550519986e+00,3.238506529550519986e+00
2.574000000000122412e+01,1.674252963660644014e+02,3.238874073422104871e+00,3.238874073422104871e+00
2.575000000000122569e+01,1.674900775215493809e+02,3.239241333008387791e+00,3.239241333008387791e+00
2.576000000000122725e+01,1.675548660193846899e+02,3.239608308606693132e+00,3.239608308606693132e+00
2.577000000000122881e+01,1.676196618538936605e+02,3.239975000513968695e+00,3.239975000513968695e+00
2.578000000000123038e+01,1.676844650194053656e+02,3.240341409026803010e+00,3.240341409026803010e+00
2.579000000000123194e+01,1.677492755102548188e+02,3.240707534441414239e+00,3.240707534441414239e+00
2.580000000000123350e+01,1.678140933207830017e+02,3.241073377053653726e+00,3.241073377053653726e+00
2.581000000000123507e+01,1.678789184453369785e+02,3.241438937158989120e+00,3.241438937158989120e+00
2.582000000000123663e+01,1.679437508782693840e+02,3.241804215052537241e+00,3.241804215052537241e+00
2.583000000000123819e+01,1.680085906139390772e+02,3.242169211029056530e+00,3.242169211029056530e+00
2.584000000000123975e+01,1.680734376467105449e+02,3.242533925382928839e+00,3.242533925382928839e+00
2.585000000000124132e+01,1.681382919709543842e+02,3.242898358408165649e+00,3.242898358408165649e+00
2.586000000000124288e+01,1.682031535810469052e+02,3.243262510398419618e+00,3.243262510398419618e+00
2.587000000000124444e+01,1.682680224713703581e+02,3.243626381646969481e+00,3.243626381646969481e+00
2.588000000000124601e+01,1.683328986363128195e+02,3.243989972446752912e+00,3.243989972446752912e+00
2.589000000000124757e+01,1.683977820702682493e+02,3.244353283090316786e+00,3.244353283090316786e+00
2.590000000000124913e+01,1.684626727676364624e+02,3.244716313869849600e+00,3.244716313869849600e+00
2.591000000000125070e+01,1.685275707228229578e+02,3.245079065077200120e+00,3.245079065077200120e+00
2.592000000000125226e+01,1.685924759302395728e+02,3.245441537003840082e+00,3.245441537003840082e+00
2.593000000000125382e+01,1.686573883843031183e+02,3.245803729940870852e+00,3.245803729940870852e+00
2.594000000000125539e+01,1.687223080794371697e+02,3.246165644179034082e+00,3.246165644179034082e+00
2.595000000000125695e+01,1.687872350100703613e+02,3.246527280008728145e+00,3.246527280008728145e+00
2.596000000000125851e+01,1.688521691706374952e+02,3.246888637719971271e+00,3.246888637719971271e+00
2.597000000000126008e+01,1.689171105555791996e+02,3.247249717602428642e+00,3.247249717602428642e+00
2.598000000000126164e+01,1.689820591593416168e+02,3.247610519945409724e+00,3.247610519945409724e+00
2.599000000000126320e+01,1.690470149763770280e+02,3.247971045037853610e+00,3.247971045037853610e+00
2.600000000000126477e+01,1.691119780011431715e+02,3.248331293168349010e+00,3.248331293168349010e+00
2.601000000000126633e+01,1.691769482281037824e+02,3.248691264625131581e+00,3.248691264625131581e+00
2.602000000000126789e+01,1.692419256517282236e+02,3.249050959696067942e+00,3.249050959696067942e+00
2.603000000000126946e+01,1.693069102664915704e+02,3.249410378668666777e+00,3.249410378668666777e+00
2.604000000000127102e+01,1.693719020668748954e+02,3.249769521830089491e+00,3.249769521830089491e+00
2.605000000000127258e+01,1.694369010473648416e+02,3.250128389467138224e+00,3.250128389467138224e+00
2.606000000000127415e+01,1.695019072024535944e+02,3.250486981866262504e+00,3.250486981866262504e+00
2.607000000000127571e+01,1.695669205266394499e+02,3.250845299313553038e+00,3.250845299313553038e+00
2.608000000000127727e+01,1.696319410144262179e+02,3.251203342094732829e+00,3.251203342094732829e+00
2.609000000000127883e+01,1.696969686603232503e+02,3.251561110495186480e+00,3.251561110495186480e+00
2.610000000000128040e+01,1.697620034588460385e+02,3.251918604799940216e+00,3.251918604799940216e+00
2.611000000000128196e+01,1.698270454045151894e+02,3.252275825293660994e+00,3.252275825293660994e+00
2.612000000000128352e+01,1.698920944918577618e+02,3.252632772260663607e+00,3.252632772260663607e+00
2.613000000000128509e+01,1.699571507154057315e+02,3.252989445984924899e+00,3.252989445984924899e+00
2.614000000000128665e+01,1.700222140696971849e+02,3.253345846750045123e+00,3.253345846750045123e+00
2.615000000000128821e+01,1.700872845492757222e+02,3.253701974839292355e+00,3.253701974839292355e+00
2.616000000000128978e+01,1.701523621486907132e+02,3.254057830535572737e+00,3.254057830535572737e+00
2.617000000000129134e+01,1.702174468624971269e+02,3.254413414121444248e+00,3.254413414121444248e+00
2.618000000000129290e+01,1.702825386852555596e+02,3.254768725879112701e+00,3.254768725879112701e+00
2.619000000000129447e+01,1.703476376115322637e+02,3.255123766090436632e+00,3.255123766090436632e+00
2.620000000000129603e+01,1.704127436358992327e+02,3.255478535036924193e+00,3.255478535036924193e+00
2.621000000000129759e+01,1.704778567529337749e+02,3.255833032999733589e+00,3.255833032999733589e+00
2.622000000000129916e+01,1.705429769572192527e+02,3.256187260259681970e+00,3.256187260259681970e+00
2.623000000000130072e+01,1.706081042433442008e+02,3.256541217097223662e+00,3.256541217097223662e+00
2.624000000000130228e+01,1.706732386059030659e+02,3.256894903792458607e+00,3.256894903792458607e+00
2.625000000000130385e+01,1.707383800394959223e+02,3.257248320625167892e+00,3.257248320625167892e+00
2.626000000000130541e+01,1.708035285387281306e+02,3.257601467874774226e+00,3.257601467874774226e+00
2.627000000000130697e+01,1.708686840982109061e+02,3.257954345820339270e+00,3.257954345820339270e+00
2.628000000000130854e+01,1.709338467125609498e+02,3.258306954740595174e+00,3.258306954740595174e+00
2.629000000000131010e+01,1.709990163764005331e+02,3.258659294913921478e+00,3.258659294913921478e+00
2.630000000000131166e+01,1.710641930843574698e+02,3.259011366618354000e+00,3.259011366618354000e+00
2.631000000000131323e+01,1.711293768310652865e+02,3.259363170131581278e+00,3.259363170131581278e+00
2.632000000000131479e+01,1.711945676111627392e+02,3.259714705730955231e+00,3.259714705730955231e+00
2.633000000000131635e+01,1.712597654192945527e+02,3.260065973693475172e+00,3.260065973693475172e+00
2.634000000000131791e+01,1.713249702501104821e+02,3.260416974295789139e+00,3.260416974295789139e+00
2.635000000000131948e+01,1.713901820982663367e+02,3.260767707814217875e+00,3.260767707814217875e+00
2.636000000000132104e+01,1.714554009584231267e+02,3.261118174524738844e+00,3.261118174524738844e+00
2.637000000000132260e+01,1.715206268252473478e+02,3.261468374702983564e+00,3.261468374702983564e+00
2.638000000000132417e+01,1.715858596934112086e+02,3.261818308624244711e+00,3.261818308624244711e+00
2.639000000000132573e+01,1.716510995575923459e+02,3.262167976563470795e+00,3.262167976563470795e+00
2.640000000000132729e+01,1.717163464124737686e+02,3.262517378795263490e+00,3.262517378795263490e+00
2.641000000000132886e+01,1.717816002527441697e+02,3.262866515593885186e+00,3.262866515593885186e+00
2.642000000000133042e+01,1.718468610730975286e+02,3.263215387233277198e+00,3.263215387233277198e+00
2.643000000000133198e+01,1.719121288682334807e+02,3.263563993987031786e+00,3.263563993987031786e+00
2.644000000000133355e+01,1.719774036328569764e+02,3.263912336128387270e+00,3.263912336128387270e+00
2.645000000000133511e+01,1.720426853616786786e+02,3.264260413930255122e+00,3.264260413930255122e+00
2.646000000000133667e+01,1.721079740494142243e+02,3.264608227665214635e+00,3.264608227665214635e+00
2.647000000000133824e+01,1.721732696907852755e+02,3.264955777605495157e+00,3.264955777605495157e+00
2.648000000000133980e+01,1.722385722805183832e+02,3.265303064022988533e+00,3.265303064022988533e+00
2.649000000000134136e+01,1.723038818133461518e+02,3.265650087189265083e+00,3.265650087189265083e+00
2.650000000000134293e+01,1.723691982840060462e+02,3.265996847375554957e+00,3.265996847375554957e+00
2.651000000000134449e+01,1.724345216872411868e+02,3.266343344852735253e+00,3.266343344852735253e+00
2.652000000000134605e+01,1.724998520178001229e+02,3.266689579891363326e+00,3.266689579891363326e+00
2.653000000000134762e+01,1.725651892704368606e+02,3.267035552761665684e+00,3.267035552761665684e+00
2.654000000000134918e+01,1.726305334399106073e+02,3.267381263733525998e+00,3.267381263733525998e+00
2.655000000000135074e+01,1.726958845209861693e+02,3.267726713076485101e+00,3.267726713076485101e+00
2.656000000000135230e+01,1.727612425084336394e+02,3.268071901059767637e+00,3.268071901059767637e+00
2.657000000000135387e+01,1.728266073970285674e+02,3.268416827952265180e+00,3.268416827952265180e+00
2.658000000000135543e+01,1.728919791815517613e+02,3.268761494022517589e+00,3.268761494022517589e+00
2.659000000000135699e+01,1.729573578567894572e+02,3.269105899538746307e+00,3.269105899538746307e+00
2.660000000000135856e+01,1.730227434175333769e+02,3.269450044768835717e+00,3.269450044768835717e+00
2.661000000000136012e+01,1.730881358585802730e+02,3.269793929980339353e+00,3.269793929980339353e+00
2.662000000000136168e+01,1.731535351747325819e+02,3.270137555440489230e+00,3.270137555440489230e+00
2.663000000000136325e+01,1.732189413607978850e+02,3.270480921416177633e+00,3.270480921416177633e+00
2.664000000000136481e+01,1.732843544115891916e+02,3.270824028173966003e+00,3.270824028173966003e+00
2.665000000000136637e+01,1.733497743219247695e+02,3.271166875980084487e+00,3.271166875980084487e+00
2.666000000000136794e+01,1.734152010866284002e+02,3.271509465100435943e+00,3.271509465100435943e+00
2.667000000000136950e+01,1.734806347005288387e+02,3.271851795800606144e+00,3.271851795800606144e+00
2.668000000000137106e+01,1.735460751584604679e+02,3.272193868345838030e+00,3.272193868345838030e+00
2.669000000000137263e+01,1.736115224552626728e+02,3.272535683001052131e+00,3.272535683001052131e+00
2.670000000000137419e+01,1.736769765857804657e+02,3.272877240030840795e+00,3.272877240030840795e+00
2.671000000000137575e+01,1.737424375448638614e+02,3.273218539699472629e+00,3.273218539699472629e+00
2.672000000000137732e+01,1.738079053273684735e+02,3.273559582270883617e+00,3.273559582270883617e+00
2.673000000000137888e+01,1.738733799281546908e+02,3.273900368008688666e+00,3.273900368008688666e+00
2.674000000000138044e+01,1.739388613420888134e+02,3.274240897176178944e+00,3.274240897176178944e+00
2.675000000000138201e+01,1.740043495640418314e+02,3.274581170036309885e+00,3.274581170036309885e+00
2.676000000000138357e+01,1.740698445888902768e+02,3.274921186851718957e+00,3.274921186851718957e+00
2.677000000000138513e+01,1.741353464115158829e+02,3.275260947884717666e+00,3.275260947884717666e+00
2.678000000000138670e+01,1.742008550268056695e+02,3.275600453397302658e+00,3.275600453397302658e+00
2.679000000000138826e+01,1.742663704296517153e+02,3.275939703651129076e+00,3.275939703651129076e+00
2.680000000000138982e+01,1.743318926149517551e+02,3.276278698907529652e+00,3.276278698907529652e+00
2.681000000000139138e+01,1.743974215776080996e+02,3.276617439427535583e+00,3.276617439427535583e+00
2.682000000000139295e+01,1.744629573125288289e+02,3.276955925471851661e+00,3.276955925471851661e+00
2.683000000000139451e+01,1.745284998146268833e+02,3.277294157300847832e+00,3.277294157300847832e+00
2.684000000000139607e+01,1.745940490788208592e+02,3.277632135174566308e+00,3.277632135174566308e+00
2.685000000000139764e+01,1.746596051000339003e+02,3.277969859352752646e+00,3.277969859352752646e+00
2.686000000000139920e+01,1.747251678731949198e+02,3.278307330094813565e+00,3.278307330094813565e+00
2.687000000000140076e+01,1.747907373932377482e+02,3.278644547659837372e+00,3.278644547659837372e+00
2.688000000000140233e+01,1.748563136551013599e+02,3.278981512306601065e+00,3.278981512306601065e+00
2.689000000000140389e+01,1.749218966537299877e+02,3.279318224293561013e+00,3.279318224293561013e+00
2.690000000000140545e+01,1.749874863840730654e+02,3.279654683878845400e+00,3.279654683878845400e+00
2.691000000000140702e+01,1.750530828410851711e+02,3.279990891320271551e+00,3.279990891320271551e+00
2.692000000000140858e+01,1.751186860197259136e+02,3.280326846875341484e+00,3.280326846875341484e+00
2.693000000000141014e+01,1.751842959149602450e+02,3.280662550801229926e+00,3.280662550801229926e+00
2.694000000000141171e+01,1.752499125217579774e+02,3.280998003354803849e+00,3.280998003354803849e+00
2.695000000000141327e+01,1.753155358350943516e+02,3.281333204792614922e+00,3.281333204792614922e+00
2.696000000000141483e+01,1.753811658499496389e+02,3.281668155370891071e+00,3.281668155370891071e+00
2.697000000000141640e+01,1.754468025613091982e+02,3.282002855345535153e+00,3.282002855345535153e+00
2.698000000000141796e+01,1.755124459641635326e+02,3.282337304972155589e+00,3.282337304972155589e+00
2.699000000000141952e+01,1.755780960535080908e+02,3.282671504506038396e+00,3.282671504506038396e+00
2.700000000000142109e+01,1.756437528243437214e+02,3.283005454202147622e+00,3.283005454202147622e+00
2.701000000000142265e+01,1.757094162716761900e+02,3.283339154315144004e+00,3.283339154315144004e+00
2.702000000000142421e+01,1.757750863905162646e+02,3.283672605099368536e+00,3.283672605099368536e+00
2.703000000000142578e+01,1.758407631758801699e+02,3.284005806808841577e+00,3.284005806808841577e+00
2.704000000000142734e+01,1.759064466227886498e+02,3.284338759697287724e+00,3.284338759697287724e+00
2.705000000000142890e+01,1.759721367262680758e+02,3.284671464018110054e+00,3.284671464018110054e+00
2.706000000000143046e+01,1.760378334813493666e+02,3.285003920024390567e+00,3.285003920024390567e+00
2.707000000000143203e+01,1.761035368830689833e+02,3.285336127968918607e+00,3.285336127968918607e+00
2.708000000000143359e+01,1.761692469264680767e+02,3.285668088104169993e+00,3.285668088104169993e+00
2.709000000000143515e+01,1.762349636065931975e+02,3.285999800682290140e+00,3.285999800682290140e+00
2.710000000000143672e+01,1.763006869184955292e+02,3.286331265955124703e+00,3.286331265955124703e+00
2.711000000000143828e+01,1.763664168572313713e+02,3.286662484174213361e+00,3.286662484174213361e+00
2.712000000000143984e+01,1.764321534178624233e+02,3.286993455590787594e+00,3.286993455590787594e+00
2.713000000000144141e+01,1.764978965954549892e+02,3.287324180455768019e+00,3.287324180455768019e+00
2.714000000000144297e+01,1.765636463850806877e+02,3.287654659019760395e+00,3.287654659019760395e+00
2.715000000000144453e+01,1.766294027818158554e+02,3.287984891533065834e+00,3.287984891533065834e+00
2.716000000000144610e+01,1.766951657807420304e+02,3.288314878245677253e+00,3.288314878245677253e+00
2.717000000000144766e+01,1.767609353769456391e+02,3.288644619407279368e+00,3.288644619407279368e+00
2.718000000000144922e+01,1.768267115655183090e+02,3.288974115267265574e+00,3.288974115267265574e+00
2.719000000000145079e+01,1.768924943415563291e+02,3.289303366074705082e+00,3.289303366074705082e+00
2.720000000000145235e+01,1.769582837001613029e+02,3.289632372078349576e+00,3.289632372078349576e+00
2.721000000000145391e+01,1.770240796364394953e+02,3.289961133526674519e+00,3.289961133526674519e+00
2.722000000000145548e+01,1.770898821455023437e+02,3.290289650667829857e+00,3.290289650667829857e+00
2.723000000000145704e+01,1.771556912224662028e+02,3.290617923749672435e+00,3.290617923749672435e+00
2.724000000000145860e+01,1.772215068624523440e+02,3.290945953019746462e+00,3.290945953019746462e+00
2.725000000000146017e+01,1.772873290605870409e+02,3.291273738725288389e+00,3.291273738725288389e+00
2.726000000000146173e+01,1.773531578120013990e+02,3.291601281113236688e+00,3.291601281113236688e+00
2.727000000000146329e+01,1.774189931118314689e+02,3.291928580430225182e+00,3.291928580430225182e+00
2.728000000000146485e+01,1.774848349552185880e+02,3.292255636922590600e+00,3.292255636922590600e+00
2.729000000000146642e+01,1.775506833373084703e+02,3.292582450836371688e+00,3.292582450836371688e+00
2.730000000000146798e+01,1.776165382532520312e+02,3.292909022417288334e+00,3.292909022417288334e+00
2.731000000000146954e+01,1.776823996982051597e+02,3.293235351910767772e+00,3.293235351910767772e+00
2.732000000000147111e+01,1.777482676673284345e+02,3.293561439561936588e+00,3.293561439561936588e+00
2.733000000000147267e+01,1.778141421557876072e+02,3.293887285615612726e+00,3.293887285615612726e+00
2.734000000000147423e+01,1.778800231587530902e+02,3.294212890316320141e+00,3.294212890316320141e+00
2.735000000000147580e+01,1.779459106714002417e+02,3.294538253908287473e+00,3.294538253908287473e+00
2.736000000000147736e+01,1.780118046889093648e+02,3.294863376635433827e+00,3.294863376635433827e+00
2.737000000000147892e+01,1.780777052064656800e+02,3.295188258741380327e+00,3.295188258741380327e+00
2.738000000000148049e+01,1.781436122192590403e+02,3.295512900469460771e+00,3.295512900469460771e+00
2.739000000000148205e+01,1.782095257224844715e+02,3.295837302062699425e+00,3.295837302062699425e+00
2.740000000000148361e+01,1.782754457113416038e+02,3.296161463763837229e+00,3.296161463763837229e+00
2.741000000000148518e+01,1.783413721810350125e+02,3.296485385815298486e+00,3.296485385815298486e+00
2.742000000000148674e+01,1.784073051267741619e+02,3.296809068459221503e+00,3.296809068459221503e+00
2.743000000000148830e+01,1.784732445437733190e+02,3.297132511937434618e+00,3.297132511937434618e+00
2.744000000000148987e+01,1.785391904272516683e+02,3.297455716491492161e+00,3.297455716491492161e+00
2.745000000000149143e+01,1.786051427724329983e+02,3.297778682362633607e+00,3.297778682362633607e+00
2.746000000000149299e+01,1.786711015745461566e+02,3.298101409791809324e+00,3.298101409791809324e+00
2.747000000000149456e+01,1.787370668288246804e+02,3.298423899019677030e+00,3.298423899019677030e+00
2.748000000000149612e+01,1.788030385305069672e+02,3.298746150286588019e+00,3.298746150286588019e+00
2.749000000000149768e+01,1.788690166748361037e+02,3.299068163832619138e+00,3.299068163832619138e+00
2.750000000000149925e+01,1.789350012570602360e+02,3.299389939897539481e+00,3.299389939897539481e+00
2.751000000000150081e+01,1.790009922724320575e+02,3.299711478720828595e+00,3.299711478720828595e+00
2.752000000000150237e+01,1.790669897162090649e+02,3.300032780541675592e+00,3.300032780541675592e+00
2.753000000000150393e+01,1.791329935836537004e+02,3.300353845598964053e+00,3.300353845598964053e+00
2.754000000000150550e+01,1.791990038700330388e+02,3.300674674131298669e+00,3.300674674131298669e+00
2.755000000000150706e+01,1.792650205706189013e+02,3.300995266376986592e+00,3.300995266376986592e+00
2.756000000000150862e+01,1.793310436806881683e+02,3.301315622574040987e+00,3.301315622574040987e+00
2.757000000000151019e+01,1.793970731955219549e+02,3.301635742960197462e+00,3.301635742960197462e+00
2.758000000000151175e+01,1.794631091104065206e+02,3.301955627772893642e+00,3.301955627772893642e+00
2.759000000000151331e+01,1.795291514206329282e+02,3.302275277249262952e+00,3.302275277249262952e+00
2.760000000000151488e+01,1.795952001214965037e+02,3.302594691626166590e+00,3.302594691626166590e+00
2.761000000000151644e+01,1.796612552082978311e+02,3.302913871140165103e+00,3.302913871140165103e+00
2.762000000000151800e+01,1.797273166763421273e+02,3.303232816027525498e+00,3.303232816027525498e+00
2.763000000000151957e+01,1.797933845209389858e+02,3.303551526524247439e+00,3.303551526524247439e+00
2.764000000000152113e+01,1.798594587374031164e+02,3.303870002866029054e+00,3.303870002866029054e+00
2.765000000000152269e+01,1.799255393210536624e+02,3.304188245288279813e+00,3.304188245288279813e+00
2.766000000000152426e+01,1.799916262672146559e+02,3.304506254026116530e+00,3.304506254026116530e+00
2.767000000000152582e+01,1.800577195712146477e+02,3.304824029314377576e+00,3.304824029314377576e+00
2.768000000000152738e+01,1.801238192283872195e+02,3.305141571387616661e+00,3.305141571387616661e+00
2.769000000000152895e+01,1.801899252340701878e+02,3.305458880480095285e+00,3.305458880480095285e+00
2.770000000000153051e+01,1.802560375836063997e+02,3.305775956825785844e+00,3.305775956825785844e+00
2.771000000000153207e+01,1.803221562723431930e+02,3.306092800658376074e+00,3.306092800658376074e+00
2.772000000000153364e+01,1.803882812956327371e+02,3.306409412211284149e+00,3.306409412211284149e+00
2.773000000000153520e+01,1.804544126488316067e+02,3.306725791717627150e+00,3.306725791717627150e+00
2.774000000000153676e+01,1.805205503273014358e+02,3.307041939410228615e+00,3.307041939410228615e+00
2.775000000000153833e+01,1.805866943264080646e+02,3.307357855521644741e+00,3.307357855521644741e+00
2.776000000000153989e+01,1.806528446415222788e+02,3.307673540284147506e+00,3.307673540284147506e+00
2.777000000000154145e+01,1.807190012680194968e+02,3.307988993929722010e+00,3.307988993929722010e+00
2.778000000000154301e+01,1.807851642012794855e+02,3.308304216690064692e+00,3.308304216690064692e+00
2.779000000000154458e+01,1.808513334366870140e+02,3.308619208796591327e+00,3.308619208796591327e+00
2.780000000000154614e+01,1.809175089696313137e+02,3.308933970480447684e+00,3.308933970480447684e+00
2.781000000000154770e+01,1.809836907955062770e+02,3.309248501972492207e+00,3.309248501972492207e+00
2.782000000000154927e+01,1.810498789097102303e+02,3.309562803503291128e+00,3.309562803503291128e+00
2.783000000000155083e+01,1.811160733076464453e+02,3.309876875303146448e+00,3.309876875303146448e+00
2.784000000000155239e+01,1.811822739847223431e+02,3.310190717602070176e+00,3.310190717602070176e+00
2.785000000000155396e+01,1.812484809363504894e+02,3.310504330629774117e+00,3.310504330629774117e+00
2.786000000000155552e+01,1.813146941579475140e+02,3.310817714615717389e+00,3.310817714615717389e+00
2.787000000000155708e+01,1.813809136449351627e+02,3.311130869789080666e+00,3.311130869789080666e+00
2.788000000000155865e+01,1.814471393927391318e+02,3.311443796378758186e+00,3.311443796378758186e+00
2.789000000000156021e+01,1.815133713967902054e+02,3.311756494613359969e+00,3.311756494613359969e+00
2.790000000000156177e+01,1.815796096525237147e+02,3.312068964721219810e+00,3.312068964721219810e+00
2.791000000000156334e+01,1.816458541553791406e+02,3.312381206930395283e+00,3.312381206930395283e+00
2.792000000000156490e+01,1.817121049008008811e+02,3.312693221468673066e+00,3.312693221468673066e+00
2.793000000000156646e+01,1.817783618842378530e+02,3.313005008563559173e+00,3.313005008563559173e+00
2.794000000000156803e+01,1.818446251011433787e+02,3.313316568442276289e+00,3.313316568442276289e+00
2.795000000000156959e+01,1.819108945469755838e+02,3.313627901331773096e+00,3.313627901331773096e+00
2.796000000000157115e+01,1.819771702171966865e+02,3.313939007458715835e+00,3.313939007458715835e+00
2.797000000000157272e+01,1.820434521072739642e+02,3.314249887049508736e+00,3.314249887049508736e+00
2.798000000000157428e+01,1.821097402126786733e+02,3.314560540330274030e+00,3.314560540330274030e+00
2.799000000000157584e+01,1.821760345288871292e+02,3.314870967526855505e+00,3.314870967526855505e+00
2.800000000000157740e+01,1.822423350513797402e+02,3.315181168864838046e+00,3.315181168864838046e+00
2.801000000000157897e+01,1.823086417756416893e+02,3.315491144569517878e+00,3.315491144569517878e+00
2.802000000000158053e+01,1.823749546971625648e+02,3.315800894865918558e+00,3.315800894865918558e+00
2.803000000000158209e+01,1.824412738114364174e+02,3.316110419978789636e+00,3.316110419978789636e+00
2.804000000000158366e+01,1.825075991139617031e+02,3.316419720132608884e+00,3.316419720132608884e+00
2.805000000000158522e+01,1.825739306002416242e+02,3.316728795551578735e+00,3.316728795551578735e+00
2.806000000000158678e+01,1.826402682657837033e+02,3.317037646459633393e+00,3.317037646459633393e+00
2.807000000000158835e+01,1.827066121061000388e+02,3.317346273080441499e+00,3.317346273080441499e+00
2.808000000000158991e+01,1.827729621167070491e+02,3.317654675637387474e+00,3.317654675637387474e+00
2.809000000000159147e+01,1.828393182931255296e+02,3.317962854353591062e+00,3.317962854353591062e+00
2.810000000000159304e+01,1.829056806308810792e+02,3.318270809451901115e+00,3.318270809451901115e+00
2.811000000000159460e+01,1.829720491255036166e+02,3.318578541154896033e+00,3.318578541154896033e+00
2.812000000000159616e+01,1.830384237725272669e+02,3.318886049684881101e+00,3.318886049684881101e+00
2.813000000000159773e+01,1.831048045674910156e+02,3.319193335263885825e+00,3.319193335263885825e+00
2.814000000000159929e+01,1.831711915059378839e+02,3.319500398113680362e+00,3.319500398113680362e+00
2.815000000000160085e+01,1.832375845834155825e+02,3.319807238455766640e+00,3.319807238455766640e+00
2.816000000000160242e+01,1.833039837954760571e+02,3.320113856511377026e+00,3.320113856511377026e+00
2.817000000000160398e+01,1.833703891376760282e+02,3.320420252501476543e+00,3.320420252501476543e+00
2.818000000000160554e+01,1.834368006055761384e+02,3.320726426646759322e+00,3.320726426646759322e+00
2.819000000000160711e+01,1.835032181947418337e+02,3.321032379167650816e+00,3.321032379167650816e+00
2.820000000000160867e+01,1.835696419007429085e+02,3.321338110284293599e+00,3.321338110284293599e+00
2.821000000000161023e+01,1.836360717191532501e+02,3.321643620216589543e+00,3.321643620216589543e+00
2.822000000000161180e+01,1.837025076455515205e+02,3.321948909184169629e+00,3.321948909184169629e+00
2.823000000000161336e+01,1.837689496755205880e+02,3.322253977406390835e+00,3.322253977406390835e+00
2.824000000000161492e+01,1.838353978046477550e+02,3.322558825102350344e+00,3.322558825102350344e+00
2.825000000000161648e+01,1.839018520285247007e+02,3.322863452490869562e+00,3.322863452490869562e+00
2.826000000000161805e+01,1.839683123427473674e+02,3.323167859790515433e+00,3.323167859790515433e+00
2.827000000000161961e+01,1.840347787429163589e+02,3.323472047219578229e+00,3.323472047219578229e+00
2.828000000000162117e+01,1.841012512246362292e+02,3.323776014996106642e+00,3.323776014996106642e+00
2.829000000000162274e+01,1.841677297835162221e+02,3.324079763337868698e+00,3.324079763337868698e+00
2.830000000000162430e+01,1.842342144151697312e+02,3.324383292462365080e+00,3.324383292462365080e+00
2.831000000000162586e+01,1.843007051152146687e+02,3.324686602586843787e+00,3.324686602586843787e+00
2.832000000000162743e+01,1.843672018792732104e+02,3.324989693928282364e+00,3.324989693928282364e+00
2.833000000000162899e+01,1.844337047029718519e+02,3.325292566703396790e+00,3.325292566703396790e+00
2.834000000000163055e+01,1.845002135819412672e+02,3.325595221128646806e+00,3.325595221128646806e+00
2.835000000000163212e+01,1.845667285118169048e+02,3.325897657420225695e+00,3.325897657420225695e+00
2.836000000000163368e+01,1.846332494882381070e+02,3.326199875794058514e+00,3.326199875794058514e+00
2.837000000000163524e+01,1.846997765068487070e+02,3.326501876465832730e+00,3.326501876465832730e+00
2.838000000000163681e+01,1.847663095632967725e+02,3.326803659650957812e+00,3.326803659650957812e+00
2.839000000000163837e+01,1.848328486532347199e+02,3.327105225564571001e+00,3.327105225564571001e+00
2.840000000000163993e+01,1.848993937723193426e+02,3.327406574421571062e+00,3.327406574421571062e+00
2.841000000000164150e+01,1.849659449162116402e+02,3.327707706436588531e+00,3.327707706436588531e+00
2.842000000000164306e+01,1.850325020805768190e+02,3.328008621823995927e+00,3.328008621823995927e+00
2.843000000000164462e+01,1.850990652610845757e+02,3.328309320797907755e+00,3.328309320797907755e+00
2.844000000000164619e+01,1.851656344534087566e+02,3.328609803572177395e+00,3.328609803572177395e+00
2.845000000000164775e+01,1.852322096532274998e+02,3.328910070360392215e+00,3.328910070360392215e+00
2.846000000000164931e+01,1.852987908562231212e+02,3.329210121375895781e+00,3.329210121375895781e+00
2.847000000000165087e+01,1.853653780580824844e+02,3.329509956831764761e+00,3.329509956831764761e+00
2.848000000000165244e+01,1.854319712544964318e+02,3.329809576940825355e+00,3.329809576940825355e+00
2.849000000000165400e+01,1.854985704411601546e+02,3.330108981915637756e+00,3.330108981915637756e+00
2.850000000000165556e+01,1.855651756137730501e+02,3.330408171968507691e+00,3.330408171968507691e+00
2.851000000000165713e+01,1.856317867680388360e+02,3.330707147311503746e+00,3.330707147311503746e+00
2.852000000000165869e+01,1.856984038996654647e+02,3.331005908156424944e+00,3.331005908156424944e+00
2.853000000000166025e+01,1.857650270043651517e+02,3.331304454714810959e+00,3.331304454714810959e+00
2.854000000000166182e+01,1.858316560778541202e+02,3.331602787197947002e+00,3.331602787197947002e+00
2.855000000000166338e+01,1.858982911158529987e+02,3.331900905816868708e+00,3.331900905816868708e+00
2.856000000000166494e+01,1.859649321140868778e+02,3.332198810782352805e+00,3.332198810782352805e+00
2.857000000000166651e+01,1.860315790682844010e+02,3.332496502304912678e+00,3.332496502304912678e+00
2.858000000000166807e+01,1.860982319741789865e+02,3.332793980594826344e+00,3.332793980594826344e+00
2.859000000000166963e+01,1.861648908275082022e+02,3.333091245862108476e+00,3.333091245862108476e+00
2.860000000000167120e+01,1.862315556240134811e+02,3.333388298316520615e+00,3.333388298316520615e+00
2.861000000000167276e+01,1.862982263594407470e+02,3.333685138167579165e+00,3.333685138167579165e+00
2.862000000000167432e+01,1.863649030295401872e+02,3.333981765624544291e+00,3.333981765624544291e+00
2.863000000000167589e+01,1.864315856300657117e+02,3.334278180896404375e+00,3.334278180896404375e+00
2.864000000000167745e+01,1.864982741567760911e+02,3.334574384191931973e+00,3.334574384191931973e+00
2.865000000000167901e+01,1.865649686054335064e+02,3.334870375719631408e+00,3.334870375719631408e+00
2.866000000000168058e+01,1.866316689718047996e+02,3.335166155687752543e+00,3.335166155687752543e+00
2.867000000000168214e+01,1.866983752516609343e+02,3.335461724304296549e+00,3.335461724304296549e+00
2.868000000000168370e+01,1.867650874407769379e+02,3.335757081777016797e+00,3.335757081777016797e+00
2.869000000000168527e+01,1.868318055349319877e+02,3.336052228313412193e+00,3.336052228313412193e+00
2.870000000000168683e+01,1.868985295299094957e+02,3.336347164120736952e+00,3.336347164120736952e+00
2.871000000000168839e+01,1.869652594214968815e+02,3.336641889406001482e+00,3.336641889406001482e+00
2.872000000000168995e+01,1.870319952054857993e+02,3.336936404375953735e+00,3.336936404375953735e+00
2.873000000000169152e+01,1.870987368776719393e+02,3.337230709237095638e+00,3.337230709237095638e+00
2.874000000000169308e+01,1.871654844338551982e+02,3.337524804195687533e+00,3.337524804195687533e+00
2.875000000000169464e+01,1.872322378698397074e+02,3.337818689457736188e+00,3.337818689457736188e+00
2.876000000000169621e+01,1.872989971814335775e+02,3.338112365229016998e+00,3.338112365229016998e+00
2.877000000000169777e+01,1.873657623644489547e+02,3.338405831715030470e+00,3.338405831715030470e+00
2.878000000000169933e+01,1.874325334147021636e+02,3.338699089121051511e+00,3.338699089121051511e+00
2.879000000000170090e+01,1.874993103280137348e+02,3.338992137652097014e+00,3.338992137652097014e+00
2.880000000000170246e+01,1.875660931002083203e+02,3.339284977512941843e+00,3.339284977512941843e+00
2.881000000000170402e+01,1.876328817271142952e+02,3.339577608908116613e+00,3.339577608908116613e+00
2.882000000000170559e+01,1.876996762045646108e+02,3.339870032041906356e+00,3.339870032041906356e+00
2.883000000000170715e+01,1.877664765283959696e+02,3.340162247118346972e+00,3.340162247118346972e+00
2.884000000000170871e+01,1.878332826944493092e+02,3.340454254341233664e+00,3.340454254341233664e+00
2.885000000000171028e+01,1.879000946985696316e+02,3.340746053914110725e+00,3.340746053914110725e+00
2.886000000000171184e+01,1.879669125366059177e+02,3.341037646040286191e+00,3.341037646040286191e+00
2.887000000000171340e+01,1.880337362044111842e+02,3.341329030922827847e+00,3.341329030922827847e+00
2.888000000000171497e+01,1.881005656978427112e+02,3.341620208764535249e+00,3.341620208764535249e+00
2.889000000000171653e+01,1.881674010127618146e+02,3.341911179767987683e+00,3.341911179767987683e+00
2.890000000000171809e+01,1.882342421450333916e+02,3.342201944135514857e+00,3.342201944135514857e+00
2.891000000000171966e+01,1.883010890905271708e+02,3.342492502069201787e+00,3.342492502069201787e+00
2.892000000000172122e+01,1.883679418451163201e+02,3.342782853770906559e+00,3.342782853770906559e+00
2.893000000000172278e+01,1.884348004046779863e+02,3.343072999442236348e+00,3.343072999442236348e+00
2.894000000000172435e+01,1.885016647650939490e+02,3.343362939284549640e+00,3.343362939284549640e+00
2.895000000000172591e+01,1.885685349222493699e+02,3.343652673498968220e+00,3.343652673498968220e+00
2.896000000000172747e+01,1.886354108720339013e+02,3.343942202286368293e+00,3.343942202286368293e+00
2.897000000000172903e+01,1.887022926103408338e+02,3.344231525847385811e+00,3.344231525847385811e+00
2.898000000000173060e+01,1.887691801330678629e+02,3.344520644382425356e+00,3.344520644382425356e+00
2.899000000000173216e+01,1.888360734361162372e+02,3.344809558091646817e+00,3.344809558091646817e+00
2.900000000000173372e+01,1.889029725153914399e+02,3.345098267174975160e+00,3.345098267174975160e+00
2.901000000000173529e+01,1.889698773668031890e+02,3.345386771832082218e+00,3.345386771832082218e+00
2.902000000000173685e+01,1.890367879862647555e+02,3.345675072262408900e+00,3.345675072262408900e+00
2.903000000000173841e+01,1.891037043696936166e+02,3.345963168665168297e+00,3.345963168665168297e+00
2.904000000000173998e+01,1.891706265130113991e+02,3.346251061239318147e+00,3.346251061239318147e+00
2.905000000000174154e+01,1.892375544121432824e+02,3.346538750183580824e+00,3.346538750183580824e+00
2.906000000000174310e+01,1.893044880630187663e+02,3.346826235696445995e+00,3.346826235696445995e+00
2.907000000000174467e+01,1.893714274615711588e+02,3.347113517976171071e+00,3.347113517976171071e+00
2.908000000000174623e+01,1.894383726037377755e+02,3.347400597220773655e+00,3.347400597220773655e+00
2.909000000000174779e+01,1.895053234854599111e+02,3.347687473628033761e+00,3.347687473628033761e+00
2.910000000000174936e+01,1.895722801026828961e+02,3.347974147395494260e+00,3.347974147395494260e+00
2.911000000000175092e+01,1.896392424513556989e+02,3.348260618720446669e+00,3.348260618720446669e+00
2.912000000000175248e+01,1.897062105274316934e+02,3.348546887799960903e+00,3.348546887799960903e+00
2.913000000000175405e+01,1.897731843268678631e+02,3.348832954830871955e+00,3.348832954830871955e+00
2.914000000000175561e+01,1.898401638456249145e+02,3.349118820009791886e+00,3.349118820009791886e+00
2.915000000000175717e+01,1.899071490796681587e+02,3.349404483533081844e+00,3.349404483533081844e+00
2.916000000000175874e+01,1.899741400249662604e+02,3.349689945596872054e+00,3.349689945596872054e+00
2.917000000000176030e+01,1.900411366774920339e+02,3.349975206397055150e+00,3.349975206397055150e+00
2.918000000000176186e+01,1.901081390332221872e+02,3.350260266129287956e+00,3.350260266129287956e+00
2.919000000000176342e+01,1.901751470881371517e+02,3.350545124988999035e+00,3.350545124988999035e+00
2.920000000000176499e+01,1.902421608382216505e+02,3.350829783171390464e+00,3.350829783171390464e+00
2.921000000000176655e+01,1.903091802794640159e+02,3.351114240871427175e+00,3.351114240871427175e+00
2.922000000000176811e+01,1.903762054078565313e+02,3.351398498283833405e+00,3.351398498283833405e+00
2.923000000000176968e+01,1.904432362193953168e+02,3.351682555603110902e+00,3.351682555603110902e+00
2.924000000000177124e+01,1.905102727100806703e+02,3.351966413023514946e+00,3.351966413023514946e+00
2.925000000000177280e+01,1.905773148759163860e+02,3.352250070739079213e+00,3.352250070739079213e+00
2.926000000000177437e+01,1.906443627129102651e+02,3.352533528943623775e+00,3.352533528943623775e+00
2.927000000000177593e+01,1.907114162170741452e+02,3.352816787830713352e+00,3.352816787830713352e+00
2.928000000000177749e+01,1.907784753844235581e+02,3.353099847593680849e+00,3.353099847593680849e+00
2.929000000000177906e+01,1.908455402109777879e+02,3.353382708425636238e+00,3.353382708425636238e+00
2.930000000000178062e+01,1.909126106927605235e+02,3.353665370519467892e+00,3.353665370519467892e+00
2.931000000000178218e+01,1.909796868257986660e+02,3.353947834067826150e+00,3.353947834067826150e+00
2.932000000000178375e+01,1.910467686061232655e+02,3.354230099263142417e+00,3.354230099263142417e+00
2.933000000000178531e+01,1.911138560297691527e+02,3.354512166297593190e+00,3.354512166297593190e+00
2.934000000000178687e+01,1.911809490927751085e+02,3.354794035363142246e+00,3.354794035363142246e+00
2.935000000000178844e+01,1.912480477911836942e+02,3.355075706651531320e+00,3.355075706651531320e+00
2.936000000000179000e+01,1.913151521210412795e+02,3.355357180354268998e+00,3.355357180354268998e+00
2.937000000000179156e+01,1.913822620783978437e+02,3.355638456662634272e+00,3.355638456662634272e+00
2.938000000000179313e+01,1.914493776593076859e+02,3.355919535767674766e+00,3.355919535767674766e+00
2.939000000000179469e+01,1.915164988598285447e+02,3.356200417860209395e+00,3.356200417860209395e+00
2.940000000000179625e+01,1.915836256760221659e+02,3.356481103130850130e+00,3.356481103130850130e+00
2.941000000000179782e+01,1.916507581039538195e+02,3.356761591769954478e+00,3.356761591769954478e+00
2.942000000000179938e+01,1.917178961396929253e+02,3.357041883967663676e+00,3.357041883967663676e+00
2.943000000000180094e+01,1.917850397793125410e+02,3.357321979913905352e+00,3.357321979913905352e+00
2.944000000000180250e+01,1.918521890188894758e+02,3.357601879798369993e+00,3.357601879798369993e+00
2.945000000000180407e+01,1.919193438545045183e+02,3.357881583810520265e+00,3.357881583810520265e+00
2.946000000000180563e+01,1.919865042822418388e+02,3.358161092139600790e+00,3.358161092139600790e+00
2.947000000000180719e+01,1.920536702981900419e+02,3.358440404974633253e+00,3.358440404974633253e+00
2.948000000000180876e+01,1.921208418984409718e+02,3.358719522504407529e+00,3.358719522504407529e+00
2.949000000000181032e+01,1.921880190790901679e+02,3.358998444917488779e+00,3.358998444917488779e+00
2.950000000000181188e+01,1.922552018362375748e+02,3.359277172402225897e+00,3.359277172402225897e+00
2.951000000000181345e+01,1.923223901659862918e+02,3.359555705146733739e+00,3.359555705146733739e+00
2.952000000000181501e+01,1.923895840644434827e+02,3.359834043338912224e+00,3.359834043338912224e+00
2.953000000000181657e+01,1.924567835277198640e+02,3.360112187166444997e+00,3.360112187166444997e+00
2.954000000000181814e+01,1.925239885519301311e+02,3.360390136816776785e+00,3.360390136816776785e+00
2.955000000000181970e+01,1.925911991331925321e+02,3.360667892477136043e+00,3.360667892477136043e+00
2.956000000000182126e+01,1.926584152676291808e+02,3.360945454334525184e+00,3.360945454334525184e+00
2.957000000000182283e+01,1.927256369513659706e+02,3.361222822575734348e+00,3.361222822575734348e+00
2.958000000000182439e+01,1.927928641805322059e+02,3.361499997387333405e+00,3.361499997387333405e+00
2.959000000000182595e+01,1.928600969512614256e+02,3.361776978955666628e+00,3.361776978955666628e+00
2.960000000000182752e+01,1.929273352596904374e+02,3.362053767466848697e+00,3.362053767466848697e+00
2.961000000000182908e+01,1.929945791019600563e+02,3.362330363106783793e+00,3.362330363106783793e+00
2.962000000000183064e+01,1.930618284742146784e+02,3.362606766061150942e+00,3.362606766061150942e+00
2.963000000000183221e+01,1.931290833726025085e+02,3.362882976515414235e+00,3.362882976515414235e+00
2.964000000000183377e+01,1.931963437932753038e+02,3.363158994654824596e+00,3.363158994654824596e+00
2.965000000000183533e+01,1.932636097323887725e+02,3.363434820664396252e+00,3.363434820664396252e+00
2.966000000000183690e+01,1.933308811861019478e+02,3.363710454728927157e+00,3.363710454728927157e+00
2.967000000000183846e+01,1.933981581505778706e+02,3.363985897033002548e+00,3.363985897033002548e+00
2.968000000000184002e+01,1.934654406219832197e+02,3.364261147760990056e+00,3.364261147760990056e+00
2.969000000000184158e+01,1.935327285964882265e+02,3.364536207097035714e+00,3.364536207097035714e+00
2.970000000000184315e+01,1.936000220702671868e+02,3.364811075225077719e+00,3.364811075225077719e+00
2.971000000000184471e+01,1.936673210394973239e+02,3.365085752328819790e+00,3.365085752328819790e+00
2.972000000000184627e+01,1.937346255003602948e+02,3.365360238591756037e+00,3.365360238591756037e+00
2.973000000000184784e+01,1.938019354490409398e+02,3.365634534197162520e+00,3.365634534197162520e+00
2.974000000000184940e+01,1.938692508817281919e+02,3.365908639328104801e+00,3.365908639328104801e+00
2.975000000000185096e+01,1.939365717946140535e+02,3.366182554167429064e+00,3.366182554167429064e+00
2.976000000000185253e+01,1.940038981838948189e+02,3.366456278897761667e+00,3.366456278897761667e+00
2.977000000000185409e+01,1.940712300457700223e+02,3.366729813701517138e+00,3.366729813701517138e+00
2.978000000000185565e+01,1.941385673764429498e+02,3.367003158760887960e+00,3.367003158760887960e+00
2.979000000000185722e+01,1.942059101721204115e+02,3.367276314257858782e+00,3.367276314257858782e+00
2.980000000000185878e+01,1.942732584290132252e+02,3.367549280374195764e+00,3.367549280374195764e+00
2.981000000000186034e+01,1.943406121433353917e+02,3.367822057291450566e+00,3.367822057291450566e+00
2.982000000000186191e+01,1.944079713113048911e+02,3.368094645190962133e+00,3.368094645190962133e+00
2.983000000000186347e+01,1.944753359291430854e+02,3.368367044253846920e+00,3.368367044253846920e+00
2.984000000000186503e+01,1.945427059930750318e+02,3.368639254661023319e+00,3.368639254661023319e+00
2.985000000000186660e+01,1.946100814993295103e+02,3.368911276593191673e+00,3.368911276593191673e+00
2.986000000000186816e+01,1.946774624441387402e+02,3.369183110230829836e+00,3.369183110230829836e+00
2.987000000000186972e+01,1.947448488237387494e+02,3.369454755754202502e+00,3.369454755754202502e+00
2.988000000000187129e+01,1.948122406343688908e+02,3.369726213343368304e+00,3.369726213343368304e+00
2.989000000000187285e+01,1.948796378722724398e+02,3.369997483178169606e+00,3.369997483178169606e+00
2.990000000000187441e+01,1.949470405336960539e+02,3.370268565438244490e+00,3.370268565438244490e+00
2.991000000000187597e+01,1.950144486148899432e+02,3.370539460303014767e+00,3.370539460303014767e+00
2.992000000000187754e+01,1.950818621121081264e+02,3.370810167951692193e+00,3.370810167951692193e+00
2.993000000000187910e+01,1.951492810216080898e+02,3.371080688563269145e+00,3.371080688563269145e+00
2.994000000000188066e+01,1.952167053396506162e+02,3.371351022316528834e+00,3.371351022316528834e+00
2.995000000000188223e+01,1.952841350625007237e+02,3.371621169390046635e+00,3.371621169390046635e+00
2.996000000000188379e+01,1.953515701864262439e+02,3.371891129962197198e+00,3.371891129962197198e+00
2.997000000000188535e+01,1.954190107076992433e+02,3.372160904211143784e+00,3.372160904211143784e+00
2.998000000000188692e+01,1.954864566225947726e+02,3.372430492314823613e+00,3.372430492314823613e+00
2.999000000000188848e+01,1.955539079273917764e+02,3.372699894450968294e+00,3.372699894450968294e+00
