arm,a,c,E_bind_tag,E_bind_eV,ebind_exception,tau_ps,tau_flag,E0_eV,m,det_yield,F97,phi,subbare,trapped_frac,suppressed_frac,nbar_det,n1_solv,ratio_n1_n2,w1_solv,midhot_arith,midhot_geo,midhot_bins,deepke,deepke_bins,n1_ke_eV,ke2_eV,above115_n1,gate_n1,gate_nbar,gate
linq,35.0,0.0,eb0482,0.0482,1,2.4,0,0.17,20000,0.9872,339.5,0.811,0,0.0128,0.0,17.349,0.0,nan,12.4602,nan,nan,0,13.9481,5,nan,nan,nan,0,0,0
linq,35.0,0.0,eb0482,0.0482,1,2.4,0,0.18,20000,0.9872,339.5,0.811,0,0.0128,0.0,17.134,0.0,nan,12.2457,nan,nan,0,13.2119,6,nan,nan,nan,0,0,0
linq,35.0,0.0,eb0482,0.0482,1,2.4,0,0.19,20000,0.9872,339.5,0.811,0,0.0128,0.0,16.921,0.0,nan,12.0325,nan,nan,0,12.7063,6,nan,nan,nan,0,0,0
linq,35.0,0.0,eb0482,0.0482,1,2.4,0,0.2,20000,0.9872,339.5,0.811,0,0.0128,0.0,16.71,0.0,nan,11.8216,nan,nan,0,11.9967,7,nan,nan,nan,0,0,0
linq,35.0,0.0,eb0482,0.0482,1,2.4,0,0.21,20000,0.9872,339.5,0.811,0,0.0128,0.0,16.498,0.0,nan,11.6092,nan,nan,0,11.5819,7,nan,nan,nan,0,0,0
linq,35.0,0.0,eb0482,0.0482,1,2.4,0,0.22,20000,0.9872,339.5,0.811,0,0.0128,0.0,16.284,0.0,nan,11.3953,nan,nan,0,10.9108,8,nan,nan,nan,0,0,0
linq,35.0,0.0,eb0482,0.0482,1,2.4,0,0.23,20000,0.9872,339.5,0.811,0,0.0128,0.0,16.073,0.0,nan,11.1843,nan,nan,0,10.5606,8,nan,nan,nan,0,0,0
linq,35.0,0.0,eb0482,0.0482,1,2.4,0,0.24,20000,0.9872,339.5,0.811,0,0.0128,0.0,15.861,0.0,nan,10.9719,nan,nan,0,10.2347,8,nan,nan,nan,0,0,0
linq,35.0,0.0,eb0482,0.0482,1,2.4,0,0.25,20000,0.9872,339.5,0.811,0,0.0128,0.0,15.65,0.0,nan,10.761,nan,nan,0,9.9312,8,nan,nan,nan,0,0,0
linq,35.0,0.0,eb0482,0.0482,1,2.4,0,0.26,20000,0.9872,339.5,0.811,0,0.0128,0.0,15.438,0.0,nan,10.5493,6.3169,6.3169,1,9.6458,8,nan,nan,nan,0,0,0
linq,35.0,0.0,eb0482,0.0482,1,2.4,0,0.27,20000,0.9872,339.5,0.811,0,0.0128,0.0,15.228,0.0,nan,10.3393,6.1294,6.1294,1,9.3766,8,nan,nan,nan,0,0,0
linq,35.0,0.0,eb0482,0.0482,1,2.4,0,0.28,20000,0.9872,339.5,0.811,0,0.0128,0.0,15.017,0.0,nan,10.1287,5.5864,5.5718,2,9.1236,8,nan,nan,nan,0,0,0
linq,35.0,0.0,eb0482,0.0482,1,2.4,0,0.29,20000,0.9872,339.5,0.811,0,0.0128,0.0,14.804,0.0,nan,9.9153,5.4489,5.4332,2,8.881,8,nan,nan,nan,0,0,0
linq,35.0,0.0,eb0482,0.0482,1,2.4,0,0.3,20000,0.9872,339.5,0.811,0,0.0128,0.0,14.594,0.0,nan,9.7054,4.9925,4.9596,3,8.6556,8,nan,nan,nan,0,0,0
linq,35.0,0.0,eb0482,0.0482,1,2.4,0,0.31,20000,0.9872,339.5,0.811,0,0.0128,0.0,14.381,0.0,nan,9.4922,4.8749,4.8422,3,8.4383,8,nan,nan,nan,0,0,0
linq,35.0,0.0,eb0482,0.0482,1,2.4,0,0.32,20000,0.9872,339.5,0.811,0,0.0128,0.0,14.17,0.0,nan,9.2812,4.4625,4.4053,4,8.2383,8,nan,nan,nan,0,0,0
linq,35.0,0.0,eb0482,0.0482,1,2.4,0,0.33,20000,0.9872,339.5,0.811,0,0.0128,0.0,13.962,0.0,nan,9.0731,4.3648,4.3078,4,8.0476,8,nan,nan,nan,0,0,0
linq,35.0,0.0,eb0482,0.0482,1,2.4,0,0.34,20000,0.9872,339.5,0.811,0,0.0128,0.0,13.75,0.0,0.0,8.8614,3.9805,3.8885,5,7.8658,8,nan,nan,nan,0,0,0
linq,35.0,0.0,eb0482,0.0482,1,2.4,0,0.35,20000,0.9872,339.5,0.811,0,0.0128,0.0,13.538,0.0,0.0,8.6489,3.8977,3.8071,5,7.6883,8,nan,nan,nan,0,0,0
linq,35.0,0.0,eb0482,0.0482,1,2.4,0,0.36,20000,0.9872,339.5,0.811,0,0.0128,0.0,13.329,0.0,0.25,8.4399,3.5427,3.4055,6,7.524,8,nan,nan,nan,0,0,0
linq,35.0,0.0,eb0482,0.0482,1,2.4,0,0.37,20000,0.9872,339.5,0.811,0,0.0128,0.0,13.117,0.0001,0.429,8.2284,3.4732,3.3388,6,7.3652,8,nan,nan,nan,0,0,0
linq,35.0,0.0,eb0482,0.0482,1,2.4,0,0.38,20000,0.9872,339.5,0.811,0,0.0128,0.0,12.909,0.0001,0.286,8.0202,3.4075,3.2758,6,7.2158,8,nan,nan,nan,0,0,0
linq,35.0,0.0,eb0482,0.0482,1,2.4,0,0.39,20000,0.9872,339.5,0.811,0,0.0128,0.0,12.699,0.0002,0.222,7.8099,3.075,2.8731,7,7.0724,8,nan,1.0325,nan,0,0,0
linq,35.0,0.0,eb0482,0.0482,1,2.4,0,0.4,20000,0.9872,339.5,0.811,0,0.0128,0.0,12.489,0.0002,0.176,7.6011,3.0197,2.822,7,6.9339,8,nan,1.0132,nan,0,0,0
linq,35.0,0.0,eb0482,0.0482,1,2.4,0,0.41,20000,0.9872,339.5,0.811,0,0.0128,0.0001,12.279,0.0004,0.153,7.3915,2.9661,2.7722,7,6.7999,8,nan,0.9946,nan,0,0,0
linq,35.0,0.0,eb0482,0.0482,1,2.4,0,0.42,20000,0.9872,339.5,0.811,0,0.0128,0.0001,12.068,0.0007,0.156,7.1808,2.9134,2.7237,7,6.674,8,1.007,0.9792,0.0,0,0,0
linq,35.0,0.0,eb0482,0.0482,1,2.4,0,0.43,20000,0.9872,339.5,0.811,0,0.0128,0.0001,11.861,0.0014,0.223,6.9734,2.864,2.6782,7,6.5531,8,0.9895,0.965,0.0,0,0,0
linq,35.0,0.0,eb0482,0.0482,1,2.4,0,0.44,20000,0.9872,339.5,0.811,0,0.0128,0.0002,11.655,0.0023,0.272,6.7688,2.8157,2.6337,7,6.4395,8,0.9739,0.9514,0.0,0,0,0
linq,35.0,0.0,eb0482,0.0482,1,2.4,0,0.45,20000,0.9872,339.5,0.811,0,0.0128,0.0004,11.448,0.0036,0.31,6.5633,2.769,2.5904,7,6.3271,8,0.9596,0.9368,0.0,0,0,0
linq,35.0,0.0,eb0482,0.0482,1,2.4,0,0.46,20000,0.9872,339.5,0.811,0,0.0128,0.0006,11.244,0.0059,0.402,6.3629,2.7242,2.549,7,6.2191,8,0.945,0.922,0.0,0,0,0
linq,35.0,0.0,eb0482,0.0482,1,2.4,0,0.47,20000,0.9872,339.5,0.811,0,0.0128,0.0009,11.04,0.0085,0.457,6.1611,2.681,2.5086,7,6.1126,8,0.9339,0.9075,0.0,0,0,0
linq,35.0,0.0,eb0482,0.0482,1,2.4,0,0.48,20000,0.9872,339.5,0.811,0,0.0128,0.0016,10.836,0.0117,0.505,5.9646,2.6385,2.469,7,6.012,8,0.9212,0.8932,0.0,0,0,0
linq,35.0,0.0,eb0482,0.0482,1,2.4,0,0.49,20000,0.9872,339.5,0.811,0,0.0128,0.0029,10.636,0.0146,0.514,5.7784,2.5977,2.4313,7,5.9168,8,0.9089,0.8808,0.0,0,0,0
linq,35.0,0.0,eb0482,0.0482,1,2.4,0,0.5,20000,0.9872,339.5,0.811,0,0.0128,0.0041,10.44,0.0188,0.559,5.5946,2.5591,2.3953,7,5.8239,8,0.8968,0.8681,0.0,0,0,0
linq,35.0,0.0,eb0482,0.0482,1,2.4,0,0.51,20000,0.9872,339.5,0.811,0,0.0128,0.0064,10.244,0.0235,0.613,5.4221,2.521,2.3598,7,5.7376,8,0.8832,0.8555,0.0,0,0,0
linq,35.0,0.0,eb0482,0.0482,1,2.4,0,0.52,20000,0.9872,339.5,0.811,0,0.0128,0.0092,10.051,0.0288,0.681,5.2558,2.4845,2.3259,7,5.6515,8,0.8707,0.8439,0.0,0,0,0
linq,35.0,0.0,eb0482,0.0482,1,3.2,0,0.17,20000,0.9872,339.5,0.811,0,0.0128,0.0,15.662,0.0,nan,10.7732,nan,nan,0,10.4683,7,nan,nan,nan,0,0,0
linq,35.0,0.0,eb0482,0.0482,1,3.2,0,0.18,20000,0.9872,339.5,0.811,0,0.0128,0.0,15.35,0.0,nan,10.4617,nan,nan,0,9.7749,8,nan,nan,nan,0,0,0
linq,35.0,0.0,eb0482,0.0482,1,3.2,0,0.19,20000,0.9872,339.5,0.811,0,0.0128,0.0,15.042,0.0,nan,10.1529,nan,nan,0,9.2719,8,nan,nan,nan,0,0,0
linq,35.0,0.0,eb0482,0.0482,1,3.2,0,0.2,20000,0.9872,339.5,0.811,0,0.0128,0.0,14.735,0.0,nan,9.8467,nan,nan,0,8.8206,8,nan,nan,nan,0,0,0
linq,35.0,0.0,eb0482,0.0482,1,3.2,0,0.21,20000,0.9872,339.5,0.811,0,0.0128,0.0,14.426,0.0,nan,9.5369,6.3714,6.3714,1,8.4001,8,nan,nan,nan,0,0,0
linq,35.0,0.0,eb0482,0.0482,1,3.2,0,0.22,20000,0.9872,339.5,0.811,0,0.0128,0.0,14.116,0.0,nan,9.2273,6.0967,6.0967,1,8.0111,8,nan,nan,nan,0,0,0
linq,35.0,0.0,eb0482,0.0482,1,3.2,0,0.23,20000,0.9872,339.5,0.811,0,0.0128,0.0,13.807,0.0,nan,8.9183,5.5181,5.5061,2,7.6563,8,nan,nan,nan,0,0,0
linq,35.0,0.0,eb0482,0.0482,1,3.2,0,0.24,20000,0.9872,339.5,0.811,0,0.0128,0.0,13.499,0.0,nan,8.6101,5.3042,5.2924,2,7.3331,8,nan,nan,nan,0,0,0
linq,35.0,0.0,eb0482,0.0482,1,3.2,0,0.25,20000,0.9872,339.5,0.811,0,0.0128,0.0,13.192,0.0,nan,8.3034,4.8231,4.7981,3,7.0331,8,nan,nan,nan,0,0,0
linq,35.0,0.0,eb0482,0.0482,1,3.2,0,0.26,20000,0.9872,339.5,0.811,0,0.0128,0.0,12.884,0.0,nan,7.9949,4.3771,4.3321,4,6.7566,8,nan,nan,nan,0,0,0
linq,35.0,0.0,eb0482,0.0482,1,3.2,0,0.27,20000,0.9872,339.5,0.811,0,0.0128,0.0,12.575,0.0,nan,7.6859,4.2247,4.1811,4,6.4938,8,nan,nan,nan,0,0,0
linq,35.0,0.0,eb0482,0.0482,1,3.2,0,0.28,20000,0.9872,339.5,0.811,0,0.0128,0.0,12.266,0.0,nan,7.3775,3.8267,3.7554,5,6.253,8,nan,nan,nan,0,0,0
linq,35.0,0.0,eb0482,0.0482,1,3.2,0,0.29,20000,0.9872,339.5,0.811,0,0.0128,0.0,11.962,0.0,0.0,7.0731,3.7,3.631,5,6.0322,8,nan,nan,nan,0,0,0
linq,35.0,0.0,eb0482,0.0482,1,3.2,0,0.3,20000,0.9872,339.5,0.811,0,0.0128,0.0,11.651,0.0,0.0,6.7623,3.3377,3.2312,6,5.8217,8,nan,nan,nan,0,0,0
linq,35.0,0.0,eb0482,0.0482,1,3.2,0,0.31,20000,0.9872,339.5,0.811,0,0.0128,0.0,11.343,0.0001,0.231,6.4549,3.2353,3.1327,6,5.6219,8,nan,nan,nan,0,0,0
linq,35.0,0.0,eb0482,0.0482,1,3.2,0,0.32,20000,0.9872,339.5,0.811,0,0.0128,0.0,11.038,0.0001,0.111,6.1497,2.897,2.7359,7,5.4415,8,nan,1.0293,nan,0,0,0
linq,35.0,0.0,eb0482,0.0482,1,3.2,0,0.33,20000,0.9872,339.5,0.811,0,0.0128,0.0,10.73,0.0003,0.094,5.8418,2.8111,2.6555,7,5.2672,8,nan,0.998,nan,0,0,0
linq,35.0,0.0,eb0482,0.0482,1,3.2,0,0.34,20000,0.9872,339.5,0.811,0,0.0128,0.0001,10.425,0.0006,0.101,5.5373,2.7303,2.5803,7,5.1074,8,1.0159,0.973,0.0,0,0,0
linq,35.0,0.0,eb0482,0.0482,1,3.2,0,0.35,20000,0.9872,339.5,0.811,0,0.0128,0.0001,10.124,0.0014,0.128,5.2363,2.6536,2.509,7,4.9554,8,0.9882,0.9502,0.0,0,0,0
linq,35.0,0.0,eb0482,0.0482,1,3.2,0,0.36,20000,0.9872,339.5,0.811,0,0.0128,0.0002,9.825,0.0036,0.204,4.9374,2.5812,2.4416,7,4.8109,8,0.9647,0.9277,0.0,0,0,0
linq,35.0,0.0,eb0482,0.0482,1,3.2,0,0.37,20000,0.9872,339.5,0.811,0,0.0128,0.0004,9.525,0.0074,0.28,4.6397,2.5112,2.3759,7,4.671,8,0.9424,0.9031,0.0,0,0,0
linq,35.0,0.0,eb0482,0.0482,1,3.2,0,0.38,20000,0.9872,339.5,0.811,0,0.0128,0.0008,9.23,0.0133,0.368,4.3483,2.4446,2.3134,7,4.5395,8,0.9226,0.8806,0.0,0,0,0
linq,35.0,0.0,eb0482,0.0482,1,3.2,0,0.39,20000,0.9872,339.5,0.811,0,0.0128,0.0018,8.944,0.0207,0.432,4.0715,2.3815,2.254,7,4.4204,8,0.9029,0.8593,0.0,0,0,0
linq,35.0,0.0,eb0482,0.0482,1,3.2,0,0.4,20000,0.9872,339.5,0.811,0,0.0128,0.004,8.66,0.0306,0.532,3.8061,2.3212,2.1976,7,4.3037,8,0.8821,0.8396,0.0,0,0,0
linq,35.0,0.0,eb0482,0.0482,1,3.2,0,0.41,20000,0.9872,339.5,0.811,0,0.0128,0.0076,8.383,0.0421,0.631,3.559,2.2642,2.144,7,4.1968,8,0.8627,0.8197,0.0,0,0,0
linq,35.0,0.0,eb0482,0.0482,1,3.2,0,0.42,20000,0.9872,339.5,0.811,0,0.0128,0.0132,8.108,0.0555,0.747,3.3277,2.2093,2.092,7,4.0872,8,0.8431,0.8,0.0,0,0,0
linq,35.0,0.0,eb0482,0.0482,1,3.2,0,0.43,20000,0.9872,339.5,0.811,0,0.0128,0.0201,7.842,0.0688,0.849,3.1145,2.1564,2.0423,7,3.9825,8,0.8261,0.7819,0.0,0,0,0
linq,35.0,0.0,eb0482,0.0482,1,3.2,0,0.44,20000,0.9872,339.5,0.811,0,0.0128,0.0304,7.585,0.0808,0.936,2.9339,2.1066,1.9955,7,3.8879,8,0.8088,0.7647,0.0,0,0,0
linq,35.0,0.0,eb0482,0.0482,1,3.2,0,0.45,20000,0.9872,339.5,0.811,0,0.0128,0.0432,7.334,0.093,1.033,2.7759,2.0592,1.9505,7,3.796,8,0.7915,0.7475,0.0,0,0,0
linq,35.0,0.0,eb0482,0.0482,1,3.2,0,0.46,20000,0.9872,339.5,0.811,0,0.0128,0.0581,7.087,0.1039,1.102,2.6352,2.0127,1.9066,7,3.7088,8,0.7751,0.7311,0.0,0,1,0
linq,35.0,0.0,eb0482,0.0482,1,3.2,0,0.47,20000,0.9872,339.5,0.811,0,0.0128,0.0749,6.852,0.1129,1.168,2.5177,1.9685,1.8651,7,3.6249,8,0.7594,0.7159,0.0,0,1,0
linq,35.0,0.0,eb0482,0.0482,1,3.2,0,0.48,20000,0.9872,339.5,0.811,0,0.0128,0.0933,6.624,0.1214,1.23,2.4174,1.9262,1.8252,7,3.5465,8,0.7438,0.701,0.0,0,1,0
linq,35.0,0.0,eb0482,0.0482,1,3.2,0,0.49,20000,0.9872,339.5,0.811,0,0.0128,0.1132,6.404,0.129,1.284,2.3331,1.8856,1.7868,7,3.4683,8,0.7289,0.6863,0.0,0,1,0
linq,35.0,0.0,eb0482,0.0482,1,3.2,0,0.5,20000,0.9872,339.5,0.811,0,0.0128,0.1343,6.195,0.1345,1.317,2.2677,1.8473,1.7506,7,3.3942,8,0.7146,0.6725,0.0,0,1,0
linq,35.0,0.0,eb0482,0.0482,1,3.2,0,0.51,20000,0.9872,339.5,0.811,0,0.0128,0.1554,5.991,0.1402,1.335,2.2047,1.8096,1.7149,7,3.3249,8,0.7006,0.6587,0.0,0,1,0
linq,35.0,0.0,eb0482,0.0482,1,3.2,0,0.52,20000,0.9872,339.5,0.811,0,0.0128,0.1766,5.796,0.1453,1.37,2.1504,1.7739,1.681,7,3.2533,8,0.6872,0.646,0.0,0,1,0
linq,35.0,0.0,eb0482,0.0482,1,4.8,0,0.17,20000,0.9872,339.5,0.811,0,0.0128,0.0,13.095,0.0,nan,8.2063,6.5012,6.5012,1,6.4655,8,nan,nan,nan,0,0,0
linq,35.0,0.0,eb0482,0.0482,1,4.8,0,0.18,20000,0.9872,339.5,0.811,0,0.0128,0.0,12.636,0.0,nan,7.7475,5.9876,5.9876,1,5.9258,8,nan,nan,nan,0,0,0
linq,35.0,0.0,eb0482,0.0482,1,4.8,0,0.19,20000,0.9872,339.5,0.811,0,0.0128,0.0,12.178,0.0,nan,7.2892,5.3174,5.3101,2,5.4458,8,nan,nan,nan,0,0,0
linq,35.0,0.0,eb0482,0.0482,1,4.8,0,0.2,20000,0.9872,339.5,0.811,0,0.0128,0.0,11.722,0.0,nan,6.8336,4.7687,4.7547,3,5.0267,8,nan,nan,nan,0,0,0
linq,35.0,0.0,eb0482,0.0482,1,4.8,0,0.21,20000,0.9872,339.5,0.811,0,0.0128,0.0,11.264,0.0,nan,6.3753,4.4595,4.4468,3,4.6591,8,nan,nan,nan,0,0,0
linq,35.0,0.0,eb0482,0.0482,1,4.8,0,0.22,20000,0.9872,339.5,0.811,0,0.0128,0.0,10.806,0.0,nan,5.9178,3.9897,3.9663,4,4.329,8,nan,nan,nan,0,0,0
linq,35.0,0.0,eb0482,0.0482,1,4.8,0,0.23,20000,0.9872,339.5,0.811,0,0.0128,0.0,10.348,0.0,nan,5.4606,3.5522,3.512,5,4.0297,8,nan,nan,nan,0,0,0
linq,35.0,0.0,eb0482,0.0482,1,4.8,0,0.24,20000,0.9872,339.5,0.811,0,0.0128,0.0,9.89,0.0,0.0,5.0031,3.1479,3.0833,6,3.7682,8,nan,nan,nan,0,0,0
linq,35.0,0.0,eb0482,0.0482,1,4.8,0,0.25,20000,0.9872,339.5,0.811,0,0.0128,0.0,9.437,0.0,0.0,4.5508,2.9681,2.9078,6,3.5325,8,nan,nan,nan,0,0,0
linq,35.0,0.0,eb0482,0.0482,1,4.8,0,0.26,20000,0.9872,339.5,0.811,0,0.0128,0.0,8.976,0.0001,0.057,4.0913,2.6126,2.5132,7,3.3165,8,nan,1.0357,nan,0,0,0
linq,35.0,0.0,eb0482,0.0482,1,4.8,0,0.27,20000,0.9872,339.5,0.811,0,0.0128,0.0,8.525,0.0002,0.027,3.6427,2.4714,2.3787,7,3.1209,8,nan,0.9818,nan,0,0,0
linq,35.0,0.0,eb0482,0.0482,1,4.8,0,0.28,20000,0.9872,339.5,0.811,0,0.0128,0.0,8.077,0.0008,0.047,3.197,2.3427,2.2574,7,2.9448,8,1.0141,0.9411,0.0,0,0,0
linq,35.0,0.0,eb0482,0.0482,1,4.8,0,0.29,20000,0.9872,339.5,0.811,0,0.0128,0.0001,7.636,0.0045,0.113,2.7599,2.2226,2.143,7,2.7793,8,0.9608,0.898,0.0,0,0,0
linq,35.0,0.0,eb0482,0.0482,1,4.8,0,0.3,20000,0.9872,339.5,0.811,0,0.0128,0.0002,7.207,0.0146,0.212,2.3362,2.1123,2.0378,7,2.6266,8,0.9246,0.8579,0.0,0,0,0
linq,35.0,0.0,eb0482,0.0482,1,4.8,0,0.31,20000,0.9872,339.5,0.811,0,0.0128,0.0008,6.791,0.0341,0.355,1.9333,2.0089,1.9393,7,2.4901,8,0.8888,0.8209,0.0,0,1,0
linq,35.0,0.0,eb0482,0.0482,1,4.8,0,0.32,20000,0.9872,339.5,0.811,0,0.0128,0.0036,6.393,0.0641,0.556,1.5705,1.9154,1.8493,7,2.3695,8,0.8542,0.7846,0.0,0,1,0
linq,35.0,0.0,eb0482,0.0482,1,4.8,0,0.33,20000,0.9872,339.5,0.811,0,0.0128,0.0113,6.001,0.0975,0.751,1.2522,1.8254,1.763,7,2.2492,8,0.8223,0.7504,0.0,0,1,0
linq,35.0,0.0,eb0482,0.0482,1,4.8,0,0.34,20000,0.9872,339.5,0.811,0,0.0128,0.026,5.634,0.1325,0.974,1.0002,1.7444,1.685,7,2.1415,8,0.7911,0.7178,0.0,0,1,0
linq,35.0,0.0,eb0482,0.0482,1,4.8,0,0.35,20000,0.9872,339.5,0.811,0,0.0128,0.0512,5.279,0.1606,1.142,0.81,1.6669,1.6105,7,2.044,8,0.7606,0.6876,0.0,0,1,0
linq,35.0,0.0,eb0482,0.0482,1,4.8,0,0.36,20000,0.9872,339.5,0.811,0,0.0128,0.0852,4.94,0.1831,1.266,0.6782,1.5958,1.542,7,1.9501,8,0.7309,0.6585,0.0,0,1,0
linq,35.0,0.0,eb0482,0.0482,1,4.8,0,0.37,20000,0.9872,339.5,0.811,0,0.0128,0.1242,4.625,0.2008,1.381,0.5857,1.5302,1.4786,7,1.8634,8,0.7027,0.6322,0.0,1,1,1
linq,35.0,0.0,eb0482,0.0482,1,4.8,0,0.38,20000,0.9872,339.5,0.811,0,0.0128,0.1677,4.325,0.2141,1.471,0.5179,1.467,1.4178,7,1.7797,8,0.6754,0.6071,0.0,1,0,0
linq,35.0,0.0,eb0482,0.0482,1,4.8,0,0.39,20000,0.9872,339.5,0.811,0,0.0128,0.2124,4.048,0.2249,1.555,0.4654,1.4081,1.3612,7,1.7064,8,0.6495,0.5831,0.0,1,0,0
linq,35.0,0.0,eb0482,0.0482,1,4.8,0,0.4,20000,0.9872,339.5,0.811,0,0.0128,0.2563,3.792,0.2314,1.57,0.4294,1.3539,1.3087,7,1.6342,8,0.6256,0.5605,0.0,1,0,0
linq,35.0,0.0,eb0482,0.0482,1,4.8,0,0.41,20000,0.9872,339.5,0.811,0,0.0128,0.2985,3.555,0.2381,1.624,0.4002,1.3027,1.2593,7,1.5655,8,0.603,0.5395,0.0,1,0,0
linq,35.0,0.0,eb0482,0.0482,1,4.8,0,0.42,20000,0.9872,339.5,0.811,0,0.0128,0.3394,3.337,0.2411,1.624,0.3776,1.2537,1.2121,7,1.5034,8,0.5816,0.5201,0.0,1,0,0
linq,35.0,0.0,eb0482,0.0482,1,4.8,0,0.43,20000,0.9872,339.5,0.811,0,0.0128,0.3799,3.135,0.2437,1.668,0.3657,1.2085,1.1684,7,1.4442,8,0.5603,0.5015,0.0,1,0,0
linq,35.0,0.0,eb0482,0.0482,1,4.8,0,0.44,20000,0.9872,339.5,0.811,0,0.0128,0.4164,2.951,0.2465,1.727,0.3532,1.1656,1.1271,7,1.3923,8,0.5408,0.484,0.0,1,0,0
linq,35.0,0.0,eb0482,0.0482,1,4.8,0,0.45,20000,0.9872,339.5,0.811,0,0.0128,0.4509,2.781,0.2471,1.74,0.3475,1.1251,1.0881,7,1.3396,8,0.5223,0.4674,0.0,1,0,0
linq,35.0,0.0,eb0482,0.0482,1,4.8,0,0.46,20000,0.9872,339.5,0.811,0,0.0128,0.482,2.622,0.2509,1.743,0.3365,1.087,1.051,7,1.2881,8,0.5049,0.4503,0.0,1,0,0
linq,35.0,0.0,eb0482,0.0482,1,4.8,0,0.47,20000,0.9872,339.5,0.811,0,0.0128,0.5121,2.479,0.2477,1.681,0.3417,1.0511,1.0163,7,1.2372,8,0.4888,0.4361,0.0,1,0,0
linq,35.0,0.0,eb0482,0.0482,1,4.8,0,0.48,20000,0.9872,339.5,0.811,0,0.0128,0.5398,2.346,0.2455,1.638,0.3419,1.0155,0.9824,7,1.1936,8,0.4732,0.4228,0.0,1,0,0
linq,35.0,0.0,eb0482,0.0482,1,4.8,0,0.49,20000,0.9872,339.5,0.811,0,0.0128,0.5652,2.223,0.2468,1.649,0.3436,0.9829,0.9509,7,1.1525,8,0.4579,0.4095,0.0,1,0,0
linq,35.0,0.0,eb0482,0.0482,1,4.8,0,0.5,20000,0.9872,339.5,0.811,0,0.0128,0.5887,2.109,0.2497,1.705,0.3453,0.952,0.9211,7,1.1142,8,0.4434,0.3968,0.0,1,0,0
linq,35.0,0.0,eb0482,0.0482,1,4.8,0,0.51,20000,0.9872,339.5,0.811,0,0.0128,0.6115,2.001,0.2496,1.737,0.3565,0.9227,0.8926,7,1.0753,8,0.4295,0.3846,0.0,1,0,0
linq,35.0,0.0,eb0482,0.0482,1,4.8,0,0.52,20000,0.9872,339.5,0.811,0,0.0128,0.6308,1.905,0.2527,1.788,0.3581,0.8942,0.8652,7,1.0408,8,0.4171,0.3729,0.0,1,0,0
linq,35.0,0.0,eb0482,0.0482,1,6.4,0,0.17,20000,0.9872,339.5,0.811,0,0.0128,0.0,11.313,0.0,nan,6.4462,5.2819,5.2783,2,4.0921,8,nan,nan,nan,0,0,0
linq,35.0,0.0,eb0482,0.0482,1,6.4,0,0.18,20000,0.9872,339.5,0.811,0,0.0128,0.0,10.752,0.0,nan,5.8932,4.6607,4.6545,3,3.6283,8,nan,nan,nan,0,0,0
linq,35.0,0.0,eb0482,0.0482,1,6.4,0,0.19,20000,0.9872,339.5,0.811,0,0.0128,0.0,10.19,0.0,nan,5.3404,4.2326,4.2274,3,3.2308,8,nan,nan,nan,0,0,0
linq,35.0,0.0,eb0482,0.0482,1,6.4,0,0.2,20000,0.9872,339.5,0.811,0,0.0128,0.0,9.627,0.0,nan,4.7959,3.7189,3.7089,4,2.8985,8,nan,nan,nan,0,0,0
linq,35.0,0.0,eb0482,0.0482,1,6.4,0,0.21,20000,0.9872,339.5,0.811,0,0.0128,0.0,9.069,0.0,nan,4.2646,3.2591,3.2401,5,2.6077,8,nan,nan,nan,0,0,0
linq,35.0,0.0,eb0482,0.0482,1,6.4,0,0.22,20000,0.9872,339.5,0.811,0,0.0128,0.0,8.506,0.0,nan,3.7397,2.8387,2.8054,6,2.3547,8,nan,nan,nan,0,0,0
linq,35.0,0.0,eb0482,0.0482,1,6.4,0,0.23,20000,0.9872,339.5,0.811,0,0.0128,0.0,7.944,0.0,0.0,3.2257,2.6063,2.578,6,2.1339,8,nan,nan,nan,0,0,0
linq,35.0,0.0,eb0482,0.0482,1,6.4,0,0.24,20000,0.9872,339.5,0.811,0,0.0128,0.0,7.388,0.0001,0.018,2.7329,2.256,2.2026,7,1.9454,8,nan,0.9928,nan,0,0,0
linq,35.0,0.0,eb0482,0.0482,1,6.4,0,0.25,20000,0.9872,339.5,0.811,0,0.0128,0.0,6.841,0.0005,0.019,2.2672,2.0829,2.0364,7,1.778,8,nan,0.9308,nan,0,1,0
linq,35.0,0.0,eb0482,0.0482,1,6.4,0,0.26,20000,0.9872,339.5,0.811,0,0.0128,0.0,6.312,0.0052,0.074,1.8469,1.9263,1.8854,7,1.628,8,0.9589,0.8724,0.0,0,1,0
linq,35.0,0.0,eb0482,0.0482,1,6.4,0,0.27,20000,0.9872,339.5,0.811,0,0.0128,0.0001,5.803,0.0244,0.194,1.4745,1.7854,1.7491,7,1.4935,8,0.9057,0.8184,0.0,0,1,0
linq,35.0,0.0,eb0482,0.0482,1,6.4,0,0.28,20000,0.9872,339.5,0.811,0,0.0128,0.0008,5.314,0.07,0.433,1.1561,1.6574,1.6245,7,1.3739,8,0.8562,0.7656,0.0,0,1,0
linq,35.0,0.0,eb0482,0.0482,1,6.4,0,0.29,20000,0.9872,339.5,0.811,0,0.0128,0.0067,4.855,0.132,0.749,0.9303,1.542,1.5121,7,1.2677,8,0.8115,0.7158,0.0,0,1,0
linq,35.0,0.0,eb0482,0.0482,1,6.4,0,0.3,20000,0.9872,339.5,0.811,0,0.0128,0.026,4.423,0.1923,1.063,0.8031,1.4372,1.4096,7,1.1753,8,0.7688,0.669,0.0,1,1,1
linq,35.0,0.0,eb0482,0.0482,1,6.4,0,0.31,20000,0.9872,339.5,0.811,0,0.0128,0.068,4.014,0.2369,1.313,0.7986,1.3426,1.3171,7,1.089,8,0.7257,0.6268,0.0,1,0,0
linq,35.0,0.0,eb0482,0.0482,1,6.4,0,0.32,20000,0.9872,339.5,0.811,0,0.0128,0.1263,3.63,0.2694,1.523,0.8286,1.2564,1.2328,7,1.0081,8,0.6837,0.5875,0.0,1,0,0
linq,35.0,0.0,eb0482,0.0482,1,6.4,0,0.33,20000,0.9872,339.5,0.811,0,0.0128,0.1938,3.282,0.2889,1.646,0.8612,1.1787,1.1566,7,0.9395,8,0.6443,0.5517,0.0,1,0,0
linq,35.0,0.0,eb0482,0.0482,1,6.4,0,0.34,20000,0.9872,339.5,0.811,0,0.0128,0.2632,2.963,0.3012,1.722,0.8859,1.1057,1.0852,7,0.876,8,0.6073,0.5187,0.0,0,0,0
linq,35.0,0.0,eb0482,0.0482,1,6.4,0,0.35,20000,0.9872,339.5,0.811,0,0.0128,0.3294,2.682,0.3107,1.839,0.8884,1.0407,1.0216,7,0.8179,8,0.5729,0.489,0.0,0,0,0
linq,35.0,0.0,eb0482,0.0482,1,6.4,0,0.36,20000,0.9872,339.5,0.811,0,0.0128,0.3929,2.429,0.3138,1.838,0.8872,0.9804,0.9625,7,0.7641,8,0.5407,0.4604,0.0,0,0,0
linq,35.0,0.0,eb0482,0.0482,1,6.4,0,0.37,20000,0.9872,339.5,0.811,0,0.0128,0.4492,2.206,0.3163,1.835,0.8838,0.9244,0.9076,7,0.7123,8,0.5112,0.4347,0.0,0,0,0
linq,35.0,0.0,eb0482,0.0482,1,6.4,0,0.38,20000,0.9872,339.5,0.811,0,0.0128,0.4987,2.014,0.3164,1.821,0.8718,0.8747,0.8589,7,0.6669,8,0.4848,0.4124,0.0,0,0,0
linq,35.0,0.0,eb0482,0.0482,1,6.4,0,0.39,20000,0.9872,339.5,0.811,0,0.0128,0.5458,1.837,0.3176,1.868,0.8441,0.827,0.8123,7,0.6261,8,0.4583,0.3908,0.0,0,0,0
linq,35.0,0.0,eb0482,0.0482,1,6.4,0,0.4,20000,0.9872,339.5,0.811,0,0.0128,0.586,1.683,0.3209,1.932,0.8243,0.7831,0.7692,7,0.5901,8,0.4347,0.37,0.0,0,0,0
linq,35.0,0.0,eb0482,0.0482,1,6.4,0,0.41,20000,0.9872,339.5,0.811,0,0.0128,0.6221,1.546,0.3201,1.928,0.7987,0.7426,0.7296,7,0.5536,8,0.4132,0.3515,0.0,0,0,0
linq,35.0,0.0,eb0482,0.0482,1,6.4,0,0.42,20000,0.9872,339.5,0.811,0,0.0128,0.6527,1.427,0.3216,1.981,0.7804,0.7056,0.6933,7,0.5219,8,0.3941,0.3346,0.0,0,0,0
linq,35.0,0.0,eb0482,0.0482,1,6.4,0,0.43,20000,0.9872,339.5,0.811,0,0.0128,0.6832,1.316,0.3169,1.947,0.7352,0.6704,0.6588,7,0.492,8,0.375,0.3182,0.0,0,0,0
linq,35.0,0.0,eb0482,0.0482,1,6.4,0,0.44,20000,0.9872,339.5,0.811,0,0.0128,0.7096,1.217,0.3158,1.987,0.6993,0.6379,0.6269,7,0.4624,8,0.357,0.3025,0.0,0,0,0
linq,35.0,0.0,eb0482,0.0482,1,6.4,0,0.45,20000,0.9872,339.5,0.811,0,0.0128,0.733,1.129,0.3104,1.942,0.6592,0.6076,0.5972,7,0.437,8,0.3408,0.2888,0.0,0,0,0
linq,35.0,0.0,eb0482,0.0482,1,6.4,0,0.46,20000,0.9872,339.5,0.811,0,0.0128,0.754,1.051,0.3061,1.906,0.6263,0.5791,0.5694,7,0.4123,8,0.3252,0.2758,0.0,0,0,0
linq,35.0,0.0,eb0482,0.0482,1,6.4,0,0.47,20000,0.9872,339.5,0.811,0,0.0128,0.7715,0.98,0.3068,1.929,0.6062,0.5527,0.5435,7,0.3908,8,0.3111,0.2634,0.0,0,0,0
linq,35.0,0.0,eb0482,0.0482,1,6.4,0,0.48,20000,0.9872,339.5,0.811,0,0.0128,0.7888,0.914,0.3016,1.868,0.5805,0.5275,0.5187,7,0.3686,8,0.2973,0.2518,0.0,0,0,0
linq,35.0,0.0,eb0482,0.0482,1,6.4,0,0.49,20000,0.9872,339.5,0.811,0,0.0128,0.8042,0.855,0.2957,1.859,0.5487,0.5045,0.4962,7,0.3871,7,0.2843,0.2418,0.0,1,0,0
linq,35.0,0.0,eb0482,0.0482,1,6.4,0,0.5,20000,0.9872,339.5,0.811,0,0.0128,0.8169,0.804,0.2971,1.937,0.5306,0.4833,0.4753,7,0.3679,7,0.2727,0.2316,0.0,1,0,0
linq,35.0,0.0,eb0482,0.0482,1,6.4,0,0.51,20000,0.9872,339.5,0.811,0,0.0128,0.829,0.754,0.2967,1.989,0.5194,0.4618,0.4544,7,0.3474,7,0.2615,0.2218,0.0,1,0,0
linq,35.0,0.0,eb0482,0.0482,1,6.4,0,0.52,20000,0.9872,339.5,0.811,0,0.0128,0.8401,0.708,0.2981,2.036,0.5009,0.4419,0.4347,7,0.3313,7,0.2508,0.2114,0.0,1,0,0
linq,35.0,0.0,eb0482,0.0482,1,9.6,1,0.17,20000,0.9872,339.5,0.811,0,0.0128,0.0,9.062,0.0,nan,4.5426,3.9353,3.9352,3,1.7004,8,nan,nan,nan,0,0,0
linq,35.0,0.0,eb0482,0.0482,1,9.6,1,0.18,20000,0.9872,339.5,0.811,0,0.0128,0.0,8.366,0.0,nan,3.9652,3.3431,3.3425,4,1.4071,8,nan,nan,nan,0,0,0
linq,35.0,0.0,eb0482,0.0482,1,9.6,1,0.19,20000,0.9872,339.5,0.811,0,0.0128,0.0,7.669,0.0,nan,3.4228,2.8288,2.8266,5,1.1646,8,nan,nan,nan,0,0,0
linq,35.0,0.0,eb0482,0.0482,1,9.6,1,0.2,20000,0.9872,339.5,0.811,0,0.0128,0.0,6.98,0.0,nan,2.9134,2.3838,2.3781,6,0.9847,8,nan,nan,nan,0,1,0
linq,35.0,0.0,eb0482,0.0482,1,9.6,1,0.21,20000,0.9872,339.5,0.811,0,0.0128,0.0,6.285,0.0,0.0,2.4408,1.9904,1.9761,7,0.8291,8,nan,1.0623,nan,0,1,0
linq,35.0,0.0,eb0482,0.0482,1,9.6,1,0.22,20000,0.9872,339.5,0.811,0,0.0128,0.0,5.615,0.0001,0.002,2.0363,1.7377,1.7271,7,0.793,7,nan,0.9407,nan,0,1,0
linq,35.0,0.0,eb0482,0.0482,1,9.6,1,0.23,20000,0.9872,339.5,0.811,0,0.0128,0.0,4.979,0.0018,0.016,1.7187,1.5261,1.5187,7,0.6759,7,0.9888,0.8519,0.0,0,1,0
linq,35.0,0.0,eb0482,0.0482,1,9.6,1,0.24,20000,0.9872,339.5,0.811,0,0.0128,0.0,4.381,0.0339,0.15,1.5515,1.3412,1.3361,7,0.579,7,0.8927,0.7717,0.0,0,0,0
linq,35.0,0.0,eb0482,0.0482,1,9.6,1,0.25,20000,0.9872,339.5,0.811,0,0.0128,0.0003,3.814,0.1362,0.52,1.531,1.182,1.178,7,0.4997,7,0.8185,0.6904,0.0,0,0,0
linq,35.0,0.0,eb0482,0.0482,1,9.6,1,0.26,20000,0.9872,339.5,0.811,0,0.0128,0.0092,3.308,0.2625,1.063,1.6452,1.0454,1.0421,7,0.4324,7,0.758,0.6154,0.0,1,0,0
linq,35.0,0.0,eb0482,0.0482,1,9.6,1,0.27,20000,0.9872,339.5,0.811,0,0.0128,0.0625,2.84,0.3569,1.606,1.8592,0.9273,0.9245,7,0.422,6,0.6946,0.5489,0.0,0,0,0
linq,35.0,0.0,eb0482,0.0482,1,9.6,1,0.28,20000,0.9872,339.5,0.811,0,0.0128,0.1679,2.405,0.4039,1.946,1.9981,0.825,0.8226,7,0.3666,6,0.6296,0.491,0.0,0,0,0
linq,35.0,0.0,eb0482,0.0482,1,9.6,1,0.29,20000,0.9872,339.5,0.811,0,0.0128,0.289,2.02,0.4266,2.119,2.0476,0.7376,0.7355,7,0.3232,6,0.5682,0.4396,0.0,0,0,0
linq,35.0,0.0,eb0482,0.0482,1,9.6,1,0.3,20000,0.9872,339.5,0.811,0,0.0128,0.4039,1.696,0.4304,2.159,2.0434,0.6614,0.6596,7,0.2778,6,0.513,0.397,0.0,0,0,0
linq,35.0,0.0,eb0482,0.0482,1,9.6,1,0.31,20000,0.9872,339.5,0.811,0,0.0128,0.4987,1.431,0.4398,2.296,2.0337,0.5947,0.5931,7,0.2816,5,0.4637,0.3575,0.0,0,0,0
linq,35.0,0.0,eb0482,0.0482,1,9.6,1,0.32,20000,0.9872,339.5,0.811,0,0.0128,0.5806,1.213,0.437,2.318,1.997,0.536,0.5346,7,0.247,5,0.4201,0.3235,0.0,0,0,0
linq,35.0,0.0,eb0482,0.0482,1,9.6,1,0.33,20000,0.9872,339.5,0.811,0,0.0128,0.6447,1.037,0.4387,2.401,1.9695,0.4843,0.483,7,0.2157,5,0.3823,0.293,0.0,0,0,0
linq,35.0,0.0,eb0482,0.0482,1,9.6,1,0.34,20000,0.9872,339.5,0.811,0,0.0128,0.7009,0.889,0.4282,2.293,1.9156,0.438,0.4368,7,0.1899,5,0.3481,0.2665,0.0,0,0,0
linq,35.0,0.0,eb0482,0.0482,1,9.6,1,0.35,20000,0.9872,339.5,0.811,0,0.0128,0.7458,0.77,0.4201,2.323,1.8612,0.3973,0.3963,7,0.1684,5,0.3174,0.244,0.0,0,0,0
linq,35.0,0.0,eb0482,0.0482,1,9.6,1,0.36,20000,0.9872,339.5,0.811,0,0.0128,0.7812,0.671,0.4148,2.296,1.8241,0.3619,0.361,7,0.1706,4,0.2907,0.2225,0.0,0,0,0
linq,35.0,0.0,eb0482,0.0482,1,9.6,1,0.37,20000,0.9872,339.5,0.811,0,0.0128,0.811,0.586,0.4115,2.341,1.7888,0.3295,0.3287,7,0.1488,4,0.2659,0.2026,0.0,0,0,0
linq,35.0,0.0,eb0482,0.0482,1,9.6,1,0.38,20000,0.9872,339.5,0.811,0,0.0128,0.8358,0.516,0.3988,2.159,1.7457,0.3007,0.2999,7,0.1329,4,0.2447,0.186,0.0,0,0,0
linq,35.0,0.0,eb0482,0.0482,1,9.6,1,0.39,20000,0.9872,339.5,0.811,0,0.0128,0.8559,0.457,0.3928,2.154,1.7184,0.2742,0.2735,7,0.1182,4,0.2253,0.1715,0.0,0,0,0
linq,35.0,0.0,eb0482,0.0482,1,9.6,1,0.4,20000,0.9872,339.5,0.811,0,0.0128,0.8734,0.406,0.3858,2.142,1.681,0.2515,0.2508,7,0.1061,4,0.2072,0.1582,0.0,0,0,0
linq,35.0,0.0,eb0482,0.0482,1,9.6,1,0.41,20000,0.9872,339.5,0.811,0,0.0128,0.8883,0.361,0.3832,2.167,1.6528,0.2313,0.2307,7,0.1056,3,0.1902,0.1451,0.0,0,0,0
linq,35.0,0.0,eb0482,0.0482,1,9.6,1,0.42,20000,0.9872,339.5,0.811,0,0.0128,0.8994,0.325,0.381,2.14,1.659,0.2111,0.2105,7,0.0957,3,0.177,0.1344,0.0,0,0,0
linq,35.0,0.0,eb0482,0.0482,1,9.6,1,0.43,20000,0.9872,339.5,0.811,0,0.0128,0.9101,0.292,0.3771,2.091,1.644,0.1939,0.1932,7,0.0853,3,0.1639,0.124,0.0,0,0,0
linq,35.0,0.0,eb0482,0.0482,1,9.6,1,0.44,20000,0.9872,339.5,0.811,0,0.0128,0.9186,0.264,0.3778,2.109,1.6473,0.1792,0.1786,7,0.0761,3,0.1527,0.115,0.0,0,0,0
linq,35.0,0.0,eb0482,0.0482,1,9.6,1,0.45,20000,0.9872,339.5,0.811,0,0.0128,0.927,0.238,0.3716,2.06,1.6322,0.1645,0.1639,7,0.0679,3,0.1414,0.1066,0.0,0,0,0
linq,35.0,0.0,eb0482,0.0482,1,9.6,1,0.46,20000,0.9872,339.5,0.811,0,0.0128,0.9346,0.214,0.3679,2.074,1.6133,0.151,0.1505,7,0.0713,2,0.1304,0.0988,0.0,0,0,0
linq,35.0,0.0,eb0482,0.0482,1,9.6,1,0.47,20000,0.9872,339.5,0.811,0,0.0128,0.9404,0.195,0.3648,2.007,1.6165,0.1398,0.1392,7,0.0648,2,0.1219,0.0922,0.0,0,0,0
linq,35.0,0.0,eb0482,0.0482,1,9.6,1,0.48,20000,0.9872,339.5,0.811,0,0.0128,0.9455,0.178,0.3695,2.117,1.6338,0.1285,0.1279,7,0.0577,2,0.1136,0.0859,0.0,0,0,0
linq,35.0,0.0,eb0482,0.0482,1,9.6,1,0.49,20000,0.9872,339.5,0.811,0,0.0128,0.9504,0.161,0.3663,2.143,1.6407,0.1181,0.1175,7,0.0512,2,0.106,0.0797,0.0,0,0,0
linq,35.0,0.0,eb0482,0.0482,1,9.6,1,0.5,20000,0.9872,339.5,0.811,0,0.0128,0.9543,0.148,0.3671,2.174,1.6577,0.1094,0.1087,7,0.0461,2,0.0994,0.0746,0.0,0,0,0
linq,35.0,0.0,eb0482,0.0482,1,9.6,1,0.51,20000,0.9872,339.5,0.811,0,0.0128,0.9586,0.135,0.3578,2.12,1.6354,0.1009,0.1001,7,0.0494,1,0.0926,0.0692,0.0,0,0,0
linq,35.0,0.0,eb0482,0.0482,1,9.6,1,0.52,20000,0.9872,339.5,0.811,0,0.0128,0.9618,0.123,0.3585,2.105,1.6607,0.0931,0.0924,7,0.0456,1,0.0869,0.0644,0.0,0,0,0
linq,35.0,0.0,eb0482,0.0482,1,12.8,1,0.17,20000,0.9872,339.5,0.811,0,0.0128,0.0,7.711,0.0,nan,3.7569,3.0729,3.0656,4,0.8489,7,nan,nan,nan,0,0,0
linq,35.0,0.0,eb0482,0.0482,1,12.8,1,0.18,20000,0.9872,339.5,0.811,0,0.0128,0.0,6.937,0.0,nan,3.2332,2.5196,2.5109,5,0.7463,6,nan,nan,nan,0,1,0
linq,35.0,0.0,eb0482,0.0482,1,12.8,1,0.19,20000,0.9872,339.5,0.811,0,0.0128,0.0,6.161,0.0,nan,2.7639,2.0528,2.0439,6,0.5779,6,nan,nan,nan,0,1,0
linq,35.0,0.0,eb0482,0.0482,1,12.8,1,0.2,20000,0.9872,339.5,0.811,0,0.0128,0.0,5.392,0.0,0.0,2.3476,1.6624,1.6536,7,0.4511,6,nan,1.0573,nan,0,1,0
linq,35.0,0.0,eb0482,0.0482,1,12.8,1,0.21,20000,0.9872,339.5,0.811,0,0.0128,0.0,4.671,0.0,0.0,2.0704,1.3771,1.3689,7,0.4101,5,nan,0.8994,nan,0,1,0
linq,35.0,0.0,eb0482,0.0482,1,12.8,1,0.22,20000,0.9872,339.5,0.811,0,0.0128,0.0,3.994,0.0054,0.023,1.9284,1.1468,1.1397,7,0.3225,5,0.9583,0.7935,0.0,0,0,0
linq,35.0,0.0,eb0482,0.0482,1,12.8,1,0.23,20000,0.9872,339.5,0.811,0,0.0128,0.0,3.376,0.0977,0.286,1.9645,0.9579,0.9514,7,0.2549,5,0.8401,0.6906,0.0,0,0,0
linq,35.0,0.0,eb0482,0.0482,1,12.8,1,0.24,20000,0.9872,339.5,0.811,0,0.0128,0.0007,2.804,0.2862,0.944,2.1309,0.8001,0.7942,7,0.2395,4,0.7575,0.5871,0.0,1,0,0
linq,35.0,0.0,eb0482,0.0482,1,12.8,1,0.25,20000,0.9872,339.5,0.811,0,0.0128,0.0361,2.326,0.4428,1.827,2.4758,0.6734,0.6681,7,0.1892,4,0.6846,0.4975,0.0,0,0,0
linq,35.0,0.0,eb0482,0.0482,1,12.8,1,0.26,20000,0.9872,339.5,0.811,0,0.0128,0.1777,1.858,0.5113,2.412,2.6287,0.5672,0.5621,7,0.1534,4,0.5989,0.4231,0.0,0,0,0
linq,35.0,0.0,eb0482,0.0482,1,12.8,1,0.27,20000,0.9872,339.5,0.811,0,0.0128,0.3518,1.448,0.5303,2.646,2.6549,0.4804,0.4756,7,0.1459,3,0.5172,0.3628,0.0,0,0,0
linq,35.0,0.0,eb0482,0.0482,1,12.8,1,0.28,20000,0.9872,339.5,0.811,0,0.0128,0.4988,1.127,0.5361,2.783,2.6395,0.4093,0.4051,7,0.1175,3,0.4464,0.3107,0.0,0,0,0
linq,35.0,0.0,eb0482,0.0482,1,12.8,1,0.29,20000,0.9872,339.5,0.811,0,0.0128,0.6149,0.882,0.5294,2.768,2.5993,0.3486,0.3444,7,0.095,3,0.3858,0.2675,0.0,0,0,0
linq,35.0,0.0,eb0482,0.0482,1,12.8,1,0.3,20000,0.9872,339.5,0.811,0,0.0128,0.7004,0.701,0.5202,2.772,2.549,0.2993,0.2953,7,0.077,3,0.3354,0.232,0.0,0,0,0
linq,35.0,0.0,eb0482,0.0482,1,12.8,1,0.31,20000,0.9872,339.5,0.811,0,0.0128,0.7645,0.561,0.5135,2.785,2.5061,0.2566,0.2527,7,0.0746,2,0.2915,0.2,0.0,0,0,0
linq,35.0,0.0,eb0482,0.0482,1,12.8,1,0.32,20000,0.9872,339.5,0.811,0,0.0128,0.8121,0.457,0.4949,2.59,2.4538,0.2214,0.2175,7,0.0613,2,0.2554,0.1753,0.0,0,0,0
linq,35.0,0.0,eb0482,0.0482,1,12.8,1,0.33,20000,0.9872,339.5,0.811,0,0.0128,0.8483,0.375,0.4836,2.513,2.4154,0.1909,0.1872,7,0.0504,2,0.2237,0.1534,0.0,0,0,0
linq,35.0,0.0,eb0482,0.0482,1,12.8,1,0.34,20000,0.9872,339.5,0.811,0,0.0128,0.8759,0.31,0.479,2.511,2.3927,0.164,0.1601,7,0.0485,1,0.1959,0.1334,0.0,0,0,0
linq,35.0,0.0,eb0482,0.0482,1,12.8,1,0.35,20000,0.9872,339.5,0.811,0,0.0128,0.8962,0.261,0.4706,2.408,2.3749,0.143,0.1392,7,0.0418,1,0.1735,0.1177,0.0,0,0,0
linq,35.0,0.0,eb0482,0.0482,1,12.8,1,0.36,20000,0.9872,339.5,0.811,0,0.0128,0.9132,0.219,0.465,2.401,2.3641,0.1235,0.12,7,0.0358,1,0.1533,0.104,0.0,0,0,0
linq,35.0,0.0,eb0482,0.0482,1,12.8,1,0.37,20000,0.9872,339.5,0.811,0,0.0128,0.9266,0.185,0.4627,2.399,2.3621,0.107,0.1033,7,nan,0,0.1358,0.0917,0.0,0,0,0
linq,35.0,0.0,eb0482,0.0482,1,12.8,1,0.38,20000,0.9872,339.5,0.811,0,0.0128,0.9378,0.157,0.4557,2.388,2.3602,0.0926,0.089,7,nan,0,0.1203,0.0816,0.0,0,0,0
linq,35.0,0.0,eb0482,0.0482,1,12.8,1,0.39,20000,0.9872,339.5,0.811,0,0.0128,0.9465,0.135,0.4539,2.428,2.3605,0.0809,0.0775,7,nan,0,0.1075,0.0722,0.0,0,0,0
linq,35.0,0.0,eb0482,0.0482,1,12.8,1,0.4,20000,0.9872,339.5,0.811,0,0.0128,0.954,0.115,0.4523,2.319,2.3795,0.0701,0.0668,7,nan,0,0.0956,0.063,0.0,0,0,0
linq,35.0,0.0,eb0482,0.0482,1,12.8,1,0.41,20000,0.9872,339.5,0.811,0,0.0128,0.9603,0.099,0.4397,2.107,2.3921,0.0607,0.0576,7,nan,0,0.0857,0.0564,0.0,0,0,0
linq,35.0,0.0,eb0482,0.0482,1,12.8,1,0.42,20000,0.9872,339.5,0.811,0,0.0128,0.9656,0.086,0.4308,2.038,2.3989,0.0531,0.05,7,nan,0,0.0768,0.0508,0.0,0,0,0
linq,35.0,0.0,eb0482,0.0482,1,12.8,1,0.43,20000,0.9872,339.5,0.811,0,0.0128,0.9701,0.074,0.4382,2.204,2.4276,0.0503,0.0486,6,nan,0,0.0679,0.0452,0.0,0,0,0
linq,35.0,0.0,eb0482,0.0482,1,12.8,1,0.44,20000,0.9872,339.5,0.811,0,0.0128,0.9736,0.064,0.4501,2.322,2.4798,0.0439,0.0424,6,nan,0,0.0605,0.0399,0.0,0,0,0
linq,35.0,0.0,eb0482,0.0482,1,12.8,1,0.45,20000,0.9872,339.5,0.811,0,0.0128,0.9767,0.055,0.4512,2.286,2.5264,0.0381,0.0365,6,nan,0,0.0546,0.0353,0.0,0,0,0
linq,35.0,0.0,eb0482,0.0482,1,12.8,1,0.46,20000,0.9872,339.5,0.811,0,0.0128,0.979,0.049,0.4506,2.162,2.5778,0.0337,0.0323,6,nan,0,0.05,0.0316,0.0,0,0,0
linq,35.0,0.0,eb0482,0.0482,1,12.8,1,0.47,20000,0.9872,339.5,0.811,0,0.0128,0.9814,0.042,0.4647,2.295,2.6332,0.0321,0.0314,5,nan,0,0.0449,0.0278,0.0,0,0,0
linq,35.0,0.0,eb0482,0.0482,1,12.8,1,0.48,20000,0.9872,339.5,0.811,0,0.0128,0.9838,0.036,0.4436,1.912,2.6692,0.0274,0.0266,5,nan,0,0.0403,0.025,0.0,0,0,0
linq,35.0,0.0,eb0482,0.0482,1,12.8,1,0.49,20000,0.9872,339.5,0.811,0,0.0128,0.9858,0.031,0.4446,1.945,2.694,0.0245,0.0238,5,nan,0,0.0358,0.0225,0.0,0,0,0
linq,35.0,0.0,eb0482,0.0482,1,12.8,1,0.5,20000,0.9872,339.5,0.811,0,0.0128,0.9872,0.027,0.4643,2.127,2.7597,0.0236,0.0234,4,nan,0,0.0321,0.0201,0.0,0,0,0
linq,35.0,0.0,eb0482,0.0482,1,12.8,1,0.51,20000,0.9872,339.5,0.811,0,0.0128,0.9884,0.023,0.4869,2.253,2.8646,0.0202,0.0198,4,nan,0,0.0291,0.0175,0.0,0,0,0
linq,35.0,0.0,eb0482,0.0482,1,12.8,1,0.52,20000,0.9872,339.5,0.811,0,0.0128,0.9898,0.02,0.4863,2.143,2.9011,0.018,0.0177,4,nan,0,0.026,0.0154,0.0,0,0,0
linq,35.0,0.0,eb1168,0.11675778353879479,0,2.4,0,0.17,20000,0.9754,339.5,0.811,0,0.0246,0.0,17.338,0.0,nan,12.4491,nan,nan,0,13.2711,5,nan,nan,nan,0,0,0
linq,35.0,0.0,eb1168,0.11675778353879479,0,2.4,0,0.18,20000,0.9754,339.5,0.811,0,0.0246,0.0,17.123,0.0,nan,12.2345,nan,nan,0,12.5792,6,nan,nan,nan,0,0,0
linq,35.0,0.0,eb1168,0.11675778353879479,0,2.4,0,0.19,20000,0.9754,339.5,0.811,0,0.0246,0.0,16.91,0.0,nan,12.0209,nan,nan,0,12.075,6,nan,nan,nan,0,0,0
linq,35.0,0.0,eb1168,0.11675778353879479,0,2.4,0,0.2,20000,0.9754,339.5,0.811,0,0.0246,0.0,16.696,0.0,nan,11.8078,nan,nan,0,11.4012,7,nan,nan,nan,0,0,0
linq,35.0,0.0,eb1168,0.11675778353879479,0,2.4,0,0.21,20000,0.9754,339.5,0.811,0,0.0246,0.0,16.485,0.0,nan,11.5967,nan,nan,0,10.9913,7,nan,nan,nan,0,0,0
linq,35.0,0.0,eb1168,0.11675778353879479,0,2.4,0,0.22,20000,0.9754,339.5,0.811,0,0.0246,0.0,16.269,0.0,nan,11.3804,nan,nan,0,10.3505,8,nan,nan,nan,0,0,0
linq,35.0,0.0,eb1168,0.11675778353879479,0,2.4,0,0.23,20000,0.9754,339.5,0.811,0,0.0246,0.0,16.056,0.0,nan,11.1678,nan,nan,0,10.0007,8,nan,nan,nan,0,0,0
linq,35.0,0.0,eb1168,0.11675778353879479,0,2.4,0,0.24,20000,0.9754,339.5,0.811,0,0.0246,0.0,15.846,0.0,nan,10.9573,nan,nan,0,9.6812,8,nan,nan,nan,0,0,0
linq,35.0,0.0,eb1168,0.11675778353879479,0,2.4,0,0.25,20000,0.9754,339.5,0.811,0,0.0246,0.0,15.633,0.0,nan,10.7448,nan,nan,0,9.3767,8,nan,nan,nan,0,0,0
linq,35.0,0.0,eb1168,0.11675778353879479,0,2.4,0,0.26,20000,0.9754,339.5,0.811,0,0.0246,0.0,15.42,0.0,nan,10.5315,6.0858,6.0858,1,9.091,8,nan,nan,nan,0,0,0
linq,35.0,0.0,eb1168,0.11675778353879479,0,2.4,0,0.27,20000,0.9754,339.5,0.811,0,0.0246,0.0,15.21,0.0,nan,10.321,5.8927,5.8927,1,8.8249,8,nan,nan,nan,0,0,0
linq,35.0,0.0,eb1168,0.11675778353879479,0,2.4,0,0.28,20000,0.9754,339.5,0.811,0,0.0246,0.0,14.998,0.0,nan,10.1098,5.3733,5.3599,2,8.5737,8,nan,nan,nan,0,0,0
linq,35.0,0.0,eb1168,0.11675778353879479,0,2.4,0,0.29,20000,0.9754,339.5,0.811,0,0.0246,0.0,14.785,0.0,nan,9.8969,5.2347,5.2201,2,8.3335,8,nan,nan,nan,0,0,0
linq,35.0,0.0,eb1168,0.11675778353879479,0,2.4,0,0.3,20000,0.9754,339.5,0.811,0,0.0246,0.0,14.575,0.0,nan,9.6867,4.8021,4.7712,3,8.1085,8,nan,nan,nan,0,0,0
linq,35.0,0.0,eb1168,0.11675778353879479,0,2.4,0,0.31,20000,0.9754,339.5,0.811,0,0.0246,0.0,14.36,0.0,nan,9.4716,4.6821,4.6514,3,7.8931,8,nan,nan,nan,0,0,0
linq,35.0,0.0,eb1168,0.11675778353879479,0,2.4,0,0.32,20000,0.9754,339.5,0.811,0,0.0246,0.0,14.149,0.0,nan,9.2605,4.2842,4.2307,4,7.6928,8,nan,nan,nan,0,0,0
linq,35.0,0.0,eb1168,0.11675778353879479,0,2.4,0,0.33,20000,0.9754,339.5,0.811,0,0.0246,0.0,13.94,0.0,nan,9.0509,4.1884,4.1352,4,7.5035,8,nan,nan,nan,0,0,0
linq,35.0,0.0,eb1168,0.11675778353879479,0,2.4,0,0.34,20000,0.9754,339.5,0.811,0,0.0246,0.0,13.727,0.0,0.0,8.8382,3.8183,3.7319,5,7.3224,8,nan,nan,nan,0,0,0
linq,35.0,0.0,eb1168,0.11675778353879479,0,2.4,0,0.35,20000,0.9754,339.5,0.811,0,0.0246,0.0,13.516,0.0,0.0,8.6276,3.7369,3.6524,5,7.1508,8,nan,nan,nan,0,0,0
linq,35.0,0.0,eb1168,0.11675778353879479,0,2.4,0,0.36,20000,0.9754,339.5,0.811,0,0.0246,0.0,13.305,0.0,0.0,8.4164,3.3954,3.2664,6,6.9838,8,nan,nan,nan,0,0,0
linq,35.0,0.0,eb1168,0.11675778353879479,0,2.4,0,0.37,20000,0.9754,339.5,0.811,0,0.0246,0.0,13.092,0.0001,0.6,8.2037,3.3265,3.2005,6,6.8264,8,nan,nan,nan,0,0,0
linq,35.0,0.0,eb1168,0.11675778353879479,0,2.4,0,0.38,20000,0.9754,339.5,0.811,0,0.0246,0.0,12.884,0.0001,0.286,7.9954,3.2618,3.1383,6,6.6778,8,nan,nan,nan,0,0,0
linq,35.0,0.0,eb1168,0.11675778353879479,0,2.4,0,0.39,20000,0.9754,339.5,0.811,0,0.0246,0.0,12.673,0.0001,0.2,7.784,2.9432,2.7539,7,6.5347,8,nan,0.9962,nan,0,0,0
linq,35.0,0.0,eb1168,0.11675778353879479,0,2.4,0,0.4,20000,0.9754,339.5,0.811,0,0.0246,0.0,12.463,0.0002,0.18,7.5739,2.8865,2.7009,7,6.3989,8,nan,0.9742,nan,0,0,0
linq,35.0,0.0,eb1168,0.11675778353879479,0,2.4,0,0.41,20000,0.9754,339.5,0.811,0,0.0246,0.0001,12.251,0.0004,0.156,7.3631,2.8336,2.6518,7,6.2637,8,nan,0.9561,nan,0,0,0
linq,35.0,0.0,eb1168,0.11675778353879479,0,2.4,0,0.42,20000,0.9754,339.5,0.811,0,0.0246,0.0001,12.04,0.0006,0.16,7.153,2.7811,2.6036,7,6.1391,8,0.9699,0.9415,0.0,0,0,0
linq,35.0,0.0,eb1168,0.11675778353879479,0,2.4,0,0.43,20000,0.9754,339.5,0.811,0,0.0246,0.0001,11.834,0.0012,0.197,6.9471,2.7326,2.5589,7,6.0209,8,0.9541,0.9276,0.0,0,0,0
linq,35.0,0.0,eb1168,0.11675778353879479,0,2.4,0,0.44,20000,0.9754,339.5,0.811,0,0.0246,0.0002,11.626,0.0021,0.259,6.7397,2.6847,2.5148,7,5.9054,8,0.9367,0.9138,0.0,0,0,0
linq,35.0,0.0,eb1168,0.11675778353879479,0,2.4,0,0.45,20000,0.9754,339.5,0.811,0,0.0246,0.0003,11.419,0.0034,0.299,6.5338,2.6375,2.4709,7,5.7966,8,0.9228,0.8991,0.0,0,0,0
linq,35.0,0.0,eb1168,0.11675778353879479,0,2.4,0,0.46,20000,0.9754,339.5,0.811,0,0.0246,0.0006,11.213,0.0056,0.399,6.3311,2.5933,2.4301,7,5.6891,8,0.9079,0.8846,0.0,0,0,0
linq,35.0,0.0,eb1168,0.11675778353879479,0,2.4,0,0.47,20000,0.9754,339.5,0.811,0,0.0246,0.0009,11.01,0.0081,0.458,6.1309,2.5499,2.3896,7,5.5857,8,0.8965,0.8702,0.0,0,0,0
linq,35.0,0.0,eb1168,0.11675778353879479,0,2.4,0,0.48,20000,0.9754,339.5,0.811,0,0.0246,0.0016,10.803,0.0107,0.476,5.9313,2.5077,2.3503,7,5.4822,8,0.8844,0.8563,0.0,0,0,0
linq,35.0,0.0,eb1168,0.11675778353879479,0,2.4,0,0.49,20000,0.9754,339.5,0.811,0,0.0246,0.0025,10.603,0.0141,0.506,5.7415,2.4672,2.3127,7,5.3881,8,0.8727,0.843,0.0,0,0,0
linq,35.0,0.0,eb1168,0.11675778353879479,0,2.4,0,0.5,20000,0.9754,339.5,0.811,0,0.0246,0.0038,10.406,0.0181,0.556,5.5564,2.4289,2.2771,7,5.2967,8,0.8606,0.8308,0.0,0,0,0
linq,35.0,0.0,eb1168,0.11675778353879479,0,2.4,0,0.51,20000,0.9754,339.5,0.811,0,0.0246,0.0061,10.208,0.0222,0.582,5.3825,2.3908,2.2415,7,5.2082,8,0.8471,0.8184,0.0,0,0,0
linq,35.0,0.0,eb1168,0.11675778353879479,0,2.4,0,0.52,20000,0.9754,339.5,0.811,0,0.0246,0.0085,10.015,0.0276,0.659,5.2126,2.3544,2.2077,7,5.1238,8,0.8349,0.8067,0.0,0,0,0
linq,35.0,0.0,eb1168,0.11675778353879479,0,3.2,0,0.17,20000,0.9754,339.5,0.811,0,0.0246,0.0,15.639,0.0,nan,10.7508,nan,nan,0,9.8811,7,nan,nan,nan,0,0,0
linq,35.0,0.0,eb1168,0.11675778353879479,0,3.2,0,0.18,20000,0.9754,339.5,0.811,0,0.0246,0.0,15.326,0.0,nan,10.4369,nan,nan,0,9.2198,8,nan,nan,nan,0,0,0
linq,35.0,0.0,eb1168,0.11675778353879479,0,3.2,0,0.19,20000,0.9754,339.5,0.811,0,0.0246,0.0,15.017,0.0,nan,10.1282,nan,nan,0,8.7207,8,nan,nan,nan,0,0,0
linq,35.0,0.0,eb1168,0.11675778353879479,0,3.2,0,0.2,20000,0.9754,339.5,0.811,0,0.0246,0.0,14.708,0.0,nan,9.8193,nan,nan,0,8.2706,8,nan,nan,nan,0,0,0
linq,35.0,0.0,eb1168,0.11675778353879479,0,3.2,0,0.21,20000,0.9754,339.5,0.811,0,0.0246,0.0,14.396,0.0,nan,9.5073,6.1368,6.1368,1,7.8528,8,nan,nan,nan,0,0,0
linq,35.0,0.0,eb1168,0.11675778353879479,0,3.2,0,0.22,20000,0.9754,339.5,0.811,0,0.0246,0.0,14.088,0.0,nan,9.1998,5.8595,5.8595,1,7.472,8,nan,nan,nan,0,0,0
linq,35.0,0.0,eb1168,0.11675778353879479,0,3.2,0,0.23,20000,0.9754,339.5,0.811,0,0.0246,0.0,13.775,0.0,nan,8.8861,5.3068,5.2959,2,7.1152,8,nan,nan,nan,0,0,0
linq,35.0,0.0,eb1168,0.11675778353879479,0,3.2,0,0.24,20000,0.9754,339.5,0.811,0,0.0246,0.0,13.467,0.0,nan,8.5786,5.0971,5.0862,2,6.7955,8,nan,nan,nan,0,0,0
linq,35.0,0.0,eb1168,0.11675778353879479,0,3.2,0,0.25,20000,0.9754,339.5,0.811,0,0.0246,0.0,13.157,0.0,nan,8.2683,4.6325,4.6096,3,6.4972,8,nan,nan,nan,0,0,0
linq,35.0,0.0,eb1168,0.11675778353879479,0,3.2,0,0.26,20000,0.9754,339.5,0.811,0,0.0246,0.0,12.847,0.0,nan,7.9588,4.1988,4.157,4,6.2214,8,nan,nan,nan,0,0,0
linq,35.0,0.0,eb1168,0.11675778353879479,0,3.2,0,0.27,20000,0.9754,339.5,0.811,0,0.0246,0.0,12.538,0.0,nan,7.6498,4.0487,4.0083,4,5.9621,8,nan,nan,nan,0,0,0
linq,35.0,0.0,eb1168,0.11675778353879479,0,3.2,0,0.28,20000,0.9754,339.5,0.811,0,0.0246,0.0,12.229,0.0,nan,7.3406,3.665,3.5991,5,5.7253,8,nan,nan,nan,0,0,0
linq,35.0,0.0,eb1168,0.11675778353879479,0,3.2,0,0.29,20000,0.9754,339.5,0.811,0,0.0246,0.0,11.923,0.0,0.0,7.0343,3.5389,3.4751,5,5.5048,8,nan,nan,nan,0,0,0
linq,35.0,0.0,eb1168,0.11675778353879479,0,3.2,0,0.3,20000,0.9754,339.5,0.811,0,0.0246,0.0,11.61,0.0,0.0,6.7218,3.1916,3.093,6,5.2941,8,nan,nan,nan,0,0,0
linq,35.0,0.0,eb1168,0.11675778353879479,0,3.2,0,0.31,20000,0.9754,339.5,0.811,0,0.0246,0.0,11.303,0.0001,0.25,6.414,3.0888,2.9941,6,5.1009,8,nan,nan,nan,0,0,0
linq,35.0,0.0,eb1168,0.11675778353879479,0,3.2,0,0.32,20000,0.9754,339.5,0.811,0,0.0246,0.0,10.995,0.0001,0.129,6.1067,2.7654,2.6162,7,4.9168,8,nan,0.9927,nan,0,0,0
linq,35.0,0.0,eb1168,0.11675778353879479,0,3.2,0,0.33,20000,0.9754,339.5,0.811,0,0.0246,0.0,10.686,0.0002,0.082,5.7973,2.6787,2.5348,7,4.7445,8,nan,0.9605,nan,0,0,0
linq,35.0,0.0,eb1168,0.11675778353879479,0,3.2,0,0.34,20000,0.9754,339.5,0.811,0,0.0246,0.0,10.379,0.0006,0.107,5.491,2.5988,2.4602,7,4.5849,8,0.981,0.9343,0.0,0,0,0
linq,35.0,0.0,eb1168,0.11675778353879479,0,3.2,0,0.35,20000,0.9754,339.5,0.811,0,0.0246,0.0001,10.077,0.0014,0.135,5.1891,2.5226,2.3895,7,4.4358,8,0.9498,0.9125,0.0,0,0,0
linq,35.0,0.0,eb1168,0.11675778353879479,0,3.2,0,0.36,20000,0.9754,339.5,0.811,0,0.0246,0.0002,9.778,0.0033,0.198,4.8906,2.4507,2.3224,7,4.2957,8,0.9274,0.8901,0.0,0,0,0
linq,35.0,0.0,eb1168,0.11675778353879479,0,3.2,0,0.37,20000,0.9754,339.5,0.811,0,0.0246,0.0003,9.475,0.0071,0.279,4.5897,2.3805,2.2566,7,4.1568,8,0.9053,0.8657,0.0,0,0,0
linq,35.0,0.0,eb1168,0.11675778353879479,0,3.2,0,0.38,20000,0.9754,339.5,0.811,0,0.0246,0.0007,9.181,0.0128,0.368,4.2992,2.3152,2.1953,7,4.0265,8,0.8853,0.8433,0.0,0,0,0
linq,35.0,0.0,eb1168,0.11675778353879479,0,3.2,0,0.39,20000,0.9754,339.5,0.811,0,0.0246,0.0017,8.892,0.0197,0.419,4.0185,2.2524,2.1361,7,3.9037,8,0.8665,0.8219,0.0,0,0,0
linq,35.0,0.0,eb1168,0.11675778353879479,0,3.2,0,0.4,20000,0.9754,339.5,0.811,0,0.0246,0.0037,8.606,0.0295,0.517,3.7489,2.1916,2.0794,7,3.7925,8,0.8459,0.8022,0.0,0,0,0
linq,35.0,0.0,eb1168,0.11675778353879479,0,3.2,0,0.41,20000,0.9754,339.5,0.811,0,0.0246,0.0072,8.328,0.0406,0.614,3.4994,2.1349,2.026,7,3.6856,8,0.8264,0.7827,0.0,0,0,0
linq,35.0,0.0,eb1168,0.11675778353879479,0,3.2,0,0.42,20000,0.9754,339.5,0.811,0,0.0246,0.0123,8.054,0.0545,0.74,3.2651,2.0812,1.9751,7,3.5805,8,0.8069,0.7629,0.0,0,0,0
linq,35.0,0.0,eb1168,0.11675778353879479,0,3.2,0,0.43,20000,0.9754,339.5,0.811,0,0.0246,0.0192,7.784,0.0676,0.839,3.0474,2.028,1.925,7,3.4806,8,0.7897,0.7447,0.0,0,0,0
linq,35.0,0.0,eb1168,0.11675778353879479,0,3.2,0,0.44,20000,0.9754,339.5,0.811,0,0.0246,0.0286,7.525,0.0796,0.922,2.8581,1.9787,1.8788,7,3.381,8,0.7731,0.728,0.0,0,0,0
linq,35.0,0.0,eb1168,0.11675778353879479,0,3.2,0,0.45,20000,0.9754,339.5,0.811,0,0.0246,0.0418,7.268,0.0916,1.015,2.6968,1.9307,1.8334,7,3.2918,8,0.7553,0.7107,0.0,0,0,0
linq,35.0,0.0,eb1168,0.11675778353879479,0,3.2,0,0.46,20000,0.9754,339.5,0.811,0,0.0246,0.056,7.021,0.1027,1.088,2.5488,1.8848,1.7901,7,3.2042,8,0.7392,0.6945,0.0,0,1,0
linq,35.0,0.0,eb1168,0.11675778353879479,0,3.2,0,0.47,20000,0.9754,339.5,0.811,0,0.0246,0.0728,6.786,0.1122,1.158,2.431,1.8419,1.7495,7,3.1227,8,0.7234,0.6793,0.0,0,1,0
linq,35.0,0.0,eb1168,0.11675778353879479,0,3.2,0,0.48,20000,0.9754,339.5,0.811,0,0.0246,0.0909,6.555,0.121,1.223,2.3212,1.7993,1.7093,7,3.0448,8,0.708,0.6645,0.0,0,1,0
linq,35.0,0.0,eb1168,0.11675778353879479,0,3.2,0,0.49,20000,0.9754,339.5,0.811,0,0.0246,0.1102,6.332,0.1289,1.286,2.2277,1.7587,1.6711,7,2.9679,8,0.6934,0.6502,0.0,0,1,0
linq,35.0,0.0,eb1168,0.11675778353879479,0,3.2,0,0.5,20000,0.9754,339.5,0.811,0,0.0246,0.1312,6.121,0.1357,1.339,2.1566,1.7203,1.6348,7,2.8979,8,0.6789,0.636,0.0,0,1,0
linq,35.0,0.0,eb1168,0.11675778353879479,0,3.2,0,0.51,20000,0.9754,339.5,0.811,0,0.0246,0.1526,5.915,0.1401,1.336,2.0928,1.6835,1.5998,7,2.8252,8,0.6652,0.6227,0.0,0,1,0
linq,35.0,0.0,eb1168,0.11675778353879479,0,3.2,0,0.52,20000,0.9754,339.5,0.811,0,0.0246,0.1743,5.715,0.1447,1.349,2.0354,1.6473,1.5655,7,2.7579,8,0.6518,0.6099,0.0,0,1,0
linq,35.0,0.0,eb1168,0.11675778353879479,0,4.8,0,0.17,20000,0.9754,339.5,0.811,0,0.0246,0.0,13.057,0.0,nan,8.1755,6.2753,6.2753,1,5.9356,8,nan,nan,nan,0,0,0
linq,35.0,0.0,eb1168,0.11675778353879479,0,4.8,0,0.18,20000,0.9754,339.5,0.811,0,0.0246,0.0,12.598,0.0,nan,7.7171,5.752,5.752,1,5.404,8,nan,nan,nan,0,0,0
linq,35.0,0.0,eb1168,0.11675778353879479,0,4.8,0,0.19,20000,0.9754,339.5,0.811,0,0.0246,0.0,12.137,0.0,nan,7.2572,5.1099,5.1034,2,4.9281,8,nan,nan,nan,0,0,0
linq,35.0,0.0,eb1168,0.11675778353879479,0,4.8,0,0.2,20000,0.9754,339.5,0.811,0,0.0246,0.0,11.679,0.0,nan,6.8,4.5742,4.5618,3,4.5114,8,nan,nan,nan,0,0,0
linq,35.0,0.0,eb1168,0.11675778353879479,0,4.8,0,0.21,20000,0.9754,339.5,0.811,0,0.0246,0.0,11.219,0.0,nan,6.3437,4.2686,4.2574,3,4.1474,8,nan,nan,nan,0,0,0
linq,35.0,0.0,eb1168,0.11675778353879479,0,4.8,0,0.22,20000,0.9754,339.5,0.811,0,0.0246,0.0,10.759,0.0,nan,5.8872,3.8127,3.792,4,3.821,8,nan,nan,nan,0,0,0
linq,35.0,0.0,eb1168,0.11675778353879479,0,4.8,0,0.23,20000,0.9754,339.5,0.811,0,0.0246,0.0,10.302,0.0,nan,5.4322,3.3921,3.3562,5,3.5316,8,nan,nan,nan,0,0,0
linq,35.0,0.0,eb1168,0.11675778353879479,0,4.8,0,0.24,20000,0.9754,339.5,0.811,0,0.0246,0.0,9.839,0.0,0.0,4.9738,3.0022,2.9443,6,3.2702,8,nan,nan,nan,0,0,0
linq,35.0,0.0,eb1168,0.11675778353879479,0,4.8,0,0.25,20000,0.9754,339.5,0.811,0,0.0246,0.0,9.384,0.0,0.0,4.5247,2.8246,2.7713,6,3.0357,8,nan,nan,nan,0,0,0
linq,35.0,0.0,eb1168,0.11675778353879479,0,4.8,0,0.26,20000,0.9754,339.5,0.811,0,0.0246,0.0,8.921,0.0001,0.062,4.0676,2.4819,2.3929,7,2.8236,8,nan,0.9984,nan,0,0,0
linq,35.0,0.0,eb1168,0.11675778353879479,0,4.8,0,0.27,20000,0.9754,339.5,0.811,0,0.0246,0.0,8.469,0.0002,0.029,3.6202,2.3416,2.2589,7,2.6337,8,nan,0.9438,nan,0,0,0
linq,35.0,0.0,eb1168,0.11675778353879479,0,4.8,0,0.28,20000,0.9754,339.5,0.811,0,0.0246,0.0,8.019,0.0008,0.046,3.1797,2.2141,2.1385,7,2.4604,8,0.9785,0.9033,0.0,0,0,0
linq,35.0,0.0,eb1168,0.11675778353879479,0,4.8,0,0.29,20000,0.9754,339.5,0.811,0,0.0246,0.0001,7.577,0.004,0.103,2.7515,2.0943,2.0245,7,2.3023,8,0.9253,0.8604,0.0,0,0,0
linq,35.0,0.0,eb1168,0.11675778353879479,0,4.8,0,0.3,20000,0.9754,339.5,0.811,0,0.0246,0.0002,7.146,0.014,0.21,2.3416,1.9848,1.9199,7,2.152,8,0.8872,0.8206,0.0,0,0,0
linq,35.0,0.0,eb1168,0.11675778353879479,0,4.8,0,0.31,20000,0.9754,339.5,0.811,0,0.0246,0.0007,6.724,0.0327,0.345,1.9502,1.8814,1.8214,7,2.0194,8,0.8521,0.7837,0.0,0,1,0
linq,35.0,0.0,eb1168,0.11675778353879479,0,4.8,0,0.32,20000,0.9754,339.5,0.811,0,0.0246,0.0034,6.323,0.0623,0.544,1.5985,1.7882,1.7317,7,1.9005,8,0.8174,0.7476,0.0,0,1,0
linq,35.0,0.0,eb1168,0.11675778353879479,0,4.8,0,0.33,20000,0.9754,339.5,0.811,0,0.0246,0.0106,5.929,0.0956,0.735,1.2864,1.6989,1.6461,7,1.7858,8,0.786,0.7135,0.0,0,1,0
linq,35.0,0.0,eb1168,0.11675778353879479,0,4.8,0,0.34,20000,0.9754,339.5,0.811,0,0.0246,0.0253,5.556,0.1303,0.953,1.0436,1.6182,1.5682,7,1.6779,8,0.7547,0.6813,0.0,0,1,0
linq,35.0,0.0,eb1168,0.11675778353879479,0,4.8,0,0.35,20000,0.9754,339.5,0.811,0,0.0246,0.0492,5.202,0.1598,1.133,0.8619,1.5424,1.4953,7,1.5829,8,0.7246,0.6511,0.0,0,1,0
linq,35.0,0.0,eb1168,0.11675778353879479,0,4.8,0,0.36,20000,0.9754,339.5,0.811,0,0.0246,0.0827,4.859,0.1833,1.267,0.7343,1.471,1.4264,7,1.4945,8,0.695,0.622,0.0,0,1,0
linq,35.0,0.0,eb1168,0.11675778353879479,0,4.8,0,0.37,20000,0.9754,339.5,0.811,0,0.0246,0.1217,4.538,0.2007,1.364,0.6427,1.405,1.3628,7,1.4077,8,0.6671,0.5958,0.0,1,1,1
linq,35.0,0.0,eb1168,0.11675778353879479,0,4.8,0,0.38,20000,0.9754,339.5,0.811,0,0.0246,0.1657,4.236,0.2131,1.437,0.5833,1.343,1.303,7,1.3318,8,0.6399,0.5712,0.0,1,0,0
linq,35.0,0.0,eb1168,0.11675778353879479,0,4.8,0,0.39,20000,0.9754,339.5,0.811,0,0.0246,0.2093,3.956,0.2261,1.553,0.5362,1.2845,1.2468,7,1.2605,8,0.6144,0.5474,0.0,1,0,0
linq,35.0,0.0,eb1168,0.11675778353879479,0,4.8,0,0.4,20000,0.9754,339.5,0.811,0,0.0246,0.2535,3.7,0.2341,1.594,0.5,1.2313,1.1952,7,1.1975,8,0.5903,0.5247,0.0,1,0,0
linq,35.0,0.0,eb1168,0.11675778353879479,0,4.8,0,0.41,20000,0.9754,339.5,0.811,0,0.0246,0.2963,3.459,0.2401,1.625,0.4794,1.1802,1.1459,7,1.1297,8,0.5679,0.5039,0.0,1,0,0
linq,35.0,0.0,eb1168,0.11675778353879479,0,4.8,0,0.42,20000,0.9754,339.5,0.811,0,0.0246,0.3375,3.238,0.2438,1.635,0.4612,1.1316,1.0991,7,1.0714,8,0.5466,0.4844,0.0,1,0,0
linq,35.0,0.0,eb1168,0.11675778353879479,0,4.8,0,0.43,20000,0.9754,339.5,0.811,0,0.0246,0.379,3.031,0.2456,1.646,0.4548,1.0871,1.0559,7,1.0121,8,0.5255,0.4658,0.0,1,0,0
linq,35.0,0.0,eb1168,0.11675778353879479,0,4.8,0,0.44,20000,0.9754,339.5,0.811,0,0.0246,0.4155,2.846,0.2497,1.733,0.4444,1.0444,1.0148,7,0.9628,8,0.506,0.4487,0.0,1,0,0
linq,35.0,0.0,eb1168,0.11675778353879479,0,4.8,0,0.45,20000,0.9754,339.5,0.811,0,0.0246,0.4498,2.674,0.2515,1.746,0.4365,1.0043,0.9761,7,0.9168,8,0.4878,0.4321,0.0,1,0,0
linq,35.0,0.0,eb1168,0.11675778353879479,0,4.8,0,0.46,20000,0.9754,339.5,0.811,0,0.0246,0.4813,2.514,0.2542,1.745,0.4281,0.9663,0.9392,7,0.8716,8,0.4707,0.4155,0.0,1,0,0
linq,35.0,0.0,eb1168,0.11675778353879479,0,4.8,0,0.47,20000,0.9754,339.5,0.811,0,0.0246,0.5119,2.368,0.253,1.699,0.4258,0.9304,0.9045,7,0.827,8,0.4544,0.4007,0.0,1,0,0
linq,35.0,0.0,eb1168,0.11675778353879479,0,4.8,0,0.48,20000,0.9754,339.5,0.811,0,0.0246,0.5402,2.233,0.2501,1.632,0.4262,0.8962,0.8715,7,0.7879,8,0.439,0.3875,0.0,1,0,0
linq,35.0,0.0,eb1168,0.11675778353879479,0,4.8,0,0.49,20000,0.9754,339.5,0.811,0,0.0246,0.5661,2.11,0.2497,1.629,0.4322,0.864,0.8407,7,0.749,8,0.424,0.375,0.0,1,0,0
linq,35.0,0.0,eb1168,0.11675778353879479,0,4.8,0,0.5,20000,0.9754,339.5,0.811,0,0.0246,0.5901,1.992,0.255,1.707,0.4238,0.8327,0.8104,7,0.716,8,0.4091,0.3618,0.0,1,0,0
linq,35.0,0.0,eb1168,0.11675778353879479,0,4.8,0,0.51,20000,0.9754,339.5,0.811,0,0.0246,0.6127,1.885,0.2555,1.727,0.4279,0.8038,0.7824,7,0.6818,8,0.3955,0.3499,0.0,1,0,0
linq,35.0,0.0,eb1168,0.11675778353879479,0,4.8,0,0.52,20000,0.9754,339.5,0.811,0,0.0246,0.6327,1.787,0.2587,1.8,0.4297,0.7764,0.7559,7,0.6509,8,0.383,0.3385,0.0,1,0,0
linq,35.0,0.0,eb1168,0.11675778353879479,0,6.4,0,0.17,20000,0.9754,339.5,0.811,0,0.0246,0.0,11.271,0.0,nan,6.4355,5.0711,5.0681,2,3.6009,8,nan,nan,nan,0,0,0
linq,35.0,0.0,eb1168,0.11675778353879479,0,6.4,0,0.18,20000,0.9754,339.5,0.811,0,0.0246,0.0,10.709,0.0,nan,5.8884,4.4715,4.4666,3,3.1432,8,nan,nan,nan,0,0,0
linq,35.0,0.0,eb1168,0.11675778353879479,0,6.4,0,0.19,20000,0.9754,339.5,0.811,0,0.0246,0.0,10.142,0.0,nan,5.3447,4.0416,4.0373,3,2.75,8,nan,nan,nan,0,0,0
linq,35.0,0.0,eb1168,0.11675778353879479,0,6.4,0,0.2,20000,0.9754,339.5,0.811,0,0.0246,0.0,9.577,0.0,nan,4.8091,3.545,3.5369,4,2.4215,8,nan,nan,nan,0,0,0
linq,35.0,0.0,eb1168,0.11675778353879479,0,6.4,0,0.21,20000,0.9754,339.5,0.811,0,0.0246,0.0,9.015,0.0,nan,4.2804,3.0996,3.0839,5,2.1428,8,nan,nan,nan,0,0,0
linq,35.0,0.0,eb1168,0.11675778353879479,0,6.4,0,0.22,20000,0.9754,339.5,0.811,0,0.0246,0.0,8.451,0.0,nan,3.7657,2.696,2.6682,6,1.9011,8,nan,nan,nan,0,0,0
linq,35.0,0.0,eb1168,0.11675778353879479,0,6.4,0,0.23,20000,0.9754,339.5,0.811,0,0.0246,0.0,7.885,0.0,0.0,3.2621,2.4632,2.4399,6,1.6912,8,nan,nan,nan,0,0,0
linq,35.0,0.0,eb1168,0.11675778353879479,0,6.4,0,0.24,20000,0.9754,339.5,0.811,0,0.0246,0.0,7.326,0.0001,0.02,2.7791,2.1268,2.0815,7,1.5065,8,nan,0.9547,nan,0,0,0
linq,35.0,0.0,eb1168,0.11675778353879479,0,6.4,0,0.25,20000,0.9754,339.5,0.811,0,0.0246,0.0,6.778,0.0004,0.018,2.3226,1.9551,1.9166,7,1.3497,8,nan,0.8933,nan,0,1,0
linq,35.0,0.0,eb1168,0.11675778353879479,0,6.4,0,0.26,20000,0.9754,339.5,0.811,0,0.0246,0.0,6.246,0.0047,0.068,1.91,1.7995,1.7663,7,1.2086,8,0.9233,0.8349,0.0,0,1,0
linq,35.0,0.0,eb1168,0.11675778353879479,0,6.4,0,0.27,20000,0.9754,339.5,0.811,0,0.0246,0.0001,5.733,0.0233,0.189,1.5443,1.6594,1.6306,7,1.0871,8,0.8688,0.7811,0.0,0,1,0
linq,35.0,0.0,eb1168,0.11675778353879479,0,6.4,0,0.28,20000,0.9754,339.5,0.811,0,0.0246,0.0007,5.243,0.068,0.422,1.231,1.5325,1.507,7,0.9845,8,0.8193,0.7286,0.0,0,1,0
linq,35.0,0.0,eb1168,0.11675778353879479,0,6.4,0,0.29,20000,0.9754,339.5,0.811,0,0.0246,0.0065,4.78,0.129,0.728,1.0103,1.4179,1.3952,7,0.9903,7,0.775,0.6793,0.0,0,1,0
linq,35.0,0.0,eb1168,0.11675778353879479,0,6.4,0,0.3,20000,0.9754,339.5,0.811,0,0.0246,0.025,4.343,0.19,1.041,0.8883,1.3135,1.2931,7,0.8984,7,0.7327,0.6328,0.0,0,0,0
linq,35.0,0.0,eb1168,0.11675778353879479,0,6.4,0,0.31,20000,0.9754,339.5,0.811,0,0.0246,0.0661,3.931,0.2362,1.3,0.8961,1.22,1.2015,7,0.8113,7,0.6898,0.5906,0.0,1,0,0
linq,35.0,0.0,eb1168,0.11675778353879479,0,6.4,0,0.32,20000,0.9754,339.5,0.811,0,0.0246,0.1234,3.545,0.2692,1.504,0.9358,1.1341,1.1174,7,0.7361,7,0.6485,0.5518,0.0,1,0,0
linq,35.0,0.0,eb1168,0.11675778353879479,0,6.4,0,0.33,20000,0.9754,339.5,0.811,0,0.0246,0.1912,3.193,0.2907,1.648,0.9795,1.0578,1.0425,7,0.6692,7,0.6089,0.5159,0.0,1,0,0
linq,35.0,0.0,eb1168,0.11675778353879479,0,6.4,0,0.34,20000,0.9754,339.5,0.811,0,0.0246,0.2609,2.871,0.3032,1.717,1.0191,0.9858,0.9719,7,0.6083,7,0.5722,0.4832,0.0,0,0,0
linq,35.0,0.0,eb1168,0.11675778353879479,0,6.4,0,0.35,20000,0.9754,339.5,0.811,0,0.0246,0.3271,2.588,0.3133,1.829,1.0422,0.9211,0.9087,7,0.6224,6,0.5383,0.4539,0.0,0,0,0
linq,35.0,0.0,eb1168,0.11675778353879479,0,6.4,0,0.36,20000,0.9754,339.5,0.811,0,0.0246,0.3912,2.333,0.3177,1.845,1.0562,0.8625,0.851,7,0.5682,6,0.5061,0.4253,0.0,0,0,0
linq,35.0,0.0,eb1168,0.11675778353879479,0,6.4,0,0.37,20000,0.9754,339.5,0.811,0,0.0246,0.4484,2.107,0.3209,1.849,1.0686,0.8068,0.7965,7,0.517,6,0.4767,0.3998,0.0,0,0,0
linq,35.0,0.0,eb1168,0.11675778353879479,0,6.4,0,0.38,20000,0.9754,339.5,0.811,0,0.0246,0.4991,1.909,0.3205,1.799,1.0774,0.756,0.7466,7,0.4705,6,0.4503,0.3772,0.0,0,0,0
linq,35.0,0.0,eb1168,0.11675778353879479,0,6.4,0,0.39,20000,0.9754,339.5,0.811,0,0.0246,0.5463,1.733,0.3231,1.864,1.068,0.711,0.7024,7,0.4307,6,0.4242,0.3562,0.0,0,0,0
linq,35.0,0.0,eb1168,0.11675778353879479,0,6.4,0,0.4,20000,0.9754,339.5,0.811,0,0.0246,0.5873,1.577,0.3257,1.912,1.0662,0.6674,0.6596,7,0.3943,6,0.4008,0.3359,0.0,0,0,0
linq,35.0,0.0,eb1168,0.11675778353879479,0,6.4,0,0.41,20000,0.9754,339.5,0.811,0,0.0246,0.6244,1.438,0.3266,1.918,1.0593,0.6274,0.6203,7,0.3624,6,0.3789,0.317,0.0,0,0,0
linq,35.0,0.0,eb1168,0.11675778353879479,0,6.4,0,0.42,20000,0.9754,339.5,0.811,0,0.0246,0.6551,1.317,0.3304,1.993,1.07,0.5904,0.584,7,0.3718,5,0.36,0.3002,0.0,0,0,0
linq,35.0,0.0,eb1168,0.11675778353879479,0,6.4,0,0.43,20000,0.9754,339.5,0.811,0,0.0246,0.6853,1.207,0.3259,1.946,1.0532,0.5561,0.5504,7,0.3401,5,0.3418,0.2844,0.0,0,0,0
linq,35.0,0.0,eb1168,0.11675778353879479,0,6.4,0,0.44,20000,0.9754,339.5,0.811,0,0.0246,0.7127,1.109,0.3249,1.978,1.0304,0.5249,0.5196,7,0.3141,5,0.3237,0.269,0.0,0,0,0
linq,35.0,0.0,eb1168,0.11675778353879479,0,6.4,0,0.45,20000,0.9754,339.5,0.811,0,0.0246,0.7362,1.019,0.3214,1.935,1.0272,0.4945,0.4897,7,0.286,5,0.3077,0.2551,0.0,0,0,0
linq,35.0,0.0,eb1168,0.11675778353879479,0,6.4,0,0.46,20000,0.9754,339.5,0.811,0,0.0246,0.7578,0.94,0.3162,1.886,1.0083,0.4669,0.4626,7,0.2624,5,0.2924,0.2425,0.0,0,0,0
linq,35.0,0.0,eb1168,0.11675778353879479,0,6.4,0,0.47,20000,0.9754,339.5,0.811,0,0.0246,0.7764,0.868,0.3176,1.916,1.0075,0.4407,0.4369,7,0.2404,5,0.2778,0.23,0.0,0,0,0
linq,35.0,0.0,eb1168,0.11675778353879479,0,6.4,0,0.48,20000,0.9754,339.5,0.811,0,0.0246,0.7933,0.803,0.3162,1.89,1.0025,0.4169,0.4134,7,0.2504,4,0.2644,0.2185,0.0,0,0,0
linq,35.0,0.0,eb1168,0.11675778353879479,0,6.4,0,0.49,20000,0.9754,339.5,0.811,0,0.0246,0.8093,0.743,0.3101,1.838,0.9903,0.3931,0.39,7,0.2282,4,0.2515,0.2084,0.0,0,0,0
linq,35.0,0.0,eb1168,0.11675778353879479,0,6.4,0,0.5,20000,0.9754,339.5,0.811,0,0.0246,0.822,0.692,0.3128,1.946,0.9991,0.3727,0.3699,7,0.2092,4,0.2402,0.1989,0.0,0,0,0
linq,35.0,0.0,eb1168,0.11675778353879479,0,6.4,0,0.51,20000,0.9754,339.5,0.811,0,0.0246,0.8343,0.643,0.3143,1.969,1.0107,0.3525,0.35,7,0.1913,4,0.2291,0.1888,0.0,0,0,0
linq,35.0,0.0,eb1168,0.11675778353879479,0,6.4,0,0.52,20000,0.9754,339.5,0.811,0,0.0246,0.8462,0.598,0.3133,2.035,0.998,0.3345,0.3322,7,0.1762,4,0.2182,0.1796,0.0,0,0,0
linq,35.0,0.0,eb1168,0.11675778353879479,0,9.6,1,0.17,20000,0.9754,339.5,0.811,0,0.0246,0.0,9.018,0.0,nan,4.5814,3.7459,3.7458,3,1.5236,7,nan,nan,nan,0,0,0
linq,35.0,0.0,eb1168,0.11675778353879479,0,9.6,1,0.18,20000,0.9754,339.5,0.811,0,0.0246,0.0,8.316,0.0,nan,4.0034,3.1699,3.1692,4,1.2187,7,nan,nan,nan,0,0,0
linq,35.0,0.0,eb1168,0.11675778353879479,0,9.6,1,0.19,20000,0.9754,339.5,0.811,0,0.0246,0.0,7.62,0.0,nan,3.4639,2.6733,2.6714,5,1.1172,6,nan,nan,nan,0,0,0
linq,35.0,0.0,eb1168,0.11675778353879479,0,9.6,1,0.2,20000,0.9754,339.5,0.811,0,0.0246,0.0,6.927,0.0,nan,2.9635,2.2436,2.2392,6,0.8994,6,nan,nan,nan,0,1,0
linq,35.0,0.0,eb1168,0.11675778353879479,0,9.6,1,0.21,20000,0.9754,339.5,0.811,0,0.0246,0.0,6.227,0.0,0.0,2.4941,1.9312,1.9283,6,0.7236,6,nan,nan,nan,0,1,0
linq,35.0,0.0,eb1168,0.11675778353879479,0,9.6,1,0.22,20000,0.9754,339.5,0.811,0,0.0246,0.0,5.554,0.0001,0.003,2.0979,1.612,1.6039,7,0.6801,5,nan,0.9032,nan,0,1,0
linq,35.0,0.0,eb1168,0.11675778353879479,0,9.6,1,0.23,20000,0.9754,339.5,0.811,0,0.0246,0.0,4.916,0.0017,0.015,1.7898,1.4016,1.3962,7,0.5542,5,0.9523,0.8138,0.0,0,1,0
linq,35.0,0.0,eb1168,0.11675778353879479,0,9.6,1,0.24,20000,0.9754,339.5,0.811,0,0.0246,0.0,4.313,0.0323,0.144,1.6271,1.2186,1.2149,7,0.4473,5,0.8561,0.7347,0.0,0,0,0
linq,35.0,0.0,eb1168,0.11675778353879479,0,9.6,1,0.25,20000,0.9754,339.5,0.811,0,0.0246,0.0003,3.743,0.1332,0.505,1.609,1.0608,1.0579,7,0.4286,4,0.7818,0.6537,0.0,0,0,0
linq,35.0,0.0,eb1168,0.11675778353879479,0,9.6,1,0.26,20000,0.9754,339.5,0.811,0,0.0246,0.0086,3.236,0.2607,1.049,1.7234,0.9266,0.9241,7,0.3458,4,0.7215,0.5795,0.0,1,0,0
linq,35.0,0.0,eb1168,0.11675778353879479,0,9.6,1,0.27,20000,0.9754,339.5,0.811,0,0.0246,0.0608,2.765,0.3571,1.59,1.9444,0.8103,0.808,7,0.2806,4,0.6585,0.5131,0.0,0,0,0
linq,35.0,0.0,eb1168,0.11675778353879479,0,9.6,1,0.28,20000,0.9754,339.5,0.811,0,0.0246,0.1658,2.329,0.4052,1.93,2.0973,0.7096,0.7073,7,0.2297,4,0.5942,0.4559,0.0,0,0,0
linq,35.0,0.0,eb1168,0.11675778353879479,0,9.6,1,0.29,20000,0.9754,339.5,0.811,0,0.0246,0.2869,1.94,0.43,2.111,2.1679,0.6237,0.6214,7,0.2211,3,0.5333,0.4047,0.0,0,0,0
linq,35.0,0.0,eb1168,0.11675778353879479,0,9.6,1,0.3,20000,0.9754,339.5,0.811,0,0.0246,0.4018,1.614,0.4367,2.165,2.1905,0.5475,0.5451,7,0.1767,3,0.4787,0.3622,0.0,0,0,0
linq,35.0,0.0,eb1168,0.11675778353879479,0,9.6,1,0.31,20000,0.9754,339.5,0.811,0,0.0246,0.4992,1.345,0.4458,2.283,2.2028,0.4823,0.4797,7,0.1435,3,0.4293,0.3233,0.0,0,0,0
linq,35.0,0.0,eb1168,0.11675778353879479,0,9.6,1,0.32,20000,0.9754,339.5,0.811,0,0.0246,0.582,1.125,0.4459,2.314,2.1981,0.4251,0.4227,7,0.1392,2,0.3859,0.2893,0.0,0,0,0
linq,35.0,0.0,eb1168,0.11675778353879479,0,9.6,1,0.33,20000,0.9754,339.5,0.811,0,0.0246,0.6471,0.95,0.4488,2.393,2.1983,0.3756,0.3728,7,0.1111,2,0.3486,0.2595,0.0,0,0,0
linq,35.0,0.0,eb1168,0.11675778353879479,0,9.6,1,0.34,20000,0.9754,339.5,0.811,0,0.0246,0.7033,0.802,0.441,2.289,2.1847,0.3311,0.3282,7,0.0911,2,0.3153,0.2333,0.0,0,0,0
linq,35.0,0.0,eb1168,0.11675778353879479,0,9.6,1,0.35,20000,0.9754,339.5,0.811,0,0.0246,0.7499,0.681,0.4357,2.313,2.1651,0.2927,0.2894,7,0.0799,2,0.2841,0.2106,0.0,0,0,0
linq,35.0,0.0,eb1168,0.11675778353879479,0,9.6,1,0.36,20000,0.9754,339.5,0.811,0,0.0246,0.7856,0.583,0.4324,2.302,2.1702,0.2574,0.2538,7,0.0712,1,0.258,0.1899,0.0,0,0,0
linq,35.0,0.0,eb1168,0.11675778353879479,0,9.6,1,0.37,20000,0.9754,339.5,0.811,0,0.0246,0.8167,0.499,0.432,2.395,2.1643,0.2275,0.2233,7,0.0625,1,0.2329,0.1706,0.0,0,0,0
linq,35.0,0.0,eb1168,0.11675778353879479,0,9.6,1,0.38,20000,0.9754,339.5,0.811,0,0.0246,0.841,0.432,0.4205,2.18,2.1715,0.2002,0.1956,7,0.0581,1,0.2131,0.1546,0.0,0,0,0
linq,35.0,0.0,eb1168,0.11675778353879479,0,9.6,1,0.39,20000,0.9754,339.5,0.811,0,0.0246,0.8622,0.372,0.4193,2.15,2.1863,0.1764,0.1714,7,nan,0,0.1932,0.1395,0.0,0,0,0
linq,35.0,0.0,eb1168,0.11675778353879479,0,9.6,1,0.4,20000,0.9754,339.5,0.811,0,0.0246,0.8796,0.323,0.412,2.063,2.2018,0.1546,0.1489,7,nan,0,0.1762,0.1267,0.0,0,0,0
linq,35.0,0.0,eb1168,0.11675778353879479,0,9.6,1,0.41,20000,0.9754,339.5,0.811,0,0.0246,0.8952,0.28,0.4087,2.045,2.2146,0.1358,0.1298,7,nan,0,0.1595,0.1146,0.0,0,0,0
linq,35.0,0.0,eb1168,0.11675778353879479,0,9.6,1,0.42,20000,0.9754,339.5,0.811,0,0.0246,0.9064,0.245,0.4238,2.218,2.2697,0.1193,0.1125,7,nan,0,0.1456,0.1028,0.0,0,0,0
linq,35.0,0.0,eb1168,0.11675778353879479,0,9.6,1,0.43,20000,0.9754,339.5,0.811,0,0.0246,0.917,0.214,0.4217,2.134,2.3091,0.1046,0.098,7,nan,0,0.1333,0.0935,0.0,0,0,0
linq,35.0,0.0,eb1168,0.11675778353879479,0,9.6,1,0.44,20000,0.9754,339.5,0.811,0,0.0246,0.9265,0.187,0.4179,2.031,2.3414,0.0922,0.0861,7,nan,0,0.1218,0.0847,0.0,0,0,0
linq,35.0,0.0,eb1168,0.11675778353879479,0,9.6,1,0.45,20000,0.9754,339.5,0.811,0,0.0246,0.9348,0.164,0.4224,2.091,2.3806,0.0817,0.0765,7,nan,0,0.111,0.0766,0.0,0,0,0
linq,35.0,0.0,eb1168,0.11675778353879479,0,9.6,1,0.46,20000,0.9754,339.5,0.811,0,0.0246,0.9424,0.143,0.4164,1.979,2.4127,0.0768,0.0724,6,nan,0,0.1009,0.0696,0.0,0,0,0
linq,35.0,0.0,eb1168,0.11675778353879479,0,9.6,1,0.47,20000,0.9754,339.5,0.811,0,0.0246,0.9481,0.125,0.4328,2.066,2.4879,0.0677,0.0642,6,nan,0,0.0921,0.0623,0.0,0,0,0
linq,35.0,0.0,eb1168,0.11675778353879479,0,9.6,1,0.48,20000,0.9754,339.5,0.811,0,0.0246,0.9538,0.109,0.4304,2.0,2.5237,0.0603,0.0573,6,nan,0,0.0841,0.057,0.0,0,0,0
linq,35.0,0.0,eb1168,0.11675778353879479,0,9.6,1,0.49,20000,0.9754,339.5,0.811,0,0.0246,0.9582,0.096,0.4457,2.113,2.598,0.0567,0.0544,5,nan,0,0.077,0.0513,0.0,0,0,0
linq,35.0,0.0,eb1168,0.11675778353879479,0,9.6,1,0.5,20000,0.9754,339.5,0.811,0,0.0246,0.9626,0.084,0.45,2.113,2.6517,0.0504,0.0485,5,nan,0,0.0703,0.0462,0.0,0,0,0
linq,35.0,0.0,eb1168,0.11675778353879479,0,9.6,1,0.51,20000,0.9754,339.5,0.811,0,0.0246,0.9663,0.073,0.4612,2.228,2.7136,0.0444,0.0427,5,nan,0,0.0643,0.0416,0.0,0,0,0
linq,35.0,0.0,eb1168,0.11675778353879479,0,9.6,1,0.52,20000,0.9754,339.5,0.811,0,0.0246,0.9702,0.063,0.4605,2.127,2.7666,0.0417,0.0405,4,nan,0,0.0584,0.0372,0.0,0,0,0
linq,35.0,0.0,eb1168,0.11675778353879479,0,12.8,1,0.17,20000,0.9754,339.5,0.811,0,0.0246,0.0,7.667,0.0,nan,3.7969,2.9016,2.8914,4,0.8149,5,nan,nan,nan,0,0,0
linq,35.0,0.0,eb1168,0.11675778353879479,0,12.8,1,0.18,20000,0.9754,339.5,0.811,0,0.0246,0.0,6.891,0.0,nan,3.2798,2.3656,2.3528,5,0.5847,5,nan,nan,nan,0,1,0
linq,35.0,0.0,eb1168,0.11675778353879479,0,12.8,1,0.19,20000,0.9754,339.5,0.811,0,0.0246,0.0,6.112,0.0,nan,2.8149,1.9137,1.9003,6,0.4983,4,nan,nan,nan,0,1,0
linq,35.0,0.0,eb1168,0.11675778353879479,0,12.8,1,0.2,20000,0.9754,339.5,0.811,0,0.0246,0.0,5.339,0.0,0.0,2.4055,1.5374,1.5245,7,0.3547,4,nan,1.0187,nan,0,1,0
linq,35.0,0.0,eb1168,0.11675778353879479,0,12.8,1,0.21,20000,0.9754,339.5,0.811,0,0.0246,0.0,4.616,0.0,0.0,2.1312,1.255,1.2413,7,0.3074,3,nan,0.8618,nan,0,1,0
linq,35.0,0.0,eb1168,0.11675778353879479,0,12.8,1,0.22,20000,0.9754,339.5,0.811,0,0.0246,0.0,3.936,0.005,0.021,1.9926,1.0273,1.0135,7,0.2172,3,0.9213,0.756,0.0,0,0,0
linq,35.0,0.0,eb1168,0.11675778353879479,0,12.8,1,0.23,20000,0.9754,339.5,0.811,0,0.0246,0.0,3.315,0.0954,0.278,2.0309,0.841,0.8265,7,0.1928,2,0.8032,0.6539,0.0,0,0,0
linq,35.0,0.0,eb1168,0.11675778353879479,0,12.8,1,0.24,20000,0.9754,339.5,0.811,0,0.0246,0.0007,2.74,0.2838,0.924,2.2002,0.6853,0.6708,7,0.1302,2,0.7207,0.5511,0.0,1,0,0
linq,35.0,0.0,eb1168,0.11675778353879479,0,12.8,1,0.25,20000,0.9754,339.5,0.811,0,0.0246,0.0346,2.259,0.4437,1.811,2.5486,0.56,0.5454,7,0.0962,2,0.6484,0.4619,0.0,0,0,0
linq,35.0,0.0,eb1168,0.11675778353879479,0,12.8,1,0.26,20000,0.9754,339.5,0.811,0,0.0246,0.1754,1.79,0.5139,2.38,2.7182,0.457,0.4418,7,0.082,1,0.5637,0.3882,0.0,0,0,0
linq,35.0,0.0,eb1168,0.11675778353879479,0,12.8,1,0.27,20000,0.9754,339.5,0.811,0,0.0246,0.3495,1.379,0.5366,2.628,2.7687,0.3738,0.3581,7,0.0618,1,0.4827,0.3281,0.0,0,0,0
linq,35.0,0.0,eb1168,0.11675778353879479,0,12.8,1,0.28,20000,0.9754,339.5,0.811,0,0.0246,0.4993,1.056,0.5445,2.777,2.7787,0.3053,0.2886,7,nan,0,0.412,0.2768,0.0,0,0,0
linq,35.0,0.0,eb1168,0.11675778353879479,0,12.8,1,0.29,20000,0.9754,339.5,0.811,0,0.0246,0.6164,0.811,0.5415,2.75,2.7744,0.2483,0.2311,7,nan,0,0.3521,0.2339,0.0,0,0,0
linq,35.0,0.0,eb1168,0.11675778353879479,0,12.8,1,0.3,20000,0.9754,339.5,0.811,0,0.0246,0.7027,0.63,0.5378,2.786,2.7702,0.2013,0.1828,7,nan,0,0.3024,0.1989,0.0,0,0,0
linq,35.0,0.0,eb1168,0.11675778353879479,0,12.8,1,0.31,20000,0.9754,339.5,0.811,0,0.0246,0.7691,0.491,0.5309,2.755,2.7608,0.1638,0.1453,7,nan,0,0.2587,0.1683,0.0,0,0,0
linq,35.0,0.0,eb1168,0.11675778353879479,0,12.8,1,0.32,20000,0.9754,339.5,0.811,0,0.0246,0.8178,0.387,0.5198,2.603,2.7643,0.1325,0.1158,7,nan,0,0.2226,0.1433,0.0,0,0,0
linq,35.0,0.0,eb1168,0.11675778353879479,0,12.8,1,0.33,20000,0.9754,339.5,0.811,0,0.0246,0.8538,0.309,0.5131,2.487,2.7779,0.12,0.109,6,nan,0,0.1924,0.1222,0.0,0,0,0
linq,35.0,0.0,eb1168,0.11675778353879479,0,12.8,1,0.34,20000,0.9754,339.5,0.811,0,0.0246,0.882,0.245,0.5191,2.62,2.8085,0.0974,0.0875,6,nan,0,0.1646,0.1029,0.0,0,0,0
linq,35.0,0.0,eb1168,0.11675778353879479,0,12.8,1,0.35,20000,0.9754,339.5,0.811,0,0.0246,0.904,0.197,0.5123,2.425,2.8376,0.0794,0.0711,6,nan,0,0.1417,0.0875,0.0,0,0,0
linq,35.0,0.0,eb1168,0.11675778353879479,0,12.8,1,0.36,20000,0.9754,339.5,0.811,0,0.0246,0.9207,0.159,0.5157,2.391,2.8844,0.0717,0.066,5,nan,0,0.1227,0.0741,0.0,0,0,0
linq,35.0,0.0,eb1168,0.11675778353879479,0,12.8,1,0.37,20000,0.9754,339.5,0.811,0,0.0246,0.9345,0.128,0.5223,2.391,2.9372,0.0581,0.0532,5,nan,0,0.1055,0.0626,0.0,0,0,0
linq,35.0,0.0,eb1168,0.11675778353879479,0,12.8,1,0.38,20000,0.9754,339.5,0.811,0,0.0246,0.946,0.103,0.5211,2.262,2.9879,0.0522,0.0486,4,nan,0,0.0904,0.0531,0.0,0,0,0
linq,35.0,0.0,eb1168,0.11675778353879479,0,12.8,1,0.39,20000,0.9754,339.5,0.811,0,0.0246,0.9548,0.083,0.538,2.403,3.0621,0.0422,0.0394,4,nan,0,0.0779,0.0443,0.0,0,0,0
linq,35.0,0.0,eb1168,0.11675778353879479,0,12.8,1,0.4,20000,0.9754,339.5,0.811,0,0.0246,0.9622,0.066,0.5533,2.455,3.1317,0.0387,0.0371,3,nan,0,0.0669,0.0365,0.0,0,0,0
linq,35.0,0.0,eb1168,0.11675778353879479,0,12.8,1,0.41,20000,0.9754,339.5,0.811,0,0.0246,0.9684,0.053,0.5678,2.496,3.1973,0.0315,0.0301,3,nan,0,0.0574,0.0301,0.0,0,0,0
linq,35.0,0.0,eb1168,0.11675778353879479,0,12.8,1,0.42,20000,0.9754,339.5,0.811,0,0.0246,0.9737,0.043,0.5764,2.242,3.2664,0.0256,0.0247,3,nan,0,0.0494,0.0244,0.0,0,0,0
linq,35.0,0.0,eb1168,0.11675778353879479,0,12.8,1,0.43,20000,0.9754,339.5,0.811,0,0.0246,0.978,0.034,0.593,2.116,3.3421,0.0229,0.0225,2,nan,0,0.0424,0.0195,0.0,0,0,0
linq,35.0,0.0,eb1168,0.11675778353879479,0,12.8,1,0.44,20000,0.9754,339.5,0.811,0,0.0246,0.982,0.027,0.6179,2.143,3.4099,0.0188,0.0185,2,nan,0,0.0351,0.0158,0.0,0,0,0
linq,35.0,0.0,eb1168,0.11675778353879479,0,12.8,1,0.45,20000,0.9754,339.5,0.811,0,0.0246,0.9851,0.021,0.6621,2.356,3.4921,0.0157,0.0156,2,nan,0,0.0289,0.0124,0.0,0,0,0
linq,35.0,0.0,eb1168,0.11675778353879479,0,12.8,1,0.46,20000,0.9754,339.5,0.811,0,0.0246,0.9876,0.016,0.7231,2.917,3.5829,0.0138,0.0138,1,nan,0,0.024,0.0097,0.0,0,0,0
linq,35.0,0.0,eb1168,0.11675778353879479,0,12.8,1,0.47,20000,0.9754,339.5,0.811,0,0.0246,0.9898,0.012,0.7889,3.925,3.6675,0.0113,0.0113,1,nan,0,0.0199,0.008,0.0,0,0,0
linq,35.0,0.0,eb1168,0.11675778353879479,0,12.8,1,0.48,20000,0.9754,339.5,0.811,0,0.0246,0.9918,0.01,0.8469,5.766,3.7293,0.0098,0.0098,1,nan,0,0.0163,0.0069,0.0,0,0,0
linq,35.0,0.0,eb1168,0.11675778353879479,0,12.8,1,0.49,20000,0.9754,339.5,0.811,0,0.0246,0.9934,0.007,0.9035,9.75,3.7883,0.0094,0.0094,1,nan,0,0.0137,0.0066,0.0,0,0,0
linq,35.0,0.0,eb1168,0.11675778353879479,0,12.8,1,0.5,20000,0.9754,339.5,0.811,0,0.0246,0.9952,0.005,0.9468,17.8,3.8354,nan,nan,0,nan,0,0.011,nan,0.0,0,0,0
linq,35.0,0.0,eb1168,0.11675778353879479,0,12.8,1,0.51,20000,0.9754,339.5,0.811,0,0.0246,0.9966,0.003,0.9851,66.0,3.8737,nan,nan,0,nan,0,0.0093,nan,0.0,0,0,0
linq,35.0,0.0,eb1168,0.11675778353879479,0,12.8,1,0.52,20000,0.9754,339.5,0.811,0,0.0246,0.9977,0.002,0.978,44.5,3.8667,nan,nan,0,nan,0,0.0078,nan,0.0,0,0,0
linq,35.0,0.0,eb154,0.154,1,2.4,0,0.17,20000,0.9675,339.5,0.811,0,0.0325,0.0,17.328,0.0,nan,12.4397,nan,nan,0,12.9083,5,nan,nan,nan,0,0,0
linq,35.0,0.0,eb154,0.154,1,2.4,0,0.18,20000,0.9675,339.5,0.811,0,0.0325,0.0,17.112,0.0,nan,12.2229,nan,nan,0,12.2324,6,nan,nan,nan,0,0,0
linq,35.0,0.0,eb154,0.154,1,2.4,0,0.19,20000,0.9675,339.5,0.811,0,0.0325,0.0,16.898,0.0,nan,12.0094,nan,nan,0,11.7336,6,nan,nan,nan,0,0,0
linq,35.0,0.0,eb154,0.154,1,2.4,0,0.2,20000,0.9675,339.5,0.811,0,0.0325,0.0,16.684,0.0,nan,11.795,nan,nan,0,11.079,7,nan,nan,nan,0,0,0
linq,35.0,0.0,eb154,0.154,1,2.4,0,0.21,20000,0.9675,339.5,0.811,0,0.0325,0.0,16.473,0.0,nan,11.5843,nan,nan,0,10.669,7,nan,nan,nan,0,0,0
linq,35.0,0.0,eb154,0.154,1,2.4,0,0.22,20000,0.9675,339.5,0.811,0,0.0325,0.0,16.256,0.0,nan,11.367,nan,nan,0,10.0508,8,nan,nan,nan,0,0,0
linq,35.0,0.0,eb154,0.154,1,2.4,0,0.23,20000,0.9675,339.5,0.811,0,0.0325,0.0,16.041,0.0,nan,11.1525,nan,nan,0,9.6985,8,nan,nan,nan,0,0,0
linq,35.0,0.0,eb154,0.154,1,2.4,0,0.24,20000,0.9675,339.5,0.811,0,0.0325,0.0,15.832,0.0,nan,10.9431,nan,nan,0,9.3802,8,nan,nan,nan,0,0,0
linq,35.0,0.0,eb154,0.154,1,2.4,0,0.25,20000,0.9675,339.5,0.811,0,0.0325,0.0,15.618,0.0,nan,10.7291,nan,nan,0,9.0776,8,nan,nan,nan,0,0,0
linq,35.0,0.0,eb154,0.154,1,2.4,0,0.26,20000,0.9675,339.5,0.811,0,0.0325,0.0,15.404,0.0,nan,10.515,5.9567,5.9567,1,8.792,8,nan,nan,nan,0,0,0
linq,35.0,0.0,eb154,0.154,1,2.4,0,0.27,20000,0.9675,339.5,0.811,0,0.0325,0.0,15.195,0.0,nan,10.3059,5.7698,5.7698,1,8.5294,8,nan,nan,nan,0,0,0
linq,35.0,0.0,eb154,0.154,1,2.4,0,0.28,20000,0.9675,339.5,0.811,0,0.0325,0.0,14.982,0.0,nan,10.0937,5.261,5.2482,2,8.2782,8,nan,nan,nan,0,0,0
linq,35.0,0.0,eb154,0.154,1,2.4,0,0.29,20000,0.9675,339.5,0.811,0,0.0325,0.0,14.769,0.0,nan,9.8799,5.1242,5.1104,2,8.0391,8,nan,nan,nan,0,0,0
linq,35.0,0.0,eb154,0.154,1,2.4,0,0.3,20000,0.9675,339.5,0.811,0,0.0325,0.0,14.556,0.0,nan,9.6678,4.6947,4.665,3,7.8138,8,nan,nan,nan,0,0,0
linq,35.0,0.0,eb154,0.154,1,2.4,0,0.31,20000,0.9675,339.5,0.811,0,0.0325,0.0,14.342,0.0,nan,9.453,4.5826,4.5535,3,7.5986,8,nan,nan,nan,0,0,0
linq,35.0,0.0,eb154,0.154,1,2.4,0,0.32,20000,0.9675,339.5,0.811,0,0.0325,0.0,14.13,0.0,nan,9.2412,4.1875,4.1358,4,7.3989,8,nan,nan,nan,0,0,0
linq,35.0,0.0,eb154,0.154,1,2.4,0,0.33,20000,0.9675,339.5,0.811,0,0.0325,0.0,13.92,0.0,nan,9.031,4.0921,4.0406,4,7.21,8,nan,nan,nan,0,0,0
linq,35.0,0.0,eb154,0.154,1,2.4,0,0.34,20000,0.9675,339.5,0.811,0,0.0325,0.0,13.707,0.0,0.0,8.8185,3.7302,3.6467,5,7.0311,8,nan,nan,nan,0,0,0
linq,35.0,0.0,eb154,0.154,1,2.4,0,0.35,20000,0.9675,339.5,0.811,0,0.0325,0.0,13.495,0.0,0.0,8.6061,3.6489,3.5673,5,6.8595,8,nan,nan,nan,0,0,0
linq,35.0,0.0,eb154,0.154,1,2.4,0,0.36,20000,0.9675,339.5,0.811,0,0.0325,0.0,13.282,0.0,0.0,8.3931,3.316,3.1914,6,6.692,8,nan,nan,nan,0,0,0
linq,35.0,0.0,eb154,0.154,1,2.4,0,0.37,20000,0.9675,339.5,0.811,0,0.0325,0.0,13.07,0.0001,0.75,8.1814,3.2478,3.1266,6,6.5364,8,nan,nan,nan,0,0,0
linq,35.0,0.0,eb154,0.154,1,2.4,0,0.38,20000,0.9675,339.5,0.811,0,0.0325,0.0,12.861,0.0001,0.308,7.9721,3.1823,3.0635,6,6.3885,8,nan,nan,nan,0,0,0
linq,35.0,0.0,eb154,0.154,1,2.4,0,0.39,20000,0.9675,339.5,0.811,0,0.0325,0.0,12.649,0.0001,0.154,7.76,2.8716,2.6889,7,6.2452,8,nan,0.9755,nan,0,0,0
linq,35.0,0.0,eb154,0.154,1,2.4,0,0.4,20000,0.9675,339.5,0.811,0,0.0325,0.0,12.44,0.0002,0.174,7.5511,2.8155,2.6364,7,6.1101,8,nan,0.9549,nan,0,0,0
linq,35.0,0.0,eb154,0.154,1,2.4,0,0.41,20000,0.9675,339.5,0.811,0,0.0325,0.0001,12.227,0.0003,0.155,7.3393,2.7621,2.5869,7,5.9775,8,nan,0.9359,nan,0,0,0
linq,35.0,0.0,eb154,0.154,1,2.4,0,0.42,20000,0.9675,339.5,0.811,0,0.0325,0.0001,12.015,0.0006,0.176,7.1274,2.7101,2.5393,7,5.8511,8,0.9486,0.9217,0.0,0,0,0
linq,35.0,0.0,eb154,0.154,1,2.4,0,0.43,20000,0.9675,339.5,0.811,0,0.0325,0.0001,11.808,0.0011,0.198,6.9208,2.6612,2.4939,7,5.7337,8,0.9334,0.9064,0.0,0,0,0
linq,35.0,0.0,eb154,0.154,1,2.4,0,0.44,20000,0.9675,339.5,0.811,0,0.0325,0.0002,11.601,0.002,0.251,6.7142,2.6135,2.45,7,5.62,8,0.9165,0.8929,0.0,0,0,0
linq,35.0,0.0,eb154,0.154,1,2.4,0,0.45,20000,0.9675,339.5,0.811,0,0.0325,0.0003,11.39,0.0033,0.295,6.5057,2.5663,2.4062,7,5.51,8,0.9023,0.8783,0.0,0,0,0
linq,35.0,0.0,eb154,0.154,1,2.4,0,0.46,20000,0.9675,339.5,0.811,0,0.0325,0.0006,11.185,0.0053,0.385,6.3029,2.5223,2.3657,7,5.4041,8,0.8881,0.8643,0.0,0,0,0
linq,35.0,0.0,eb154,0.154,1,2.4,0,0.47,20000,0.9675,339.5,0.811,0,0.0325,0.0009,10.981,0.0077,0.442,6.1013,2.479,2.3252,7,5.3025,8,0.8765,0.8499,0.0,0,0,0
linq,35.0,0.0,eb154,0.154,1,2.4,0,0.48,20000,0.9675,339.5,0.811,0,0.0325,0.0015,10.776,0.0105,0.475,5.9032,2.4375,2.2866,7,5.1996,8,0.8644,0.8363,0.0,0,0,0
linq,35.0,0.0,eb154,0.154,1,2.4,0,0.49,20000,0.9675,339.5,0.811,0,0.0325,0.0024,10.572,0.0138,0.503,5.7095,2.3966,2.2485,7,5.1028,8,0.8528,0.8227,0.0,0,0,0
linq,35.0,0.0,eb154,0.154,1,2.4,0,0.5,20000,0.9675,339.5,0.811,0,0.0325,0.0037,10.374,0.0178,0.56,5.5235,2.3584,2.213,7,5.0117,8,0.8405,0.8107,0.0,0,0,0
linq,35.0,0.0,eb154,0.154,1,2.4,0,0.51,20000,0.9675,339.5,0.811,0,0.0325,0.0058,10.174,0.0218,0.582,5.3449,2.3203,2.1776,7,4.9234,8,0.8275,0.7983,0.0,0,0,0
linq,35.0,0.0,eb154,0.154,1,2.4,0,0.52,20000,0.9675,339.5,0.811,0,0.0325,0.0081,9.981,0.0272,0.658,5.1745,2.2842,2.144,7,4.8398,8,0.8154,0.7866,0.0,0,0,0
linq,35.0,0.0,eb154,0.154,1,3.2,0,0.17,20000,0.9675,339.5,0.811,0,0.0325,0.0,15.62,0.0,nan,10.7316,nan,nan,0,9.5627,7,nan,nan,nan,0,0,0
linq,35.0,0.0,eb154,0.154,1,3.2,0,0.18,20000,0.9675,339.5,0.811,0,0.0325,0.0,15.305,0.0,nan,10.4159,nan,nan,0,8.9204,8,nan,nan,nan,0,0,0
linq,35.0,0.0,eb154,0.154,1,3.2,0,0.19,20000,0.9675,339.5,0.811,0,0.0325,0.0,14.996,0.0,nan,10.1071,nan,nan,0,8.423,8,nan,nan,nan,0,0,0
linq,35.0,0.0,eb154,0.154,1,3.2,0,0.2,20000,0.9675,339.5,0.811,0,0.0325,0.0,14.685,0.0,nan,9.7968,nan,nan,0,7.9745,8,nan,nan,nan,0,0,0
linq,35.0,0.0,eb154,0.154,1,3.2,0,0.21,20000,0.9675,339.5,0.811,0,0.0325,0.0,14.374,0.0,nan,9.4857,6.0022,6.0022,1,7.5589,8,nan,nan,nan,0,0,0
linq,35.0,0.0,eb154,0.154,1,3.2,0,0.22,20000,0.9675,339.5,0.811,0,0.0325,0.0,14.064,0.0,nan,9.1756,5.7324,5.7324,1,7.1783,8,nan,nan,nan,0,0,0
linq,35.0,0.0,eb154,0.154,1,3.2,0,0.23,20000,0.9675,339.5,0.811,0,0.0325,0.0,13.752,0.0,nan,8.863,5.1924,5.1821,2,6.8248,8,nan,nan,nan,0,0,0
linq,35.0,0.0,eb154,0.154,1,3.2,0,0.24,20000,0.9675,339.5,0.811,0,0.0325,0.0,13.443,0.0,nan,8.5543,4.981,4.9705,2,6.5053,8,nan,nan,nan,0,0,0
linq,35.0,0.0,eb154,0.154,1,3.2,0,0.25,20000,0.9675,339.5,0.811,0,0.0325,0.0,13.134,0.0,nan,8.2458,4.5265,4.5044,3,6.2108,8,nan,nan,nan,0,0,0
linq,35.0,0.0,eb154,0.154,1,3.2,0,0.26,20000,0.9675,339.5,0.811,0,0.0325,0.0,12.821,0.0,nan,7.9324,4.1031,4.0631,4,5.9314,8,nan,nan,nan,0,0,0
linq,35.0,0.0,eb154,0.154,1,3.2,0,0.27,20000,0.9675,339.5,0.811,0,0.0325,0.0,12.514,0.0,nan,7.625,3.9534,3.915,4,5.6782,8,nan,nan,nan,0,0,0
linq,35.0,0.0,eb154,0.154,1,3.2,0,0.28,20000,0.9675,339.5,0.811,0,0.0325,0.0,12.203,0.0,nan,7.3146,3.577,3.5139,5,5.4403,8,nan,nan,nan,0,0,0
linq,35.0,0.0,eb154,0.154,1,3.2,0,0.29,20000,0.9675,339.5,0.811,0,0.0325,0.0,11.894,0.0,0.0,7.0051,3.4513,3.3904,5,5.22,8,nan,nan,nan,0,0,0
linq,35.0,0.0,eb154,0.154,1,3.2,0,0.3,20000,0.9675,339.5,0.811,0,0.0325,0.0,11.583,0.0,0.0,6.6943,3.1132,3.0189,6,5.0111,8,nan,nan,nan,0,0,0
linq,35.0,0.0,eb154,0.154,1,3.2,0,0.31,20000,0.9675,339.5,0.811,0,0.0325,0.0,11.273,0.0001,0.273,6.384,3.0091,2.9186,6,4.8192,8,nan,nan,nan,0,0,0
linq,35.0,0.0,eb154,0.154,1,3.2,0,0.32,20000,0.9675,339.5,0.811,0,0.0325,0.0,10.967,0.0001,0.133,6.0781,2.6942,2.5512,7,4.6374,8,nan,0.9717,nan,0,0,0
linq,35.0,0.0,eb154,0.154,1,3.2,0,0.33,20000,0.9675,339.5,0.811,0,0.0325,0.0,10.655,0.0002,0.076,5.7663,2.6079,2.4704,7,4.4652,8,nan,0.941,nan,0,0,0
linq,35.0,0.0,eb154,0.154,1,3.2,0,0.34,20000,0.9675,339.5,0.811,0,0.0325,0.0,10.347,0.0005,0.097,5.4591,2.5279,2.3955,7,4.3053,8,0.9638,0.9139,0.0,0,0,0
linq,35.0,0.0,eb154,0.154,1,3.2,0,0.35,20000,0.9675,339.5,0.811,0,0.0325,0.0001,10.044,0.0013,0.128,5.1563,2.4521,2.3252,7,4.159,8,0.9307,0.8924,0.0,0,0,0
linq,35.0,0.0,eb154,0.154,1,3.2,0,0.36,20000,0.9675,339.5,0.811,0,0.0325,0.0001,9.744,0.0033,0.202,4.8566,2.3803,2.2581,7,4.0178,8,0.9072,0.8695,0.0,0,0,0
linq,35.0,0.0,eb154,0.154,1,3.2,0,0.37,20000,0.9675,339.5,0.811,0,0.0325,0.0003,9.441,0.0067,0.271,4.5555,2.3105,2.1926,7,3.8837,8,0.8852,0.8454,0.0,0,0,0
linq,35.0,0.0,eb154,0.154,1,3.2,0,0.38,20000,0.9675,339.5,0.811,0,0.0325,0.0007,9.143,0.0124,0.359,4.2621,2.2451,2.1313,7,3.7516,8,0.865,0.8231,0.0,0,0,0
linq,35.0,0.0,eb154,0.154,1,3.2,0,0.39,20000,0.9675,339.5,0.811,0,0.0325,0.0016,8.854,0.0193,0.413,3.9812,2.1825,2.0723,7,3.6317,8,0.8469,0.8015,0.0,0,0,0
linq,35.0,0.0,eb154,0.154,1,3.2,0,0.4,20000,0.9675,339.5,0.811,0,0.0325,0.0035,8.565,0.0288,0.511,3.7098,2.1219,2.0156,7,3.5176,8,0.8261,0.7821,0.0,0,0,0
linq,35.0,0.0,eb154,0.154,1,3.2,0,0.41,20000,0.9675,339.5,0.811,0,0.0325,0.007,8.289,0.0402,0.616,3.4631,2.066,1.963,7,3.4134,8,0.8064,0.7625,0.0,0,0,0
linq,35.0,0.0,eb154,0.154,1,3.2,0,0.42,20000,0.9675,339.5,0.811,0,0.0325,0.0119,8.011,0.0536,0.733,3.223,2.0114,1.9114,7,3.3097,8,0.7874,0.7431,0.0,0,0,0
linq,35.0,0.0,eb154,0.154,1,3.2,0,0.43,20000,0.9675,339.5,0.811,0,0.0325,0.0188,7.741,0.0666,0.829,3.0064,1.9587,1.8618,7,3.2122,8,0.7699,0.7249,0.0,0,0,0
linq,35.0,0.0,eb154,0.154,1,3.2,0,0.44,20000,0.9675,339.5,0.811,0,0.0325,0.0279,7.48,0.0792,0.924,2.8126,1.9096,1.8157,7,3.1144,8,0.7535,0.708,0.0,0,0,0
linq,35.0,0.0,eb154,0.154,1,3.2,0,0.45,20000,0.9675,339.5,0.811,0,0.0325,0.0405,7.225,0.0909,1.002,2.6474,1.8619,1.7707,7,3.025,8,0.7362,0.6911,0.0,0,0,0
linq,35.0,0.0,eb154,0.154,1,3.2,0,0.46,20000,0.9675,339.5,0.811,0,0.0325,0.0549,6.975,0.1025,1.094,2.4982,1.8163,1.7275,7,2.9366,8,0.7198,0.6749,0.0,0,1,0
linq,35.0,0.0,eb154,0.154,1,3.2,0,0.47,20000,0.9675,339.5,0.811,0,0.0325,0.0718,6.735,0.1122,1.164,2.3745,1.7731,1.6866,7,2.8529,8,0.7039,0.6594,0.0,0,1,0
linq,35.0,0.0,eb154,0.154,1,3.2,0,0.48,20000,0.9675,339.5,0.811,0,0.0325,0.0898,6.505,0.1203,1.21,2.2659,1.7309,1.6469,7,2.777,8,0.6887,0.6449,0.0,0,1,0
linq,35.0,0.0,eb154,0.154,1,3.2,0,0.49,20000,0.9675,339.5,0.811,0,0.0325,0.1088,6.281,0.1289,1.279,2.1674,1.6906,1.6089,7,2.7021,8,0.6741,0.6305,0.0,0,1,0
linq,35.0,0.0,eb154,0.154,1,3.2,0,0.5,20000,0.9675,339.5,0.811,0,0.0325,0.13,6.065,0.1361,1.336,2.092,1.6519,1.5722,7,2.6316,8,0.6595,0.6161,0.0,0,1,0
linq,35.0,0.0,eb154,0.154,1,3.2,0,0.51,20000,0.9675,339.5,0.811,0,0.0325,0.1512,5.861,0.1405,1.332,2.025,1.6151,1.5374,7,2.5633,8,0.6461,0.603,0.0,0,1,0
linq,35.0,0.0,eb154,0.154,1,3.2,0,0.52,20000,0.9675,339.5,0.811,0,0.0325,0.1729,5.659,0.1454,1.347,1.9637,1.5793,1.5034,7,2.4942,8,0.6326,0.5901,0.0,0,1,0
linq,35.0,0.0,eb154,0.154,1,4.8,0,0.17,20000,0.9675,339.5,0.811,0,0.0325,0.0,13.032,0.0,nan,8.1528,nan,nan,0,5.6515,8,nan,nan,nan,0,0,0
linq,35.0,0.0,eb154,0.154,1,4.8,0,0.18,20000,0.9675,339.5,0.811,0,0.0325,0.0,12.573,0.0,nan,7.6967,5.6222,5.6222,1,5.1229,8,nan,nan,nan,0,0,0
linq,35.0,0.0,eb154,0.154,1,4.8,0,0.19,20000,0.9675,339.5,0.811,0,0.0325,0.0,12.11,0.0,nan,7.2383,4.9947,4.9886,2,4.6504,8,nan,nan,nan,0,0,0
linq,35.0,0.0,eb154,0.154,1,4.8,0,0.2,20000,0.9675,339.5,0.811,0,0.0325,0.0,11.65,0.0,nan,6.7827,4.4684,4.4569,3,4.2377,8,nan,nan,nan,0,0,0
linq,35.0,0.0,eb154,0.154,1,4.8,0,0.21,20000,0.9675,339.5,0.811,0,0.0325,0.0,11.189,0.0,nan,6.3239,4.1652,4.1548,3,3.8736,8,nan,nan,nan,0,0,0
linq,35.0,0.0,eb154,0.154,1,4.8,0,0.22,20000,0.9675,339.5,0.811,0,0.0325,0.0,10.728,0.0,nan,5.8674,3.7185,3.6992,4,3.5521,8,nan,nan,nan,0,0,0
linq,35.0,0.0,eb154,0.154,1,4.8,0,0.23,20000,0.9675,339.5,0.811,0,0.0325,0.0,10.27,0.0,nan,5.4161,3.3059,3.2724,5,3.2654,8,nan,nan,nan,0,0,0
linq,35.0,0.0,eb154,0.154,1,4.8,0,0.24,20000,0.9675,339.5,0.811,0,0.0325,0.0,9.805,0.0,nan,4.9581,2.9249,2.8709,6,3.005,8,nan,nan,nan,0,0,0
linq,35.0,0.0,eb154,0.154,1,4.8,0,0.25,20000,0.9675,339.5,0.811,0,0.0325,0.0,9.347,0.0,0.0,4.5053,2.7466,2.6969,6,2.7739,8,nan,nan,nan,0,0,0
linq,35.0,0.0,eb154,0.154,1,4.8,0,0.26,20000,0.9675,339.5,0.811,0,0.0325,0.0,8.886,0.0,0.031,4.0546,2.4121,2.3286,7,2.5653,8,nan,0.9802,nan,0,0,0
linq,35.0,0.0,eb154,0.154,1,4.8,0,0.27,20000,0.9675,339.5,0.811,0,0.0325,0.0,8.429,0.0002,0.03,3.6073,2.271,2.1934,7,2.3746,8,nan,0.9222,nan,0,0,0
linq,35.0,0.0,eb154,0.154,1,4.8,0,0.28,20000,0.9675,339.5,0.811,0,0.0325,0.0,7.978,0.0008,0.047,3.1717,2.144,2.0736,7,2.207,8,0.9572,0.8826,0.0,0,0,0
linq,35.0,0.0,eb154,0.154,1,4.8,0,0.29,20000,0.9675,339.5,0.811,0,0.0325,0.0001,7.534,0.004,0.103,2.7499,2.0247,1.9601,7,2.0512,8,0.9045,0.8397,0.0,0,0,0
linq,35.0,0.0,eb154,0.154,1,4.8,0,0.3,20000,0.9675,339.5,0.811,0,0.0325,0.0002,7.102,0.0137,0.207,2.3446,1.9154,1.8557,7,1.9051,8,0.867,0.8001,0.0,0,0,0
linq,35.0,0.0,eb154,0.154,1,4.8,0,0.31,20000,0.9675,339.5,0.811,0,0.0325,0.0007,6.68,0.0318,0.338,1.9579,1.8127,1.7578,7,1.7748,8,0.8322,0.7638,0.0,0,1,0
linq,35.0,0.0,eb154,0.154,1,4.8,0,0.32,20000,0.9675,339.5,0.811,0,0.0325,0.0033,6.276,0.0613,0.535,1.6134,1.7194,1.668,7,1.6581,8,0.7977,0.7275,0.0,0,1,0
linq,35.0,0.0,eb154,0.154,1,4.8,0,0.33,20000,0.9675,339.5,0.811,0,0.0325,0.0103,5.881,0.0945,0.728,1.3078,1.631,1.5831,7,1.5465,8,0.7663,0.6936,0.0,0,1,0
linq,35.0,0.0,eb154,0.154,1,4.8,0,0.34,20000,0.9675,339.5,0.811,0,0.0325,0.0245,5.507,0.1294,0.941,1.0696,1.5505,1.5055,7,1.443,8,0.7353,0.6616,0.0,0,1,0
linq,35.0,0.0,eb154,0.154,1,4.8,0,0.35,20000,0.9675,339.5,0.811,0,0.0325,0.0482,5.149,0.1592,1.12,0.8929,1.4753,1.433,7,1.349,8,0.7053,0.6313,0.0,0,1,0
linq,35.0,0.0,eb154,0.154,1,4.8,0,0.36,20000,0.9675,339.5,0.811,0,0.0325,0.0815,4.803,0.1836,1.265,0.7634,1.4032,1.3636,7,1.2667,8,0.6755,0.6022,0.0,0,1,0
linq,35.0,0.0,eb154,0.154,1,4.8,0,0.37,20000,0.9675,339.5,0.811,0,0.0325,0.1202,4.483,0.2008,1.353,0.6774,1.3381,1.3007,7,1.1885,8,0.648,0.5763,0.0,1,1,1
linq,35.0,0.0,eb154,0.154,1,4.8,0,0.38,20000,0.9675,339.5,0.811,0,0.0325,0.1644,4.178,0.2135,1.429,0.6225,1.2766,1.2414,7,1.1123,8,0.6208,0.5517,0.0,1,0,0
linq,35.0,0.0,eb154,0.154,1,4.8,0,0.39,20000,0.9675,339.5,0.811,0,0.0325,0.2077,3.898,0.2274,1.551,0.5779,1.2189,1.1857,7,1.0436,8,0.5954,0.528,0.0,1,0,0
linq,35.0,0.0,eb154,0.154,1,4.8,0,0.4,20000,0.9675,339.5,0.811,0,0.0325,0.253,3.636,0.2351,1.59,0.5503,1.1644,1.133,7,0.9837,8,0.5711,0.5053,0.0,1,0,0
linq,35.0,0.0,eb154,0.154,1,4.8,0,0.41,20000,0.9675,339.5,0.811,0,0.0325,0.2957,3.395,0.2421,1.632,0.5287,1.1136,1.084,7,0.9239,8,0.5488,0.4844,0.0,1,0,0
linq,35.0,0.0,eb154,0.154,1,4.8,0,0.42,20000,0.9675,339.5,0.811,0,0.0325,0.3373,3.175,0.245,1.635,0.5164,1.0665,1.0385,7,0.8692,8,0.5277,0.4654,0.0,1,0,0
linq,35.0,0.0,eb154,0.154,1,4.8,0,0.43,20000,0.9675,339.5,0.811,0,0.0325,0.3784,2.966,0.2483,1.655,0.5084,1.0216,0.995,7,0.8187,8,0.5066,0.4466,0.0,1,0,0
linq,35.0,0.0,eb154,0.154,1,4.8,0,0.44,20000,0.9675,339.5,0.811,0,0.0325,0.4158,2.777,0.2509,1.708,0.5026,0.9786,0.9536,7,0.7727,8,0.4873,0.4296,0.0,1,0,0
linq,35.0,0.0,eb154,0.154,1,4.8,0,0.45,20000,0.9675,339.5,0.811,0,0.0325,0.4501,2.605,0.2533,1.738,0.497,0.9387,0.9151,7,0.809,7,0.4691,0.4131,0.0,1,0,0
linq,35.0,0.0,eb154,0.154,1,4.8,0,0.46,20000,0.9675,339.5,0.811,0,0.0325,0.482,2.445,0.2564,1.746,0.4923,0.9014,0.8789,7,0.7617,7,0.452,0.3967,0.0,1,0,0
linq,35.0,0.0,eb154,0.154,1,4.8,0,0.47,20000,0.9675,339.5,0.811,0,0.0325,0.5118,2.3,0.2574,1.732,0.4878,0.8665,0.845,7,0.7237,7,0.436,0.382,0.0,1,0,0
linq,35.0,0.0,eb154,0.154,1,4.8,0,0.48,20000,0.9675,339.5,0.811,0,0.0325,0.5407,2.163,0.2539,1.653,0.4908,0.8324,0.8121,7,0.6817,7,0.4206,0.3688,0.0,1,0,0
linq,35.0,0.0,eb154,0.154,1,4.8,0,0.49,20000,0.9675,339.5,0.811,0,0.0325,0.5676,2.038,0.2523,1.627,0.5009,0.7999,0.7809,7,0.6432,7,0.4055,0.3562,0.0,1,0,0
linq,35.0,0.0,eb154,0.154,1,4.8,0,0.5,20000,0.9675,339.5,0.811,0,0.0325,0.5914,1.92,0.2579,1.705,0.4979,0.7694,0.7514,7,0.6055,7,0.3909,0.3434,0.0,1,0,0
linq,35.0,0.0,eb154,0.154,1,4.8,0,0.51,20000,0.9675,339.5,0.811,0,0.0325,0.6145,1.811,0.2593,1.738,0.4975,0.74,0.7229,7,0.5737,7,0.3771,0.3313,0.0,1,0,0
linq,35.0,0.0,eb154,0.154,1,4.8,0,0.52,20000,0.9675,339.5,0.811,0,0.0325,0.6349,1.713,0.2617,1.773,0.4969,0.7137,0.6973,7,0.5416,7,0.3646,0.3199,0.0,1,0,0
linq,35.0,0.0,eb154,0.154,1,6.4,0,0.17,20000,0.9675,339.5,0.811,0,0.0325,0.0,11.243,0.0,nan,6.4282,4.9578,4.9551,2,3.3353,8,nan,nan,nan,0,0,0
linq,35.0,0.0,eb154,0.154,1,6.4,0,0.18,20000,0.9675,339.5,0.811,0,0.0325,0.0,10.68,0.0,nan,5.8868,4.3651,4.3606,3,2.8906,8,nan,nan,nan,0,0,0
linq,35.0,0.0,eb154,0.154,1,6.4,0,0.19,20000,0.9675,339.5,0.811,0,0.0325,0.0,10.11,0.0,nan,5.3416,3.9379,3.9342,3,2.5033,8,nan,nan,nan,0,0,0
linq,35.0,0.0,eb154,0.154,1,6.4,0,0.2,20000,0.9675,339.5,0.811,0,0.0325,0.0,9.546,0.0,nan,4.8149,3.4514,3.4443,4,2.1847,8,nan,nan,nan,0,0,0
linq,35.0,0.0,eb154,0.154,1,6.4,0,0.21,20000,0.9675,339.5,0.811,0,0.0325,0.0,8.981,0.0,nan,4.292,3.0134,2.9993,5,1.9127,8,nan,nan,nan,0,0,0
linq,35.0,0.0,eb154,0.154,1,6.4,0,0.22,20000,0.9675,339.5,0.811,0,0.0325,0.0,8.415,0.0,nan,3.7773,2.618,2.5928,6,1.6791,8,nan,nan,nan,0,0,0
linq,35.0,0.0,eb154,0.154,1,6.4,0,0.23,20000,0.9675,339.5,0.811,0,0.0325,0.0,7.847,0.0,0.0,3.2768,2.3856,2.3649,6,1.4743,8,nan,nan,nan,0,0,0
linq,35.0,0.0,eb154,0.154,1,6.4,0,0.24,20000,0.9675,339.5,0.811,0,0.0325,0.0,7.287,0.0001,0.021,2.7997,2.0568,2.0158,7,1.3053,8,nan,0.934,nan,0,0,0
linq,35.0,0.0,eb154,0.154,1,6.4,0,0.25,20000,0.9675,339.5,0.811,0,0.0325,0.0,6.737,0.0004,0.018,2.3512,1.8863,1.8518,7,1.2981,7,nan,0.8728,nan,0,1,0
linq,35.0,0.0,eb154,0.154,1,6.4,0,0.26,20000,0.9675,339.5,0.811,0,0.0325,0.0,6.203,0.0045,0.066,1.9425,1.731,1.7017,7,1.1512,7,0.9034,0.8145,0.0,0,1,0
linq,35.0,0.0,eb154,0.154,1,6.4,0,0.27,20000,0.9675,339.5,0.811,0,0.0325,0.0001,5.69,0.0228,0.185,1.5806,1.5916,1.5666,7,1.0239,7,0.8489,0.7608,0.0,0,1,0
linq,35.0,0.0,eb154,0.154,1,6.4,0,0.28,20000,0.9675,339.5,0.811,0,0.0325,0.0007,5.197,0.0671,0.417,1.2749,1.4652,1.4435,7,0.9097,7,0.7992,0.7086,0.0,0,1,0
linq,35.0,0.0,eb154,0.154,1,6.4,0,0.29,20000,0.9675,339.5,0.811,0,0.0325,0.0063,4.732,0.1276,0.716,1.0545,1.3511,1.332,7,0.8107,7,0.7554,0.6595,0.0,0,1,0
linq,35.0,0.0,eb154,0.154,1,6.4,0,0.3,20000,0.9675,339.5,0.811,0,0.0325,0.0243,4.291,0.1891,1.03,0.9425,1.2472,1.2302,7,0.8161,6,0.7131,0.6132,0.0,0,0,0
linq,35.0,0.0,eb154,0.154,1,6.4,0,0.31,20000,0.9675,339.5,0.811,0,0.0325,0.0649,3.88,0.2362,1.295,0.9552,1.1543,1.1393,7,0.73,6,0.6705,0.5712,0.0,1,0,0
linq,35.0,0.0,eb154,0.154,1,6.4,0,0.32,20000,0.9675,339.5,0.811,0,0.0325,0.122,3.491,0.27,1.502,0.9982,1.0683,1.055,7,0.654,6,0.6292,0.5324,0.0,1,0,0
linq,35.0,0.0,eb154,0.154,1,6.4,0,0.33,20000,0.9675,339.5,0.811,0,0.0325,0.1896,3.138,0.2923,1.645,1.0526,0.9931,0.9811,7,0.5848,6,0.5899,0.4965,0.0,1,0,0
linq,35.0,0.0,eb154,0.154,1,6.4,0,0.34,20000,0.9675,339.5,0.811,0,0.0325,0.2596,2.814,0.3046,1.711,1.0994,0.9209,0.9103,7,0.5225,6,0.5534,0.4643,0.0,0,0,0
linq,35.0,0.0,eb154,0.154,1,6.4,0,0.35,20000,0.9675,339.5,0.811,0,0.0325,0.3268,2.529,0.3152,1.821,1.1322,0.8567,0.8473,7,0.4701,6,0.5193,0.4347,0.0,0,0,0
linq,35.0,0.0,eb154,0.154,1,6.4,0,0.36,20000,0.9675,339.5,0.811,0,0.0325,0.3911,2.271,0.3204,1.853,1.1589,0.7979,0.7895,7,0.4768,5,0.4873,0.4065,0.0,0,0,0
linq,35.0,0.0,eb154,0.154,1,6.4,0,0.37,20000,0.9675,339.5,0.811,0,0.0325,0.4487,2.046,0.3249,1.874,1.1775,0.7434,0.736,7,0.4313,5,0.4579,0.3807,0.0,0,0,0
linq,35.0,0.0,eb154,0.154,1,6.4,0,0.38,20000,0.9675,339.5,0.811,0,0.0325,0.4996,1.848,0.3242,1.811,1.1962,0.6932,0.6866,7,0.3858,5,0.4318,0.3585,0.0,0,0,0
linq,35.0,0.0,eb154,0.154,1,6.4,0,0.39,20000,0.9675,339.5,0.811,0,0.0325,0.5471,1.671,0.3267,1.849,1.2003,0.6485,0.6426,7,0.3426,5,0.4059,0.3376,0.0,0,0,0
linq,35.0,0.0,eb154,0.154,1,6.4,0,0.4,20000,0.9675,339.5,0.811,0,0.0325,0.589,1.514,0.3293,1.909,1.2053,0.6059,0.6007,7,0.3091,5,0.3823,0.3177,0.0,0,0,0
linq,35.0,0.0,eb154,0.154,1,6.4,0,0.41,20000,0.9675,339.5,0.811,0,0.0325,0.6265,1.372,0.3309,1.903,1.214,0.5655,0.561,7,0.3187,4,0.3606,0.2985,0.0,0,0,0
linq,35.0,0.0,eb154,0.154,1,6.4,0,0.42,20000,0.9675,339.5,0.811,0,0.0325,0.6573,1.253,0.3347,1.968,1.2331,0.5294,0.5254,7,0.2854,4,0.3419,0.2821,0.0,0,0,0
linq,35.0,0.0,eb154,0.154,1,6.4,0,0.43,20000,0.9675,339.5,0.811,0,0.0325,0.6871,1.143,0.3332,1.954,1.236,0.4959,0.4924,7,0.2553,4,0.3239,0.2662,0.0,0,0,0
linq,35.0,0.0,eb154,0.154,1,6.4,0,0.44,20000,0.9675,339.5,0.811,0,0.0325,0.7154,1.042,0.3316,1.969,1.2261,0.4647,0.4616,7,0.2277,4,0.3057,0.2508,0.0,0,0,0
linq,35.0,0.0,eb154,0.154,1,6.4,0,0.45,20000,0.9675,339.5,0.811,0,0.0325,0.7393,0.954,0.3295,1.946,1.2285,0.4351,0.4324,7,0.2061,4,0.2896,0.2367,0.0,0,0,0
linq,35.0,0.0,eb154,0.154,1,6.4,0,0.46,20000,0.9675,339.5,0.811,0,0.0325,0.761,0.875,0.3253,1.913,1.2282,0.4075,0.4051,7,0.1885,4,0.2744,0.2243,0.0,0,0,0
linq,35.0,0.0,eb154,0.154,1,6.4,0,0.47,20000,0.9675,339.5,0.811,0,0.0325,0.7796,0.805,0.3276,1.948,1.2377,0.3825,0.3804,7,0.1943,3,0.2601,0.2122,0.0,0,0,0
linq,35.0,0.0,eb154,0.154,1,6.4,0,0.48,20000,0.9675,339.5,0.811,0,0.0325,0.7966,0.74,0.3247,1.878,1.2534,0.3581,0.3563,7,0.1687,3,0.2472,0.201,0.0,0,0,0
linq,35.0,0.0,eb154,0.154,1,6.4,0,0.49,20000,0.9675,339.5,0.811,0,0.0325,0.8128,0.68,0.3222,1.841,1.258,0.3363,0.3346,7,0.1494,3,0.2341,0.1903,0.0,0,0,0
linq,35.0,0.0,eb154,0.154,1,6.4,0,0.5,20000,0.9675,339.5,0.811,0,0.0325,0.8263,0.628,0.3222,1.888,1.2702,0.315,0.3135,7,0.1378,3,0.2225,0.1811,0.0,0,0,0
linq,35.0,0.0,eb154,0.154,1,6.4,0,0.51,20000,0.9675,339.5,0.811,0,0.0325,0.8385,0.58,0.3258,1.98,1.2957,0.2952,0.2939,7,0.1243,3,0.2116,0.1716,0.0,0,0,0
linq,35.0,0.0,eb154,0.154,1,6.4,0,0.52,20000,0.9675,339.5,0.811,0,0.0325,0.8502,0.536,0.3256,2.009,1.3111,0.2775,0.2763,7,0.1262,2,0.2011,0.1627,0.0,0,0,0
linq,35.0,0.0,eb154,0.154,1,9.6,1,0.17,20000,0.9675,339.5,0.811,0,0.0325,0.0,8.99,0.0,nan,4.5991,3.6422,3.642,3,1.5535,6,nan,nan,nan,0,0,0
linq,35.0,0.0,eb154,0.154,1,9.6,1,0.18,20000,0.9675,339.5,0.811,0,0.0325,0.0,8.286,0.0,nan,4.0251,3.076,3.0751,4,1.2133,6,nan,nan,nan,0,0,0
linq,35.0,0.0,eb154,0.154,1,9.6,1,0.19,20000,0.9675,339.5,0.811,0,0.0325,0.0,7.589,0.0,nan,3.4912,2.5887,2.5866,5,0.9461,6,nan,nan,nan,0,0,0
linq,35.0,0.0,eb154,0.154,1,9.6,1,0.2,20000,0.9675,339.5,0.811,0,0.0325,0.0,6.896,0.0,nan,2.9897,2.1677,2.1636,6,0.8706,5,nan,nan,nan,0,1,0
linq,35.0,0.0,eb154,0.154,1,9.6,1,0.21,20000,0.9675,339.5,0.811,0,0.0325,0.0,6.192,0.0,0.0,2.5223,1.856,1.853,6,0.6855,5,nan,nan,nan,0,1,0
linq,35.0,0.0,eb154,0.154,1,9.6,1,0.22,20000,0.9675,339.5,0.811,0,0.0325,0.0,5.518,0.0001,0.003,2.1301,1.5447,1.5374,7,0.536,5,nan,0.8825,nan,0,1,0
linq,35.0,0.0,eb154,0.154,1,9.6,1,0.23,20000,0.9675,339.5,0.811,0,0.0325,0.0,4.877,0.0016,0.014,1.831,1.3347,1.3296,7,0.5004,4,0.9336,0.7935,0.0,0,1,0
linq,35.0,0.0,eb154,0.154,1,9.6,1,0.24,20000,0.9675,339.5,0.811,0,0.0325,0.0,4.273,0.0319,0.142,1.669,1.1529,1.1492,7,0.3918,4,0.8358,0.7144,0.0,0,0,0
linq,35.0,0.0,eb154,0.154,1,9.6,1,0.25,20000,0.9675,339.5,0.811,0,0.0325,0.0003,3.701,0.1317,0.496,1.6547,0.9956,0.9922,7,0.3059,4,0.762,0.6341,0.0,0,0,0
linq,35.0,0.0,eb154,0.154,1,9.6,1,0.26,20000,0.9675,339.5,0.811,0,0.0325,0.0084,3.193,0.2598,1.042,1.7695,0.8629,0.8596,7,0.2894,3,0.7018,0.5602,0.0,1,0,0
linq,35.0,0.0,eb154,0.154,1,9.6,1,0.27,20000,0.9675,339.5,0.811,0,0.0325,0.0592,2.719,0.3578,1.579,1.998,0.7465,0.7432,7,0.2242,3,0.6394,0.4938,0.0,0,0,0
linq,35.0,0.0,eb154,0.154,1,9.6,1,0.28,20000,0.9675,339.5,0.811,0,0.0325,0.1647,2.283,0.4068,1.928,2.1558,0.6474,0.6436,7,0.1748,3,0.5751,0.437,0.0,0,0,0
linq,35.0,0.0,eb154,0.154,1,9.6,1,0.29,20000,0.9675,339.5,0.811,0,0.0325,0.2858,1.892,0.433,2.113,2.2392,0.5622,0.558,7,0.1609,2,0.5145,0.3859,0.0,0,0,0
linq,35.0,0.0,eb154,0.154,1,9.6,1,0.3,20000,0.9675,339.5,0.811,0,0.0325,0.402,1.565,0.4401,2.156,2.2714,0.4877,0.4832,7,0.125,2,0.46,0.3435,0.0,0,0,0
linq,35.0,0.0,eb154,0.154,1,9.6,1,0.31,20000,0.9675,339.5,0.811,0,0.0325,0.4997,1.297,0.4506,2.27,2.2964,0.4245,0.4196,7,0.0974,2,0.4108,0.3047,0.0,0,0,0
linq,35.0,0.0,eb154,0.154,1,9.6,1,0.32,20000,0.9675,339.5,0.811,0,0.0325,0.5831,1.074,0.4522,2.307,2.3125,0.3664,0.3608,7,0.0872,1,0.3676,0.271,0.0,0,0,0
linq,35.0,0.0,eb154,0.154,1,9.6,1,0.33,20000,0.9675,339.5,0.811,0,0.0325,0.6494,0.9,0.4558,2.379,2.3223,0.3191,0.3128,7,0.0753,1,0.3303,0.2413,0.0,0,0,0
linq,35.0,0.0,eb154,0.154,1,9.6,1,0.34,20000,0.9675,339.5,0.811,0,0.0325,0.7058,0.753,0.4504,2.301,2.3295,0.2751,0.2677,7,0.0626,1,0.2973,0.2154,0.0,0,0,0
linq,35.0,0.0,eb154,0.154,1,9.6,1,0.35,20000,0.9675,339.5,0.811,0,0.0325,0.7525,0.633,0.4453,2.267,2.3302,0.2387,0.2306,7,nan,0,0.2668,0.193,0.0,0,0,0
linq,35.0,0.0,eb154,0.154,1,9.6,1,0.36,20000,0.9675,339.5,0.811,0,0.0325,0.7889,0.536,0.4455,2.316,2.3505,0.2054,0.196,7,nan,0,0.2404,0.1727,0.0,0,0,0
linq,35.0,0.0,eb154,0.154,1,9.6,1,0.37,20000,0.9675,339.5,0.811,0,0.0325,0.8209,0.452,0.4442,2.332,2.3645,0.1763,0.1658,7,nan,0,0.2154,0.1535,0.0,0,0,0
linq,35.0,0.0,eb154,0.154,1,9.6,1,0.38,20000,0.9675,339.5,0.811,0,0.0325,0.8454,0.386,0.4397,2.22,2.3933,0.1514,0.1397,7,nan,0,0.1955,0.1371,0.0,0,0,0
linq,35.0,0.0,eb154,0.154,1,9.6,1,0.39,20000,0.9675,339.5,0.811,0,0.0325,0.8667,0.328,0.4351,2.089,2.43,0.1298,0.1193,7,nan,0,0.1764,0.1226,0.0,0,0,0
linq,35.0,0.0,eb154,0.154,1,9.6,1,0.4,20000,0.9675,339.5,0.811,0,0.0325,0.8843,0.281,0.4362,2.091,2.4613,0.1124,0.1022,7,nan,0,0.1591,0.1097,0.0,0,0,0
linq,35.0,0.0,eb154,0.154,1,9.6,1,0.41,20000,0.9675,339.5,0.811,0,0.0325,0.8998,0.239,0.4355,2.093,2.5013,0.1058,0.099,6,nan,0,0.1431,0.0983,0.0,0,0,0
linq,35.0,0.0,eb154,0.154,1,9.6,1,0.42,20000,0.9675,339.5,0.811,0,0.0325,0.912,0.204,0.4504,2.22,2.5733,0.0901,0.0836,6,nan,0,0.1285,0.0866,0.0,0,0,0
linq,35.0,0.0,eb154,0.154,1,9.6,1,0.43,20000,0.9675,339.5,0.811,0,0.0325,0.9222,0.176,0.4533,2.181,2.6263,0.0781,0.0722,6,nan,0,0.1168,0.0778,0.0,0,0,0
linq,35.0,0.0,eb154,0.154,1,9.6,1,0.44,20000,0.9675,339.5,0.811,0,0.0325,0.9317,0.15,0.4591,2.095,2.696,0.0729,0.0689,5,nan,0,0.1054,0.0685,0.0,0,0,0
linq,35.0,0.0,eb154,0.154,1,9.6,1,0.45,20000,0.9675,339.5,0.811,0,0.0325,0.9399,0.128,0.4641,2.085,2.7558,0.0627,0.059,5,nan,0,0.0952,0.0611,0.0,0,0,0
linq,35.0,0.0,eb154,0.154,1,9.6,1,0.46,20000,0.9675,339.5,0.811,0,0.0325,0.9474,0.11,0.4713,2.115,2.8062,0.0542,0.051,5,nan,0,0.0854,0.054,0.0,0,0,0
linq,35.0,0.0,eb154,0.154,1,9.6,1,0.47,20000,0.9675,339.5,0.811,0,0.0325,0.9539,0.093,0.4781,2.046,2.8735,0.0507,0.0485,4,nan,0,0.0763,0.0477,0.0,0,0,0
linq,35.0,0.0,eb154,0.154,1,9.6,1,0.48,20000,0.9675,339.5,0.811,0,0.0325,0.9593,0.079,0.4937,2.053,2.9527,0.0426,0.0402,4,nan,0,0.0687,0.0418,0.0,0,0,0
linq,35.0,0.0,eb154,0.154,1,9.6,1,0.49,20000,0.9675,339.5,0.811,0,0.0325,0.9638,0.068,0.5036,2.017,3.017,0.0375,0.0358,4,nan,0,0.062,0.0372,0.0,0,0,0
linq,35.0,0.0,eb154,0.154,1,9.6,1,0.5,20000,0.9675,339.5,0.811,0,0.0325,0.9681,0.057,0.5304,2.162,3.1008,0.035,0.0338,3,nan,0,0.0553,0.0321,0.0,0,0,0
linq,35.0,0.0,eb154,0.154,1,9.6,1,0.51,20000,0.9675,339.5,0.811,0,0.0325,0.9721,0.048,0.5399,2.094,3.1669,0.0291,0.0278,3,nan,0,0.0494,0.0277,0.0,0,0,0
linq,35.0,0.0,eb154,0.154,1,9.6,1,0.52,20000,0.9675,339.5,0.811,0,0.0325,0.9755,0.041,0.5711,2.297,3.2364,0.0259,0.0252,3,nan,0,0.044,0.0236,0.0,0,0,0
linq,35.0,0.0,eb154,0.154,1,12.8,1,0.17,20000,0.9675,339.5,0.811,0,0.0325,0.0,7.64,0.0,nan,3.819,2.8098,2.7978,4,0.8202,4,nan,nan,nan,0,0,0
linq,35.0,0.0,eb154,0.154,1,12.8,1,0.18,20000,0.9675,339.5,0.811,0,0.0325,0.0,6.863,0.0,nan,3.3028,2.2821,2.2668,5,0.5616,4,nan,nan,nan,0,1,0
linq,35.0,0.0,eb154,0.154,1,12.8,1,0.19,20000,0.9675,339.5,0.811,0,0.0325,0.0,6.084,0.0,nan,2.8414,1.839,1.8225,6,0.477,3,nan,nan,nan,0,1,0
linq,35.0,0.0,eb154,0.154,1,12.8,1,0.2,20000,0.9675,339.5,0.811,0,0.0325,0.0,5.309,0.0,0.0,2.4354,1.4797,1.4609,6,0.3196,3,nan,nan,nan,0,1,0
linq,35.0,0.0,eb154,0.154,1,12.8,1,0.21,20000,0.9675,339.5,0.811,0,0.0325,0.0,4.584,0.0,0.0,2.1627,1.1894,1.1711,7,0.2136,3,nan,0.8413,nan,0,1,0
linq,35.0,0.0,eb154,0.154,1,12.8,1,0.22,20000,0.9675,339.5,0.811,0,0.0325,0.0,3.903,0.0047,0.02,2.027,0.964,0.945,7,0.1772,2,0.902,0.7356,0.0,0,0,0
linq,35.0,0.0,eb154,0.154,1,12.8,1,0.23,20000,0.9675,339.5,0.811,0,0.0325,0.0,3.28,0.0941,0.273,2.0688,0.7786,0.7573,7,0.1153,2,0.7833,0.6341,0.0,0,0,0
linq,35.0,0.0,eb154,0.154,1,12.8,1,0.24,20000,0.9675,339.5,0.811,0,0.0325,0.0006,2.703,0.2829,0.915,2.239,0.6243,0.6022,7,0.0957,1,0.7008,0.5318,0.0,1,0,0
linq,35.0,0.0,eb154,0.154,1,12.8,1,0.25,20000,0.9675,339.5,0.811,0,0.0325,0.0338,2.221,0.4445,1.798,2.5901,0.5007,0.4771,7,0.0651,1,0.6289,0.4428,0.0,0,0,0
linq,35.0,0.0,eb154,0.154,1,12.8,1,0.26,20000,0.9675,339.5,0.811,0,0.0325,0.174,1.752,0.5165,2.369,2.7675,0.4005,0.3757,7,nan,0,0.5447,0.3693,0.0,0,0,0
linq,35.0,0.0,eb154,0.154,1,12.8,1,0.27,20000,0.9675,339.5,0.811,0,0.0325,0.3488,1.34,0.5414,2.626,2.8312,0.3186,0.2912,7,nan,0,0.464,0.3094,0.0,0,0,0
linq,35.0,0.0,eb154,0.154,1,12.8,1,0.28,20000,0.9675,339.5,0.811,0,0.0325,0.4998,1.016,0.5509,2.766,2.8572,0.2528,0.2234,7,nan,0,0.3935,0.2584,0.0,0,0,0
linq,35.0,0.0,eb154,0.154,1,12.8,1,0.29,20000,0.9675,339.5,0.811,0,0.0325,0.6179,0.772,0.5497,2.739,2.8681,0.2007,0.1732,7,nan,0,0.334,0.2159,0.0,0,0,0
linq,35.0,0.0,eb154,0.154,1,12.8,1,0.3,20000,0.9675,339.5,0.811,0,0.0325,0.7053,0.592,0.5496,2.818,2.88,0.1599,0.1355,7,nan,0,0.2845,0.1815,0.0,0,0,0
linq,35.0,0.0,eb154,0.154,1,12.8,1,0.31,20000,0.9675,339.5,0.811,0,0.0325,0.772,0.454,0.5453,2.743,2.8976,0.1409,0.1244,6,nan,0,0.2414,0.1511,0.0,0,0,0
linq,35.0,0.0,eb154,0.154,1,12.8,1,0.32,20000,0.9675,339.5,0.811,0,0.0325,0.8219,0.352,0.5361,2.558,2.9145,0.1112,0.0962,6,nan,0,0.2053,0.1262,0.0,0,0,0
linq,35.0,0.0,eb154,0.154,1,12.8,1,0.33,20000,0.9675,339.5,0.811,0,0.0325,0.8585,0.274,0.5372,2.557,2.9542,0.0989,0.0891,5,nan,0,0.1749,0.1055,0.0,0,0,0
linq,35.0,0.0,eb154,0.154,1,12.8,1,0.34,20000,0.9675,339.5,0.811,0,0.0325,0.887,0.213,0.5432,2.554,3.0051,0.0773,0.0686,5,nan,0,0.1479,0.0869,0.0,0,0,0
linq,35.0,0.0,eb154,0.154,1,12.8,1,0.35,20000,0.9675,339.5,0.811,0,0.0325,0.9094,0.166,0.5461,2.448,3.0587,0.0691,0.0637,4,nan,0,0.1248,0.0714,0.0,0,0,0
linq,35.0,0.0,eb154,0.154,1,12.8,1,0.36,20000,0.9675,339.5,0.811,0,0.0325,0.9256,0.131,0.5597,2.484,3.1313,0.0537,0.0487,4,nan,0,0.1066,0.0588,0.0,0,0,0
linq,35.0,0.0,eb154,0.154,1,12.8,1,0.37,20000,0.9675,339.5,0.811,0,0.0325,0.9396,0.102,0.5689,2.354,3.1992,0.0481,0.0451,3,nan,0,0.0902,0.0478,0.0,0,0,0
linq,35.0,0.0,eb154,0.154,1,12.8,1,0.38,20000,0.9675,339.5,0.811,0,0.0325,0.9516,0.078,0.5855,2.362,3.2684,0.0377,0.0356,3,nan,0,0.0747,0.0382,0.0,0,0,0
linq,35.0,0.0,eb154,0.154,1,12.8,1,0.39,20000,0.9675,339.5,0.811,0,0.0325,0.9602,0.061,0.6169,2.468,3.3549,0.0298,0.0284,3,nan,0,0.0628,0.0302,0.0,0,0,0
linq,35.0,0.0,eb154,0.154,1,12.8,1,0.4,20000,0.9675,339.5,0.811,0,0.0325,0.9677,0.047,0.6493,2.642,3.4315,0.0262,0.0253,2,nan,0,0.0522,0.0231,0.0,0,0,0
linq,35.0,0.0,eb154,0.154,1,12.8,1,0.41,20000,0.9675,339.5,0.811,0,0.0325,0.9737,0.036,0.6876,2.756,3.5134,0.0201,0.0196,2,nan,0,0.0433,0.0175,0.0,0,0,0
linq,35.0,0.0,eb154,0.154,1,12.8,1,0.42,20000,0.9675,339.5,0.811,0,0.0325,0.9794,0.027,0.7268,3.005,3.5841,0.0173,0.0172,2,nan,0,0.0351,0.0128,0.0,0,0,0
linq,35.0,0.0,eb154,0.154,1,12.8,1,0.43,20000,0.9675,339.5,0.811,0,0.0325,0.9835,0.02,0.7818,3.609,3.6689,0.0139,0.0139,1,nan,0,0.0286,0.0098,0.0,0,0,0
linq,35.0,0.0,eb154,0.154,1,12.8,1,0.44,20000,0.9675,339.5,0.811,0,0.0325,0.9875,0.015,0.8309,4.915,3.7196,0.0122,0.0122,1,nan,0,0.0223,0.0086,0.0,0,0,0
linq,35.0,0.0,eb154,0.154,1,12.8,1,0.45,20000,0.9675,339.5,0.811,0,0.0325,0.9904,0.011,0.8895,8.049,3.7781,0.0101,0.0101,1,nan,0,0.0179,0.0071,0.0,0,0,0
linq,35.0,0.0,eb154,0.154,1,12.8,1,0.46,20000,0.9675,339.5,0.811,0,0.0325,0.9932,0.007,0.966,28.444,3.8547,nan,nan,0,nan,0,0.0136,nan,0.0,0,0,0
linq,35.0,0.0,eb154,0.154,1,12.8,1,0.47,20000,0.9675,339.5,0.811,0,0.0325,0.9951,0.005,1.0,nan,3.8886,nan,nan,0,nan,0,0.0111,nan,0.0,0,0,0
linq,35.0,0.0,eb154,0.154,1,12.8,1,0.48,20000,0.9675,339.5,0.811,0,0.0325,0.9967,0.003,1.0,nan,3.8886,nan,nan,0,nan,0,0.0093,nan,0.0,0,0,0
linq,35.0,0.0,eb154,0.154,1,12.8,1,0.49,20000,0.9675,339.5,0.811,0,0.0325,0.9982,0.002,1.0,nan,3.8886,nan,nan,0,nan,0,0.0078,nan,0.0,0,0,0
linq,35.0,0.0,eb154,0.154,1,12.8,1,0.5,20000,0.9675,339.5,0.811,0,0.0325,0.9991,0.001,1.0,nan,3.8886,nan,nan,0,nan,0,0.0071,nan,0.0,0,0,0
linq,35.0,0.0,eb154,0.154,1,12.8,1,0.51,20000,0.9675,339.5,0.811,0,0.0325,0.9998,0.0,1.0,nan,3.8886,nan,nan,0,nan,0,nan,nan,nan,0,0,0
linq,35.0,0.0,eb154,0.154,1,12.8,1,0.52,20000,0.9675,339.5,0.811,0,nan,nan,nan,nan,nan,nan,nan,nan,0,nan,0,nan,nan,nan,0,0,0
linq,35.0,1.0,eb0482,0.0482,1,2.4,0,0.17,20000,0.9509,433.6,1.036,0,0.0491,0.0,17.867,0.0,nan,12.9779,nan,nan,0,11.0781,5,nan,nan,nan,0,0,0
linq,35.0,1.0,eb0482,0.0482,1,2.4,0,0.18,20000,0.9509,433.6,1.036,0,0.0491,0.0,17.681,0.0,nan,12.7924,nan,nan,0,10.5218,6,nan,nan,nan,0,0,0
linq,35.0,1.0,eb0482,0.0482,1,2.4,0,0.19,20000,0.9509,433.6,1.036,0,0.0491,0.0,17.5,0.0,nan,12.6109,nan,nan,0,10.0504,6,nan,nan,nan,0,0,0
linq,35.0,1.0,eb0482,0.0482,1,2.4,0,0.2,20000,0.9509,433.6,1.036,0,0.0491,0.0,17.314,0.0,nan,12.425,nan,nan,0,9.6108,6,nan,nan,nan,0,0,0
linq,35.0,1.0,eb0482,0.0482,1,2.4,0,0.21,20000,0.9509,433.6,1.036,0,0.0491,0.0,17.13,0.0,nan,12.2409,nan,nan,0,9.1136,7,nan,nan,nan,0,0,0
linq,35.0,1.0,eb0482,0.0482,1,2.4,0,0.22,20000,0.9509,433.6,1.036,0,0.0491,0.0,16.943,0.0,nan,12.0546,nan,nan,0,8.7493,7,nan,nan,nan,0,0,0
linq,35.0,1.0,eb0482,0.0482,1,2.4,0,0.23,20000,0.9509,433.6,1.036,0,0.0491,0.0,16.763,0.0,nan,11.8747,nan,nan,0,8.2727,8,nan,nan,nan,0,0,0
linq,35.0,1.0,eb0482,0.0482,1,2.4,0,0.24,20000,0.9509,433.6,1.036,0,0.0491,0.0,16.58,0.0,nan,11.6912,nan,nan,0,7.9686,8,nan,nan,nan,0,0,0
linq,35.0,1.0,eb0482,0.0482,1,2.4,0,0.25,20000,0.9509,433.6,1.036,0,0.0491,0.0,16.395,0.0,nan,11.5065,nan,nan,0,7.6869,8,nan,nan,nan,0,0,0
linq,35.0,1.0,eb0482,0.0482,1,2.4,0,0.26,20000,0.9509,433.6,1.036,0,0.0491,0.0,16.214,0.0,nan,11.3253,nan,nan,0,7.427,8,nan,nan,nan,0,0,0
linq,35.0,1.0,eb0482,0.0482,1,2.4,0,0.27,20000,0.9509,433.6,1.036,0,0.0491,0.0,16.033,0.0,nan,11.1444,5.1788,5.1788,1,7.1844,8,nan,nan,nan,0,0,0
linq,35.0,1.0,eb0482,0.0482,1,2.4,0,0.28,20000,0.9509,433.6,1.036,0,0.0491,0.0,15.849,0.0,nan,10.96,4.982,4.982,1,6.9518,8,nan,nan,nan,0,0,0
linq,35.0,1.0,eb0482,0.0482,1,2.4,0,0.29,20000,0.9509,433.6,1.036,0,0.0491,0.0,15.667,0.0,nan,10.7782,4.5608,4.5512,2,6.7366,8,nan,nan,nan,0,0,0
linq,35.0,1.0,eb0482,0.0482,1,2.4,0,0.3,20000,0.9509,433.6,1.036,0,0.0491,0.0,15.485,0.0,nan,10.5959,4.4219,4.4116,2,6.5356,8,nan,nan,nan,0,0,0
linq,35.0,1.0,eb0482,0.0482,1,2.4,0,0.31,20000,0.9509,433.6,1.036,0,0.0491,0.0,15.302,0.0,nan,10.4134,4.0538,4.0318,3,6.3466,8,nan,nan,nan,0,0,0
linq,35.0,1.0,eb0482,0.0482,1,2.4,0,0.32,20000,0.9509,433.6,1.036,0,0.0491,0.0,15.118,0.0,nan,10.2297,3.9411,3.9189,3,6.1669,8,nan,nan,nan,0,0,0
linq,35.0,1.0,eb0482,0.0482,1,2.4,0,0.33,20000,0.9509,433.6,1.036,0,0.0491,0.0,14.937,0.0,nan,10.0485,3.8356,3.8138,3,6.001,8,nan,nan,nan,0,0,0
linq,35.0,1.0,eb0482,0.0482,1,2.4,0,0.34,20000,0.9509,433.6,1.036,0,0.0491,0.0,14.753,0.0,nan,9.8646,3.5121,3.4734,4,5.8415,8,nan,nan,nan,0,0,0
linq,35.0,1.0,eb0482,0.0482,1,2.4,0,0.35,20000,0.9509,433.6,1.036,0,0.0491,0.0,14.575,0.0,0.0,9.6861,3.4267,3.3887,4,5.6953,8,nan,nan,nan,0,0,0
linq,35.0,1.0,eb0482,0.0482,1,2.4,0,0.36,20000,0.9509,433.6,1.036,0,0.0491,0.0,14.391,0.0,0.0,9.5027,3.1268,3.0645,5,5.553,8,nan,nan,nan,0,0,0
linq,35.0,1.0,eb0482,0.0482,1,2.4,0,0.37,20000,0.9509,433.6,1.036,0,0.0491,0.0,14.212,0.0,0.333,9.3237,3.0508,2.9896,5,5.4209,8,nan,nan,nan,0,0,0
linq,35.0,1.0,eb0482,0.0482,1,2.4,0,0.38,20000,0.9509,433.6,1.036,0,0.0491,0.0,14.029,0.0001,0.75,9.1405,2.7784,2.6848,6,5.29,8,nan,nan,nan,0,0,0
linq,35.0,1.0,eb0482,0.0482,1,2.4,0,0.39,20000,0.9509,433.6,1.036,0,0.0491,0.0,13.844,0.0001,0.364,8.9559,2.7108,2.6189,6,5.1672,8,nan,nan,nan,0,0,0
linq,35.0,1.0,eb0482,0.0482,1,2.4,0,0.4,20000,0.9509,433.6,1.036,0,0.0491,0.0,13.664,0.0001,0.19,8.7755,2.4462,2.3024,7,5.0506,8,nan,0.8568,nan,0,0,0
linq,35.0,1.0,eb0482,0.0482,1,2.4,0,0.41,20000,0.9509,433.6,1.036,0,0.0491,0.0,13.484,0.0002,0.188,8.5957,2.3942,2.2542,7,4.942,8,nan,0.8386,nan,0,0,0
linq,35.0,1.0,eb0482,0.0482,1,2.4,0,0.42,20000,0.9509,433.6,1.036,0,0.0491,0.0001,13.304,0.0003,0.175,8.4162,2.3424,2.205,7,4.8383,8,nan,0.817,nan,0,0,0
linq,35.0,1.0,eb0482,0.0482,1,2.4,0,0.43,20000,0.9509,433.6,1.036,0,0.0491,0.0001,13.123,0.0005,0.191,8.2356,2.2935,2.1594,7,4.7392,8,nan,0.8005,nan,0,0,0
linq,35.0,1.0,eb0482,0.0482,1,2.4,0,0.44,20000,0.9509,433.6,1.036,0,0.0491,0.0001,12.943,0.0008,0.2,8.0555,2.248,2.117,7,4.6412,8,0.8234,0.787,0.0,0,0,0
linq,35.0,1.0,eb0482,0.0482,1,2.4,0,0.45,20000,0.9509,433.6,1.036,0,0.0491,0.0002,12.763,0.0014,0.259,7.8766,2.2026,2.0747,7,4.5507,8,0.804,0.7722,0.0,0,0,0
linq,35.0,1.0,eb0482,0.0482,1,2.4,0,0.46,20000,0.9509,433.6,1.036,0,0.0491,0.0003,12.583,0.0022,0.295,7.6975,2.1593,2.0345,7,4.4624,8,0.7877,0.7596,0.0,0,0,0
linq,35.0,1.0,eb0482,0.0482,1,2.4,0,0.47,20000,0.9509,433.6,1.036,0,0.0491,0.0004,12.404,0.0033,0.341,7.5205,2.1183,1.9959,7,4.3757,8,0.7748,0.7455,0.0,0,0,0
linq,35.0,1.0,eb0482,0.0482,1,2.4,0,0.48,20000,0.9509,433.6,1.036,0,0.0491,0.0007,12.225,0.005,0.442,7.3449,2.0784,1.9586,7,4.2939,8,0.7607,0.7331,0.0,0,0,0
linq,35.0,1.0,eb0482,0.0482,1,2.4,0,0.49,20000,0.9509,433.6,1.036,0,0.0491,0.0009,12.05,0.0069,0.494,7.1725,2.0406,1.923,7,4.2158,8,0.7502,0.7196,0.0,0,0,0
linq,35.0,1.0,eb0482,0.0482,1,2.4,0,0.5,20000,0.9509,433.6,1.036,0,0.0491,0.0016,11.876,0.0089,0.535,7.0062,2.0039,1.8886,7,4.1415,8,0.7382,0.7065,0.0,0,0,0
linq,35.0,1.0,eb0482,0.0482,1,2.4,0,0.51,20000,0.9509,433.6,1.036,0,0.0491,0.0024,11.703,0.0117,0.587,6.8425,1.9678,1.8544,7,4.0704,8,0.7261,0.6931,0.0,0,0,0
linq,35.0,1.0,eb0482,0.0482,1,2.4,0,0.52,20000,0.9509,433.6,1.036,0,0.0491,0.0035,11.532,0.0141,0.585,6.6846,1.9335,1.8222,7,4.0021,8,0.7152,0.6814,0.0,0,0,0
linq,35.0,1.0,eb0482,0.0482,1,3.2,0,0.17,20000,0.9509,433.6,1.036,0,0.0491,0.0,16.265,0.0,nan,11.3764,nan,nan,0,8.1197,7,nan,nan,nan,0,0,0
linq,35.0,1.0,eb0482,0.0482,1,3.2,0,0.18,20000,0.9509,433.6,1.036,0,0.0491,0.0,15.988,0.0,nan,11.0995,nan,nan,0,7.5871,8,nan,nan,nan,0,0,0
linq,35.0,1.0,eb0482,0.0482,1,3.2,0,0.19,20000,0.9509,433.6,1.036,0,0.0491,0.0,15.715,0.0,nan,10.8265,nan,nan,0,7.1316,8,nan,nan,nan,0,0,0
linq,35.0,1.0,eb0482,0.0482,1,3.2,0,0.2,20000,0.9509,433.6,1.036,0,0.0491,0.0,15.439,0.0,nan,10.5502,nan,nan,0,6.7186,8,nan,nan,nan,0,0,0
linq,35.0,1.0,eb0482,0.0482,1,3.2,0,0.21,20000,0.9509,433.6,1.036,0,0.0491,0.0,15.167,0.0,nan,10.2788,nan,nan,0,6.3505,8,nan,nan,nan,0,0,0
linq,35.0,1.0,eb0482,0.0482,1,3.2,0,0.22,20000,0.9509,433.6,1.036,0,0.0491,0.0,14.893,0.0,nan,10.0047,5.1156,5.1156,1,6.0111,8,nan,nan,nan,0,0,0
linq,35.0,1.0,eb0482,0.0482,1,3.2,0,0.23,20000,0.9509,433.6,1.036,0,0.0491,0.0,14.619,0.0,nan,9.7302,4.8773,4.8773,1,5.7029,8,nan,nan,nan,0,0,0
linq,35.0,1.0,eb0482,0.0482,1,3.2,0,0.24,20000,0.9509,433.6,1.036,0,0.0491,0.0,14.345,0.0,nan,9.4565,4.4092,4.4018,2,5.4224,8,nan,nan,nan,0,0,0
linq,35.0,1.0,eb0482,0.0482,1,3.2,0,0.25,20000,0.9509,433.6,1.036,0,0.0491,0.0,14.071,0.0,nan,9.1826,3.9966,3.9809,3,5.1675,8,nan,nan,nan,0,0,0
linq,35.0,1.0,eb0482,0.0482,1,3.2,0,0.26,20000,0.9509,433.6,1.036,0,0.0491,0.0,13.796,0.0,nan,8.9078,3.8205,3.805,3,4.9308,8,nan,nan,nan,0,0,0
linq,35.0,1.0,eb0482,0.0482,1,3.2,0,0.27,20000,0.9509,433.6,1.036,0,0.0491,0.0,13.524,0.0,nan,8.6357,3.4673,3.4401,4,4.7173,8,nan,nan,nan,0,0,0
linq,35.0,1.0,eb0482,0.0482,1,3.2,0,0.28,20000,0.9509,433.6,1.036,0,0.0491,0.0,13.249,0.0,nan,8.3601,3.3249,3.2982,4,4.5154,8,nan,nan,nan,0,0,0
linq,35.0,1.0,eb0482,0.0482,1,3.2,0,0.29,20000,0.9509,433.6,1.036,0,0.0491,0.0,12.976,0.0,0.0,8.0879,3.0093,2.9647,5,4.3321,8,nan,nan,nan,0,0,0
linq,35.0,1.0,eb0482,0.0482,1,3.2,0,0.3,20000,0.9509,433.6,1.036,0,0.0491,0.0,12.704,0.0,0.0,7.8151,2.8898,2.8466,5,4.1631,8,nan,nan,nan,0,0,0
linq,35.0,1.0,eb0482,0.0482,1,3.2,0,0.31,20000,0.9509,433.6,1.036,0,0.0491,0.0,12.433,0.0,0.0,7.544,2.6065,2.5378,6,4.0053,8,nan,nan,nan,0,0,0
linq,35.0,1.0,eb0482,0.0482,1,3.2,0,0.32,20000,0.9509,433.6,1.036,0,0.0491,0.0,12.155,0.0001,0.2,7.2659,2.51,2.4443,6,3.8518,8,nan,nan,nan,0,0,0
linq,35.0,1.0,eb0482,0.0482,1,3.2,0,0.33,20000,0.9509,433.6,1.036,0,0.0491,0.0,11.884,0.0001,0.118,6.9954,2.2465,2.1409,7,3.716,8,nan,0.8433,nan,0,0,0
linq,35.0,1.0,eb0482,0.0482,1,3.2,0,0.34,20000,0.9509,433.6,1.036,0,0.0491,0.0,11.615,0.0003,0.129,6.7259,2.1676,2.0652,7,3.5898,8,nan,0.8102,nan,0,0,0
linq,35.0,1.0,eb0482,0.0482,1,3.2,0,0.35,20000,0.9509,433.6,1.036,0,0.0491,0.0001,11.341,0.0006,0.12,6.4537,2.0944,1.9962,7,3.4692,8,0.8345,0.7848,0.0,0,0,0
linq,35.0,1.0,eb0482,0.0482,1,3.2,0,0.36,20000,0.9509,433.6,1.036,0,0.0491,0.0001,11.073,0.0013,0.157,6.1851,2.0252,1.9311,7,3.358,8,0.8084,0.7637,0.0,0,0,0
linq,35.0,1.0,eb0482,0.0482,1,3.2,0,0.37,20000,0.9509,433.6,1.036,0,0.0491,0.0002,10.803,0.0031,0.238,5.9157,1.9605,1.8697,7,3.2489,8,0.7831,0.7411,0.0,0,0,0
linq,35.0,1.0,eb0482,0.0482,1,3.2,0,0.38,20000,0.9509,433.6,1.036,0,0.0491,0.0003,10.537,0.0058,0.319,5.6524,1.899,1.8114,7,3.1482,8,0.7618,0.7188,0.0,0,0,0
linq,35.0,1.0,eb0482,0.0482,1,3.2,0,0.39,20000,0.9509,433.6,1.036,0,0.0491,0.0007,10.275,0.0095,0.377,5.3935,1.841,1.7563,7,3.0528,8,0.7432,0.6971,0.0,0,0,0
linq,35.0,1.0,eb0482,0.0482,1,3.2,0,0.4,20000,0.9509,433.6,1.036,0,0.0491,0.0015,10.016,0.0148,0.453,5.143,1.7864,1.7043,7,2.9633,8,0.7243,0.6768,0.0,0,0,0
linq,35.0,1.0,eb0482,0.0482,1,3.2,0,0.41,20000,0.9509,433.6,1.036,0,0.0491,0.0031,9.759,0.0208,0.494,4.9005,1.7338,1.6541,7,2.879,8,0.7054,0.6572,0.0,0,0,0
linq,35.0,1.0,eb0482,0.0482,1,3.2,0,0.42,20000,0.9509,433.6,1.036,0,0.0491,0.0056,9.507,0.0286,0.587,4.6723,1.6845,1.6072,7,2.8007,8,0.6856,0.6396,0.0,0,0,0
linq,35.0,1.0,eb0482,0.0482,1,3.2,0,0.43,20000,0.9509,433.6,1.036,0,0.0491,0.0093,9.259,0.0376,0.688,4.4574,1.6377,1.5626,7,2.7241,8,0.6672,0.6223,0.0,0,0,0
linq,35.0,1.0,eb0482,0.0482,1,3.2,0,0.44,20000,0.9509,433.6,1.036,0,0.0491,0.0142,9.016,0.0476,0.79,4.2572,1.5928,1.5198,7,2.6533,8,0.6495,0.6049,0.0,0,0,0
linq,35.0,1.0,eb0482,0.0482,1,3.2,0,0.45,20000,0.9509,433.6,1.036,0,0.0491,0.0202,8.779,0.0574,0.865,4.0709,1.5504,1.4793,7,2.585,8,0.6339,0.5888,0.0,0,0,0
linq,35.0,1.0,eb0482,0.0482,1,3.2,0,0.46,20000,0.9509,433.6,1.036,0,0.0491,0.0282,8.547,0.0667,0.941,3.9062,1.5098,1.4406,7,2.5192,8,0.6189,0.5735,0.0,0,0,0
linq,35.0,1.0,eb0482,0.0482,1,3.2,0,0.47,20000,0.9509,433.6,1.036,0,0.0491,0.0386,8.319,0.0745,0.997,3.7642,1.4713,1.4039,7,2.4556,8,0.6037,0.5593,0.0,0,0,0
linq,35.0,1.0,eb0482,0.0482,1,3.2,0,0.48,20000,0.9509,433.6,1.036,0,0.0491,0.0496,8.099,0.0835,1.081,3.6331,1.4345,1.3689,7,2.398,8,0.5891,0.5454,0.0,0,0,0
linq,35.0,1.0,eb0482,0.0482,1,3.2,0,0.49,20000,0.9509,433.6,1.036,0,0.0491,0.0639,7.884,0.0903,1.132,3.533,1.4,1.3357,7,2.3426,8,0.5742,0.5317,0.0,0,0,0
linq,35.0,1.0,eb0482,0.0482,1,3.2,0,0.5,20000,0.9509,433.6,1.036,0,0.0491,0.0776,7.672,0.0982,1.203,3.4292,1.3659,1.3032,7,2.2864,8,0.5607,0.5185,0.0,0,0,0
linq,35.0,1.0,eb0482,0.0482,1,3.2,0,0.51,20000,0.9509,433.6,1.036,0,0.0491,0.0928,7.472,0.1029,1.225,3.3473,1.3342,1.273,7,2.2336,8,0.5479,0.507,0.0,0,0,0
linq,35.0,1.0,eb0482,0.0482,1,3.2,0,0.52,20000,0.9509,433.6,1.036,0,0.0491,0.1081,7.276,0.109,1.271,3.2689,1.3033,1.2436,7,2.1831,8,0.5356,0.4953,0.0,0,0,0
linq,35.0,1.0,eb0482,0.0482,1,4.8,0,0.17,20000,0.9509,433.6,1.036,0,0.0491,0.0,13.746,0.0,nan,8.8569,nan,nan,0,4.759,8,nan,nan,nan,0,0,0
linq,35.0,1.0,eb0482,0.0482,1,4.8,0,0.18,20000,0.9509,433.6,1.036,0,0.0491,0.0,13.324,0.0,nan,8.4359,4.9781,4.9781,1,4.3076,8,nan,nan,nan,0,0,0
linq,35.0,1.0,eb0482,0.0482,1,4.8,0,0.19,20000,0.9509,433.6,1.036,0,0.0491,0.0,12.904,0.0,nan,8.0158,4.4373,4.4343,2,3.9165,8,nan,nan,nan,0,0,0
linq,35.0,1.0,eb0482,0.0482,1,4.8,0,0.2,20000,0.9509,433.6,1.036,0,0.0491,0.0,12.485,0.0,nan,7.5959,4.0672,4.0642,2,3.5762,8,nan,nan,nan,0,0,0
linq,35.0,1.0,eb0482,0.0482,1,4.8,0,0.21,20000,0.9509,433.6,1.036,0,0.0491,0.0,12.069,0.0,nan,7.18,3.6313,3.625,3,3.2835,8,nan,nan,nan,0,0,0
linq,35.0,1.0,eb0482,0.0482,1,4.8,0,0.22,20000,0.9509,433.6,1.036,0,0.0491,0.0,11.644,0.0,nan,6.7549,3.2297,3.2182,4,3.0215,8,nan,nan,nan,0,0,0
linq,35.0,1.0,eb0482,0.0482,1,4.8,0,0.23,20000,0.9509,433.6,1.036,0,0.0491,0.0,11.225,0.0,nan,6.3369,2.8635,2.8422,5,2.792,8,nan,nan,nan,0,0,0
linq,35.0,1.0,eb0482,0.0482,1,4.8,0,0.24,20000,0.9509,433.6,1.036,0,0.0491,0.0,10.806,0.0,nan,5.9184,2.6625,2.6432,5,2.5905,8,nan,nan,nan,0,0,0
linq,35.0,1.0,eb0482,0.0482,1,4.8,0,0.25,20000,0.9509,433.6,1.036,0,0.0491,0.0,10.387,0.0,0.0,5.5009,2.3529,2.3191,6,2.4124,8,nan,nan,nan,0,0,0
linq,35.0,1.0,eb0482,0.0482,1,4.8,0,0.26,20000,0.9509,433.6,1.036,0,0.0491,0.0,9.972,0.0,0.0,5.0865,2.1981,2.1676,6,2.254,8,nan,nan,nan,0,0,0
linq,35.0,1.0,eb0482,0.0482,1,4.8,0,0.27,20000,0.9509,433.6,1.036,0,0.0491,0.0,9.547,0.0001,0.05,4.6633,1.9293,1.874,7,2.1047,8,nan,0.8193,nan,0,0,0
linq,35.0,1.0,eb0482,0.0482,1,4.8,0,0.28,20000,0.9509,433.6,1.036,0,0.0491,0.0,9.135,0.0004,0.05,4.2522,1.8103,1.7597,7,1.9748,8,nan,0.7754,nan,0,0,0
linq,35.0,1.0,eb0482,0.0482,1,4.8,0,0.29,20000,0.9509,433.6,1.036,0,0.0491,0.0,8.726,0.0016,0.084,3.8441,1.702,1.6556,7,1.8586,8,0.8119,0.7365,0.0,0,0,0
linq,35.0,1.0,eb0482,0.0482,1,4.8,0,0.3,20000,0.9509,433.6,1.036,0,0.0491,0.0001,8.323,0.0064,0.172,3.4422,1.6023,1.559,7,1.7519,8,0.7633,0.6942,0.0,0,0,0
linq,35.0,1.0,eb0482,0.0482,1,4.8,0,0.31,20000,0.9509,433.6,1.036,0,0.0491,0.0003,7.93,0.016,0.271,3.0516,1.5115,1.4709,7,1.6557,8,0.7297,0.6573,0.0,0,0,0
linq,35.0,1.0,eb0482,0.0482,1,4.8,0,0.32,20000,0.9509,433.6,1.036,0,0.0491,0.0013,7.547,0.0325,0.409,2.6776,1.4283,1.3904,7,1.5654,8,0.6955,0.6237,0.0,0,0,0
linq,35.0,1.0,eb0482,0.0482,1,4.8,0,0.33,20000,0.9509,433.6,1.036,0,0.0491,0.0048,7.171,0.0557,0.583,2.3279,1.3521,1.3162,7,1.4812,8,0.6618,0.5907,0.0,0,0,0
linq,35.0,1.0,eb0482,0.0482,1,4.8,0,0.34,20000,0.9509,433.6,1.036,0,0.0491,0.0121,6.809,0.0814,0.76,2.0167,1.2812,1.2473,7,1.4042,8,0.6317,0.5604,0.0,0,1,0
linq,35.0,1.0,eb0482,0.0482,1,4.8,0,0.35,20000,0.9509,433.6,1.036,0,0.0491,0.0248,6.461,0.1069,0.929,1.7522,1.216,1.184,7,1.3338,8,0.603,0.5324,0.0,0,1,0
linq,35.0,1.0,eb0482,0.0482,1,4.8,0,0.36,20000,0.9509,433.6,1.036,0,0.0491,0.045,6.126,0.1308,1.106,1.5425,1.1564,1.1257,7,1.2715,8,0.5747,0.506,0.0,0,1,0
linq,35.0,1.0,eb0482,0.0482,1,4.8,0,0.37,20000,0.9509,433.6,1.036,0,0.0491,0.0715,5.808,0.148,1.216,1.3843,1.1019,1.0726,7,1.2118,8,0.5486,0.4822,0.0,0,1,0
linq,35.0,1.0,eb0482,0.0482,1,4.8,0,0.38,20000,0.9509,433.6,1.036,0,0.0491,0.1016,5.502,0.1649,1.341,1.2549,1.0512,1.023,7,1.1553,8,0.5236,0.459,0.0,0,1,0
linq,35.0,1.0,eb0482,0.0482,1,4.8,0,0.39,20000,0.9509,433.6,1.036,0,0.0491,0.1359,5.215,0.1746,1.374,1.1686,1.004,0.977,7,1.1044,8,0.5005,0.4381,0.0,0,1,0
linq,35.0,1.0,eb0482,0.0482,1,4.8,0,0.4,20000,0.9509,433.6,1.036,0,0.0491,0.1719,4.944,0.1823,1.41,1.1048,0.9596,0.9338,7,1.0576,8,0.4786,0.4191,0.0,0,1,0
linq,35.0,1.0,eb0482,0.0482,1,4.8,0,0.41,20000,0.9509,433.6,1.036,0,0.0491,0.2075,4.687,0.1906,1.483,1.0505,0.9184,0.8936,7,1.0111,8,0.458,0.401,0.0,1,1,1
linq,35.0,1.0,eb0482,0.0482,1,4.8,0,0.42,20000,0.9509,433.6,1.036,0,0.0491,0.2436,4.45,0.1967,1.55,1.0203,0.8807,0.8567,7,0.9706,8,0.4384,0.384,0.0,1,1,1
linq,35.0,1.0,eb0482,0.0482,1,4.8,0,0.43,20000,0.9509,433.6,1.036,0,0.0491,0.2779,4.228,0.2022,1.614,0.994,0.8449,0.8218,7,0.9294,8,0.4204,0.3679,0.0,1,0,0
linq,35.0,1.0,eb0482,0.0482,1,4.8,0,0.44,20000,0.9509,433.6,1.036,0,0.0491,0.3112,4.018,0.2045,1.595,0.974,0.8107,0.7886,7,0.8894,8,0.404,0.3527,0.0,1,0,0
linq,35.0,1.0,eb0482,0.0482,1,4.8,0,0.45,20000,0.9509,433.6,1.036,0,0.0491,0.3435,3.826,0.2065,1.606,0.9692,0.7799,0.7584,7,0.8571,8,0.3881,0.3388,0.0,1,0,0
linq,35.0,1.0,eb0482,0.0482,1,4.8,0,0.46,20000,0.9509,433.6,1.036,0,0.0491,0.3751,3.645,0.2066,1.603,0.9739,0.7507,0.7299,7,0.8249,8,0.373,0.326,0.0,1,0,0
linq,35.0,1.0,eb0482,0.0482,1,4.8,0,0.47,20000,0.9509,433.6,1.036,0,0.0491,0.4044,3.475,0.2075,1.616,0.9778,0.7228,0.7028,7,0.7943,8,0.3587,0.3136,0.0,1,0,0
linq,35.0,1.0,eb0482,0.0482,1,4.8,0,0.48,20000,0.9509,433.6,1.036,0,0.0491,0.4316,3.319,0.2084,1.619,0.9848,0.6968,0.6775,7,0.7668,8,0.3452,0.3023,0.0,1,0,0
linq,35.0,1.0,eb0482,0.0482,1,4.8,0,0.49,20000,0.9509,433.6,1.036,0,0.0491,0.4573,3.169,0.2099,1.644,0.9852,0.6711,0.6526,7,0.7388,8,0.3325,0.2911,0.0,1,0,0
linq,35.0,1.0,eb0482,0.0482,1,4.8,0,0.5,20000,0.9509,433.6,1.036,0,0.0491,0.4812,3.029,0.2107,1.684,0.9864,0.6479,0.63,7,0.7099,8,0.3209,0.281,0.0,1,0,0
linq,35.0,1.0,eb0482,0.0482,1,4.8,0,0.51,20000,0.9509,433.6,1.036,0,0.0491,0.5036,2.902,0.2106,1.706,0.996,0.6263,0.609,7,0.6852,8,0.3099,0.2716,0.0,1,0,0
linq,35.0,1.0,eb0482,0.0482,1,4.8,0,0.52,20000,0.9509,433.6,1.036,0,0.0491,0.5253,2.78,0.2114,1.736,1.0058,0.6048,0.5881,7,0.6621,8,0.2993,0.2619,0.0,1,0,0
linq,35.0,1.0,eb0482,0.0482,1,6.4,0,0.17,20000,0.9509,433.6,1.036,0,0.0491,0.0,11.946,0.0,nan,7.0708,4.4111,4.4106,2,2.8855,8,nan,nan,nan,0,0,0
linq,35.0,1.0,eb0482,0.0482,1,6.4,0,0.18,20000,0.9509,433.6,1.036,0,0.0491,0.0,11.418,0.0,nan,6.5474,3.8844,3.8836,2,2.5194,8,nan,nan,nan,0,0,0
linq,35.0,1.0,eb0482,0.0482,1,6.4,0,0.19,20000,0.9509,433.6,1.036,0,0.0491,0.0,10.893,0.0,nan,6.026,3.399,3.3976,3,2.2178,8,nan,nan,nan,0,0,0
linq,35.0,1.0,eb0482,0.0482,1,6.4,0,0.2,20000,0.9509,433.6,1.036,0,0.0491,0.0,10.37,0.0,nan,5.5076,2.97,2.9669,4,1.9674,8,nan,nan,nan,0,0,0
linq,35.0,1.0,eb0482,0.0482,1,6.4,0,0.21,20000,0.9509,433.6,1.036,0,0.0491,0.0,9.844,0.0,nan,4.9883,2.5861,2.5794,5,1.7518,8,nan,nan,nan,0,0,0
linq,35.0,1.0,eb0482,0.0482,1,6.4,0,0.22,20000,0.9509,433.6,1.036,0,0.0491,0.0,9.32,0.0,nan,4.4701,2.2391,2.2253,6,1.5713,8,nan,nan,nan,0,0,0
linq,35.0,1.0,eb0482,0.0482,1,6.4,0,0.23,20000,0.9509,433.6,1.036,0,0.0491,0.0,8.796,0.0,0.0,3.9557,2.0198,2.0077,6,1.4172,8,nan,nan,nan,0,0,0
linq,35.0,1.0,eb0482,0.0482,1,6.4,0,0.24,20000,0.9509,433.6,1.036,0,0.0491,0.0,8.274,0.0,0.0,3.4467,1.7394,1.7134,7,1.2804,8,nan,0.8374,nan,0,0,0
linq,35.0,1.0,eb0482,0.0482,1,6.4,0,0.25,20000,0.9509,433.6,1.036,0,0.0491,0.0,7.755,0.0002,0.017,2.9476,1.5819,1.5594,7,1.163,8,nan,0.7679,nan,0,0,0
linq,35.0,1.0,eb0482,0.0482,1,6.4,0,0.26,20000,0.9509,433.6,1.036,0,0.0491,0.0,7.251,0.0018,0.049,2.4741,1.4436,1.4241,7,1.0603,8,0.8073,0.7083,0.0,0,0,0
linq,35.0,1.0,eb0482,0.0482,1,6.4,0,0.27,20000,0.9509,433.6,1.036,0,0.0491,0.0001,6.759,0.0109,0.14,2.018,1.3208,1.3037,7,0.9716,8,0.7466,0.6543,0.0,0,1,0
linq,35.0,1.0,eb0482,0.0482,1,6.4,0,0.28,20000,0.9509,433.6,1.036,0,0.0491,0.0003,6.286,0.0355,0.305,1.6013,1.2134,1.1979,7,0.8903,8,0.6957,0.6046,0.0,0,1,0
linq,35.0,1.0,eb0482,0.0482,1,6.4,0,0.29,20000,0.9509,433.6,1.036,0,0.0491,0.0026,5.829,0.0775,0.55,1.2285,1.1161,1.102,7,0.8187,8,0.6504,0.5578,0.0,0,1,0
linq,35.0,1.0,eb0482,0.0482,1,6.4,0,0.3,20000,0.9509,433.6,1.036,0,0.0491,0.012,5.4,0.1263,0.83,0.9394,1.0314,1.0182,7,0.7551,8,0.6085,0.5155,0.0,0,1,0
linq,35.0,1.0,eb0482,0.0482,1,6.4,0,0.31,20000,0.9509,433.6,1.036,0,0.0491,0.034,4.99,0.171,1.102,0.7288,0.9542,0.942,7,0.6999,8,0.5689,0.4772,0.0,0,1,0
linq,35.0,1.0,eb0482,0.0482,1,6.4,0,0.32,20000,0.9509,433.6,1.036,0,0.0491,0.0726,4.6,0.204,1.288,0.6078,0.8855,0.8741,7,0.6491,8,0.5307,0.442,0.0,1,1,1
linq,35.0,1.0,eb0482,0.0482,1,6.4,0,0.33,20000,0.9509,433.6,1.036,0,0.0491,0.1214,4.236,0.2275,1.439,0.5281,0.8241,0.8133,7,0.6026,8,0.495,0.4112,0.0,1,0,0
linq,35.0,1.0,eb0482,0.0482,1,6.4,0,0.34,20000,0.9509,433.6,1.036,0,0.0491,0.1775,3.897,0.2446,1.581,0.4893,0.7679,0.7578,7,0.5618,8,0.4611,0.3829,0.0,1,0,0
linq,35.0,1.0,eb0482,0.0482,1,6.4,0,0.35,20000,0.9509,433.6,1.036,0,0.0491,0.2347,3.585,0.2549,1.649,0.4641,0.7167,0.7072,7,0.5227,8,0.4309,0.3569,0.0,1,0,0
linq,35.0,1.0,eb0482,0.0482,1,6.4,0,0.36,20000,0.9509,433.6,1.036,0,0.0491,0.2897,3.308,0.2619,1.698,0.45,0.6716,0.6626,7,0.4895,8,0.4034,0.3337,0.0,1,0,0
linq,35.0,1.0,eb0482,0.0482,1,6.4,0,0.37,20000,0.9509,433.6,1.036,0,0.0491,0.3421,3.055,0.2646,1.699,0.4375,0.63,0.6216,7,0.4641,8,0.3784,0.313,0.0,1,0,0
linq,35.0,1.0,eb0482,0.0482,1,6.4,0,0.38,20000,0.9509,433.6,1.036,0,0.0491,0.3924,2.823,0.2678,1.758,0.4251,0.5918,0.5838,7,0.4388,8,0.3545,0.2936,0.0,1,0,0
linq,35.0,1.0,eb0482,0.0482,1,6.4,0,0.39,20000,0.9509,433.6,1.036,0,0.0491,0.4375,2.614,0.2692,1.81,0.4227,0.5576,0.55,7,0.4099,8,0.3332,0.2762,0.0,1,0,0
linq,35.0,1.0,eb0482,0.0482,1,6.4,0,0.4,20000,0.9509,433.6,1.036,0,0.0491,0.4784,2.426,0.2709,1.832,0.4165,0.5253,0.5182,7,0.3899,8,0.3136,0.2596,0.0,1,0,0
linq,35.0,1.0,eb0482,0.0482,1,6.4,0,0.41,20000,0.9509,433.6,1.036,0,0.0491,0.515,2.258,0.2708,1.802,0.41,0.4962,0.4894,7,0.3711,8,0.2962,0.2448,0.0,1,0,0
linq,35.0,1.0,eb0482,0.0482,1,6.4,0,0.42,20000,0.9509,433.6,1.036,0,0.0491,0.55,2.105,0.2656,1.708,0.4097,0.4691,0.4627,7,0.3545,8,0.28,0.2321,0.0,1,0,0
linq,35.0,1.0,eb0482,0.0482,1,6.4,0,0.43,20000,0.9509,433.6,1.036,0,0.0491,0.5815,1.965,0.2629,1.681,0.4163,0.4445,0.4385,7,0.3407,8,0.2646,0.2204,0.0,1,0,0
linq,35.0,1.0,eb0482,0.0482,1,6.4,0,0.44,20000,0.9509,433.6,1.036,0,0.0491,0.6094,1.836,0.2676,1.757,0.4113,0.4216,0.4158,7,0.328,8,0.25,0.2085,0.0,1,0,0
linq,35.0,1.0,eb0482,0.0482,1,6.4,0,0.45,20000,0.9509,433.6,1.036,0,0.0491,0.6357,1.719,0.2667,1.775,0.4225,0.4004,0.3948,7,0.3129,7,0.2368,0.1977,0.0,1,0,0
linq,35.0,1.0,eb0482,0.0482,1,6.4,0,0.46,20000,0.9509,433.6,1.036,0,0.0491,0.6575,1.614,0.2698,1.842,0.4243,0.3793,0.3742,7,0.2963,7,0.2257,0.1879,0.0,1,0,0
linq,35.0,1.0,eb0482,0.0482,1,6.4,0,0.47,20000,0.9509,433.6,1.036,0,0.0491,0.678,1.519,0.272,1.873,0.4214,0.3612,0.3563,7,0.2838,7,0.215,0.1786,0.0,1,0,0
linq,35.0,1.0,eb0482,0.0482,1,6.4,0,0.48,20000,0.9509,433.6,1.036,0,0.0491,0.698,1.431,0.27,1.837,0.4301,0.3444,0.3396,7,0.2727,7,0.205,0.1699,0.0,1,0,0
linq,35.0,1.0,eb0482,0.0482,1,6.4,0,0.49,20000,0.9509,433.6,1.036,0,0.0491,0.7171,1.345,0.2658,1.795,0.448,0.3277,0.3232,7,0.2618,7,0.1954,0.1619,0.0,1,0,0
linq,35.0,1.0,eb0482,0.0482,1,6.4,0,0.5,20000,0.9509,433.6,1.036,0,0.0491,0.7344,1.269,0.2596,1.759,0.4743,0.3125,0.3083,7,0.2524,7,0.1863,0.155,0.0,1,0,0
linq,35.0,1.0,eb0482,0.0482,1,6.4,0,0.51,20000,0.9509,433.6,1.036,0,0.0491,0.7496,1.2,0.2612,1.802,0.4875,0.2991,0.295,7,0.2415,7,0.1775,0.1478,0.0,1,0,0
linq,35.0,1.0,eb0482,0.0482,1,6.4,0,0.52,20000,0.9509,433.6,1.036,0,0.0491,0.764,1.136,0.2598,1.839,0.5043,0.2861,0.2821,7,0.239,7,0.1695,0.1409,0.0,1,0,0
linq,35.0,1.0,eb0482,0.0482,1,9.6,1,0.17,20000,0.9509,433.6,1.036,0,0.0491,0.0,9.61,0.0,nan,4.9311,3.1138,3.1125,3,1.1457,8,nan,nan,nan,0,0,0
linq,35.0,1.0,eb0482,0.0482,1,9.6,1,0.18,20000,0.9509,433.6,1.036,0,0.0491,0.0,8.951,0.0,nan,4.3427,2.6198,2.6177,4,0.941,8,nan,nan,nan,0,0,0
linq,35.0,1.0,eb0482,0.0482,1,9.6,1,0.19,20000,0.9509,433.6,1.036,0,0.0491,0.0,8.284,0.0,nan,3.7602,2.1958,2.1933,5,0.7852,8,nan,nan,nan,0,0,0
linq,35.0,1.0,eb0482,0.0482,1,9.6,1,0.2,20000,0.9509,433.6,1.036,0,0.0491,0.0,7.626,0.0,nan,3.2128,1.8326,1.8298,6,0.673,8,nan,nan,nan,0,0,0
linq,35.0,1.0,eb0482,0.0482,1,9.6,1,0.21,20000,0.9509,433.6,1.036,0,0.0491,0.0,6.964,0.0,0.0,2.694,1.5547,1.5524,6,0.6079,7,nan,nan,nan,0,1,0
linq,35.0,1.0,eb0482,0.0482,1,9.6,1,0.22,20000,0.9509,433.6,1.036,0,0.0491,0.0,6.314,0.0,0.0,2.2148,1.294,1.2899,7,0.5214,7,nan,0.7757,nan,0,1,0
linq,35.0,1.0,eb0482,0.0482,1,9.6,1,0.23,20000,0.9509,433.6,1.036,0,0.0491,0.0,5.688,0.0007,0.011,1.8114,1.1131,1.1102,7,0.4514,7,0.8421,0.6838,0.0,0,1,0
linq,35.0,1.0,eb0482,0.0482,1,9.6,1,0.24,20000,0.9509,433.6,1.036,0,0.0491,0.0,5.096,0.0161,0.101,1.4804,0.9617,0.9598,7,0.4004,7,0.7332,0.6066,0.0,0,1,0
linq,35.0,1.0,eb0482,0.0482,1,9.6,1,0.25,20000,0.9509,433.6,1.036,0,0.0491,0.0001,4.533,0.079,0.366,1.2603,0.8344,0.8328,7,0.3647,6,0.6553,0.5335,0.0,0,1,0
linq,35.0,1.0,eb0482,0.0482,1,9.6,1,0.26,20000,0.9509,433.6,1.036,0,0.0491,0.0036,4.013,0.1798,0.803,1.2199,0.728,0.7267,7,0.3218,6,0.5947,0.466,0.0,0,0,0
linq,35.0,1.0,eb0482,0.0482,1,9.6,1,0.27,20000,0.9509,433.6,1.036,0,0.0491,0.0309,3.534,0.2715,1.291,1.3198,0.6369,0.6358,7,0.2875,6,0.5374,0.4083,0.0,1,0,0
linq,35.0,1.0,eb0482,0.0482,1,9.6,1,0.28,20000,0.9509,433.6,1.036,0,0.0491,0.1017,3.084,0.329,1.659,1.4558,0.5612,0.5602,7,0.2594,6,0.4795,0.3584,0.0,0,0,0
linq,35.0,1.0,eb0482,0.0482,1,9.6,1,0.29,20000,0.9509,433.6,1.036,0,0.0491,0.1993,2.671,0.356,1.851,1.5523,0.4957,0.4949,7,0.2436,6,0.4261,0.3162,0.0,0,0,0
linq,35.0,1.0,eb0482,0.0482,1,9.6,1,0.3,20000,0.9509,433.6,1.036,0,0.0491,0.2993,2.313,0.3703,2.024,1.5872,0.4402,0.4394,7,0.2141,5,0.3784,0.2808,0.0,0,0,0
linq,35.0,1.0,eb0482,0.0482,1,9.6,1,0.31,20000,0.9509,433.6,1.036,0,0.0491,0.3925,2.003,0.3748,2.043,1.5916,0.3934,0.3927,7,0.1934,5,0.3368,0.2492,0.0,0,0,0
linq,35.0,1.0,eb0482,0.0482,1,9.6,1,0.32,20000,0.9509,433.6,1.036,0,0.0491,0.4733,1.74,0.3715,1.973,1.585,0.3511,0.3504,7,0.1805,5,0.3012,0.2235,0.0,0,0,0
linq,35.0,1.0,eb0482,0.0482,1,9.6,1,0.33,20000,0.9509,433.6,1.036,0,0.0491,0.5417,1.522,0.3742,2.056,1.5683,0.3163,0.3157,7,0.1741,5,0.2696,0.2012,0.0,0,0,0
linq,35.0,1.0,eb0482,0.0482,1,9.6,1,0.34,20000,0.9509,433.6,1.036,0,0.0491,0.5998,1.333,0.3737,2.078,1.557,0.2844,0.2839,7,0.1483,4,0.2426,0.1808,0.0,0,0,0
linq,35.0,1.0,eb0482,0.0482,1,9.6,1,0.35,20000,0.9509,433.6,1.036,0,0.0491,0.6488,1.175,0.3725,2.109,1.5428,0.2569,0.2564,7,0.1354,4,0.2192,0.1637,0.0,0,0,0
linq,35.0,1.0,eb0482,0.0482,1,9.6,1,0.36,20000,0.9509,433.6,1.036,0,0.0491,0.689,1.042,0.371,2.111,1.5385,0.2324,0.2319,7,0.1332,4,0.1998,0.1485,0.0,0,0,0
linq,35.0,1.0,eb0482,0.0482,1,9.6,1,0.37,20000,0.9509,433.6,1.036,0,0.0491,0.7272,0.922,0.3663,2.109,1.5096,0.2103,0.2098,7,0.1314,4,0.1808,0.1341,0.0,0,0,0
linq,35.0,1.0,eb0482,0.0482,1,9.6,1,0.38,20000,0.9509,433.6,1.036,0,0.0491,0.7578,0.822,0.3601,2.058,1.4938,0.1915,0.191,7,0.1313,4,0.1648,0.1224,0.0,0,0,0
linq,35.0,1.0,eb0482,0.0482,1,9.6,1,0.39,20000,0.9509,433.6,1.036,0,0.0491,0.7843,0.735,0.3551,2.031,1.4787,0.1746,0.1741,7,0.0967,3,0.1503,0.1122,0.0,0,0,0
linq,35.0,1.0,eb0482,0.0482,1,9.6,1,0.4,20000,0.9509,433.6,1.036,0,0.0491,0.8062,0.659,0.3536,1.993,1.488,0.159,0.1586,7,0.1,3,0.1377,0.1028,0.0,0,0,0
linq,35.0,1.0,eb0482,0.0482,1,9.6,1,0.41,20000,0.9509,433.6,1.036,0,0.0491,0.8264,0.592,0.3485,1.944,1.478,0.1461,0.1457,7,0.1002,3,0.1259,0.0942,0.0,0,0,0
linq,35.0,1.0,eb0482,0.0482,1,9.6,1,0.42,20000,0.9509,433.6,1.036,0,0.0491,0.8427,0.534,0.347,1.947,1.4939,0.1339,0.1336,7,0.1113,3,0.116,0.0869,0.0,0,0,0
linq,35.0,1.0,eb0482,0.0482,1,9.6,1,0.43,20000,0.9509,433.6,1.036,0,0.0491,0.8568,0.484,0.3511,2.115,1.5115,0.1226,0.1223,7,0.0773,2,0.1071,0.0806,0.0,0,0,0
linq,35.0,1.0,eb0482,0.0482,1,9.6,1,0.44,20000,0.9509,433.6,1.036,0,0.0491,0.8704,0.437,0.3488,2.066,1.5149,0.113,0.1127,7,0.0758,2,0.0987,0.0737,0.0,0,0,0
linq,35.0,1.0,eb0482,0.0482,1,9.6,1,0.45,20000,0.9509,433.6,1.036,0,0.0491,0.8822,0.395,0.3469,2.078,1.5339,0.1037,0.1033,7,0.0821,2,0.0913,0.0674,0.0,0,0,0
linq,35.0,1.0,eb0482,0.0482,1,9.6,1,0.46,20000,0.9509,433.6,1.036,0,0.0491,0.8917,0.36,0.3406,1.943,1.564,0.0954,0.0951,7,0.0967,2,0.0853,0.0626,0.0,0,0,0
linq,35.0,1.0,eb0482,0.0482,1,9.6,1,0.47,20000,0.9509,433.6,1.036,0,0.0491,0.901,0.327,0.3372,1.907,1.5819,0.0879,0.0876,7,0.1121,2,0.0788,0.0584,0.0,0,0,0
linq,35.0,1.0,eb0482,0.0482,1,9.6,1,0.48,20000,0.9509,433.6,1.036,0,0.0491,0.9095,0.298,0.3311,1.824,1.5999,0.0812,0.0809,7,0.0607,1,0.073,0.0543,0.0,0,0,0
linq,35.0,1.0,eb0482,0.0482,1,9.6,1,0.49,20000,0.9509,433.6,1.036,0,0.0491,0.9172,0.27,0.3299,1.813,1.6232,0.0749,0.0745,7,0.0685,1,0.0675,0.0506,0.0,0,0,0
linq,35.0,1.0,eb0482,0.0482,1,9.6,1,0.5,20000,0.9509,433.6,1.036,0,0.0491,0.9235,0.247,0.3283,1.765,1.6569,0.0691,0.0687,7,0.0886,1,0.0628,0.0471,0.0,0,0,0
linq,35.0,1.0,eb0482,0.0482,1,9.6,1,0.51,20000,0.9509,433.6,1.036,0,0.0491,0.9285,0.226,0.336,1.708,1.7283,0.0641,0.0637,7,0.1126,1,0.0587,0.0438,0.0,0,0,0
linq,35.0,1.0,eb0482,0.0482,1,9.6,1,0.52,20000,0.9509,433.6,1.036,0,0.0491,0.9336,0.206,0.3419,1.731,1.7846,0.0597,0.0594,7,nan,0,0.055,0.0408,0.0,0,0,0
linq,35.0,1.0,eb0482,0.0482,1,12.8,1,0.17,20000,0.9509,433.6,1.036,0,0.0491,0.0,8.183,0.0,nan,3.9541,2.3787,2.3627,4,0.6383,6,nan,nan,nan,0,0,0
linq,35.0,1.0,eb0482,0.0482,1,12.8,1,0.18,20000,0.9509,433.6,1.036,0,0.0491,0.0,7.436,0.0,nan,3.397,1.9248,1.9066,5,0.4936,6,nan,nan,nan,0,0,0
linq,35.0,1.0,eb0482,0.0482,1,12.8,1,0.19,20000,0.9509,433.6,1.036,0,0.0491,0.0,6.692,0.0,nan,2.8803,1.5525,1.536,6,0.3967,6,nan,nan,nan,0,1,0
linq,35.0,1.0,eb0482,0.0482,1,12.8,1,0.2,20000,0.9509,433.6,1.036,0,0.0491,0.0,5.949,0.0,0.0,2.4174,1.2403,1.2251,6,0.3373,5,nan,nan,nan,0,1,0
linq,35.0,1.0,eb0482,0.0482,1,12.8,1,0.21,20000,0.9509,433.6,1.036,0,0.0491,0.0,5.235,0.0,0.0,2.0353,1.0033,0.9913,7,0.2765,5,nan,0.7348,nan,0,1,0
linq,35.0,1.0,eb0482,0.0482,1,12.8,1,0.22,20000,0.9509,433.6,1.036,0,0.0491,0.0,4.557,0.002,0.012,1.7735,0.8161,0.8059,7,0.234,5,0.8047,0.6248,0.0,0,1,0
linq,35.0,1.0,eb0482,0.0482,1,12.8,1,0.23,20000,0.9509,433.6,1.036,0,0.0491,0.0,3.938,0.0529,0.189,1.7045,0.6687,0.6599,7,0.1981,4,0.678,0.5316,0.0,0,0,0
linq,35.0,1.0,eb0482,0.0482,1,12.8,1,0.24,20000,0.9509,433.6,1.036,0,0.0491,0.0003,3.351,0.1971,0.693,1.7634,0.548,0.5406,7,0.1686,4,0.5915,0.4404,0.0,1,0,0
linq,35.0,1.0,eb0482,0.0482,1,12.8,1,0.25,20000,0.9509,433.6,1.036,0,0.0491,0.0169,2.843,0.3448,1.412,1.9973,0.4531,0.4472,7,0.1527,4,0.5242,0.3641,0.0,0,0,0
linq,35.0,1.0,eb0482,0.0482,1,12.8,1,0.26,20000,0.9509,433.6,1.036,0,0.0491,0.1088,2.37,0.4276,2.009,2.2291,0.3773,0.3721,7,0.1259,3,0.4514,0.3026,0.0,0,0,0
linq,35.0,1.0,eb0482,0.0482,1,12.8,1,0.27,20000,0.9509,433.6,1.036,0,0.0491,0.2542,1.926,0.457,2.254,2.3057,0.3157,0.3114,7,0.1141,3,0.3808,0.2524,0.0,0,0,0
linq,35.0,1.0,eb0482,0.0482,1,12.8,1,0.28,20000,0.9509,433.6,1.036,0,0.0491,0.3926,1.564,0.4619,2.307,2.3136,0.2657,0.2616,7,0.1127,3,0.3221,0.2138,0.0,0,0,0
linq,35.0,1.0,eb0482,0.0482,1,12.8,1,0.29,20000,0.9509,433.6,1.036,0,0.0491,0.5068,1.272,0.466,2.393,2.3094,0.2253,0.2219,7,0.0866,2,0.2726,0.1813,0.0,0,0,0
linq,35.0,1.0,eb0482,0.0482,1,12.8,1,0.3,20000,0.9509,433.6,1.036,0,0.0491,0.5995,1.041,0.4624,2.427,2.2895,0.1918,0.1887,7,0.0843,2,0.2321,0.1548,0.0,0,0,0
linq,35.0,1.0,eb0482,0.0482,1,12.8,1,0.31,20000,0.9509,433.6,1.036,0,0.0491,0.6696,0.861,0.4609,2.455,2.2824,0.1645,0.1619,7,0.0982,2,0.1999,0.1326,0.0,0,0,0
linq,35.0,1.0,eb0482,0.0482,1,12.8,1,0.32,20000,0.9509,433.6,1.036,0,0.0491,0.7286,0.714,0.4508,2.381,2.2566,0.1407,0.1381,7,0.0702,1,0.1723,0.1145,0.0,0,0,0
linq,35.0,1.0,eb0482,0.0482,1,12.8,1,0.33,20000,0.9509,433.6,1.036,0,0.0491,0.7743,0.596,0.4423,2.278,2.248,0.1212,0.1187,7,0.081,1,0.1489,0.0993,0.0,0,0,0
linq,35.0,1.0,eb0482,0.0482,1,12.8,1,0.34,20000,0.9509,433.6,1.036,0,0.0491,0.8093,0.503,0.4384,2.296,2.2513,0.1047,0.1026,7,0.0964,1,0.1299,0.087,0.0,0,0,0
linq,35.0,1.0,eb0482,0.0482,1,12.8,1,0.35,20000,0.9509,433.6,1.036,0,0.0491,0.8389,0.424,0.4354,2.349,2.2557,0.0902,0.0878,7,nan,0,0.1129,0.0757,0.0,0,0,0
linq,35.0,1.0,eb0482,0.0482,1,12.8,1,0.36,20000,0.9509,433.6,1.036,0,0.0491,0.8621,0.36,0.4351,2.346,2.2816,0.0784,0.0764,7,nan,0,0.0994,0.0657,0.0,0,0,0
linq,35.0,1.0,eb0482,0.0482,1,12.8,1,0.37,20000,0.9509,433.6,1.036,0,0.0491,0.8817,0.307,0.4197,2.117,2.2928,0.0691,0.0678,7,nan,0,0.0881,0.0582,0.0,0,0,0
linq,35.0,1.0,eb0482,0.0482,1,12.8,1,0.38,20000,0.9509,433.6,1.036,0,0.0491,0.8973,0.263,0.4205,2.093,2.3253,0.0611,0.06,7,nan,0,0.0777,0.0516,0.0,0,0,0
linq,35.0,1.0,eb0482,0.0482,1,12.8,1,0.39,20000,0.9509,433.6,1.036,0,0.0491,0.911,0.224,0.4201,1.989,2.3731,0.0554,0.0547,7,nan,0,0.0685,0.0453,0.0,0,0,0
linq,35.0,1.0,eb0482,0.0482,1,12.8,1,0.4,20000,0.9509,433.6,1.036,0,0.0491,0.9229,0.192,0.4163,1.95,2.3987,0.0525,0.0516,7,nan,0,0.0603,0.0403,0.0,0,0,0
linq,35.0,1.0,eb0482,0.0482,1,12.8,1,0.41,20000,0.9509,433.6,1.036,0,0.0491,0.931,0.166,0.4316,2.049,2.4867,0.0437,0.0433,6,nan,0,0.0542,0.0354,0.0,0,0,0
linq,35.0,1.0,eb0482,0.0482,1,12.8,1,0.42,20000,0.9509,433.6,1.036,0,0.0491,0.9394,0.142,0.4484,2.212,2.5523,0.0404,0.0402,6,nan,0,0.0481,0.0308,0.0,0,0,0
linq,35.0,1.0,eb0482,0.0482,1,12.8,1,0.43,20000,0.9509,433.6,1.036,0,0.0491,0.9468,0.122,0.4498,2.241,2.6005,0.0398,0.039,6,nan,0,0.0431,0.0275,0.0,0,0,0
linq,35.0,1.0,eb0482,0.0482,1,12.8,1,0.44,20000,0.9509,433.6,1.036,0,0.0491,0.9527,0.105,0.452,2.05,2.671,0.0325,0.0323,5,nan,0,0.0388,0.025,0.0,0,0,0
linq,35.0,1.0,eb0482,0.0482,1,12.8,1,0.45,20000,0.9509,433.6,1.036,0,0.0491,0.9587,0.089,0.4583,2.057,2.725,0.0308,0.0306,5,nan,0,0.0344,0.0225,0.0,0,0,0
linq,35.0,1.0,eb0482,0.0482,1,12.8,1,0.46,20000,0.9509,433.6,1.036,0,0.0491,0.9634,0.077,0.4666,2.05,2.7982,0.0305,0.0297,5,nan,0,0.0308,0.0203,0.0,0,0,0
linq,35.0,1.0,eb0482,0.0482,1,12.8,1,0.47,20000,0.9509,433.6,1.036,0,0.0491,0.9683,0.065,0.4714,2.047,2.8505,0.0242,0.0242,4,nan,0,0.0272,0.018,0.0,0,0,0
linq,35.0,1.0,eb0482,0.0482,1,12.8,1,0.48,20000,0.9509,433.6,1.036,0,0.0491,0.9716,0.056,0.4856,2.023,2.9257,0.0232,0.0231,4,nan,0,0.0248,0.016,0.0,0,0,0
linq,35.0,1.0,eb0482,0.0482,1,12.8,1,0.49,20000,0.9509,433.6,1.036,0,0.0491,0.975,0.047,0.4979,1.943,2.9979,0.0247,0.0238,4,nan,0,0.0226,0.0144,0.0,0,0,0
linq,35.0,1.0,eb0482,0.0482,1,12.8,1,0.5,20000,0.9509,433.6,1.036,0,0.0491,0.9779,0.04,0.5221,2.018,3.0781,0.0183,0.0183,3,nan,0,0.0206,0.0125,0.0,0,0,0
linq,35.0,1.0,eb0482,0.0482,1,12.8,1,0.51,20000,0.9509,433.6,1.036,0,0.0491,0.9804,0.034,0.5315,1.951,3.141,0.0171,0.0171,3,nan,0,0.0186,0.0113,0.0,0,0,0
linq,35.0,1.0,eb0482,0.0482,1,12.8,1,0.52,20000,0.9509,433.6,1.036,0,0.0491,0.9826,0.029,0.5658,2.174,3.22,0.0157,0.0156,2,nan,0,0.0168,0.01,0.0,0,0,0
linq,35.0,1.0,eb1168,0.11675778353879479,0,2.4,0,0.17,20000,0.9134,433.6,1.036,0,0.0866,0.0,17.79,0.0,nan,12.9009,nan,nan,0,10.4625,5,nan,nan,nan,0,0,0
linq,35.0,1.0,eb1168,0.11675778353879479,0,2.4,0,0.18,20000,0.9134,433.6,1.036,0,0.0866,0.0,17.6,0.0,nan,12.7109,nan,nan,0,9.9394,6,nan,nan,nan,0,0,0
linq,35.0,1.0,eb1168,0.11675778353879479,0,2.4,0,0.19,20000,0.9134,433.6,1.036,0,0.0866,0.0,17.413,0.0,nan,12.5244,nan,nan,0,9.4762,6,nan,nan,nan,0,0,0
linq,35.0,1.0,eb1168,0.11675778353879479,0,2.4,0,0.2,20000,0.9134,433.6,1.036,0,0.0866,0.0,17.227,0.0,nan,12.3383,nan,nan,0,9.0428,6,nan,nan,nan,0,0,0
linq,35.0,1.0,eb1168,0.11675778353879479,0,2.4,0,0.21,20000,0.9134,433.6,1.036,0,0.0866,0.0,17.036,0.0,nan,12.1475,nan,nan,0,8.5735,7,nan,nan,nan,0,0,0
linq,35.0,1.0,eb1168,0.11675778353879479,0,2.4,0,0.22,20000,0.9134,433.6,1.036,0,0.0866,0.0,16.845,0.0,nan,11.9564,nan,nan,0,8.2147,7,nan,nan,nan,0,0,0
linq,35.0,1.0,eb1168,0.11675778353879479,0,2.4,0,0.23,20000,0.9134,433.6,1.036,0,0.0866,0.0,16.658,0.0,nan,11.7697,nan,nan,0,7.7692,8,nan,nan,nan,0,0,0
linq,35.0,1.0,eb1168,0.11675778353879479,0,2.4,0,0.24,20000,0.9134,433.6,1.036,0,0.0866,0.0,16.473,0.0,nan,11.5841,nan,nan,0,7.4696,8,nan,nan,nan,0,0,0
linq,35.0,1.0,eb1168,0.11675778353879479,0,2.4,0,0.25,20000,0.9134,433.6,1.036,0,0.0866,0.0,16.282,0.0,nan,11.393,nan,nan,0,7.187,8,nan,nan,nan,0,0,0
linq,35.0,1.0,eb1168,0.11675778353879479,0,2.4,0,0.26,20000,0.9134,433.6,1.036,0,0.0866,0.0,16.098,0.0,nan,11.209,nan,nan,0,6.9335,8,nan,nan,nan,0,0,0
linq,35.0,1.0,eb1168,0.11675778353879479,0,2.4,0,0.27,20000,0.9134,433.6,1.036,0,0.0866,0.0,15.912,0.0,nan,11.0233,4.9713,4.9713,1,6.6903,8,nan,nan,nan,0,0,0
linq,35.0,1.0,eb1168,0.11675778353879479,0,2.4,0,0.28,20000,0.9134,433.6,1.036,0,0.0866,0.0,15.725,0.0,nan,10.8362,4.7733,4.7733,1,6.4608,8,nan,nan,nan,0,0,0
linq,35.0,1.0,eb1168,0.11675778353879479,0,2.4,0,0.29,20000,0.9134,433.6,1.036,0,0.0866,0.0,15.537,0.0,nan,10.6485,4.3644,4.3558,2,6.2464,8,nan,nan,nan,0,0,0
linq,35.0,1.0,eb1168,0.11675778353879479,0,2.4,0,0.3,20000,0.9134,433.6,1.036,0,0.0866,0.0,15.352,0.0,nan,10.4636,4.2226,4.2131,2,6.0497,8,nan,nan,nan,0,0,0
linq,35.0,1.0,eb1168,0.11675778353879479,0,2.4,0,0.31,20000,0.9134,433.6,1.036,0,0.0866,0.0,15.165,0.0,nan,10.2762,3.8743,3.8537,3,5.8615,8,nan,nan,nan,0,0,0
linq,35.0,1.0,eb1168,0.11675778353879479,0,2.4,0,0.32,20000,0.9134,433.6,1.036,0,0.0866,0.0,14.978,0.0,nan,10.0891,3.7642,3.7435,3,5.6829,8,nan,nan,nan,0,0,0
linq,35.0,1.0,eb1168,0.11675778353879479,0,2.4,0,0.33,20000,0.9134,433.6,1.036,0,0.0866,0.0,14.792,0.0,nan,9.9031,3.6596,3.6396,3,5.5172,8,nan,nan,nan,0,0,0
linq,35.0,1.0,eb1168,0.11675778353879479,0,2.4,0,0.34,20000,0.9134,433.6,1.036,0,0.0866,0.0,14.604,0.0,nan,9.7155,3.3507,3.3152,4,5.3607,8,nan,nan,nan,0,0,0
linq,35.0,1.0,eb1168,0.11675778353879479,0,2.4,0,0.35,20000,0.9134,433.6,1.036,0,0.0866,0.0,14.417,0.0,0.0,9.5289,3.2654,3.2303,4,5.2125,8,nan,nan,nan,0,0,0
linq,35.0,1.0,eb1168,0.11675778353879479,0,2.4,0,0.36,20000,0.9134,433.6,1.036,0,0.0866,0.0,14.234,0.0,0.0,9.3454,2.9834,2.9262,5,5.0743,8,nan,nan,nan,0,0,0
linq,35.0,1.0,eb1168,0.11675778353879479,0,2.4,0,0.37,20000,0.9134,433.6,1.036,0,0.0866,0.0,14.048,0.0,0.0,9.1594,2.9035,2.8473,5,4.9425,8,nan,nan,nan,0,0,0
linq,35.0,1.0,eb1168,0.11675778353879479,0,2.4,0,0.38,20000,0.9134,433.6,1.036,0,0.0866,0.0,13.862,0.0001,0.75,8.9733,2.6416,2.5548,6,4.816,8,nan,nan,nan,0,0,0
linq,35.0,1.0,eb1168,0.11675778353879479,0,2.4,0,0.39,20000,0.9134,433.6,1.036,0,0.0866,0.0,13.674,0.0001,0.444,8.7849,2.5775,2.4924,6,4.6924,8,nan,nan,nan,0,0,0
linq,35.0,1.0,eb1168,0.11675778353879479,0,2.4,0,0.4,20000,0.9134,433.6,1.036,0,0.0866,0.0,13.488,0.0001,0.222,8.5991,2.5187,2.4361,6,4.5773,8,nan,nan,nan,0,0,0
linq,35.0,1.0,eb1168,0.11675778353879479,0,2.4,0,0.41,20000,0.9134,433.6,1.036,0,0.0866,0.0,13.305,0.0002,0.259,8.4167,2.2751,2.1461,7,4.469,8,nan,0.8053,nan,0,0,0
linq,35.0,1.0,eb1168,0.11675778353879479,0,2.4,0,0.42,20000,0.9134,433.6,1.036,0,0.0866,0.0001,13.12,0.0003,0.208,8.2329,2.2219,2.0952,7,4.3667,8,nan,0.7829,nan,0,0,0
linq,35.0,1.0,eb1168,0.11675778353879479,0,2.4,0,0.43,20000,0.9134,433.6,1.036,0,0.0866,0.0001,12.935,0.0004,0.193,8.0475,2.1738,2.0501,7,4.268,8,nan,0.7655,nan,0,0,0
linq,35.0,1.0,eb1168,0.11675778353879479,0,2.4,0,0.44,20000,0.9134,433.6,1.036,0,0.0866,0.0001,12.75,0.0007,0.203,7.863,2.129,2.0085,7,4.1709,8,0.7896,0.7531,0.0,0,0,0
linq,35.0,1.0,eb1168,0.11675778353879479,0,2.4,0,0.45,20000,0.9134,433.6,1.036,0,0.0866,0.0002,12.566,0.0012,0.228,7.6796,2.0828,1.9656,7,4.0816,8,0.7704,0.7375,0.0,0,0,0
linq,35.0,1.0,eb1168,0.11675778353879479,0,2.4,0,0.46,20000,0.9134,433.6,1.036,0,0.0866,0.0002,12.384,0.0021,0.288,7.4982,2.0406,1.9261,7,3.9947,8,0.7537,0.7245,0.0,0,0,0
linq,35.0,1.0,eb1168,0.11675778353879479,0,2.4,0,0.47,20000,0.9134,433.6,1.036,0,0.0866,0.0004,12.203,0.0031,0.348,7.3192,2.0006,1.8888,7,3.9111,8,0.7398,0.7117,0.0,0,0,0
linq,35.0,1.0,eb1168,0.11675778353879479,0,2.4,0,0.48,20000,0.9134,433.6,1.036,0,0.0866,0.0007,12.016,0.0047,0.416,7.1355,1.9602,1.8506,7,3.8287,8,0.7263,0.6982,0.0,0,0,0
linq,35.0,1.0,eb1168,0.11675778353879479,0,2.4,0,0.49,20000,0.9134,433.6,1.036,0,0.0866,0.0009,11.839,0.0066,0.487,6.961,1.9232,1.816,7,3.7524,8,0.7155,0.686,0.0,0,0,0
linq,35.0,1.0,eb1168,0.11675778353879479,0,2.4,0,0.5,20000,0.9134,433.6,1.036,0,0.0866,0.0015,11.657,0.0087,0.525,6.7855,1.886,1.781,7,3.6761,8,0.7042,0.6719,0.0,0,0,0
linq,35.0,1.0,eb1168,0.11675778353879479,0,2.4,0,0.51,20000,0.9134,433.6,1.036,0,0.0866,0.0023,11.479,0.0113,0.57,6.6167,1.8505,1.7474,7,3.6065,8,0.6923,0.6593,0.0,0,0,0
linq,35.0,1.0,eb1168,0.11675778353879479,0,2.4,0,0.52,20000,0.9134,433.6,1.036,0,0.0866,0.0034,11.303,0.0137,0.579,6.4534,1.8163,1.7154,7,3.5399,8,0.6816,0.6474,0.0,0,0,0
linq,35.0,1.0,eb1168,0.11675778353879479,0,3.2,0,0.17,20000,0.9134,433.6,1.036,0,0.0866,0.0,16.151,0.0,nan,11.2626,nan,nan,0,7.5932,7,nan,nan,nan,0,0,0
linq,35.0,1.0,eb1168,0.11675778353879479,0,3.2,0,0.18,20000,0.9134,433.6,1.036,0,0.0866,0.0,15.867,0.0,nan,10.9782,nan,nan,0,7.0917,8,nan,nan,nan,0,0,0
linq,35.0,1.0,eb1168,0.11675778353879479,0,3.2,0,0.19,20000,0.9134,433.6,1.036,0,0.0866,0.0,15.585,0.0,nan,10.6962,nan,nan,0,6.6376,8,nan,nan,nan,0,0,0
linq,35.0,1.0,eb1168,0.11675778353879479,0,3.2,0,0.2,20000,0.9134,433.6,1.036,0,0.0866,0.0,15.302,0.0,nan,10.4138,nan,nan,0,6.2284,8,nan,nan,nan,0,0,0
linq,35.0,1.0,eb1168,0.11675778353879479,0,3.2,0,0.21,20000,0.9134,433.6,1.036,0,0.0866,0.0,15.024,0.0,nan,10.1358,nan,nan,0,5.8646,8,nan,nan,nan,0,0,0
linq,35.0,1.0,eb1168,0.11675778353879479,0,3.2,0,0.22,20000,0.9134,433.6,1.036,0,0.0866,0.0,14.746,0.0,nan,9.8573,4.9206,4.9206,1,5.5302,8,nan,nan,nan,0,0,0
linq,35.0,1.0,eb1168,0.11675778353879479,0,3.2,0,0.23,20000,0.9134,433.6,1.036,0,0.0866,0.0,14.465,0.0,nan,9.576,4.6554,4.6554,1,5.2226,8,nan,nan,nan,0,0,0
linq,35.0,1.0,eb1168,0.11675778353879479,0,3.2,0,0.24,20000,0.9134,433.6,1.036,0,0.0866,0.0,14.185,0.0,nan,9.2969,4.2069,4.2003,2,4.9448,8,nan,nan,nan,0,0,0
linq,35.0,1.0,eb1168,0.11675778353879479,0,3.2,0,0.25,20000,0.9134,433.6,1.036,0,0.0866,0.0,13.905,0.0,nan,9.0165,3.8175,3.803,3,4.691,8,nan,nan,nan,0,0,0
linq,35.0,1.0,eb1168,0.11675778353879479,0,3.2,0,0.26,20000,0.9134,433.6,1.036,0,0.0866,0.0,13.627,0.0,nan,8.7387,3.6457,3.6321,3,4.4611,8,nan,nan,nan,0,0,0
linq,35.0,1.0,eb1168,0.11675778353879479,0,3.2,0,0.27,20000,0.9134,433.6,1.036,0,0.0866,0.0,13.35,0.0,nan,8.4615,3.3078,3.2833,4,4.2491,8,nan,nan,nan,0,0,0
linq,35.0,1.0,eb1168,0.11675778353879479,0,3.2,0,0.28,20000,0.9134,433.6,1.036,0,0.0866,0.0,13.068,0.0,nan,8.179,3.1657,3.1416,4,4.0485,8,nan,nan,nan,0,0,0
linq,35.0,1.0,eb1168,0.11675778353879479,0,3.2,0,0.29,20000,0.9134,433.6,1.036,0,0.0866,0.0,12.79,0.0,0.0,7.901,2.8643,2.8241,5,3.8673,8,nan,nan,nan,0,0,0
linq,35.0,1.0,eb1168,0.11675778353879479,0,3.2,0,0.3,20000,0.9134,433.6,1.036,0,0.0866,0.0,12.511,0.0,0.0,7.6221,2.7459,2.7072,5,3.7016,8,nan,nan,nan,0,0,0
linq,35.0,1.0,eb1168,0.11675778353879479,0,3.2,0,0.31,20000,0.9134,433.6,1.036,0,0.0866,0.0,12.232,0.0,0.0,7.3438,2.474,2.4119,6,3.5448,8,nan,nan,nan,0,0,0
linq,35.0,1.0,eb1168,0.11675778353879479,0,3.2,0,0.32,20000,0.9134,433.6,1.036,0,0.0866,0.0,11.951,0.0001,0.231,7.0627,2.3785,2.3191,6,3.3968,8,nan,nan,nan,0,0,0
linq,35.0,1.0,eb1168,0.11675778353879479,0,3.2,0,0.33,20000,0.9134,433.6,1.036,0,0.0866,0.0,11.671,0.0001,0.133,6.7825,2.1271,2.0313,7,3.2585,8,nan,0.8093,nan,0,0,0
linq,35.0,1.0,eb1168,0.11675778353879479,0,3.2,0,0.34,20000,0.9134,433.6,1.036,0,0.0866,0.0,11.393,0.0003,0.13,6.504,2.0488,1.9562,7,3.1314,8,nan,0.7749,nan,0,0,0
linq,35.0,1.0,eb1168,0.11675778353879479,0,3.2,0,0.35,20000,0.9134,433.6,1.036,0,0.0866,0.0001,11.116,0.0005,0.121,6.228,1.9759,1.8876,7,3.0147,8,0.8056,0.7504,0.0,0,0,0
linq,35.0,1.0,eb1168,0.11675778353879479,0,3.2,0,0.36,20000,0.9134,433.6,1.036,0,0.0866,0.0001,10.841,0.0012,0.146,5.9539,1.908,1.8235,7,2.9039,8,0.7743,0.7285,0.0,0,0,0
linq,35.0,1.0,eb1168,0.11675778353879479,0,3.2,0,0.37,20000,0.9134,433.6,1.036,0,0.0866,0.0002,10.567,0.0029,0.233,5.6798,1.8429,1.7617,7,2.8001,8,0.7486,0.7064,0.0,0,0,0
linq,35.0,1.0,eb1168,0.11675778353879479,0,3.2,0,0.38,20000,0.9134,433.6,1.036,0,0.0866,0.0004,10.297,0.0055,0.307,5.4123,1.7824,1.7044,7,2.7027,8,0.7277,0.6849,0.0,0,0,0
linq,35.0,1.0,eb1168,0.11675778353879479,0,3.2,0,0.39,20000,0.9134,433.6,1.036,0,0.0866,0.0007,10.026,0.0093,0.381,5.1444,1.7245,1.6494,7,2.6067,8,0.7085,0.663,0.0,0,0,0
linq,35.0,1.0,eb1168,0.11675778353879479,0,3.2,0,0.4,20000,0.9134,433.6,1.036,0,0.0866,0.0014,9.761,0.0144,0.44,4.8856,1.6701,1.5974,7,2.5195,8,0.691,0.6423,0.0,0,0,0
linq,35.0,1.0,eb1168,0.11675778353879479,0,3.2,0,0.41,20000,0.9134,433.6,1.036,0,0.0866,0.0029,9.496,0.0202,0.479,4.6363,1.6181,1.5479,7,2.4351,8,0.6724,0.6234,0.0,0,0,0
linq,35.0,1.0,eb1168,0.11675778353879479,0,3.2,0,0.42,20000,0.9134,433.6,1.036,0,0.0866,0.0054,9.237,0.0281,0.577,4.4008,1.5691,1.5014,7,2.3563,8,0.6525,0.6058,0.0,0,0,0
linq,35.0,1.0,eb1168,0.11675778353879479,0,3.2,0,0.43,20000,0.9134,433.6,1.036,0,0.0866,0.0089,8.984,0.0374,0.681,4.1793,1.5226,1.457,7,2.2854,8,0.6342,0.5883,0.0,0,0,0
linq,35.0,1.0,eb1168,0.11675778353879479,0,3.2,0,0.44,20000,0.9134,433.6,1.036,0,0.0866,0.0138,8.737,0.0465,0.756,3.9759,1.4787,1.4152,7,2.2147,8,0.6172,0.5719,0.0,0,0,0
linq,35.0,1.0,eb1168,0.11675778353879479,0,3.2,0,0.45,20000,0.9134,433.6,1.036,0,0.0866,0.0197,8.492,0.0572,0.859,3.7798,1.4367,1.3751,7,2.1462,8,0.6009,0.5559,0.0,0,0,0
linq,35.0,1.0,eb1168,0.11675778353879479,0,3.2,0,0.46,20000,0.9134,433.6,1.036,0,0.0866,0.0275,8.253,0.0669,0.934,3.6048,1.3964,1.3366,7,2.0815,8,0.5861,0.5404,0.0,0,0,0
linq,35.0,1.0,eb1168,0.11675778353879479,0,3.2,0,0.47,20000,0.9134,433.6,1.036,0,0.0866,0.0376,8.02,0.0751,0.985,3.4517,1.3578,1.2999,7,2.0217,8,0.5712,0.5262,0.0,0,0,0
linq,35.0,1.0,eb1168,0.11675778353879479,0,3.2,0,0.48,20000,0.9134,433.6,1.036,0,0.0866,0.0492,7.792,0.0837,1.053,3.3144,1.3216,1.2653,7,1.963,8,0.5565,0.5124,0.0,0,0,0
linq,35.0,1.0,eb1168,0.11675778353879479,0,3.2,0,0.49,20000,0.9134,433.6,1.036,0,0.0866,0.0627,7.57,0.0924,1.139,3.195,1.2867,1.2319,7,1.9078,8,0.5419,0.4987,0.0,0,0,0
linq,35.0,1.0,eb1168,0.11675778353879479,0,3.2,0,0.5,20000,0.9134,433.6,1.036,0,0.0866,0.077,7.355,0.0989,1.176,3.0875,1.2533,1.2,7,1.855,8,0.5287,0.4861,0.0,0,0,0
linq,35.0,1.0,eb1168,0.11675778353879479,0,3.2,0,0.51,20000,0.9134,433.6,1.036,0,0.0866,0.0923,7.146,0.105,1.206,2.9923,1.2218,1.1699,7,1.8038,8,0.5157,0.4742,0.0,0,0,0
linq,35.0,1.0,eb1168,0.11675778353879479,0,3.2,0,0.52,20000,0.9134,433.6,1.036,0,0.0866,0.108,6.948,0.1112,1.268,2.9092,1.1916,1.141,7,1.7573,8,0.5035,0.4628,0.0,0,1,0
linq,35.0,1.0,eb1168,0.11675778353879479,0,4.8,0,0.17,20000,0.9134,433.6,1.036,0,0.0866,0.0,13.595,0.0,nan,8.7156,nan,nan,0,4.2946,8,nan,nan,nan,0,0,0
linq,35.0,1.0,eb1168,0.11675778353879479,0,4.8,0,0.18,20000,0.9134,433.6,1.036,0,0.0866,0.0,13.166,0.0,nan,8.2871,4.7689,4.7689,1,3.8498,8,nan,nan,nan,0,0,0
linq,35.0,1.0,eb1168,0.11675778353879479,0,4.8,0,0.19,20000,0.9134,433.6,1.036,0,0.0866,0.0,12.737,0.0,nan,7.8578,4.2363,4.2337,2,3.463,8,nan,nan,nan,0,0,0
linq,35.0,1.0,eb1168,0.11675778353879479,0,4.8,0,0.2,20000,0.9134,433.6,1.036,0,0.0866,0.0,12.305,0.0,nan,7.4317,3.8716,3.8691,2,3.1256,8,nan,nan,nan,0,0,0
linq,35.0,1.0,eb1168,0.11675778353879479,0,4.8,0,0.21,20000,0.9134,433.6,1.036,0,0.0866,0.0,11.883,0.0,nan,7.0147,3.4538,3.4486,3,2.841,8,nan,nan,nan,0,0,0
linq,35.0,1.0,eb1168,0.11675778353879479,0,4.8,0,0.22,20000,0.9134,433.6,1.036,0,0.0866,0.0,11.45,0.0,nan,6.585,3.0703,3.0608,4,2.583,8,nan,nan,nan,0,0,0
linq,35.0,1.0,eb1168,0.11675778353879479,0,4.8,0,0.23,20000,0.9134,433.6,1.036,0,0.0866,0.0,11.023,0.0,nan,6.1617,2.8381,2.8297,4,2.3585,8,nan,nan,nan,0,0,0
linq,35.0,1.0,eb1168,0.11675778353879479,0,4.8,0,0.24,20000,0.9134,433.6,1.036,0,0.0866,0.0,10.594,0.0,nan,5.7343,2.5185,2.5025,5,2.16,8,nan,nan,nan,0,0,0
linq,35.0,1.0,eb1168,0.11675778353879479,0,4.8,0,0.25,20000,0.9134,433.6,1.036,0,0.0866,0.0,10.166,0.0,0.0,5.3125,2.2224,2.1937,6,1.9831,8,nan,nan,nan,0,0,0
linq,35.0,1.0,eb1168,0.11675778353879479,0,4.8,0,0.26,20000,0.9134,433.6,1.036,0,0.0866,0.0,9.741,0.0,0.0,4.8927,2.0678,2.0422,6,1.8302,8,nan,nan,nan,0,0,0
linq,35.0,1.0,eb1168,0.11675778353879479,0,4.8,0,0.27,20000,0.9134,433.6,1.036,0,0.0866,0.0,9.314,0.0001,0.058,4.4713,1.8125,1.7654,7,1.6909,8,nan,0.7853,nan,0,0,0
linq,35.0,1.0,eb1168,0.11675778353879479,0,4.8,0,0.28,20000,0.9134,433.6,1.036,0,0.0866,0.0,8.89,0.0004,0.047,4.0513,1.6942,1.6513,7,1.5638,8,nan,0.7403,nan,0,0,0
linq,35.0,1.0,eb1168,0.11675778353879479,0,4.8,0,0.29,20000,0.9134,433.6,1.036,0,0.0866,0.0,8.472,0.0016,0.086,3.6412,1.5866,1.548,7,1.4499,8,0.7767,0.7016,0.0,0,0,0
linq,35.0,1.0,eb1168,0.11675778353879479,0,4.8,0,0.3,20000,0.9134,433.6,1.036,0,0.0866,0.0001,8.058,0.006,0.165,3.237,1.4874,1.4519,7,1.3474,8,0.7295,0.6606,0.0,0,0,0
linq,35.0,1.0,eb1168,0.11675778353879479,0,4.8,0,0.31,20000,0.9134,433.6,1.036,0,0.0866,0.0004,7.656,0.0156,0.265,2.8474,1.3976,1.3646,7,1.253,8,0.6955,0.6232,0.0,0,0,0
linq,35.0,1.0,eb1168,0.11675778353879479,0,4.8,0,0.32,20000,0.9134,433.6,1.036,0,0.0866,0.0012,7.262,0.0321,0.404,2.475,1.315,1.2846,7,1.1672,8,0.6617,0.5901,0.0,0,0,0
linq,35.0,1.0,eb1168,0.11675778353879479,0,4.8,0,0.33,20000,0.9134,433.6,1.036,0,0.0866,0.0044,6.882,0.0545,0.559,2.129,1.2391,1.2109,7,1.0929,8,0.6295,0.5576,0.0,0,1,0
linq,35.0,1.0,eb1168,0.11675778353879479,0,4.8,0,0.34,20000,0.9134,433.6,1.036,0,0.0866,0.0114,6.514,0.0816,0.753,1.8242,1.1697,1.1433,7,1.0235,8,0.5988,0.5275,0.0,0,1,0
linq,35.0,1.0,eb1168,0.11675778353879479,0,4.8,0,0.35,20000,0.9134,433.6,1.036,0,0.0866,0.0242,6.156,0.1074,0.911,1.5639,1.1053,1.0805,7,0.9566,8,0.5703,0.4996,0.0,0,1,0
linq,35.0,1.0,eb1168,0.11675778353879479,0,4.8,0,0.36,20000,0.9134,433.6,1.036,0,0.0866,0.0444,5.813,0.1314,1.077,1.3611,1.0461,1.0228,7,0.8982,8,0.5424,0.4736,0.0,0,1,0
linq,35.0,1.0,eb1168,0.11675778353879479,0,4.8,0,0.37,20000,0.9134,433.6,1.036,0,0.0866,0.0708,5.489,0.1501,1.191,1.2045,0.9924,0.9705,7,0.8461,8,0.5166,0.4498,0.0,0,1,0
linq,35.0,1.0,eb1168,0.11675778353879479,0,4.8,0,0.38,20000,0.9134,433.6,1.036,0,0.0866,0.1013,5.176,0.1672,1.312,1.0788,0.942,0.9212,7,0.7976,8,0.4918,0.4273,0.0,0,1,0
linq,35.0,1.0,eb1168,0.11675778353879479,0,4.8,0,0.39,20000,0.9134,433.6,1.036,0,0.0866,0.1356,4.878,0.1794,1.357,0.9831,0.8949,0.8751,7,0.7534,8,0.469,0.4059,0.0,0,1,0
linq,35.0,1.0,eb1168,0.11675778353879479,0,4.8,0,0.4,20000,0.9134,433.6,1.036,0,0.0866,0.1729,4.601,0.188,1.404,0.9196,0.8514,0.8328,7,0.7156,8,0.4469,0.3871,0.0,0,1,0
linq,35.0,1.0,eb1168,0.11675778353879479,0,4.8,0,0.41,20000,0.9134,433.6,1.036,0,0.0866,0.2092,4.341,0.1958,1.459,0.8658,0.8108,0.7932,7,0.677,8,0.4269,0.3695,0.0,1,0,0
linq,35.0,1.0,eb1168,0.11675778353879479,0,4.8,0,0.42,20000,0.9134,433.6,1.036,0,0.0866,0.2462,4.094,0.2043,1.549,0.8269,0.7732,0.7564,7,0.6453,8,0.4071,0.3524,0.0,1,0,0
linq,35.0,1.0,eb1168,0.11675778353879479,0,4.8,0,0.43,20000,0.9134,433.6,1.036,0,0.0866,0.2817,3.868,0.2089,1.578,0.7978,0.7381,0.7222,7,0.6223,8,0.3895,0.3368,0.0,1,0,0
linq,35.0,1.0,eb1168,0.11675778353879479,0,4.8,0,0.44,20000,0.9134,433.6,1.036,0,0.0866,0.3159,3.656,0.2126,1.58,0.7738,0.7051,0.69,7,0.5937,8,0.3731,0.3217,0.0,1,0,0
linq,35.0,1.0,eb1168,0.11675778353879479,0,4.8,0,0.45,20000,0.9134,433.6,1.036,0,0.0866,0.349,3.457,0.2167,1.619,0.7528,0.6737,0.6593,7,0.5784,8,0.3573,0.3075,0.0,1,0,0
linq,35.0,1.0,eb1168,0.11675778353879479,0,4.8,0,0.46,20000,0.9134,433.6,1.036,0,0.0866,0.3817,3.272,0.216,1.583,0.7474,0.6448,0.6312,7,0.5543,7,0.3424,0.295,0.0,1,0,0
linq,35.0,1.0,eb1168,0.11675778353879479,0,4.8,0,0.47,20000,0.9134,433.6,1.036,0,0.0866,0.4121,3.1,0.2164,1.578,0.7479,0.6181,0.6051,7,0.5271,7,0.3285,0.2831,0.0,1,0,0
linq,35.0,1.0,eb1168,0.11675778353879479,0,4.8,0,0.48,20000,0.9134,433.6,1.036,0,0.0866,0.4408,2.936,0.2199,1.636,0.744,0.5924,0.58,7,0.502,7,0.3146,0.2713,0.0,1,0,0
linq,35.0,1.0,eb1168,0.11675778353879479,0,4.8,0,0.49,20000,0.9134,433.6,1.036,0,0.0866,0.467,2.785,0.2219,1.639,0.7377,0.568,0.5562,7,0.4807,7,0.3023,0.2606,0.0,1,0,0
linq,35.0,1.0,eb1168,0.11675778353879479,0,4.8,0,0.5,20000,0.9134,433.6,1.036,0,0.0866,0.4925,2.644,0.2226,1.659,0.7335,0.5444,0.5333,7,0.4637,7,0.2905,0.2503,0.0,1,0,0
linq,35.0,1.0,eb1168,0.11675778353879479,0,4.8,0,0.51,20000,0.9134,433.6,1.036,0,0.0866,0.515,2.514,0.2248,1.703,0.7271,0.5227,0.5122,7,0.4437,7,0.2799,0.2409,0.0,1,0,0
linq,35.0,1.0,eb1168,0.11675778353879479,0,4.8,0,0.52,20000,0.9134,433.6,1.036,0,0.0866,0.5368,2.391,0.2263,1.731,0.7237,0.5024,0.4924,7,0.4309,7,0.2696,0.2318,0.0,1,0,0
linq,35.0,1.0,eb1168,0.11675778353879479,0,6.4,0,0.17,20000,0.9134,433.6,1.036,0,0.0866,0.0,11.778,0.0,nan,6.9465,4.2082,4.2079,2,2.4576,8,nan,nan,nan,0,0,0
linq,35.0,1.0,eb1168,0.11675778353879479,0,6.4,0,0.18,20000,0.9134,433.6,1.036,0,0.0866,0.0,11.244,0.0,nan,6.4249,3.6928,3.6922,2,2.1071,8,nan,nan,nan,0,0,0
linq,35.0,1.0,eb1168,0.11675778353879479,0,6.4,0,0.19,20000,0.9134,433.6,1.036,0,0.0866,0.0,10.708,0.0,nan,5.9047,3.2247,3.2238,3,1.8134,8,nan,nan,nan,0,0,0
linq,35.0,1.0,eb1168,0.11675778353879479,0,6.4,0,0.2,20000,0.9134,433.6,1.036,0,0.0866,0.0,10.175,0.0,nan,5.3907,2.8114,2.8094,4,1.5748,8,nan,nan,nan,0,0,0
linq,35.0,1.0,eb1168,0.11675778353879479,0,6.4,0,0.21,20000,0.9134,433.6,1.036,0,0.0866,0.0,9.642,0.0,nan,4.8787,2.4429,2.438,5,1.3776,8,nan,nan,nan,0,0,0
linq,35.0,1.0,eb1168,0.11675778353879479,0,6.4,0,0.22,20000,0.9134,433.6,1.036,0,0.0866,0.0,9.108,0.0,nan,4.3755,2.1095,2.0989,6,1.2094,8,nan,nan,nan,0,0,0
linq,35.0,1.0,eb1168,0.11675778353879479,0,6.4,0,0.23,20000,0.9134,433.6,1.036,0,0.0866,0.0,8.569,0.0,0.0,3.8724,1.8909,1.8819,6,1.0703,8,nan,nan,nan,0,0,0
linq,35.0,1.0,eb1168,0.11675778353879479,0,6.4,0,0.24,20000,0.9134,433.6,1.036,0,0.0866,0.0,8.043,0.0,0.0,3.3915,1.6247,1.6044,7,0.9639,8,nan,0.8035,nan,0,0,0
linq,35.0,1.0,eb1168,0.11675778353879479,0,6.4,0,0.25,20000,0.9134,433.6,1.036,0,0.0866,0.0,7.512,0.0002,0.018,2.9112,1.4673,1.4501,7,0.9234,7,nan,0.7318,nan,0,0,0
linq,35.0,1.0,eb1168,0.11675778353879479,0,6.4,0,0.26,20000,0.9134,433.6,1.036,0,0.0866,0.0,6.998,0.0017,0.046,2.4578,1.3308,1.3164,7,0.8238,7,0.7748,0.6742,0.0,0,1,0
linq,35.0,1.0,eb1168,0.11675778353879479,0,6.4,0,0.27,20000,0.9134,433.6,1.036,0,0.0866,0.0001,6.496,0.0108,0.139,2.034,1.2089,1.1968,7,0.7373,7,0.7116,0.62,0.0,0,1,0
linq,35.0,1.0,eb1168,0.11675778353879479,0,6.4,0,0.28,20000,0.9134,433.6,1.036,0,0.0866,0.0004,6.013,0.0345,0.292,1.6512,1.1024,1.092,7,0.6684,7,0.6622,0.5709,0.0,0,1,0
linq,35.0,1.0,eb1168,0.11675778353879479,0,6.4,0,0.29,20000,0.9134,433.6,1.036,0,0.0866,0.0024,5.552,0.0769,0.537,1.3171,1.0074,0.9981,7,0.6125,7,0.6171,0.5249,0.0,0,1,0
linq,35.0,1.0,eb1168,0.11675778353879479,0,6.4,0,0.3,20000,0.9134,433.6,1.036,0,0.0866,0.0113,5.11,0.1267,0.813,1.0568,0.9222,0.9141,7,0.5717,7,0.5758,0.483,0.0,0,1,0
linq,35.0,1.0,eb1168,0.11675778353879479,0,6.4,0,0.31,20000,0.9134,433.6,1.036,0,0.0866,0.0333,4.694,0.1727,1.074,0.8827,0.8468,0.8394,7,0.5295,6,0.5366,0.4448,0.0,0,1,0
linq,35.0,1.0,eb1168,0.11675778353879479,0,6.4,0,0.32,20000,0.9134,433.6,1.036,0,0.0866,0.072,4.295,0.2089,1.288,0.7885,0.7784,0.7717,7,0.4818,6,0.4982,0.4097,0.0,1,0,0
linq,35.0,1.0,eb1168,0.11675778353879479,0,6.4,0,0.33,20000,0.9134,433.6,1.036,0,0.0866,0.1215,3.923,0.2335,1.43,0.7481,0.7174,0.7114,7,0.4457,6,0.4631,0.3794,0.0,1,0,0
linq,35.0,1.0,eb1168,0.11675778353879479,0,6.4,0,0.34,20000,0.9134,433.6,1.036,0,0.0866,0.1786,3.578,0.2509,1.549,0.7464,0.6629,0.6575,7,0.4086,6,0.43,0.3515,0.0,1,0,0
linq,35.0,1.0,eb1168,0.11675778353879479,0,6.4,0,0.35,20000,0.9134,433.6,1.036,0,0.0866,0.2367,3.263,0.2649,1.65,0.7586,0.6127,0.6078,7,0.3883,6,0.3997,0.3254,0.0,1,0,0
linq,35.0,1.0,eb1168,0.11675778353879479,0,6.4,0,0.36,20000,0.9134,433.6,1.036,0,0.0866,0.2939,2.977,0.2724,1.686,0.7855,0.5674,0.563,7,0.3577,5,0.3724,0.3025,0.0,1,0,0
linq,35.0,1.0,eb1168,0.11675778353879479,0,6.4,0,0.37,20000,0.9134,433.6,1.036,0,0.0866,0.3477,2.721,0.2773,1.714,0.8102,0.5267,0.5228,7,0.3281,5,0.3477,0.282,0.0,1,0,0
linq,35.0,1.0,eb1168,0.11675778353879479,0,6.4,0,0.38,20000,0.9134,433.6,1.036,0,0.0866,0.4002,2.483,0.2801,1.723,0.8284,0.4894,0.4859,7,0.3064,5,0.3241,0.2628,0.0,1,0,0
linq,35.0,1.0,eb1168,0.11675778353879479,0,6.4,0,0.39,20000,0.9134,433.6,1.036,0,0.0866,0.4466,2.275,0.2844,1.809,0.8521,0.4554,0.4523,7,0.2875,5,0.3028,0.2456,0.0,1,0,0
linq,35.0,1.0,eb1168,0.11675778353879479,0,6.4,0,0.4,20000,0.9134,433.6,1.036,0,0.0866,0.4896,2.087,0.2856,1.823,0.8707,0.4252,0.4223,7,0.2827,5,0.2834,0.2299,0.0,1,0,0
linq,35.0,1.0,eb1168,0.11675778353879479,0,6.4,0,0.41,20000,0.9134,433.6,1.036,0,0.0866,0.5274,1.913,0.2897,1.822,0.8897,0.396,0.3935,7,0.2764,5,0.266,0.2142,0.0,1,0,0
linq,35.0,1.0,eb1168,0.11675778353879479,0,6.4,0,0.42,20000,0.9134,433.6,1.036,0,0.0866,0.5637,1.759,0.2851,1.721,0.9115,0.3702,0.3679,7,0.2262,4,0.2501,0.2019,0.0,1,0,0
linq,35.0,1.0,eb1168,0.11675778353879479,0,6.4,0,0.43,20000,0.9134,433.6,1.036,0,0.0866,0.596,1.62,0.284,1.687,0.9306,0.3461,0.344,7,0.2159,4,0.235,0.1903,0.0,1,0,0
linq,35.0,1.0,eb1168,0.11675778353879479,0,6.4,0,0.44,20000,0.9134,433.6,1.036,0,0.0866,0.625,1.493,0.2872,1.709,0.9544,0.3233,0.3216,7,0.2052,4,0.2209,0.1791,0.0,1,0,0
linq,35.0,1.0,eb1168,0.11675778353879479,0,6.4,0,0.45,20000,0.9134,433.6,1.036,0,0.0866,0.6522,1.376,0.2898,1.758,0.9724,0.3034,0.3017,7,0.2052,4,0.2076,0.1686,0.0,1,0,0
linq,35.0,1.0,eb1168,0.11675778353879479,0,6.4,0,0.46,20000,0.9134,433.6,1.036,0,0.0866,0.6756,1.271,0.2943,1.804,1.0015,0.284,0.2825,7,0.201,4,0.1963,0.1585,0.0,1,0,0
linq,35.0,1.0,eb1168,0.11675778353879479,0,6.4,0,0.47,20000,0.9134,433.6,1.036,0,0.0866,0.6966,1.178,0.2982,1.863,1.0301,0.2663,0.265,7,0.2062,4,0.1861,0.1497,0.0,1,0,0
linq,35.0,1.0,eb1168,0.11675778353879479,0,6.4,0,0.48,20000,0.9134,433.6,1.036,0,0.0866,0.7166,1.09,0.3022,1.883,1.0581,0.2498,0.2487,7,0.1591,3,0.1761,0.141,0.0,0,0,0
linq,35.0,1.0,eb1168,0.11675778353879479,0,6.4,0,0.49,20000,0.9134,433.6,1.036,0,0.0866,0.7371,1.008,0.2984,1.82,1.0783,0.234,0.2329,7,0.1566,3,0.1666,0.1334,0.0,1,0,0
linq,35.0,1.0,eb1168,0.11675778353879479,0,6.4,0,0.5,20000,0.9134,433.6,1.036,0,0.0866,0.7548,0.934,0.2965,1.778,1.1076,0.2193,0.2183,7,0.1592,3,0.1578,0.1261,0.0,1,0,0
linq,35.0,1.0,eb1168,0.11675778353879479,0,6.4,0,0.51,20000,0.9134,433.6,1.036,0,0.0866,0.7707,0.868,0.2947,1.779,1.1337,0.2065,0.2056,7,0.1708,3,0.1495,0.1196,0.0,1,0,0
linq,35.0,1.0,eb1168,0.11675778353879479,0,6.4,0,0.52,20000,0.9134,433.6,1.036,0,0.0866,0.7851,0.806,0.2986,1.826,1.1591,0.1937,0.1929,7,0.1728,3,0.1414,0.1131,0.0,1,0,0
linq,35.0,1.0,eb1168,0.11675778353879479,0,9.6,1,0.17,20000,0.9134,433.6,1.036,0,0.0866,0.0,9.446,0.0,nan,4.9349,2.9438,2.9416,3,1.1108,6,nan,nan,nan,0,0,0
linq,35.0,1.0,eb1168,0.11675778353879479,0,9.6,1,0.18,20000,0.9134,433.6,1.036,0,0.0866,0.0,8.775,0.0,nan,4.353,2.4649,2.4614,4,0.8717,6,nan,nan,nan,0,0,0
linq,35.0,1.0,eb1168,0.11675778353879479,0,9.6,1,0.19,20000,0.9134,433.6,1.036,0,0.0866,0.0,8.098,0.0,nan,3.8004,2.0553,2.0511,5,0.705,6,nan,nan,nan,0,0,0
linq,35.0,1.0,eb1168,0.11675778353879479,0,9.6,1,0.2,20000,0.9134,433.6,1.036,0,0.0866,0.0,7.432,0.0,nan,3.2769,1.7054,1.7012,6,0.6231,5,nan,nan,nan,0,0,0
linq,35.0,1.0,eb1168,0.11675778353879479,0,9.6,1,0.21,20000,0.9134,433.6,1.036,0,0.0866,0.0,6.759,0.0,0.0,2.783,1.4301,1.4257,6,0.5017,5,nan,nan,nan,0,1,0
linq,35.0,1.0,eb1168,0.11675778353879479,0,9.6,1,0.22,20000,0.9134,433.6,1.036,0,0.0866,0.0,6.1,0.0,0.0,2.3291,1.1825,1.1778,7,0.4221,5,nan,0.741,nan,0,1,0
linq,35.0,1.0,eb1168,0.11675778353879479,0,9.6,1,0.23,20000,0.9134,433.6,1.036,0,0.0866,0.0,5.464,0.0007,0.011,1.9442,1.0032,0.9993,7,0.3701,4,0.8072,0.6494,0.0,0,1,0
linq,35.0,1.0,eb1168,0.11675778353879479,0,9.6,1,0.24,20000,0.9134,433.6,1.036,0,0.0866,0.0,4.862,0.0157,0.097,1.6395,0.8543,0.8509,7,0.3039,4,0.6991,0.5724,0.0,0,1,0
linq,35.0,1.0,eb1168,0.11675778353879479,0,9.6,1,0.25,20000,0.9134,433.6,1.036,0,0.0866,0.0001,4.292,0.0783,0.354,1.4585,0.7283,0.725,7,0.2679,4,0.6217,0.5004,0.0,0,0,0
linq,35.0,1.0,eb1168,0.11675778353879479,0,9.6,1,0.26,20000,0.9134,433.6,1.036,0,0.0866,0.0035,3.763,0.1812,0.786,1.4522,0.6235,0.6205,7,0.2269,3,0.5613,0.4336,0.0,0,0,0
linq,35.0,1.0,eb1168,0.11675778353879479,0,9.6,1,0.27,20000,0.9134,433.6,1.036,0,0.0866,0.0298,3.28,0.2766,1.273,1.5754,0.5346,0.5316,7,0.1956,3,0.5052,0.3766,0.0,1,0,0
linq,35.0,1.0,eb1168,0.11675778353879479,0,9.6,1,0.28,20000,0.9134,433.6,1.036,0,0.0866,0.1014,2.825,0.3381,1.648,1.7444,0.4608,0.4578,7,0.1834,3,0.4475,0.3269,0.0,0,0,0
linq,35.0,1.0,eb1168,0.11675778353879479,0,9.6,1,0.29,20000,0.9134,433.6,1.036,0,0.0866,0.2004,2.408,0.3693,1.857,1.8765,0.3973,0.3943,7,0.1459,2,0.3949,0.2853,0.0,0,0,0
linq,35.0,1.0,eb1168,0.11675778353879479,0,9.6,1,0.3,20000,0.9134,433.6,1.036,0,0.0866,0.3036,2.048,0.3852,2.001,1.9482,0.3445,0.3416,7,0.1367,2,0.3478,0.2504,0.0,0,0,0
linq,35.0,1.0,eb1168,0.11675778353879479,0,9.6,1,0.31,20000,0.9134,433.6,1.036,0,0.0866,0.4003,1.733,0.3929,2.035,1.999,0.2972,0.2937,7,0.1446,2,0.3065,0.2192,0.0,0,0,0
linq,35.0,1.0,eb1168,0.11675778353879479,0,9.6,1,0.32,20000,0.9134,433.6,1.036,0,0.0866,0.4831,1.475,0.3953,2.011,2.0349,0.2584,0.2547,7,0.1002,1,0.2713,0.1939,0.0,0,0,0
linq,35.0,1.0,eb1168,0.11675778353879479,0,9.6,1,0.33,20000,0.9134,433.6,1.036,0,0.0866,0.5549,1.253,0.3977,2.012,2.0741,0.2234,0.2196,7,0.1211,1,0.2402,0.1718,0.0,0,0,0
linq,35.0,1.0,eb1168,0.11675778353879479,0,9.6,1,0.34,20000,0.9134,433.6,1.036,0,0.0866,0.6152,1.069,0.4036,2.083,2.1112,0.1944,0.1904,7,0.1532,1,0.2133,0.1519,0.0,0,0,0
linq,35.0,1.0,eb1168,0.11675778353879479,0,9.6,1,0.35,20000,0.9134,433.6,1.036,0,0.0866,0.6668,0.911,0.4071,2.082,2.1538,0.1689,0.1649,7,0.216,1,0.1899,0.1346,0.0,0,0,0
linq,35.0,1.0,eb1168,0.11675778353879479,0,9.6,1,0.36,20000,0.9134,433.6,1.036,0,0.0866,0.7082,0.783,0.4126,2.137,2.2051,0.1461,0.1416,7,nan,0,0.1707,0.1198,0.0,0,0,0
linq,35.0,1.0,eb1168,0.11675778353879479,0,9.6,1,0.37,20000,0.9134,433.6,1.036,0,0.0866,0.7468,0.67,0.4121,2.103,2.2414,0.1281,0.1242,7,nan,0,0.1528,0.1065,0.0,0,0,0
linq,35.0,1.0,eb1168,0.11675778353879479,0,9.6,1,0.38,20000,0.9134,433.6,1.036,0,0.0866,0.7794,0.574,0.414,2.126,2.2865,0.1117,0.1082,7,nan,0,0.1366,0.0942,0.0,0,0,0
linq,35.0,1.0,eb1168,0.11675778353879479,0,9.6,1,0.39,20000,0.9134,433.6,1.036,0,0.0866,0.8071,0.494,0.4117,2.039,2.3281,0.1015,0.0992,7,nan,0,0.1228,0.0845,0.0,0,0,0
linq,35.0,1.0,eb1168,0.11675778353879479,0,9.6,1,0.4,20000,0.9134,433.6,1.036,0,0.0866,0.83,0.424,0.4185,2.058,2.3918,0.0939,0.092,7,nan,0,0.1101,0.0757,0.0,0,0,0
linq,35.0,1.0,eb1168,0.11675778353879479,0,9.6,1,0.41,20000,0.9134,433.6,1.036,0,0.0866,0.8504,0.366,0.4199,1.975,2.4452,0.0905,0.0865,7,nan,0,0.0991,0.068,0.0,0,0,0
linq,35.0,1.0,eb1168,0.11675778353879479,0,9.6,1,0.42,20000,0.9134,433.6,1.036,0,0.0866,0.8687,0.314,0.4223,1.928,2.4997,0.0736,0.0726,6,nan,0,0.0887,0.0605,0.0,0,0,0
linq,35.0,1.0,eb1168,0.11675778353879479,0,9.6,1,0.43,20000,0.9134,433.6,1.036,0,0.0866,0.883,0.27,0.4318,1.922,2.5807,0.0695,0.0682,6,nan,0,0.0804,0.0543,0.0,0,0,0
linq,35.0,1.0,eb1168,0.11675778353879479,0,9.6,1,0.44,20000,0.9134,433.6,1.036,0,0.0866,0.8964,0.233,0.4417,1.986,2.6416,0.0703,0.066,6,nan,0,0.0728,0.0485,0.0,0,0,0
linq,35.0,1.0,eb1168,0.11675778353879479,0,9.6,1,0.45,20000,0.9134,433.6,1.036,0,0.0866,0.9081,0.2,0.4559,2.143,2.7137,0.0545,0.0541,5,nan,0,0.0657,0.0437,0.0,0,0,0
linq,35.0,1.0,eb1168,0.11675778353879479,0,9.6,1,0.46,20000,0.9134,433.6,1.036,0,0.0866,0.9189,0.17,0.4728,2.203,2.7982,0.0527,0.0514,5,nan,0,0.0591,0.0381,0.0,0,0,0
linq,35.0,1.0,eb1168,0.11675778353879479,0,9.6,1,0.47,20000,0.9134,433.6,1.036,0,0.0866,0.9279,0.146,0.4799,2.183,2.8575,0.0552,0.0508,5,nan,0,0.0538,0.0336,0.0,0,0,0
linq,35.0,1.0,eb1168,0.11675778353879479,0,9.6,1,0.48,20000,0.9134,433.6,1.036,0,0.0866,0.9362,0.125,0.4848,2.029,2.9294,0.0404,0.0403,4,nan,0,0.0485,0.0294,0.0,0,0,0
linq,35.0,1.0,eb1168,0.11675778353879479,0,9.6,1,0.49,20000,0.9134,433.6,1.036,0,0.0866,0.9439,0.106,0.4871,1.903,2.9944,0.0416,0.04,4,nan,0,0.044,0.0264,0.0,0,0,0
linq,35.0,1.0,eb1168,0.11675778353879479,0,9.6,1,0.5,20000,0.9134,433.6,1.036,0,0.0866,0.9507,0.09,0.515,2.069,3.0686,0.0442,0.04,4,nan,0,0.039,0.0237,0.0,0,0,0
linq,35.0,1.0,eb1168,0.11675778353879479,0,9.6,1,0.51,20000,0.9134,433.6,1.036,0,0.0866,0.9571,0.075,0.514,1.894,3.1294,0.0303,0.0302,3,nan,0,0.0349,0.0215,0.0,0,0,0
linq,35.0,1.0,eb1168,0.11675778353879479,0,9.6,1,0.52,20000,0.9134,433.6,1.036,0,0.0866,0.962,0.063,0.5523,2.116,3.2181,0.0324,0.0312,3,nan,0,0.0308,0.0189,0.0,0,0,0
linq,35.0,1.0,eb1168,0.11675778353879479,0,12.8,1,0.17,20000,0.9134,433.6,1.036,0,0.0866,0.0,8.026,0.0,nan,4.0066,2.2235,2.203,4,0.5811,4,nan,nan,nan,0,0,0
linq,35.0,1.0,eb1168,0.11675778353879479,0,12.8,1,0.18,20000,0.9134,433.6,1.036,0,0.0866,0.0,7.273,0.0,nan,3.469,1.7873,1.7622,5,0.4158,4,nan,nan,nan,0,0,0
linq,35.0,1.0,eb1168,0.11675778353879479,0,12.8,1,0.19,20000,0.9134,433.6,1.036,0,0.0866,0.0,6.52,0.0,nan,2.974,1.4291,1.4048,6,0.3413,4,nan,nan,nan,0,1,0
linq,35.0,1.0,eb1168,0.11675778353879479,0,12.8,1,0.2,20000,0.9134,433.6,1.036,0,0.0866,0.0,5.769,0.0,0.0,2.5266,1.1197,1.0958,6,0.2523,3,nan,nan,nan,0,1,0
linq,35.0,1.0,eb1168,0.11675778353879479,0,12.8,1,0.21,20000,0.9134,433.6,1.036,0,0.0866,0.0,5.042,0.0,0.0,2.1651,0.8949,0.8734,7,0.2191,3,nan,0.7006,nan,0,1,0
linq,35.0,1.0,eb1168,0.11675778353879479,0,12.8,1,0.22,20000,0.9134,433.6,1.036,0,0.0866,0.0,4.362,0.0018,0.012,1.9305,0.712,0.6917,7,0.158,2,0.7718,0.5908,0.0,0,0,0
linq,35.0,1.0,eb1168,0.11675778353879479,0,12.8,1,0.23,20000,0.9134,433.6,1.036,0,0.0866,0.0,3.735,0.0516,0.18,1.9002,0.5672,0.5479,7,0.1491,2,0.6448,0.4987,0.0,0,0,0
linq,35.0,1.0,eb1168,0.11675778353879479,0,12.8,1,0.24,20000,0.9134,433.6,1.036,0,0.0866,0.0003,3.141,0.1979,0.67,1.9719,0.4492,0.4309,7,0.1089,1,0.5585,0.4082,0.0,1,0,0
linq,35.0,1.0,eb1168,0.11675778353879479,0,12.8,1,0.25,20000,0.9134,433.6,1.036,0,0.0866,0.0167,2.63,0.3506,1.382,2.2136,0.3571,0.3392,7,0.128,1,0.4915,0.3328,0.0,0,0,0
linq,35.0,1.0,eb1168,0.11675778353879479,0,12.8,1,0.26,20000,0.9134,433.6,1.036,0,0.0866,0.1089,2.154,0.4404,2.0,2.4713,0.2845,0.2678,7,nan,0,0.4195,0.2718,0.0,0,0,0
linq,35.0,1.0,eb1168,0.11675778353879479,0,12.8,1,0.27,20000,0.9134,433.6,1.036,0,0.0866,0.2568,1.711,0.4752,2.254,2.5863,0.2263,0.21,7,nan,0,0.3502,0.2224,0.0,0,0,0
linq,35.0,1.0,eb1168,0.11675778353879479,0,12.8,1,0.28,20000,0.9134,433.6,1.036,0,0.0866,0.4005,1.347,0.4855,2.306,2.6413,0.1818,0.1676,7,nan,0,0.2918,0.184,0.0,0,0,0
linq,35.0,1.0,eb1168,0.11675778353879479,0,12.8,1,0.29,20000,0.9134,433.6,1.036,0,0.0866,0.519,1.057,0.4958,2.391,2.6914,0.1487,0.1387,7,nan,0,0.2428,0.1521,0.0,0,0,0
linq,35.0,1.0,eb1168,0.11675778353879479,0,12.8,1,0.3,20000,0.9134,433.6,1.036,0,0.0866,0.6147,0.83,0.5006,2.443,2.7339,0.1272,0.1206,7,nan,0,0.2029,0.1263,0.0,0,0,0
linq,35.0,1.0,eb1168,0.11675778353879479,0,12.8,1,0.31,20000,0.9134,433.6,1.036,0,0.0866,0.6882,0.657,0.5047,2.426,2.7819,0.1056,0.1002,6,nan,0,0.1712,0.1048,0.0,0,0,0
linq,35.0,1.0,eb1168,0.11675778353879479,0,12.8,1,0.32,20000,0.9134,433.6,1.036,0,0.0866,0.7483,0.518,0.5074,2.415,2.8322,0.0912,0.0879,6,nan,0,0.1446,0.0871,0.0,0,0,0
linq,35.0,1.0,eb1168,0.11675778353879479,0,12.8,1,0.33,20000,0.9134,433.6,1.036,0,0.0866,0.7964,0.408,0.5099,2.32,2.8843,0.0754,0.0726,5,nan,0,0.1214,0.0726,0.0,0,0,0
linq,35.0,1.0,eb1168,0.11675778353879479,0,12.8,1,0.34,20000,0.9134,433.6,1.036,0,0.0866,0.833,0.322,0.5195,2.29,2.9581,0.066,0.0644,5,nan,0,0.1025,0.0605,0.0,0,0,0
linq,35.0,1.0,eb1168,0.11675778353879479,0,12.8,1,0.35,20000,0.9134,433.6,1.036,0,0.0866,0.8642,0.254,0.5256,2.299,3.0144,0.0642,0.0605,5,nan,0,0.0863,0.0506,0.0,0,0,0
linq,35.0,1.0,eb1168,0.11675778353879479,0,12.8,1,0.36,20000,0.9134,433.6,1.036,0,0.0866,0.8876,0.201,0.5462,2.378,3.1035,0.0481,0.0473,4,nan,0,0.0733,0.0414,0.0,0,0,0
linq,35.0,1.0,eb1168,0.11675778353879479,0,12.8,1,0.37,20000,0.9134,433.6,1.036,0,0.0866,0.9076,0.157,0.5686,2.455,3.1848,0.0471,0.0449,4,nan,0,0.0622,0.0333,0.0,0,0,0
linq,35.0,1.0,eb1168,0.11675778353879479,0,12.8,1,0.38,20000,0.9134,433.6,1.036,0,0.0866,0.9241,0.124,0.5768,2.275,3.2577,0.036,0.0357,3,nan,0,0.053,0.0274,0.0,0,0,0
linq,35.0,1.0,eb1168,0.11675778353879479,0,12.8,1,0.39,20000,0.9134,433.6,1.036,0,0.0866,0.9379,0.096,0.6092,2.427,3.3421,0.0377,0.0358,3,nan,0,0.0441,0.0224,0.0,0,0,0
linq,35.0,1.0,eb1168,0.11675778353879479,0,12.8,1,0.4,20000,0.9134,433.6,1.036,0,0.0866,0.9499,0.074,0.6361,2.425,3.416,0.0255,0.0255,2,nan,0,0.0367,0.0185,0.0,0,0,0
linq,35.0,1.0,eb1168,0.11675778353879479,0,12.8,1,0.41,20000,0.9134,433.6,1.036,0,0.0866,0.9599,0.056,0.6746,2.504,3.5046,0.0258,0.0253,2,nan,0,0.0302,0.0147,0.0,0,0,0
linq,35.0,1.0,eb1168,0.11675778353879479,0,12.8,1,0.42,20000,0.9134,433.6,1.036,0,0.0866,0.9671,0.043,0.7202,2.864,3.5806,0.0292,0.0269,2,nan,0,0.0255,0.0127,0.0,0,0,0
linq,35.0,1.0,eb1168,0.11675778353879479,0,12.8,1,0.43,20000,0.9134,433.6,1.036,0,0.0866,0.974,0.032,0.7792,3.761,3.6541,0.0168,0.0168,1,nan,0,0.0213,0.0118,0.0,0,0,0
linq,35.0,1.0,eb1168,0.11675778353879479,0,12.8,1,0.44,20000,0.9134,433.6,1.036,0,0.0866,0.9794,0.024,0.8526,6.0,3.7359,0.0204,0.0204,1,nan,0,0.0179,0.0144,0.0,0,0,0
linq,35.0,1.0,eb1168,0.11675778353879479,0,12.8,1,0.45,20000,0.9134,433.6,1.036,0,0.0866,0.9848,0.016,0.9245,12.537,3.8113,0.0257,0.0257,1,nan,0,0.0151,0.0181,0.0,0,0,0
linq,35.0,1.0,eb1168,0.11675778353879479,0,12.8,1,0.46,20000,0.9134,433.6,1.036,0,0.0866,0.9888,0.012,0.951,19.4,3.8396,0.0351,0.0351,1,nan,0,0.013,0.0248,0.0,0,0,0
linq,35.0,1.0,eb1168,0.11675778353879479,0,12.8,1,0.47,20000,0.9134,433.6,1.036,0,0.0866,0.992,0.008,0.9726,35.5,3.8612,nan,nan,0,nan,0,0.0125,nan,0.0,0,0,0
linq,35.0,1.0,eb1168,0.11675778353879479,0,12.8,1,0.48,20000,0.9134,433.6,1.036,0,0.0866,0.9952,0.005,0.9887,87.5,3.8773,nan,nan,0,nan,0,0.0125,nan,0.0,0,0,0
linq,35.0,1.0,eb1168,0.11675778353879479,0,12.8,1,0.49,20000,0.9134,433.6,1.036,0,0.0866,0.9976,0.002,1.0,nan,3.8886,nan,nan,0,nan,0,0.0145,nan,0.0,0,0,0
linq,35.0,1.0,eb1168,0.11675778353879479,0,12.8,1,0.5,20000,0.9134,433.6,1.036,0,0.0866,0.9989,0.001,1.0,nan,3.8886,nan,nan,0,nan,0,0.0183,nan,0.0,0,0,0
linq,35.0,1.0,eb1168,0.11675778353879479,0,12.8,1,0.51,20000,0.9134,433.6,1.036,0,0.0866,0.9995,0.001,1.0,nan,3.8886,nan,nan,0,nan,0,0.024,nan,0.0,0,0,0
linq,35.0,1.0,eb1168,0.11675778353879479,0,12.8,1,0.52,20000,0.9134,433.6,1.036,0,0.0866,0.9998,0.0,1.0,nan,3.8886,nan,nan,0,nan,0,nan,nan,nan,0,0,0
linq,35.0,1.0,eb154,0.154,1,2.4,0,0.17,20000,0.8915,433.6,1.036,0,0.1085,0.0,17.744,0.0,nan,12.8557,nan,nan,0,10.1415,5,nan,nan,nan,0,0,0
linq,35.0,1.0,eb154,0.154,1,2.4,0,0.18,20000,0.8915,433.6,1.036,0,0.1085,0.0,17.551,0.0,nan,12.662,nan,nan,0,9.6253,6,nan,nan,nan,0,0,0
linq,35.0,1.0,eb154,0.154,1,2.4,0,0.19,20000,0.8915,433.6,1.036,0,0.1085,0.0,17.361,0.0,nan,12.4725,nan,nan,0,9.1665,6,nan,nan,nan,0,0,0
linq,35.0,1.0,eb154,0.154,1,2.4,0,0.2,20000,0.8915,433.6,1.036,0,0.1085,0.0,17.173,0.0,nan,12.2841,nan,nan,0,8.7365,6,nan,nan,nan,0,0,0
linq,35.0,1.0,eb154,0.154,1,2.4,0,0.21,20000,0.8915,433.6,1.036,0,0.1085,0.0,16.979,0.0,nan,12.0907,nan,nan,0,8.287,7,nan,nan,nan,0,0,0
linq,35.0,1.0,eb154,0.154,1,2.4,0,0.22,20000,0.8915,433.6,1.036,0,0.1085,0.0,16.787,0.0,nan,11.898,nan,nan,0,7.9265,7,nan,nan,nan,0,0,0
linq,35.0,1.0,eb154,0.154,1,2.4,0,0.23,20000,0.8915,433.6,1.036,0,0.1085,0.0,16.597,0.0,nan,11.7084,nan,nan,0,7.503,8,nan,nan,nan,0,0,0
linq,35.0,1.0,eb154,0.154,1,2.4,0,0.24,20000,0.8915,433.6,1.036,0,0.1085,0.0,16.406,0.0,nan,11.5174,nan,nan,0,7.1963,8,nan,nan,nan,0,0,0
linq,35.0,1.0,eb154,0.154,1,2.4,0,0.25,20000,0.8915,433.6,1.036,0,0.1085,0.0,16.213,0.0,nan,11.3246,nan,nan,0,6.9192,8,nan,nan,nan,0,0,0
linq,35.0,1.0,eb154,0.154,1,2.4,0,0.26,20000,0.8915,433.6,1.036,0,0.1085,0.0,16.027,0.0,nan,11.1381,nan,nan,0,6.6675,8,nan,nan,nan,0,0,0
linq,35.0,1.0,eb154,0.154,1,2.4,0,0.27,20000,0.8915,433.6,1.036,0,0.1085,0.0,15.837,0.0,nan,10.9488,4.8512,4.8512,1,6.4251,8,nan,nan,nan,0,0,0
linq,35.0,1.0,eb154,0.154,1,2.4,0,0.28,20000,0.8915,433.6,1.036,0,0.1085,0.0,15.649,0.0,nan,10.7606,4.6621,4.6621,1,6.1986,8,nan,nan,nan,0,0,0
linq,35.0,1.0,eb154,0.154,1,2.4,0,0.29,20000,0.8915,433.6,1.036,0,0.1085,0.0,15.458,0.0,nan,10.5691,4.2521,4.2438,2,5.9835,8,nan,nan,nan,0,0,0
linq,35.0,1.0,eb154,0.154,1,2.4,0,0.3,20000,0.8915,433.6,1.036,0,0.1085,0.0,15.273,0.0,nan,10.3845,4.1148,4.1058,2,5.7898,8,nan,nan,nan,0,0,0
linq,35.0,1.0,eb154,0.154,1,2.4,0,0.31,20000,0.8915,433.6,1.036,0,0.1085,0.0,15.083,0.0,nan,10.1945,3.9999,3.9905,2,5.6019,8,nan,nan,nan,0,0,0
linq,35.0,1.0,eb154,0.154,1,2.4,0,0.32,20000,0.8915,433.6,1.036,0,0.1085,0.0,14.893,0.0,nan,10.0043,3.6665,3.6468,3,5.4251,8,nan,nan,nan,0,0,0
linq,35.0,1.0,eb154,0.154,1,2.4,0,0.33,20000,0.8915,433.6,1.036,0,0.1085,0.0,14.705,0.0,nan,9.816,3.5658,3.5466,3,5.2584,8,nan,nan,nan,0,0,0
linq,35.0,1.0,eb154,0.154,1,2.4,0,0.34,20000,0.8915,433.6,1.036,0,0.1085,0.0,14.516,0.0,nan,9.6275,3.2659,3.232,4,5.1034,8,nan,nan,nan,0,0,0
linq,35.0,1.0,eb154,0.154,1,2.4,0,0.35,20000,0.8915,433.6,1.036,0,0.1085,0.0,14.324,0.0,0.0,9.4352,3.1767,3.1434,4,4.9536,8,nan,nan,nan,0,0,0
linq,35.0,1.0,eb154,0.154,1,2.4,0,0.36,20000,0.8915,433.6,1.036,0,0.1085,0.0,14.139,0.0,0.0,9.2506,2.902,2.8472,5,4.8176,8,nan,nan,nan,0,0,0
linq,35.0,1.0,eb154,0.154,1,2.4,0,0.37,20000,0.8915,433.6,1.036,0,0.1085,0.0,13.95,0.0,0.0,9.0618,2.8263,2.7732,5,4.6865,8,nan,nan,nan,0,0,0
linq,35.0,1.0,eb154,0.154,1,2.4,0,0.38,20000,0.8915,433.6,1.036,0,0.1085,0.0,13.764,0.0001,0.75,8.8754,2.5696,2.4872,6,4.5627,8,nan,nan,nan,0,0,0
linq,35.0,1.0,eb154,0.154,1,2.4,0,0.39,20000,0.8915,433.6,1.036,0,0.1085,0.0,13.574,0.0001,0.444,8.6849,2.5061,2.4246,6,4.4405,8,nan,nan,nan,0,0,0
linq,35.0,1.0,eb154,0.154,1,2.4,0,0.4,20000,0.8915,433.6,1.036,0,0.1085,0.0,13.385,0.0001,0.222,8.4964,2.4472,2.3683,6,4.3257,8,nan,nan,nan,0,0,0
linq,35.0,1.0,eb154,0.154,1,2.4,0,0.41,20000,0.8915,433.6,1.036,0,0.1085,0.0,13.198,0.0002,0.269,8.3092,2.2092,2.0857,7,4.2156,8,nan,0.7856,nan,0,0,0
linq,35.0,1.0,eb154,0.154,1,2.4,0,0.42,20000,0.8915,433.6,1.036,0,0.1085,0.0001,13.011,0.0003,0.213,8.123,2.1562,2.0349,7,4.1141,8,nan,0.7627,nan,0,0,0
linq,35.0,1.0,eb154,0.154,1,2.4,0,0.43,20000,0.8915,433.6,1.036,0,0.1085,0.0001,12.824,0.0004,0.179,7.937,2.1094,1.9914,7,4.0161,8,nan,0.7473,nan,0,0,0
linq,35.0,1.0,eb154,0.154,1,2.4,0,0.44,20000,0.8915,433.6,1.036,0,0.1085,0.0001,12.639,0.0007,0.222,7.752,2.0645,1.9497,7,3.9224,8,0.7695,0.7335,0.0,0,0,0
linq,35.0,1.0,eb154,0.154,1,2.4,0,0.45,20000,0.8915,433.6,1.036,0,0.1085,0.0002,12.451,0.0012,0.231,7.5646,2.019,1.9072,7,3.8314,8,0.7512,0.7184,0.0,0,0,0
linq,35.0,1.0,eb154,0.154,1,2.4,0,0.46,20000,0.8915,433.6,1.036,0,0.1085,0.0002,12.268,0.002,0.296,7.3818,1.9772,1.8681,7,3.7462,8,0.7367,0.7056,0.0,0,0,0
linq,35.0,1.0,eb154,0.154,1,2.4,0,0.47,20000,0.8915,433.6,1.036,0,0.1085,0.0004,12.085,0.0031,0.363,7.2018,1.9372,1.8311,7,3.6633,8,0.7206,0.6936,0.0,0,0,0
linq,35.0,1.0,eb154,0.154,1,2.4,0,0.48,20000,0.8915,433.6,1.036,0,0.1085,0.0006,11.899,0.0045,0.4,7.0178,1.8972,1.7933,7,3.5837,8,0.7087,0.6801,0.0,0,0,0
linq,35.0,1.0,eb154,0.154,1,2.4,0,0.49,20000,0.8915,433.6,1.036,0,0.1085,0.0009,11.714,0.0065,0.486,6.8359,1.8594,1.7577,7,3.5053,8,0.6971,0.6673,0.0,0,0,0
linq,35.0,1.0,eb154,0.154,1,2.4,0,0.5,20000,0.8915,433.6,1.036,0,0.1085,0.0014,11.534,0.0088,0.544,6.6608,1.8227,1.7232,7,3.4329,8,0.6855,0.6535,0.0,0,0,0
linq,35.0,1.0,eb154,0.154,1,2.4,0,0.51,20000,0.8915,433.6,1.036,0,0.1085,0.0022,11.35,0.0109,0.548,6.4864,1.7873,1.6898,7,3.3587,8,0.6747,0.6413,0.0,0,0,0
linq,35.0,1.0,eb154,0.154,1,2.4,0,0.52,20000,0.8915,433.6,1.036,0,0.1085,0.0034,11.173,0.0137,0.598,6.323,1.7538,1.6581,7,3.2931,8,0.6629,0.6289,0.0,0,0,0
linq,35.0,1.0,eb154,0.154,1,3.2,0,0.17,20000,0.8915,433.6,1.036,0,0.1085,0.0,16.088,0.0,nan,11.1996,nan,nan,0,7.3098,7,nan,nan,nan,0,0,0
linq,35.0,1.0,eb154,0.154,1,3.2,0,0.18,20000,0.8915,433.6,1.036,0,0.1085,0.0,15.801,0.0,nan,10.9119,nan,nan,0,6.7959,7,nan,nan,nan,0,0,0
linq,35.0,1.0,eb154,0.154,1,3.2,0,0.19,20000,0.8915,433.6,1.036,0,0.1085,0.0,15.518,0.0,nan,10.6291,nan,nan,0,6.375,8,nan,nan,nan,0,0,0
linq,35.0,1.0,eb154,0.154,1,3.2,0,0.2,20000,0.8915,433.6,1.036,0,0.1085,0.0,15.233,0.0,nan,10.3442,nan,nan,0,5.9672,8,nan,nan,nan,0,0,0
linq,35.0,1.0,eb154,0.154,1,3.2,0,0.21,20000,0.8915,433.6,1.036,0,0.1085,0.0,14.949,0.0,nan,10.0604,nan,nan,0,5.6038,8,nan,nan,nan,0,0,0
linq,35.0,1.0,eb154,0.154,1,3.2,0,0.22,20000,0.8915,433.6,1.036,0,0.1085,0.0,14.669,0.0,nan,9.78,4.8102,4.8102,1,5.273,8,nan,nan,nan,0,0,0
linq,35.0,1.0,eb154,0.154,1,3.2,0,0.23,20000,0.8915,433.6,1.036,0,0.1085,0.0,14.381,0.0,nan,9.4928,4.5371,4.5371,1,4.9671,8,nan,nan,nan,0,0,0
linq,35.0,1.0,eb154,0.154,1,3.2,0,0.24,20000,0.8915,433.6,1.036,0,0.1085,0.0,14.1,0.0,nan,9.2111,4.1035,4.0973,2,4.6924,8,nan,nan,nan,0,0,0
linq,35.0,1.0,eb154,0.154,1,3.2,0,0.25,20000,0.8915,433.6,1.036,0,0.1085,0.0,13.816,0.0,nan,8.9276,3.9116,3.9054,2,4.4395,8,nan,nan,nan,0,0,0
linq,35.0,1.0,eb154,0.154,1,3.2,0,0.26,20000,0.8915,433.6,1.036,0,0.1085,0.0,13.533,0.0,nan,8.6439,3.5497,3.5369,3,4.209,8,nan,nan,nan,0,0,0
linq,35.0,1.0,eb154,0.154,1,3.2,0,0.27,20000,0.8915,433.6,1.036,0,0.1085,0.0,13.253,0.0,nan,8.3641,3.2228,3.1999,4,3.9993,8,nan,nan,nan,0,0,0
linq,35.0,1.0,eb154,0.154,1,3.2,0,0.28,20000,0.8915,433.6,1.036,0,0.1085,0.0,12.968,0.0,nan,8.0796,3.0774,3.0547,4,3.8018,8,nan,nan,nan,0,0,0
linq,35.0,1.0,eb154,0.154,1,3.2,0,0.29,20000,0.8915,433.6,1.036,0,0.1085,0.0,12.687,0.0,0.0,7.798,2.7853,2.7475,5,3.6209,8,nan,nan,nan,0,0,0
linq,35.0,1.0,eb154,0.154,1,3.2,0,0.3,20000,0.8915,433.6,1.036,0,0.1085,0.0,12.403,0.0,0.0,7.514,2.6671,2.6308,5,3.4548,8,nan,nan,nan,0,0,0
linq,35.0,1.0,eb154,0.154,1,3.2,0,0.31,20000,0.8915,433.6,1.036,0,0.1085,0.0,12.121,0.0,0.0,7.2349,2.4027,2.3443,6,3.3007,8,nan,nan,nan,0,0,0
linq,35.0,1.0,eb154,0.154,1,3.2,0,0.32,20000,0.8915,433.6,1.036,0,0.1085,0.0,11.838,0.0001,0.231,6.9537,2.3073,2.2514,6,3.1558,8,nan,nan,nan,0,0,0
linq,35.0,1.0,eb154,0.154,1,3.2,0,0.33,20000,0.8915,433.6,1.036,0,0.1085,0.0,11.553,0.0001,0.138,6.6709,2.0616,1.9709,7,3.0185,8,nan,0.7897,nan,0,0,0
linq,35.0,1.0,eb154,0.154,1,3.2,0,0.34,20000,0.8915,433.6,1.036,0,0.1085,0.0,11.27,0.0003,0.12,6.3891,1.9851,1.8978,7,2.8898,8,nan,0.756,nan,0,0,0
linq,35.0,1.0,eb154,0.154,1,3.2,0,0.35,20000,0.8915,433.6,1.036,0,0.1085,0.0001,10.992,0.0006,0.129,6.1118,1.912,1.8287,7,2.7755,8,0.7855,0.7313,0.0,0,0,0
linq,35.0,1.0,eb154,0.154,1,3.2,0,0.36,20000,0.8915,433.6,1.036,0,0.1085,0.0001,10.712,0.0011,0.139,5.8327,1.8444,1.7651,7,2.665,8,0.7567,0.7099,0.0,0,0,0
linq,35.0,1.0,eb154,0.154,1,3.2,0,0.37,20000,0.8915,433.6,1.036,0,0.1085,0.0002,10.436,0.0026,0.208,5.5579,1.7805,1.7044,7,2.5619,8,0.7315,0.6883,0.0,0,0,0
linq,35.0,1.0,eb154,0.154,1,3.2,0,0.38,20000,0.8915,433.6,1.036,0,0.1085,0.0004,10.161,0.0054,0.311,5.2846,1.7197,1.6469,7,2.4659,8,0.7082,0.6664,0.0,0,0,0
linq,35.0,1.0,eb154,0.154,1,3.2,0,0.39,20000,0.8915,433.6,1.036,0,0.1085,0.0007,9.886,0.0092,0.375,5.0138,1.6619,1.5918,7,2.3726,8,0.6901,0.6443,0.0,0,0,0
linq,35.0,1.0,eb154,0.154,1,3.2,0,0.4,20000,0.8915,433.6,1.036,0,0.1085,0.0013,9.619,0.0143,0.437,4.7525,1.6075,1.5399,7,2.2877,8,0.6725,0.6241,0.0,0,0,0
linq,35.0,1.0,eb154,0.154,1,3.2,0,0.41,20000,0.8915,433.6,1.036,0,0.1085,0.0027,9.353,0.0203,0.492,4.4988,1.5562,1.4911,7,2.2043,8,0.6541,0.6051,0.0,0,0,0
linq,35.0,1.0,eb154,0.154,1,3.2,0,0.42,20000,0.8915,433.6,1.036,0,0.1085,0.0051,9.09,0.0279,0.571,4.2572,1.5074,1.4447,7,2.1255,8,0.6348,0.5876,0.0,0,0,0
linq,35.0,1.0,eb154,0.154,1,3.2,0,0.43,20000,0.8915,433.6,1.036,0,0.1085,0.0085,8.834,0.0374,0.68,4.031,1.4615,1.4008,7,2.0525,8,0.6165,0.5704,0.0,0,0,0
linq,35.0,1.0,eb154,0.154,1,3.2,0,0.44,20000,0.8915,433.6,1.036,0,0.1085,0.0133,8.582,0.0465,0.756,3.8212,1.4173,1.3588,7,1.9848,8,0.5997,0.5542,0.0,0,0,0
linq,35.0,1.0,eb154,0.154,1,3.2,0,0.45,20000,0.8915,433.6,1.036,0,0.1085,0.0194,8.334,0.0573,0.852,3.6239,1.3753,1.3186,7,1.9199,8,0.5831,0.538,0.0,0,0,0
linq,35.0,1.0,eb154,0.154,1,3.2,0,0.46,20000,0.8915,433.6,1.036,0,0.1085,0.0273,8.092,0.0673,0.939,3.4452,1.3356,1.2807,7,1.8549,8,0.5682,0.5226,0.0,0,0,0
linq,35.0,1.0,eb154,0.154,1,3.2,0,0.47,20000,0.8915,433.6,1.036,0,0.1085,0.037,7.854,0.0759,0.983,3.284,1.2971,1.244,7,1.7945,8,0.5537,0.5083,0.0,0,0,0
linq,35.0,1.0,eb154,0.154,1,3.2,0,0.48,20000,0.8915,433.6,1.036,0,0.1085,0.049,7.626,0.084,1.05,3.1491,1.2612,1.2098,7,1.7382,8,0.539,0.4948,0.0,0,0,0
linq,35.0,1.0,eb154,0.154,1,3.2,0,0.49,20000,0.8915,433.6,1.036,0,0.1085,0.0621,7.4,0.0929,1.129,3.0223,1.2266,1.1767,7,1.6836,8,0.5247,0.4812,0.0,0,0,0
linq,35.0,1.0,eb154,0.154,1,3.2,0,0.5,20000,0.8915,433.6,1.036,0,0.1085,0.0768,7.182,0.0996,1.167,2.9131,1.1941,1.1455,7,1.6307,8,0.5114,0.4687,0.0,0,0,0
linq,35.0,1.0,eb154,0.154,1,3.2,0,0.51,20000,0.8915,433.6,1.036,0,0.1085,0.0924,6.967,0.1061,1.197,2.8116,1.1617,1.1146,7,1.5807,8,0.4983,0.4565,0.0,0,1,0
linq,35.0,1.0,eb154,0.154,1,3.2,0,0.52,20000,0.8915,433.6,1.036,0,0.1085,0.1077,6.766,0.1125,1.256,2.7194,1.1321,1.0863,7,1.5336,8,0.4863,0.4454,0.0,0,1,0
linq,35.0,1.0,eb154,0.154,1,4.8,0,0.17,20000,0.8915,433.6,1.036,0,0.1085,0.0,13.514,0.0,nan,8.6424,nan,nan,0,4.0451,8,nan,nan,nan,0,0,0
linq,35.0,1.0,eb154,0.154,1,4.8,0,0.18,20000,0.8915,433.6,1.036,0,0.1085,0.0,13.081,0.0,nan,8.2168,4.6505,4.6505,1,3.6056,8,nan,nan,nan,0,0,0
linq,35.0,1.0,eb154,0.154,1,4.8,0,0.19,20000,0.8915,433.6,1.036,0,0.1085,0.0,12.648,0.0,nan,7.7884,4.1315,4.1293,2,3.2256,8,nan,nan,nan,0,0,0
linq,35.0,1.0,eb154,0.154,1,4.8,0,0.2,20000,0.8915,433.6,1.036,0,0.1085,0.0,12.212,0.0,nan,7.3526,3.7665,3.7642,2,2.8899,8,nan,nan,nan,0,0,0
linq,35.0,1.0,eb154,0.154,1,4.8,0,0.21,20000,0.8915,433.6,1.036,0,0.1085,0.0,11.782,0.0,nan,6.9272,3.3585,3.3539,3,2.6038,8,nan,nan,nan,0,0,0
linq,35.0,1.0,eb154,0.154,1,4.8,0,0.22,20000,0.8915,433.6,1.036,0,0.1085,0.0,11.349,0.0,nan,6.5024,2.9843,2.9759,4,2.3555,8,nan,nan,nan,0,0,0
linq,35.0,1.0,eb154,0.154,1,4.8,0,0.23,20000,0.8915,433.6,1.036,0,0.1085,0.0,10.918,0.0,nan,6.0786,2.7531,2.7457,4,2.1365,8,nan,nan,nan,0,0,0
linq,35.0,1.0,eb154,0.154,1,4.8,0,0.24,20000,0.8915,433.6,1.036,0,0.1085,0.0,10.484,0.0,nan,5.6494,2.4403,2.4259,5,1.9418,8,nan,nan,nan,0,0,0
linq,35.0,1.0,eb154,0.154,1,4.8,0,0.25,20000,0.8915,433.6,1.036,0,0.1085,0.0,10.051,0.0,0.0,5.2223,2.1522,2.1261,6,1.7682,8,nan,nan,nan,0,0,0
linq,35.0,1.0,eb154,0.154,1,4.8,0,0.26,20000,0.8915,433.6,1.036,0,0.1085,0.0,9.619,0.0,0.0,4.8046,1.9977,1.9747,6,1.6168,8,nan,nan,nan,0,0,0
linq,35.0,1.0,eb154,0.154,1,4.8,0,0.27,20000,0.8915,433.6,1.036,0,0.1085,0.0,9.189,0.0001,0.061,4.3842,1.7494,1.7063,7,1.4829,8,nan,0.7659,nan,0,0,0
linq,35.0,1.0,eb154,0.154,1,4.8,0,0.28,20000,0.8915,433.6,1.036,0,0.1085,0.0,8.758,0.0004,0.05,3.962,1.6314,1.5927,7,1.3583,8,nan,0.7213,nan,0,0,0
linq,35.0,1.0,eb154,0.154,1,4.8,0,0.29,20000,0.8915,433.6,1.036,0,0.1085,0.0,8.339,0.0015,0.081,3.5604,1.5249,1.4902,7,1.2529,8,0.7595,0.6828,0.0,0,0,0
linq,35.0,1.0,eb154,0.154,1,4.8,0,0.3,20000,0.8915,433.6,1.036,0,0.1085,0.0001,7.921,0.0059,0.163,3.1576,1.426,1.3944,7,1.1566,8,0.711,0.6421,0.0,0,0,0
linq,35.0,1.0,eb154,0.154,1,4.8,0,0.31,20000,0.8915,433.6,1.036,0,0.1085,0.0004,7.513,0.0155,0.263,2.7741,1.3369,1.3077,7,1.0698,8,0.6765,0.6047,0.0,0,0,0
linq,35.0,1.0,eb154,0.154,1,4.8,0,0.32,20000,0.8915,433.6,1.036,0,0.1085,0.0012,7.115,0.0315,0.394,2.4061,1.2545,1.228,7,0.9902,8,0.6439,0.5721,0.0,0,0,0
linq,35.0,1.0,eb154,0.154,1,4.8,0,0.33,20000,0.8915,433.6,1.036,0,0.1085,0.0043,6.727,0.0544,0.553,2.0677,1.1789,1.1544,7,0.9216,8,0.6116,0.5395,0.0,0,1,0
linq,35.0,1.0,eb154,0.154,1,4.8,0,0.34,20000,0.8915,433.6,1.036,0,0.1085,0.0114,6.354,0.0817,0.747,1.7693,1.1099,1.0872,7,0.8713,8,0.5807,0.5097,0.0,0,1,0
linq,35.0,1.0,eb154,0.154,1,4.8,0,0.35,20000,0.8915,433.6,1.036,0,0.1085,0.0236,5.997,0.108,0.905,1.5185,1.0465,1.0254,7,0.8295,8,0.5529,0.482,0.0,0,1,0
linq,35.0,1.0,eb154,0.154,1,4.8,0,0.36,20000,0.8915,433.6,1.036,0,0.1085,0.0435,5.65,0.133,1.076,1.3167,0.9877,0.9681,7,0.8086,7,0.5251,0.4561,0.0,0,1,0
linq,35.0,1.0,eb154,0.154,1,4.8,0,0.37,20000,0.8915,433.6,1.036,0,0.1085,0.0704,5.318,0.1524,1.196,1.1665,0.9335,0.9152,7,0.755,7,0.4991,0.4322,0.0,0,1,0
linq,35.0,1.0,eb154,0.154,1,4.8,0,0.38,20000,0.8915,433.6,1.036,0,0.1085,0.101,5.002,0.1692,1.302,1.0465,0.8835,0.8664,7,0.7042,7,0.4748,0.4102,0.0,0,1,0
linq,35.0,1.0,eb154,0.154,1,4.8,0,0.39,20000,0.8915,433.6,1.036,0,0.1085,0.1356,4.701,0.1825,1.361,0.9559,0.8369,0.8207,7,0.6574,7,0.452,0.3888,0.0,0,1,0
linq,35.0,1.0,eb154,0.154,1,4.8,0,0.4,20000,0.8915,433.6,1.036,0,0.1085,0.1734,4.42,0.1914,1.403,0.9006,0.794,0.7789,7,0.619,7,0.4301,0.37,0.0,1,1,1
linq,35.0,1.0,eb154,0.154,1,4.8,0,0.41,20000,0.8915,433.6,1.036,0,0.1085,0.2105,4.157,0.1998,1.457,0.8519,0.7536,0.7395,7,0.5834,7,0.4099,0.3525,0.0,1,0,0
linq,35.0,1.0,eb154,0.154,1,4.8,0,0.42,20000,0.8915,433.6,1.036,0,0.1085,0.2477,3.909,0.2087,1.538,0.8119,0.7157,0.7026,7,0.5639,7,0.3905,0.3355,0.0,1,0,0
linq,35.0,1.0,eb154,0.154,1,4.8,0,0.43,20000,0.8915,433.6,1.036,0,0.1085,0.2847,3.679,0.2132,1.561,0.7927,0.6815,0.669,7,0.5441,7,0.3726,0.3198,0.0,1,0,0
linq,35.0,1.0,eb154,0.154,1,4.8,0,0.44,20000,0.8915,433.6,1.036,0,0.1085,0.3192,3.465,0.2186,1.6,0.7726,0.6488,0.6371,7,0.518,6,0.3562,0.305,0.0,1,0,0
linq,35.0,1.0,eb154,0.154,1,4.8,0,0.45,20000,0.8915,433.6,1.036,0,0.1085,0.3531,3.265,0.222,1.619,0.7595,0.6181,0.6071,7,0.4857,6,0.3407,0.291,0.0,1,0,0
linq,35.0,1.0,eb154,0.154,1,4.8,0,0.46,20000,0.8915,433.6,1.036,0,0.1085,0.3855,3.078,0.2229,1.59,0.751,0.5891,0.5788,7,0.4567,6,0.3263,0.2783,0.0,1,0,0
linq,35.0,1.0,eb154,0.154,1,4.8,0,0.47,20000,0.8915,433.6,1.036,0,0.1085,0.4171,2.904,0.2234,1.581,0.7495,0.5624,0.5527,7,0.4333,6,0.3122,0.2665,0.0,1,0,0
linq,35.0,1.0,eb154,0.154,1,4.8,0,0.48,20000,0.8915,433.6,1.036,0,0.1085,0.4468,2.74,0.2264,1.629,0.7502,0.5373,0.5282,7,0.4104,6,0.2984,0.255,0.0,1,0,0
linq,35.0,1.0,eb154,0.154,1,4.8,0,0.49,20000,0.8915,433.6,1.036,0,0.1085,0.4726,2.589,0.2299,1.641,0.7445,0.5134,0.5048,7,0.397,6,0.2864,0.2444,0.0,1,0,0
linq,35.0,1.0,eb154,0.154,1,4.8,0,0.5,20000,0.8915,433.6,1.036,0,0.1085,0.4991,2.446,0.2309,1.655,0.7491,0.4905,0.4825,7,0.3928,6,0.2745,0.2339,0.0,1,0,0
linq,35.0,1.0,eb154,0.154,1,4.8,0,0.51,20000,0.8915,433.6,1.036,0,0.1085,0.5221,2.315,0.2338,1.7,0.7425,0.4688,0.4613,7,0.3803,6,0.2638,0.2247,0.0,1,0,0
linq,35.0,1.0,eb154,0.154,1,4.8,0,0.52,20000,0.8915,433.6,1.036,0,0.1085,0.545,2.193,0.2342,1.718,0.7462,0.4486,0.4417,7,0.3482,5,0.2535,0.2159,0.0,1,0,0
linq,35.0,1.0,eb154,0.154,1,6.4,0,0.17,20000,0.8915,433.6,1.036,0,0.1085,0.0,11.693,0.0,nan,6.8927,4.1058,4.1056,2,2.2471,8,nan,nan,nan,0,0,0
linq,35.0,1.0,eb154,0.154,1,6.4,0,0.18,20000,0.8915,433.6,1.036,0,0.1085,0.0,11.155,0.0,nan,6.3674,3.591,3.5907,2,1.9087,8,nan,nan,nan,0,0,0
linq,35.0,1.0,eb154,0.154,1,6.4,0,0.19,20000,0.8915,433.6,1.036,0,0.1085,0.0,10.616,0.0,nan,5.8578,3.1308,3.1302,3,1.6292,8,nan,nan,nan,0,0,0
linq,35.0,1.0,eb154,0.154,1,6.4,0,0.2,20000,0.8915,433.6,1.036,0,0.1085,0.0,10.073,0.0,nan,5.3408,2.7276,2.726,4,1.4144,8,nan,nan,nan,0,0,0
linq,35.0,1.0,eb154,0.154,1,6.4,0,0.21,20000,0.8915,433.6,1.036,0,0.1085,0.0,9.537,0.0,nan,4.8404,2.3662,2.3624,5,1.3433,7,nan,nan,nan,0,0,0
linq,35.0,1.0,eb154,0.154,1,6.4,0,0.22,20000,0.8915,433.6,1.036,0,0.1085,0.0,8.998,0.0,nan,4.3365,2.0399,2.0312,6,1.1629,7,nan,nan,nan,0,0,0
linq,35.0,1.0,eb154,0.154,1,6.4,0,0.23,20000,0.8915,433.6,1.036,0,0.1085,0.0,8.456,0.0,0.0,3.8479,1.8219,1.8144,6,1.0099,7,nan,nan,nan,0,0,0
linq,35.0,1.0,eb154,0.154,1,6.4,0,0.24,20000,0.8915,433.6,1.036,0,0.1085,0.0,7.922,0.0,0.0,3.3708,1.5622,1.5448,7,0.8874,7,nan,0.785,nan,0,0,0
linq,35.0,1.0,eb154,0.154,1,6.4,0,0.25,20000,0.8915,433.6,1.036,0,0.1085,0.0,7.386,0.0002,0.018,2.8977,1.4055,1.3909,7,0.8062,7,nan,0.7123,nan,0,0,0
linq,35.0,1.0,eb154,0.154,1,6.4,0,0.26,20000,0.8915,433.6,1.036,0,0.1085,0.0,6.869,0.0017,0.048,2.4628,1.2703,1.2584,7,0.7545,6,0.7553,0.6556,0.0,0,1,0
linq,35.0,1.0,eb154,0.154,1,6.4,0,0.27,20000,0.8915,433.6,1.036,0,0.1085,0.0001,6.365,0.0107,0.138,2.0554,1.1497,1.1399,7,0.6654,6,0.6926,0.6016,0.0,0,1,0
linq,35.0,1.0,eb154,0.154,1,6.4,0,0.28,20000,0.8915,433.6,1.036,0,0.1085,0.0004,5.874,0.0343,0.288,1.6876,1.0433,1.035,7,0.5869,6,0.6437,0.5526,0.0,0,1,0
linq,35.0,1.0,eb154,0.154,1,6.4,0,0.29,20000,0.8915,433.6,1.036,0,0.1085,0.0024,5.41,0.0767,0.53,1.3648,0.9493,0.9423,7,0.5363,6,0.599,0.5071,0.0,0,1,0
linq,35.0,1.0,eb154,0.154,1,6.4,0,0.3,20000,0.8915,433.6,1.036,0,0.1085,0.0112,4.963,0.1266,0.798,1.119,0.8643,0.8582,7,0.512,5,0.5582,0.4655,0.0,0,1,0
linq,35.0,1.0,eb154,0.154,1,6.4,0,0.31,20000,0.8915,433.6,1.036,0,0.1085,0.0329,4.543,0.1737,1.063,0.9597,0.7895,0.7843,7,0.4519,5,0.5192,0.4277,0.0,0,1,0
linq,35.0,1.0,eb154,0.154,1,6.4,0,0.32,20000,0.8915,433.6,1.036,0,0.1085,0.0717,4.139,0.2115,1.279,0.8854,0.7215,0.7168,7,0.4042,5,0.4809,0.3925,0.0,1,0,0
linq,35.0,1.0,eb154,0.154,1,6.4,0,0.33,20000,0.8915,433.6,1.036,0,0.1085,0.1214,3.765,0.2372,1.423,0.8726,0.6614,0.6573,7,0.3654,5,0.4461,0.3624,0.0,1,0,0
linq,35.0,1.0,eb154,0.154,1,6.4,0,0.34,20000,0.8915,433.6,1.036,0,0.1085,0.1799,3.416,0.2555,1.547,0.896,0.6073,0.6038,7,0.3547,5,0.4128,0.3346,0.0,1,0,0
linq,35.0,1.0,eb154,0.154,1,6.4,0,0.35,20000,0.8915,433.6,1.036,0,0.1085,0.2383,3.1,0.2702,1.635,0.9338,0.5578,0.5547,7,0.316,4,0.383,0.3088,0.0,1,0,0
linq,35.0,1.0,eb154,0.154,1,6.4,0,0.36,20000,0.8915,433.6,1.036,0,0.1085,0.2962,2.812,0.2791,1.682,0.9708,0.5129,0.5101,7,0.2839,4,0.356,0.2859,0.0,1,0,0
linq,35.0,1.0,eb154,0.154,1,6.4,0,0.37,20000,0.8915,433.6,1.036,0,0.1085,0.3515,2.554,0.285,1.712,1.0032,0.4731,0.4707,7,0.2582,4,0.3312,0.2654,0.0,1,0,0
linq,35.0,1.0,eb154,0.154,1,6.4,0,0.38,20000,0.8915,433.6,1.036,0,0.1085,0.4047,2.315,0.2895,1.735,1.0417,0.4357,0.4336,7,0.2476,4,0.3077,0.2464,0.0,1,0,0
linq,35.0,1.0,eb154,0.154,1,6.4,0,0.39,20000,0.8915,433.6,1.036,0,0.1085,0.4525,2.105,0.2938,1.798,1.077,0.4022,0.4004,7,0.2476,4,0.2866,0.2292,0.0,1,0,0
linq,35.0,1.0,eb154,0.154,1,6.4,0,0.4,20000,0.8915,433.6,1.036,0,0.1085,0.4957,1.916,0.2965,1.821,1.1172,0.3719,0.3704,7,0.1984,3,0.2676,0.2137,0.0,1,0,0
linq,35.0,1.0,eb154,0.154,1,6.4,0,0.41,20000,0.8915,433.6,1.036,0,0.1085,0.5353,1.746,0.2996,1.826,1.153,0.3445,0.3431,7,0.1839,3,0.2501,0.1986,0.0,1,0,0
linq,35.0,1.0,eb154,0.154,1,6.4,0,0.42,20000,0.8915,433.6,1.036,0,0.1085,0.5718,1.591,0.2984,1.747,1.1977,0.3188,0.3177,7,0.1733,3,0.2343,0.1857,0.0,1,0,0
linq,35.0,1.0,eb154,0.154,1,6.4,0,0.43,20000,0.8915,433.6,1.036,0,0.1085,0.605,1.452,0.2968,1.677,1.2402,0.2952,0.2942,7,0.1864,3,0.2194,0.1744,0.0,1,0,0
linq,35.0,1.0,eb154,0.154,1,6.4,0,0.44,20000,0.8915,433.6,1.036,0,0.1085,0.635,1.328,0.2999,1.71,1.2708,0.2743,0.2735,7,0.1451,2,0.2054,0.1638,0.0,1,0,0
linq,35.0,1.0,eb154,0.154,1,6.4,0,0.45,20000,0.8915,433.6,1.036,0,0.1085,0.6625,1.211,0.3048,1.741,1.3112,0.2533,0.2524,7,0.1295,2,0.1922,0.1531,0.0,0,0,0
linq,35.0,1.0,eb154,0.154,1,6.4,0,0.46,20000,0.8915,433.6,1.036,0,0.1085,0.6871,1.107,0.3102,1.802,1.352,0.2345,0.2337,7,0.1259,2,0.1807,0.143,0.0,0,0,0
linq,35.0,1.0,eb154,0.154,1,6.4,0,0.47,20000,0.8915,433.6,1.036,0,0.1085,0.7081,1.015,0.3171,1.847,1.411,0.2179,0.2171,7,0.1341,2,0.1707,0.1342,0.0,0,0,0
linq,35.0,1.0,eb154,0.154,1,6.4,0,0.48,20000,0.8915,433.6,1.036,0,0.1085,0.7286,0.932,0.3215,1.898,1.4567,0.2023,0.2015,7,0.1566,2,0.1609,0.1262,0.0,0,0,0
linq,35.0,1.0,eb154,0.154,1,6.4,0,0.49,20000,0.8915,433.6,1.036,0,0.1085,0.7488,0.852,0.3215,1.847,1.4987,0.1876,0.1868,7,0.0976,1,0.1515,0.1182,0.0,0,0,0
linq,35.0,1.0,eb154,0.154,1,6.4,0,0.5,20000,0.8915,433.6,1.036,0,0.1085,0.7668,0.78,0.3218,1.791,1.5432,0.1738,0.173,7,0.1001,1,0.1431,0.1111,0.0,0,0,0
linq,35.0,1.0,eb154,0.154,1,6.4,0,0.51,20000,0.8915,433.6,1.036,0,0.1085,0.7837,0.715,0.3194,1.752,1.5808,0.1609,0.1598,7,0.107,1,0.1347,0.1046,0.0,0,0,0
linq,35.0,1.0,eb154,0.154,1,6.4,0,0.52,20000,0.8915,433.6,1.036,0,0.1085,0.7988,0.657,0.321,1.773,1.6248,0.1502,0.1494,7,0.1451,1,0.1268,0.0984,0.0,0,0,0
linq,35.0,1.0,eb154,0.154,1,9.6,1,0.17,20000,0.8915,433.6,1.036,0,0.1085,0.0,9.365,0.0,nan,4.9382,2.8506,2.848,3,0.9862,6,nan,nan,nan,0,0,0
linq,35.0,1.0,eb154,0.154,1,9.6,1,0.18,20000,0.8915,433.6,1.036,0,0.1085,0.0,8.688,0.0,nan,4.368,2.3811,2.3766,4,0.8489,5,nan,nan,nan,0,0,0
linq,35.0,1.0,eb154,0.154,1,9.6,1,0.19,20000,0.8915,433.6,1.036,0,0.1085,0.0,8.011,0.0,nan,3.8174,1.9797,1.9743,5,0.6553,5,nan,nan,nan,0,0,0
linq,35.0,1.0,eb154,0.154,1,9.6,1,0.2,20000,0.8915,433.6,1.036,0,0.1085,0.0,7.335,0.0,nan,3.2987,1.638,1.6325,6,0.5443,5,nan,nan,nan,0,0,0
linq,35.0,1.0,eb154,0.154,1,9.6,1,0.21,20000,0.8915,433.6,1.036,0,0.1085,0.0,6.66,0.0,0.0,2.8111,1.3639,1.3579,6,0.4521,4,nan,nan,nan,0,1,0
linq,35.0,1.0,eb154,0.154,1,9.6,1,0.22,20000,0.8915,433.6,1.036,0,0.1085,0.0,5.994,0.0,0.0,2.3725,1.1232,1.1173,7,0.3563,4,nan,0.7224,nan,0,1,0
linq,35.0,1.0,eb154,0.154,1,9.6,1,0.23,20000,0.8915,433.6,1.036,0,0.1085,0.0,5.354,0.0007,0.011,2.0001,0.9452,0.9397,7,0.318,3,0.7884,0.6307,0.0,0,1,0
linq,35.0,1.0,eb154,0.154,1,9.6,1,0.24,20000,0.8915,433.6,1.036,0,0.1085,0.0,4.749,0.0153,0.095,1.7119,0.7975,0.7922,7,0.2508,3,0.6809,0.5544,0.0,0,1,0
linq,35.0,1.0,eb154,0.154,1,9.6,1,0.25,20000,0.8915,433.6,1.036,0,0.1085,0.0001,4.173,0.078,0.348,1.5577,0.6726,0.667,7,0.2186,3,0.6036,0.4827,0.0,0,0,0
linq,35.0,1.0,eb154,0.154,1,9.6,1,0.26,20000,0.8915,433.6,1.036,0,0.1085,0.0035,3.642,0.1823,0.778,1.5621,0.5686,0.563,7,0.1766,2,0.5433,0.4162,0.0,0,0,0
linq,35.0,1.0,eb154,0.154,1,9.6,1,0.27,20000,0.8915,433.6,1.036,0,0.1085,0.0292,3.155,0.2801,1.263,1.6993,0.4806,0.4747,7,0.1442,2,0.4877,0.3594,0.0,1,0,0
linq,35.0,1.0,eb154,0.154,1,9.6,1,0.28,20000,0.8915,433.6,1.036,0,0.1085,0.1011,2.701,0.3437,1.64,1.8844,0.4089,0.403,7,0.1703,2,0.4305,0.3103,0.0,0,0,0
linq,35.0,1.0,eb154,0.154,1,9.6,1,0.29,20000,0.8915,433.6,1.036,0,0.1085,0.2011,2.282,0.3775,1.856,2.0327,0.346,0.3396,7,0.1053,1,0.3782,0.2687,0.0,0,0,0
linq,35.0,1.0,eb154,0.154,1,9.6,1,0.3,20000,0.8915,433.6,1.036,0,0.1085,0.3067,1.919,0.3949,1.997,2.1205,0.2945,0.2879,7,0.1115,1,0.3313,0.2341,0.0,0,0,0
linq,35.0,1.0,eb154,0.154,1,9.6,1,0.31,20000,0.8915,433.6,1.036,0,0.1085,0.4049,1.606,0.4047,2.034,2.1895,0.2501,0.2433,7,0.2134,1,0.2904,0.2032,0.0,0,0,0
linq,35.0,1.0,eb154,0.154,1,9.6,1,0.32,20000,0.8915,433.6,1.036,0,0.1085,0.4899,1.346,0.41,2.021,2.2495,0.2117,0.2039,7,nan,0,0.2552,0.1778,0.0,0,0,0
linq,35.0,1.0,eb154,0.154,1,9.6,1,0.33,20000,0.8915,433.6,1.036,0,0.1085,0.5624,1.129,0.4137,2.002,2.3085,0.1792,0.1707,7,nan,0,0.2248,0.1563,0.0,0,0,0
linq,35.0,1.0,eb154,0.154,1,9.6,1,0.34,20000,0.8915,433.6,1.036,0,0.1085,0.6248,0.947,0.4234,2.095,2.3655,0.1525,0.1442,7,nan,0,0.1977,0.1367,0.0,0,0,0
linq,35.0,1.0,eb154,0.154,1,9.6,1,0.35,20000,0.8915,433.6,1.036,0,0.1085,0.6779,0.792,0.4288,2.08,2.4285,0.1311,0.1247,7,nan,0,0.1744,0.1196,0.0,0,0,0
linq,35.0,1.0,eb154,0.154,1,9.6,1,0.36,20000,0.8915,433.6,1.036,0,0.1085,0.7198,0.668,0.4388,2.139,2.503,0.1219,0.1174,7,nan,0,0.1555,0.1051,0.0,0,0,0
linq,35.0,1.0,eb154,0.154,1,9.6,1,0.37,20000,0.8915,433.6,1.036,0,0.1085,0.7594,0.561,0.4408,2.105,2.5581,0.1021,0.0978,6,nan,0,0.138,0.0922,0.0,0,0,0
linq,35.0,1.0,eb154,0.154,1,9.6,1,0.38,20000,0.8915,433.6,1.036,0,0.1085,0.7929,0.468,0.4495,2.136,2.6275,0.089,0.0861,6,nan,0,0.1218,0.0798,0.0,0,0,0
linq,35.0,1.0,eb154,0.154,1,9.6,1,0.39,20000,0.8915,433.6,1.036,0,0.1085,0.8213,0.392,0.4519,2.047,2.6936,0.0854,0.0824,6,nan,0,0.1081,0.0701,0.0,0,0,0
linq,35.0,1.0,eb154,0.154,1,9.6,1,0.4,20000,0.8915,433.6,1.036,0,0.1085,0.8445,0.33,0.4613,2.055,2.7697,0.0694,0.0675,5,nan,0,0.0959,0.062,0.0,0,0,0
linq,35.0,1.0,eb154,0.154,1,9.6,1,0.41,20000,0.8915,433.6,1.036,0,0.1085,0.8646,0.275,0.4765,2.077,2.8607,0.0637,0.0625,5,nan,0,0.0851,0.0546,0.0,0,0,0
linq,35.0,1.0,eb154,0.154,1,9.6,1,0.42,20000,0.8915,433.6,1.036,0,0.1085,0.8839,0.227,0.487,2.029,2.9309,0.0543,0.0531,4,nan,0,0.0745,0.0475,0.0,0,0,0
linq,35.0,1.0,eb154,0.154,1,9.6,1,0.43,20000,0.8915,433.6,1.036,0,0.1085,0.8982,0.191,0.5037,2.018,3.0165,0.0481,0.0475,4,nan,0,0.0666,0.0414,0.0,0,0,0
linq,35.0,1.0,eb154,0.154,1,9.6,1,0.44,20000,0.8915,433.6,1.036,0,0.1085,0.9117,0.158,0.5229,1.987,3.1017,0.0476,0.0461,4,nan,0,0.0593,0.0357,0.0,0,0,0
linq,35.0,1.0,eb154,0.154,1,9.6,1,0.45,20000,0.8915,433.6,1.036,0,0.1085,0.9242,0.13,0.5424,2.036,3.1742,0.0369,0.0364,3,nan,0,0.0526,0.031,0.0,0,0,0
linq,35.0,1.0,eb154,0.154,1,9.6,1,0.46,20000,0.8915,433.6,1.036,0,0.1085,0.9343,0.107,0.573,2.159,3.2641,0.0335,0.0333,3,nan,0,0.0468,0.0268,0.0,0,0,0
linq,35.0,1.0,eb154,0.154,1,9.6,1,0.47,20000,0.8915,433.6,1.036,0,0.1085,0.9438,0.087,0.6123,2.525,3.3402,0.0365,0.0351,3,nan,0,0.041,0.0238,0.0,0,0,0
linq,35.0,1.0,eb154,0.154,1,9.6,1,0.48,20000,0.8915,433.6,1.036,0,0.1085,0.9517,0.071,0.6475,2.642,3.4194,0.0253,0.0253,2,nan,0,0.0364,0.019,0.0,0,0,0
linq,35.0,1.0,eb154,0.154,1,9.6,1,0.49,20000,0.8915,433.6,1.036,0,0.1085,0.9593,0.057,0.6779,2.701,3.4914,0.0245,0.0244,2,nan,0,0.0317,0.0162,0.0,0,0,0
linq,35.0,1.0,eb154,0.154,1,9.6,1,0.5,20000,0.8915,433.6,1.036,0,0.1085,0.9658,0.045,0.7112,2.806,3.5621,0.0266,0.0257,2,nan,0,0.028,0.0139,0.0,0,0,0
linq,35.0,1.0,eb154,0.154,1,9.6,1,0.51,20000,0.8915,433.6,1.036,0,0.1085,0.9717,0.036,0.7321,2.929,3.6019,0.0168,0.0168,1,nan,0,0.0249,0.0119,0.0,0,0,0
linq,35.0,1.0,eb154,0.154,1,9.6,1,0.52,20000,0.8915,433.6,1.036,0,0.1085,0.9774,0.028,0.7767,3.64,3.6541,0.0165,0.0165,1,nan,0,0.0215,0.0116,0.0,0,0,0
linq,35.0,1.0,eb154,0.154,1,12.8,1,0.17,20000,0.8915,433.6,1.036,0,0.1085,0.0,7.953,0.0,nan,4.0199,2.1405,2.1171,4,0.4838,4,nan,nan,nan,0,0,0
linq,35.0,1.0,eb154,0.154,1,12.8,1,0.18,20000,0.8915,433.6,1.036,0,0.1085,0.0,7.196,0.0,nan,3.4931,1.7142,1.6848,5,0.386,3,nan,nan,nan,0,0,0
linq,35.0,1.0,eb154,0.154,1,12.8,1,0.19,20000,0.8915,433.6,1.036,0,0.1085,0.0,6.44,0.0,nan,3.0073,1.3636,1.3343,6,0.2717,3,nan,nan,nan,0,1,0
linq,35.0,1.0,eb154,0.154,1,12.8,1,0.2,20000,0.8915,433.6,1.036,0,0.1085,0.0,5.681,0.0,0.0,2.5703,1.0554,1.0254,6,0.2141,2,nan,nan,nan,0,1,0
linq,35.0,1.0,eb154,0.154,1,12.8,1,0.21,20000,0.8915,433.6,1.036,0,0.1085,0.0,4.951,0.0,0.0,2.2187,0.8379,0.8094,7,0.1579,2,nan,0.6818,nan,0,1,0
linq,35.0,1.0,eb154,0.154,1,12.8,1,0.22,20000,0.8915,433.6,1.036,0,0.1085,0.0,4.268,0.0017,0.011,2.0116,0.6573,0.6294,7,0.1222,1,0.7553,0.5724,0.0,0,0,0
linq,35.0,1.0,eb154,0.154,1,12.8,1,0.23,20000,0.8915,433.6,1.036,0,0.1085,0.0,3.638,0.0515,0.177,1.9904,0.5141,0.4857,7,0.1166,1,0.6264,0.4808,0.0,0,0,0
linq,35.0,1.0,eb154,0.154,1,12.8,1,0.24,20000,0.8915,433.6,1.036,0,0.1085,0.0003,3.042,0.199,0.662,2.0688,0.3996,0.3726,7,nan,0,0.5406,0.391,0.0,1,0,0
linq,35.0,1.0,eb154,0.154,1,12.8,1,0.25,20000,0.8915,433.6,1.036,0,0.1085,0.0163,2.53,0.3554,1.374,2.3167,0.3096,0.2819,7,nan,0,0.4738,0.3159,0.0,0,0,0
linq,35.0,1.0,eb154,0.154,1,12.8,1,0.26,20000,0.8915,433.6,1.036,0,0.1085,0.1088,2.053,0.4483,1.987,2.5851,0.2404,0.2148,7,nan,0,0.4025,0.2553,0.0,0,0,0
linq,35.0,1.0,eb154,0.154,1,12.8,1,0.27,20000,0.8915,433.6,1.036,0,0.1085,0.2588,1.611,0.4866,2.253,2.7151,0.1897,0.1708,7,nan,0,0.3337,0.2063,0.0,0,0,0
linq,35.0,1.0,eb154,0.154,1,12.8,1,0.28,20000,0.8915,433.6,1.036,0,0.1085,0.4051,1.248,0.5011,2.316,2.7914,0.1617,0.1477,6,nan,0,0.2756,0.1681,0.0,0,0,0
linq,35.0,1.0,eb154,0.154,1,12.8,1,0.29,20000,0.8915,433.6,1.036,0,0.1085,0.5259,0.961,0.5135,2.381,2.8618,0.128,0.1177,6,nan,0,0.2273,0.1373,0.0,0,0,0
linq,35.0,1.0,eb154,0.154,1,12.8,1,0.3,20000,0.8915,433.6,1.036,0,0.1085,0.6239,0.737,0.5259,2.461,2.9286,0.1097,0.1024,5,nan,0,0.1875,0.1113,0.0,0,0,0
linq,35.0,1.0,eb154,0.154,1,12.8,1,0.31,20000,0.8915,433.6,1.036,0,0.1085,0.6996,0.568,0.5343,2.424,2.9989,0.0872,0.0822,5,nan,0,0.156,0.0901,0.0,0,0,0
linq,35.0,1.0,eb154,0.154,1,12.8,1,0.32,20000,0.8915,433.6,1.036,0,0.1085,0.761,0.434,0.5483,2.47,3.0734,0.0746,0.0709,4,nan,0,0.1295,0.0723,0.0,0,0,0
linq,35.0,1.0,eb154,0.154,1,12.8,1,0.33,20000,0.8915,433.6,1.036,0,0.1085,0.8094,0.332,0.5576,2.388,3.1465,0.06,0.0577,4,nan,0,0.1072,0.059,0.0,0,0,0
linq,35.0,1.0,eb154,0.154,1,12.8,1,0.34,20000,0.8915,433.6,1.036,0,0.1085,0.8479,0.253,0.5746,2.349,3.2243,0.0587,0.0558,4,nan,0,0.0885,0.0475,0.0,0,0,0
linq,35.0,1.0,eb154,0.154,1,12.8,1,0.35,20000,0.8915,433.6,1.036,0,0.1085,0.879,0.191,0.5958,2.291,3.3127,0.0413,0.0404,3,nan,0,0.0728,0.038,0.0,0,0,0
linq,35.0,1.0,eb154,0.154,1,12.8,1,0.36,20000,0.8915,433.6,1.036,0,0.1085,0.9033,0.144,0.6314,2.432,3.4034,0.0438,0.0419,3,nan,0,0.0599,0.0298,0.0,0,0,0
linq,35.0,1.0,eb154,0.154,1,12.8,1,0.37,20000,0.8915,433.6,1.036,0,0.1085,0.9236,0.107,0.6765,2.749,3.4858,0.0292,0.0289,2,nan,0,0.049,0.0237,0.0,0,0,0
linq,35.0,1.0,eb154,0.154,1,12.8,1,0.38,20000,0.8915,433.6,1.036,0,0.1085,0.9404,0.078,0.7322,3.131,3.5865,0.0266,0.0265,2,nan,0,0.0401,0.0173,0.0,0,0,0
linq,35.0,1.0,eb154,0.154,1,12.8,1,0.39,20000,0.8915,433.6,1.036,0,0.1085,0.9533,0.057,0.7821,3.755,3.6605,0.0197,0.0197,1,nan,0,0.033,0.0139,0.0,0,0,0
linq,35.0,1.0,eb154,0.154,1,12.8,1,0.4,20000,0.8915,433.6,1.036,0,0.1085,0.9651,0.041,0.8344,5.139,3.7198,0.0171,0.0171,1,nan,0,0.0265,0.0121,0.0,0,0,0
linq,35.0,1.0,eb154,0.154,1,12.8,1,0.41,20000,0.8915,433.6,1.036,0,0.1085,0.975,0.027,0.9112,10.397,3.7987,0.0192,0.0192,1,nan,0,0.0211,0.0135,0.0,0,0,0
linq,35.0,1.0,eb154,0.154,1,12.8,1,0.42,20000,0.8915,433.6,1.036,0,0.1085,0.983,0.018,0.9704,32.778,3.859,nan,nan,0,nan,0,0.0164,nan,0.0,0,0,0
linq,35.0,1.0,eb154,0.154,1,12.8,1,0.43,20000,0.8915,433.6,1.036,0,0.1085,0.9887,0.011,0.9876,79.6,3.8762,nan,nan,0,nan,0,0.0141,nan,0.0,0,0,0
linq,35.0,1.0,eb154,0.154,1,12.8,1,0.44,20000,0.8915,433.6,1.036,0,0.1085,0.9926,0.007,0.9962,263.0,3.8848,nan,nan,0,nan,0,0.0122,nan,0.0,0,0,0
linq,35.0,1.0,eb154,0.154,1,12.8,1,0.45,20000,0.8915,433.6,1.036,0,0.1085,0.9965,0.004,0.9919,123.0,3.8806,nan,nan,0,nan,0,0.0128,nan,0.0,0,0,0
linq,35.0,1.0,eb154,0.154,1,12.8,1,0.46,20000,0.8915,433.6,1.036,0,0.1085,0.999,0.001,1.0,nan,3.8886,nan,nan,0,nan,0,0.0197,nan,0.0,0,0,0
linq,35.0,1.0,eb154,0.154,1,12.8,1,0.47,20000,0.8915,433.6,1.036,0,0.1085,0.9996,0.0,1.0,nan,3.8886,nan,nan,0,nan,0,nan,nan,nan,0,0,0
linq,35.0,1.0,eb154,0.154,1,12.8,1,0.48,20000,0.8915,433.6,1.036,0,0.1085,0.9999,0.0,1.0,nan,3.8886,nan,nan,0,nan,0,nan,nan,nan,0,0,0
linq,35.0,1.0,eb154,0.154,1,12.8,1,0.49,20000,0.8915,433.6,1.036,0,0.1085,1.0,0.0,1.0,nan,3.8886,nan,nan,0,nan,0,nan,nan,nan,0,0,0
linq,35.0,1.0,eb154,0.154,1,12.8,1,0.5,20000,0.8915,433.6,1.036,0,0.1085,1.0,0.0,1.0,nan,3.8886,nan,nan,0,nan,0,nan,nan,nan,0,0,0
linq,35.0,1.0,eb154,0.154,1,12.8,1,0.51,20000,0.8915,433.6,1.036,0,nan,nan,nan,nan,nan,nan,nan,nan,0,nan,0,nan,nan,nan,0,0,0
linq,35.0,1.0,eb154,0.154,1,12.8,1,0.52,20000,0.8915,433.6,1.036,0,nan,nan,nan,nan,nan,nan,nan,nan,0,nan,0,nan,nan,nan,0,0,0
linq,35.0,2.0,eb0482,0.0482,1,2.4,0,0.17,20000,0.8928,527.7,1.261,0,0.1072,0.0,18.293,0.0,nan,13.4048,nan,nan,0,9.159,5,nan,nan,nan,0,0,0
linq,35.0,2.0,eb0482,0.0482,1,2.4,0,0.18,20000,0.8928,527.7,1.261,0,0.1072,0.0,18.133,0.0,nan,13.244,nan,nan,0,8.6755,5,nan,nan,nan,0,0,0
linq,35.0,2.0,eb0482,0.0482,1,2.4,0,0.19,20000,0.8928,527.7,1.261,0,0.1072,0.0,17.968,0.0,nan,13.0791,nan,nan,0,8.2925,6,nan,nan,nan,0,0,0
linq,35.0,2.0,eb0482,0.0482,1,2.4,0,0.2,20000,0.8928,527.7,1.261,0,0.1072,0.0,17.805,0.0,nan,12.9165,nan,nan,0,7.8874,6,nan,nan,nan,0,0,0
linq,35.0,2.0,eb0482,0.0482,1,2.4,0,0.21,20000,0.8928,527.7,1.261,0,0.1072,0.0,17.644,0.0,nan,12.7559,nan,nan,0,7.4932,7,nan,nan,nan,0,0,0
linq,35.0,2.0,eb0482,0.0482,1,2.4,0,0.22,20000,0.8928,527.7,1.261,0,0.1072,0.0,17.486,0.0,nan,12.597,nan,nan,0,7.1742,7,nan,nan,nan,0,0,0
linq,35.0,2.0,eb0482,0.0482,1,2.4,0,0.23,20000,0.8928,527.7,1.261,0,0.1072,0.0,17.326,0.0,nan,12.4375,nan,nan,0,6.8763,7,nan,nan,nan,0,0,0
linq,35.0,2.0,eb0482,0.0482,1,2.4,0,0.24,20000,0.8928,527.7,1.261,0,0.1072,0.0,17.163,0.0,nan,12.2743,nan,nan,0,6.5199,8,nan,nan,nan,0,0,0
linq,35.0,2.0,eb0482,0.0482,1,2.4,0,0.25,20000,0.8928,527.7,1.261,0,0.1072,0.0,17.005,0.0,nan,12.1161,nan,nan,0,6.2675,8,nan,nan,nan,0,0,0
linq,35.0,2.0,eb0482,0.0482,1,2.4,0,0.26,20000,0.8928,527.7,1.261,0,0.1072,0.0,16.846,0.0,nan,11.9574,nan,nan,0,6.0388,8,nan,nan,nan,0,0,0
linq,35.0,2.0,eb0482,0.0482,1,2.4,0,0.27,20000,0.8928,527.7,1.261,0,0.1072,0.0,16.686,0.0,nan,11.7976,nan,nan,0,5.8242,8,nan,nan,nan,0,0,0
linq,35.0,2.0,eb0482,0.0482,1,2.4,0,0.28,20000,0.8928,527.7,1.261,0,0.1072,0.0,16.526,0.0,nan,11.6379,4.2853,4.2853,1,5.6241,8,nan,nan,nan,0,0,0
linq,35.0,2.0,eb0482,0.0482,1,2.4,0,0.29,20000,0.8928,527.7,1.261,0,0.1072,0.0,16.368,0.0,nan,11.4792,4.1116,4.1116,1,5.4399,8,nan,nan,nan,0,0,0
linq,35.0,2.0,eb0482,0.0482,1,2.4,0,0.3,20000,0.8928,527.7,1.261,0,0.1072,0.0,16.209,0.0,nan,11.3203,3.749,3.7426,2,5.264,8,nan,nan,nan,0,0,0
linq,35.0,2.0,eb0482,0.0482,1,2.4,0,0.31,20000,0.8928,527.7,1.261,0,0.1072,0.0,16.049,0.0,nan,11.1608,3.6257,3.6184,2,5.0994,8,nan,nan,nan,0,0,0
linq,35.0,2.0,eb0482,0.0482,1,2.4,0,0.32,20000,0.8928,527.7,1.261,0,0.1072,0.0,15.893,0.0,nan,11.0041,3.5213,3.5134,2,4.9497,8,nan,nan,nan,0,0,0
linq,35.0,2.0,eb0482,0.0482,1,2.4,0,0.33,20000,0.8928,527.7,1.261,0,0.1072,0.0,15.733,0.0,nan,10.8441,3.2429,3.2269,3,4.8051,8,nan,nan,nan,0,0,0
linq,35.0,2.0,eb0482,0.0482,1,2.4,0,0.34,20000,0.8928,527.7,1.261,0,0.1072,0.0,15.575,0.0,nan,10.6861,3.1441,3.128,3,4.6711,8,nan,nan,nan,0,0,0
linq,35.0,2.0,eb0482,0.0482,1,2.4,0,0.35,20000,0.8928,527.7,1.261,0,0.1072,0.0,15.415,0.0,nan,10.5265,2.8831,2.8549,4,4.5421,8,nan,nan,nan,0,0,0
linq,35.0,2.0,eb0482,0.0482,1,2.4,0,0.36,20000,0.8928,527.7,1.261,0,0.1072,0.0,15.253,0.0,0.0,10.3645,2.8001,2.7724,4,4.4202,8,nan,nan,nan,0,0,0
linq,35.0,2.0,eb0482,0.0482,1,2.4,0,0.37,20000,0.8928,527.7,1.261,0,0.1072,0.0,15.098,0.0,0.0,10.209,2.729,2.7019,4,4.3087,8,nan,nan,nan,0,0,0
linq,35.0,2.0,eb0482,0.0482,1,2.4,0,0.38,20000,0.8928,527.7,1.261,0,0.1072,0.0,14.941,0.0,0.333,10.0523,2.4955,2.45,5,4.2015,8,nan,nan,nan,0,0,0
linq,35.0,2.0,eb0482,0.0482,1,2.4,0,0.39,20000,0.8928,527.7,1.261,0,0.1072,0.0,14.783,0.0001,0.75,9.8941,2.2659,2.1955,6,4.1002,8,nan,nan,nan,0,0,0
linq,35.0,2.0,eb0482,0.0482,1,2.4,0,0.4,20000,0.8928,527.7,1.261,0,0.1072,0.0,14.626,0.0001,0.571,9.7371,2.2123,2.1436,6,4.0038,8,nan,nan,nan,0,0,0
linq,35.0,2.0,eb0482,0.0482,1,2.4,0,0.41,20000,0.8928,527.7,1.261,0,0.1072,0.0,14.465,0.0001,0.286,9.5767,2.1591,2.0914,6,3.9096,8,nan,nan,nan,0,0,0
linq,35.0,2.0,eb0482,0.0482,1,2.4,0,0.42,20000,0.8928,527.7,1.261,0,0.1072,0.0,14.307,0.0002,0.273,9.4187,1.9492,1.8426,7,3.8221,8,nan,0.7019,nan,0,0,0
linq,35.0,2.0,eb0482,0.0482,1,2.4,0,0.43,20000,0.8928,527.7,1.261,0,0.1072,0.0001,14.151,0.0002,0.233,9.2633,1.9058,1.802,7,3.7392,8,nan,0.6837,nan,0,0,0
linq,35.0,2.0,eb0482,0.0482,1,2.4,0,0.44,20000,0.8928,527.7,1.261,0,0.1072,0.0001,13.991,0.0003,0.255,9.1041,1.8618,1.76,7,3.6585,8,nan,0.6669,nan,0,0,0
linq,35.0,2.0,eb0482,0.0482,1,2.4,0,0.45,20000,0.8928,527.7,1.261,0,0.1072,0.0001,13.834,0.0006,0.28,8.9471,1.8217,1.7221,7,3.5821,8,0.6862,0.6503,0.0,0,0,0
linq,35.0,2.0,eb0482,0.0482,1,2.4,0,0.46,20000,0.8928,527.7,1.261,0,0.1072,0.0001,13.675,0.0008,0.259,8.7884,1.7828,1.6864,7,3.5082,8,0.6779,0.6399,0.0,0,0,0
linq,35.0,2.0,eb0482,0.0482,1,2.4,0,0.47,20000,0.8928,527.7,1.261,0,0.1072,0.0002,13.522,0.0013,0.292,8.6364,1.7452,1.6503,7,3.4408,8,0.659,0.6261,0.0,0,0,0
linq,35.0,2.0,eb0482,0.0482,1,2.4,0,0.48,20000,0.8928,527.7,1.261,0,0.1072,0.0003,13.366,0.002,0.34,8.4821,1.7097,1.6172,7,3.3742,8,0.6424,0.6147,0.0,0,0,0
linq,35.0,2.0,eb0482,0.0482,1,2.4,0,0.49,20000,0.8928,527.7,1.261,0,0.1072,0.0004,13.211,0.0029,0.403,8.3283,1.6751,1.5846,7,3.3106,8,0.6312,0.6033,0.0,0,0,0
linq,35.0,2.0,eb0482,0.0482,1,2.4,0,0.5,20000,0.8928,527.7,1.261,0,0.1072,0.0007,13.057,0.0038,0.413,8.1775,1.642,1.5533,7,3.2502,8,0.6213,0.5919,0.0,0,0,0
linq,35.0,2.0,eb0482,0.0482,1,2.4,0,0.51,20000,0.8928,527.7,1.261,0,0.1072,0.0009,12.904,0.0055,0.517,8.0269,1.6101,1.5231,7,3.1925,8,0.6094,0.5809,0.0,0,0,0
linq,35.0,2.0,eb0482,0.0482,1,2.4,0,0.52,20000,0.8928,527.7,1.261,0,0.1072,0.0014,12.748,0.007,0.568,7.8769,1.5789,1.4938,7,3.1356,8,0.5997,0.5707,0.0,0,0,0
linq,35.0,2.0,eb0482,0.0482,1,3.2,0,0.17,20000,0.8928,527.7,1.261,0,0.1072,0.0,16.767,0.0,nan,11.878,nan,nan,0,6.64,7,nan,nan,nan,0,0,0
linq,35.0,2.0,eb0482,0.0482,1,3.2,0,0.18,20000,0.8928,527.7,1.261,0,0.1072,0.0,16.52,0.0,nan,11.6312,nan,nan,0,6.1803,7,nan,nan,nan,0,0,0
linq,35.0,2.0,eb0482,0.0482,1,3.2,0,0.19,20000,0.8928,527.7,1.261,0,0.1072,0.0,16.271,0.0,nan,11.3825,nan,nan,0,5.8097,8,nan,nan,nan,0,0,0
linq,35.0,2.0,eb0482,0.0482,1,3.2,0,0.2,20000,0.8928,527.7,1.261,0,0.1072,0.0,16.025,0.0,nan,11.1365,nan,nan,0,5.4426,8,nan,nan,nan,0,0,0
linq,35.0,2.0,eb0482,0.0482,1,3.2,0,0.21,20000,0.8928,527.7,1.261,0,0.1072,0.0,15.782,0.0,nan,10.8936,nan,nan,0,5.123,8,nan,nan,nan,0,0,0
linq,35.0,2.0,eb0482,0.0482,1,3.2,0,0.22,20000,0.8928,527.7,1.261,0,0.1072,0.0,15.533,0.0,nan,10.6449,nan,nan,0,4.8291,8,nan,nan,nan,0,0,0
linq,35.0,2.0,eb0482,0.0482,1,3.2,0,0.23,20000,0.8928,527.7,1.261,0,0.1072,0.0,15.289,0.0,nan,10.4003,4.1485,4.1485,1,4.5655,8,nan,nan,nan,0,0,0
linq,35.0,2.0,eb0482,0.0482,1,3.2,0,0.24,20000,0.8928,527.7,1.261,0,0.1072,0.0,15.042,0.0,nan,10.1531,3.732,3.7276,2,4.326,8,nan,nan,nan,0,0,0
linq,35.0,2.0,eb0482,0.0482,1,3.2,0,0.25,20000,0.8928,527.7,1.261,0,0.1072,0.0,14.796,0.0,nan,9.9077,3.5395,3.5342,2,4.1101,8,nan,nan,nan,0,0,0
linq,35.0,2.0,eb0482,0.0482,1,3.2,0,0.26,20000,0.8928,527.7,1.261,0,0.1072,0.0,14.553,0.0,nan,9.664,3.2268,3.2166,3,3.9142,8,nan,nan,nan,0,0,0
linq,35.0,2.0,eb0482,0.0482,1,3.2,0,0.27,20000,0.8928,527.7,1.261,0,0.1072,0.0,14.307,0.0,nan,9.4179,3.0683,3.0579,3,3.7347,8,nan,nan,nan,0,0,0
linq,35.0,2.0,eb0482,0.0482,1,3.2,0,0.28,20000,0.8928,527.7,1.261,0,0.1072,0.0,14.065,0.0,nan,9.1761,2.7918,2.7737,4,3.571,8,nan,nan,nan,0,0,0
linq,35.0,2.0,eb0482,0.0482,1,3.2,0,0.29,20000,0.8928,527.7,1.261,0,0.1072,0.0,13.818,0.0,nan,8.9291,2.6626,2.6444,4,3.4178,8,nan,nan,nan,0,0,0
linq,35.0,2.0,eb0482,0.0482,1,3.2,0,0.3,20000,0.8928,527.7,1.261,0,0.1072,0.0,13.568,0.0,0.0,8.6796,2.4108,2.3799,5,3.2744,8,nan,nan,nan,0,0,0
linq,35.0,2.0,eb0482,0.0482,1,3.2,0,0.31,20000,0.8928,527.7,1.261,0,0.1072,0.0,13.325,0.0,0.0,8.4367,2.31,2.2799,5,3.1451,8,nan,nan,nan,0,0,0
linq,35.0,2.0,eb0482,0.0482,1,3.2,0,0.32,20000,0.8928,527.7,1.261,0,0.1072,0.0,13.084,0.0001,0.4,8.1949,2.0831,2.035,6,3.0272,8,nan,nan,nan,0,0,0
linq,35.0,2.0,eb0482,0.0482,1,3.2,0,0.33,20000,0.8928,527.7,1.261,0,0.1072,0.0,12.839,0.0001,0.286,7.9504,2.0012,1.9545,6,2.9148,8,nan,nan,nan,0,0,0
linq,35.0,2.0,eb0482,0.0482,1,3.2,0,0.34,20000,0.8928,527.7,1.261,0,0.1072,0.0,12.594,0.0001,0.133,7.7054,1.7915,1.716,7,2.811,8,nan,0.6974,nan,0,0,0
linq,35.0,2.0,eb0482,0.0482,1,3.2,0,0.35,20000,0.8928,527.7,1.261,0,0.1072,0.0,12.354,0.0003,0.164,7.4651,1.7242,1.6505,7,2.7146,8,nan,0.6642,nan,0,0,0
linq,35.0,2.0,eb0482,0.0482,1,3.2,0,0.36,20000,0.8928,527.7,1.261,0,0.1072,0.0001,12.109,0.0005,0.152,7.2218,1.6624,1.5919,7,2.623,8,nan,0.6428,nan,0,0,0
linq,35.0,2.0,eb0482,0.0482,1,3.2,0,0.37,20000,0.8928,527.7,1.261,0,0.1072,0.0001,11.869,0.001,0.162,6.9814,1.6046,1.5368,7,2.5389,8,0.6705,0.6222,0.0,0,0,0
linq,35.0,2.0,eb0482,0.0482,1,3.2,0,0.38,20000,0.8928,527.7,1.261,0,0.1072,0.0002,11.625,0.0022,0.243,6.7378,1.5502,1.4851,7,2.4559,8,0.6455,0.6046,0.0,0,0,0
linq,35.0,2.0,eb0482,0.0482,1,3.2,0,0.39,20000,0.8928,527.7,1.261,0,0.1072,0.0004,11.387,0.0041,0.306,6.5025,1.4978,1.4349,7,2.3836,8,0.6259,0.5845,0.0,0,0,0
linq,35.0,2.0,eb0482,0.0482,1,3.2,0,0.4,20000,0.8928,527.7,1.261,0,0.1072,0.0007,11.148,0.0069,0.396,6.2676,1.4497,1.3888,7,2.3108,8,0.6063,0.5652,0.0,0,0,0
linq,35.0,2.0,eb0482,0.0482,1,3.2,0,0.41,20000,0.8928,527.7,1.261,0,0.1072,0.0011,10.914,0.0103,0.446,6.0372,1.4038,1.3446,7,2.2444,8,0.5922,0.5464,0.0,0,0,0
linq,35.0,2.0,eb0482,0.0482,1,3.2,0,0.42,20000,0.8928,527.7,1.261,0,0.1072,0.0023,10.681,0.015,0.51,5.8166,1.3604,1.3027,7,2.1813,8,0.5745,0.5284,0.0,0,0,0
linq,35.0,2.0,eb0482,0.0482,1,3.2,0,0.43,20000,0.8928,527.7,1.261,0,0.1072,0.0039,10.45,0.0196,0.562,5.6023,1.3195,1.2638,7,2.1206,8,0.5586,0.5136,0.0,0,0,0
linq,35.0,2.0,eb0482,0.0482,1,3.2,0,0.44,20000,0.8928,527.7,1.261,0,0.1072,0.0066,10.227,0.0251,0.603,5.4065,1.2809,1.2266,7,2.0662,8,0.5415,0.4982,0.0,0,0,0
linq,35.0,2.0,eb0482,0.0482,1,3.2,0,0.45,20000,0.8928,527.7,1.261,0,0.1072,0.01,10.003,0.0323,0.707,5.2152,1.2444,1.1915,7,2.0122,8,0.5253,0.4839,0.0,0,0,0
linq,35.0,2.0,eb0482,0.0482,1,3.2,0,0.46,20000,0.8928,527.7,1.261,0,0.1072,0.0143,9.786,0.0386,0.762,5.0391,1.21,1.1585,7,1.9611,8,0.5114,0.4711,0.0,0,0,0
linq,35.0,2.0,eb0482,0.0482,1,3.2,0,0.47,20000,0.8928,527.7,1.261,0,0.1072,0.0192,9.567,0.0479,0.903,4.866,1.177,1.1266,7,1.9105,8,0.4967,0.4573,0.0,0,0,0
linq,35.0,2.0,eb0482,0.0482,1,3.2,0,0.48,20000,0.8928,527.7,1.261,0,0.1072,0.0256,9.358,0.0545,0.949,4.7155,1.1458,1.0968,7,1.8647,8,0.4842,0.4453,0.0,0,0,0
linq,35.0,2.0,eb0482,0.0482,1,3.2,0,0.49,20000,0.8928,527.7,1.261,0,0.1072,0.0337,9.149,0.0612,0.988,4.5795,1.116,1.0678,7,1.8206,8,0.4719,0.4324,0.0,0,0,0
linq,35.0,2.0,eb0482,0.0482,1,3.2,0,0.5,20000,0.8928,527.7,1.261,0,0.1072,0.0427,8.948,0.0666,1.021,4.4592,1.0876,1.0407,7,1.7785,8,0.4602,0.4215,0.0,0,0,0
linq,35.0,2.0,eb0482,0.0482,1,3.2,0,0.51,20000,0.8928,527.7,1.261,0,0.1072,0.0522,8.751,0.0736,1.097,4.3438,1.0607,1.0149,7,1.737,8,0.4486,0.4108,0.0,0,0,0
linq,35.0,2.0,eb0482,0.0482,1,3.2,0,0.52,20000,0.8928,527.7,1.261,0,0.1072,0.064,8.558,0.0777,1.126,4.2554,1.0352,0.9904,7,1.6984,8,0.4374,0.4009,0.0,0,0,0
linq,35.0,2.0,eb0482,0.0482,1,4.8,0,0.17,20000,0.8928,527.7,1.261,0,0.1072,0.0,14.289,0.0,nan,9.4001,nan,nan,0,3.8001,8,nan,nan,nan,0,0,0
linq,35.0,2.0,eb0482,0.0482,1,4.8,0,0.18,20000,0.8928,527.7,1.261,0,0.1072,0.0,13.903,0.0,nan,9.0144,4.2605,4.2605,1,3.4229,8,nan,nan,nan,0,0,0
linq,35.0,2.0,eb0482,0.0482,1,4.8,0,0.19,20000,0.8928,527.7,1.261,0,0.1072,0.0,13.513,0.0,nan,8.6246,3.8512,3.8512,1,3.0983,8,nan,nan,nan,0,0,0
linq,35.0,2.0,eb0482,0.0482,1,4.8,0,0.2,20000,0.8928,527.7,1.261,0,0.1072,0.0,13.128,0.0,nan,8.239,3.4125,3.4106,2,2.8203,8,nan,nan,nan,0,0,0
linq,35.0,2.0,eb0482,0.0482,1,4.8,0,0.21,20000,0.8928,527.7,1.261,0,0.1072,0.0,12.741,0.0,nan,7.8519,3.0427,3.0396,3,2.5804,8,nan,nan,nan,0,0,0
linq,35.0,2.0,eb0482,0.0482,1,4.8,0,0.22,20000,0.8928,527.7,1.261,0,0.1072,0.0,12.353,0.0,nan,7.4642,2.7865,2.7835,3,2.3708,8,nan,nan,nan,0,0,0
linq,35.0,2.0,eb0482,0.0482,1,4.8,0,0.23,20000,0.8928,527.7,1.261,0,0.1072,0.0,11.961,0.0,nan,7.0723,2.4815,2.4755,4,2.186,8,nan,nan,nan,0,0,0
linq,35.0,2.0,eb0482,0.0482,1,4.8,0,0.24,20000,0.8928,527.7,1.261,0,0.1072,0.0,11.577,0.0,nan,6.6884,2.2032,2.1914,5,2.0274,8,nan,nan,nan,0,0,0
linq,35.0,2.0,eb0482,0.0482,1,4.8,0,0.25,20000,0.8928,527.7,1.261,0,0.1072,0.0,11.19,0.0,0.0,6.3036,1.9424,1.9207,6,1.8873,8,nan,nan,nan,0,0,0
linq,35.0,2.0,eb0482,0.0482,1,4.8,0,0.26,20000,0.8928,527.7,1.261,0,0.1072,0.0,10.8,0.0,0.0,5.9152,1.8023,1.7821,6,1.7592,8,nan,nan,nan,0,0,0
linq,35.0,2.0,eb0482,0.0482,1,4.8,0,0.27,20000,0.8928,527.7,1.261,0,0.1072,0.0,10.414,0.0001,0.111,5.5304,1.58,1.5428,7,1.6472,8,nan,0.7052,nan,0,0,0
linq,35.0,2.0,eb0482,0.0482,1,4.8,0,0.28,20000,0.8928,527.7,1.261,0,0.1072,0.0,10.029,0.0002,0.059,5.1461,1.4732,1.4383,7,1.5453,8,nan,0.6539,nan,0,0,0
linq,35.0,2.0,eb0482,0.0482,1,4.8,0,0.29,20000,0.8928,527.7,1.261,0,0.1072,0.0,9.645,0.0007,0.076,4.763,1.3774,1.3452,7,1.454,8,0.7001,0.6156,0.0,0,0,0
linq,35.0,2.0,eb0482,0.0482,1,4.8,0,0.3,20000,0.8928,527.7,1.261,0,0.1072,0.0001,9.27,0.0025,0.129,4.3894,1.2924,1.2627,7,1.3731,8,0.6465,0.5821,0.0,0,0,0
linq,35.0,2.0,eb0482,0.0482,1,4.8,0,0.31,20000,0.8928,527.7,1.261,0,0.1072,0.0002,8.896,0.0075,0.224,4.0165,1.2136,1.1855,7,1.2976,8,0.6115,0.5457,0.0,0,0,0
linq,35.0,2.0,eb0482,0.0482,1,4.8,0,0.32,20000,0.8928,527.7,1.261,0,0.1072,0.0006,8.53,0.0165,0.327,3.6543,1.1422,1.1155,7,1.2287,8,0.581,0.513,0.0,0,0,0
linq,35.0,2.0,eb0482,0.0482,1,4.8,0,0.33,20000,0.8928,527.7,1.261,0,0.1072,0.0019,8.172,0.0293,0.439,3.3077,1.0769,1.052,7,1.1659,8,0.5518,0.4855,0.0,0,0,0
linq,35.0,2.0,eb0482,0.0482,1,4.8,0,0.34,20000,0.8928,527.7,1.261,0,0.1072,0.0056,7.827,0.0467,0.589,2.9944,1.0184,0.9947,7,1.1087,8,0.5226,0.4587,0.0,0,0,0
linq,35.0,2.0,eb0482,0.0482,1,4.8,0,0.35,20000,0.8928,527.7,1.261,0,0.1072,0.0118,7.486,0.0678,0.759,2.6998,0.9638,0.941,7,1.0566,8,0.4957,0.4331,0.0,0,0,0
linq,35.0,2.0,eb0482,0.0482,1,4.8,0,0.36,20000,0.8928,527.7,1.261,0,0.1072,0.0226,7.16,0.0871,0.9,2.4515,0.9143,0.8926,7,1.0071,8,0.4716,0.4103,0.0,0,0,0
linq,35.0,2.0,eb0482,0.0482,1,4.8,0,0.37,20000,0.8928,527.7,1.261,0,0.1072,0.0383,6.841,0.106,1.04,2.2421,0.8683,0.8475,7,0.9637,8,0.4481,0.3889,0.0,0,1,0
linq,35.0,2.0,eb0482,0.0482,1,4.8,0,0.38,20000,0.8928,527.7,1.261,0,0.1072,0.0589,6.534,0.1218,1.146,2.0724,0.8259,0.8059,7,0.9214,8,0.4261,0.3692,0.0,0,1,0
linq,35.0,2.0,eb0482,0.0482,1,4.8,0,0.39,20000,0.8928,527.7,1.261,0,0.1072,0.0833,6.244,0.1341,1.231,1.9421,0.7874,0.7682,7,0.8826,8,0.4057,0.3515,0.0,0,1,0
linq,35.0,2.0,eb0482,0.0482,1,4.8,0,0.4,20000,0.8928,527.7,1.261,0,0.1072,0.11,5.965,0.1449,1.313,1.8341,0.7514,0.7329,7,0.8468,8,0.3866,0.3349,0.0,0,1,0
linq,35.0,2.0,eb0482,0.0482,1,4.8,0,0.41,20000,0.8928,527.7,1.261,0,0.1072,0.1387,5.698,0.1547,1.402,1.7495,0.7175,0.6996,7,0.8138,8,0.3686,0.319,0.0,0,1,0
linq,35.0,2.0,eb0482,0.0482,1,4.8,0,0.42,20000,0.8928,527.7,1.261,0,0.1072,0.1693,5.448,0.1597,1.405,1.6941,0.6872,0.6699,7,0.7814,8,0.352,0.3047,0.0,0,1,0
linq,35.0,2.0,eb0482,0.0482,1,4.8,0,0.43,20000,0.8928,527.7,1.261,0,0.1072,0.1985,5.209,0.1654,1.43,1.6386,0.6583,0.6415,7,0.7511,8,0.3367,0.2916,0.0,0,1,0
linq,35.0,2.0,eb0482,0.0482,1,4.8,0,0.44,20000,0.8928,527.7,1.261,0,0.1072,0.2287,4.984,0.1689,1.439,1.602,0.6309,0.6148,7,0.7239,8,0.3223,0.2793,0.0,0,1,0
linq,35.0,2.0,eb0482,0.0482,1,4.8,0,0.45,20000,0.8928,527.7,1.261,0,0.1072,0.2581,4.773,0.1732,1.503,1.5755,0.6063,0.5907,7,0.6977,8,0.3085,0.2679,0.0,0,1,0
linq,35.0,2.0,eb0482,0.0482,1,4.8,0,0.46,20000,0.8928,527.7,1.261,0,0.1072,0.286,4.572,0.1782,1.565,1.5462,0.5832,0.5679,7,0.6742,8,0.2955,0.2571,0.0,0,1,0
linq,35.0,2.0,eb0482,0.0482,1,4.8,0,0.47,20000,0.8928,527.7,1.261,0,0.1072,0.3131,4.383,0.1795,1.564,1.5245,0.5614,0.5465,7,0.6495,8,0.2841,0.247,0.0,0,0,0
linq,35.0,2.0,eb0482,0.0482,1,4.8,0,0.48,20000,0.8928,527.7,1.261,0,0.1072,0.3389,4.205,0.1823,1.596,1.5073,0.5408,0.5263,7,0.628,8,0.2733,0.2373,0.0,0,0,0
linq,35.0,2.0,eb0482,0.0482,1,4.8,0,0.49,20000,0.8928,527.7,1.261,0,0.1072,0.3642,4.041,0.1829,1.617,1.5023,0.5218,0.5077,7,0.6079,8,0.2631,0.2283,0.0,0,0,0
linq,35.0,2.0,eb0482,0.0482,1,4.8,0,0.5,20000,0.8928,527.7,1.261,0,0.1072,0.3889,3.881,0.1833,1.592,1.499,0.5034,0.4896,7,0.5885,8,0.2532,0.2194,0.0,0,0,0
linq,35.0,2.0,eb0482,0.0482,1,4.8,0,0.51,20000,0.8928,527.7,1.261,0,0.1072,0.4129,3.731,0.1807,1.554,1.5045,0.4857,0.4724,7,0.5708,8,0.2441,0.2118,0.0,0,0,0
linq,35.0,2.0,eb0482,0.0482,1,4.8,0,0.52,20000,0.8928,527.7,1.261,0,0.1072,0.434,3.59,0.1827,1.562,1.4944,0.4694,0.4565,7,0.5535,8,0.2353,0.2043,0.0,0,0,0
linq,35.0,2.0,eb0482,0.0482,1,6.4,0,0.17,20000,0.8928,527.7,1.261,0,0.1072,0.0,12.478,0.0,nan,7.6005,3.7391,3.7391,1,2.2767,8,nan,nan,nan,0,0,0
linq,35.0,2.0,eb0482,0.0482,1,6.4,0,0.18,20000,0.8928,527.7,1.261,0,0.1072,0.0,11.986,0.0,nan,7.1132,3.234,3.2338,2,1.9852,8,nan,nan,nan,0,0,0
linq,35.0,2.0,eb0482,0.0482,1,6.4,0,0.19,20000,0.8928,527.7,1.261,0,0.1072,0.0,11.491,0.0,nan,6.6233,2.8267,2.8264,3,1.7451,8,nan,nan,nan,0,0,0
linq,35.0,2.0,eb0482,0.0482,1,6.4,0,0.2,20000,0.8928,527.7,1.261,0,0.1072,0.0,10.998,0.0,nan,6.1333,2.4648,2.464,4,1.5478,8,nan,nan,nan,0,0,0
linq,35.0,2.0,eb0482,0.0482,1,6.4,0,0.21,20000,0.8928,527.7,1.261,0,0.1072,0.0,10.503,0.0,nan,5.6429,2.1377,2.1352,5,1.3801,8,nan,nan,nan,0,0,0
linq,35.0,2.0,eb0482,0.0482,1,6.4,0,0.22,20000,0.8928,527.7,1.261,0,0.1072,0.0,10.01,0.0,nan,5.1573,1.901,1.8985,5,1.2394,8,nan,nan,nan,0,0,0
linq,35.0,2.0,eb0482,0.0482,1,6.4,0,0.23,20000,0.8928,527.7,1.261,0,0.1072,0.0,9.52,0.0,0.0,4.6731,1.6466,1.6399,6,1.1227,8,nan,nan,nan,0,0,0
linq,35.0,2.0,eb0482,0.0482,1,6.4,0,0.24,20000,0.8928,527.7,1.261,0,0.1072,0.0,9.023,0.0,0.0,4.1799,1.4152,1.4001,7,1.0194,8,nan,0.7228,nan,0,0,0
linq,35.0,2.0,eb0482,0.0482,1,6.4,0,0.25,20000,0.8928,527.7,1.261,0,0.1072,0.0,8.537,0.0001,0.022,3.7049,1.2766,1.2625,7,0.9291,8,nan,0.6444,nan,0,0,0
linq,35.0,2.0,eb0482,0.0482,1,6.4,0,0.26,20000,0.8928,527.7,1.261,0,0.1072,0.0,8.053,0.0008,0.042,3.2322,1.1579,1.1458,7,0.8519,8,0.6979,0.5924,0.0,0,0,0
linq,35.0,2.0,eb0482,0.0482,1,6.4,0,0.27,20000,0.8928,527.7,1.261,0,0.1072,0.0,7.582,0.005,0.113,2.7766,1.0545,1.0436,7,0.7839,8,0.6283,0.5415,0.0,0,0,0
linq,35.0,2.0,eb0482,0.0482,1,6.4,0,0.28,20000,0.8928,527.7,1.261,0,0.1072,0.0002,7.12,0.0176,0.228,2.3318,0.9626,0.9528,7,0.7231,8,0.582,0.4961,0.0,0,0,0
linq,35.0,2.0,eb0482,0.0482,1,6.4,0,0.29,20000,0.8928,527.7,1.261,0,0.1072,0.001,6.677,0.0434,0.41,1.9181,0.8827,0.8735,7,0.6718,8,0.5387,0.4547,0.0,0,1,0
linq,35.0,2.0,eb0482,0.0482,1,6.4,0,0.3,20000,0.8928,527.7,1.261,0,0.1072,0.0056,6.25,0.0788,0.64,1.5499,0.8113,0.8028,7,0.626,8,0.4994,0.4179,0.0,0,1,0
linq,35.0,2.0,eb0482,0.0482,1,6.4,0,0.31,20000,0.8928,527.7,1.261,0,0.1072,0.0172,5.841,0.1165,0.867,1.2418,0.7484,0.7403,7,0.585,8,0.4641,0.3843,0.0,0,1,0
linq,35.0,2.0,eb0482,0.0482,1,6.4,0,0.32,20000,0.8928,527.7,1.261,0,0.1072,0.0392,5.45,0.1519,1.108,1.0066,0.6926,0.6849,7,0.5489,8,0.4308,0.3543,0.0,0,1,0
linq,35.0,2.0,eb0482,0.0482,1,6.4,0,0.33,20000,0.8928,527.7,1.261,0,0.1072,0.0736,5.079,0.177,1.269,0.8526,0.6436,0.6362,7,0.5168,8,0.3997,0.3279,0.0,0,1,0
linq,35.0,2.0,eb0482,0.0482,1,6.4,0,0.34,20000,0.8928,527.7,1.261,0,0.1072,0.1143,4.728,0.1969,1.38,0.739,0.5989,0.5918,7,0.4903,8,0.3714,0.3035,0.0,1,1,1
linq,35.0,2.0,eb0482,0.0482,1,6.4,0,0.35,20000,0.8928,527.7,1.261,0,0.1072,0.1611,4.401,0.2098,1.466,0.6747,0.5583,0.5516,7,0.4675,8,0.3453,0.2826,0.0,1,1,1
linq,35.0,2.0,eb0482,0.0482,1,6.4,0,0.36,20000,0.8928,527.7,1.261,0,0.1072,0.2091,4.098,0.2196,1.543,0.6331,0.5223,0.5158,7,0.447,8,0.3215,0.2636,0.0,1,0,0
linq,35.0,2.0,eb0482,0.0482,1,6.4,0,0.37,20000,0.8928,527.7,1.261,0,0.1072,0.2565,3.818,0.2271,1.616,0.6056,0.4898,0.4835,7,0.4315,8,0.2999,0.2461,0.0,1,0,0
linq,35.0,2.0,eb0482,0.0482,1,6.4,0,0.38,20000,0.8928,527.7,1.261,0,0.1072,0.3019,3.561,0.2323,1.655,0.5902,0.4602,0.4542,7,0.4148,8,0.2806,0.23,0.0,1,0,0
linq,35.0,2.0,eb0482,0.0482,1,6.4,0,0.39,20000,0.8928,527.7,1.261,0,0.1072,0.3443,3.329,0.2364,1.684,0.5765,0.4331,0.4272,7,0.4015,8,0.2633,0.2154,0.0,1,0,0
linq,35.0,2.0,eb0482,0.0482,1,6.4,0,0.4,20000,0.8928,527.7,1.261,0,0.1072,0.3856,3.114,0.2364,1.668,0.5812,0.4085,0.4028,7,0.3893,8,0.2473,0.2026,0.0,1,0,0
linq,35.0,2.0,eb0482,0.0482,1,6.4,0,0.41,20000,0.8928,527.7,1.261,0,0.1072,0.424,2.915,0.2369,1.684,0.5868,0.3861,0.3807,7,0.379,8,0.2324,0.191,0.0,1,0,0
linq,35.0,2.0,eb0482,0.0482,1,6.4,0,0.42,20000,0.8928,527.7,1.261,0,0.1072,0.4593,2.733,0.2368,1.674,0.5932,0.3655,0.3603,7,0.3762,8,0.2187,0.1804,0.0,1,0,0
linq,35.0,2.0,eb0482,0.0482,1,6.4,0,0.43,20000,0.8928,527.7,1.261,0,0.1072,0.4911,2.567,0.2395,1.726,0.595,0.3463,0.3413,7,0.371,8,0.2063,0.1701,0.0,1,0,0
linq,35.0,2.0,eb0482,0.0482,1,6.4,0,0.44,20000,0.8928,527.7,1.261,0,0.1072,0.5204,2.414,0.2402,1.761,0.5994,0.3285,0.3237,7,0.3607,8,0.1951,0.1611,0.0,1,0,0
linq,35.0,2.0,eb0482,0.0482,1,6.4,0,0.45,20000,0.8928,527.7,1.261,0,0.1072,0.5471,2.275,0.2406,1.781,0.604,0.312,0.3075,7,0.3208,7,0.1851,0.1528,0.0,1,0,0
linq,35.0,2.0,eb0482,0.0482,1,6.4,0,0.46,20000,0.8928,527.7,1.261,0,0.1072,0.5739,2.142,0.2395,1.809,0.6201,0.2966,0.2923,7,0.3122,7,0.1753,0.1448,0.0,1,0,0
linq,35.0,2.0,eb0482,0.0482,1,6.4,0,0.47,20000,0.8928,527.7,1.261,0,0.1072,0.5976,2.021,0.2358,1.705,0.6316,0.2827,0.2784,7,0.3065,7,0.1665,0.1375,0.0,1,0,0
linq,35.0,2.0,eb0482,0.0482,1,6.4,0,0.48,20000,0.8928,527.7,1.261,0,0.1072,0.6191,1.911,0.2332,1.644,0.6437,0.2695,0.2655,7,0.3017,7,0.1583,0.1313,0.0,1,0,0
linq,35.0,2.0,eb0482,0.0482,1,6.4,0,0.49,20000,0.8928,527.7,1.261,0,0.1072,0.6389,1.806,0.2316,1.591,0.6491,0.2569,0.2531,7,0.2946,7,0.1508,0.1257,0.0,1,0,0
linq,35.0,2.0,eb0482,0.0482,1,6.4,0,0.5,20000,0.8928,527.7,1.261,0,0.1072,0.658,1.709,0.2297,1.562,0.6605,0.2455,0.2419,7,0.2929,7,0.1435,0.1206,0.0,1,0,0
linq,35.0,2.0,eb0482,0.0482,1,6.4,0,0.51,20000,0.8928,527.7,1.261,0,0.1072,0.6756,1.621,0.2323,1.619,0.6717,0.2352,0.2317,7,0.2899,7,0.1365,0.1152,0.0,1,0,0
linq,35.0,2.0,eb0482,0.0482,1,6.4,0,0.52,20000,0.8928,527.7,1.261,0,0.1072,0.6907,1.538,0.2357,1.668,0.6683,0.2249,0.2216,7,0.2926,7,0.1306,0.1104,0.0,1,0,0
linq,35.0,2.0,eb0482,0.0482,1,9.6,1,0.17,20000,0.8928,527.7,1.261,0,0.1072,0.0,10.078,0.0,nan,5.3511,2.5626,2.5599,3,0.9361,8,nan,nan,nan,0,0,0
linq,35.0,2.0,eb0482,0.0482,1,9.6,1,0.18,20000,0.8928,527.7,1.261,0,0.1072,0.0,9.446,0.0,nan,4.7603,2.1499,2.1457,4,0.7957,8,nan,nan,nan,0,0,0
linq,35.0,2.0,eb0482,0.0482,1,9.6,1,0.19,20000,0.8928,527.7,1.261,0,0.1072,0.0,8.812,0.0,nan,4.1867,1.798,1.7938,5,0.6893,8,nan,nan,nan,0,0,0
linq,35.0,2.0,eb0482,0.0482,1,9.6,1,0.2,20000,0.8928,527.7,1.261,0,0.1072,0.0,8.178,0.0,nan,3.6263,1.492,1.4887,6,0.6102,8,nan,nan,nan,0,0,0
linq,35.0,2.0,eb0482,0.0482,1,9.6,1,0.21,20000,0.8928,527.7,1.261,0,0.1072,0.0,7.541,0.0,0.0,3.0794,1.2476,1.2448,6,0.5288,7,nan,nan,nan,0,0,0
linq,35.0,2.0,eb0482,0.0482,1,9.6,1,0.22,20000,0.8928,527.7,1.261,0,0.1072,0.0,6.918,0.0,0.0,2.5679,1.037,1.0341,7,0.4771,7,nan,0.6569,nan,0,1,0
linq,35.0,2.0,eb0482,0.0482,1,9.6,1,0.23,20000,0.8928,527.7,1.261,0,0.1072,0.0,6.304,0.0004,0.01,2.0985,0.8836,0.8815,7,0.4346,7,nan,0.568,nan,0,1,0
linq,35.0,2.0,eb0482,0.0482,1,9.6,1,0.24,20000,0.8928,527.7,1.261,0,0.1072,0.0,5.719,0.0074,0.071,1.686,0.759,0.7576,7,0.4114,7,0.6158,0.4961,0.0,0,1,0
linq,35.0,2.0,eb0482,0.0482,1,9.6,1,0.25,20000,0.8928,527.7,1.261,0,0.1072,0.0001,5.161,0.0435,0.256,1.3447,0.6557,0.6546,7,0.3447,6,0.5421,0.4318,0.0,0,1,0
linq,35.0,2.0,eb0482,0.0482,1,9.6,1,0.26,20000,0.8928,527.7,1.261,0,0.1072,0.0014,4.632,0.1173,0.598,1.0968,0.5692,0.5684,7,0.3252,6,0.4846,0.3745,0.0,0,1,0
linq,35.0,2.0,eb0482,0.0482,1,9.6,1,0.27,20000,0.8928,527.7,1.261,0,0.1072,0.0155,4.142,0.2005,1.021,1.0126,0.4979,0.4972,7,0.3104,6,0.4332,0.3246,0.0,1,0,0
linq,35.0,2.0,eb0482,0.0482,1,9.6,1,0.28,20000,0.8928,527.7,1.261,0,0.1072,0.0591,3.683,0.2629,1.387,1.0692,0.4375,0.437,7,0.3048,6,0.3849,0.2835,0.0,1,0,0
linq,35.0,2.0,eb0482,0.0482,1,9.6,1,0.29,20000,0.8928,527.7,1.261,0,0.1072,0.1319,3.257,0.2995,1.646,1.1582,0.3868,0.3863,7,0.2939,6,0.3398,0.2491,0.0,1,0,0
linq,35.0,2.0,eb0482,0.0482,1,9.6,1,0.3,20000,0.8928,527.7,1.261,0,0.1072,0.2174,2.867,0.3198,1.788,1.2257,0.3437,0.3432,7,0.2453,5,0.2999,0.2191,0.0,0,0,0
linq,35.0,2.0,eb0482,0.0482,1,9.6,1,0.31,20000,0.8928,527.7,1.261,0,0.1072,0.302,2.526,0.3287,1.857,1.2705,0.3067,0.3062,7,0.238,5,0.2657,0.1943,0.0,0,0,0
linq,35.0,2.0,eb0482,0.0482,1,9.6,1,0.32,20000,0.8928,527.7,1.261,0,0.1072,0.3796,2.226,0.3338,1.911,1.3001,0.2753,0.2748,7,0.2372,5,0.2363,0.1735,0.0,0,0,0
linq,35.0,2.0,eb0482,0.0482,1,9.6,1,0.33,20000,0.8928,527.7,1.261,0,0.1072,0.4507,1.968,0.3344,1.964,1.306,0.2486,0.2482,7,0.2473,5,0.2105,0.1553,0.0,0,0,0
linq,35.0,2.0,eb0482,0.0482,1,9.6,1,0.34,20000,0.8928,527.7,1.261,0,0.1072,0.5105,1.744,0.3368,1.96,1.3267,0.2253,0.2249,7,0.1923,4,0.1888,0.1389,0.0,0,0,0
linq,35.0,2.0,eb0482,0.0482,1,9.6,1,0.35,20000,0.8928,527.7,1.261,0,0.1072,0.5635,1.551,0.331,1.857,1.3343,0.2046,0.2043,7,0.1929,4,0.1703,0.1266,0.0,0,0,0
linq,35.0,2.0,eb0482,0.0482,1,9.6,1,0.36,20000,0.8928,527.7,1.261,0,0.1072,0.61,1.383,0.3282,1.833,1.3411,0.1871,0.1868,7,0.1947,4,0.1537,0.1154,0.0,0,0,0
linq,35.0,2.0,eb0482,0.0482,1,9.6,1,0.37,20000,0.8928,527.7,1.261,0,0.1072,0.6496,1.236,0.332,1.876,1.3629,0.1708,0.1705,7,0.2096,4,0.1392,0.1048,0.0,0,0,0
linq,35.0,2.0,eb0482,0.0482,1,9.6,1,0.38,20000,0.8928,527.7,1.261,0,0.1072,0.6844,1.106,0.3341,1.928,1.3849,0.1562,0.1559,7,0.1593,3,0.1269,0.0953,0.0,0,0,0
linq,35.0,2.0,eb0482,0.0482,1,9.6,1,0.39,20000,0.8928,527.7,1.261,0,0.1072,0.713,0.995,0.3385,1.981,1.4217,0.1439,0.1436,7,0.166,3,0.1165,0.0876,0.0,0,0,0
linq,35.0,2.0,eb0482,0.0482,1,9.6,1,0.4,20000,0.8928,527.7,1.261,0,0.1072,0.7401,0.894,0.3398,1.988,1.4468,0.1329,0.1326,7,0.1761,3,0.1068,0.0804,0.0,0,0,0
linq,35.0,2.0,eb0482,0.0482,1,9.6,1,0.41,20000,0.8928,527.7,1.261,0,0.1072,0.765,0.805,0.3351,1.905,1.4608,0.1231,0.1227,7,0.1833,3,0.0985,0.0739,0.0,0,0,0
linq,35.0,2.0,eb0482,0.0482,1,9.6,1,0.42,20000,0.8928,527.7,1.261,0,0.1072,0.7869,0.725,0.3301,1.859,1.484,0.1132,0.1128,7,0.2195,3,0.0904,0.0682,0.0,0,0,0
linq,35.0,2.0,eb0482,0.0482,1,9.6,1,0.43,20000,0.8928,527.7,1.261,0,0.1072,0.8056,0.656,0.3329,1.904,1.5132,0.1058,0.1055,7,0.157,2,0.0832,0.0632,0.0,0,0,0
linq,35.0,2.0,eb0482,0.0482,1,9.6,1,0.44,20000,0.8928,527.7,1.261,0,0.1072,0.8226,0.594,0.336,1.991,1.5416,0.0987,0.0984,7,0.174,2,0.0773,0.0577,0.0,0,0,0
linq,35.0,2.0,eb0482,0.0482,1,9.6,1,0.45,20000,0.8928,527.7,1.261,0,0.1072,0.8373,0.537,0.3364,1.938,1.5881,0.0917,0.0914,7,0.1891,2,0.0717,0.0535,0.0,0,0,0
linq,35.0,2.0,eb0482,0.0482,1,9.6,1,0.46,20000,0.8928,527.7,1.261,0,0.1072,0.8505,0.488,0.3345,1.858,1.6267,0.086,0.0857,7,0.1545,1,0.0665,0.0497,0.0,0,0,0
linq,35.0,2.0,eb0482,0.0482,1,9.6,1,0.47,20000,0.8928,527.7,1.261,0,0.1072,0.862,0.444,0.3376,1.887,1.6748,0.0804,0.0802,7,0.1701,1,0.062,0.0466,0.0,0,0,0
linq,35.0,2.0,eb0482,0.0482,1,9.6,1,0.48,20000,0.8928,527.7,1.261,0,0.1072,0.8734,0.401,0.3352,1.782,1.7192,0.0751,0.0749,7,0.1897,1,0.0577,0.0433,0.0,0,0,0
linq,35.0,2.0,eb0482,0.0482,1,9.6,1,0.49,20000,0.8928,527.7,1.261,0,0.1072,0.8842,0.364,0.3367,1.826,1.7482,0.071,0.0707,7,0.204,1,0.0531,0.0409,0.0,0,0,0
linq,35.0,2.0,eb0482,0.0482,1,9.6,1,0.5,20000,0.8928,527.7,1.261,0,0.1072,0.8928,0.331,0.3399,1.816,1.8048,0.0669,0.0667,7,0.2374,1,0.0496,0.0387,0.0,0,0,0
linq,35.0,2.0,eb0482,0.0482,1,9.6,1,0.51,20000,0.8928,527.7,1.261,0,0.1072,0.9004,0.301,0.3413,1.785,1.8625,0.064,0.0636,7,nan,0,0.0467,0.0371,0.0,0,0,0
linq,35.0,2.0,eb0482,0.0482,1,9.6,1,0.52,20000,0.8928,527.7,1.261,0,0.1072,0.9075,0.274,0.3539,1.889,1.9256,0.0621,0.0615,7,nan,0,0.0437,0.0352,0.0,0,0,0
linq,35.0,2.0,eb0482,0.0482,1,12.8,1,0.17,20000,0.8928,527.7,1.261,0,0.1072,0.0,8.59,0.0,nan,4.2288,1.9369,1.9177,4,0.5425,6,nan,nan,nan,0,0,0
linq,35.0,2.0,eb0482,0.0482,1,12.8,1,0.18,20000,0.8928,527.7,1.261,0,0.1072,0.0,7.866,0.0,nan,3.6473,1.5634,1.5419,5,0.4562,6,nan,nan,nan,0,0,0
linq,35.0,2.0,eb0482,0.0482,1,12.8,1,0.19,20000,0.8928,527.7,1.261,0,0.1072,0.0,7.146,0.0,nan,3.1031,1.2568,1.2374,6,0.4032,6,nan,nan,nan,0,0,0
linq,35.0,2.0,eb0482,0.0482,1,12.8,1,0.2,20000,0.8928,527.7,1.261,0,0.1072,0.0,6.423,0.0,0.0,2.5984,0.9867,0.9714,6,0.3203,5,nan,nan,nan,0,1,0
linq,35.0,2.0,eb0482,0.0482,1,12.8,1,0.21,20000,0.8928,527.7,1.261,0,0.1072,0.0,5.722,0.0,0.0,2.1548,0.7985,0.787,7,0.2934,5,nan,0.6159,nan,0,1,0
linq,35.0,2.0,eb0482,0.0482,1,12.8,1,0.22,20000,0.8928,527.7,1.261,0,0.1072,0.0,5.051,0.0008,0.008,1.8039,0.6443,0.6352,7,0.2817,5,0.6979,0.5106,0.0,0,1,0
linq,35.0,2.0,eb0482,0.0482,1,12.8,1,0.23,20000,0.8928,527.7,1.261,0,0.1072,0.0,4.426,0.0275,0.125,1.5726,0.5246,0.5173,7,0.2194,4,0.5643,0.4279,0.0,0,1,0
linq,35.0,2.0,eb0482,0.0482,1,12.8,1,0.24,20000,0.8928,527.7,1.261,0,0.1072,0.0001,3.833,0.1301,0.502,1.5417,0.4293,0.4236,7,0.2132,4,0.4804,0.3513,0.0,0,0,0
linq,35.0,2.0,eb0482,0.0482,1,12.8,1,0.25,20000,0.8928,527.7,1.261,0,0.1072,0.008,3.3,0.2642,1.109,1.654,0.3549,0.3508,7,0.2215,4,0.4185,0.2871,0.0,1,0,0
linq,35.0,2.0,eb0482,0.0482,1,12.8,1,0.26,20000,0.8928,527.7,1.261,0,0.1072,0.065,2.816,0.3563,1.661,1.8767,0.2972,0.2942,7,0.1736,3,0.3584,0.2367,0.0,0,0,0
linq,35.0,2.0,eb0482,0.0482,1,12.8,1,0.27,20000,0.8928,527.7,1.261,0,0.1072,0.1783,2.355,0.3985,1.983,2.023,0.2497,0.2475,7,0.1794,3,0.3009,0.1967,0.0,0,0,0
linq,35.0,2.0,eb0482,0.0482,1,12.8,1,0.28,20000,0.8928,527.7,1.261,0,0.1072,0.3022,1.961,0.4149,2.164,2.079,0.2126,0.2109,7,0.1988,3,0.2524,0.1654,0.0,0,0,0
linq,35.0,2.0,eb0482,0.0482,1,12.8,1,0.29,20000,0.8928,527.7,1.261,0,0.1072,0.4159,1.624,0.4192,2.173,2.1082,0.1817,0.1803,7,0.1557,2,0.2125,0.1393,0.0,0,0,0
linq,35.0,2.0,eb0482,0.0482,1,12.8,1,0.3,20000,0.8928,527.7,1.261,0,0.1072,0.5099,1.357,0.4154,2.104,2.1193,0.1574,0.1564,7,0.1733,2,0.1806,0.1199,0.0,0,0,0
linq,35.0,2.0,eb0482,0.0482,1,12.8,1,0.31,20000,0.8928,527.7,1.261,0,0.1072,0.5874,1.132,0.4185,2.157,2.1447,0.1361,0.1353,7,0.2039,2,0.1539,0.1034,0.0,0,0,0
linq,35.0,2.0,eb0482,0.0482,1,12.8,1,0.32,20000,0.8928,527.7,1.261,0,0.1072,0.6511,0.952,0.4189,2.186,2.1604,0.1194,0.1187,7,0.1748,1,0.1325,0.0891,0.0,0,0,0
linq,35.0,2.0,eb0482,0.0482,1,12.8,1,0.33,20000,0.8928,527.7,1.261,0,0.1072,0.7019,0.801,0.421,2.181,2.201,0.1044,0.1038,7,0.195,1,0.1151,0.0779,0.0,0,0,0
linq,35.0,2.0,eb0482,0.0482,1,12.8,1,0.34,20000,0.8928,527.7,1.261,0,0.1072,0.7441,0.681,0.4197,2.155,2.227,0.0926,0.0922,7,0.2431,1,0.1012,0.0681,0.0,0,0,0
linq,35.0,2.0,eb0482,0.0482,1,12.8,1,0.35,20000,0.8928,527.7,1.261,0,0.1072,0.782,0.575,0.4167,2.141,2.2526,0.0831,0.0829,7,nan,0,0.0881,0.0597,0.0,0,0,0
linq,35.0,2.0,eb0482,0.0482,1,12.8,1,0.36,20000,0.8928,527.7,1.261,0,0.1072,0.8119,0.487,0.4186,2.138,2.2969,0.0756,0.0755,7,nan,0,0.0775,0.052,0.0,0,0,0
linq,35.0,2.0,eb0482,0.0482,1,12.8,1,0.37,20000,0.8928,527.7,1.261,0,0.1072,0.8366,0.416,0.4192,2.075,2.3452,0.0719,0.0709,7,nan,0,0.0688,0.0464,0.0,0,0,0
linq,35.0,2.0,eb0482,0.0482,1,12.8,1,0.38,20000,0.8928,527.7,1.261,0,0.1072,0.8573,0.354,0.4232,2.082,2.4078,0.07,0.0675,7,nan,0,0.0608,0.0417,0.0,0,0,0
linq,35.0,2.0,eb0482,0.0482,1,12.8,1,0.39,20000,0.8928,527.7,1.261,0,0.1072,0.8764,0.302,0.4231,2.036,2.4465,0.07,0.0657,7,nan,0,0.0538,0.0379,0.0,0,0,0
linq,35.0,2.0,eb0482,0.0482,1,12.8,1,0.4,20000,0.8928,527.7,1.261,0,0.1072,0.8916,0.257,0.431,2.029,2.5191,0.0722,0.0645,7,nan,0,0.0479,0.034,0.0,0,0,0
linq,35.0,2.0,eb0482,0.0482,1,12.8,1,0.41,20000,0.8928,527.7,1.261,0,0.1072,0.9043,0.219,0.4403,2.005,2.595,0.0556,0.053,6,nan,0,0.0433,0.0311,0.0,0,0,0
linq,35.0,2.0,eb0482,0.0482,1,12.8,1,0.42,20000,0.8928,527.7,1.261,0,0.1072,0.9158,0.188,0.4471,1.974,2.6551,0.0568,0.0523,6,nan,0,0.0395,0.0276,0.0,0,0,0
linq,35.0,2.0,eb0482,0.0482,1,12.8,1,0.43,20000,0.8928,527.7,1.261,0,0.1072,0.9264,0.159,0.4549,1.891,2.7246,0.0454,0.0435,5,nan,0,0.036,0.0249,0.0,0,0,0
linq,35.0,2.0,eb0482,0.0482,1,12.8,1,0.44,20000,0.8928,527.7,1.261,0,0.1072,0.9348,0.136,0.4766,1.996,2.8036,0.0459,0.0426,5,nan,0,0.033,0.0224,0.0,0,0,0
linq,35.0,2.0,eb0482,0.0482,1,12.8,1,0.45,20000,0.8928,527.7,1.261,0,0.1072,0.9432,0.115,0.4815,1.966,2.8566,0.0485,0.0433,5,nan,0,0.0299,0.021,0.0,0,0,0
linq,35.0,2.0,eb0482,0.0482,1,12.8,1,0.46,20000,0.8928,527.7,1.261,0,0.1072,0.9499,0.097,0.5117,2.171,2.9479,0.0374,0.0353,4,nan,0,0.0269,0.0192,0.0,0,0,0
linq,35.0,2.0,eb0482,0.0482,1,12.8,1,0.47,20000,0.8928,527.7,1.261,0,0.1072,0.9561,0.082,0.537,2.427,3.0187,0.0391,0.0357,4,nan,0,0.0247,0.0172,0.0,0,0,0
linq,35.0,2.0,eb0482,0.0482,1,12.8,1,0.48,20000,0.8928,527.7,1.261,0,0.1072,0.9616,0.07,0.5496,2.453,3.0718,0.0428,0.0373,4,nan,0,0.0228,0.016,0.0,0,0,0
linq,35.0,2.0,eb0482,0.0482,1,12.8,1,0.49,20000,0.8928,527.7,1.261,0,0.1072,0.967,0.058,0.5573,2.403,3.124,0.0314,0.0293,3,nan,0,0.0206,0.0151,0.0,0,0,0
linq,35.0,2.0,eb0482,0.0482,1,12.8,1,0.5,20000,0.8928,527.7,1.261,0,0.1072,0.9711,0.049,0.5814,2.419,3.1939,0.033,0.0301,3,nan,0,0.0193,0.0136,0.0,0,0,0
linq,35.0,2.0,eb0482,0.0482,1,12.8,1,0.51,20000,0.8928,527.7,1.261,0,0.1072,0.9754,0.041,0.582,2.261,3.2269,0.036,0.0318,3,nan,0,0.0183,0.0125,0.0,0,0,0
linq,35.0,2.0,eb0482,0.0482,1,12.8,1,0.52,20000,0.8928,527.7,1.261,0,0.1072,0.9794,0.033,0.5924,2.169,3.2772,0.0263,0.0246,2,nan,0,0.0164,0.012,0.0,0,0,0
linq,35.0,2.0,eb1168,0.11675778353879479,0,2.4,0,0.17,20000,0.8215,527.7,1.261,0,0.1785,0.0,18.139,0.0,nan,13.2503,nan,nan,0,8.6167,5,nan,nan,nan,0,0,0
linq,35.0,2.0,eb1168,0.11675778353879479,0,2.4,0,0.18,20000,0.8215,527.7,1.261,0,0.1785,0.0,17.97,0.0,nan,13.0817,nan,nan,0,8.1251,5,nan,nan,nan,0,0,0
linq,35.0,2.0,eb1168,0.11675778353879479,0,2.4,0,0.19,20000,0.8215,527.7,1.261,0,0.1785,0.0,17.799,0.0,nan,12.9107,nan,nan,0,7.7729,6,nan,nan,nan,0,0,0
linq,35.0,2.0,eb1168,0.11675778353879479,0,2.4,0,0.2,20000,0.8215,527.7,1.261,0,0.1785,0.0,17.627,0.0,nan,12.7381,nan,nan,0,7.3734,6,nan,nan,nan,0,0,0
linq,35.0,2.0,eb1168,0.11675778353879479,0,2.4,0,0.21,20000,0.8215,527.7,1.261,0,0.1785,0.0,17.455,0.0,nan,12.5668,nan,nan,0,7.0045,7,nan,nan,nan,0,0,0
linq,35.0,2.0,eb1168,0.11675778353879479,0,2.4,0,0.22,20000,0.8215,527.7,1.261,0,0.1785,0.0,17.287,0.0,nan,12.3982,nan,nan,0,6.6928,7,nan,nan,nan,0,0,0
linq,35.0,2.0,eb1168,0.11675778353879479,0,2.4,0,0.23,20000,0.8215,527.7,1.261,0,0.1785,0.0,17.117,0.0,nan,12.2284,nan,nan,0,6.3963,7,nan,nan,nan,0,0,0
linq,35.0,2.0,eb1168,0.11675778353879479,0,2.4,0,0.24,20000,0.8215,527.7,1.261,0,0.1785,0.0,16.947,0.0,nan,12.0581,nan,nan,0,6.0698,8,nan,nan,nan,0,0,0
linq,35.0,2.0,eb1168,0.11675778353879479,0,2.4,0,0.25,20000,0.8215,527.7,1.261,0,0.1785,0.0,16.776,0.0,nan,11.8878,nan,nan,0,5.8201,8,nan,nan,nan,0,0,0
linq,35.0,2.0,eb1168,0.11675778353879479,0,2.4,0,0.26,20000,0.8215,527.7,1.261,0,0.1785,0.0,16.613,0.0,nan,11.7246,nan,nan,0,5.5987,8,nan,nan,nan,0,0,0
linq,35.0,2.0,eb1168,0.11675778353879479,0,2.4,0,0.27,20000,0.8215,527.7,1.261,0,0.1785,0.0,16.442,0.0,nan,11.5531,nan,nan,0,5.3835,8,nan,nan,nan,0,0,0
linq,35.0,2.0,eb1168,0.11675778353879479,0,2.4,0,0.28,20000,0.8215,527.7,1.261,0,0.1785,0.0,16.275,0.0,nan,11.3864,4.0887,4.0887,1,5.186,8,nan,nan,nan,0,0,0
linq,35.0,2.0,eb1168,0.11675778353879479,0,2.4,0,0.29,20000,0.8215,527.7,1.261,0,0.1785,0.0,16.108,0.0,nan,11.2193,3.9108,3.9108,1,5.0022,8,nan,nan,nan,0,0,0
linq,35.0,2.0,eb1168,0.11675778353879479,0,2.4,0,0.3,20000,0.8215,527.7,1.261,0,0.1785,0.0,15.941,0.0,nan,11.0526,3.7711,3.7711,1,4.8301,8,nan,nan,nan,0,0,0
linq,35.0,2.0,eb1168,0.11675778353879479,0,2.4,0,0.31,20000,0.8215,527.7,1.261,0,0.1785,0.0,15.773,0.0,nan,10.8842,3.4547,3.4483,2,4.6688,8,nan,nan,nan,0,0,0
linq,35.0,2.0,eb1168,0.11675778353879479,0,2.4,0,0.32,20000,0.8215,527.7,1.261,0,0.1785,0.0,15.607,0.0,nan,10.7186,3.3393,3.3322,2,4.5196,8,nan,nan,nan,0,0,0
linq,35.0,2.0,eb1168,0.11675778353879479,0,2.4,0,0.33,20000,0.8215,527.7,1.261,0,0.1785,0.0,15.441,0.0,nan,10.552,3.0813,3.0668,3,4.3778,8,nan,nan,nan,0,0,0
linq,35.0,2.0,eb1168,0.11675778353879479,0,2.4,0,0.34,20000,0.8215,527.7,1.261,0,0.1785,0.0,15.275,0.0,nan,10.3863,2.9838,2.9696,3,4.2468,8,nan,nan,nan,0,0,0
linq,35.0,2.0,eb1168,0.11675778353879479,0,2.4,0,0.35,20000,0.8215,527.7,1.261,0,0.1785,0.0,15.105,0.0,nan,10.216,2.7334,2.7077,4,4.119,8,nan,nan,nan,0,0,0
linq,35.0,2.0,eb1168,0.11675778353879479,0,2.4,0,0.36,20000,0.8215,527.7,1.261,0,0.1785,0.0,14.938,0.0,0.0,10.0495,2.6553,2.63,4,4.0012,8,nan,nan,nan,0,0,0
linq,35.0,2.0,eb1168,0.11675778353879479,0,2.4,0,0.37,20000,0.8215,527.7,1.261,0,0.1785,0.0,14.769,0.0,0.0,9.8807,2.4265,2.3852,5,3.888,8,nan,nan,nan,0,0,0
linq,35.0,2.0,eb1168,0.11675778353879479,0,2.4,0,0.38,20000,0.8215,527.7,1.261,0,0.1785,0.0,14.604,0.0,0.0,9.7155,2.3606,2.3195,5,3.7822,8,nan,nan,nan,0,0,0
linq,35.0,2.0,eb1168,0.11675778353879479,0,2.4,0,0.39,20000,0.8215,527.7,1.261,0,0.1785,0.0,14.436,0.0001,1.0,9.5474,2.2957,2.2554,5,3.6811,8,nan,nan,nan,0,0,0
linq,35.0,2.0,eb1168,0.11675778353879479,0,2.4,0,0.4,20000,0.8215,527.7,1.261,0,0.1785,0.0,14.273,0.0001,0.667,9.3847,2.0916,2.0295,6,3.5877,8,nan,nan,nan,0,0,0
linq,35.0,2.0,eb1168,0.11675778353879479,0,2.4,0,0.41,20000,0.8215,527.7,1.261,0,0.1785,0.0,14.108,0.0001,0.333,9.2199,2.0381,1.977,6,3.4977,8,nan,nan,nan,0,0,0
linq,35.0,2.0,eb1168,0.11675778353879479,0,2.4,0,0.42,20000,0.8215,527.7,1.261,0,0.1785,0.0,13.94,0.0002,0.316,9.0518,1.9882,1.9282,6,3.41,8,nan,nan,nan,0,0,0
linq,35.0,2.0,eb1168,0.11675778353879479,0,2.4,0,0.43,20000,0.8215,527.7,1.261,0,0.1785,0.0001,13.774,0.0001,0.148,8.8864,1.7972,1.7035,7,3.3281,8,nan,0.6573,nan,0,0,0
linq,35.0,2.0,eb1168,0.11675778353879479,0,2.4,0,0.44,20000,0.8215,527.7,1.261,0,0.1785,0.0001,13.609,0.0003,0.239,8.7212,1.7531,1.6603,7,3.2492,8,nan,0.6337,nan,0,0,0
linq,35.0,2.0,eb1168,0.11675778353879479,0,2.4,0,0.45,20000,0.8215,527.7,1.261,0,0.1785,0.0001,13.445,0.0005,0.257,8.5577,1.7133,1.6223,7,3.1751,8,nan,0.6168,nan,0,0,0
linq,35.0,2.0,eb1168,0.11675778353879479,0,2.4,0,0.46,20000,0.8215,527.7,1.261,0,0.1785,0.0001,13.28,0.0008,0.252,8.393,1.6746,1.5868,7,3.104,8,0.6464,0.6065,0.0,0,0,0
linq,35.0,2.0,eb1168,0.11675778353879479,0,2.4,0,0.47,20000,0.8215,527.7,1.261,0,0.1785,0.0002,13.111,0.0012,0.264,8.2256,1.6371,1.5514,7,3.0339,8,0.6277,0.5943,0.0,0,0,0
linq,35.0,2.0,eb1168,0.11675778353879479,0,2.4,0,0.48,20000,0.8215,527.7,1.261,0,0.1785,0.0003,12.95,0.0018,0.309,8.0653,1.6031,1.5195,7,2.9691,8,0.6132,0.5826,0.0,0,0,0
linq,35.0,2.0,eb1168,0.11675778353879479,0,2.4,0,0.49,20000,0.8215,527.7,1.261,0,0.1785,0.0005,12.787,0.0028,0.377,7.904,1.5685,1.4869,7,2.9075,8,0.5992,0.5713,0.0,0,0,0
linq,35.0,2.0,eb1168,0.11675778353879479,0,2.4,0,0.5,20000,0.8215,527.7,1.261,0,0.1785,0.0007,12.621,0.0037,0.421,7.7405,1.5357,1.4562,7,2.846,8,0.5892,0.5615,0.0,0,0,0
linq,35.0,2.0,eb1168,0.11675778353879479,0,2.4,0,0.51,20000,0.8215,527.7,1.261,0,0.1785,0.0009,12.459,0.0055,0.499,7.5819,1.5047,1.4265,7,2.7873,8,0.5776,0.5495,0.0,0,0,0
linq,35.0,2.0,eb1168,0.11675778353879479,0,2.4,0,0.52,20000,0.8215,527.7,1.261,0,0.1785,0.0013,12.298,0.007,0.559,7.4264,1.4736,1.3975,7,2.7334,8,0.5681,0.5397,0.0,0,0,0
linq,35.0,2.0,eb1168,0.11675778353879479,0,3.2,0,0.17,20000,0.8215,527.7,1.261,0,0.1785,0.0,16.542,0.0,nan,11.6532,nan,nan,0,6.1598,7,nan,nan,nan,0,0,0
linq,35.0,2.0,eb1168,0.11675778353879479,0,3.2,0,0.18,20000,0.8215,527.7,1.261,0,0.1785,0.0,16.283,0.0,nan,11.3946,nan,nan,0,5.7093,7,nan,nan,nan,0,0,0
linq,35.0,2.0,eb1168,0.11675778353879479,0,3.2,0,0.19,20000,0.8215,527.7,1.261,0,0.1785,0.0,16.024,0.0,nan,11.1354,nan,nan,0,5.3707,8,nan,nan,nan,0,0,0
linq,35.0,2.0,eb1168,0.11675778353879479,0,3.2,0,0.2,20000,0.8215,527.7,1.261,0,0.1785,0.0,15.766,0.0,nan,10.8773,nan,nan,0,5.0074,8,nan,nan,nan,0,0,0
linq,35.0,2.0,eb1168,0.11675778353879479,0,3.2,0,0.21,20000,0.8215,527.7,1.261,0,0.1785,0.0,15.509,0.0,nan,10.6206,nan,nan,0,4.6905,8,nan,nan,nan,0,0,0
linq,35.0,2.0,eb1168,0.11675778353879479,0,3.2,0,0.22,20000,0.8215,527.7,1.261,0,0.1785,0.0,15.253,0.0,nan,10.364,nan,nan,0,4.4041,8,nan,nan,nan,0,0,0
linq,35.0,2.0,eb1168,0.11675778353879479,0,3.2,0,0.23,20000,0.8215,527.7,1.261,0,0.1785,0.0,14.994,0.0,nan,10.1056,3.943,3.943,1,4.1439,8,nan,nan,nan,0,0,0
linq,35.0,2.0,eb1168,0.11675778353879479,0,3.2,0,0.24,20000,0.8215,527.7,1.261,0,0.1785,0.0,14.74,0.0,nan,9.8515,3.546,3.5419,2,3.9109,8,nan,nan,nan,0,0,0
linq,35.0,2.0,eb1168,0.11675778353879479,0,3.2,0,0.25,20000,0.8215,527.7,1.261,0,0.1785,0.0,14.479,0.0,nan,9.5907,3.3671,3.3629,2,3.694,8,nan,nan,nan,0,0,0
linq,35.0,2.0,eb1168,0.11675778353879479,0,3.2,0,0.26,20000,0.8215,527.7,1.261,0,0.1785,0.0,14.223,0.0,nan,9.3346,3.0692,3.0604,3,3.5002,8,nan,nan,nan,0,0,0
linq,35.0,2.0,eb1168,0.11675778353879479,0,3.2,0,0.27,20000,0.8215,527.7,1.261,0,0.1785,0.0,13.966,0.0,nan,9.0773,2.9072,2.8983,3,3.3239,8,nan,nan,nan,0,0,0
linq,35.0,2.0,eb1168,0.11675778353879479,0,3.2,0,0.28,20000,0.8215,527.7,1.261,0,0.1785,0.0,13.711,0.0,nan,8.8228,2.643,2.6274,4,3.1639,8,nan,nan,nan,0,0,0
linq,35.0,2.0,eb1168,0.11675778353879479,0,3.2,0,0.29,20000,0.8215,527.7,1.261,0,0.1785,0.0,13.455,0.0,nan,8.5666,2.5143,2.4984,4,3.0152,8,nan,nan,nan,0,0,0
linq,35.0,2.0,eb1168,0.11675778353879479,0,3.2,0,0.3,20000,0.8215,527.7,1.261,0,0.1785,0.0,13.197,0.0,0.0,8.3086,2.2811,2.2548,5,2.8761,8,nan,nan,nan,0,0,0
linq,35.0,2.0,eb1168,0.11675778353879479,0,3.2,0,0.31,20000,0.8215,527.7,1.261,0,0.1785,0.0,12.94,0.0,0.0,8.0517,2.1783,2.1516,5,2.7482,8,nan,nan,nan,0,0,0
linq,35.0,2.0,eb1168,0.11675778353879479,0,3.2,0,0.32,20000,0.8215,527.7,1.261,0,0.1785,0.0,12.682,0.0,0.167,7.7935,1.9639,1.9215,6,2.6293,8,nan,nan,nan,0,0,0
linq,35.0,2.0,eb1168,0.11675778353879479,0,3.2,0,0.33,20000,0.8215,527.7,1.261,0,0.1785,0.0,12.427,0.0001,0.333,7.5387,1.8829,1.8419,6,2.5204,8,nan,nan,nan,0,0,0
linq,35.0,2.0,eb1168,0.11675778353879479,0,3.2,0,0.34,20000,0.8215,527.7,1.261,0,0.1785,0.0,12.17,0.0001,0.154,7.2811,1.6836,1.6165,7,2.4183,8,nan,0.6662,nan,0,0,0
linq,35.0,2.0,eb1168,0.11675778353879479,0,3.2,0,0.35,20000,0.8215,527.7,1.261,0,0.1785,0.0,11.916,0.0003,0.172,7.0276,1.6172,1.5519,7,2.3235,8,nan,0.6328,nan,0,0,0
linq,35.0,2.0,eb1168,0.11675778353879479,0,3.2,0,0.36,20000,0.8215,527.7,1.261,0,0.1785,0.0001,11.66,0.0005,0.148,6.7754,1.5551,1.4926,7,2.2355,8,nan,0.6095,nan,0,0,0
linq,35.0,2.0,eb1168,0.11675778353879479,0,3.2,0,0.37,20000,0.8215,527.7,1.261,0,0.1785,0.0001,11.406,0.001,0.15,6.5228,1.4983,1.4386,7,2.1521,8,0.6394,0.5898,0.0,0,0,0
linq,35.0,2.0,eb1168,0.11675778353879479,0,3.2,0,0.38,20000,0.8215,527.7,1.261,0,0.1785,0.0002,11.155,0.0022,0.231,6.2738,1.4447,1.3877,7,2.0751,8,0.6137,0.5715,0.0,0,0,0
linq,35.0,2.0,eb1168,0.11675778353879479,0,3.2,0,0.39,20000,0.8215,527.7,1.261,0,0.1785,0.0004,10.903,0.004,0.29,6.0243,1.3936,1.3387,7,2.0015,8,0.5939,0.553,0.0,0,0,0
linq,35.0,2.0,eb1168,0.11675778353879479,0,3.2,0,0.4,20000,0.8215,527.7,1.261,0,0.1785,0.0007,10.658,0.007,0.398,5.7833,1.3462,1.2933,7,1.9336,8,0.5747,0.5339,0.0,0,0,0
linq,35.0,2.0,eb1168,0.11675778353879479,0,3.2,0,0.41,20000,0.8215,527.7,1.261,0,0.1785,0.001,10.41,0.0106,0.466,5.5387,1.3005,1.2494,7,1.8685,8,0.5603,0.5158,0.0,0,0,0
linq,35.0,2.0,eb1168,0.11675778353879479,0,3.2,0,0.42,20000,0.8215,527.7,1.261,0,0.1785,0.0021,10.164,0.0152,0.52,5.3044,1.2573,1.2078,7,1.8059,8,0.5437,0.498,0.0,0,0,0
linq,35.0,2.0,eb1168,0.11675778353879479,0,3.2,0,0.43,20000,0.8215,527.7,1.261,0,0.1785,0.0039,9.926,0.0197,0.558,5.0832,1.2178,1.17,7,1.7468,8,0.5284,0.4832,0.0,0,0,0
linq,35.0,2.0,eb1168,0.11675778353879479,0,3.2,0,0.44,20000,0.8215,527.7,1.261,0,0.1785,0.0065,9.687,0.0252,0.589,4.8699,1.1795,1.1333,7,1.692,8,0.5115,0.4681,0.0,0,0,0
linq,35.0,2.0,eb1168,0.11675778353879479,0,3.2,0,0.45,20000,0.8215,527.7,1.261,0,0.1785,0.0097,9.452,0.0327,0.688,4.6643,1.1429,1.0981,7,1.6414,8,0.4959,0.4538,0.0,0,0,0
linq,35.0,2.0,eb1168,0.11675778353879479,0,3.2,0,0.46,20000,0.8215,527.7,1.261,0,0.1785,0.0139,9.222,0.0403,0.772,4.4715,1.1092,1.0656,7,1.5905,8,0.4816,0.4409,0.0,0,0,0
linq,35.0,2.0,eb1168,0.11675778353879479,0,3.2,0,0.47,20000,0.8215,527.7,1.261,0,0.1785,0.0192,8.995,0.048,0.85,4.2912,1.0766,1.0343,7,1.5438,8,0.4678,0.4282,0.0,0,0,0
linq,35.0,2.0,eb1168,0.11675778353879479,0,3.2,0,0.48,20000,0.8215,527.7,1.261,0,0.1785,0.0255,8.772,0.0566,0.94,4.1216,1.046,1.0048,7,1.4984,8,0.4546,0.4155,0.0,0,0,0
linq,35.0,2.0,eb1168,0.11675778353879479,0,3.2,0,0.49,20000,0.8215,527.7,1.261,0,0.1785,0.0334,8.555,0.0637,0.992,3.9709,1.0164,0.9764,7,1.4572,8,0.4429,0.4036,0.0,0,0,0
linq,35.0,2.0,eb1168,0.11675778353879479,0,3.2,0,0.5,20000,0.8215,527.7,1.261,0,0.1785,0.0429,8.342,0.0699,1.028,3.836,0.9889,0.9498,7,1.4158,8,0.4313,0.392,0.0,0,0,0
linq,35.0,2.0,eb1168,0.11675778353879479,0,3.2,0,0.51,20000,0.8215,527.7,1.261,0,0.1785,0.0535,8.134,0.0756,1.043,3.7161,0.9619,0.9238,7,1.3776,8,0.4197,0.3814,0.0,0,0,0
linq,35.0,2.0,eb1168,0.11675778353879479,0,3.2,0,0.52,20000,0.8215,527.7,1.261,0,0.1785,0.0647,7.931,0.0819,1.111,3.6032,0.9366,0.8995,7,1.3407,8,0.4087,0.3716,0.0,0,0,0
linq,35.0,2.0,eb1168,0.11675778353879479,0,4.8,0,0.17,20000,0.8215,527.7,1.261,0,0.1785,0.0,14.005,0.0,nan,9.1251,nan,nan,0,3.3975,8,nan,nan,nan,0,0,0
linq,35.0,2.0,eb1168,0.11675778353879479,0,4.8,0,0.18,20000,0.8215,527.7,1.261,0,0.1785,0.0,13.6,0.0,nan,8.7243,4.0774,4.0774,1,3.0249,8,nan,nan,nan,0,0,0
linq,35.0,2.0,eb1168,0.11675778353879479,0,4.8,0,0.19,20000,0.8215,527.7,1.261,0,0.1785,0.0,13.196,0.0,nan,8.3274,3.6468,3.6468,1,2.7097,8,nan,nan,nan,0,0,0
linq,35.0,2.0,eb1168,0.11675778353879479,0,4.8,0,0.2,20000,0.8215,527.7,1.261,0,0.1785,0.0,12.789,0.0,nan,7.9249,3.2365,3.2349,2,2.4348,8,nan,nan,nan,0,0,0
linq,35.0,2.0,eb1168,0.11675778353879479,0,4.8,0,0.21,20000,0.8215,527.7,1.261,0,0.1785,0.0,12.387,0.0,nan,7.5253,2.8859,2.8836,3,2.2011,8,nan,nan,nan,0,0,0
linq,35.0,2.0,eb1168,0.11675778353879479,0,4.8,0,0.22,20000,0.8215,527.7,1.261,0,0.1785,0.0,11.986,0.0,nan,7.1262,2.6283,2.6262,3,2.0009,8,nan,nan,nan,0,0,0
linq,35.0,2.0,eb1168,0.11675778353879479,0,4.8,0,0.23,20000,0.8215,527.7,1.261,0,0.1785,0.0,11.579,0.0,nan,6.7195,2.3372,2.3327,4,1.8225,8,nan,nan,nan,0,0,0
linq,35.0,2.0,eb1168,0.11675778353879479,0,4.8,0,0.24,20000,0.8215,527.7,1.261,0,0.1785,0.0,11.176,0.0,nan,6.3251,2.0734,2.0643,5,1.6656,8,nan,nan,nan,0,0,0
linq,35.0,2.0,eb1168,0.11675778353879479,0,4.8,0,0.25,20000,0.8215,527.7,1.261,0,0.1785,0.0,10.773,0.0,0.0,5.9303,1.8225,1.8046,6,1.5306,8,nan,nan,nan,0,0,0
linq,35.0,2.0,eb1168,0.11675778353879479,0,4.8,0,0.26,20000,0.8215,527.7,1.261,0,0.1785,0.0,10.368,0.0,0.0,5.5315,1.6857,1.6694,6,1.408,8,nan,nan,nan,0,0,0
linq,35.0,2.0,eb1168,0.11675778353879479,0,4.8,0,0.27,20000,0.8215,527.7,1.261,0,0.1785,0.0,9.965,0.0001,0.12,5.1329,1.4743,1.4433,7,1.3023,8,nan,0.672,nan,0,0,0
linq,35.0,2.0,eb1168,0.11675778353879479,0,4.8,0,0.28,20000,0.8215,527.7,1.261,0,0.1785,0.0,9.566,0.0002,0.055,4.7383,1.3693,1.3407,7,1.209,8,nan,0.6214,nan,0,0,0
linq,35.0,2.0,eb1168,0.11675778353879479,0,4.8,0,0.29,20000,0.8215,527.7,1.261,0,0.1785,0.0,9.164,0.0008,0.081,4.3482,1.2747,1.2486,7,1.1232,8,0.6664,0.5833,0.0,0,0,0
linq,35.0,2.0,eb1168,0.11675778353879479,0,4.8,0,0.3,20000,0.8215,527.7,1.261,0,0.1785,0.0001,8.77,0.0025,0.126,3.964,1.1904,1.1667,7,1.0452,8,0.6144,0.5502,0.0,0,0,0
linq,35.0,2.0,eb1168,0.11675778353879479,0,4.8,0,0.31,20000,0.8215,527.7,1.261,0,0.1785,0.0002,8.38,0.0075,0.224,3.5827,1.1128,1.0908,7,0.9796,8,0.5795,0.5146,0.0,0,0,0
linq,35.0,2.0,eb1168,0.11675778353879479,0,4.8,0,0.32,20000,0.8215,527.7,1.261,0,0.1785,0.0005,8.001,0.0166,0.323,3.2225,1.0425,1.022,7,0.9218,8,0.5502,0.4826,0.0,0,0,0
linq,35.0,2.0,eb1168,0.11675778353879479,0,4.8,0,0.33,20000,0.8215,527.7,1.261,0,0.1785,0.0019,7.625,0.0295,0.423,2.8719,0.978,0.959,7,0.8677,8,0.5214,0.4551,0.0,0,0,0
linq,35.0,2.0,eb1168,0.11675778353879479,0,4.8,0,0.34,20000,0.8215,527.7,1.261,0,0.1785,0.0054,7.263,0.0482,0.582,2.5465,0.92,0.9022,7,0.8236,8,0.4924,0.4284,0.0,0,0,0
linq,35.0,2.0,eb1168,0.11675778353879479,0,4.8,0,0.35,20000,0.8215,527.7,1.261,0,0.1785,0.0121,6.908,0.0697,0.743,2.2562,0.8662,0.8495,7,0.7813,8,0.4654,0.4034,0.0,0,1,0
linq,35.0,2.0,eb1168,0.11675778353879479,0,4.8,0,0.36,20000,0.8215,527.7,1.261,0,0.1785,0.0226,6.566,0.0905,0.883,2.0027,0.8173,0.8016,7,0.7442,8,0.4421,0.3808,0.0,0,1,0
linq,35.0,2.0,eb1168,0.11675778353879479,0,4.8,0,0.37,20000,0.8215,527.7,1.261,0,0.1785,0.0384,6.237,0.1105,1.02,1.7902,0.7726,0.7577,7,0.7185,8,0.4193,0.3597,0.0,0,1,0
linq,35.0,2.0,eb1168,0.11675778353879479,0,4.8,0,0.38,20000,0.8215,527.7,1.261,0,0.1785,0.0595,5.918,0.1281,1.134,1.6195,0.7311,0.7169,7,0.7003,8,0.3974,0.3404,0.0,0,1,0
linq,35.0,2.0,eb1168,0.11675778353879479,0,4.8,0,0.39,20000,0.8215,527.7,1.261,0,0.1785,0.0854,5.612,0.1414,1.218,1.485,0.6928,0.6794,7,0.6819,8,0.3773,0.3231,0.0,0,1,0
linq,35.0,2.0,eb1168,0.11675778353879479,0,4.8,0,0.4,20000,0.8215,527.7,1.261,0,0.1785,0.1132,5.323,0.1543,1.311,1.371,0.6579,0.6452,7,0.6581,8,0.358,0.3065,0.0,0,1,0
linq,35.0,2.0,eb1168,0.11675778353879479,0,4.8,0,0.41,20000,0.8215,527.7,1.261,0,0.1785,0.1432,5.047,0.1646,1.378,1.2836,0.6248,0.6128,7,0.6393,8,0.3406,0.2912,0.0,0,1,0
linq,35.0,2.0,eb1168,0.11675778353879479,0,4.8,0,0.42,20000,0.8215,527.7,1.261,0,0.1785,0.1751,4.784,0.1718,1.41,1.2151,0.5941,0.5827,7,0.5754,7,0.3244,0.277,0.0,0,1,0
linq,35.0,2.0,eb1168,0.11675778353879479,0,4.8,0,0.43,20000,0.8215,527.7,1.261,0,0.1785,0.2073,4.537,0.1776,1.41,1.1622,0.566,0.5551,7,0.5525,7,0.3089,0.2635,0.0,0,1,0
linq,35.0,2.0,eb1168,0.11675778353879479,0,4.8,0,0.44,20000,0.8215,527.7,1.261,0,0.1785,0.2385,4.304,0.1831,1.447,1.1122,0.5396,0.5293,7,0.5315,7,0.2949,0.2518,0.0,0,0,0
linq,35.0,2.0,eb1168,0.11675778353879479,0,4.8,0,0.45,20000,0.8215,527.7,1.261,0,0.1785,0.2695,4.084,0.1873,1.466,1.0779,0.5151,0.5053,7,0.5205,7,0.2817,0.2407,0.0,0,0,0
linq,35.0,2.0,eb1168,0.11675778353879479,0,4.8,0,0.46,20000,0.8215,527.7,1.261,0,0.1785,0.3003,3.876,0.1926,1.527,1.0493,0.4922,0.4828,7,0.5105,7,0.2685,0.2301,0.0,1,0,0
linq,35.0,2.0,eb1168,0.11675778353879479,0,4.8,0,0.47,20000,0.8215,527.7,1.261,0,0.1785,0.3288,3.681,0.1967,1.548,1.0183,0.4704,0.4614,7,0.5136,7,0.2572,0.2201,0.0,1,0,0
linq,35.0,2.0,eb1168,0.11675778353879479,0,4.8,0,0.48,20000,0.8215,527.7,1.261,0,0.1785,0.3566,3.499,0.201,1.609,0.9965,0.4512,0.4425,7,0.5016,7,0.2465,0.2106,0.0,1,0,0
linq,35.0,2.0,eb1168,0.11675778353879479,0,4.8,0,0.49,20000,0.8215,527.7,1.261,0,0.1785,0.3833,3.327,0.2028,1.608,0.9768,0.4327,0.4243,7,0.4927,7,0.2364,0.2018,0.0,1,0,0
linq,35.0,2.0,eb1168,0.11675778353879479,0,4.8,0,0.5,20000,0.8215,527.7,1.261,0,0.1785,0.4084,3.164,0.2058,1.638,0.9619,0.4149,0.4068,7,0.4849,7,0.2271,0.1931,0.0,1,0,0
linq,35.0,2.0,eb1168,0.11675778353879479,0,4.8,0,0.51,20000,0.8215,527.7,1.261,0,0.1785,0.4346,3.011,0.2042,1.575,0.9644,0.3985,0.3907,7,0.4134,6,0.2179,0.1851,0.0,1,0,0
linq,35.0,2.0,eb1168,0.11675778353879479,0,4.8,0,0.52,20000,0.8215,527.7,1.261,0,0.1785,0.4581,2.868,0.2045,1.571,0.9561,0.3826,0.3752,7,0.4049,6,0.2094,0.178,0.0,1,0,0
linq,35.0,2.0,eb1168,0.11675778353879479,0,6.4,0,0.17,20000,0.8215,527.7,1.261,0,0.1785,0.0,12.169,0.0,nan,7.343,3.551,3.551,1,1.9248,8,nan,nan,nan,0,0,0
linq,35.0,2.0,eb1168,0.11675778353879479,0,6.4,0,0.18,20000,0.8215,527.7,1.261,0,0.1785,0.0,11.659,0.0,nan,6.8511,3.0596,3.0595,2,1.6506,8,nan,nan,nan,0,0,0
linq,35.0,2.0,eb1168,0.11675778353879479,0,6.4,0,0.19,20000,0.8215,527.7,1.261,0,0.1785,0.0,11.144,0.0,nan,6.3514,2.6673,2.6672,3,1.4285,8,nan,nan,nan,0,0,0
linq,35.0,2.0,eb1168,0.11675778353879479,0,6.4,0,0.2,20000,0.8215,527.7,1.261,0,0.1785,0.0,10.633,0.0,nan,5.8588,2.3228,2.3225,4,1.2525,8,nan,nan,nan,0,0,0
linq,35.0,2.0,eb1168,0.11675778353879479,0,6.4,0,0.21,20000,0.8215,527.7,1.261,0,0.1785,0.0,10.125,0.0,nan,5.3756,2.0427,2.0424,4,1.1147,8,nan,nan,nan,0,0,0
linq,35.0,2.0,eb1168,0.11675778353879479,0,6.4,0,0.22,20000,0.8215,527.7,1.261,0,0.1785,0.0,9.611,0.0,nan,4.8821,1.7744,1.773,5,1.0181,8,nan,nan,nan,0,0,0
linq,35.0,2.0,eb1168,0.11675778353879479,0,6.4,0,0.23,20000,0.8215,527.7,1.261,0,0.1785,0.0,9.101,0.0,0.0,4.4106,1.5315,1.527,6,0.928,8,nan,nan,nan,0,0,0
linq,35.0,2.0,eb1168,0.11675778353879479,0,6.4,0,0.24,20000,0.8215,527.7,1.261,0,0.1785,0.0,8.588,0.0,0.0,3.9299,1.3125,1.3016,7,0.8311,7,nan,0.6925,nan,0,0,0
linq,35.0,2.0,eb1168,0.11675778353879479,0,6.4,0,0.25,20000,0.8215,527.7,1.261,0,0.1785,0.0,8.085,0.0001,0.026,3.4739,1.176,1.1659,7,0.7574,7,nan,0.6135,nan,0,0,0
linq,35.0,2.0,eb1168,0.11675778353879479,0,6.4,0,0.26,20000,0.8215,527.7,1.261,0,0.1785,0.0,7.581,0.0008,0.042,3.0183,1.0578,1.0495,7,0.7032,7,0.6651,0.5608,0.0,0,0,0
linq,35.0,2.0,eb1168,0.11675778353879479,0,6.4,0,0.27,20000,0.8215,527.7,1.261,0,0.1785,0.0,7.092,0.0048,0.103,2.5905,0.9555,0.9485,7,0.6656,7,0.5984,0.5102,0.0,0,1,0
linq,35.0,2.0,eb1168,0.11675778353879479,0,6.4,0,0.28,20000,0.8215,527.7,1.261,0,0.1785,0.0002,6.614,0.0178,0.223,2.183,0.8652,0.8591,7,0.6307,7,0.5506,0.4653,0.0,0,1,0
linq,35.0,2.0,eb1168,0.11675778353879479,0,6.4,0,0.29,20000,0.8215,527.7,1.261,0,0.1785,0.0009,6.153,0.0437,0.396,1.8054,0.7863,0.7809,7,0.5482,6,0.5082,0.4252,0.0,0,1,0
linq,35.0,2.0,eb1168,0.11675778353879479,0,6.4,0,0.3,20000,0.8215,527.7,1.261,0,0.1785,0.0053,5.709,0.0811,0.627,1.4783,0.7163,0.7115,7,0.509,6,0.4694,0.3886,0.0,0,1,0
linq,35.0,2.0,eb1168,0.11675778353879479,0,6.4,0,0.31,20000,0.8215,527.7,1.261,0,0.1785,0.0173,5.287,0.1214,0.86,1.227,0.6545,0.6501,7,0.4868,6,0.4343,0.3552,0.0,0,1,0
linq,35.0,2.0,eb1168,0.11675778353879479,0,6.4,0,0.32,20000,0.8215,527.7,1.261,0,0.1785,0.0394,4.881,0.1596,1.093,1.0379,0.5995,0.5955,7,0.4816,6,0.4018,0.3257,0.0,0,1,0
linq,35.0,2.0,eb1168,0.11675778353879479,0,6.4,0,0.33,20000,0.8215,527.7,1.261,0,0.1785,0.075,4.499,0.1871,1.253,0.9212,0.5509,0.5473,7,0.4668,6,0.3711,0.2998,0.0,0,1,0
linq,35.0,2.0,eb1168,0.11675778353879479,0,6.4,0,0.34,20000,0.8215,527.7,1.261,0,0.1785,0.1178,4.137,0.2095,1.37,0.8534,0.508,0.5046,7,0.3881,5,0.3433,0.2757,0.0,1,0,0
linq,35.0,2.0,eb1168,0.11675778353879479,0,6.4,0,0.35,20000,0.8215,527.7,1.261,0,0.1785,0.168,3.799,0.2239,1.441,0.8221,0.4691,0.4659,7,0.3682,5,0.3173,0.2549,0.0,1,0,0
linq,35.0,2.0,eb1168,0.11675778353879479,0,6.4,0,0.36,20000,0.8215,527.7,1.261,0,0.1785,0.2174,3.49,0.2363,1.518,0.8099,0.4337,0.4308,7,0.3639,5,0.2944,0.2366,0.0,1,0,0
linq,35.0,2.0,eb1168,0.11675778353879479,0,6.4,0,0.37,20000,0.8215,527.7,1.261,0,0.1785,0.2682,3.203,0.2481,1.631,0.8128,0.4016,0.399,7,0.3743,5,0.2727,0.2192,0.0,1,0,0
linq,35.0,2.0,eb1168,0.11675778353879479,0,6.4,0,0.38,20000,0.8215,527.7,1.261,0,0.1785,0.3168,2.942,0.2549,1.682,0.8287,0.3729,0.3705,7,0.3711,5,0.2537,0.2035,0.0,1,0,0
linq,35.0,2.0,eb1168,0.11675778353879479,0,6.4,0,0.39,20000,0.8215,527.7,1.261,0,0.1785,0.3626,2.703,0.2598,1.675,0.846,0.3471,0.3448,7,0.2883,4,0.2367,0.1889,0.0,1,0,0
linq,35.0,2.0,eb1168,0.11675778353879479,0,6.4,0,0.4,20000,0.8215,527.7,1.261,0,0.1785,0.4056,2.485,0.2627,1.66,0.8754,0.3235,0.3214,7,0.2848,4,0.2212,0.1762,0.0,1,0,0
linq,35.0,2.0,eb1168,0.11675778353879479,0,6.4,0,0.41,20000,0.8215,527.7,1.261,0,0.1785,0.4484,2.287,0.2627,1.65,0.9053,0.3026,0.3006,7,0.2903,4,0.2064,0.1651,0.0,1,0,0
linq,35.0,2.0,eb1168,0.11675778353879479,0,6.4,0,0.42,20000,0.8215,527.7,1.261,0,0.1785,0.4859,2.104,0.2676,1.7,0.9394,0.2824,0.2806,7,0.3032,4,0.1927,0.1544,0.0,1,0,0
linq,35.0,2.0,eb1168,0.11675778353879479,0,6.4,0,0.43,20000,0.8215,527.7,1.261,0,0.1785,0.5196,1.937,0.2716,1.71,0.9789,0.2637,0.2621,7,0.3022,4,0.1806,0.145,0.0,1,0,0
linq,35.0,2.0,eb1168,0.11675778353879479,0,6.4,0,0.44,20000,0.8215,527.7,1.261,0,0.1785,0.5514,1.787,0.274,1.723,1.0162,0.2477,0.2462,7,0.3139,4,0.1696,0.1359,0.0,1,0,0
linq,35.0,2.0,eb1168,0.11675778353879479,0,6.4,0,0.45,20000,0.8215,527.7,1.261,0,0.1785,0.5809,1.648,0.2757,1.742,1.0627,0.2324,0.231,7,0.2405,3,0.1594,0.1276,0.0,1,0,0
linq,35.0,2.0,eb1168,0.11675778353879479,0,6.4,0,0.46,20000,0.8215,527.7,1.261,0,0.1785,0.6081,1.52,0.2799,1.806,1.1074,0.218,0.2167,7,0.25,3,0.1502,0.1199,0.0,1,0,0
linq,35.0,2.0,eb1168,0.11675778353879479,0,6.4,0,0.47,20000,0.8215,527.7,1.261,0,0.1785,0.6332,1.404,0.2823,1.81,1.1464,0.2048,0.2036,7,0.2743,3,0.1417,0.1129,0.0,1,0,0
linq,35.0,2.0,eb1168,0.11675778353879479,0,6.4,0,0.48,20000,0.8215,527.7,1.261,0,0.1785,0.6572,1.297,0.2801,1.74,1.188,0.1925,0.1915,7,0.2781,3,0.1337,0.1065,0.0,1,0,0
linq,35.0,2.0,eb1168,0.11675778353879479,0,6.4,0,0.49,20000,0.8215,527.7,1.261,0,0.1785,0.6785,1.199,0.2787,1.625,1.2292,0.1807,0.1797,7,0.2987,3,0.1262,0.1007,0.0,1,0,0
linq,35.0,2.0,eb1168,0.11675778353879479,0,6.4,0,0.5,20000,0.8215,527.7,1.261,0,0.1785,0.6985,1.108,0.2801,1.618,1.2734,0.1701,0.1692,7,0.2232,2,0.1195,0.0954,0.0,1,0,0
linq,35.0,2.0,eb1168,0.11675778353879479,0,6.4,0,0.51,20000,0.8215,527.7,1.261,0,0.1785,0.7176,1.024,0.2796,1.566,1.3241,0.1604,0.1596,7,0.2393,2,0.1128,0.0909,0.0,1,0,0
linq,35.0,2.0,eb1168,0.11675778353879479,0,6.4,0,0.52,20000,0.8215,527.7,1.261,0,0.1785,0.7348,0.946,0.2856,1.596,1.369,0.152,0.1512,7,0.2704,2,0.1066,0.0864,0.0,1,0,0
linq,35.0,2.0,eb1168,0.11675778353879479,0,9.6,1,0.17,20000,0.8215,527.7,1.261,0,0.1785,0.0,9.774,0.0,nan,5.2553,2.4079,2.4039,3,0.8949,6,nan,nan,nan,0,0,0
linq,35.0,2.0,eb1168,0.11675778353879479,0,9.6,1,0.18,20000,0.8215,527.7,1.261,0,0.1785,0.0,9.123,0.0,nan,4.6929,2.0096,2.0034,4,0.7578,6,nan,nan,nan,0,0,0
linq,35.0,2.0,eb1168,0.11675778353879479,0,9.6,1,0.19,20000,0.8215,527.7,1.261,0,0.1785,0.0,8.473,0.0,nan,4.1445,1.6734,1.6666,5,0.6313,5,nan,nan,nan,0,0,0
linq,35.0,2.0,eb1168,0.11675778353879479,0,9.6,1,0.2,20000,0.8215,527.7,1.261,0,0.1785,0.0,7.819,0.0,nan,3.6053,1.3786,1.3727,6,0.5327,5,nan,nan,nan,0,0,0
linq,35.0,2.0,eb1168,0.11675778353879479,0,9.6,1,0.21,20000,0.8215,527.7,1.261,0,0.1785,0.0,7.166,0.0,0.0,3.0998,1.1382,1.1329,6,0.4986,5,nan,nan,nan,0,0,0
linq,35.0,2.0,eb1168,0.11675778353879479,0,9.6,1,0.22,20000,0.8215,527.7,1.261,0,0.1785,0.0,6.522,0.0,0.0,2.6351,0.9389,0.9343,7,0.3915,4,nan,0.6236,nan,0,1,0
linq,35.0,2.0,eb1168,0.11675778353879479,0,9.6,1,0.23,20000,0.8215,527.7,1.261,0,0.1785,0.0,5.892,0.0004,0.01,2.2068,0.7877,0.7836,7,0.3523,4,nan,0.5364,nan,0,1,0
linq,35.0,2.0,eb1168,0.11675778353879479,0,9.6,1,0.24,20000,0.8215,527.7,1.261,0,0.1785,0.0,5.292,0.0076,0.07,1.8479,0.666,0.6627,7,0.3599,4,0.5837,0.4653,0.0,0,1,0
linq,35.0,2.0,eb1168,0.11675778353879479,0,9.6,1,0.25,20000,0.8215,527.7,1.261,0,0.1785,0.0001,4.718,0.0437,0.245,1.5641,0.564,0.5611,7,0.2752,3,0.5115,0.4023,0.0,0,1,0
linq,35.0,2.0,eb1168,0.11675778353879479,0,9.6,1,0.26,20000,0.8215,527.7,1.261,0,0.1785,0.0013,4.176,0.1209,0.58,1.4045,0.4803,0.4777,7,0.2669,3,0.4546,0.3455,0.0,0,0,0
linq,35.0,2.0,eb1168,0.11675778353879479,0,9.6,1,0.27,20000,0.8215,527.7,1.261,0,0.1785,0.0155,3.679,0.2092,0.999,1.4217,0.4115,0.4092,7,0.2947,3,0.4039,0.2968,0.0,1,0,0
linq,35.0,2.0,eb1168,0.11675778353879479,0,9.6,1,0.28,20000,0.8215,527.7,1.261,0,0.1785,0.0597,3.21,0.2784,1.372,1.5386,0.3528,0.3507,7,0.2158,2,0.3566,0.2559,0.0,1,0,0
linq,35.0,2.0,eb1168,0.11675778353879479,0,9.6,1,0.29,20000,0.8215,527.7,1.261,0,0.1785,0.1367,2.776,0.3198,1.618,1.6728,0.3048,0.3028,7,0.2344,2,0.312,0.222,0.0,0,0,0
linq,35.0,2.0,eb1168,0.11675778353879479,0,9.6,1,0.3,20000,0.8215,527.7,1.261,0,0.1785,0.2269,2.382,0.3459,1.781,1.808,0.2636,0.2617,7,0.2798,2,0.2727,0.1925,0.0,0,0,0
linq,35.0,2.0,eb1168,0.11675778353879479,0,9.6,1,0.31,20000,0.8215,527.7,1.261,0,0.1785,0.3169,2.039,0.3598,1.852,1.9036,0.2287,0.2266,7,0.2102,1,0.2392,0.1683,0.0,0,0,0
linq,35.0,2.0,eb1168,0.11675778353879479,0,9.6,1,0.32,20000,0.8215,527.7,1.261,0,0.1785,0.3995,1.741,0.3716,1.911,1.9901,0.1992,0.1973,7,0.2677,1,0.2102,0.1475,0.0,0,0,0
linq,35.0,2.0,eb1168,0.11675778353879479,0,9.6,1,0.33,20000,0.8215,527.7,1.261,0,0.1785,0.4754,1.486,0.3774,1.976,2.0558,0.1745,0.1728,7,0.3473,1,0.185,0.1302,0.0,0,0,0
linq,35.0,2.0,eb1168,0.11675778353879479,0,9.6,1,0.34,20000,0.8215,527.7,1.261,0,0.1785,0.541,1.268,0.3843,2.002,2.1264,0.1545,0.1533,7,nan,0,0.1633,0.1145,0.0,0,0,0
linq,35.0,2.0,eb1168,0.11675778353879479,0,9.6,1,0.35,20000,0.8215,527.7,1.261,0,0.1785,0.5962,1.084,0.3893,1.953,2.2043,0.1377,0.137,7,nan,0,0.1455,0.1015,0.0,0,0,0
linq,35.0,2.0,eb1168,0.11675778353879479,0,9.6,1,0.36,20000,0.8215,527.7,1.261,0,0.1785,0.6469,0.925,0.3881,1.839,2.2686,0.1252,0.1246,7,nan,0,0.1295,0.0912,0.0,0,0,0
linq,35.0,2.0,eb1168,0.11675778353879479,0,9.6,1,0.37,20000,0.8215,527.7,1.261,0,0.1785,0.6898,0.79,0.398,1.888,2.3438,0.1179,0.1168,7,nan,0,0.1151,0.0814,0.0,0,0,0
linq,35.0,2.0,eb1168,0.11675778353879479,0,9.6,1,0.38,20000,0.8215,527.7,1.261,0,0.1785,0.7271,0.671,0.4095,1.924,2.4286,0.1177,0.1122,7,nan,0,0.1027,0.072,0.0,0,0,0
linq,35.0,2.0,eb1168,0.11675778353879479,0,9.6,1,0.39,20000,0.8215,527.7,1.261,0,0.1785,0.7587,0.572,0.4241,1.99,2.5181,0.1141,0.1066,7,nan,0,0.0926,0.0641,0.0,0,0,0
linq,35.0,2.0,eb1168,0.11675778353879479,0,9.6,1,0.4,20000,0.8215,527.7,1.261,0,0.1785,0.7866,0.488,0.4343,2.019,2.6004,0.0918,0.0897,6,nan,0,0.0838,0.0581,0.0,0,0,0
linq,35.0,2.0,eb1168,0.11675778353879479,0,9.6,1,0.41,20000,0.8215,527.7,1.261,0,0.1785,0.8123,0.414,0.4471,2.067,2.6814,0.0932,0.0871,6,nan,0,0.0754,0.0524,0.0,0,0,0
linq,35.0,2.0,eb1168,0.11675778353879479,0,9.6,1,0.42,20000,0.8215,527.7,1.261,0,0.1785,0.8353,0.351,0.4568,2.0,2.7571,0.0936,0.0851,6,nan,0,0.0681,0.047,0.0,0,0,0
linq,35.0,2.0,eb1168,0.11675778353879479,0,9.6,1,0.43,20000,0.8215,527.7,1.261,0,0.1785,0.8558,0.295,0.4679,1.933,2.8439,0.0732,0.0702,5,nan,0,0.0613,0.042,0.0,0,0,0
linq,35.0,2.0,eb1168,0.11675778353879479,0,9.6,1,0.44,20000,0.8215,527.7,1.261,0,0.1785,0.8731,0.25,0.4785,1.883,2.9188,0.0767,0.0695,5,nan,0,0.0557,0.0379,0.0,0,0,0
linq,35.0,2.0,eb1168,0.11675778353879479,0,9.6,1,0.45,20000,0.8215,527.7,1.261,0,0.1785,0.8899,0.209,0.4956,1.979,2.9884,0.0575,0.0565,4,nan,0,0.0503,0.0347,0.0,0,0,0
linq,35.0,2.0,eb1168,0.11675778353879479,0,9.6,1,0.46,20000,0.8215,527.7,1.261,0,0.1785,0.903,0.175,0.5273,2.12,3.0888,0.061,0.0571,4,nan,0,0.0459,0.0305,0.0,0,0,0
linq,35.0,2.0,eb1168,0.11675778353879479,0,9.6,1,0.47,20000,0.8215,527.7,1.261,0,0.1785,0.9158,0.145,0.547,2.131,3.162,0.0657,0.0576,4,nan,0,0.0416,0.0274,0.0,0,0,0
linq,35.0,2.0,eb1168,0.11675778353879479,0,9.6,1,0.48,20000,0.8215,527.7,1.261,0,0.1785,0.9259,0.122,0.5811,2.362,3.2439,0.0464,0.045,3,nan,0,0.0378,0.0244,0.0,0,0,0
linq,35.0,2.0,eb1168,0.11675778353879479,0,9.6,1,0.49,20000,0.8215,527.7,1.261,0,0.1785,0.9357,0.101,0.6001,2.281,3.315,0.0535,0.0486,3,nan,0,0.0345,0.0229,0.0,0,0,0
linq,35.0,2.0,eb1168,0.11675778353879479,0,9.6,1,0.5,20000,0.8215,527.7,1.261,0,0.1785,0.9452,0.083,0.622,2.356,3.3639,0.0577,0.0503,3,nan,0,0.0315,0.0211,0.0,0,0,0
linq,35.0,2.0,eb1168,0.11675778353879479,0,9.6,1,0.51,20000,0.8215,527.7,1.261,0,0.1785,0.954,0.067,0.6554,2.541,3.4363,0.0372,0.036,2,nan,0,0.0286,0.0198,0.0,0,0,0
linq,35.0,2.0,eb1168,0.11675778353879479,0,9.6,1,0.52,20000,0.8215,527.7,1.261,0,0.1785,0.9611,0.054,0.6836,2.686,3.4963,0.0428,0.0402,2,nan,0,0.0256,0.0198,0.0,0,0,0
linq,35.0,2.0,eb1168,0.11675778353879479,0,12.8,1,0.17,20000,0.8215,527.7,1.261,0,0.1785,0.0,8.312,0.0,nan,4.2541,1.7993,1.7755,4,0.4908,4,nan,nan,nan,0,0,0
linq,35.0,2.0,eb1168,0.11675778353879479,0,12.8,1,0.18,20000,0.8215,527.7,1.261,0,0.1785,0.0,7.571,0.0,nan,3.6983,1.4405,1.412,5,0.4357,4,nan,nan,nan,0,0,0
linq,35.0,2.0,eb1168,0.11675778353879479,0,12.8,1,0.19,20000,0.8215,527.7,1.261,0,0.1785,0.0,6.832,0.0,nan,3.1819,1.1477,1.1201,6,0.3153,3,nan,nan,nan,0,1,0
linq,35.0,2.0,eb1168,0.11675778353879479,0,12.8,1,0.2,20000,0.8215,527.7,1.261,0,0.1785,0.0,6.097,0.0,0.0,2.708,0.882,0.8584,6,0.3138,3,nan,nan,nan,0,1,0
linq,35.0,2.0,eb1168,0.11675778353879479,0,12.8,1,0.21,20000,0.8215,527.7,1.261,0,0.1785,0.0,5.376,0.0,0.0,2.3132,0.7054,0.6851,7,0.2228,2,nan,0.5841,nan,0,1,0
linq,35.0,2.0,eb1168,0.11675778353879479,0,12.8,1,0.22,20000,0.8215,527.7,1.261,0,0.1785,0.0,4.694,0.0008,0.008,2.0188,0.5548,0.5369,7,0.252,2,0.6645,0.4792,0.0,0,1,0
linq,35.0,2.0,eb1168,0.11675778353879479,0,12.8,1,0.23,20000,0.8215,527.7,1.261,0,0.1785,0.0,4.054,0.0273,0.118,1.8677,0.4387,0.4228,7,0.188,1,0.5342,0.3981,0.0,0,0,0
linq,35.0,2.0,eb1168,0.11675778353879479,0,12.8,1,0.24,20000,0.8215,527.7,1.261,0,0.1785,0.0001,3.452,0.1347,0.49,1.8742,0.3472,0.3337,7,0.2594,1,0.45,0.3228,0.0,0,0,0
linq,35.0,2.0,eb1168,0.11675778353879479,0,12.8,1,0.25,20000,0.8215,527.7,1.261,0,0.1785,0.008,2.917,0.2761,1.078,2.0167,0.2764,0.2643,7,0.3609,1,0.3891,0.2598,0.0,1,0,0
linq,35.0,2.0,eb1168,0.11675778353879479,0,12.8,1,0.26,20000,0.8215,527.7,1.261,0,0.1785,0.0652,2.428,0.3788,1.645,2.2915,0.2227,0.2136,7,nan,0,0.3306,0.2101,0.0,0,0,0
linq,35.0,2.0,eb1168,0.11675778353879479,0,12.8,1,0.27,20000,0.8215,527.7,1.261,0,0.1785,0.1846,1.967,0.4295,1.974,2.4759,0.1823,0.1761,7,nan,0,0.2739,0.1705,0.0,0,0,0
linq,35.0,2.0,eb1168,0.11675778353879479,0,12.8,1,0.28,20000,0.8215,527.7,1.261,0,0.1785,0.317,1.571,0.4549,2.162,2.5889,0.1556,0.1522,7,nan,0,0.226,0.1399,0.0,0,0,0
linq,35.0,2.0,eb1168,0.11675778353879479,0,12.8,1,0.29,20000,0.8215,527.7,1.261,0,0.1785,0.4388,1.243,0.4679,2.197,2.6738,0.146,0.14,7,nan,0,0.1868,0.1147,0.0,0,0,0
linq,35.0,2.0,eb1168,0.11675778353879479,0,12.8,1,0.3,20000,0.8215,527.7,1.261,0,0.1785,0.5402,0.98,0.4763,2.15,2.7566,0.1138,0.1124,6,nan,0,0.1552,0.0953,0.0,0,0,0
linq,35.0,2.0,eb1168,0.11675778353879479,0,12.8,1,0.31,20000,0.8215,527.7,1.261,0,0.1785,0.6235,0.774,0.4849,2.116,2.8337,0.112,0.1067,6,nan,0,0.1297,0.0796,0.0,0,0,0
linq,35.0,2.0,eb1168,0.11675778353879479,0,12.8,1,0.32,20000,0.8215,527.7,1.261,0,0.1785,0.6917,0.606,0.5025,2.198,2.9242,0.0856,0.0848,5,nan,0,0.1084,0.0664,0.0,0,0,0
linq,35.0,2.0,eb1168,0.11675778353879479,0,12.8,1,0.33,20000,0.8215,527.7,1.261,0,0.1785,0.7466,0.477,0.5193,2.246,3.0075,0.0878,0.0827,5,nan,0,0.0915,0.0558,0.0,0,0,0
linq,35.0,2.0,eb1168,0.11675778353879479,0,12.8,1,0.34,20000,0.8215,527.7,1.261,0,0.1785,0.7904,0.373,0.5434,2.264,3.1116,0.065,0.0644,4,nan,0,0.078,0.047,0.0,0,0,0
linq,35.0,2.0,eb1168,0.11675778353879479,0,12.8,1,0.35,20000,0.8215,527.7,1.261,0,0.1785,0.8298,0.288,0.5603,2.216,3.1946,0.0681,0.0641,4,nan,0,0.0665,0.0393,0.0,0,0,0
linq,35.0,2.0,eb1168,0.11675778353879479,0,12.8,1,0.36,20000,0.8215,527.7,1.261,0,0.1785,0.8627,0.221,0.5888,2.316,3.2808,0.0725,0.0647,4,nan,0,0.0557,0.0331,0.0,0,0,0
linq,35.0,2.0,eb1168,0.11675778353879479,0,12.8,1,0.37,20000,0.8215,527.7,1.261,0,0.1785,0.8894,0.168,0.6261,2.487,3.3717,0.0539,0.0506,3,nan,0,0.0478,0.0271,0.0,0,0,0
linq,35.0,2.0,eb1168,0.11675778353879479,0,12.8,1,0.38,20000,0.8215,527.7,1.261,0,0.1785,0.9106,0.128,0.6666,2.654,3.462,0.0604,0.0533,3,nan,0,0.0411,0.0231,0.0,0,0,0
linq,35.0,2.0,eb1168,0.11675778353879479,0,12.8,1,0.39,20000,0.8215,527.7,1.261,0,0.1785,0.9281,0.097,0.7099,2.972,3.5418,0.0402,0.039,2,nan,0,0.035,0.0213,0.0,0,0,0
linq,35.0,2.0,eb1168,0.11675778353879479,0,12.8,1,0.4,20000,0.8215,527.7,1.261,0,0.1785,0.9442,0.071,0.7595,3.59,3.6149,0.0506,0.0453,2,nan,0,0.0302,0.0198,0.0,0,0,0
linq,35.0,2.0,eb1168,0.11675778353879479,0,12.8,1,0.41,20000,0.8215,527.7,1.261,0,0.1785,0.9583,0.05,0.8188,5.027,3.6863,0.0575,0.0504,2,nan,0,0.0253,0.021,0.0,0,0,0
linq,35.0,2.0,eb1168,0.11675778353879479,0,12.8,1,0.42,20000,0.8215,527.7,1.261,0,0.1785,0.9689,0.035,0.8719,7.433,3.7489,0.0332,0.0332,1,nan,0,0.0224,0.0234,0.0,0,0,0
linq,35.0,2.0,eb1168,0.11675778353879479,0,12.8,1,0.43,20000,0.8215,527.7,1.261,0,0.1785,0.9771,0.025,0.9164,12.339,3.7945,0.0456,0.0456,1,nan,0,0.0207,0.0322,0.0,0,0,0
linq,35.0,2.0,eb1168,0.11675778353879479,0,12.8,1,0.44,20000,0.8215,527.7,1.261,0,0.1785,0.9843,0.017,0.9359,16.067,3.8187,0.0564,0.0564,1,nan,0,0.0194,0.0398,0.0,0,0,0
linq,35.0,2.0,eb1168,0.11675778353879479,0,12.8,1,0.45,20000,0.8215,527.7,1.261,0,0.1785,0.9901,0.01,0.9599,25.917,3.8454,nan,nan,0,nan,0,0.021,nan,0.0,0,0,0
linq,35.0,2.0,eb1168,0.11675778353879479,0,12.8,1,0.46,20000,0.8215,527.7,1.261,0,0.1785,0.9942,0.006,0.9526,22.625,3.836,nan,nan,0,nan,0,0.0232,nan,0.0,0,0,0
linq,35.0,2.0,eb1168,0.11675778353879479,0,12.8,1,0.47,20000,0.8215,527.7,1.261,0,0.1785,0.9971,0.003,0.9579,30.333,3.836,nan,nan,0,nan,0,0.0265,nan,0.0,0,0,0
linq,35.0,2.0,eb1168,0.11675778353879479,0,12.8,1,0.48,20000,0.8215,527.7,1.261,0,0.1785,0.9985,0.002,0.96,24.0,3.8486,nan,nan,0,nan,0,0.0373,nan,0.0,0,0,0
linq,35.0,2.0,eb1168,0.11675778353879479,0,12.8,1,0.49,20000,0.8215,527.7,1.261,0,0.1785,0.9992,0.001,0.9615,25.0,3.8502,nan,nan,0,nan,0,0.0401,nan,0.0,0,0,0
linq,35.0,2.0,eb1168,0.11675778353879479,0,12.8,1,0.5,20000,0.8215,527.7,1.261,0,0.1785,0.9996,0.0,0.9231,12.0,3.8117,nan,nan,0,nan,0,nan,nan,nan,0,0,0
linq,35.0,2.0,eb1168,0.11675778353879479,0,12.8,1,0.51,20000,0.8215,527.7,1.261,0,0.1785,0.9997,0.0,1.0,nan,3.8886,nan,nan,0,nan,0,nan,nan,nan,0,0,0
linq,35.0,2.0,eb1168,0.11675778353879479,0,12.8,1,0.52,20000,0.8215,527.7,1.261,0,0.1785,0.9999,0.0,1.0,nan,3.8886,nan,nan,0,nan,0,nan,nan,nan,0,0,0
linq,35.0,2.0,eb154,0.154,1,2.4,0,0.17,20000,0.783,527.7,1.261,0,0.217,0.0,18.05,0.0,nan,13.1618,nan,nan,0,8.3168,5,nan,nan,nan,0,0,0
linq,35.0,2.0,eb154,0.154,1,2.4,0,0.18,20000,0.783,527.7,1.261,0,0.217,0.0,17.877,0.0,nan,12.9879,nan,nan,0,7.8311,5,nan,nan,nan,0,0,0
linq,35.0,2.0,eb154,0.154,1,2.4,0,0.19,20000,0.783,527.7,1.261,0,0.217,0.0,17.702,0.0,nan,12.8138,nan,nan,0,7.4883,6,nan,nan,nan,0,0,0
linq,35.0,2.0,eb154,0.154,1,2.4,0,0.2,20000,0.783,527.7,1.261,0,0.217,0.0,17.524,0.0,nan,12.6355,nan,nan,0,7.101,6,nan,nan,nan,0,0,0
linq,35.0,2.0,eb154,0.154,1,2.4,0,0.21,20000,0.783,527.7,1.261,0,0.217,0.0,17.351,0.0,nan,12.4626,nan,nan,0,6.7522,6,nan,nan,nan,0,0,0
linq,35.0,2.0,eb154,0.154,1,2.4,0,0.22,20000,0.783,527.7,1.261,0,0.217,0.0,17.178,0.0,nan,12.2895,nan,nan,0,6.436,7,nan,nan,nan,0,0,0
linq,35.0,2.0,eb154,0.154,1,2.4,0,0.23,20000,0.783,527.7,1.261,0,0.217,0.0,17.004,0.0,nan,12.1154,nan,nan,0,6.1401,7,nan,nan,nan,0,0,0
linq,35.0,2.0,eb154,0.154,1,2.4,0,0.24,20000,0.783,527.7,1.261,0,0.217,0.0,16.83,0.0,nan,11.9409,nan,nan,0,5.8307,8,nan,nan,nan,0,0,0
linq,35.0,2.0,eb154,0.154,1,2.4,0,0.25,20000,0.783,527.7,1.261,0,0.217,0.0,16.657,0.0,nan,11.7681,nan,nan,0,5.5828,8,nan,nan,nan,0,0,0
linq,35.0,2.0,eb154,0.154,1,2.4,0,0.26,20000,0.783,527.7,1.261,0,0.217,0.0,16.485,0.0,nan,11.5961,nan,nan,0,5.3619,8,nan,nan,nan,0,0,0
linq,35.0,2.0,eb154,0.154,1,2.4,0,0.27,20000,0.783,527.7,1.261,0,0.217,0.0,16.311,0.0,nan,11.4223,nan,nan,0,5.1502,8,nan,nan,nan,0,0,0
linq,35.0,2.0,eb154,0.154,1,2.4,0,0.28,20000,0.783,527.7,1.261,0,0.217,0.0,16.138,0.0,nan,11.2491,3.9761,3.9761,1,4.9541,8,nan,nan,nan,0,0,0
linq,35.0,2.0,eb154,0.154,1,2.4,0,0.29,20000,0.783,527.7,1.261,0,0.217,0.0,15.966,0.0,nan,11.0775,3.8001,3.8001,1,4.772,8,nan,nan,nan,0,0,0
linq,35.0,2.0,eb154,0.154,1,2.4,0,0.3,20000,0.783,527.7,1.261,0,0.217,0.0,15.797,0.0,nan,10.9079,3.6641,3.6641,1,4.6015,8,nan,nan,nan,0,0,0
linq,35.0,2.0,eb154,0.154,1,2.4,0,0.31,20000,0.783,527.7,1.261,0,0.217,0.0,15.626,0.0,nan,10.7373,3.3665,3.3603,2,4.4416,8,nan,nan,nan,0,0,0
linq,35.0,2.0,eb154,0.154,1,2.4,0,0.32,20000,0.783,527.7,1.261,0,0.217,0.0,15.454,0.0,nan,10.5656,3.2479,3.2416,2,4.2919,8,nan,nan,nan,0,0,0
linq,35.0,2.0,eb154,0.154,1,2.4,0,0.33,20000,0.783,527.7,1.261,0,0.217,0.0,15.285,0.0,nan,10.3963,2.9876,2.974,3,4.1533,8,nan,nan,nan,0,0,0
linq,35.0,2.0,eb154,0.154,1,2.4,0,0.34,20000,0.783,527.7,1.261,0,0.217,0.0,15.113,0.0,nan,10.2245,2.8931,2.8795,3,4.0209,8,nan,nan,nan,0,0,0
linq,35.0,2.0,eb154,0.154,1,2.4,0,0.35,20000,0.783,527.7,1.261,0,0.217,0.0,14.943,0.0,nan,10.0548,2.6569,2.6328,4,3.8964,8,nan,nan,nan,0,0,0
linq,35.0,2.0,eb154,0.154,1,2.4,0,0.36,20000,0.783,527.7,1.261,0,0.217,0.0,14.772,0.0,0.0,9.8834,2.5767,2.5527,4,3.7791,8,nan,nan,nan,0,0,0
linq,35.0,2.0,eb154,0.154,1,2.4,0,0.37,20000,0.783,527.7,1.261,0,0.217,0.0,14.6,0.0,0.0,9.7109,2.5002,2.4768,4,3.6688,8,nan,nan,nan,0,0,0
linq,35.0,2.0,eb154,0.154,1,2.4,0,0.38,20000,0.783,527.7,1.261,0,0.217,0.0,14.428,0.0,0.0,9.5394,2.2867,2.248,5,3.5634,8,nan,nan,nan,0,0,0
linq,35.0,2.0,eb154,0.154,1,2.4,0,0.39,20000,0.783,527.7,1.261,0,0.217,0.0,14.26,0.0001,1.0,9.371,2.224,2.1857,5,3.4636,8,nan,nan,nan,0,0,0
linq,35.0,2.0,eb154,0.154,1,2.4,0,0.4,20000,0.783,527.7,1.261,0,0.217,0.0,14.09,0.0001,1.0,9.2017,2.0258,1.967,6,3.3695,8,nan,nan,nan,0,0,0
linq,35.0,2.0,eb154,0.154,1,2.4,0,0.41,20000,0.783,527.7,1.261,0,0.217,0.0,13.918,0.0001,0.364,9.0299,1.9727,1.9151,6,3.2806,8,nan,nan,nan,0,0,0
linq,35.0,2.0,eb154,0.154,1,2.4,0,0.42,20000,0.783,527.7,1.261,0,0.217,0.0,13.751,0.0002,0.25,8.8627,1.7796,1.6867,7,3.1962,8,nan,0.6498,nan,0,0,0
linq,35.0,2.0,eb154,0.154,1,2.4,0,0.43,20000,0.783,527.7,1.261,0,0.217,0.0001,13.577,0.0002,0.192,8.6888,1.7382,1.6491,7,3.1116,8,nan,0.6388,nan,0,0,0
linq,35.0,2.0,eb154,0.154,1,2.4,0,0.44,20000,0.783,527.7,1.261,0,0.217,0.0001,13.409,0.0003,0.244,8.5215,1.6946,1.6068,7,3.0355,8,nan,0.6175,nan,0,0,0
linq,35.0,2.0,eb154,0.154,1,2.4,0,0.45,20000,0.783,527.7,1.261,0,0.217,0.0001,13.24,0.0005,0.246,8.3534,1.6553,1.5692,7,2.9621,8,nan,0.6,nan,0,0,0
linq,35.0,2.0,eb154,0.154,1,2.4,0,0.46,20000,0.783,527.7,1.261,0,0.217,0.0001,13.07,0.0008,0.268,8.1835,1.6166,1.5332,7,2.8913,8,0.6274,0.5876,0.0,0,0,0
linq,35.0,2.0,eb154,0.154,1,2.4,0,0.47,20000,0.783,527.7,1.261,0,0.217,0.0002,12.902,0.0012,0.268,8.0156,1.5798,1.499,7,2.8244,8,0.6122,0.577,0.0,0,0,0
linq,35.0,2.0,eb154,0.154,1,2.4,0,0.48,20000,0.783,527.7,1.261,0,0.217,0.0003,12.735,0.0017,0.286,7.8503,1.5455,1.4663,7,2.7586,8,0.5972,0.5651,0.0,0,0,0
linq,35.0,2.0,eb154,0.154,1,2.4,0,0.49,20000,0.783,527.7,1.261,0,0.217,0.0005,12.566,0.0027,0.356,7.6829,1.5117,1.4349,7,2.6962,8,0.5822,0.5544,0.0,0,0,0
linq,35.0,2.0,eb154,0.154,1,2.4,0,0.5,20000,0.783,527.7,1.261,0,0.217,0.0007,12.399,0.0037,0.417,7.519,1.4791,1.4044,7,2.6375,8,0.5715,0.5452,0.0,0,0,0
linq,35.0,2.0,eb154,0.154,1,2.4,0,0.51,20000,0.783,527.7,1.261,0,0.217,0.0009,12.232,0.0054,0.488,7.3551,1.4478,1.3744,7,2.5803,8,0.5604,0.5325,0.0,0,0,0
linq,35.0,2.0,eb154,0.154,1,2.4,0,0.52,20000,0.783,527.7,1.261,0,0.217,0.0013,12.065,0.007,0.563,7.1922,1.4181,1.3465,7,2.5239,8,0.5513,0.5229,0.0,0,0,0
linq,35.0,2.0,eb154,0.154,1,3.2,0,0.17,20000,0.783,527.7,1.261,0,0.217,0.0,16.432,0.0,nan,11.5434,nan,nan,0,5.9064,7,nan,nan,nan,0,0,0
linq,35.0,2.0,eb154,0.154,1,3.2,0,0.18,20000,0.783,527.7,1.261,0,0.217,0.0,16.169,0.0,nan,11.2808,nan,nan,0,5.4602,7,nan,nan,nan,0,0,0
linq,35.0,2.0,eb154,0.154,1,3.2,0,0.19,20000,0.783,527.7,1.261,0,0.217,0.0,15.903,0.0,nan,11.0142,nan,nan,0,5.133,8,nan,nan,nan,0,0,0
linq,35.0,2.0,eb154,0.154,1,3.2,0,0.2,20000,0.783,527.7,1.261,0,0.217,0.0,15.638,0.0,nan,10.7496,nan,nan,0,4.7774,8,nan,nan,nan,0,0,0
linq,35.0,2.0,eb154,0.154,1,3.2,0,0.21,20000,0.783,527.7,1.261,0,0.217,0.0,15.374,0.0,nan,10.4858,nan,nan,0,4.4627,8,nan,nan,nan,0,0,0
linq,35.0,2.0,eb154,0.154,1,3.2,0,0.22,20000,0.783,527.7,1.261,0,0.217,0.0,15.11,0.0,nan,10.2212,nan,nan,0,4.1791,8,nan,nan,nan,0,0,0
linq,35.0,2.0,eb154,0.154,1,3.2,0,0.23,20000,0.783,527.7,1.261,0,0.217,0.0,14.846,0.0,nan,9.9571,3.831,3.831,1,3.9205,8,nan,nan,nan,0,0,0
linq,35.0,2.0,eb154,0.154,1,3.2,0,0.24,20000,0.783,527.7,1.261,0,0.217,0.0,14.585,0.0,nan,9.6962,3.611,3.611,1,3.6907,8,nan,nan,nan,0,0,0
linq,35.0,2.0,eb154,0.154,1,3.2,0,0.25,20000,0.783,527.7,1.261,0,0.217,0.0,14.319,0.0,nan,9.43,3.2656,3.2615,2,3.4779,8,nan,nan,nan,0,0,0
linq,35.0,2.0,eb154,0.154,1,3.2,0,0.26,20000,0.783,527.7,1.261,0,0.217,0.0,14.056,0.0,nan,9.1699,2.9783,2.9701,3,3.285,8,nan,nan,nan,0,0,0
linq,35.0,2.0,eb154,0.154,1,3.2,0,0.27,20000,0.783,527.7,1.261,0,0.217,0.0,13.793,0.0,nan,8.9084,2.8183,2.81,3,3.1092,8,nan,nan,nan,0,0,0
linq,35.0,2.0,eb154,0.154,1,3.2,0,0.28,20000,0.783,527.7,1.261,0,0.217,0.0,13.531,0.0,nan,8.6487,2.5632,2.5486,4,2.9502,8,nan,nan,nan,0,0,0
linq,35.0,2.0,eb154,0.154,1,3.2,0,0.29,20000,0.783,527.7,1.261,0,0.217,0.0,13.271,0.0,nan,8.3899,2.4372,2.4225,4,2.8051,8,nan,nan,nan,0,0,0
linq,35.0,2.0,eb154,0.154,1,3.2,0,0.3,20000,0.783,527.7,1.261,0,0.217,0.0,13.007,0.0,0.0,8.1262,2.2083,2.1837,5,2.6683,8,nan,nan,nan,0,0,0
linq,35.0,2.0,eb154,0.154,1,3.2,0,0.31,20000,0.783,527.7,1.261,0,0.217,0.0,12.746,0.0,0.0,7.8647,2.1081,2.0834,5,2.5419,8,nan,nan,nan,0,0,0
linq,35.0,2.0,eb154,0.154,1,3.2,0,0.32,20000,0.783,527.7,1.261,0,0.217,0.0,12.485,0.0,0.167,7.6038,1.8987,1.859,6,2.4264,8,nan,nan,nan,0,0,0
linq,35.0,2.0,eb154,0.154,1,3.2,0,0.33,20000,0.783,527.7,1.261,0,0.217,0.0,12.221,0.0001,0.364,7.3407,1.818,1.7799,6,2.3185,8,nan,nan,nan,0,0,0
linq,35.0,2.0,eb154,0.154,1,3.2,0,0.34,20000,0.783,527.7,1.261,0,0.217,0.0,11.958,0.0001,0.154,7.0778,1.6248,1.5616,7,2.2169,8,nan,0.6466,nan,0,0,0
linq,35.0,2.0,eb154,0.154,1,3.2,0,0.35,20000,0.783,527.7,1.261,0,0.217,0.0,11.698,0.0003,0.148,6.8181,1.5605,1.4999,7,2.1233,8,nan,0.618,nan,0,0,0
linq,35.0,2.0,eb154,0.154,1,3.2,0,0.36,20000,0.783,527.7,1.261,0,0.217,0.0001,11.438,0.0005,0.136,6.5596,1.4986,1.4403,7,2.0368,8,nan,0.5921,nan,0,0,0
linq,35.0,2.0,eb154,0.154,1,3.2,0,0.37,20000,0.783,527.7,1.261,0,0.217,0.0001,11.176,0.001,0.149,6.2974,1.4412,1.3858,7,1.9543,8,0.6227,0.572,0.0,0,0,0
linq,35.0,2.0,eb154,0.154,1,3.2,0,0.38,20000,0.783,527.7,1.261,0,0.217,0.0002,10.916,0.0021,0.219,6.0403,1.3888,1.336,7,1.8769,8,0.5984,0.5543,0.0,0,0,0
linq,35.0,2.0,eb154,0.154,1,3.2,0,0.39,20000,0.783,527.7,1.261,0,0.217,0.0003,10.661,0.004,0.289,5.7904,1.338,1.2872,7,1.806,8,0.5771,0.5356,0.0,0,0,0
linq,35.0,2.0,eb154,0.154,1,3.2,0,0.4,20000,0.783,527.7,1.261,0,0.217,0.0006,10.405,0.007,0.395,5.5403,1.2908,1.2421,7,1.7383,8,0.5581,0.5177,0.0,0,0,0
linq,35.0,2.0,eb154,0.154,1,3.2,0,0.41,20000,0.783,527.7,1.261,0,0.217,0.0011,10.15,0.0107,0.468,5.293,1.2446,1.1977,7,1.6761,8,0.5428,0.4984,0.0,0,0,0
linq,35.0,2.0,eb154,0.154,1,3.2,0,0.42,20000,0.783,527.7,1.261,0,0.217,0.002,9.901,0.0153,0.518,5.0557,1.2029,1.1575,7,1.6165,8,0.5271,0.4814,0.0,0,0,0
linq,35.0,2.0,eb154,0.154,1,3.2,0,0.43,20000,0.783,527.7,1.261,0,0.217,0.0039,9.658,0.0197,0.551,4.8314,1.1634,1.1197,7,1.5607,8,0.5116,0.4669,0.0,0,0,0
linq,35.0,2.0,eb154,0.154,1,3.2,0,0.44,20000,0.783,527.7,1.261,0,0.217,0.0065,9.409,0.0255,0.582,4.6071,1.1248,1.0827,7,1.5059,8,0.495,0.4515,0.0,0,0,0
linq,35.0,2.0,eb154,0.154,1,3.2,0,0.45,20000,0.783,527.7,1.261,0,0.217,0.0096,9.17,0.0328,0.67,4.3958,1.0891,1.0484,7,1.4547,8,0.4802,0.4377,0.0,0,0,0
linq,35.0,2.0,eb154,0.154,1,3.2,0,0.46,20000,0.783,527.7,1.261,0,0.217,0.0136,8.936,0.0413,0.772,4.1974,1.0553,1.0158,7,1.4087,8,0.4657,0.4244,0.0,0,0,0
linq,35.0,2.0,eb154,0.154,1,3.2,0,0.47,20000,0.783,527.7,1.261,0,0.217,0.0196,8.703,0.0484,0.836,4.0162,1.0234,0.9852,7,1.3618,8,0.4514,0.4123,0.0,0,0,0
linq,35.0,2.0,eb154,0.154,1,3.2,0,0.48,20000,0.783,527.7,1.261,0,0.217,0.0257,8.473,0.0574,0.928,3.8362,0.9927,0.9556,7,1.3179,8,0.4384,0.3999,0.0,0,0,0
linq,35.0,2.0,eb154,0.154,1,3.2,0,0.49,20000,0.783,527.7,1.261,0,0.217,0.0333,8.251,0.065,0.978,3.6754,0.9636,0.9276,7,1.2766,8,0.4272,0.388,0.0,0,0,0
linq,35.0,2.0,eb154,0.154,1,3.2,0,0.5,20000,0.783,527.7,1.261,0,0.217,0.0431,8.033,0.0718,1.021,3.538,0.9361,0.901,7,1.238,8,0.4155,0.3761,0.0,0,0,0
linq,35.0,2.0,eb154,0.154,1,3.2,0,0.51,20000,0.783,527.7,1.261,0,0.217,0.0541,7.821,0.0775,1.047,3.4159,0.9102,0.876,7,1.2012,8,0.4041,0.3659,0.0,0,0,0
linq,35.0,2.0,eb154,0.154,1,3.2,0,0.52,20000,0.783,527.7,1.261,0,0.217,0.065,7.614,0.0849,1.121,3.2934,0.8845,0.8515,7,1.1663,8,0.3933,0.3559,0.0,0,0,0
linq,35.0,2.0,eb154,0.154,1,4.8,0,0.17,20000,0.783,527.7,1.261,0,0.217,0.0,13.868,0.0,nan,9.007,nan,nan,0,3.1887,8,nan,nan,nan,0,0,0
linq,35.0,2.0,eb154,0.154,1,4.8,0,0.18,20000,0.783,527.7,1.261,0,0.217,0.0,13.454,0.0,nan,8.5943,3.9647,3.9647,1,2.8192,8,nan,nan,nan,0,0,0
linq,35.0,2.0,eb154,0.154,1,4.8,0,0.19,20000,0.783,527.7,1.261,0,0.217,0.0,13.045,0.0,nan,8.1862,3.5383,3.5383,1,2.5112,8,nan,nan,nan,0,0,0
linq,35.0,2.0,eb154,0.154,1,4.8,0,0.2,20000,0.783,527.7,1.261,0,0.217,0.0,12.63,0.0,nan,7.7786,3.1433,3.1419,2,2.2414,8,nan,nan,nan,0,0,0
linq,35.0,2.0,eb154,0.154,1,4.8,0,0.21,20000,0.783,527.7,1.261,0,0.217,0.0,12.22,0.0,nan,7.3805,2.7982,2.7963,3,2.0141,8,nan,nan,nan,0,0,0
linq,35.0,2.0,eb154,0.154,1,4.8,0,0.22,20000,0.783,527.7,1.261,0,0.217,0.0,11.807,0.0,nan,6.9761,2.5441,2.5422,3,1.8181,8,nan,nan,nan,0,0,0
linq,35.0,2.0,eb154,0.154,1,4.8,0,0.23,20000,0.783,527.7,1.261,0,0.217,0.0,11.396,0.0,nan,6.5682,2.2621,2.2583,4,1.6504,8,nan,nan,nan,0,0,0
linq,35.0,2.0,eb154,0.154,1,4.8,0,0.24,20000,0.783,527.7,1.261,0,0.217,0.0,10.983,0.0,nan,6.1576,2.0031,1.9953,5,1.5042,8,nan,nan,nan,0,0,0
linq,35.0,2.0,eb154,0.154,1,4.8,0,0.25,20000,0.783,527.7,1.261,0,0.217,0.0,10.572,0.0,0.0,5.7609,1.7584,1.7427,6,1.3802,8,nan,nan,nan,0,0,0
linq,35.0,2.0,eb154,0.154,1,4.8,0,0.26,20000,0.783,527.7,1.261,0,0.217,0.0,10.162,0.0,0.0,5.3635,1.6228,1.6085,6,1.2715,8,nan,nan,nan,0,0,0
linq,35.0,2.0,eb154,0.154,1,4.8,0,0.27,20000,0.783,527.7,1.261,0,0.217,0.0,9.748,0.0001,0.125,4.9601,1.4178,1.3898,7,1.1818,8,nan,0.6537,nan,0,0,0
linq,35.0,2.0,eb154,0.154,1,4.8,0,0.28,20000,0.783,527.7,1.261,0,0.217,0.0,9.342,0.0002,0.057,4.5711,1.3136,1.2879,7,1.11,8,nan,0.6026,nan,0,0,0
linq,35.0,2.0,eb154,0.154,1,4.8,0,0.29,20000,0.783,527.7,1.261,0,0.217,0.0,8.933,0.0007,0.075,4.1795,1.22,1.1971,7,1.0488,8,0.6529,0.5663,0.0,0,0,0
linq,35.0,2.0,eb154,0.154,1,4.8,0,0.3,20000,0.783,527.7,1.261,0,0.217,0.0001,8.531,0.0024,0.124,3.7929,1.1364,1.1157,7,0.993,8,0.5976,0.5331,0.0,0,0,0
linq,35.0,2.0,eb154,0.154,1,4.8,0,0.31,20000,0.783,527.7,1.261,0,0.217,0.0002,8.133,0.0076,0.225,3.4168,1.0592,1.0402,7,0.9456,8,0.5622,0.498,0.0,0,0,0
linq,35.0,2.0,eb154,0.154,1,4.8,0,0.32,20000,0.783,527.7,1.261,0,0.217,0.0006,7.746,0.0166,0.324,3.06,0.9897,0.9722,7,0.9093,8,0.533,0.4666,0.0,0,0,0
linq,35.0,2.0,eb154,0.154,1,4.8,0,0.33,20000,0.783,527.7,1.261,0,0.217,0.0019,7.365,0.0298,0.426,2.7096,0.9263,0.9102,7,0.8753,8,0.5045,0.4391,0.0,0,0,0
linq,35.0,2.0,eb154,0.154,1,4.8,0,0.34,20000,0.783,527.7,1.261,0,0.217,0.0052,6.992,0.0491,0.584,2.3971,0.8679,0.8531,7,0.7801,7,0.4761,0.4124,0.0,0,1,0
linq,35.0,2.0,eb154,0.154,1,4.8,0,0.35,20000,0.783,527.7,1.261,0,0.217,0.0121,6.631,0.0708,0.733,2.1099,0.815,0.8011,7,0.7576,7,0.4492,0.3876,0.0,0,1,0
linq,35.0,2.0,eb154,0.154,1,4.8,0,0.36,20000,0.783,527.7,1.261,0,0.217,0.0228,6.285,0.0923,0.872,1.8627,0.767,0.754,7,0.7259,7,0.4262,0.3651,0.0,0,1,0
linq,35.0,2.0,eb154,0.154,1,4.8,0,0.37,20000,0.783,527.7,1.261,0,0.217,0.0388,5.947,0.1126,1.002,1.657,0.7221,0.71,7,0.7086,7,0.4038,0.3445,0.0,0,1,0
linq,35.0,2.0,eb154,0.154,1,4.8,0,0.38,20000,0.783,527.7,1.261,0,0.217,0.0597,5.622,0.1317,1.123,1.4843,0.6812,0.6699,7,0.6858,7,0.3823,0.3253,0.0,0,1,0
linq,35.0,2.0,eb154,0.154,1,4.8,0,0.39,20000,0.783,527.7,1.261,0,0.217,0.0868,5.311,0.1458,1.215,1.3643,0.6436,0.633,7,0.6682,7,0.3619,0.3079,0.0,0,1,0
linq,35.0,2.0,eb154,0.154,1,4.8,0,0.4,20000,0.783,527.7,1.261,0,0.217,0.115,5.015,0.1591,1.29,1.2533,0.6086,0.5987,7,0.6647,7,0.343,0.2917,0.0,0,1,0
linq,35.0,2.0,eb154,0.154,1,4.8,0,0.41,20000,0.783,527.7,1.261,0,0.217,0.1463,4.736,0.1707,1.378,1.1702,0.5765,0.5672,7,0.5693,6,0.3255,0.2763,0.0,0,1,0
linq,35.0,2.0,eb154,0.154,1,4.8,0,0.42,20000,0.783,527.7,1.261,0,0.217,0.1794,4.469,0.1783,1.412,1.1145,0.5459,0.5373,7,0.56,6,0.3094,0.2623,0.0,0,1,0
linq,35.0,2.0,eb154,0.154,1,4.8,0,0.43,20000,0.783,527.7,1.261,0,0.217,0.2117,4.215,0.1856,1.416,1.0606,0.5182,0.51,7,0.5519,6,0.2944,0.2489,0.0,0,0,0
linq,35.0,2.0,eb154,0.154,1,4.8,0,0.44,20000,0.783,527.7,1.261,0,0.217,0.2442,3.981,0.1914,1.446,1.0192,0.4924,0.4846,7,0.5389,6,0.2804,0.2373,0.0,1,0,0
linq,35.0,2.0,eb154,0.154,1,4.8,0,0.45,20000,0.783,527.7,1.261,0,0.217,0.2766,3.758,0.1963,1.459,0.9932,0.4681,0.4608,7,0.5415,6,0.2672,0.2263,0.0,1,0,0
linq,35.0,2.0,eb154,0.154,1,4.8,0,0.46,20000,0.783,527.7,1.261,0,0.217,0.3088,3.55,0.201,1.513,0.9759,0.4457,0.4389,7,0.5354,6,0.2544,0.2159,0.0,1,0,0
linq,35.0,2.0,eb154,0.154,1,4.8,0,0.47,20000,0.783,527.7,1.261,0,0.217,0.3377,3.351,0.2081,1.565,0.9482,0.4243,0.4179,7,0.5377,6,0.243,0.2059,0.0,1,0,0
linq,35.0,2.0,eb154,0.154,1,4.8,0,0.48,20000,0.783,527.7,1.261,0,0.217,0.3665,3.166,0.2115,1.58,0.9295,0.4046,0.3985,7,0.5482,6,0.2325,0.1968,0.0,1,0,0
linq,35.0,2.0,eb154,0.154,1,4.8,0,0.49,20000,0.783,527.7,1.261,0,0.217,0.3941,2.995,0.2155,1.608,0.9201,0.3869,0.381,7,0.4414,5,0.2225,0.1879,0.0,1,0,0
linq,35.0,2.0,eb154,0.154,1,4.8,0,0.5,20000,0.783,527.7,1.261,0,0.217,0.4206,2.832,0.2183,1.637,0.9154,0.3696,0.364,7,0.4444,5,0.2133,0.1795,0.0,1,0,0
linq,35.0,2.0,eb154,0.154,1,4.8,0,0.51,20000,0.783,527.7,1.261,0,0.217,0.4471,2.677,0.2199,1.605,0.9126,0.3535,0.3481,7,0.4436,5,0.2042,0.1714,0.0,1,0,0
linq,35.0,2.0,eb154,0.154,1,4.8,0,0.52,20000,0.783,527.7,1.261,0,0.217,0.4729,2.532,0.2184,1.57,0.9243,0.3382,0.3331,7,0.4486,5,0.1957,0.1642,0.0,1,0,0
linq,35.0,2.0,eb154,0.154,1,6.4,0,0.17,20000,0.783,527.7,1.261,0,0.217,0.0,12.024,0.0,nan,7.2396,3.4403,3.4403,1,1.8058,8,nan,nan,nan,0,0,0
linq,35.0,2.0,eb154,0.154,1,6.4,0,0.18,20000,0.783,527.7,1.261,0,0.217,0.0,11.505,0.0,nan,6.7357,2.9624,2.9623,2,1.5774,8,nan,nan,nan,0,0,0
linq,35.0,2.0,eb154,0.154,1,6.4,0,0.19,20000,0.783,527.7,1.261,0,0.217,0.0,10.988,0.0,nan,6.2488,2.5833,2.5832,3,1.3842,8,nan,nan,nan,0,0,0
linq,35.0,2.0,eb154,0.154,1,6.4,0,0.2,20000,0.783,527.7,1.261,0,0.217,0.0,10.466,0.0,nan,5.7491,2.2463,2.2462,4,1.2327,7,nan,nan,nan,0,0,0
linq,35.0,2.0,eb154,0.154,1,6.4,0,0.21,20000,0.783,527.7,1.261,0,0.217,0.0,9.944,0.0,nan,5.2705,1.9672,1.967,4,1.0936,7,nan,nan,nan,0,0,0
linq,35.0,2.0,eb154,0.154,1,6.4,0,0.22,20000,0.783,527.7,1.261,0,0.217,0.0,9.428,0.0,nan,4.7867,1.7065,1.7053,5,0.9959,7,nan,nan,nan,0,0,0
linq,35.0,2.0,eb154,0.154,1,6.4,0,0.23,20000,0.783,527.7,1.261,0,0.217,0.0,8.907,0.0,0.0,4.3172,1.4699,1.4663,6,0.908,7,nan,nan,nan,0,0,0
linq,35.0,2.0,eb154,0.154,1,6.4,0,0.24,20000,0.783,527.7,1.261,0,0.217,0.0,8.387,0.0,0.0,3.845,1.2574,1.2481,7,0.8509,7,nan,0.6729,nan,0,0,0
linq,35.0,2.0,eb154,0.154,1,6.4,0,0.25,20000,0.783,527.7,1.261,0,0.217,0.0,7.872,0.0001,0.028,3.3976,1.122,1.1137,7,0.731,6,nan,0.5959,nan,0,0,0
linq,35.0,2.0,eb154,0.154,1,6.4,0,0.26,20000,0.783,527.7,1.261,0,0.217,0.0,7.361,0.0008,0.042,2.9487,1.0048,0.9981,7,0.6893,6,0.6473,0.543,0.0,0,0,0
linq,35.0,2.0,eb154,0.154,1,6.4,0,0.27,20000,0.783,527.7,1.261,0,0.217,0.0,6.864,0.0047,0.101,2.5374,0.9036,0.8981,7,0.6544,6,0.5823,0.4938,0.0,0,1,0
linq,35.0,2.0,eb154,0.154,1,6.4,0,0.28,20000,0.783,527.7,1.261,0,0.217,0.0002,6.38,0.0181,0.223,2.1485,0.8143,0.8096,7,0.637,6,0.5334,0.4486,0.0,0,1,0
linq,35.0,2.0,eb154,0.154,1,6.4,0,0.29,20000,0.783,527.7,1.261,0,0.217,0.001,5.911,0.0438,0.389,1.7888,0.7363,0.7324,7,0.5277,5,0.4919,0.4096,0.0,0,1,0
linq,35.0,2.0,eb154,0.154,1,6.4,0,0.3,20000,0.783,527.7,1.261,0,0.217,0.0051,5.46,0.0826,0.618,1.4843,0.667,0.6636,7,0.515,5,0.4533,0.3728,0.0,0,1,0
linq,35.0,2.0,eb154,0.154,1,6.4,0,0.31,20000,0.783,527.7,1.261,0,0.217,0.0173,5.031,0.1235,0.844,1.2541,0.606,0.603,7,0.4995,5,0.4187,0.3399,0.0,0,1,0
linq,35.0,2.0,eb154,0.154,1,6.4,0,0.32,20000,0.783,527.7,1.261,0,0.217,0.0397,4.62,0.1635,1.078,1.0956,0.5516,0.549,7,0.4959,5,0.3864,0.3106,0.0,0,1,0
linq,35.0,2.0,eb154,0.154,1,6.4,0,0.33,20000,0.783,527.7,1.261,0,0.217,0.0762,4.233,0.1928,1.242,1.0084,0.5038,0.5015,7,0.3986,4,0.3558,0.2848,0.0,1,0,0
linq,35.0,2.0,eb154,0.154,1,6.4,0,0.34,20000,0.783,527.7,1.261,0,0.217,0.12,3.867,0.2181,1.39,0.9609,0.461,0.4589,7,0.3977,4,0.328,0.261,0.0,1,0,0
linq,35.0,2.0,eb154,0.154,1,6.4,0,0.35,20000,0.783,527.7,1.261,0,0.217,0.1711,3.527,0.2335,1.45,0.9652,0.4236,0.4218,7,0.3998,4,0.3026,0.2404,0.0,1,0,0
linq,35.0,2.0,eb154,0.154,1,6.4,0,0.36,20000,0.783,527.7,1.261,0,0.217,0.2227,3.214,0.2475,1.534,0.987,0.3888,0.3872,7,0.413,4,0.2797,0.2222,0.0,1,0,0
linq,35.0,2.0,eb154,0.154,1,6.4,0,0.37,20000,0.783,527.7,1.261,0,0.217,0.275,2.926,0.2592,1.605,1.0187,0.3579,0.3564,7,0.439,4,0.2585,0.2053,0.0,1,0,0
linq,35.0,2.0,eb154,0.154,1,6.4,0,0.38,20000,0.783,527.7,1.261,0,0.217,0.3257,2.662,0.2679,1.663,1.0736,0.3289,0.3276,7,0.3382,3,0.2395,0.1897,0.0,1,0,0
linq,35.0,2.0,eb154,0.154,1,6.4,0,0.39,20000,0.783,527.7,1.261,0,0.217,0.3732,2.423,0.2744,1.667,1.122,0.3035,0.3023,7,0.3562,3,0.2228,0.1752,0.0,1,0,0
linq,35.0,2.0,eb154,0.154,1,6.4,0,0.4,20000,0.783,527.7,1.261,0,0.217,0.4177,2.207,0.2803,1.685,1.1699,0.2802,0.2791,7,0.3746,3,0.2074,0.1625,0.0,1,0,0
linq,35.0,2.0,eb154,0.154,1,6.4,0,0.41,20000,0.783,527.7,1.261,0,0.217,0.4616,2.007,0.2822,1.669,1.2201,0.2595,0.2586,7,0.4101,3,0.1929,0.1512,0.0,1,0,0
linq,35.0,2.0,eb154,0.154,1,6.4,0,0.42,20000,0.783,527.7,1.261,0,0.217,0.5002,1.829,0.2886,1.715,1.2723,0.2417,0.2409,7,0.3117,2,0.1796,0.1407,0.0,1,0,0
linq,35.0,2.0,eb154,0.154,1,6.4,0,0.43,20000,0.783,527.7,1.261,0,0.217,0.5363,1.667,0.2917,1.698,1.3306,0.225,0.2242,7,0.3489,2,0.1674,0.1317,0.0,1,0,0
linq,35.0,2.0,eb154,0.154,1,6.4,0,0.44,20000,0.783,527.7,1.261,0,0.217,0.57,1.514,0.2971,1.721,1.395,0.2085,0.2078,7,0.3813,2,0.1561,0.1226,0.0,1,0,0
linq,35.0,2.0,eb154,0.154,1,6.4,0,0.45,20000,0.783,527.7,1.261,0,0.217,0.5994,1.383,0.3028,1.767,1.4519,0.1942,0.1936,7,0.4057,2,0.1465,0.1148,0.0,0,0,0
linq,35.0,2.0,eb154,0.154,1,6.4,0,0.46,20000,0.783,527.7,1.261,0,0.217,0.6273,1.261,0.3069,1.803,1.5129,0.1808,0.1802,7,0.4617,2,0.1374,0.1075,0.0,0,0,0
linq,35.0,2.0,eb154,0.154,1,6.4,0,0.47,20000,0.783,527.7,1.261,0,0.217,0.6549,1.146,0.3101,1.815,1.5675,0.1683,0.1678,7,0.3821,1,0.1289,0.1001,0.0,0,0,0
linq,35.0,2.0,eb154,0.154,1,6.4,0,0.48,20000,0.783,527.7,1.261,0,0.217,0.6792,1.043,0.3128,1.809,1.6364,0.1578,0.1574,7,0.3629,1,0.121,0.0942,0.0,0,0,0
linq,35.0,2.0,eb154,0.154,1,6.4,0,0.49,20000,0.783,527.7,1.261,0,0.217,0.7021,0.951,0.3127,1.723,1.6962,0.149,0.1486,7,0.4082,1,0.1137,0.0882,0.0,0,0,0
linq,35.0,2.0,eb154,0.154,1,6.4,0,0.5,20000,0.783,527.7,1.261,0,0.217,0.7224,0.864,0.3152,1.637,1.7745,0.1413,0.1408,7,0.485,1,0.107,0.0826,0.0,0,0,0
linq,35.0,2.0,eb154,0.154,1,6.4,0,0.51,20000,0.783,527.7,1.261,0,0.217,0.7415,0.788,0.3185,1.625,1.8392,0.1362,0.1352,7,nan,0,0.1007,0.0784,0.0,0,0,0
linq,35.0,2.0,eb154,0.154,1,6.4,0,0.52,20000,0.783,527.7,1.261,0,0.217,0.7597,0.717,0.3208,1.566,1.9067,0.1338,0.1313,7,nan,0,0.0945,0.0743,0.0,0,0,0
linq,35.0,2.0,eb154,0.154,1,9.6,1,0.17,20000,0.783,527.7,1.261,0,0.217,0.0,9.64,0.0,nan,5.2188,2.3227,2.318,3,0.8887,5,nan,nan,nan,0,0,0
linq,35.0,2.0,eb154,0.154,1,9.6,1,0.18,20000,0.783,527.7,1.261,0,0.217,0.0,8.979,0.0,nan,4.6516,1.935,1.9275,4,0.7404,5,nan,nan,nan,0,0,0
linq,35.0,2.0,eb154,0.154,1,9.6,1,0.19,20000,0.783,527.7,1.261,0,0.217,0.0,8.324,0.0,nan,4.1243,1.6072,1.5986,5,0.6578,5,nan,nan,nan,0,0,0
linq,35.0,2.0,eb154,0.154,1,9.6,1,0.2,20000,0.783,527.7,1.261,0,0.217,0.0,7.66,0.0,nan,3.6108,1.3201,1.3125,6,0.5163,4,nan,nan,nan,0,0,0
linq,35.0,2.0,eb154,0.154,1,9.6,1,0.21,20000,0.783,527.7,1.261,0,0.217,0.0,7.0,0.0,0.0,3.1146,1.0798,1.0726,6,0.4929,4,nan,nan,nan,0,1,0
linq,35.0,2.0,eb154,0.154,1,9.6,1,0.22,20000,0.783,527.7,1.261,0,0.217,0.0,6.346,0.0,0.0,2.6532,0.8866,0.8804,7,0.4811,4,nan,0.6053,nan,0,1,0
linq,35.0,2.0,eb154,0.154,1,9.6,1,0.23,20000,0.783,527.7,1.261,0,0.217,0.0,5.711,0.0003,0.009,2.2498,0.7379,0.7319,7,0.3773,3,nan,0.5199,nan,0,1,0
linq,35.0,2.0,eb154,0.154,1,9.6,1,0.24,20000,0.783,527.7,1.261,0,0.217,0.0,5.102,0.0075,0.068,1.9112,0.6174,0.6121,7,0.3912,3,0.5668,0.4487,0.0,0,1,0
linq,35.0,2.0,eb154,0.154,1,9.6,1,0.25,20000,0.783,527.7,1.261,0,0.217,0.0001,4.523,0.044,0.24,1.6729,0.5178,0.5128,7,0.2915,2,0.495,0.3864,0.0,0,1,0
linq,35.0,2.0,eb154,0.154,1,9.6,1,0.26,20000,0.783,527.7,1.261,0,0.217,0.0013,3.978,0.1232,0.573,1.5482,0.4348,0.4299,7,0.3498,2,0.4384,0.3301,0.0,0,0,0
linq,35.0,2.0,eb154,0.154,1,9.6,1,0.27,20000,0.783,527.7,1.261,0,0.217,0.0152,3.473,0.2149,0.989,1.5933,0.3672,0.3627,7,0.4092,2,0.3884,0.2818,0.0,1,0,0
linq,35.0,2.0,eb154,0.154,1,9.6,1,0.28,20000,0.783,527.7,1.261,0,0.217,0.0597,3.005,0.2877,1.358,1.7375,0.3116,0.3076,7,0.3557,1,0.3416,0.2413,0.0,1,0,0
linq,35.0,2.0,eb154,0.154,1,9.6,1,0.29,20000,0.783,527.7,1.261,0,0.217,0.1389,2.57,0.3318,1.604,1.9041,0.2651,0.2614,7,0.4258,1,0.2974,0.208,0.0,0,0,0
linq,35.0,2.0,eb154,0.154,1,9.6,1,0.3,20000,0.783,527.7,1.261,0,0.217,0.2319,2.175,0.363,1.797,2.0565,0.2271,0.224,7,0.5017,1,0.2583,0.1786,0.0,0,0,0
linq,35.0,2.0,eb154,0.154,1,9.6,1,0.31,20000,0.783,527.7,1.261,0,0.217,0.3257,1.834,0.3795,1.857,2.1684,0.198,0.1961,7,nan,0,0.2251,0.1546,0.0,0,0,0
linq,35.0,2.0,eb154,0.154,1,9.6,1,0.32,20000,0.783,527.7,1.261,0,0.217,0.4118,1.538,0.3939,1.918,2.2738,0.1779,0.1765,7,nan,0,0.1966,0.1344,0.0,0,0,0
linq,35.0,2.0,eb154,0.154,1,9.6,1,0.33,20000,0.783,527.7,1.261,0,0.217,0.4908,1.288,0.4045,1.981,2.3597,0.1669,0.1637,7,nan,0,0.1715,0.1169,0.0,0,0,0
linq,35.0,2.0,eb154,0.154,1,9.6,1,0.34,20000,0.783,527.7,1.261,0,0.217,0.5584,1.077,0.414,2.011,2.4499,0.1577,0.1524,7,nan,0,0.1502,0.1024,0.0,0,0,0
linq,35.0,2.0,eb154,0.154,1,9.6,1,0.35,20000,0.783,527.7,1.261,0,0.217,0.6163,0.899,0.4258,1.984,2.5471,0.1598,0.1473,7,nan,0,0.1324,0.0888,0.0,0,0,0
linq,35.0,2.0,eb154,0.154,1,9.6,1,0.36,20000,0.783,527.7,1.261,0,0.217,0.6684,0.748,0.4302,1.884,2.6324,0.1274,0.1222,6,nan,0,0.117,0.0786,0.0,0,0,0
linq,35.0,2.0,eb154,0.154,1,9.6,1,0.37,20000,0.783,527.7,1.261,0,0.217,0.7132,0.621,0.4397,1.838,2.7228,0.1259,0.1177,6,nan,0,0.1031,0.0696,0.0,0,0,0
linq,35.0,2.0,eb154,0.154,1,9.6,1,0.38,20000,0.783,527.7,1.261,0,0.217,0.7526,0.512,0.461,1.933,2.8188,0.1014,0.0977,5,nan,0,0.0904,0.0612,0.0,0,0,0
linq,35.0,2.0,eb154,0.154,1,9.6,1,0.39,20000,0.783,527.7,1.261,0,0.217,0.7853,0.423,0.4813,1.974,2.9175,0.1018,0.0954,5,nan,0,0.0806,0.0531,0.0,0,0,0
linq,35.0,2.0,eb154,0.154,1,9.6,1,0.4,20000,0.783,527.7,1.261,0,0.217,0.8129,0.35,0.5093,2.1,3.0192,0.1104,0.0972,5,nan,0,0.072,0.0465,0.0,0,0,0
linq,35.0,2.0,eb154,0.154,1,9.6,1,0.41,20000,0.783,527.7,1.261,0,0.217,0.8383,0.287,0.533,2.14,3.1136,0.0858,0.0792,4,nan,0,0.0644,0.042,0.0,0,0,0
linq,35.0,2.0,eb154,0.154,1,9.6,1,0.42,20000,0.783,527.7,1.261,0,0.217,0.8636,0.231,0.5568,2.238,3.1945,0.0893,0.0803,4,nan,0,0.057,0.0379,0.0,0,0,0
linq,35.0,2.0,eb154,0.154,1,9.6,1,0.43,20000,0.783,527.7,1.261,0,0.217,0.8841,0.187,0.5828,2.291,3.2741,0.1006,0.0852,4,nan,0,0.0503,0.0342,0.0,0,0,0
linq,35.0,2.0,eb154,0.154,1,9.6,1,0.44,20000,0.783,527.7,1.261,0,0.217,0.9024,0.149,0.6116,2.299,3.3572,0.0709,0.0653,3,nan,0,0.0449,0.0298,0.0,0,0,0
linq,35.0,2.0,eb154,0.154,1,9.6,1,0.45,20000,0.783,527.7,1.261,0,0.217,0.9175,0.12,0.644,2.344,3.4366,0.0792,0.0696,3,nan,0,0.0408,0.0266,0.0,0,0,0
linq,35.0,2.0,eb154,0.154,1,9.6,1,0.46,20000,0.783,527.7,1.261,0,0.217,0.9323,0.093,0.6811,2.529,3.5089,0.0587,0.0543,2,nan,0,0.0368,0.0256,0.0,0,0,0
linq,35.0,2.0,eb154,0.154,1,9.6,1,0.47,20000,0.783,527.7,1.261,0,0.217,0.944,0.073,0.7343,3.157,3.5813,0.0646,0.059,2,nan,0,0.0334,0.027,0.0,0,0,0
linq,35.0,2.0,eb154,0.154,1,9.6,1,0.48,20000,0.783,527.7,1.261,0,0.217,0.9543,0.056,0.7968,4.457,3.6554,0.0704,0.0646,2,nan,0,0.03,0.03,0.0,0,0,0
linq,35.0,2.0,eb154,0.154,1,9.6,1,0.49,20000,0.783,527.7,1.261,0,0.217,0.9637,0.042,0.8549,6.894,3.7189,0.0818,0.0748,2,nan,0,0.0275,0.0344,0.0,0,0,0
linq,35.0,2.0,eb154,0.154,1,9.6,1,0.5,20000,0.783,527.7,1.261,0,0.217,0.9712,0.032,0.8936,10.075,3.7611,0.0561,0.0561,1,nan,0,0.0261,0.0396,0.0,0,0,0
linq,35.0,2.0,eb154,0.154,1,9.6,1,0.51,20000,0.783,527.7,1.261,0,0.217,0.9783,0.023,0.9323,16.658,3.8076,0.0631,0.0631,1,nan,0,0.0261,0.0445,0.0,0,0,0
linq,35.0,2.0,eb154,0.154,1,9.6,1,0.52,20000,0.783,527.7,1.261,0,0.217,0.9844,0.017,0.9327,15.233,3.8131,0.0691,0.0691,1,nan,0,0.027,0.0488,0.0,0,0,0
linq,35.0,2.0,eb154,0.154,1,12.8,1,0.17,20000,0.783,527.7,1.261,0,0.217,0.0,8.191,0.0,nan,4.2533,1.7274,1.7004,4,0.5566,4,nan,nan,nan,0,0,0
linq,35.0,2.0,eb154,0.154,1,12.8,1,0.18,20000,0.783,527.7,1.261,0,0.217,0.0,7.441,0.0,nan,3.7217,1.3748,1.342,5,0.4281,3,nan,nan,nan,0,0,0
linq,35.0,2.0,eb154,0.154,1,12.8,1,0.19,20000,0.783,527.7,1.261,0,0.217,0.0,6.699,0.0,nan,3.2202,1.0905,1.0576,6,0.4378,3,nan,nan,nan,0,1,0
linq,35.0,2.0,eb154,0.154,1,12.8,1,0.2,20000,0.783,527.7,1.261,0,0.217,0.0,5.951,0.0,0.0,2.7715,0.8268,0.7973,6,0.3419,2,nan,nan,nan,0,1,0
linq,35.0,2.0,eb154,0.154,1,12.8,1,0.21,20000,0.783,527.7,1.261,0,0.217,0.0,5.226,0.0,0.0,2.3883,0.6569,0.6306,7,0.4175,2,nan,0.5661,nan,0,1,0
linq,35.0,2.0,eb154,0.154,1,12.8,1,0.22,20000,0.783,527.7,1.261,0,0.217,0.0,4.538,0.0008,0.008,2.115,0.5096,0.4857,7,0.3694,1,0.6461,0.4622,0.0,0,1,0
linq,35.0,2.0,eb154,0.154,1,12.8,1,0.23,20000,0.783,527.7,1.261,0,0.217,0.0,3.895,0.0276,0.116,1.9808,0.3966,0.3755,7,0.502,1,0.5175,0.3819,0.0,0,0,0
linq,35.0,2.0,eb154,0.154,1,12.8,1,0.24,20000,0.783,527.7,1.261,0,0.217,0.0001,3.293,0.1365,0.479,2.0048,0.3109,0.2943,7,nan,0,0.4341,0.3078,0.0,0,0,0
linq,35.0,2.0,eb154,0.154,1,12.8,1,0.25,20000,0.783,527.7,1.261,0,0.217,0.008,2.752,0.2832,1.061,2.169,0.2506,0.2408,7,nan,0,0.3735,0.2452,0.0,1,0,0
linq,35.0,2.0,eb154,0.154,1,12.8,1,0.26,20000,0.783,527.7,1.261,0,0.217,0.0661,2.266,0.3913,1.626,2.4628,0.2179,0.2106,7,nan,0,0.3156,0.1961,0.0,0,0,0
linq,35.0,2.0,eb154,0.154,1,12.8,1,0.27,20000,0.783,527.7,1.261,0,0.217,0.1884,1.808,0.449,1.982,2.661,0.197,0.1874,7,nan,0,0.2595,0.1568,0.0,0,0,0
linq,35.0,2.0,eb154,0.154,1,12.8,1,0.28,20000,0.783,527.7,1.261,0,0.217,0.3258,1.414,0.4793,2.163,2.7919,0.1573,0.1526,6,nan,0,0.2121,0.1267,0.0,0,0,0
linq,35.0,2.0,eb154,0.154,1,12.8,1,0.29,20000,0.783,527.7,1.261,0,0.217,0.4515,1.093,0.4998,2.252,2.8962,0.1499,0.1407,6,nan,0,0.1735,0.1023,0.0,0,0,0
linq,35.0,2.0,eb154,0.154,1,12.8,1,0.3,20000,0.783,527.7,1.261,0,0.217,0.5578,0.838,0.516,2.221,2.9936,0.1193,0.1146,5,nan,0,0.1421,0.0829,0.0,0,0,0
linq,35.0,2.0,eb154,0.154,1,12.8,1,0.31,20000,0.783,527.7,1.261,0,0.217,0.6445,0.64,0.5299,2.152,3.0875,0.1199,0.1095,5,nan,0,0.1172,0.0682,0.0,0,0,0
linq,35.0,2.0,eb154,0.154,1,12.8,1,0.32,20000,0.783,527.7,1.261,0,0.217,0.7152,0.484,0.5582,2.22,3.1902,0.095,0.0893,4,nan,0,0.0963,0.0553,0.0,0,0,0
linq,35.0,2.0,eb154,0.154,1,12.8,1,0.33,20000,0.783,527.7,1.261,0,0.217,0.773,0.362,0.5918,2.348,3.2929,0.1002,0.0891,4,nan,0,0.0795,0.0451,0.0,0,0,0
linq,35.0,2.0,eb154,0.154,1,12.8,1,0.34,20000,0.783,527.7,1.261,0,0.217,0.8175,0.272,0.6372,2.577,3.3979,0.0766,0.0708,3,nan,0,0.0663,0.0377,0.0,0,0,0
linq,35.0,2.0,eb154,0.154,1,12.8,1,0.35,20000,0.783,527.7,1.261,0,0.217,0.8573,0.2,0.674,2.613,3.4886,0.0857,0.0747,3,nan,0,0.0554,0.0316,0.0,0,0,0
linq,35.0,2.0,eb154,0.154,1,12.8,1,0.36,20000,0.783,527.7,1.261,0,0.217,0.8907,0.143,0.722,2.919,3.577,0.0617,0.0571,2,nan,0,0.0461,0.027,0.0,0,0,0
linq,35.0,2.0,eb154,0.154,1,12.8,1,0.37,20000,0.783,527.7,1.261,0,0.217,0.9168,0.103,0.7791,3.761,3.6524,0.0704,0.063,2,nan,0,0.0386,0.0275,0.0,0,0,0
linq,35.0,2.0,eb154,0.154,1,12.8,1,0.38,20000,0.783,527.7,1.261,0,0.217,0.9395,0.07,0.8601,6.622,3.7382,0.0445,0.0445,1,nan,0,0.0329,0.0314,0.0,0,0,0
linq,35.0,2.0,eb154,0.154,1,12.8,1,0.39,20000,0.783,527.7,1.261,0,0.217,0.9568,0.047,0.9268,13.769,3.8088,0.059,0.059,1,nan,0,0.0292,0.0416,0.0,0,0,0
linq,35.0,2.0,eb154,0.154,1,12.8,1,0.4,20000,0.783,527.7,1.261,0,0.217,0.9704,0.031,0.9611,26.97,3.8465,0.0695,0.0695,1,nan,0,0.027,0.0491,0.0,0,0,0
linq,35.0,2.0,eb154,0.154,1,12.8,1,0.41,20000,0.783,527.7,1.261,0,0.217,0.9813,0.019,0.9642,28.3,3.8512,0.0809,0.0809,1,nan,0,0.0267,0.0571,0.0,0,0,0
linq,35.0,2.0,eb154,0.154,1,12.8,1,0.42,20000,0.783,527.7,1.261,0,0.217,0.9907,0.01,0.9726,40.571,3.8578,nan,nan,0,nan,0,0.0308,nan,0.0,0,0,0
linq,35.0,2.0,eb154,0.154,1,12.8,1,0.43,20000,0.783,527.7,1.261,0,0.217,0.9961,0.004,0.9756,40.0,3.8642,nan,nan,0,nan,0,0.0401,nan,0.0,0,0,0
linq,35.0,2.0,eb154,0.154,1,12.8,1,0.44,20000,0.783,527.7,1.261,0,0.217,0.9986,0.002,0.9556,21.5,3.8442,nan,nan,0,nan,0,0.0446,nan,0.0,0,0,0
linq,35.0,2.0,eb154,0.154,1,12.8,1,0.45,20000,0.783,527.7,1.261,0,0.217,0.9992,0.001,0.9615,25.0,3.8502,nan,nan,0,nan,0,0.0528,nan,0.0,0,0,0
linq,35.0,2.0,eb154,0.154,1,12.8,1,0.46,20000,0.783,527.7,1.261,0,0.217,0.9996,0.0,1.0,nan,3.8886,nan,nan,0,nan,0,nan,nan,nan,0,0,0
linq,35.0,2.0,eb154,0.154,1,12.8,1,0.47,20000,0.783,527.7,1.261,0,0.217,0.9998,0.0,1.0,nan,3.8886,nan,nan,0,nan,0,nan,nan,nan,0,0,0
linq,35.0,2.0,eb154,0.154,1,12.8,1,0.48,20000,0.783,527.7,1.261,0,0.217,0.9999,0.0,1.0,nan,3.8886,nan,nan,0,nan,0,nan,nan,nan,0,0,0
linq,35.0,2.0,eb154,0.154,1,12.8,1,0.49,20000,0.783,527.7,1.261,0,0.217,1.0,0.0,1.0,nan,3.8886,nan,nan,0,nan,0,nan,nan,nan,0,0,0
linq,35.0,2.0,eb154,0.154,1,12.8,1,0.5,20000,0.783,527.7,1.261,0,0.217,1.0,0.0,1.0,nan,3.8886,nan,nan,0,nan,0,nan,nan,nan,0,0,0
linq,35.0,2.0,eb154,0.154,1,12.8,1,0.51,20000,0.783,527.7,1.261,0,nan,nan,nan,nan,nan,nan,nan,nan,0,nan,0,nan,nan,nan,0,0,0
linq,35.0,2.0,eb154,0.154,1,12.8,1,0.52,20000,0.783,527.7,1.261,0,nan,nan,nan,nan,nan,nan,nan,nan,0,nan,0,nan,nan,nan,0,0,0
linq,35.0,3.0,eb0482,0.0482,1,2.4,0,0.17,20000,0.8241,621.8,1.486,0,0.1759,0.0,18.656,0.0,nan,13.7671,nan,nan,0,7.678,4,nan,nan,nan,0,0,0
linq,35.0,3.0,eb0482,0.0482,1,2.4,0,0.18,20000,0.8241,621.8,1.486,0,0.1759,0.0,18.513,0.0,nan,13.6242,nan,nan,0,7.3773,5,nan,nan,nan,0,0,0
linq,35.0,3.0,eb0482,0.0482,1,2.4,0,0.19,20000,0.8241,621.8,1.486,0,0.1759,0.0,18.37,0.0,nan,13.4818,nan,nan,0,6.9873,5,nan,nan,nan,0,0,0
linq,35.0,3.0,eb0482,0.0482,1,2.4,0,0.2,20000,0.8241,621.8,1.486,0,0.1759,0.0,18.23,0.0,nan,13.3409,nan,nan,0,6.7102,6,nan,nan,nan,0,0,0
linq,35.0,3.0,eb0482,0.0482,1,2.4,0,0.21,20000,0.8241,621.8,1.486,0,0.1759,0.0,18.089,0.0,nan,13.2003,nan,nan,0,6.3833,6,nan,nan,nan,0,0,0
linq,35.0,3.0,eb0482,0.0482,1,2.4,0,0.22,20000,0.8241,621.8,1.486,0,0.1759,0.0,17.949,0.0,nan,13.0607,nan,nan,0,6.0962,7,nan,nan,nan,0,0,0
linq,35.0,3.0,eb0482,0.0482,1,2.4,0,0.23,20000,0.8241,621.8,1.486,0,0.1759,0.0,17.808,0.0,nan,12.919,nan,nan,0,5.8261,7,nan,nan,nan,0,0,0
linq,35.0,3.0,eb0482,0.0482,1,2.4,0,0.24,20000,0.8241,621.8,1.486,0,0.1759,0.0,17.667,0.0,nan,12.7781,nan,nan,0,5.5838,7,nan,nan,nan,0,0,0
linq,35.0,3.0,eb0482,0.0482,1,2.4,0,0.25,20000,0.8241,621.8,1.486,0,0.1759,0.0,17.53,0.0,nan,12.6412,nan,nan,0,5.3218,8,nan,nan,nan,0,0,0
linq,35.0,3.0,eb0482,0.0482,1,2.4,0,0.26,20000,0.8241,621.8,1.486,0,0.1759,0.0,17.387,0.0,nan,12.4986,nan,nan,0,5.1115,8,nan,nan,nan,0,0,0
linq,35.0,3.0,eb0482,0.0482,1,2.4,0,0.27,20000,0.8241,621.8,1.486,0,0.1759,0.0,17.249,0.0,nan,12.3602,nan,nan,0,4.926,8,nan,nan,nan,0,0,0
linq,35.0,3.0,eb0482,0.0482,1,2.4,0,0.28,20000,0.8241,621.8,1.486,0,0.1759,0.0,17.108,0.0,nan,12.2198,nan,nan,0,4.7544,8,nan,nan,nan,0,0,0
linq,35.0,3.0,eb0482,0.0482,1,2.4,0,0.29,20000,0.8241,621.8,1.486,0,0.1759,0.0,16.972,0.0,nan,12.0837,nan,nan,0,4.5986,8,nan,nan,nan,0,0,0
linq,35.0,3.0,eb0482,0.0482,1,2.4,0,0.3,20000,0.8241,621.8,1.486,0,0.1759,0.0,16.831,0.0,nan,11.9424,3.4283,3.4283,1,4.446,8,nan,nan,nan,0,0,0
linq,35.0,3.0,eb0482,0.0482,1,2.4,0,0.31,20000,0.8241,621.8,1.486,0,0.1759,0.0,16.692,0.0,nan,11.8029,3.2946,3.2946,1,4.3065,8,nan,nan,nan,0,0,0
linq,35.0,3.0,eb0482,0.0482,1,2.4,0,0.32,20000,0.8241,621.8,1.486,0,0.1759,0.0,16.556,0.0,nan,11.6677,3.0346,3.0298,2,4.1781,8,nan,nan,nan,0,0,0
linq,35.0,3.0,eb0482,0.0482,1,2.4,0,0.33,20000,0.8241,621.8,1.486,0,0.1759,0.0,16.416,0.0,nan,11.5273,2.9293,2.9239,2,4.0534,8,nan,nan,nan,0,0,0
linq,35.0,3.0,eb0482,0.0482,1,2.4,0,0.34,20000,0.8241,621.8,1.486,0,0.1759,0.0,16.278,0.0,nan,11.3891,2.7017,2.6903,3,3.939,8,nan,nan,nan,0,0,0
linq,35.0,3.0,eb0482,0.0482,1,2.4,0,0.35,20000,0.8241,621.8,1.486,0,0.1759,0.0,16.139,0.0,nan,11.2505,2.6225,2.6096,3,3.8318,8,nan,nan,nan,0,0,0
linq,35.0,3.0,eb0482,0.0482,1,2.4,0,0.36,20000,0.8241,621.8,1.486,0,0.1759,0.0,15.997,0.0,nan,11.1081,2.5415,2.529,3,3.7284,8,nan,nan,nan,0,0,0
linq,35.0,3.0,eb0482,0.0482,1,2.4,0,0.37,20000,0.8241,621.8,1.486,0,0.1759,0.0,15.858,0.0,0.0,10.9689,2.3405,2.3191,4,3.6313,8,nan,nan,nan,0,0,0
linq,35.0,3.0,eb0482,0.0482,1,2.4,0,0.38,20000,0.8241,621.8,1.486,0,0.1759,0.0,15.72,0.0,0.0,10.8318,2.2759,2.2539,4,3.5403,8,nan,nan,nan,0,0,0
linq,35.0,3.0,eb0482,0.0482,1,2.4,0,0.39,20000,0.8241,621.8,1.486,0,0.1759,0.0,15.584,0.0,0.333,10.695,2.2126,2.1918,4,3.4556,8,nan,nan,nan,0,0,0
linq,35.0,3.0,eb0482,0.0482,1,2.4,0,0.4,20000,0.8241,621.8,1.486,0,0.1759,0.0,15.446,0.0001,1.5,10.5575,2.0253,1.9902,5,3.3754,8,nan,nan,nan,0,0,0
linq,35.0,3.0,eb0482,0.0482,1,2.4,0,0.41,20000,0.8241,621.8,1.486,0,0.1759,0.0,15.307,0.0001,1.333,10.4181,1.8453,1.7906,6,3.2976,8,nan,nan,nan,0,0,0
linq,35.0,3.0,eb0482,0.0482,1,2.4,0,0.42,20000,0.8241,621.8,1.486,0,0.1759,0.0,15.171,0.0001,0.444,10.2823,1.7998,1.7457,6,3.2245,8,nan,nan,nan,0,0,0
linq,35.0,3.0,eb0482,0.0482,1,2.4,0,0.43,20000,0.8241,621.8,1.486,0,0.1759,0.0,15.034,0.0001,0.286,10.145,1.7572,1.705,6,3.1546,8,nan,nan,nan,0,0,0
linq,35.0,3.0,eb0482,0.0482,1,2.4,0,0.44,20000,0.8241,621.8,1.486,0,0.1759,0.0001,14.894,0.0002,0.238,10.006,1.5866,1.5033,7,3.0872,8,nan,0.5804,nan,0,0,0
linq,35.0,3.0,eb0482,0.0482,1,2.4,0,0.45,20000,0.8241,621.8,1.486,0,0.1759,0.0001,14.759,0.0002,0.32,9.8722,1.5523,1.4706,7,3.0247,8,nan,0.5648,nan,0,0,0
linq,35.0,3.0,eb0482,0.0482,1,2.4,0,0.46,20000,0.8241,621.8,1.486,0,0.1759,0.0001,14.618,0.0004,0.273,9.731,1.5168,1.4362,7,2.9623,8,nan,0.5482,nan,0,0,0
linq,35.0,3.0,eb0482,0.0482,1,2.4,0,0.47,20000,0.8241,621.8,1.486,0,0.1759,0.0001,14.48,0.0006,0.311,9.5932,1.4833,1.4042,7,2.9041,8,nan,0.5344,nan,0,0,0
linq,35.0,3.0,eb0482,0.0482,1,2.4,0,0.48,20000,0.8241,621.8,1.486,0,0.1759,0.0002,14.345,0.0008,0.269,9.4586,1.4523,1.375,7,2.8503,8,0.563,0.524,0.0,0,0,0
linq,35.0,3.0,eb0482,0.0482,1,2.4,0,0.49,20000,0.8241,621.8,1.486,0,0.1759,0.0002,14.21,0.0011,0.325,9.3239,1.4233,1.3484,7,2.7964,8,0.5473,0.5168,0.0,0,0,0
linq,35.0,3.0,eb0482,0.0482,1,2.4,0,0.5,20000,0.8241,621.8,1.486,0,0.1759,0.0004,14.072,0.0015,0.314,9.1883,1.3929,1.3192,7,2.7465,8,0.5338,0.5048,0.0,0,0,0
linq,35.0,3.0,eb0482,0.0482,1,2.4,0,0.51,20000,0.8241,621.8,1.486,0,0.1759,0.0005,13.934,0.0022,0.398,9.0521,1.365,1.2932,7,2.6972,8,0.5205,0.4961,0.0,0,0,0
linq,35.0,3.0,eb0482,0.0482,1,2.4,0,0.52,20000,0.8241,621.8,1.486,0,0.1759,0.0007,13.801,0.0031,0.446,8.9218,1.339,1.2683,7,2.6511,8,0.5108,0.4867,0.0,0,0,0
linq,35.0,3.0,eb0482,0.0482,1,3.2,0,0.17,20000,0.8241,621.8,1.486,0,0.1759,0.0,17.211,0.0,nan,12.322,nan,nan,0,5.5345,6,nan,nan,nan,0,0,0
linq,35.0,3.0,eb0482,0.0482,1,3.2,0,0.18,20000,0.8241,621.8,1.486,0,0.1759,0.0,16.987,0.0,nan,12.0988,nan,nan,0,5.2399,7,nan,nan,nan,0,0,0
linq,35.0,3.0,eb0482,0.0482,1,3.2,0,0.19,20000,0.8241,621.8,1.486,0,0.1759,0.0,16.763,0.0,nan,11.8749,nan,nan,0,4.8842,7,nan,nan,nan,0,0,0
linq,35.0,3.0,eb0482,0.0482,1,3.2,0,0.2,20000,0.8241,621.8,1.486,0,0.1759,0.0,16.542,0.0,nan,11.6538,nan,nan,0,4.6123,8,nan,nan,nan,0,0,0
linq,35.0,3.0,eb0482,0.0482,1,3.2,0,0.21,20000,0.8241,621.8,1.486,0,0.1759,0.0,16.322,0.0,nan,11.4336,nan,nan,0,4.3321,8,nan,nan,nan,0,0,0
linq,35.0,3.0,eb0482,0.0482,1,3.2,0,0.22,20000,0.8241,621.8,1.486,0,0.1759,0.0,16.1,0.0,nan,11.211,nan,nan,0,4.0821,8,nan,nan,nan,0,0,0
linq,35.0,3.0,eb0482,0.0482,1,3.2,0,0.23,20000,0.8241,621.8,1.486,0,0.1759,0.0,15.881,0.0,nan,10.9927,3.5966,3.5966,1,3.8618,8,nan,nan,nan,0,0,0
linq,35.0,3.0,eb0482,0.0482,1,3.2,0,0.24,20000,0.8241,621.8,1.486,0,0.1759,0.0,15.661,0.0,nan,10.7722,3.356,3.356,1,3.6566,8,nan,nan,nan,0,0,0
linq,35.0,3.0,eb0482,0.0482,1,3.2,0,0.25,20000,0.8241,621.8,1.486,0,0.1759,0.0,15.437,0.0,nan,10.5483,3.0586,3.0557,2,3.4705,8,nan,nan,nan,0,0,0
linq,35.0,3.0,eb0482,0.0482,1,3.2,0,0.26,20000,0.8241,621.8,1.486,0,0.1759,0.0,15.217,0.0,nan,10.328,2.8846,2.8807,2,3.3055,8,nan,nan,nan,0,0,0
linq,35.0,3.0,eb0482,0.0482,1,3.2,0,0.27,20000,0.8241,621.8,1.486,0,0.1759,0.0,14.993,0.0,nan,10.1048,2.6416,2.6345,3,3.1515,8,nan,nan,nan,0,0,0
linq,35.0,3.0,eb0482,0.0482,1,3.2,0,0.28,20000,0.8241,621.8,1.486,0,0.1759,0.0,14.779,0.0,nan,9.8901,2.5074,2.4996,3,3.016,8,nan,nan,nan,0,0,0
linq,35.0,3.0,eb0482,0.0482,1,3.2,0,0.29,20000,0.8241,621.8,1.486,0,0.1759,0.0,14.56,0.0,nan,9.6714,2.2834,2.2705,4,2.8898,8,nan,nan,nan,0,0,0
linq,35.0,3.0,eb0482,0.0482,1,3.2,0,0.3,20000,0.8241,621.8,1.486,0,0.1759,0.0,14.339,0.0,0.0,9.4507,2.1756,2.1619,4,2.7712,8,nan,nan,nan,0,0,0
linq,35.0,3.0,eb0482,0.0482,1,3.2,0,0.31,20000,0.8241,621.8,1.486,0,0.1759,0.0,14.119,0.0,0.0,9.2302,1.9751,1.9524,5,2.662,8,nan,nan,nan,0,0,0
linq,35.0,3.0,eb0482,0.0482,1,3.2,0,0.32,20000,0.8241,621.8,1.486,0,0.1759,0.0,13.9,0.0,0.0,9.011,1.8866,1.8635,5,2.5625,8,nan,nan,nan,0,0,0
linq,35.0,3.0,eb0482,0.0482,1,3.2,0,0.33,20000,0.8241,621.8,1.486,0,0.1759,0.0,13.682,0.0001,0.75,8.7938,1.7084,1.6716,6,2.4711,8,nan,nan,nan,0,0,0
linq,35.0,3.0,eb0482,0.0482,1,3.2,0,0.34,20000,0.8241,621.8,1.486,0,0.1759,0.0,13.462,0.0001,0.333,8.5732,1.637,1.6009,6,2.384,8,nan,nan,nan,0,0,0
linq,35.0,3.0,eb0482,0.0482,1,3.2,0,0.35,20000,0.8241,621.8,1.486,0,0.1759,0.0,13.244,0.0002,0.2,8.355,1.4686,1.4095,7,2.3038,8,nan,0.5802,nan,0,0,0
linq,35.0,3.0,eb0482,0.0482,1,3.2,0,0.36,20000,0.8241,621.8,1.486,0,0.1759,0.0,13.023,0.0003,0.18,8.1349,1.4109,1.3534,7,2.2294,8,nan,0.5529,nan,0,0,0
linq,35.0,3.0,eb0482,0.0482,1,3.2,0,0.37,20000,0.8241,621.8,1.486,0,0.1759,0.0001,12.801,0.0005,0.156,7.9139,1.3598,1.3042,7,2.1581,8,nan,0.5309,nan,0,0,0
linq,35.0,3.0,eb0482,0.0482,1,3.2,0,0.38,20000,0.8241,621.8,1.486,0,0.1759,0.0001,12.587,0.0009,0.187,7.7,1.3124,1.2589,7,2.0942,8,0.5609,0.5137,0.0,0,0,0
linq,35.0,3.0,eb0482,0.0482,1,3.2,0,0.39,20000,0.8241,621.8,1.486,0,0.1759,0.0002,12.369,0.0017,0.238,7.4831,1.2677,1.2162,7,2.032,8,0.5399,0.4979,0.0,0,0,0
linq,35.0,3.0,eb0482,0.0482,1,3.2,0,0.4,20000,0.8241,621.8,1.486,0,0.1759,0.0003,12.155,0.0032,0.344,7.27,1.2259,1.1765,7,1.9745,8,0.5183,0.4835,0.0,0,0,0
linq,35.0,3.0,eb0482,0.0482,1,3.2,0,0.41,20000,0.8241,621.8,1.486,0,0.1759,0.0005,11.941,0.005,0.384,7.0589,1.1853,1.137,7,1.921,8,0.5036,0.4675,0.0,0,0,0
linq,35.0,3.0,eb0482,0.0482,1,3.2,0,0.42,20000,0.8241,621.8,1.486,0,0.1759,0.0009,11.727,0.0075,0.47,6.8489,1.1486,1.1017,7,1.8684,8,0.4892,0.4529,0.0,0,0,0
linq,35.0,3.0,eb0482,0.0482,1,3.2,0,0.43,20000,0.8241,621.8,1.486,0,0.1759,0.0016,11.516,0.0105,0.536,6.6464,1.1133,1.0675,7,1.8209,8,0.4762,0.4372,0.0,0,0,0
linq,35.0,3.0,eb0482,0.0482,1,3.2,0,0.44,20000,0.8241,621.8,1.486,0,0.1759,0.0028,11.308,0.0141,0.587,6.4512,1.0799,1.0351,7,1.7751,8,0.4628,0.4229,0.0,0,0,0
linq,35.0,3.0,eb0482,0.0482,1,3.2,0,0.45,20000,0.8241,621.8,1.486,0,0.1759,0.0044,11.103,0.0178,0.606,6.2628,1.0487,1.005,7,1.7307,8,0.4499,0.4103,0.0,0,0,0
linq,35.0,3.0,eb0482,0.0482,1,3.2,0,0.46,20000,0.8241,621.8,1.486,0,0.1759,0.0069,10.898,0.0218,0.658,6.0853,1.0185,0.9762,7,1.6891,8,0.4359,0.3991,0.0,0,0,0
linq,35.0,3.0,eb0482,0.0482,1,3.2,0,0.47,20000,0.8241,621.8,1.486,0,0.1759,0.0097,10.697,0.0271,0.715,5.9137,0.9909,0.9493,7,1.6498,8,0.4229,0.3867,0.0,0,0,0
linq,35.0,3.0,eb0482,0.0482,1,3.2,0,0.48,20000,0.8241,621.8,1.486,0,0.1759,0.0129,10.498,0.0328,0.792,5.7466,0.9642,0.9235,7,1.6115,8,0.4113,0.376,0.0,0,0,0
linq,35.0,3.0,eb0482,0.0482,1,3.2,0,0.49,20000,0.8241,621.8,1.486,0,0.1759,0.0177,10.303,0.0376,0.832,5.5998,0.9385,0.8988,7,1.5767,8,0.3998,0.3663,0.0,0,0,0
linq,35.0,3.0,eb0482,0.0482,1,3.2,0,0.5,20000,0.8241,621.8,1.486,0,0.1759,0.0224,10.112,0.0434,0.903,5.4548,0.9148,0.8759,7,1.5409,8,0.3894,0.357,0.0,0,0,0
linq,35.0,3.0,eb0482,0.0482,1,3.2,0,0.51,20000,0.8241,621.8,1.486,0,0.1759,0.0285,9.925,0.0495,1.0,5.3267,0.8924,0.8543,7,1.5081,8,0.3789,0.3478,0.0,0,0,0
linq,35.0,3.0,eb0482,0.0482,1,3.2,0,0.52,20000,0.8241,621.8,1.486,0,0.1759,0.0354,9.735,0.0543,1.023,5.2036,0.8698,0.8325,7,1.4767,8,0.3696,0.3386,0.0,0,0,0
linq,35.0,3.0,eb0482,0.0482,1,4.8,0,0.17,20000,0.8241,621.8,1.486,0,0.1759,0.0,14.786,0.0,nan,9.8972,nan,nan,0,3.2212,8,nan,nan,nan,0,0,0
linq,35.0,3.0,eb0482,0.0482,1,4.8,0,0.18,20000,0.8241,621.8,1.486,0,0.1759,0.0,14.431,0.0,nan,9.5428,nan,nan,0,2.9052,8,nan,nan,nan,0,0,0
linq,35.0,3.0,eb0482,0.0482,1,4.8,0,0.19,20000,0.8241,621.8,1.486,0,0.1759,0.0,14.072,0.0,nan,9.1829,3.2955,3.2955,1,2.633,8,nan,nan,nan,0,0,0
linq,35.0,3.0,eb0482,0.0482,1,4.8,0,0.2,20000,0.8241,621.8,1.486,0,0.1759,0.0,13.712,0.0,nan,8.8233,2.938,2.937,2,2.4012,8,nan,nan,nan,0,0,0
linq,35.0,3.0,eb0482,0.0482,1,4.8,0,0.21,20000,0.8241,621.8,1.486,0,0.1759,0.0,13.349,0.0,nan,8.4605,2.6587,2.6575,2,2.1993,8,nan,nan,nan,0,0,0
linq,35.0,3.0,eb0482,0.0482,1,4.8,0,0.22,20000,0.8241,621.8,1.486,0,0.1759,0.0,12.994,0.0,nan,8.105,2.3751,2.3732,3,2.0295,8,nan,nan,nan,0,0,0
linq,35.0,3.0,eb0482,0.0482,1,4.8,0,0.23,20000,0.8241,621.8,1.486,0,0.1759,0.0,12.634,0.0,nan,7.745,2.1183,2.1144,4,1.8795,8,nan,nan,nan,0,0,0
linq,35.0,3.0,eb0482,0.0482,1,4.8,0,0.24,20000,0.8241,621.8,1.486,0,0.1759,0.0,12.275,0.0,nan,7.3859,1.9452,1.9415,4,1.7486,8,nan,nan,nan,0,0,0
linq,35.0,3.0,eb0482,0.0482,1,4.8,0,0.25,20000,0.8241,621.8,1.486,0,0.1759,0.0,11.915,0.0,0.0,7.0267,1.7283,1.7202,5,1.6326,8,nan,nan,nan,0,0,0
linq,35.0,3.0,eb0482,0.0482,1,4.8,0,0.26,20000,0.8241,621.8,1.486,0,0.1759,0.0,11.559,0.0,0.0,6.6704,1.5304,1.5154,6,1.5306,8,nan,nan,nan,0,0,0
linq,35.0,3.0,eb0482,0.0482,1,4.8,0,0.27,20000,0.8241,621.8,1.486,0,0.1759,0.0,11.201,0.0,0.071,6.3133,1.4195,1.4055,6,1.4397,8,nan,nan,nan,0,0,0
linq,35.0,3.0,eb0482,0.0482,1,4.8,0,0.28,20000,0.8241,621.8,1.486,0,0.1759,0.0,10.844,0.0001,0.091,5.9567,1.2477,1.2203,7,1.3557,8,nan,0.565,nan,0,0,0
linq,35.0,3.0,eb0482,0.0482,1,4.8,0,0.29,20000,0.8241,621.8,1.486,0,0.1759,0.0,10.487,0.0004,0.096,5.6008,1.165,1.1394,7,1.2822,8,nan,0.5266,nan,0,0,0
linq,35.0,3.0,eb0482,0.0482,1,4.8,0,0.3,20000,0.8241,621.8,1.486,0,0.1759,0.0001,10.135,0.001,0.095,5.25,1.09,1.066,7,1.2166,8,0.5656,0.4956,0.0,0,0,0
linq,35.0,3.0,eb0482,0.0482,1,4.8,0,0.31,20000,0.8241,621.8,1.486,0,0.1759,0.0001,9.785,0.0034,0.184,4.901,1.0232,1.0007,7,1.1562,8,0.5228,0.4662,0.0,0,0,0
linq,35.0,3.0,eb0482,0.0482,1,4.8,0,0.32,20000,0.8241,621.8,1.486,0,0.1759,0.0003,9.439,0.008,0.274,4.5576,0.9622,0.9406,7,1.1002,8,0.4944,0.437,0.0,0,0,0
linq,35.0,3.0,eb0482,0.0482,1,4.8,0,0.33,20000,0.8241,621.8,1.486,0,0.1759,0.0008,9.099,0.0159,0.386,4.2231,0.9073,0.8866,7,1.0505,8,0.4694,0.4107,0.0,0,0,0
linq,35.0,3.0,eb0482,0.0482,1,4.8,0,0.34,20000,0.8241,621.8,1.486,0,0.1759,0.0024,8.767,0.026,0.47,3.9042,0.8572,0.8373,7,1.0049,8,0.4452,0.3871,0.0,0,0,0
linq,35.0,3.0,eb0482,0.0482,1,4.8,0,0.35,20000,0.8241,621.8,1.486,0,0.1759,0.0059,8.439,0.0398,0.61,3.6058,0.8118,0.7926,7,0.9617,8,0.4203,0.3663,0.0,0,0,0
linq,35.0,3.0,eb0482,0.0482,1,4.8,0,0.36,20000,0.8241,621.8,1.486,0,0.1759,0.0117,8.121,0.0549,0.737,3.3344,0.7703,0.7518,7,0.9222,8,0.3983,0.3464,0.0,0,0,0
linq,35.0,3.0,eb0482,0.0482,1,4.8,0,0.37,20000,0.8241,621.8,1.486,0,0.1759,0.0202,7.813,0.071,0.861,3.0931,0.732,0.7141,7,0.8863,8,0.3779,0.3277,0.0,0,0,0
linq,35.0,3.0,eb0482,0.0482,1,4.8,0,0.38,20000,0.8241,621.8,1.486,0,0.1759,0.032,7.512,0.086,0.973,2.8821,0.6967,0.6794,7,0.8518,8,0.3603,0.3107,0.0,0,0,0
linq,35.0,3.0,eb0482,0.0482,1,4.8,0,0.39,20000,0.8241,621.8,1.486,0,0.1759,0.0487,7.221,0.0983,1.064,2.7143,0.6644,0.6477,7,0.8201,8,0.3421,0.2954,0.0,0,0,0
linq,35.0,3.0,eb0482,0.0482,1,4.8,0,0.4,20000,0.8241,621.8,1.486,0,0.1759,0.0676,6.942,0.111,1.179,2.5698,0.6347,0.6185,7,0.7924,8,0.3254,0.2812,0.0,0,1,0
linq,35.0,3.0,eb0482,0.0482,1,4.8,0,0.41,20000,0.8241,621.8,1.486,0,0.1759,0.0891,6.67,0.1208,1.231,2.4476,0.6068,0.591,7,0.766,8,0.3102,0.2678,0.0,0,1,0
linq,35.0,3.0,eb0482,0.0482,1,4.8,0,0.42,20000,0.8241,621.8,1.486,0,0.1759,0.112,6.415,0.129,1.307,2.3514,0.5816,0.5663,7,0.7412,8,0.2958,0.2562,0.0,0,1,0
linq,35.0,3.0,eb0482,0.0482,1,4.8,0,0.43,20000,0.8241,621.8,1.486,0,0.1759,0.1365,6.169,0.1359,1.357,2.2727,0.558,0.5431,7,0.7163,8,0.2826,0.2449,0.0,0,1,0
linq,35.0,3.0,eb0482,0.0482,1,4.8,0,0.44,20000,0.8241,621.8,1.486,0,0.1759,0.1622,5.931,0.1409,1.396,2.2083,0.5359,0.5214,7,0.6929,8,0.2702,0.2344,0.0,0,1,0
linq,35.0,3.0,eb0482,0.0482,1,4.8,0,0.45,20000,0.8241,621.8,1.486,0,0.1759,0.1873,5.708,0.1449,1.419,2.1535,0.515,0.501,7,0.6728,8,0.259,0.2248,0.0,0,1,0
linq,35.0,3.0,eb0482,0.0482,1,4.8,0,0.46,20000,0.8241,621.8,1.486,0,0.1759,0.2118,5.496,0.1495,1.447,2.1023,0.4961,0.4823,7,0.6536,8,0.2485,0.2158,0.0,0,1,0
linq,35.0,3.0,eb0482,0.0482,1,4.8,0,0.47,20000,0.8241,621.8,1.486,0,0.1759,0.2365,5.296,0.1519,1.434,2.0659,0.4784,0.4649,7,0.636,8,0.2387,0.2074,0.0,0,1,0
linq,35.0,3.0,eb0482,0.0482,1,4.8,0,0.48,20000,0.8241,621.8,1.486,0,0.1759,0.2607,5.101,0.1541,1.442,2.0321,0.4608,0.4478,7,0.6177,8,0.2296,0.1996,0.0,0,1,0
linq,35.0,3.0,eb0482,0.0482,1,4.8,0,0.49,20000,0.8241,621.8,1.486,0,0.1759,0.285,4.917,0.1559,1.452,2.0098,0.445,0.4323,7,0.6009,8,0.2206,0.1924,0.0,0,1,0
linq,35.0,3.0,eb0482,0.0482,1,4.8,0,0.5,20000,0.8241,621.8,1.486,0,0.1759,0.3076,4.743,0.1584,1.477,1.986,0.4303,0.4178,7,0.586,8,0.2123,0.1856,0.0,0,1,0
linq,35.0,3.0,eb0482,0.0482,1,4.8,0,0.51,20000,0.8241,621.8,1.486,0,0.1759,0.3292,4.577,0.1623,1.543,1.9599,0.4155,0.4035,7,0.5711,8,0.2045,0.1791,0.0,0,1,0
linq,35.0,3.0,eb0482,0.0482,1,4.8,0,0.52,20000,0.8241,621.8,1.486,0,0.1759,0.3497,4.42,0.1645,1.559,1.9359,0.4024,0.3906,7,0.5577,8,0.1977,0.1732,0.0,0,1,0
linq,35.0,3.0,eb0482,0.0482,1,6.4,0,0.17,20000,0.8241,621.8,1.486,0,0.1759,0.0,12.971,0.0,nan,8.0896,3.1854,3.1854,1,1.957,8,nan,nan,nan,0,0,0
linq,35.0,3.0,eb0482,0.0482,1,6.4,0,0.18,20000,0.8241,621.8,1.486,0,0.1759,0.0,12.51,0.0,nan,7.6291,2.7641,2.764,2,1.7177,8,nan,nan,nan,0,0,0
linq,35.0,3.0,eb0482,0.0482,1,6.4,0,0.19,20000,0.8241,621.8,1.486,0,0.1759,0.0,12.045,0.0,nan,7.1701,2.4169,2.4169,3,1.5224,8,nan,nan,nan,0,0,0
linq,35.0,3.0,eb0482,0.0482,1,6.4,0,0.2,20000,0.8241,621.8,1.486,0,0.1759,0.0,11.579,0.0,nan,6.7079,2.1163,2.1163,3,1.3592,8,nan,nan,nan,0,0,0
linq,35.0,3.0,eb0482,0.0482,1,6.4,0,0.21,20000,0.8241,621.8,1.486,0,0.1759,0.0,11.117,0.0,nan,6.2495,1.8527,1.8524,4,1.225,8,nan,nan,nan,0,0,0
linq,35.0,3.0,eb0482,0.0482,1,6.4,0,0.22,20000,0.8241,621.8,1.486,0,0.1759,0.0,10.65,0.0,nan,5.7837,1.6109,1.6094,5,1.1102,8,nan,nan,nan,0,0,0
linq,35.0,3.0,eb0482,0.0482,1,6.4,0,0.23,20000,0.8241,621.8,1.486,0,0.1759,0.0,10.187,0.0,0.0,5.325,1.3972,1.3929,6,1.0129,8,nan,nan,nan,0,0,0
linq,35.0,3.0,eb0482,0.0482,1,6.4,0,0.24,20000,0.8241,621.8,1.486,0,0.1759,0.0,9.72,0.0,0.0,4.865,1.2498,1.2458,6,0.9289,8,nan,nan,nan,0,0,0
linq,35.0,3.0,eb0482,0.0482,1,6.4,0,0.25,20000,0.8241,621.8,1.486,0,0.1759,0.0,9.26,0.0001,0.045,4.4106,1.079,1.0684,7,0.8583,8,nan,0.555,nan,0,0,0
linq,35.0,3.0,eb0482,0.0482,1,6.4,0,0.26,20000,0.8241,621.8,1.486,0,0.1759,0.0,8.802,0.0004,0.041,3.9583,0.9773,0.9676,7,0.7967,8,nan,0.5031,nan,0,0,0
linq,35.0,3.0,eb0482,0.0482,1,6.4,0,0.27,20000,0.8241,621.8,1.486,0,0.1759,0.0,8.351,0.0021,0.086,3.514,0.8893,0.8806,7,0.7423,8,0.5443,0.4618,0.0,0,0,0
linq,35.0,3.0,eb0482,0.0482,1,6.4,0,0.28,20000,0.8241,621.8,1.486,0,0.1759,0.0001,7.909,0.0088,0.186,3.0814,0.8122,0.804,7,0.694,8,0.4946,0.4205,0.0,0,0,0
linq,35.0,3.0,eb0482,0.0482,1,6.4,0,0.29,20000,0.8241,621.8,1.486,0,0.1759,0.0005,7.475,0.0228,0.31,2.6611,0.7437,0.7359,7,0.6545,8,0.4589,0.3843,0.0,0,0,0
linq,35.0,3.0,eb0482,0.0482,1,6.4,0,0.3,20000,0.8241,621.8,1.486,0,0.1759,0.0023,7.058,0.0471,0.505,2.2721,0.6851,0.6776,7,0.6186,8,0.4229,0.3523,0.0,0,1,0
linq,35.0,3.0,eb0482,0.0482,1,6.4,0,0.31,20000,0.8241,621.8,1.486,0,0.1759,0.0084,6.651,0.0763,0.698,1.9183,0.6326,0.6254,7,0.5873,8,0.3907,0.3233,0.0,0,1,0
linq,35.0,3.0,eb0482,0.0482,1,6.4,0,0.32,20000,0.8241,621.8,1.486,0,0.1759,0.0206,6.266,0.106,0.897,1.6306,0.5865,0.5795,7,0.5612,8,0.3627,0.2978,0.0,0,1,0
linq,35.0,3.0,eb0482,0.0482,1,6.4,0,0.33,20000,0.8241,621.8,1.486,0,0.1759,0.0414,5.889,0.1341,1.084,1.3946,0.5453,0.5384,7,0.5378,8,0.336,0.2748,0.0,0,1,0
linq,35.0,3.0,eb0482,0.0482,1,6.4,0,0.34,20000,0.8241,621.8,1.486,0,0.1759,0.0718,5.537,0.1536,1.215,1.2363,0.5089,0.5022,7,0.5188,8,0.3116,0.2551,0.0,0,1,0
linq,35.0,3.0,eb0482,0.0482,1,6.4,0,0.35,20000,0.8241,621.8,1.486,0,0.1759,0.1063,5.201,0.1706,1.341,1.1085,0.4754,0.4691,7,0.5032,8,0.2895,0.2375,0.0,0,1,0
linq,35.0,3.0,eb0482,0.0482,1,6.4,0,0.36,20000,0.8241,621.8,1.486,0,0.1759,0.1449,4.884,0.1831,1.421,1.0164,0.446,0.4397,7,0.4907,8,0.2698,0.2211,0.0,0,1,0
linq,35.0,3.0,eb0482,0.0482,1,6.4,0,0.37,20000,0.8241,621.8,1.486,0,0.1759,0.1859,4.588,0.1917,1.453,0.9585,0.4195,0.4133,7,0.4817,8,0.2517,0.2063,0.0,1,1,1
linq,35.0,3.0,eb0482,0.0482,1,6.4,0,0.38,20000,0.8241,621.8,1.486,0,0.1759,0.2266,4.312,0.1982,1.49,0.9163,0.3954,0.3893,7,0.4724,8,0.2354,0.1938,0.0,1,0,0
linq,35.0,3.0,eb0482,0.0482,1,6.4,0,0.39,20000,0.8241,621.8,1.486,0,0.1759,0.2663,4.056,0.2036,1.552,0.8859,0.3733,0.3675,7,0.4632,8,0.2208,0.1823,0.0,1,0,0
linq,35.0,3.0,eb0482,0.0482,1,6.4,0,0.4,20000,0.8241,621.8,1.486,0,0.1759,0.3044,3.816,0.2093,1.602,0.8581,0.3532,0.3474,7,0.4518,8,0.207,0.1716,0.0,1,0,0
linq,35.0,3.0,eb0482,0.0482,1,6.4,0,0.41,20000,0.8241,621.8,1.486,0,0.1759,0.3408,3.6,0.2121,1.643,0.8441,0.3358,0.3301,7,0.4486,8,0.1952,0.1619,0.0,1,0,0
linq,35.0,3.0,eb0482,0.0482,1,6.4,0,0.42,20000,0.8241,621.8,1.486,0,0.1759,0.3745,3.396,0.2143,1.653,0.83,0.3194,0.3137,7,0.4476,8,0.1845,0.1528,0.0,1,0,0
linq,35.0,3.0,eb0482,0.0482,1,6.4,0,0.43,20000,0.8241,621.8,1.486,0,0.1759,0.4069,3.206,0.2162,1.651,0.8219,0.3042,0.2985,7,0.4427,8,0.1745,0.1444,0.0,1,0,0
linq,35.0,3.0,eb0482,0.0482,1,6.4,0,0.44,20000,0.8241,621.8,1.486,0,0.1759,0.4392,3.029,0.2134,1.62,0.8328,0.29,0.2845,7,0.439,8,0.1652,0.1368,0.0,1,0,0
linq,35.0,3.0,eb0482,0.0482,1,6.4,0,0.45,20000,0.8241,621.8,1.486,0,0.1759,0.4677,2.865,0.2144,1.615,0.8329,0.2771,0.2717,7,0.4386,8,0.1565,0.1299,0.0,1,0,0
linq,35.0,3.0,eb0482,0.0482,1,6.4,0,0.46,20000,0.8241,621.8,1.486,0,0.1759,0.4942,2.715,0.2142,1.606,0.8319,0.2645,0.2592,7,0.4365,8,0.1486,0.1238,0.0,1,0,0
linq,35.0,3.0,eb0482,0.0482,1,6.4,0,0.47,20000,0.8241,621.8,1.486,0,0.1759,0.5192,2.572,0.2163,1.646,0.8289,0.2531,0.2479,7,0.4361,8,0.1409,0.1181,0.0,1,0,0
linq,35.0,3.0,eb0482,0.0482,1,6.4,0,0.48,20000,0.8241,621.8,1.486,0,0.1759,0.5425,2.44,0.2164,1.651,0.8315,0.2425,0.2376,7,0.4379,8,0.134,0.1129,0.0,1,0,0
linq,35.0,3.0,eb0482,0.0482,1,6.4,0,0.49,20000,0.8241,621.8,1.486,0,0.1759,0.5629,2.318,0.2194,1.679,0.8186,0.2327,0.2279,7,0.4397,8,0.1281,0.108,0.0,1,0,0
linq,35.0,3.0,eb0482,0.0482,1,6.4,0,0.5,20000,0.8241,621.8,1.486,0,0.1759,0.5835,2.203,0.2189,1.665,0.825,0.2236,0.2189,7,0.4446,8,0.1225,0.1033,0.0,1,0,0
linq,35.0,3.0,eb0482,0.0482,1,6.4,0,0.51,20000,0.8241,621.8,1.486,0,0.1759,0.602,2.095,0.2205,1.703,0.8212,0.2154,0.2107,7,0.4511,8,0.1173,0.0988,0.0,1,0,0
linq,35.0,3.0,eb0482,0.0482,1,6.4,0,0.52,20000,0.8241,621.8,1.486,0,0.1759,0.6209,1.993,0.2174,1.658,0.8295,0.2076,0.203,7,0.4527,8,0.1123,0.0951,0.0,1,0,0
linq,35.0,3.0,eb0482,0.0482,1,9.6,1,0.17,20000,0.8241,621.8,1.486,0,0.1759,0.0,10.528,0.0,nan,5.7623,2.1815,2.1776,3,0.885,8,nan,nan,nan,0,0,0
linq,35.0,3.0,eb0482,0.0482,1,9.6,1,0.18,20000,0.8241,621.8,1.486,0,0.1759,0.0,9.915,0.0,nan,5.1792,1.8329,1.8272,4,0.7739,8,nan,nan,nan,0,0,0
linq,35.0,3.0,eb0482,0.0482,1,9.6,1,0.19,20000,0.8241,621.8,1.486,0,0.1759,0.0,9.309,0.0,nan,4.6153,1.5284,1.5234,5,0.6962,8,nan,nan,nan,0,0,0
linq,35.0,3.0,eb0482,0.0482,1,9.6,1,0.2,20000,0.8241,621.8,1.486,0,0.1759,0.0,8.699,0.0,nan,4.0573,1.2585,1.255,5,0.6381,8,nan,nan,nan,0,0,0
linq,35.0,3.0,eb0482,0.0482,1,9.6,1,0.21,20000,0.8241,621.8,1.486,0,0.1759,0.0,8.089,0.0,0.0,3.5084,1.0524,1.0501,6,0.5919,8,nan,nan,nan,0,0,0
linq,35.0,3.0,eb0482,0.0482,1,9.6,1,0.22,20000,0.8241,621.8,1.486,0,0.1759,0.0,7.486,0.0,0.0,2.9744,0.8775,0.8756,7,0.5716,8,nan,0.569,nan,0,0,0
linq,35.0,3.0,eb0482,0.0482,1,9.6,1,0.23,20000,0.8241,621.8,1.486,0,0.1759,0.0,6.894,0.0002,0.01,2.4762,0.7473,0.7459,7,0.5548,8,nan,0.4834,nan,0,1,0
linq,35.0,3.0,eb0482,0.0482,1,9.6,1,0.24,20000,0.8241,621.8,1.486,0,0.1759,0.0,6.318,0.0035,0.052,2.0156,0.6423,0.6413,7,0.4647,7,0.5281,0.4175,0.0,0,1,0
linq,35.0,3.0,eb0482,0.0482,1,9.6,1,0.25,20000,0.8241,621.8,1.486,0,0.1759,0.0001,5.765,0.0229,0.182,1.6057,0.5561,0.5554,7,0.4559,7,0.4614,0.3628,0.0,0,1,0
linq,35.0,3.0,eb0482,0.0482,1,9.6,1,0.26,20000,0.8241,621.8,1.486,0,0.1759,0.0007,5.237,0.0739,0.452,1.2508,0.4853,0.4847,7,0.4487,7,0.4062,0.3137,0.0,0,1,0
linq,35.0,3.0,eb0482,0.0482,1,9.6,1,0.27,20000,0.8241,621.8,1.486,0,0.1759,0.0077,4.74,0.1411,0.798,1.0031,0.4269,0.4264,7,0.4537,7,0.3622,0.2725,0.0,0,1,0
linq,35.0,3.0,eb0482,0.0482,1,9.6,1,0.28,20000,0.8241,621.8,1.486,0,0.1759,0.032,4.277,0.2051,1.171,0.883,0.3786,0.3781,7,0.457,7,0.3217,0.2378,0.0,1,0,0
linq,35.0,3.0,eb0482,0.0482,1,9.6,1,0.29,20000,0.8241,621.8,1.486,0,0.1759,0.0842,3.835,0.2474,1.416,0.8877,0.3369,0.3364,7,0.4638,7,0.2839,0.2085,0.0,1,0,0
linq,35.0,3.0,eb0482,0.0482,1,9.6,1,0.3,20000,0.8241,621.8,1.486,0,0.1759,0.1524,3.431,0.2726,1.578,0.9302,0.3026,0.302,7,0.3776,6,0.2508,0.185,0.0,1,0,0
linq,35.0,3.0,eb0482,0.0482,1,9.6,1,0.31,20000,0.8241,621.8,1.486,0,0.1759,0.2266,3.062,0.2897,1.729,0.9707,0.273,0.2724,7,0.3866,6,0.2221,0.1645,0.0,1,0,0
linq,35.0,3.0,eb0482,0.0482,1,9.6,1,0.32,20000,0.8241,621.8,1.486,0,0.1759,0.2995,2.734,0.298,1.774,1.0098,0.2483,0.2476,7,0.405,6,0.1979,0.1468,0.0,1,0,0
linq,35.0,3.0,eb0482,0.0482,1,9.6,1,0.33,20000,0.8241,621.8,1.486,0,0.1759,0.3663,2.447,0.3031,1.805,1.0413,0.2269,0.226,7,0.4102,6,0.1776,0.1319,0.0,0,0,0
linq,35.0,3.0,eb0482,0.0482,1,9.6,1,0.34,20000,0.8241,621.8,1.486,0,0.1759,0.4281,2.191,0.3038,1.8,1.0714,0.2074,0.2065,7,0.4228,6,0.1598,0.1195,0.0,0,0,0
linq,35.0,3.0,eb0482,0.0482,1,9.6,1,0.35,20000,0.8241,621.8,1.486,0,0.1759,0.4844,1.963,0.3049,1.811,1.0914,0.1913,0.1903,7,0.3422,5,0.1438,0.1088,0.0,0,0,0
linq,35.0,3.0,eb0482,0.0482,1,9.6,1,0.36,20000,0.8241,621.8,1.486,0,0.1759,0.532,1.766,0.3074,1.851,1.1211,0.177,0.176,7,0.3628,5,0.1305,0.0991,0.0,0,0,0
linq,35.0,3.0,eb0482,0.0482,1,9.6,1,0.37,20000,0.8241,621.8,1.486,0,0.1759,0.5748,1.591,0.3081,1.901,1.1508,0.1641,0.1631,7,0.383,5,0.119,0.0909,0.0,0,0,0
linq,35.0,3.0,eb0482,0.0482,1,9.6,1,0.38,20000,0.8241,621.8,1.486,0,0.1759,0.6135,1.436,0.3095,1.94,1.1747,0.1526,0.1515,7,0.3913,5,0.1089,0.0832,0.0,0,0,0
linq,35.0,3.0,eb0482,0.0482,1,9.6,1,0.39,20000,0.8241,621.8,1.486,0,0.1759,0.6477,1.296,0.3058,1.811,1.2181,0.1414,0.1404,7,0.317,4,0.1002,0.0768,0.0,0,0,0
linq,35.0,3.0,eb0482,0.0482,1,9.6,1,0.4,20000,0.8241,621.8,1.486,0,0.1759,0.6778,1.175,0.3024,1.724,1.2562,0.1326,0.1316,7,0.3254,4,0.0924,0.0716,0.0,0,0,0
linq,35.0,3.0,eb0482,0.0482,1,9.6,1,0.41,20000,0.8241,621.8,1.486,0,0.1759,0.7047,1.065,0.3019,1.663,1.2996,0.1249,0.1239,7,0.3559,4,0.0855,0.0672,0.0,0,0,0
linq,35.0,3.0,eb0482,0.0482,1,9.6,1,0.42,20000,0.8241,621.8,1.486,0,0.1759,0.7296,0.964,0.3067,1.721,1.329,0.1178,0.1167,7,0.3775,4,0.0787,0.0627,0.0,0,0,0
linq,35.0,3.0,eb0482,0.0482,1,9.6,1,0.43,20000,0.8241,621.8,1.486,0,0.1759,0.7506,0.877,0.3131,1.78,1.3713,0.1113,0.1101,7,0.3868,4,0.0733,0.0589,0.0,0,0,0
linq,35.0,3.0,eb0482,0.0482,1,9.6,1,0.44,20000,0.8241,621.8,1.486,0,0.1759,0.7691,0.797,0.3215,1.814,1.4358,0.1048,0.1037,7,0.3299,3,0.0691,0.0543,0.0,0,0,0
linq,35.0,3.0,eb0482,0.0482,1,9.6,1,0.45,20000,0.8241,621.8,1.486,0,0.1759,0.7865,0.726,0.3256,1.838,1.4866,0.0988,0.0977,7,0.34,3,0.0651,0.0502,0.0,0,0,0
linq,35.0,3.0,eb0482,0.0482,1,9.6,1,0.46,20000,0.8241,621.8,1.486,0,0.1759,0.8031,0.662,0.3279,1.855,1.5275,0.095,0.0936,7,0.3616,3,0.061,0.0473,0.0,0,0,0
linq,35.0,3.0,eb0482,0.0482,1,9.6,1,0.47,20000,0.8241,621.8,1.486,0,0.1759,0.8191,0.602,0.329,1.851,1.5623,0.0908,0.0894,7,0.3883,3,0.0573,0.045,0.0,0,0,0
linq,35.0,3.0,eb0482,0.0482,1,9.6,1,0.48,20000,0.8241,621.8,1.486,0,0.1759,0.8326,0.548,0.3334,1.893,1.6183,0.0867,0.0852,7,0.4002,3,0.0536,0.0436,0.0,0,0,0
linq,35.0,3.0,eb0482,0.0482,1,9.6,1,0.49,20000,0.8241,621.8,1.486,0,0.1759,0.846,0.5,0.3303,1.863,1.6428,0.0832,0.0818,7,0.346,2,0.0502,0.0413,0.0,0,0,0
linq,35.0,3.0,eb0482,0.0482,1,9.6,1,0.5,20000,0.8241,621.8,1.486,0,0.1759,0.8573,0.456,0.335,1.881,1.695,0.0817,0.0798,7,0.3505,2,0.0471,0.0397,0.0,0,0,0
linq,35.0,3.0,eb0482,0.0482,1,9.6,1,0.51,20000,0.8241,621.8,1.486,0,0.1759,0.8674,0.415,0.3398,1.852,1.7575,0.0801,0.0774,7,0.3653,2,0.0449,0.0369,0.0,0,0,0
linq,35.0,3.0,eb0482,0.0482,1,9.6,1,0.52,20000,0.8241,621.8,1.486,0,0.1759,0.877,0.38,0.3415,1.784,1.8008,0.0799,0.076,7,0.3254,1,0.0432,0.0344,0.0,0,0,0
linq,35.0,3.0,eb0482,0.0482,1,12.8,1,0.17,20000,0.8241,621.8,1.486,0,0.1759,0.0,8.977,0.0,nan,4.5134,1.6432,1.6237,4,0.5892,7,nan,nan,nan,0,0,0
linq,35.0,3.0,eb0482,0.0482,1,12.8,1,0.18,20000,0.8241,621.8,1.486,0,0.1759,0.0,8.277,0.0,nan,3.9256,1.3271,1.3067,5,0.5516,7,nan,nan,nan,0,0,0
linq,35.0,3.0,eb0482,0.0482,1,12.8,1,0.19,20000,0.8241,621.8,1.486,0,0.1759,0.0,7.582,0.0,nan,3.3675,1.0247,1.0096,5,0.4542,6,nan,nan,nan,0,0,0
linq,35.0,3.0,eb0482,0.0482,1,12.8,1,0.2,20000,0.8241,621.8,1.486,0,0.1759,0.0,6.88,0.0,0.0,2.8345,0.834,0.8218,6,0.4314,6,nan,nan,nan,0,1,0
linq,35.0,3.0,eb0482,0.0482,1,12.8,1,0.21,20000,0.8241,621.8,1.486,0,0.1759,0.0,6.191,0.0,0.0,2.3449,0.6765,0.668,7,0.4346,6,nan,0.5249,nan,0,1,0
linq,35.0,3.0,eb0482,0.0482,1,12.8,1,0.22,20000,0.8241,621.8,1.486,0,0.1759,0.0,5.531,0.0004,0.007,1.9322,0.5488,0.543,7,0.443,6,nan,0.43,nan,0,1,0
linq,35.0,3.0,eb0482,0.0482,1,12.8,1,0.23,20000,0.8241,621.8,1.486,0,0.1759,0.0,4.903,0.0142,0.086,1.6059,0.4495,0.4455,7,0.3556,5,0.4809,0.3571,0.0,0,1,0
linq,35.0,3.0,eb0482,0.0482,1,12.8,1,0.24,20000,0.8241,621.8,1.486,0,0.1759,0.0001,4.308,0.0829,0.368,1.4069,0.3722,0.3695,7,0.3743,5,0.4018,0.2936,0.0,0,0,0
linq,35.0,3.0,eb0482,0.0482,1,12.8,1,0.25,20000,0.8241,621.8,1.486,0,0.1759,0.0037,3.762,0.1941,0.854,1.4068,0.3125,0.3109,7,0.3914,5,0.347,0.2404,0.0,1,0,0
linq,35.0,3.0,eb0482,0.0482,1,12.8,1,0.26,20000,0.8241,621.8,1.486,0,0.1759,0.036,3.264,0.2904,1.371,1.5421,0.2645,0.2635,7,0.3113,4,0.2978,0.1988,0.0,1,0,0
linq,35.0,3.0,eb0482,0.0482,1,12.8,1,0.27,20000,0.8241,621.8,1.486,0,0.1759,0.1188,2.797,0.345,1.746,1.7151,0.2278,0.2273,7,0.3377,4,0.2509,0.1663,0.0,0,0,0
linq,35.0,3.0,eb0482,0.0482,1,12.8,1,0.28,20000,0.8241,621.8,1.486,0,0.1759,0.2267,2.371,0.3694,1.904,1.8223,0.1974,0.1971,7,0.3708,4,0.2111,0.1401,0.0,0,0,0
linq,35.0,3.0,eb0482,0.0482,1,12.8,1,0.29,20000,0.8241,621.8,1.486,0,0.1759,0.3326,2.007,0.3798,1.978,1.8811,0.1721,0.1719,7,0.3947,4,0.1787,0.1196,0.0,0,0,0
linq,35.0,3.0,eb0482,0.0482,1,12.8,1,0.3,20000,0.8241,621.8,1.486,0,0.1759,0.4271,1.697,0.3866,2.072,1.9261,0.1525,0.1524,7,0.3339,3,0.1522,0.1031,0.0,0,0,0
linq,35.0,3.0,eb0482,0.0482,1,12.8,1,0.31,20000,0.8241,621.8,1.486,0,0.1759,0.5086,1.44,0.3874,2.098,1.9581,0.1356,0.1355,7,0.3785,3,0.1308,0.0896,0.0,0,0,0
linq,35.0,3.0,eb0482,0.0482,1,12.8,1,0.32,20000,0.8241,621.8,1.486,0,0.1759,0.5763,1.223,0.3884,2.038,2.0019,0.1214,0.1213,7,0.3226,2,0.1134,0.0781,0.0,0,0,0
linq,35.0,3.0,eb0482,0.0482,1,12.8,1,0.33,20000,0.8241,621.8,1.486,0,0.1759,0.634,1.044,0.3835,1.922,2.0358,0.1105,0.1104,7,0.3427,2,0.0994,0.0699,0.0,0,0,0
linq,35.0,3.0,eb0482,0.0482,1,12.8,1,0.34,20000,0.8241,621.8,1.486,0,0.1759,0.6826,0.891,0.3847,1.912,2.0807,0.1006,0.1004,7,0.3849,2,0.0872,0.0626,0.0,0,0,0
linq,35.0,3.0,eb0482,0.0482,1,12.8,1,0.35,20000,0.8241,621.8,1.486,0,0.1759,0.7236,0.761,0.3908,1.925,2.1334,0.0946,0.0939,7,0.3953,2,0.0769,0.0556,0.0,0,0,0
linq,35.0,3.0,eb0482,0.0482,1,12.8,1,0.36,20000,0.8241,621.8,1.486,0,0.1759,0.7569,0.654,0.4018,2.024,2.199,0.0904,0.0888,7,0.3095,1,0.0693,0.0491,0.0,0,0,0
linq,35.0,3.0,eb0482,0.0482,1,12.8,1,0.37,20000,0.8241,621.8,1.486,0,0.1759,0.7859,0.562,0.4083,2.034,2.2642,0.0888,0.0852,7,0.3608,1,0.0626,0.0451,0.0,0,0,0
linq,35.0,3.0,eb0482,0.0482,1,12.8,1,0.38,20000,0.8241,621.8,1.486,0,0.1759,0.8125,0.482,0.4137,2.075,2.3167,0.0893,0.0833,7,0.3945,1,0.0562,0.0417,0.0,0,0,0
linq,35.0,3.0,eb0482,0.0482,1,12.8,1,0.39,20000,0.8241,621.8,1.486,0,0.1759,0.8359,0.413,0.4179,2.044,2.3726,0.0934,0.0829,7,nan,0,0.0507,0.0383,0.0,0,0,0
linq,35.0,3.0,eb0482,0.0482,1,12.8,1,0.4,20000,0.8241,621.8,1.486,0,0.1759,0.8557,0.355,0.4217,1.971,2.4285,0.0956,0.0821,7,nan,0,0.0461,0.0346,0.0,0,0,0
linq,35.0,3.0,eb0482,0.0482,1,12.8,1,0.41,20000,0.8241,621.8,1.486,0,0.1759,0.8727,0.305,0.4236,1.841,2.4936,0.0986,0.0822,7,nan,0,0.0424,0.0319,0.0,0,0,0
linq,35.0,3.0,eb0482,0.0482,1,12.8,1,0.42,20000,0.8241,621.8,1.486,0,0.1759,0.8884,0.261,0.4342,1.898,2.549,0.1009,0.0822,7,nan,0,0.0393,0.0296,0.0,0,0,0
linq,35.0,3.0,eb0482,0.0482,1,12.8,1,0.43,20000,0.8241,621.8,1.486,0,0.1759,0.9009,0.224,0.4521,2.014,2.6225,0.1037,0.0832,7,nan,0,0.0363,0.0271,0.0,0,0,0
linq,35.0,3.0,eb0482,0.0482,1,12.8,1,0.44,20000,0.8241,621.8,1.486,0,0.1759,0.913,0.191,0.4674,2.117,2.6874,0.1125,0.086,7,nan,0,0.0336,0.0245,0.0,0,0,0
linq,35.0,3.0,eb0482,0.0482,1,12.8,1,0.45,20000,0.8241,621.8,1.486,0,0.1759,0.9224,0.165,0.4859,2.2,2.7561,0.1147,0.0871,7,nan,0,0.031,0.0237,0.0,0,0,0
linq,35.0,3.0,eb0482,0.0482,1,12.8,1,0.46,20000,0.8241,621.8,1.486,0,0.1759,0.9315,0.142,0.4973,2.264,2.8107,0.093,0.0745,6,nan,0,0.0288,0.0222,0.0,0,0,0
linq,35.0,3.0,eb0482,0.0482,1,12.8,1,0.47,20000,0.8241,621.8,1.486,0,0.1759,0.9402,0.122,0.5,2.146,2.8541,0.0787,0.065,5,nan,0,0.0272,0.0214,0.0,0,0,0
linq,35.0,3.0,eb0482,0.0482,1,12.8,1,0.48,20000,0.8241,621.8,1.486,0,0.1759,0.9479,0.103,0.5198,2.21,2.9049,0.0795,0.066,5,nan,0,0.0249,0.0198,0.0,0,0,0
linq,35.0,3.0,eb0482,0.0482,1,12.8,1,0.49,20000,0.8241,621.8,1.486,0,0.1759,0.9551,0.087,0.5172,2.008,2.9481,0.0844,0.0688,5,nan,0,0.0236,0.0188,0.0,0,0,0
linq,35.0,3.0,eb0482,0.0482,1,12.8,1,0.5,20000,0.8241,621.8,1.486,0,0.1759,0.9605,0.075,0.5334,2.041,2.9932,0.0705,0.0593,4,nan,0,0.022,0.0186,0.0,0,0,0
linq,35.0,3.0,eb0482,0.0482,1,12.8,1,0.51,20000,0.8241,621.8,1.486,0,0.1759,0.9654,0.064,0.561,2.282,3.037,0.0736,0.0621,4,nan,0,0.021,0.0178,0.0,0,0,0
linq,35.0,3.0,eb0482,0.0482,1,12.8,1,0.52,20000,0.8241,621.8,1.486,0,0.1759,0.9697,0.054,0.592,2.552,3.0986,0.077,0.066,4,nan,0,0.0201,0.0197,0.0,0,0,0
linq,35.0,3.0,eb1168,0.11675778353879479,0,2.4,0,0.17,20000,0.7142,621.8,1.486,0,0.2858,0.0,18.419,0.0,nan,13.53,nan,nan,0,7.1497,4,nan,nan,nan,0,0,0
linq,35.0,3.0,eb1168,0.11675778353879479,0,2.4,0,0.18,20000,0.7142,621.8,1.486,0,0.2858,0.0,18.262,0.0,nan,13.3737,nan,nan,0,6.8778,5,nan,nan,nan,0,0,0
linq,35.0,3.0,eb1168,0.11675778353879479,0,2.4,0,0.19,20000,0.7142,621.8,1.486,0,0.2858,0.0,18.104,0.0,nan,13.2156,nan,nan,0,6.4891,5,nan,nan,nan,0,0,0
linq,35.0,3.0,eb1168,0.11675778353879479,0,2.4,0,0.2,20000,0.7142,621.8,1.486,0,0.2858,0.0,17.948,0.0,nan,13.0597,nan,nan,0,6.2394,6,nan,nan,nan,0,0,0
linq,35.0,3.0,eb1168,0.11675778353879479,0,2.4,0,0.21,20000,0.7142,621.8,1.486,0,0.2858,0.0,17.796,0.0,nan,12.9069,nan,nan,0,5.9283,6,nan,nan,nan,0,0,0
linq,35.0,3.0,eb1168,0.11675778353879479,0,2.4,0,0.22,20000,0.7142,621.8,1.486,0,0.2858,0.0,17.641,0.0,nan,12.7525,nan,nan,0,5.6571,7,nan,nan,nan,0,0,0
linq,35.0,3.0,eb1168,0.11675778353879479,0,2.4,0,0.23,20000,0.7142,621.8,1.486,0,0.2858,0.0,17.485,0.0,nan,12.5965,nan,nan,0,5.3965,7,nan,nan,nan,0,0,0
linq,35.0,3.0,eb1168,0.11675778353879479,0,2.4,0,0.24,20000,0.7142,621.8,1.486,0,0.2858,0.0,17.333,0.0,nan,12.444,nan,nan,0,5.162,7,nan,nan,nan,0,0,0
linq,35.0,3.0,eb1168,0.11675778353879479,0,2.4,0,0.25,20000,0.7142,621.8,1.486,0,0.2858,0.0,17.179,0.0,nan,12.29,nan,nan,0,4.919,8,nan,nan,nan,0,0,0
linq,35.0,3.0,eb1168,0.11675778353879479,0,2.4,0,0.26,20000,0.7142,621.8,1.486,0,0.2858,0.0,17.025,0.0,nan,12.1364,nan,nan,0,4.7132,8,nan,nan,nan,0,0,0
linq,35.0,3.0,eb1168,0.11675778353879479,0,2.4,0,0.27,20000,0.7142,621.8,1.486,0,0.2858,0.0,16.869,0.0,nan,11.9808,nan,nan,0,4.5298,8,nan,nan,nan,0,0,0
linq,35.0,3.0,eb1168,0.11675778353879479,0,2.4,0,0.28,20000,0.7142,621.8,1.486,0,0.2858,0.0,16.717,0.0,nan,11.8286,nan,nan,0,4.364,8,nan,nan,nan,0,0,0
linq,35.0,3.0,eb1168,0.11675778353879479,0,2.4,0,0.29,20000,0.7142,621.8,1.486,0,0.2858,0.0,16.568,0.0,nan,11.6793,nan,nan,0,4.2103,8,nan,nan,nan,0,0,0
linq,35.0,3.0,eb1168,0.11675778353879479,0,2.4,0,0.3,20000,0.7142,621.8,1.486,0,0.2858,0.0,16.415,0.0,nan,11.5262,3.2649,3.2649,1,4.0641,8,nan,nan,nan,0,0,0
linq,35.0,3.0,eb1168,0.11675778353879479,0,2.4,0,0.31,20000,0.7142,621.8,1.486,0,0.2858,0.0,16.263,0.0,nan,11.3744,3.1244,3.1244,1,3.9272,8,nan,nan,nan,0,0,0
linq,35.0,3.0,eb1168,0.11675778353879479,0,2.4,0,0.32,20000,0.7142,621.8,1.486,0,0.2858,0.0,16.111,0.0,nan,11.2226,2.8667,2.8629,2,3.7989,8,nan,nan,nan,0,0,0
linq,35.0,3.0,eb1168,0.11675778353879479,0,2.4,0,0.33,20000,0.7142,621.8,1.486,0,0.2858,0.0,15.961,0.0,nan,11.0726,2.7637,2.7586,2,3.679,8,nan,nan,nan,0,0,0
linq,35.0,3.0,eb1168,0.11675778353879479,0,2.4,0,0.34,20000,0.7142,621.8,1.486,0,0.2858,0.0,15.81,0.0,nan,10.9216,2.5464,2.5363,3,3.5654,8,nan,nan,nan,0,0,0
linq,35.0,3.0,eb1168,0.11675778353879479,0,2.4,0,0.35,20000,0.7142,621.8,1.486,0,0.2858,0.0,15.66,0.0,nan,10.7717,2.4725,2.4616,3,3.4611,8,nan,nan,nan,0,0,0
linq,35.0,3.0,eb1168,0.11675778353879479,0,2.4,0,0.36,20000,0.7142,621.8,1.486,0,0.2858,0.0,15.509,0.0,nan,10.62,2.3921,2.3812,3,3.3623,8,nan,nan,nan,0,0,0
linq,35.0,3.0,eb1168,0.11675778353879479,0,2.4,0,0.37,20000,0.7142,621.8,1.486,0,0.2858,0.0,15.358,0.0,0.0,10.4696,2.1995,2.1797,4,3.2673,8,nan,nan,nan,0,0,0
linq,35.0,3.0,eb1168,0.11675778353879479,0,2.4,0,0.38,20000,0.7142,621.8,1.486,0,0.2858,0.0,15.204,0.0,0.0,10.3158,2.1403,2.1211,4,3.1773,8,nan,nan,nan,0,0,0
linq,35.0,3.0,eb1168,0.11675778353879479,0,2.4,0,0.39,20000,0.7142,621.8,1.486,0,0.2858,0.0,15.055,0.0,0.0,10.1661,2.0751,2.0562,4,3.0939,8,nan,nan,nan,0,0,0
linq,35.0,3.0,eb1168,0.11675778353879479,0,2.4,0,0.4,20000,0.7142,621.8,1.486,0,0.2858,0.0,14.904,0.0001,3.0,10.0155,1.9028,1.8711,5,3.014,8,nan,nan,nan,0,0,0
linq,35.0,3.0,eb1168,0.11675778353879479,0,2.4,0,0.41,20000,0.7142,621.8,1.486,0,0.2858,0.0,14.755,0.0001,0.75,9.8659,1.8525,1.8215,5,2.9397,8,nan,nan,nan,0,0,0
linq,35.0,3.0,eb1168,0.11675778353879479,0,2.4,0,0.42,20000,0.7142,621.8,1.486,0,0.2858,0.0,14.603,0.0001,0.5,9.7144,1.6878,1.6396,6,2.8676,8,nan,nan,nan,0,0,0
linq,35.0,3.0,eb1168,0.11675778353879479,0,2.4,0,0.43,20000,0.7142,621.8,1.486,0,0.2858,0.0,14.454,0.0001,0.333,9.5655,1.6467,1.5994,6,2.7997,8,nan,nan,nan,0,0,0
linq,35.0,3.0,eb1168,0.11675778353879479,0,2.4,0,0.44,20000,0.7142,621.8,1.486,0,0.2858,0.0001,14.303,0.0002,0.278,9.4156,1.605,1.5585,6,2.7347,8,nan,nan,nan,0,0,0
linq,35.0,3.0,eb1168,0.11675778353879479,0,2.4,0,0.45,20000,0.7142,621.8,1.486,0,0.2858,0.0001,14.15,0.0002,0.304,9.2627,1.45,1.3765,7,2.6715,8,nan,0.5353,nan,0,0,0
linq,35.0,3.0,eb1168,0.11675778353879479,0,2.4,0,0.46,20000,0.7142,621.8,1.486,0,0.2858,0.0001,14.004,0.0004,0.324,9.1176,1.418,1.3456,7,2.6149,8,nan,0.5182,nan,0,0,0
linq,35.0,3.0,eb1168,0.11675778353879479,0,2.4,0,0.47,20000,0.7142,621.8,1.486,0,0.2858,0.0001,13.853,0.0006,0.302,8.9662,1.3862,1.315,7,2.5571,8,nan,0.5051,nan,0,0,0
linq,35.0,3.0,eb1168,0.11675778353879479,0,2.4,0,0.48,20000,0.7142,621.8,1.486,0,0.2858,0.0001,13.703,0.0008,0.308,8.8168,1.3537,1.2843,7,2.5048,8,0.534,0.4933,0.0,0,0,0
linq,35.0,3.0,eb1168,0.11675778353879479,0,2.4,0,0.49,20000,0.7142,621.8,1.486,0,0.2858,0.0002,13.555,0.0011,0.291,8.67,1.3265,1.259,7,2.4524,8,0.5191,0.4864,0.0,0,0,0
linq,35.0,3.0,eb1168,0.11675778353879479,0,2.4,0,0.5,20000,0.7142,621.8,1.486,0,0.2858,0.0004,13.406,0.0017,0.35,8.5218,1.297,1.231,7,2.4028,8,0.5045,0.4745,0.0,0,0,0
linq,35.0,3.0,eb1168,0.11675778353879479,0,2.4,0,0.51,20000,0.7142,621.8,1.486,0,0.2858,0.0005,13.255,0.0023,0.374,8.373,1.2689,1.2045,7,2.3544,8,0.4913,0.4659,0.0,0,0,0
linq,35.0,3.0,eb1168,0.11675778353879479,0,2.4,0,0.52,20000,0.7142,621.8,1.486,0,0.2858,0.0006,13.11,0.0034,0.482,8.2301,1.2435,1.1806,7,2.3097,8,0.4821,0.4571,0.0,0,0,0
linq,35.0,3.0,eb1168,0.11675778353879479,0,3.2,0,0.17,20000,0.7142,621.8,1.486,0,0.2858,0.0,16.866,0.0,nan,11.9774,nan,nan,0,5.0911,6,nan,nan,nan,0,0,0
linq,35.0,3.0,eb1168,0.11675778353879479,0,3.2,0,0.18,20000,0.7142,621.8,1.486,0,0.2858,0.0,16.626,0.0,nan,11.7375,nan,nan,0,4.8235,7,nan,nan,nan,0,0,0
linq,35.0,3.0,eb1168,0.11675778353879479,0,3.2,0,0.19,20000,0.7142,621.8,1.486,0,0.2858,0.0,16.383,0.0,nan,11.4946,nan,nan,0,4.4745,7,nan,nan,nan,0,0,0
linq,35.0,3.0,eb1168,0.11675778353879479,0,3.2,0,0.2,20000,0.7142,621.8,1.486,0,0.2858,0.0,16.146,0.0,nan,11.2572,nan,nan,0,4.2255,8,nan,nan,nan,0,0,0
linq,35.0,3.0,eb1168,0.11675778353879479,0,3.2,0,0.21,20000,0.7142,621.8,1.486,0,0.2858,0.0,15.905,0.0,nan,11.0162,nan,nan,0,3.9525,8,nan,nan,nan,0,0,0
linq,35.0,3.0,eb1168,0.11675778353879479,0,3.2,0,0.22,20000,0.7142,621.8,1.486,0,0.2858,0.0,15.664,0.0,nan,10.7749,nan,nan,0,3.7053,8,nan,nan,nan,0,0,0
linq,35.0,3.0,eb1168,0.11675778353879479,0,3.2,0,0.23,20000,0.7142,621.8,1.486,0,0.2858,0.0,15.426,0.0,nan,10.5376,3.3896,3.3896,1,3.4911,8,nan,nan,nan,0,0,0
linq,35.0,3.0,eb1168,0.11675778353879479,0,3.2,0,0.24,20000,0.7142,621.8,1.486,0,0.2858,0.0,15.189,0.0,nan,10.3002,3.1858,3.1858,1,3.2924,8,nan,nan,nan,0,0,0
linq,35.0,3.0,eb1168,0.11675778353879479,0,3.2,0,0.25,20000,0.7142,621.8,1.486,0,0.2858,0.0,14.949,0.0,nan,10.0602,2.886,2.8838,2,3.1118,8,nan,nan,nan,0,0,0
linq,35.0,3.0,eb1168,0.11675778353879479,0,3.2,0,0.26,20000,0.7142,621.8,1.486,0,0.2858,0.0,14.715,0.0,nan,9.8259,2.7227,2.7196,2,2.9524,8,nan,nan,nan,0,0,0
linq,35.0,3.0,eb1168,0.11675778353879479,0,3.2,0,0.27,20000,0.7142,621.8,1.486,0,0.2858,0.0,14.472,0.0,nan,9.5838,2.4878,2.4819,3,2.8025,8,nan,nan,nan,0,0,0
linq,35.0,3.0,eb1168,0.11675778353879479,0,3.2,0,0.28,20000,0.7142,621.8,1.486,0,0.2858,0.0,14.234,0.0,nan,9.3455,2.3599,2.3533,3,2.668,8,nan,nan,nan,0,0,0
linq,35.0,3.0,eb1168,0.11675778353879479,0,3.2,0,0.29,20000,0.7142,621.8,1.486,0,0.2858,0.0,13.993,0.0,nan,9.1045,2.1471,2.1359,4,2.5438,8,nan,nan,nan,0,0,0
linq,35.0,3.0,eb1168,0.11675778353879479,0,3.2,0,0.3,20000,0.7142,621.8,1.486,0,0.2858,0.0,13.757,0.0,nan,8.8686,2.0402,2.0284,4,2.4303,8,nan,nan,nan,0,0,0
linq,35.0,3.0,eb1168,0.11675778353879479,0,3.2,0,0.31,20000,0.7142,621.8,1.486,0,0.2858,0.0,13.521,0.0,0.0,8.6328,1.8533,1.8331,5,2.325,8,nan,nan,nan,0,0,0
linq,35.0,3.0,eb1168,0.11675778353879479,0,3.2,0,0.32,20000,0.7142,621.8,1.486,0,0.2858,0.0,13.281,0.0,0.0,8.392,1.7666,1.7469,5,2.228,8,nan,nan,nan,0,0,0
linq,35.0,3.0,eb1168,0.11675778353879479,0,3.2,0,0.33,20000,0.7142,621.8,1.486,0,0.2858,0.0,13.044,0.0001,0.4,8.1558,1.5983,1.5662,6,2.1376,8,nan,nan,nan,0,0,0
linq,35.0,3.0,eb1168,0.11675778353879479,0,3.2,0,0.34,20000,0.7142,621.8,1.486,0,0.2858,0.0,12.809,0.0001,0.364,7.9207,1.528,1.4964,6,2.0561,8,nan,nan,nan,0,0,0
linq,35.0,3.0,eb1168,0.11675778353879479,0,3.2,0,0.35,20000,0.7142,621.8,1.486,0,0.2858,0.0,12.571,0.0001,0.167,7.6836,1.3696,1.3175,7,1.9779,8,nan,0.5503,nan,0,0,0
linq,35.0,3.0,eb1168,0.11675778353879479,0,3.2,0,0.36,20000,0.7142,621.8,1.486,0,0.2858,0.0,12.331,0.0003,0.19,7.4453,1.3146,1.2641,7,1.9048,8,nan,0.5241,nan,0,0,0
linq,35.0,3.0,eb1168,0.11675778353879479,0,3.2,0,0.37,20000,0.7142,621.8,1.486,0,0.2858,0.0001,12.098,0.0005,0.179,7.2144,1.264,1.2152,7,1.8385,8,nan,0.5008,nan,0,0,0
linq,35.0,3.0,eb1168,0.11675778353879479,0,3.2,0,0.38,20000,0.7142,621.8,1.486,0,0.2858,0.0001,11.863,0.0009,0.2,6.9806,1.2181,1.1715,7,1.7748,8,0.5312,0.4856,0.0,0,0,0
linq,35.0,3.0,eb1168,0.11675778353879479,0,3.2,0,0.39,20000,0.7142,621.8,1.486,0,0.2858,0.0002,11.626,0.0017,0.233,6.7439,1.173,1.1283,7,1.715,8,0.5113,0.4679,0.0,0,0,0
linq,35.0,3.0,eb1168,0.11675778353879479,0,3.2,0,0.4,20000,0.7142,621.8,1.486,0,0.2858,0.0004,11.395,0.003,0.295,6.5161,1.1322,1.0894,7,1.6609,8,0.4896,0.454,0.0,0,0,0
linq,35.0,3.0,eb1168,0.11675778353879479,0,3.2,0,0.41,20000,0.7142,621.8,1.486,0,0.2858,0.0006,11.161,0.0049,0.358,6.2851,1.093,1.0516,7,1.6079,8,0.4755,0.4386,0.0,0,0,0
linq,35.0,3.0,eb1168,0.11675778353879479,0,3.2,0,0.42,20000,0.7142,621.8,1.486,0,0.2858,0.001,10.93,0.0079,0.474,6.0584,1.0561,1.016,7,1.5589,8,0.4594,0.4242,0.0,0,0,0
linq,35.0,3.0,eb1168,0.11675778353879479,0,3.2,0,0.43,20000,0.7142,621.8,1.486,0,0.2858,0.0016,10.704,0.0111,0.541,5.8403,1.0221,0.9831,7,1.5131,8,0.4471,0.4092,0.0,0,0,0
linq,35.0,3.0,eb1168,0.11675778353879479,0,3.2,0,0.44,20000,0.7142,621.8,1.486,0,0.2858,0.0029,10.472,0.0149,0.583,5.6206,0.9888,0.9508,7,1.4661,8,0.4337,0.3951,0.0,0,0,0
linq,35.0,3.0,eb1168,0.11675778353879479,0,3.2,0,0.45,20000,0.7142,621.8,1.486,0,0.2858,0.0046,10.249,0.0185,0.593,5.4155,0.9586,0.9216,7,1.4243,8,0.4221,0.3829,0.0,0,0,0
linq,35.0,3.0,eb1168,0.11675778353879479,0,3.2,0,0.46,20000,0.7142,621.8,1.486,0,0.2858,0.0073,10.03,0.0228,0.643,5.2219,0.9294,0.8937,7,1.3856,8,0.4088,0.3716,0.0,0,0,0
linq,35.0,3.0,eb1168,0.11675778353879479,0,3.2,0,0.47,20000,0.7142,621.8,1.486,0,0.2858,0.0101,9.81,0.028,0.678,5.0286,0.9019,0.8672,7,1.3462,8,0.3961,0.3604,0.0,0,0,0
linq,35.0,3.0,eb1168,0.11675778353879479,0,3.2,0,0.48,20000,0.7142,621.8,1.486,0,0.2858,0.0139,9.595,0.0341,0.744,4.85,0.8759,0.8419,7,1.3126,8,0.3842,0.3491,0.0,0,0,0
linq,35.0,3.0,eb1168,0.11675778353879479,0,3.2,0,0.49,20000,0.7142,621.8,1.486,0,0.2858,0.0188,9.381,0.0405,0.837,4.683,0.8508,0.8177,7,1.279,8,0.3725,0.3391,0.0,0,0,0
linq,35.0,3.0,eb1168,0.11675778353879479,0,3.2,0,0.5,20000,0.7142,621.8,1.486,0,0.2858,0.0237,9.174,0.0462,0.867,4.5197,0.8271,0.795,7,1.2476,8,0.3629,0.3306,0.0,0,0,0
linq,35.0,3.0,eb1168,0.11675778353879479,0,3.2,0,0.51,20000,0.7142,621.8,1.486,0,0.2858,0.0297,8.97,0.0544,1.011,4.3699,0.8052,0.7737,7,1.2171,8,0.3521,0.3216,0.0,0,0,0
linq,35.0,3.0,eb1168,0.11675778353879479,0,3.2,0,0.52,20000,0.7142,621.8,1.486,0,0.2858,0.0368,8.769,0.0597,1.036,4.2315,0.7841,0.7534,7,1.1878,8,0.3434,0.3129,0.0,0,0,0
linq,35.0,3.0,eb1168,0.11675778353879479,0,4.8,0,0.17,20000,0.7142,621.8,1.486,0,0.2858,0.0,14.345,0.0,nan,9.4656,nan,nan,0,2.8757,8,nan,nan,nan,0,0,0
linq,35.0,3.0,eb1168,0.11675778353879479,0,4.8,0,0.18,20000,0.7142,621.8,1.486,0,0.2858,0.0,13.961,0.0,nan,9.0887,nan,nan,0,2.5656,8,nan,nan,nan,0,0,0
linq,35.0,3.0,eb1168,0.11675778353879479,0,4.8,0,0.19,20000,0.7142,621.8,1.486,0,0.2858,0.0,13.573,0.0,nan,8.7059,3.1123,3.1123,1,2.2991,8,nan,nan,nan,0,0,0
linq,35.0,3.0,eb1168,0.11675778353879479,0,4.8,0,0.2,20000,0.7142,621.8,1.486,0,0.2858,0.0,13.193,0.0,nan,8.3288,2.7726,2.772,2,2.0799,8,nan,nan,nan,0,0,0
linq,35.0,3.0,eb1168,0.11675778353879479,0,4.8,0,0.21,20000,0.7142,621.8,1.486,0,0.2858,0.0,12.807,0.0,nan,7.9449,2.4988,2.4979,2,1.887,8,nan,nan,nan,0,0,0
linq,35.0,3.0,eb1168,0.11675778353879479,0,4.8,0,0.22,20000,0.7142,621.8,1.486,0,0.2858,0.0,12.425,0.0,nan,7.5634,2.2288,2.2274,3,1.7241,8,nan,nan,nan,0,0,0
linq,35.0,3.0,eb1168,0.11675778353879479,0,4.8,0,0.23,20000,0.7142,621.8,1.486,0,0.2858,0.0,12.041,0.0,nan,7.1851,1.9884,1.9858,4,1.5825,8,nan,nan,nan,0,0,0
linq,35.0,3.0,eb1168,0.11675778353879479,0,4.8,0,0.24,20000,0.7142,621.8,1.486,0,0.2858,0.0,11.656,0.0,nan,6.8095,1.8175,1.8148,4,1.4593,8,nan,nan,nan,0,0,0
linq,35.0,3.0,eb1168,0.11675778353879479,0,4.8,0,0.25,20000,0.7142,621.8,1.486,0,0.2858,0.0,11.274,0.0,0.0,6.4342,1.6122,1.606,5,1.3538,8,nan,nan,nan,0,0,0
linq,35.0,3.0,eb1168,0.11675778353879479,0,4.8,0,0.26,20000,0.7142,621.8,1.486,0,0.2858,0.0,10.889,0.0,0.0,6.0542,1.4244,1.4126,6,1.2601,8,nan,nan,nan,0,0,0
linq,35.0,3.0,eb1168,0.11675778353879479,0,4.8,0,0.27,20000,0.7142,621.8,1.486,0,0.2858,0.0,10.504,0.0,0.083,5.6725,1.3145,1.3036,6,1.1808,8,nan,nan,nan,0,0,0
linq,35.0,3.0,eb1168,0.11675778353879479,0,4.8,0,0.28,20000,0.7142,621.8,1.486,0,0.2858,0.0,10.124,0.0001,0.111,5.301,1.1541,1.1321,7,1.1103,8,nan,0.537,nan,0,0,0
linq,35.0,3.0,eb1168,0.11675778353879479,0,4.8,0,0.29,20000,0.7142,621.8,1.486,0,0.2858,0.0,9.742,0.0004,0.08,4.9305,1.0725,1.0519,7,1.0487,8,nan,0.4963,nan,0,0,0
linq,35.0,3.0,eb1168,0.11675778353879479,0,4.8,0,0.3,20000,0.7142,621.8,1.486,0,0.2858,0.0,9.363,0.001,0.094,4.5611,0.9991,0.9801,7,0.9982,8,0.5411,0.4654,0.0,0,0,0
linq,35.0,3.0,eb1168,0.11675778353879479,0,4.8,0,0.31,20000,0.7142,621.8,1.486,0,0.2858,0.0001,8.988,0.0033,0.171,4.1939,0.9338,0.9164,7,0.9537,8,0.4938,0.4383,0.0,0,0,0
linq,35.0,3.0,eb1168,0.11675778353879479,0,4.8,0,0.32,20000,0.7142,621.8,1.486,0,0.2858,0.0002,8.619,0.0086,0.284,3.8395,0.8739,0.8574,7,0.9167,8,0.4656,0.409,0.0,0,0,0
linq,35.0,3.0,eb1168,0.11675778353879479,0,4.8,0,0.33,20000,0.7142,621.8,1.486,0,0.2858,0.0009,8.254,0.0166,0.372,3.4974,0.8203,0.8045,7,0.8832,8,0.4405,0.3829,0.0,0,0,0
linq,35.0,3.0,eb1168,0.11675778353879479,0,4.8,0,0.34,20000,0.7142,621.8,1.486,0,0.2858,0.0023,7.897,0.0273,0.453,3.1651,0.7716,0.7566,7,0.8529,8,0.4181,0.3595,0.0,0,0,0
linq,35.0,3.0,eb1168,0.11675778353879479,0,4.8,0,0.35,20000,0.7142,621.8,1.486,0,0.2858,0.0057,7.548,0.0422,0.587,2.8547,0.7273,0.713,7,0.83,8,0.3937,0.3397,0.0,0,0,0
linq,35.0,3.0,eb1168,0.11675778353879479,0,4.8,0,0.36,20000,0.7142,621.8,1.486,0,0.2858,0.0123,7.208,0.0581,0.706,2.5841,0.6869,0.6733,7,0.816,8,0.3716,0.3203,0.0,0,0,0
linq,35.0,3.0,eb1168,0.11675778353879479,0,4.8,0,0.37,20000,0.7142,621.8,1.486,0,0.2858,0.0215,6.876,0.0767,0.847,2.3323,0.6494,0.6364,7,0.7975,8,0.3508,0.302,0.0,0,1,0
linq,35.0,3.0,eb1168,0.11675778353879479,0,4.8,0,0.38,20000,0.7142,621.8,1.486,0,0.2858,0.0338,6.557,0.0936,0.957,2.108,0.6154,0.6029,7,0.7793,8,0.334,0.2852,0.0,0,1,0
linq,35.0,3.0,eb1168,0.11675778353879479,0,4.8,0,0.39,20000,0.7142,621.8,1.486,0,0.2858,0.0512,6.246,0.1088,1.072,1.9309,0.5835,0.5716,7,0.7712,8,0.3165,0.2702,0.0,0,1,0
linq,35.0,3.0,eb1168,0.11675778353879479,0,4.8,0,0.4,20000,0.7142,621.8,1.486,0,0.2858,0.0713,5.946,0.1236,1.171,1.7763,0.5548,0.5433,7,0.7585,8,0.3003,0.2558,0.0,0,1,0
linq,35.0,3.0,eb1168,0.11675778353879479,0,4.8,0,0.41,20000,0.7142,621.8,1.486,0,0.2858,0.0957,5.659,0.134,1.228,1.6533,0.5277,0.5168,7,0.7531,8,0.2853,0.243,0.0,0,1,0
linq,35.0,3.0,eb1168,0.11675778353879479,0,4.8,0,0.42,20000,0.7142,621.8,1.486,0,0.2858,0.1209,5.388,0.1435,1.273,1.5424,0.5027,0.4922,7,0.7435,8,0.2712,0.2316,0.0,0,1,0
linq,35.0,3.0,eb1168,0.11675778353879479,0,4.8,0,0.43,20000,0.7142,621.8,1.486,0,0.2858,0.1467,5.126,0.1533,1.343,1.4516,0.4799,0.4699,7,0.7346,8,0.2582,0.2209,0.0,0,1,0
linq,35.0,3.0,eb1168,0.11675778353879479,0,4.8,0,0.44,20000,0.7142,621.8,1.486,0,0.2858,0.1755,4.875,0.1597,1.387,1.3837,0.4587,0.4491,7,0.6525,7,0.246,0.2107,0.0,0,1,0
linq,35.0,3.0,eb1168,0.11675778353879479,0,4.8,0,0.45,20000,0.7142,621.8,1.486,0,0.2858,0.2033,4.636,0.1677,1.461,1.3164,0.4391,0.4296,7,0.6478,7,0.2349,0.2009,0.0,0,1,0
linq,35.0,3.0,eb1168,0.11675778353879479,0,4.8,0,0.46,20000,0.7142,621.8,1.486,0,0.2858,0.2317,4.415,0.1704,1.428,1.2673,0.4206,0.4115,7,0.6434,7,0.2246,0.1921,0.0,0,1,0
linq,35.0,3.0,eb1168,0.11675778353879479,0,4.8,0,0.47,20000,0.7142,621.8,1.486,0,0.2858,0.2587,4.2,0.1758,1.457,1.2174,0.4026,0.3939,7,0.6463,7,0.215,0.184,0.0,0,0,0
linq,35.0,3.0,eb1168,0.11675778353879479,0,4.8,0,0.48,20000,0.7142,621.8,1.486,0,0.2858,0.286,3.999,0.179,1.443,1.1831,0.3866,0.3782,7,0.6429,7,0.2061,0.1763,0.0,0,0,0
linq,35.0,3.0,eb1168,0.11675778353879479,0,4.8,0,0.49,20000,0.7142,621.8,1.486,0,0.2858,0.3127,3.809,0.1825,1.461,1.1492,0.372,0.3638,7,0.6366,7,0.1975,0.1693,0.0,0,0,0
linq,35.0,3.0,eb1168,0.11675778353879479,0,4.8,0,0.5,20000,0.7142,621.8,1.486,0,0.2858,0.3388,3.626,0.184,1.442,1.1177,0.3579,0.3498,7,0.6417,7,0.1893,0.1629,0.0,0,0,0
linq,35.0,3.0,eb1168,0.11675778353879479,0,4.8,0,0.51,20000,0.7142,621.8,1.486,0,0.2858,0.3621,3.454,0.1907,1.502,1.0878,0.344,0.3363,7,0.6454,7,0.182,0.1564,0.0,1,0,0
linq,35.0,3.0,eb1168,0.11675778353879479,0,4.8,0,0.52,20000,0.7142,621.8,1.486,0,0.2858,0.386,3.295,0.1948,1.553,1.0689,0.3313,0.3239,7,0.6506,7,0.1749,0.1505,0.0,1,0,0
linq,35.0,3.0,eb1168,0.11675778353879479,0,6.4,0,0.17,20000,0.7142,621.8,1.486,0,0.2858,0.0,12.494,0.0,nan,7.6677,3.0008,3.0008,1,1.6937,8,nan,nan,nan,0,0,0
linq,35.0,3.0,eb1168,0.11675778353879479,0,6.4,0,0.18,20000,0.7142,621.8,1.486,0,0.2858,0.0,12.003,0.0,nan,7.1995,2.6003,2.6003,2,1.4793,8,nan,nan,nan,0,0,0
linq,35.0,3.0,eb1168,0.11675778353879479,0,6.4,0,0.19,20000,0.7142,621.8,1.486,0,0.2858,0.0,11.507,0.0,nan,6.7183,2.2688,2.2687,3,1.3212,8,nan,nan,nan,0,0,0
linq,35.0,3.0,eb1168,0.11675778353879479,0,6.4,0,0.2,20000,0.7142,621.8,1.486,0,0.2858,0.0,11.018,0.0,nan,6.2428,1.9732,1.9732,3,1.1941,8,nan,nan,nan,0,0,0
linq,35.0,3.0,eb1168,0.11675778353879479,0,6.4,0,0.21,20000,0.7142,621.8,1.486,0,0.2858,0.0,10.526,0.0,nan,5.781,1.7246,1.7245,4,1.0993,8,nan,nan,nan,0,0,0
linq,35.0,3.0,eb1168,0.11675778353879479,0,6.4,0,0.22,20000,0.7142,621.8,1.486,0,0.2858,0.0,10.033,0.0,nan,5.3077,1.4962,1.4955,5,1.0185,8,nan,nan,nan,0,0,0
linq,35.0,3.0,eb1168,0.11675778353879479,0,6.4,0,0.23,20000,0.7142,621.8,1.486,0,0.2858,0.0,9.54,0.0,0.0,4.8492,1.2933,1.2907,6,0.9621,8,nan,nan,nan,0,0,0
linq,35.0,3.0,eb1168,0.11675778353879479,0,6.4,0,0.24,20000,0.7142,621.8,1.486,0,0.2858,0.0,9.05,0.0,0.0,4.3918,1.1491,1.1466,6,0.9093,8,nan,nan,nan,0,0,0
linq,35.0,3.0,eb1168,0.11675778353879479,0,6.4,0,0.25,20000,0.7142,621.8,1.486,0,0.2858,0.0,8.557,0.0001,0.052,3.9371,0.9885,0.9811,7,0.8064,7,nan,0.5262,nan,0,0,0
linq,35.0,3.0,eb1168,0.11675778353879479,0,6.4,0,0.26,20000,0.7142,621.8,1.486,0,0.2858,0.0,8.072,0.0004,0.043,3.4998,0.8885,0.8819,7,0.7717,7,nan,0.4735,nan,0,0,0
linq,35.0,3.0,eb1168,0.11675778353879479,0,6.4,0,0.27,20000,0.7142,621.8,1.486,0,0.2858,0.0,7.592,0.0021,0.082,3.0682,0.803,0.7973,7,0.7465,7,0.5169,0.4333,0.0,0,0,0
linq,35.0,3.0,eb1168,0.11675778353879479,0,6.4,0,0.28,20000,0.7142,621.8,1.486,0,0.2858,0.0001,7.125,0.0091,0.177,2.6617,0.7275,0.7224,7,0.73,7,0.4652,0.392,0.0,0,0,0
linq,35.0,3.0,eb1168,0.11675778353879479,0,6.4,0,0.29,20000,0.7142,621.8,1.486,0,0.2858,0.0005,6.666,0.024,0.303,2.2729,0.6615,0.6567,7,0.7124,7,0.4303,0.3566,0.0,0,1,0
linq,35.0,3.0,eb1168,0.11675778353879479,0,6.4,0,0.3,20000,0.7142,621.8,1.486,0,0.2858,0.0023,6.225,0.0493,0.477,1.9166,0.6039,0.5995,7,0.6205,6,0.3957,0.326,0.0,0,1,0
linq,35.0,3.0,eb1168,0.11675778353879479,0,6.4,0,0.31,20000,0.7142,621.8,1.486,0,0.2858,0.0089,5.796,0.0823,0.688,1.6136,0.5527,0.5486,7,0.6141,6,0.3634,0.2975,0.0,0,1,0
linq,35.0,3.0,eb1168,0.11675778353879479,0,6.4,0,0.32,20000,0.7142,621.8,1.486,0,0.2858,0.0217,5.388,0.1149,0.871,1.3748,0.5082,0.5043,7,0.6081,6,0.3365,0.2723,0.0,0,1,0
linq,35.0,3.0,eb1168,0.11675778353879479,0,6.4,0,0.33,20000,0.7142,621.8,1.486,0,0.2858,0.0436,4.996,0.147,1.072,1.1871,0.4683,0.4646,7,0.6052,6,0.3105,0.25,0.0,0,1,0
linq,35.0,3.0,eb1168,0.11675778353879479,0,6.4,0,0.34,20000,0.7142,621.8,1.486,0,0.2858,0.075,4.623,0.1723,1.219,1.0649,0.4329,0.4294,7,0.6128,6,0.2868,0.2306,0.0,0,1,0
linq,35.0,3.0,eb1168,0.11675778353879479,0,6.4,0,0.35,20000,0.7142,621.8,1.486,0,0.2858,0.1145,4.27,0.1913,1.328,0.9913,0.4017,0.3984,7,0.6165,6,0.2647,0.2131,0.0,1,0,0
linq,35.0,3.0,eb1168,0.11675778353879479,0,6.4,0,0.36,20000,0.7142,621.8,1.486,0,0.2858,0.1571,3.938,0.2088,1.444,0.9424,0.3728,0.3696,7,0.5265,5,0.245,0.1971,0.0,1,0,0
linq,35.0,3.0,eb1168,0.11675778353879479,0,6.4,0,0.37,20000,0.7142,621.8,1.486,0,0.2858,0.2018,3.634,0.2194,1.469,0.9188,0.347,0.344,7,0.5369,5,0.2279,0.1831,0.0,1,0,0
linq,35.0,3.0,eb1168,0.11675778353879479,0,6.4,0,0.38,20000,0.7142,621.8,1.486,0,0.2858,0.247,3.349,0.2284,1.496,0.9122,0.324,0.3211,7,0.5329,5,0.212,0.1707,0.0,1,0,0
linq,35.0,3.0,eb1168,0.11675778353879479,0,6.4,0,0.39,20000,0.7142,621.8,1.486,0,0.2858,0.292,3.086,0.2357,1.525,0.9142,0.3035,0.3007,7,0.553,5,0.1976,0.1596,0.0,1,0,0
linq,35.0,3.0,eb1168,0.11675778353879479,0,6.4,0,0.4,20000,0.7142,621.8,1.486,0,0.2858,0.3361,2.841,0.2426,1.57,0.9353,0.2846,0.282,7,0.5642,5,0.1841,0.1494,0.0,1,0,0
linq,35.0,3.0,eb1168,0.11675778353879479,0,6.4,0,0.41,20000,0.7142,621.8,1.486,0,0.2858,0.3756,2.617,0.2512,1.622,0.9491,0.2673,0.2647,7,0.4736,4,0.1725,0.1399,0.0,1,0,0
linq,35.0,3.0,eb1168,0.11675778353879479,0,6.4,0,0.42,20000,0.7142,621.8,1.486,0,0.2858,0.4137,2.414,0.2576,1.676,0.9804,0.2521,0.2496,7,0.4875,4,0.1621,0.131,0.0,1,0,0
linq,35.0,3.0,eb1168,0.11675778353879479,0,6.4,0,0.43,20000,0.7142,621.8,1.486,0,0.2858,0.4499,2.227,0.26,1.66,1.0177,0.2371,0.2347,7,0.4977,4,0.1526,0.1234,0.0,1,0,0
linq,35.0,3.0,eb1168,0.11675778353879479,0,6.4,0,0.44,20000,0.7142,621.8,1.486,0,0.2858,0.4854,2.052,0.2638,1.663,1.0551,0.2238,0.2215,7,0.5219,4,0.1435,0.1157,0.0,1,0,0
linq,35.0,3.0,eb1168,0.11675778353879479,0,6.4,0,0.45,20000,0.7142,621.8,1.486,0,0.2858,0.5184,1.893,0.2638,1.617,1.102,0.2122,0.2099,7,0.4375,3,0.1353,0.1089,0.0,1,0,0
linq,35.0,3.0,eb1168,0.11675778353879479,0,6.4,0,0.46,20000,0.7142,621.8,1.486,0,0.2858,0.5474,1.748,0.2692,1.637,1.1469,0.2021,0.1997,7,0.4535,3,0.1276,0.1027,0.0,1,0,0
linq,35.0,3.0,eb1168,0.11675778353879479,0,6.4,0,0.47,20000,0.7142,621.8,1.486,0,0.2858,0.5756,1.612,0.2703,1.595,1.1953,0.1925,0.19,7,0.4765,3,0.1205,0.0976,0.0,1,0,0
linq,35.0,3.0,eb1168,0.11675778353879479,0,6.4,0,0.48,20000,0.7142,621.8,1.486,0,0.2858,0.6014,1.485,0.2787,1.677,1.2411,0.1831,0.1807,7,0.4966,3,0.1136,0.0925,0.0,1,0,0
linq,35.0,3.0,eb1168,0.11675778353879479,0,6.4,0,0.49,20000,0.7142,621.8,1.486,0,0.2858,0.626,1.373,0.2803,1.645,1.2825,0.1754,0.1729,7,0.5202,3,0.1074,0.0881,0.0,1,0,0
linq,35.0,3.0,eb1168,0.11675778353879479,0,6.4,0,0.5,20000,0.7142,621.8,1.486,0,0.2858,0.6476,1.268,0.2881,1.701,1.3344,0.1684,0.1658,7,0.4456,2,0.1021,0.0834,0.0,1,0,0
linq,35.0,3.0,eb1168,0.11675778353879479,0,6.4,0,0.51,20000,0.7142,621.8,1.486,0,0.2858,0.6689,1.17,0.293,1.715,1.3901,0.1617,0.1589,7,0.4597,2,0.097,0.0793,0.0,1,0,0
linq,35.0,3.0,eb1168,0.11675778353879479,0,6.4,0,0.52,20000,0.7142,621.8,1.486,0,0.2858,0.6877,1.082,0.2975,1.697,1.4508,0.1553,0.1524,7,0.4799,2,0.0927,0.0759,0.0,1,0,0
linq,35.0,3.0,eb1168,0.11675778353879479,0,9.6,1,0.17,20000,0.7142,621.8,1.486,0,0.2858,0.0,10.053,0.0,nan,5.531,2.042,2.0366,3,0.8971,6,nan,nan,nan,0,0,0
linq,35.0,3.0,eb1168,0.11675778353879479,0,9.6,1,0.18,20000,0.7142,621.8,1.486,0,0.2858,0.0,9.418,0.0,nan,4.9714,1.7077,1.6998,4,0.7966,6,nan,nan,nan,0,0,0
linq,35.0,3.0,eb1168,0.11675778353879479,0,9.6,1,0.19,20000,0.7142,621.8,1.486,0,0.2858,0.0,8.782,0.0,nan,4.4258,1.3735,1.3672,4,0.7387,6,nan,nan,nan,0,0,0
linq,35.0,3.0,eb1168,0.11675778353879479,0,9.6,1,0.2,20000,0.7142,621.8,1.486,0,0.2858,0.0,8.146,0.0,nan,3.9069,1.1493,1.1437,5,0.6198,5,nan,nan,nan,0,0,0
linq,35.0,3.0,eb1168,0.11675778353879479,0,9.6,1,0.21,20000,0.7142,621.8,1.486,0,0.2858,0.0,7.51,0.0,0.0,3.4037,0.9559,0.9517,6,0.5951,5,nan,nan,nan,0,0,0
linq,35.0,3.0,eb1168,0.11675778353879479,0,9.6,1,0.22,20000,0.7142,621.8,1.486,0,0.2858,0.0,6.875,0.0,0.0,2.9217,0.792,0.7888,7,0.5877,5,nan,0.54,nan,0,1,0
linq,35.0,3.0,eb1168,0.11675778353879479,0,9.6,1,0.23,20000,0.7142,621.8,1.486,0,0.2858,0.0,6.257,0.0002,0.009,2.4738,0.6648,0.6622,7,0.4878,4,nan,0.4538,nan,0,1,0
linq,35.0,3.0,eb1168,0.11675778353879479,0,9.6,1,0.24,20000,0.7142,621.8,1.486,0,0.2858,0.0,5.656,0.0033,0.047,2.0852,0.5633,0.5613,7,0.4965,4,0.5003,0.3901,0.0,0,1,0
linq,35.0,3.0,eb1168,0.11675778353879479,0,9.6,1,0.25,20000,0.7142,621.8,1.486,0,0.2858,0.0001,5.081,0.0241,0.176,1.7596,0.4797,0.4781,7,0.5132,4,0.433,0.3359,0.0,0,1,0
linq,35.0,3.0,eb1168,0.11675778353879479,0,9.6,1,0.26,20000,0.7142,621.8,1.486,0,0.2858,0.0007,4.533,0.0788,0.435,1.5123,0.4113,0.41,7,0.4451,3,0.3788,0.288,0.0,0,1,0
linq,35.0,3.0,eb1168,0.11675778353879479,0,9.6,1,0.27,20000,0.7142,621.8,1.486,0,0.2858,0.0078,4.021,0.1538,0.778,1.4026,0.3558,0.3549,7,0.4721,3,0.3356,0.2473,0.0,0,0,0
linq,35.0,3.0,eb1168,0.11675778353879479,0,9.6,1,0.28,20000,0.7142,621.8,1.486,0,0.2858,0.034,3.546,0.225,1.137,1.4481,0.309,0.3082,7,0.5023,3,0.2961,0.2137,0.0,1,0,0
linq,35.0,3.0,eb1168,0.11675778353879479,0,9.6,1,0.29,20000,0.7142,621.8,1.486,0,0.2858,0.0904,3.092,0.2769,1.408,1.5561,0.271,0.2706,7,0.4484,2,0.259,0.185,0.0,1,0,0
linq,35.0,3.0,eb1168,0.11675778353879479,0,9.6,1,0.3,20000,0.7142,621.8,1.486,0,0.2858,0.1643,2.68,0.31,1.583,1.6819,0.2392,0.239,7,0.4848,2,0.2271,0.1621,0.0,0,0,0
linq,35.0,3.0,eb1168,0.11675778353879479,0,9.6,1,0.31,20000,0.7142,621.8,1.486,0,0.2858,0.2471,2.311,0.3336,1.718,1.819,0.214,0.2138,7,0.5173,2,0.199,0.1426,0.0,0,0,0
linq,35.0,3.0,eb1168,0.11675778353879479,0,9.6,1,0.32,20000,0.7142,621.8,1.486,0,0.2858,0.3294,1.982,0.3499,1.815,1.9334,0.1926,0.1925,7,0.476,1,0.1753,0.1255,0.0,0,0,0
linq,35.0,3.0,eb1168,0.11675778353879479,0,9.6,1,0.33,20000,0.7142,621.8,1.486,0,0.2858,0.4035,1.701,0.3626,1.833,2.0365,0.1768,0.1764,7,0.4918,1,0.1557,0.1106,0.0,0,0,0
linq,35.0,3.0,eb1168,0.11675778353879479,0,9.6,1,0.34,20000,0.7142,621.8,1.486,0,0.2858,0.4726,1.454,0.3718,1.848,2.1319,0.166,0.1643,7,0.5209,1,0.1385,0.0987,0.0,0,0,0
linq,35.0,3.0,eb1168,0.11675778353879479,0,9.6,1,0.35,20000,0.7142,621.8,1.486,0,0.2858,0.5355,1.24,0.3813,1.864,2.2192,0.1608,0.1563,7,nan,0,0.1231,0.0884,0.0,0,0,0
linq,35.0,3.0,eb1168,0.11675778353879479,0,9.6,1,0.36,20000,0.7142,621.8,1.486,0,0.2858,0.5898,1.059,0.3919,1.886,2.3078,0.1575,0.1497,7,nan,0,0.1102,0.08,0.0,0,0,0
linq,35.0,3.0,eb1168,0.11675778353879479,0,9.6,1,0.37,20000,0.7142,621.8,1.486,0,0.2858,0.6379,0.901,0.4023,1.912,2.4003,0.1581,0.1459,7,nan,0,0.099,0.0715,0.0,0,0,0
linq,35.0,3.0,eb1168,0.11675778353879479,0,9.6,1,0.38,20000,0.7142,621.8,1.486,0,0.2858,0.6802,0.768,0.4142,1.967,2.4869,0.1603,0.1435,7,nan,0,0.0894,0.0647,0.0,0,0,0
linq,35.0,3.0,eb1168,0.11675778353879479,0,9.6,1,0.39,20000,0.7142,621.8,1.486,0,0.2858,0.7191,0.649,0.425,1.987,2.5777,0.162,0.1414,7,nan,0,0.0813,0.0582,0.0,0,0,0
linq,35.0,3.0,eb1168,0.11675778353879479,0,9.6,1,0.4,20000,0.7142,621.8,1.486,0,0.2858,0.7532,0.55,0.4353,1.995,2.6589,0.1331,0.1203,6,nan,0,0.0736,0.0538,0.0,0,0,0
linq,35.0,3.0,eb1168,0.11675778353879479,0,9.6,1,0.41,20000,0.7142,621.8,1.486,0,0.2858,0.7824,0.465,0.4447,1.897,2.7504,0.1372,0.1206,6,nan,0,0.0668,0.0501,0.0,0,0,0
linq,35.0,3.0,eb1168,0.11675778353879479,0,9.6,1,0.42,20000,0.7142,621.8,1.486,0,0.2858,0.809,0.391,0.4571,1.832,2.8428,0.143,0.1223,6,nan,0,0.0615,0.045,0.0,0,0,0
linq,35.0,3.0,eb1168,0.11675778353879479,0,9.6,1,0.43,20000,0.7142,621.8,1.486,0,0.2858,0.8331,0.329,0.4714,1.817,2.9201,0.117,0.1038,5,nan,0,0.0558,0.0417,0.0,0,0,0
linq,35.0,3.0,eb1168,0.11675778353879479,0,9.6,1,0.44,20000,0.7142,621.8,1.486,0,0.2858,0.8538,0.275,0.4943,1.843,3.0098,0.1226,0.1061,5,nan,0,0.0517,0.0391,0.0,0,0,0
linq,35.0,3.0,eb1168,0.11675778353879479,0,9.6,1,0.45,20000,0.7142,621.8,1.486,0,0.2858,0.8715,0.229,0.5312,1.988,3.1098,0.1294,0.1101,5,nan,0,0.0475,0.037,0.0,0,0,0
linq,35.0,3.0,eb1168,0.11675778353879479,0,9.6,1,0.46,20000,0.7142,621.8,1.486,0,0.2858,0.8877,0.19,0.5658,2.158,3.196,0.1037,0.0921,4,nan,0,0.044,0.0363,0.0,0,0,0
linq,35.0,3.0,eb1168,0.11675778353879479,0,9.6,1,0.47,20000,0.7142,621.8,1.486,0,0.2858,0.902,0.158,0.5974,2.3,3.2748,0.1101,0.096,4,nan,0,0.0416,0.0334,0.0,0,0,0
linq,35.0,3.0,eb1168,0.11675778353879479,0,9.6,1,0.48,20000,0.7142,621.8,1.486,0,0.2858,0.9153,0.13,0.6399,2.628,3.3558,0.1165,0.101,4,nan,0,0.0387,0.0332,0.0,0,0,0
linq,35.0,3.0,eb1168,0.11675778353879479,0,9.6,1,0.49,20000,0.7142,621.8,1.486,0,0.2858,0.9284,0.106,0.673,2.917,3.4145,0.0934,0.0841,3,nan,0,0.0368,0.0324,0.0,0,0,0
linq,35.0,3.0,eb1168,0.11675778353879479,0,9.6,1,0.5,20000,0.7142,621.8,1.486,0,0.2858,0.9405,0.085,0.7006,3.245,3.4633,0.0975,0.0875,3,nan,0,0.0354,0.0336,0.0,0,0,0
linq,35.0,3.0,eb1168,0.11675778353879479,0,9.6,1,0.51,20000,0.7142,621.8,1.486,0,0.2858,0.9511,0.067,0.738,3.847,3.5178,0.1038,0.0936,3,nan,0,0.0342,0.0357,0.0,0,0,0
linq,35.0,3.0,eb1168,0.11675778353879479,0,9.6,1,0.52,20000,0.7142,621.8,1.486,0,0.2858,0.9593,0.054,0.7635,4.353,3.5524,0.0813,0.0769,2,nan,0,0.0327,0.0387,0.0,0,0,0
linq,35.0,3.0,eb1168,0.11675778353879479,0,12.8,1,0.17,20000,0.7142,621.8,1.486,0,0.2858,0.0,8.544,0.0,nan,4.445,1.5215,1.4973,4,0.5647,4,nan,nan,nan,0,0,0
linq,35.0,3.0,eb1168,0.11675778353879479,0,12.8,1,0.18,20000,0.7142,621.8,1.486,0,0.2858,0.0,7.824,0.0,nan,3.899,1.2189,1.1929,5,0.5322,4,nan,nan,nan,0,0,0
linq,35.0,3.0,eb1168,0.11675778353879479,0,12.8,1,0.19,20000,0.7142,621.8,1.486,0,0.2858,0.0,7.099,0.0,nan,3.3939,0.9222,0.9015,5,0.4376,3,nan,nan,nan,0,1,0
linq,35.0,3.0,eb1168,0.11675778353879479,0,12.8,1,0.2,20000,0.7142,621.8,1.486,0,0.2858,0.0,6.373,0.0,0.0,2.9177,0.744,0.7261,6,0.4528,3,nan,nan,nan,0,1,0
linq,35.0,3.0,eb1168,0.11675778353879479,0,12.8,1,0.21,20000,0.7142,621.8,1.486,0,0.2858,0.0,5.659,0.0,0.0,2.495,0.5982,0.5842,7,0.4922,3,nan,0.4958,nan,0,1,0
linq,35.0,3.0,eb1168,0.11675778353879479,0,12.8,1,0.22,20000,0.7142,621.8,1.486,0,0.2858,0.0,4.976,0.0005,0.007,2.1541,0.4733,0.4618,7,0.4358,2,nan,0.4015,nan,0,1,0
linq,35.0,3.0,eb1168,0.11675778353879479,0,12.8,1,0.23,20000,0.7142,621.8,1.486,0,0.2858,0.0,4.33,0.0145,0.08,1.9198,0.3792,0.3706,7,0.5031,2,0.4532,0.3301,0.0,0,0,0
linq,35.0,3.0,eb1168,0.11675778353879479,0,12.8,1,0.24,20000,0.7142,621.8,1.486,0,0.2858,0.0001,3.721,0.0888,0.354,1.8364,0.3078,0.3022,7,0.4733,1,0.3742,0.2679,0.0,0,0,0
linq,35.0,3.0,eb1168,0.11675778353879479,0,12.8,1,0.25,20000,0.7142,621.8,1.486,0,0.2858,0.0036,3.166,0.2118,0.836,1.9077,0.2538,0.2505,7,0.507,1,0.3207,0.2163,0.0,1,0,0
linq,35.0,3.0,eb1168,0.11675778353879479,0,12.8,1,0.26,20000,0.7142,621.8,1.486,0,0.2858,0.0374,2.663,0.322,1.349,2.1225,0.2166,0.2152,7,nan,0,0.2728,0.1756,0.0,0,0,0
linq,35.0,3.0,eb1168,0.11675778353879479,0,12.8,1,0.27,20000,0.7142,621.8,1.486,0,0.2858,0.1281,2.193,0.3877,1.711,2.3727,0.1966,0.1936,7,nan,0,0.2271,0.1444,0.0,0,0,0
linq,35.0,3.0,eb1168,0.11675778353879479,0,12.8,1,0.28,20000,0.7142,621.8,1.486,0,0.2858,0.2473,1.772,0.4271,1.944,2.5341,0.1845,0.1775,7,nan,0,0.188,0.1188,0.0,0,0,0
linq,35.0,3.0,eb1168,0.11675778353879479,0,12.8,1,0.29,20000,0.7142,621.8,1.486,0,0.2858,0.3663,1.417,0.4487,2.009,2.6529,0.179,0.1672,7,nan,0,0.1568,0.099,0.0,0,0,0
linq,35.0,3.0,eb1168,0.11675778353879479,0,12.8,1,0.3,20000,0.7142,621.8,1.486,0,0.2858,0.4721,1.122,0.4695,2.089,2.7626,0.1775,0.1596,7,nan,0,0.1312,0.0836,0.0,0,0,0
linq,35.0,3.0,eb1168,0.11675778353879479,0,12.8,1,0.31,20000,0.7142,621.8,1.486,0,0.2858,0.5648,0.883,0.485,2.142,2.8598,0.148,0.1352,6,nan,0,0.1102,0.0707,0.0,0,0,0
linq,35.0,3.0,eb1168,0.11675778353879479,0,12.8,1,0.32,20000,0.7142,621.8,1.486,0,0.2858,0.6399,0.694,0.5061,2.212,2.9607,0.149,0.1317,6,nan,0,0.0936,0.0603,0.0,0,0,0
linq,35.0,3.0,eb1168,0.11675778353879479,0,12.8,1,0.33,20000,0.7142,621.8,1.486,0,0.2858,0.7038,0.541,0.5252,2.199,3.061,0.1249,0.1121,5,nan,0,0.0801,0.0521,0.0,0,0,0
linq,35.0,3.0,eb1168,0.11675778353879479,0,12.8,1,0.34,20000,0.7142,621.8,1.486,0,0.2858,0.7582,0.42,0.5418,2.091,3.1513,0.1301,0.1133,5,nan,0,0.0691,0.0451,0.0,0,0,0
linq,35.0,3.0,eb1168,0.11675778353879479,0,12.8,1,0.35,20000,0.7142,621.8,1.486,0,0.2858,0.8026,0.325,0.5665,2.068,3.2429,0.107,0.0958,4,nan,0,0.06,0.0401,0.0,0,0,0
linq,35.0,3.0,eb1168,0.11675778353879479,0,12.8,1,0.36,20000,0.7142,621.8,1.486,0,0.2858,0.8405,0.247,0.6097,2.266,3.3421,0.1127,0.0986,4,nan,0,0.0514,0.0371,0.0,0,0,0
linq,35.0,3.0,eb1168,0.11675778353879479,0,12.8,1,0.37,20000,0.7142,621.8,1.486,0,0.2858,0.871,0.187,0.6595,2.575,3.4388,0.0913,0.0827,3,nan,0,0.0456,0.0345,0.0,0,0,0
linq,35.0,3.0,eb1168,0.11675778353879479,0,12.8,1,0.38,20000,0.7142,621.8,1.486,0,0.2858,0.8963,0.14,0.7198,3.225,3.5338,0.0985,0.0881,3,nan,0,0.0408,0.0335,0.0,0,0,0
linq,35.0,3.0,eb1168,0.11675778353879479,0,12.8,1,0.39,20000,0.7142,621.8,1.486,0,0.2858,0.9182,0.105,0.7762,4.219,3.6105,0.0777,0.0719,2,nan,0,0.0374,0.034,0.0,0,0,0
linq,35.0,3.0,eb1168,0.11675778353879479,0,12.8,1,0.4,20000,0.7142,621.8,1.486,0,0.2858,0.9394,0.074,0.8245,5.758,3.671,0.0855,0.0799,2,nan,0,0.0347,0.0389,0.0,0,0,0
linq,35.0,3.0,eb1168,0.11675778353879479,0,12.8,1,0.41,20000,0.7142,621.8,1.486,0,0.2858,0.9554,0.052,0.8635,7.864,3.7145,0.0924,0.0877,2,nan,0,0.0336,0.0447,0.0,0,0,0
linq,35.0,3.0,eb1168,0.11675778353879479,0,12.8,1,0.42,20000,0.7142,621.8,1.486,0,0.2858,0.9695,0.035,0.8876,10.32,3.7418,0.0709,0.0709,1,nan,0,0.0334,0.05,0.0,0,0,0
linq,35.0,3.0,eb1168,0.11675778353879479,0,12.8,1,0.43,20000,0.7142,621.8,1.486,0,0.2858,0.9799,0.023,0.8922,10.059,3.7512,0.0789,0.0789,1,nan,0,0.0332,0.0557,0.0,0,0,0
linq,35.0,3.0,eb1168,0.11675778353879479,0,12.8,1,0.44,20000,0.7142,621.8,1.486,0,0.2858,0.9874,0.014,0.8947,11.138,3.7446,0.0793,0.0793,1,nan,0,0.0373,0.0559,0.0,0,0,0
linq,35.0,3.0,eb1168,0.11675778353879479,0,12.8,1,0.45,20000,0.7142,621.8,1.486,0,0.2858,0.9921,0.009,0.8805,9.045,3.7338,0.0846,0.0846,1,nan,0,0.0425,0.0597,0.0,0,0,0
linq,35.0,3.0,eb1168,0.11675778353879479,0,12.8,1,0.46,20000,0.7142,621.8,1.486,0,0.2858,0.9952,0.005,0.8978,11.182,3.75,nan,nan,0,nan,0,0.0466,nan,0.0,0,0,0
linq,35.0,3.0,eb1168,0.11675778353879479,0,12.8,1,0.47,20000,0.7142,621.8,1.486,0,0.2858,0.9971,0.003,0.8659,8.875,3.6935,nan,nan,0,nan,0,0.0518,nan,0.0,0,0,0
linq,35.0,3.0,eb1168,0.11675778353879479,0,12.8,1,0.48,20000,0.7142,621.8,1.486,0,0.2858,0.9981,0.002,0.8519,7.667,3.6849,nan,nan,0,nan,0,0.0548,nan,0.0,0,0,0
linq,35.0,3.0,eb1168,0.11675778353879479,0,12.8,1,0.49,20000,0.7142,621.8,1.486,0,0.2858,0.9988,0.001,0.8857,15.5,3.6886,nan,nan,0,nan,0,0.057,nan,0.0,0,0,0
linq,35.0,3.0,eb1168,0.11675778353879479,0,12.8,1,0.5,20000,0.7142,621.8,1.486,0,0.2858,0.9991,0.001,0.8889,12.0,3.7035,nan,nan,0,nan,0,0.0582,nan,0.0,0,0,0
linq,35.0,3.0,eb1168,0.11675778353879479,0,12.8,1,0.51,20000,0.7142,621.8,1.486,0,0.2858,0.9995,0.001,0.7857,5.5,3.6029,nan,nan,0,nan,0,nan,nan,nan,0,0,0
linq,35.0,3.0,eb1168,0.11675778353879479,0,12.8,1,0.52,20000,0.7142,621.8,1.486,0,0.2858,0.9996,0.0,0.8182,9.0,3.6159,nan,nan,0,nan,0,nan,nan,nan,0,0,0
linq,35.0,3.0,eb154,0.154,1,2.4,0,0.17,20000,0.656,621.8,1.486,0,0.344,0.0,18.277,0.0,nan,13.3887,nan,nan,0,6.873,4,nan,nan,nan,0,0,0
linq,35.0,3.0,eb154,0.154,1,2.4,0,0.18,20000,0.656,621.8,1.486,0,0.344,0.0,18.108,0.0,nan,13.2194,nan,nan,0,6.6079,5,nan,nan,nan,0,0,0
linq,35.0,3.0,eb154,0.154,1,2.4,0,0.19,20000,0.656,621.8,1.486,0,0.344,0.0,17.946,0.0,nan,13.0578,nan,nan,0,6.2273,5,nan,nan,nan,0,0,0
linq,35.0,3.0,eb154,0.154,1,2.4,0,0.2,20000,0.656,621.8,1.486,0,0.344,0.0,17.783,0.0,nan,12.8945,nan,nan,0,5.9902,6,nan,nan,nan,0,0,0
linq,35.0,3.0,eb154,0.154,1,2.4,0,0.21,20000,0.656,621.8,1.486,0,0.344,0.0,17.623,0.0,nan,12.7347,nan,nan,0,5.6844,6,nan,nan,nan,0,0,0
linq,35.0,3.0,eb154,0.154,1,2.4,0,0.22,20000,0.656,621.8,1.486,0,0.344,0.0,17.463,0.0,nan,12.5748,nan,nan,0,5.4054,6,nan,nan,nan,0,0,0
linq,35.0,3.0,eb154,0.154,1,2.4,0,0.23,20000,0.656,621.8,1.486,0,0.344,0.0,17.302,0.0,nan,12.4131,nan,nan,0,5.1699,7,nan,nan,nan,0,0,0
linq,35.0,3.0,eb154,0.154,1,2.4,0,0.24,20000,0.656,621.8,1.486,0,0.344,0.0,17.141,0.0,nan,12.2521,nan,nan,0,4.9322,7,nan,nan,nan,0,0,0
linq,35.0,3.0,eb154,0.154,1,2.4,0,0.25,20000,0.656,621.8,1.486,0,0.344,0.0,16.982,0.0,nan,12.0938,nan,nan,0,4.7058,8,nan,nan,nan,0,0,0
linq,35.0,3.0,eb154,0.154,1,2.4,0,0.26,20000,0.656,621.8,1.486,0,0.344,0.0,16.825,0.0,nan,11.936,nan,nan,0,4.5061,8,nan,nan,nan,0,0,0
linq,35.0,3.0,eb154,0.154,1,2.4,0,0.27,20000,0.656,621.8,1.486,0,0.344,0.0,16.664,0.0,nan,11.7757,nan,nan,0,4.3217,8,nan,nan,nan,0,0,0
linq,35.0,3.0,eb154,0.154,1,2.4,0,0.28,20000,0.656,621.8,1.486,0,0.344,0.0,16.505,0.0,nan,11.616,nan,nan,0,4.1574,8,nan,nan,nan,0,0,0
linq,35.0,3.0,eb154,0.154,1,2.4,0,0.29,20000,0.656,621.8,1.486,0,0.344,0.0,16.347,0.0,nan,11.4582,nan,nan,0,4.0075,8,nan,nan,nan,0,0,0
linq,35.0,3.0,eb154,0.154,1,2.4,0,0.3,20000,0.656,621.8,1.486,0,0.344,0.0,16.191,0.0,nan,11.3023,3.1666,3.1666,1,3.8643,8,nan,nan,nan,0,0,0
linq,35.0,3.0,eb154,0.154,1,2.4,0,0.31,20000,0.656,621.8,1.486,0,0.344,0.0,16.03,0.0,nan,11.1414,3.0348,3.0348,1,3.7275,8,nan,nan,nan,0,0,0
linq,35.0,3.0,eb154,0.154,1,2.4,0,0.32,20000,0.656,621.8,1.486,0,0.344,0.0,15.869,0.0,nan,10.9804,2.7833,2.7803,2,3.6001,8,nan,nan,nan,0,0,0
linq,35.0,3.0,eb154,0.154,1,2.4,0,0.33,20000,0.656,621.8,1.486,0,0.344,0.0,15.714,0.0,nan,10.8255,2.6779,2.6729,2,3.484,8,nan,nan,nan,0,0,0
linq,35.0,3.0,eb154,0.154,1,2.4,0,0.34,20000,0.656,621.8,1.486,0,0.344,0.0,15.554,0.0,nan,10.6653,2.5854,2.5803,2,3.371,8,nan,nan,nan,0,0,0
linq,35.0,3.0,eb154,0.154,1,2.4,0,0.35,20000,0.656,621.8,1.486,0,0.344,0.0,15.396,0.0,nan,10.5071,2.3895,2.3798,3,3.2663,8,nan,nan,nan,0,0,0
linq,35.0,3.0,eb154,0.154,1,2.4,0,0.36,20000,0.656,621.8,1.486,0,0.344,0.0,15.238,0.0,nan,10.3497,2.3143,2.304,3,3.17,8,nan,nan,nan,0,0,0
linq,35.0,3.0,eb154,0.154,1,2.4,0,0.37,20000,0.656,621.8,1.486,0,0.344,0.0,15.084,0.0,0.0,10.1956,2.2482,2.2377,3,3.0791,8,nan,nan,nan,0,0,0
linq,35.0,3.0,eb154,0.154,1,2.4,0,0.38,20000,0.656,621.8,1.486,0,0.344,0.0,14.926,0.0,0.0,10.0369,2.0678,2.0494,4,2.9908,8,nan,nan,nan,0,0,0
linq,35.0,3.0,eb154,0.154,1,2.4,0,0.39,20000,0.656,621.8,1.486,0,0.344,0.0,14.769,0.0,0.0,9.8799,2.0015,1.9837,4,2.9094,8,nan,nan,nan,0,0,0
linq,35.0,3.0,eb154,0.154,1,2.4,0,0.4,20000,0.656,621.8,1.486,0,0.344,0.0,14.607,0.0001,1.0,9.7186,1.8345,1.8048,5,2.8292,8,nan,nan,nan,0,0,0
linq,35.0,3.0,eb154,0.154,1,2.4,0,0.41,20000,0.656,621.8,1.486,0,0.344,0.0,14.45,0.0001,0.75,9.561,1.788,1.7592,5,2.756,8,nan,nan,nan,0,0,0
linq,35.0,3.0,eb154,0.154,1,2.4,0,0.42,20000,0.656,621.8,1.486,0,0.344,0.0,14.293,0.0002,0.667,9.4041,1.6274,1.582,6,2.6861,8,nan,nan,nan,0,0,0
linq,35.0,3.0,eb154,0.154,1,2.4,0,0.43,20000,0.656,621.8,1.486,0,0.344,0.0,14.137,0.0002,0.333,9.2488,1.5871,1.5424,6,2.6181,8,nan,nan,nan,0,0,0
linq,35.0,3.0,eb154,0.154,1,2.4,0,0.44,20000,0.656,621.8,1.486,0,0.344,0.0001,13.978,0.0002,0.235,9.0906,1.546,1.5024,6,2.5537,8,nan,nan,nan,0,0,0
linq,35.0,3.0,eb154,0.154,1,2.4,0,0.45,20000,0.656,621.8,1.486,0,0.344,0.0001,13.82,0.0002,0.217,8.9324,1.3962,1.3274,7,2.4934,8,nan,0.521,nan,0,0,0
linq,35.0,3.0,eb154,0.154,1,2.4,0,0.46,20000,0.656,621.8,1.486,0,0.344,0.0002,13.666,0.0003,0.273,8.779,1.3653,1.2971,7,2.4359,8,nan,0.5029,nan,0,0,0
linq,35.0,3.0,eb154,0.154,1,2.4,0,0.47,20000,0.656,621.8,1.486,0,0.344,0.0002,13.507,0.0005,0.28,8.6208,1.3334,1.2666,7,2.3804,8,nan,0.4906,nan,0,0,0
linq,35.0,3.0,eb154,0.154,1,2.4,0,0.48,20000,0.656,621.8,1.486,0,0.344,0.0002,13.348,0.0009,0.333,8.4618,1.3014,1.236,7,2.3273,8,0.5173,0.4767,0.0,0,0,0
linq,35.0,3.0,eb154,0.154,1,2.4,0,0.49,20000,0.656,621.8,1.486,0,0.344,0.0003,13.193,0.001,0.273,8.3082,1.2733,1.2098,7,2.2782,8,0.5047,0.4695,0.0,0,0,0
linq,35.0,3.0,eb154,0.154,1,2.4,0,0.5,20000,0.656,621.8,1.486,0,0.344,0.0003,13.043,0.0017,0.344,8.1582,1.2466,1.1847,7,2.2311,8,0.49,0.4595,0.0,0,0,0
linq,35.0,3.0,eb154,0.154,1,2.4,0,0.51,20000,0.656,621.8,1.486,0,0.344,0.0005,12.881,0.0023,0.359,7.999,1.2171,1.1567,7,2.1833,8,0.477,0.4495,0.0,0,0,0
linq,35.0,3.0,eb154,0.154,1,2.4,0,0.52,20000,0.656,621.8,1.486,0,0.344,0.0007,12.725,0.0031,0.416,7.8456,1.1923,1.1335,7,2.1383,8,0.4667,0.442,0.0,0,0,0
linq,35.0,3.0,eb154,0.154,1,3.2,0,0.17,20000,0.656,621.8,1.486,0,0.344,0.0,16.687,0.0,nan,11.7982,nan,nan,0,4.8566,6,nan,nan,nan,0,0,0
linq,35.0,3.0,eb154,0.154,1,3.2,0,0.18,20000,0.656,621.8,1.486,0,0.344,0.0,16.435,0.0,nan,11.5464,nan,nan,0,4.6011,7,nan,nan,nan,0,0,0
linq,35.0,3.0,eb154,0.154,1,3.2,0,0.19,20000,0.656,621.8,1.486,0,0.344,0.0,16.183,0.0,nan,11.2948,nan,nan,0,4.2576,7,nan,nan,nan,0,0,0
linq,35.0,3.0,eb154,0.154,1,3.2,0,0.2,20000,0.656,621.8,1.486,0,0.344,0.0,15.935,0.0,nan,11.0465,nan,nan,0,4.0225,8,nan,nan,nan,0,0,0
linq,35.0,3.0,eb154,0.154,1,3.2,0,0.21,20000,0.656,621.8,1.486,0,0.344,0.0,15.686,0.0,nan,10.7972,nan,nan,0,3.7543,8,nan,nan,nan,0,0,0
linq,35.0,3.0,eb154,0.154,1,3.2,0,0.22,20000,0.656,621.8,1.486,0,0.344,0.0,15.437,0.0,nan,10.5485,nan,nan,0,3.514,8,nan,nan,nan,0,0,0
linq,35.0,3.0,eb154,0.154,1,3.2,0,0.23,20000,0.656,621.8,1.486,0,0.344,0.0,15.187,0.0,nan,10.298,nan,nan,0,3.2981,8,nan,nan,nan,0,0,0
linq,35.0,3.0,eb154,0.154,1,3.2,0,0.24,20000,0.656,621.8,1.486,0,0.344,0.0,14.939,0.0,nan,10.0506,3.0853,3.0853,1,3.1031,8,nan,nan,nan,0,0,0
linq,35.0,3.0,eb154,0.154,1,3.2,0,0.25,20000,0.656,621.8,1.486,0,0.344,0.0,14.692,0.0,nan,9.8048,2.791,2.7889,2,2.9271,8,nan,nan,nan,0,0,0
linq,35.0,3.0,eb154,0.154,1,3.2,0,0.26,20000,0.656,621.8,1.486,0,0.344,0.0,14.445,0.0,nan,9.5605,2.6269,2.624,2,2.769,8,nan,nan,nan,0,0,0
linq,35.0,3.0,eb154,0.154,1,3.2,0,0.27,20000,0.656,621.8,1.486,0,0.344,0.0,14.2,0.0,nan,9.3167,2.402,2.3963,3,2.6252,8,nan,nan,nan,0,0,0
linq,35.0,3.0,eb154,0.154,1,3.2,0,0.28,20000,0.656,621.8,1.486,0,0.344,0.0,13.948,0.0,nan,9.0662,2.2768,2.2707,3,2.4901,8,nan,nan,nan,0,0,0
linq,35.0,3.0,eb154,0.154,1,3.2,0,0.29,20000,0.656,621.8,1.486,0,0.344,0.0,13.701,0.0,nan,8.8196,2.0742,2.0636,4,2.3696,8,nan,nan,nan,0,0,0
linq,35.0,3.0,eb154,0.154,1,3.2,0,0.3,20000,0.656,621.8,1.486,0,0.344,0.0,13.454,0.0,nan,8.5731,1.9693,1.9588,4,2.2598,8,nan,nan,nan,0,0,0
linq,35.0,3.0,eb154,0.154,1,3.2,0,0.31,20000,0.656,621.8,1.486,0,0.344,0.0,13.206,0.0,0.0,8.3257,1.7873,1.7693,5,2.1572,8,nan,nan,nan,0,0,0
linq,35.0,3.0,eb154,0.154,1,3.2,0,0.32,20000,0.656,621.8,1.486,0,0.344,0.0,12.957,0.0,0.0,8.0766,1.7018,1.6839,5,2.0631,8,nan,nan,nan,0,0,0
linq,35.0,3.0,eb154,0.154,1,3.2,0,0.33,20000,0.656,621.8,1.486,0,0.344,0.0,12.709,0.0001,0.4,7.8289,1.5375,1.5078,6,1.9739,8,nan,nan,nan,0,0,0
linq,35.0,3.0,eb154,0.154,1,3.2,0,0.34,20000,0.656,621.8,1.486,0,0.344,0.0,12.462,0.0002,0.444,7.5817,1.47,1.4412,6,1.893,8,nan,nan,nan,0,0,0
linq,35.0,3.0,eb154,0.154,1,3.2,0,0.35,20000,0.656,621.8,1.486,0,0.344,0.0,12.213,0.0002,0.174,7.3332,1.3153,1.2667,7,1.8172,8,nan,0.5332,nan,0,0,0
linq,35.0,3.0,eb154,0.154,1,3.2,0,0.36,20000,0.656,621.8,1.486,0,0.344,0.0,11.97,0.0003,0.175,7.0934,1.2629,1.2163,7,1.7485,8,nan,0.5098,nan,0,0,0
linq,35.0,3.0,eb154,0.154,1,3.2,0,0.37,20000,0.656,621.8,1.486,0,0.344,0.0001,11.724,0.0005,0.181,6.8529,1.2125,1.1674,7,1.6827,8,nan,0.4846,nan,0,0,0
linq,35.0,3.0,eb154,0.154,1,3.2,0,0.38,20000,0.656,621.8,1.486,0,0.344,0.0002,11.478,0.0009,0.202,6.6094,1.1668,1.1238,7,1.6207,8,0.5161,0.4687,0.0,0,0,0
linq,35.0,3.0,eb154,0.154,1,3.2,0,0.39,20000,0.656,621.8,1.486,0,0.344,0.0002,11.234,0.0017,0.222,6.368,1.1233,1.082,7,1.5634,8,0.4965,0.4521,0.0,0,0,0
linq,35.0,3.0,eb154,0.154,1,3.2,0,0.4,20000,0.656,621.8,1.486,0,0.344,0.0003,10.987,0.0031,0.294,6.1234,1.0826,1.0431,7,1.5078,8,0.4745,0.4381,0.0,0,0,0
linq,35.0,3.0,eb154,0.154,1,3.2,0,0.41,20000,0.656,621.8,1.486,0,0.344,0.0006,10.747,0.0049,0.339,5.8877,1.0434,1.0054,7,1.4593,8,0.4597,0.4232,0.0,0,0,0
linq,35.0,3.0,eb154,0.154,1,3.2,0,0.42,20000,0.656,621.8,1.486,0,0.344,0.001,10.508,0.0081,0.472,5.6544,1.0071,0.9706,7,1.4137,8,0.4431,0.4092,0.0,0,0,0
linq,35.0,3.0,eb154,0.154,1,3.2,0,0.43,20000,0.656,621.8,1.486,0,0.344,0.0016,10.271,0.0116,0.543,5.4253,0.9736,0.9382,7,1.3689,8,0.4316,0.3946,0.0,0,0,0
linq,35.0,3.0,eb154,0.154,1,3.2,0,0.44,20000,0.656,621.8,1.486,0,0.344,0.0029,10.034,0.015,0.558,5.2009,0.9411,0.9066,7,1.3275,8,0.4195,0.3806,0.0,0,0,0
linq,35.0,3.0,eb154,0.154,1,3.2,0,0.45,20000,0.656,621.8,1.486,0,0.344,0.0048,9.799,0.0192,0.598,4.9849,0.9109,0.8774,7,1.2881,8,0.407,0.3679,0.0,0,0,0
linq,35.0,3.0,eb154,0.154,1,3.2,0,0.46,20000,0.656,621.8,1.486,0,0.344,0.0072,9.566,0.024,0.643,4.7782,0.8822,0.8498,7,1.2498,8,0.3943,0.3567,0.0,0,0,0
linq,35.0,3.0,eb154,0.154,1,3.2,0,0.47,20000,0.656,621.8,1.486,0,0.344,0.0104,9.34,0.029,0.679,4.5846,0.8549,0.8237,7,1.2159,8,0.3817,0.346,0.0,0,0,0
linq,35.0,3.0,eb154,0.154,1,3.2,0,0.48,20000,0.656,621.8,1.486,0,0.344,0.0142,9.114,0.0354,0.733,4.3964,0.8289,0.7983,7,1.184,8,0.3699,0.3345,0.0,0,0,0
linq,35.0,3.0,eb154,0.154,1,3.2,0,0.49,20000,0.656,621.8,1.486,0,0.344,0.0193,8.896,0.042,0.818,4.2252,0.8053,0.7754,7,1.1532,8,0.3585,0.3246,0.0,0,0,0
linq,35.0,3.0,eb154,0.154,1,3.2,0,0.5,20000,0.656,621.8,1.486,0,0.344,0.0244,8.677,0.0479,0.845,4.05,0.7816,0.7528,7,1.1246,8,0.3487,0.3164,0.0,0,0,0
linq,35.0,3.0,eb154,0.154,1,3.2,0,0.51,20000,0.656,621.8,1.486,0,0.344,0.0307,8.464,0.0557,0.949,3.8921,0.7595,0.7313,7,1.0979,8,0.3384,0.3078,0.0,0,0,0
linq,35.0,3.0,eb154,0.154,1,3.2,0,0.52,20000,0.656,621.8,1.486,0,0.344,0.0382,8.255,0.0627,1.035,3.7453,0.7392,0.7118,7,1.0732,8,0.3291,0.2993,0.0,0,0,0
linq,35.0,3.0,eb154,0.154,1,4.8,0,0.17,20000,0.656,621.8,1.486,0,0.344,0.0,14.125,0.0,nan,9.2649,nan,nan,0,2.7005,8,nan,nan,nan,0,0,0
linq,35.0,3.0,eb154,0.154,1,4.8,0,0.18,20000,0.656,621.8,1.486,0,0.344,0.0,13.731,0.0,nan,8.8715,nan,nan,0,2.4012,8,nan,nan,nan,0,0,0
linq,35.0,3.0,eb154,0.154,1,4.8,0,0.19,20000,0.656,621.8,1.486,0,0.344,0.0,13.33,0.0,nan,8.4781,3.0093,3.0093,1,2.1432,8,nan,nan,nan,0,0,0
linq,35.0,3.0,eb154,0.154,1,4.8,0,0.2,20000,0.656,621.8,1.486,0,0.344,0.0,12.936,0.0,nan,8.0957,2.6822,2.6818,2,1.9327,8,nan,nan,nan,0,0,0
linq,35.0,3.0,eb154,0.154,1,4.8,0,0.21,20000,0.656,621.8,1.486,0,0.344,0.0,12.539,0.0,nan,7.7059,2.4121,2.4113,2,1.7542,8,nan,nan,nan,0,0,0
linq,35.0,3.0,eb154,0.154,1,4.8,0,0.22,20000,0.656,621.8,1.486,0,0.344,0.0,12.141,0.0,nan,7.3123,2.1496,2.1485,3,1.6031,8,nan,nan,nan,0,0,0
linq,35.0,3.0,eb154,0.154,1,4.8,0,0.23,20000,0.656,621.8,1.486,0,0.344,0.0,11.744,0.0,nan,6.9197,1.9178,1.9158,4,1.4769,8,nan,nan,nan,0,0,0
linq,35.0,3.0,eb154,0.154,1,4.8,0,0.24,20000,0.656,621.8,1.486,0,0.344,0.0,11.351,0.0,nan,6.5439,1.7488,1.7466,4,1.3751,8,nan,nan,nan,0,0,0
linq,35.0,3.0,eb154,0.154,1,4.8,0,0.25,20000,0.656,621.8,1.486,0,0.344,0.0,10.952,0.0,nan,6.1571,1.5501,1.5449,5,1.2927,8,nan,nan,nan,0,0,0
linq,35.0,3.0,eb154,0.154,1,4.8,0,0.26,20000,0.656,621.8,1.486,0,0.344,0.0,10.558,0.0,0.0,5.7716,1.3677,1.3576,6,1.2242,8,nan,nan,nan,0,0,0
linq,35.0,3.0,eb154,0.154,1,4.8,0,0.27,20000,0.656,621.8,1.486,0,0.344,0.0,10.159,0.0,0.0,5.3872,1.2589,1.2493,6,1.1596,8,nan,nan,nan,0,0,0
linq,35.0,3.0,eb154,0.154,1,4.8,0,0.28,20000,0.656,621.8,1.486,0,0.344,0.0,9.762,0.0002,0.121,5.0098,1.1037,1.0842,7,1.1035,8,nan,0.5204,nan,0,0,0
linq,35.0,3.0,eb154,0.154,1,4.8,0,0.29,20000,0.656,621.8,1.486,0,0.344,0.0,9.372,0.0004,0.085,4.6361,1.0228,1.0047,7,1.0607,8,nan,0.4791,nan,0,0,0
linq,35.0,3.0,eb154,0.154,1,4.8,0,0.3,20000,0.656,621.8,1.486,0,0.344,0.0,8.976,0.0011,0.102,4.2612,0.9507,0.9341,7,1.0191,8,0.5231,0.4492,0.0,0,0,0
linq,35.0,3.0,eb154,0.154,1,4.8,0,0.31,20000,0.656,621.8,1.486,0,0.344,0.0002,8.593,0.0034,0.167,3.9063,0.8869,0.8718,7,0.9921,8,0.4774,0.4226,0.0,0,0,0
linq,35.0,3.0,eb154,0.154,1,4.8,0,0.32,20000,0.656,621.8,1.486,0,0.344,0.0003,8.209,0.0088,0.282,3.5474,0.8279,0.8138,7,0.9027,7,0.4496,0.3941,0.0,0,0,0
linq,35.0,3.0,eb154,0.154,1,4.8,0,0.33,20000,0.656,621.8,1.486,0,0.344,0.001,7.833,0.0167,0.356,3.2048,0.7747,0.7613,7,0.8774,7,0.4254,0.3684,0.0,0,0,0
linq,35.0,3.0,eb154,0.154,1,4.8,0,0.34,20000,0.656,621.8,1.486,0,0.344,0.0023,7.465,0.0285,0.453,2.8815,0.7266,0.714,7,0.8526,7,0.403,0.3449,0.0,0,0,0
linq,35.0,3.0,eb154,0.154,1,4.8,0,0.35,20000,0.656,621.8,1.486,0,0.344,0.0059,7.104,0.0436,0.57,2.5782,0.683,0.6711,7,0.8338,7,0.379,0.3251,0.0,0,0,0
linq,35.0,3.0,eb154,0.154,1,4.8,0,0.36,20000,0.656,621.8,1.486,0,0.344,0.0125,6.756,0.0604,0.699,2.3141,0.6438,0.6325,7,0.8227,7,0.3575,0.3067,0.0,0,1,0
linq,35.0,3.0,eb154,0.154,1,4.8,0,0.37,20000,0.656,621.8,1.486,0,0.344,0.0221,6.41,0.0806,0.845,2.0683,0.6067,0.5959,7,0.806,7,0.3366,0.2883,0.0,0,1,0
linq,35.0,3.0,eb154,0.154,1,4.8,0,0.38,20000,0.656,621.8,1.486,0,0.344,0.0351,6.082,0.0988,0.955,1.854,0.5737,0.5633,7,0.8052,7,0.3196,0.2715,0.0,0,1,0
linq,35.0,3.0,eb154,0.154,1,4.8,0,0.39,20000,0.656,621.8,1.486,0,0.344,0.0529,5.763,0.1145,1.046,1.6888,0.5424,0.5327,7,0.7074,6,0.303,0.2569,0.0,0,1,0
linq,35.0,3.0,eb154,0.154,1,4.8,0,0.4,20000,0.656,621.8,1.486,0,0.344,0.0742,5.457,0.1304,1.151,1.5413,0.5142,0.5049,7,0.7021,6,0.287,0.2426,0.0,0,1,0
linq,35.0,3.0,eb154,0.154,1,4.8,0,0.41,20000,0.656,621.8,1.486,0,0.344,0.1,5.162,0.1423,1.212,1.4309,0.4885,0.4795,7,0.6977,6,0.272,0.2299,0.0,0,1,0
linq,35.0,3.0,eb154,0.154,1,4.8,0,0.42,20000,0.656,621.8,1.486,0,0.344,0.1267,4.878,0.1536,1.258,1.3352,0.4634,0.4549,7,0.6937,6,0.2579,0.2183,0.0,0,1,0
linq,35.0,3.0,eb154,0.154,1,4.8,0,0.43,20000,0.656,621.8,1.486,0,0.344,0.154,4.614,0.1637,1.325,1.2535,0.4412,0.4331,7,0.6949,6,0.2454,0.2079,0.0,0,1,0
linq,35.0,3.0,eb154,0.154,1,4.8,0,0.44,20000,0.656,621.8,1.486,0,0.344,0.1836,4.358,0.1722,1.369,1.1981,0.4206,0.4129,7,0.6923,6,0.2334,0.198,0.0,0,0,0
linq,35.0,3.0,eb154,0.154,1,4.8,0,0.45,20000,0.656,621.8,1.486,0,0.344,0.2145,4.114,0.1789,1.409,1.1491,0.401,0.3937,7,0.7011,6,0.2222,0.1887,0.0,0,0,0
linq,35.0,3.0,eb154,0.154,1,4.8,0,0.46,20000,0.656,621.8,1.486,0,0.344,0.2448,3.887,0.1844,1.43,1.1112,0.3831,0.376,7,0.6038,5,0.2119,0.18,0.0,0,0,0
linq,35.0,3.0,eb154,0.154,1,4.8,0,0.47,20000,0.656,621.8,1.486,0,0.344,0.2724,3.674,0.1921,1.478,1.0719,0.3669,0.36,7,0.6052,5,0.2028,0.1719,0.0,1,0,0
linq,35.0,3.0,eb154,0.154,1,4.8,0,0.48,20000,0.656,621.8,1.486,0,0.344,0.3019,3.466,0.1955,1.453,1.0503,0.3505,0.344,7,0.6124,5,0.194,0.1646,0.0,1,0,0
linq,35.0,3.0,eb154,0.154,1,4.8,0,0.49,20000,0.656,621.8,1.486,0,0.344,0.3302,3.274,0.2,1.446,1.0283,0.3355,0.3292,7,0.6137,5,0.1858,0.1572,0.0,1,0,0
linq,35.0,3.0,eb154,0.154,1,4.8,0,0.5,20000,0.656,621.8,1.486,0,0.344,0.3579,3.096,0.2036,1.461,1.0178,0.3225,0.3164,7,0.6246,5,0.1777,0.151,0.0,1,0,0
linq,35.0,3.0,eb154,0.154,1,4.8,0,0.51,20000,0.656,621.8,1.486,0,0.344,0.3836,2.922,0.2083,1.478,1.0051,0.3093,0.3035,7,0.6304,5,0.1703,0.1453,0.0,1,0,0
linq,35.0,3.0,eb154,0.154,1,4.8,0,0.52,20000,0.656,621.8,1.486,0,0.344,0.4091,2.759,0.2135,1.509,0.9983,0.2976,0.2919,7,0.5341,4,0.1634,0.1393,0.0,1,0,0
linq,35.0,3.0,eb154,0.154,1,6.4,0,0.17,20000,0.656,621.8,1.486,0,0.344,0.0,12.266,0.0,nan,7.4869,2.9036,2.9036,1,1.6583,8,nan,nan,nan,0,0,0
linq,35.0,3.0,eb154,0.154,1,6.4,0,0.18,20000,0.656,621.8,1.486,0,0.344,0.0,11.762,0.0,nan,7.0095,2.5172,2.5172,2,1.4654,8,nan,nan,nan,0,0,0
linq,35.0,3.0,eb154,0.154,1,6.4,0,0.19,20000,0.656,621.8,1.486,0,0.344,0.0,11.251,0.0,nan,6.5291,2.19,2.1898,3,1.306,7,nan,nan,nan,0,0,0
linq,35.0,3.0,eb154,0.154,1,6.4,0,0.2,20000,0.656,621.8,1.486,0,0.344,0.0,10.75,0.0,nan,6.0518,1.8977,1.8977,3,1.1871,7,nan,nan,nan,0,0,0
linq,35.0,3.0,eb154,0.154,1,6.4,0,0.21,20000,0.656,621.8,1.486,0,0.344,0.0,10.241,0.0,nan,5.5873,1.6554,1.6553,4,1.0869,7,nan,nan,nan,0,0,0
linq,35.0,3.0,eb154,0.154,1,6.4,0,0.22,20000,0.656,621.8,1.486,0,0.344,0.0,9.737,0.0,nan,5.1138,1.4335,1.4329,5,1.0089,7,nan,nan,nan,0,0,0
linq,35.0,3.0,eb154,0.154,1,6.4,0,0.23,20000,0.656,621.8,1.486,0,0.344,0.0,9.229,0.0,0.0,4.6694,1.2373,1.2352,6,0.951,7,nan,nan,nan,0,0,0
linq,35.0,3.0,eb154,0.154,1,6.4,0,0.24,20000,0.656,621.8,1.486,0,0.344,0.0,8.724,0.0,0.0,4.2072,1.0954,1.0935,6,0.8471,6,nan,nan,nan,0,0,0
linq,35.0,3.0,eb154,0.154,1,6.4,0,0.25,20000,0.656,621.8,1.486,0,0.344,0.0,8.222,0.0001,0.053,3.7764,0.9408,0.9347,7,0.8006,6,nan,0.5085,nan,0,0,0
linq,35.0,3.0,eb154,0.154,1,6.4,0,0.26,20000,0.656,621.8,1.486,0,0.344,0.0,7.722,0.0004,0.042,3.3364,0.8419,0.8366,7,0.7766,6,nan,0.4574,nan,0,0,0
linq,35.0,3.0,eb154,0.154,1,6.4,0,0.27,20000,0.656,621.8,1.486,0,0.344,0.0,7.231,0.0022,0.084,2.934,0.7576,0.7533,7,0.7621,6,0.5004,0.4177,0.0,0,0,0
linq,35.0,3.0,eb154,0.154,1,6.4,0,0.28,20000,0.656,621.8,1.486,0,0.344,0.0002,6.75,0.0095,0.178,2.5417,0.6837,0.6798,7,0.6582,5,0.4489,0.3767,0.0,0,1,0
linq,35.0,3.0,eb154,0.154,1,6.4,0,0.29,20000,0.656,621.8,1.486,0,0.344,0.0005,6.281,0.0248,0.296,2.1763,0.6188,0.6153,7,0.6482,5,0.4152,0.3417,0.0,0,1,0
linq,35.0,3.0,eb154,0.154,1,6.4,0,0.3,20000,0.656,621.8,1.486,0,0.344,0.0023,5.83,0.0511,0.473,1.8616,0.5628,0.5596,7,0.643,5,0.3811,0.312,0.0,0,1,0
linq,35.0,3.0,eb154,0.154,1,6.4,0,0.31,20000,0.656,621.8,1.486,0,0.344,0.0092,5.39,0.0856,0.677,1.5838,0.5125,0.5096,7,0.645,5,0.3491,0.2838,0.0,0,1,0
linq,35.0,3.0,eb154,0.154,1,6.4,0,0.32,20000,0.656,621.8,1.486,0,0.344,0.0225,4.973,0.1213,0.873,1.3751,0.469,0.4663,7,0.5488,4,0.3221,0.2589,0.0,0,1,0
linq,35.0,3.0,eb154,0.154,1,6.4,0,0.33,20000,0.656,621.8,1.486,0,0.344,0.0455,4.573,0.1551,1.059,1.2331,0.4306,0.428,7,0.5521,4,0.2967,0.2367,0.0,0,1,0
linq,35.0,3.0,eb154,0.154,1,6.4,0,0.34,20000,0.656,621.8,1.486,0,0.344,0.0779,4.195,0.1838,1.213,1.1402,0.3959,0.3935,7,0.5656,4,0.2734,0.2174,0.0,0,0,0
linq,35.0,3.0,eb154,0.154,1,6.4,0,0.35,20000,0.656,621.8,1.486,0,0.344,0.1194,3.834,0.2047,1.322,1.102,0.3653,0.3631,7,0.5823,4,0.2518,0.2006,0.0,1,0,0
linq,35.0,3.0,eb154,0.154,1,6.4,0,0.36,20000,0.656,621.8,1.486,0,0.344,0.1642,3.502,0.2239,1.426,1.0979,0.3385,0.3364,7,0.503,3,0.2325,0.185,0.0,1,0,0
linq,35.0,3.0,eb154,0.154,1,6.4,0,0.37,20000,0.656,621.8,1.486,0,0.344,0.2133,3.189,0.2362,1.458,1.121,0.3133,0.3113,7,0.5223,3,0.2151,0.1711,0.0,1,0,0
linq,35.0,3.0,eb154,0.154,1,6.4,0,0.38,20000,0.656,621.8,1.486,0,0.344,0.2608,2.904,0.2481,1.489,1.1605,0.2908,0.2889,7,0.5456,3,0.1996,0.1589,0.0,1,0,0
linq,35.0,3.0,eb154,0.154,1,6.4,0,0.39,20000,0.656,621.8,1.486,0,0.344,0.3081,2.643,0.2576,1.518,1.2255,0.2708,0.269,7,0.5663,3,0.1857,0.148,0.0,1,0,0
linq,35.0,3.0,eb154,0.154,1,6.4,0,0.4,20000,0.656,621.8,1.486,0,0.344,0.3542,2.399,0.2683,1.579,1.2862,0.2521,0.2504,7,0.4951,2,0.1726,0.1379,0.0,1,0,0
linq,35.0,3.0,eb154,0.154,1,6.4,0,0.41,20000,0.656,621.8,1.486,0,0.344,0.3976,2.179,0.2785,1.641,1.3447,0.2365,0.2349,7,0.5255,2,0.1609,0.129,0.0,1,0,0
linq,35.0,3.0,eb154,0.154,1,6.4,0,0.42,20000,0.656,621.8,1.486,0,0.344,0.4382,1.978,0.2859,1.653,1.4165,0.2227,0.221,7,0.5552,2,0.1508,0.1203,0.0,1,0,0
linq,35.0,3.0,eb154,0.154,1,6.4,0,0.43,20000,0.656,621.8,1.486,0,0.344,0.4775,1.795,0.2938,1.691,1.4856,0.2099,0.2081,7,0.5704,2,0.1412,0.1126,0.0,1,0,0
linq,35.0,3.0,eb154,0.154,1,6.4,0,0.44,20000,0.656,621.8,1.486,0,0.344,0.5142,1.628,0.2999,1.719,1.5578,0.1991,0.1972,7,0.5331,1,0.1327,0.1055,0.0,1,0,0
linq,35.0,3.0,eb154,0.154,1,6.4,0,0.45,20000,0.656,621.8,1.486,0,0.344,0.55,1.471,0.305,1.68,1.6299,0.1889,0.1867,7,0.5446,1,0.1244,0.0988,0.0,0,0,0
linq,35.0,3.0,eb154,0.154,1,6.4,0,0.46,20000,0.656,621.8,1.486,0,0.344,0.5813,1.336,0.3088,1.642,1.7007,0.182,0.1792,7,0.5445,1,0.1172,0.0929,0.0,0,0,0
linq,35.0,3.0,eb154,0.154,1,6.4,0,0.47,20000,0.656,621.8,1.486,0,0.344,0.612,1.207,0.3139,1.633,1.7772,0.1777,0.1736,7,0.5438,1,0.1102,0.0874,0.0,0,0,0
linq,35.0,3.0,eb154,0.154,1,6.4,0,0.48,20000,0.656,621.8,1.486,0,0.344,0.6387,1.093,0.3212,1.621,1.8641,0.1739,0.1681,7,nan,0,0.104,0.0825,0.0,0,0,0
linq,35.0,3.0,eb154,0.154,1,6.4,0,0.49,20000,0.656,621.8,1.486,0,0.344,0.665,0.987,0.332,1.686,1.9426,0.1734,0.1649,7,nan,0,0.0975,0.0781,0.0,0,0,0
linq,35.0,3.0,eb154,0.154,1,6.4,0,0.5,20000,0.656,621.8,1.486,0,0.344,0.6886,0.892,0.3395,1.683,2.0234,0.1754,0.1631,7,nan,0,0.0922,0.0746,0.0,0,0,0
linq,35.0,3.0,eb154,0.154,1,6.4,0,0.51,20000,0.656,621.8,1.486,0,0.344,0.7101,0.805,0.3522,1.749,2.112,0.1755,0.1605,7,nan,0,0.0874,0.0702,0.0,0,0,0
linq,35.0,3.0,eb154,0.154,1,6.4,0,0.52,20000,0.656,621.8,1.486,0,0.344,0.7316,0.726,0.3614,1.769,2.1839,0.178,0.1595,7,nan,0,0.0828,0.0665,0.0,0,0,0
linq,35.0,3.0,eb154,0.154,1,9.6,1,0.17,20000,0.656,621.8,1.486,0,0.344,0.0,9.838,0.0,nan,5.4415,1.9636,1.9576,3,0.8906,5,nan,nan,nan,0,0,0
linq,35.0,3.0,eb154,0.154,1,9.6,1,0.18,20000,0.656,621.8,1.486,0,0.344,0.0,9.195,0.0,nan,4.8817,1.638,1.6291,4,0.7987,5,nan,nan,nan,0,0,0
linq,35.0,3.0,eb154,0.154,1,9.6,1,0.19,20000,0.656,621.8,1.486,0,0.344,0.0,8.542,0.0,nan,4.3685,1.3088,1.3014,4,0.6488,4,nan,nan,nan,0,0,0
linq,35.0,3.0,eb154,0.154,1,9.6,1,0.2,20000,0.656,621.8,1.486,0,0.344,0.0,7.896,0.0,nan,3.8628,1.0922,1.0853,5,0.6212,4,nan,nan,nan,0,0,0
linq,35.0,3.0,eb154,0.154,1,9.6,1,0.21,20000,0.656,621.8,1.486,0,0.344,0.0,7.246,0.0,0.0,3.3742,0.9065,0.9008,6,0.5949,4,nan,nan,nan,0,0,0
linq,35.0,3.0,eb154,0.154,1,9.6,1,0.22,20000,0.656,621.8,1.486,0,0.344,0.0,6.604,0.0,0.0,2.9121,0.7493,0.745,7,0.5181,3,nan,0.5258,nan,0,1,0
linq,35.0,3.0,eb154,0.154,1,9.6,1,0.23,20000,0.656,621.8,1.486,0,0.344,0.0,5.97,0.0002,0.008,2.506,0.6233,0.6197,7,0.5277,3,nan,0.4378,nan,0,1,0
linq,35.0,3.0,eb154,0.154,1,9.6,1,0.24,20000,0.656,621.8,1.486,0,0.344,0.0,5.358,0.0034,0.046,2.1519,0.5235,0.5205,7,0.5614,3,0.4848,0.3755,0.0,0,1,0
linq,35.0,3.0,eb154,0.154,1,9.6,1,0.25,20000,0.656,621.8,1.486,0,0.344,0.0001,4.773,0.0247,0.171,1.8652,0.4426,0.4402,7,0.4949,2,0.4179,0.3215,0.0,0,1,0
linq,35.0,3.0,eb154,0.154,1,9.6,1,0.26,20000,0.656,621.8,1.486,0,0.344,0.0007,4.22,0.081,0.421,1.6729,0.3764,0.3744,7,0.5394,2,0.3648,0.2748,0.0,0,0,0
linq,35.0,3.0,eb154,0.154,1,9.6,1,0.27,20000,0.656,621.8,1.486,0,0.344,0.0081,3.697,0.1615,0.768,1.6204,0.3217,0.3202,7,0.5159,1,0.3214,0.2342,0.0,0,0,0
linq,35.0,3.0,eb154,0.154,1,9.6,1,0.28,20000,0.656,621.8,1.486,0,0.344,0.0353,3.218,0.2388,1.135,1.7022,0.2794,0.2785,7,0.5429,1,0.2823,0.2011,0.0,1,0,0
linq,35.0,3.0,eb154,0.154,1,9.6,1,0.29,20000,0.656,621.8,1.486,0,0.344,0.0941,2.764,0.2965,1.412,1.8657,0.2462,0.2458,7,0.5656,1,0.2459,0.1729,0.0,1,0,0
linq,35.0,3.0,eb154,0.154,1,9.6,1,0.3,20000,0.656,621.8,1.486,0,0.344,0.173,2.355,0.3333,1.57,2.0407,0.224,0.2231,7,nan,0,0.2144,0.1504,0.0,0,0,0
linq,35.0,3.0,eb154,0.154,1,9.6,1,0.31,20000,0.656,621.8,1.486,0,0.344,0.261,1.985,0.362,1.703,2.2023,0.2123,0.208,7,nan,0,0.1869,0.1313,0.0,0,0,0
linq,35.0,3.0,eb154,0.154,1,9.6,1,0.32,20000,0.656,621.8,1.486,0,0.344,0.3483,1.665,0.3831,1.803,2.334,0.2044,0.1958,7,nan,0,0.1638,0.1151,0.0,0,0,0
linq,35.0,3.0,eb154,0.154,1,9.6,1,0.33,20000,0.656,621.8,1.486,0,0.344,0.4281,1.39,0.4034,1.855,2.4586,0.2006,0.1874,7,nan,0,0.1443,0.1005,0.0,0,0,0
linq,35.0,3.0,eb154,0.154,1,9.6,1,0.34,20000,0.656,621.8,1.486,0,0.344,0.501,1.155,0.4184,1.853,2.5734,0.1991,0.1809,7,nan,0,0.1278,0.0888,0.0,0,0,0
linq,35.0,3.0,eb154,0.154,1,9.6,1,0.35,20000,0.656,621.8,1.486,0,0.344,0.5688,0.956,0.4321,1.846,2.6727,0.1662,0.1541,6,nan,0,0.113,0.0792,0.0,0,0,0
linq,35.0,3.0,eb154,0.154,1,9.6,1,0.36,20000,0.656,621.8,1.486,0,0.344,0.6272,0.786,0.4526,1.906,2.7801,0.1673,0.1513,6,nan,0,0.1001,0.0706,0.0,0,0,0
linq,35.0,3.0,eb154,0.154,1,9.6,1,0.37,20000,0.656,621.8,1.486,0,0.344,0.6788,0.644,0.4759,1.964,2.8848,0.1402,0.1291,5,nan,0,0.0891,0.0633,0.0,0,0,0
linq,35.0,3.0,eb154,0.154,1,9.6,1,0.38,20000,0.656,621.8,1.486,0,0.344,0.723,0.527,0.499,2.008,2.9849,0.1436,0.129,5,nan,0,0.08,0.0566,0.0,0,0,0
linq,35.0,3.0,eb154,0.154,1,9.6,1,0.39,20000,0.656,621.8,1.486,0,0.344,0.7633,0.428,0.5216,2.035,3.0818,0.1189,0.1091,4,nan,0,0.0719,0.0513,0.0,0,0,0
linq,35.0,3.0,eb154,0.154,1,9.6,1,0.4,20000,0.656,621.8,1.486,0,0.344,0.7982,0.347,0.553,2.188,3.171,0.1238,0.1109,4,nan,0,0.0656,0.0455,0.0,0,0,0
linq,35.0,3.0,eb154,0.154,1,9.6,1,0.41,20000,0.656,621.8,1.486,0,0.344,0.8304,0.276,0.5831,2.29,3.2594,0.1285,0.1139,4,nan,0,0.0588,0.043,0.0,0,0,0
linq,35.0,3.0,eb154,0.154,1,9.6,1,0.42,20000,0.656,621.8,1.486,0,0.344,0.8574,0.22,0.6191,2.415,3.3468,0.1042,0.0947,3,nan,0,0.0534,0.0401,0.0,0,0,0
linq,35.0,3.0,eb154,0.154,1,9.6,1,0.43,20000,0.656,621.8,1.486,0,0.344,0.8814,0.174,0.65,2.559,3.418,0.1106,0.1005,3,nan,0,0.0487,0.0399,0.0,0,0,0
linq,35.0,3.0,eb154,0.154,1,9.6,1,0.44,20000,0.656,621.8,1.486,0,0.344,0.903,0.135,0.6876,2.836,3.4918,0.1153,0.1051,3,nan,0,0.0445,0.0402,0.0,0,0,0
linq,35.0,3.0,eb154,0.154,1,9.6,1,0.45,20000,0.656,621.8,1.486,0,0.344,0.9216,0.105,0.7259,3.313,3.5514,0.0941,0.0882,2,nan,0,0.0411,0.0432,0.0,0,0,0
linq,35.0,3.0,eb154,0.154,1,9.6,1,0.46,20000,0.656,621.8,1.486,0,0.344,0.9372,0.08,0.7802,4.401,3.6203,0.099,0.0943,2,nan,0,0.0396,0.0486,0.0,0,0,0
linq,35.0,3.0,eb154,0.154,1,9.6,1,0.47,20000,0.656,621.8,1.486,0,0.344,0.9504,0.061,0.8141,5.146,3.669,0.1034,0.1005,2,nan,0,0.0385,0.0557,0.0,0,0,0
linq,35.0,3.0,eb154,0.154,1,9.6,1,0.48,20000,0.656,621.8,1.486,0,0.344,0.9617,0.045,0.8529,6.651,3.7197,0.0839,0.0839,1,nan,0,0.0392,0.0592,0.0,0,0,0
linq,35.0,3.0,eb154,0.154,1,9.6,1,0.49,20000,0.656,621.8,1.486,0,0.344,0.9715,0.033,0.8648,7.258,3.7347,0.0876,0.0876,1,nan,0,0.0402,0.0618,0.0,0,0,0
linq,35.0,3.0,eb154,0.154,1,9.6,1,0.5,20000,0.656,621.8,1.486,0,0.344,0.98,0.023,0.8916,9.571,3.7632,0.0881,0.0881,1,nan,0,0.0444,0.0622,0.0,0,0,0
linq,35.0,3.0,eb154,0.154,1,9.6,1,0.51,20000,0.656,621.8,1.486,0,0.344,0.9862,0.015,0.9116,12.692,3.7837,0.089,0.089,1,nan,0,0.0487,0.0628,0.0,0,0,0
linq,35.0,3.0,eb154,0.154,1,9.6,1,0.52,20000,0.656,621.8,1.486,0,0.344,0.9905,0.01,0.924,14.438,3.8006,nan,nan,0,nan,0,0.0531,nan,0.0,0,0,0
linq,35.0,3.0,eb154,0.154,1,12.8,1,0.17,20000,0.656,621.8,1.486,0,0.344,0.0,8.354,0.0,nan,4.4364,1.4599,1.4324,4,0.5539,3,nan,nan,nan,0,0,0
linq,35.0,3.0,eb154,0.154,1,12.8,1,0.18,20000,0.656,621.8,1.486,0,0.344,0.0,7.623,0.0,nan,3.9116,1.1607,1.132,5,0.5479,3,nan,nan,nan,0,0,0
linq,35.0,3.0,eb154,0.154,1,12.8,1,0.19,20000,0.656,621.8,1.486,0,0.344,0.0,6.884,0.0,nan,3.4098,0.8692,0.8454,5,0.4531,2,nan,nan,nan,0,1,0
linq,35.0,3.0,eb154,0.154,1,12.8,1,0.2,20000,0.656,621.8,1.486,0,0.344,0.0,6.148,0.0,0.0,2.9463,0.6981,0.6768,6,0.5113,2,nan,nan,nan,0,1,0
linq,35.0,3.0,eb154,0.154,1,12.8,1,0.21,20000,0.656,621.8,1.486,0,0.344,0.0,5.422,0.0,0.0,2.5401,0.559,0.5415,7,0.4883,1,nan,0.4816,nan,0,1,0
linq,35.0,3.0,eb154,0.154,1,12.8,1,0.22,20000,0.656,621.8,1.486,0,0.344,0.0,4.732,0.0005,0.007,2.2421,0.4378,0.4237,7,0.5479,1,nan,0.3859,nan,0,1,0
linq,35.0,3.0,eb154,0.154,1,12.8,1,0.23,20000,0.656,621.8,1.486,0,0.344,0.0,4.079,0.0152,0.08,2.065,0.3507,0.3418,7,nan,0,0.4369,0.3156,0.0,0,0,0
linq,35.0,3.0,eb154,0.154,1,12.8,1,0.24,20000,0.656,621.8,1.486,0,0.344,0.0002,3.465,0.0925,0.347,2.0462,0.2918,0.2873,7,nan,0,0.3596,0.2544,0.0,0,0,0
linq,35.0,3.0,eb154,0.154,1,12.8,1,0.25,20000,0.656,621.8,1.486,0,0.344,0.0037,2.909,0.2229,0.822,2.1437,0.2573,0.2522,7,nan,0,0.3067,0.2036,0.0,1,0,0
linq,35.0,3.0,eb154,0.154,1,12.8,1,0.26,20000,0.656,621.8,1.486,0,0.344,0.0386,2.407,0.3436,1.351,2.3852,0.2343,0.2263,7,nan,0,0.2592,0.1634,0.0,0,0,0
linq,35.0,3.0,eb154,0.154,1,12.8,1,0.27,20000,0.656,621.8,1.486,0,0.344,0.1342,1.944,0.4168,1.721,2.6436,0.193,0.1876,6,nan,0,0.2144,0.1332,0.0,0,0,0
linq,35.0,3.0,eb154,0.154,1,12.8,1,0.28,20000,0.656,621.8,1.486,0,0.344,0.2612,1.527,0.4647,1.954,2.8217,0.1832,0.1741,6,nan,0,0.1761,0.1083,0.0,0,0,0
linq,35.0,3.0,eb154,0.154,1,12.8,1,0.29,20000,0.656,621.8,1.486,0,0.344,0.3881,1.181,0.4967,2.056,2.9584,0.152,0.145,5,nan,0,0.1455,0.089,0.0,0,0,0
linq,35.0,3.0,eb154,0.154,1,12.8,1,0.3,20000,0.656,621.8,1.486,0,0.344,0.5001,0.904,0.5281,2.15,3.0799,0.1513,0.1403,5,nan,0,0.1209,0.074,0.0,0,0,0
linq,35.0,3.0,eb154,0.154,1,12.8,1,0.31,20000,0.656,621.8,1.486,0,0.344,0.599,0.68,0.5594,2.21,3.1928,0.1252,0.117,4,nan,0,0.1004,0.0624,0.0,0,0,0
linq,35.0,3.0,eb154,0.154,1,12.8,1,0.32,20000,0.656,621.8,1.486,0,0.344,0.6806,0.509,0.5936,2.318,3.2954,0.129,0.1176,4,nan,0,0.084,0.0528,0.0,0,0,0
linq,35.0,3.0,eb154,0.154,1,12.8,1,0.33,20000,0.656,621.8,1.486,0,0.344,0.7464,0.377,0.6415,2.568,3.4028,0.1048,0.0964,3,nan,0,0.0716,0.0449,0.0,0,0,0
linq,35.0,3.0,eb154,0.154,1,12.8,1,0.34,20000,0.656,621.8,1.486,0,0.344,0.8042,0.272,0.6868,2.796,3.4996,0.1098,0.1002,3,nan,0,0.061,0.0407,0.0,0,0,0
linq,35.0,3.0,eb154,0.154,1,12.8,1,0.35,20000,0.656,621.8,1.486,0,0.344,0.8506,0.195,0.7376,3.305,3.5834,0.0901,0.0839,2,nan,0,0.0522,0.0405,0.0,0,0,0
linq,35.0,3.0,eb154,0.154,1,12.8,1,0.36,20000,0.656,621.8,1.486,0,0.344,0.8889,0.136,0.8003,4.528,3.6635,0.096,0.0901,2,nan,0,0.0459,0.0443,0.0,0,0,0
linq,35.0,3.0,eb154,0.154,1,12.8,1,0.37,20000,0.656,621.8,1.486,0,0.344,0.9208,0.091,0.862,6.762,3.739,0.1044,0.1002,2,nan,0,0.0408,0.0531,0.0,0,0,0
linq,35.0,3.0,eb154,0.154,1,12.8,1,0.38,20000,0.656,621.8,1.486,0,0.344,0.9457,0.06,0.9053,10.157,3.7883,0.0862,0.0862,1,nan,0,0.0395,0.0608,0.0,0,0,0
linq,35.0,3.0,eb154,0.154,1,12.8,1,0.39,20000,0.656,621.8,1.486,0,0.344,0.9642,0.038,0.9329,15.103,3.8162,0.0889,0.0889,1,nan,0,0.0411,0.0627,0.0,0,0,0
linq,35.0,3.0,eb154,0.154,1,12.8,1,0.4,20000,0.656,621.8,1.486,0,0.344,0.9784,0.023,0.9613,27.3,3.8464,0.0912,0.0912,1,nan,0,0.0447,0.0643,0.0,0,0,0
linq,35.0,3.0,eb154,0.154,1,12.8,1,0.41,20000,0.656,621.8,1.486,0,0.344,0.9888,0.012,0.9729,35.875,3.8615,nan,nan,0,nan,0,0.0516,nan,0.0,0,0,0
linq,35.0,3.0,eb154,0.154,1,12.8,1,0.42,20000,0.656,621.8,1.486,0,0.344,0.9944,0.006,0.9595,23.667,3.8481,nan,nan,0,nan,0,0.0582,nan,0.0,0,0,0
linq,35.0,3.0,eb154,0.154,1,12.8,1,0.43,20000,0.656,621.8,1.486,0,0.344,0.9971,0.003,0.9737,37.0,3.8623,nan,nan,0,nan,0,0.0612,nan,0.0,0,0,0
linq,35.0,3.0,eb154,0.154,1,12.8,1,0.44,20000,0.656,621.8,1.486,0,0.344,0.9989,0.001,1.0,nan,3.8886,nan,nan,0,nan,0,0.0607,nan,0.0,0,0,0
linq,35.0,3.0,eb154,0.154,1,12.8,1,0.45,20000,0.656,621.8,1.486,0,0.344,0.9995,0.0,1.0,nan,3.8886,nan,nan,0,nan,0,nan,nan,nan,0,0,0
linq,35.0,3.0,eb154,0.154,1,12.8,1,0.46,20000,0.656,621.8,1.486,0,0.344,0.9997,0.0,1.0,nan,3.8886,nan,nan,0,nan,0,nan,nan,nan,0,0,0
linq,35.0,3.0,eb154,0.154,1,12.8,1,0.47,20000,0.656,621.8,1.486,0,0.344,0.9999,0.0,1.0,nan,3.8886,nan,nan,0,nan,0,nan,nan,nan,0,0,0
linq,35.0,3.0,eb154,0.154,1,12.8,1,0.48,20000,0.656,621.8,1.486,0,0.344,0.9999,0.0,1.0,nan,3.8886,nan,nan,0,nan,0,nan,nan,nan,0,0,0
linq,35.0,3.0,eb154,0.154,1,12.8,1,0.49,20000,0.656,621.8,1.486,0,nan,nan,nan,nan,nan,nan,nan,nan,0,nan,0,nan,nan,nan,0,0,0
linq,35.0,3.0,eb154,0.154,1,12.8,1,0.5,20000,0.656,621.8,1.486,0,nan,nan,nan,nan,nan,nan,nan,nan,0,nan,0,nan,nan,nan,0,0,0
linq,35.0,3.0,eb154,0.154,1,12.8,1,0.51,20000,0.656,621.8,1.486,0,nan,nan,nan,nan,nan,nan,nan,nan,0,nan,0,nan,nan,nan,0,0,0
linq,35.0,3.0,eb154,0.154,1,12.8,1,0.52,20000,0.656,621.8,1.486,0,nan,nan,nan,nan,nan,nan,nan,nan,0,nan,0,nan,nan,nan,0,0,0
linq,35.0,4.5,eb0482,0.0482,1,2.4,0,0.17,20000,0.7146,762.9,1.823,0,0.2854,0.0,19.12,0.0,nan,14.2309,nan,nan,0,6.2866,4,nan,nan,nan,0,0,0
linq,35.0,4.5,eb0482,0.0482,1,2.4,0,0.18,20000,0.7146,762.9,1.823,0,0.2854,0.0,19.002,0.0,nan,14.1134,nan,nan,0,5.9306,4,nan,nan,nan,0,0,0
linq,35.0,4.5,eb0482,0.0482,1,2.4,0,0.19,20000,0.7146,762.9,1.823,0,0.2854,0.0,18.886,0.0,nan,13.9976,nan,nan,0,5.7338,5,nan,nan,nan,0,0,0
linq,35.0,4.5,eb0482,0.0482,1,2.4,0,0.2,20000,0.7146,762.9,1.823,0,0.2854,0.0,18.773,0.0,nan,13.8845,nan,nan,0,5.4436,5,nan,nan,nan,0,0,0
linq,35.0,4.5,eb0482,0.0482,1,2.4,0,0.21,20000,0.7146,762.9,1.823,0,0.2854,0.0,18.658,0.0,nan,13.7692,nan,nan,0,5.2017,5,nan,nan,nan,0,0,0
linq,35.0,4.5,eb0482,0.0482,1,2.4,0,0.22,20000,0.7146,762.9,1.823,0,0.2854,0.0,18.54,0.0,nan,13.6515,nan,nan,0,5.0135,6,nan,nan,nan,0,0,0
linq,35.0,4.5,eb0482,0.0482,1,2.4,0,0.23,20000,0.7146,762.9,1.823,0,0.2854,0.0,18.425,0.0,nan,13.5365,nan,nan,0,4.7923,6,nan,nan,nan,0,0,0
linq,35.0,4.5,eb0482,0.0482,1,2.4,0,0.24,20000,0.7146,762.9,1.823,0,0.2854,0.0,18.307,0.0,nan,13.4182,nan,nan,0,4.5937,7,nan,nan,nan,0,0,0
linq,35.0,4.5,eb0482,0.0482,1,2.4,0,0.25,20000,0.7146,762.9,1.823,0,0.2854,0.0,18.195,0.0,nan,13.3059,nan,nan,0,4.4135,7,nan,nan,nan,0,0,0
linq,35.0,4.5,eb0482,0.0482,1,2.4,0,0.26,20000,0.7146,762.9,1.823,0,0.2854,0.0,18.081,0.0,nan,13.1921,nan,nan,0,4.252,7,nan,nan,nan,0,0,0
linq,35.0,4.5,eb0482,0.0482,1,2.4,0,0.27,20000,0.7146,762.9,1.823,0,0.2854,0.0,17.967,0.0,nan,13.0779,nan,nan,0,4.0637,8,nan,nan,nan,0,0,0
linq,35.0,4.5,eb0482,0.0482,1,2.4,0,0.28,20000,0.7146,762.9,1.823,0,0.2854,0.0,17.851,0.0,nan,12.9626,nan,nan,0,3.9188,8,nan,nan,nan,0,0,0
linq,35.0,4.5,eb0482,0.0482,1,2.4,0,0.29,20000,0.7146,762.9,1.823,0,0.2854,0.0,17.739,0.0,nan,12.8505,nan,nan,0,3.7911,8,nan,nan,nan,0,0,0
linq,35.0,4.5,eb0482,0.0482,1,2.4,0,0.3,20000,0.7146,762.9,1.823,0,0.2854,0.0,17.624,0.0,nan,12.7354,nan,nan,0,3.6783,8,nan,nan,nan,0,0,0
linq,35.0,4.5,eb0482,0.0482,1,2.4,0,0.31,20000,0.7146,762.9,1.823,0,0.2854,0.0,17.509,0.0,nan,12.6199,nan,nan,0,3.5636,8,nan,nan,nan,0,0,0
linq,35.0,4.5,eb0482,0.0482,1,2.4,0,0.32,20000,0.7146,762.9,1.823,0,0.2854,0.0,17.399,0.0,nan,12.5102,2.642,2.642,1,3.4645,8,nan,nan,nan,0,0,0
linq,35.0,4.5,eb0482,0.0482,1,2.4,0,0.33,20000,0.7146,762.9,1.823,0,0.2854,0.0,17.285,0.0,nan,12.3964,2.5388,2.5388,1,3.37,8,nan,nan,nan,0,0,0
linq,35.0,4.5,eb0482,0.0482,1,2.4,0,0.34,20000,0.7146,762.9,1.823,0,0.2854,0.0,17.17,0.0,nan,12.2809,2.4354,2.4354,1,3.2759,8,nan,nan,nan,0,0,0
linq,35.0,4.5,eb0482,0.0482,1,2.4,0,0.35,20000,0.7146,762.9,1.823,0,0.2854,0.0,17.056,0.0,nan,12.1673,2.249,2.2449,2,3.1914,8,nan,nan,nan,0,0,0
linq,35.0,4.5,eb0482,0.0482,1,2.4,0,0.36,20000,0.7146,762.9,1.823,0,0.2854,0.0,16.942,0.0,nan,12.0534,2.1872,2.1831,2,3.11,8,nan,nan,nan,0,0,0
linq,35.0,4.5,eb0482,0.0482,1,2.4,0,0.37,20000,0.7146,762.9,1.823,0,0.2854,0.0,16.831,0.0,nan,11.9422,2.1238,2.1191,2,3.0357,8,nan,nan,nan,0,0,0
linq,35.0,4.5,eb0482,0.0482,1,2.4,0,0.38,20000,0.7146,762.9,1.823,0,0.2854,0.0,16.718,0.0,0.0,11.8294,1.963,1.9537,3,2.9639,8,nan,nan,nan,0,0,0
linq,35.0,4.5,eb0482,0.0482,1,2.4,0,0.39,20000,0.7146,762.9,1.823,0,0.2854,0.0,16.605,0.0,0.0,11.7162,1.9109,1.9009,3,2.8964,8,nan,nan,nan,0,0,0
linq,35.0,4.5,eb0482,0.0482,1,2.4,0,0.4,20000,0.7146,762.9,1.823,0,0.2854,0.0,16.493,0.0,0.0,11.6044,1.8635,1.8544,3,2.8345,8,nan,nan,nan,0,0,0
linq,35.0,4.5,eb0482,0.0482,1,2.4,0,0.41,20000,0.7146,762.9,1.823,0,0.2854,0.0,16.38,0.0,0.333,11.4911,1.7195,1.7024,4,2.7751,8,nan,nan,nan,0,0,0
linq,35.0,4.5,eb0482,0.0482,1,2.4,0,0.42,20000,0.7146,762.9,1.823,0,0.2854,0.0,16.268,0.0001,3.0,11.3795,1.6761,1.6592,4,2.7178,8,nan,nan,nan,0,0,0
linq,35.0,4.5,eb0482,0.0482,1,2.4,0,0.43,20000,0.7146,762.9,1.823,0,0.2854,0.0,16.154,0.0001,1.0,11.2652,1.5366,1.5094,5,2.6625,8,nan,nan,nan,0,0,0
linq,35.0,4.5,eb0482,0.0482,1,2.4,0,0.44,20000,0.7146,762.9,1.823,0,0.2854,0.0,16.042,0.0001,1.0,11.1533,1.5001,1.4732,5,2.6106,8,nan,nan,nan,0,0,0
linq,35.0,4.5,eb0482,0.0482,1,2.4,0,0.45,20000,0.7146,762.9,1.823,0,0.2854,0.0,15.932,0.0001,0.444,11.0434,1.3712,1.3298,6,2.5621,8,nan,nan,nan,0,0,0
linq,35.0,4.5,eb0482,0.0482,1,2.4,0,0.46,20000,0.7146,762.9,1.823,0,0.2854,0.0001,15.818,0.0001,0.231,10.9305,1.3398,1.2987,6,2.5152,8,nan,nan,nan,0,0,0
linq,35.0,4.5,eb0482,0.0482,1,2.4,0,0.47,20000,0.7146,762.9,1.823,0,0.2854,0.0001,15.703,0.0001,0.222,10.8162,1.3124,1.2725,6,2.4702,8,nan,nan,nan,0,0,0
linq,35.0,4.5,eb0482,0.0482,1,2.4,0,0.48,20000,0.7146,762.9,1.823,0,0.2854,0.0001,15.591,0.0002,0.3,10.7048,1.1894,1.1263,7,2.4281,8,nan,0.4355,nan,0,0,0
linq,35.0,4.5,eb0482,0.0482,1,2.4,0,0.49,20000,0.7146,762.9,1.823,0,0.2854,0.0001,15.482,0.0004,0.44,10.5954,1.1642,1.1015,7,2.3885,8,nan,0.4212,nan,0,0,0
linq,35.0,4.5,eb0482,0.0482,1,2.4,0,0.5,20000,0.7146,762.9,1.823,0,0.2854,0.0001,15.369,0.0005,0.35,10.483,1.1404,1.0794,7,2.3488,8,nan,0.4126,nan,0,0,0
linq,35.0,4.5,eb0482,0.0482,1,2.4,0,0.51,20000,0.7146,762.9,1.823,0,0.2854,0.0002,15.255,0.0007,0.429,10.3688,1.1165,1.0562,7,2.3097,8,0.4322,0.4003,0.0,0,0,0
linq,35.0,4.5,eb0482,0.0482,1,2.4,0,0.52,20000,0.7146,762.9,1.823,0,0.2854,0.0002,15.146,0.0008,0.348,10.261,1.0964,1.0374,7,2.2733,8,0.4256,0.3932,0.0,0,0,0
linq,35.0,4.5,eb0482,0.0482,1,3.2,0,0.17,20000,0.7146,762.9,1.823,0,0.2854,0.0,17.799,0.0,nan,12.9104,nan,nan,0,4.5578,6,nan,nan,nan,0,0,0
linq,35.0,4.5,eb0482,0.0482,1,3.2,0,0.18,20000,0.7146,762.9,1.823,0,0.2854,0.0,17.607,0.0,nan,12.7182,nan,nan,0,4.2432,6,nan,nan,nan,0,0,0
linq,35.0,4.5,eb0482,0.0482,1,3.2,0,0.19,20000,0.7146,762.9,1.823,0,0.2854,0.0,17.418,0.0,nan,12.5293,nan,nan,0,4.0369,7,nan,nan,nan,0,0,0
linq,35.0,4.5,eb0482,0.0482,1,3.2,0,0.2,20000,0.7146,762.9,1.823,0,0.2854,0.0,17.228,0.0,nan,12.3395,nan,nan,0,3.7855,7,nan,nan,nan,0,0,0
linq,35.0,4.5,eb0482,0.0482,1,3.2,0,0.21,20000,0.7146,762.9,1.823,0,0.2854,0.0,17.041,0.0,nan,12.1521,nan,nan,0,3.5926,8,nan,nan,nan,0,0,0
linq,35.0,4.5,eb0482,0.0482,1,3.2,0,0.22,20000,0.7146,762.9,1.823,0,0.2854,0.0,16.85,0.0,nan,11.9609,nan,nan,0,3.3899,8,nan,nan,nan,0,0,0
linq,35.0,4.5,eb0482,0.0482,1,3.2,0,0.23,20000,0.7146,762.9,1.823,0,0.2854,0.0,16.662,0.0,nan,11.7731,nan,nan,0,3.2181,8,nan,nan,nan,0,0,0
linq,35.0,4.5,eb0482,0.0482,1,3.2,0,0.24,20000,0.7146,762.9,1.823,0,0.2854,0.0,16.473,0.0,nan,11.5843,nan,nan,0,3.0602,8,nan,nan,nan,0,0,0
linq,35.0,4.5,eb0482,0.0482,1,3.2,0,0.25,20000,0.7146,762.9,1.823,0,0.2854,0.0,16.283,0.0,nan,11.3941,2.6166,2.6166,1,2.9146,8,nan,nan,nan,0,0,0
linq,35.0,4.5,eb0482,0.0482,1,3.2,0,0.26,20000,0.7146,762.9,1.823,0,0.2854,0.0,16.097,0.0,nan,11.2087,2.4427,2.4427,1,2.7866,8,nan,nan,nan,0,0,0
linq,35.0,4.5,eb0482,0.0482,1,3.2,0,0.27,20000,0.7146,762.9,1.823,0,0.2854,0.0,15.907,0.0,nan,11.0184,2.2417,2.2394,2,2.6643,8,nan,nan,nan,0,0,0
linq,35.0,4.5,eb0482,0.0482,1,3.2,0,0.28,20000,0.7146,762.9,1.823,0,0.2854,0.0,15.72,0.0,nan,10.8316,2.1256,2.1224,2,2.557,8,nan,nan,nan,0,0,0
linq,35.0,4.5,eb0482,0.0482,1,3.2,0,0.29,20000,0.7146,762.9,1.823,0,0.2854,0.0,15.538,0.0,nan,10.6497,1.9535,1.9477,3,2.4608,8,nan,nan,nan,0,0,0
linq,35.0,4.5,eb0482,0.0482,1,3.2,0,0.3,20000,0.7146,762.9,1.823,0,0.2854,0.0,15.35,0.0,nan,10.4612,1.862,1.8555,3,2.3688,8,nan,nan,nan,0,0,0
linq,35.0,4.5,eb0482,0.0482,1,3.2,0,0.31,20000,0.7146,762.9,1.823,0,0.2854,0.0,15.163,0.0,nan,10.2739,1.702,1.6911,4,2.285,8,nan,nan,nan,0,0,0
linq,35.0,4.5,eb0482,0.0482,1,3.2,0,0.32,20000,0.7146,762.9,1.823,0,0.2854,0.0,14.974,0.0,0.0,10.0849,1.6256,1.615,4,2.2079,8,nan,nan,nan,0,0,0
linq,35.0,4.5,eb0482,0.0482,1,3.2,0,0.33,20000,0.7146,762.9,1.823,0,0.2854,0.0,14.788,0.0,0.0,9.8991,1.4811,1.4631,5,2.1363,8,nan,nan,nan,0,0,0
linq,35.0,4.5,eb0482,0.0482,1,3.2,0,0.34,20000,0.7146,762.9,1.823,0,0.2854,0.0,14.603,0.0001,0.5,9.7143,1.4213,1.4032,5,2.0695,8,nan,nan,nan,0,0,0
linq,35.0,4.5,eb0482,0.0482,1,3.2,0,0.35,20000,0.7146,762.9,1.823,0,0.2854,0.0,14.417,0.0001,0.667,9.5281,1.2888,1.2604,6,2.0073,8,nan,nan,nan,0,0,0
linq,35.0,4.5,eb0482,0.0482,1,3.2,0,0.36,20000,0.7146,762.9,1.823,0,0.2854,0.0,14.227,0.0001,0.286,9.3388,1.2389,1.2111,6,1.9488,8,nan,nan,nan,0,0,0
linq,35.0,4.5,eb0482,0.0482,1,3.2,0,0.37,20000,0.7146,762.9,1.823,0,0.2854,0.0,14.043,0.0002,0.333,9.1541,1.1155,1.0699,7,1.8952,8,nan,0.4427,nan,0,0,0
linq,35.0,4.5,eb0482,0.0482,1,3.2,0,0.38,20000,0.7146,762.9,1.823,0,0.2854,0.0001,13.857,0.0003,0.243,8.9699,1.0767,1.0315,7,1.8449,8,nan,0.4188,nan,0,0,0
linq,35.0,4.5,eb0482,0.0482,1,3.2,0,0.39,20000,0.7146,762.9,1.823,0,0.2854,0.0001,13.673,0.0005,0.219,8.7867,1.04,0.9959,7,1.799,8,nan,0.4029,nan,0,0,0
linq,35.0,4.5,eb0482,0.0482,1,3.2,0,0.4,20000,0.7146,762.9,1.823,0,0.2854,0.0001,13.488,0.0009,0.253,8.6008,1.0068,0.9641,7,1.7529,8,0.4317,0.3895,0.0,0,0,0
linq,35.0,4.5,eb0482,0.0482,1,3.2,0,0.41,20000,0.7146,762.9,1.823,0,0.2854,0.0002,13.301,0.0014,0.277,8.4154,0.9747,0.9334,7,1.7107,8,0.4137,0.3787,0.0,0,0,0
linq,35.0,4.5,eb0482,0.0482,1,3.2,0,0.42,20000,0.7146,762.9,1.823,0,0.2854,0.0003,13.12,0.0023,0.327,8.2364,0.9456,0.9056,7,1.672,8,0.3974,0.3675,0.0,0,0,0
linq,35.0,4.5,eb0482,0.0482,1,3.2,0,0.43,20000,0.7146,762.9,1.823,0,0.2854,0.0006,12.939,0.0037,0.42,8.0571,0.9175,0.8786,7,1.6342,8,0.3843,0.3574,0.0,0,0,0
linq,35.0,4.5,eb0482,0.0482,1,3.2,0,0.44,20000,0.7146,762.9,1.823,0,0.2854,0.0009,12.755,0.0051,0.46,7.878,0.8905,0.8524,7,1.5998,8,0.3743,0.3473,0.0,0,0,0
linq,35.0,4.5,eb0482,0.0482,1,3.2,0,0.45,20000,0.7146,762.9,1.823,0,0.2854,0.0012,12.576,0.0075,0.581,7.7026,0.866,0.8287,7,1.5656,8,0.3642,0.3373,0.0,0,0,0
linq,35.0,4.5,eb0482,0.0482,1,3.2,0,0.46,20000,0.7146,762.9,1.823,0,0.2854,0.0021,12.397,0.0095,0.629,7.5344,0.8424,0.8059,7,1.534,8,0.3541,0.3277,0.0,0,0,0
linq,35.0,4.5,eb0482,0.0482,1,3.2,0,0.47,20000,0.7146,762.9,1.823,0,0.2854,0.0031,12.219,0.0114,0.622,7.3692,0.8196,0.7838,7,1.5028,8,0.3473,0.3174,0.0,0,0,0
linq,35.0,4.5,eb0482,0.0482,1,3.2,0,0.48,20000,0.7146,762.9,1.823,0,0.2854,0.0047,12.042,0.0145,0.715,7.2093,0.7982,0.7632,7,1.4741,8,0.3367,0.3075,0.0,0,0,0
linq,35.0,4.5,eb0482,0.0482,1,3.2,0,0.49,20000,0.7146,762.9,1.823,0,0.2854,0.0065,11.865,0.0169,0.704,7.0535,0.7782,0.7437,7,1.4463,8,0.3284,0.2993,0.0,0,0,0
linq,35.0,4.5,eb0482,0.0482,1,3.2,0,0.5,20000,0.7146,762.9,1.823,0,0.2854,0.0089,11.694,0.0195,0.701,6.9098,0.7596,0.7255,7,1.4204,8,0.3198,0.2917,0.0,0,0,0
linq,35.0,4.5,eb0482,0.0482,1,3.2,0,0.51,20000,0.7146,762.9,1.823,0,0.2854,0.0115,11.524,0.0229,0.764,6.7691,0.7417,0.7085,7,1.3957,8,0.3102,0.2851,0.0,0,0,0
linq,35.0,4.5,eb0482,0.0482,1,3.2,0,0.52,20000,0.7146,762.9,1.823,0,0.2854,0.0142,11.354,0.0268,0.82,6.6288,0.7245,0.6918,7,1.3724,8,0.3023,0.2775,0.0,0,0,0
linq,35.0,4.5,eb0482,0.0482,1,4.8,0,0.17,20000,0.7146,762.9,1.823,0,0.2854,0.0,15.472,0.0,nan,10.5836,nan,nan,0,2.7206,8,nan,nan,nan,0,0,0
linq,35.0,4.5,eb0482,0.0482,1,4.8,0,0.18,20000,0.7146,762.9,1.823,0,0.2854,0.0,15.155,0.0,nan,10.2659,nan,nan,0,2.4745,8,nan,nan,nan,0,0,0
linq,35.0,4.5,eb0482,0.0482,1,4.8,0,0.19,20000,0.7146,762.9,1.823,0,0.2854,0.0,14.833,0.0,nan,9.9441,2.7317,2.7317,1,2.2611,8,nan,nan,nan,0,0,0
linq,35.0,4.5,eb0482,0.0482,1,4.8,0,0.2,20000,0.7146,762.9,1.823,0,0.2854,0.0,14.512,0.0,nan,9.6236,2.4235,2.4235,1,2.0812,8,nan,nan,nan,0,0,0
linq,35.0,4.5,eb0482,0.0482,1,4.8,0,0.21,20000,0.7146,762.9,1.823,0,0.2854,0.0,14.195,0.0,nan,9.3061,2.1722,2.1715,2,1.9291,8,nan,nan,nan,0,0,0
linq,35.0,4.5,eb0482,0.0482,1,4.8,0,0.22,20000,0.7146,762.9,1.823,0,0.2854,0.0,13.877,0.0,nan,8.9886,1.9461,1.9448,3,1.7956,8,nan,nan,nan,0,0,0
linq,35.0,4.5,eb0482,0.0482,1,4.8,0,0.23,20000,0.7146,762.9,1.823,0,0.2854,0.0,13.554,0.0,nan,8.6655,1.774,1.7724,3,1.6778,8,nan,nan,nan,0,0,0
linq,35.0,4.5,eb0482,0.0482,1,4.8,0,0.24,20000,0.7146,762.9,1.823,0,0.2854,0.0,13.235,0.0,nan,8.3466,1.5903,1.5873,4,1.5757,8,nan,nan,nan,0,0,0
linq,35.0,4.5,eb0482,0.0482,1,4.8,0,0.25,20000,0.7146,762.9,1.823,0,0.2854,0.0,12.918,0.0,nan,8.0289,1.4162,1.4099,5,1.4871,8,nan,nan,nan,0,0,0
linq,35.0,4.5,eb0482,0.0482,1,4.8,0,0.26,20000,0.7146,762.9,1.823,0,0.2854,0.0,12.599,0.0,0.0,7.7099,1.309,1.3022,5,1.4077,8,nan,nan,nan,0,0,0
linq,35.0,4.5,eb0482,0.0482,1,4.8,0,0.27,20000,0.7146,762.9,1.823,0,0.2854,0.0,12.279,0.0,0.0,7.3904,1.1653,1.1534,6,1.3374,8,nan,nan,nan,0,0,0
linq,35.0,4.5,eb0482,0.0482,1,4.8,0,0.28,20000,0.7146,762.9,1.823,0,0.2854,0.0,11.96,0.0001,0.25,7.0714,1.0852,1.0734,6,1.2745,8,nan,nan,nan,0,0,0
linq,35.0,4.5,eb0482,0.0482,1,4.8,0,0.29,20000,0.7146,762.9,1.823,0,0.2854,0.0,11.644,0.0001,0.118,6.7551,0.9585,0.9366,7,1.2187,8,nan,0.4342,nan,0,0,0
linq,35.0,4.5,eb0482,0.0482,1,4.8,0,0.3,20000,0.7146,762.9,1.823,0,0.2854,0.0,11.326,0.0005,0.129,6.4372,0.8968,0.8751,7,1.167,8,nan,0.3987,nan,0,0,0
linq,35.0,4.5,eb0482,0.0482,1,4.8,0,0.31,20000,0.7146,762.9,1.823,0,0.2854,0.0001,11.012,0.0009,0.125,6.125,0.8448,0.8242,7,1.1213,8,0.4331,0.376,0.0,0,0,0
linq,35.0,4.5,eb0482,0.0482,1,4.8,0,0.32,20000,0.7146,762.9,1.823,0,0.2854,0.0001,10.699,0.0025,0.203,5.8115,0.798,0.7786,7,1.078,8,0.4024,0.3581,0.0,0,0,0
linq,35.0,4.5,eb0482,0.0482,1,4.8,0,0.33,20000,0.7146,762.9,1.823,0,0.2854,0.0003,10.389,0.0055,0.284,5.5037,0.7544,0.7354,7,1.039,8,0.3812,0.337,0.0,0,0,0
linq,35.0,4.5,eb0482,0.0482,1,4.8,0,0.34,20000,0.7146,762.9,1.823,0,0.2854,0.0008,10.08,0.0106,0.404,5.1989,0.7146,0.6961,7,1.0035,8,0.3596,0.3166,0.0,0,0,0
linq,35.0,4.5,eb0482,0.0482,1,4.8,0,0.35,20000,0.7146,762.9,1.823,0,0.2854,0.0017,9.778,0.0175,0.488,4.906,0.6789,0.6607,7,0.9709,8,0.343,0.2985,0.0,0,0,0
linq,35.0,4.5,eb0482,0.0482,1,4.8,0,0.36,20000,0.7146,762.9,1.823,0,0.2854,0.004,9.482,0.0249,0.554,4.6313,0.6467,0.629,7,0.9398,8,0.3258,0.2829,0.0,0,0,0
linq,35.0,4.5,eb0482,0.0482,1,4.8,0,0.37,20000,0.7146,762.9,1.823,0,0.2854,0.0078,9.188,0.0347,0.65,4.3712,0.617,0.5995,7,0.9114,8,0.3082,0.2679,0.0,0,0,0
linq,35.0,4.5,eb0482,0.0482,1,4.8,0,0.38,20000,0.7146,762.9,1.823,0,0.2854,0.013,8.904,0.046,0.774,4.1333,0.5901,0.5729,7,0.886,8,0.2927,0.2555,0.0,0,0,0
linq,35.0,4.5,eb0482,0.0482,1,4.8,0,0.39,20000,0.7146,762.9,1.823,0,0.2854,0.0205,8.625,0.0559,0.852,3.9172,0.565,0.5483,7,0.8639,8,0.2786,0.2442,0.0,0,0,0
linq,35.0,4.5,eb0482,0.0482,1,4.8,0,0.4,20000,0.7146,762.9,1.823,0,0.2854,0.0294,8.356,0.0683,0.985,3.7199,0.5426,0.5261,7,0.842,8,0.2655,0.2331,0.0,0,0,0
linq,35.0,4.5,eb0482,0.0482,1,4.8,0,0.41,20000,0.7146,762.9,1.823,0,0.2854,0.0417,8.089,0.0777,1.035,3.5529,0.5214,0.505,7,0.8209,8,0.2544,0.2217,0.0,0,0,0
linq,35.0,4.5,eb0482,0.0482,1,4.8,0,0.42,20000,0.7146,762.9,1.823,0,0.2854,0.0559,7.83,0.0856,1.083,3.4051,0.5015,0.4854,7,0.8007,8,0.2434,0.2122,0.0,0,0,0
linq,35.0,4.5,eb0482,0.0482,1,4.8,0,0.43,20000,0.7146,762.9,1.823,0,0.2854,0.0708,7.587,0.0948,1.17,3.277,0.4838,0.4679,7,0.7841,8,0.2332,0.2034,0.0,0,0,0
linq,35.0,4.5,eb0482,0.0482,1,4.8,0,0.44,20000,0.7146,762.9,1.823,0,0.2854,0.0893,7.344,0.1007,1.219,3.1756,0.4673,0.4515,7,0.7668,8,0.2235,0.1951,0.0,0,0,0
linq,35.0,4.5,eb0482,0.0482,1,4.8,0,0.45,20000,0.7146,762.9,1.823,0,0.2854,0.1069,7.113,0.1071,1.26,3.0759,0.4517,0.4362,7,0.7515,8,0.2143,0.1877,0.0,0,0,0
linq,35.0,4.5,eb0482,0.0482,1,4.8,0,0.46,20000,0.7146,762.9,1.823,0,0.2854,0.1258,6.888,0.1139,1.338,2.9906,0.437,0.4217,7,0.738,8,0.2056,0.1805,0.0,0,1,0
linq,35.0,4.5,eb0482,0.0482,1,4.8,0,0.47,20000,0.7146,762.9,1.823,0,0.2854,0.1442,6.678,0.1177,1.327,2.9153,0.4233,0.4082,7,0.7248,8,0.1983,0.1741,0.0,0,1,0
linq,35.0,4.5,eb0482,0.0482,1,4.8,0,0.48,20000,0.7146,762.9,1.823,0,0.2854,0.1644,6.47,0.1218,1.353,2.8537,0.4101,0.3953,7,0.7112,8,0.1908,0.1682,0.0,0,1,0
linq,35.0,4.5,eb0482,0.0482,1,4.8,0,0.49,20000,0.7146,762.9,1.823,0,0.2854,0.1853,6.271,0.124,1.38,2.809,0.398,0.3835,7,0.6987,8,0.1838,0.1628,0.0,0,1,0
linq,35.0,4.5,eb0482,0.0482,1,4.8,0,0.5,20000,0.7146,762.9,1.823,0,0.2854,0.2044,6.079,0.1277,1.408,2.7523,0.3865,0.3723,7,0.6876,8,0.1776,0.1577,0.0,0,1,0
linq,35.0,4.5,eb0482,0.0482,1,4.8,0,0.51,20000,0.7146,762.9,1.823,0,0.2854,0.2249,5.897,0.1293,1.42,2.72,0.376,0.3619,7,0.6773,8,0.1715,0.1527,0.0,0,1,0
linq,35.0,4.5,eb0482,0.0482,1,4.8,0,0.52,20000,0.7146,762.9,1.823,0,0.2854,0.243,5.724,0.1333,1.473,2.6732,0.3655,0.3516,7,0.6672,8,0.1663,0.1475,0.0,0,1,0
linq,35.0,4.5,eb0482,0.0482,1,6.4,0,0.17,20000,0.7146,762.9,1.823,0,0.2854,0.0,13.667,0.0,nan,8.7786,2.602,2.602,1,1.7348,8,nan,nan,nan,0,0,0
linq,35.0,4.5,eb0482,0.0482,1,6.4,0,0.18,20000,0.7146,762.9,1.823,0,0.2854,0.0,13.245,0.0,nan,8.3568,2.2593,2.2593,2,1.5519,8,nan,nan,nan,0,0,0
linq,35.0,4.5,eb0482,0.0482,1,6.4,0,0.19,20000,0.7146,762.9,1.823,0,0.2854,0.0,12.822,0.0,nan,7.9339,1.9635,1.9635,2,1.4001,8,nan,nan,nan,0,0,0
linq,35.0,4.5,eb0482,0.0482,1,6.4,0,0.2,20000,0.7146,762.9,1.823,0,0.2854,0.0,12.396,0.0,nan,7.5097,1.7233,1.7232,3,1.2748,8,nan,nan,nan,0,0,0
linq,35.0,4.5,eb0482,0.0482,1,6.4,0,0.21,20000,0.7146,762.9,1.823,0,0.2854,0.0,11.976,0.0,nan,7.09,1.5148,1.5146,4,1.1736,8,nan,nan,nan,0,0,0
linq,35.0,4.5,eb0482,0.0482,1,6.4,0,0.22,20000,0.7146,762.9,1.823,0,0.2854,0.0,11.548,0.0,nan,6.6634,1.3172,1.3159,5,1.0863,8,nan,nan,nan,0,0,0
linq,35.0,4.5,eb0482,0.0482,1,6.4,0,0.23,20000,0.7146,762.9,1.823,0,0.2854,0.0,11.13,0.0,nan,6.2472,1.1796,1.1782,5,1.0142,8,nan,nan,nan,0,0,0
linq,35.0,4.5,eb0482,0.0482,1,6.4,0,0.24,20000,0.7146,762.9,1.823,0,0.2854,0.0,10.702,0.0,0.0,5.8226,1.0296,1.0258,6,0.951,8,nan,nan,nan,0,0,0
linq,35.0,4.5,eb0482,0.0482,1,6.4,0,0.25,20000,0.7146,762.9,1.823,0,0.2854,0.0,10.279,0.0,0.048,5.4018,0.8912,0.8821,7,0.8973,8,nan,0.464,nan,0,0,0
linq,35.0,4.5,eb0482,0.0482,1,6.4,0,0.26,20000,0.7146,762.9,1.823,0,0.2854,0.0,9.858,0.0001,0.045,4.9828,0.8092,0.7999,7,0.8518,8,nan,0.4089,nan,0,0,0
linq,35.0,4.5,eb0482,0.0482,1,6.4,0,0.27,20000,0.7146,762.9,1.823,0,0.2854,0.0,9.441,0.0007,0.071,4.5664,0.7397,0.7307,7,0.8105,8,0.4589,0.3732,0.0,0,0,0
linq,35.0,4.5,eb0482,0.0482,1,6.4,0,0.28,20000,0.7146,762.9,1.823,0,0.2854,0.0001,9.028,0.0028,0.13,4.1611,0.68,0.6714,7,0.777,8,0.4015,0.3438,0.0,0,0,0
linq,35.0,4.5,eb0482,0.0482,1,6.4,0,0.29,20000,0.7146,762.9,1.823,0,0.2854,0.0002,8.62,0.009,0.244,3.7582,0.627,0.6185,7,0.7474,8,0.3694,0.3133,0.0,0,0,0
linq,35.0,4.5,eb0482,0.0482,1,6.4,0,0.3,20000,0.7146,762.9,1.823,0,0.2854,0.0008,8.221,0.0199,0.363,3.367,0.5812,0.5726,7,0.7223,8,0.3438,0.287,0.0,0,0,0
linq,35.0,4.5,eb0482,0.0482,1,6.4,0,0.31,20000,0.7146,762.9,1.823,0,0.2854,0.0027,7.833,0.0355,0.49,2.9974,0.5413,0.5327,7,0.6999,8,0.3182,0.2653,0.0,0,0,0
linq,35.0,4.5,eb0482,0.0482,1,6.4,0,0.32,20000,0.7146,762.9,1.823,0,0.2854,0.008,7.459,0.056,0.662,2.6705,0.5063,0.4977,7,0.6834,8,0.2945,0.2454,0.0,0,0,0
linq,35.0,4.5,eb0482,0.0482,1,6.4,0,0.33,20000,0.7146,762.9,1.823,0,0.2854,0.0174,7.089,0.0786,0.83,2.374,0.4746,0.4659,7,0.6671,8,0.2725,0.2274,0.0,0,1,0
linq,35.0,4.5,eb0482,0.0482,1,6.4,0,0.34,20000,0.7146,762.9,1.823,0,0.2854,0.0313,6.738,0.0993,0.969,2.1201,0.4462,0.4376,7,0.6532,8,0.255,0.2111,0.0,0,1,0
linq,35.0,4.5,eb0482,0.0482,1,6.4,0,0.35,20000,0.7146,762.9,1.823,0,0.2854,0.0519,6.398,0.117,1.091,1.9208,0.4208,0.4123,7,0.6449,8,0.238,0.1972,0.0,0,1,0
linq,35.0,4.5,eb0482,0.0482,1,6.4,0,0.36,20000,0.7146,762.9,1.823,0,0.2854,0.0773,6.073,0.1329,1.217,1.7647,0.3987,0.3901,7,0.6346,8,0.2221,0.1848,0.0,0,1,0
linq,35.0,4.5,eb0482,0.0482,1,6.4,0,0.37,20000,0.7146,762.9,1.823,0,0.2854,0.1061,5.762,0.1451,1.281,1.6367,0.3776,0.3692,7,0.6254,8,0.2081,0.1736,0.0,0,1,0
linq,35.0,4.5,eb0482,0.0482,1,6.4,0,0.38,20000,0.7146,762.9,1.823,0,0.2854,0.1368,5.472,0.1547,1.363,1.5353,0.359,0.3508,7,0.6188,8,0.1953,0.164,0.0,0,1,0
linq,35.0,4.5,eb0482,0.0482,1,6.4,0,0.39,20000,0.7146,762.9,1.823,0,0.2854,0.169,5.194,0.163,1.425,1.4563,0.3424,0.3342,7,0.6135,8,0.1838,0.155,0.0,0,1,0
linq,35.0,4.5,eb0482,0.0482,1,6.4,0,0.4,20000,0.7146,762.9,1.823,0,0.2854,0.2019,4.932,0.17,1.5,1.3944,0.327,0.3188,7,0.6107,8,0.1736,0.1466,0.0,0,1,0
linq,35.0,4.5,eb0482,0.0482,1,6.4,0,0.41,20000,0.7146,762.9,1.823,0,0.2854,0.2347,4.689,0.1728,1.483,1.3511,0.313,0.3049,7,0.6107,8,0.1643,0.1392,0.0,0,1,0
linq,35.0,4.5,eb0482,0.0482,1,6.4,0,0.42,20000,0.7146,762.9,1.823,0,0.2854,0.266,4.456,0.1767,1.492,1.3021,0.3,0.292,7,0.6088,8,0.156,0.1325,0.0,0,1,0
linq,35.0,4.5,eb0482,0.0482,1,6.4,0,0.43,20000,0.7146,762.9,1.823,0,0.2854,0.2966,4.238,0.1797,1.49,1.2638,0.2881,0.2801,7,0.6048,8,0.1483,0.1262,0.0,0,0,0
linq,35.0,4.5,eb0482,0.0482,1,6.4,0,0.44,20000,0.7146,762.9,1.823,0,0.2854,0.3264,4.038,0.1816,1.502,1.2454,0.2774,0.2695,7,0.6052,8,0.1412,0.1208,0.0,0,0,0
linq,35.0,4.5,eb0482,0.0482,1,6.4,0,0.45,20000,0.7146,762.9,1.823,0,0.2854,0.3546,3.846,0.1837,1.512,1.2219,0.2671,0.2593,7,0.6027,8,0.1346,0.1158,0.0,0,0,0
linq,35.0,4.5,eb0482,0.0482,1,6.4,0,0.46,20000,0.7146,762.9,1.823,0,0.2854,0.381,3.666,0.1876,1.556,1.1925,0.2579,0.2501,7,0.6026,8,0.1287,0.1111,0.0,0,0,0
linq,35.0,4.5,eb0482,0.0482,1,6.4,0,0.47,20000,0.7146,762.9,1.823,0,0.2854,0.4059,3.5,0.1914,1.621,1.1713,0.2501,0.2421,7,0.6044,8,0.1232,0.1067,0.0,1,0,0
linq,35.0,4.5,eb0482,0.0482,1,6.4,0,0.48,20000,0.7146,762.9,1.823,0,0.2854,0.4298,3.338,0.1931,1.612,1.1458,0.2416,0.2337,7,0.6083,8,0.1183,0.1028,0.0,1,0,0
linq,35.0,4.5,eb0482,0.0482,1,6.4,0,0.49,20000,0.7146,762.9,1.823,0,0.2854,0.4535,3.189,0.1941,1.625,1.1324,0.2335,0.2258,7,0.6113,8,0.1137,0.099,0.0,1,0,0
linq,35.0,4.5,eb0482,0.0482,1,6.4,0,0.5,20000,0.7146,762.9,1.823,0,0.2854,0.475,3.051,0.1943,1.625,1.1187,0.2261,0.2186,7,0.6153,8,0.1095,0.0952,0.0,1,0,0
linq,35.0,4.5,eb0482,0.0482,1,6.4,0,0.51,20000,0.7146,762.9,1.823,0,0.2854,0.4966,2.916,0.1933,1.616,1.1129,0.2191,0.2117,7,0.616,8,0.1056,0.0917,0.0,1,0,0
linq,35.0,4.5,eb0482,0.0482,1,6.4,0,0.52,20000,0.7146,762.9,1.823,0,0.2854,0.5175,2.789,0.1929,1.621,1.11,0.2125,0.2052,7,0.6185,8,0.1019,0.0883,0.0,1,0,0
linq,35.0,4.5,eb0482,0.0482,1,9.6,1,0.17,20000,0.7146,762.9,1.823,0,0.2854,0.0,11.166,0.0,nan,6.3466,1.7933,1.7887,3,0.9326,8,nan,nan,nan,0,0,0
linq,35.0,4.5,eb0482,0.0482,1,9.6,1,0.18,20000,0.7146,762.9,1.823,0,0.2854,0.0,10.594,0.0,nan,5.7881,1.4421,1.4399,3,0.8459,8,nan,nan,nan,0,0,0
linq,35.0,4.5,eb0482,0.0482,1,9.6,1,0.19,20000,0.7146,762.9,1.823,0,0.2854,0.0,10.023,0.0,nan,5.2471,1.2219,1.2195,4,0.7887,8,nan,nan,nan,0,0,0
linq,35.0,4.5,eb0482,0.0482,1,9.6,1,0.2,20000,0.7146,762.9,1.823,0,0.2854,0.0,9.455,0.0,nan,4.703,1.0364,1.0347,5,0.7472,8,nan,nan,nan,0,0,0
linq,35.0,4.5,eb0482,0.0482,1,9.6,1,0.21,20000,0.7146,762.9,1.823,0,0.2854,0.0,8.883,0.0,0.0,4.1686,0.8745,0.8735,6,0.7175,8,nan,nan,nan,0,0,0
linq,35.0,4.5,eb0482,0.0482,1,9.6,1,0.22,20000,0.7146,762.9,1.823,0,0.2854,0.0,8.312,0.0,0.0,3.6383,0.7443,0.7439,6,0.6955,8,nan,nan,nan,0,0,0
linq,35.0,4.5,eb0482,0.0482,1,9.6,1,0.23,20000,0.7146,762.9,1.823,0,0.2854,0.0,7.749,0.0001,0.02,3.1246,0.6299,0.6288,7,0.6842,8,nan,0.3889,nan,0,0,0
linq,35.0,4.5,eb0482,0.0482,1,9.6,1,0.24,20000,0.7146,762.9,1.823,0,0.2854,0.0,7.198,0.001,0.033,2.6386,0.5492,0.5484,7,0.6777,8,0.4465,0.3399,0.0,0,0,0
linq,35.0,4.5,eb0482,0.0482,1,9.6,1,0.25,20000,0.7146,762.9,1.823,0,0.2854,0.0,6.658,0.0091,0.128,2.1689,0.4821,0.4811,7,0.6733,8,0.3727,0.2934,0.0,0,1,0
linq,35.0,4.5,eb0482,0.0482,1,9.6,1,0.26,20000,0.7146,762.9,1.823,0,0.2854,0.0002,6.141,0.0327,0.291,1.7472,0.4278,0.4267,7,0.6717,8,0.3292,0.2569,0.0,0,1,0
linq,35.0,4.5,eb0482,0.0482,1,9.6,1,0.27,20000,0.7146,762.9,1.823,0,0.2854,0.0022,5.643,0.0777,0.555,1.373,0.3827,0.3813,7,0.6732,8,0.2914,0.2242,0.0,0,1,0
linq,35.0,4.5,eb0482,0.0482,1,9.6,1,0.28,20000,0.7146,762.9,1.823,0,0.2854,0.013,5.173,0.1285,0.84,1.086,0.3451,0.3434,7,0.678,8,0.26,0.1971,0.0,0,1,0
linq,35.0,4.5,eb0482,0.0482,1,9.6,1,0.29,20000,0.7146,762.9,1.823,0,0.2854,0.0382,4.728,0.1762,1.136,0.8966,0.3139,0.3119,7,0.6814,8,0.2316,0.175,0.0,0,1,0
linq,35.0,4.5,eb0482,0.0482,1,9.6,1,0.3,20000,0.7146,762.9,1.823,0,0.2854,0.0832,4.307,0.2079,1.327,0.796,0.2875,0.2852,7,0.6839,8,0.2062,0.1567,0.0,1,0,0
linq,35.0,4.5,eb0482,0.0482,1,9.6,1,0.31,20000,0.7146,762.9,1.823,0,0.2854,0.1369,3.915,0.2333,1.509,0.7507,0.264,0.2616,7,0.6923,8,0.1845,0.141,0.0,1,0,0
linq,35.0,4.5,eb0482,0.0482,1,9.6,1,0.32,20000,0.7146,762.9,1.823,0,0.2854,0.1976,3.556,0.2459,1.553,0.743,0.2437,0.2412,7,0.6949,8,0.1662,0.128,0.0,1,0,0
linq,35.0,4.5,eb0482,0.0482,1,9.6,1,0.33,20000,0.7146,762.9,1.823,0,0.2854,0.2576,3.23,0.2554,1.597,0.747,0.2273,0.2246,7,0.6376,7,0.1505,0.1172,0.0,1,0,0
linq,35.0,4.5,eb0482,0.0482,1,9.6,1,0.34,20000,0.7146,762.9,1.823,0,0.2854,0.316,2.933,0.2639,1.673,0.7695,0.2129,0.2099,7,0.6443,7,0.1368,0.1079,0.0,1,0,0
linq,35.0,4.5,eb0482,0.0482,1,9.6,1,0.35,20000,0.7146,762.9,1.823,0,0.2854,0.3699,2.668,0.2702,1.734,0.788,0.1999,0.1967,7,0.6555,7,0.1252,0.0993,0.0,1,0,0
linq,35.0,4.5,eb0482,0.0482,1,9.6,1,0.36,20000,0.7146,762.9,1.823,0,0.2854,0.4196,2.43,0.2741,1.764,0.8197,0.1891,0.1857,7,0.6664,7,0.1154,0.0919,0.0,1,0,0
linq,35.0,4.5,eb0482,0.0482,1,9.6,1,0.37,20000,0.7146,762.9,1.823,0,0.2854,0.4651,2.217,0.2764,1.772,0.8524,0.1787,0.1751,7,0.6759,7,0.107,0.0853,0.0,1,0,0
linq,35.0,4.5,eb0482,0.0482,1,9.6,1,0.38,20000,0.7146,762.9,1.823,0,0.2854,0.509,2.023,0.2744,1.715,0.8759,0.1703,0.1664,7,0.6078,6,0.0991,0.0794,0.0,1,0,0
linq,35.0,4.5,eb0482,0.0482,1,9.6,1,0.39,20000,0.7146,762.9,1.823,0,0.2854,0.5464,1.851,0.2767,1.714,0.9042,0.1623,0.1583,7,0.6832,7,0.0922,0.0744,0.0,1,0,0
linq,35.0,4.5,eb0482,0.0482,1,9.6,1,0.4,20000,0.7146,762.9,1.823,0,0.2854,0.5811,1.693,0.2772,1.693,0.9362,0.1557,0.1514,7,0.6288,6,0.0862,0.0701,0.0,1,0,0
linq,35.0,4.5,eb0482,0.0482,1,9.6,1,0.41,20000,0.7146,762.9,1.823,0,0.2854,0.6118,1.552,0.2822,1.737,0.9634,0.1507,0.1459,7,0.6402,6,0.0803,0.0665,0.0,1,0,0
linq,35.0,4.5,eb0482,0.0482,1,9.6,1,0.42,20000,0.7146,762.9,1.823,0,0.2854,0.64,1.426,0.2845,1.756,0.9904,0.1455,0.1405,7,0.649,6,0.0755,0.063,0.0,1,0,0
linq,35.0,4.5,eb0482,0.0482,1,9.6,1,0.43,20000,0.7146,762.9,1.823,0,0.2854,0.6658,1.309,0.2888,1.788,1.0195,0.1416,0.136,7,0.657,6,0.0712,0.0595,0.0,1,0,0
linq,35.0,4.5,eb0482,0.0482,1,9.6,1,0.44,20000,0.7146,762.9,1.823,0,0.2854,0.6881,1.203,0.2931,1.775,1.0646,0.1377,0.1318,7,0.6671,6,0.0678,0.0572,0.0,1,0,0
linq,35.0,4.5,eb0482,0.0482,1,9.6,1,0.45,20000,0.7146,762.9,1.823,0,0.2854,0.7117,1.108,0.2904,1.743,1.0843,0.1337,0.1277,7,0.6008,5,0.0643,0.0547,0.0,1,0,0
linq,35.0,4.5,eb0482,0.0482,1,9.6,1,0.46,20000,0.7146,762.9,1.823,0,0.2854,0.731,1.021,0.2929,1.748,1.1278,0.1313,0.1248,7,0.6132,5,0.0612,0.0521,0.0,1,0,0
linq,35.0,4.5,eb0482,0.0482,1,9.6,1,0.47,20000,0.7146,762.9,1.823,0,0.2854,0.7505,0.938,0.2955,1.778,1.1581,0.1282,0.1214,7,0.6227,5,0.0585,0.0493,0.0,1,0,0
linq,35.0,4.5,eb0482,0.0482,1,9.6,1,0.48,20000,0.7146,762.9,1.823,0,0.2854,0.7672,0.868,0.2965,1.808,1.189,0.1259,0.1188,7,0.6273,5,0.0562,0.046,0.0,1,0,0
linq,35.0,4.5,eb0482,0.0482,1,9.6,1,0.49,20000,0.7146,762.9,1.823,0,0.2854,0.7823,0.801,0.2994,1.828,1.2327,0.1267,0.118,7,0.6337,5,0.0535,0.0448,0.0,1,0,0
linq,35.0,4.5,eb0482,0.0482,1,9.6,1,0.5,20000,0.7146,762.9,1.823,0,0.2854,0.7963,0.74,0.3005,1.8,1.2748,0.1267,0.117,7,0.64,5,0.0512,0.0441,0.0,0,0,0
linq,35.0,4.5,eb0482,0.0482,1,9.6,1,0.51,20000,0.7146,762.9,1.823,0,0.2854,0.8097,0.683,0.3048,1.85,1.3105,0.1251,0.1152,7,0.5753,4,0.0493,0.0427,0.0,0,0,0
linq,35.0,4.5,eb0482,0.0482,1,9.6,1,0.52,20000,0.7146,762.9,1.823,0,0.2854,0.8226,0.632,0.2976,1.692,1.3543,0.1267,0.1153,7,0.5801,4,0.0468,0.0423,0.0,1,0,0
linq,35.0,4.5,eb0482,0.0482,1,12.8,1,0.17,20000,0.7146,762.9,1.823,0,0.2854,0.0,9.547,0.0,nan,4.9534,1.2559,1.2481,3,0.7643,8,nan,nan,nan,0,0,0
linq,35.0,4.5,eb0482,0.0482,1,12.8,1,0.18,20000,0.7146,762.9,1.823,0,0.2854,0.0,8.883,0.0,nan,4.3626,1.0348,1.0253,4,0.7294,8,nan,nan,nan,0,0,0
linq,35.0,4.5,eb0482,0.0482,1,12.8,1,0.19,20000,0.7146,762.9,1.823,0,0.2854,0.0,8.215,0.0,nan,3.7866,0.8534,0.8454,5,0.7152,8,nan,nan,nan,0,0,0
linq,35.0,4.5,eb0482,0.0482,1,12.8,1,0.2,20000,0.7146,762.9,1.823,0,0.2854,0.0,7.55,0.0,0.0,3.2308,0.7011,0.6958,6,0.6457,7,nan,nan,nan,0,0,0
linq,35.0,4.5,eb0482,0.0482,1,12.8,1,0.21,20000,0.7146,762.9,1.823,0,0.2854,0.0,6.888,0.0,0.0,2.7087,0.5775,0.5744,7,0.6423,7,nan,0.4354,nan,0,1,0
linq,35.0,4.5,eb0482,0.0482,1,12.8,1,0.22,20000,0.7146,762.9,1.823,0,0.2854,0.0,6.245,0.0001,0.005,2.2391,0.4758,0.4742,7,0.6485,7,nan,0.3487,nan,0,1,0
linq,35.0,4.5,eb0482,0.0482,1,12.8,1,0.23,20000,0.7146,762.9,1.823,0,0.2854,0.0,5.624,0.0049,0.051,1.8211,0.3995,0.3989,7,0.6507,7,0.3911,0.2877,0.0,0,1,0
linq,35.0,4.5,eb0482,0.0482,1,12.8,1,0.24,20000,0.7146,762.9,1.823,0,0.2854,0.0001,5.034,0.0374,0.223,1.4783,0.3402,0.34,7,0.5916,6,0.3249,0.2396,0.0,0,1,0
linq,35.0,4.5,eb0482,0.0482,1,12.8,1,0.25,20000,0.7146,762.9,1.823,0,0.2854,0.001,4.478,0.1138,0.577,1.2519,0.2932,0.2932,7,0.6043,6,0.2774,0.1987,0.0,0,1,0
linq,35.0,4.5,eb0482,0.0482,1,12.8,1,0.26,20000,0.7146,762.9,1.823,0,0.2854,0.0143,3.962,0.2013,1.021,1.1957,0.2571,0.257,7,0.6159,6,0.2393,0.167,0.0,1,0,0
linq,35.0,4.5,eb0482,0.0482,1,12.8,1,0.27,20000,0.7146,762.9,1.823,0,0.2854,0.0602,3.48,0.2669,1.394,1.2728,0.2282,0.2278,7,0.6335,6,0.2049,0.1424,0.0,1,0,0
linq,35.0,4.5,eb0482,0.0482,1,12.8,1,0.28,20000,0.7146,762.9,1.823,0,0.2854,0.1369,3.033,0.3047,1.61,1.3862,0.2049,0.2042,7,0.5751,5,0.1753,0.1229,0.0,0,0,0
linq,35.0,4.5,eb0482,0.0482,1,12.8,1,0.29,20000,0.7146,762.9,1.823,0,0.2854,0.2276,2.629,0.325,1.742,1.4854,0.1855,0.1845,7,0.5857,5,0.1507,0.1077,0.0,0,0,0
linq,35.0,4.5,eb0482,0.0482,1,12.8,1,0.3,20000,0.7146,762.9,1.823,0,0.2854,0.3153,2.275,0.3384,1.854,1.5659,0.1716,0.17,7,0.6084,5,0.1312,0.095,0.0,0,0,0
linq,35.0,4.5,eb0482,0.0482,1,12.8,1,0.31,20000,0.7146,762.9,1.823,0,0.2854,0.3959,1.971,0.3464,1.893,1.6267,0.1593,0.1571,7,0.6234,5,0.1153,0.084,0.0,0,0,0
linq,35.0,4.5,eb0482,0.0482,1,12.8,1,0.32,20000,0.7146,762.9,1.823,0,0.2854,0.4669,1.71,0.3503,1.884,1.6805,0.1498,0.147,7,0.5568,4,0.1024,0.0755,0.0,0,0,0
linq,35.0,4.5,eb0482,0.0482,1,12.8,1,0.33,20000,0.7146,762.9,1.823,0,0.2854,0.5318,1.485,0.3503,1.853,1.7166,0.1421,0.1385,7,0.5738,4,0.0914,0.0686,0.0,0,0,0
linq,35.0,4.5,eb0482,0.0482,1,12.8,1,0.34,20000,0.7146,762.9,1.823,0,0.2854,0.586,1.291,0.3556,1.886,1.7709,0.1369,0.1324,7,0.585,4,0.0819,0.0628,0.0,0,0,0
linq,35.0,4.5,eb0482,0.0482,1,12.8,1,0.35,20000,0.7146,762.9,1.823,0,0.2854,0.6334,1.125,0.3607,1.902,1.82,0.1344,0.128,7,0.5332,3,0.0741,0.0581,0.0,0,0,0
linq,35.0,4.5,eb0482,0.0482,1,12.8,1,0.36,20000,0.7146,762.9,1.823,0,0.2854,0.6736,0.983,0.3669,1.938,1.8772,0.1327,0.1245,7,0.5385,3,0.0679,0.0533,0.0,0,0,0
linq,35.0,4.5,eb0482,0.0482,1,12.8,1,0.37,20000,0.7146,762.9,1.823,0,0.2854,0.7109,0.858,0.3689,1.954,1.9194,0.1314,0.1218,7,0.5551,3,0.0623,0.0492,0.0,0,0,0
linq,35.0,4.5,eb0482,0.0482,1,12.8,1,0.38,20000,0.7146,762.9,1.823,0,0.2854,0.7424,0.75,0.374,1.962,1.9761,0.1333,0.1206,7,0.5565,3,0.0581,0.0453,0.0,0,0,0
linq,35.0,4.5,eb0482,0.0482,1,12.8,1,0.39,20000,0.7146,762.9,1.823,0,0.2854,0.7702,0.657,0.3752,1.92,2.0286,0.1359,0.1203,7,0.507,2,0.0537,0.0436,0.0,0,0,0
linq,35.0,4.5,eb0482,0.0482,1,12.8,1,0.4,20000,0.7146,762.9,1.823,0,0.2854,0.7951,0.577,0.3769,1.901,2.0712,0.1381,0.1208,7,0.5187,2,0.0498,0.0416,0.0,0,0,0
linq,35.0,4.5,eb0482,0.0482,1,12.8,1,0.41,20000,0.7146,762.9,1.823,0,0.2854,0.8166,0.504,0.3836,1.888,2.1383,0.1407,0.1214,7,0.5184,2,0.0467,0.0399,0.0,0,0,0
linq,35.0,4.5,eb0482,0.0482,1,12.8,1,0.42,20000,0.7146,762.9,1.823,0,0.2854,0.8361,0.444,0.3841,1.785,2.1809,0.1439,0.1222,7,0.5221,2,0.0435,0.038,0.0,0,0,0
linq,35.0,4.5,eb0482,0.0482,1,12.8,1,0.43,20000,0.7146,762.9,1.823,0,0.2854,0.853,0.39,0.3933,1.776,2.2379,0.1477,0.1239,7,0.4762,1,0.0417,0.0361,0.0,0,0,0
linq,35.0,4.5,eb0482,0.0482,1,12.8,1,0.44,20000,0.7146,762.9,1.823,0,0.2854,0.8681,0.341,0.4013,1.713,2.3059,0.15,0.1251,7,0.4832,1,0.0402,0.0343,0.0,0,0,0
linq,35.0,4.5,eb0482,0.0482,1,12.8,1,0.45,20000,0.7146,762.9,1.823,0,0.2854,0.8808,0.301,0.4218,1.847,2.3656,0.1536,0.1278,7,0.4832,1,0.0386,0.0347,0.0,0,0,0
linq,35.0,4.5,eb0482,0.0482,1,12.8,1,0.46,20000,0.7146,762.9,1.823,0,0.2854,0.893,0.265,0.4395,1.971,2.4141,0.1577,0.1305,7,0.4819,1,0.0365,0.0341,0.0,0,0,0
linq,35.0,4.5,eb0482,0.0482,1,12.8,1,0.47,20000,0.7146,762.9,1.823,0,0.2854,0.9035,0.233,0.4588,2.002,2.4777,0.1621,0.1339,7,nan,0,0.0352,0.034,0.0,0,0,0
linq,35.0,4.5,eb0482,0.0482,1,12.8,1,0.48,20000,0.7146,762.9,1.823,0,0.2854,0.9137,0.205,0.4757,2.1,2.5199,0.1636,0.1355,7,nan,0,0.0347,0.0325,0.0,0,0,0
linq,35.0,4.5,eb0482,0.0482,1,12.8,1,0.49,20000,0.7146,762.9,1.823,0,0.2854,0.9231,0.181,0.485,2.124,2.5383,0.1686,0.139,7,nan,0,0.0336,0.0325,0.0,0,0,0
linq,35.0,4.5,eb0482,0.0482,1,12.8,1,0.5,20000,0.7146,762.9,1.823,0,0.2854,0.9316,0.159,0.5,2.246,2.5642,0.1719,0.1422,7,nan,0,0.0331,0.0326,0.0,0,0,0
linq,35.0,4.5,eb0482,0.0482,1,12.8,1,0.51,20000,0.7146,762.9,1.823,0,0.2854,0.9399,0.139,0.5175,2.547,2.5691,0.1743,0.1452,7,nan,0,0.0328,0.032,0.0,0,0,0
linq,35.0,4.5,eb0482,0.0482,1,12.8,1,0.52,20000,0.7146,762.9,1.823,0,0.2854,0.9467,0.124,0.5253,2.64,2.5676,0.177,0.1483,7,nan,0,0.0326,0.035,0.0,0,0,0
linq,35.0,4.5,eb1168,0.11675778353879479,0,2.4,0,0.17,20000,0.5506,762.9,1.823,0,0.4494,0.0,18.76,0.0,nan,13.8713,nan,nan,0,5.8097,4,nan,nan,nan,0,0,0
linq,35.0,4.5,eb1168,0.11675778353879479,0,2.4,0,0.18,20000,0.5506,762.9,1.823,0,0.4494,0.0,18.619,0.0,nan,13.7301,nan,nan,0,5.475,4,nan,nan,nan,0,0,0
linq,35.0,4.5,eb1168,0.11675778353879479,0,2.4,0,0.19,20000,0.5506,762.9,1.823,0,0.4494,0.0,18.483,0.0,nan,13.5946,nan,nan,0,5.2949,5,nan,nan,nan,0,0,0
linq,35.0,4.5,eb1168,0.11675778353879479,0,2.4,0,0.2,20000,0.5506,762.9,1.823,0,0.4494,0.0,18.345,0.0,nan,13.4565,nan,nan,0,5.0155,5,nan,nan,nan,0,0,0
linq,35.0,4.5,eb1168,0.11675778353879479,0,2.4,0,0.21,20000,0.5506,762.9,1.823,0,0.4494,0.0,18.211,0.0,nan,13.3221,nan,nan,0,4.7712,5,nan,nan,nan,0,0,0
linq,35.0,4.5,eb1168,0.11675778353879479,0,2.4,0,0.22,20000,0.5506,762.9,1.823,0,0.4494,0.0,18.077,0.0,nan,13.1884,nan,nan,0,4.6195,6,nan,nan,nan,0,0,0
linq,35.0,4.5,eb1168,0.11675778353879479,0,2.4,0,0.23,20000,0.5506,762.9,1.823,0,0.4494,0.0,17.941,0.0,nan,13.0524,nan,nan,0,4.4005,6,nan,nan,nan,0,0,0
linq,35.0,4.5,eb1168,0.11675778353879479,0,2.4,0,0.24,20000,0.5506,762.9,1.823,0,0.4494,0.0,17.804,0.0,nan,12.9158,nan,nan,0,4.2225,7,nan,nan,nan,0,0,0
linq,35.0,4.5,eb1168,0.11675778353879479,0,2.4,0,0.25,20000,0.5506,762.9,1.823,0,0.4494,0.0,17.668,0.0,nan,12.7794,nan,nan,0,4.0465,7,nan,nan,nan,0,0,0
linq,35.0,4.5,eb1168,0.11675778353879479,0,2.4,0,0.26,20000,0.5506,762.9,1.823,0,0.4494,0.0,17.538,0.0,nan,12.6489,nan,nan,0,3.8953,7,nan,nan,nan,0,0,0
linq,35.0,4.5,eb1168,0.11675778353879479,0,2.4,0,0.27,20000,0.5506,762.9,1.823,0,0.4494,0.0,17.403,0.0,nan,12.5148,nan,nan,0,3.7281,8,nan,nan,nan,0,0,0
linq,35.0,4.5,eb1168,0.11675778353879479,0,2.4,0,0.28,20000,0.5506,762.9,1.823,0,0.4494,0.0,17.267,0.0,nan,12.3786,nan,nan,0,3.5844,8,nan,nan,nan,0,0,0
linq,35.0,4.5,eb1168,0.11675778353879479,0,2.4,0,0.29,20000,0.5506,762.9,1.823,0,0.4494,0.0,17.132,0.0,nan,12.2438,nan,nan,0,3.4597,8,nan,nan,nan,0,0,0
linq,35.0,4.5,eb1168,0.11675778353879479,0,2.4,0,0.3,20000,0.5506,762.9,1.823,0,0.4494,0.0,17.004,0.0,nan,12.1158,nan,nan,0,3.3533,8,nan,nan,nan,0,0,0
linq,35.0,4.5,eb1168,0.11675778353879479,0,2.4,0,0.31,20000,0.5506,762.9,1.823,0,0.4494,0.0,16.868,0.0,nan,11.9794,nan,nan,0,3.2409,8,nan,nan,nan,0,0,0
linq,35.0,4.5,eb1168,0.11675778353879479,0,2.4,0,0.32,20000,0.5506,762.9,1.823,0,0.4494,0.0,16.737,0.0,nan,11.8482,2.4795,2.4795,1,3.1466,8,nan,nan,nan,0,0,0
linq,35.0,4.5,eb1168,0.11675778353879479,0,2.4,0,0.33,20000,0.5506,762.9,1.823,0,0.4494,0.0,16.605,0.0,nan,11.7162,2.3707,2.3707,1,3.054,8,nan,nan,nan,0,0,0
linq,35.0,4.5,eb1168,0.11675778353879479,0,2.4,0,0.34,20000,0.5506,762.9,1.823,0,0.4494,0.0,16.473,0.0,nan,11.5847,2.2825,2.2825,1,2.9667,8,nan,nan,nan,0,0,0
linq,35.0,4.5,eb1168,0.11675778353879479,0,2.4,0,0.35,20000,0.5506,762.9,1.823,0,0.4494,0.0,16.342,0.0,nan,11.4534,2.1055,2.1026,2,2.8846,8,nan,nan,nan,0,0,0
linq,35.0,4.5,eb1168,0.11675778353879479,0,2.4,0,0.36,20000,0.5506,762.9,1.823,0,0.4494,0.0,16.21,0.0,nan,11.3217,2.0424,2.0389,2,2.8081,8,nan,nan,nan,0,0,0
linq,35.0,4.5,eb1168,0.11675778353879479,0,2.4,0,0.37,20000,0.5506,762.9,1.823,0,0.4494,0.0,16.077,0.0,nan,11.1888,1.9743,1.9703,2,2.735,8,nan,nan,nan,0,0,0
linq,35.0,4.5,eb1168,0.11675778353879479,0,2.4,0,0.38,20000,0.5506,762.9,1.823,0,0.4494,0.0,15.949,0.0,0.0,11.0607,1.8262,1.8182,3,2.6677,8,nan,nan,nan,0,0,0
linq,35.0,4.5,eb1168,0.11675778353879479,0,2.4,0,0.39,20000,0.5506,762.9,1.823,0,0.4494,0.0,15.813,0.0,0.0,10.9241,1.78,1.7719,3,2.6025,8,nan,nan,nan,0,0,0
linq,35.0,4.5,eb1168,0.11675778353879479,0,2.4,0,0.4,20000,0.5506,762.9,1.823,0,0.4494,0.0,15.679,0.0,0.0,10.7902,1.7347,1.7259,3,2.5407,8,nan,nan,nan,0,0,0
linq,35.0,4.5,eb1168,0.11675778353879479,0,2.4,0,0.41,20000,0.5506,762.9,1.823,0,0.4494,0.0,15.548,0.0,0.0,10.6592,1.597,1.5823,4,2.4852,8,nan,nan,nan,0,0,0
linq,35.0,4.5,eb1168,0.11675778353879479,0,2.4,0,0.42,20000,0.5506,762.9,1.823,0,0.4494,0.0,15.42,0.0001,3.0,10.5312,1.5597,1.545,4,2.4315,8,nan,nan,nan,0,0,0
linq,35.0,4.5,eb1168,0.11675778353879479,0,2.4,0,0.43,20000,0.5506,762.9,1.823,0,0.4494,0.0,15.285,0.0001,1.0,10.3966,1.5214,1.5067,4,2.3789,8,nan,nan,nan,0,0,0
linq,35.0,4.5,eb1168,0.11675778353879479,0,2.4,0,0.44,20000,0.5506,762.9,1.823,0,0.4494,0.0,15.156,0.0002,1.333,10.2673,1.3917,1.3677,5,2.3306,8,nan,nan,nan,0,0,0
linq,35.0,4.5,eb1168,0.11675778353879479,0,2.4,0,0.45,20000,0.5506,762.9,1.823,0,0.4494,0.0,15.025,0.0002,0.5,10.1363,1.3601,1.337,5,2.2832,8,nan,nan,nan,0,0,0
linq,35.0,4.5,eb1168,0.11675778353879479,0,2.4,0,0.46,20000,0.5506,762.9,1.823,0,0.4494,0.0001,14.896,0.0001,0.167,10.0091,1.2427,1.206,6,2.2398,8,nan,nan,nan,0,0,0
linq,35.0,4.5,eb1168,0.11675778353879479,0,2.4,0,0.47,20000,0.5506,762.9,1.823,0,0.4494,0.0001,14.762,0.0002,0.267,9.8751,1.2136,1.1776,6,2.1963,8,nan,nan,nan,0,0,0
linq,35.0,4.5,eb1168,0.11675778353879479,0,2.4,0,0.48,20000,0.5506,762.9,1.823,0,0.4494,0.0001,14.631,0.0002,0.25,9.7441,1.1009,1.0445,7,2.1558,8,nan,0.4081,nan,0,0,0
linq,35.0,4.5,eb1168,0.11675778353879479,0,2.4,0,0.49,20000,0.5506,762.9,1.823,0,0.4494,0.0002,14.503,0.0004,0.429,9.6168,1.0777,1.0219,7,2.1178,8,nan,0.3957,nan,0,0,0
linq,35.0,4.5,eb1168,0.11675778353879479,0,2.4,0,0.5,20000,0.5506,762.9,1.823,0,0.4494,0.0002,14.372,0.0005,0.364,9.4864,1.0548,0.9996,7,2.0806,8,nan,0.384,nan,0,0,0
linq,35.0,4.5,eb1168,0.11675778353879479,0,2.4,0,0.51,20000,0.5506,762.9,1.823,0,0.4494,0.0002,14.242,0.0008,0.45,9.3562,1.0327,0.9795,7,2.0449,8,nan,0.3766,nan,0,0,0
linq,35.0,4.5,eb1168,0.11675778353879479,0,2.4,0,0.52,20000,0.5506,762.9,1.823,0,0.4494,0.0003,14.11,0.001,0.386,9.2251,1.011,0.9581,7,2.0106,8,0.3998,0.3652,0.0,0,0,0
linq,35.0,4.5,eb1168,0.11675778353879479,0,3.2,0,0.17,20000,0.5506,762.9,1.823,0,0.4494,0.0,17.269,0.0,nan,12.3801,nan,nan,0,4.178,6,nan,nan,nan,0,0,0
linq,35.0,4.5,eb1168,0.11675778353879479,0,3.2,0,0.18,20000,0.5506,762.9,1.823,0,0.4494,0.0,17.051,0.0,nan,12.1622,nan,nan,0,3.8703,6,nan,nan,nan,0,0,0
linq,35.0,4.5,eb1168,0.11675778353879479,0,3.2,0,0.19,20000,0.5506,762.9,1.823,0,0.4494,0.0,16.833,0.0,nan,11.9441,nan,nan,0,3.6884,7,nan,nan,nan,0,0,0
linq,35.0,4.5,eb1168,0.11675778353879479,0,3.2,0,0.2,20000,0.5506,762.9,1.823,0,0.4494,0.0,16.615,0.0,nan,11.7265,nan,nan,0,3.4441,7,nan,nan,nan,0,0,0
linq,35.0,4.5,eb1168,0.11675778353879479,0,3.2,0,0.21,20000,0.5506,762.9,1.823,0,0.4494,0.0,16.399,0.0,nan,11.5109,nan,nan,0,3.2762,8,nan,nan,nan,0,0,0
linq,35.0,4.5,eb1168,0.11675778353879479,0,3.2,0,0.22,20000,0.5506,762.9,1.823,0,0.4494,0.0,16.182,0.0,nan,11.2933,nan,nan,0,3.0783,8,nan,nan,nan,0,0,0
linq,35.0,4.5,eb1168,0.11675778353879479,0,3.2,0,0.23,20000,0.5506,762.9,1.823,0,0.4494,0.0,15.966,0.0,nan,11.0777,nan,nan,0,2.9113,8,nan,nan,nan,0,0,0
linq,35.0,4.5,eb1168,0.11675778353879479,0,3.2,0,0.24,20000,0.5506,762.9,1.823,0,0.4494,0.0,15.749,0.0,nan,10.8603,nan,nan,0,2.7593,8,nan,nan,nan,0,0,0
linq,35.0,4.5,eb1168,0.11675778353879479,0,3.2,0,0.25,20000,0.5506,762.9,1.823,0,0.4494,0.0,15.536,0.0,nan,10.6478,2.4766,2.4766,1,2.6244,8,nan,nan,nan,0,0,0
linq,35.0,4.5,eb1168,0.11675778353879479,0,3.2,0,0.26,20000,0.5506,762.9,1.823,0,0.4494,0.0,15.322,0.0,nan,10.4329,2.2899,2.2899,1,2.5007,8,nan,nan,nan,0,0,0
linq,35.0,4.5,eb1168,0.11675778353879479,0,3.2,0,0.27,20000,0.5506,762.9,1.823,0,0.4494,0.0,15.105,0.0,nan,10.2161,2.1025,2.1007,2,2.3866,8,nan,nan,nan,0,0,0
linq,35.0,4.5,eb1168,0.11675778353879479,0,3.2,0,0.28,20000,0.5506,762.9,1.823,0,0.4494,0.0,14.889,0.0,nan,9.9999,1.9837,1.9813,2,2.2838,8,nan,nan,nan,0,0,0
linq,35.0,4.5,eb1168,0.11675778353879479,0,3.2,0,0.29,20000,0.5506,762.9,1.823,0,0.4494,0.0,14.675,0.0,nan,9.7867,1.822,1.8173,3,2.1921,8,nan,nan,nan,0,0,0
linq,35.0,4.5,eb1168,0.11675778353879479,0,3.2,0,0.3,20000,0.5506,762.9,1.823,0,0.4494,0.0,14.462,0.0,nan,9.5732,1.7322,1.7269,3,2.1062,8,nan,nan,nan,0,0,0
linq,35.0,4.5,eb1168,0.11675778353879479,0,3.2,0,0.31,20000,0.5506,762.9,1.823,0,0.4494,0.0,14.243,0.0,nan,9.3547,1.5829,1.574,4,2.0251,8,nan,nan,nan,0,0,0
linq,35.0,4.5,eb1168,0.11675778353879479,0,3.2,0,0.32,20000,0.5506,762.9,1.823,0,0.4494,0.0,14.033,0.0,0.0,9.1447,1.509,1.5003,4,1.9541,8,nan,nan,nan,0,0,0
linq,35.0,4.5,eb1168,0.11675778353879479,0,3.2,0,0.33,20000,0.5506,762.9,1.823,0,0.4494,0.0,13.816,0.0,0.0,8.9273,1.3737,1.3581,5,1.8861,8,nan,nan,nan,0,0,0
linq,35.0,4.5,eb1168,0.11675778353879479,0,3.2,0,0.34,20000,0.5506,762.9,1.823,0,0.4494,0.0,13.605,0.0001,1.0,8.7159,1.3178,1.3024,5,1.8254,8,nan,nan,nan,0,0,0
linq,35.0,4.5,eb1168,0.11675778353879479,0,3.2,0,0.35,20000,0.5506,762.9,1.823,0,0.4494,0.0,13.391,0.0001,0.75,8.5021,1.1928,1.1686,6,1.7664,8,nan,nan,nan,0,0,0
linq,35.0,4.5,eb1168,0.11675778353879479,0,3.2,0,0.36,20000,0.5506,762.9,1.823,0,0.4494,0.0,13.177,0.0002,0.333,8.2882,1.1468,1.1229,6,1.7122,8,nan,nan,nan,0,0,0
linq,35.0,4.5,eb1168,0.11675778353879479,0,3.2,0,0.37,20000,0.5506,762.9,1.823,0,0.4494,0.0,12.964,0.0003,0.286,8.075,1.0282,0.9881,7,1.662,8,nan,0.4132,nan,0,0,0
linq,35.0,4.5,eb1168,0.11675778353879479,0,3.2,0,0.38,20000,0.5506,762.9,1.823,0,0.4494,0.0001,12.747,0.0003,0.233,7.8608,0.9928,0.9539,7,1.6142,8,nan,0.3946,nan,0,0,0
linq,35.0,4.5,eb1168,0.11675778353879479,0,3.2,0,0.39,20000,0.5506,762.9,1.823,0,0.4494,0.0002,12.534,0.0005,0.222,7.6493,0.9567,0.9183,7,1.5723,8,nan,0.3764,nan,0,0,0
linq,35.0,4.5,eb1168,0.11675778353879479,0,3.2,0,0.4,20000,0.5506,762.9,1.823,0,0.4494,0.0002,12.322,0.001,0.261,7.4381,0.925,0.8874,7,1.5312,8,0.4034,0.3616,0.0,0,0,0
linq,35.0,4.5,eb1168,0.11675778353879479,0,3.2,0,0.41,20000,0.5506,762.9,1.823,0,0.4494,0.0003,12.11,0.0015,0.27,7.2276,0.8954,0.8601,7,1.4928,8,0.3872,0.3548,0.0,0,0,0
linq,35.0,4.5,eb1168,0.11675778353879479,0,3.2,0,0.42,20000,0.5506,762.9,1.823,0,0.4494,0.0004,11.897,0.0025,0.295,7.0163,0.8648,0.8299,7,1.4569,8,0.3744,0.3409,0.0,0,0,0
linq,35.0,4.5,eb1168,0.11675778353879479,0,3.2,0,0.43,20000,0.5506,762.9,1.823,0,0.4494,0.0007,11.687,0.0039,0.376,6.8105,0.8392,0.8054,7,1.4214,8,0.3578,0.3316,0.0,0,0,0
linq,35.0,4.5,eb1168,0.11675778353879479,0,3.2,0,0.44,20000,0.5506,762.9,1.823,0,0.4494,0.001,11.481,0.0056,0.456,6.6086,0.8134,0.7809,7,1.3899,8,0.3489,0.3236,0.0,0,0,0
linq,35.0,4.5,eb1168,0.11675778353879479,0,3.2,0,0.45,20000,0.5506,762.9,1.823,0,0.4494,0.0015,11.269,0.0082,0.532,6.4023,0.789,0.7569,7,1.3594,8,0.3381,0.3124,0.0,0,0,0
linq,35.0,4.5,eb1168,0.11675778353879479,0,3.2,0,0.46,20000,0.5506,762.9,1.823,0,0.4494,0.0022,11.064,0.0106,0.594,6.2062,0.7669,0.7357,7,1.331,8,0.3297,0.3038,0.0,0,0,0
linq,35.0,4.5,eb1168,0.11675778353879479,0,3.2,0,0.47,20000,0.5506,762.9,1.823,0,0.4494,0.0035,10.861,0.0134,0.646,6.0169,0.7447,0.7141,7,1.3045,8,0.321,0.2937,0.0,0,0,0
linq,35.0,4.5,eb1168,0.11675778353879479,0,3.2,0,0.48,20000,0.5506,762.9,1.823,0,0.4494,0.0052,10.661,0.0164,0.683,5.8341,0.7244,0.6943,7,1.2802,8,0.3124,0.2839,0.0,0,0,0
linq,35.0,4.5,eb1168,0.11675778353879479,0,3.2,0,0.49,20000,0.5506,762.9,1.823,0,0.4494,0.0071,10.459,0.02,0.715,5.6522,0.7051,0.6756,7,1.2565,8,0.3043,0.2751,0.0,0,0,0
linq,35.0,4.5,eb1168,0.11675778353879479,0,3.2,0,0.5,20000,0.5506,762.9,1.823,0,0.4494,0.0101,10.257,0.0228,0.721,5.4791,0.6867,0.6579,7,1.2327,8,0.2957,0.2681,0.0,0,0,0
linq,35.0,4.5,eb1168,0.11675778353879479,0,3.2,0,0.51,20000,0.5506,762.9,1.823,0,0.4494,0.0128,10.057,0.0268,0.732,5.307,0.6693,0.6409,7,1.211,8,0.2878,0.2613,0.0,0,0,0
linq,35.0,4.5,eb1168,0.11675778353879479,0,3.2,0,0.52,20000,0.5506,762.9,1.823,0,0.4494,0.0168,9.867,0.0301,0.786,5.1568,0.6533,0.6259,7,1.1903,8,0.2788,0.2556,0.0,0,0,0
linq,35.0,4.5,eb1168,0.11675778353879479,0,4.8,0,0.17,20000,0.5506,762.9,1.823,0,0.4494,0.0,14.78,0.0,nan,9.9001,nan,nan,0,2.452,8,nan,nan,nan,0,0,0
linq,35.0,4.5,eb1168,0.11675778353879479,0,4.8,0,0.18,20000,0.5506,762.9,1.823,0,0.4494,0.0,14.42,0.0,nan,9.5429,nan,nan,0,2.216,8,nan,nan,nan,0,0,0
linq,35.0,4.5,eb1168,0.11675778353879479,0,4.8,0,0.19,20000,0.5506,762.9,1.823,0,0.4494,0.0,14.064,0.0,nan,9.1926,2.5525,2.5525,1,2.0188,8,nan,nan,nan,0,0,0
linq,35.0,4.5,eb1168,0.11675778353879479,0,4.8,0,0.2,20000,0.5506,762.9,1.823,0,0.4494,0.0,13.708,0.0,nan,8.8393,2.2578,2.2578,1,1.8521,8,nan,nan,nan,0,0,0
linq,35.0,4.5,eb1168,0.11675778353879479,0,4.8,0,0.21,20000,0.5506,762.9,1.823,0,0.4494,0.0,13.344,0.0,nan,8.4782,2.0238,2.0233,2,1.7089,8,nan,nan,nan,0,0,0
linq,35.0,4.5,eb1168,0.11675778353879479,0,4.8,0,0.22,20000,0.5506,762.9,1.823,0,0.4494,0.0,12.985,0.0,nan,8.1217,1.8103,1.8092,3,1.59,8,nan,nan,nan,0,0,0
linq,35.0,4.5,eb1168,0.11675778353879479,0,4.8,0,0.23,20000,0.5506,762.9,1.823,0,0.4494,0.0,12.63,0.0,nan,7.7686,1.6462,1.645,3,1.4899,8,nan,nan,nan,0,0,0
linq,35.0,4.5,eb1168,0.11675778353879479,0,4.8,0,0.24,20000,0.5506,762.9,1.823,0,0.4494,0.0,12.271,0.0,nan,7.4183,1.4743,1.4721,4,1.4026,8,nan,nan,nan,0,0,0
linq,35.0,4.5,eb1168,0.11675778353879479,0,4.8,0,0.25,20000,0.5506,762.9,1.823,0,0.4494,0.0,11.914,0.0,nan,7.0688,1.3519,1.3496,4,1.3323,8,nan,nan,nan,0,0,0
linq,35.0,4.5,eb1168,0.11675778353879479,0,4.8,0,0.26,20000,0.5506,762.9,1.823,0,0.4494,0.0,11.556,0.0,0.0,6.7162,1.2104,1.2053,5,1.2699,8,nan,nan,nan,0,0,0
linq,35.0,4.5,eb1168,0.11675778353879479,0,4.8,0,0.27,20000,0.5506,762.9,1.823,0,0.4494,0.0,11.195,0.0,0.0,6.3588,1.0742,1.0648,6,1.2195,8,nan,nan,nan,0,0,0
linq,35.0,4.5,eb1168,0.11675778353879479,0,4.8,0,0.28,20000,0.5506,762.9,1.823,0,0.4494,0.0,10.837,0.0001,0.3,6.0069,0.9962,0.9867,6,1.1768,8,nan,nan,nan,0,0,0
linq,35.0,4.5,eb1168,0.11675778353879479,0,4.8,0,0.29,20000,0.5506,762.9,1.823,0,0.4494,0.0,10.48,0.0002,0.138,5.6613,0.8786,0.8608,7,1.1413,8,nan,0.4082,nan,0,0,0
linq,35.0,4.5,eb1168,0.11675778353879479,0,4.8,0,0.3,20000,0.5506,762.9,1.823,0,0.4494,0.0,10.122,0.0005,0.122,5.3131,0.8206,0.8032,7,1.1098,8,nan,0.3732,nan,0,0,0
linq,35.0,4.5,eb1168,0.11675778353879479,0,4.8,0,0.31,20000,0.5506,762.9,1.823,0,0.4494,0.0001,9.768,0.0011,0.13,4.967,0.7683,0.7517,7,1.084,8,0.4063,0.3493,0.0,0,0,0
linq,35.0,4.5,eb1168,0.11675778353879479,0,4.8,0,0.32,20000,0.5506,762.9,1.823,0,0.4494,0.0002,9.421,0.0026,0.178,4.6296,0.7236,0.7079,7,1.0592,8,0.3784,0.3314,0.0,0,0,0
linq,35.0,4.5,eb1168,0.11675778353879479,0,4.8,0,0.33,20000,0.5506,762.9,1.823,0,0.4494,0.0003,9.069,0.0062,0.276,4.2966,0.6816,0.6665,7,1.0424,8,0.3552,0.3126,0.0,0,0,0
linq,35.0,4.5,eb1168,0.11675778353879479,0,4.8,0,0.34,20000,0.5506,762.9,1.823,0,0.4494,0.0008,8.725,0.012,0.388,3.9714,0.6443,0.6296,7,1.024,8,0.3348,0.2929,0.0,0,0,0
linq,35.0,4.5,eb1168,0.11675778353879479,0,4.8,0,0.35,20000,0.5506,762.9,1.823,0,0.4494,0.0019,8.388,0.0197,0.472,3.6557,0.6098,0.5955,7,1.0117,8,0.3185,0.2752,0.0,0,0,0
linq,35.0,4.5,eb1168,0.11675778353879479,0,4.8,0,0.36,20000,0.5506,762.9,1.823,0,0.4494,0.0043,8.055,0.029,0.559,3.3594,0.5788,0.5648,7,1.0011,8,0.3022,0.2602,0.0,0,0,0
linq,35.0,4.5,eb1168,0.11675778353879479,0,4.8,0,0.37,20000,0.5506,762.9,1.823,0,0.4494,0.0087,7.726,0.0393,0.609,3.0839,0.5507,0.537,7,0.988,8,0.2851,0.2461,0.0,0,0,0
linq,35.0,4.5,eb1168,0.11675778353879479,0,4.8,0,0.38,20000,0.5506,762.9,1.823,0,0.4494,0.015,7.404,0.0526,0.731,2.8274,0.5247,0.5113,7,0.9817,8,0.2698,0.2335,0.0,0,0,0
linq,35.0,4.5,eb1168,0.11675778353879479,0,4.8,0,0.39,20000,0.5506,762.9,1.823,0,0.4494,0.0238,7.095,0.0651,0.817,2.5996,0.5014,0.4883,7,0.9751,8,0.2562,0.2226,0.0,0,1,0
linq,35.0,4.5,eb1168,0.11675778353879479,0,4.8,0,0.4,20000,0.5506,762.9,1.823,0,0.4494,0.0339,6.793,0.081,0.969,2.3909,0.4799,0.4669,7,0.9696,8,0.2433,0.2115,0.0,0,1,0
linq,35.0,4.5,eb1168,0.11675778353879479,0,4.8,0,0.41,20000,0.5506,762.9,1.823,0,0.4494,0.047,6.497,0.0939,1.048,2.2026,0.46,0.4472,7,0.9665,8,0.2327,0.2016,0.0,0,1,0
linq,35.0,4.5,eb1168,0.11675778353879479,0,4.8,0,0.42,20000,0.5506,762.9,1.823,0,0.4494,0.0641,6.212,0.1041,1.074,2.0416,0.4414,0.4287,7,0.9595,8,0.2223,0.1918,0.0,0,1,0
linq,35.0,4.5,eb1168,0.11675778353879479,0,4.8,0,0.43,20000,0.5506,762.9,1.823,0,0.4494,0.0827,5.937,0.1138,1.12,1.9058,0.4243,0.4118,7,0.9578,8,0.2125,0.1836,0.0,0,1,0
linq,35.0,4.5,eb1168,0.11675778353879479,0,4.8,0,0.44,20000,0.5506,762.9,1.823,0,0.4494,0.1041,5.671,0.1226,1.175,1.7939,0.4089,0.3965,7,0.9531,8,0.2033,0.1756,0.0,0,1,0
linq,35.0,4.5,eb1168,0.11675778353879479,0,4.8,0,0.45,20000,0.5506,762.9,1.823,0,0.4494,0.1259,5.416,0.1332,1.278,1.6894,0.3941,0.3819,7,0.9564,8,0.1943,0.1683,0.0,0,1,0
linq,35.0,4.5,eb1168,0.11675778353879479,0,4.8,0,0.46,20000,0.5506,762.9,1.823,0,0.4494,0.149,5.171,0.1398,1.293,1.5896,0.3808,0.3686,7,0.954,8,0.186,0.1613,0.0,0,1,0
linq,35.0,4.5,eb1168,0.11675778353879479,0,4.8,0,0.47,20000,0.5506,762.9,1.823,0,0.4494,0.1713,4.938,0.1486,1.357,1.5134,0.3682,0.3562,7,0.8781,7,0.1784,0.1552,0.0,0,1,0
linq,35.0,4.5,eb1168,0.11675778353879479,0,4.8,0,0.48,20000,0.5506,762.9,1.823,0,0.4494,0.1948,4.715,0.1531,1.345,1.4418,0.3566,0.3447,7,0.8805,7,0.172,0.1493,0.0,0,1,0
linq,35.0,4.5,eb1168,0.11675778353879479,0,4.8,0,0.49,20000,0.5506,762.9,1.823,0,0.4494,0.219,4.498,0.1595,1.367,1.3759,0.3457,0.3338,7,0.8824,7,0.1651,0.144,0.0,0,1,0
linq,35.0,4.5,eb1168,0.11675778353879479,0,4.8,0,0.5,20000,0.5506,762.9,1.823,0,0.4494,0.2444,4.295,0.1622,1.387,1.3292,0.3353,0.3237,7,0.8845,7,0.1588,0.1395,0.0,0,0,0
linq,35.0,4.5,eb1168,0.11675778353879479,0,4.8,0,0.51,20000,0.5506,762.9,1.823,0,0.4494,0.2677,4.101,0.1673,1.416,1.2853,0.3259,0.3143,7,0.885,7,0.1532,0.1348,0.0,0,0,0
linq,35.0,4.5,eb1168,0.11675778353879479,0,4.8,0,0.52,20000,0.5506,762.9,1.823,0,0.4494,0.2918,3.911,0.1712,1.435,1.2466,0.3163,0.3049,7,0.887,7,0.1479,0.1301,0.0,0,0,0
linq,35.0,4.5,eb1168,0.11675778353879479,0,6.4,0,0.17,20000,0.5506,762.9,1.823,0,0.4494,0.0,12.915,0.0,nan,8.0855,2.4382,2.4382,1,1.6028,8,nan,nan,nan,0,0,0
linq,35.0,4.5,eb1168,0.11675778353879479,0,6.4,0,0.18,20000,0.5506,762.9,1.823,0,0.4494,0.0,12.447,0.0,nan,7.6381,2.0968,2.0968,1,1.4598,8,nan,nan,nan,0,0,0
linq,35.0,4.5,eb1168,0.11675778353879479,0,6.4,0,0.19,20000,0.5506,762.9,1.823,0,0.4494,0.0,11.98,0.0,nan,7.1848,1.8265,1.8265,2,1.3457,8,nan,nan,nan,0,0,0
linq,35.0,4.5,eb1168,0.11675778353879479,0,6.4,0,0.2,20000,0.5506,762.9,1.823,0,0.4494,0.0,11.513,0.0,nan,6.7281,1.5981,1.5981,3,1.2558,8,nan,nan,nan,0,0,0
linq,35.0,4.5,eb1168,0.11675778353879479,0,6.4,0,0.21,20000,0.5506,762.9,1.823,0,0.4494,0.0,11.041,0.0,nan,6.2879,1.403,1.403,4,1.1854,8,nan,nan,nan,0,0,0
linq,35.0,4.5,eb1168,0.11675778353879479,0,6.4,0,0.22,20000,0.5506,762.9,1.823,0,0.4494,0.0,10.575,0.0,nan,5.8437,1.2339,1.2338,4,1.1379,8,nan,nan,nan,0,0,0
linq,35.0,4.5,eb1168,0.11675778353879479,0,6.4,0,0.23,20000,0.5506,762.9,1.823,0,0.4494,0.0,10.108,0.0,nan,5.4022,1.0813,1.0804,5,1.0951,8,nan,nan,nan,0,0,0
linq,35.0,4.5,eb1168,0.11675778353879479,0,6.4,0,0.24,20000,0.5506,762.9,1.823,0,0.4494,0.0,9.64,0.0,0.0,4.9704,0.9419,0.9395,6,1.0558,8,nan,nan,nan,0,0,0
linq,35.0,4.5,eb1168,0.11675778353879479,0,6.4,0,0.25,20000,0.5506,762.9,1.823,0,0.4494,0.0,9.172,0.0,0.0,4.5305,0.8468,0.8442,6,1.0334,8,nan,nan,nan,0,0,0
linq,35.0,4.5,eb1168,0.11675778353879479,0,6.4,0,0.26,20000,0.5506,762.9,1.823,0,0.4494,0.0,8.71,0.0002,0.053,4.1202,0.7346,0.7278,7,0.9474,7,nan,0.3824,nan,0,0,0
linq,35.0,4.5,eb1168,0.11675778353879479,0,6.4,0,0.27,20000,0.5506,762.9,1.823,0,0.4494,0.0,8.248,0.0008,0.073,3.6966,0.6678,0.6612,7,0.933,7,nan,0.3465,nan,0,0,0
linq,35.0,4.5,eb1168,0.11675778353879479,0,6.4,0,0.28,20000,0.5506,762.9,1.823,0,0.4494,0.0001,7.792,0.003,0.122,3.3028,0.6109,0.6048,7,0.9208,7,0.3757,0.3185,0.0,0,0,0
linq,35.0,4.5,eb1168,0.11675778353879479,0,6.4,0,0.29,20000,0.5506,762.9,1.823,0,0.4494,0.0002,7.341,0.0103,0.241,2.9092,0.5608,0.5547,7,0.91,7,0.344,0.2889,0.0,0,0,0
linq,35.0,4.5,eb1168,0.11675778353879479,0,6.4,0,0.3,20000,0.5506,762.9,1.823,0,0.4494,0.0008,6.907,0.0233,0.367,2.5419,0.5173,0.5111,7,0.9082,7,0.3183,0.2638,0.0,0,1,0
linq,35.0,4.5,eb1168,0.11675778353879479,0,6.4,0,0.31,20000,0.5506,762.9,1.823,0,0.4494,0.0028,6.48,0.0414,0.481,2.2004,0.4792,0.4731,7,0.8217,6,0.2944,0.2422,0.0,0,1,0
linq,35.0,4.5,eb1168,0.11675778353879479,0,6.4,0,0.32,20000,0.5506,762.9,1.823,0,0.4494,0.009,6.063,0.0665,0.663,1.9105,0.4456,0.4394,7,0.8223,6,0.271,0.2234,0.0,0,1,0
linq,35.0,4.5,eb1168,0.11675778353879479,0,6.4,0,0.33,20000,0.5506,762.9,1.823,0,0.4494,0.0191,5.67,0.0937,0.831,1.655,0.4166,0.4104,7,0.8242,6,0.2505,0.2066,0.0,0,1,0
linq,35.0,4.5,eb1168,0.11675778353879479,0,6.4,0,0.34,20000,0.5506,762.9,1.823,0,0.4494,0.0359,5.285,0.1196,0.97,1.4605,0.3908,0.3844,7,0.8258,6,0.2328,0.1909,0.0,0,1,0
linq,35.0,4.5,eb1168,0.11675778353879479,0,6.4,0,0.35,20000,0.5506,762.9,1.823,0,0.4494,0.0595,4.917,0.1418,1.081,1.307,0.3676,0.3611,7,0.8268,6,0.2169,0.1777,0.0,0,1,0
linq,35.0,4.5,eb1168,0.11675778353879479,0,6.4,0,0.36,20000,0.5506,762.9,1.823,0,0.4494,0.0893,4.568,0.1634,1.21,1.199,0.3464,0.3399,7,0.8377,6,0.2017,0.1652,0.0,0,1,0
linq,35.0,4.5,eb1168,0.11675778353879479,0,6.4,0,0.37,20000,0.5506,762.9,1.823,0,0.4494,0.1247,4.233,0.18,1.292,1.1236,0.3276,0.3211,7,0.762,5,0.1884,0.1543,0.0,0,0,0
linq,35.0,4.5,eb1168,0.11675778353879479,0,6.4,0,0.38,20000,0.5506,762.9,1.823,0,0.4494,0.1615,3.924,0.1934,1.339,1.0788,0.3108,0.3044,7,0.7679,5,0.176,0.1453,0.0,1,0,0
linq,35.0,4.5,eb1168,0.11675778353879479,0,6.4,0,0.39,20000,0.5506,762.9,1.823,0,0.4494,0.201,3.632,0.205,1.403,1.0472,0.2954,0.2891,7,0.7779,5,0.1649,0.1371,0.0,1,0,0
linq,35.0,4.5,eb1168,0.11675778353879479,0,6.4,0,0.4,20000,0.5506,762.9,1.823,0,0.4494,0.2413,3.359,0.2159,1.467,1.0384,0.282,0.2756,7,0.7844,5,0.1548,0.1294,0.0,1,0,0
linq,35.0,4.5,eb1168,0.11675778353879479,0,6.4,0,0.41,20000,0.5506,762.9,1.823,0,0.4494,0.2808,3.101,0.2256,1.517,1.0364,0.2699,0.2633,7,0.7928,5,0.1458,0.1223,0.0,1,0,0
linq,35.0,4.5,eb1168,0.11675778353879479,0,6.4,0,0.42,20000,0.5506,762.9,1.823,0,0.4494,0.318,2.868,0.233,1.528,1.0474,0.2586,0.252,7,0.8013,5,0.1382,0.116,0.0,1,0,0
linq,35.0,4.5,eb1168,0.11675778353879479,0,6.4,0,0.43,20000,0.5506,762.9,1.823,0,0.4494,0.3557,2.649,0.24,1.548,1.0721,0.2484,0.2417,7,0.7306,4,0.131,0.1102,0.0,1,0,0
linq,35.0,4.5,eb1168,0.11675778353879479,0,6.4,0,0.44,20000,0.5506,762.9,1.823,0,0.4494,0.3916,2.446,0.2465,1.551,1.107,0.239,0.2323,7,0.7415,4,0.1244,0.1051,0.0,1,0,0
linq,35.0,4.5,eb1168,0.11675778353879479,0,6.4,0,0.45,20000,0.5506,762.9,1.823,0,0.4494,0.4271,2.254,0.2512,1.513,1.1429,0.231,0.224,7,0.746,4,0.1182,0.1003,0.0,1,0,0
linq,35.0,4.5,eb1168,0.11675778353879479,0,6.4,0,0.46,20000,0.5506,762.9,1.823,0,0.4494,0.4593,2.082,0.2562,1.519,1.2013,0.2243,0.2169,7,0.7479,4,0.1126,0.0963,0.0,1,0,0
linq,35.0,4.5,eb1168,0.11675778353879479,0,6.4,0,0.47,20000,0.5506,762.9,1.823,0,0.4494,0.4901,1.922,0.2647,1.575,1.2507,0.2179,0.2102,7,0.7642,4,0.1075,0.0922,0.0,1,0,0
linq,35.0,4.5,eb1168,0.11675778353879479,0,6.4,0,0.48,20000,0.5506,762.9,1.823,0,0.4494,0.519,1.772,0.2733,1.596,1.2942,0.2125,0.2042,7,0.714,3,0.103,0.0882,0.0,1,0,0
linq,35.0,4.5,eb1168,0.11675778353879479,0,6.4,0,0.49,20000,0.5506,762.9,1.823,0,0.4494,0.5464,1.634,0.2817,1.652,1.3438,0.2086,0.1995,7,0.7183,3,0.0986,0.085,0.0,1,0,0
linq,35.0,4.5,eb1168,0.11675778353879479,0,6.4,0,0.5,20000,0.5506,762.9,1.823,0,0.4494,0.5727,1.507,0.287,1.671,1.408,0.205,0.1951,7,0.7136,3,0.0948,0.0821,0.0,1,0,0
linq,35.0,4.5,eb1168,0.11675778353879479,0,6.4,0,0.51,20000,0.5506,762.9,1.823,0,0.4494,0.5974,1.39,0.2933,1.665,1.4711,0.2026,0.1915,7,0.7121,3,0.0914,0.0792,0.0,1,0,0
linq,35.0,4.5,eb1168,0.11675778353879479,0,6.4,0,0.52,20000,0.5506,762.9,1.823,0,0.4494,0.6223,1.281,0.2985,1.683,1.5214,0.2006,0.1885,7,0.7136,3,0.0878,0.0765,0.0,1,0,0
linq,35.0,4.5,eb1168,0.11675778353879479,0,9.6,1,0.17,20000,0.5506,762.9,1.823,0,0.4494,0.0,10.415,0.0,nan,5.8801,1.5726,1.5712,2,1.0001,6,nan,nan,nan,0,0,0
linq,35.0,4.5,eb1168,0.11675778353879479,0,9.6,1,0.18,20000,0.5506,762.9,1.823,0,0.4494,0.0,9.798,0.0,nan,5.3289,1.3239,1.3211,3,0.9336,6,nan,nan,nan,0,0,0
linq,35.0,4.5,eb1168,0.11675778353879479,0,9.6,1,0.19,20000,0.5506,762.9,1.823,0,0.4494,0.0,9.187,0.0,nan,4.815,1.1177,1.1144,4,0.8925,6,nan,nan,nan,0,0,0
linq,35.0,4.5,eb1168,0.11675778353879479,0,9.6,1,0.2,20000,0.5506,762.9,1.823,0,0.4494,0.0,8.572,0.0,nan,4.3029,0.9443,0.9415,5,0.7895,5,nan,nan,nan,0,0,0
linq,35.0,4.5,eb1168,0.11675778353879479,0,9.6,1,0.21,20000,0.5506,762.9,1.823,0,0.4494,0.0,7.957,0.0,0.0,3.7936,0.7951,0.7934,6,0.7767,5,nan,nan,nan,0,0,0
linq,35.0,4.5,eb1168,0.11675778353879479,0,9.6,1,0.22,20000,0.5506,762.9,1.823,0,0.4494,0.0,7.343,0.0,0.0,3.3277,0.6695,0.6686,6,0.7676,5,nan,nan,nan,0,0,0
linq,35.0,4.5,eb1168,0.11675778353879479,0,9.6,1,0.23,20000,0.5506,762.9,1.823,0,0.4494,0.0,6.736,0.0002,0.025,2.8863,0.565,0.5643,7,0.7734,5,nan,0.3647,nan,0,1,0
linq,35.0,4.5,eb1168,0.11675778353879479,0,9.6,1,0.24,20000,0.5506,762.9,1.823,0,0.4494,0.0,6.143,0.0012,0.035,2.4674,0.4885,0.488,7,0.6982,4,0.417,0.315,0.0,0,1,0
linq,35.0,4.5,eb1168,0.11675778353879479,0,9.6,1,0.25,20000,0.5506,762.9,1.823,0,0.4494,0.0,5.567,0.0103,0.125,2.0975,0.426,0.4256,7,0.7064,4,0.347,0.2704,0.0,0,1,0
linq,35.0,4.5,eb1168,0.11675778353879479,0,9.6,1,0.26,20000,0.5506,762.9,1.823,0,0.4494,0.0003,5.018,0.0376,0.279,1.7954,0.3752,0.3747,7,0.7263,4,0.305,0.2343,0.0,0,1,0
linq,35.0,4.5,eb1168,0.11675778353879479,0,9.6,1,0.27,20000,0.5506,762.9,1.823,0,0.4494,0.0026,4.488,0.0895,0.528,1.566,0.3342,0.3334,7,0.6786,3,0.2687,0.2034,0.0,0,1,0
linq,35.0,4.5,eb1168,0.11675778353879479,0,9.6,1,0.28,20000,0.5506,762.9,1.823,0,0.4494,0.015,3.993,0.1526,0.825,1.4628,0.3005,0.2994,7,0.6909,3,0.2378,0.1775,0.0,0,0,0
linq,35.0,4.5,eb1168,0.11675778353879479,0,9.6,1,0.29,20000,0.5506,762.9,1.823,0,0.4494,0.0442,3.526,0.2136,1.116,1.4877,0.2735,0.2719,7,0.7057,3,0.2105,0.1556,0.0,1,0,0
linq,35.0,4.5,eb1168,0.11675778353879479,0,9.6,1,0.3,20000,0.5506,762.9,1.823,0,0.4494,0.0956,3.094,0.2564,1.317,1.5784,0.2531,0.2506,7,0.6579,2,0.1867,0.1386,0.0,1,0,0
linq,35.0,4.5,eb1168,0.11675778353879479,0,9.6,1,0.31,20000,0.5506,762.9,1.823,0,0.4494,0.1616,2.693,0.2917,1.499,1.7141,0.2371,0.2333,7,0.6544,2,0.1654,0.1241,0.0,1,0,0
linq,35.0,4.5,eb1168,0.11675778353879479,0,9.6,1,0.32,20000,0.5506,762.9,1.823,0,0.4494,0.2351,2.329,0.315,1.575,1.8432,0.2273,0.2211,7,0.6526,2,0.1479,0.1118,0.0,0,0,0
linq,35.0,4.5,eb1168,0.11675778353879479,0,9.6,1,0.33,20000,0.5506,762.9,1.823,0,0.4494,0.3093,2.007,0.3343,1.63,1.9824,0.2215,0.2119,7,0.6135,1,0.1329,0.1015,0.0,0,0,0
linq,35.0,4.5,eb1168,0.11675778353879479,0,9.6,1,0.34,20000,0.5506,762.9,1.823,0,0.4494,0.3802,1.722,0.3499,1.647,2.1101,0.2196,0.2058,7,0.5912,1,0.1202,0.093,0.0,0,0,0
linq,35.0,4.5,eb1168,0.11675778353879479,0,9.6,1,0.35,20000,0.5506,762.9,1.823,0,0.4494,0.4466,1.475,0.3695,1.764,2.2238,0.2185,0.201,7,0.5962,1,0.1093,0.0854,0.0,0,0,0
linq,35.0,4.5,eb1168,0.11675778353879479,0,9.6,1,0.36,20000,0.5506,762.9,1.823,0,0.4494,0.5067,1.258,0.3867,1.804,2.3388,0.2193,0.1978,7,nan,0,0.1002,0.0791,0.0,0,0,0
linq,35.0,4.5,eb1168,0.11675778353879479,0,9.6,1,0.37,20000,0.5506,762.9,1.823,0,0.4494,0.5609,1.073,0.4034,1.849,2.4449,0.2216,0.1963,7,nan,0,0.0923,0.0734,0.0,0,0,0
linq,35.0,4.5,eb1168,0.11675778353879479,0,9.6,1,0.38,20000,0.5506,762.9,1.823,0,0.4494,0.6116,0.911,0.4184,1.877,2.5439,0.2231,0.1949,7,nan,0,0.0857,0.0681,0.0,0,0,0
linq,35.0,4.5,eb1168,0.11675778353879479,0,9.6,1,0.39,20000,0.5506,762.9,1.823,0,0.4494,0.6594,0.769,0.4327,1.92,2.6292,0.2263,0.1954,7,nan,0,0.0795,0.0634,0.0,0,0,0
linq,35.0,4.5,eb1168,0.11675778353879479,0,9.6,1,0.4,20000,0.5506,762.9,1.823,0,0.4494,0.7003,0.649,0.4479,1.89,2.7227,0.2263,0.1949,7,nan,0,0.074,0.0603,0.0,0,0,0
linq,35.0,4.5,eb1168,0.11675778353879479,0,9.6,1,0.41,20000,0.5506,762.9,1.823,0,0.4494,0.7369,0.546,0.4661,1.912,2.8129,0.2295,0.1966,7,nan,0,0.0693,0.057,0.0,0,0,0
linq,35.0,4.5,eb1168,0.11675778353879479,0,9.6,1,0.42,20000,0.5506,762.9,1.823,0,0.4494,0.7693,0.46,0.4838,1.932,2.8955,0.2018,0.1757,6,nan,0,0.065,0.0546,0.0,0,0,0
linq,35.0,4.5,eb1168,0.11675778353879479,0,9.6,1,0.43,20000,0.5506,762.9,1.823,0,0.4494,0.7988,0.384,0.5095,2.046,2.9785,0.2022,0.177,6,nan,0,0.0611,0.0528,0.0,0,0,0
linq,35.0,4.5,eb1168,0.11675778353879479,0,9.6,1,0.44,20000,0.5506,762.9,1.823,0,0.4494,0.8254,0.319,0.5377,2.154,3.0595,0.2053,0.1795,6,nan,0,0.0581,0.0512,0.0,0,0,0
linq,35.0,4.5,eb1168,0.11675778353879479,0,9.6,1,0.45,20000,0.5506,762.9,1.823,0,0.4494,0.8484,0.265,0.5702,2.33,3.139,0.1808,0.161,5,nan,0,0.0552,0.0518,0.0,0,0,0
linq,35.0,4.5,eb1168,0.11675778353879479,0,9.6,1,0.46,20000,0.5506,762.9,1.823,0,0.4494,0.8704,0.22,0.5867,2.346,3.1941,0.1816,0.1633,5,nan,0,0.053,0.0522,0.0,0,0,0
linq,35.0,4.5,eb1168,0.11675778353879479,0,9.6,1,0.47,20000,0.5506,762.9,1.823,0,0.4494,0.8883,0.181,0.6217,2.647,3.2645,0.1844,0.1665,5,nan,0,0.0519,0.0529,0.0,0,0,0
linq,35.0,4.5,eb1168,0.11675778353879479,0,9.6,1,0.48,20000,0.5506,762.9,1.823,0,0.4494,0.9068,0.147,0.6488,2.94,3.3114,0.1623,0.1497,4,nan,0,0.0499,0.0557,0.0,0,0,0
linq,35.0,4.5,eb1168,0.11675778353879479,0,9.6,1,0.49,20000,0.5506,762.9,1.823,0,0.4494,0.9218,0.119,0.6789,3.369,3.3619,0.1622,0.1509,4,nan,0,0.05,0.0578,0.0,0,0,0
linq,35.0,4.5,eb1168,0.11675778353879479,0,9.6,1,0.5,20000,0.5506,762.9,1.823,0,0.4494,0.9355,0.096,0.6965,3.677,3.3922,0.1643,0.1539,4,nan,0,0.0503,0.0615,0.0,0,0,0
linq,35.0,4.5,eb1168,0.11675778353879479,0,9.6,1,0.51,20000,0.5506,762.9,1.823,0,0.4494,0.9461,0.079,0.7159,4.062,3.4241,0.1433,0.1369,3,nan,0,0.0513,0.0643,0.0,0,0,0
linq,35.0,4.5,eb1168,0.11675778353879479,0,9.6,1,0.52,20000,0.5506,762.9,1.823,0,0.4494,0.9563,0.063,0.7266,4.288,3.4458,0.1427,0.1375,3,nan,0,0.0522,0.0674,0.0,0,0,0
linq,35.0,4.5,eb1168,0.11675778353879479,0,12.8,1,0.17,20000,0.5506,762.9,1.823,0,0.4494,0.0,8.858,0.0,nan,4.7301,1.1463,1.1372,3,0.7196,4,nan,nan,nan,0,0,0
linq,35.0,4.5,eb1168,0.11675778353879479,0,12.8,1,0.18,20000,0.5506,762.9,1.823,0,0.4494,0.0,8.149,0.0,nan,4.2007,0.9379,0.9268,4,0.7015,4,nan,nan,nan,0,0,0
linq,35.0,4.5,eb1168,0.11675778353879479,0,12.8,1,0.19,20000,0.5506,762.9,1.823,0,0.4494,0.0,7.443,0.0,nan,3.6862,0.7693,0.7593,5,0.704,4,nan,nan,nan,0,0,0
linq,35.0,4.5,eb1168,0.11675778353879479,0,12.8,1,0.2,20000,0.5506,762.9,1.823,0,0.4494,0.0,6.734,0.0,0.0,3.1982,0.6305,0.6233,6,0.6453,3,nan,nan,nan,0,1,0
linq,35.0,4.5,eb1168,0.11675778353879479,0,12.8,1,0.21,20000,0.5506,762.9,1.823,0,0.4494,0.0,6.034,0.0,0.0,2.7465,0.5179,0.5135,7,0.6695,3,nan,0.4098,nan,0,1,0
linq,35.0,4.5,eb1168,0.11675778353879479,0,12.8,1,0.22,20000,0.5506,762.9,1.823,0,0.4494,0.0,5.353,0.0002,0.006,2.3667,0.4221,0.4198,7,0.6304,2,nan,0.323,nan,0,1,0
linq,35.0,4.5,eb1168,0.11675778353879479,0,12.8,1,0.23,20000,0.5506,762.9,1.823,0,0.4494,0.0,4.701,0.0057,0.05,2.0725,0.3529,0.3521,7,0.6522,2,0.3636,0.2638,0.0,0,1,0
linq,35.0,4.5,eb1168,0.11675778353879479,0,12.8,1,0.24,20000,0.5506,762.9,1.823,0,0.4494,0.0001,4.084,0.0431,0.213,1.9045,0.3033,0.3031,7,0.6097,1,0.3007,0.2177,0.0,0,0,0
linq,35.0,4.5,eb1168,0.11675778353879479,0,12.8,1,0.25,20000,0.5506,762.9,1.823,0,0.4494,0.0013,3.508,0.1332,0.554,1.8879,0.2701,0.2687,7,0.6065,1,0.2543,0.1791,0.0,0,0,0
linq,35.0,4.5,eb1168,0.11675778353879479,0,12.8,1,0.26,20000,0.5506,762.9,1.823,0,0.4494,0.0168,2.98,0.2411,0.997,1.9961,0.2517,0.2461,7,0.5914,1,0.2176,0.1485,0.0,1,0,0
linq,35.0,4.5,eb1168,0.11675778353879479,0,12.8,1,0.27,20000,0.5506,762.9,1.823,0,0.4494,0.0697,2.497,0.3265,1.391,2.2041,0.2402,0.2296,7,nan,0,0.185,0.1252,0.0,0,0,0
linq,35.0,4.5,eb1168,0.11675778353879479,0,12.8,1,0.28,20000,0.5506,762.9,1.823,0,0.4494,0.1617,2.054,0.3823,1.637,2.4381,0.2344,0.2184,7,nan,0,0.1567,0.107,0.0,0,0,0
linq,35.0,4.5,eb1168,0.11675778353879479,0,12.8,1,0.29,20000,0.5506,762.9,1.823,0,0.4494,0.2712,1.66,0.4193,1.779,2.6106,0.2315,0.2106,7,nan,0,0.1335,0.0932,0.0,0,0,0
linq,35.0,4.5,eb1168,0.11675778353879479,0,12.8,1,0.3,20000,0.5506,762.9,1.823,0,0.4494,0.379,1.326,0.4534,1.925,2.7534,0.2291,0.2048,7,nan,0,0.1148,0.0819,0.0,0,0,0
linq,35.0,4.5,eb1168,0.11675778353879479,0,12.8,1,0.31,20000,0.5506,762.9,1.823,0,0.4494,0.477,1.051,0.4825,2.046,2.8793,0.1989,0.1793,6,nan,0,0.1001,0.0725,0.0,0,0,0
linq,35.0,4.5,eb1168,0.11675778353879479,0,12.8,1,0.32,20000,0.5506,762.9,1.823,0,0.4494,0.5635,0.829,0.5095,2.118,2.9898,0.2,0.178,6,nan,0,0.0886,0.0645,0.0,0,0,0
linq,35.0,4.5,eb1168,0.11675778353879479,0,12.8,1,0.33,20000,0.5506,762.9,1.823,0,0.4494,0.6401,0.645,0.5363,2.132,3.0977,0.1746,0.1568,5,nan,0,0.0788,0.0589,0.0,0,0,0
linq,35.0,4.5,eb1168,0.11675778353879479,0,12.8,1,0.34,20000,0.5506,762.9,1.823,0,0.4494,0.7066,0.498,0.5647,2.198,3.1898,0.1774,0.1586,5,nan,0,0.0707,0.0545,0.0,0,0,0
linq,35.0,4.5,eb1168,0.11675778353879479,0,12.8,1,0.35,20000,0.5506,762.9,1.823,0,0.4494,0.7611,0.382,0.6046,2.374,3.2886,0.1803,0.1611,5,nan,0,0.064,0.0517,0.0,0,0,0
linq,35.0,4.5,eb1168,0.11675778353879479,0,12.8,1,0.36,20000,0.5506,762.9,1.823,0,0.4494,0.8094,0.288,0.6457,2.639,3.3757,0.1569,0.1432,4,nan,0,0.0579,0.0521,0.0,0,0,0
linq,35.0,4.5,eb1168,0.11675778353879479,0,12.8,1,0.37,20000,0.5506,762.9,1.823,0,0.4494,0.8475,0.219,0.6885,3.07,3.4518,0.1587,0.1461,4,nan,0,0.0545,0.0528,0.0,0,0,0
linq,35.0,4.5,eb1168,0.11675778353879479,0,12.8,1,0.38,20000,0.5506,762.9,1.823,0,0.4494,0.8809,0.162,0.7385,3.866,3.5265,0.1388,0.1307,3,nan,0,0.0517,0.0573,0.0,0,0,0
linq,35.0,4.5,eb1168,0.11675778353879479,0,12.8,1,0.39,20000,0.5506,762.9,1.823,0,0.4494,0.9103,0.117,0.7787,4.898,3.5818,0.1386,0.1327,3,nan,0,0.0503,0.062,0.0,0,0,0
linq,35.0,4.5,eb1168,0.11675778353879479,0,12.8,1,0.4,20000,0.5506,762.9,1.823,0,0.4494,0.9346,0.084,0.7972,5.39,3.6102,0.1207,0.1179,2,nan,0,0.051,0.0669,0.0,0,0,0
linq,35.0,4.5,eb1168,0.11675778353879479,0,12.8,1,0.41,20000,0.5506,762.9,1.823,0,0.4494,0.9517,0.06,0.8224,6.481,3.6452,0.1208,0.1184,2,nan,0,0.0526,0.0684,0.0,0,0,0
linq,35.0,4.5,eb1168,0.11675778353879479,0,12.8,1,0.42,20000,0.5506,762.9,1.823,0,0.4494,0.9672,0.04,0.8227,6.253,3.6546,0.1194,0.1179,2,nan,0,0.0564,0.071,0.0,0,0,0
linq,35.0,4.5,eb1168,0.11675778353879479,0,12.8,1,0.43,20000,0.5506,762.9,1.823,0,0.4494,0.9781,0.027,0.8133,5.851,3.6417,0.1192,0.1174,2,nan,0,0.0602,0.0696,0.0,0,0,0
linq,35.0,4.5,eb1168,0.11675778353879479,0,12.8,1,0.44,20000,0.5506,762.9,1.823,0,0.4494,0.9848,0.018,0.8263,5.75,3.6701,0.099,0.099,1,nan,0,0.0643,0.0699,0.0,0,0,0
linq,35.0,4.5,eb1168,0.11675778353879479,0,12.8,1,0.45,20000,0.5506,762.9,1.823,0,0.4494,0.9898,0.012,0.8304,5.636,3.6833,0.096,0.096,1,nan,0,0.0663,0.0678,0.0,0,0,0
linq,35.0,4.5,eb1168,0.11675778353879479,0,12.8,1,0.46,20000,0.5506,762.9,1.823,0,0.4494,0.9931,0.008,0.8235,5.478,3.6664,0.0964,0.0964,1,nan,0,0.0672,0.068,0.0,0,0,0
linq,35.0,4.5,eb1168,0.11675778353879479,0,12.8,1,0.47,20000,0.5506,762.9,1.823,0,0.4494,0.995,0.006,0.8649,7.385,3.7085,nan,nan,0,nan,0,0.0677,nan,0.0,0,0,0
linq,35.0,4.5,eb1168,0.11675778353879479,0,12.8,1,0.48,20000,0.5506,762.9,1.823,0,0.4494,0.9965,0.004,0.8947,9.714,3.7439,nan,nan,0,nan,0,0.0679,nan,0.0,0,0,0
linq,35.0,4.5,eb1168,0.11675778353879479,0,12.8,1,0.49,20000,0.5506,762.9,1.823,0,0.4494,0.9975,0.003,0.9273,17.0,3.7614,nan,nan,0,nan,0,0.0677,nan,0.0,0,0,0
linq,35.0,4.5,eb1168,0.11675778353879479,0,12.8,1,0.5,20000,0.5506,762.9,1.823,0,0.4494,0.9983,0.002,0.9211,17.5,3.7307,nan,nan,0,nan,0,0.0659,nan,0.0,0,0,0
linq,35.0,4.5,eb1168,0.11675778353879479,0,12.8,1,0.51,20000,0.5506,762.9,1.823,0,0.4494,0.9988,0.001,0.9259,25.0,3.7405,nan,nan,0,nan,0,0.0661,nan,0.0,0,0,0
linq,35.0,4.5,eb1168,0.11675778353879479,0,12.8,1,0.52,20000,0.5506,762.9,1.823,0,0.4494,0.9992,0.001,0.9412,nan,3.7122,nan,nan,0,nan,0,nan,nan,nan,0,0,0
linq,35.0,4.5,eb154,0.154,1,2.4,0,0.17,20000,0.4756,762.9,1.823,0,0.5244,0.0,18.567,0.0,nan,13.6787,nan,nan,0,5.566,4,nan,nan,nan,0,0,0
linq,35.0,4.5,eb154,0.154,1,2.4,0,0.18,20000,0.4756,762.9,1.823,0,0.5244,0.0,18.419,0.0,nan,13.5305,nan,nan,0,5.231,4,nan,nan,nan,0,0,0
linq,35.0,4.5,eb154,0.154,1,2.4,0,0.19,20000,0.4756,762.9,1.823,0,0.5244,0.0,18.268,0.0,nan,13.3793,nan,nan,0,5.0621,5,nan,nan,nan,0,0,0
linq,35.0,4.5,eb154,0.154,1,2.4,0,0.2,20000,0.4756,762.9,1.823,0,0.5244,0.0,18.127,0.0,nan,13.2382,nan,nan,0,4.7951,5,nan,nan,nan,0,0,0
linq,35.0,4.5,eb154,0.154,1,2.4,0,0.21,20000,0.4756,762.9,1.823,0,0.5244,0.0,17.983,0.0,nan,13.094,nan,nan,0,4.551,5,nan,nan,nan,0,0,0
linq,35.0,4.5,eb154,0.154,1,2.4,0,0.22,20000,0.4756,762.9,1.823,0,0.5244,0.0,17.842,0.0,nan,12.953,nan,nan,0,4.4095,6,nan,nan,nan,0,0,0
linq,35.0,4.5,eb154,0.154,1,2.4,0,0.23,20000,0.4756,762.9,1.823,0,0.5244,0.0,17.695,0.0,nan,12.8063,nan,nan,0,4.2004,6,nan,nan,nan,0,0,0
linq,35.0,4.5,eb154,0.154,1,2.4,0,0.24,20000,0.4756,762.9,1.823,0,0.5244,0.0,17.552,0.0,nan,12.6635,nan,nan,0,4.0188,6,nan,nan,nan,0,0,0
linq,35.0,4.5,eb154,0.154,1,2.4,0,0.25,20000,0.4756,762.9,1.823,0,0.5244,0.0,17.407,0.0,nan,12.5187,nan,nan,0,3.8594,7,nan,nan,nan,0,0,0
linq,35.0,4.5,eb154,0.154,1,2.4,0,0.26,20000,0.4756,762.9,1.823,0,0.5244,0.0,17.264,0.0,nan,12.3758,nan,nan,0,3.7068,7,nan,nan,nan,0,0,0
linq,35.0,4.5,eb154,0.154,1,2.4,0,0.27,20000,0.4756,762.9,1.823,0,0.5244,0.0,17.126,0.0,nan,12.2372,nan,nan,0,3.5457,8,nan,nan,nan,0,0,0
linq,35.0,4.5,eb154,0.154,1,2.4,0,0.28,20000,0.4756,762.9,1.823,0,0.5244,0.0,16.982,0.0,nan,12.0932,nan,nan,0,3.4084,8,nan,nan,nan,0,0,0
linq,35.0,4.5,eb154,0.154,1,2.4,0,0.29,20000,0.4756,762.9,1.823,0,0.5244,0.0,16.838,0.0,nan,11.9493,nan,nan,0,3.2877,8,nan,nan,nan,0,0,0
linq,35.0,4.5,eb154,0.154,1,2.4,0,0.3,20000,0.4756,762.9,1.823,0,0.5244,0.0,16.695,0.0,nan,11.8059,nan,nan,0,3.1802,8,nan,nan,nan,0,0,0
linq,35.0,4.5,eb154,0.154,1,2.4,0,0.31,20000,0.4756,762.9,1.823,0,0.5244,0.0,16.553,0.0,nan,11.6648,nan,nan,0,3.076,8,nan,nan,nan,0,0,0
linq,35.0,4.5,eb154,0.154,1,2.4,0,0.32,20000,0.4756,762.9,1.823,0,0.5244,0.0,16.41,0.0,nan,11.5214,2.4,2.4,1,2.9822,8,nan,nan,nan,0,0,0
linq,35.0,4.5,eb154,0.154,1,2.4,0,0.33,20000,0.4756,762.9,1.823,0,0.5244,0.0,16.267,0.0,nan,11.3787,2.2869,2.2869,1,2.8912,8,nan,nan,nan,0,0,0
linq,35.0,4.5,eb154,0.154,1,2.4,0,0.34,20000,0.4756,762.9,1.823,0,0.5244,0.0,16.13,0.0,nan,11.241,2.209,2.209,1,2.8088,8,nan,nan,nan,0,0,0
linq,35.0,4.5,eb154,0.154,1,2.4,0,0.35,20000,0.4756,762.9,1.823,0,0.5244,0.0,15.986,0.0,nan,11.0974,2.1224,2.1224,1,2.7276,8,nan,nan,nan,0,0,0
linq,35.0,4.5,eb154,0.154,1,2.4,0,0.36,20000,0.4756,762.9,1.823,0,0.5244,0.0,15.846,0.0,nan,10.9573,1.961,1.9574,2,2.6531,8,nan,nan,nan,0,0,0
linq,35.0,4.5,eb154,0.154,1,2.4,0,0.37,20000,0.4756,762.9,1.823,0,0.5244,0.0,15.706,0.0,nan,10.8174,1.8971,1.8931,2,2.583,8,nan,nan,nan,0,0,0
linq,35.0,4.5,eb154,0.154,1,2.4,0,0.38,20000,0.4756,762.9,1.823,0,0.5244,0.0,15.561,0.0,nan,10.6719,1.8494,1.8458,2,2.5145,8,nan,nan,nan,0,0,0
linq,35.0,4.5,eb154,0.154,1,2.4,0,0.39,20000,0.4756,762.9,1.823,0,0.5244,0.0,15.42,0.0,0.0,10.5313,1.708,1.7005,3,2.4524,8,nan,nan,nan,0,0,0
linq,35.0,4.5,eb154,0.154,1,2.4,0,0.4,20000,0.4756,762.9,1.823,0,0.5244,0.0,15.278,0.0,0.0,10.3889,1.6625,1.6543,3,2.3935,8,nan,nan,nan,0,0,0
linq,35.0,4.5,eb154,0.154,1,2.4,0,0.41,20000,0.4756,762.9,1.823,0,0.5244,0.0,15.136,0.0,0.0,10.2474,1.5307,1.5173,4,2.3385,8,nan,nan,nan,0,0,0
linq,35.0,4.5,eb154,0.154,1,2.4,0,0.42,20000,0.4756,762.9,1.823,0,0.5244,0.0,14.996,0.0001,1.0,10.1076,1.4957,1.4818,4,2.2874,8,nan,nan,nan,0,0,0
linq,35.0,4.5,eb154,0.154,1,2.4,0,0.43,20000,0.4756,762.9,1.823,0,0.5244,0.0,14.855,0.0002,1.5,9.9667,1.4563,1.4426,4,2.237,8,nan,nan,nan,0,0,0
linq,35.0,4.5,eb154,0.154,1,2.4,0,0.44,20000,0.4756,762.9,1.823,0,0.5244,0.0,14.714,0.0002,1.333,9.8255,1.334,1.311,5,2.189,8,nan,nan,nan,0,0,0
linq,35.0,4.5,eb154,0.154,1,2.4,0,0.45,20000,0.4756,762.9,1.823,0,0.5244,0.0,14.573,0.0002,0.667,9.6846,1.3033,1.2819,5,2.1429,8,nan,nan,nan,0,0,0
linq,35.0,4.5,eb154,0.154,1,2.4,0,0.46,20000,0.4756,762.9,1.823,0,0.5244,0.0001,14.437,0.0002,0.273,9.5491,1.2731,1.2519,5,2.1017,8,nan,nan,nan,0,0,0
linq,35.0,4.5,eb154,0.154,1,2.4,0,0.47,20000,0.4756,762.9,1.823,0,0.5244,0.0002,14.296,0.0002,0.25,9.4096,1.1632,1.1298,6,2.0608,8,nan,nan,nan,0,0,0
linq,35.0,4.5,eb154,0.154,1,2.4,0,0.48,20000,0.4756,762.9,1.823,0,0.5244,0.0002,14.156,0.0002,0.211,9.2692,1.1367,1.1039,6,2.0226,8,nan,nan,nan,0,0,0
linq,35.0,4.5,eb154,0.154,1,2.4,0,0.49,20000,0.4756,762.9,1.823,0,0.5244,0.0002,14.012,0.0005,0.45,9.1263,1.0302,0.9776,7,1.9851,8,nan,0.3797,nan,0,0,0
linq,35.0,4.5,eb154,0.154,1,2.4,0,0.5,20000,0.4756,762.9,1.823,0,0.5244,0.0002,13.873,0.0006,0.444,8.987,1.009,0.9572,7,1.949,8,nan,0.3698,nan,0,0,0
linq,35.0,4.5,eb154,0.154,1,2.4,0,0.51,20000,0.4756,762.9,1.823,0,0.5244,0.0002,13.737,0.0008,0.4,8.8509,0.9875,0.937,7,1.9163,8,nan,0.3618,nan,0,0,0
linq,35.0,4.5,eb154,0.154,1,2.4,0,0.52,20000,0.4756,762.9,1.823,0,0.5244,0.0003,13.591,0.0011,0.404,8.7071,0.9655,0.9158,7,1.8825,8,0.3842,0.3509,0.0,0,0,0
linq,35.0,4.5,eb154,0.154,1,3.2,0,0.17,20000,0.4756,762.9,1.823,0,0.5244,0.0,17.023,0.0,nan,12.134,nan,nan,0,3.9849,6,nan,nan,nan,0,0,0
linq,35.0,4.5,eb154,0.154,1,3.2,0,0.18,20000,0.4756,762.9,1.823,0,0.5244,0.0,16.793,0.0,nan,11.9044,nan,nan,0,3.6783,6,nan,nan,nan,0,0,0
linq,35.0,4.5,eb154,0.154,1,3.2,0,0.19,20000,0.4756,762.9,1.823,0,0.5244,0.0,16.56,0.0,nan,11.6713,nan,nan,0,3.5073,7,nan,nan,nan,0,0,0
linq,35.0,4.5,eb154,0.154,1,3.2,0,0.2,20000,0.4756,762.9,1.823,0,0.5244,0.0,16.331,0.0,nan,11.4424,nan,nan,0,3.2676,7,nan,nan,nan,0,0,0
linq,35.0,4.5,eb154,0.154,1,3.2,0,0.21,20000,0.4756,762.9,1.823,0,0.5244,0.0,16.108,0.0,nan,11.2197,nan,nan,0,3.1125,8,nan,nan,nan,0,0,0
linq,35.0,4.5,eb154,0.154,1,3.2,0,0.22,20000,0.4756,762.9,1.823,0,0.5244,0.0,15.874,0.0,nan,10.985,nan,nan,0,2.9175,8,nan,nan,nan,0,0,0
linq,35.0,4.5,eb154,0.154,1,3.2,0,0.23,20000,0.4756,762.9,1.823,0,0.5244,0.0,15.643,0.0,nan,10.7541,nan,nan,0,2.7553,8,nan,nan,nan,0,0,0
linq,35.0,4.5,eb154,0.154,1,3.2,0,0.24,20000,0.4756,762.9,1.823,0,0.5244,0.0,15.414,0.0,nan,10.5258,nan,nan,0,2.6099,8,nan,nan,nan,0,0,0
linq,35.0,4.5,eb154,0.154,1,3.2,0,0.25,20000,0.4756,762.9,1.823,0,0.5244,0.0,15.189,0.0,nan,10.3012,2.3782,2.3782,1,2.4774,8,nan,nan,nan,0,0,0
linq,35.0,4.5,eb154,0.154,1,3.2,0,0.26,20000,0.4756,762.9,1.823,0,0.5244,0.0,14.959,0.0,nan,10.0728,2.2043,2.2043,1,2.3587,8,nan,nan,nan,0,0,0
linq,35.0,4.5,eb154,0.154,1,3.2,0,0.27,20000,0.4756,762.9,1.823,0,0.5244,0.0,14.734,0.0,nan,9.8487,2.0278,2.0266,2,2.2498,8,nan,nan,nan,0,0,0
linq,35.0,4.5,eb154,0.154,1,3.2,0,0.28,20000,0.4756,762.9,1.823,0,0.5244,0.0,14.502,0.0,nan,9.6173,1.9056,1.9036,2,2.1501,8,nan,nan,nan,0,0,0
linq,35.0,4.5,eb154,0.154,1,3.2,0,0.29,20000,0.4756,762.9,1.823,0,0.5244,0.0,14.273,0.0,nan,9.3901,1.7496,1.7455,3,2.0604,8,nan,nan,nan,0,0,0
linq,35.0,4.5,eb154,0.154,1,3.2,0,0.3,20000,0.4756,762.9,1.823,0,0.5244,0.0,14.045,0.0,nan,9.1622,1.6633,1.6588,3,1.9792,8,nan,nan,nan,0,0,0
linq,35.0,4.5,eb154,0.154,1,3.2,0,0.31,20000,0.4756,762.9,1.823,0,0.5244,0.0,13.818,0.0,nan,8.9356,1.5189,1.5108,4,1.9048,8,nan,nan,nan,0,0,0
linq,35.0,4.5,eb154,0.154,1,3.2,0,0.32,20000,0.4756,762.9,1.823,0,0.5244,0.0,13.593,0.0,0.0,8.7119,1.4475,1.4396,4,1.8362,8,nan,nan,nan,0,0,0
linq,35.0,4.5,eb154,0.154,1,3.2,0,0.33,20000,0.4756,762.9,1.823,0,0.5244,0.0,13.364,0.0,0.0,8.4829,1.3853,1.3773,4,1.7732,8,nan,nan,nan,0,0,0
linq,35.0,4.5,eb154,0.154,1,3.2,0,0.34,20000,0.4756,762.9,1.823,0,0.5244,0.0,13.133,0.0001,0.333,8.2526,1.2634,1.2495,5,1.7146,8,nan,nan,nan,0,0,0
linq,35.0,4.5,eb154,0.154,1,3.2,0,0.35,20000,0.4756,762.9,1.823,0,0.5244,0.0,12.906,0.0002,0.75,8.0268,1.1429,1.1206,6,1.6595,8,nan,nan,nan,0,0,0
linq,35.0,4.5,eb154,0.154,1,3.2,0,0.36,20000,0.4756,762.9,1.823,0,0.5244,0.0,12.677,0.0002,0.364,7.8013,1.0961,1.074,6,1.6087,8,nan,nan,nan,0,0,0
linq,35.0,4.5,eb154,0.154,1,3.2,0,0.37,20000,0.4756,762.9,1.823,0,0.5244,0.0,12.45,0.0003,0.25,7.5767,0.9815,0.9443,7,1.5626,8,nan,0.3965,nan,0,0,0
linq,35.0,4.5,eb154,0.154,1,3.2,0,0.38,20000,0.4756,762.9,1.823,0,0.5244,0.0001,12.227,0.0003,0.231,7.3586,0.9486,0.9131,7,1.5201,8,nan,0.3836,nan,0,0,0
linq,35.0,4.5,eb154,0.154,1,3.2,0,0.39,20000,0.4756,762.9,1.823,0,0.5244,0.0002,11.996,0.0007,0.289,7.129,0.9133,0.8781,7,1.4788,8,nan,0.3641,nan,0,0,0
linq,35.0,4.5,eb154,0.154,1,3.2,0,0.4,20000,0.4756,762.9,1.823,0,0.5244,0.0002,11.773,0.0011,0.28,6.908,0.8816,0.847,7,1.4424,8,0.3862,0.3479,0.0,0,0,0
linq,35.0,4.5,eb154,0.154,1,3.2,0,0.41,20000,0.4756,762.9,1.823,0,0.5244,0.0003,11.551,0.0015,0.257,6.6874,0.8526,0.8198,7,1.4085,8,0.3768,0.3397,0.0,0,0,0
linq,35.0,4.5,eb154,0.154,1,3.2,0,0.42,20000,0.4756,762.9,1.823,0,0.5244,0.0004,11.321,0.0028,0.325,6.4589,0.823,0.7908,7,1.3769,8,0.3607,0.3268,0.0,0,0,0
linq,35.0,4.5,eb154,0.154,1,3.2,0,0.43,20000,0.4756,762.9,1.823,0,0.5244,0.0007,11.097,0.0042,0.38,6.24,0.7979,0.767,7,1.3487,8,0.3439,0.3181,0.0,0,0,0
linq,35.0,4.5,eb154,0.154,1,3.2,0,0.44,20000,0.4756,762.9,1.823,0,0.5244,0.0012,10.88,0.0059,0.433,6.028,0.7731,0.7429,7,1.3234,8,0.3338,0.3091,0.0,0,0,0
linq,35.0,4.5,eb154,0.154,1,3.2,0,0.45,20000,0.4756,762.9,1.823,0,0.5244,0.0016,10.657,0.0089,0.531,5.8112,0.7485,0.719,7,1.2994,8,0.3241,0.2985,0.0,0,0,0
linq,35.0,4.5,eb154,0.154,1,3.2,0,0.46,20000,0.4756,762.9,1.823,0,0.5244,0.0024,10.439,0.0115,0.595,5.6058,0.7274,0.6987,7,1.2768,8,0.3159,0.2908,0.0,0,0,0
linq,35.0,4.5,eb154,0.154,1,3.2,0,0.47,20000,0.4756,762.9,1.823,0,0.5244,0.0037,10.219,0.015,0.682,5.4042,0.7058,0.6778,7,1.2569,8,0.3072,0.2813,0.0,0,0,0
linq,35.0,4.5,eb154,0.154,1,3.2,0,0.48,20000,0.4756,762.9,1.823,0,0.5244,0.0055,10.002,0.0175,0.662,5.2067,0.6855,0.658,7,1.2375,8,0.2999,0.2719,0.0,0,0,0
linq,35.0,4.5,eb154,0.154,1,3.2,0,0.49,20000,0.4756,762.9,1.823,0,0.5244,0.0075,9.792,0.0221,0.761,5.0189,0.6671,0.6401,7,1.2207,8,0.2912,0.2626,0.0,0,0,0
linq,35.0,4.5,eb154,0.154,1,3.2,0,0.5,20000,0.4756,762.9,1.823,0,0.5244,0.0109,9.577,0.0246,0.725,4.8384,0.6492,0.6228,7,1.2047,8,0.2833,0.2556,0.0,0,0,0
linq,35.0,4.5,eb154,0.154,1,3.2,0,0.51,20000,0.4756,762.9,1.823,0,0.5244,0.0139,9.368,0.0288,0.738,4.6586,0.6316,0.6058,7,1.1909,8,0.2756,0.2485,0.0,0,0,0
linq,35.0,4.5,eb154,0.154,1,3.2,0,0.52,20000,0.4756,762.9,1.823,0,0.5244,0.0179,9.164,0.0328,0.762,4.4907,0.6166,0.5914,7,1.1781,8,0.2667,0.2435,0.0,0,0,0
linq,35.0,4.5,eb154,0.154,1,4.8,0,0.17,20000,0.4756,762.9,1.823,0,0.5244,0.0,14.481,0.0,nan,9.6184,nan,nan,0,2.3272,8,nan,nan,nan,0,0,0
linq,35.0,4.5,eb154,0.154,1,4.8,0,0.18,20000,0.4756,762.9,1.823,0,0.5244,0.0,14.109,0.0,nan,9.2484,nan,nan,0,2.1087,8,nan,nan,nan,0,0,0
linq,35.0,4.5,eb154,0.154,1,4.8,0,0.19,20000,0.4756,762.9,1.823,0,0.5244,0.0,13.727,0.0,nan,8.8773,2.4439,2.4439,1,1.9235,8,nan,nan,nan,0,0,0
linq,35.0,4.5,eb154,0.154,1,4.8,0,0.2,20000,0.4756,762.9,1.823,0,0.5244,0.0,13.353,0.0,nan,8.5129,2.1718,2.1718,1,1.773,8,nan,nan,nan,0,0,0
linq,35.0,4.5,eb154,0.154,1,4.8,0,0.21,20000,0.4756,762.9,1.823,0,0.5244,0.0,12.978,0.0,nan,8.1445,1.9468,1.9465,2,1.6516,8,nan,nan,nan,0,0,0
linq,35.0,4.5,eb154,0.154,1,4.8,0,0.22,20000,0.4756,762.9,1.823,0,0.5244,0.0,12.601,0.0,nan,7.7702,1.7693,1.7687,2,1.5521,8,nan,nan,nan,0,0,0
linq,35.0,4.5,eb154,0.154,1,4.8,0,0.23,20000,0.4756,762.9,1.823,0,0.5244,0.0,12.227,0.0,nan,7.4068,1.5754,1.5744,3,1.4706,8,nan,nan,nan,0,0,0
linq,35.0,4.5,eb154,0.154,1,4.8,0,0.24,20000,0.4756,762.9,1.823,0,0.5244,0.0,11.853,0.0,nan,7.0467,1.4158,1.4142,4,1.3977,8,nan,nan,nan,0,0,0
linq,35.0,4.5,eb154,0.154,1,4.8,0,0.25,20000,0.4756,762.9,1.823,0,0.5244,0.0,11.474,0.0,nan,6.6779,1.2923,1.2903,4,1.3368,8,nan,nan,nan,0,0,0
linq,35.0,4.5,eb154,0.154,1,4.8,0,0.26,20000,0.4756,762.9,1.823,0,0.5244,0.0,11.102,0.0,0.0,6.3144,1.1551,1.1507,5,1.296,8,nan,nan,nan,0,0,0
linq,35.0,4.5,eb154,0.154,1,4.8,0,0.27,20000,0.4756,762.9,1.823,0,0.5244,0.0,10.723,0.0,0.0,5.9597,1.0259,1.0179,6,1.2536,8,nan,nan,nan,0,0,0
linq,35.0,4.5,eb154,0.154,1,4.8,0,0.28,20000,0.4756,762.9,1.823,0,0.5244,0.0,10.346,0.0002,0.3,5.6009,0.9487,0.9402,6,1.2192,8,nan,nan,nan,0,0,0
linq,35.0,4.5,eb154,0.154,1,4.8,0,0.29,20000,0.4756,762.9,1.823,0,0.5244,0.0,9.971,0.0002,0.154,5.2385,0.8365,0.8208,7,1.1873,8,nan,0.3944,nan,0,0,0
linq,35.0,4.5,eb154,0.154,1,4.8,0,0.3,20000,0.4756,762.9,1.823,0,0.5244,0.0,9.604,0.0005,0.135,4.8954,0.7798,0.7642,7,1.1666,8,nan,0.3587,nan,0,0,0
linq,35.0,4.5,eb154,0.154,1,4.8,0,0.31,20000,0.4756,762.9,1.823,0,0.5244,0.0001,9.231,0.0012,0.136,4.5506,0.7293,0.7146,7,1.146,8,0.3932,0.336,0.0,0,0,0
linq,35.0,4.5,eb154,0.154,1,4.8,0,0.32,20000,0.4756,762.9,1.823,0,0.5244,0.0002,8.859,0.0029,0.184,4.2045,0.6847,0.6708,7,1.1342,8,0.3633,0.3165,0.0,0,0,0
linq,35.0,4.5,eb154,0.154,1,4.8,0,0.33,20000,0.4756,762.9,1.823,0,0.5244,0.0004,8.493,0.0066,0.271,3.8702,0.6441,0.6308,7,1.0455,7,0.3406,0.2994,0.0,0,0,0
linq,35.0,4.5,eb154,0.154,1,4.8,0,0.34,20000,0.4756,762.9,1.823,0,0.5244,0.0009,8.134,0.0129,0.389,3.5525,0.6078,0.5949,7,1.0298,7,0.3203,0.2804,0.0,0,0,0
linq,35.0,4.5,eb154,0.154,1,4.8,0,0.35,20000,0.4756,762.9,1.823,0,0.5244,0.0019,7.782,0.0211,0.465,3.2361,0.5745,0.5618,7,1.0182,7,0.3056,0.2629,0.0,0,0,0
linq,35.0,4.5,eb154,0.154,1,4.8,0,0.36,20000,0.4756,762.9,1.823,0,0.5244,0.0046,7.43,0.0312,0.54,2.9408,0.5444,0.532,7,1.0129,7,0.2897,0.2477,0.0,0,0,0
linq,35.0,4.5,eb154,0.154,1,4.8,0,0.37,20000,0.4756,762.9,1.823,0,0.5244,0.0092,7.091,0.0432,0.616,2.6802,0.5174,0.5052,7,1.0116,7,0.2724,0.2341,0.0,0,1,0
linq,35.0,4.5,eb154,0.154,1,4.8,0,0.38,20000,0.4756,762.9,1.823,0,0.5244,0.0158,6.755,0.0575,0.724,2.4287,0.4922,0.4803,7,1.0104,7,0.258,0.2214,0.0,0,1,0
linq,35.0,4.5,eb154,0.154,1,4.8,0,0.39,20000,0.4756,762.9,1.823,0,0.5244,0.0251,6.429,0.0722,0.82,2.2085,0.4691,0.4575,7,1.0063,7,0.2446,0.2105,0.0,0,1,0
linq,35.0,4.5,eb154,0.154,1,4.8,0,0.4,20000,0.4756,762.9,1.823,0,0.5244,0.0368,6.116,0.089,0.964,2.0158,0.4487,0.4373,7,0.9967,7,0.2315,0.2004,0.0,0,1,0
linq,35.0,4.5,eb154,0.154,1,4.8,0,0.41,20000,0.4756,762.9,1.823,0,0.5244,0.0515,5.81,0.1029,1.032,1.8345,0.4295,0.4182,7,0.91,6,0.2208,0.1911,0.0,0,1,0
linq,35.0,4.5,eb154,0.154,1,4.8,0,0.42,20000,0.4756,762.9,1.823,0,0.5244,0.0689,5.516,0.1164,1.092,1.7017,0.4123,0.401,7,0.9112,6,0.211,0.1813,0.0,0,1,0
linq,35.0,4.5,eb154,0.154,1,4.8,0,0.43,20000,0.4756,762.9,1.823,0,0.5244,0.0906,5.23,0.1266,1.132,1.5844,0.3963,0.3851,7,0.9173,6,0.201,0.1731,0.0,0,1,0
linq,35.0,4.5,eb154,0.154,1,4.8,0,0.44,20000,0.4756,762.9,1.823,0,0.5244,0.1123,4.952,0.1391,1.186,1.4747,0.3809,0.3697,7,0.9215,6,0.1925,0.1652,0.0,0,1,0
linq,35.0,4.5,eb154,0.154,1,4.8,0,0.45,20000,0.4756,762.9,1.823,0,0.5244,0.1377,4.693,0.148,1.248,1.4035,0.3675,0.3564,7,0.9194,6,0.1839,0.1583,0.0,0,1,0
linq,35.0,4.5,eb154,0.154,1,4.8,0,0.46,20000,0.4756,762.9,1.823,0,0.5244,0.1624,4.444,0.1585,1.297,1.3256,0.3549,0.3438,7,0.9203,6,0.1758,0.1518,0.0,0,1,0
linq,35.0,4.5,eb154,0.154,1,4.8,0,0.47,20000,0.4756,762.9,1.823,0,0.5244,0.1876,4.2,0.1676,1.35,1.2634,0.3427,0.3318,7,0.9221,6,0.1685,0.1453,0.0,0,0,0
linq,35.0,4.5,eb154,0.154,1,4.8,0,0.48,20000,0.4756,762.9,1.823,0,0.5244,0.2133,3.977,0.1753,1.373,1.2191,0.3323,0.3214,7,0.8351,5,0.1618,0.1401,0.0,0,0,0
linq,35.0,4.5,eb154,0.154,1,4.8,0,0.49,20000,0.4756,762.9,1.823,0,0.5244,0.2407,3.758,0.18,1.354,1.1808,0.3224,0.3114,7,0.8464,5,0.1555,0.1353,0.0,0,0,0
linq,35.0,4.5,eb154,0.154,1,4.8,0,0.5,20000,0.4756,762.9,1.823,0,0.5244,0.2676,3.55,0.1862,1.35,1.1439,0.3128,0.3018,7,0.8538,5,0.1495,0.1302,0.0,0,0,0
linq,35.0,4.5,eb154,0.154,1,4.8,0,0.51,20000,0.4756,762.9,1.823,0,0.5244,0.2947,3.354,0.1929,1.423,1.1337,0.304,0.2931,7,0.8566,5,0.1438,0.1258,0.0,1,0,0
linq,35.0,4.5,eb154,0.154,1,4.8,0,0.52,20000,0.4756,762.9,1.823,0,0.5244,0.3203,3.168,0.1989,1.44,1.1165,0.2965,0.2854,7,0.8645,5,0.1384,0.1219,0.0,1,0,0
linq,35.0,4.5,eb154,0.154,1,6.4,0,0.17,20000,0.4756,762.9,1.823,0,0.5244,0.0,12.599,0.0,nan,7.8193,2.3519,2.3519,1,1.5958,8,nan,nan,nan,0,0,0
linq,35.0,4.5,eb154,0.154,1,6.4,0,0.18,20000,0.4756,762.9,1.823,0,0.5244,0.0,12.118,0.0,nan,7.3724,2.0354,2.0353,2,1.4724,8,nan,nan,nan,0,0,0
linq,35.0,4.5,eb154,0.154,1,6.4,0,0.19,20000,0.4756,762.9,1.823,0,0.5244,0.0,11.633,0.0,nan,6.9111,1.7528,1.7528,2,1.369,8,nan,nan,nan,0,0,0
linq,35.0,4.5,eb154,0.154,1,6.4,0,0.2,20000,0.4756,762.9,1.823,0,0.5244,0.0,11.146,0.0,nan,6.4548,1.5311,1.5311,3,1.2459,7,nan,nan,nan,0,0,0
linq,35.0,4.5,eb154,0.154,1,6.4,0,0.21,20000,0.4756,762.9,1.823,0,0.5244,0.0,10.658,0.0,nan,6.0117,1.3409,1.3409,4,1.1773,7,nan,nan,nan,0,0,0
linq,35.0,4.5,eb154,0.154,1,6.4,0,0.22,20000,0.4756,762.9,1.823,0,0.5244,0.0,10.179,0.0,nan,5.5595,1.1793,1.1792,4,1.1287,7,nan,nan,nan,0,0,0
linq,35.0,4.5,eb154,0.154,1,6.4,0,0.23,20000,0.4756,762.9,1.823,0,0.5244,0.0,9.685,0.0,nan,5.1291,1.0296,1.029,5,1.0903,7,nan,nan,nan,0,0,0
linq,35.0,4.5,eb154,0.154,1,6.4,0,0.24,20000,0.4756,762.9,1.823,0,0.5244,0.0,9.201,0.0,0.0,4.6926,0.8961,0.8941,6,0.9916,6,nan,nan,nan,0,0,0
linq,35.0,4.5,eb154,0.154,1,6.4,0,0.25,20000,0.4756,762.9,1.823,0,0.5244,0.0,8.717,0.0,0.0,4.2758,0.8038,0.8018,6,0.9674,6,nan,nan,nan,0,0,0
linq,35.0,4.5,eb154,0.154,1,6.4,0,0.26,20000,0.4756,762.9,1.823,0,0.5244,0.0,8.232,0.0002,0.06,3.8518,0.696,0.6903,7,0.9485,6,nan,0.3683,nan,0,0,0
linq,35.0,4.5,eb154,0.154,1,6.4,0,0.27,20000,0.4756,762.9,1.823,0,0.5244,0.0,7.755,0.0008,0.068,3.4572,0.6314,0.6258,7,0.9429,6,nan,0.3318,nan,0,0,0
linq,35.0,4.5,eb154,0.154,1,6.4,0,0.28,20000,0.4756,762.9,1.823,0,0.5244,0.0001,7.282,0.0031,0.114,3.0653,0.5762,0.5712,7,0.9396,6,0.3662,0.3051,0.0,0,0,0
linq,35.0,4.5,eb154,0.154,1,6.4,0,0.29,20000,0.4756,762.9,1.823,0,0.5244,0.0002,6.819,0.011,0.241,2.7071,0.5275,0.5225,7,0.8415,5,0.3301,0.2764,0.0,0,1,0
linq,35.0,4.5,eb154,0.154,1,6.4,0,0.3,20000,0.4756,762.9,1.823,0,0.5244,0.0009,6.366,0.0246,0.351,2.3549,0.4854,0.4803,7,0.8438,5,0.3052,0.2519,0.0,0,1,0
linq,35.0,4.5,eb154,0.154,1,6.4,0,0.31,20000,0.4756,762.9,1.823,0,0.5244,0.0032,5.922,0.0445,0.467,2.0584,0.4488,0.4436,7,0.8486,5,0.282,0.23,0.0,0,1,0
linq,35.0,4.5,eb154,0.154,1,6.4,0,0.32,20000,0.4756,762.9,1.823,0,0.5244,0.0095,5.497,0.0717,0.641,1.7971,0.4173,0.412,7,0.8569,5,0.2589,0.2123,0.0,0,1,0
linq,35.0,4.5,eb154,0.154,1,6.4,0,0.33,20000,0.4756,762.9,1.823,0,0.5244,0.021,5.087,0.1016,0.811,1.5843,0.3893,0.3839,7,0.7596,4,0.2384,0.1958,0.0,0,1,0
linq,35.0,4.5,eb154,0.154,1,6.4,0,0.34,20000,0.4756,762.9,1.823,0,0.5244,0.0387,4.695,0.1311,0.954,1.4341,0.3654,0.3596,7,0.7739,4,0.2212,0.1805,0.0,0,1,0
linq,35.0,4.5,eb154,0.154,1,6.4,0,0.35,20000,0.4756,762.9,1.823,0,0.5244,0.0648,4.318,0.1567,1.068,1.3204,0.3436,0.3377,7,0.794,4,0.2058,0.1673,0.0,0,0,0
linq,35.0,4.5,eb154,0.154,1,6.4,0,0.36,20000,0.4756,762.9,1.823,0,0.5244,0.0966,3.96,0.1816,1.193,1.2693,0.3249,0.3186,7,0.7983,4,0.1912,0.1556,0.0,0,0,0
linq,35.0,4.5,eb154,0.154,1,6.4,0,0.37,20000,0.4756,762.9,1.823,0,0.5244,0.1367,3.624,0.2008,1.281,1.252,0.3077,0.3013,7,0.8056,4,0.1779,0.145,0.0,1,0,0
linq,35.0,4.5,eb154,0.154,1,6.4,0,0.38,20000,0.4756,762.9,1.823,0,0.5244,0.1773,3.307,0.2192,1.358,1.2528,0.2931,0.2863,7,0.7536,3,0.1658,0.1359,0.0,1,0,0
linq,35.0,4.5,eb154,0.154,1,6.4,0,0.39,20000,0.4756,762.9,1.823,0,0.5244,0.2188,3.017,0.2351,1.412,1.2926,0.2797,0.2727,7,0.7658,3,0.1554,0.1278,0.0,1,0,0
linq,35.0,4.5,eb154,0.154,1,6.4,0,0.4,20000,0.4756,762.9,1.823,0,0.5244,0.2645,2.745,0.2471,1.458,1.3548,0.2682,0.2609,7,0.7686,3,0.1455,0.1206,0.0,1,0,0
linq,35.0,4.5,eb154,0.154,1,6.4,0,0.41,20000,0.4756,762.9,1.823,0,0.5244,0.308,2.491,0.2604,1.518,1.4296,0.2577,0.2501,7,0.7635,3,0.1369,0.114,0.0,1,0,0
linq,35.0,4.5,eb154,0.154,1,6.4,0,0.42,20000,0.4756,762.9,1.823,0,0.5244,0.3512,2.261,0.2701,1.53,1.4956,0.2505,0.242,7,0.7058,2,0.1292,0.1084,0.0,1,0,0
linq,35.0,4.5,eb154,0.154,1,6.4,0,0.43,20000,0.4756,762.9,1.823,0,0.5244,0.3926,2.05,0.2807,1.561,1.5734,0.2463,0.2358,7,0.7163,2,0.1224,0.1026,0.0,1,0,0
linq,35.0,4.5,eb154,0.154,1,6.4,0,0.44,20000,0.4756,762.9,1.823,0,0.5244,0.4329,1.852,0.2903,1.575,1.6626,0.2419,0.2299,7,0.7112,2,0.1161,0.0973,0.0,1,0,0
linq,35.0,4.5,eb154,0.154,1,6.4,0,0.45,20000,0.4756,762.9,1.823,0,0.5244,0.4712,1.674,0.2992,1.551,1.7452,0.2409,0.2261,7,0.7114,2,0.1104,0.0929,0.0,1,0,0
linq,35.0,4.5,eb154,0.154,1,6.4,0,0.46,20000,0.4756,762.9,1.823,0,0.5244,0.5084,1.51,0.3088,1.555,1.8203,0.2387,0.2222,7,0.6516,1,0.1048,0.089,0.0,0,0,0
linq,35.0,4.5,eb154,0.154,1,6.4,0,0.47,20000,0.4756,762.9,1.823,0,0.5244,0.5405,1.362,0.3204,1.565,1.9255,0.238,0.2194,7,0.6564,1,0.1002,0.0857,0.0,0,0,0
linq,35.0,4.5,eb154,0.154,1,6.4,0,0.48,20000,0.4756,762.9,1.823,0,0.5244,0.5735,1.227,0.3318,1.609,2.0121,0.2394,0.2179,7,0.6614,1,0.0958,0.0822,0.0,0,0,0
linq,35.0,4.5,eb154,0.154,1,6.4,0,0.49,20000,0.4756,762.9,1.823,0,0.5244,0.6027,1.107,0.3452,1.655,2.1026,0.2405,0.2167,7,0.6678,1,0.0916,0.0793,0.0,0,0,0
linq,35.0,4.5,eb154,0.154,1,6.4,0,0.5,20000,0.4756,762.9,1.823,0,0.5244,0.632,0.989,0.3614,1.698,2.2011,0.2413,0.2152,7,0.6536,1,0.0877,0.0765,0.0,0,0,0
linq,35.0,4.5,eb154,0.154,1,6.4,0,0.51,20000,0.4756,762.9,1.823,0,0.5244,0.6596,0.888,0.3701,1.704,2.279,0.2424,0.2147,7,nan,0,0.0846,0.0743,0.0,0,0,0
linq,35.0,4.5,eb154,0.154,1,6.4,0,0.52,20000,0.4756,762.9,1.823,0,0.5244,0.6851,0.797,0.3835,1.736,2.3584,0.2429,0.2142,7,nan,0,0.0815,0.072,0.0,0,0,0
linq,35.0,4.5,eb154,0.154,1,9.6,1,0.17,20000,0.4756,762.9,1.823,0,0.5244,0.0,10.124,0.0,nan,5.7284,1.4985,1.497,2,0.9824,5,nan,nan,nan,0,0,0
linq,35.0,4.5,eb154,0.154,1,9.6,1,0.18,20000,0.4756,762.9,1.823,0,0.5244,0.0,9.493,0.0,nan,5.1883,1.2628,1.2597,3,0.9197,5,nan,nan,nan,0,0,0
linq,35.0,4.5,eb154,0.154,1,9.6,1,0.19,20000,0.4756,762.9,1.823,0,0.5244,0.0,8.862,0.0,nan,4.6896,1.0645,1.0606,4,0.8906,5,nan,nan,nan,0,0,0
linq,35.0,4.5,eb154,0.154,1,9.6,1,0.2,20000,0.4756,762.9,1.823,0,0.5244,0.0,8.232,0.0,nan,4.1915,0.8971,0.8938,5,0.7816,4,nan,nan,nan,0,0,0
linq,35.0,4.5,eb154,0.154,1,9.6,1,0.21,20000,0.4756,762.9,1.823,0,0.5244,0.0,7.597,0.0,nan,3.7004,0.754,0.7518,6,0.7752,4,nan,nan,nan,0,0,0
linq,35.0,4.5,eb154,0.154,1,9.6,1,0.22,20000,0.4756,762.9,1.823,0,0.5244,0.0,6.969,0.0,0.0,3.2679,0.6323,0.6311,6,0.7837,4,nan,nan,nan,0,1,0
linq,35.0,4.5,eb154,0.154,1,9.6,1,0.23,20000,0.4756,762.9,1.823,0,0.5244,0.0,6.348,0.0002,0.021,2.8516,0.5334,0.5327,7,0.7144,3,nan,0.3509,nan,0,1,0
linq,35.0,4.5,eb154,0.154,1,9.6,1,0.24,20000,0.4756,762.9,1.823,0,0.5244,0.0,5.732,0.0013,0.036,2.4641,0.4594,0.4591,7,0.7399,3,0.4011,0.3012,0.0,0,1,0
linq,35.0,4.5,eb154,0.154,1,9.6,1,0.25,20000,0.4756,762.9,1.823,0,0.5244,0.0,5.144,0.011,0.123,2.1343,0.4011,0.4008,7,0.688,2,0.3331,0.2583,0.0,0,1,0
linq,35.0,4.5,eb154,0.154,1,9.6,1,0.26,20000,0.4756,762.9,1.823,0,0.5244,0.0003,4.585,0.0404,0.272,1.8894,0.3547,0.3542,7,0.6991,2,0.2926,0.2225,0.0,0,1,0
linq,35.0,4.5,eb154,0.154,1,9.6,1,0.27,20000,0.4756,762.9,1.823,0,0.5244,0.0027,4.046,0.0968,0.51,1.7334,0.3178,0.3167,7,0.7107,2,0.2568,0.1924,0.0,0,0,0
linq,35.0,4.5,eb154,0.154,1,9.6,1,0.28,20000,0.4756,762.9,1.823,0,0.5244,0.0158,3.549,0.1685,0.824,1.7251,0.2927,0.2901,7,0.6518,1,0.226,0.1672,0.0,0,0,0
linq,35.0,4.5,eb154,0.154,1,9.6,1,0.29,20000,0.4756,762.9,1.823,0,0.5244,0.0475,3.078,0.235,1.103,1.8165,0.2765,0.2704,7,0.6575,1,0.1997,0.1464,0.0,1,0,0
linq,35.0,4.5,eb154,0.154,1,9.6,1,0.3,20000,0.4756,762.9,1.823,0,0.5244,0.1033,2.648,0.2879,1.332,1.9799,0.2653,0.2556,7,nan,0,0.1763,0.1297,0.0,1,0,0
linq,35.0,4.5,eb154,0.154,1,9.6,1,0.31,20000,0.4756,762.9,1.823,0,0.5244,0.1774,2.248,0.3276,1.487,2.1558,0.2592,0.2449,7,nan,0,0.1558,0.1159,0.0,0,0,0
linq,35.0,4.5,eb154,0.154,1,9.6,1,0.32,20000,0.4756,762.9,1.823,0,0.5244,0.2571,1.896,0.361,1.618,2.3358,0.2541,0.2362,7,nan,0,0.1388,0.1042,0.0,0,0,0
linq,35.0,4.5,eb154,0.154,1,9.6,1,0.33,20000,0.4756,762.9,1.823,0,0.5244,0.341,1.582,0.3873,1.663,2.4885,0.2522,0.2303,7,nan,0,0.1243,0.0943,0.0,0,0,0
linq,35.0,4.5,eb154,0.154,1,9.6,1,0.34,20000,0.4756,762.9,1.823,0,0.5244,0.4183,1.314,0.4138,1.724,2.6296,0.2537,0.2275,7,nan,0,0.1124,0.0863,0.0,0,0,0
linq,35.0,4.5,eb154,0.154,1,9.6,1,0.35,20000,0.4756,762.9,1.823,0,0.5244,0.4928,1.083,0.4391,1.772,2.7536,0.2516,0.2238,7,nan,0,0.1019,0.0796,0.0,0,0,0
linq,35.0,4.5,eb154,0.154,1,9.6,1,0.36,20000,0.4756,762.9,1.823,0,0.5244,0.5586,0.887,0.4721,1.906,2.8803,0.221,0.1988,6,nan,0,0.0931,0.0744,0.0,0,0,0
linq,35.0,4.5,eb154,0.154,1,9.6,1,0.37,20000,0.4756,762.9,1.823,0,0.5244,0.6196,0.724,0.5001,1.97,2.9851,0.2216,0.1979,6,nan,0,0.0859,0.0697,0.0,0,0,0
linq,35.0,4.5,eb154,0.154,1,9.6,1,0.38,20000,0.4756,762.9,1.823,0,0.5244,0.6742,0.585,0.533,2.08,3.0924,0.1927,0.1751,5,nan,0,0.0796,0.0658,0.0,0,0,0
linq,35.0,4.5,eb154,0.154,1,9.6,1,0.39,20000,0.4756,762.9,1.823,0,0.5244,0.7243,0.471,0.5635,2.191,3.1808,0.1949,0.1763,5,nan,0,0.0744,0.0623,0.0,0,0,0
linq,35.0,4.5,eb154,0.154,1,9.6,1,0.4,20000,0.4756,762.9,1.823,0,0.5244,0.7703,0.373,0.5959,2.327,3.2637,0.1959,0.1773,5,nan,0,0.07,0.0591,0.0,0,0,0
linq,35.0,4.5,eb154,0.154,1,9.6,1,0.41,20000,0.4756,762.9,1.823,0,0.5244,0.8088,0.294,0.6347,2.586,3.3488,0.1725,0.1585,4,nan,0,0.0663,0.0583,0.0,0,0,0
linq,35.0,4.5,eb154,0.154,1,9.6,1,0.42,20000,0.4756,762.9,1.823,0,0.5244,0.8436,0.231,0.6704,2.969,3.4105,0.1736,0.1603,4,nan,0,0.0629,0.0605,0.0,0,0,0
linq,35.0,4.5,eb154,0.154,1,9.6,1,0.43,20000,0.4756,762.9,1.823,0,0.5244,0.8725,0.18,0.709,3.44,3.4736,0.1479,0.1404,3,nan,0,0.06,0.0643,0.0,0,0,0
linq,35.0,4.5,eb154,0.154,1,9.6,1,0.44,20000,0.4756,762.9,1.823,0,0.5244,0.8986,0.137,0.7469,4.011,3.5354,0.1523,0.1457,3,nan,0,0.0581,0.0685,0.0,0,0,0
linq,35.0,4.5,eb154,0.154,1,9.6,1,0.45,20000,0.4756,762.9,1.823,0,0.5244,0.9199,0.106,0.771,4.519,3.5711,0.1532,0.1467,3,nan,0,0.0581,0.0705,0.0,0,0,0
linq,35.0,4.5,eb154,0.154,1,9.6,1,0.46,20000,0.4756,762.9,1.823,0,0.5244,0.9399,0.078,0.7865,4.994,3.592,0.1286,0.126,2,nan,0,0.0586,0.0724,0.0,0,0,0
linq,35.0,4.5,eb154,0.154,1,9.6,1,0.47,20000,0.4756,762.9,1.823,0,0.5244,0.9544,0.058,0.8108,6.113,3.621,0.1303,0.1277,2,nan,0,0.0608,0.0737,0.0,0,0,0
linq,35.0,4.5,eb154,0.154,1,9.6,1,0.48,20000,0.4756,762.9,1.823,0,0.5244,0.9668,0.041,0.8339,7.219,3.6481,0.1323,0.1296,2,nan,0,0.0645,0.0746,0.0,0,0,0
linq,35.0,4.5,eb154,0.154,1,9.6,1,0.49,20000,0.4756,762.9,1.823,0,0.5244,0.976,0.03,0.8289,7.132,3.6364,0.1041,0.1041,1,nan,0,0.0685,0.0735,0.0,0,0,0
linq,35.0,4.5,eb154,0.154,1,9.6,1,0.5,20000,0.4756,762.9,1.823,0,0.5244,0.982,0.022,0.8251,6.152,3.6496,0.1059,0.1059,1,nan,0,0.0685,0.0748,0.0,0,0,0
linq,35.0,4.5,eb154,0.154,1,9.6,1,0.51,20000,0.4756,762.9,1.823,0,0.5244,0.9871,0.016,0.8122,5.378,3.6397,0.1065,0.1065,1,nan,0,0.0701,0.0752,0.0,0,0,0
linq,35.0,4.5,eb154,0.154,1,9.6,1,0.52,20000,0.4756,762.9,1.823,0,0.5244,0.991,0.011,0.8129,5.56,3.6313,0.1072,0.1072,1,nan,0,0.0718,0.0757,0.0,0,0,0
linq,35.0,4.5,eb154,0.154,1,12.8,1,0.17,20000,0.4756,762.9,1.823,0,0.5244,0.0,8.595,0.0,nan,4.6742,1.0868,1.077,3,0.7165,3,nan,nan,nan,0,0,0
linq,35.0,4.5,eb154,0.154,1,12.8,1,0.18,20000,0.4756,762.9,1.823,0,0.5244,0.0,7.874,0.0,nan,4.1466,0.8879,0.876,4,0.7105,3,nan,nan,nan,0,0,0
linq,35.0,4.5,eb154,0.154,1,12.8,1,0.19,20000,0.4756,762.9,1.823,0,0.5244,0.0,7.153,0.0,nan,3.6347,0.7278,0.7169,5,0.6387,2,nan,nan,nan,0,0,0
linq,35.0,4.5,eb154,0.154,1,12.8,1,0.2,20000,0.4756,762.9,1.823,0,0.5244,0.0,6.433,0.0,0.0,3.194,0.5966,0.5889,6,0.688,2,nan,nan,nan,0,1,0
linq,35.0,4.5,eb154,0.154,1,12.8,1,0.21,20000,0.4756,762.9,1.823,0,0.5244,0.0,5.715,0.0,0.0,2.7972,0.4914,0.487,7,0.7029,2,nan,0.3954,nan,0,1,0
linq,35.0,4.5,eb154,0.154,1,12.8,1,0.22,20000,0.4756,762.9,1.823,0,0.5244,0.0,5.02,0.0002,0.006,2.4609,0.4028,0.4011,7,0.6498,1,nan,0.3094,nan,0,1,0
linq,35.0,4.5,eb154,0.154,1,12.8,1,0.23,20000,0.4756,762.9,1.823,0,0.5244,0.0,4.358,0.006,0.049,2.2174,0.3461,0.3451,7,nan,0,0.3502,0.2514,0.0,0,0,0
linq,35.0,4.5,eb154,0.154,1,12.8,1,0.24,20000,0.4756,762.9,1.823,0,0.5244,0.0001,3.736,0.0468,0.211,2.0996,0.3098,0.3062,7,nan,0,0.2879,0.2064,0.0,0,0,0
linq,35.0,4.5,eb154,0.154,1,12.8,1,0.25,20000,0.4756,762.9,1.823,0,0.5244,0.0014,3.156,0.1457,0.548,2.1398,0.2881,0.2797,7,nan,0,0.242,0.1689,0.0,0,0,0
linq,35.0,4.5,eb154,0.154,1,12.8,1,0.26,20000,0.4756,762.9,1.823,0,0.5244,0.0182,2.632,0.2654,0.989,2.2975,0.2729,0.2593,7,nan,0,0.2063,0.1391,0.0,1,0,0
linq,35.0,4.5,eb154,0.154,1,12.8,1,0.27,20000,0.4756,762.9,1.823,0,0.5244,0.0749,2.157,0.3635,1.395,2.5574,0.2646,0.246,7,nan,0,0.1749,0.1169,0.0,0,0,0
linq,35.0,4.5,eb154,0.154,1,12.8,1,0.28,20000,0.4756,762.9,1.823,0,0.5244,0.1775,1.722,0.4326,1.68,2.7952,0.2264,0.2116,6,nan,0,0.1472,0.0995,0.0,0,0,0
linq,35.0,4.5,eb154,0.154,1,12.8,1,0.29,20000,0.4756,762.9,1.823,0,0.5244,0.2986,1.343,0.4812,1.831,2.9744,0.2245,0.2059,6,nan,0,0.125,0.0864,0.0,0,0,0
linq,35.0,4.5,eb154,0.154,1,12.8,1,0.3,20000,0.4756,762.9,1.823,0,0.5244,0.4177,1.029,0.5286,1.995,3.1211,0.1945,0.1798,5,nan,0,0.1073,0.0766,0.0,0,0,0
linq,35.0,4.5,eb154,0.154,1,12.8,1,0.31,20000,0.4756,762.9,1.823,0,0.5244,0.5266,0.776,0.5766,2.194,3.2502,0.1957,0.1789,5,nan,0,0.0933,0.0692,0.0,0,0,0
linq,35.0,4.5,eb154,0.154,1,12.8,1,0.32,20000,0.4756,762.9,1.823,0,0.5244,0.6219,0.576,0.6268,2.441,3.3651,0.1693,0.1565,4,nan,0,0.0825,0.0633,0.0,0,0,0
linq,35.0,4.5,eb154,0.154,1,12.8,1,0.33,20000,0.4756,762.9,1.823,0,0.5244,0.7034,0.42,0.6819,2.831,3.4721,0.1716,0.1585,4,nan,0,0.0744,0.0595,0.0,0,0,0
linq,35.0,4.5,eb154,0.154,1,12.8,1,0.34,20000,0.4756,762.9,1.823,0,0.5244,0.7772,0.297,0.7374,3.556,3.5558,0.1467,0.1381,3,nan,0,0.0674,0.0609,0.0,0,0,0
linq,35.0,4.5,eb154,0.154,1,12.8,1,0.35,20000,0.4756,762.9,1.823,0,0.5244,0.8347,0.207,0.794,4.633,3.6368,0.1506,0.1436,3,nan,0,0.0623,0.0664,0.0,0,0,0
linq,35.0,4.5,eb154,0.154,1,12.8,1,0.36,20000,0.4756,762.9,1.823,0,0.5244,0.8811,0.142,0.8377,6.23,3.6909,0.1279,0.1248,2,nan,0,0.0598,0.0706,0.0,0,0,0
linq,35.0,4.5,eb154,0.154,1,12.8,1,0.37,20000,0.4756,762.9,1.823,0,0.5244,0.9192,0.094,0.8687,8.0,3.728,0.1294,0.1265,2,nan,0,0.0591,0.0722,0.0,0,0,0
linq,35.0,4.5,eb154,0.154,1,12.8,1,0.38,20000,0.4756,762.9,1.823,0,0.5244,0.9484,0.058,0.8992,11.037,3.7624,0.1059,0.1059,1,nan,0,0.0611,0.0748,0.0,0,0,0
linq,35.0,4.5,eb154,0.154,1,12.8,1,0.39,20000,0.4756,762.9,1.823,0,0.5244,0.9689,0.035,0.8986,10.431,3.7653,0.1062,0.1062,1,nan,0,0.0659,0.0749,0.0,0,0,0
linq,35.0,4.5,eb154,0.154,1,12.8,1,0.4,20000,0.4756,762.9,1.823,0,0.5244,0.9814,0.021,0.904,10.667,3.7756,0.1066,0.1066,1,nan,0,0.0689,0.0752,0.0,0,0,0
linq,35.0,4.5,eb154,0.154,1,12.8,1,0.41,20000,0.4756,762.9,1.823,0,0.5244,0.9892,0.012,0.8981,10.882,3.7624,nan,nan,0,nan,0,0.0705,nan,0.0,0,0,0
linq,35.0,4.5,eb154,0.154,1,12.8,1,0.42,20000,0.4756,762.9,1.823,0,0.5244,0.9945,0.006,0.9143,16.0,3.7744,nan,nan,0,nan,0,0.0728,nan,0.0,0,0,0
linq,35.0,4.5,eb154,0.154,1,12.8,1,0.43,20000,0.4756,762.9,1.823,0,0.5244,0.9964,0.004,0.8986,12.4,3.7582,nan,nan,0,nan,0,0.0714,nan,0.0,0,0,0
linq,35.0,4.5,eb154,0.154,1,12.8,1,0.44,20000,0.4756,762.9,1.823,0,0.5244,0.9976,0.003,0.9111,13.667,3.7775,nan,nan,0,nan,0,0.0724,nan,0.0,0,0,0
linq,35.0,4.5,eb154,0.154,1,12.8,1,0.45,20000,0.4756,762.9,1.823,0,0.5244,0.9985,0.002,0.8929,8.333,3.7815,nan,nan,0,nan,0,0.0728,nan,0.0,0,0,0
linq,35.0,4.5,eb154,0.154,1,12.8,1,0.46,20000,0.4756,762.9,1.823,0,0.5244,0.9993,0.001,0.7692,3.333,3.6579,nan,nan,0,nan,0,nan,nan,nan,0,0,0
linq,35.0,4.5,eb154,0.154,1,12.8,1,0.47,20000,0.4756,762.9,1.823,0,0.5244,0.9995,0.001,0.7778,3.5,3.6664,nan,nan,0,nan,0,nan,nan,nan,0,0,0
linq,35.0,4.5,eb154,0.154,1,12.8,1,0.48,20000,0.4756,762.9,1.823,0,0.5244,0.9998,0.0,0.75,3.0,3.6386,nan,nan,0,nan,0,nan,nan,nan,0,0,0
linq,35.0,4.5,eb154,0.154,1,12.8,1,0.49,20000,0.4756,762.9,1.823,0,0.5244,0.9998,0.0,1.0,nan,3.8886,nan,nan,0,nan,0,nan,nan,nan,0,0,0
linq,35.0,4.5,eb154,0.154,1,12.8,1,0.5,20000,0.4756,762.9,1.823,0,0.5244,0.9998,0.0,1.0,nan,3.8886,nan,nan,0,nan,0,nan,nan,nan,0,0,0
linq,35.0,4.5,eb154,0.154,1,12.8,1,0.51,20000,0.4756,762.9,1.823,0,0.5244,0.9998,0.0,1.0,nan,3.8886,nan,nan,0,nan,0,nan,nan,nan,0,0,0
linq,35.0,4.5,eb154,0.154,1,12.8,1,0.52,20000,0.4756,762.9,1.823,0,0.5244,0.9999,0.0,1.0,nan,3.8886,nan,nan,0,nan,0,nan,nan,nan,0,0,0
linq,35.0,6.13,eb0482,0.0482,1,2.4,0,0.17,20000,0.6048,916.3,2.189,0,0.3952,0.0,19.551,0.0,nan,14.662,nan,nan,0,5.0554,3,nan,nan,nan,0,0,0
linq,35.0,6.13,eb0482,0.0482,1,2.4,0,0.18,20000,0.6048,916.3,2.189,0,0.3952,0.0,19.458,0.0,nan,14.5694,nan,nan,0,5.0075,4,nan,nan,nan,0,0,0
linq,35.0,6.13,eb0482,0.0482,1,2.4,0,0.19,20000,0.6048,916.3,2.189,0,0.3952,0.0,19.365,0.0,nan,14.4763,nan,nan,0,4.756,4,nan,nan,nan,0,0,0
linq,35.0,6.13,eb0482,0.0482,1,2.4,0,0.2,20000,0.6048,916.3,2.189,0,0.3952,0.0,19.274,0.0,nan,14.3851,nan,nan,0,4.5451,4,nan,nan,nan,0,0,0
linq,35.0,6.13,eb0482,0.0482,1,2.4,0,0.21,20000,0.6048,916.3,2.189,0,0.3952,0.0,19.183,0.0,nan,14.294,nan,nan,0,4.4132,5,nan,nan,nan,0,0,0
linq,35.0,6.13,eb0482,0.0482,1,2.4,0,0.22,20000,0.6048,916.3,2.189,0,0.3952,0.0,19.091,0.0,nan,14.202,nan,nan,0,4.2245,5,nan,nan,nan,0,0,0
linq,35.0,6.13,eb0482,0.0482,1,2.4,0,0.23,20000,0.6048,916.3,2.189,0,0.3952,0.0,18.996,0.0,nan,14.1078,nan,nan,0,4.0597,5,nan,nan,nan,0,0,0
linq,35.0,6.13,eb0482,0.0482,1,2.4,0,0.24,20000,0.6048,916.3,2.189,0,0.3952,0.0,18.903,0.0,nan,14.0146,nan,nan,0,3.928,6,nan,nan,nan,0,0,0
linq,35.0,6.13,eb0482,0.0482,1,2.4,0,0.25,20000,0.6048,916.3,2.189,0,0.3952,0.0,18.813,0.0,nan,13.924,nan,nan,0,3.7843,6,nan,nan,nan,0,0,0
linq,35.0,6.13,eb0482,0.0482,1,2.4,0,0.26,20000,0.6048,916.3,2.189,0,0.3952,0.0,18.721,0.0,nan,13.832,nan,nan,0,3.6324,7,nan,nan,nan,0,0,0
linq,35.0,6.13,eb0482,0.0482,1,2.4,0,0.27,20000,0.6048,916.3,2.189,0,0.3952,0.0,18.633,0.0,nan,13.7445,nan,nan,0,3.5168,7,nan,nan,nan,0,0,0
linq,35.0,6.13,eb0482,0.0482,1,2.4,0,0.28,20000,0.6048,916.3,2.189,0,0.3952,0.0,18.54,0.0,nan,13.6512,nan,nan,0,3.4042,7,nan,nan,nan,0,0,0
linq,35.0,6.13,eb0482,0.0482,1,2.4,0,0.29,20000,0.6048,916.3,2.189,0,0.3952,0.0,18.449,0.0,nan,13.5603,nan,nan,0,3.2541,8,nan,nan,nan,0,0,0
linq,35.0,6.13,eb0482,0.0482,1,2.4,0,0.3,20000,0.6048,916.3,2.189,0,0.3952,0.0,18.357,0.0,nan,13.4687,nan,nan,0,3.1609,8,nan,nan,nan,0,0,0
linq,35.0,6.13,eb0482,0.0482,1,2.4,0,0.31,20000,0.6048,916.3,2.189,0,0.3952,0.0,18.268,0.0,nan,13.3791,nan,nan,0,3.074,8,nan,nan,nan,0,0,0
linq,35.0,6.13,eb0482,0.0482,1,2.4,0,0.32,20000,0.6048,916.3,2.189,0,0.3952,0.0,18.178,0.0,nan,13.289,nan,nan,0,2.9918,8,nan,nan,nan,0,0,0
linq,35.0,6.13,eb0482,0.0482,1,2.4,0,0.33,20000,0.6048,916.3,2.189,0,0.3952,0.0,18.087,0.0,nan,13.1982,nan,nan,0,2.9201,8,nan,nan,nan,0,0,0
linq,35.0,6.13,eb0482,0.0482,1,2.4,0,0.34,20000,0.6048,916.3,2.189,0,0.3952,0.0,17.997,0.0,nan,13.108,nan,nan,0,2.8519,8,nan,nan,nan,0,0,0
linq,35.0,6.13,eb0482,0.0482,1,2.4,0,0.35,20000,0.6048,916.3,2.189,0,0.3952,0.0,17.908,0.0,nan,13.0194,nan,nan,0,2.7864,8,nan,nan,nan,0,0,0
linq,35.0,6.13,eb0482,0.0482,1,2.4,0,0.36,20000,0.6048,916.3,2.189,0,0.3952,0.0,17.816,0.0,nan,12.9276,1.9171,1.9171,1,2.7268,8,nan,nan,nan,0,0,0
linq,35.0,6.13,eb0482,0.0482,1,2.4,0,0.37,20000,0.6048,916.3,2.189,0,0.3952,0.0,17.727,0.0,nan,12.838,1.8694,1.8694,1,2.6682,8,nan,nan,nan,0,0,0
linq,35.0,6.13,eb0482,0.0482,1,2.4,0,0.38,20000,0.6048,916.3,2.189,0,0.3952,0.0,17.636,0.0,nan,12.7474,1.804,1.804,1,2.6143,8,nan,nan,nan,0,0,0
linq,35.0,6.13,eb0482,0.0482,1,2.4,0,0.39,20000,0.6048,916.3,2.189,0,0.3952,0.0,17.547,0.0,nan,12.6584,1.6657,1.6619,2,2.5609,8,nan,nan,nan,0,0,0
linq,35.0,6.13,eb0482,0.0482,1,2.4,0,0.4,20000,0.6048,916.3,2.189,0,0.3952,0.0,17.46,0.0,0.0,12.5712,1.6327,1.629,2,2.5133,8,nan,nan,nan,0,0,0
linq,35.0,6.13,eb0482,0.0482,1,2.4,0,0.41,20000,0.6048,916.3,2.189,0,0.3952,0.0,17.368,0.0,0.0,12.4795,1.5937,1.5896,2,2.4654,8,nan,nan,nan,0,0,0
linq,35.0,6.13,eb0482,0.0482,1,2.4,0,0.42,20000,0.6048,916.3,2.189,0,0.3952,0.0,17.278,0.0,0.0,12.3897,1.4708,1.463,3,2.4207,8,nan,nan,nan,0,0,0
linq,35.0,6.13,eb0482,0.0482,1,2.4,0,0.43,20000,0.6048,916.3,2.189,0,0.3952,0.0,17.188,0.0,0.0,12.2994,1.4436,1.4359,3,2.3766,8,nan,nan,nan,0,0,0
linq,35.0,6.13,eb0482,0.0482,1,2.4,0,0.44,20000,0.6048,916.3,2.189,0,0.3952,0.0,17.1,0.0001,1.0,12.2111,1.4146,1.4065,3,2.3376,8,nan,nan,nan,0,0,0
linq,35.0,6.13,eb0482,0.0482,1,2.4,0,0.45,20000,0.6048,916.3,2.189,0,0.3952,0.0,17.011,0.0001,3.0,12.1224,1.3043,1.2895,4,2.2998,8,nan,nan,nan,0,0,0
linq,35.0,6.13,eb0482,0.0482,1,2.4,0,0.46,20000,0.6048,916.3,2.189,0,0.3952,0.0,16.921,0.0002,2.0,12.0325,1.281,1.2668,4,2.2637,8,nan,nan,nan,0,0,0
linq,35.0,6.13,eb0482,0.0482,1,2.4,0,0.47,20000,0.6048,916.3,2.189,0,0.3952,0.0,16.83,0.0002,1.333,11.9413,1.2581,1.244,4,2.2285,8,nan,nan,nan,0,0,0
linq,35.0,6.13,eb0482,0.0482,1,2.4,0,0.48,20000,0.6048,916.3,2.189,0,0.3952,0.0,16.74,0.0001,0.5,11.8525,1.1531,1.1295,5,2.1961,8,nan,nan,nan,0,0,0
linq,35.0,6.13,eb0482,0.0482,1,2.4,0,0.49,20000,0.6048,916.3,2.189,0,0.3952,0.0001,16.654,0.0,0.111,11.7678,1.1342,1.1114,5,2.1652,8,nan,nan,nan,0,0,0
linq,35.0,6.13,eb0482,0.0482,1,2.4,0,0.5,20000,0.6048,916.3,2.189,0,0.3952,0.0001,16.565,0.0001,0.273,11.6786,1.0371,1.0023,6,2.1352,8,nan,nan,nan,0,0,0
linq,35.0,6.13,eb0482,0.0482,1,2.4,0,0.51,20000,0.6048,916.3,2.189,0,0.3952,0.0002,16.476,0.0001,0.2,11.5896,1.0161,0.9817,6,2.105,8,nan,nan,nan,0,0,0
linq,35.0,6.13,eb0482,0.0482,1,2.4,0,0.52,20000,0.6048,916.3,2.189,0,0.3952,0.0002,16.389,0.0002,0.353,11.5026,0.9984,0.9648,6,2.0773,8,nan,nan,nan,0,0,0
linq,35.0,6.13,eb0482,0.0482,1,3.2,0,0.17,20000,0.6048,916.3,2.189,0,0.3952,0.0,18.369,0.0,nan,13.4802,nan,nan,0,3.7899,5,nan,nan,nan,0,0,0
linq,35.0,6.13,eb0482,0.0482,1,3.2,0,0.18,20000,0.6048,916.3,2.189,0,0.3952,0.0,18.21,0.0,nan,13.3212,nan,nan,0,3.6411,6,nan,nan,nan,0,0,0
linq,35.0,6.13,eb0482,0.0482,1,3.2,0,0.19,20000,0.6048,916.3,2.189,0,0.3952,0.0,18.05,0.0,nan,13.1614,nan,nan,0,3.4222,6,nan,nan,nan,0,0,0
linq,35.0,6.13,eb0482,0.0482,1,3.2,0,0.2,20000,0.6048,916.3,2.189,0,0.3952,0.0,17.892,0.0,nan,13.0034,nan,nan,0,3.2724,7,nan,nan,nan,0,0,0
linq,35.0,6.13,eb0482,0.0482,1,3.2,0,0.21,20000,0.6048,916.3,2.189,0,0.3952,0.0,17.735,0.0,nan,12.8459,nan,nan,0,3.0943,7,nan,nan,nan,0,0,0
linq,35.0,6.13,eb0482,0.0482,1,3.2,0,0.22,20000,0.6048,916.3,2.189,0,0.3952,0.0,17.577,0.0,nan,12.688,nan,nan,0,2.9453,8,nan,nan,nan,0,0,0
linq,35.0,6.13,eb0482,0.0482,1,3.2,0,0.23,20000,0.6048,916.3,2.189,0,0.3952,0.0,17.418,0.0,nan,12.5298,nan,nan,0,2.801,8,nan,nan,nan,0,0,0
linq,35.0,6.13,eb0482,0.0482,1,3.2,0,0.24,20000,0.6048,916.3,2.189,0,0.3952,0.0,17.264,0.0,nan,12.3758,nan,nan,0,2.6782,8,nan,nan,nan,0,0,0
linq,35.0,6.13,eb0482,0.0482,1,3.2,0,0.25,20000,0.6048,916.3,2.189,0,0.3952,0.0,17.107,0.0,nan,12.218,nan,nan,0,2.5694,8,nan,nan,nan,0,0,0
linq,35.0,6.13,eb0482,0.0482,1,3.2,0,0.26,20000,0.6048,916.3,2.189,0,0.3952,0.0,16.953,0.0,nan,12.0645,nan,nan,0,2.4732,8,nan,nan,nan,0,0,0
linq,35.0,6.13,eb0482,0.0482,1,3.2,0,0.27,20000,0.6048,916.3,2.189,0,0.3952,0.0,16.798,0.0,nan,11.9091,1.9409,1.9409,1,2.3811,8,nan,nan,nan,0,0,0
linq,35.0,6.13,eb0482,0.0482,1,3.2,0,0.28,20000,0.6048,916.3,2.189,0,0.3952,0.0,16.64,0.0,nan,11.7511,1.8314,1.8314,1,2.2976,8,nan,nan,nan,0,0,0
linq,35.0,6.13,eb0482,0.0482,1,3.2,0,0.29,20000,0.6048,916.3,2.189,0,0.3952,0.0,16.482,0.0,nan,11.5934,1.6845,1.6821,2,2.2193,8,nan,nan,nan,0,0,0
linq,35.0,6.13,eb0482,0.0482,1,3.2,0,0.3,20000,0.6048,916.3,2.189,0,0.3952,0.0,16.331,0.0,nan,11.4423,1.6112,1.6086,2,2.1514,8,nan,nan,nan,0,0,0
linq,35.0,6.13,eb0482,0.0482,1,3.2,0,0.31,20000,0.6048,916.3,2.189,0,0.3952,0.0,16.171,0.0,nan,11.2819,1.4844,1.4795,3,2.084,8,nan,nan,nan,0,0,0
linq,35.0,6.13,eb0482,0.0482,1,3.2,0,0.32,20000,0.6048,916.3,2.189,0,0.3952,0.0,16.019,0.0,nan,11.1302,1.429,1.4233,3,2.0264,8,nan,nan,nan,0,0,0
linq,35.0,6.13,eb0482,0.0482,1,3.2,0,0.33,20000,0.6048,916.3,2.189,0,0.3952,0.0,15.864,0.0,0.0,10.9757,1.3075,1.2977,4,1.9723,8,nan,nan,nan,0,0,0
linq,35.0,6.13,eb0482,0.0482,1,3.2,0,0.34,20000,0.6048,916.3,2.189,0,0.3952,0.0,15.709,0.0,0.0,10.8205,1.2603,1.2504,4,1.9213,8,nan,nan,nan,0,0,0
linq,35.0,6.13,eb0482,0.0482,1,3.2,0,0.35,20000,0.6048,916.3,2.189,0,0.3952,0.0,15.554,0.0,0.333,10.6651,1.2154,1.2054,4,1.8724,8,nan,nan,nan,0,0,0
linq,35.0,6.13,eb0482,0.0482,1,3.2,0,0.36,20000,0.6048,916.3,2.189,0,0.3952,0.0,15.4,0.0001,1.0,10.5117,1.1078,1.0918,5,1.8292,8,nan,nan,nan,0,0,0
linq,35.0,6.13,eb0482,0.0482,1,3.2,0,0.37,20000,0.6048,916.3,2.189,0,0.3952,0.0,15.245,0.0002,0.8,10.3559,1.0084,0.9834,6,1.7874,8,nan,nan,nan,0,0,0
linq,35.0,6.13,eb0482,0.0482,1,3.2,0,0.38,20000,0.6048,916.3,2.189,0,0.3952,0.0,15.09,0.0002,0.364,10.2013,0.9746,0.9494,6,1.7488,8,nan,nan,nan,0,0,0
linq,35.0,6.13,eb0482,0.0482,1,3.2,0,0.39,20000,0.6048,916.3,2.189,0,0.3952,0.0,14.938,0.0002,0.312,10.05,0.947,0.9224,6,1.7131,8,nan,nan,nan,0,0,0
linq,35.0,6.13,eb0482,0.0482,1,3.2,0,0.4,20000,0.6048,916.3,2.189,0,0.3952,0.0001,14.785,0.0003,0.333,9.8979,0.8536,0.8144,7,1.6781,8,nan,0.3282,nan,0,0,0
linq,35.0,6.13,eb0482,0.0482,1,3.2,0,0.41,20000,0.6048,916.3,2.189,0,0.3952,0.0002,14.626,0.0005,0.324,9.7398,0.8278,0.7892,7,1.6441,8,nan,0.3119,nan,0,0,0
linq,35.0,6.13,eb0482,0.0482,1,3.2,0,0.42,20000,0.6048,916.3,2.189,0,0.3952,0.0002,14.474,0.0007,0.353,9.5878,0.8045,0.7664,7,1.6141,8,nan,0.3011,nan,0,0,0
linq,35.0,6.13,eb0482,0.0482,1,3.2,0,0.43,20000,0.6048,916.3,2.189,0,0.3952,0.0002,14.322,0.001,0.296,9.4373,0.783,0.7457,7,1.5861,8,0.3243,0.2926,0.0,0,0,0
linq,35.0,6.13,eb0482,0.0482,1,3.2,0,0.44,20000,0.6048,916.3,2.189,0,0.3952,0.0003,14.17,0.0015,0.36,9.285,0.7636,0.7274,7,1.5591,8,0.3129,0.2876,0.0,0,0,0
linq,35.0,6.13,eb0482,0.0482,1,3.2,0,0.45,20000,0.6048,916.3,2.189,0,0.3952,0.0005,14.017,0.002,0.34,9.1364,0.7452,0.7096,7,1.5332,8,0.3016,0.2789,0.0,0,0,0
linq,35.0,6.13,eb0482,0.0482,1,3.2,0,0.46,20000,0.6048,916.3,2.189,0,0.3952,0.0007,13.867,0.0031,0.443,8.9883,0.7271,0.6919,7,1.5082,8,0.2898,0.2726,0.0,0,0,0
linq,35.0,6.13,eb0482,0.0482,1,3.2,0,0.47,20000,0.6048,916.3,2.189,0,0.3952,0.001,13.714,0.0041,0.498,8.8397,0.7099,0.6754,7,1.4848,8,0.2832,0.266,0.0,0,0,0
linq,35.0,6.13,eb0482,0.0482,1,3.2,0,0.48,20000,0.6048,916.3,2.189,0,0.3952,0.0014,13.561,0.0053,0.551,8.691,0.6931,0.6594,7,1.4619,8,0.2793,0.2602,0.0,0,0,0
linq,35.0,6.13,eb0482,0.0482,1,3.2,0,0.49,20000,0.6048,916.3,2.189,0,0.3952,0.0019,13.412,0.0072,0.663,8.5498,0.6784,0.6449,7,1.4411,8,0.271,0.2542,0.0,0,0,0
linq,35.0,6.13,eb0482,0.0482,1,3.2,0,0.5,20000,0.6048,916.3,2.189,0,0.3952,0.0026,13.267,0.0087,0.687,8.4127,0.6636,0.6307,7,1.4213,8,0.2648,0.2497,0.0,0,0,0
linq,35.0,6.13,eb0482,0.0482,1,3.2,0,0.51,20000,0.6048,916.3,2.189,0,0.3952,0.0038,13.115,0.0105,0.764,8.2764,0.649,0.6164,7,1.4012,8,0.2601,0.2426,0.0,0,0,0
linq,35.0,6.13,eb0482,0.0482,1,3.2,0,0.52,20000,0.6048,916.3,2.189,0,0.3952,0.0051,12.973,0.0117,0.741,8.1512,0.6361,0.604,7,1.3834,8,0.2553,0.2372,0.0,0,0,0
linq,35.0,6.13,eb0482,0.0482,1,4.8,0,0.17,20000,0.6048,916.3,2.189,0,0.3952,0.0,16.176,0.0,nan,11.2878,nan,nan,0,2.4235,8,nan,nan,nan,0,0,0
linq,35.0,6.13,eb0482,0.0482,1,4.8,0,0.18,20000,0.6048,916.3,2.189,0,0.3952,0.0,15.895,0.0,nan,11.0065,nan,nan,0,2.2307,8,nan,nan,nan,0,0,0
linq,35.0,6.13,eb0482,0.0482,1,4.8,0,0.19,20000,0.6048,916.3,2.189,0,0.3952,0.0,15.615,0.0,nan,10.7268,nan,nan,0,2.0695,8,nan,nan,nan,0,0,0
linq,35.0,6.13,eb0482,0.0482,1,4.8,0,0.2,20000,0.6048,916.3,2.189,0,0.3952,0.0,15.337,0.0,nan,10.4482,2.0578,2.0578,1,1.931,8,nan,nan,nan,0,0,0
linq,35.0,6.13,eb0482,0.0482,1,4.8,0,0.21,20000,0.6048,916.3,2.189,0,0.3952,0.0,15.059,0.0,nan,10.1706,1.8237,1.8237,1,1.8107,8,nan,nan,nan,0,0,0
linq,35.0,6.13,eb0482,0.0482,1,4.8,0,0.22,20000,0.6048,916.3,2.189,0,0.3952,0.0,14.779,0.0,nan,9.8905,1.6489,1.6483,2,1.7078,8,nan,nan,nan,0,0,0
linq,35.0,6.13,eb0482,0.0482,1,4.8,0,0.23,20000,0.6048,916.3,2.189,0,0.3952,0.0,14.497,0.0,nan,9.6085,1.4864,1.485,3,1.6181,8,nan,nan,nan,0,0,0
linq,35.0,6.13,eb0482,0.0482,1,4.8,0,0.24,20000,0.6048,916.3,2.189,0,0.3952,0.0,14.221,0.0,nan,9.3324,1.3702,1.3681,3,1.5396,8,nan,nan,nan,0,0,0
linq,35.0,6.13,eb0482,0.0482,1,4.8,0,0.25,20000,0.6048,916.3,2.189,0,0.3952,0.0,13.94,0.0,nan,9.0509,1.2366,1.2337,4,1.4716,8,nan,nan,nan,0,0,0
linq,35.0,6.13,eb0482,0.0482,1,4.8,0,0.26,20000,0.6048,916.3,2.189,0,0.3952,0.0,13.661,0.0,nan,8.7724,1.1471,1.1432,4,1.4092,8,nan,nan,nan,0,0,0
linq,35.0,6.13,eb0482,0.0482,1,4.8,0,0.27,20000,0.6048,916.3,2.189,0,0.3952,0.0,13.383,0.0,0.0,8.4947,1.0297,1.0227,5,1.3541,8,nan,nan,nan,0,0,0
linq,35.0,6.13,eb0482,0.0482,1,4.8,0,0.28,20000,0.6048,916.3,2.189,0,0.3952,0.0,13.106,0.0,0.0,8.2176,0.9223,0.9104,6,1.3046,8,nan,nan,nan,0,0,0
linq,35.0,6.13,eb0482,0.0482,1,4.8,0,0.29,20000,0.6048,916.3,2.189,0,0.3952,0.0,12.827,0.0001,0.3,7.938,0.8663,0.8537,6,1.2612,8,nan,nan,nan,0,0,0
linq,35.0,6.13,eb0482,0.0482,1,4.8,0,0.3,20000,0.6048,916.3,2.189,0,0.3952,0.0,12.552,0.0002,0.167,7.6632,0.7712,0.7498,7,1.2216,8,nan,0.339,nan,0,0,0
linq,35.0,6.13,eb0482,0.0482,1,4.8,0,0.31,20000,0.6048,916.3,2.189,0,0.3952,0.0,12.275,0.0004,0.196,7.3864,0.7285,0.707,7,1.1858,8,nan,0.313,nan,0,0,0
linq,35.0,6.13,eb0482,0.0482,1,4.8,0,0.32,20000,0.6048,916.3,2.189,0,0.3952,0.0001,11.998,0.0008,0.173,7.1106,0.6909,0.6697,7,1.1515,8,nan,0.2922,nan,0,0,0
linq,35.0,6.13,eb0482,0.0482,1,4.8,0,0.33,20000,0.6048,916.3,2.189,0,0.3952,0.0002,11.723,0.0015,0.182,6.8364,0.6576,0.637,7,1.122,8,0.3173,0.2778,0.0,0,0,0
linq,35.0,6.13,eb0482,0.0482,1,4.8,0,0.34,20000,0.6048,916.3,2.189,0,0.3952,0.0003,11.448,0.0034,0.279,6.563,0.6273,0.6073,7,1.0936,8,0.2961,0.2662,0.0,0,0,0
linq,35.0,6.13,eb0482,0.0482,1,4.8,0,0.35,20000,0.6048,916.3,2.189,0,0.3952,0.0006,11.177,0.0061,0.356,6.2954,0.5997,0.58,7,1.0676,8,0.2833,0.2534,0.0,0,0,0
linq,35.0,6.13,eb0482,0.0482,1,4.8,0,0.36,20000,0.6048,916.3,2.189,0,0.3952,0.0012,10.908,0.0103,0.483,6.0321,0.5741,0.5549,7,1.0433,8,0.2687,0.242,0.0,0,0,0
linq,35.0,6.13,eb0482,0.0482,1,4.8,0,0.37,20000,0.6048,916.3,2.189,0,0.3952,0.0024,10.65,0.0148,0.547,5.7871,0.5517,0.5324,7,1.023,8,0.259,0.2283,0.0,0,0,0
linq,35.0,6.13,eb0482,0.0482,1,4.8,0,0.38,20000,0.6048,916.3,2.189,0,0.3952,0.0047,10.386,0.0207,0.632,5.546,0.5301,0.511,7,1.0022,8,0.2474,0.2173,0.0,0,0,0
linq,35.0,6.13,eb0482,0.0482,1,4.8,0,0.39,20000,0.6048,916.3,2.189,0,0.3952,0.0076,10.127,0.0264,0.668,5.3155,0.5111,0.4923,7,0.9825,8,0.2368,0.2087,0.0,0,0,0
linq,35.0,6.13,eb0482,0.0482,1,4.8,0,0.4,20000,0.6048,916.3,2.189,0,0.3952,0.0119,9.874,0.0328,0.726,5.1035,0.4939,0.4752,7,0.9634,8,0.2258,0.2006,0.0,0,0,0
linq,35.0,6.13,eb0482,0.0482,1,4.8,0,0.41,20000,0.6048,916.3,2.189,0,0.3952,0.0169,9.623,0.0409,0.805,4.9007,0.4772,0.4586,7,0.9478,8,0.2162,0.1917,0.0,0,0,0
linq,35.0,6.13,eb0482,0.0482,1,4.8,0,0.42,20000,0.6048,916.3,2.189,0,0.3952,0.024,9.378,0.0485,0.897,4.7205,0.4617,0.4433,7,0.9319,8,0.2072,0.1843,0.0,0,0,0
linq,35.0,6.13,eb0482,0.0482,1,4.8,0,0.43,20000,0.6048,916.3,2.189,0,0.3952,0.0315,9.145,0.056,0.963,4.554,0.4483,0.43,7,0.9182,8,0.1994,0.1788,0.0,0,0,0
linq,35.0,6.13,eb0482,0.0482,1,4.8,0,0.44,20000,0.6048,916.3,2.189,0,0.3952,0.0409,8.91,0.0641,1.079,4.4009,0.4348,0.4168,7,0.9045,8,0.192,0.1731,0.0,0,0,0
linq,35.0,6.13,eb0482,0.0482,1,4.8,0,0.45,20000,0.6048,916.3,2.189,0,0.3952,0.0515,8.681,0.0702,1.116,4.2642,0.4231,0.4051,7,0.8916,8,0.1852,0.1671,0.0,0,0,0
linq,35.0,6.13,eb0482,0.0482,1,4.8,0,0.46,20000,0.6048,916.3,2.189,0,0.3952,0.0639,8.463,0.0757,1.153,4.1513,0.4116,0.3936,7,0.8798,8,0.1793,0.1611,0.0,0,0,0
linq,35.0,6.13,eb0482,0.0482,1,4.8,0,0.47,20000,0.6048,916.3,2.189,0,0.3952,0.0758,8.25,0.0809,1.165,4.0378,0.4012,0.3832,7,0.8677,8,0.1739,0.1558,0.0,0,0,0
linq,35.0,6.13,eb0482,0.0482,1,4.8,0,0.48,20000,0.6048,916.3,2.189,0,0.3952,0.09,8.038,0.0846,1.175,3.9437,0.391,0.3732,7,0.8554,8,0.1684,0.1508,0.0,0,0,0
linq,35.0,6.13,eb0482,0.0482,1,4.8,0,0.49,20000,0.6048,916.3,2.189,0,0.3952,0.105,7.835,0.0891,1.224,3.8657,0.3819,0.3642,7,0.8465,8,0.1632,0.1467,0.0,0,0,0
linq,35.0,6.13,eb0482,0.0482,1,4.8,0,0.5,20000,0.6048,916.3,2.189,0,0.3952,0.1192,7.64,0.0928,1.226,3.7849,0.3731,0.3555,7,0.8381,8,0.1584,0.1423,0.0,0,0,0
linq,35.0,6.13,eb0482,0.0482,1,4.8,0,0.51,20000,0.6048,916.3,2.189,0,0.3952,0.1342,7.449,0.0974,1.309,3.7148,0.365,0.3475,7,0.8309,8,0.1532,0.1384,0.0,0,0,0
linq,35.0,6.13,eb0482,0.0482,1,4.8,0,0.52,20000,0.6048,916.3,2.189,0,0.3952,0.1488,7.267,0.1009,1.343,3.6486,0.3578,0.3403,7,0.8232,8,0.1487,0.135,0.0,0,0,0
linq,35.0,6.13,eb0482,0.0482,1,6.4,0,0.17,20000,0.6048,916.3,2.189,0,0.3952,0.0,14.408,0.0,nan,9.5194,nan,nan,0,1.6597,8,nan,nan,nan,0,0,0
linq,35.0,6.13,eb0482,0.0482,1,6.4,0,0.18,20000,0.6048,916.3,2.189,0,0.3952,0.0,14.029,0.0,nan,9.1408,1.8603,1.8603,1,1.5171,8,nan,nan,nan,0,0,0
linq,35.0,6.13,eb0482,0.0482,1,6.4,0,0.19,20000,0.6048,916.3,2.189,0,0.3952,0.0,13.643,0.0,nan,8.754,1.6393,1.6393,2,1.3994,8,nan,nan,nan,0,0,0
linq,35.0,6.13,eb0482,0.0482,1,6.4,0,0.2,20000,0.6048,916.3,2.189,0,0.3952,0.0,13.261,0.0,nan,8.3728,1.4389,1.4387,3,1.3031,8,nan,nan,nan,0,0,0
linq,35.0,6.13,eb0482,0.0482,1,6.4,0,0.21,20000,0.6048,916.3,2.189,0,0.3952,0.0,12.882,0.0,nan,7.9931,1.2823,1.282,3,1.222,8,nan,nan,nan,0,0,0
linq,35.0,6.13,eb0482,0.0482,1,6.4,0,0.22,20000,0.6048,916.3,2.189,0,0.3952,0.0,12.501,0.0,nan,7.6126,1.1351,1.1345,4,1.1538,8,nan,nan,nan,0,0,0
linq,35.0,6.13,eb0482,0.0482,1,6.4,0,0.23,20000,0.6048,916.3,2.189,0,0.3952,0.0,12.123,0.0,nan,7.234,1.0043,1.0024,5,1.0963,8,nan,nan,nan,0,0,0
linq,35.0,6.13,eb0482,0.0482,1,6.4,0,0.24,20000,0.6048,916.3,2.189,0,0.3952,0.0,11.738,0.0,0.0,6.8491,0.9084,0.9059,5,1.0457,8,nan,nan,nan,0,0,0
linq,35.0,6.13,eb0482,0.0482,1,6.4,0,0.25,20000,0.6048,916.3,2.189,0,0.3952,0.0,11.359,0.0,0.0,6.4704,0.8009,0.7955,6,1.0049,8,nan,nan,nan,0,0,0
linq,35.0,6.13,eb0482,0.0482,1,6.4,0,0.26,20000,0.6048,916.3,2.189,0,0.3952,0.0,10.98,0.0001,0.13,6.0918,0.6998,0.6886,7,0.9695,8,nan,0.3421,nan,0,0,0
linq,35.0,6.13,eb0482,0.0482,1,6.4,0,0.27,20000,0.6048,916.3,2.189,0,0.3952,0.0,10.601,0.0003,0.091,5.712,0.6451,0.6336,7,0.9395,8,nan,0.3066,nan,0,0,0
linq,35.0,6.13,eb0482,0.0482,1,6.4,0,0.28,20000,0.6048,916.3,2.189,0,0.3952,0.0,10.223,0.001,0.11,5.3345,0.5989,0.5875,7,0.9112,8,0.3461,0.2817,0.0,0,0,0
linq,35.0,6.13,eb0482,0.0482,1,6.4,0,0.29,20000,0.6048,916.3,2.189,0,0.3952,0.0002,9.85,0.0027,0.166,4.9635,0.559,0.5477,7,0.8875,8,0.304,0.2631,0.0,0,0,0
linq,35.0,6.13,eb0482,0.0482,1,6.4,0,0.3,20000,0.6048,916.3,2.189,0,0.3952,0.0003,9.48,0.0074,0.283,4.5945,0.5239,0.5126,7,0.8679,8,0.2821,0.2439,0.0,0,0,0
linq,35.0,6.13,eb0482,0.0482,1,6.4,0,0.31,20000,0.6048,916.3,2.189,0,0.3952,0.0009,9.122,0.0151,0.399,4.2419,0.4925,0.4809,7,0.8514,8,0.2639,0.225,0.0,0,0,0
linq,35.0,6.13,eb0482,0.0482,1,6.4,0,0.32,20000,0.6048,916.3,2.189,0,0.3952,0.0025,8.766,0.0253,0.508,3.899,0.4654,0.4537,7,0.8352,8,0.2478,0.2097,0.0,0,0,0
linq,35.0,6.13,eb0482,0.0482,1,6.4,0,0.33,20000,0.6048,916.3,2.189,0,0.3952,0.006,8.414,0.0378,0.593,3.5758,0.4408,0.429,7,0.82,8,0.2312,0.1959,0.0,0,0,0
linq,35.0,6.13,eb0482,0.0482,1,6.4,0,0.34,20000,0.6048,916.3,2.189,0,0.3952,0.0124,8.074,0.0536,0.743,3.2871,0.4189,0.4069,7,0.8085,8,0.2163,0.1839,0.0,0,0,0
linq,35.0,6.13,eb0482,0.0482,1,6.4,0,0.35,20000,0.6048,916.3,2.189,0,0.3952,0.0224,7.747,0.0679,0.865,3.0372,0.4,0.3879,7,0.7986,8,0.2023,0.1741,0.0,0,0,0
linq,35.0,6.13,eb0482,0.0482,1,6.4,0,0.36,20000,0.6048,916.3,2.189,0,0.3952,0.0345,7.428,0.0841,1.002,2.8065,0.3826,0.3705,7,0.7909,8,0.1905,0.1646,0.0,0,0,0
linq,35.0,6.13,eb0482,0.0482,1,6.4,0,0.37,20000,0.6048,916.3,2.189,0,0.3952,0.0512,7.118,0.0971,1.074,2.6164,0.367,0.3546,7,0.7839,8,0.1808,0.1549,0.0,0,0,0
linq,35.0,6.13,eb0482,0.0482,1,6.4,0,0.38,20000,0.6048,916.3,2.189,0,0.3952,0.0714,6.822,0.1066,1.128,2.4612,0.3528,0.3404,7,0.7794,8,0.1712,0.1475,0.0,0,1,0
linq,35.0,6.13,eb0482,0.0482,1,6.4,0,0.39,20000,0.6048,916.3,2.189,0,0.3952,0.0936,6.537,0.1168,1.215,2.3268,0.3404,0.3278,7,0.7741,8,0.1627,0.1403,0.0,0,1,0
linq,35.0,6.13,eb0482,0.0482,1,6.4,0,0.4,20000,0.6048,916.3,2.189,0,0.3952,0.1176,6.261,0.1268,1.312,2.2111,0.3283,0.3157,7,0.7706,8,0.1545,0.1339,0.0,0,1,0
linq,35.0,6.13,eb0482,0.0482,1,6.4,0,0.41,20000,0.6048,916.3,2.189,0,0.3952,0.1424,5.999,0.1337,1.342,2.1111,0.3176,0.305,7,0.7675,8,0.1471,0.1278,0.0,0,1,0
linq,35.0,6.13,eb0482,0.0482,1,6.4,0,0.42,20000,0.6048,916.3,2.189,0,0.3952,0.1668,5.754,0.1395,1.363,2.024,0.3079,0.2953,7,0.7677,8,0.1405,0.1228,0.0,0,1,0
linq,35.0,6.13,eb0482,0.0482,1,6.4,0,0.43,20000,0.6048,916.3,2.189,0,0.3952,0.1927,5.517,0.1447,1.393,1.9534,0.2992,0.2864,7,0.7661,8,0.1345,0.1183,0.0,0,1,0
linq,35.0,6.13,eb0482,0.0482,1,6.4,0,0.44,20000,0.6048,916.3,2.189,0,0.3952,0.2197,5.294,0.1471,1.42,1.9049,0.2906,0.278,7,0.7654,8,0.1288,0.1143,0.0,0,1,0
linq,35.0,6.13,eb0482,0.0482,1,6.4,0,0.45,20000,0.6048,916.3,2.189,0,0.3952,0.2448,5.081,0.151,1.452,1.8478,0.283,0.2703,7,0.7656,8,0.1238,0.1105,0.0,0,1,0
linq,35.0,6.13,eb0482,0.0482,1,6.4,0,0.46,20000,0.6048,916.3,2.189,0,0.3952,0.2697,4.876,0.1539,1.463,1.7962,0.2752,0.2627,7,0.7662,8,0.1193,0.1065,0.0,0,1,0
linq,35.0,6.13,eb0482,0.0482,1,6.4,0,0.47,20000,0.6048,916.3,2.189,0,0.3952,0.2926,4.685,0.1591,1.538,1.7449,0.2679,0.2556,7,0.7651,8,0.1153,0.1029,0.0,0,1,0
linq,35.0,6.13,eb0482,0.0482,1,6.4,0,0.48,20000,0.6048,916.3,2.189,0,0.3952,0.3161,4.505,0.1586,1.491,1.7098,0.2617,0.2495,7,0.7652,8,0.1114,0.1003,0.0,0,1,0
linq,35.0,6.13,eb0482,0.0482,1,6.4,0,0.49,20000,0.6048,916.3,2.189,0,0.3952,0.3391,4.328,0.1603,1.503,1.6712,0.2554,0.2433,7,0.7653,8,0.108,0.0971,0.0,0,0,0
linq,35.0,6.13,eb0482,0.0482,1,6.4,0,0.5,20000,0.6048,916.3,2.189,0,0.3952,0.3607,4.164,0.1623,1.515,1.6358,0.2501,0.238,7,0.7646,8,0.1048,0.0945,0.0,0,0,0
linq,35.0,6.13,eb0482,0.0482,1,6.4,0,0.51,20000,0.6048,916.3,2.189,0,0.3952,0.3819,4.008,0.1623,1.505,1.6087,0.245,0.2328,7,0.7689,8,0.1017,0.0919,0.0,0,0,0
linq,35.0,6.13,eb0482,0.0482,1,6.4,0,0.52,20000,0.6048,916.3,2.189,0,0.3952,0.4025,3.86,0.1631,1.488,1.5851,0.2399,0.2279,7,0.7716,8,0.0986,0.0896,0.0,0,0,0
linq,35.0,6.13,eb0482,0.0482,1,9.6,1,0.17,20000,0.6048,916.3,2.189,0,0.3952,0.0,11.868,0.0,nan,6.9983,1.4198,1.4195,2,1.0251,8,nan,nan,nan,0,0,0
linq,35.0,6.13,eb0482,0.0482,1,9.6,1,0.18,20000,0.6048,916.3,2.189,0,0.3952,0.0,11.341,0.0,nan,6.4798,1.2158,1.2151,3,0.9615,8,nan,nan,nan,0,0,0
linq,35.0,6.13,eb0482,0.0482,1,9.6,1,0.19,20000,0.6048,916.3,2.189,0,0.3952,0.0,10.809,0.0,nan,5.9555,1.0419,1.0411,4,0.917,8,nan,nan,nan,0,0,0
linq,35.0,6.13,eb0482,0.0482,1,9.6,1,0.2,20000,0.6048,916.3,2.189,0,0.3952,0.0,10.284,0.0,nan,5.4416,0.8919,0.8915,5,0.8828,8,nan,nan,nan,0,0,0
linq,35.0,6.13,eb0482,0.0482,1,9.6,1,0.21,20000,0.6048,916.3,2.189,0,0.3952,0.0,9.752,0.0,nan,4.9233,0.7591,0.759,6,0.857,8,nan,nan,nan,0,0,0
linq,35.0,6.13,eb0482,0.0482,1,9.6,1,0.22,20000,0.6048,916.3,2.189,0,0.3952,0.0,9.222,0.0,0.0,4.4143,0.6553,0.6548,6,0.838,8,nan,nan,nan,0,0,0
linq,35.0,6.13,eb0482,0.0482,1,9.6,1,0.23,20000,0.6048,916.3,2.189,0,0.3952,0.0,8.699,0.0001,0.043,3.9144,0.5614,0.5592,7,0.8272,8,nan,0.3257,nan,0,0,0
linq,35.0,6.13,eb0482,0.0482,1,9.6,1,0.24,20000,0.6048,916.3,2.189,0,0.3952,0.0,8.175,0.0003,0.028,3.4216,0.4971,0.4944,7,0.8209,8,nan,0.2798,nan,0,0,0
linq,35.0,6.13,eb0482,0.0482,1,9.6,1,0.25,20000,0.6048,916.3,2.189,0,0.3952,0.0,7.666,0.0027,0.082,2.9486,0.4471,0.4439,7,0.8174,8,0.3125,0.2478,0.0,0,0,0
linq,35.0,6.13,eb0482,0.0482,1,9.6,1,0.26,20000,0.6048,916.3,2.189,0,0.3952,0.0002,7.164,0.0134,0.214,2.4879,0.4052,0.4014,7,0.8151,8,0.2705,0.2177,0.0,0,0,0
linq,35.0,6.13,eb0482,0.0482,1,9.6,1,0.27,20000,0.6048,916.3,2.189,0,0.3952,0.0007,6.681,0.035,0.371,2.0642,0.3706,0.3661,7,0.8148,8,0.2439,0.193,0.0,0,1,0
linq,35.0,6.13,eb0482,0.0482,1,9.6,1,0.28,20000,0.6048,916.3,2.189,0,0.3952,0.0047,6.213,0.069,0.6,1.6813,0.3421,0.3369,7,0.8172,8,0.2183,0.173,0.0,0,1,0
linq,35.0,6.13,eb0482,0.0482,1,9.6,1,0.29,20000,0.6048,916.3,2.189,0,0.3952,0.016,5.771,0.1072,0.839,1.3654,0.3179,0.3122,7,0.8199,8,0.1963,0.1562,0.0,0,1,0
linq,35.0,6.13,eb0482,0.0482,1,9.6,1,0.3,20000,0.6048,916.3,2.189,0,0.3952,0.037,5.347,0.1414,1.045,1.1275,0.2969,0.2908,7,0.8179,8,0.1786,0.1417,0.0,0,1,0
linq,35.0,6.13,eb0482,0.0482,1,9.6,1,0.31,20000,0.6048,916.3,2.189,0,0.3952,0.0714,4.941,0.1707,1.249,0.9749,0.2793,0.2728,7,0.8259,8,0.1618,0.1294,0.0,0,1,0
linq,35.0,6.13,eb0482,0.0482,1,9.6,1,0.32,20000,0.6048,916.3,2.189,0,0.3952,0.1141,4.563,0.1902,1.35,0.8656,0.2637,0.2569,7,0.8293,8,0.1482,0.1196,0.0,1,1,1
linq,35.0,6.13,eb0482,0.0482,1,9.6,1,0.33,20000,0.6048,916.3,2.189,0,0.3952,0.1604,4.21,0.2059,1.453,0.7956,0.2507,0.2436,7,0.8336,8,0.1358,0.1112,0.0,1,0,0
linq,35.0,6.13,eb0482,0.0482,1,9.6,1,0.34,20000,0.6048,916.3,2.189,0,0.3952,0.2104,3.882,0.217,1.529,0.7548,0.2387,0.2314,7,0.8382,8,0.1254,0.1037,0.0,1,0,0
linq,35.0,6.13,eb0482,0.0482,1,9.6,1,0.35,20000,0.6048,916.3,2.189,0,0.3952,0.2599,3.582,0.2229,1.554,0.7284,0.2284,0.2209,7,0.8401,8,0.1165,0.0977,0.0,1,0,0
linq,35.0,6.13,eb0482,0.0482,1,9.6,1,0.36,20000,0.6048,916.3,2.189,0,0.3952,0.3063,3.309,0.2301,1.585,0.7141,0.22,0.2121,7,0.8442,8,0.109,0.0919,0.0,1,0,0
linq,35.0,6.13,eb0482,0.0482,1,9.6,1,0.37,20000,0.6048,916.3,2.189,0,0.3952,0.3509,3.057,0.2347,1.577,0.7038,0.2117,0.2036,7,0.8549,8,0.1026,0.0869,0.0,1,0,0
linq,35.0,6.13,eb0482,0.0482,1,9.6,1,0.38,20000,0.6048,916.3,2.189,0,0.3952,0.3946,2.826,0.2367,1.58,0.6999,0.2043,0.1962,7,0.86,8,0.0965,0.083,0.0,1,0,0
linq,35.0,6.13,eb0482,0.0482,1,9.6,1,0.39,20000,0.6048,916.3,2.189,0,0.3952,0.432,2.617,0.2433,1.624,0.6957,0.1981,0.1896,7,0.8631,8,0.0914,0.0793,0.0,1,0,0
linq,35.0,6.13,eb0482,0.0482,1,9.6,1,0.4,20000,0.6048,916.3,2.189,0,0.3952,0.4683,2.423,0.2487,1.681,0.6945,0.192,0.1834,7,0.8682,8,0.0868,0.076,0.0,1,0,0
linq,35.0,6.13,eb0482,0.0482,1,9.6,1,0.41,20000,0.6048,916.3,2.189,0,0.3952,0.5021,2.249,0.2513,1.7,0.7053,0.1865,0.1779,7,0.8723,8,0.0828,0.0729,0.0,1,0,0
linq,35.0,6.13,eb0482,0.0482,1,9.6,1,0.42,20000,0.6048,916.3,2.189,0,0.3952,0.5332,2.092,0.2539,1.693,0.7089,0.1824,0.1734,7,0.8771,8,0.0793,0.0702,0.0,1,0,0
linq,35.0,6.13,eb0482,0.0482,1,9.6,1,0.43,20000,0.6048,916.3,2.189,0,0.3952,0.5624,1.942,0.2571,1.708,0.7127,0.1783,0.169,7,0.8813,8,0.076,0.0676,0.0,1,0,0
linq,35.0,6.13,eb0482,0.0482,1,9.6,1,0.44,20000,0.6048,916.3,2.189,0,0.3952,0.5907,1.808,0.2533,1.654,0.7377,0.1754,0.1656,7,0.8831,8,0.0731,0.0652,0.0,1,0,0
linq,35.0,6.13,eb0482,0.0482,1,9.6,1,0.45,20000,0.6048,916.3,2.189,0,0.3952,0.6159,1.682,0.2568,1.714,0.7467,0.1715,0.1616,7,0.887,8,0.0707,0.0624,0.0,1,0,0
linq,35.0,6.13,eb0482,0.0482,1,9.6,1,0.46,20000,0.6048,916.3,2.189,0,0.3952,0.6389,1.568,0.2603,1.728,0.7506,0.1701,0.1593,7,0.8894,8,0.0682,0.0605,0.0,1,0,0
linq,35.0,6.13,eb0482,0.0482,1,9.6,1,0.47,20000,0.6048,916.3,2.189,0,0.3952,0.6613,1.461,0.2582,1.678,0.7741,0.169,0.1574,7,0.8904,8,0.0659,0.0586,0.0,1,0,0
linq,35.0,6.13,eb0482,0.0482,1,9.6,1,0.48,20000,0.6048,916.3,2.189,0,0.3952,0.6805,1.366,0.2611,1.684,0.7904,0.1687,0.1561,7,0.8945,8,0.0635,0.0573,0.0,1,0,0
linq,35.0,6.13,eb0482,0.0482,1,9.6,1,0.49,20000,0.6048,916.3,2.189,0,0.3952,0.6985,1.277,0.2635,1.623,0.8016,0.1675,0.1542,7,0.8936,8,0.0616,0.0558,0.0,1,0,0
linq,35.0,6.13,eb0482,0.0482,1,9.6,1,0.5,20000,0.6048,916.3,2.189,0,0.3952,0.7163,1.193,0.2639,1.623,0.8292,0.1663,0.1526,7,0.8451,7,0.0595,0.0545,0.0,1,0,0
linq,35.0,6.13,eb0482,0.0482,1,9.6,1,0.51,20000,0.6048,916.3,2.189,0,0.3952,0.7324,1.116,0.264,1.571,0.8507,0.1674,0.1524,7,0.8472,7,0.0577,0.0532,0.0,1,0,0
linq,35.0,6.13,eb0482,0.0482,1,9.6,1,0.52,20000,0.6048,916.3,2.189,0,0.3952,0.747,1.046,0.2683,1.61,0.8728,0.1669,0.1514,7,0.8494,7,0.0562,0.0523,0.0,1,0,0
linq,35.0,6.13,eb0482,0.0482,1,12.8,1,0.17,20000,0.6048,916.3,2.189,0,0.3952,0.0,10.183,0.0,nan,5.4586,1.0663,1.0627,3,0.8897,8,nan,nan,nan,0,0,0
linq,35.0,6.13,eb0482,0.0482,1,12.8,1,0.18,20000,0.6048,916.3,2.189,0,0.3952,0.0,9.559,0.0,nan,4.88,0.8897,0.8859,4,0.8634,8,nan,nan,nan,0,0,0
linq,35.0,6.13,eb0482,0.0482,1,12.8,1,0.19,20000,0.6048,916.3,2.189,0,0.3952,0.0,8.929,0.0,nan,4.3116,0.7444,0.7418,5,0.8488,8,nan,nan,nan,0,0,0
linq,35.0,6.13,eb0482,0.0482,1,12.8,1,0.2,20000,0.6048,916.3,2.189,0,0.3952,0.0,8.306,0.0,nan,3.7652,0.6239,0.6227,6,0.8396,8,nan,nan,nan,0,0,0
linq,35.0,6.13,eb0482,0.0482,1,12.8,1,0.21,20000,0.6048,916.3,2.189,0,0.3952,0.0,7.673,0.0,0.0,3.2178,0.5218,0.5216,6,0.8373,8,nan,nan,nan,0,0,0
linq,35.0,6.13,eb0482,0.0482,1,12.8,1,0.22,20000,0.6048,916.3,2.189,0,0.3952,0.0,7.056,0.0001,0.012,2.7004,0.4408,0.4406,7,0.8393,8,nan,0.2853,nan,0,1,0
linq,35.0,6.13,eb0482,0.0482,1,12.8,1,0.23,20000,0.6048,916.3,2.189,0,0.3952,0.0,6.455,0.0014,0.03,2.2267,0.3828,0.3823,7,0.8399,8,0.3329,0.2411,0.0,0,1,0
linq,35.0,6.13,eb0482,0.0482,1,12.8,1,0.24,20000,0.6048,916.3,2.189,0,0.3952,0.0,5.873,0.0156,0.15,1.8008,0.3368,0.3356,7,0.8451,8,0.2692,0.2029,0.0,0,1,0
linq,35.0,6.13,eb0482,0.0482,1,12.8,1,0.25,20000,0.6048,916.3,2.189,0,0.3952,0.0004,5.318,0.0556,0.37,1.437,0.3013,0.2994,7,0.8489,8,0.2309,0.1738,0.0,0,1,0
linq,35.0,6.13,eb0482,0.0482,1,12.8,1,0.26,20000,0.6048,916.3,2.189,0,0.3952,0.0052,4.799,0.1206,0.712,1.1633,0.2727,0.2702,7,0.8536,8,0.201,0.1496,0.0,0,1,0
linq,35.0,6.13,eb0482,0.0482,1,12.8,1,0.27,20000,0.6048,916.3,2.189,0,0.3952,0.0258,4.304,0.1841,1.048,1.0212,0.2503,0.2469,7,0.8056,7,0.176,0.1304,0.0,0,0,0
linq,35.0,6.13,eb0482,0.0482,1,12.8,1,0.28,20000,0.6048,916.3,2.189,0,0.3952,0.0715,3.841,0.2322,1.333,1.0037,0.2316,0.2275,7,0.8132,7,0.1541,0.1155,0.0,1,0,0
linq,35.0,6.13,eb0482,0.0482,1,12.8,1,0.29,20000,0.6048,916.3,2.189,0,0.3952,0.1371,3.414,0.2626,1.522,1.0618,0.2166,0.212,7,0.8191,7,0.1356,0.104,0.0,1,0,0
linq,35.0,6.13,eb0482,0.0482,1,12.8,1,0.3,20000,0.6048,916.3,2.189,0,0.3952,0.2099,3.022,0.2817,1.616,1.1209,0.2041,0.1988,7,0.8233,7,0.1209,0.0941,0.0,1,0,0
linq,35.0,6.13,eb0482,0.0482,1,12.8,1,0.31,20000,0.6048,916.3,2.189,0,0.3952,0.283,2.678,0.2948,1.679,1.1844,0.1937,0.1878,7,0.8317,7,0.1088,0.0864,0.0,1,0,0
linq,35.0,6.13,eb0482,0.0482,1,12.8,1,0.32,20000,0.6048,916.3,2.189,0,0.3952,0.3522,2.371,0.3023,1.683,1.2443,0.1857,0.179,7,0.8326,7,0.099,0.0801,0.0,0,0,0
linq,35.0,6.13,eb0482,0.0482,1,12.8,1,0.33,20000,0.6048,916.3,2.189,0,0.3952,0.4169,2.1,0.3125,1.794,1.287,0.1806,0.1727,7,0.7786,6,0.0905,0.0747,0.0,0,0,0
linq,35.0,6.13,eb0482,0.0482,1,12.8,1,0.34,20000,0.6048,916.3,2.189,0,0.3952,0.4735,1.863,0.3191,1.798,1.3504,0.1764,0.1671,7,0.7844,6,0.0839,0.0699,0.0,0,0,0
linq,35.0,6.13,eb0482,0.0482,1,12.8,1,0.35,20000,0.6048,916.3,2.189,0,0.3952,0.5251,1.656,0.3244,1.845,1.401,0.1738,0.1629,7,0.7894,6,0.0783,0.0654,0.0,0,0,0
linq,35.0,6.13,eb0482,0.0482,1,12.8,1,0.36,20000,0.6048,916.3,2.189,0,0.3952,0.5727,1.472,0.327,1.854,1.4443,0.1721,0.1596,7,0.7881,6,0.0733,0.0618,0.0,0,0,0
linq,35.0,6.13,eb0482,0.0482,1,12.8,1,0.37,20000,0.6048,916.3,2.189,0,0.3952,0.6152,1.311,0.3288,1.853,1.4829,0.1709,0.157,7,0.7872,6,0.069,0.0582,0.0,0,0,0
linq,35.0,6.13,eb0482,0.0482,1,12.8,1,0.38,20000,0.6048,916.3,2.189,0,0.3952,0.6517,1.17,0.331,1.774,1.5296,0.17,0.155,7,0.7889,6,0.0651,0.0563,0.0,0,0,0
linq,35.0,6.13,eb0482,0.0482,1,12.8,1,0.39,20000,0.6048,916.3,2.189,0,0.3952,0.6847,1.043,0.3343,1.742,1.5795,0.1717,0.1546,7,0.732,5,0.0618,0.0534,0.0,0,0,0
linq,35.0,6.13,eb0482,0.0482,1,12.8,1,0.4,20000,0.6048,916.3,2.189,0,0.3952,0.7143,0.937,0.3367,1.758,1.6104,0.176,0.1558,7,0.731,5,0.0583,0.0525,0.0,0,0,0
linq,35.0,6.13,eb0482,0.0482,1,12.8,1,0.41,20000,0.6048,916.3,2.189,0,0.3952,0.7412,0.836,0.3469,1.805,1.6579,0.1767,0.1552,7,0.7322,5,0.0558,0.0501,0.0,0,0,0
linq,35.0,6.13,eb0482,0.0482,1,12.8,1,0.42,20000,0.6048,916.3,2.189,0,0.3952,0.7639,0.75,0.3565,1.841,1.7127,0.1793,0.1565,7,0.7324,5,0.0537,0.049,0.0,0,0,0
linq,35.0,6.13,eb0482,0.0482,1,12.8,1,0.43,20000,0.6048,916.3,2.189,0,0.3952,0.7856,0.676,0.357,1.791,1.7379,0.1824,0.1578,7,0.7302,5,0.052,0.0474,0.0,0,0,0
linq,35.0,6.13,eb0482,0.0482,1,12.8,1,0.44,20000,0.6048,916.3,2.189,0,0.3952,0.8039,0.608,0.369,1.856,1.7862,0.1855,0.1591,7,0.729,5,0.0506,0.0462,0.0,0,0,0
linq,35.0,6.13,eb0482,0.0482,1,12.8,1,0.45,20000,0.6048,916.3,2.189,0,0.3952,0.8229,0.545,0.3764,1.891,1.8123,0.1863,0.1603,7,0.6679,4,0.0486,0.0452,0.0,0,0,0
linq,35.0,6.13,eb0482,0.0482,1,12.8,1,0.46,20000,0.6048,916.3,2.189,0,0.3952,0.839,0.492,0.382,1.943,1.834,0.1896,0.1625,7,0.6675,4,0.0475,0.0445,0.0,0,0,0
linq,35.0,6.13,eb0482,0.0482,1,12.8,1,0.47,20000,0.6048,916.3,2.189,0,0.3952,0.8535,0.444,0.3904,1.98,1.8554,0.1912,0.1638,7,0.666,4,0.0468,0.0439,0.0,0,0,0
linq,35.0,6.13,eb0482,0.0482,1,12.8,1,0.48,20000,0.6048,916.3,2.189,0,0.3952,0.8662,0.402,0.3985,2.012,1.8809,0.1925,0.1657,7,0.6621,4,0.0452,0.0434,0.0,0,0,0
linq,35.0,6.13,eb0482,0.0482,1,12.8,1,0.49,20000,0.6048,916.3,2.189,0,0.3952,0.8788,0.364,0.404,2.056,1.8849,0.197,0.1686,7,0.6583,4,0.0445,0.0438,0.0,0,0,0
linq,35.0,6.13,eb0482,0.0482,1,12.8,1,0.5,20000,0.6048,916.3,2.189,0,0.3952,0.8906,0.33,0.3982,1.882,1.875,0.1996,0.1713,7,0.6549,4,0.0434,0.0454,0.0,0,0,0
linq,35.0,6.13,eb0482,0.0482,1,12.8,1,0.51,20000,0.6048,916.3,2.189,0,0.3952,0.9004,0.299,0.4076,1.956,1.882,0.2004,0.1728,7,0.6056,3,0.043,0.0464,0.0,0,0,0
linq,35.0,6.13,eb0482,0.0482,1,12.8,1,0.52,20000,0.6048,916.3,2.189,0,0.3952,0.9094,0.273,0.4117,1.974,1.8791,0.2047,0.1772,7,0.6059,3,0.042,0.0478,0.0,0,0,0
linq,35.0,6.13,eb1168,0.11675778353879479,0,2.4,0,0.17,20000,0.3962,916.3,2.189,0,0.6038,0.0,19.097,0.0,nan,14.2083,nan,nan,0,4.6292,3,nan,nan,nan,0,0,0
linq,35.0,6.13,eb1168,0.11675778353879479,0,2.4,0,0.18,20000,0.3962,916.3,2.189,0,0.6038,0.0,18.971,0.0,nan,14.0828,nan,nan,0,4.5926,4,nan,nan,nan,0,0,0
linq,35.0,6.13,eb1168,0.11675778353879479,0,2.4,0,0.19,20000,0.3962,916.3,2.189,0,0.6038,0.0,18.854,0.0,nan,13.9654,nan,nan,0,4.3572,4,nan,nan,nan,0,0,0
linq,35.0,6.13,eb1168,0.11675778353879479,0,2.4,0,0.2,20000,0.3962,916.3,2.189,0,0.6038,0.0,18.735,0.0,nan,13.8464,nan,nan,0,4.1593,4,nan,nan,nan,0,0,0
linq,35.0,6.13,eb1168,0.11675778353879479,0,2.4,0,0.21,20000,0.3962,916.3,2.189,0,0.6038,0.0,18.616,0.0,nan,13.7271,nan,nan,0,4.0412,5,nan,nan,nan,0,0,0
linq,35.0,6.13,eb1168,0.11675778353879479,0,2.4,0,0.22,20000,0.3962,916.3,2.189,0,0.6038,0.0,18.502,0.0,nan,13.6136,nan,nan,0,3.8545,5,nan,nan,nan,0,0,0
linq,35.0,6.13,eb1168,0.11675778353879479,0,2.4,0,0.23,20000,0.3962,916.3,2.189,0,0.6038,0.0,18.381,0.0,nan,13.4925,nan,nan,0,3.7026,5,nan,nan,nan,0,0,0
linq,35.0,6.13,eb1168,0.11675778353879479,0,2.4,0,0.24,20000,0.3962,916.3,2.189,0,0.6038,0.0,18.267,0.0,nan,13.3786,nan,nan,0,3.5964,6,nan,nan,nan,0,0,0
linq,35.0,6.13,eb1168,0.11675778353879479,0,2.4,0,0.25,20000,0.3962,916.3,2.189,0,0.6038,0.0,18.148,0.0,nan,13.2596,nan,nan,0,3.4509,6,nan,nan,nan,0,0,0
linq,35.0,6.13,eb1168,0.11675778353879479,0,2.4,0,0.26,20000,0.3962,916.3,2.189,0,0.6038,0.0,18.03,0.0,nan,13.1418,nan,nan,0,3.3342,6,nan,nan,nan,0,0,0
linq,35.0,6.13,eb1168,0.11675778353879479,0,2.4,0,0.27,20000,0.3962,916.3,2.189,0,0.6038,0.0,17.919,0.0,nan,13.03,nan,nan,0,3.2069,7,nan,nan,nan,0,0,0
linq,35.0,6.13,eb1168,0.11675778353879479,0,2.4,0,0.28,20000,0.3962,916.3,2.189,0,0.6038,0.0,17.804,0.0,nan,12.9155,nan,nan,0,3.1044,7,nan,nan,nan,0,0,0
linq,35.0,6.13,eb1168,0.11675778353879479,0,2.4,0,0.29,20000,0.3962,916.3,2.189,0,0.6038,0.0,17.685,0.0,nan,12.7964,nan,nan,0,3.0073,7,nan,nan,nan,0,0,0
linq,35.0,6.13,eb1168,0.11675778353879479,0,2.4,0,0.3,20000,0.3962,916.3,2.189,0,0.6038,0.0,17.569,0.0,nan,12.6808,nan,nan,0,2.8789,8,nan,nan,nan,0,0,0
linq,35.0,6.13,eb1168,0.11675778353879479,0,2.4,0,0.31,20000,0.3962,916.3,2.189,0,0.6038,0.0,17.459,0.0,nan,12.57,nan,nan,0,2.8024,8,nan,nan,nan,0,0,0
linq,35.0,6.13,eb1168,0.11675778353879479,0,2.4,0,0.32,20000,0.3962,916.3,2.189,0,0.6038,0.0,17.343,0.0,nan,12.4539,nan,nan,0,2.7202,8,nan,nan,nan,0,0,0
linq,35.0,6.13,eb1168,0.11675778353879479,0,2.4,0,0.33,20000,0.3962,916.3,2.189,0,0.6038,0.0,17.23,0.0,nan,12.3411,nan,nan,0,2.6531,8,nan,nan,nan,0,0,0
linq,35.0,6.13,eb1168,0.11675778353879479,0,2.4,0,0.34,20000,0.3962,916.3,2.189,0,0.6038,0.0,17.117,0.0,nan,12.2284,nan,nan,0,2.5918,8,nan,nan,nan,0,0,0
linq,35.0,6.13,eb1168,0.11675778353879479,0,2.4,0,0.35,20000,0.3962,916.3,2.189,0,0.6038,0.0,17.003,0.0,nan,12.1141,nan,nan,0,2.5319,8,nan,nan,nan,0,0,0
linq,35.0,6.13,eb1168,0.11675778353879479,0,2.4,0,0.36,20000,0.3962,916.3,2.189,0,0.6038,0.0,16.884,0.0,nan,11.9957,nan,nan,0,2.4721,8,nan,nan,nan,0,0,0
linq,35.0,6.13,eb1168,0.11675778353879479,0,2.4,0,0.37,20000,0.3962,916.3,2.189,0,0.6038,0.0,16.775,0.0,nan,11.886,1.7093,1.7093,1,2.42,8,nan,nan,nan,0,0,0
linq,35.0,6.13,eb1168,0.11675778353879479,0,2.4,0,0.38,20000,0.3962,916.3,2.189,0,0.6038,0.0,16.659,0.0,nan,11.7707,1.6598,1.6598,1,2.3683,8,nan,nan,nan,0,0,0
linq,35.0,6.13,eb1168,0.11675778353879479,0,2.4,0,0.39,20000,0.3962,916.3,2.189,0,0.6038,0.0,16.545,0.0,nan,11.6565,1.6261,1.6261,1,2.3211,8,nan,nan,nan,0,0,0
linq,35.0,6.13,eb1168,0.11675778353879479,0,2.4,0,0.4,20000,0.3962,916.3,2.189,0,0.6038,0.0,16.431,0.0,nan,11.5425,1.4957,1.4926,2,2.2743,8,nan,nan,nan,0,0,0
linq,35.0,6.13,eb1168,0.11675778353879479,0,2.4,0,0.41,20000,0.3962,916.3,2.189,0,0.6038,0.0,16.316,0.0,0.0,11.4278,1.4693,1.4651,2,2.2309,8,nan,nan,nan,0,0,0
linq,35.0,6.13,eb1168,0.11675778353879479,0,2.4,0,0.42,20000,0.3962,916.3,2.189,0,0.6038,0.0,16.205,0.0,0.0,11.3165,1.4322,1.4287,2,2.1906,8,nan,nan,nan,0,0,0
linq,35.0,6.13,eb1168,0.11675778353879479,0,2.4,0,0.43,20000,0.3962,916.3,2.189,0,0.6038,0.0,16.09,0.0,0.0,11.2014,1.322,1.3152,3,2.152,8,nan,nan,nan,0,0,0
linq,35.0,6.13,eb1168,0.11675778353879479,0,2.4,0,0.44,20000,0.3962,916.3,2.189,0,0.6038,0.0,15.977,0.0001,1.0,11.0887,1.2979,1.2909,3,2.1121,8,nan,nan,nan,0,0,0
linq,35.0,6.13,eb1168,0.11675778353879479,0,2.4,0,0.45,20000,0.3962,916.3,2.189,0,0.6038,0.0,15.862,0.0002,3.0,10.9736,1.273,1.2659,3,2.0759,8,nan,nan,nan,0,0,0
linq,35.0,6.13,eb1168,0.11675778353879479,0,2.4,0,0.46,20000,0.3962,916.3,2.189,0,0.6038,0.0,15.752,0.0002,3.0,10.8634,1.1743,1.1613,4,2.0434,8,nan,nan,nan,0,0,0
linq,35.0,6.13,eb1168,0.11675778353879479,0,2.4,0,0.47,20000,0.3962,916.3,2.189,0,0.6038,0.0,15.642,0.0003,1.333,10.7533,1.1526,1.1401,4,2.0128,8,nan,nan,nan,0,0,0
linq,35.0,6.13,eb1168,0.11675778353879479,0,2.4,0,0.48,20000,0.3962,916.3,2.189,0,0.6038,0.0,15.527,0.0003,1.333,10.6386,1.1326,1.1201,4,1.9833,8,nan,nan,nan,0,0,0
linq,35.0,6.13,eb1168,0.11675778353879479,0,2.4,0,0.49,20000,0.3962,916.3,2.189,0,0.6038,0.0001,15.414,0.0001,0.25,10.5271,1.0371,1.016,5,1.9548,8,nan,nan,nan,0,0,0
linq,35.0,6.13,eb1168,0.11675778353879479,0,2.4,0,0.5,20000,0.3962,916.3,2.189,0,0.6038,0.0002,15.298,0.0002,0.333,10.4124,1.0217,1.0013,5,1.9255,8,nan,nan,nan,0,0,0
linq,35.0,6.13,eb1168,0.11675778353879479,0,2.4,0,0.51,20000,0.3962,916.3,2.189,0,0.6038,0.0002,15.186,0.0003,0.364,10.3004,0.9349,0.9039,6,1.899,8,nan,nan,nan,0,0,0
linq,35.0,6.13,eb1168,0.11675778353879479,0,2.4,0,0.52,20000,0.3962,916.3,2.189,0,0.6038,0.0003,15.075,0.0003,0.267,10.1904,0.915,0.8846,6,1.8742,8,nan,nan,nan,0,0,0
linq,35.0,6.13,eb1168,0.11675778353879479,0,3.2,0,0.17,20000,0.3962,916.3,2.189,0,0.6038,0.0,17.675,0.0,nan,12.786,nan,nan,0,3.4528,5,nan,nan,nan,0,0,0
linq,35.0,6.13,eb1168,0.11675778353879479,0,3.2,0,0.18,20000,0.3962,916.3,2.189,0,0.6038,0.0,17.479,0.0,nan,12.5903,nan,nan,0,3.326,6,nan,nan,nan,0,0,0
linq,35.0,6.13,eb1168,0.11675778353879479,0,3.2,0,0.19,20000,0.3962,916.3,2.189,0,0.6038,0.0,17.284,0.0,nan,12.3955,nan,nan,0,3.1134,6,nan,nan,nan,0,0,0
linq,35.0,6.13,eb1168,0.11675778353879479,0,3.2,0,0.2,20000,0.3962,916.3,2.189,0,0.6038,0.0,17.09,0.0,nan,12.2015,nan,nan,0,2.9816,7,nan,nan,nan,0,0,0
linq,35.0,6.13,eb1168,0.11675778353879479,0,3.2,0,0.21,20000,0.3962,916.3,2.189,0,0.6038,0.0,16.898,0.0,nan,12.009,nan,nan,0,2.8176,7,nan,nan,nan,0,0,0
linq,35.0,6.13,eb1168,0.11675778353879479,0,3.2,0,0.22,20000,0.3962,916.3,2.189,0,0.6038,0.0,16.703,0.0,nan,11.8144,nan,nan,0,2.6781,8,nan,nan,nan,0,0,0
linq,35.0,6.13,eb1168,0.11675778353879479,0,3.2,0,0.23,20000,0.3962,916.3,2.189,0,0.6038,0.0,16.512,0.0,nan,11.6231,nan,nan,0,2.5458,8,nan,nan,nan,0,0,0
linq,35.0,6.13,eb1168,0.11675778353879479,0,3.2,0,0.24,20000,0.3962,916.3,2.189,0,0.6038,0.0,16.319,0.0,nan,11.4305,nan,nan,0,2.4324,8,nan,nan,nan,0,0,0
linq,35.0,6.13,eb1168,0.11675778353879479,0,3.2,0,0.25,20000,0.3962,916.3,2.189,0,0.6038,0.0,16.129,0.0,nan,11.2401,nan,nan,0,2.3355,8,nan,nan,nan,0,0,0
linq,35.0,6.13,eb1168,0.11675778353879479,0,3.2,0,0.26,20000,0.3962,916.3,2.189,0,0.6038,0.0,15.933,0.0,nan,11.0448,nan,nan,0,2.2404,8,nan,nan,nan,0,0,0
linq,35.0,6.13,eb1168,0.11675778353879479,0,3.2,0,0.27,20000,0.3962,916.3,2.189,0,0.6038,0.0,15.744,0.0,nan,10.8558,1.8081,1.8081,1,2.1581,8,nan,nan,nan,0,0,0
linq,35.0,6.13,eb1168,0.11675778353879479,0,3.2,0,0.28,20000,0.3962,916.3,2.189,0,0.6038,0.0,15.552,0.0,nan,10.6629,1.6985,1.6985,1,2.0802,8,nan,nan,nan,0,0,0
linq,35.0,6.13,eb1168,0.11675778353879479,0,3.2,0,0.29,20000,0.3962,916.3,2.189,0,0.6038,0.0,15.36,0.0,nan,10.4716,1.5556,1.5542,2,2.0113,8,nan,nan,nan,0,0,0
linq,35.0,6.13,eb1168,0.11675778353879479,0,3.2,0,0.3,20000,0.3962,916.3,2.189,0,0.6038,0.0,15.17,0.0,nan,10.2814,1.4862,1.4844,2,1.9465,8,nan,nan,nan,0,0,0
linq,35.0,6.13,eb1168,0.11675778353879479,0,3.2,0,0.31,20000,0.3962,916.3,2.189,0,0.6038,0.0,14.979,0.0,nan,10.0902,1.4207,1.4181,2,1.8864,8,nan,nan,nan,0,0,0
linq,35.0,6.13,eb1168,0.11675778353879479,0,3.2,0,0.32,20000,0.3962,916.3,2.189,0,0.6038,0.0,14.785,0.0,nan,9.8962,1.3116,1.307,3,1.8315,8,nan,nan,nan,0,0,0
linq,35.0,6.13,eb1168,0.11675778353879479,0,3.2,0,0.33,20000,0.3962,916.3,2.189,0,0.6038,0.0,14.592,0.0,0.0,9.7029,1.2578,1.2526,3,1.7818,8,nan,nan,nan,0,0,0
linq,35.0,6.13,eb1168,0.11675778353879479,0,3.2,0,0.34,20000,0.3962,916.3,2.189,0,0.6038,0.0,14.406,0.0,0.0,9.5175,1.1575,1.1484,4,1.7379,8,nan,nan,nan,0,0,0
linq,35.0,6.13,eb1168,0.11675778353879479,0,3.2,0,0.35,20000,0.3962,916.3,2.189,0,0.6038,0.0,14.214,0.0,0.0,9.3249,1.1154,1.1064,4,1.6935,8,nan,nan,nan,0,0,0
linq,35.0,6.13,eb1168,0.11675778353879479,0,3.2,0,0.36,20000,0.3962,916.3,2.189,0,0.6038,0.0,14.02,0.0002,3.0,9.1318,1.0157,1.0017,5,1.6537,8,nan,nan,nan,0,0,0
linq,35.0,6.13,eb1168,0.11675778353879479,0,3.2,0,0.37,20000,0.3962,916.3,2.189,0,0.6038,0.0,13.83,0.0003,1.333,8.9414,0.9254,0.9041,6,1.6173,8,nan,nan,nan,0,0,0
linq,35.0,6.13,eb1168,0.11675778353879479,0,3.2,0,0.38,20000,0.3962,916.3,2.189,0,0.6038,0.0,13.643,0.0003,0.444,8.7547,0.8954,0.8735,6,1.585,8,nan,nan,nan,0,0,0
linq,35.0,6.13,eb1168,0.11675778353879479,0,3.2,0,0.39,20000,0.3962,916.3,2.189,0,0.6038,0.0001,13.448,0.0003,0.308,8.5598,0.8652,0.8437,6,1.5529,8,nan,nan,nan,0,0,0
linq,35.0,6.13,eb1168,0.11675778353879479,0,3.2,0,0.4,20000,0.3962,916.3,2.189,0,0.6038,0.0002,13.26,0.0003,0.19,8.3741,0.7816,0.7471,7,1.5231,8,nan,0.3069,nan,0,0,0
linq,35.0,6.13,eb1168,0.11675778353879479,0,3.2,0,0.41,20000,0.3962,916.3,2.189,0,0.6038,0.0003,13.067,0.0006,0.346,8.1819,0.7573,0.7225,7,1.4943,8,nan,0.2877,nan,0,0,0
linq,35.0,6.13,eb1168,0.11675778353879479,0,3.2,0,0.42,20000,0.3962,916.3,2.189,0,0.6038,0.0003,12.875,0.0009,0.326,7.9892,0.735,0.7018,7,1.4676,8,nan,0.2802,nan,0,0,0
linq,35.0,6.13,eb1168,0.11675778353879479,0,3.2,0,0.43,20000,0.3962,916.3,2.189,0,0.6038,0.0003,12.693,0.0015,0.39,7.8074,0.7143,0.6811,7,1.4437,8,0.3015,0.2668,0.0,0,0,0
linq,35.0,6.13,eb1168,0.11675778353879479,0,3.2,0,0.44,20000,0.3962,916.3,2.189,0,0.6038,0.0004,12.506,0.0017,0.3,7.6225,0.6952,0.663,7,1.4212,8,0.2908,0.2625,0.0,0,0,0
linq,35.0,6.13,eb1168,0.11675778353879479,0,3.2,0,0.45,20000,0.3962,916.3,2.189,0,0.6038,0.0006,12.312,0.0028,0.415,7.4322,0.6775,0.6464,7,1.3994,8,0.2782,0.2584,0.0,0,0,0
linq,35.0,6.13,eb1168,0.11675778353879479,0,3.2,0,0.46,20000,0.3962,916.3,2.189,0,0.6038,0.0009,12.125,0.0037,0.397,7.2492,0.661,0.6303,7,1.379,8,0.2679,0.25,0.0,0,0,0
linq,35.0,6.13,eb1168,0.11675778353879479,0,3.2,0,0.47,20000,0.3962,916.3,2.189,0,0.6038,0.0014,11.938,0.0051,0.476,7.0666,0.6455,0.615,7,1.3593,8,0.26,0.2432,0.0,0,0,0
linq,35.0,6.13,eb1168,0.11675778353879479,0,3.2,0,0.48,20000,0.3962,916.3,2.189,0,0.6038,0.0018,11.756,0.0068,0.514,6.8897,0.6301,0.6,7,1.3409,8,0.2549,0.238,0.0,0,0,0
linq,35.0,6.13,eb1168,0.11675778353879479,0,3.2,0,0.49,20000,0.3962,916.3,2.189,0,0.6038,0.0023,11.571,0.0091,0.64,6.7121,0.6153,0.586,7,1.3237,8,0.2497,0.2335,0.0,0,0,0
linq,35.0,6.13,eb1168,0.11675778353879479,0,3.2,0,0.5,20000,0.3962,916.3,2.189,0,0.6038,0.0034,11.387,0.0115,0.693,6.5397,0.6017,0.5728,7,1.3056,8,0.2426,0.227,0.0,0,0,0
linq,35.0,6.13,eb1168,0.11675778353879479,0,3.2,0,0.51,20000,0.3962,916.3,2.189,0,0.6038,0.0046,11.205,0.0132,0.697,6.3723,0.5889,0.5603,7,1.291,8,0.2383,0.2234,0.0,0,0,0
linq,35.0,6.13,eb1168,0.11675778353879479,0,3.2,0,0.52,20000,0.3962,916.3,2.189,0,0.6038,0.0062,11.024,0.0163,0.81,6.2085,0.5765,0.5481,7,1.2778,8,0.2332,0.217,0.0,0,0,0
linq,35.0,6.13,eb1168,0.11675778353879479,0,4.8,0,0.17,20000,0.3962,916.3,2.189,0,0.6038,0.0,15.243,0.0,nan,10.3596,nan,nan,0,2.214,8,nan,nan,nan,0,0,0
linq,35.0,6.13,eb1168,0.11675778353879479,0,4.8,0,0.18,20000,0.3962,916.3,2.189,0,0.6038,0.0,14.909,0.0,nan,10.027,nan,nan,0,2.0327,8,nan,nan,nan,0,0,0
linq,35.0,6.13,eb1168,0.11675778353879479,0,4.8,0,0.19,20000,0.3962,916.3,2.189,0,0.6038,0.0,14.576,0.0,nan,9.6948,nan,nan,0,1.8863,8,nan,nan,nan,0,0,0
linq,35.0,6.13,eb1168,0.11675778353879479,0,4.8,0,0.2,20000,0.3962,916.3,2.189,0,0.6038,0.0,14.245,0.0,nan,9.366,1.9011,1.9011,1,1.7653,8,nan,nan,nan,0,0,0
linq,35.0,6.13,eb1168,0.11675778353879479,0,4.8,0,0.21,20000,0.3962,916.3,2.189,0,0.6038,0.0,13.912,0.0,nan,9.0376,1.6702,1.6702,1,1.6604,8,nan,nan,nan,0,0,0
linq,35.0,6.13,eb1168,0.11675778353879479,0,4.8,0,0.22,20000,0.3962,916.3,2.189,0,0.6038,0.0,13.578,0.0,nan,8.7084,1.5194,1.519,2,1.5734,8,nan,nan,nan,0,0,0
linq,35.0,6.13,eb1168,0.11675778353879479,0,4.8,0,0.23,20000,0.3962,916.3,2.189,0,0.6038,0.0,13.249,0.0,nan,8.3823,1.3946,1.3935,2,1.5027,8,nan,nan,nan,0,0,0
linq,35.0,6.13,eb1168,0.11675778353879479,0,4.8,0,0.24,20000,0.3962,916.3,2.189,0,0.6038,0.0,12.917,0.0,nan,8.0511,1.2574,1.2557,3,1.4414,8,nan,nan,nan,0,0,0
linq,35.0,6.13,eb1168,0.11675778353879479,0,4.8,0,0.25,20000,0.3962,916.3,2.189,0,0.6038,0.0,12.587,0.0,nan,7.7235,1.1355,1.1331,4,1.3907,8,nan,nan,nan,0,0,0
linq,35.0,6.13,eb1168,0.11675778353879479,0,4.8,0,0.26,20000,0.3962,916.3,2.189,0,0.6038,0.0,12.253,0.0,nan,7.395,1.0504,1.0471,4,1.3497,8,nan,nan,nan,0,0,0
linq,35.0,6.13,eb1168,0.11675778353879479,0,4.8,0,0.27,20000,0.3962,916.3,2.189,0,0.6038,0.0,11.925,0.0,0.0,7.0725,0.9422,0.9364,5,1.3136,8,nan,nan,nan,0,0,0
linq,35.0,6.13,eb1168,0.11675778353879479,0,4.8,0,0.28,20000,0.3962,916.3,2.189,0,0.6038,0.0,11.59,0.0,0.0,6.744,0.8421,0.832,6,1.283,8,nan,nan,nan,0,0,0
linq,35.0,6.13,eb1168,0.11675778353879479,0,4.8,0,0.29,20000,0.3962,916.3,2.189,0,0.6038,0.0,11.261,0.0002,0.375,6.4187,0.7907,0.7801,6,1.256,8,nan,nan,nan,0,0,0
linq,35.0,6.13,eb1168,0.11675778353879479,0,4.8,0,0.3,20000,0.3962,916.3,2.189,0,0.6038,0.0,10.93,0.0003,0.19,6.0915,0.7015,0.6826,7,1.235,8,nan,0.3098,nan,0,0,0
linq,35.0,6.13,eb1168,0.11675778353879479,0,4.8,0,0.31,20000,0.3962,916.3,2.189,0,0.6038,0.0,10.601,0.0004,0.159,5.7711,0.6632,0.6447,7,1.2163,8,nan,0.2899,nan,0,0,0
linq,35.0,6.13,eb1168,0.11675778353879479,0,4.8,0,0.32,20000,0.3962,916.3,2.189,0,0.6038,0.0002,10.271,0.0009,0.156,5.4507,0.6279,0.6095,7,1.2025,8,nan,0.2685,nan,0,0,0
linq,35.0,6.13,eb1168,0.11675778353879479,0,4.8,0,0.33,20000,0.3962,916.3,2.189,0,0.6038,0.0003,9.95,0.0019,0.179,5.1386,0.5971,0.5793,7,1.1888,8,0.2936,0.2556,0.0,0,0,0
linq,35.0,6.13,eb1168,0.11675778353879479,0,4.8,0,0.34,20000,0.3962,916.3,2.189,0,0.6038,0.0004,9.622,0.0042,0.265,4.8182,0.5687,0.5514,7,1.176,8,0.2737,0.2429,0.0,0,0,0
linq,35.0,6.13,eb1168,0.11675778353879479,0,4.8,0,0.35,20000,0.3962,916.3,2.189,0,0.6038,0.0008,9.299,0.0078,0.351,4.5142,0.5429,0.526,7,1.1656,8,0.2594,0.2321,0.0,0,0,0
linq,35.0,6.13,eb1168,0.11675778353879479,0,4.8,0,0.36,20000,0.3962,916.3,2.189,0,0.6038,0.0016,8.982,0.0137,0.497,4.2198,0.5193,0.5026,7,1.1577,8,0.2456,0.2209,0.0,0,0,0
linq,35.0,6.13,eb1168,0.11675778353879479,0,4.8,0,0.37,20000,0.3962,916.3,2.189,0,0.6038,0.0029,8.666,0.0202,0.586,3.9262,0.4981,0.4814,7,1.151,8,0.2363,0.2093,0.0,0,0,0
linq,35.0,6.13,eb1168,0.11675778353879479,0,4.8,0,0.38,20000,0.3962,916.3,2.189,0,0.6038,0.0056,8.356,0.0277,0.641,3.6486,0.4784,0.4617,7,1.1446,8,0.2266,0.1981,0.0,0,0,0
linq,35.0,6.13,eb1168,0.11675778353879479,0,4.8,0,0.39,20000,0.3962,916.3,2.189,0,0.6038,0.0093,8.056,0.0351,0.673,3.3997,0.4609,0.4443,7,1.1383,8,0.2173,0.1895,0.0,0,0,0
linq,35.0,6.13,eb1168,0.11675778353879479,0,4.8,0,0.4,20000,0.3962,916.3,2.189,0,0.6038,0.0157,7.753,0.043,0.733,3.1624,0.4444,0.4282,7,1.1353,8,0.2064,0.1826,0.0,0,0,0
linq,35.0,6.13,eb1168,0.11675778353879479,0,4.8,0,0.41,20000,0.3962,916.3,2.189,0,0.6038,0.0229,7.458,0.0531,0.795,2.935,0.4296,0.4133,7,1.1351,8,0.197,0.1742,0.0,0,0,0
linq,35.0,6.13,eb1168,0.11675778353879479,0,4.8,0,0.42,20000,0.3962,916.3,2.189,0,0.6038,0.0314,7.172,0.0632,0.846,2.7294,0.416,0.3998,7,1.1341,8,0.1888,0.1674,0.0,0,0,0
linq,35.0,6.13,eb1168,0.11675778353879479,0,4.8,0,0.43,20000,0.3962,916.3,2.189,0,0.6038,0.0409,6.899,0.0747,0.947,2.5413,0.4032,0.387,7,1.1323,8,0.1817,0.1609,0.0,0,1,0
linq,35.0,6.13,eb1168,0.11675778353879479,0,4.8,0,0.44,20000,0.3962,916.3,2.189,0,0.6038,0.0529,6.629,0.0851,1.014,2.369,0.3918,0.3756,7,1.1328,8,0.1743,0.1564,0.0,0,1,0
linq,35.0,6.13,eb1168,0.11675778353879479,0,4.8,0,0.45,20000,0.3962,916.3,2.189,0,0.6038,0.0664,6.361,0.0966,1.124,2.2043,0.3805,0.3645,7,1.1327,8,0.1682,0.1512,0.0,0,1,0
linq,35.0,6.13,eb1168,0.11675778353879479,0,4.8,0,0.46,20000,0.3962,916.3,2.189,0,0.6038,0.0825,6.101,0.1042,1.163,2.0738,0.3704,0.3544,7,1.1325,8,0.1621,0.1464,0.0,0,1,0
linq,35.0,6.13,eb1168,0.11675778353879479,0,4.8,0,0.47,20000,0.3962,916.3,2.189,0,0.6038,0.1008,5.857,0.1107,1.159,1.9641,0.3613,0.3451,7,1.1298,8,0.1567,0.1411,0.0,0,1,0
linq,35.0,6.13,eb1168,0.11675778353879479,0,4.8,0,0.48,20000,0.3962,916.3,2.189,0,0.6038,0.1171,5.621,0.12,1.225,1.8425,0.3528,0.3365,7,1.1324,8,0.1521,0.1363,0.0,0,1,0
linq,35.0,6.13,eb1168,0.11675778353879479,0,4.8,0,0.49,20000,0.3962,916.3,2.189,0,0.6038,0.1374,5.385,0.1246,1.192,1.7427,0.3447,0.3283,7,1.1332,8,0.1475,0.1321,0.0,0,1,0
linq,35.0,6.13,eb1168,0.11675778353879479,0,4.8,0,0.5,20000,0.3962,916.3,2.189,0,0.6038,0.1582,5.165,0.1295,1.203,1.6676,0.3373,0.3209,7,1.1355,8,0.1427,0.1287,0.0,0,1,0
linq,35.0,6.13,eb1168,0.11675778353879479,0,4.8,0,0.51,20000,0.3962,916.3,2.189,0,0.6038,0.1774,4.951,0.1373,1.255,1.5812,0.3306,0.314,7,1.1364,8,0.139,0.125,0.0,0,1,0
linq,35.0,6.13,eb1168,0.11675778353879479,0,4.8,0,0.52,20000,0.3962,916.3,2.189,0,0.6038,0.1978,4.743,0.1435,1.274,1.509,0.3235,0.3071,7,1.1403,8,0.1347,0.1213,0.0,0,1,0
linq,35.0,6.13,eb1168,0.11675778353879479,0,6.4,0,0.17,20000,0.3962,916.3,2.189,0,0.6038,0.0,13.367,0.0,nan,8.5298,nan,nan,0,1.5965,8,nan,nan,nan,0,0,0
linq,35.0,6.13,eb1168,0.11675778353879479,0,6.4,0,0.18,20000,0.3962,916.3,2.189,0,0.6038,0.0,12.927,0.0,nan,8.0955,1.7071,1.7071,1,1.4869,8,nan,nan,nan,0,0,0
linq,35.0,6.13,eb1168,0.11675778353879479,0,6.4,0,0.19,20000,0.3962,916.3,2.189,0,0.6038,0.0,12.487,0.0,nan,7.6691,1.5081,1.5081,2,1.4047,8,nan,nan,nan,0,0,0
linq,35.0,6.13,eb1168,0.11675778353879479,0,6.4,0,0.2,20000,0.3962,916.3,2.189,0,0.6038,0.0,12.05,0.0,nan,7.2477,1.3311,1.3309,2,1.3426,8,nan,nan,nan,0,0,0
linq,35.0,6.13,eb1168,0.11675778353879479,0,6.4,0,0.21,20000,0.3962,916.3,2.189,0,0.6038,0.0,11.606,0.0,nan,6.8134,1.1717,1.1715,3,1.2903,8,nan,nan,nan,0,0,0
linq,35.0,6.13,eb1168,0.11675778353879479,0,6.4,0,0.22,20000,0.3962,916.3,2.189,0,0.6038,0.0,11.164,0.0,nan,6.3995,1.0382,1.0377,4,1.2479,8,nan,nan,nan,0,0,0
linq,35.0,6.13,eb1168,0.11675778353879479,0,6.4,0,0.23,20000,0.3962,916.3,2.189,0,0.6038,0.0,10.721,0.0,nan,5.9765,0.9173,0.9159,5,1.2203,8,nan,nan,nan,0,0,0
linq,35.0,6.13,eb1168,0.11675778353879479,0,6.4,0,0.24,20000,0.3962,916.3,2.189,0,0.6038,0.0,10.283,0.0,0.0,5.5606,0.8279,0.8259,5,1.2013,8,nan,nan,nan,0,0,0
linq,35.0,6.13,eb1168,0.11675778353879479,0,6.4,0,0.25,20000,0.3962,916.3,2.189,0,0.6038,0.0,9.844,0.0,0.0,5.1574,0.7302,0.726,6,1.1828,8,nan,nan,nan,0,0,0
linq,35.0,6.13,eb1168,0.11675778353879479,0,6.4,0,0.26,20000,0.3962,916.3,2.189,0,0.6038,0.0,9.4,0.0002,0.158,4.7413,0.6682,0.6638,6,1.1707,8,nan,nan,nan,0,0,0
linq,35.0,6.13,eb1168,0.11675778353879479,0,6.4,0,0.27,20000,0.3962,916.3,2.189,0,0.6038,0.0,8.967,0.0004,0.095,4.3511,0.5862,0.5767,7,1.1581,8,nan,0.2837,nan,0,0,0
linq,35.0,6.13,eb1168,0.11675778353879479,0,6.4,0,0.28,20000,0.3962,916.3,2.189,0,0.6038,0.0,8.527,0.0011,0.103,3.9521,0.5422,0.5328,7,1.1544,8,nan,0.26,nan,0,0,0
linq,35.0,6.13,eb1168,0.11675778353879479,0,6.4,0,0.29,20000,0.3962,916.3,2.189,0,0.6038,0.0002,8.1,0.0035,0.163,3.5711,0.505,0.4955,7,1.0713,7,0.2839,0.2409,0.0,0,0,0
linq,35.0,6.13,eb1168,0.11675778353879479,0,6.4,0,0.3,20000,0.3962,916.3,2.189,0,0.6038,0.0004,7.673,0.0089,0.256,3.2057,0.4728,0.4633,7,1.0681,7,0.261,0.2239,0.0,0,0,0
linq,35.0,6.13,eb1168,0.11675778353879479,0,6.4,0,0.31,20000,0.3962,916.3,2.189,0,0.6038,0.0011,7.258,0.0197,0.405,2.8444,0.4445,0.4345,7,1.0662,7,0.2413,0.2054,0.0,0,0,0
linq,35.0,6.13,eb1168,0.11675778353879479,0,6.4,0,0.32,20000,0.3962,916.3,2.189,0,0.6038,0.003,6.847,0.0337,0.497,2.5212,0.419,0.4086,7,1.0661,7,0.2272,0.1903,0.0,0,1,0
linq,35.0,6.13,eb1168,0.11675778353879479,0,6.4,0,0.33,20000,0.3962,916.3,2.189,0,0.6038,0.0079,6.448,0.0494,0.591,2.2174,0.3972,0.3868,7,1.0674,7,0.2118,0.1778,0.0,0,1,0
linq,35.0,6.13,eb1168,0.11675778353879479,0,6.4,0,0.34,20000,0.3962,916.3,2.189,0,0.6038,0.0164,6.064,0.0694,0.714,1.9693,0.3785,0.3676,7,1.0713,7,0.1972,0.1664,0.0,0,1,0
linq,35.0,6.13,eb1168,0.11675778353879479,0,6.4,0,0.35,20000,0.3962,916.3,2.189,0,0.6038,0.0283,5.692,0.09,0.829,1.7367,0.3614,0.3502,7,1.0784,7,0.1849,0.1572,0.0,0,1,0
linq,35.0,6.13,eb1168,0.11675778353879479,0,6.4,0,0.36,20000,0.3962,916.3,2.189,0,0.6038,0.045,5.332,0.1135,1.009,1.5652,0.3461,0.3348,7,0.9924,6,0.1728,0.1486,0.0,0,1,0
linq,35.0,6.13,eb1168,0.11675778353879479,0,6.4,0,0.37,20000,0.3962,916.3,2.189,0,0.6038,0.0656,4.986,0.1336,1.103,1.4089,0.3323,0.3207,7,0.9906,6,0.1638,0.1404,0.0,0,1,0
linq,35.0,6.13,eb1168,0.11675778353879479,0,6.4,0,0.38,20000,0.3962,916.3,2.189,0,0.6038,0.0926,4.657,0.1491,1.138,1.3024,0.3198,0.308,7,0.998,6,0.1552,0.1327,0.0,0,1,0
linq,35.0,6.13,eb1168,0.11675778353879479,0,6.4,0,0.39,20000,0.3962,916.3,2.189,0,0.6038,0.1216,4.346,0.164,1.203,1.2144,0.3095,0.2973,7,1.0049,6,0.147,0.1266,0.0,0,0,0
linq,35.0,6.13,eb1168,0.11675778353879479,0,6.4,0,0.4,20000,0.3962,916.3,2.189,0,0.6038,0.1557,4.038,0.1761,1.255,1.1651,0.3003,0.2875,7,1.0081,6,0.1397,0.1203,0.0,0,0,0
linq,35.0,6.13,eb1168,0.11675778353879479,0,6.4,0,0.41,20000,0.3962,916.3,2.189,0,0.6038,0.1887,3.763,0.1924,1.386,1.1152,0.2918,0.2787,7,0.9332,5,0.1329,0.1149,0.0,1,0,0
linq,35.0,6.13,eb1168,0.11675778353879479,0,6.4,0,0.42,20000,0.3962,916.3,2.189,0,0.6038,0.223,3.499,0.2024,1.398,1.0952,0.2842,0.2707,7,0.9349,5,0.1267,0.1103,0.0,1,0,0
linq,35.0,6.13,eb1168,0.11675778353879479,0,6.4,0,0.43,20000,0.3962,916.3,2.189,0,0.6038,0.2568,3.246,0.2141,1.435,1.0748,0.2776,0.2637,7,0.8508,4,0.121,0.106,0.0,1,0,0
linq,35.0,6.13,eb1168,0.11675778353879479,0,6.4,0,0.44,20000,0.3962,916.3,2.189,0,0.6038,0.2917,3.022,0.2203,1.433,1.0847,0.2719,0.2577,7,0.8603,4,0.1161,0.1023,0.0,1,0,0
linq,35.0,6.13,eb1168,0.11675778353879479,0,6.4,0,0.45,20000,0.3962,916.3,2.189,0,0.6038,0.3275,2.8,0.2286,1.458,1.1014,0.2661,0.2515,7,0.9512,5,0.1114,0.0988,0.0,1,0,0
linq,35.0,6.13,eb1168,0.11675778353879479,0,6.4,0,0.46,20000,0.3962,916.3,2.189,0,0.6038,0.3609,2.596,0.237,1.472,1.1184,0.2605,0.2459,7,0.9532,5,0.1071,0.0961,0.0,1,0,0
linq,35.0,6.13,eb1168,0.11675778353879479,0,6.4,0,0.47,20000,0.3962,916.3,2.189,0,0.6038,0.394,2.408,0.2437,1.491,1.1541,0.2573,0.2419,7,0.9497,5,0.1033,0.0932,0.0,1,0,0
linq,35.0,6.13,eb1168,0.11675778353879479,0,6.4,0,0.48,20000,0.3962,916.3,2.189,0,0.6038,0.4246,2.233,0.2533,1.558,1.1948,0.254,0.2379,7,0.8675,4,0.1002,0.0904,0.0,1,0,0
linq,35.0,6.13,eb1168,0.11675778353879479,0,6.4,0,0.49,20000,0.3962,916.3,2.189,0,0.6038,0.4536,2.065,0.2654,1.629,1.2475,0.2526,0.2351,7,0.8062,3,0.097,0.0875,0.0,1,0,0
linq,35.0,6.13,eb1168,0.11675778353879479,0,6.4,0,0.5,20000,0.3962,916.3,2.189,0,0.6038,0.4832,1.916,0.269,1.59,1.2931,0.2515,0.2327,7,0.808,3,0.0941,0.0856,0.0,1,0,0
linq,35.0,6.13,eb1168,0.11675778353879479,0,6.4,0,0.51,20000,0.3962,916.3,2.189,0,0.6038,0.5119,1.773,0.2735,1.598,1.3456,0.2506,0.2308,7,0.8055,3,0.0917,0.0838,0.0,1,0,0
linq,35.0,6.13,eb1168,0.11675778353879479,0,6.4,0,0.52,20000,0.3962,916.3,2.189,0,0.6038,0.5376,1.641,0.2803,1.586,1.3994,0.2512,0.2296,7,0.8724,4,0.0891,0.0815,0.0,1,0,0
linq,35.0,6.13,eb1168,0.11675778353879479,0,9.6,1,0.17,20000,0.3962,916.3,2.189,0,0.6038,0.0,10.824,0.0,nan,6.2373,1.308,1.3075,2,1.172,7,nan,nan,nan,0,0,0
linq,35.0,6.13,eb1168,0.11675778353879479,0,9.6,1,0.18,20000,0.3962,916.3,2.189,0,0.6038,0.0,10.229,0.0,nan,5.713,1.1111,1.1102,3,1.1288,7,nan,nan,nan,0,0,0
linq,35.0,6.13,eb1168,0.11675778353879479,0,9.6,1,0.19,20000,0.3962,916.3,2.189,0,0.6038,0.0,9.64,0.0,nan,5.2056,0.9503,0.9493,4,1.0234,6,nan,nan,nan,0,0,0
linq,35.0,6.13,eb1168,0.11675778353879479,0,9.6,1,0.2,20000,0.3962,916.3,2.189,0,0.6038,0.0,9.045,0.0,nan,4.6902,0.8126,0.812,5,1.0076,6,nan,nan,nan,0,0,0
linq,35.0,6.13,eb1168,0.11675778353879479,0,9.6,1,0.21,20000,0.3962,916.3,2.189,0,0.6038,0.0,8.455,0.0,nan,4.2159,0.6912,0.6911,5,0.9972,6,nan,nan,nan,0,0,0
linq,35.0,6.13,eb1168,0.11675778353879479,0,9.6,1,0.22,20000,0.3962,916.3,2.189,0,0.6038,0.0,7.869,0.0,0.0,3.7357,0.5957,0.5955,6,0.9118,5,nan,nan,nan,0,0,0
linq,35.0,6.13,eb1168,0.11675778353879479,0,9.6,1,0.23,20000,0.3962,916.3,2.189,0,0.6038,0.0,7.279,0.0001,0.026,3.2861,0.5099,0.5085,7,0.9145,5,nan,0.3051,nan,0,0,0
linq,35.0,6.13,eb1168,0.11675778353879479,0,9.6,1,0.24,20000,0.3962,916.3,2.189,0,0.6038,0.0,6.698,0.0004,0.028,2.8678,0.4505,0.4482,7,0.9181,5,nan,0.2565,nan,0,1,0
linq,35.0,6.13,eb1168,0.11675778353879479,0,9.6,1,0.25,20000,0.3962,916.3,2.189,0,0.6038,0.0,6.13,0.0037,0.085,2.4738,0.4049,0.4021,7,0.9309,5,0.2894,0.2269,0.0,0,1,0
linq,35.0,6.13,eb1168,0.11675778353879479,0,9.6,1,0.26,20000,0.3962,916.3,2.189,0,0.6038,0.0003,5.579,0.017,0.201,2.1162,0.368,0.3643,7,0.8493,4,0.2477,0.1984,0.0,0,1,0
linq,35.0,6.13,eb1168,0.11675778353879479,0,9.6,1,0.27,20000,0.3962,916.3,2.189,0,0.6038,0.001,5.045,0.0454,0.359,1.8298,0.338,0.3332,7,0.8596,4,0.2235,0.1746,0.0,0,1,0
linq,35.0,6.13,eb1168,0.11675778353879479,0,9.6,1,0.28,20000,0.3962,916.3,2.189,0,0.6038,0.0056,4.544,0.0909,0.586,1.6171,0.315,0.309,7,0.8678,4,0.1994,0.1566,0.0,0,1,0
linq,35.0,6.13,eb1168,0.11675778353879479,0,9.6,1,0.29,20000,0.3962,916.3,2.189,0,0.6038,0.0208,4.06,0.1438,0.831,1.4974,0.2956,0.2884,7,0.8058,3,0.1782,0.1408,0.0,0,0,0
linq,35.0,6.13,eb1168,0.11675778353879479,0,9.6,1,0.3,20000,0.3962,916.3,2.189,0,0.6038,0.0483,3.609,0.1927,1.036,1.4875,0.2819,0.2729,7,0.8043,3,0.1615,0.1273,0.0,1,0,0
linq,35.0,6.13,eb1168,0.11675778353879479,0,9.6,1,0.31,20000,0.3962,916.3,2.189,0,0.6038,0.0927,3.193,0.2341,1.217,1.5737,0.2734,0.2616,7,0.8085,3,0.1467,0.1165,0.0,1,0,0
linq,35.0,6.13,eb1168,0.11675778353879479,0,9.6,1,0.32,20000,0.3962,916.3,2.189,0,0.6038,0.1513,2.799,0.2685,1.372,1.6747,0.2671,0.2525,7,0.7372,2,0.1337,0.1072,0.0,1,0,0
linq,35.0,6.13,eb1168,0.11675778353879479,0,9.6,1,0.33,20000,0.3962,916.3,2.189,0,0.6038,0.2143,2.442,0.2957,1.441,1.81,0.2637,0.246,7,0.6598,1,0.1224,0.0998,0.0,1,0,0
linq,35.0,6.13,eb1168,0.11675778353879479,0,9.6,1,0.34,20000,0.3962,916.3,2.189,0,0.6038,0.2808,2.124,0.3203,1.558,1.9361,0.2627,0.2417,7,0.7366,2,0.1127,0.0939,0.0,0,0,0
linq,35.0,6.13,eb1168,0.11675778353879479,0,9.6,1,0.35,20000,0.3962,916.3,2.189,0,0.6038,0.3488,1.831,0.3408,1.621,2.0762,0.2625,0.2383,7,0.6852,1,0.1046,0.0882,0.0,0,0,0
linq,35.0,6.13,eb1168,0.11675778353879479,0,9.6,1,0.36,20000,0.3962,916.3,2.189,0,0.6038,0.4119,1.581,0.3596,1.673,2.2001,0.2635,0.2366,7,nan,0,0.098,0.0837,0.0,0,0,0
linq,35.0,6.13,eb1168,0.11675778353879479,0,9.6,1,0.37,20000,0.3962,916.3,2.189,0,0.6038,0.4715,1.358,0.3774,1.717,2.3197,0.2634,0.2347,7,nan,0,0.0923,0.0797,0.0,0,0,0
linq,35.0,6.13,eb1168,0.11675778353879479,0,9.6,1,0.38,20000,0.3962,916.3,2.189,0,0.6038,0.5283,1.162,0.3961,1.771,2.4252,0.2641,0.234,7,nan,0,0.0874,0.076,0.0,0,0,0
linq,35.0,6.13,eb1168,0.11675778353879479,0,9.6,1,0.39,20000,0.3962,916.3,2.189,0,0.6038,0.5804,0.992,0.4143,1.81,2.5234,0.2641,0.2333,7,nan,0,0.083,0.073,0.0,0,0,0
linq,35.0,6.13,eb1168,0.11675778353879479,0,9.6,1,0.4,20000,0.3962,916.3,2.189,0,0.6038,0.6269,0.848,0.4322,1.826,2.6154,0.2668,0.2346,7,nan,0,0.0793,0.0712,0.0,0,0,0
linq,35.0,6.13,eb1168,0.11675778353879479,0,9.6,1,0.41,20000,0.3962,916.3,2.189,0,0.6038,0.6698,0.72,0.453,1.864,2.7092,0.2677,0.2354,7,nan,0,0.076,0.0694,0.0,0,0,0
linq,35.0,6.13,eb1168,0.11675778353879479,0,9.6,1,0.42,20000,0.3962,916.3,2.189,0,0.6038,0.7098,0.609,0.4711,1.879,2.7917,0.2352,0.2111,6,nan,0,0.0729,0.0688,0.0,0,0,0
linq,35.0,6.13,eb1168,0.11675778353879479,0,9.6,1,0.43,20000,0.3962,916.3,2.189,0,0.6038,0.745,0.515,0.4985,2.056,2.8679,0.2366,0.2121,6,nan,0,0.071,0.0662,0.0,0,0,0
linq,35.0,6.13,eb1168,0.11675778353879479,0,9.6,1,0.44,20000,0.3962,916.3,2.189,0,0.6038,0.7759,0.435,0.5282,2.252,2.9458,0.2369,0.2134,6,nan,0,0.0686,0.0663,0.0,0,0,0
linq,35.0,6.13,eb1168,0.11675778353879479,0,9.6,1,0.45,20000,0.3962,916.3,2.189,0,0.6038,0.807,0.364,0.5414,2.259,3.0004,0.2096,0.1917,5,nan,0,0.0678,0.0656,0.0,0,0,0
linq,35.0,6.13,eb1168,0.11675778353879479,0,9.6,1,0.46,20000,0.3962,916.3,2.189,0,0.6038,0.8317,0.306,0.5731,2.565,3.0693,0.2106,0.1933,5,nan,0,0.0668,0.0667,0.0,0,0,0
linq,35.0,6.13,eb1168,0.11675778353879479,0,9.6,1,0.47,20000,0.3962,916.3,2.189,0,0.6038,0.8558,0.257,0.591,2.718,3.11,0.211,0.1951,5,nan,0,0.0649,0.0706,0.0,0,0,0
linq,35.0,6.13,eb1168,0.11675778353879479,0,9.6,1,0.48,20000,0.3962,916.3,2.189,0,0.6038,0.878,0.211,0.6042,2.814,3.1545,0.1851,0.1744,4,nan,0,0.0646,0.0722,0.0,0,0,0
linq,35.0,6.13,eb1168,0.11675778353879479,0,9.6,1,0.49,20000,0.3962,916.3,2.189,0,0.6038,0.8974,0.175,0.6208,3.089,3.1812,0.1853,0.1753,4,nan,0,0.0647,0.0738,0.0,0,0,0
linq,35.0,6.13,eb1168,0.11675778353879479,0,9.6,1,0.5,20000,0.3962,916.3,2.189,0,0.6038,0.9134,0.145,0.6336,3.199,3.2113,0.1848,0.1752,4,nan,0,0.0649,0.075,0.0,0,0,0
linq,35.0,6.13,eb1168,0.11675778353879479,0,9.6,1,0.51,20000,0.3962,916.3,2.189,0,0.6038,0.9278,0.12,0.6262,2.891,3.2214,0.16,0.1543,3,nan,0,0.0659,0.0758,0.0,0,0,0
linq,35.0,6.13,eb1168,0.11675778353879479,0,9.6,1,0.52,20000,0.3962,916.3,2.189,0,0.6038,0.9389,0.099,0.6481,3.124,3.2612,0.1604,0.1551,3,nan,0,0.0687,0.0779,0.0,0,0,0
linq,35.0,6.13,eb1168,0.11675778353879479,0,12.8,1,0.17,20000,0.3962,916.3,2.189,0,0.6038,0.0,9.204,0.0,nan,5.0211,0.9714,0.9677,3,0.931,5,nan,nan,nan,0,0,0
linq,35.0,6.13,eb1168,0.11675778353879479,0,12.8,1,0.18,20000,0.3962,916.3,2.189,0,0.6038,0.0,8.523,0.0,nan,4.4803,0.8113,0.807,4,0.9203,5,nan,nan,nan,0,0,0
linq,35.0,6.13,eb1168,0.11675778353879479,0,12.8,1,0.19,20000,0.3962,916.3,2.189,0,0.6038,0.0,7.84,0.0,nan,3.9578,0.6774,0.6745,5,0.8346,4,nan,nan,nan,0,0,0
linq,35.0,6.13,eb1168,0.11675778353879479,0,12.8,1,0.2,20000,0.3962,916.3,2.189,0,0.6038,0.0,7.147,0.0,nan,3.486,0.5685,0.567,6,0.8463,4,nan,nan,nan,0,0,0
linq,35.0,6.13,eb1168,0.11675778353879479,0,12.8,1,0.21,20000,0.3962,916.3,2.189,0,0.6038,0.0,6.464,0.0,0.0,3.034,0.4736,0.4734,6,0.7869,3,nan,nan,nan,0,1,0
linq,35.0,6.13,eb1168,0.11675778353879479,0,12.8,1,0.22,20000,0.3962,916.3,2.189,0,0.6038,0.0,5.793,0.0002,0.014,2.6353,0.403,0.4027,7,0.8029,3,nan,0.2619,nan,0,1,0
linq,35.0,6.13,eb1168,0.11675778353879479,0,12.8,1,0.23,20000,0.3962,916.3,2.189,0,0.6038,0.0,5.141,0.0019,0.031,2.2863,0.3531,0.352,7,0.7392,2,0.3094,0.2202,0.0,0,1,0
linq,35.0,6.13,eb1168,0.11675778353879479,0,12.8,1,0.24,20000,0.3962,916.3,2.189,0,0.6038,0.0,4.517,0.0201,0.145,2.0295,0.3187,0.3155,7,0.7359,2,0.2466,0.1844,0.0,0,1,0
linq,35.0,6.13,eb1168,0.11675778353879479,0,12.8,1,0.25,20000,0.3962,916.3,2.189,0,0.6038,0.0004,3.934,0.0729,0.361,1.8908,0.2971,0.2902,7,0.7346,2,0.2111,0.1571,0.0,0,0,0
linq,35.0,6.13,eb1168,0.11675778353879479,0,12.8,1,0.26,20000,0.3962,916.3,2.189,0,0.6038,0.0063,3.381,0.1611,0.696,1.904,0.2839,0.2721,7,0.681,1,0.1825,0.1346,0.0,0,0,0
linq,35.0,6.13,eb1168,0.11675778353879479,0,12.8,1,0.27,20000,0.3962,916.3,2.189,0,0.6038,0.0343,2.883,0.2486,1.046,2.0266,0.2769,0.2599,7,0.6812,1,0.159,0.1172,0.0,1,0,0
linq,35.0,6.13,eb1168,0.11675778353879479,0,12.8,1,0.28,20000,0.3962,916.3,2.189,0,0.6038,0.0931,2.416,0.3227,1.342,2.2247,0.2709,0.25,7,nan,0,0.1392,0.1036,0.0,0,0,0
linq,35.0,6.13,eb1168,0.11675778353879479,0,12.8,1,0.29,20000,0.3962,916.3,2.189,0,0.6038,0.1809,1.997,0.3747,1.562,2.4508,0.268,0.2438,7,nan,0,0.1226,0.0934,0.0,0,0,0
linq,35.0,6.13,eb1168,0.11675778353879479,0,12.8,1,0.3,20000,0.3962,916.3,2.189,0,0.6038,0.2797,1.625,0.4188,1.745,2.6327,0.2689,0.2408,7,nan,0,0.1087,0.0855,0.0,0,0,0
linq,35.0,6.13,eb1168,0.11675778353879479,0,12.8,1,0.31,20000,0.3962,916.3,2.189,0,0.6038,0.3804,1.31,0.4511,1.837,2.7747,0.2327,0.212,6,nan,0,0.0979,0.0788,0.0,0,0,0
linq,35.0,6.13,eb1168,0.11675778353879479,0,12.8,1,0.32,20000,0.3962,916.3,2.189,0,0.6038,0.474,1.046,0.4836,1.942,2.9006,0.27,0.2385,7,nan,0,0.0895,0.074,0.0,0,0,0
linq,35.0,6.13,eb1168,0.11675778353879479,0,12.8,1,0.33,20000,0.3962,916.3,2.189,0,0.6038,0.5586,0.826,0.5163,2.015,3.0161,0.2355,0.2122,6,nan,0,0.0826,0.0705,0.0,0,0,0
linq,35.0,6.13,eb1168,0.11675778353879479,0,12.8,1,0.34,20000,0.3962,916.3,2.189,0,0.6038,0.6341,0.649,0.5465,2.095,3.1144,0.2072,0.1896,5,nan,0,0.0768,0.0685,0.0,0,0,0
linq,35.0,6.13,eb1168,0.11675778353879479,0,12.8,1,0.35,20000,0.3962,916.3,2.189,0,0.6038,0.6999,0.504,0.5883,2.371,3.2089,0.2098,0.1918,5,nan,0,0.0726,0.0664,0.0,0,0,0
linq,35.0,6.13,eb1168,0.11675778353879479,0,12.8,1,0.36,20000,0.3962,916.3,2.189,0,0.6038,0.7565,0.389,0.6281,2.699,3.2924,0.1814,0.1694,4,nan,0,0.0692,0.0668,0.0,0,0,0
linq,35.0,6.13,eb1168,0.11675778353879479,0,12.8,1,0.37,20000,0.3962,916.3,2.189,0,0.6038,0.8053,0.296,0.6679,3.166,3.3673,0.184,0.1726,4,nan,0,0.0669,0.0698,0.0,0,0,0
linq,35.0,6.13,eb1168,0.11675778353879479,0,12.8,1,0.38,20000,0.3962,916.3,2.189,0,0.6038,0.8465,0.224,0.7012,3.622,3.4279,0.1577,0.1518,3,nan,0,0.0656,0.0732,0.0,0,0,0
linq,35.0,6.13,eb1168,0.11675778353879479,0,12.8,1,0.39,20000,0.3962,916.3,2.189,0,0.6038,0.8823,0.168,0.724,3.939,3.4653,0.1604,0.1543,3,nan,0,0.0653,0.0754,0.0,0,0,0
linq,35.0,6.13,eb1168,0.11675778353879479,0,12.8,1,0.4,20000,0.3962,916.3,2.189,0,0.6038,0.9109,0.124,0.7373,4.098,3.4984,0.1346,0.1323,2,nan,0,0.0658,0.0775,0.0,0,0,0
linq,35.0,6.13,eb1168,0.11675778353879479,0,12.8,1,0.41,20000,0.3962,916.3,2.189,0,0.6038,0.9342,0.09,0.7507,4.279,3.5176,0.1355,0.1334,2,nan,0,0.0683,0.0789,0.0,0,0,0
linq,35.0,6.13,eb1168,0.11675778353879479,0,12.8,1,0.42,20000,0.3962,916.3,2.189,0,0.6038,0.9517,0.065,0.7647,4.756,3.5383,0.1367,0.1343,2,nan,0,0.0714,0.0784,0.0,0,0,0
linq,35.0,6.13,eb1168,0.11675778353879479,0,12.8,1,0.43,20000,0.3962,916.3,2.189,0,0.6038,0.9646,0.047,0.7772,5.07,3.5607,0.1345,0.1323,2,nan,0,0.0735,0.0776,0.0,0,0,0
linq,35.0,6.13,eb1168,0.11675778353879479,0,12.8,1,0.44,20000,0.3962,916.3,2.189,0,0.6038,0.9736,0.035,0.7924,5.929,3.5664,0.1073,0.1073,1,nan,0,0.0745,0.0757,0.0,0,0,0
linq,35.0,6.13,eb1168,0.11675778353879479,0,12.8,1,0.45,20000,0.3962,916.3,2.189,0,0.6038,0.9803,0.026,0.7885,5.721,3.5906,0.11,0.11,1,nan,0,0.0762,0.0777,0.0,0,0,0
linq,35.0,6.13,eb1168,0.11675778353879479,0,12.8,1,0.46,20000,0.3962,916.3,2.189,0,0.6038,0.9862,0.018,0.8028,7.292,3.5905,0.1102,0.1102,1,nan,0,0.0759,0.0778,0.0,0,0,0
linq,35.0,6.13,eb1168,0.11675778353879479,0,12.8,1,0.47,20000,0.3962,916.3,2.189,0,0.6038,0.9902,0.013,0.7949,7.75,3.5745,nan,nan,0,nan,0,0.0754,nan,0.0,0,0,0
linq,35.0,6.13,eb1168,0.11675778353879479,0,12.8,1,0.48,20000,0.3962,916.3,2.189,0,0.6038,0.9929,0.01,0.7257,3.565,3.5435,0.1104,0.1104,1,nan,0,0.0742,0.0779,0.0,0,0,0
linq,35.0,6.13,eb1168,0.11675778353879479,0,12.8,1,0.49,20000,0.3962,916.3,2.189,0,0.6038,0.9949,0.007,0.7284,3.105,3.58,nan,nan,0,nan,0,0.0746,nan,0.0,0,0,0
linq,35.0,6.13,eb1168,0.11675778353879479,0,12.8,1,0.5,20000,0.3962,916.3,2.189,0,0.6038,0.9958,0.005,0.7424,3.267,3.6008,nan,nan,0,nan,0,0.0752,nan,0.0,0,0,0
linq,35.0,6.13,eb1168,0.11675778353879479,0,12.8,1,0.51,20000,0.3962,916.3,2.189,0,0.6038,0.9973,0.004,0.6512,1.867,3.5398,nan,nan,0,nan,0,0.0756,nan,0.0,0,0,0
linq,35.0,6.13,eb1168,0.11675778353879479,0,12.8,1,0.52,20000,0.3962,916.3,2.189,0,0.6038,0.9979,0.003,0.7879,3.714,3.6765,nan,nan,0,nan,0,0.0752,nan,0.0,0,0,0
linq,35.0,6.13,eb154,0.154,1,2.4,0,0.17,20000,0.3099,916.3,2.189,0,0.6901,0.0,18.837,0.0,nan,13.9479,nan,nan,0,4.394,3,nan,nan,nan,0,0,0
linq,35.0,6.13,eb154,0.154,1,2.4,0,0.18,20000,0.3099,916.3,2.189,0,0.6901,0.0,18.709,0.0,nan,13.82,nan,nan,0,4.3722,4,nan,nan,nan,0,0,0
linq,35.0,6.13,eb154,0.154,1,2.4,0,0.19,20000,0.3099,916.3,2.189,0,0.6901,0.0,18.571,0.0,nan,13.6822,nan,nan,0,4.1469,4,nan,nan,nan,0,0,0
linq,35.0,6.13,eb154,0.154,1,2.4,0,0.2,20000,0.3099,916.3,2.189,0,0.6901,0.0,18.443,0.0,nan,13.5544,nan,nan,0,3.9431,4,nan,nan,nan,0,0,0
linq,35.0,6.13,eb154,0.154,1,2.4,0,0.21,20000,0.3099,916.3,2.189,0,0.6901,0.0,18.31,0.0,nan,13.4217,nan,nan,0,3.8348,5,nan,nan,nan,0,0,0
linq,35.0,6.13,eb154,0.154,1,2.4,0,0.22,20000,0.3099,916.3,2.189,0,0.6901,0.0,18.182,0.0,nan,13.2936,nan,nan,0,3.6687,5,nan,nan,nan,0,0,0
linq,35.0,6.13,eb154,0.154,1,2.4,0,0.23,20000,0.3099,916.3,2.189,0,0.6901,0.0,18.059,0.0,nan,13.1708,nan,nan,0,3.5216,5,nan,nan,nan,0,0,0
linq,35.0,6.13,eb154,0.154,1,2.4,0,0.24,20000,0.3099,916.3,2.189,0,0.6901,0.0,17.93,0.0,nan,13.0415,nan,nan,0,3.4154,6,nan,nan,nan,0,0,0
linq,35.0,6.13,eb154,0.154,1,2.4,0,0.25,20000,0.3099,916.3,2.189,0,0.6901,0.0,17.799,0.0,nan,12.9102,nan,nan,0,3.2783,6,nan,nan,nan,0,0,0
linq,35.0,6.13,eb154,0.154,1,2.4,0,0.26,20000,0.3099,916.3,2.189,0,0.6901,0.0,17.673,0.0,nan,12.7842,nan,nan,0,3.1662,6,nan,nan,nan,0,0,0
linq,35.0,6.13,eb154,0.154,1,2.4,0,0.27,20000,0.3099,916.3,2.189,0,0.6901,0.0,17.54,0.0,nan,12.6515,nan,nan,0,3.0465,7,nan,nan,nan,0,0,0
linq,35.0,6.13,eb154,0.154,1,2.4,0,0.28,20000,0.3099,916.3,2.189,0,0.6901,0.0,17.417,0.0,nan,12.5283,nan,nan,0,2.9508,7,nan,nan,nan,0,0,0
linq,35.0,6.13,eb154,0.154,1,2.4,0,0.29,20000,0.3099,916.3,2.189,0,0.6901,0.0,17.287,0.0,nan,12.3987,nan,nan,0,2.8542,7,nan,nan,nan,0,0,0
linq,35.0,6.13,eb154,0.154,1,2.4,0,0.3,20000,0.3099,916.3,2.189,0,0.6901,0.0,17.159,0.0,nan,12.2709,nan,nan,0,2.7759,7,nan,nan,nan,0,0,0
linq,35.0,6.13,eb154,0.154,1,2.4,0,0.31,20000,0.3099,916.3,2.189,0,0.6901,0.0,17.029,0.0,nan,12.14,nan,nan,0,2.6572,8,nan,nan,nan,0,0,0
linq,35.0,6.13,eb154,0.154,1,2.4,0,0.32,20000,0.3099,916.3,2.189,0,0.6901,0.0,16.906,0.0,nan,12.0171,nan,nan,0,2.5862,8,nan,nan,nan,0,0,0
linq,35.0,6.13,eb154,0.154,1,2.4,0,0.33,20000,0.3099,916.3,2.189,0,0.6901,0.0,16.78,0.0,nan,11.8917,nan,nan,0,2.5185,8,nan,nan,nan,0,0,0
linq,35.0,6.13,eb154,0.154,1,2.4,0,0.34,20000,0.3099,916.3,2.189,0,0.6901,0.0,16.652,0.0,nan,11.7629,nan,nan,0,2.4593,8,nan,nan,nan,0,0,0
linq,35.0,6.13,eb154,0.154,1,2.4,0,0.35,20000,0.3099,916.3,2.189,0,0.6901,0.0,16.521,0.0,nan,11.6323,nan,nan,0,2.4023,8,nan,nan,nan,0,0,0
linq,35.0,6.13,eb154,0.154,1,2.4,0,0.36,20000,0.3099,916.3,2.189,0,0.6901,0.0,16.397,0.0,nan,11.5081,nan,nan,0,2.347,8,nan,nan,nan,0,0,0
linq,35.0,6.13,eb154,0.154,1,2.4,0,0.37,20000,0.3099,916.3,2.189,0,0.6901,0.0,16.276,0.0,nan,11.3874,1.6372,1.6372,1,2.2952,8,nan,nan,nan,0,0,0
linq,35.0,6.13,eb154,0.154,1,2.4,0,0.38,20000,0.3099,916.3,2.189,0,0.6901,0.0,16.147,0.0,nan,11.2584,1.5932,1.5932,1,2.2458,8,nan,nan,nan,0,0,0
linq,35.0,6.13,eb154,0.154,1,2.4,0,0.39,20000,0.3099,916.3,2.189,0,0.6901,0.0,16.019,0.0,nan,11.1307,1.5392,1.5392,1,2.2007,8,nan,nan,nan,0,0,0
linq,35.0,6.13,eb154,0.154,1,2.4,0,0.4,20000,0.3099,916.3,2.189,0,0.6901,0.0,15.891,0.0,nan,11.0024,1.4236,1.4201,2,2.1574,8,nan,nan,nan,0,0,0
linq,35.0,6.13,eb154,0.154,1,2.4,0,0.41,20000,0.3099,916.3,2.189,0,0.6901,0.0,15.766,0.0,0.0,10.8778,1.3989,1.3957,2,2.1159,8,nan,nan,nan,0,0,0
linq,35.0,6.13,eb154,0.154,1,2.4,0,0.42,20000,0.3099,916.3,2.189,0,0.6901,0.0,15.643,0.0,0.0,10.7544,1.3651,1.3614,2,2.0771,8,nan,nan,nan,0,0,0
linq,35.0,6.13,eb154,0.154,1,2.4,0,0.43,20000,0.3099,916.3,2.189,0,0.6901,0.0,15.519,0.0,0.0,10.6306,1.2576,1.2509,3,2.0392,8,nan,nan,nan,0,0,0
linq,35.0,6.13,eb154,0.154,1,2.4,0,0.44,20000,0.3099,916.3,2.189,0,0.6901,0.0,15.396,0.0001,0.333,10.5078,1.2327,1.2265,3,2.0052,8,nan,nan,nan,0,0,0
linq,35.0,6.13,eb154,0.154,1,2.4,0,0.45,20000,0.3099,916.3,2.189,0,0.6901,0.0,15.267,0.0002,3.0,10.3786,1.2121,1.2057,3,1.9698,8,nan,nan,nan,0,0,0
linq,35.0,6.13,eb154,0.154,1,2.4,0,0.46,20000,0.3099,916.3,2.189,0,0.6901,0.0,15.138,0.0002,3.0,10.2493,1.1153,1.1027,4,1.9374,8,nan,nan,nan,0,0,0
linq,35.0,6.13,eb154,0.154,1,2.4,0,0.47,20000,0.3099,916.3,2.189,0,0.6901,0.0,15.014,0.0003,2.0,10.1256,1.0962,1.0839,4,1.9083,8,nan,nan,nan,0,0,0
linq,35.0,6.13,eb154,0.154,1,2.4,0,0.48,20000,0.3099,916.3,2.189,0,0.6901,0.0,14.889,0.0003,1.333,10.0007,1.0762,1.0647,4,1.8803,8,nan,nan,nan,0,0,0
linq,35.0,6.13,eb154,0.154,1,2.4,0,0.49,20000,0.3099,916.3,2.189,0,0.6901,0.0002,14.762,0.0002,0.333,9.8753,0.9879,0.9678,5,1.8544,8,nan,nan,nan,0,0,0
linq,35.0,6.13,eb154,0.154,1,2.4,0,0.5,20000,0.3099,916.3,2.189,0,0.6901,0.0002,14.635,0.0001,0.111,9.7497,0.9701,0.9508,5,1.8278,8,nan,nan,nan,0,0,0
linq,35.0,6.13,eb154,0.154,1,2.4,0,0.51,20000,0.3099,916.3,2.189,0,0.6901,0.0002,14.51,0.0003,0.4,9.6247,0.9554,0.9364,5,1.8018,8,nan,nan,nan,0,0,0
linq,35.0,6.13,eb154,0.154,1,2.4,0,0.52,20000,0.3099,916.3,2.189,0,0.6901,0.0003,14.386,0.0002,0.2,9.502,0.8721,0.8423,6,1.7795,8,nan,nan,nan,0,0,0
linq,35.0,6.13,eb154,0.154,1,3.2,0,0.17,20000,0.3099,916.3,2.189,0,0.6901,0.0,17.34,0.0,nan,12.4517,nan,nan,0,3.2823,5,nan,nan,nan,0,0,0
linq,35.0,6.13,eb154,0.154,1,3.2,0,0.18,20000,0.3099,916.3,2.189,0,0.6901,0.0,17.136,0.0,nan,12.2475,nan,nan,0,3.1648,6,nan,nan,nan,0,0,0
linq,35.0,6.13,eb154,0.154,1,3.2,0,0.19,20000,0.3099,916.3,2.189,0,0.6901,0.0,16.921,0.0,nan,12.0326,nan,nan,0,2.9634,6,nan,nan,nan,0,0,0
linq,35.0,6.13,eb154,0.154,1,3.2,0,0.2,20000,0.3099,916.3,2.189,0,0.6901,0.0,16.71,0.0,nan,11.8218,nan,nan,0,2.8284,7,nan,nan,nan,0,0,0
linq,35.0,6.13,eb154,0.154,1,3.2,0,0.21,20000,0.3099,916.3,2.189,0,0.6901,0.0,16.497,0.0,nan,11.6085,nan,nan,0,2.6727,7,nan,nan,nan,0,0,0
linq,35.0,6.13,eb154,0.154,1,3.2,0,0.22,20000,0.3099,916.3,2.189,0,0.6901,0.0,16.288,0.0,nan,11.3998,nan,nan,0,2.5402,7,nan,nan,nan,0,0,0
linq,35.0,6.13,eb154,0.154,1,3.2,0,0.23,20000,0.3099,916.3,2.189,0,0.6901,0.0,16.074,0.0,nan,11.1851,nan,nan,0,2.4216,8,nan,nan,nan,0,0,0
linq,35.0,6.13,eb154,0.154,1,3.2,0,0.24,20000,0.3099,916.3,2.189,0,0.6901,0.0,15.864,0.0,nan,10.9756,nan,nan,0,2.3092,8,nan,nan,nan,0,0,0
linq,35.0,6.13,eb154,0.154,1,3.2,0,0.25,20000,0.3099,916.3,2.189,0,0.6901,0.0,15.655,0.0,nan,10.7661,nan,nan,0,2.2183,8,nan,nan,nan,0,0,0
linq,35.0,6.13,eb154,0.154,1,3.2,0,0.26,20000,0.3099,916.3,2.189,0,0.6901,0.0,15.447,0.0,nan,10.5579,nan,nan,0,2.1282,8,nan,nan,nan,0,0,0
linq,35.0,6.13,eb154,0.154,1,3.2,0,0.27,20000,0.3099,916.3,2.189,0,0.6901,0.0,15.232,0.0,nan,10.3436,1.7275,1.7275,1,2.0492,8,nan,nan,nan,0,0,0
linq,35.0,6.13,eb154,0.154,1,3.2,0,0.28,20000,0.3099,916.3,2.189,0,0.6901,0.0,15.03,0.0,nan,10.1428,1.6299,1.6299,1,1.9792,8,nan,nan,nan,0,0,0
linq,35.0,6.13,eb154,0.154,1,3.2,0,0.29,20000,0.3099,916.3,2.189,0,0.6901,0.0,14.818,0.0,nan,9.9325,1.4823,1.4815,2,1.9143,8,nan,nan,nan,0,0,0
linq,35.0,6.13,eb154,0.154,1,3.2,0,0.3,20000,0.3099,916.3,2.189,0,0.6901,0.0,14.607,0.0,nan,9.7219,1.4189,1.4165,2,1.8526,8,nan,nan,nan,0,0,0
linq,35.0,6.13,eb154,0.154,1,3.2,0,0.31,20000,0.3099,916.3,2.189,0,0.6901,0.0,14.397,0.0,nan,9.5133,1.3475,1.345,2,1.7977,8,nan,nan,nan,0,0,0
linq,35.0,6.13,eb154,0.154,1,3.2,0,0.32,20000,0.3099,916.3,2.189,0,0.6901,0.0,14.186,0.0,nan,9.3027,1.2462,1.2419,3,1.7471,8,nan,nan,nan,0,0,0
linq,35.0,6.13,eb154,0.154,1,3.2,0,0.33,20000,0.3099,916.3,2.189,0,0.6901,0.0,13.977,0.0,0.0,9.0952,1.1994,1.1942,3,1.7023,8,nan,nan,nan,0,0,0
linq,35.0,6.13,eb154,0.154,1,3.2,0,0.34,20000,0.3099,916.3,2.189,0,0.6901,0.0,13.771,0.0,0.0,8.8891,1.1004,1.0919,4,1.663,8,nan,nan,nan,0,0,0
linq,35.0,6.13,eb154,0.154,1,3.2,0,0.35,20000,0.3099,916.3,2.189,0,0.6901,0.0,13.567,0.0,0.0,8.6849,1.0645,1.0567,4,1.6257,8,nan,nan,nan,0,0,0
linq,35.0,6.13,eb154,0.154,1,3.2,0,0.36,20000,0.3099,916.3,2.189,0,0.6901,0.0,13.352,0.0002,3.0,8.471,1.0249,1.0169,4,1.5896,8,nan,nan,nan,0,0,0
linq,35.0,6.13,eb154,0.154,1,3.2,0,0.37,20000,0.3099,916.3,2.189,0,0.6901,0.0,13.142,0.0003,1.333,8.2616,0.9343,0.9216,5,1.5572,8,nan,nan,nan,0,0,0
linq,35.0,6.13,eb154,0.154,1,3.2,0,0.38,20000,0.3099,916.3,2.189,0,0.6901,0.0,12.935,0.0003,0.444,8.056,0.8488,0.8281,6,1.5292,8,nan,nan,nan,0,0,0
linq,35.0,6.13,eb154,0.154,1,3.2,0,0.39,20000,0.3099,916.3,2.189,0,0.6901,0.0,12.722,0.0003,0.286,7.8461,0.8221,0.8016,6,1.5022,8,nan,nan,nan,0,0,0
linq,35.0,6.13,eb154,0.154,1,3.2,0,0.4,20000,0.3099,916.3,2.189,0,0.6901,0.0002,12.513,0.0003,0.2,7.6416,0.7421,0.7098,7,1.4782,8,nan,0.2923,nan,0,0,0
linq,35.0,6.13,eb154,0.154,1,3.2,0,0.41,20000,0.3099,916.3,2.189,0,0.6901,0.0002,12.312,0.0007,0.409,7.4423,0.7206,0.6885,7,1.4571,8,nan,0.2788,nan,0,0,0
linq,35.0,6.13,eb154,0.154,1,3.2,0,0.42,20000,0.3099,916.3,2.189,0,0.6901,0.0003,12.103,0.001,0.351,7.2359,0.6986,0.6671,7,1.4351,8,nan,0.2668,nan,0,0,0
linq,35.0,6.13,eb154,0.154,1,3.2,0,0.43,20000,0.3099,916.3,2.189,0,0.6901,0.0003,11.895,0.0017,0.389,7.0292,0.6776,0.6466,7,1.4157,8,0.2851,0.2559,0.0,0,0,0
linq,35.0,6.13,eb154,0.154,1,3.2,0,0.44,20000,0.3099,916.3,2.189,0,0.6901,0.0006,11.687,0.0021,0.321,6.8261,0.6599,0.6296,7,1.3976,8,0.2766,0.2494,0.0,0,0,0
linq,35.0,6.13,eb154,0.154,1,3.2,0,0.45,20000,0.3099,916.3,2.189,0,0.6901,0.0008,11.484,0.003,0.385,6.6265,0.6428,0.6137,7,1.3819,8,0.2645,0.2457,0.0,0,0,0
linq,35.0,6.13,eb154,0.154,1,3.2,0,0.46,20000,0.3099,916.3,2.189,0,0.6901,0.001,11.279,0.0043,0.408,6.4253,0.6269,0.5981,7,1.3672,8,0.2568,0.238,0.0,0,0,0
linq,35.0,6.13,eb154,0.154,1,3.2,0,0.47,20000,0.3099,916.3,2.189,0,0.6901,0.0015,11.07,0.006,0.463,6.2229,0.6114,0.5831,7,1.3547,8,0.2475,0.2318,0.0,0,0,0
linq,35.0,6.13,eb154,0.154,1,3.2,0,0.48,20000,0.3099,916.3,2.189,0,0.6901,0.0022,10.868,0.0079,0.56,6.0314,0.5977,0.5697,7,1.3422,8,0.2408,0.2263,0.0,0,0,0
linq,35.0,6.13,eb154,0.154,1,3.2,0,0.49,20000,0.3099,916.3,2.189,0,0.6901,0.0027,10.668,0.0101,0.587,5.8398,0.5837,0.5558,7,1.3315,8,0.2391,0.2204,0.0,0,0,0
linq,35.0,6.13,eb154,0.154,1,3.2,0,0.5,20000,0.3099,916.3,2.189,0,0.6901,0.004,10.469,0.0132,0.721,5.6558,0.5702,0.5432,7,1.3221,8,0.2311,0.2166,0.0,0,0,0
linq,35.0,6.13,eb154,0.154,1,3.2,0,0.51,20000,0.3099,916.3,2.189,0,0.6901,0.0051,10.268,0.016,0.706,5.468,0.5577,0.5309,7,1.3137,8,0.2256,0.2113,0.0,0,0,0
linq,35.0,6.13,eb154,0.154,1,3.2,0,0.52,20000,0.3099,916.3,2.189,0,0.6901,0.0072,10.069,0.0181,0.726,5.2923,0.5453,0.5191,7,1.3043,8,0.2219,0.2073,0.0,0,0,0
linq,35.0,6.13,eb154,0.154,1,4.8,0,0.17,20000,0.3099,916.3,2.189,0,0.6901,0.0,14.833,0.0,nan,9.9685,nan,nan,0,2.1221,8,nan,nan,nan,0,0,0
linq,35.0,6.13,eb154,0.154,1,4.8,0,0.18,20000,0.3099,916.3,2.189,0,0.6901,0.0,14.477,0.0,nan,9.6141,nan,nan,0,1.957,8,nan,nan,nan,0,0,0
linq,35.0,6.13,eb154,0.154,1,4.8,0,0.19,20000,0.3099,916.3,2.189,0,0.6901,0.0,14.119,0.0,nan,9.2587,nan,nan,0,1.8301,8,nan,nan,nan,0,0,0
linq,35.0,6.13,eb154,0.154,1,4.8,0,0.2,20000,0.3099,916.3,2.189,0,0.6901,0.0,13.761,0.0,nan,8.9108,1.8106,1.8106,1,1.7247,8,nan,nan,nan,0,0,0
linq,35.0,6.13,eb154,0.154,1,4.8,0,0.21,20000,0.3099,916.3,2.189,0,0.6901,0.0,13.406,0.0,nan,8.5637,1.6,1.6,1,1.6384,8,nan,nan,nan,0,0,0
linq,35.0,6.13,eb154,0.154,1,4.8,0,0.22,20000,0.3099,916.3,2.189,0,0.6901,0.0,13.055,0.0,nan,8.2188,1.4511,1.4509,2,1.5681,8,nan,nan,nan,0,0,0
linq,35.0,6.13,eb154,0.154,1,4.8,0,0.23,20000,0.3099,916.3,2.189,0,0.6901,0.0,12.698,0.0,nan,7.8663,1.3241,1.3231,2,1.5107,8,nan,nan,nan,0,0,0
linq,35.0,6.13,eb154,0.154,1,4.8,0,0.24,20000,0.3099,916.3,2.189,0,0.6901,0.0,12.341,0.0,nan,7.5228,1.1966,1.1951,3,1.4636,8,nan,nan,nan,0,0,0
linq,35.0,6.13,eb154,0.154,1,4.8,0,0.25,20000,0.3099,916.3,2.189,0,0.6901,0.0,11.991,0.0,nan,7.1855,1.0807,1.0786,4,1.4243,8,nan,nan,nan,0,0,0
linq,35.0,6.13,eb154,0.154,1,4.8,0,0.26,20000,0.3099,916.3,2.189,0,0.6901,0.0,11.633,0.0,nan,6.8358,0.999,0.9961,4,1.3883,8,nan,nan,nan,0,0,0
linq,35.0,6.13,eb154,0.154,1,4.8,0,0.27,20000,0.3099,916.3,2.189,0,0.6901,0.0,11.279,0.0,0.0,6.4931,0.899,0.8938,5,1.3603,8,nan,nan,nan,0,0,0
linq,35.0,6.13,eb154,0.154,1,4.8,0,0.28,20000,0.3099,916.3,2.189,0,0.6901,0.0,10.923,0.0,0.0,6.1573,0.7995,0.7898,6,1.3346,8,nan,nan,nan,0,0,0
linq,35.0,6.13,eb154,0.154,1,4.8,0,0.29,20000,0.3099,916.3,2.189,0,0.6901,0.0,10.572,0.0002,0.429,5.8243,0.7514,0.7417,6,1.32,8,nan,nan,nan,0,0,0
linq,35.0,6.13,eb154,0.154,1,4.8,0,0.3,20000,0.3099,916.3,2.189,0,0.6901,0.0,10.212,0.0003,0.222,5.4773,0.7071,0.6974,6,1.305,8,nan,nan,nan,0,0,0
linq,35.0,6.13,eb154,0.154,1,4.8,0,0.31,20000,0.3099,916.3,2.189,0,0.6901,0.0,9.857,0.0006,0.184,5.1521,0.629,0.6118,7,1.2942,8,nan,0.2758,nan,0,0,0
linq,35.0,6.13,eb154,0.154,1,4.8,0,0.32,20000,0.3099,916.3,2.189,0,0.6901,0.0002,9.509,0.001,0.165,4.8318,0.5955,0.5783,7,1.2831,8,nan,0.2554,nan,0,0,0
linq,35.0,6.13,eb154,0.154,1,4.8,0,0.33,20000,0.3099,916.3,2.189,0,0.6901,0.0003,9.161,0.0022,0.184,4.5017,0.5658,0.5491,7,1.2722,8,0.2813,0.2436,0.0,0,0,0
linq,35.0,6.13,eb154,0.154,1,4.8,0,0.34,20000,0.3099,916.3,2.189,0,0.6901,0.0005,8.812,0.0046,0.249,4.1875,0.5389,0.5227,7,1.1851,7,0.2634,0.2307,0.0,0,0,0
linq,35.0,6.13,eb154,0.154,1,4.8,0,0.35,20000,0.3099,916.3,2.189,0,0.6901,0.001,8.469,0.009,0.375,3.8846,0.5147,0.499,7,1.1809,7,0.2453,0.2217,0.0,0,0,0
linq,35.0,6.13,eb154,0.154,1,4.8,0,0.36,20000,0.3099,916.3,2.189,0,0.6901,0.0019,8.128,0.0154,0.47,3.582,0.492,0.4764,7,1.1754,7,0.2345,0.2103,0.0,0,0,0
linq,35.0,6.13,eb154,0.154,1,4.8,0,0.37,20000,0.3099,916.3,2.189,0,0.6901,0.0032,7.788,0.0234,0.578,3.2914,0.4716,0.456,7,1.1711,7,0.2245,0.1995,0.0,0,0,0
linq,35.0,6.13,eb154,0.154,1,4.8,0,0.38,20000,0.3099,916.3,2.189,0,0.6901,0.0064,7.466,0.0313,0.633,3.0315,0.4534,0.4378,7,1.1706,7,0.2156,0.1887,0.0,0,0,0
linq,35.0,6.13,eb154,0.154,1,4.8,0,0.39,20000,0.3099,916.3,2.189,0,0.6901,0.0108,7.135,0.0409,0.681,2.7711,0.4364,0.4206,7,1.1733,7,0.2066,0.1797,0.0,0,0,0
linq,35.0,6.13,eb154,0.154,1,4.8,0,0.4,20000,0.3099,916.3,2.189,0,0.6901,0.0179,6.823,0.0503,0.707,2.5549,0.4212,0.4056,7,1.1725,7,0.1968,0.1729,0.0,0,1,0
linq,35.0,6.13,eb154,0.154,1,4.8,0,0.41,20000,0.3099,916.3,2.189,0,0.6901,0.026,6.51,0.0613,0.781,2.3472,0.4078,0.3922,7,1.0774,6,0.1878,0.1659,0.0,0,1,0
linq,35.0,6.13,eb154,0.154,1,4.8,0,0.42,20000,0.3099,916.3,2.189,0,0.6901,0.0355,6.206,0.0745,0.838,2.1406,0.3945,0.3788,7,1.0809,6,0.1796,0.1582,0.0,0,1,0
linq,35.0,6.13,eb154,0.154,1,4.8,0,0.43,20000,0.3099,916.3,2.189,0,0.6901,0.0488,5.916,0.0885,0.955,1.9856,0.383,0.3672,7,1.0804,6,0.1715,0.1516,0.0,0,1,0
linq,35.0,6.13,eb154,0.154,1,4.8,0,0.44,20000,0.3099,916.3,2.189,0,0.6901,0.0616,5.631,0.099,0.972,1.829,0.3721,0.3563,7,1.0799,6,0.1654,0.1472,0.0,0,1,0
linq,35.0,6.13,eb154,0.154,1,4.8,0,0.45,20000,0.3099,916.3,2.189,0,0.6901,0.0774,5.352,0.1135,1.086,1.6923,0.3625,0.3467,7,1.086,6,0.1594,0.1429,0.0,0,1,0
linq,35.0,6.13,eb154,0.154,1,4.8,0,0.46,20000,0.3099,916.3,2.189,0,0.6901,0.0971,5.085,0.1247,1.171,1.5922,0.3531,0.3372,7,1.0901,6,0.1536,0.1382,0.0,0,1,0
linq,35.0,6.13,eb154,0.154,1,4.8,0,0.47,20000,0.3099,916.3,2.189,0,0.6901,0.1163,4.827,0.1344,1.21,1.4877,0.3449,0.3288,7,1.0906,6,0.1483,0.1339,0.0,0,1,0
linq,35.0,6.13,eb154,0.154,1,4.8,0,0.48,20000,0.3099,916.3,2.189,0,0.6901,0.1385,4.579,0.1438,1.219,1.4061,0.3367,0.3205,7,1.0925,6,0.1434,0.129,0.0,0,1,0
linq,35.0,6.13,eb154,0.154,1,4.8,0,0.49,20000,0.3099,916.3,2.189,0,0.6901,0.1589,4.347,0.1535,1.254,1.3392,0.3299,0.3134,7,1.0077,5,0.1395,0.125,0.0,0,0,0
linq,35.0,6.13,eb154,0.154,1,4.8,0,0.5,20000,0.3099,916.3,2.189,0,0.6901,0.1843,4.114,0.1587,1.225,1.2876,0.3233,0.3066,7,1.0108,5,0.1356,0.1216,0.0,0,0,0
linq,35.0,6.13,eb154,0.154,1,4.8,0,0.51,20000,0.3099,916.3,2.189,0,0.6901,0.2091,3.894,0.1659,1.222,1.2403,0.3173,0.3005,7,1.0154,5,0.1309,0.1183,0.0,0,0,0
linq,35.0,6.13,eb154,0.154,1,4.8,0,0.52,20000,0.3099,916.3,2.189,0,0.6901,0.2323,3.689,0.176,1.306,1.2083,0.3117,0.2947,7,1.0177,5,0.1276,0.1147,0.0,0,0,0
linq,35.0,6.13,eb154,0.154,1,6.4,0,0.17,20000,0.3099,916.3,2.189,0,0.6901,0.0,12.942,0.0,nan,8.1553,nan,nan,0,1.6064,8,nan,nan,nan,0,0,0
linq,35.0,6.13,eb154,0.154,1,6.4,0,0.18,20000,0.3099,916.3,2.189,0,0.6901,0.0,12.476,0.0,nan,7.7122,1.6329,1.6329,1,1.5127,8,nan,nan,nan,0,0,0
linq,35.0,6.13,eb154,0.154,1,6.4,0,0.19,20000,0.3099,916.3,2.189,0,0.6901,0.0,12.008,0.0,nan,7.2752,1.4388,1.4388,2,1.4471,8,nan,nan,nan,0,0,0
linq,35.0,6.13,eb154,0.154,1,6.4,0,0.2,20000,0.3099,916.3,2.189,0,0.6901,0.0,11.546,0.0,nan,6.8298,1.2702,1.2701,2,1.3259,7,nan,nan,nan,0,0,0
linq,35.0,6.13,eb154,0.154,1,6.4,0,0.21,20000,0.3099,916.3,2.189,0,0.6901,0.0,11.081,0.0,nan,6.4148,1.1172,1.117,3,1.2783,7,nan,nan,nan,0,0,0
linq,35.0,6.13,eb154,0.154,1,6.4,0,0.22,20000,0.3099,916.3,2.189,0,0.6901,0.0,10.613,0.0,nan,5.9789,0.9883,0.988,4,1.248,7,nan,nan,nan,0,0,0
linq,35.0,6.13,eb154,0.154,1,6.4,0,0.23,20000,0.3099,916.3,2.189,0,0.6901,0.0,10.148,0.0,nan,5.5633,0.8712,0.87,5,1.2266,7,nan,nan,nan,0,0,0
linq,35.0,6.13,eb154,0.154,1,6.4,0,0.24,20000,0.3099,916.3,2.189,0,0.6901,0.0,9.678,0.0,0.0,5.1461,0.7852,0.7834,5,1.2026,7,nan,nan,nan,0,0,0
linq,35.0,6.13,eb154,0.154,1,6.4,0,0.25,20000,0.3099,916.3,2.189,0,0.6901,0.0,9.214,0.0,0.0,4.7311,0.6925,0.6887,6,1.1033,6,nan,nan,nan,0,0,0
linq,35.0,6.13,eb154,0.154,1,6.4,0,0.26,20000,0.3099,916.3,2.189,0,0.6901,0.0,8.748,0.0002,0.2,4.3375,0.6342,0.6303,6,1.0989,6,nan,nan,nan,0,0,0
linq,35.0,6.13,eb154,0.154,1,6.4,0,0.27,20000,0.3099,916.3,2.189,0,0.6901,0.0,8.284,0.0004,0.089,3.9317,0.5564,0.5478,7,1.094,6,nan,0.2729,nan,0,0,0
linq,35.0,6.13,eb154,0.154,1,6.4,0,0.28,20000,0.3099,916.3,2.189,0,0.6901,0.0,7.829,0.0015,0.122,3.566,0.5148,0.5061,7,1.0891,6,nan,0.2486,nan,0,0,0
linq,35.0,6.13,eb154,0.154,1,6.4,0,0.29,20000,0.3099,916.3,2.189,0,0.6901,0.0002,7.371,0.0038,0.147,3.1819,0.4788,0.4699,7,0.996,5,0.2698,0.229,0.0,0,0,0
linq,35.0,6.13,eb154,0.154,1,6.4,0,0.3,20000,0.3099,916.3,2.189,0,0.6901,0.0005,6.924,0.0104,0.257,2.8511,0.4487,0.4395,7,1.0001,5,0.2478,0.213,0.0,0,1,0
linq,35.0,6.13,eb154,0.154,1,6.4,0,0.31,20000,0.3099,916.3,2.189,0,0.6901,0.0014,6.486,0.0224,0.391,2.5198,0.422,0.4124,7,1.001,5,0.2293,0.1955,0.0,0,1,0
linq,35.0,6.13,eb154,0.154,1,6.4,0,0.32,20000,0.3099,916.3,2.189,0,0.6901,0.0033,6.054,0.04,0.518,2.2217,0.3984,0.3883,7,1.0089,5,0.2153,0.1804,0.0,0,1,0
linq,35.0,6.13,eb154,0.154,1,6.4,0,0.33,20000,0.3099,916.3,2.189,0,0.6901,0.0093,5.641,0.0578,0.6,1.975,0.3785,0.368,7,1.0087,5,0.2012,0.1687,0.0,0,1,0
linq,35.0,6.13,eb154,0.154,1,6.4,0,0.34,20000,0.3099,916.3,2.189,0,0.6901,0.0192,5.236,0.0809,0.702,1.7596,0.3609,0.3499,7,0.924,4,0.187,0.1579,0.0,0,1,0
linq,35.0,6.13,eb154,0.154,1,6.4,0,0.35,20000,0.3099,916.3,2.189,0,0.6901,0.0328,4.854,0.1078,0.852,1.5973,0.3457,0.3341,7,0.9236,4,0.1753,0.148,0.0,0,1,0
linq,35.0,6.13,eb154,0.154,1,6.4,0,0.36,20000,0.3099,916.3,2.189,0,0.6901,0.0521,4.481,0.1329,0.976,1.4563,0.3325,0.3205,7,0.9351,4,0.164,0.1407,0.0,0,1,0
linq,35.0,6.13,eb154,0.154,1,6.4,0,0.37,20000,0.3099,916.3,2.189,0,0.6901,0.0767,4.125,0.1587,1.092,1.3884,0.3214,0.3086,7,0.9371,4,0.1547,0.1328,0.0,0,0,0
linq,35.0,6.13,eb154,0.154,1,6.4,0,0.38,20000,0.3099,916.3,2.189,0,0.6901,0.1074,3.792,0.1803,1.173,1.3418,0.312,0.2983,7,0.8668,3,0.1467,0.1255,0.0,0,0,0
linq,35.0,6.13,eb154,0.154,1,6.4,0,0.39,20000,0.3099,916.3,2.189,0,0.6901,0.1431,3.475,0.1967,1.195,1.3361,0.3044,0.2896,7,0.8732,3,0.1389,0.1196,0.0,1,0,0
linq,35.0,6.13,eb154,0.154,1,6.4,0,0.4,20000,0.3099,916.3,2.189,0,0.6901,0.1815,3.173,0.2154,1.27,1.3678,0.2981,0.2822,7,0.8773,3,0.1321,0.1141,0.0,1,0,0
linq,35.0,6.13,eb154,0.154,1,6.4,0,0.41,20000,0.3099,916.3,2.189,0,0.6901,0.2214,2.894,0.2326,1.336,1.4189,0.2935,0.276,7,0.8727,3,0.1259,0.1089,0.0,1,0,0
linq,35.0,6.13,eb154,0.154,1,6.4,0,0.42,20000,0.3099,916.3,2.189,0,0.6901,0.262,2.634,0.2517,1.444,1.4894,0.2897,0.2708,7,0.8048,2,0.1197,0.1045,0.0,1,0,0
linq,35.0,6.13,eb154,0.154,1,6.4,0,0.43,20000,0.3099,916.3,2.189,0,0.6901,0.3022,2.394,0.2658,1.459,1.5564,0.2864,0.2663,7,0.8051,2,0.1145,0.1006,0.0,1,0,0
linq,35.0,6.13,eb154,0.154,1,6.4,0,0.44,20000,0.3099,916.3,2.189,0,0.6901,0.3418,2.171,0.2818,1.515,1.647,0.2853,0.2633,7,0.8019,2,0.1101,0.0972,0.0,1,0,0
linq,35.0,6.13,eb154,0.154,1,6.4,0,0.45,20000,0.3099,916.3,2.189,0,0.6901,0.3832,1.967,0.292,1.507,1.7361,0.2842,0.2606,7,0.795,2,0.1056,0.0945,0.0,1,0,0
linq,35.0,6.13,eb154,0.154,1,6.4,0,0.46,20000,0.3099,916.3,2.189,0,0.6901,0.4237,1.779,0.3041,1.525,1.8142,0.2851,0.2593,7,0.7971,2,0.1017,0.0913,0.0,0,0,0
linq,35.0,6.13,eb154,0.154,1,6.4,0,0.47,20000,0.3099,916.3,2.189,0,0.6901,0.4616,1.606,0.3162,1.526,1.9062,0.2861,0.2581,7,0.7332,1,0.0985,0.0886,0.0,0,0,0
linq,35.0,6.13,eb154,0.154,1,6.4,0,0.48,20000,0.3099,916.3,2.189,0,0.6901,0.4991,1.443,0.3319,1.57,2.0081,0.2866,0.2572,7,0.7495,1,0.095,0.0869,0.0,0,0,0
linq,35.0,6.13,eb154,0.154,1,6.4,0,0.49,20000,0.3099,916.3,2.189,0,0.6901,0.5334,1.301,0.3431,1.586,2.0999,0.2877,0.2568,7,0.7406,1,0.0927,0.0841,0.0,0,0,0
linq,35.0,6.13,eb154,0.154,1,6.4,0,0.5,20000,0.3099,916.3,2.189,0,0.6901,0.5664,1.171,0.3615,1.682,2.1882,0.2881,0.2564,7,nan,0,0.0895,0.0832,0.0,0,0,0
linq,35.0,6.13,eb154,0.154,1,6.4,0,0.51,20000,0.3099,916.3,2.189,0,0.6901,0.5983,1.05,0.374,1.716,2.2755,0.2895,0.2568,7,nan,0,0.0873,0.0813,0.0,0,0,0
linq,35.0,6.13,eb154,0.154,1,6.4,0,0.52,20000,0.3099,916.3,2.189,0,0.6901,0.6282,0.94,0.3947,1.85,2.3591,0.2894,0.2563,7,nan,0,0.0852,0.0792,0.0,0,0,0
linq,35.0,6.13,eb154,0.154,1,9.6,1,0.17,20000,0.3099,916.3,2.189,0,0.6901,0.0,10.416,0.0,nan,5.9871,1.244,1.2436,2,1.0817,5,nan,nan,nan,0,0,0
linq,35.0,6.13,eb154,0.154,1,9.6,1,0.18,20000,0.3099,916.3,2.189,0,0.6901,0.0,9.799,0.0,nan,5.4754,1.0564,1.0554,3,1.0373,5,nan,nan,nan,0,0,0
linq,35.0,6.13,eb154,0.154,1,9.6,1,0.19,20000,0.3099,916.3,2.189,0,0.6901,0.0,9.187,0.0,nan,4.9823,0.9033,0.9022,4,1.023,5,nan,nan,nan,0,0,0
linq,35.0,6.13,eb154,0.154,1,9.6,1,0.2,20000,0.3099,916.3,2.189,0,0.6901,0.0,8.575,0.0,nan,4.471,0.7712,0.7706,5,0.9112,4,nan,nan,nan,0,0,0
linq,35.0,6.13,eb154,0.154,1,9.6,1,0.21,20000,0.3099,916.3,2.189,0,0.6901,0.0,7.957,0.0,nan,4.0247,0.6565,0.6564,5,0.9142,4,nan,nan,nan,0,0,0
linq,35.0,6.13,eb154,0.154,1,9.6,1,0.22,20000,0.3099,916.3,2.189,0,0.6901,0.0,7.345,0.0,0.0,3.5826,0.5649,0.5647,6,0.9169,4,nan,nan,nan,0,0,0
linq,35.0,6.13,eb154,0.154,1,9.6,1,0.23,20000,0.3099,916.3,2.189,0,0.6901,0.0,6.733,0.0,0.0,3.1408,0.4859,0.4848,7,0.8496,3,nan,0.2977,nan,0,1,0
linq,35.0,6.13,eb154,0.154,1,9.6,1,0.24,20000,0.3099,916.3,2.189,0,0.6901,0.0,6.132,0.0006,0.031,2.7695,0.4297,0.4273,7,0.865,3,nan,0.2441,nan,0,1,0
linq,35.0,6.13,eb154,0.154,1,9.6,1,0.25,20000,0.3099,916.3,2.189,0,0.6901,0.0,5.539,0.004,0.078,2.4307,0.3883,0.385,7,0.7937,2,0.2768,0.216,0.0,0,1,0
linq,35.0,6.13,eb154,0.154,1,9.6,1,0.26,20000,0.3099,916.3,2.189,0,0.6901,0.0003,4.972,0.0202,0.208,2.1416,0.3567,0.3517,7,0.7999,2,0.2354,0.1881,0.0,0,1,0
linq,35.0,6.13,eb154,0.154,1,9.6,1,0.27,20000,0.3099,916.3,2.189,0,0.6901,0.0012,4.43,0.053,0.357,1.9212,0.3336,0.3261,7,0.8034,2,0.2125,0.1654,0.0,0,1,0
linq,35.0,6.13,eb154,0.154,1,9.6,1,0.28,20000,0.3099,916.3,2.189,0,0.6901,0.0064,3.916,0.1056,0.576,1.805,0.3174,0.3069,7,0.7348,1,0.1893,0.1485,0.0,0,0,0
linq,35.0,6.13,eb154,0.154,1,9.6,1,0.29,20000,0.3099,916.3,2.189,0,0.6901,0.0238,3.432,0.1698,0.839,1.8155,0.3072,0.293,7,0.7385,1,0.169,0.1333,0.0,0,0,0
linq,35.0,6.13,eb154,0.154,1,9.6,1,0.3,20000,0.3099,916.3,2.189,0,0.6901,0.0565,2.978,0.2287,1.045,1.9057,0.302,0.283,7,0.7281,1,0.1527,0.1206,0.0,1,0,0
linq,35.0,6.13,eb154,0.154,1,9.6,1,0.31,20000,0.3099,916.3,2.189,0,0.6901,0.1075,2.562,0.2823,1.247,2.0738,0.2972,0.2749,7,nan,0,0.1387,0.1104,0.0,1,0,0
linq,35.0,6.13,eb154,0.154,1,9.6,1,0.32,20000,0.3099,916.3,2.189,0,0.6901,0.1747,2.178,0.3301,1.439,2.2497,0.2944,0.269,7,nan,0,0.1264,0.1018,0.0,0,0,0
linq,35.0,6.13,eb154,0.154,1,9.6,1,0.33,20000,0.3099,916.3,2.189,0,0.6901,0.2515,1.834,0.3665,1.533,2.4386,0.294,0.2657,7,nan,0,0.1158,0.0951,0.0,0,0,0
linq,35.0,6.13,eb154,0.154,1,9.6,1,0.34,20000,0.3099,916.3,2.189,0,0.6901,0.3278,1.536,0.4021,1.613,2.6041,0.2933,0.2629,7,nan,0,0.1071,0.0895,0.0,0,0,0
linq,35.0,6.13,eb154,0.154,1,9.6,1,0.35,20000,0.3099,916.3,2.189,0,0.6901,0.4078,1.269,0.4353,1.727,2.7453,0.2931,0.2614,7,nan,0,0.0994,0.0852,0.0,0,0,0
linq,35.0,6.13,eb154,0.154,1,9.6,1,0.36,20000,0.3099,916.3,2.189,0,0.6901,0.4824,1.048,0.468,1.859,2.8631,0.2573,0.2334,6,nan,0,0.0933,0.0814,0.0,0,0,0
linq,35.0,6.13,eb154,0.154,1,9.6,1,0.37,20000,0.3099,916.3,2.189,0,0.6901,0.5519,0.853,0.5059,2.003,2.9855,0.2582,0.2335,6,nan,0,0.0883,0.0782,0.0,0,0,0
linq,35.0,6.13,eb154,0.154,1,9.6,1,0.38,20000,0.3099,916.3,2.189,0,0.6901,0.616,0.696,0.5351,2.086,3.0758,0.2268,0.2083,5,nan,0,0.084,0.0764,0.0,0,0,0
linq,35.0,6.13,eb154,0.154,1,9.6,1,0.39,20000,0.3099,916.3,2.189,0,0.6901,0.6767,0.558,0.5643,2.193,3.1637,0.2293,0.2107,5,nan,0,0.0804,0.0759,0.0,0,0,0
linq,35.0,6.13,eb154,0.154,1,9.6,1,0.4,20000,0.3099,916.3,2.189,0,0.6901,0.7283,0.444,0.606,2.465,3.2547,0.1983,0.1858,4,nan,0,0.0777,0.0759,0.0,0,0,0
linq,35.0,6.13,eb154,0.154,1,9.6,1,0.41,20000,0.3099,916.3,2.189,0,0.6901,0.7774,0.351,0.6336,2.727,3.3113,0.1994,0.1873,4,nan,0,0.0754,0.0766,0.0,0,0,0
linq,35.0,6.13,eb154,0.154,1,9.6,1,0.42,20000,0.3099,916.3,2.189,0,0.6901,0.8165,0.276,0.6737,3.185,3.3838,0.2014,0.1896,4,nan,0,0.074,0.0778,0.0,0,0,0
linq,35.0,6.13,eb154,0.154,1,9.6,1,0.43,20000,0.3099,916.3,2.189,0,0.6901,0.8511,0.216,0.7069,3.686,3.439,0.2011,0.19,4,nan,0,0.0738,0.0794,0.0,0,0,0
linq,35.0,6.13,eb154,0.154,1,9.6,1,0.44,20000,0.3099,916.3,2.189,0,0.6901,0.882,0.167,0.7216,3.922,3.4728,0.1744,0.1677,3,nan,0,0.0738,0.0818,0.0,0,0,0
linq,35.0,6.13,eb154,0.154,1,9.6,1,0.45,20000,0.3099,916.3,2.189,0,0.6901,0.9096,0.126,0.7368,4.193,3.4961,0.174,0.1682,3,nan,0,0.0744,0.0847,0.0,0,0,0
linq,35.0,6.13,eb154,0.154,1,9.6,1,0.46,20000,0.3099,916.3,2.189,0,0.6901,0.9292,0.096,0.7574,4.75,3.5299,0.148,0.1455,2,nan,0,0.0758,0.0855,0.0,0,0,0
linq,35.0,6.13,eb154,0.154,1,9.6,1,0.47,20000,0.3099,916.3,2.189,0,0.6901,0.9468,0.072,0.7466,4.278,3.526,0.1475,0.1451,2,nan,0,0.0771,0.0853,0.0,0,0,0
linq,35.0,6.13,eb154,0.154,1,9.6,1,0.48,20000,0.3099,916.3,2.189,0,0.6901,0.9606,0.053,0.752,4.218,3.5464,0.1472,0.1446,2,nan,0,0.0787,0.0844,0.0,0,0,0
linq,35.0,6.13,eb154,0.154,1,9.6,1,0.49,20000,0.3099,916.3,2.189,0,0.6901,0.9689,0.041,0.7688,4.774,3.5692,0.146,0.1434,2,nan,0,0.0802,0.0836,0.0,0,0,0
linq,35.0,6.13,eb154,0.154,1,9.6,1,0.5,20000,0.3099,916.3,2.189,0,0.6901,0.9765,0.03,0.7766,4.708,3.5931,0.1208,0.1208,1,nan,0,0.082,0.0852,0.0,0,0,0
linq,35.0,6.13,eb154,0.154,1,9.6,1,0.51,20000,0.3099,916.3,2.189,0,0.6901,0.9828,0.022,0.784,5.219,3.6023,0.119,0.119,1,nan,0,0.0827,0.084,0.0,0,0,0
linq,35.0,6.13,eb154,0.154,1,9.6,1,0.52,20000,0.3099,916.3,2.189,0,0.6901,0.986,0.017,0.8092,5.833,3.6401,0.1197,0.1197,1,nan,0,0.0822,0.0845,0.0,0,0,0
linq,35.0,6.13,eb154,0.154,1,12.8,1,0.17,20000,0.3099,916.3,2.189,0,0.6901,0.0,8.847,0.0,nan,4.8874,0.9222,0.9186,3,0.9202,4,nan,nan,nan,0,0,0
linq,35.0,6.13,eb154,0.154,1,12.8,1,0.18,20000,0.3099,916.3,2.189,0,0.6901,0.0,8.141,0.0,nan,4.3483,0.7701,0.7661,4,0.8408,3,nan,nan,nan,0,0,0
linq,35.0,6.13,eb154,0.154,1,12.8,1,0.19,20000,0.3099,916.3,2.189,0,0.6901,0.0,7.43,0.0,nan,3.8755,0.6431,0.6403,5,0.8543,3,nan,nan,nan,0,0,0
linq,35.0,6.13,eb154,0.154,1,12.8,1,0.2,20000,0.3099,916.3,2.189,0,0.6901,0.0,6.727,0.0,nan,3.4343,0.5418,0.5406,6,0.7901,2,nan,nan,nan,0,1,0
linq,35.0,6.13,eb154,0.154,1,12.8,1,0.21,20000,0.3099,916.3,2.189,0,0.6901,0.0,6.021,0.0,0.0,3.0222,0.4555,0.4553,6,0.8008,2,nan,nan,nan,0,1,0
linq,35.0,6.13,eb154,0.154,1,12.8,1,0.22,20000,0.3099,916.3,2.189,0,0.6901,0.0,5.327,0.0002,0.016,2.6564,0.3937,0.3923,7,0.7356,1,nan,0.25,nan,0,1,0
linq,35.0,6.13,eb154,0.154,1,12.8,1,0.23,20000,0.3099,916.3,2.189,0,0.6901,0.0,4.662,0.0023,0.032,2.3641,0.3558,0.3512,7,0.7332,1,0.2971,0.2097,0.0,0,1,0
linq,35.0,6.13,eb154,0.154,1,12.8,1,0.24,20000,0.3099,916.3,2.189,0,0.6901,0.0,4.027,0.0233,0.143,2.1827,0.3317,0.3219,7,nan,0,0.2344,0.1747,0.0,0,0,0
linq,35.0,6.13,eb154,0.154,1,12.8,1,0.25,20000,0.3099,916.3,2.189,0,0.6901,0.0006,3.441,0.0832,0.349,2.1621,0.3157,0.3009,7,nan,0,0.2008,0.149,0.0,0,0,0
linq,35.0,6.13,eb154,0.154,1,12.8,1,0.26,20000,0.3099,916.3,2.189,0,0.6901,0.0073,2.892,0.1886,0.698,2.2182,0.3056,0.2857,7,nan,0,0.173,0.1275,0.0,0,0,0
linq,35.0,6.13,eb154,0.154,1,12.8,1,0.27,20000,0.3099,916.3,2.189,0,0.6901,0.0399,2.398,0.2923,1.043,2.4267,0.3003,0.2757,7,nan,0,0.1507,0.1112,0.0,1,0,0
linq,35.0,6.13,eb154,0.154,1,12.8,1,0.28,20000,0.3099,916.3,2.189,0,0.6901,0.1077,1.949,0.3869,1.401,2.7042,0.2602,0.2412,6,nan,0,0.1318,0.0988,0.0,0,0,0
linq,35.0,6.13,eb154,0.154,1,12.8,1,0.29,20000,0.3099,916.3,2.189,0,0.6901,0.2128,1.545,0.4543,1.617,2.9258,0.2599,0.2379,6,nan,0,0.116,0.0894,0.0,0,0,0
linq,35.0,6.13,eb154,0.154,1,12.8,1,0.3,20000,0.3099,916.3,2.189,0,0.6901,0.3269,1.2,0.5218,1.938,3.1056,0.2267,0.2101,5,nan,0,0.1033,0.0827,0.0,0,0,0
linq,35.0,6.13,eb154,0.154,1,12.8,1,0.31,20000,0.3099,916.3,2.189,0,0.6901,0.4478,0.907,0.5772,2.166,3.2458,0.2281,0.2102,5,nan,0,0.0932,0.0782,0.0,0,0,0
linq,35.0,6.13,eb154,0.154,1,12.8,1,0.32,20000,0.3099,916.3,2.189,0,0.6901,0.5545,0.681,0.6293,2.452,3.3597,0.1973,0.185,4,nan,0,0.086,0.0762,0.0,0,0,0
linq,35.0,6.13,eb154,0.154,1,12.8,1,0.33,20000,0.3099,916.3,2.189,0,0.6901,0.6518,0.497,0.687,3.032,3.46,0.1991,0.1869,4,nan,0,0.0804,0.0763,0.0,0,0,0
linq,35.0,6.13,eb154,0.154,1,12.8,1,0.34,20000,0.3099,916.3,2.189,0,0.6901,0.7365,0.355,0.7388,3.735,3.543,0.1714,0.1643,3,nan,0,0.0764,0.0782,0.0,0,0,0
linq,35.0,6.13,eb154,0.154,1,12.8,1,0.35,20000,0.3099,916.3,2.189,0,0.6901,0.8058,0.247,0.7927,5.088,3.6157,0.1727,0.1661,3,nan,0,0.0745,0.0811,0.0,0,0,0
linq,35.0,6.13,eb154,0.154,1,12.8,1,0.36,20000,0.3099,916.3,2.189,0,0.6901,0.8624,0.169,0.8211,6.034,3.657,0.1471,0.1445,2,nan,0,0.074,0.0843,0.0,0,0,0
linq,35.0,6.13,eb154,0.154,1,12.8,1,0.37,20000,0.3099,916.3,2.189,0,0.6901,0.9084,0.11,0.8388,6.521,3.6895,0.1481,0.1454,2,nan,0,0.0753,0.0848,0.0,0,0,0
linq,35.0,6.13,eb154,0.154,1,12.8,1,0.38,20000,0.3099,916.3,2.189,0,0.6901,0.9401,0.071,0.8477,6.912,3.704,0.1467,0.1443,2,nan,0,0.0773,0.0846,0.0,0,0,0
linq,35.0,6.13,eb154,0.154,1,12.8,1,0.39,20000,0.3099,916.3,2.189,0,0.6901,0.9626,0.044,0.8553,7.333,3.7159,0.1195,0.1195,1,nan,0,0.0793,0.0843,0.0,0,0,0
linq,35.0,6.13,eb154,0.154,1,12.8,1,0.4,20000,0.3099,916.3,2.189,0,0.6901,0.9761,0.027,0.875,8.355,3.7434,0.1203,0.1203,1,nan,0,0.0819,0.0849,0.0,0,0,0
linq,35.0,6.13,eb154,0.154,1,12.8,1,0.41,20000,0.3099,916.3,2.189,0,0.6901,0.9851,0.017,0.8757,7.364,3.7589,0.118,0.118,1,nan,0,0.0827,0.0833,0.0,0,0,0
linq,35.0,6.13,eb154,0.154,1,12.8,1,0.42,20000,0.3099,916.3,2.189,0,0.6901,0.9902,0.011,0.8843,7.643,3.7729,nan,nan,0,nan,0,0.082,nan,0.0,0,0,0
linq,35.0,6.13,eb154,0.154,1,12.8,1,0.43,20000,0.3099,916.3,2.189,0,0.6901,0.9939,0.007,0.92,11.5,3.8086,nan,nan,0,nan,0,0.0813,nan,0.0,0,0,0
linq,35.0,6.13,eb154,0.154,1,12.8,1,0.44,20000,0.3099,916.3,2.189,0,0.6901,0.9965,0.004,0.9302,13.333,3.8189,nan,nan,0,nan,0,0.0824,nan,0.0,0,0,0
linq,35.0,6.13,eb154,0.154,1,12.8,1,0.45,20000,0.3099,916.3,2.189,0,0.6901,0.9977,0.002,0.9643,27.0,3.8529,nan,nan,0,nan,0,0.0822,nan,0.0,0,0,0
linq,35.0,6.13,eb154,0.154,1,12.8,1,0.46,20000,0.3099,916.3,2.189,0,0.6901,0.9986,0.001,1.0,nan,3.8886,nan,nan,0,nan,0,nan,nan,nan,0,0,0
linq,35.0,6.13,eb154,0.154,1,12.8,1,0.47,20000,0.3099,916.3,2.189,0,0.6901,0.9991,0.001,1.0,nan,3.8886,nan,nan,0,nan,0,nan,nan,nan,0,0,0
linq,35.0,6.13,eb154,0.154,1,12.8,1,0.48,20000,0.3099,916.3,2.189,0,0.6901,0.9996,0.0,1.0,nan,3.8886,nan,nan,0,nan,0,nan,nan,nan,0,0,0
linq,35.0,6.13,eb154,0.154,1,12.8,1,0.49,20000,0.3099,916.3,2.189,0,0.6901,0.9998,0.0,1.0,nan,3.8886,nan,nan,0,nan,0,nan,nan,nan,0,0,0
linq,35.0,6.13,eb154,0.154,1,12.8,1,0.5,20000,0.3099,916.3,2.189,0,0.6901,0.9999,0.0,1.0,nan,3.8886,nan,nan,0,nan,0,nan,nan,nan,0,0,0
linq,35.0,6.13,eb154,0.154,1,12.8,1,0.51,20000,0.3099,916.3,2.189,0,nan,nan,nan,nan,nan,nan,nan,nan,0,nan,0,nan,nan,nan,0,0,0
linq,35.0,6.13,eb154,0.154,1,12.8,1,0.52,20000,0.3099,916.3,2.189,0,nan,nan,nan,nan,nan,nan,nan,nan,0,nan,0,nan,nan,nan,0,0,0
linq,35.0,9.0,eb0482,0.0482,1,2.4,0,0.17,20000,0.4674,1186.3,2.835,0,0.5325,0.0,20.174,0.0,nan,15.2854,nan,nan,0,3.8686,2,nan,nan,nan,0,0,0
linq,35.0,9.0,eb0482,0.0482,1,2.4,0,0.18,20000,0.4674,1186.3,2.835,0,0.5325,0.0,20.118,0.0,nan,15.2295,nan,nan,0,3.8755,3,nan,nan,nan,0,0,0
linq,35.0,9.0,eb0482,0.0482,1,2.4,0,0.19,20000,0.4674,1186.3,2.835,0,0.5325,0.0,20.058,0.0,nan,15.1693,nan,nan,0,3.7153,3,nan,nan,nan,0,0,0
linq,35.0,9.0,eb0482,0.0482,1,2.4,0,0.2,20000,0.4674,1186.3,2.835,0,0.5325,0.0,19.998,0.0,nan,15.1098,nan,nan,0,3.5851,3,nan,nan,nan,0,0,0
linq,35.0,9.0,eb0482,0.0482,1,2.4,0,0.21,20000,0.4674,1186.3,2.835,0,0.5325,0.0,19.942,0.0,nan,15.0535,nan,nan,0,3.4685,3,nan,nan,nan,0,0,0
linq,35.0,9.0,eb0482,0.0482,1,2.4,0,0.22,20000,0.4674,1186.3,2.835,0,0.5325,0.0,19.885,0.0,nan,14.9969,nan,nan,0,3.4293,4,nan,nan,nan,0,0,0
linq,35.0,9.0,eb0482,0.0482,1,2.4,0,0.23,20000,0.4674,1186.3,2.835,0,0.5325,0.0,19.827,0.0,nan,14.9388,nan,nan,0,3.3187,4,nan,nan,nan,0,0,0
linq,35.0,9.0,eb0482,0.0482,1,2.4,0,0.24,20000,0.4674,1186.3,2.835,0,0.5325,0.0,19.769,0.0,nan,14.8802,nan,nan,0,3.2325,4,nan,nan,nan,0,0,0
linq,35.0,9.0,eb0482,0.0482,1,2.4,0,0.25,20000,0.4674,1186.3,2.835,0,0.5325,0.0,19.715,0.0,nan,14.8266,nan,nan,0,3.1298,5,nan,nan,nan,0,0,0
linq,35.0,9.0,eb0482,0.0482,1,2.4,0,0.26,20000,0.4674,1186.3,2.835,0,0.5325,0.0,19.66,0.0,nan,14.7709,nan,nan,0,3.0447,5,nan,nan,nan,0,0,0
linq,35.0,9.0,eb0482,0.0482,1,2.4,0,0.27,20000,0.4674,1186.3,2.835,0,0.5325,0.0,19.603,0.0,nan,14.714,nan,nan,0,2.976,5,nan,nan,nan,0,0,0
linq,35.0,9.0,eb0482,0.0482,1,2.4,0,0.28,20000,0.4674,1186.3,2.835,0,0.5325,0.0,19.543,0.0,nan,14.6542,nan,nan,0,2.9014,5,nan,nan,nan,0,0,0
linq,35.0,9.0,eb0482,0.0482,1,2.4,0,0.29,20000,0.4674,1186.3,2.835,0,0.5325,0.0,19.487,0.0,nan,14.5983,nan,nan,0,2.8005,6,nan,nan,nan,0,0,0
linq,35.0,9.0,eb0482,0.0482,1,2.4,0,0.3,20000,0.4674,1186.3,2.835,0,0.5325,0.0,19.43,0.0,nan,14.5417,nan,nan,0,2.7429,6,nan,nan,nan,0,0,0
linq,35.0,9.0,eb0482,0.0482,1,2.4,0,0.31,20000,0.4674,1186.3,2.835,0,0.5325,0.0,19.376,0.0,nan,14.4872,nan,nan,0,2.6971,6,nan,nan,nan,0,0,0
linq,35.0,9.0,eb0482,0.0482,1,2.4,0,0.32,20000,0.4674,1186.3,2.835,0,0.5325,0.0,19.32,0.0,nan,14.4311,nan,nan,0,2.641,6,nan,nan,nan,0,0,0
linq,35.0,9.0,eb0482,0.0482,1,2.4,0,0.33,20000,0.4674,1186.3,2.835,0,0.5325,0.0,19.262,0.0,nan,14.3737,nan,nan,0,2.5273,7,nan,nan,nan,0,0,0
linq,35.0,9.0,eb0482,0.0482,1,2.4,0,0.34,20000,0.4674,1186.3,2.835,0,0.5325,0.0,19.205,0.0,nan,14.3168,nan,nan,0,2.488,7,nan,nan,nan,0,0,0
linq,35.0,9.0,eb0482,0.0482,1,2.4,0,0.35,20000,0.4674,1186.3,2.835,0,0.5325,0.0,19.149,0.0,nan,14.2603,nan,nan,0,2.449,7,nan,nan,nan,0,0,0
linq,35.0,9.0,eb0482,0.0482,1,2.4,0,0.36,20000,0.4674,1186.3,2.835,0,0.5325,0.0,19.095,0.0,nan,14.2066,nan,nan,0,2.4108,7,nan,nan,nan,0,0,0
linq,35.0,9.0,eb0482,0.0482,1,2.4,0,0.37,20000,0.4674,1186.3,2.835,0,0.5325,0.0,19.037,0.0,nan,14.1489,nan,nan,0,2.2941,8,nan,nan,nan,0,0,0
linq,35.0,9.0,eb0482,0.0482,1,2.4,0,0.38,20000,0.4674,1186.3,2.835,0,0.5325,0.0,18.984,0.0,nan,14.0949,nan,nan,0,2.2607,8,nan,nan,nan,0,0,0
linq,35.0,9.0,eb0482,0.0482,1,2.4,0,0.39,20000,0.4674,1186.3,2.835,0,0.5325,0.0,18.927,0.0,nan,14.0386,nan,nan,0,2.2324,8,nan,nan,nan,0,0,0
linq,35.0,9.0,eb0482,0.0482,1,2.4,0,0.4,20000,0.4674,1186.3,2.835,0,0.5325,0.0,18.872,0.0,nan,13.9836,nan,nan,0,2.2048,8,nan,nan,nan,0,0,0
linq,35.0,9.0,eb0482,0.0482,1,2.4,0,0.41,20000,0.4674,1186.3,2.835,0,0.5325,0.0,18.817,0.0,nan,13.9286,nan,nan,0,2.177,8,nan,nan,nan,0,0,0
linq,35.0,9.0,eb0482,0.0482,1,2.4,0,0.42,20000,0.4674,1186.3,2.835,0,0.5325,0.0,18.76,0.0,nan,13.8712,nan,nan,0,2.1484,8,nan,nan,nan,0,0,0
linq,35.0,9.0,eb0482,0.0482,1,2.4,0,0.43,20000,0.4674,1186.3,2.835,0,0.5325,0.0,18.704,0.0,nan,13.8152,nan,nan,0,2.123,8,nan,nan,nan,0,0,0
linq,35.0,9.0,eb0482,0.0482,1,2.4,0,0.44,20000,0.4674,1186.3,2.835,0,0.5325,0.0,18.646,0.0,nan,13.7578,1.2223,1.2223,1,2.0984,8,nan,nan,nan,0,0,0
linq,35.0,9.0,eb0482,0.0482,1,2.4,0,0.45,20000,0.4674,1186.3,2.835,0,0.5325,0.0,18.592,0.0,0.0,13.7035,1.2023,1.2023,1,2.0732,8,nan,nan,nan,0,0,0
linq,35.0,9.0,eb0482,0.0482,1,2.4,0,0.46,20000,0.4674,1186.3,2.835,0,0.5325,0.0,18.539,0.0,0.0,13.6504,1.2011,1.2011,1,2.0513,8,nan,nan,nan,0,0,0
linq,35.0,9.0,eb0482,0.0482,1,2.4,0,0.47,20000,0.4674,1186.3,2.835,0,0.5325,0.0,18.483,0.0,0.0,13.5948,1.178,1.178,1,2.0287,8,nan,nan,nan,0,0,0
linq,35.0,9.0,eb0482,0.0482,1,2.4,0,0.48,20000,0.4674,1186.3,2.835,0,0.5325,0.0,18.429,0.0001,0.333,13.5408,1.0654,1.0618,2,2.0069,8,nan,nan,nan,0,0,0
linq,35.0,9.0,eb0482,0.0482,1,2.4,0,0.49,20000,0.4674,1186.3,2.835,0,0.5325,0.0,18.374,0.0001,1.0,13.4854,1.0633,1.0607,2,1.9865,8,nan,nan,nan,0,0,0
linq,35.0,9.0,eb0482,0.0482,1,2.4,0,0.5,20000,0.4674,1186.3,2.835,0,0.5325,0.0,18.321,0.0002,3.0,13.4324,1.0547,1.0512,2,1.9674,8,nan,nan,nan,0,0,0
linq,35.0,9.0,eb0482,0.0482,1,2.4,0,0.51,20000,0.4674,1186.3,2.835,0,0.5325,0.0,18.266,0.0002,3.0,13.3773,1.0481,1.0437,2,1.9494,8,nan,nan,nan,0,0,0
linq,35.0,9.0,eb0482,0.0482,1,2.4,0,0.52,20000,0.4674,1186.3,2.835,0,0.5325,0.0,18.207,0.0002,nan,13.3186,0.9633,0.9544,3,1.929,8,nan,nan,nan,0,0,0
linq,35.0,9.0,eb0482,0.0482,1,3.2,0,0.17,20000,0.4674,1186.3,2.835,0,0.5325,0.0,19.283,0.0,nan,14.3948,nan,nan,0,3.0943,4,nan,nan,nan,0,0,0
linq,35.0,9.0,eb0482,0.0482,1,3.2,0,0.18,20000,0.4674,1186.3,2.835,0,0.5325,0.0,19.174,0.0,nan,14.2858,nan,nan,0,2.991,5,nan,nan,nan,0,0,0
linq,35.0,9.0,eb0482,0.0482,1,3.2,0,0.19,20000,0.4674,1186.3,2.835,0,0.5325,0.0,19.066,0.0,nan,14.1771,nan,nan,0,2.8521,5,nan,nan,nan,0,0,0
linq,35.0,9.0,eb0482,0.0482,1,3.2,0,0.2,20000,0.4674,1186.3,2.835,0,0.5325,0.0,18.962,0.0,nan,14.0736,nan,nan,0,2.7432,5,nan,nan,nan,0,0,0
linq,35.0,9.0,eb0482,0.0482,1,3.2,0,0.21,20000,0.4674,1186.3,2.835,0,0.5325,0.0,18.853,0.0,nan,13.9642,nan,nan,0,2.6403,6,nan,nan,nan,0,0,0
linq,35.0,9.0,eb0482,0.0482,1,3.2,0,0.22,20000,0.4674,1186.3,2.835,0,0.5325,0.0,18.748,0.0,nan,13.8592,nan,nan,0,2.5417,6,nan,nan,nan,0,0,0
linq,35.0,9.0,eb0482,0.0482,1,3.2,0,0.23,20000,0.4674,1186.3,2.835,0,0.5325,0.0,18.64,0.0,nan,13.7514,nan,nan,0,2.4307,7,nan,nan,nan,0,0,0
linq,35.0,9.0,eb0482,0.0482,1,3.2,0,0.24,20000,0.4674,1186.3,2.835,0,0.5325,0.0,18.533,0.0,nan,13.6446,nan,nan,0,2.3514,7,nan,nan,nan,0,0,0
linq,35.0,9.0,eb0482,0.0482,1,3.2,0,0.25,20000,0.4674,1186.3,2.835,0,0.5325,0.0,18.424,0.0,nan,13.5349,nan,nan,0,2.2776,7,nan,nan,nan,0,0,0
linq,35.0,9.0,eb0482,0.0482,1,3.2,0,0.26,20000,0.4674,1186.3,2.835,0,0.5325,0.0,18.322,0.0,nan,13.4335,nan,nan,0,2.1707,8,nan,nan,nan,0,0,0
linq,35.0,9.0,eb0482,0.0482,1,3.2,0,0.27,20000,0.4674,1186.3,2.835,0,0.5325,0.0,18.215,0.0,nan,13.326,nan,nan,0,2.1128,8,nan,nan,nan,0,0,0
linq,35.0,9.0,eb0482,0.0482,1,3.2,0,0.28,20000,0.4674,1186.3,2.835,0,0.5325,0.0,18.11,0.0,nan,13.2216,nan,nan,0,2.0574,8,nan,nan,nan,0,0,0
linq,35.0,9.0,eb0482,0.0482,1,3.2,0,0.29,20000,0.4674,1186.3,2.835,0,0.5325,0.0,18.004,0.0,nan,13.1153,nan,nan,0,2.0139,8,nan,nan,nan,0,0,0
linq,35.0,9.0,eb0482,0.0482,1,3.2,0,0.3,20000,0.4674,1186.3,2.835,0,0.5325,0.0,17.898,0.0,nan,13.0091,nan,nan,0,1.9704,8,nan,nan,nan,0,0,0
linq,35.0,9.0,eb0482,0.0482,1,3.2,0,0.31,20000,0.4674,1186.3,2.835,0,0.5325,0.0,17.792,0.0,nan,12.9035,nan,nan,0,1.9281,8,nan,nan,nan,0,0,0
linq,35.0,9.0,eb0482,0.0482,1,3.2,0,0.32,20000,0.4674,1186.3,2.835,0,0.5325,0.0,17.691,0.0,nan,12.8028,1.2309,1.2309,1,1.8908,8,nan,nan,nan,0,0,0
linq,35.0,9.0,eb0482,0.0482,1,3.2,0,0.33,20000,0.4674,1186.3,2.835,0,0.5325,0.0,17.585,0.0,nan,12.6962,1.1741,1.1741,1,1.8544,8,nan,nan,nan,0,0,0
linq,35.0,9.0,eb0482,0.0482,1,3.2,0,0.34,20000,0.4674,1186.3,2.835,0,0.5325,0.0,17.48,0.0,nan,12.5911,1.0783,1.0754,2,1.8213,8,nan,nan,nan,0,0,0
linq,35.0,9.0,eb0482,0.0482,1,3.2,0,0.35,20000,0.4674,1186.3,2.835,0,0.5325,0.0,17.372,0.0,0.0,12.4832,1.0614,1.0586,2,1.7893,8,nan,nan,nan,0,0,0
linq,35.0,9.0,eb0482,0.0482,1,3.2,0,0.36,20000,0.4674,1186.3,2.835,0,0.5325,0.0,17.27,0.0,0.0,12.3815,1.0371,1.0335,2,1.7594,8,nan,nan,nan,0,0,0
linq,35.0,9.0,eb0482,0.0482,1,3.2,0,0.37,20000,0.4674,1186.3,2.835,0,0.5325,0.0,17.168,0.0,0.0,12.2798,0.951,0.9456,3,1.7325,8,nan,nan,nan,0,0,0
linq,35.0,9.0,eb0482,0.0482,1,3.2,0,0.38,20000,0.4674,1186.3,2.835,0,0.5325,0.0,17.062,0.0001,0.333,12.1729,0.9324,0.9268,3,1.7049,8,nan,nan,nan,0,0,0
linq,35.0,9.0,eb0482,0.0482,1,3.2,0,0.39,20000,0.4674,1186.3,2.835,0,0.5325,0.0,16.956,0.0002,3.0,12.0676,0.8573,0.8467,4,1.6789,8,nan,nan,nan,0,0,0
linq,35.0,9.0,eb0482,0.0482,1,3.2,0,0.4,20000,0.4674,1186.3,2.835,0,0.5325,0.0,16.851,0.0002,1.0,11.9626,0.8421,0.8311,4,1.6564,8,nan,nan,nan,0,0,0
linq,35.0,9.0,eb0482,0.0482,1,3.2,0,0.41,20000,0.4674,1186.3,2.835,0,0.5325,0.0,16.747,0.0002,1.333,11.8581,0.8259,0.8159,4,1.6349,8,nan,nan,nan,0,0,0
linq,35.0,9.0,eb0482,0.0482,1,3.2,0,0.42,20000,0.4674,1186.3,2.835,0,0.5325,0.0001,16.643,0.0002,0.5,11.755,0.7564,0.7388,5,1.616,8,nan,nan,nan,0,0,0
linq,35.0,9.0,eb0482,0.0482,1,3.2,0,0.43,20000,0.4674,1186.3,2.835,0,0.5325,0.0002,16.54,0.0001,0.2,11.6539,0.7443,0.7277,5,1.5978,8,nan,nan,nan,0,0,0
linq,35.0,9.0,eb0482,0.0482,1,3.2,0,0.44,20000,0.4674,1186.3,2.835,0,0.5325,0.0002,16.434,0.0002,0.364,11.548,0.6795,0.6544,6,1.5782,8,nan,nan,nan,0,0,0
linq,35.0,9.0,eb0482,0.0482,1,3.2,0,0.45,20000,0.4674,1186.3,2.835,0,0.5325,0.0002,16.33,0.0002,0.235,11.4447,0.6651,0.6406,6,1.5597,8,nan,nan,nan,0,0,0
linq,35.0,9.0,eb0482,0.0482,1,3.2,0,0.46,20000,0.4674,1186.3,2.835,0,0.5325,0.0002,16.229,0.0005,0.529,11.3436,0.6536,0.6295,6,1.5437,8,nan,nan,nan,0,0,0
linq,35.0,9.0,eb0482,0.0482,1,3.2,0,0.47,20000,0.4674,1186.3,2.835,0,0.5325,0.0002,16.13,0.0006,0.571,11.245,0.5926,0.5559,7,1.529,8,nan,0.2036,nan,0,0,0
linq,35.0,9.0,eb0482,0.0482,1,3.2,0,0.48,20000,0.4674,1186.3,2.835,0,0.5325,0.0003,16.025,0.0009,0.552,11.1411,0.5812,0.5448,7,1.5122,8,nan,0.1984,nan,0,0,0
linq,35.0,9.0,eb0482,0.0482,1,3.2,0,0.49,20000,0.4674,1186.3,2.835,0,0.5325,0.0004,15.923,0.0011,0.556,11.0404,0.5725,0.5367,7,1.4982,8,0.2148,0.1955,0.0,0,0,0
linq,35.0,9.0,eb0482,0.0482,1,3.2,0,0.5,20000,0.4674,1186.3,2.835,0,0.5325,0.0005,15.822,0.0012,0.423,10.9414,0.5646,0.5287,7,1.4841,8,0.2071,0.1896,0.0,0,0,0
linq,35.0,9.0,eb0482,0.0482,1,3.2,0,0.51,20000,0.4674,1186.3,2.835,0,0.5325,0.0007,15.719,0.0014,0.429,10.8412,0.5556,0.5204,7,1.4709,8,0.1993,0.1888,0.0,0,0,0
linq,35.0,9.0,eb0482,0.0482,1,3.2,0,0.52,20000,0.4674,1186.3,2.835,0,0.5325,0.0009,15.614,0.002,0.521,10.7387,0.5481,0.5132,7,1.4588,8,0.1956,0.1851,0.0,0,0,0
linq,35.0,9.0,eb0482,0.0482,1,4.8,0,0.17,20000,0.4674,1186.3,2.835,0,0.5325,0.0,17.433,0.0,nan,12.5439,nan,nan,0,2.1293,7,nan,nan,nan,0,0,0
linq,35.0,9.0,eb0482,0.0482,1,4.8,0,0.18,20000,0.4674,1186.3,2.835,0,0.5325,0.0,17.222,0.0,nan,12.3335,nan,nan,0,2.0121,7,nan,nan,nan,0,0,0
linq,35.0,9.0,eb0482,0.0482,1,4.8,0,0.19,20000,0.4674,1186.3,2.835,0,0.5325,0.0,17.011,0.0,nan,12.1221,nan,nan,0,1.9011,8,nan,nan,nan,0,0,0
linq,35.0,9.0,eb0482,0.0482,1,4.8,0,0.2,20000,0.4674,1186.3,2.835,0,0.5325,0.0,16.806,0.0,nan,11.9174,nan,nan,0,1.8132,8,nan,nan,nan,0,0,0
linq,35.0,9.0,eb0482,0.0482,1,4.8,0,0.21,20000,0.4674,1186.3,2.835,0,0.5325,0.0,16.594,0.0,nan,11.7056,nan,nan,0,1.7371,8,nan,nan,nan,0,0,0
linq,35.0,9.0,eb0482,0.0482,1,4.8,0,0.22,20000,0.4674,1186.3,2.835,0,0.5325,0.0,16.387,0.0,nan,11.4981,1.338,1.338,1,1.6732,8,nan,nan,nan,0,0,0
linq,35.0,9.0,eb0482,0.0482,1,4.8,0,0.23,20000,0.4674,1186.3,2.835,0,0.5325,0.0,16.174,0.0,nan,11.2854,1.2067,1.2067,1,1.6132,8,nan,nan,nan,0,0,0
linq,35.0,9.0,eb0482,0.0482,1,4.8,0,0.24,20000,0.4674,1186.3,2.835,0,0.5325,0.0,15.97,0.0,nan,11.0809,1.1086,1.1076,2,1.5613,8,nan,nan,nan,0,0,0
linq,35.0,9.0,eb0482,0.0482,1,4.8,0,0.25,20000,0.4674,1186.3,2.835,0,0.5325,0.0,15.76,0.0,nan,10.8718,1.0358,1.034,2,1.5136,8,nan,nan,nan,0,0,0
linq,35.0,9.0,eb0482,0.0482,1,4.8,0,0.26,20000,0.4674,1186.3,2.835,0,0.5325,0.0,15.554,0.0,nan,10.6651,0.9528,0.9496,3,1.4719,8,nan,nan,nan,0,0,0
linq,35.0,9.0,eb0482,0.0482,1,4.8,0,0.27,20000,0.4674,1186.3,2.835,0,0.5325,0.0,15.35,0.0,nan,10.4609,0.8669,0.8613,4,1.4375,8,nan,nan,nan,0,0,0
linq,35.0,9.0,eb0482,0.0482,1,4.8,0,0.28,20000,0.4674,1186.3,2.835,0,0.5325,0.0,15.139,0.0,0.0,10.2505,0.8257,0.8192,4,1.4019,8,nan,nan,nan,0,0,0
linq,35.0,9.0,eb0482,0.0482,1,4.8,0,0.29,20000,0.4674,1186.3,2.835,0,0.5325,0.0,14.929,0.0,0.0,10.04,0.7462,0.7362,5,1.3707,8,nan,nan,nan,0,0,0
linq,35.0,9.0,eb0482,0.0482,1,4.8,0,0.3,20000,0.4674,1186.3,2.835,0,0.5325,0.0,14.724,0.0001,0.333,9.8352,0.717,0.7069,5,1.345,8,nan,nan,nan,0,0,0
linq,35.0,9.0,eb0482,0.0482,1,4.8,0,0.31,20000,0.4674,1186.3,2.835,0,0.5325,0.0,14.514,0.0002,0.6,9.6257,0.6472,0.631,6,1.3205,8,nan,nan,nan,0,0,0
linq,35.0,9.0,eb0482,0.0482,1,4.8,0,0.32,20000,0.4674,1186.3,2.835,0,0.5325,0.0,14.312,0.0002,0.308,9.4236,0.6243,0.6082,6,1.2981,8,nan,nan,nan,0,0,0
linq,35.0,9.0,eb0482,0.0482,1,4.8,0,0.33,20000,0.4674,1186.3,2.835,0,0.5325,0.0,14.106,0.0004,0.333,9.2169,0.56,0.5346,7,1.277,8,nan,0.2205,nan,0,0,0
linq,35.0,9.0,eb0482,0.0482,1,4.8,0,0.34,20000,0.4674,1186.3,2.835,0,0.5325,0.0002,13.893,0.0005,0.286,9.0064,0.5392,0.5137,7,1.2568,8,nan,0.2025,nan,0,0,0
linq,35.0,9.0,eb0482,0.0482,1,4.8,0,0.35,20000,0.4674,1186.3,2.835,0,0.5325,0.0002,13.695,0.001,0.3,8.8096,0.5224,0.4967,7,1.2379,8,nan,0.1929,nan,0,0,0
linq,35.0,9.0,eb0482,0.0482,1,4.8,0,0.36,20000,0.4674,1186.3,2.835,0,0.5325,0.0002,13.487,0.0016,0.305,8.6015,0.5069,0.4817,7,1.2213,8,0.2105,0.1875,0.0,0,0,0
linq,35.0,9.0,eb0482,0.0482,1,4.8,0,0.37,20000,0.4674,1186.3,2.835,0,0.5325,0.0004,13.281,0.0027,0.37,8.3975,0.4933,0.4685,7,1.2063,8,0.2012,0.1827,0.0,0,0,0
linq,35.0,9.0,eb0482,0.0482,1,4.8,0,0.38,20000,0.4674,1186.3,2.835,0,0.5325,0.0008,13.081,0.0039,0.412,8.2025,0.4805,0.4558,7,1.1911,8,0.1879,0.1777,0.0,0,0,0
linq,35.0,9.0,eb0482,0.0482,1,4.8,0,0.39,20000,0.4674,1186.3,2.835,0,0.5325,0.0012,12.878,0.0059,0.482,8.0047,0.4679,0.4434,7,1.1766,8,0.1841,0.1724,0.0,0,0,0
linq,35.0,9.0,eb0482,0.0482,1,4.8,0,0.4,20000,0.4674,1186.3,2.835,0,0.5325,0.0018,12.679,0.0086,0.625,7.8124,0.4562,0.4321,7,1.165,8,0.1795,0.168,0.0,0,0,0
linq,35.0,9.0,eb0482,0.0482,1,4.8,0,0.41,20000,0.4674,1186.3,2.835,0,0.5325,0.0029,12.478,0.0112,0.668,7.6256,0.4457,0.4216,7,1.1526,8,0.1736,0.1646,0.0,0,0,0
linq,35.0,9.0,eb0482,0.0482,1,4.8,0,0.42,20000,0.4674,1186.3,2.835,0,0.5325,0.0045,12.284,0.0142,0.763,7.4508,0.4356,0.4116,7,1.1421,8,0.1702,0.1594,0.0,0,0,0
linq,35.0,9.0,eb0482,0.0482,1,4.8,0,0.43,20000,0.4674,1186.3,2.835,0,0.5325,0.0066,12.091,0.0159,0.722,7.2829,0.4266,0.4025,7,1.131,8,0.167,0.1543,0.0,0,0,0
linq,35.0,9.0,eb0482,0.0482,1,4.8,0,0.44,20000,0.4674,1186.3,2.835,0,0.5325,0.0087,11.893,0.0207,0.882,7.109,0.4175,0.3934,7,1.1203,8,0.1616,0.1486,0.0,0,0,0
linq,35.0,9.0,eb0482,0.0482,1,4.8,0,0.45,20000,0.4674,1186.3,2.835,0,0.5325,0.0125,11.709,0.022,0.788,6.9683,0.4093,0.3854,7,1.1127,8,0.1585,0.1451,0.0,0,0,0
linq,35.0,9.0,eb0482,0.0482,1,4.8,0,0.46,20000,0.4674,1186.3,2.835,0,0.5325,0.0159,11.523,0.0256,0.847,6.8209,0.4015,0.3778,7,1.1046,8,0.1548,0.1412,0.0,0,0,0
linq,35.0,9.0,eb0482,0.0482,1,4.8,0,0.47,20000,0.4674,1186.3,2.835,0,0.5325,0.0199,11.336,0.029,0.854,6.6776,0.3951,0.3713,7,1.0962,8,0.1495,0.1389,0.0,0,0,0
linq,35.0,9.0,eb0482,0.0482,1,4.8,0,0.48,20000,0.4674,1186.3,2.835,0,0.5325,0.0245,11.151,0.0319,0.856,6.542,0.3879,0.3647,7,1.0886,8,0.1454,0.1372,0.0,0,0,0
linq,35.0,9.0,eb0482,0.0482,1,4.8,0,0.49,20000,0.4674,1186.3,2.835,0,0.5325,0.0303,10.974,0.0358,0.972,6.4277,0.3814,0.3584,7,1.0809,8,0.1411,0.1338,0.0,0,0,0
linq,35.0,9.0,eb0482,0.0482,1,4.8,0,0.5,20000,0.4674,1186.3,2.835,0,0.5325,0.0348,10.799,0.0405,1.014,6.2989,0.3754,0.3523,7,1.0732,8,0.1385,0.1304,0.0,0,0,0
linq,35.0,9.0,eb0482,0.0482,1,4.8,0,0.51,20000,0.4674,1186.3,2.835,0,0.5325,0.041,10.623,0.0446,1.034,6.1884,0.3696,0.3466,7,1.0675,8,0.1356,0.127,0.0,0,0,0
linq,35.0,9.0,eb0482,0.0482,1,4.8,0,0.52,20000,0.4674,1186.3,2.835,0,0.5325,0.0476,10.453,0.0476,1.057,6.0872,0.364,0.3411,7,1.0606,8,0.1336,0.1243,0.0,0,0,0
linq,35.0,9.0,eb0482,0.0482,1,6.4,0,0.17,20000,0.4674,1186.3,2.835,0,0.5325,0.0,15.805,0.0,nan,10.9169,nan,nan,0,1.6305,8,nan,nan,nan,0,0,0
linq,35.0,9.0,eb0482,0.0482,1,6.4,0,0.18,20000,0.4674,1186.3,2.835,0,0.5325,0.0,15.5,0.0,nan,10.6111,nan,nan,0,1.5394,8,nan,nan,nan,0,0,0
linq,35.0,9.0,eb0482,0.0482,1,6.4,0,0.19,20000,0.4674,1186.3,2.835,0,0.5325,0.0,15.201,0.0,nan,10.3127,1.2722,1.2722,1,1.4631,8,nan,nan,nan,0,0,0
linq,35.0,9.0,eb0482,0.0482,1,6.4,0,0.2,20000,0.4674,1186.3,2.835,0,0.5325,0.0,14.899,0.0,nan,10.0104,1.1381,1.138,2,1.3963,8,nan,nan,nan,0,0,0
linq,35.0,9.0,eb0482,0.0482,1,6.4,0,0.21,20000,0.4674,1186.3,2.835,0,0.5325,0.0,14.602,0.0,nan,9.7136,1.028,1.0268,2,1.3426,8,nan,nan,nan,0,0,0
linq,35.0,9.0,eb0482,0.0482,1,6.4,0,0.22,20000,0.4674,1186.3,2.835,0,0.5325,0.0,14.298,0.0,nan,9.4097,0.9327,0.9308,3,1.2954,8,nan,nan,nan,0,0,0
linq,35.0,9.0,eb0482,0.0482,1,6.4,0,0.23,20000,0.4674,1186.3,2.835,0,0.5325,0.0,13.998,0.0,nan,9.1095,0.8363,0.8335,4,1.2551,8,nan,nan,nan,0,0,0
linq,35.0,9.0,eb0482,0.0482,1,6.4,0,0.24,20000,0.4674,1186.3,2.835,0,0.5325,0.0,13.698,0.0,nan,8.8096,0.7768,0.7732,4,1.2219,8,nan,nan,nan,0,0,0
linq,35.0,9.0,eb0482,0.0482,1,6.4,0,0.25,20000,0.4674,1186.3,2.835,0,0.5325,0.0,13.394,0.0,0.0,8.5058,0.6988,0.6927,5,1.1905,8,nan,nan,nan,0,0,0
linq,35.0,9.0,eb0482,0.0482,1,6.4,0,0.26,20000,0.4674,1186.3,2.835,0,0.5325,0.0,13.093,0.0,0.0,8.2048,0.6221,0.6121,6,1.1636,8,nan,nan,nan,0,0,0
linq,35.0,9.0,eb0482,0.0482,1,6.4,0,0.27,20000,0.4674,1186.3,2.835,0,0.5325,0.0,12.798,0.0002,0.3,7.9096,0.5869,0.5761,6,1.1416,8,nan,nan,nan,0,0,0
linq,35.0,9.0,eb0482,0.0482,1,6.4,0,0.28,20000,0.4674,1186.3,2.835,0,0.5325,0.0,12.496,0.0002,0.167,7.6075,0.5229,0.505,7,1.1224,8,nan,0.2219,nan,0,0,0
linq,35.0,9.0,eb0482,0.0482,1,6.4,0,0.29,20000,0.4674,1186.3,2.835,0,0.5325,0.0,12.197,0.0005,0.196,7.3087,0.4971,0.4785,7,1.1045,8,nan,0.2034,nan,0,0,0
linq,35.0,9.0,eb0482,0.0482,1,6.4,0,0.3,20000,0.4674,1186.3,2.835,0,0.5325,0.0002,11.903,0.0011,0.193,7.016,0.4741,0.4555,7,1.0892,8,0.2181,0.1896,0.0,0,0,0
linq,35.0,9.0,eb0482,0.0482,1,6.4,0,0.31,20000,0.4674,1186.3,2.835,0,0.5325,0.0002,11.608,0.0024,0.226,6.7217,0.4546,0.4359,7,1.0759,8,0.2022,0.1806,0.0,0,0,0
linq,35.0,9.0,eb0482,0.0482,1,6.4,0,0.32,20000,0.4674,1186.3,2.835,0,0.5325,0.0004,11.308,0.0051,0.335,6.4243,0.4363,0.4179,7,1.0641,8,0.1897,0.1736,0.0,0,0,0
linq,35.0,9.0,eb0482,0.0482,1,6.4,0,0.33,20000,0.4674,1186.3,2.835,0,0.5325,0.001,11.023,0.0093,0.453,6.1454,0.4209,0.4022,7,1.0546,8,0.1815,0.1656,0.0,0,0,0
linq,35.0,9.0,eb0482,0.0482,1,6.4,0,0.34,20000,0.4674,1186.3,2.835,0,0.5325,0.0018,10.736,0.0143,0.56,5.8665,0.406,0.3875,7,1.0443,8,0.1737,0.1592,0.0,0,0,0
linq,35.0,9.0,eb0482,0.0482,1,6.4,0,0.35,20000,0.4674,1186.3,2.835,0,0.5325,0.0039,10.456,0.0201,0.644,5.6079,0.3934,0.3745,7,1.0352,8,0.1677,0.15,0.0,0,0,0
linq,35.0,9.0,eb0482,0.0482,1,6.4,0,0.36,20000,0.4674,1186.3,2.835,0,0.5325,0.0072,10.174,0.0269,0.71,5.3592,0.381,0.3621,7,1.0284,8,0.161,0.1435,0.0,0,0,0
linq,35.0,9.0,eb0482,0.0482,1,6.4,0,0.37,20000,0.4674,1186.3,2.835,0,0.5325,0.0124,9.9,0.0329,0.723,5.1354,0.3705,0.3516,7,1.0218,8,0.154,0.1386,0.0,0,0,0
linq,35.0,9.0,eb0482,0.0482,1,6.4,0,0.38,20000,0.4674,1186.3,2.835,0,0.5325,0.0186,9.636,0.0399,0.805,4.9305,0.361,0.3422,7,1.0164,8,0.1469,0.1343,0.0,0,0,0
linq,35.0,9.0,eb0482,0.0482,1,6.4,0,0.39,20000,0.4674,1186.3,2.835,0,0.5325,0.0258,9.368,0.0485,0.867,4.7273,0.3517,0.3327,7,1.0105,8,0.1414,0.1283,0.0,0,0,0
linq,35.0,9.0,eb0482,0.0482,1,6.4,0,0.4,20000,0.4674,1186.3,2.835,0,0.5325,0.0342,9.117,0.0577,0.992,4.5514,0.3438,0.3248,7,1.0067,8,0.1364,0.1237,0.0,0,0,0
linq,35.0,9.0,eb0482,0.0482,1,6.4,0,0.41,20000,0.4674,1186.3,2.835,0,0.5325,0.0445,8.866,0.0638,1.012,4.3907,0.3363,0.3174,7,1.0032,8,0.1319,0.1211,0.0,0,0,0
linq,35.0,9.0,eb0482,0.0482,1,6.4,0,0.42,20000,0.4674,1186.3,2.835,0,0.5325,0.0555,8.62,0.0737,1.168,4.2384,0.3294,0.3104,7,0.9988,8,0.1277,0.1185,0.0,0,0,0
linq,35.0,9.0,eb0482,0.0482,1,6.4,0,0.43,20000,0.4674,1186.3,2.835,0,0.5325,0.0694,8.388,0.0785,1.201,4.1249,0.3233,0.3043,7,0.9949,8,0.1237,0.1157,0.0,0,0,0
linq,35.0,9.0,eb0482,0.0482,1,6.4,0,0.44,20000,0.4674,1186.3,2.835,0,0.5325,0.0845,8.158,0.0824,1.222,4.0226,0.3177,0.2985,7,0.993,8,0.1199,0.1126,0.0,0,0,0
linq,35.0,9.0,eb0482,0.0482,1,6.4,0,0.45,20000,0.4674,1186.3,2.835,0,0.5325,0.098,7.939,0.0892,1.263,3.9127,0.3117,0.2925,7,0.9912,8,0.1174,0.1093,0.0,0,0,0
linq,35.0,9.0,eb0482,0.0482,1,6.4,0,0.46,20000,0.4674,1186.3,2.835,0,0.5325,0.1142,7.732,0.0919,1.263,3.8399,0.3069,0.2876,7,0.9884,8,0.115,0.1065,0.0,0,0,0
linq,35.0,9.0,eb0482,0.0482,1,6.4,0,0.47,20000,0.4674,1186.3,2.835,0,0.5325,0.1314,7.522,0.0938,1.231,3.7709,0.3022,0.2828,7,0.9867,8,0.1121,0.1046,0.0,0,0,0
linq,35.0,9.0,eb0482,0.0482,1,6.4,0,0.48,20000,0.4674,1186.3,2.835,0,0.5325,0.1473,7.317,0.0987,1.28,3.6918,0.2976,0.2783,7,0.984,8,0.1095,0.1024,0.0,0,0,0
linq,35.0,9.0,eb0482,0.0482,1,6.4,0,0.49,20000,0.4674,1186.3,2.835,0,0.5325,0.1632,7.125,0.1015,1.288,3.6263,0.2932,0.274,7,0.9821,8,0.1071,0.0998,0.0,0,0,0
linq,35.0,9.0,eb0482,0.0482,1,6.4,0,0.5,20000,0.4674,1186.3,2.835,0,0.5325,0.1798,6.942,0.1048,1.316,3.5748,0.2897,0.2702,7,0.9824,8,0.1044,0.0984,0.0,0,1,0
linq,35.0,9.0,eb0482,0.0482,1,6.4,0,0.51,20000,0.4674,1186.3,2.835,0,0.5325,0.1954,6.761,0.1093,1.381,3.5138,0.286,0.2665,7,0.9814,8,0.102,0.0963,0.0,0,1,0
linq,35.0,9.0,eb0482,0.0482,1,6.4,0,0.52,20000,0.4674,1186.3,2.835,0,0.5325,0.2109,6.591,0.1122,1.405,3.464,0.2828,0.2633,7,0.9791,8,0.1001,0.0944,0.0,0,1,0
linq,35.0,9.0,eb0482,0.0482,1,9.6,1,0.17,20000,0.4674,1186.3,2.835,0,0.5325,0.0,13.3,0.0,nan,8.4111,1.1159,1.1158,2,1.1933,8,nan,nan,nan,0,0,0
linq,35.0,9.0,eb0482,0.0482,1,9.6,1,0.18,20000,0.4674,1186.3,2.835,0,0.5325,0.0,12.858,0.0,nan,7.9693,0.9722,0.9721,2,1.1444,8,nan,nan,nan,0,0,0
linq,35.0,9.0,eb0482,0.0482,1,9.6,1,0.19,20000,0.4674,1186.3,2.835,0,0.5325,0.0,12.41,0.0,nan,7.5209,0.8466,0.8464,3,1.107,8,nan,nan,nan,0,0,0
linq,35.0,9.0,eb0482,0.0482,1,9.6,1,0.2,20000,0.4674,1186.3,2.835,0,0.5325,0.0,11.963,0.0,nan,7.0747,0.7443,0.7438,4,1.0788,8,nan,nan,nan,0,0,0
linq,35.0,9.0,eb0482,0.0482,1,9.6,1,0.21,20000,0.4674,1186.3,2.835,0,0.5325,0.0,11.523,0.0,nan,6.6343,0.6538,0.6522,5,1.0568,8,nan,nan,nan,0,0,0
linq,35.0,9.0,eb0482,0.0482,1,9.6,1,0.22,20000,0.4674,1186.3,2.835,0,0.5325,0.0,11.076,0.0,0.0,6.1871,0.5915,0.5892,5,1.0397,8,nan,nan,nan,0,0,0
linq,35.0,9.0,eb0482,0.0482,1,9.6,1,0.23,20000,0.4674,1186.3,2.835,0,0.5325,0.0,10.628,0.0,0.0,5.7392,0.5198,0.5148,6,1.0243,8,nan,nan,nan,0,0,0
linq,35.0,9.0,eb0482,0.0482,1,9.6,1,0.24,20000,0.4674,1186.3,2.835,0,0.5325,0.0,10.188,0.0002,0.097,5.2989,0.4553,0.4461,7,1.0152,8,nan,0.2178,nan,0,0,0
linq,35.0,9.0,eb0482,0.0482,1,9.6,1,0.25,20000,0.4674,1186.3,2.835,0,0.5325,0.0,9.742,0.0005,0.075,4.853,0.4217,0.4113,7,1.0084,8,nan,0.1923,nan,0,0,0
linq,35.0,9.0,eb0482,0.0482,1,9.6,1,0.26,20000,0.4674,1186.3,2.835,0,0.5325,0.0,9.309,0.002,0.108,4.4202,0.3943,0.3833,7,1.0013,8,0.2147,0.1769,0.0,0,0,0
linq,35.0,9.0,eb0482,0.0482,1,9.6,1,0.27,20000,0.4674,1186.3,2.835,0,0.5325,0.0002,8.88,0.0074,0.232,3.9934,0.3719,0.3604,7,0.9979,8,0.1885,0.1631,0.0,0,0,0
linq,35.0,9.0,eb0482,0.0482,1,9.6,1,0.28,20000,0.4674,1186.3,2.835,0,0.5325,0.0008,8.453,0.0186,0.393,3.5715,0.3525,0.3401,7,0.9956,8,0.1734,0.1491,0.0,0,0,0
linq,35.0,9.0,eb0482,0.0482,1,9.6,1,0.29,20000,0.4674,1186.3,2.835,0,0.5325,0.0026,8.045,0.0334,0.526,3.1779,0.3359,0.3229,7,0.9937,8,0.1631,0.1385,0.0,0,0,0
linq,35.0,9.0,eb0482,0.0482,1,9.6,1,0.3,20000,0.4674,1186.3,2.835,0,0.5325,0.0078,7.647,0.0519,0.646,2.819,0.322,0.3085,7,0.9915,8,0.1507,0.1294,0.0,0,0,0
linq,35.0,9.0,eb0482,0.0482,1,9.6,1,0.31,20000,0.4674,1186.3,2.835,0,0.5325,0.0186,7.256,0.0731,0.821,2.505,0.3095,0.2955,7,0.9908,8,0.1407,0.1217,0.0,0,0,0
linq,35.0,9.0,eb0482,0.0482,1,9.6,1,0.32,20000,0.4674,1186.3,2.835,0,0.5325,0.0332,6.885,0.0945,1.009,2.2337,0.2992,0.2849,7,0.9923,8,0.1312,0.1158,0.0,0,1,0
linq,35.0,9.0,eb0482,0.0482,1,9.6,1,0.33,20000,0.4674,1186.3,2.835,0,0.5325,0.053,6.528,0.112,1.114,2.0057,0.2896,0.275,7,0.9909,8,0.1242,0.1105,0.0,0,1,0
linq,35.0,9.0,eb0482,0.0482,1,9.6,1,0.34,20000,0.4674,1186.3,2.835,0,0.5325,0.0787,6.186,0.1261,1.175,1.8277,0.2811,0.2661,7,0.9924,8,0.1182,0.1047,0.0,0,1,0
linq,35.0,9.0,eb0482,0.0482,1,9.6,1,0.35,20000,0.4674,1186.3,2.835,0,0.5325,0.1071,5.864,0.1393,1.275,1.6811,0.2742,0.2588,7,0.9933,8,0.1122,0.1006,0.0,0,1,0
linq,35.0,9.0,eb0482,0.0482,1,9.6,1,0.36,20000,0.4674,1186.3,2.835,0,0.5325,0.1406,5.547,0.1476,1.321,1.5679,0.2679,0.2522,7,0.9947,8,0.1074,0.096,0.0,0,1,0
linq,35.0,9.0,eb0482,0.0482,1,9.6,1,0.37,20000,0.4674,1186.3,2.835,0,0.5325,0.1723,5.262,0.1573,1.405,1.4713,0.2624,0.2464,7,0.9965,8,0.1027,0.0928,0.0,0,1,0
linq,35.0,9.0,eb0482,0.0482,1,9.6,1,0.38,20000,0.4674,1186.3,2.835,0,0.5325,0.2037,4.992,0.1659,1.481,1.3833,0.2575,0.2412,7,0.9956,8,0.0986,0.0897,0.0,0,1,0
linq,35.0,9.0,eb0482,0.0482,1,9.6,1,0.39,20000,0.4674,1186.3,2.835,0,0.5325,0.2378,4.734,0.1683,1.458,1.3251,0.2529,0.2365,7,0.9983,8,0.0948,0.0873,0.0,0,1,0
linq,35.0,9.0,eb0482,0.0482,1,9.6,1,0.4,20000,0.4674,1186.3,2.835,0,0.5325,0.27,4.493,0.1726,1.464,1.2703,0.2485,0.232,7,0.9987,8,0.0915,0.0848,0.0,0,1,0
linq,35.0,9.0,eb0482,0.0482,1,9.6,1,0.41,20000,0.4674,1186.3,2.835,0,0.5325,0.3012,4.267,0.1754,1.442,1.2213,0.2449,0.2281,7,0.9992,8,0.0889,0.0828,0.0,0,0,0
linq,35.0,9.0,eb0482,0.0482,1,9.6,1,0.42,20000,0.4674,1186.3,2.835,0,0.5325,0.3312,4.053,0.1798,1.528,1.1767,0.2413,0.2246,7,1.0019,8,0.086,0.0809,0.0,0,0,0
linq,35.0,9.0,eb0482,0.0482,1,9.6,1,0.43,20000,0.4674,1186.3,2.835,0,0.5325,0.3592,3.86,0.1835,1.544,1.1399,0.2381,0.2212,7,1.0038,8,0.0842,0.0792,0.0,0,0,0
linq,35.0,9.0,eb0482,0.0482,1,9.6,1,0.44,20000,0.4674,1186.3,2.835,0,0.5325,0.3852,3.678,0.1884,1.599,1.0985,0.2357,0.2185,7,1.0036,8,0.0821,0.0777,0.0,0,0,0
linq,35.0,9.0,eb0482,0.0482,1,9.6,1,0.45,20000,0.4674,1186.3,2.835,0,0.5325,0.4119,3.502,0.1899,1.606,1.0706,0.2337,0.216,7,1.0029,8,0.0803,0.076,0.0,0,0,0
linq,35.0,9.0,eb0482,0.0482,1,9.6,1,0.46,20000,0.4674,1186.3,2.835,0,0.5325,0.4374,3.34,0.188,1.561,1.0528,0.2313,0.2135,7,1.0027,8,0.0788,0.0744,0.0,0,0,0
linq,35.0,9.0,eb0482,0.0482,1,9.6,1,0.47,20000,0.4674,1186.3,2.835,0,0.5325,0.4601,3.187,0.1899,1.546,1.0186,0.2287,0.211,7,1.0042,8,0.0773,0.0735,0.0,0,0,0
linq,35.0,9.0,eb0482,0.0482,1,9.6,1,0.48,20000,0.4674,1186.3,2.835,0,0.5325,0.4836,3.039,0.1895,1.521,1.0032,0.2276,0.2096,7,1.0047,8,0.0756,0.0725,0.0,0,0,0
linq,35.0,9.0,eb0482,0.0482,1,9.6,1,0.49,20000,0.4674,1186.3,2.835,0,0.5325,0.5058,2.904,0.1912,1.588,0.9945,0.2273,0.2085,7,1.0065,8,0.0742,0.0712,0.0,1,0,0
linq,35.0,9.0,eb0482,0.0482,1,9.6,1,0.5,20000,0.4674,1186.3,2.835,0,0.5325,0.525,2.78,0.1911,1.532,0.9697,0.2269,0.2073,7,1.0067,8,0.0731,0.0699,0.0,1,0,0
linq,35.0,9.0,eb0482,0.0482,1,9.6,1,0.51,20000,0.4674,1186.3,2.835,0,0.5325,0.5432,2.661,0.1956,1.579,0.943,0.2265,0.2063,7,1.0074,8,0.0718,0.0691,0.0,1,0,0
linq,35.0,9.0,eb0482,0.0482,1,9.6,1,0.52,20000,0.4674,1186.3,2.835,0,0.5325,0.5608,2.549,0.1972,1.6,0.9215,0.2259,0.2052,7,1.0082,8,0.0708,0.0679,0.0,1,0,0
linq,35.0,9.0,eb0482,0.0482,1,12.8,1,0.17,20000,0.4674,1186.3,2.835,0,0.5325,0.0,11.541,0.0,nan,6.6577,0.879,0.8784,3,1.0608,8,nan,nan,nan,0,0,0
linq,35.0,9.0,eb0482,0.0482,1,12.8,1,0.18,20000,0.4674,1186.3,2.835,0,0.5325,0.0,10.991,0.0,nan,6.1108,0.7545,0.7541,4,1.0378,8,nan,nan,nan,0,0,0
linq,35.0,9.0,eb0482,0.0482,1,12.8,1,0.19,20000,0.4674,1186.3,2.835,0,0.5325,0.0,10.445,0.0,nan,5.5678,0.6407,0.6406,4,1.0221,8,nan,nan,nan,0,0,0
linq,35.0,9.0,eb0482,0.0482,1,12.8,1,0.2,20000,0.4674,1186.3,2.835,0,0.5325,0.0,9.898,0.0,nan,5.0291,0.5569,0.5564,5,1.0121,8,nan,nan,nan,0,0,0
linq,35.0,9.0,eb0482,0.0482,1,12.8,1,0.21,20000,0.4674,1186.3,2.835,0,0.5325,0.0,9.351,0.0,0.0,4.4875,0.4813,0.4793,6,1.0027,8,nan,nan,nan,0,0,0
linq,35.0,9.0,eb0482,0.0482,1,12.8,1,0.22,20000,0.4674,1186.3,2.835,0,0.5325,0.0,8.796,0.0,0.0,3.944,0.4177,0.4134,7,0.9994,8,nan,0.2288,nan,0,0,0
linq,35.0,9.0,eb0482,0.0482,1,12.8,1,0.23,20000,0.4674,1186.3,2.835,0,0.5325,0.0,8.262,0.0003,0.029,3.4261,0.3774,0.3709,7,0.9962,8,nan,0.1874,nan,0,0,0
linq,35.0,9.0,eb0482,0.0482,1,12.8,1,0.24,20000,0.4674,1186.3,2.835,0,0.5325,0.0,7.73,0.0025,0.077,2.9213,0.3483,0.3407,7,0.9944,8,0.2099,0.1684,0.0,0,0,0
linq,35.0,9.0,eb0482,0.0482,1,12.8,1,0.25,20000,0.4674,1186.3,2.835,0,0.5325,0.0002,7.21,0.0136,0.217,2.4415,0.3239,0.3152,7,0.994,8,0.1794,0.149,0.0,0,0,0
linq,35.0,9.0,eb0482,0.0482,1,12.8,1,0.26,20000,0.4674,1186.3,2.835,0,0.5325,0.0009,6.71,0.0366,0.385,1.9914,0.3041,0.2944,7,0.9957,8,0.164,0.1333,0.0,0,1,0
linq,35.0,9.0,eb0482,0.0482,1,12.8,1,0.27,20000,0.4674,1186.3,2.835,0,0.5325,0.005,6.23,0.0715,0.617,1.5943,0.2891,0.2782,7,0.9973,8,0.1481,0.1224,0.0,0,1,0
linq,35.0,9.0,eb0482,0.0482,1,12.8,1,0.28,20000,0.4674,1186.3,2.835,0,0.5325,0.0186,5.767,0.1113,0.884,1.2821,0.2769,0.265,7,0.9982,8,0.1341,0.1129,0.0,0,1,0
linq,35.0,9.0,eb0482,0.0482,1,12.8,1,0.29,20000,0.4674,1186.3,2.835,0,0.5325,0.042,5.33,0.1461,1.083,1.0338,0.2656,0.253,7,0.9994,8,0.1236,0.1043,0.0,0,1,0
linq,35.0,9.0,eb0482,0.0482,1,12.8,1,0.3,20000,0.4674,1186.3,2.835,0,0.5325,0.0784,4.919,0.1736,1.251,0.8761,0.2566,0.2434,7,1.0013,8,0.1146,0.0976,0.0,0,1,0
linq,35.0,9.0,eb0482,0.0482,1,12.8,1,0.31,20000,0.4674,1186.3,2.835,0,0.5325,0.1253,4.526,0.1938,1.395,0.7729,0.249,0.2352,7,1.0017,8,0.1067,0.0922,0.0,1,1,1
linq,35.0,9.0,eb0482,0.0482,1,12.8,1,0.32,20000,0.4674,1186.3,2.835,0,0.5325,0.1744,4.172,0.2086,1.47,0.7014,0.2434,0.2288,7,1.0005,8,0.0999,0.0877,0.0,1,0,0
linq,35.0,9.0,eb0482,0.0482,1,12.8,1,0.33,20000,0.4674,1186.3,2.835,0,0.5325,0.2226,3.842,0.221,1.504,0.6439,0.2379,0.2228,7,1.0,8,0.0944,0.0839,0.0,1,0,0
linq,35.0,9.0,eb0482,0.0482,1,12.8,1,0.34,20000,0.4674,1186.3,2.835,0,0.5325,0.2748,3.539,0.2279,1.575,0.6216,0.2348,0.2187,7,0.998,8,0.0894,0.0808,0.0,1,0,0
linq,35.0,9.0,eb0482,0.0482,1,12.8,1,0.35,20000,0.4674,1186.3,2.835,0,0.5325,0.324,3.265,0.2337,1.617,0.5982,0.2325,0.2153,7,1.0,8,0.0852,0.0783,0.0,1,0,0
linq,35.0,9.0,eb0482,0.0482,1,12.8,1,0.36,20000,0.4674,1186.3,2.835,0,0.5325,0.3685,3.014,0.241,1.673,0.5673,0.2305,0.2122,7,0.998,8,0.0821,0.0755,0.0,1,0,0
linq,35.0,9.0,eb0482,0.0482,1,12.8,1,0.37,20000,0.4674,1186.3,2.835,0,0.5325,0.4105,2.787,0.2436,1.644,0.5639,0.2289,0.2099,7,0.9951,8,0.0792,0.0735,0.0,1,0,0
linq,35.0,9.0,eb0482,0.0482,1,12.8,1,0.38,20000,0.4674,1186.3,2.835,0,0.5325,0.4514,2.577,0.2451,1.644,0.5484,0.2273,0.2076,7,0.9942,8,0.0767,0.0716,0.0,1,0,0
linq,35.0,9.0,eb0482,0.0482,1,12.8,1,0.39,20000,0.4674,1186.3,2.835,0,0.5325,0.488,2.394,0.2472,1.629,0.5357,0.2268,0.2061,7,0.9933,8,0.0745,0.0695,0.0,1,0,0
linq,35.0,9.0,eb0482,0.0482,1,12.8,1,0.4,20000,0.4674,1186.3,2.835,0,0.5325,0.5231,2.22,0.2501,1.668,0.5251,0.2269,0.2053,7,0.9913,8,0.0723,0.068,0.0,1,0,0
linq,35.0,9.0,eb0482,0.0482,1,12.8,1,0.41,20000,0.4674,1186.3,2.835,0,0.5325,0.5534,2.062,0.253,1.63,0.5232,0.2276,0.2049,7,0.99,8,0.0705,0.0673,0.0,1,0,0
linq,35.0,9.0,eb0482,0.0482,1,12.8,1,0.42,20000,0.4674,1186.3,2.835,0,0.5325,0.5815,1.922,0.2571,1.651,0.5108,0.2271,0.2042,7,0.9871,8,0.0688,0.0666,0.0,1,0,0
linq,35.0,9.0,eb0482,0.0482,1,12.8,1,0.43,20000,0.4674,1186.3,2.835,0,0.5325,0.6091,1.791,0.2568,1.591,0.5016,0.2274,0.2041,7,0.9862,8,0.0673,0.0656,0.0,1,0,0
linq,35.0,9.0,eb0482,0.0482,1,12.8,1,0.44,20000,0.4674,1186.3,2.835,0,0.5325,0.6335,1.672,0.2632,1.663,0.4932,0.2284,0.2042,7,0.9845,8,0.066,0.0642,0.0,1,0,0
linq,35.0,9.0,eb0482,0.0482,1,12.8,1,0.45,20000,0.4674,1186.3,2.835,0,0.5325,0.6554,1.563,0.2677,1.698,0.493,0.2277,0.2037,7,0.9811,8,0.0652,0.0633,0.0,1,0,0
linq,35.0,9.0,eb0482,0.0482,1,12.8,1,0.46,20000,0.4674,1186.3,2.835,0,0.5325,0.6769,1.463,0.271,1.714,0.486,0.2287,0.2043,7,0.9792,8,0.0642,0.0627,0.0,1,0,0
linq,35.0,9.0,eb0482,0.0482,1,12.8,1,0.47,20000,0.4674,1186.3,2.835,0,0.5325,0.6969,1.371,0.2773,1.803,0.4731,0.2294,0.2046,7,0.9772,8,0.0637,0.0619,0.0,1,0,0
linq,35.0,9.0,eb0482,0.0482,1,12.8,1,0.48,20000,0.4674,1186.3,2.835,0,0.5325,0.7152,1.287,0.2749,1.714,0.4741,0.2298,0.2049,7,0.9749,8,0.0626,0.0621,0.0,1,0,0
linq,35.0,9.0,eb0482,0.0482,1,12.8,1,0.49,20000,0.4674,1186.3,2.835,0,0.5325,0.7335,1.209,0.2755,1.693,0.4507,0.2304,0.2055,7,0.9725,8,0.0617,0.0616,0.0,1,0,0
linq,35.0,9.0,eb0482,0.0482,1,12.8,1,0.5,20000,0.4674,1186.3,2.835,0,0.5325,0.7487,1.137,0.2803,1.733,0.445,0.2303,0.2059,7,0.9712,8,0.0608,0.0614,0.0,1,0,0
linq,35.0,9.0,eb0482,0.0482,1,12.8,1,0.51,20000,0.4674,1186.3,2.835,0,0.5325,0.7641,1.071,0.2803,1.741,0.4286,0.23,0.2059,7,0.9688,8,0.0606,0.0618,0.0,1,0,0
linq,35.0,9.0,eb0482,0.0482,1,12.8,1,0.52,20000,0.4674,1186.3,2.835,0,0.5325,0.7791,1.01,0.278,1.761,0.4143,0.2306,0.2064,7,0.9651,8,0.0601,0.0619,0.0,1,0,0
linq,35.0,9.0,eb1168,0.11675778353879479,0,2.4,0,0.17,20000,0.1982,1186.3,2.835,0,0.8018,0.0,19.584,0.0,nan,14.6957,nan,nan,0,3.5002,2,nan,nan,nan,0,0,0
linq,35.0,9.0,eb1168,0.11675778353879479,0,2.4,0,0.18,20000,0.1982,1186.3,2.835,0,0.8018,0.0,19.489,0.0,nan,14.6008,nan,nan,0,3.3896,2,nan,nan,nan,0,0,0
linq,35.0,9.0,eb1168,0.11675778353879479,0,2.4,0,0.19,20000,0.1982,1186.3,2.835,0,0.8018,0.0,19.398,0.0,nan,14.5094,nan,nan,0,3.4062,3,nan,nan,nan,0,0,0
linq,35.0,9.0,eb1168,0.11675778353879479,0,2.4,0,0.2,20000,0.1982,1186.3,2.835,0,0.8018,0.0,19.308,0.0,nan,14.4197,nan,nan,0,3.2404,3,nan,nan,nan,0,0,0
linq,35.0,9.0,eb1168,0.11675778353879479,0,2.4,0,0.21,20000,0.1982,1186.3,2.835,0,0.8018,0.0,19.216,0.0,nan,14.3276,nan,nan,0,3.1576,3,nan,nan,nan,0,0,0
linq,35.0,9.0,eb1168,0.11675778353879479,0,2.4,0,0.22,20000,0.1982,1186.3,2.835,0,0.8018,0.0,19.118,0.0,nan,14.2292,nan,nan,0,3.121,4,nan,nan,nan,0,0,0
linq,35.0,9.0,eb1168,0.11675778353879479,0,2.4,0,0.23,20000,0.1982,1186.3,2.835,0,0.8018,0.0,19.029,0.0,nan,14.1399,nan,nan,0,3.0419,4,nan,nan,nan,0,0,0
linq,35.0,9.0,eb1168,0.11675778353879479,0,2.4,0,0.24,20000,0.1982,1186.3,2.835,0,0.8018,0.0,18.936,0.0,nan,14.0473,nan,nan,0,2.951,4,nan,nan,nan,0,0,0
linq,35.0,9.0,eb1168,0.11675778353879479,0,2.4,0,0.25,20000,0.1982,1186.3,2.835,0,0.8018,0.0,18.847,0.0,nan,13.9585,nan,nan,0,2.8728,4,nan,nan,nan,0,0,0
linq,35.0,9.0,eb1168,0.11675778353879479,0,2.4,0,0.26,20000,0.1982,1186.3,2.835,0,0.8018,0.0,18.755,0.0,nan,13.8668,nan,nan,0,2.8166,4,nan,nan,nan,0,0,0
linq,35.0,9.0,eb1168,0.11675778353879479,0,2.4,0,0.27,20000,0.1982,1186.3,2.835,0,0.8018,0.0,18.665,0.0,nan,13.7761,nan,nan,0,2.7146,5,nan,nan,nan,0,0,0
linq,35.0,9.0,eb1168,0.11675778353879479,0,2.4,0,0.28,20000,0.1982,1186.3,2.835,0,0.8018,0.0,18.576,0.0,nan,13.6869,nan,nan,0,2.662,5,nan,nan,nan,0,0,0
linq,35.0,9.0,eb1168,0.11675778353879479,0,2.4,0,0.29,20000,0.1982,1186.3,2.835,0,0.8018,0.0,18.48,0.0,nan,13.5915,nan,nan,0,2.5966,5,nan,nan,nan,0,0,0
linq,35.0,9.0,eb1168,0.11675778353879479,0,2.4,0,0.3,20000,0.1982,1186.3,2.835,0,0.8018,0.0,18.391,0.0,nan,13.5026,nan,nan,0,2.556,5,nan,nan,nan,0,0,0
linq,35.0,9.0,eb1168,0.11675778353879479,0,2.4,0,0.31,20000,0.1982,1186.3,2.835,0,0.8018,0.0,18.304,0.0,nan,13.4156,nan,nan,0,2.4565,6,nan,nan,nan,0,0,0
linq,35.0,9.0,eb1168,0.11675778353879479,0,2.4,0,0.32,20000,0.1982,1186.3,2.835,0,0.8018,0.0,18.216,0.0,nan,13.327,nan,nan,0,2.417,6,nan,nan,nan,0,0,0
linq,35.0,9.0,eb1168,0.11675778353879479,0,2.4,0,0.33,20000,0.1982,1186.3,2.835,0,0.8018,0.0,18.128,0.0,nan,13.2394,nan,nan,0,2.376,6,nan,nan,nan,0,0,0
linq,35.0,9.0,eb1168,0.11675778353879479,0,2.4,0,0.34,20000,0.1982,1186.3,2.835,0,0.8018,0.0,18.036,0.0,nan,13.1477,nan,nan,0,2.2668,7,nan,nan,nan,0,0,0
linq,35.0,9.0,eb1168,0.11675778353879479,0,2.4,0,0.35,20000,0.1982,1186.3,2.835,0,0.8018,0.0,17.95,0.0,nan,13.0609,nan,nan,0,2.2318,7,nan,nan,nan,0,0,0
linq,35.0,9.0,eb1168,0.11675778353879479,0,2.4,0,0.36,20000,0.1982,1186.3,2.835,0,0.8018,0.0,17.862,0.0,nan,12.9734,nan,nan,0,2.2062,7,nan,nan,nan,0,0,0
linq,35.0,9.0,eb1168,0.11675778353879479,0,2.4,0,0.37,20000,0.1982,1186.3,2.835,0,0.8018,0.0,17.772,0.0,nan,12.883,nan,nan,0,2.1756,7,nan,nan,nan,0,0,0
linq,35.0,9.0,eb1168,0.11675778353879479,0,2.4,0,0.38,20000,0.1982,1186.3,2.835,0,0.8018,0.0,17.688,0.0,nan,12.7993,nan,nan,0,2.0716,8,nan,nan,nan,0,0,0
linq,35.0,9.0,eb1168,0.11675778353879479,0,2.4,0,0.39,20000,0.1982,1186.3,2.835,0,0.8018,0.0,17.598,0.0,nan,12.7092,nan,nan,0,2.0436,8,nan,nan,nan,0,0,0
linq,35.0,9.0,eb1168,0.11675778353879479,0,2.4,0,0.4,20000,0.1982,1186.3,2.835,0,0.8018,0.0,17.508,0.0,nan,12.6191,nan,nan,0,2.0209,8,nan,nan,nan,0,0,0
linq,35.0,9.0,eb1168,0.11675778353879479,0,2.4,0,0.41,20000,0.1982,1186.3,2.835,0,0.8018,0.0,17.418,0.0,nan,12.5292,nan,nan,0,1.9992,8,nan,nan,nan,0,0,0
linq,35.0,9.0,eb1168,0.11675778353879479,0,2.4,0,0.42,20000,0.1982,1186.3,2.835,0,0.8018,0.0,17.33,0.0,nan,12.4411,nan,nan,0,1.9745,8,nan,nan,nan,0,0,0
linq,35.0,9.0,eb1168,0.11675778353879479,0,2.4,0,0.43,20000,0.1982,1186.3,2.835,0,0.8018,0.0,17.245,0.0,nan,12.3567,nan,nan,0,1.9529,8,nan,nan,nan,0,0,0
linq,35.0,9.0,eb1168,0.11675778353879479,0,2.4,0,0.44,20000,0.1982,1186.3,2.835,0,0.8018,0.0,17.16,0.0,nan,12.2716,nan,nan,0,1.9361,8,nan,nan,nan,0,0,0
linq,35.0,9.0,eb1168,0.11675778353879479,0,2.4,0,0.45,20000,0.1982,1186.3,2.835,0,0.8018,0.0,17.074,0.0,0.0,12.1858,nan,nan,0,1.9169,8,nan,nan,nan,0,0,0
linq,35.0,9.0,eb1168,0.11675778353879479,0,2.4,0,0.46,20000,0.1982,1186.3,2.835,0,0.8018,0.0,16.987,0.0,0.0,12.0979,1.0333,1.0333,1,1.8953,8,nan,nan,nan,0,0,0
linq,35.0,9.0,eb1168,0.11675778353879479,0,2.4,0,0.47,20000,0.1982,1186.3,2.835,0,0.8018,0.0,16.898,0.0,0.0,12.0089,1.0682,1.0682,1,1.8753,8,nan,nan,nan,0,0,0
linq,35.0,9.0,eb1168,0.11675778353879479,0,2.4,0,0.48,20000,0.1982,1186.3,2.835,0,0.8018,0.0,16.81,0.0,0.0,11.9211,1.0409,1.0409,1,1.8575,8,nan,nan,nan,0,0,0
linq,35.0,9.0,eb1168,0.11675778353879479,0,2.4,0,0.49,20000,0.1982,1186.3,2.835,0,0.8018,0.0,16.728,0.0001,0.333,11.8396,1.0225,1.0225,1,1.8399,8,nan,nan,nan,0,0,0
linq,35.0,9.0,eb1168,0.11675778353879479,0,2.4,0,0.5,20000,0.1982,1186.3,2.835,0,0.8018,0.0,16.631,0.0004,3.0,11.7425,0.9334,0.9305,2,1.8214,8,nan,nan,nan,0,0,0
linq,35.0,9.0,eb1168,0.11675778353879479,0,2.4,0,0.51,20000,0.1982,1186.3,2.835,0,0.8018,0.0,16.544,0.0004,3.0,11.6555,0.9392,0.9367,2,1.8069,8,nan,nan,nan,0,0,0
linq,35.0,9.0,eb1168,0.11675778353879479,0,2.4,0,0.52,20000,0.1982,1186.3,2.835,0,0.8018,0.0,16.458,0.0004,3.0,11.5697,0.9332,0.93,2,1.7934,8,nan,nan,nan,0,0,0
linq,35.0,9.0,eb1168,0.11675778353879479,0,3.2,0,0.17,20000,0.1982,1186.3,2.835,0,0.8018,0.0,18.302,0.0,nan,13.4137,nan,nan,0,2.8292,4,nan,nan,nan,0,0,0
linq,35.0,9.0,eb1168,0.11675778353879479,0,3.2,0,0.18,20000,0.1982,1186.3,2.835,0,0.8018,0.0,18.137,0.0,nan,13.2486,nan,nan,0,2.7141,4,nan,nan,nan,0,0,0
linq,35.0,9.0,eb1168,0.11675778353879479,0,3.2,0,0.19,20000,0.1982,1186.3,2.835,0,0.8018,0.0,17.979,0.0,nan,13.0904,nan,nan,0,2.6044,5,nan,nan,nan,0,0,0
linq,35.0,9.0,eb1168,0.11675778353879479,0,3.2,0,0.2,20000,0.1982,1186.3,2.835,0,0.8018,0.0,17.817,0.0,nan,12.9279,nan,nan,0,2.5092,5,nan,nan,nan,0,0,0
linq,35.0,9.0,eb1168,0.11675778353879479,0,3.2,0,0.21,20000,0.1982,1186.3,2.835,0,0.8018,0.0,17.66,0.0,nan,12.7711,nan,nan,0,2.4199,6,nan,nan,nan,0,0,0
linq,35.0,9.0,eb1168,0.11675778353879479,0,3.2,0,0.22,20000,0.1982,1186.3,2.835,0,0.8018,0.0,17.5,0.0,nan,12.6113,nan,nan,0,2.3294,6,nan,nan,nan,0,0,0
linq,35.0,9.0,eb1168,0.11675778353879479,0,3.2,0,0.23,20000,0.1982,1186.3,2.835,0,0.8018,0.0,17.34,0.0,nan,12.4517,nan,nan,0,2.26,6,nan,nan,nan,0,0,0
linq,35.0,9.0,eb1168,0.11675778353879479,0,3.2,0,0.24,20000,0.1982,1186.3,2.835,0,0.8018,0.0,17.184,0.0,nan,12.2955,nan,nan,0,2.1596,7,nan,nan,nan,0,0,0
linq,35.0,9.0,eb1168,0.11675778353879479,0,3.2,0,0.25,20000,0.1982,1186.3,2.835,0,0.8018,0.0,17.025,0.0,nan,12.1361,nan,nan,0,2.1026,7,nan,nan,nan,0,0,0
linq,35.0,9.0,eb1168,0.11675778353879479,0,3.2,0,0.26,20000,0.1982,1186.3,2.835,0,0.8018,0.0,16.865,0.0,nan,11.9765,nan,nan,0,2.0466,7,nan,nan,nan,0,0,0
linq,35.0,9.0,eb1168,0.11675778353879479,0,3.2,0,0.27,20000,0.1982,1186.3,2.835,0,0.8018,0.0,16.709,0.0,nan,11.8205,nan,nan,0,1.9479,8,nan,nan,nan,0,0,0
linq,35.0,9.0,eb1168,0.11675778353879479,0,3.2,0,0.28,20000,0.1982,1186.3,2.835,0,0.8018,0.0,16.549,0.0,nan,11.6599,nan,nan,0,1.906,8,nan,nan,nan,0,0,0
linq,35.0,9.0,eb1168,0.11675778353879479,0,3.2,0,0.29,20000,0.1982,1186.3,2.835,0,0.8018,0.0,16.391,0.0,nan,11.5027,nan,nan,0,1.8641,8,nan,nan,nan,0,0,0
linq,35.0,9.0,eb1168,0.11675778353879479,0,3.2,0,0.3,20000,0.1982,1186.3,2.835,0,0.8018,0.0,16.241,0.0,nan,11.3521,nan,nan,0,1.8319,8,nan,nan,nan,0,0,0
linq,35.0,9.0,eb1168,0.11675778353879479,0,3.2,0,0.31,20000,0.1982,1186.3,2.835,0,0.8018,0.0,16.08,0.0,nan,11.1913,nan,nan,0,1.799,8,nan,nan,nan,0,0,0
linq,35.0,9.0,eb1168,0.11675778353879479,0,3.2,0,0.32,20000,0.1982,1186.3,2.835,0,0.8018,0.0,15.927,0.0,nan,11.0383,1.101,1.101,1,1.7665,8,nan,nan,nan,0,0,0
linq,35.0,9.0,eb1168,0.11675778353879479,0,3.2,0,0.33,20000,0.1982,1186.3,2.835,0,0.8018,0.0,15.761,0.0,nan,10.8723,1.0655,1.0655,1,1.7349,8,nan,nan,nan,0,0,0
linq,35.0,9.0,eb1168,0.11675778353879479,0,3.2,0,0.34,20000,0.1982,1186.3,2.835,0,0.8018,0.0,15.61,0.0,nan,10.7213,1.0287,1.0287,1,1.7086,8,nan,nan,nan,0,0,0
linq,35.0,9.0,eb1168,0.11675778353879479,0,3.2,0,0.35,20000,0.1982,1186.3,2.835,0,0.8018,0.0,15.457,0.0,nan,10.5683,0.95,0.9469,2,1.6857,8,nan,nan,nan,0,0,0
linq,35.0,9.0,eb1168,0.11675778353879479,0,3.2,0,0.36,20000,0.1982,1186.3,2.835,0,0.8018,0.0,15.304,0.0,0.0,10.4153,0.9389,0.9363,2,1.6618,8,nan,nan,nan,0,0,0
linq,35.0,9.0,eb1168,0.11675778353879479,0,3.2,0,0.37,20000,0.1982,1186.3,2.835,0,0.8018,0.0,15.148,0.0,0.0,10.2592,0.9181,0.9148,2,1.6372,8,nan,nan,nan,0,0,0
linq,35.0,9.0,eb1168,0.11675778353879479,0,3.2,0,0.38,20000,0.1982,1186.3,2.835,0,0.8018,0.0,14.992,0.0,0.0,10.1032,0.8354,0.8298,3,1.6172,8,nan,nan,nan,0,0,0
linq,35.0,9.0,eb1168,0.11675778353879479,0,3.2,0,0.39,20000,0.1982,1186.3,2.835,0,0.8018,0.0,14.832,0.0003,1.0,9.9435,0.8226,0.8177,3,1.5986,8,nan,nan,nan,0,0,0
linq,35.0,9.0,eb1168,0.11675778353879479,0,3.2,0,0.4,20000,0.1982,1186.3,2.835,0,0.8018,0.0,14.67,0.0004,3.0,9.7819,0.7582,0.7481,4,1.5781,8,nan,nan,nan,0,0,0
linq,35.0,9.0,eb1168,0.11675778353879479,0,3.2,0,0.41,20000,0.1982,1186.3,2.835,0,0.8018,0.0,14.517,0.0005,2.0,9.628,0.746,0.7359,4,1.5612,8,nan,nan,nan,0,0,0
linq,35.0,9.0,eb1168,0.11675778353879479,0,3.2,0,0.42,20000,0.1982,1186.3,2.835,0,0.8018,0.0,14.372,0.0005,1.333,9.4835,0.7374,0.7273,4,1.5463,8,nan,nan,nan,0,0,0
linq,35.0,9.0,eb1168,0.11675778353879479,0,3.2,0,0.43,20000,0.1982,1186.3,2.835,0,0.8018,0.0003,14.211,0.0003,0.222,9.3261,0.6695,0.6524,5,1.5302,8,nan,nan,nan,0,0,0
linq,35.0,9.0,eb1168,0.11675778353879479,0,3.2,0,0.44,20000,0.1982,1186.3,2.835,0,0.8018,0.0004,14.056,0.0004,0.333,9.1724,0.6632,0.6472,5,1.5168,8,nan,nan,nan,0,0,0
linq,35.0,9.0,eb1168,0.11675778353879479,0,3.2,0,0.45,20000,0.1982,1186.3,2.835,0,0.8018,0.0005,13.907,0.0004,0.273,9.0249,0.6071,0.5834,6,1.5052,8,nan,nan,nan,0,0,0
linq,35.0,9.0,eb1168,0.11675778353879479,0,3.2,0,0.46,20000,0.1982,1186.3,2.835,0,0.8018,0.0005,13.751,0.0008,0.375,8.8695,0.5956,0.5719,6,1.4943,8,nan,nan,nan,0,0,0
linq,35.0,9.0,eb1168,0.11675778353879479,0,3.2,0,0.47,20000,0.1982,1186.3,2.835,0,0.8018,0.0005,13.589,0.0011,0.529,8.7068,0.5869,0.5631,6,1.4831,8,nan,nan,nan,0,0,0
linq,35.0,9.0,eb1168,0.11675778353879479,0,3.2,0,0.48,20000,0.1982,1186.3,2.835,0,0.8018,0.0005,13.434,0.0016,0.684,8.5522,0.5784,0.5561,6,1.4712,8,nan,nan,nan,0,0,0
linq,35.0,9.0,eb1168,0.11675778353879479,0,3.2,0,0.49,20000,0.1982,1186.3,2.835,0,0.8018,0.0008,13.28,0.002,0.593,8.4015,0.5225,0.4877,7,1.4597,8,nan,0.1732,nan,0,0,0
linq,35.0,9.0,eb1168,0.11675778353879479,0,3.2,0,0.5,20000,0.1982,1186.3,2.835,0,0.8018,0.0009,13.131,0.0025,0.588,8.2535,0.5134,0.4798,7,1.4513,8,0.1917,0.1729,0.0,0,0,0
linq,35.0,9.0,eb1168,0.11675778353879479,0,3.2,0,0.51,20000,0.1982,1186.3,2.835,0,0.8018,0.0013,12.978,0.0027,0.437,8.1057,0.5068,0.474,7,1.4431,8,0.1844,0.169,0.0,0,0,0
linq,35.0,9.0,eb1168,0.11675778353879479,0,3.2,0,0.52,20000,0.1982,1186.3,2.835,0,0.8018,0.0016,12.829,0.0033,0.473,7.9616,0.5008,0.4682,7,1.4347,8,0.174,0.1677,0.0,0,0,0
linq,35.0,9.0,eb1168,0.11675778353879479,0,4.8,0,0.17,20000,0.1982,1186.3,2.835,0,0.8018,0.0,15.976,0.0,nan,11.0873,nan,nan,0,1.9905,7,nan,nan,nan,0,0,0
linq,35.0,9.0,eb1168,0.11675778353879479,0,4.8,0,0.18,20000,0.1982,1186.3,2.835,0,0.8018,0.0,15.689,0.0,nan,10.8008,nan,nan,0,1.8877,7,nan,nan,nan,0,0,0
linq,35.0,9.0,eb1168,0.11675778353879479,0,4.8,0,0.19,20000,0.1982,1186.3,2.835,0,0.8018,0.0,15.395,0.0,nan,10.5066,nan,nan,0,1.7912,8,nan,nan,nan,0,0,0
linq,35.0,9.0,eb1168,0.11675778353879479,0,4.8,0,0.2,20000,0.1982,1186.3,2.835,0,0.8018,0.0,15.112,0.0,nan,10.2243,nan,nan,0,1.7169,8,nan,nan,nan,0,0,0
linq,35.0,9.0,eb1168,0.11675778353879479,0,4.8,0,0.21,20000,0.1982,1186.3,2.835,0,0.8018,0.0,14.822,0.0,nan,9.9363,nan,nan,0,1.662,8,nan,nan,nan,0,0,0
linq,35.0,9.0,eb1168,0.11675778353879479,0,4.8,0,0.22,20000,0.1982,1186.3,2.835,0,0.8018,0.0,14.526,0.0,nan,9.6416,1.2137,1.2137,1,1.6131,8,nan,nan,nan,0,0,0
linq,35.0,9.0,eb1168,0.11675778353879479,0,4.8,0,0.23,20000,0.1982,1186.3,2.835,0,0.8018,0.0,14.241,0.0,nan,9.3564,1.0904,1.0904,1,1.5703,8,nan,nan,nan,0,0,0
linq,35.0,9.0,eb1168,0.11675778353879479,0,4.8,0,0.24,20000,0.1982,1186.3,2.835,0,0.8018,0.0,13.954,0.0,nan,9.0703,1.0079,1.0076,2,1.5362,8,nan,nan,nan,0,0,0
linq,35.0,9.0,eb1168,0.11675778353879479,0,4.8,0,0.25,20000,0.1982,1186.3,2.835,0,0.8018,0.0,13.666,0.0,nan,8.7834,0.9418,0.9406,2,1.5047,8,nan,nan,nan,0,0,0
linq,35.0,9.0,eb1168,0.11675778353879479,0,4.8,0,0.26,20000,0.1982,1186.3,2.835,0,0.8018,0.0,13.382,0.0,nan,8.5003,0.86,0.8577,3,1.4789,8,nan,nan,nan,0,0,0
linq,35.0,9.0,eb1168,0.11675778353879479,0,4.8,0,0.27,20000,0.1982,1186.3,2.835,0,0.8018,0.0,13.091,0.0,nan,8.2108,0.824,0.8205,3,1.4546,8,nan,nan,nan,0,0,0
linq,35.0,9.0,eb1168,0.11675778353879479,0,4.8,0,0.28,20000,0.1982,1186.3,2.835,0,0.8018,0.0,12.797,0.0,0.0,7.9209,0.7496,0.7432,4,1.4381,8,nan,nan,nan,0,0,0
linq,35.0,9.0,eb1168,0.11675778353879479,0,4.8,0,0.29,20000,0.1982,1186.3,2.835,0,0.8018,0.0,12.518,0.0,0.0,7.6451,0.7207,0.7144,4,1.4238,8,nan,nan,nan,0,0,0
linq,35.0,9.0,eb1168,0.11675778353879479,0,4.8,0,0.3,20000,0.1982,1186.3,2.835,0,0.8018,0.0,12.223,0.0001,0.333,7.3523,0.6511,0.6405,5,1.4088,8,nan,nan,nan,0,0,0
linq,35.0,9.0,eb1168,0.11675778353879479,0,4.8,0,0.31,20000,0.1982,1186.3,2.835,0,0.8018,0.0,11.935,0.0004,0.75,7.0659,0.591,0.5762,6,1.398,8,nan,nan,nan,0,0,0
linq,35.0,9.0,eb1168,0.11675778353879479,0,4.8,0,0.32,20000,0.1982,1186.3,2.835,0,0.8018,0.0,11.648,0.0005,0.444,6.7813,0.5681,0.5519,6,1.3885,8,nan,nan,nan,0,0,0
linq,35.0,9.0,eb1168,0.11675778353879479,0,4.8,0,0.33,20000,0.1982,1186.3,2.835,0,0.8018,0.0,11.369,0.0008,0.333,6.5042,0.5499,0.534,6,1.3815,8,nan,nan,nan,0,0,0
linq,35.0,9.0,eb1168,0.11675778353879479,0,4.8,0,0.34,20000,0.1982,1186.3,2.835,0,0.8018,0.0004,11.077,0.0009,0.292,6.2206,0.4952,0.4705,7,1.3754,8,nan,0.1873,nan,0,0,0
linq,35.0,9.0,eb1168,0.11675778353879479,0,4.8,0,0.35,20000,0.1982,1186.3,2.835,0,0.8018,0.0005,10.787,0.0016,0.295,5.938,0.4791,0.4548,7,1.3723,8,nan,0.1773,nan,0,0,0
linq,35.0,9.0,eb1168,0.11675778353879479,0,4.8,0,0.36,20000,0.1982,1186.3,2.835,0,0.8018,0.0005,10.501,0.0029,0.343,5.6552,0.4644,0.4401,7,1.3665,8,0.1926,0.1672,0.0,0,0,0
linq,35.0,9.0,eb1168,0.11675778353879479,0,4.8,0,0.37,20000,0.1982,1186.3,2.835,0,0.8018,0.0009,10.228,0.0042,0.327,5.387,0.453,0.4294,7,1.3637,8,0.1807,0.1662,0.0,0,0,0
linq,35.0,9.0,eb1168,0.11675778353879479,0,4.8,0,0.38,20000,0.1982,1186.3,2.835,0,0.8018,0.0016,9.951,0.0063,0.347,5.1226,0.4413,0.4179,7,1.3604,8,0.1729,0.1594,0.0,0,0,0
linq,35.0,9.0,eb1168,0.11675778353879479,0,4.8,0,0.39,20000,0.1982,1186.3,2.835,0,0.8018,0.0023,9.66,0.0102,0.476,4.8441,0.4309,0.4076,7,1.3557,8,0.1646,0.1557,0.0,0,0,0
linq,35.0,9.0,eb1168,0.11675778353879479,0,4.8,0,0.4,20000,0.1982,1186.3,2.835,0,0.8018,0.0035,9.393,0.0144,0.533,4.5961,0.4219,0.3983,7,1.3549,8,0.1617,0.1519,0.0,0,0,0
linq,35.0,9.0,eb1168,0.11675778353879479,0,4.8,0,0.41,20000,0.1982,1186.3,2.835,0,0.8018,0.005,9.119,0.0207,0.744,4.3393,0.4133,0.3898,7,1.3514,8,0.1577,0.1494,0.0,0,0,0
linq,35.0,9.0,eb1168,0.11675778353879479,0,4.8,0,0.42,20000,0.1982,1186.3,2.835,0,0.8018,0.0077,8.839,0.0257,0.719,4.0934,0.4059,0.382,7,1.3499,8,0.1523,0.1463,0.0,0,0,0
linq,35.0,9.0,eb1168,0.11675778353879479,0,4.8,0,0.43,20000,0.1982,1186.3,2.835,0,0.8018,0.0116,8.58,0.0309,0.793,3.8771,0.3984,0.3744,7,1.3504,8,0.1505,0.1424,0.0,0,0,0
linq,35.0,9.0,eb1168,0.11675778353879479,0,4.8,0,0.44,20000,0.1982,1186.3,2.835,0,0.8018,0.0161,8.317,0.0356,0.81,3.657,0.3908,0.3666,7,1.3492,8,0.1478,0.1387,0.0,0,0,0
linq,35.0,9.0,eb1168,0.11675778353879479,0,4.8,0,0.45,20000,0.1982,1186.3,2.835,0,0.8018,0.0216,8.058,0.0437,0.921,3.4467,0.3838,0.3598,7,1.3476,8,0.1425,0.1345,0.0,0,0,0
linq,35.0,9.0,eb1168,0.11675778353879479,0,4.8,0,0.46,20000,0.1982,1186.3,2.835,0,0.8018,0.0291,7.802,0.0482,0.937,3.2628,0.3773,0.353,7,1.3481,8,0.1415,0.129,0.0,0,0,0
linq,35.0,9.0,eb1168,0.11675778353879479,0,4.8,0,0.47,20000,0.1982,1186.3,2.835,0,0.8018,0.0362,7.55,0.0535,0.907,3.0739,0.3723,0.3476,7,1.3512,8,0.1384,0.1267,0.0,0,0,0
linq,35.0,9.0,eb1168,0.11675778353879479,0,4.8,0,0.48,20000,0.1982,1186.3,2.835,0,0.8018,0.0458,7.308,0.0575,0.877,2.9133,0.3668,0.3421,7,1.3494,8,0.135,0.1239,0.0,0,0,0
linq,35.0,9.0,eb1168,0.11675778353879479,0,4.8,0,0.49,20000,0.1982,1186.3,2.835,0,0.8018,0.0524,7.074,0.0668,0.951,2.7347,0.3626,0.3379,7,1.3503,8,0.131,0.1228,0.0,0,1,0
linq,35.0,9.0,eb1168,0.11675778353879479,0,4.8,0,0.5,20000,0.1982,1186.3,2.835,0,0.8018,0.0655,6.835,0.0691,0.881,2.6025,0.358,0.3334,7,1.348,8,0.1274,0.1213,0.0,0,1,0
linq,35.0,9.0,eb1168,0.11675778353879479,0,4.8,0,0.51,20000,0.1982,1186.3,2.835,0,0.8018,0.0758,6.607,0.0792,1.01,2.4537,0.3534,0.3289,7,1.3475,8,0.1239,0.1187,0.0,0,1,0
linq,35.0,9.0,eb1168,0.11675778353879479,0,4.8,0,0.52,20000,0.1982,1186.3,2.835,0,0.8018,0.0857,6.391,0.0865,1.085,2.3145,0.3503,0.3255,7,1.3465,8,0.1223,0.1163,0.0,0,1,0
linq,35.0,9.0,eb1168,0.11675778353879479,0,6.4,0,0.17,20000,0.1982,1186.3,2.835,0,0.8018,0.0,14.122,0.0,nan,9.256,nan,nan,0,1.6189,8,nan,nan,nan,0,0,0
linq,35.0,9.0,eb1168,0.11675778353879479,0,6.4,0,0.18,20000,0.1982,1186.3,2.835,0,0.8018,0.0,13.728,0.0,nan,8.8646,nan,nan,0,1.5591,8,nan,nan,nan,0,0,0
linq,35.0,9.0,eb1168,0.11675778353879479,0,6.4,0,0.19,20000,0.1982,1186.3,2.835,0,0.8018,0.0,13.332,0.0,nan,8.4778,1.1686,1.1686,1,1.5112,8,nan,nan,nan,0,0,0
linq,35.0,9.0,eb1168,0.11675778353879479,0,6.4,0,0.2,20000,0.1982,1186.3,2.835,0,0.8018,0.0,12.936,0.0,nan,8.0893,1.0391,1.0391,1,1.4726,8,nan,nan,nan,0,0,0
linq,35.0,9.0,eb1168,0.11675778353879479,0,6.4,0,0.21,20000,0.1982,1186.3,2.835,0,0.8018,0.0,12.533,0.0,nan,7.6928,0.931,0.9304,2,1.442,8,nan,nan,nan,0,0,0
linq,35.0,9.0,eb1168,0.11675778353879479,0,6.4,0,0.22,20000,0.1982,1186.3,2.835,0,0.8018,0.0,12.143,0.0,nan,7.313,0.8508,0.8496,3,1.4224,8,nan,nan,nan,0,0,0
linq,35.0,9.0,eb1168,0.11675778353879479,0,6.4,0,0.23,20000,0.1982,1186.3,2.835,0,0.8018,0.0,11.742,0.0,nan,6.9237,0.785,0.7824,3,1.4023,8,nan,nan,nan,0,0,0
linq,35.0,9.0,eb1168,0.11675778353879479,0,6.4,0,0.24,20000,0.1982,1186.3,2.835,0,0.8018,0.0,11.349,0.0,nan,6.5403,0.706,0.7023,4,1.3867,8,nan,nan,nan,0,0,0
linq,35.0,9.0,eb1168,0.11675778353879479,0,6.4,0,0.25,20000,0.1982,1186.3,2.835,0,0.8018,0.0,10.945,0.0,0.0,6.1564,0.6382,0.6324,5,1.3758,8,nan,nan,nan,0,0,0
linq,35.0,9.0,eb1168,0.11675778353879479,0,6.4,0,0.26,20000,0.1982,1186.3,2.835,0,0.8018,0.0,10.557,0.0,0.0,5.7845,0.5985,0.5913,5,1.3698,8,nan,nan,nan,0,0,0
linq,35.0,9.0,eb1168,0.11675778353879479,0,6.4,0,0.27,20000,0.1982,1186.3,2.835,0,0.8018,0.0,10.156,0.0004,0.429,5.4004,0.5374,0.5267,6,1.3636,8,nan,nan,nan,0,0,0
linq,35.0,9.0,eb1168,0.11675778353879479,0,6.4,0,0.28,20000,0.1982,1186.3,2.835,0,0.8018,0.0,9.765,0.0005,0.222,5.04,0.5104,0.4992,6,1.3561,8,nan,nan,nan,0,0,0
linq,35.0,9.0,eb1168,0.11675778353879479,0,6.4,0,0.29,20000,0.1982,1186.3,2.835,0,0.8018,0.0,9.369,0.0009,0.175,4.6701,0.4569,0.4386,7,1.3533,8,nan,0.1835,nan,0,0,0
linq,35.0,9.0,eb1168,0.11675778353879479,0,6.4,0,0.3,20000,0.1982,1186.3,2.835,0,0.8018,0.0004,8.969,0.0019,0.185,4.3062,0.4379,0.4187,7,1.3523,8,nan,0.1697,nan,0,0,0
linq,35.0,9.0,eb1168,0.11675778353879479,0,6.4,0,0.31,20000,0.1982,1186.3,2.835,0,0.8018,0.0005,8.595,0.0038,0.201,3.9668,0.4219,0.4028,7,1.3501,8,0.1858,0.164,0.0,0,0,0
linq,35.0,9.0,eb1168,0.11675778353879479,0,6.4,0,0.32,20000,0.1982,1186.3,2.835,0,0.8018,0.0009,8.207,0.009,0.324,3.6145,0.4067,0.3875,7,1.3551,8,0.1717,0.1557,0.0,0,0,0
linq,35.0,9.0,eb1168,0.11675778353879479,0,6.4,0,0.33,20000,0.1982,1186.3,2.835,0,0.8018,0.002,7.823,0.0155,0.435,3.2919,0.3942,0.3749,7,1.2635,7,0.1637,0.1511,0.0,0,0,0
linq,35.0,9.0,eb1168,0.11675778353879479,0,6.4,0,0.34,20000,0.1982,1186.3,2.835,0,0.8018,0.0037,7.45,0.0267,0.569,2.9771,0.3826,0.3628,7,1.2631,7,0.1554,0.1455,0.0,0,0,0
linq,35.0,9.0,eb1168,0.11675778353879479,0,6.4,0,0.35,20000,0.1982,1186.3,2.835,0,0.8018,0.0073,7.09,0.0377,0.68,2.6896,0.372,0.3519,7,1.2643,7,0.1507,0.1394,0.0,0,1,0
linq,35.0,9.0,eb1168,0.11675778353879479,0,6.4,0,0.36,20000,0.1982,1186.3,2.835,0,0.8018,0.013,6.725,0.0498,0.759,2.4189,0.3632,0.3423,7,1.2677,7,0.1461,0.1317,0.0,0,1,0
linq,35.0,9.0,eb1168,0.11675778353879479,0,6.4,0,0.37,20000,0.1982,1186.3,2.835,0,0.8018,0.0209,6.383,0.0611,0.775,2.1903,0.355,0.3338,7,1.2713,7,0.141,0.127,0.0,0,1,0
linq,35.0,9.0,eb1168,0.11675778353879479,0,6.4,0,0.38,20000,0.1982,1186.3,2.835,0,0.8018,0.0332,6.034,0.0732,0.806,1.9802,0.347,0.3258,7,1.2722,7,0.1363,0.1228,0.0,0,1,0
linq,35.0,9.0,eb1168,0.11675778353879479,0,6.4,0,0.39,20000,0.1982,1186.3,2.835,0,0.8018,0.0468,5.707,0.0866,0.861,1.7899,0.3401,0.319,7,1.187,6,0.1298,0.1198,0.0,0,1,0
linq,35.0,9.0,eb1168,0.11675778353879479,0,6.4,0,0.4,20000,0.1982,1186.3,2.835,0,0.8018,0.064,5.393,0.1011,0.943,1.6504,0.3355,0.3136,7,1.18,6,0.1255,0.1153,0.0,0,1,0
linq,35.0,9.0,eb1168,0.11675778353879479,0,6.4,0,0.41,20000,0.1982,1186.3,2.835,0,0.8018,0.0807,5.083,0.1193,1.018,1.4935,0.33,0.3077,7,1.1821,6,0.1212,0.1112,0.0,0,1,0
linq,35.0,9.0,eb1168,0.11675778353879479,0,6.4,0,0.42,20000,0.1982,1186.3,2.835,0,0.8018,0.1007,4.789,0.1342,1.097,1.381,0.3253,0.3028,7,1.1848,6,0.1174,0.1085,0.0,0,1,0
linq,35.0,9.0,eb1168,0.11675778353879479,0,6.4,0,0.43,20000,0.1982,1186.3,2.835,0,0.8018,0.124,4.509,0.1453,1.116,1.2857,0.3209,0.2983,7,1.1869,6,0.1146,0.1063,0.0,0,1,0
linq,35.0,9.0,eb1168,0.11675778353879479,0,6.4,0,0.44,20000,0.1982,1186.3,2.835,0,0.8018,0.1505,4.242,0.1593,1.208,1.2246,0.3183,0.2951,7,1.1045,5,0.1109,0.1051,0.0,0,0,0
linq,35.0,9.0,eb1168,0.11675778353879479,0,6.4,0,0.45,20000,0.1982,1186.3,2.835,0,0.8018,0.1765,3.983,0.1742,1.302,1.1565,0.3147,0.2914,7,1.1885,6,0.1081,0.1037,0.0,0,0,0
linq,35.0,9.0,eb1168,0.11675778353879479,0,6.4,0,0.46,20000,0.1982,1186.3,2.835,0,0.8018,0.2068,3.734,0.1811,1.302,1.1127,0.313,0.2889,7,1.1029,5,0.105,0.1028,0.0,0,0,0
linq,35.0,9.0,eb1168,0.11675778353879479,0,6.4,0,0.47,20000,0.1982,1186.3,2.835,0,0.8018,0.2306,3.51,0.1966,1.407,1.0897,0.3116,0.2865,7,1.1009,5,0.1038,0.1001,0.0,1,0,0
linq,35.0,9.0,eb1168,0.11675778353879479,0,6.4,0,0.48,20000,0.1982,1186.3,2.835,0,0.8018,0.2614,3.284,0.207,1.473,1.0579,0.3097,0.284,7,1.0947,5,0.1023,0.0981,0.0,1,0,0
linq,35.0,9.0,eb1168,0.11675778353879479,0,6.4,0,0.49,20000,0.1982,1186.3,2.835,0,0.8018,0.2941,3.074,0.2094,1.376,1.0663,0.3094,0.2823,7,1.0113,4,0.1012,0.0956,0.0,1,0,0
linq,35.0,9.0,eb1168,0.11675778353879479,0,6.4,0,0.5,20000,0.1982,1186.3,2.835,0,0.8018,0.3232,2.882,0.2166,1.383,1.0676,0.3078,0.2803,7,1.0114,4,0.0998,0.0943,0.0,1,0,0
linq,35.0,9.0,eb1168,0.11675778353879479,0,6.4,0,0.51,20000,0.1982,1186.3,2.835,0,0.8018,0.3501,2.698,0.2248,1.4,1.0766,0.3067,0.2789,7,1.0103,4,0.0982,0.0934,0.0,1,0,0
linq,35.0,9.0,eb1168,0.11675778353879479,0,6.4,0,0.52,20000,0.1982,1186.3,2.835,0,0.8018,0.3782,2.53,0.2297,1.357,1.1039,0.3076,0.2787,7,1.012,4,0.0961,0.0928,0.0,1,0,0
linq,35.0,9.0,eb1168,0.11675778353879479,0,9.6,1,0.17,20000,0.1982,1186.3,2.835,0,0.8018,0.0,11.516,0.0,nan,6.8359,0.9979,0.9979,1,1.3242,7,nan,nan,nan,0,0,0
linq,35.0,9.0,eb1168,0.11675778353879479,0,9.6,1,0.18,20000,0.1982,1186.3,2.835,0,0.8018,0.0,10.958,0.0,nan,6.3157,0.8765,0.8761,2,1.3034,7,nan,nan,nan,0,0,0
linq,35.0,9.0,eb1168,0.11675778353879479,0,9.6,1,0.19,20000,0.1982,1186.3,2.835,0,0.8018,0.0,10.417,0.0,nan,5.8451,0.7732,0.7729,3,1.286,7,nan,nan,nan,0,0,0
linq,35.0,9.0,eb1168,0.11675778353879479,0,9.6,1,0.2,20000,0.1982,1186.3,2.835,0,0.8018,0.0,9.864,0.0,nan,5.3444,0.6807,0.68,4,1.2813,7,nan,nan,nan,0,0,0
linq,35.0,9.0,eb1168,0.11675778353879479,0,9.6,1,0.21,20000,0.1982,1186.3,2.835,0,0.8018,0.0,9.306,0.0,nan,4.8806,0.5983,0.5966,5,1.1782,6,nan,nan,nan,0,0,0
linq,35.0,9.0,eb1168,0.11675778353879479,0,9.6,1,0.22,20000,0.1982,1186.3,2.835,0,0.8018,0.0,8.758,0.0,0.0,4.4079,0.5441,0.5408,5,1.1763,6,nan,nan,nan,0,0,0
linq,35.0,9.0,eb1168,0.11675778353879479,0,9.6,1,0.23,20000,0.1982,1186.3,2.835,0,0.8018,0.0,8.213,0.0,0.0,3.9699,0.4816,0.4756,6,1.1783,6,nan,nan,nan,0,0,0
linq,35.0,9.0,eb1168,0.11675778353879479,0,9.6,1,0.24,20000,0.1982,1186.3,2.835,0,0.8018,0.0,7.663,0.0004,0.12,3.5365,0.4245,0.414,7,1.1886,6,nan,0.1996,nan,0,0,0
linq,35.0,9.0,eb1168,0.11675778353879479,0,9.6,1,0.25,20000,0.1982,1186.3,2.835,0,0.8018,0.0,7.119,0.0009,0.065,3.1107,0.3965,0.3841,7,1.0852,5,nan,0.1733,nan,0,0,0
linq,35.0,9.0,eb1168,0.11675778353879479,0,9.6,1,0.26,20000,0.1982,1186.3,2.835,0,0.8018,0.0,6.588,0.0038,0.115,2.7421,0.3747,0.3612,7,1.0943,5,0.1981,0.1583,0.0,0,1,0
linq,35.0,9.0,eb1168,0.11675778353879479,0,9.6,1,0.27,20000,0.1982,1186.3,2.835,0,0.8018,0.0005,6.063,0.0139,0.237,2.3825,0.3576,0.343,7,1.0057,4,0.169,0.1486,0.0,0,1,0
linq,35.0,9.0,eb1168,0.11675778353879479,0,9.6,1,0.28,20000,0.1982,1186.3,2.835,0,0.8018,0.0016,5.559,0.0323,0.383,2.075,0.3443,0.3282,7,0.9999,4,0.156,0.138,0.0,0,1,0
linq,35.0,9.0,eb1168,0.11675778353879479,0,9.6,1,0.29,20000,0.1982,1186.3,2.835,0,0.8018,0.0043,5.071,0.0628,0.557,1.8096,0.3329,0.3152,7,1.0026,4,0.1477,0.1273,0.0,0,1,0
linq,35.0,9.0,eb1168,0.11675778353879479,0,9.6,1,0.3,20000,0.1982,1186.3,2.835,0,0.8018,0.0146,4.607,0.0931,0.666,1.6403,0.326,0.3061,7,1.0025,4,0.1386,0.1195,0.0,0,1,0
linq,35.0,9.0,eb1168,0.11675778353879479,0,9.6,1,0.31,20000,0.1982,1186.3,2.835,0,0.8018,0.0332,4.153,0.1302,0.794,1.5251,0.3205,0.2985,7,0.9248,3,0.1295,0.1124,0.0,0,0,0
linq,35.0,9.0,eb1168,0.11675778353879479,0,9.6,1,0.32,20000,0.1982,1186.3,2.835,0,0.8018,0.0603,3.733,0.1704,0.968,1.4829,0.317,0.293,7,0.9246,3,0.1215,0.1073,0.0,0,0,0
linq,35.0,9.0,eb1168,0.11675778353879479,0,9.6,1,0.33,20000,0.1982,1186.3,2.835,0,0.8018,0.0954,3.336,0.2089,1.131,1.5217,0.3153,0.2892,7,0.8587,2,0.1142,0.1041,0.0,1,0,0
linq,35.0,9.0,eb1168,0.11675778353879479,0,9.6,1,0.34,20000,0.1982,1186.3,2.835,0,0.8018,0.1394,2.973,0.2444,1.293,1.6043,0.3133,0.2858,7,0.8538,2,0.109,0.1007,0.0,1,0,0
linq,35.0,9.0,eb1168,0.11675778353879479,0,9.6,1,0.35,20000,0.1982,1186.3,2.835,0,0.8018,0.1935,2.625,0.274,1.393,1.7067,0.3117,0.2827,7,0.8349,2,0.1046,0.0966,0.0,1,0,0
linq,35.0,9.0,eb1168,0.11675778353879479,0,9.6,1,0.36,20000,0.1982,1186.3,2.835,0,0.8018,0.2479,2.323,0.2979,1.443,1.8254,0.3126,0.2817,7,0.8342,2,0.1013,0.0934,0.0,1,0,0
linq,35.0,9.0,eb1168,0.11675778353879479,0,9.6,1,0.37,20000,0.1982,1186.3,2.835,0,0.8018,0.3093,2.038,0.3132,1.393,1.9374,0.3138,0.2813,7,0.7834,1,0.098,0.0917,0.0,0,0,0
linq,35.0,9.0,eb1168,0.11675778353879479,0,9.6,1,0.38,20000,0.1982,1186.3,2.835,0,0.8018,0.3665,1.789,0.3389,1.531,2.0641,0.3165,0.2819,7,0.7709,1,0.0952,0.0891,0.0,0,0,0
linq,35.0,9.0,eb1168,0.11675778353879479,0,9.6,1,0.39,20000,0.1982,1186.3,2.835,0,0.8018,0.4226,1.56,0.366,1.637,2.1873,0.3169,0.2819,7,0.7469,1,0.0921,0.0866,0.0,0,0,0
linq,35.0,9.0,eb1168,0.11675778353879479,0,9.6,1,0.4,20000,0.1982,1186.3,2.835,0,0.8018,0.4751,1.358,0.3958,1.779,2.3015,0.316,0.2812,7,nan,0,0.0895,0.0859,0.0,0,0,0
linq,35.0,9.0,eb1168,0.11675778353879479,0,9.6,1,0.41,20000,0.1982,1186.3,2.835,0,0.8018,0.5235,1.19,0.4096,1.791,2.3917,0.3175,0.2824,7,nan,0,0.0878,0.0851,0.0,0,0,0
linq,35.0,9.0,eb1168,0.11675778353879479,0,9.6,1,0.42,20000,0.1982,1186.3,2.835,0,0.8018,0.576,1.024,0.432,1.893,2.4742,0.318,0.2832,7,nan,0,0.0857,0.0844,0.0,0,0,0
linq,35.0,9.0,eb1168,0.11675778353879479,0,9.6,1,0.43,20000,0.1982,1186.3,2.835,0,0.8018,0.6203,0.892,0.4512,2.036,2.5408,0.318,0.2835,7,nan,0,0.0846,0.0831,0.0,0,0,0
linq,35.0,9.0,eb1168,0.11675778353879479,0,9.6,1,0.44,20000,0.1982,1186.3,2.835,0,0.8018,0.6652,0.771,0.4608,2.062,2.5865,0.3184,0.2843,7,nan,0,0.0831,0.084,0.0,0,0,0
linq,35.0,9.0,eb1168,0.11675778353879479,0,9.6,1,0.45,20000,0.1982,1186.3,2.835,0,0.8018,0.7035,0.664,0.4791,2.145,2.6478,0.3199,0.2859,7,nan,0,0.0821,0.0852,0.0,0,0,0
linq,35.0,9.0,eb1168,0.11675778353879479,0,9.6,1,0.46,20000,0.1982,1186.3,2.835,0,0.8018,0.7384,0.572,0.4976,2.21,2.7011,0.2811,0.2565,6,nan,0,0.0821,0.0852,0.0,0,0,0
linq,35.0,9.0,eb1168,0.11675778353879479,0,9.6,1,0.47,20000,0.1982,1186.3,2.835,0,0.8018,0.7722,0.493,0.4994,2.189,2.7247,0.2819,0.2579,6,nan,0,0.0822,0.0868,0.0,0,0,0
linq,35.0,9.0,eb1168,0.11675778353879479,0,9.6,1,0.48,20000,0.1982,1186.3,2.835,0,0.8018,0.8016,0.427,0.5041,2.246,2.7392,0.2822,0.258,6,nan,0,0.0819,0.0868,0.0,0,0,0
linq,35.0,9.0,eb1168,0.11675778353879479,0,9.6,1,0.49,20000,0.1982,1186.3,2.835,0,0.8018,0.8234,0.369,0.5357,2.595,2.8008,0.2485,0.2315,5,nan,0,0.0822,0.0882,0.0,0,0,0
linq,35.0,9.0,eb1168,0.11675778353879479,0,9.6,1,0.5,20000,0.1982,1186.3,2.835,0,0.8018,0.8477,0.314,0.5435,2.656,2.824,0.248,0.2316,5,nan,0,0.0833,0.0893,0.0,0,0,0
linq,35.0,9.0,eb1168,0.11675778353879479,0,9.6,1,0.51,20000,0.1982,1186.3,2.835,0,0.8018,0.8683,0.273,0.5335,2.52,2.8149,0.2487,0.2324,5,nan,0,0.083,0.0895,0.0,0,0,0
linq,35.0,9.0,eb1168,0.11675778353879479,0,9.6,1,0.52,20000,0.1982,1186.3,2.835,0,0.8018,0.8843,0.238,0.5453,2.732,2.8319,0.2163,0.2054,4,nan,0,0.0848,0.0884,0.0,0,0,0
linq,35.0,9.0,eb1168,0.11675778353879479,0,12.8,1,0.17,20000,0.1982,1186.3,2.835,0,0.8018,0.0,9.81,0.0,nan,5.4634,0.8048,0.8043,3,1.0894,5,nan,nan,nan,0,0,0
linq,35.0,9.0,eb1168,0.11675778353879479,0,12.8,1,0.18,20000,0.1982,1186.3,2.835,0,0.8018,0.0,9.163,0.0,nan,4.9531,0.6763,0.6763,3,1.0911,5,nan,nan,nan,0,0,0
linq,35.0,9.0,eb1168,0.11675778353879479,0,12.8,1,0.19,20000,0.1982,1186.3,2.835,0,0.8018,0.0,8.519,0.0,nan,4.4381,0.5922,0.5919,4,1.0863,5,nan,nan,nan,0,0,0
linq,35.0,9.0,eb1168,0.11675778353879479,0,12.8,1,0.2,20000,0.1982,1186.3,2.835,0,0.8018,0.0,7.87,0.0,nan,3.9442,0.5178,0.5166,5,0.9936,4,nan,nan,nan,0,0,0
linq,35.0,9.0,eb1168,0.11675778353879479,0,12.8,1,0.21,20000,0.1982,1186.3,2.835,0,0.8018,0.0,7.218,0.0,0.0,3.4943,0.4517,0.4483,6,0.9979,4,nan,nan,nan,0,0,0
linq,35.0,9.0,eb1168,0.11675778353879479,0,12.8,1,0.22,20000,0.1982,1186.3,2.835,0,0.8018,0.0,6.568,0.0,0.0,3.0651,0.3962,0.3895,7,0.9268,3,nan,0.2067,nan,0,1,0
linq,35.0,9.0,eb1168,0.11675778353879479,0,12.8,1,0.23,20000,0.1982,1186.3,2.835,0,0.8018,0.0,5.942,0.0005,0.027,2.6709,0.3665,0.3565,7,0.9214,3,nan,0.1721,nan,0,1,0
linq,35.0,9.0,eb1168,0.11675778353879479,0,12.8,1,0.24,20000,0.1982,1186.3,2.835,0,0.8018,0.0,5.313,0.0043,0.07,2.3095,0.3468,0.3335,7,0.9187,3,0.1939,0.1523,0.0,0,1,0
linq,35.0,9.0,eb1168,0.11675778353879479,0,12.8,1,0.25,20000,0.1982,1186.3,2.835,0,0.8018,0.0004,4.72,0.0244,0.221,2.0555,0.334,0.3172,7,0.8473,2,0.1634,0.1367,0.0,0,1,0
linq,35.0,9.0,eb1168,0.11675778353879479,0,12.8,1,0.26,20000,0.1982,1186.3,2.835,0,0.8018,0.0016,4.157,0.068,0.417,1.8863,0.3263,0.3053,7,0.8456,2,0.1487,0.1232,0.0,0,0,0
linq,35.0,9.0,eb1168,0.11675778353879479,0,12.8,1,0.27,20000,0.1982,1186.3,2.835,0,0.8018,0.0088,3.627,0.127,0.605,1.8286,0.3202,0.2962,7,0.7663,1,0.1358,0.1129,0.0,0,0,0
linq,35.0,9.0,eb1168,0.11675778353879479,0,12.8,1,0.28,20000,0.1982,1186.3,2.835,0,0.8018,0.0332,3.129,0.1994,0.874,1.9241,0.3196,0.2915,7,0.7537,1,0.1242,0.1056,0.0,1,0,0
linq,35.0,9.0,eb1168,0.11675778353879479,0,12.8,1,0.29,20000,0.1982,1186.3,2.835,0,0.8018,0.0773,2.674,0.2709,1.149,2.069,0.3182,0.2878,7,0.7578,1,0.1136,0.0998,0.0,1,0,0
linq,35.0,9.0,eb1168,0.11675778353879479,0,12.8,1,0.3,20000,0.1982,1186.3,2.835,0,0.8018,0.1388,2.258,0.3315,1.361,2.2665,0.3168,0.2849,7,nan,0,0.1069,0.0948,0.0,0,0,0
linq,35.0,9.0,eb1168,0.11675778353879479,0,12.8,1,0.31,20000,0.1982,1186.3,2.835,0,0.8018,0.2216,1.891,0.3746,1.479,2.4588,0.3169,0.2836,7,nan,0,0.1007,0.091,0.0,0,0,0
linq,35.0,9.0,eb1168,0.11675778353879479,0,12.8,1,0.32,20000,0.1982,1186.3,2.835,0,0.8018,0.3121,1.555,0.4179,1.628,2.6284,0.317,0.2833,7,nan,0,0.0959,0.0875,0.0,0,0,0
linq,35.0,9.0,eb1168,0.11675778353879479,0,12.8,1,0.33,20000,0.1982,1186.3,2.835,0,0.8018,0.3991,1.272,0.4671,1.902,2.7719,0.3149,0.2819,7,nan,0,0.0918,0.0854,0.0,0,0,0
linq,35.0,9.0,eb1168,0.11675778353879479,0,12.8,1,0.34,20000,0.1982,1186.3,2.835,0,0.8018,0.4823,1.034,0.5044,2.06,2.8906,0.2806,0.2551,6,nan,0,0.088,0.0844,0.0,0,0,0
linq,35.0,9.0,eb1168,0.11675778353879479,0,12.8,1,0.35,20000,0.1982,1186.3,2.835,0,0.8018,0.5653,0.831,0.5389,2.327,2.9763,0.2781,0.2539,6,nan,0,0.0855,0.084,0.0,0,0,0
linq,35.0,9.0,eb1168,0.11675778353879479,0,12.8,1,0.36,20000,0.1982,1186.3,2.835,0,0.8018,0.6366,0.666,0.5644,2.377,3.0566,0.2476,0.2296,5,nan,0,0.0835,0.0852,0.0,0,0,0
linq,35.0,9.0,eb1168,0.11675778353879479,0,12.8,1,0.37,20000,0.1982,1186.3,2.835,0,0.8018,0.7025,0.529,0.5886,2.624,3.1096,0.2477,0.2307,5,nan,0,0.0819,0.0872,0.0,0,0,0
linq,35.0,9.0,eb1168,0.11675778353879479,0,12.8,1,0.38,20000,0.1982,1186.3,2.835,0,0.8018,0.7591,0.419,0.6063,2.797,3.1509,0.2446,0.2289,5,nan,0,0.0822,0.0879,0.0,0,0,0
linq,35.0,9.0,eb1168,0.11675778353879479,0,12.8,1,0.39,20000,0.1982,1186.3,2.835,0,0.8018,0.8077,0.326,0.6332,3.174,3.1938,0.2159,0.205,4,nan,0,0.0822,0.0887,0.0,0,0,0
linq,35.0,9.0,eb1168,0.11675778353879479,0,12.8,1,0.4,20000,0.1982,1186.3,2.835,0,0.8018,0.8452,0.257,0.6447,3.338,3.2293,0.2153,0.2048,4,nan,0,0.0834,0.0884,0.0,0,0,0
linq,35.0,9.0,eb1168,0.11675778353879479,0,12.8,1,0.41,20000,0.1982,1186.3,2.835,0,0.8018,0.8761,0.204,0.6517,3.441,3.241,0.1865,0.1799,3,nan,0,0.0848,0.0888,0.0,0,0,0
linq,35.0,9.0,eb1168,0.11675778353879479,0,12.8,1,0.42,20000,0.1982,1186.3,2.835,0,0.8018,0.9016,0.16,0.659,3.62,3.2579,0.1857,0.1797,3,nan,0,0.0848,0.091,0.0,0,0,0
linq,35.0,9.0,eb1168,0.11675778353879479,0,12.8,1,0.43,20000,0.1982,1186.3,2.835,0,0.8018,0.9252,0.122,0.6442,3.265,3.2529,0.1582,0.1559,2,nan,0,0.086,0.0924,0.0,0,0,0
linq,35.0,9.0,eb1168,0.11675778353879479,0,12.8,1,0.44,20000,0.1982,1186.3,2.835,0,0.8018,0.9396,0.098,0.6576,3.58,3.2644,0.1575,0.1551,2,nan,0,0.0867,0.0919,0.0,0,0,0
linq,35.0,9.0,eb1168,0.11675778353879479,0,12.8,1,0.45,20000,0.1982,1186.3,2.835,0,0.8018,0.9518,0.078,0.6492,3.139,3.2761,0.1564,0.1537,2,nan,0,0.0874,0.0902,0.0,0,0,0
linq,35.0,9.0,eb1168,0.11675778353879479,0,12.8,1,0.46,20000,0.1982,1186.3,2.835,0,0.8018,0.9623,0.06,0.6488,2.985,3.3,0.1526,0.1505,2,nan,0,0.0872,0.09,0.0,0,0,0
linq,35.0,9.0,eb1168,0.11675778353879479,0,12.8,1,0.47,20000,0.1982,1186.3,2.835,0,0.8018,0.9695,0.049,0.6405,2.925,3.2853,0.1263,0.1263,1,nan,0,0.0881,0.0892,0.0,0,0,0
linq,35.0,9.0,eb1168,0.11675778353879479,0,12.8,1,0.48,20000,0.1982,1186.3,2.835,0,0.8018,0.9751,0.039,0.6548,3.146,3.3201,0.1263,0.1263,1,nan,0,0.0895,0.0892,0.0,0,0,0
linq,35.0,9.0,eb1168,0.11675778353879479,0,12.8,1,0.49,20000,0.1982,1186.3,2.835,0,0.8018,0.9798,0.031,0.6875,3.793,3.3761,0.1237,0.1237,1,nan,0,0.0884,0.0873,0.0,0,0,0
linq,35.0,9.0,eb1168,0.11675778353879479,0,12.8,1,0.5,20000,0.1982,1186.3,2.835,0,0.8018,0.9833,0.025,0.7045,4.429,3.3962,0.123,0.123,1,nan,0,0.087,0.0868,0.0,0,0,0
linq,35.0,9.0,eb1168,0.11675778353879479,0,12.8,1,0.51,20000,0.1982,1186.3,2.835,0,0.8018,0.9866,0.02,0.6887,4.056,3.3981,nan,nan,0,nan,0,0.0869,nan,0.0,0,0,0
linq,35.0,9.0,eb1168,0.11675778353879479,0,12.8,1,0.52,20000,0.1982,1186.3,2.835,0,0.8018,0.9889,0.016,0.7045,3.875,3.4682,nan,nan,0,nan,0,0.0865,nan,0.0,0,0,0
linq,35.0,9.0,eb154,0.154,1,2.4,0,0.17,20000,0.1212,1186.3,2.835,0,0.8788,0.0,19.243,0.0,nan,14.3546,nan,nan,0,3.3176,2,nan,nan,nan,0,0,0
linq,35.0,9.0,eb154,0.154,1,2.4,0,0.18,20000,0.1212,1186.3,2.835,0,0.8788,0.0,19.134,0.0,nan,14.2453,nan,nan,0,3.2141,2,nan,nan,nan,0,0,0
linq,35.0,9.0,eb154,0.154,1,2.4,0,0.19,20000,0.1212,1186.3,2.835,0,0.8788,0.0,19.023,0.0,nan,14.1345,nan,nan,0,3.2154,3,nan,nan,nan,0,0,0
linq,35.0,9.0,eb154,0.154,1,2.4,0,0.2,20000,0.1212,1186.3,2.835,0,0.8788,0.0,18.913,0.0,nan,14.0245,nan,nan,0,3.102,3,nan,nan,nan,0,0,0
linq,35.0,9.0,eb154,0.154,1,2.4,0,0.21,20000,0.1212,1186.3,2.835,0,0.8788,0.0,18.801,0.0,nan,13.9123,nan,nan,0,3.01,3,nan,nan,nan,0,0,0
linq,35.0,9.0,eb154,0.154,1,2.4,0,0.22,20000,0.1212,1186.3,2.835,0,0.8788,0.0,18.7,0.0,nan,13.8116,nan,nan,0,2.9293,3,nan,nan,nan,0,0,0
linq,35.0,9.0,eb154,0.154,1,2.4,0,0.23,20000,0.1212,1186.3,2.835,0,0.8788,0.0,18.595,0.0,nan,13.7062,nan,nan,0,2.8853,4,nan,nan,nan,0,0,0
linq,35.0,9.0,eb154,0.154,1,2.4,0,0.24,20000,0.1212,1186.3,2.835,0,0.8788,0.0,18.492,0.0,nan,13.6036,nan,nan,0,2.8042,4,nan,nan,nan,0,0,0
linq,35.0,9.0,eb154,0.154,1,2.4,0,0.25,20000,0.1212,1186.3,2.835,0,0.8788,0.0,18.37,0.0,nan,13.4809,nan,nan,0,2.7425,4,nan,nan,nan,0,0,0
linq,35.0,9.0,eb154,0.154,1,2.4,0,0.26,20000,0.1212,1186.3,2.835,0,0.8788,0.0,18.266,0.0,nan,13.3775,nan,nan,0,2.6773,4,nan,nan,nan,0,0,0
linq,35.0,9.0,eb154,0.154,1,2.4,0,0.27,20000,0.1212,1186.3,2.835,0,0.8788,0.0,18.158,0.0,nan,13.2694,nan,nan,0,2.5831,5,nan,nan,nan,0,0,0
linq,35.0,9.0,eb154,0.154,1,2.4,0,0.28,20000,0.1212,1186.3,2.835,0,0.8788,0.0,18.055,0.0,nan,13.1664,nan,nan,0,2.5366,5,nan,nan,nan,0,0,0
linq,35.0,9.0,eb154,0.154,1,2.4,0,0.29,20000,0.1212,1186.3,2.835,0,0.8788,0.0,17.949,0.0,nan,13.0602,nan,nan,0,2.4991,5,nan,nan,nan,0,0,0
linq,35.0,9.0,eb154,0.154,1,2.4,0,0.3,20000,0.1212,1186.3,2.835,0,0.8788,0.0,17.847,0.0,nan,12.9579,nan,nan,0,2.4404,5,nan,nan,nan,0,0,0
linq,35.0,9.0,eb154,0.154,1,2.4,0,0.31,20000,0.1212,1186.3,2.835,0,0.8788,0.0,17.746,0.0,nan,12.8572,nan,nan,0,2.3396,6,nan,nan,nan,0,0,0
linq,35.0,9.0,eb154,0.154,1,2.4,0,0.32,20000,0.1212,1186.3,2.835,0,0.8788,0.0,17.638,0.0,nan,12.7495,nan,nan,0,2.3073,6,nan,nan,nan,0,0,0
linq,35.0,9.0,eb154,0.154,1,2.4,0,0.33,20000,0.1212,1186.3,2.835,0,0.8788,0.0,17.528,0.0,nan,12.6397,nan,nan,0,2.2745,6,nan,nan,nan,0,0,0
linq,35.0,9.0,eb154,0.154,1,2.4,0,0.34,20000,0.1212,1186.3,2.835,0,0.8788,0.0,17.421,0.0,nan,12.5322,nan,nan,0,2.2408,6,nan,nan,nan,0,0,0
linq,35.0,9.0,eb154,0.154,1,2.4,0,0.35,20000,0.1212,1186.3,2.835,0,0.8788,0.0,17.313,0.0,nan,12.4248,nan,nan,0,2.1355,7,nan,nan,nan,0,0,0
linq,35.0,9.0,eb154,0.154,1,2.4,0,0.36,20000,0.1212,1186.3,2.835,0,0.8788,0.0,17.198,0.0,nan,12.3096,nan,nan,0,2.1065,7,nan,nan,nan,0,0,0
linq,35.0,9.0,eb154,0.154,1,2.4,0,0.37,20000,0.1212,1186.3,2.835,0,0.8788,0.0,17.095,0.0,nan,12.2067,nan,nan,0,2.0831,7,nan,nan,nan,0,0,0
linq,35.0,9.0,eb154,0.154,1,2.4,0,0.38,20000,0.1212,1186.3,2.835,0,0.8788,0.0,16.994,0.0,nan,12.1056,nan,nan,0,2.0583,7,nan,nan,nan,0,0,0
linq,35.0,9.0,eb154,0.154,1,2.4,0,0.39,20000,0.1212,1186.3,2.835,0,0.8788,0.0,16.896,0.0,nan,12.0078,nan,nan,0,1.958,8,nan,nan,nan,0,0,0
linq,35.0,9.0,eb154,0.154,1,2.4,0,0.4,20000,0.1212,1186.3,2.835,0,0.8788,0.0,16.798,0.0,nan,11.9098,nan,nan,0,1.9372,8,nan,nan,nan,0,0,0
linq,35.0,9.0,eb154,0.154,1,2.4,0,0.41,20000,0.1212,1186.3,2.835,0,0.8788,0.0,16.697,0.0,nan,11.8081,nan,nan,0,1.9161,8,nan,nan,nan,0,0,0
linq,35.0,9.0,eb154,0.154,1,2.4,0,0.42,20000,0.1212,1186.3,2.835,0,0.8788,0.0,16.589,0.0,nan,11.7008,nan,nan,0,1.8988,8,nan,nan,nan,0,0,0
linq,35.0,9.0,eb154,0.154,1,2.4,0,0.43,20000,0.1212,1186.3,2.835,0,0.8788,0.0,16.484,0.0,nan,11.5954,nan,nan,0,1.8772,8,nan,nan,nan,0,0,0
linq,35.0,9.0,eb154,0.154,1,2.4,0,0.44,20000,0.1212,1186.3,2.835,0,0.8788,0.0,16.377,0.0,nan,11.4879,nan,nan,0,1.8563,8,nan,nan,nan,0,0,0
linq,35.0,9.0,eb154,0.154,1,2.4,0,0.45,20000,0.1212,1186.3,2.835,0,0.8788,0.0,16.277,0.0,nan,11.3889,nan,nan,0,1.8417,8,nan,nan,nan,0,0,0
linq,35.0,9.0,eb154,0.154,1,2.4,0,0.46,20000,0.1212,1186.3,2.835,0,0.8788,0.0,16.168,0.0,0.0,11.2793,nan,nan,0,1.8251,8,nan,nan,nan,0,0,0
linq,35.0,9.0,eb154,0.154,1,2.4,0,0.47,20000,0.1212,1186.3,2.835,0,0.8788,0.0,16.063,0.0,0.0,11.1741,0.9533,0.9533,1,1.8088,8,nan,nan,nan,0,0,0
linq,35.0,9.0,eb154,0.154,1,2.4,0,0.48,20000,0.1212,1186.3,2.835,0,0.8788,0.0,15.954,0.0,0.0,11.0656,0.9995,0.9995,1,1.7917,8,nan,nan,nan,0,0,0
linq,35.0,9.0,eb154,0.154,1,2.4,0,0.49,20000,0.1212,1186.3,2.835,0,0.8788,0.0,15.861,0.0002,0.5,10.9719,0.9708,0.9708,1,1.7787,8,nan,nan,nan,0,0,0
linq,35.0,9.0,eb154,0.154,1,2.4,0,0.5,20000,0.1212,1186.3,2.835,0,0.8788,0.0,15.767,0.0004,1.0,10.8782,0.9594,0.9594,1,1.7624,8,nan,nan,nan,0,0,0
linq,35.0,9.0,eb154,0.154,1,2.4,0,0.51,20000,0.1212,1186.3,2.835,0,0.8788,0.0,15.664,0.0006,3.0,10.7749,0.8726,0.8695,2,1.7489,8,nan,nan,nan,0,0,0
linq,35.0,9.0,eb154,0.154,1,2.4,0,0.52,20000,0.1212,1186.3,2.835,0,0.8788,0.0,15.557,0.0006,3.0,10.6688,0.8785,0.8764,2,1.7373,8,nan,nan,nan,0,0,0
linq,35.0,9.0,eb154,0.154,1,3.2,0,0.17,20000,0.1212,1186.3,2.835,0,0.8788,0.0,17.839,0.0,nan,12.95,nan,nan,0,2.6971,4,nan,nan,nan,0,0,0
linq,35.0,9.0,eb154,0.154,1,3.2,0,0.18,20000,0.1212,1186.3,2.835,0,0.8788,0.0,17.66,0.0,nan,12.7716,nan,nan,0,2.5889,4,nan,nan,nan,0,0,0
linq,35.0,9.0,eb154,0.154,1,3.2,0,0.19,20000,0.1212,1186.3,2.835,0,0.8788,0.0,17.483,0.0,nan,12.5939,nan,nan,0,2.504,5,nan,nan,nan,0,0,0
linq,35.0,9.0,eb154,0.154,1,3.2,0,0.2,20000,0.1212,1186.3,2.835,0,0.8788,0.0,17.287,0.0,nan,12.3986,nan,nan,0,2.4004,5,nan,nan,nan,0,0,0
linq,35.0,9.0,eb154,0.154,1,3.2,0,0.21,20000,0.1212,1186.3,2.835,0,0.8788,0.0,17.112,0.0,nan,12.2232,nan,nan,0,2.3125,6,nan,nan,nan,0,0,0
linq,35.0,9.0,eb154,0.154,1,3.2,0,0.22,20000,0.1212,1186.3,2.835,0,0.8788,0.0,16.931,0.0,nan,12.0425,nan,nan,0,2.2357,6,nan,nan,nan,0,0,0
linq,35.0,9.0,eb154,0.154,1,3.2,0,0.23,20000,0.1212,1186.3,2.835,0,0.8788,0.0,16.751,0.0,nan,11.8621,nan,nan,0,2.1663,6,nan,nan,nan,0,0,0
linq,35.0,9.0,eb154,0.154,1,3.2,0,0.24,20000,0.1212,1186.3,2.835,0,0.8788,0.0,16.562,0.0,nan,11.6736,nan,nan,0,2.0734,7,nan,nan,nan,0,0,0
linq,35.0,9.0,eb154,0.154,1,3.2,0,0.25,20000,0.1212,1186.3,2.835,0,0.8788,0.0,16.375,0.0,nan,11.486,nan,nan,0,2.0191,7,nan,nan,nan,0,0,0
linq,35.0,9.0,eb154,0.154,1,3.2,0,0.26,20000,0.1212,1186.3,2.835,0,0.8788,0.0,16.188,0.0,nan,11.2989,nan,nan,0,1.9712,7,nan,nan,nan,0,0,0
linq,35.0,9.0,eb154,0.154,1,3.2,0,0.27,20000,0.1212,1186.3,2.835,0,0.8788,0.0,16.012,0.0,nan,11.1233,nan,nan,0,1.9357,7,nan,nan,nan,0,0,0
linq,35.0,9.0,eb154,0.154,1,3.2,0,0.28,20000,0.1212,1186.3,2.835,0,0.8788,0.0,15.837,0.0,nan,10.9482,nan,nan,0,1.8429,8,nan,nan,nan,0,0,0
linq,35.0,9.0,eb154,0.154,1,3.2,0,0.29,20000,0.1212,1186.3,2.835,0,0.8788,0.0,15.658,0.0,nan,10.7695,nan,nan,0,1.8063,8,nan,nan,nan,0,0,0
linq,35.0,9.0,eb154,0.154,1,3.2,0,0.3,20000,0.1212,1186.3,2.835,0,0.8788,0.0,15.471,0.0,nan,10.582,nan,nan,0,1.7751,8,nan,nan,nan,0,0,0
linq,35.0,9.0,eb154,0.154,1,3.2,0,0.31,20000,0.1212,1186.3,2.835,0,0.8788,0.0,15.287,0.0,nan,10.3986,nan,nan,0,1.748,8,nan,nan,nan,0,0,0
linq,35.0,9.0,eb154,0.154,1,3.2,0,0.32,20000,0.1212,1186.3,2.835,0,0.8788,0.0,15.112,0.0,nan,10.2238,nan,nan,0,1.724,8,nan,nan,nan,0,0,0
linq,35.0,9.0,eb154,0.154,1,3.2,0,0.33,20000,0.1212,1186.3,2.835,0,0.8788,0.0,14.932,0.0,nan,10.0435,0.986,0.986,1,1.7006,8,nan,nan,nan,0,0,0
linq,35.0,9.0,eb154,0.154,1,3.2,0,0.34,20000,0.1212,1186.3,2.835,0,0.8788,0.0,14.751,0.0,nan,9.8635,0.9687,0.9687,1,1.6753,8,nan,nan,nan,0,0,0
linq,35.0,9.0,eb154,0.154,1,3.2,0,0.35,20000,0.1212,1186.3,2.835,0,0.8788,0.0,14.566,0.0,nan,9.6788,0.8935,0.8907,2,1.6549,8,nan,nan,nan,0,0,0
linq,35.0,9.0,eb154,0.154,1,3.2,0,0.36,20000,0.1212,1186.3,2.835,0,0.8788,0.0,14.38,0.0,0.0,9.4935,0.8725,0.8709,2,1.6403,8,nan,nan,nan,0,0,0
linq,35.0,9.0,eb154,0.154,1,3.2,0,0.37,20000,0.1212,1186.3,2.835,0,0.8788,0.0,14.198,0.0,0.0,9.3126,0.8732,0.8694,2,1.6233,8,nan,nan,nan,0,0,0
linq,35.0,9.0,eb154,0.154,1,3.2,0,0.38,20000,0.1212,1186.3,2.835,0,0.8788,0.0,14.022,0.0,0.0,9.137,0.7982,0.7913,3,1.6062,8,nan,nan,nan,0,0,0
linq,35.0,9.0,eb154,0.154,1,3.2,0,0.39,20000,0.1212,1186.3,2.835,0,0.8788,0.0,13.845,0.0004,1.0,8.9594,0.7761,0.771,3,1.5911,8,nan,nan,nan,0,0,0
linq,35.0,9.0,eb154,0.154,1,3.2,0,0.4,20000,0.1212,1186.3,2.835,0,0.8788,0.0,13.671,0.0006,3.0,8.7863,0.7666,0.7623,3,1.5785,8,nan,nan,nan,0,0,0
linq,35.0,9.0,eb154,0.154,1,3.2,0,0.41,20000,0.1212,1186.3,2.835,0,0.8788,0.0,13.481,0.0008,2.0,8.5969,0.7024,0.691,4,1.5638,8,nan,nan,nan,0,0,0
linq,35.0,9.0,eb154,0.154,1,3.2,0,0.42,20000,0.1212,1186.3,2.835,0,0.8788,0.0,13.308,0.0008,1.333,8.424,0.6989,0.6886,4,1.5523,8,nan,nan,nan,0,0,0
linq,35.0,9.0,eb154,0.154,1,3.2,0,0.43,20000,0.1212,1186.3,2.835,0,0.8788,0.0004,13.135,0.0004,0.333,8.2561,0.6899,0.6793,4,1.5425,8,nan,nan,nan,0,0,0
linq,35.0,9.0,eb154,0.154,1,3.2,0,0.44,20000,0.1212,1186.3,2.835,0,0.8788,0.0006,12.95,0.0004,0.25,8.0743,0.6285,0.6127,5,1.5331,8,nan,nan,nan,0,0,0
linq,35.0,9.0,eb154,0.154,1,3.2,0,0.45,20000,0.1212,1186.3,2.835,0,0.8788,0.0006,12.767,0.0008,0.364,7.8912,0.6203,0.6044,5,1.5247,8,nan,nan,nan,0,0,0
linq,35.0,9.0,eb154,0.154,1,3.2,0,0.46,20000,0.1212,1186.3,2.835,0,0.8788,0.0008,12.583,0.0008,0.286,7.7096,0.5678,0.5435,6,1.518,8,nan,nan,nan,0,0,0
linq,35.0,9.0,eb154,0.154,1,3.2,0,0.47,20000,0.1212,1186.3,2.835,0,0.8788,0.0008,12.408,0.0019,0.6,7.5343,0.558,0.5347,6,1.512,8,nan,nan,nan,0,0,0
linq,35.0,9.0,eb154,0.154,1,3.2,0,0.48,20000,0.1212,1186.3,2.835,0,0.8788,0.0008,12.219,0.0023,0.611,7.3462,0.5496,0.5269,6,1.5071,8,nan,nan,nan,0,0,0
linq,35.0,9.0,eb154,0.154,1,3.2,0,0.49,20000,0.1212,1186.3,2.835,0,0.8788,0.0012,12.055,0.0025,0.522,7.1891,0.5013,0.4668,7,1.501,8,nan,0.1669,nan,0,0,0
linq,35.0,9.0,eb154,0.154,1,3.2,0,0.5,20000,0.1212,1186.3,2.835,0,0.8788,0.0014,11.876,0.0037,0.621,7.0134,0.4934,0.4594,7,1.4978,8,nan,0.1637,nan,0,0,0
linq,35.0,9.0,eb154,0.154,1,3.2,0,0.51,20000,0.1212,1186.3,2.835,0,0.8788,0.0017,11.699,0.0041,0.588,6.8411,0.4858,0.4523,7,1.4929,8,0.1756,0.1604,0.0,0,0,0
linq,35.0,9.0,eb154,0.154,1,3.2,0,0.52,20000,0.1212,1186.3,2.835,0,0.8788,0.0025,11.526,0.0043,0.447,6.6778,0.4782,0.4461,7,1.4891,8,0.1697,0.1576,0.0,0,0,0
linq,35.0,9.0,eb154,0.154,1,4.8,0,0.17,20000,0.1212,1186.3,2.835,0,0.8788,0.0,15.398,0.0,nan,10.5174,nan,nan,0,1.9461,7,nan,nan,nan,0,0,0
linq,35.0,9.0,eb154,0.154,1,4.8,0,0.18,20000,0.1212,1186.3,2.835,0,0.8788,0.0,15.081,0.0,nan,10.2059,nan,nan,0,1.8599,7,nan,nan,nan,0,0,0
linq,35.0,9.0,eb154,0.154,1,4.8,0,0.19,20000,0.1212,1186.3,2.835,0,0.8788,0.0,14.769,0.0,nan,9.9006,nan,nan,0,1.7736,8,nan,nan,nan,0,0,0
linq,35.0,9.0,eb154,0.154,1,4.8,0,0.2,20000,0.1212,1186.3,2.835,0,0.8788,0.0,14.429,0.0,nan,9.5628,nan,nan,0,1.71,8,nan,nan,nan,0,0,0
linq,35.0,9.0,eb154,0.154,1,4.8,0,0.21,20000,0.1212,1186.3,2.835,0,0.8788,0.0,14.112,0.0,nan,9.247,nan,nan,0,1.6706,8,nan,nan,nan,0,0,0
linq,35.0,9.0,eb154,0.154,1,4.8,0,0.22,20000,0.1212,1186.3,2.835,0,0.8788,0.0,13.795,0.0,nan,8.9329,nan,nan,0,1.6338,8,nan,nan,nan,0,0,0
linq,35.0,9.0,eb154,0.154,1,4.8,0,0.23,20000,0.1212,1186.3,2.835,0,0.8788,0.0,13.465,0.0,nan,8.6098,1.0187,1.0187,1,1.6034,8,nan,nan,nan,0,0,0
linq,35.0,9.0,eb154,0.154,1,4.8,0,0.24,20000,0.1212,1186.3,2.835,0,0.8788,0.0,13.145,0.0,nan,8.2972,0.9409,0.9408,2,1.5781,8,nan,nan,nan,0,0,0
linq,35.0,9.0,eb154,0.154,1,4.8,0,0.25,20000,0.1212,1186.3,2.835,0,0.8788,0.0,12.832,0.0,nan,7.9898,0.8904,0.8877,2,1.5559,8,nan,nan,nan,0,0,0
linq,35.0,9.0,eb154,0.154,1,4.8,0,0.26,20000,0.1212,1186.3,2.835,0,0.8788,0.0,12.491,0.0,nan,7.6525,0.8405,0.8383,2,1.5363,8,nan,nan,nan,0,0,0
linq,35.0,9.0,eb154,0.154,1,4.8,0,0.27,20000,0.1212,1186.3,2.835,0,0.8788,0.0,12.178,0.0,nan,7.3516,0.781,0.7774,3,1.5234,8,nan,nan,nan,0,0,0
linq,35.0,9.0,eb154,0.154,1,4.8,0,0.28,20000,0.1212,1186.3,2.835,0,0.8788,0.0,11.871,0.0,0.0,7.0547,0.7469,0.7426,3,1.5119,8,nan,nan,nan,0,0,0
linq,35.0,9.0,eb154,0.154,1,4.8,0,0.29,20000,0.1212,1186.3,2.835,0,0.8788,0.0,11.538,0.0,0.0,6.7281,0.6855,0.6791,4,1.5038,8,nan,nan,nan,0,0,0
linq,35.0,9.0,eb154,0.154,1,4.8,0,0.3,20000,0.1212,1186.3,2.835,0,0.8788,0.0,11.216,0.0,0.0,6.4139,0.6621,0.6549,4,1.4971,8,nan,nan,nan,0,0,0
linq,35.0,9.0,eb154,0.154,1,4.8,0,0.31,20000,0.1212,1186.3,2.835,0,0.8788,0.0,10.896,0.0006,0.75,6.1111,0.6009,0.5907,5,1.491,8,nan,nan,nan,0,0,0
linq,35.0,9.0,eb154,0.154,1,4.8,0,0.32,20000,0.1212,1186.3,2.835,0,0.8788,0.0,10.579,0.0008,0.444,5.8123,0.5425,0.5264,6,1.4875,8,nan,nan,nan,0,0,0
linq,35.0,9.0,eb154,0.154,1,4.8,0,0.33,20000,0.1212,1186.3,2.835,0,0.8788,0.0,10.26,0.001,0.333,5.5037,0.5266,0.5107,6,1.4827,8,nan,nan,nan,0,0,0
linq,35.0,9.0,eb154,0.154,1,4.8,0,0.34,20000,0.1212,1186.3,2.835,0,0.8788,0.0006,9.94,0.001,0.227,5.2097,0.474,0.4493,7,1.3842,7,nan,0.1782,nan,0,0,0
linq,35.0,9.0,eb154,0.154,1,4.8,0,0.35,20000,0.1212,1186.3,2.835,0,0.8788,0.0008,9.609,0.0023,0.306,4.9082,0.4594,0.4343,7,1.3832,7,nan,0.1643,nan,0,0,0
linq,35.0,9.0,eb154,0.154,1,4.8,0,0.36,20000,0.1212,1186.3,2.835,0,0.8788,0.0008,9.304,0.0043,0.368,4.6195,0.4469,0.4223,7,1.3849,7,0.1769,0.1588,0.0,0,0,0
linq,35.0,9.0,eb154,0.154,1,4.8,0,0.37,20000,0.1212,1186.3,2.835,0,0.8788,0.0012,8.995,0.0058,0.315,4.3404,0.4356,0.4113,7,1.3858,7,0.1718,0.1551,0.0,0,0,0
linq,35.0,9.0,eb154,0.154,1,4.8,0,0.38,20000,0.1212,1186.3,2.835,0,0.8788,0.0021,8.677,0.0099,0.462,4.0618,0.4244,0.4013,7,1.3845,7,0.1648,0.1537,0.0,0,0,0
linq,35.0,9.0,eb154,0.154,1,4.8,0,0.39,20000,0.1212,1186.3,2.835,0,0.8788,0.0033,8.373,0.0141,0.456,3.7935,0.4151,0.392,7,1.3878,7,0.1548,0.1478,0.0,0,0,0
linq,35.0,9.0,eb154,0.154,1,4.8,0,0.4,20000,0.1212,1186.3,2.835,0,0.8788,0.0052,8.059,0.0205,0.572,3.5279,0.4068,0.3836,7,1.3832,7,0.1512,0.1444,0.0,0,0,0
linq,35.0,9.0,eb154,0.154,1,4.8,0,0.41,20000,0.1212,1186.3,2.835,0,0.8788,0.0068,7.766,0.0268,0.617,3.2867,0.3989,0.3754,7,1.2785,6,0.1512,0.1415,0.0,0,0,0
linq,35.0,9.0,eb154,0.154,1,4.8,0,0.42,20000,0.1212,1186.3,2.835,0,0.8788,0.0111,7.473,0.0353,0.754,3.0576,0.392,0.3684,7,1.283,6,0.145,0.1391,0.0,0,0,0
linq,35.0,9.0,eb154,0.154,1,4.8,0,0.43,20000,0.1212,1186.3,2.835,0,0.8788,0.0161,7.166,0.0426,0.746,2.8172,0.3852,0.3616,7,1.2867,6,0.1414,0.1373,0.0,0,0,0
linq,35.0,9.0,eb154,0.154,1,4.8,0,0.44,20000,0.1212,1186.3,2.835,0,0.8788,0.0235,6.887,0.0516,0.878,2.6398,0.3791,0.3549,7,1.2851,6,0.1398,0.132,0.0,0,1,0
linq,35.0,9.0,eb154,0.154,1,4.8,0,0.45,20000,0.1212,1186.3,2.835,0,0.8788,0.0295,6.608,0.0576,0.842,2.4409,0.3743,0.3494,7,1.2866,6,0.1376,0.1291,0.0,0,1,0
linq,35.0,9.0,eb154,0.154,1,4.8,0,0.46,20000,0.1212,1186.3,2.835,0,0.8788,0.04,6.325,0.0692,1.003,2.2598,0.3688,0.344,7,1.2921,6,0.1331,0.1268,0.0,0,1,0
linq,35.0,9.0,eb154,0.154,1,4.8,0,0.47,20000,0.1212,1186.3,2.835,0,0.8788,0.0514,6.064,0.0753,0.986,2.1185,0.3656,0.3395,7,1.2907,6,0.1326,0.122,0.0,0,1,0
linq,35.0,9.0,eb154,0.154,1,4.8,0,0.48,20000,0.1212,1186.3,2.835,0,0.8788,0.0619,5.805,0.0825,0.966,1.9703,0.3624,0.3356,7,1.2906,6,0.1294,0.1199,0.0,0,1,0
linq,35.0,9.0,eb154,0.154,1,4.8,0,0.49,20000,0.1212,1186.3,2.835,0,0.8788,0.0761,5.536,0.0898,0.922,1.8266,0.358,0.3309,7,1.1906,5,0.1265,0.1167,0.0,0,1,0
linq,35.0,9.0,eb154,0.154,1,4.8,0,0.5,20000,0.1212,1186.3,2.835,0,0.8788,0.086,5.301,0.1038,1.055,1.7038,0.3544,0.3275,7,1.1938,5,0.1231,0.1159,0.0,0,1,0
linq,35.0,9.0,eb154,0.154,1,4.8,0,0.51,20000,0.1212,1186.3,2.835,0,0.8788,0.1063,5.055,0.1073,0.989,1.6174,0.3518,0.3247,7,1.1966,5,0.1202,0.1146,0.0,0,1,0
linq,35.0,9.0,eb154,0.154,1,4.8,0,0.52,20000,0.1212,1186.3,2.835,0,0.8788,0.1207,4.821,0.1159,0.986,1.5056,0.3484,0.3213,7,1.1977,5,0.1173,0.1126,0.0,0,1,0
linq,35.0,9.0,eb154,0.154,1,6.4,0,0.17,20000,0.1212,1186.3,2.835,0,0.8788,0.0,13.499,0.0,nan,8.6819,nan,nan,0,1.6496,8,nan,nan,nan,0,0,0
linq,35.0,9.0,eb154,0.154,1,6.4,0,0.18,20000,0.1212,1186.3,2.835,0,0.8788,0.0,13.08,0.0,nan,8.2761,nan,nan,0,1.6095,8,nan,nan,nan,0,0,0
linq,35.0,9.0,eb154,0.154,1,6.4,0,0.19,20000,0.1212,1186.3,2.835,0,0.8788,0.0,12.647,0.0,nan,7.855,1.1101,1.1101,1,1.5738,8,nan,nan,nan,0,0,0
linq,35.0,9.0,eb154,0.154,1,6.4,0,0.2,20000,0.1212,1186.3,2.835,0,0.8788,0.0,12.202,0.0,nan,7.4453,0.9751,0.9751,1,1.4537,7,nan,nan,nan,0,0,0
linq,35.0,9.0,eb154,0.154,1,6.4,0,0.21,20000,0.1212,1186.3,2.835,0,0.8788,0.0,11.78,0.0,nan,7.0432,0.8813,0.8806,2,1.4305,7,nan,nan,nan,0,0,0
linq,35.0,9.0,eb154,0.154,1,6.4,0,0.22,20000,0.1212,1186.3,2.835,0,0.8788,0.0,11.344,0.0,nan,6.6295,0.8039,0.8023,3,1.4159,7,nan,nan,nan,0,0,0
linq,35.0,9.0,eb154,0.154,1,6.4,0,0.23,20000,0.1212,1186.3,2.835,0,0.8788,0.0,10.914,0.0,nan,6.2385,0.7468,0.7441,3,1.4067,7,nan,nan,nan,0,0,0
linq,35.0,9.0,eb154,0.154,1,6.4,0,0.24,20000,0.1212,1186.3,2.835,0,0.8788,0.0,10.476,0.0,nan,5.8301,0.6755,0.6711,4,1.3925,7,nan,nan,nan,0,0,0
linq,35.0,9.0,eb154,0.154,1,6.4,0,0.25,20000,0.1212,1186.3,2.835,0,0.8788,0.0,10.057,0.0,0.0,5.467,0.6081,0.6021,5,1.29,6,nan,nan,nan,0,0,0
linq,35.0,9.0,eb154,0.154,1,6.4,0,0.26,20000,0.1212,1186.3,2.835,0,0.8788,0.0,9.615,0.0,0.0,5.0665,0.574,0.567,5,1.2896,6,nan,nan,nan,0,0,0
linq,35.0,9.0,eb154,0.154,1,6.4,0,0.27,20000,0.1212,1186.3,2.835,0,0.8788,0.0,9.185,0.0004,0.4,4.6977,0.5152,0.5041,6,1.2867,6,nan,nan,nan,0,0,0
linq,35.0,9.0,eb154,0.154,1,6.4,0,0.28,20000,0.1212,1186.3,2.835,0,0.8788,0.0,8.756,0.0008,0.267,4.3234,0.4894,0.4777,6,1.2878,6,nan,nan,nan,0,0,0
linq,35.0,9.0,eb154,0.154,1,6.4,0,0.29,20000,0.1212,1186.3,2.835,0,0.8788,0.0,8.328,0.0014,0.219,3.954,0.4385,0.4201,7,1.1831,5,nan,0.1721,nan,0,0,0
linq,35.0,9.0,eb154,0.154,1,6.4,0,0.3,20000,0.1212,1186.3,2.835,0,0.8788,0.0006,7.897,0.0027,0.191,3.619,0.4208,0.4012,7,1.1855,5,nan,0.1595,nan,0,0,0
linq,35.0,9.0,eb154,0.154,1,6.4,0,0.31,20000,0.1212,1186.3,2.835,0,0.8788,0.0008,7.48,0.0056,0.229,3.2593,0.4069,0.3876,7,1.1869,5,0.1754,0.156,0.0,0,0,0
linq,35.0,9.0,eb154,0.154,1,6.4,0,0.32,20000,0.1212,1186.3,2.835,0,0.8788,0.0012,7.066,0.0114,0.282,2.9581,0.3945,0.3744,7,1.1925,5,0.1651,0.1471,0.0,0,1,0
linq,35.0,9.0,eb154,0.154,1,6.4,0,0.33,20000,0.1212,1186.3,2.835,0,0.8788,0.0027,6.644,0.0223,0.432,2.6436,0.3845,0.3638,7,1.1897,5,0.1538,0.1439,0.0,0,1,0
linq,35.0,9.0,eb154,0.154,1,6.4,0,0.34,20000,0.1212,1186.3,2.835,0,0.8788,0.0056,6.256,0.0359,0.536,2.3776,0.3754,0.3536,7,1.0891,4,0.1482,0.1375,0.0,0,1,0
linq,35.0,9.0,eb154,0.154,1,6.4,0,0.35,20000,0.1212,1186.3,2.835,0,0.8788,0.0097,5.854,0.0521,0.67,2.1199,0.3674,0.345,7,1.0942,4,0.143,0.1336,0.0,0,1,0
linq,35.0,9.0,eb154,0.154,1,6.4,0,0.36,20000,0.1212,1186.3,2.835,0,0.8788,0.0177,5.487,0.0676,0.742,1.9284,0.3597,0.3367,7,1.098,4,0.1401,0.1278,0.0,0,1,0
linq,35.0,9.0,eb154,0.154,1,6.4,0,0.37,20000,0.1212,1186.3,2.835,0,0.8788,0.0293,5.115,0.088,0.872,1.7402,0.3546,0.33,7,1.0932,4,0.1348,0.1217,0.0,0,1,0
linq,35.0,9.0,eb154,0.154,1,6.4,0,0.38,20000,0.1212,1186.3,2.835,0,0.8788,0.046,4.764,0.1023,0.852,1.6156,0.3503,0.3248,7,1.0184,3,0.1303,0.1184,0.0,0,1,0
linq,35.0,9.0,eb154,0.154,1,6.4,0,0.39,20000,0.1212,1186.3,2.835,0,0.8788,0.0642,4.419,0.1215,0.897,1.5086,0.347,0.3204,7,1.0222,3,0.1257,0.115,0.0,0,1,0
linq,35.0,9.0,eb154,0.154,1,6.4,0,0.4,20000,0.1212,1186.3,2.835,0,0.8788,0.0852,4.092,0.1401,0.931,1.4159,0.3441,0.3167,7,1.0232,3,0.1205,0.1122,0.0,0,0,0
linq,35.0,9.0,eb154,0.154,1,6.4,0,0.41,20000,0.1212,1186.3,2.835,0,0.8788,0.1141,3.782,0.1614,1.071,1.3966,0.3414,0.3131,7,1.0231,3,0.1166,0.1083,0.0,0,0,0
linq,35.0,9.0,eb154,0.154,1,6.4,0,0.42,20000,0.1212,1186.3,2.835,0,0.8788,0.1393,3.486,0.1858,1.152,1.3786,0.3387,0.3098,7,0.9336,2,0.1136,0.1053,0.0,0,0,0
linq,35.0,9.0,eb154,0.154,1,6.4,0,0.43,20000,0.1212,1186.3,2.835,0,0.8788,0.1696,3.202,0.2109,1.211,1.3845,0.3379,0.308,7,0.9354,2,0.1101,0.1022,0.0,1,0,0
linq,35.0,9.0,eb154,0.154,1,6.4,0,0.44,20000,0.1212,1186.3,2.835,0,0.8788,0.2028,2.946,0.221,1.159,1.4532,0.3385,0.3072,7,0.9356,2,0.1079,0.1018,0.0,1,0,0
linq,35.0,9.0,eb154,0.154,1,6.4,0,0.45,20000,0.1212,1186.3,2.835,0,0.8788,0.2391,2.698,0.2421,1.276,1.5206,0.339,0.3064,7,0.932,2,0.105,0.1003,0.0,1,0,0
linq,35.0,9.0,eb154,0.154,1,6.4,0,0.46,20000,0.1212,1186.3,2.835,0,0.8788,0.2756,2.469,0.2626,1.35,1.5751,0.3393,0.306,7,0.8558,1,0.1023,0.099,0.0,1,0,0
linq,35.0,9.0,eb154,0.154,1,6.4,0,0.47,20000,0.1212,1186.3,2.835,0,0.8788,0.3152,2.254,0.2835,1.463,1.6512,0.3401,0.3058,7,0.8605,1,0.1002,0.0985,0.0,1,0,0
linq,35.0,9.0,eb154,0.154,1,6.4,0,0.48,20000,0.1212,1186.3,2.835,0,0.8788,0.3542,2.046,0.2981,1.453,1.7441,0.3418,0.306,7,0.8661,1,0.0986,0.097,0.0,1,0,0
linq,35.0,9.0,eb154,0.154,1,6.4,0,0.49,20000,0.1212,1186.3,2.835,0,0.8788,0.3852,1.872,0.3195,1.528,1.843,0.343,0.3064,7,0.8661,1,0.0976,0.0963,0.0,0,0,0
linq,35.0,9.0,eb154,0.154,1,6.4,0,0.5,20000,0.1212,1186.3,2.835,0,0.8788,0.4273,1.701,0.3314,1.603,1.9178,0.3421,0.3058,7,0.8643,1,0.0966,0.0963,0.0,0,0,0
linq,35.0,9.0,eb154,0.154,1,6.4,0,0.51,20000,0.1212,1186.3,2.835,0,0.8788,0.4652,1.547,0.3434,1.621,1.9963,0.3422,0.3058,7,nan,0,0.0957,0.0966,0.0,0,0,0
linq,35.0,9.0,eb154,0.154,1,6.4,0,0.52,20000,0.1212,1186.3,2.835,0,0.8788,0.5044,1.395,0.3572,1.713,2.0731,0.3429,0.3061,7,nan,0,0.0952,0.0946,0.0,0,0,0
linq,35.0,9.0,eb154,0.154,1,9.6,1,0.17,20000,0.1212,1186.3,2.835,0,0.8788,0.0,10.931,0.0,nan,6.4239,0.9499,0.9499,1,1.2184,5,nan,nan,nan,0,0,0
linq,35.0,9.0,eb154,0.154,1,9.6,1,0.18,20000,0.1212,1186.3,2.835,0,0.8788,0.0,10.334,0.0,nan,5.916,0.8322,0.8318,2,1.1965,5,nan,nan,nan,0,0,0
linq,35.0,9.0,eb154,0.154,1,9.6,1,0.19,20000,0.1212,1186.3,2.835,0,0.8788,0.0,9.761,0.0,nan,5.4227,0.7374,0.737,3,1.1942,5,nan,nan,nan,0,0,0
linq,35.0,9.0,eb154,0.154,1,9.6,1,0.2,20000,0.1212,1186.3,2.835,0,0.8788,0.0,9.166,0.0,nan,4.96,0.6503,0.6494,4,1.079,4,nan,nan,nan,0,0,0
linq,35.0,9.0,eb154,0.154,1,9.6,1,0.21,20000,0.1212,1186.3,2.835,0,0.8788,0.0,8.581,0.0,nan,4.4685,0.5703,0.5679,5,1.0849,4,nan,nan,nan,0,0,0
linq,35.0,9.0,eb154,0.154,1,9.6,1,0.22,20000,0.1212,1186.3,2.835,0,0.8788,0.0,8.006,0.0,0.0,4.06,0.5229,0.5192,5,1.0831,4,nan,nan,nan,0,0,0
linq,35.0,9.0,eb154,0.154,1,9.6,1,0.23,20000,0.1212,1186.3,2.835,0,0.8788,0.0,7.414,0.0,0.0,3.6213,0.4657,0.459,6,1.0036,3,nan,nan,nan,0,0,0
linq,35.0,9.0,eb154,0.154,1,9.6,1,0.24,20000,0.1212,1186.3,2.835,0,0.8788,0.0,6.83,0.0006,0.13,3.2085,0.4125,0.4,7,1.0123,3,nan,0.186,nan,0,1,0
linq,35.0,9.0,eb154,0.154,1,9.6,1,0.25,20000,0.1212,1186.3,2.835,0,0.8788,0.0,6.266,0.0014,0.082,2.8537,0.39,0.375,7,0.9313,2,nan,0.1622,nan,0,1,0
linq,35.0,9.0,eb154,0.154,1,9.6,1,0.26,20000,0.1212,1186.3,2.835,0,0.8788,0.0,5.691,0.0058,0.125,2.5297,0.3741,0.3566,7,0.9386,2,0.1877,0.149,0.0,0,1,0
linq,35.0,9.0,eb154,0.154,1,9.6,1,0.27,20000,0.1212,1186.3,2.835,0,0.8788,0.0008,5.158,0.018,0.219,2.2322,0.362,0.3426,7,0.9372,2,0.1586,0.1418,0.0,0,1,0
linq,35.0,9.0,eb154,0.154,1,9.6,1,0.28,20000,0.1212,1186.3,2.835,0,0.8788,0.0021,4.612,0.0463,0.401,1.9945,0.3541,0.3318,7,0.8575,1,0.1478,0.1331,0.0,0,1,0
linq,35.0,9.0,eb154,0.154,1,9.6,1,0.29,20000,0.1212,1186.3,2.835,0,0.8788,0.0064,4.132,0.0828,0.53,1.8691,0.3502,0.3241,7,0.8643,1,0.141,0.1225,0.0,0,0,0
linq,35.0,9.0,eb154,0.154,1,9.6,1,0.3,20000,0.1212,1186.3,2.835,0,0.8788,0.0194,3.643,0.1302,0.679,1.8289,0.3473,0.3181,7,0.8509,1,0.1329,0.1151,0.0,0,0,0
linq,35.0,9.0,eb154,0.154,1,9.6,1,0.31,20000,0.1212,1186.3,2.835,0,0.8788,0.046,3.216,0.1765,0.822,1.9074,0.3453,0.314,7,nan,0,0.1243,0.1093,0.0,0,0,0
linq,35.0,9.0,eb154,0.154,1,9.6,1,0.32,20000,0.1212,1186.3,2.835,0,0.8788,0.0825,2.789,0.2343,0.99,2.0013,0.3443,0.311,7,nan,0,0.1171,0.1036,0.0,1,0,0
linq,35.0,9.0,eb154,0.154,1,9.6,1,0.33,20000,0.1212,1186.3,2.835,0,0.8788,0.132,2.419,0.2826,1.129,2.1575,0.3442,0.3095,7,nan,0,0.1107,0.1007,0.0,1,0,0
linq,35.0,9.0,eb154,0.154,1,9.6,1,0.34,20000,0.1212,1186.3,2.835,0,0.8788,0.1906,2.062,0.339,1.337,2.3408,0.3459,0.3096,7,nan,0,0.1053,0.0985,0.0,0,0,0
linq,35.0,9.0,eb154,0.154,1,9.6,1,0.35,20000,0.1212,1186.3,2.835,0,0.8788,0.26,1.753,0.3881,1.542,2.5192,0.3459,0.309,7,nan,0,0.1013,0.0968,0.0,0,0,0
linq,35.0,9.0,eb154,0.154,1,9.6,1,0.36,20000,0.1212,1186.3,2.835,0,0.8788,0.3398,1.469,0.4238,1.682,2.6633,0.3044,0.2771,6,nan,0,0.098,0.0951,0.0,0,0,0
linq,35.0,9.0,eb154,0.154,1,9.6,1,0.37,20000,0.1212,1186.3,2.835,0,0.8788,0.4087,1.229,0.4707,1.916,2.8094,0.3047,0.2774,6,nan,0,0.0961,0.0937,0.0,0,0,0
linq,35.0,9.0,eb154,0.154,1,9.6,1,0.38,20000,0.1212,1186.3,2.835,0,0.8788,0.4912,1.018,0.4943,1.985,2.8886,0.2682,0.2482,5,nan,0,0.0949,0.0929,0.0,0,0,0
linq,35.0,9.0,eb154,0.154,1,9.6,1,0.39,20000,0.1212,1186.3,2.835,0,0.8788,0.5579,0.837,0.5259,2.042,2.995,0.2689,0.249,5,nan,0,0.0926,0.0933,0.0,0,0,0
linq,35.0,9.0,eb154,0.154,1,9.6,1,0.4,20000,0.1212,1186.3,2.835,0,0.8788,0.6237,0.685,0.5581,2.293,3.0674,0.2697,0.25,5,nan,0,0.0916,0.0938,0.0,0,0,0
linq,35.0,9.0,eb154,0.154,1,9.6,1,0.41,20000,0.1212,1186.3,2.835,0,0.8788,0.6848,0.557,0.5818,2.497,3.121,0.2347,0.2216,4,nan,0,0.091,0.093,0.0,0,0,0
linq,35.0,9.0,eb154,0.154,1,9.6,1,0.42,20000,0.1212,1186.3,2.835,0,0.8788,0.7357,0.448,0.6245,3.053,3.1946,0.2351,0.2222,4,nan,0,0.0903,0.094,0.0,0,0,0
linq,35.0,9.0,eb154,0.154,1,9.6,1,0.43,20000,0.1212,1186.3,2.835,0,0.8788,0.7813,0.362,0.6481,3.418,3.2349,0.2022,0.1946,3,nan,0,0.0905,0.0949,0.0,0,0,0
linq,35.0,9.0,eb154,0.154,1,9.6,1,0.44,20000,0.1212,1186.3,2.835,0,0.8788,0.8201,0.291,0.6525,3.27,3.2694,0.2028,0.1957,3,nan,0,0.0906,0.0975,0.0,0,0,0
linq,35.0,9.0,eb154,0.154,1,9.6,1,0.45,20000,0.1212,1186.3,2.835,0,0.8788,0.8512,0.237,0.6616,3.245,3.2964,0.2042,0.1969,3,nan,0,0.0909,0.0987,0.0,0,0,0
linq,35.0,9.0,eb154,0.154,1,9.6,1,0.46,20000,0.1212,1186.3,2.835,0,0.8788,0.8853,0.184,0.6619,3.286,3.2879,0.1719,0.169,2,nan,0,0.0915,0.099,0.0,0,0,0
linq,35.0,9.0,eb154,0.154,1,9.6,1,0.47,20000,0.1212,1186.3,2.835,0,0.8788,0.9113,0.142,0.6605,3.302,3.291,0.1723,0.169,2,nan,0,0.0925,0.0978,0.0,0,0,0
linq,35.0,9.0,eb154,0.154,1,9.6,1,0.48,20000,0.1212,1186.3,2.835,0,0.8788,0.9259,0.117,0.6797,3.536,3.3148,0.1721,0.1688,2,nan,0,0.0935,0.0976,0.0,0,0,0
linq,35.0,9.0,eb154,0.154,1,9.6,1,0.49,20000,0.1212,1186.3,2.835,0,0.8788,0.9404,0.094,0.6886,3.685,3.3177,0.1712,0.1679,2,nan,0,0.0957,0.0972,0.0,0,0,0
linq,35.0,9.0,eb154,0.154,1,9.6,1,0.5,20000,0.1212,1186.3,2.835,0,0.8788,0.9505,0.077,0.6917,3.32,3.3386,0.1391,0.1391,1,nan,0,0.0955,0.0982,0.0,0,0,0
linq,35.0,9.0,eb154,0.154,1,9.6,1,0.51,20000,0.1212,1186.3,2.835,0,0.8788,0.9608,0.06,0.7158,3.778,3.3518,0.1403,0.1403,1,nan,0,0.0956,0.099,0.0,0,0,0
linq,35.0,9.0,eb154,0.154,1,9.6,1,0.52,20000,0.1212,1186.3,2.835,0,0.8788,0.9693,0.048,0.7047,3.75,3.3182,0.1411,0.1411,1,nan,0,0.0951,0.0996,0.0,0,0,0
linq,35.0,9.0,eb154,0.154,1,12.8,1,0.17,20000,0.1212,1186.3,2.835,0,0.8788,0.0,9.289,0.0,nan,5.1946,0.766,0.7656,3,1.0824,4,nan,nan,nan,0,0,0
linq,35.0,9.0,eb154,0.154,1,12.8,1,0.18,20000,0.1212,1186.3,2.835,0,0.8788,0.0,8.598,0.0,nan,4.7,0.6481,0.648,3,0.9947,3,nan,nan,nan,0,0,0
linq,35.0,9.0,eb154,0.154,1,12.8,1,0.19,20000,0.1212,1186.3,2.835,0,0.8788,0.0,7.933,0.0,nan,4.2219,0.5716,0.5711,4,1.007,3,nan,nan,nan,0,0,0
linq,35.0,9.0,eb154,0.154,1,12.8,1,0.2,20000,0.1212,1186.3,2.835,0,0.8788,0.0,7.242,0.0,nan,3.7328,0.502,0.4997,5,0.9312,2,nan,nan,nan,0,0,0
linq,35.0,9.0,eb154,0.154,1,12.8,1,0.21,20000,0.1212,1186.3,2.835,0,0.8788,0.0,6.558,0.0,0.0,3.3197,0.4451,0.4397,6,0.9301,2,nan,nan,nan,0,1,0
linq,35.0,9.0,eb154,0.154,1,12.8,1,0.22,20000,0.1212,1186.3,2.835,0,0.8788,0.0,5.897,0.0,0.0,2.9537,0.3966,0.386,7,0.8613,1,nan,0.1973,nan,0,1,0
linq,35.0,9.0,eb154,0.154,1,12.8,1,0.23,20000,0.1212,1186.3,2.835,0,0.8788,0.0,5.221,0.0008,0.031,2.626,0.3742,0.3579,7,0.8509,1,nan,0.1604,nan,0,1,0
linq,35.0,9.0,eb154,0.154,1,12.8,1,0.24,20000,0.1212,1186.3,2.835,0,0.8788,0.0,4.586,0.0062,0.077,2.3642,0.3626,0.3414,7,nan,0,0.185,0.1456,0.0,0,1,0
linq,35.0,9.0,eb154,0.154,1,12.8,1,0.25,20000,0.1212,1186.3,2.835,0,0.8788,0.0006,3.986,0.0324,0.212,2.2097,0.3551,0.3295,7,nan,0,0.1559,0.1315,0.0,0,0,0
linq,35.0,9.0,eb154,0.154,1,12.8,1,0.26,20000,0.1212,1186.3,2.835,0,0.8788,0.0027,3.409,0.0916,0.41,2.1824,0.3514,0.3213,7,nan,0,0.141,0.1191,0.0,0,0,0
linq,35.0,9.0,eb154,0.154,1,12.8,1,0.27,20000,0.1212,1186.3,2.835,0,0.8788,0.0124,2.895,0.1746,0.639,2.2376,0.3483,0.3155,7,nan,0,0.1303,0.1089,0.0,0,0,0
linq,35.0,9.0,eb154,0.154,1,12.8,1,0.28,20000,0.1212,1186.3,2.835,0,0.8788,0.046,2.406,0.2716,0.913,2.4435,0.3051,0.28,6,nan,0,0.1196,0.1023,0.0,1,0,0
linq,35.0,9.0,eb154,0.154,1,12.8,1,0.29,20000,0.1212,1186.3,2.835,0,0.8788,0.1083,1.976,0.3623,1.181,2.6721,0.3048,0.2788,6,nan,0,0.1101,0.0982,0.0,0,0,0
linq,35.0,9.0,eb154,0.154,1,12.8,1,0.3,20000,0.1212,1186.3,2.835,0,0.8788,0.1904,1.593,0.4559,1.597,2.9205,0.2678,0.2484,5,nan,0,0.1034,0.0955,0.0,0,0,0
linq,35.0,9.0,eb154,0.154,1,12.8,1,0.31,20000,0.1212,1186.3,2.835,0,0.8788,0.2992,1.256,0.5337,2.03,3.0968,0.2677,0.2484,5,nan,0,0.0981,0.0941,0.0,0,0,0
linq,35.0,9.0,eb154,0.154,1,12.8,1,0.32,20000,0.1212,1186.3,2.835,0,0.8788,0.4112,0.966,0.5929,2.259,3.2488,0.2338,0.22,4,nan,0,0.0955,0.0925,0.0,0,0,0
linq,35.0,9.0,eb154,0.154,1,12.8,1,0.33,20000,0.1212,1186.3,2.835,0,0.8788,0.5329,0.727,0.6396,2.717,3.3325,0.2345,0.2216,4,nan,0,0.0926,0.0934,0.0,0,0,0
linq,35.0,9.0,eb154,0.154,1,12.8,1,0.34,20000,0.1212,1186.3,2.835,0,0.8788,0.6344,0.536,0.693,3.421,3.4214,0.2028,0.1947,3,nan,0,0.0915,0.0945,0.0,0,0,0
linq,35.0,9.0,eb154,0.154,1,12.8,1,0.35,20000,0.1212,1186.3,2.835,0,0.8788,0.724,0.39,0.7294,4.016,3.4776,0.2033,0.1957,3,nan,0,0.0906,0.096,0.0,0,0,0
linq,35.0,9.0,eb154,0.154,1,12.8,1,0.36,20000,0.1212,1186.3,2.835,0,0.8788,0.7945,0.282,0.745,4.169,3.5172,0.1717,0.1687,2,nan,0,0.0905,0.0984,0.0,0,0,0
linq,35.0,9.0,eb154,0.154,1,12.8,1,0.37,20000,0.1212,1186.3,2.835,0,0.8788,0.8488,0.203,0.7722,4.838,3.5462,0.1729,0.1698,2,nan,0,0.0916,0.0989,0.0,0,0,0
linq,35.0,9.0,eb154,0.154,1,12.8,1,0.38,20000,0.1212,1186.3,2.835,0,0.8788,0.9008,0.133,0.7734,4.769,3.5435,0.1389,0.1389,1,nan,0,0.0926,0.098,0.0,0,0,0
linq,35.0,9.0,eb154,0.154,1,12.8,1,0.39,20000,0.1212,1186.3,2.835,0,0.8788,0.9296,0.094,0.7771,4.492,3.5573,0.139,0.139,1,nan,0,0.0939,0.0981,0.0,0,0,0
linq,35.0,9.0,eb154,0.154,1,12.8,1,0.4,20000,0.1212,1186.3,2.835,0,0.8788,0.949,0.067,0.7976,5.472,3.5688,0.1396,0.1396,1,nan,0,0.0955,0.0986,0.0,0,0,0
linq,35.0,9.0,eb154,0.154,1,12.8,1,0.41,20000,0.1212,1186.3,2.835,0,0.8788,0.9649,0.046,0.8118,6.9,3.571,0.1372,0.1372,1,nan,0,0.096,0.0969,0.0,0,0,0
linq,35.0,9.0,eb154,0.154,1,12.8,1,0.42,20000,0.1212,1186.3,2.835,0,0.8788,0.9763,0.031,0.8435,13.857,3.5669,nan,nan,0,nan,0,0.0953,nan,0.0,0,0,0
linq,35.0,9.0,eb154,0.154,1,12.8,1,0.43,20000,0.1212,1186.3,2.835,0,0.8788,0.9839,0.022,0.8077,10.5,3.504,nan,nan,0,nan,0,0.0952,nan,0.0,0,0,0
linq,35.0,9.0,eb154,0.154,1,12.8,1,0.44,20000,0.1212,1186.3,2.835,0,0.8788,0.9889,0.015,0.7778,6.0,3.5183,nan,nan,0,nan,0,0.0954,nan,0.0,0,0,0
linq,35.0,9.0,eb154,0.154,1,12.8,1,0.45,20000,0.1212,1186.3,2.835,0,0.8788,0.9922,0.012,0.6842,3.714,3.3886,nan,nan,0,nan,0,0.0957,nan,0.0,0,0,0
linq,35.0,9.0,eb154,0.154,1,12.8,1,0.46,20000,0.1212,1186.3,2.835,0,0.8788,0.9955,0.008,0.5455,2.0,3.2068,nan,nan,0,nan,0,nan,nan,nan,0,0,0
linq,35.0,9.0,eb154,0.154,1,12.8,1,0.47,20000,0.1212,1186.3,2.835,0,0.8788,0.9967,0.005,0.5625,2.25,3.2636,nan,nan,0,nan,0,nan,nan,nan,0,0,0
linq,35.0,9.0,eb154,0.154,1,12.8,1,0.48,20000,0.1212,1186.3,2.835,0,0.8788,0.9971,0.005,0.6429,4.5,3.3172,nan,nan,0,nan,0,nan,nan,nan,0,0,0
linq,35.0,9.0,eb154,0.154,1,12.8,1,0.49,20000,0.1212,1186.3,2.835,0,0.8788,0.9975,0.004,0.5833,2.333,3.3053,nan,nan,0,nan,0,nan,nan,nan,0,0,0
linq,35.0,9.0,eb154,0.154,1,12.8,1,0.5,20000,0.1212,1186.3,2.835,0,0.8788,0.9975,0.004,0.6667,2.667,3.472,nan,nan,0,nan,0,nan,nan,nan,0,0,0
linq,35.0,9.0,eb154,0.154,1,12.8,1,0.51,20000,0.1212,1186.3,2.835,0,0.8788,0.9979,0.003,0.7,2.333,3.5886,nan,nan,0,nan,0,nan,nan,nan,0,0,0
linq,35.0,9.0,eb154,0.154,1,12.8,1,0.52,20000,0.1212,1186.3,2.835,0,0.8788,0.9981,0.002,0.7778,3.5,3.6664,nan,nan,0,nan,0,nan,nan,nan,0,0,0
linq,35.0,12.79,eb0482,0.0482,1,2.4,0,0.17,20000,0.3692,1542.9,3.687,0,0.6308,0.0,20.678,0.0,nan,15.789,nan,nan,0,2.9629,1,nan,nan,nan,0,0,0
linq,35.0,12.79,eb0482,0.0482,1,2.4,0,0.18,20000,0.3692,1542.9,3.687,0,0.6308,0.0,20.65,0.0,nan,15.7615,nan,nan,0,2.9084,1,nan,nan,nan,0,0,0
linq,35.0,12.79,eb0482,0.0482,1,2.4,0,0.19,20000,0.3692,1542.9,3.687,0,0.6308,0.0,20.624,0.0,nan,15.7355,nan,nan,0,2.8353,1,nan,nan,nan,0,0,0
linq,35.0,12.79,eb0482,0.0482,1,2.4,0,0.2,20000,0.3692,1542.9,3.687,0,0.6308,0.0,20.597,0.0,nan,15.7085,nan,nan,0,2.9172,2,nan,nan,nan,0,0,0
linq,35.0,12.79,eb0482,0.0482,1,2.4,0,0.21,20000,0.3692,1542.9,3.687,0,0.6308,0.0,20.569,0.0,nan,15.6808,nan,nan,0,2.8652,2,nan,nan,nan,0,0,0
linq,35.0,12.79,eb0482,0.0482,1,2.4,0,0.22,20000,0.3692,1542.9,3.687,0,0.6308,0.0,20.544,0.0,nan,15.6554,nan,nan,0,2.7708,2,nan,nan,nan,0,0,0
linq,35.0,12.79,eb0482,0.0482,1,2.4,0,0.23,20000,0.3692,1542.9,3.687,0,0.6308,0.0,20.516,0.0,nan,15.6271,nan,nan,0,2.7565,2,nan,nan,nan,0,0,0
linq,35.0,12.79,eb0482,0.0482,1,2.4,0,0.24,20000,0.3692,1542.9,3.687,0,0.6308,0.0,20.489,0.0,nan,15.6007,nan,nan,0,2.6902,2,nan,nan,nan,0,0,0
linq,35.0,12.79,eb0482,0.0482,1,2.4,0,0.25,20000,0.3692,1542.9,3.687,0,0.6308,0.0,20.464,0.0,nan,15.5755,nan,nan,0,2.6961,2,nan,nan,nan,0,0,0
linq,35.0,12.79,eb0482,0.0482,1,2.4,0,0.26,20000,0.3692,1542.9,3.687,0,0.6308,0.0,20.436,0.0,nan,15.5478,nan,nan,0,2.6767,2,nan,nan,nan,0,0,0
linq,35.0,12.79,eb0482,0.0482,1,2.4,0,0.27,20000,0.3692,1542.9,3.687,0,0.6308,0.0,20.409,0.0,nan,15.5207,nan,nan,0,2.6016,3,nan,nan,nan,0,0,0
linq,35.0,12.79,eb0482,0.0482,1,2.4,0,0.28,20000,0.3692,1542.9,3.687,0,0.6308,0.0,20.382,0.0,nan,15.493,nan,nan,0,2.5834,3,nan,nan,nan,0,0,0
linq,35.0,12.79,eb0482,0.0482,1,2.4,0,0.29,20000,0.3692,1542.9,3.687,0,0.6308,0.0,20.353,0.0,nan,15.4639,nan,nan,0,2.5409,3,nan,nan,nan,0,0,0
linq,35.0,12.79,eb0482,0.0482,1,2.4,0,0.3,20000,0.3692,1542.9,3.687,0,0.6308,0.0,20.324,0.0,nan,15.4358,nan,nan,0,2.5255,3,nan,nan,nan,0,0,0
linq,35.0,12.79,eb0482,0.0482,1,2.4,0,0.31,20000,0.3692,1542.9,3.687,0,0.6308,0.0,20.299,0.0,nan,15.4109,nan,nan,0,2.4474,4,nan,nan,nan,0,0,0
linq,35.0,12.79,eb0482,0.0482,1,2.4,0,0.32,20000,0.3692,1542.9,3.687,0,0.6308,0.0,20.272,0.0,nan,15.3835,nan,nan,0,2.4224,4,nan,nan,nan,0,0,0
linq,35.0,12.79,eb0482,0.0482,1,2.4,0,0.33,20000,0.3692,1542.9,3.687,0,0.6308,0.0,20.245,0.0,nan,15.3561,nan,nan,0,2.4153,4,nan,nan,nan,0,0,0
linq,35.0,12.79,eb0482,0.0482,1,2.4,0,0.34,20000,0.3692,1542.9,3.687,0,0.6308,0.0,20.219,0.0,nan,15.3307,nan,nan,0,2.4015,4,nan,nan,nan,0,0,0
linq,35.0,12.79,eb0482,0.0482,1,2.4,0,0.35,20000,0.3692,1542.9,3.687,0,0.6308,0.0,20.193,0.0,nan,15.3042,nan,nan,0,2.3827,4,nan,nan,nan,0,0,0
linq,35.0,12.79,eb0482,0.0482,1,2.4,0,0.36,20000,0.3692,1542.9,3.687,0,0.6308,0.0,20.168,0.0,nan,15.2792,nan,nan,0,2.2581,5,nan,nan,nan,0,0,0
linq,35.0,12.79,eb0482,0.0482,1,2.4,0,0.37,20000,0.3692,1542.9,3.687,0,0.6308,0.0,20.139,0.0,nan,15.2508,nan,nan,0,2.2425,5,nan,nan,nan,0,0,0
linq,35.0,12.79,eb0482,0.0482,1,2.4,0,0.38,20000,0.3692,1542.9,3.687,0,0.6308,0.0,20.115,0.0,nan,15.2259,nan,nan,0,2.2269,5,nan,nan,nan,0,0,0
linq,35.0,12.79,eb0482,0.0482,1,2.4,0,0.39,20000,0.3692,1542.9,3.687,0,0.6308,0.0,20.089,0.0,nan,15.2003,nan,nan,0,2.2175,5,nan,nan,nan,0,0,0
linq,35.0,12.79,eb0482,0.0482,1,2.4,0,0.4,20000,0.3692,1542.9,3.687,0,0.6308,0.0,20.062,0.0,nan,15.1735,nan,nan,0,2.2106,5,nan,nan,nan,0,0,0
linq,35.0,12.79,eb0482,0.0482,1,2.4,0,0.41,20000,0.3692,1542.9,3.687,0,0.6308,0.0,20.034,0.0,nan,15.1449,nan,nan,0,2.1938,5,nan,nan,nan,0,0,0
linq,35.0,12.79,eb0482,0.0482,1,2.4,0,0.42,20000,0.3692,1542.9,3.687,0,0.6308,0.0,20.008,0.0,nan,15.1194,nan,nan,0,2.0758,6,nan,nan,nan,0,0,0
linq,35.0,12.79,eb0482,0.0482,1,2.4,0,0.43,20000,0.3692,1542.9,3.687,0,0.6308,0.0,19.982,0.0,nan,15.0934,nan,nan,0,2.0748,6,nan,nan,nan,0,0,0
linq,35.0,12.79,eb0482,0.0482,1,2.4,0,0.44,20000,0.3692,1542.9,3.687,0,0.6308,0.0,19.956,0.0,nan,15.0671,nan,nan,0,2.0685,6,nan,nan,nan,0,0,0
linq,35.0,12.79,eb0482,0.0482,1,2.4,0,0.45,20000,0.3692,1542.9,3.687,0,0.6308,0.0,19.929,0.0,nan,15.0405,nan,nan,0,2.0552,6,nan,nan,nan,0,0,0
linq,35.0,12.79,eb0482,0.0482,1,2.4,0,0.46,20000,0.3692,1542.9,3.687,0,0.6308,0.0,19.901,0.0,nan,15.0128,nan,nan,0,2.0452,6,nan,nan,nan,0,0,0
linq,35.0,12.79,eb0482,0.0482,1,2.4,0,0.47,20000,0.3692,1542.9,3.687,0,0.6308,0.0,19.876,0.0,nan,14.9879,nan,nan,0,1.9317,7,nan,nan,nan,0,0,0
linq,35.0,12.79,eb0482,0.0482,1,2.4,0,0.48,20000,0.3692,1542.9,3.687,0,0.6308,0.0,19.849,0.0,nan,14.9604,nan,nan,0,1.9322,7,nan,nan,nan,0,0,0
linq,35.0,12.79,eb0482,0.0482,1,2.4,0,0.49,20000,0.3692,1542.9,3.687,0,0.6308,0.0,19.823,0.0,nan,14.9346,nan,nan,0,1.922,7,nan,nan,nan,0,0,0
linq,35.0,12.79,eb0482,0.0482,1,2.4,0,0.5,20000,0.3692,1542.9,3.687,0,0.6308,0.0,19.8,0.0,nan,14.9116,nan,nan,0,1.9126,7,nan,nan,nan,0,0,0
linq,35.0,12.79,eb0482,0.0482,1,2.4,0,0.51,20000,0.3692,1542.9,3.687,0,0.6308,0.0,19.774,0.0,nan,14.8851,nan,nan,0,1.9052,7,nan,nan,nan,0,0,0
linq,35.0,12.79,eb0482,0.0482,1,2.4,0,0.52,20000,0.3692,1542.9,3.687,0,0.6308,0.0,19.748,0.0,0.0,14.8589,nan,nan,0,1.7996,8,nan,nan,nan,0,0,0
linq,35.0,12.79,eb0482,0.0482,1,3.2,0,0.17,20000,0.3692,1542.9,3.687,0,0.6308,0.0,20.154,0.0,nan,15.2658,nan,nan,0,2.6345,3,nan,nan,nan,0,0,0
linq,35.0,12.79,eb0482,0.0482,1,3.2,0,0.18,20000,0.3692,1542.9,3.687,0,0.6308,0.0,20.097,0.0,nan,15.2083,nan,nan,0,2.562,3,nan,nan,nan,0,0,0
linq,35.0,12.79,eb0482,0.0482,1,3.2,0,0.19,20000,0.3692,1542.9,3.687,0,0.6308,0.0,20.044,0.0,nan,15.1549,nan,nan,0,2.5041,3,nan,nan,nan,0,0,0
linq,35.0,12.79,eb0482,0.0482,1,3.2,0,0.2,20000,0.3692,1542.9,3.687,0,0.6308,0.0,19.985,0.0,nan,15.0962,nan,nan,0,2.4419,4,nan,nan,nan,0,0,0
linq,35.0,12.79,eb0482,0.0482,1,3.2,0,0.21,20000,0.3692,1542.9,3.687,0,0.6308,0.0,19.923,0.0,nan,15.0342,nan,nan,0,2.3889,4,nan,nan,nan,0,0,0
linq,35.0,12.79,eb0482,0.0482,1,3.2,0,0.22,20000,0.3692,1542.9,3.687,0,0.6308,0.0,19.863,0.0,nan,14.9746,nan,nan,0,2.3438,4,nan,nan,nan,0,0,0
linq,35.0,12.79,eb0482,0.0482,1,3.2,0,0.23,20000,0.3692,1542.9,3.687,0,0.6308,0.0,19.809,0.0,nan,14.9203,nan,nan,0,2.3138,4,nan,nan,nan,0,0,0
linq,35.0,12.79,eb0482,0.0482,1,3.2,0,0.24,20000,0.3692,1542.9,3.687,0,0.6308,0.0,19.751,0.0,nan,14.862,nan,nan,0,2.2031,5,nan,nan,nan,0,0,0
linq,35.0,12.79,eb0482,0.0482,1,3.2,0,0.25,20000,0.3692,1542.9,3.687,0,0.6308,0.0,19.692,0.0,nan,14.8029,nan,nan,0,2.183,5,nan,nan,nan,0,0,0
linq,35.0,12.79,eb0482,0.0482,1,3.2,0,0.26,20000,0.3692,1542.9,3.687,0,0.6308,0.0,19.634,0.0,nan,14.7456,nan,nan,0,2.143,5,nan,nan,nan,0,0,0
linq,35.0,12.79,eb0482,0.0482,1,3.2,0,0.27,20000,0.3692,1542.9,3.687,0,0.6308,0.0,19.575,0.0,nan,14.686,nan,nan,0,2.0414,6,nan,nan,nan,0,0,0
linq,35.0,12.79,eb0482,0.0482,1,3.2,0,0.28,20000,0.3692,1542.9,3.687,0,0.6308,0.0,19.518,0.0,nan,14.6296,nan,nan,0,2.0205,6,nan,nan,nan,0,0,0
linq,35.0,12.79,eb0482,0.0482,1,3.2,0,0.29,20000,0.3692,1542.9,3.687,0,0.6308,0.0,19.464,0.0,nan,14.5751,nan,nan,0,1.9957,6,nan,nan,nan,0,0,0
linq,35.0,12.79,eb0482,0.0482,1,3.2,0,0.3,20000,0.3692,1542.9,3.687,0,0.6308,0.0,19.407,0.0,nan,14.5185,nan,nan,0,1.9773,6,nan,nan,nan,0,0,0
linq,35.0,12.79,eb0482,0.0482,1,3.2,0,0.31,20000,0.3692,1542.9,3.687,0,0.6308,0.0,19.347,0.0,nan,14.4583,nan,nan,0,1.87,7,nan,nan,nan,0,0,0
linq,35.0,12.79,eb0482,0.0482,1,3.2,0,0.32,20000,0.3692,1542.9,3.687,0,0.6308,0.0,19.289,0.0,nan,14.4006,nan,nan,0,1.8524,7,nan,nan,nan,0,0,0
linq,35.0,12.79,eb0482,0.0482,1,3.2,0,0.33,20000,0.3692,1542.9,3.687,0,0.6308,0.0,19.236,0.0,nan,14.3477,nan,nan,0,1.8359,7,nan,nan,nan,0,0,0
linq,35.0,12.79,eb0482,0.0482,1,3.2,0,0.34,20000,0.3692,1542.9,3.687,0,0.6308,0.0,19.177,0.0,nan,14.2879,nan,nan,0,1.7372,8,nan,nan,nan,0,0,0
linq,35.0,12.79,eb0482,0.0482,1,3.2,0,0.35,20000,0.3692,1542.9,3.687,0,0.6308,0.0,19.12,0.0,nan,14.2314,nan,nan,0,1.722,8,nan,nan,nan,0,0,0
linq,35.0,12.79,eb0482,0.0482,1,3.2,0,0.36,20000,0.3692,1542.9,3.687,0,0.6308,0.0,19.064,0.0,nan,14.1754,nan,nan,0,1.7101,8,nan,nan,nan,0,0,0
linq,35.0,12.79,eb0482,0.0482,1,3.2,0,0.37,20000,0.3692,1542.9,3.687,0,0.6308,0.0,19.007,0.0,nan,14.1186,nan,nan,0,1.696,8,nan,nan,nan,0,0,0
linq,35.0,12.79,eb0482,0.0482,1,3.2,0,0.38,20000,0.3692,1542.9,3.687,0,0.6308,0.0,18.949,0.0,nan,14.0604,nan,nan,0,1.6814,8,nan,nan,nan,0,0,0
linq,35.0,12.79,eb0482,0.0482,1,3.2,0,0.39,20000,0.3692,1542.9,3.687,0,0.6308,0.0,18.893,0.0,nan,14.0043,nan,nan,0,1.6708,8,nan,nan,nan,0,0,0
linq,35.0,12.79,eb0482,0.0482,1,3.2,0,0.4,20000,0.3692,1542.9,3.687,0,0.6308,0.0,18.836,0.0,0.0,13.9472,nan,nan,0,1.6621,8,nan,nan,nan,0,0,0
linq,35.0,12.79,eb0482,0.0482,1,3.2,0,0.41,20000,0.3692,1542.9,3.687,0,0.6308,0.0,18.778,0.0,0.0,13.8897,0.7972,0.7972,1,1.6492,8,nan,nan,nan,0,0,0
linq,35.0,12.79,eb0482,0.0482,1,3.2,0,0.42,20000,0.3692,1542.9,3.687,0,0.6308,0.0,18.727,0.0,0.0,13.8387,0.8077,0.8077,1,1.6372,8,nan,nan,nan,0,0,0
linq,35.0,12.79,eb0482,0.0482,1,3.2,0,0.43,20000,0.3692,1542.9,3.687,0,0.6308,0.0,18.673,0.0001,0.333,13.7844,0.8,0.8,1,1.6259,8,nan,nan,nan,0,0,0
linq,35.0,12.79,eb0482,0.0482,1,3.2,0,0.44,20000,0.3692,1542.9,3.687,0,0.6308,0.0,18.616,0.0002,3.0,13.7275,0.7086,0.7045,2,1.6126,8,nan,nan,nan,0,0,0
linq,35.0,12.79,eb0482,0.0482,1,3.2,0,0.45,20000,0.3692,1542.9,3.687,0,0.6308,0.0,18.559,0.0002,3.0,13.67,0.7244,0.722,2,1.6035,8,nan,nan,nan,0,0,0
linq,35.0,12.79,eb0482,0.0482,1,3.2,0,0.46,20000,0.3692,1542.9,3.687,0,0.6308,0.0,18.503,0.0002,3.0,13.6139,0.7174,0.7144,2,1.5955,8,nan,nan,nan,0,0,0
linq,35.0,12.79,eb0482,0.0482,1,3.2,0,0.47,20000,0.3692,1542.9,3.687,0,0.6308,0.0,18.446,0.0003,nan,13.5577,0.721,0.7165,2,1.5867,8,nan,nan,nan,0,0,0
linq,35.0,12.79,eb0482,0.0482,1,3.2,0,0.48,20000,0.3692,1542.9,3.687,0,0.6308,0.0001,18.389,0.0001,1.0,13.5029,0.6654,0.6577,3,1.5766,8,nan,nan,nan,0,0,0
linq,35.0,12.79,eb0482,0.0482,1,3.2,0,0.49,20000,0.3692,1542.9,3.687,0,0.6308,0.0002,18.337,0.0001,0.333,13.4518,0.6594,0.653,3,1.5684,8,nan,nan,nan,0,0,0
linq,35.0,12.79,eb0482,0.0482,1,3.2,0,0.5,20000,0.3692,1542.9,3.687,0,0.6308,0.0002,18.279,0.0001,0.25,13.3945,0.6519,0.6455,3,1.5576,8,nan,nan,nan,0,0,0
linq,35.0,12.79,eb0482,0.0482,1,3.2,0,0.51,20000,0.3692,1542.9,3.687,0,0.6308,0.0002,18.226,0.0001,0.333,13.3408,0.5956,0.5839,4,1.5496,8,nan,nan,nan,0,0,0
linq,35.0,12.79,eb0482,0.0482,1,3.2,0,0.52,20000,0.3692,1542.9,3.687,0,0.6308,0.0003,18.172,0.0001,0.286,13.2879,0.5952,0.585,4,1.5403,8,nan,nan,nan,0,0,0
linq,35.0,12.79,eb0482,0.0482,1,4.8,0,0.17,20000,0.3692,1542.9,3.687,0,0.6308,0.0,18.84,0.0,nan,13.9513,nan,nan,0,1.9933,6,nan,nan,nan,0,0,0
linq,35.0,12.79,eb0482,0.0482,1,4.8,0,0.18,20000,0.3692,1542.9,3.687,0,0.6308,0.0,18.705,0.0,nan,13.8165,nan,nan,0,1.9296,6,nan,nan,nan,0,0,0
linq,35.0,12.79,eb0482,0.0482,1,4.8,0,0.19,20000,0.3692,1542.9,3.687,0,0.6308,0.0,18.575,0.0,nan,13.686,nan,nan,0,1.8284,7,nan,nan,nan,0,0,0
linq,35.0,12.79,eb0482,0.0482,1,4.8,0,0.2,20000,0.3692,1542.9,3.687,0,0.6308,0.0,18.441,0.0,nan,13.5523,nan,nan,0,1.7839,7,nan,nan,nan,0,0,0
linq,35.0,12.79,eb0482,0.0482,1,4.8,0,0.21,20000,0.3692,1542.9,3.687,0,0.6308,0.0,18.311,0.0,nan,13.4222,nan,nan,0,1.7435,7,nan,nan,nan,0,0,0
linq,35.0,12.79,eb0482,0.0482,1,4.8,0,0.22,20000,0.3692,1542.9,3.687,0,0.6308,0.0,18.18,0.0,nan,13.2913,nan,nan,0,1.6454,8,nan,nan,nan,0,0,0
linq,35.0,12.79,eb0482,0.0482,1,4.8,0,0.23,20000,0.3692,1542.9,3.687,0,0.6308,0.0,18.046,0.0,nan,13.1578,nan,nan,0,1.6167,8,nan,nan,nan,0,0,0
linq,35.0,12.79,eb0482,0.0482,1,4.8,0,0.24,20000,0.3692,1542.9,3.687,0,0.6308,0.0,17.92,0.0,nan,13.0317,nan,nan,0,1.5884,8,nan,nan,nan,0,0,0
linq,35.0,12.79,eb0482,0.0482,1,4.8,0,0.25,20000,0.3692,1542.9,3.687,0,0.6308,0.0,17.791,0.0,nan,12.9024,nan,nan,0,1.5649,8,nan,nan,nan,0,0,0
linq,35.0,12.79,eb0482,0.0482,1,4.8,0,0.26,20000,0.3692,1542.9,3.687,0,0.6308,0.0,17.659,0.0,nan,12.7708,nan,nan,0,1.5404,8,nan,nan,nan,0,0,0
linq,35.0,12.79,eb0482,0.0482,1,4.8,0,0.27,20000,0.3692,1542.9,3.687,0,0.6308,0.0,17.527,0.0,nan,12.6382,0.822,0.822,1,1.5171,8,nan,nan,nan,0,0,0
linq,35.0,12.79,eb0482,0.0482,1,4.8,0,0.28,20000,0.3692,1542.9,3.687,0,0.6308,0.0,17.4,0.0,nan,12.5111,0.7836,0.7836,1,1.4975,8,nan,nan,nan,0,0,0
linq,35.0,12.79,eb0482,0.0482,1,4.8,0,0.29,20000,0.3692,1542.9,3.687,0,0.6308,0.0,17.272,0.0,nan,12.383,0.7292,0.7271,2,1.4791,8,nan,nan,nan,0,0,0
linq,35.0,12.79,eb0482,0.0482,1,4.8,0,0.3,20000,0.3692,1542.9,3.687,0,0.6308,0.0,17.141,0.0,0.0,12.2527,0.7164,0.7127,2,1.4593,8,nan,nan,nan,0,0,0
linq,35.0,12.79,eb0482,0.0482,1,4.8,0,0.31,20000,0.3692,1542.9,3.687,0,0.6308,0.0,17.01,0.0,0.0,12.1209,0.6541,0.6487,3,1.4422,8,nan,nan,nan,0,0,0
linq,35.0,12.79,eb0482,0.0482,1,4.8,0,0.32,20000,0.3692,1542.9,3.687,0,0.6308,0.0,16.883,0.0,0.0,11.9946,0.645,0.6395,3,1.4268,8,nan,nan,nan,0,0,0
linq,35.0,12.79,eb0482,0.0482,1,4.8,0,0.33,20000,0.3692,1542.9,3.687,0,0.6308,0.0,16.752,0.0001,1.0,11.8631,0.5932,0.5829,4,1.4111,8,nan,nan,nan,0,0,0
linq,35.0,12.79,eb0482,0.0482,1,4.8,0,0.34,20000,0.3692,1542.9,3.687,0,0.6308,0.0,16.625,0.0002,1.0,11.7367,0.5884,0.5778,4,1.3979,8,nan,nan,nan,0,0,0
linq,35.0,12.79,eb0482,0.0482,1,4.8,0,0.35,20000,0.3692,1542.9,3.687,0,0.6308,0.0,16.491,0.0003,1.0,11.6026,0.5356,0.5192,5,1.3843,8,nan,nan,nan,0,0,0
linq,35.0,12.79,eb0482,0.0482,1,4.8,0,0.36,20000,0.3692,1542.9,3.687,0,0.6308,0.0001,16.364,0.0002,0.333,11.4766,0.5304,0.5143,5,1.3737,8,nan,nan,nan,0,0,0
linq,35.0,12.79,eb0482,0.0482,1,4.8,0,0.37,20000,0.3692,1542.9,3.687,0,0.6308,0.0002,16.236,0.0003,0.364,11.3504,0.4838,0.4603,6,1.3628,8,nan,nan,nan,0,0,0
linq,35.0,12.79,eb0482,0.0482,1,4.8,0,0.38,20000,0.3692,1542.9,3.687,0,0.6308,0.0003,16.105,0.0003,0.211,11.2208,0.4768,0.4535,6,1.3529,8,nan,nan,nan,0,0,0
linq,35.0,12.79,eb0482,0.0482,1,4.8,0,0.39,20000,0.3692,1542.9,3.687,0,0.6308,0.0003,15.981,0.0006,0.45,11.0967,0.4315,0.3983,7,1.342,8,nan,0.1381,nan,0,0,0
linq,35.0,12.79,eb0482,0.0482,1,4.8,0,0.4,20000,0.3692,1542.9,3.687,0,0.6308,0.0003,15.857,0.0009,0.5,10.9726,0.4245,0.392,7,1.3327,8,nan,0.1334,nan,0,0,0
linq,35.0,12.79,eb0482,0.0482,1,4.8,0,0.41,20000,0.3692,1542.9,3.687,0,0.6308,0.0004,15.728,0.0014,0.618,10.8456,0.4188,0.3868,7,1.3228,8,0.143,0.131,0.0,0,0,0
linq,35.0,12.79,eb0482,0.0482,1,4.8,0,0.42,20000,0.3692,1542.9,3.687,0,0.6308,0.0005,15.598,0.0016,0.471,10.7179,0.4148,0.3828,7,1.3132,8,0.1373,0.1274,0.0,0,0,0
linq,35.0,12.79,eb0482,0.0482,1,4.8,0,0.43,20000,0.3692,1542.9,3.687,0,0.6308,0.0009,15.466,0.0019,0.389,10.5909,0.4105,0.3791,7,1.3052,8,0.1315,0.1294,0.0,0,0,0
linq,35.0,12.79,eb0482,0.0482,1,4.8,0,0.44,20000,0.3692,1542.9,3.687,0,0.6308,0.0011,15.347,0.0029,0.573,10.475,0.4062,0.375,7,1.299,8,0.1312,0.127,0.0,0,0,0
linq,35.0,12.79,eb0482,0.0482,1,4.8,0,0.45,20000,0.3692,1542.9,3.687,0,0.6308,0.0015,15.221,0.0036,0.609,10.3548,0.4029,0.3726,7,1.2917,8,0.1271,0.13,0.0,0,0,0
linq,35.0,12.79,eb0482,0.0482,1,4.8,0,0.46,20000,0.3692,1542.9,3.687,0,0.6308,0.0019,15.097,0.0046,0.602,10.2371,0.3979,0.3677,7,1.2852,8,0.1246,0.1265,0.0,0,0,0
linq,35.0,12.79,eb0482,0.0482,1,4.8,0,0.47,20000,0.3692,1542.9,3.687,0,0.6308,0.0023,14.976,0.006,0.698,10.1215,0.3936,0.364,7,1.2789,8,0.1249,0.1237,0.0,0,0,0
linq,35.0,12.79,eb0482,0.0482,1,4.8,0,0.48,20000,0.3692,1542.9,3.687,0,0.6308,0.0031,14.849,0.0067,0.702,10.0065,0.3896,0.36,7,1.2731,8,0.1257,0.1215,0.0,0,0,0
linq,35.0,12.79,eb0482,0.0482,1,4.8,0,0.49,20000,0.3692,1542.9,3.687,0,0.6308,0.0041,14.723,0.0082,0.784,9.8944,0.385,0.3559,7,1.2659,8,0.1238,0.1214,0.0,0,0,0
linq,35.0,12.79,eb0482,0.0482,1,4.8,0,0.5,20000,0.3692,1542.9,3.687,0,0.6308,0.0053,14.601,0.0095,0.87,9.7913,0.381,0.3528,7,1.2605,8,0.1226,0.123,0.0,0,0,0
linq,35.0,12.79,eb0482,0.0482,1,4.8,0,0.51,20000,0.3692,1542.9,3.687,0,0.6308,0.0064,14.482,0.011,1.006,9.6867,0.3782,0.3502,7,1.2548,8,0.1208,0.1232,0.0,0,0,0
linq,35.0,12.79,eb0482,0.0482,1,4.8,0,0.52,20000,0.3692,1542.9,3.687,0,0.6308,0.0081,14.361,0.0117,0.887,9.5896,0.3734,0.3459,7,1.25,8,0.1195,0.1212,0.0,0,0,0
linq,35.0,12.79,eb0482,0.0482,1,6.4,0,0.17,20000,0.3692,1542.9,3.687,0,0.6308,0.0,17.506,0.0,nan,12.6178,nan,nan,0,1.6573,7,nan,nan,nan,0,0,0
linq,35.0,12.79,eb0482,0.0482,1,6.4,0,0.18,20000,0.3692,1542.9,3.687,0,0.6308,0.0,17.293,0.0,nan,12.4042,nan,nan,0,1.5587,8,nan,nan,nan,0,0,0
linq,35.0,12.79,eb0482,0.0482,1,6.4,0,0.19,20000,0.3692,1542.9,3.687,0,0.6308,0.0,17.092,0.0,nan,12.2029,nan,nan,0,1.5164,8,nan,nan,nan,0,0,0
linq,35.0,12.79,eb0482,0.0482,1,6.4,0,0.2,20000,0.3692,1542.9,3.687,0,0.6308,0.0,16.887,0.0,nan,11.9988,nan,nan,0,1.4798,8,nan,nan,nan,0,0,0
linq,35.0,12.79,eb0482,0.0482,1,6.4,0,0.21,20000,0.3692,1542.9,3.687,0,0.6308,0.0,16.68,0.0,nan,11.7912,0.8687,0.8687,1,1.4479,8,nan,nan,nan,0,0,0
linq,35.0,12.79,eb0482,0.0482,1,6.4,0,0.22,20000,0.3692,1542.9,3.687,0,0.6308,0.0,16.476,0.0,nan,11.5876,0.8064,0.8064,1,1.4172,8,nan,nan,nan,0,0,0
linq,35.0,12.79,eb0482,0.0482,1,6.4,0,0.23,20000,0.3692,1542.9,3.687,0,0.6308,0.0,16.272,0.0,nan,11.3836,0.7349,0.7328,2,1.3911,8,nan,nan,nan,0,0,0
linq,35.0,12.79,eb0482,0.0482,1,6.4,0,0.24,20000,0.3692,1542.9,3.687,0,0.6308,0.0,16.064,0.0,nan,11.1753,0.6793,0.676,3,1.3659,8,nan,nan,nan,0,0,0
linq,35.0,12.79,eb0482,0.0482,1,6.4,0,0.25,20000,0.3692,1542.9,3.687,0,0.6308,0.0,15.861,0.0,nan,10.9719,0.6542,0.6493,3,1.3437,8,nan,nan,nan,0,0,0
linq,35.0,12.79,eb0482,0.0482,1,6.4,0,0.26,20000,0.3692,1542.9,3.687,0,0.6308,0.0,15.654,0.0,nan,10.7655,0.6371,0.6314,3,1.3233,8,nan,nan,nan,0,0,0
linq,35.0,12.79,eb0482,0.0482,1,6.4,0,0.27,20000,0.3692,1542.9,3.687,0,0.6308,0.0,15.449,0.0,0.0,10.5607,0.5855,0.577,4,1.3066,8,nan,nan,nan,0,0,0
linq,35.0,12.79,eb0482,0.0482,1,6.4,0,0.28,20000,0.3692,1542.9,3.687,0,0.6308,0.0,15.254,0.0,0.0,10.3655,0.572,0.563,4,1.2917,8,nan,nan,nan,0,0,0
linq,35.0,12.79,eb0482,0.0482,1,6.4,0,0.29,20000,0.3692,1542.9,3.687,0,0.6308,0.0,15.047,0.0002,0.75,10.158,0.4822,0.4644,6,1.2766,8,nan,nan,nan,0,0,0
linq,35.0,12.79,eb0482,0.0482,1,6.4,0,0.3,20000,0.3692,1542.9,3.687,0,0.6308,0.0,14.844,0.0003,0.444,9.9557,0.469,0.4497,6,1.2635,8,nan,nan,nan,0,0,0
linq,35.0,12.79,eb0482,0.0482,1,6.4,0,0.31,20000,0.3692,1542.9,3.687,0,0.6308,0.0,14.641,0.0004,0.333,9.7527,0.4593,0.4405,6,1.2524,8,nan,nan,nan,0,0,0
linq,35.0,12.79,eb0482,0.0482,1,6.4,0,0.32,20000,0.3692,1542.9,3.687,0,0.6308,0.0002,14.44,0.0005,0.348,9.5544,0.4149,0.3866,7,1.2406,8,nan,0.1393,nan,0,0,0
linq,35.0,12.79,eb0482,0.0482,1,6.4,0,0.33,20000,0.3692,1542.9,3.687,0,0.6308,0.0003,14.233,0.0009,0.326,9.3486,0.4058,0.3782,7,1.2311,8,nan,0.1341,nan,0,0,0
linq,35.0,12.79,eb0482,0.0482,1,6.4,0,0.34,20000,0.3692,1542.9,3.687,0,0.6308,0.0003,14.033,0.0016,0.348,9.1481,0.3978,0.3698,7,1.2217,8,0.1424,0.1281,0.0,0,0,0
linq,35.0,12.79,eb0482,0.0482,1,6.4,0,0.35,20000,0.3692,1542.9,3.687,0,0.6308,0.0005,13.833,0.0026,0.398,8.9514,0.3905,0.3641,7,1.213,8,0.1338,0.1296,0.0,0,0,0
linq,35.0,12.79,eb0482,0.0482,1,6.4,0,0.36,20000,0.3692,1542.9,3.687,0,0.6308,0.0009,13.638,0.0039,0.414,8.7624,0.3837,0.3576,7,1.2048,8,0.1275,0.1263,0.0,0,0,0
linq,35.0,12.79,eb0482,0.0482,1,6.4,0,0.37,20000,0.3692,1542.9,3.687,0,0.6308,0.0015,13.437,0.0062,0.582,8.5688,0.3773,0.3512,7,1.1979,8,0.126,0.1232,0.0,0,0,0
linq,35.0,12.79,eb0482,0.0482,1,6.4,0,0.38,20000,0.3692,1542.9,3.687,0,0.6308,0.0022,13.239,0.0083,0.589,8.3793,0.3708,0.3451,7,1.1902,8,0.1264,0.1217,0.0,0,0,0
linq,35.0,12.79,eb0482,0.0482,1,6.4,0,0.39,20000,0.3692,1542.9,3.687,0,0.6308,0.0034,13.047,0.0113,0.788,8.2027,0.3667,0.3411,7,1.1836,8,0.123,0.1222,0.0,0,0,0
linq,35.0,12.79,eb0482,0.0482,1,6.4,0,0.4,20000,0.3692,1542.9,3.687,0,0.6308,0.0051,12.853,0.0136,0.733,8.0302,0.3617,0.336,7,1.1764,8,0.1206,0.1209,0.0,0,0,0
linq,35.0,12.79,eb0482,0.0482,1,6.4,0,0.41,20000,0.3692,1542.9,3.687,0,0.6308,0.0077,12.661,0.0167,0.881,7.871,0.358,0.3317,7,1.1726,8,0.1197,0.1181,0.0,0,0,0
linq,35.0,12.79,eb0482,0.0482,1,6.4,0,0.42,20000,0.3692,1542.9,3.687,0,0.6308,0.0098,12.471,0.0185,0.821,7.7065,0.3532,0.327,7,1.1681,8,0.1189,0.1155,0.0,0,0,0
linq,35.0,12.79,eb0482,0.0482,1,6.4,0,0.43,20000,0.3692,1542.9,3.687,0,0.6308,0.0137,12.286,0.0224,0.991,7.5678,0.3488,0.3228,7,1.1634,8,0.1167,0.1137,0.0,0,0,0
linq,35.0,12.79,eb0482,0.0482,1,6.4,0,0.44,20000,0.3692,1542.9,3.687,0,0.6308,0.0173,12.108,0.0247,0.968,7.4325,0.3452,0.3187,7,1.1598,8,0.1164,0.11,0.0,0,0,0
linq,35.0,12.79,eb0482,0.0482,1,6.4,0,0.45,20000,0.3692,1542.9,3.687,0,0.6308,0.0215,11.923,0.0268,0.937,7.2959,0.3405,0.3145,7,1.1552,8,0.1143,0.1079,0.0,0,0,0
linq,35.0,12.79,eb0482,0.0482,1,6.4,0,0.46,20000,0.3692,1542.9,3.687,0,0.6308,0.0263,11.746,0.0292,0.921,7.1739,0.3377,0.3115,7,1.151,8,0.1123,0.1067,0.0,0,0,0
linq,35.0,12.79,eb0482,0.0482,1,6.4,0,0.47,20000,0.3692,1542.9,3.687,0,0.6308,0.0311,11.569,0.0324,0.961,7.0514,0.335,0.3088,7,1.1469,8,0.1099,0.1062,0.0,0,0,0
linq,35.0,12.79,eb0482,0.0482,1,6.4,0,0.48,20000,0.3692,1542.9,3.687,0,0.6308,0.0373,11.399,0.0341,0.912,6.9518,0.3318,0.306,7,1.1439,8,0.1069,0.1065,0.0,0,0,0
linq,35.0,12.79,eb0482,0.0482,1,6.4,0,0.49,20000,0.3692,1542.9,3.687,0,0.6308,0.0422,11.229,0.0393,1.041,6.8354,0.329,0.3031,7,1.1414,8,0.106,0.1045,0.0,0,0,0
linq,35.0,12.79,eb0482,0.0482,1,6.4,0,0.5,20000,0.3692,1542.9,3.687,0,0.6308,0.0483,11.064,0.0416,1.086,6.7372,0.3265,0.3005,7,1.1385,8,0.1046,0.103,0.0,0,0,0
linq,35.0,12.79,eb0482,0.0482,1,6.4,0,0.51,20000,0.3692,1542.9,3.687,0,0.6308,0.0545,10.899,0.0458,1.164,6.6386,0.3237,0.2979,7,1.1357,8,0.1031,0.1015,0.0,0,0,0
linq,35.0,12.79,eb0482,0.0482,1,6.4,0,0.52,20000,0.3692,1542.9,3.687,0,0.6308,0.0615,10.739,0.0488,1.201,6.5538,0.321,0.2951,7,1.1337,8,0.1029,0.0994,0.0,0,0,0
linq,35.0,12.79,eb0482,0.0482,1,9.6,1,0.17,20000,0.3692,1542.9,3.687,0,0.6308,0.0,15.22,0.0,nan,10.3311,0.9009,0.9009,1,1.3224,8,nan,nan,nan,0,0,0
linq,35.0,12.79,eb0482,0.0482,1,9.6,1,0.18,20000,0.3692,1542.9,3.687,0,0.6308,0.0,14.888,0.0,nan,9.9997,0.8078,0.8078,1,1.2868,8,nan,nan,nan,0,0,0
linq,35.0,12.79,eb0482,0.0482,1,9.6,1,0.19,20000,0.3692,1542.9,3.687,0,0.6308,0.0,14.551,0.0,nan,9.6628,0.7248,0.7238,2,1.2561,8,nan,nan,nan,0,0,0
linq,35.0,12.79,eb0482,0.0482,1,9.6,1,0.2,20000,0.3692,1542.9,3.687,0,0.6308,0.0,14.214,0.0,nan,9.3249,0.6603,0.6576,3,1.2315,8,nan,nan,nan,0,0,0
linq,35.0,12.79,eb0482,0.0482,1,9.6,1,0.21,20000,0.3692,1542.9,3.687,0,0.6308,0.0,13.877,0.0,nan,8.9888,0.5916,0.5863,4,1.2099,8,nan,nan,nan,0,0,0
linq,35.0,12.79,eb0482,0.0482,1,9.6,1,0.22,20000,0.3692,1542.9,3.687,0,0.6308,0.0,13.545,0.0,nan,8.6568,0.5599,0.5538,4,1.192,8,nan,nan,nan,0,0,0
linq,35.0,12.79,eb0482,0.0482,1,9.6,1,0.23,20000,0.3692,1542.9,3.687,0,0.6308,0.0,13.213,0.0,0.0,8.3245,0.5051,0.4959,5,1.1768,8,nan,nan,nan,0,0,0
linq,35.0,12.79,eb0482,0.0482,1,9.6,1,0.24,20000,0.3692,1542.9,3.687,0,0.6308,0.0,12.873,0.0,0.0,7.984,0.4531,0.4396,6,1.1632,8,nan,nan,nan,0,0,0
linq,35.0,12.79,eb0482,0.0482,1,9.6,1,0.25,20000,0.3692,1542.9,3.687,0,0.6308,0.0,12.543,0.0002,0.25,7.6541,0.4339,0.4195,6,1.153,8,nan,nan,nan,0,0,0
linq,35.0,12.79,eb0482,0.0482,1,9.6,1,0.26,20000,0.3692,1542.9,3.687,0,0.6308,0.0,12.208,0.0003,0.133,7.3198,0.3894,0.3681,7,1.144,8,nan,0.142,nan,0,0,0
linq,35.0,12.79,eb0482,0.0482,1,9.6,1,0.27,20000,0.3692,1542.9,3.687,0,0.6308,0.0,11.882,0.001,0.197,6.9937,0.3763,0.3537,7,1.1366,8,nan,0.1297,nan,0,0,0
linq,35.0,12.79,eb0482,0.0482,1,9.6,1,0.28,20000,0.3692,1542.9,3.687,0,0.6308,0.0003,11.545,0.002,0.182,6.6593,0.3654,0.3435,7,1.1307,8,0.1386,0.1281,0.0,0,0,0
linq,35.0,12.79,eb0482,0.0482,1,9.6,1,0.29,20000,0.3692,1542.9,3.687,0,0.6308,0.0004,11.226,0.005,0.303,6.3421,0.3557,0.334,7,1.1264,8,0.1297,0.1249,0.0,0,0,0
linq,35.0,12.79,eb0482,0.0482,1,9.6,1,0.3,20000,0.3692,1542.9,3.687,0,0.6308,0.001,10.9,0.0097,0.413,6.0223,0.3469,0.3248,7,1.1205,8,0.1274,0.1202,0.0,0,0,0
linq,35.0,12.79,eb0482,0.0482,1,9.6,1,0.31,20000,0.3692,1542.9,3.687,0,0.6308,0.0022,10.581,0.0166,0.575,5.715,0.339,0.3173,7,1.1161,8,0.1216,0.1185,0.0,0,0,0
linq,35.0,12.79,eb0482,0.0482,1,9.6,1,0.32,20000,0.3692,1542.9,3.687,0,0.6308,0.0048,10.272,0.0233,0.66,5.4334,0.3312,0.3092,7,1.1135,8,0.1205,0.1132,0.0,0,0,0
linq,35.0,12.79,eb0482,0.0482,1,9.6,1,0.33,20000,0.3692,1542.9,3.687,0,0.6308,0.0092,9.963,0.0323,0.769,5.1671,0.3242,0.3021,7,1.1098,8,0.1174,0.1085,0.0,0,0,0
linq,35.0,12.79,eb0482,0.0482,1,9.6,1,0.34,20000,0.3692,1542.9,3.687,0,0.6308,0.0163,9.66,0.0388,0.78,4.9318,0.3186,0.2964,7,1.1076,8,0.1143,0.1063,0.0,0,0,0
linq,35.0,12.79,eb0482,0.0482,1,9.6,1,0.35,20000,0.3692,1542.9,3.687,0,0.6308,0.0249,9.368,0.0465,0.856,4.7179,0.3132,0.2914,7,1.1046,8,0.1094,0.1045,0.0,0,0,0
linq,35.0,12.79,eb0482,0.0482,1,9.6,1,0.36,20000,0.3692,1542.9,3.687,0,0.6308,0.0351,9.081,0.0554,0.922,4.5229,0.3082,0.2863,7,1.1023,8,0.1066,0.1012,0.0,0,0,0
linq,35.0,12.79,eb0482,0.0482,1,9.6,1,0.37,20000,0.3692,1542.9,3.687,0,0.6308,0.0456,8.805,0.0669,1.055,4.337,0.3039,0.2817,7,1.1005,8,0.104,0.0979,0.0,0,0,0
linq,35.0,12.79,eb0482,0.0482,1,9.6,1,0.38,20000,0.3692,1542.9,3.687,0,0.6308,0.0588,8.536,0.0722,1.049,4.1809,0.3001,0.2778,7,1.0994,8,0.1014,0.0965,0.0,0,0,0
linq,35.0,12.79,eb0482,0.0482,1,9.6,1,0.39,20000,0.3692,1542.9,3.687,0,0.6308,0.0733,8.277,0.0811,1.154,4.0427,0.2963,0.2743,7,1.0988,8,0.0992,0.0956,0.0,0,0,0
linq,35.0,12.79,eb0482,0.0482,1,9.6,1,0.4,20000,0.3692,1542.9,3.687,0,0.6308,0.0903,8.021,0.0884,1.244,3.9288,0.2931,0.2709,7,1.0965,8,0.0967,0.0948,0.0,0,0,0
linq,35.0,12.79,eb0482,0.0482,1,9.6,1,0.41,20000,0.3692,1542.9,3.687,0,0.6308,0.1087,7.782,0.0918,1.26,3.8428,0.2891,0.2674,7,1.0951,8,0.0943,0.0939,0.0,0,0,0
linq,35.0,12.79,eb0482,0.0482,1,9.6,1,0.42,20000,0.3692,1542.9,3.687,0,0.6308,0.1245,7.555,0.0985,1.344,3.7401,0.2864,0.2644,7,1.0952,8,0.0935,0.0923,0.0,0,0,0
linq,35.0,12.79,eb0482,0.0482,1,9.6,1,0.43,20000,0.3692,1542.9,3.687,0,0.6308,0.1436,7.323,0.1025,1.352,3.6624,0.2834,0.2614,7,1.0941,8,0.0925,0.0901,0.0,0,0,0
linq,35.0,12.79,eb0482,0.0482,1,9.6,1,0.44,20000,0.3692,1542.9,3.687,0,0.6308,0.164,7.111,0.1028,1.336,3.6178,0.2806,0.2585,7,1.0924,8,0.092,0.0885,0.0,0,0,0
linq,35.0,12.79,eb0482,0.0482,1,9.6,1,0.45,20000,0.3692,1542.9,3.687,0,0.6308,0.1816,6.911,0.1054,1.308,3.5564,0.2787,0.2565,7,1.0909,8,0.0903,0.0879,0.0,0,1,0
linq,35.0,12.79,eb0482,0.0482,1,9.6,1,0.46,20000,0.3692,1542.9,3.687,0,0.6308,0.2002,6.707,0.1072,1.274,3.4968,0.2762,0.2539,7,1.0895,8,0.0895,0.0868,0.0,0,1,0
linq,35.0,12.79,eb0482,0.0482,1,9.6,1,0.47,20000,0.3692,1542.9,3.687,0,0.6308,0.2189,6.514,0.1122,1.337,3.45,0.2742,0.2519,7,1.0902,8,0.0875,0.0858,0.0,0,1,0
linq,35.0,12.79,eb0482,0.0482,1,9.6,1,0.48,20000,0.3692,1542.9,3.687,0,0.6308,0.2362,6.341,0.1137,1.349,3.4125,0.2727,0.2502,7,1.0899,8,0.0864,0.0843,0.0,0,1,0
linq,35.0,12.79,eb0482,0.0482,1,9.6,1,0.49,20000,0.3692,1542.9,3.687,0,0.6308,0.2535,6.163,0.1168,1.369,3.3662,0.2705,0.248,7,1.0896,8,0.0853,0.0836,0.0,0,1,0
linq,35.0,12.79,eb0482,0.0482,1,9.6,1,0.5,20000,0.3692,1542.9,3.687,0,0.6308,0.2692,5.994,0.1221,1.456,3.3127,0.2695,0.2466,7,1.0893,8,0.0846,0.0821,0.0,0,1,0
linq,35.0,12.79,eb0482,0.0482,1,9.6,1,0.51,20000,0.3692,1542.9,3.687,0,0.6308,0.2853,5.837,0.1246,1.466,3.2778,0.2683,0.2453,7,1.0887,8,0.0835,0.0813,0.0,0,1,0
linq,35.0,12.79,eb0482,0.0482,1,9.6,1,0.52,20000,0.3692,1542.9,3.687,0,0.6308,0.305,5.681,0.1221,1.417,3.2849,0.2676,0.2443,7,1.0879,8,0.0826,0.0807,0.0,0,1,0
linq,35.0,12.79,eb0482,0.0482,1,12.8,1,0.17,20000,0.3692,1542.9,3.687,0,0.6308,0.0,13.459,0.0,nan,8.5701,0.7314,0.7307,2,1.1954,8,nan,nan,nan,0,0,0
linq,35.0,12.79,eb0482,0.0482,1,12.8,1,0.18,20000,0.3692,1542.9,3.687,0,0.6308,0.0,13.026,0.0,nan,8.1378,0.6505,0.6487,3,1.1724,8,nan,nan,nan,0,0,0
linq,35.0,12.79,eb0482,0.0482,1,12.8,1,0.19,20000,0.3692,1542.9,3.687,0,0.6308,0.0,12.588,0.0,nan,7.6996,0.6032,0.6014,3,1.155,8,nan,nan,nan,0,0,0
linq,35.0,12.79,eb0482,0.0482,1,12.8,1,0.2,20000,0.3692,1542.9,3.687,0,0.6308,0.0,12.147,0.0,nan,7.2587,0.5347,0.5308,4,1.1398,8,nan,nan,nan,0,0,0
linq,35.0,12.79,eb0482,0.0482,1,12.8,1,0.21,20000,0.3692,1542.9,3.687,0,0.6308,0.0,11.714,0.0,nan,6.8249,0.4772,0.4704,5,1.1282,8,nan,nan,nan,0,0,0
linq,35.0,12.79,eb0482,0.0482,1,12.8,1,0.22,20000,0.3692,1542.9,3.687,0,0.6308,0.0,11.276,0.0,0.0,6.3869,0.4259,0.4149,6,1.1184,8,nan,nan,nan,0,0,0
linq,35.0,12.79,eb0482,0.0482,1,12.8,1,0.23,20000,0.3692,1542.9,3.687,0,0.6308,0.0,10.843,0.0001,0.111,5.9541,0.4052,0.394,6,1.1113,8,nan,nan,nan,0,0,0
linq,35.0,12.79,eb0482,0.0482,1,12.8,1,0.24,20000,0.3692,1542.9,3.687,0,0.6308,0.0,10.412,0.0004,0.082,5.5233,0.3601,0.3419,7,1.1056,8,nan,0.1338,nan,0,0,0
linq,35.0,12.79,eb0482,0.0482,1,12.8,1,0.25,20000,0.3692,1542.9,3.687,0,0.6308,0.0,9.977,0.0018,0.128,5.0883,0.3455,0.3271,7,1.1014,8,0.148,0.1267,0.0,0,0,0
linq,35.0,12.79,eb0482,0.0482,1,12.8,1,0.26,20000,0.3692,1542.9,3.687,0,0.6308,0.0003,9.558,0.0054,0.211,4.6716,0.3332,0.3151,7,1.0965,8,0.129,0.123,0.0,0,0,0
linq,35.0,12.79,eb0482,0.0482,1,12.8,1,0.27,20000,0.3692,1542.9,3.687,0,0.6308,0.0007,9.14,0.0146,0.387,4.2579,0.3226,0.3041,7,1.0921,8,0.1244,0.1181,0.0,0,0,0
linq,35.0,12.79,eb0482,0.0482,1,12.8,1,0.28,20000,0.3692,1542.9,3.687,0,0.6308,0.0022,8.733,0.0269,0.512,3.8636,0.3133,0.2943,7,1.0908,8,0.1207,0.1109,0.0,0,0,0
linq,35.0,12.79,eb0482,0.0482,1,12.8,1,0.29,20000,0.3692,1542.9,3.687,0,0.6308,0.0066,8.338,0.0431,0.657,3.5054,0.3056,0.2862,7,1.0889,8,0.1162,0.1065,0.0,0,0,0
linq,35.0,12.79,eb0482,0.0482,1,12.8,1,0.3,20000,0.3692,1542.9,3.687,0,0.6308,0.016,7.949,0.0584,0.767,3.19,0.2984,0.2789,7,1.0877,8,0.1107,0.1022,0.0,0,0,0
linq,35.0,12.79,eb0482,0.0482,1,12.8,1,0.31,20000,0.3692,1542.9,3.687,0,0.6308,0.0282,7.582,0.0776,0.921,2.9126,0.2924,0.2725,7,1.0858,8,0.1063,0.0981,0.0,0,0,0
linq,35.0,12.79,eb0482,0.0482,1,12.8,1,0.32,20000,0.3692,1542.9,3.687,0,0.6308,0.046,7.216,0.0928,1.008,2.6752,0.2868,0.2668,7,1.0833,8,0.1018,0.0959,0.0,0,0,0
linq,35.0,12.79,eb0482,0.0482,1,12.8,1,0.33,20000,0.3692,1542.9,3.687,0,0.6308,0.067,6.877,0.1099,1.194,2.4822,0.2823,0.2621,7,1.0816,8,0.0983,0.0941,0.0,0,1,0
linq,35.0,12.79,eb0482,0.0482,1,12.8,1,0.34,20000,0.3692,1542.9,3.687,0,0.6308,0.0928,6.549,0.1212,1.282,2.3303,0.278,0.2577,7,1.0825,8,0.0952,0.0919,0.0,0,1,0
linq,35.0,12.79,eb0482,0.0482,1,12.8,1,0.35,20000,0.3692,1542.9,3.687,0,0.6308,0.1209,6.241,0.1302,1.332,2.2109,0.275,0.254,7,1.0808,8,0.0931,0.0892,0.0,0,1,0
linq,35.0,12.79,eb0482,0.0482,1,12.8,1,0.36,20000,0.3692,1542.9,3.687,0,0.6308,0.1503,5.945,0.136,1.313,2.1091,0.2721,0.2508,7,1.0782,8,0.0912,0.0874,0.0,0,1,0
linq,35.0,12.79,eb0482,0.0482,1,12.8,1,0.37,20000,0.3692,1542.9,3.687,0,0.6308,0.1809,5.666,0.1425,1.364,2.0305,0.2694,0.2479,7,1.0771,8,0.0892,0.0856,0.0,0,1,0
linq,35.0,12.79,eb0482,0.0482,1,12.8,1,0.38,20000,0.3692,1542.9,3.687,0,0.6308,0.2107,5.405,0.147,1.359,1.9618,0.267,0.2451,7,1.0758,8,0.0874,0.0838,0.0,0,1,0
linq,35.0,12.79,eb0482,0.0482,1,12.8,1,0.39,20000,0.3692,1542.9,3.687,0,0.6308,0.2399,5.156,0.1542,1.446,1.8974,0.265,0.2428,7,1.0735,8,0.0853,0.082,0.0,0,1,0
linq,35.0,12.79,eb0482,0.0482,1,12.8,1,0.4,20000,0.3692,1542.9,3.687,0,0.6308,0.2675,4.929,0.1585,1.459,1.8437,0.2637,0.2411,7,1.0719,8,0.0837,0.0808,0.0,0,1,0
linq,35.0,12.79,eb0482,0.0482,1,12.8,1,0.41,20000,0.3692,1542.9,3.687,0,0.6308,0.2969,4.71,0.1618,1.537,1.8137,0.2616,0.239,7,1.0706,8,0.0823,0.0797,0.0,0,1,0
linq,35.0,12.79,eb0482,0.0482,1,12.8,1,0.42,20000,0.3692,1542.9,3.687,0,0.6308,0.3229,4.502,0.1656,1.54,1.765,0.2612,0.238,7,1.0694,8,0.0806,0.0794,0.0,0,1,0
linq,35.0,12.79,eb0482,0.0482,1,12.8,1,0.43,20000,0.3692,1542.9,3.687,0,0.6308,0.35,4.309,0.1661,1.54,1.745,0.2607,0.2371,7,1.0694,8,0.0792,0.0786,0.0,0,0,0
linq,35.0,12.79,eb0482,0.0482,1,12.8,1,0.44,20000,0.3692,1542.9,3.687,0,0.6308,0.3753,4.13,0.165,1.448,1.7283,0.2598,0.2357,7,1.0682,8,0.0783,0.0779,0.0,0,0,0
linq,35.0,12.79,eb0482,0.0482,1,12.8,1,0.45,20000,0.3692,1542.9,3.687,0,0.6308,0.3992,3.96,0.1688,1.506,1.707,0.2591,0.2348,7,1.066,8,0.0775,0.0761,0.0,0,0,0
linq,35.0,12.79,eb0482,0.0482,1,12.8,1,0.46,20000,0.3692,1542.9,3.687,0,0.6308,0.4223,3.794,0.1687,1.484,1.6848,0.2579,0.2337,7,1.0657,8,0.0769,0.0751,0.0,0,0,0
linq,35.0,12.79,eb0482,0.0482,1,12.8,1,0.47,20000,0.3692,1542.9,3.687,0,0.6308,0.4428,3.647,0.1717,1.494,1.6633,0.2573,0.2331,7,1.0646,8,0.076,0.0748,0.0,0,0,0
linq,35.0,12.79,eb0482,0.0482,1,12.8,1,0.48,20000,0.3692,1542.9,3.687,0,0.6308,0.4643,3.5,0.1749,1.539,1.652,0.2567,0.2322,7,1.0634,8,0.0754,0.0743,0.0,0,0,0
linq,35.0,12.79,eb0482,0.0482,1,12.8,1,0.49,20000,0.3692,1542.9,3.687,0,0.6308,0.4823,3.368,0.1779,1.516,1.6247,0.2558,0.2315,7,1.0614,8,0.0744,0.0739,0.0,0,0,0
linq,35.0,12.79,eb0482,0.0482,1,12.8,1,0.5,20000,0.3692,1542.9,3.687,0,0.6308,0.5024,3.241,0.1777,1.527,1.632,0.2544,0.2307,7,1.0603,8,0.0734,0.0737,0.0,0,0,0
linq,35.0,12.79,eb0482,0.0482,1,12.8,1,0.51,20000,0.3692,1542.9,3.687,0,0.6308,0.5194,3.121,0.1824,1.625,1.6127,0.2543,0.2302,7,1.0586,8,0.0729,0.0729,0.0,0,0,0
linq,35.0,12.79,eb0482,0.0482,1,12.8,1,0.52,20000,0.3692,1542.9,3.687,0,0.6308,0.5363,3.006,0.1817,1.585,1.6025,0.2536,0.2296,7,1.0573,8,0.0725,0.073,0.0,0,0,0
linq,35.0,12.79,eb1168,0.11675778353879479,0,2.4,0,0.17,20000,0.0694,1542.9,3.687,0,0.9306,0.0,20.1,0.0,nan,15.2112,nan,nan,0,2.7504,1,nan,nan,nan,0,0,0
linq,35.0,12.79,eb1168,0.11675778353879479,0,2.4,0,0.18,20000,0.0694,1542.9,3.687,0,0.9306,0.0,20.031,0.0,nan,15.1427,nan,nan,0,2.6266,1,nan,nan,nan,0,0,0
linq,35.0,12.79,eb1168,0.11675778353879479,0,2.4,0,0.19,20000,0.0694,1542.9,3.687,0,0.9306,0.0,19.971,0.0,nan,15.0822,nan,nan,0,2.6158,1,nan,nan,nan,0,0,0
linq,35.0,12.79,eb1168,0.11675778353879479,0,2.4,0,0.2,20000,0.0694,1542.9,3.687,0,0.9306,0.0,19.906,0.0,nan,15.0173,nan,nan,0,2.5491,1,nan,nan,nan,0,0,0
linq,35.0,12.79,eb1168,0.11675778353879479,0,2.4,0,0.21,20000,0.0694,1542.9,3.687,0,0.9306,0.0,19.837,0.0,nan,14.9481,nan,nan,0,2.5684,2,nan,nan,nan,0,0,0
linq,35.0,12.79,eb1168,0.11675778353879479,0,2.4,0,0.22,20000,0.0694,1542.9,3.687,0,0.9306,0.0,19.77,0.0,nan,14.8815,nan,nan,0,2.5252,2,nan,nan,nan,0,0,0
linq,35.0,12.79,eb1168,0.11675778353879479,0,2.4,0,0.23,20000,0.0694,1542.9,3.687,0,0.9306,0.0,19.707,0.0,nan,14.8188,nan,nan,0,2.4654,2,nan,nan,nan,0,0,0
linq,35.0,12.79,eb1168,0.11675778353879479,0,2.4,0,0.24,20000,0.0694,1542.9,3.687,0,0.9306,0.0,19.643,0.0,nan,14.7539,nan,nan,0,2.4929,2,nan,nan,nan,0,0,0
linq,35.0,12.79,eb1168,0.11675778353879479,0,2.4,0,0.25,20000,0.0694,1542.9,3.687,0,0.9306,0.0,19.568,0.0,nan,14.6797,nan,nan,0,2.4922,2,nan,nan,nan,0,0,0
linq,35.0,12.79,eb1168,0.11675778353879479,0,2.4,0,0.26,20000,0.0694,1542.9,3.687,0,0.9306,0.0,19.494,0.0,nan,14.6058,nan,nan,0,2.4328,2,nan,nan,nan,0,0,0
linq,35.0,12.79,eb1168,0.11675778353879479,0,2.4,0,0.27,20000,0.0694,1542.9,3.687,0,0.9306,0.0,19.427,0.0,nan,14.538,nan,nan,0,2.4255,2,nan,nan,nan,0,0,0
linq,35.0,12.79,eb1168,0.11675778353879479,0,2.4,0,0.28,20000,0.0694,1542.9,3.687,0,0.9306,0.0,19.37,0.0,nan,14.4815,nan,nan,0,2.4321,2,nan,nan,nan,0,0,0
linq,35.0,12.79,eb1168,0.11675778353879479,0,2.4,0,0.29,20000,0.0694,1542.9,3.687,0,0.9306,0.0,19.303,0.0,nan,14.4144,nan,nan,0,2.3275,3,nan,nan,nan,0,0,0
linq,35.0,12.79,eb1168,0.11675778353879479,0,2.4,0,0.3,20000,0.0694,1542.9,3.687,0,0.9306,0.0,19.236,0.0,nan,14.3474,nan,nan,0,2.3583,3,nan,nan,nan,0,0,0
linq,35.0,12.79,eb1168,0.11675778353879479,0,2.4,0,0.31,20000,0.0694,1542.9,3.687,0,0.9306,0.0,19.178,0.0,nan,14.2897,nan,nan,0,2.3398,3,nan,nan,nan,0,0,0
linq,35.0,12.79,eb1168,0.11675778353879479,0,2.4,0,0.32,20000,0.0694,1542.9,3.687,0,0.9306,0.0,19.107,0.0,nan,14.2184,nan,nan,0,2.3331,3,nan,nan,nan,0,0,0
linq,35.0,12.79,eb1168,0.11675778353879479,0,2.4,0,0.33,20000,0.0694,1542.9,3.687,0,0.9306,0.0,19.047,0.0,nan,14.1586,nan,nan,0,2.3195,3,nan,nan,nan,0,0,0
linq,35.0,12.79,eb1168,0.11675778353879479,0,2.4,0,0.34,20000,0.0694,1542.9,3.687,0,0.9306,0.0,18.975,0.0,nan,14.0861,nan,nan,0,2.2155,4,nan,nan,nan,0,0,0
linq,35.0,12.79,eb1168,0.11675778353879479,0,2.4,0,0.35,20000,0.0694,1542.9,3.687,0,0.9306,0.0,18.903,0.0,nan,14.0148,nan,nan,0,2.2114,4,nan,nan,nan,0,0,0
linq,35.0,12.79,eb1168,0.11675778353879479,0,2.4,0,0.36,20000,0.0694,1542.9,3.687,0,0.9306,0.0,18.843,0.0,nan,13.9539,nan,nan,0,2.2061,4,nan,nan,nan,0,0,0
linq,35.0,12.79,eb1168,0.11675778353879479,0,2.4,0,0.37,20000,0.0694,1542.9,3.687,0,0.9306,0.0,18.783,0.0,nan,13.8944,nan,nan,0,2.2113,4,nan,nan,nan,0,0,0
linq,35.0,12.79,eb1168,0.11675778353879479,0,2.4,0,0.38,20000,0.0694,1542.9,3.687,0,0.9306,0.0,18.724,0.0,nan,13.835,nan,nan,0,2.2102,4,nan,nan,nan,0,0,0
linq,35.0,12.79,eb1168,0.11675778353879479,0,2.4,0,0.39,20000,0.0694,1542.9,3.687,0,0.9306,0.0,18.662,0.0,nan,13.773,nan,nan,0,2.1991,4,nan,nan,nan,0,0,0
linq,35.0,12.79,eb1168,0.11675778353879479,0,2.4,0,0.4,20000,0.0694,1542.9,3.687,0,0.9306,0.0,18.602,0.0,nan,13.7132,nan,nan,0,2.0575,5,nan,nan,nan,0,0,0
linq,35.0,12.79,eb1168,0.11675778353879479,0,2.4,0,0.41,20000,0.0694,1542.9,3.687,0,0.9306,0.0,18.538,0.0,nan,13.6494,nan,nan,0,2.0662,5,nan,nan,nan,0,0,0
linq,35.0,12.79,eb1168,0.11675778353879479,0,2.4,0,0.42,20000,0.0694,1542.9,3.687,0,0.9306,0.0,18.477,0.0,nan,13.5885,nan,nan,0,2.0632,5,nan,nan,nan,0,0,0
linq,35.0,12.79,eb1168,0.11675778353879479,0,2.4,0,0.43,20000,0.0694,1542.9,3.687,0,0.9306,0.0,18.425,0.0,nan,13.5359,nan,nan,0,2.0637,5,nan,nan,nan,0,0,0
linq,35.0,12.79,eb1168,0.11675778353879479,0,2.4,0,0.44,20000,0.0694,1542.9,3.687,0,0.9306,0.0,18.36,0.0,nan,13.4714,nan,nan,0,2.0618,5,nan,nan,nan,0,0,0
linq,35.0,12.79,eb1168,0.11675778353879479,0,2.4,0,0.45,20000,0.0694,1542.9,3.687,0,0.9306,0.0,18.292,0.0,nan,13.4029,nan,nan,0,2.0566,5,nan,nan,nan,0,0,0
linq,35.0,12.79,eb1168,0.11675778353879479,0,2.4,0,0.46,20000,0.0694,1542.9,3.687,0,0.9306,0.0,18.232,0.0,nan,13.3431,nan,nan,0,1.9378,6,nan,nan,nan,0,0,0
linq,35.0,12.79,eb1168,0.11675778353879479,0,2.4,0,0.47,20000,0.0694,1542.9,3.687,0,0.9306,0.0,18.168,0.0,nan,13.2789,nan,nan,0,1.9434,6,nan,nan,nan,0,0,0
linq,35.0,12.79,eb1168,0.11675778353879479,0,2.4,0,0.48,20000,0.0694,1542.9,3.687,0,0.9306,0.0,18.105,0.0,nan,13.2159,nan,nan,0,1.9344,6,nan,nan,nan,0,0,0
linq,35.0,12.79,eb1168,0.11675778353879479,0,2.4,0,0.49,20000,0.0694,1542.9,3.687,0,0.9306,0.0,18.045,0.0,nan,13.1568,nan,nan,0,1.9336,6,nan,nan,nan,0,0,0
linq,35.0,12.79,eb1168,0.11675778353879479,0,2.4,0,0.5,20000,0.0694,1542.9,3.687,0,0.9306,0.0,17.985,0.0,nan,13.0959,nan,nan,0,1.9292,6,nan,nan,nan,0,0,0
linq,35.0,12.79,eb1168,0.11675778353879479,0,2.4,0,0.51,20000,0.0694,1542.9,3.687,0,0.9306,0.0,17.932,0.0,nan,13.0429,nan,nan,0,1.8114,7,nan,nan,nan,0,0,0
linq,35.0,12.79,eb1168,0.11675778353879479,0,2.4,0,0.52,20000,0.0694,1542.9,3.687,0,0.9306,0.0,17.87,0.0,nan,12.9816,nan,nan,0,1.8132,7,nan,nan,nan,0,0,0
linq,35.0,12.79,eb1168,0.11675778353879479,0,3.2,0,0.17,20000,0.0694,1542.9,3.687,0,0.9306,0.0,18.987,0.0,nan,14.0988,nan,nan,0,2.4025,3,nan,nan,nan,0,0,0
linq,35.0,12.79,eb1168,0.11675778353879479,0,3.2,0,0.18,20000,0.0694,1542.9,3.687,0,0.9306,0.0,18.879,0.0,nan,13.9899,nan,nan,0,2.3721,3,nan,nan,nan,0,0,0
linq,35.0,12.79,eb1168,0.11675778353879479,0,3.2,0,0.19,20000,0.0694,1542.9,3.687,0,0.9306,0.0,18.751,0.0,nan,13.8627,nan,nan,0,2.3458,3,nan,nan,nan,0,0,0
linq,35.0,12.79,eb1168,0.11675778353879479,0,3.2,0,0.2,20000,0.0694,1542.9,3.687,0,0.9306,0.0,18.622,0.0,nan,13.7333,nan,nan,0,2.3218,3,nan,nan,nan,0,0,0
linq,35.0,12.79,eb1168,0.11675778353879479,0,3.2,0,0.21,20000,0.0694,1542.9,3.687,0,0.9306,0.0,18.497,0.0,nan,13.6079,nan,nan,0,2.2967,3,nan,nan,nan,0,0,0
linq,35.0,12.79,eb1168,0.11675778353879479,0,3.2,0,0.22,20000,0.0694,1542.9,3.687,0,0.9306,0.0,18.378,0.0,nan,13.4897,nan,nan,0,2.2003,4,nan,nan,nan,0,0,0
linq,35.0,12.79,eb1168,0.11675778353879479,0,3.2,0,0.23,20000,0.0694,1542.9,3.687,0,0.9306,0.0,18.261,0.0,nan,13.3719,nan,nan,0,2.201,4,nan,nan,nan,0,0,0
linq,35.0,12.79,eb1168,0.11675778353879479,0,3.2,0,0.24,20000,0.0694,1542.9,3.687,0,0.9306,0.0,18.134,0.0,nan,13.2451,nan,nan,0,2.1757,4,nan,nan,nan,0,0,0
linq,35.0,12.79,eb1168,0.11675778353879479,0,3.2,0,0.25,20000,0.0694,1542.9,3.687,0,0.9306,0.0,18.006,0.0,nan,13.1171,nan,nan,0,2.05,5,nan,nan,nan,0,0,0
linq,35.0,12.79,eb1168,0.11675778353879479,0,3.2,0,0.26,20000,0.0694,1542.9,3.687,0,0.9306,0.0,17.887,0.0,nan,12.9982,nan,nan,0,2.0387,5,nan,nan,nan,0,0,0
linq,35.0,12.79,eb1168,0.11675778353879479,0,3.2,0,0.27,20000,0.0694,1542.9,3.687,0,0.9306,0.0,17.774,0.0,nan,12.8851,nan,nan,0,2.0294,5,nan,nan,nan,0,0,0
linq,35.0,12.79,eb1168,0.11675778353879479,0,3.2,0,0.28,20000,0.0694,1542.9,3.687,0,0.9306,0.0,17.649,0.0,nan,12.76,nan,nan,0,2.0193,5,nan,nan,nan,0,0,0
linq,35.0,12.79,eb1168,0.11675778353879479,0,3.2,0,0.29,20000,0.0694,1542.9,3.687,0,0.9306,0.0,17.528,0.0,nan,12.6393,nan,nan,0,1.9052,6,nan,nan,nan,0,0,0
linq,35.0,12.79,eb1168,0.11675778353879479,0,3.2,0,0.3,20000,0.0694,1542.9,3.687,0,0.9306,0.0,17.409,0.0,nan,12.5204,nan,nan,0,1.8952,6,nan,nan,nan,0,0,0
linq,35.0,12.79,eb1168,0.11675778353879479,0,3.2,0,0.31,20000,0.0694,1542.9,3.687,0,0.9306,0.0,17.29,0.0,nan,12.4011,nan,nan,0,1.8894,6,nan,nan,nan,0,0,0
linq,35.0,12.79,eb1168,0.11675778353879479,0,3.2,0,0.32,20000,0.0694,1542.9,3.687,0,0.9306,0.0,17.165,0.0,nan,12.2764,nan,nan,0,1.882,6,nan,nan,nan,0,0,0
linq,35.0,12.79,eb1168,0.11675778353879479,0,3.2,0,0.33,20000,0.0694,1542.9,3.687,0,0.9306,0.0,17.052,0.0,nan,12.1636,nan,nan,0,1.7731,7,nan,nan,nan,0,0,0
linq,35.0,12.79,eb1168,0.11675778353879479,0,3.2,0,0.34,20000,0.0694,1542.9,3.687,0,0.9306,0.0,16.935,0.0,nan,12.0461,nan,nan,0,1.7678,7,nan,nan,nan,0,0,0
linq,35.0,12.79,eb1168,0.11675778353879479,0,3.2,0,0.35,20000,0.0694,1542.9,3.687,0,0.9306,0.0,16.823,0.0,nan,11.9344,nan,nan,0,1.7611,7,nan,nan,nan,0,0,0
linq,35.0,12.79,eb1168,0.11675778353879479,0,3.2,0,0.36,20000,0.0694,1542.9,3.687,0,0.9306,0.0,16.696,0.0,nan,11.8076,nan,nan,0,1.7551,7,nan,nan,nan,0,0,0
linq,35.0,12.79,eb1168,0.11675778353879479,0,3.2,0,0.37,20000,0.0694,1542.9,3.687,0,0.9306,0.0,16.561,0.0,nan,11.6724,nan,nan,0,1.6542,8,nan,nan,nan,0,0,0
linq,35.0,12.79,eb1168,0.11675778353879479,0,3.2,0,0.38,20000,0.0694,1542.9,3.687,0,0.9306,0.0,16.45,0.0,nan,11.5615,nan,nan,0,1.6483,8,nan,nan,nan,0,0,0
linq,35.0,12.79,eb1168,0.11675778353879479,0,3.2,0,0.39,20000,0.0694,1542.9,3.687,0,0.9306,0.0,16.342,0.0,nan,11.453,nan,nan,0,1.6417,8,nan,nan,nan,0,0,0
linq,35.0,12.79,eb1168,0.11675778353879479,0,3.2,0,0.4,20000,0.0694,1542.9,3.687,0,0.9306,0.0,16.238,0.0,nan,11.3492,nan,nan,0,1.6363,8,nan,nan,nan,0,0,0
linq,35.0,12.79,eb1168,0.11675778353879479,0,3.2,0,0.41,20000,0.0694,1542.9,3.687,0,0.9306,0.0,16.113,0.0,0.0,11.2242,nan,nan,0,1.6276,8,nan,nan,nan,0,0,0
linq,35.0,12.79,eb1168,0.11675778353879479,0,3.2,0,0.42,20000,0.0694,1542.9,3.687,0,0.9306,0.0,15.995,0.0,0.0,11.106,nan,nan,0,1.6197,8,nan,nan,nan,0,0,0
linq,35.0,12.79,eb1168,0.11675778353879479,0,3.2,0,0.43,20000,0.0694,1542.9,3.687,0,0.9306,0.0,15.873,0.0,0.0,10.9842,nan,nan,0,1.6148,8,nan,nan,nan,0,0,0
linq,35.0,12.79,eb1168,0.11675778353879479,0,3.2,0,0.44,20000,0.0694,1542.9,3.687,0,0.9306,0.0,15.758,0.0007,1.0,10.8696,0.7295,0.7295,1,1.6081,8,nan,nan,nan,0,0,0
linq,35.0,12.79,eb1168,0.11675778353879479,0,3.2,0,0.45,20000,0.0694,1542.9,3.687,0,0.9306,0.0,15.647,0.0011,3.0,10.7586,0.7314,0.7314,1,1.6022,8,nan,nan,nan,0,0,0
linq,35.0,12.79,eb1168,0.11675778353879479,0,3.2,0,0.46,20000,0.0694,1542.9,3.687,0,0.9306,0.0,15.514,0.0011,3.0,10.6256,0.7264,0.7264,1,1.5952,8,nan,nan,nan,0,0,0
linq,35.0,12.79,eb1168,0.11675778353879479,0,3.2,0,0.47,20000,0.0694,1542.9,3.687,0,0.9306,0.0,15.393,0.0011,3.0,10.5042,0.6295,0.6272,2,1.5872,8,nan,nan,nan,0,0,0
linq,35.0,12.79,eb1168,0.11675778353879479,0,3.2,0,0.48,20000,0.0694,1542.9,3.687,0,0.9306,0.0004,15.275,0.0011,nan,10.3915,0.6417,0.6399,2,1.5807,8,nan,nan,nan,0,0,0
linq,35.0,12.79,eb1168,0.11675778353879479,0,3.2,0,0.49,20000,0.0694,1542.9,3.687,0,0.9306,0.0007,15.165,0.0007,1.0,10.2873,0.6467,0.6437,2,1.5754,8,nan,nan,nan,0,0,0
linq,35.0,12.79,eb1168,0.11675778353879479,0,3.2,0,0.5,20000,0.0694,1542.9,3.687,0,0.9306,0.0011,15.051,0.0004,0.333,10.1785,0.6451,0.6427,2,1.5706,8,nan,nan,nan,0,0,0
linq,35.0,12.79,eb1168,0.11675778353879479,0,3.2,0,0.51,20000,0.0694,1542.9,3.687,0,0.9306,0.0011,14.941,0.0004,0.333,10.0684,0.5953,0.5871,3,1.5702,8,nan,nan,nan,0,0,0
linq,35.0,12.79,eb1168,0.11675778353879479,0,3.2,0,0.52,20000,0.0694,1542.9,3.687,0,0.9306,0.0011,14.818,0.0004,0.25,9.9454,0.6008,0.5916,3,1.5654,8,nan,nan,nan,0,0,0
linq,35.0,12.79,eb1168,0.11675778353879479,0,4.8,0,0.17,20000,0.0694,1542.9,3.687,0,0.9306,0.0,16.859,0.0,nan,11.9701,nan,nan,0,1.9814,5,nan,nan,nan,0,0,0
linq,35.0,12.79,eb1168,0.11675778353879479,0,4.8,0,0.18,20000,0.0694,1542.9,3.687,0,0.9306,0.0,16.623,0.0,nan,11.7341,nan,nan,0,1.8741,6,nan,nan,nan,0,0,0
linq,35.0,12.79,eb1168,0.11675778353879479,0,4.8,0,0.19,20000,0.0694,1542.9,3.687,0,0.9306,0.0,16.391,0.0,nan,11.5027,nan,nan,0,1.8495,6,nan,nan,nan,0,0,0
linq,35.0,12.79,eb1168,0.11675778353879479,0,4.8,0,0.2,20000,0.0694,1542.9,3.687,0,0.9306,0.0,16.142,0.0,nan,11.253,nan,nan,0,1.743,7,nan,nan,nan,0,0,0
linq,35.0,12.79,eb1168,0.11675778353879479,0,4.8,0,0.21,20000,0.0694,1542.9,3.687,0,0.9306,0.0,15.901,0.0,nan,11.0126,nan,nan,0,1.7184,7,nan,nan,nan,0,0,0
linq,35.0,12.79,eb1168,0.11675778353879479,0,4.8,0,0.22,20000,0.0694,1542.9,3.687,0,0.9306,0.0,15.671,0.0,nan,10.782,nan,nan,0,1.7052,7,nan,nan,nan,0,0,0
linq,35.0,12.79,eb1168,0.11675778353879479,0,4.8,0,0.23,20000,0.0694,1542.9,3.687,0,0.9306,0.0,15.441,0.0,nan,10.5528,nan,nan,0,1.6074,8,nan,nan,nan,0,0,0
linq,35.0,12.79,eb1168,0.11675778353879479,0,4.8,0,0.24,20000,0.0694,1542.9,3.687,0,0.9306,0.0,15.194,0.0,nan,10.3056,nan,nan,0,1.5977,8,nan,nan,nan,0,0,0
linq,35.0,12.79,eb1168,0.11675778353879479,0,4.8,0,0.25,20000,0.0694,1542.9,3.687,0,0.9306,0.0,14.963,0.0,nan,10.0742,nan,nan,0,1.5891,8,nan,nan,nan,0,0,0
linq,35.0,12.79,eb1168,0.11675778353879479,0,4.8,0,0.26,20000,0.0694,1542.9,3.687,0,0.9306,0.0,14.714,0.0,nan,9.8249,nan,nan,0,1.5784,8,nan,nan,nan,0,0,0
linq,35.0,12.79,eb1168,0.11675778353879479,0,4.8,0,0.27,20000,0.0694,1542.9,3.687,0,0.9306,0.0,14.476,0.0,nan,9.5878,nan,nan,0,1.5731,8,nan,nan,nan,0,0,0
linq,35.0,12.79,eb1168,0.11675778353879479,0,4.8,0,0.28,20000,0.0694,1542.9,3.687,0,0.9306,0.0,14.254,0.0,nan,9.3658,0.7285,0.7285,1,1.5656,8,nan,nan,nan,0,0,0
linq,35.0,12.79,eb1168,0.11675778353879479,0,4.8,0,0.29,20000,0.0694,1542.9,3.687,0,0.9306,0.0,14.013,0.0,nan,9.1243,0.7039,0.7039,1,1.5537,8,nan,nan,nan,0,0,0
linq,35.0,12.79,eb1168,0.11675778353879479,0,4.8,0,0.3,20000,0.0694,1542.9,3.687,0,0.9306,0.0,13.757,0.0,nan,8.8685,0.6444,0.6406,2,1.5502,8,nan,nan,nan,0,0,0
linq,35.0,12.79,eb1168,0.11675778353879479,0,4.8,0,0.31,20000,0.0694,1542.9,3.687,0,0.9306,0.0,13.534,0.0,0.0,8.6451,0.6468,0.642,2,1.5446,8,nan,nan,nan,0,0,0
linq,35.0,12.79,eb1168,0.11675778353879479,0,4.8,0,0.32,20000,0.0694,1542.9,3.687,0,0.9306,0.0,13.298,0.0,0.0,8.4105,0.5945,0.5862,3,1.5381,8,nan,nan,nan,0,0,0
linq,35.0,12.79,eb1168,0.11675778353879479,0,4.8,0,0.33,20000,0.0694,1542.9,3.687,0,0.9306,0.0,13.06,0.0007,1.0,8.1744,0.5876,0.581,3,1.5337,8,nan,nan,nan,0,0,0
linq,35.0,12.79,eb1168,0.11675778353879479,0,4.8,0,0.34,20000,0.0694,1542.9,3.687,0,0.9306,0.0,12.829,0.0011,3.0,7.9438,0.587,0.5809,3,1.5299,8,nan,nan,nan,0,0,0
linq,35.0,12.79,eb1168,0.11675778353879479,0,4.8,0,0.35,20000,0.0694,1542.9,3.687,0,0.9306,0.0,12.585,0.0014,1.333,7.6995,0.5395,0.528,4,1.5272,8,nan,nan,nan,0,0,0
linq,35.0,12.79,eb1168,0.11675778353879479,0,4.8,0,0.36,20000,0.0694,1542.9,3.687,0,0.9306,0.0,12.352,0.0014,1.0,7.467,0.5395,0.528,4,1.5215,8,nan,nan,nan,0,0,0
linq,35.0,12.79,eb1168,0.11675778353879479,0,4.8,0,0.37,20000,0.0694,1542.9,3.687,0,0.9306,0.0007,12.126,0.0007,0.222,7.2502,0.4901,0.472,5,1.5253,8,nan,nan,nan,0,0,0
linq,35.0,12.79,eb1168,0.11675778353879479,0,4.8,0,0.38,20000,0.0694,1542.9,3.687,0,0.9306,0.0011,11.874,0.0014,0.364,7.002,0.4869,0.4695,5,1.5245,8,nan,nan,nan,0,0,0
linq,35.0,12.79,eb1168,0.11675778353879479,0,4.8,0,0.39,20000,0.0694,1542.9,3.687,0,0.9306,0.0014,11.641,0.0022,0.4,6.7739,0.4456,0.42,6,1.5222,8,nan,nan,nan,0,0,0
linq,35.0,12.79,eb1168,0.11675778353879479,0,4.8,0,0.4,20000,0.0694,1542.9,3.687,0,0.9306,0.0014,11.419,0.0032,0.529,6.5509,0.4434,0.4187,6,1.5215,8,nan,nan,nan,0,0,0
linq,35.0,12.79,eb1168,0.11675778353879479,0,4.8,0,0.41,20000,0.0694,1542.9,3.687,0,0.9306,0.0014,11.194,0.0051,0.737,6.3262,0.4388,0.4154,6,1.5212,8,nan,nan,nan,0,0,0
linq,35.0,12.79,eb1168,0.11675778353879479,0,4.8,0,0.42,20000,0.0694,1542.9,3.687,0,0.9306,0.0025,10.949,0.0061,0.586,6.0962,0.3994,0.3639,7,1.5216,8,nan,0.1165,nan,0,0,0
linq,35.0,12.79,eb1168,0.11675778353879479,0,4.8,0,0.43,20000,0.0694,1542.9,3.687,0,0.9306,0.0029,10.723,0.0072,0.588,5.8754,0.3961,0.3608,7,1.527,8,0.1217,0.1168,0.0,0,0,0
linq,35.0,12.79,eb1168,0.11675778353879479,0,4.8,0,0.44,20000,0.0694,1542.9,3.687,0,0.9306,0.0047,10.489,0.0076,0.429,5.6602,0.3949,0.3594,7,1.5289,8,0.115,0.1138,0.0,0,0,0
linq,35.0,12.79,eb1168,0.11675778353879479,0,4.8,0,0.45,20000,0.0694,1542.9,3.687,0,0.9306,0.0058,10.255,0.0109,0.517,5.4388,0.3919,0.3577,7,1.5293,8,0.1116,0.1159,0.0,0,0,0
linq,35.0,12.79,eb1168,0.11675778353879479,0,4.8,0,0.46,20000,0.0694,1542.9,3.687,0,0.9306,0.0072,10.031,0.0145,0.625,5.2319,0.3906,0.3558,7,1.5348,8,0.1141,0.1132,0.0,0,0,0
linq,35.0,12.79,eb1168,0.11675778353879479,0,4.8,0,0.47,20000,0.0694,1542.9,3.687,0,0.9306,0.0097,9.813,0.0171,0.662,5.0399,0.3863,0.3536,7,1.5351,8,0.1107,0.1176,0.0,0,0,0
linq,35.0,12.79,eb1168,0.11675778353879479,0,4.8,0,0.48,20000,0.0694,1542.9,3.687,0,0.9306,0.0108,9.597,0.0219,0.723,4.8347,0.3841,0.3522,7,1.5345,8,0.1103,0.1206,0.0,0,0,0
linq,35.0,12.79,eb1168,0.11675778353879479,0,4.8,0,0.49,20000,0.0694,1542.9,3.687,0,0.9306,0.0123,9.388,0.0296,0.9,4.6394,0.3814,0.3498,7,1.5363,8,0.1119,0.1169,0.0,0,0,0
linq,35.0,12.79,eb1168,0.11675778353879479,0,4.8,0,0.5,20000,0.0694,1542.9,3.687,0,0.9306,0.0169,9.161,0.0312,0.817,4.4539,0.3781,0.3466,7,1.5366,8,0.1128,0.1137,0.0,0,0,0
linq,35.0,12.79,eb1168,0.11675778353879479,0,4.8,0,0.51,20000,0.0694,1542.9,3.687,0,0.9306,0.0216,8.942,0.0339,0.821,4.2751,0.3756,0.3436,7,1.5437,8,0.1136,0.111,0.0,0,0,0
linq,35.0,12.79,eb1168,0.11675778353879479,0,4.8,0,0.52,20000,0.0694,1542.9,3.687,0,0.9306,0.0259,8.739,0.0388,0.882,4.1083,0.3733,0.3419,7,1.5438,8,0.1145,0.1101,0.0,0,0,0
linq,35.0,12.79,eb1168,0.11675778353879479,0,6.4,0,0.17,20000,0.0694,1542.9,3.687,0,0.9306,0.0,15.057,0.0,nan,10.1726,nan,nan,0,1.6954,7,nan,nan,nan,0,0,0
linq,35.0,12.79,eb1168,0.11675778353879479,0,6.4,0,0.18,20000,0.0694,1542.9,3.687,0,0.9306,0.0,14.727,0.0,nan,9.8447,nan,nan,0,1.605,8,nan,nan,nan,0,0,0
linq,35.0,12.79,eb1168,0.11675778353879479,0,6.4,0,0.19,20000,0.0694,1542.9,3.687,0,0.9306,0.0,14.385,0.0,nan,9.5024,nan,nan,0,1.5876,8,nan,nan,nan,0,0,0
linq,35.0,12.79,eb1168,0.11675778353879479,0,6.4,0,0.2,20000,0.0694,1542.9,3.687,0,0.9306,0.0,14.047,0.0,nan,9.1663,nan,nan,0,1.5744,8,nan,nan,nan,0,0,0
linq,35.0,12.79,eb1168,0.11675778353879479,0,6.4,0,0.21,20000,0.0694,1542.9,3.687,0,0.9306,0.0,13.703,0.0,nan,8.8254,nan,nan,0,1.5655,8,nan,nan,nan,0,0,0
linq,35.0,12.79,eb1168,0.11675778353879479,0,6.4,0,0.22,20000,0.0694,1542.9,3.687,0,0.9306,0.0,13.368,0.0,nan,8.4942,0.7148,0.7148,1,1.5627,8,nan,nan,nan,0,0,0
linq,35.0,12.79,eb1168,0.11675778353879479,0,6.4,0,0.23,20000,0.0694,1542.9,3.687,0,0.9306,0.0,13.016,0.0,nan,8.1451,0.6647,0.6639,2,1.5571,8,nan,nan,nan,0,0,0
linq,35.0,12.79,eb1168,0.11675778353879479,0,6.4,0,0.24,20000,0.0694,1542.9,3.687,0,0.9306,0.0,12.667,0.0,nan,7.8042,0.6428,0.6386,2,1.5543,8,nan,nan,nan,0,0,0
linq,35.0,12.79,eb1168,0.11675778353879479,0,6.4,0,0.25,20000,0.0694,1542.9,3.687,0,0.9306,0.0,12.343,0.0,nan,7.4838,0.6454,0.6411,2,1.5503,8,nan,nan,nan,0,0,0
linq,35.0,12.79,eb1168,0.11675778353879479,0,6.4,0,0.26,20000,0.0694,1542.9,3.687,0,0.9306,0.0,11.993,0.0,nan,7.1353,0.5893,0.5839,3,1.5471,8,nan,nan,nan,0,0,0
linq,35.0,12.79,eb1168,0.11675778353879479,0,6.4,0,0.27,20000,0.0694,1542.9,3.687,0,0.9306,0.0,11.649,0.0,0.0,6.7955,0.5864,0.5798,3,1.5491,8,nan,nan,nan,0,0,0
linq,35.0,12.79,eb1168,0.11675778353879479,0,6.4,0,0.28,20000,0.0694,1542.9,3.687,0,0.9306,0.0,11.32,0.0,0.0,6.4735,0.5334,0.5228,4,1.5457,8,nan,nan,nan,0,0,0
linq,35.0,12.79,eb1168,0.11675778353879479,0,6.4,0,0.29,20000,0.0694,1542.9,3.687,0,0.9306,0.0,10.964,0.0011,1.5,6.1322,0.4868,0.47,5,1.54,8,nan,nan,nan,0,0,0
linq,35.0,12.79,eb1168,0.11675778353879479,0,6.4,0,0.3,20000,0.0694,1542.9,3.687,0,0.9306,0.0,10.644,0.0014,0.667,5.8212,0.4822,0.4664,5,1.5374,8,nan,nan,nan,0,0,0
linq,35.0,12.79,eb1168,0.11675778353879479,0,6.4,0,0.31,20000,0.0694,1542.9,3.687,0,0.9306,0.0,10.281,0.0014,0.333,5.4696,0.4382,0.4144,6,1.546,8,nan,nan,nan,0,0,0
linq,35.0,12.79,eb1168,0.11675778353879479,0,6.4,0,0.32,20000,0.0694,1542.9,3.687,0,0.9306,0.0007,9.956,0.0018,0.25,5.1632,0.3988,0.3661,7,1.548,8,nan,0.1283,nan,0,0,0
linq,35.0,12.79,eb1168,0.11675778353879479,0,6.4,0,0.33,20000,0.0694,1542.9,3.687,0,0.9306,0.0014,9.615,0.0032,0.391,4.8376,0.3916,0.3586,7,1.5501,8,nan,0.1162,nan,0,0,0
linq,35.0,12.79,eb1168,0.11675778353879479,0,6.4,0,0.34,20000,0.0694,1542.9,3.687,0,0.9306,0.0014,9.296,0.0058,0.4,4.5339,0.3877,0.3557,7,1.5512,8,nan,0.1176,nan,0,0,0
linq,35.0,12.79,eb1168,0.11675778353879479,0,6.4,0,0.35,20000,0.0694,1542.9,3.687,0,0.9306,0.0022,8.953,0.0087,0.4,4.2288,0.3827,0.3514,7,1.5543,8,0.121,0.1137,0.0,0,0,0
linq,35.0,12.79,eb1168,0.11675778353879479,0,6.4,0,0.36,20000,0.0694,1542.9,3.687,0,0.9306,0.0036,8.617,0.0123,0.415,3.9229,0.3797,0.3489,7,1.5547,8,0.1139,0.1148,0.0,0,0,0
linq,35.0,12.79,eb1168,0.11675778353879479,0,6.4,0,0.37,20000,0.0694,1542.9,3.687,0,0.9306,0.0058,8.314,0.0174,0.49,3.6599,0.3768,0.3463,7,1.4534,7,0.1141,0.1173,0.0,0,0,0
linq,35.0,12.79,eb1168,0.11675778353879479,0,6.4,0,0.38,20000,0.0694,1542.9,3.687,0,0.9306,0.0086,7.987,0.0258,0.563,3.3813,0.3726,0.3429,7,1.3467,6,0.1116,0.1153,0.0,0,0,0
linq,35.0,12.79,eb1168,0.11675778353879479,0,6.4,0,0.39,20000,0.0694,1542.9,3.687,0,0.9306,0.0112,7.682,0.0368,0.754,3.117,0.3701,0.3401,7,1.4625,7,0.1119,0.1135,0.0,0,0,0
linq,35.0,12.79,eb1168,0.11675778353879479,0,6.4,0,0.4,20000,0.0694,1542.9,3.687,0,0.9306,0.0166,7.354,0.0429,0.709,2.8687,0.366,0.336,7,1.4676,7,0.1147,0.1122,0.0,0,0,0
linq,35.0,12.79,eb1168,0.11675778353879479,0,6.4,0,0.41,20000,0.0694,1542.9,3.687,0,0.9306,0.0227,7.057,0.0572,0.917,2.6485,0.3627,0.3333,7,1.4703,7,0.1113,0.1135,0.0,0,1,0
linq,35.0,12.79,eb1168,0.11675778353879479,0,6.4,0,0.42,20000,0.0694,1542.9,3.687,0,0.9306,0.0324,6.781,0.0648,0.967,2.4641,0.3583,0.33,7,1.476,7,0.1111,0.1124,0.0,0,1,0
linq,35.0,12.79,eb1168,0.11675778353879479,0,6.4,0,0.43,20000,0.0694,1542.9,3.687,0,0.9306,0.044,6.477,0.0727,0.894,2.2703,0.3558,0.3272,7,1.4012,6,0.1109,0.11,0.0,0,1,0
linq,35.0,12.79,eb1168,0.11675778353879479,0,6.4,0,0.44,20000,0.0694,1542.9,3.687,0,0.9306,0.0551,6.202,0.0835,1.009,2.1015,0.3533,0.3244,7,1.4014,6,0.1093,0.1095,0.0,0,1,0
linq,35.0,12.79,eb1168,0.11675778353879479,0,6.4,0,0.45,20000,0.0694,1542.9,3.687,0,0.9306,0.0706,5.935,0.0849,0.94,1.9735,0.3518,0.3224,7,1.2608,5,0.1081,0.1075,0.0,0,1,0
linq,35.0,12.79,eb1168,0.11675778353879479,0,6.4,0,0.46,20000,0.0694,1542.9,3.687,0,0.9306,0.0886,5.654,0.0969,1.07,1.845,0.3497,0.3203,7,1.2685,5,0.1087,0.1081,0.0,0,1,0
linq,35.0,12.79,eb1168,0.11675778353879479,0,6.4,0,0.47,20000,0.0694,1542.9,3.687,0,0.9306,0.1009,5.405,0.1114,1.203,1.6939,0.3486,0.3184,7,1.2735,5,0.1086,0.1063,0.0,0,1,0
linq,35.0,12.79,eb1168,0.11675778353879479,0,6.4,0,0.48,20000,0.0694,1542.9,3.687,0,0.9306,0.1193,5.155,0.1158,1.16,1.5934,0.3485,0.3176,7,1.3763,6,0.1066,0.1061,0.0,0,1,0
linq,35.0,12.79,eb1168,0.11675778353879479,0,6.4,0,0.49,20000,0.0694,1542.9,3.687,0,0.9306,0.1373,4.921,0.1224,1.167,1.4935,0.347,0.316,7,1.1546,4,0.1047,0.1064,0.0,0,1,0
linq,35.0,12.79,eb1168,0.11675778353879479,0,6.4,0,0.5,20000,0.0694,1542.9,3.687,0,0.9306,0.151,4.693,0.1362,1.225,1.3783,0.3476,0.3153,7,1.1572,4,0.1045,0.1032,0.0,0,1,0
linq,35.0,12.79,eb1168,0.11675778353879479,0,6.4,0,0.51,20000,0.0694,1542.9,3.687,0,0.9306,0.1769,4.464,0.1357,1.179,1.322,0.3462,0.3137,7,1.1655,4,0.1042,0.1019,0.0,0,1,0
linq,35.0,12.79,eb1168,0.11675778353879479,0,6.4,0,0.52,20000,0.0694,1542.9,3.687,0,0.9306,0.1996,4.245,0.1427,1.128,1.2673,0.3452,0.3123,7,1.1638,4,0.1029,0.1001,0.0,0,0,0
linq,35.0,12.79,eb1168,0.11675778353879479,0,9.6,1,0.17,20000,0.0694,1542.9,3.687,0,0.9306,0.0,12.425,0.0,nan,7.6336,nan,nan,0,1.5739,8,nan,nan,nan,0,0,0
linq,35.0,12.79,eb1168,0.11675778353879479,0,9.6,1,0.18,20000,0.0694,1542.9,3.687,0,0.9306,0.0,11.929,0.0,nan,7.1687,0.7299,0.7299,1,1.5706,8,nan,nan,nan,0,0,0
linq,35.0,12.79,eb1168,0.11675778353879479,0,9.6,1,0.19,20000,0.0694,1542.9,3.687,0,0.9306,0.0,11.439,0.0,nan,6.706,0.6697,0.6677,2,1.4561,7,nan,nan,nan,0,0,0
linq,35.0,12.79,eb1168,0.11675778353879479,0,9.6,1,0.2,20000,0.0694,1542.9,3.687,0,0.9306,0.0,10.927,0.0,nan,6.2379,0.6042,0.6001,3,1.456,7,nan,nan,nan,0,0,0
linq,35.0,12.79,eb1168,0.11675778353879479,0,9.6,1,0.21,20000,0.0694,1542.9,3.687,0,0.9306,0.0,10.437,0.0,nan,5.7855,0.5816,0.576,3,1.4597,7,nan,nan,nan,0,0,0
linq,35.0,12.79,eb1168,0.11675778353879479,0,9.6,1,0.22,20000,0.0694,1542.9,3.687,0,0.9306,0.0,9.939,0.0,nan,5.343,0.5306,0.5212,4,1.3461,6,nan,nan,nan,0,0,0
linq,35.0,12.79,eb1168,0.11675778353879479,0,9.6,1,0.23,20000,0.0694,1542.9,3.687,0,0.9306,0.0,9.448,0.0,0.0,4.9121,0.4828,0.47,5,1.3488,6,nan,nan,nan,0,0,0
linq,35.0,12.79,eb1168,0.11675778353879479,0,9.6,1,0.24,20000,0.0694,1542.9,3.687,0,0.9306,0.0,8.945,0.0,0.0,4.4739,0.4682,0.4553,5,1.3574,6,nan,nan,nan,0,0,0
linq,35.0,12.79,eb1168,0.11675778353879479,0,9.6,1,0.25,20000,0.0694,1542.9,3.687,0,0.9306,0.0,8.462,0.0011,0.375,4.0625,0.4247,0.4056,6,1.3633,6,nan,nan,nan,0,0,0
linq,35.0,12.79,eb1168,0.11675778353879479,0,9.6,1,0.26,20000,0.0694,1542.9,3.687,0,0.9306,0.0,7.952,0.0014,0.174,3.6492,0.3823,0.3545,7,1.2568,5,nan,0.1274,nan,0,0,0
linq,35.0,12.79,eb1168,0.11675778353879479,0,9.6,1,0.27,20000,0.0694,1542.9,3.687,0,0.9306,0.0,7.48,0.0036,0.213,3.274,0.3742,0.3467,7,1.2611,5,nan,0.1209,nan,0,0,0
linq,35.0,12.79,eb1168,0.11675778353879479,0,9.6,1,0.28,20000,0.0694,1542.9,3.687,0,0.9306,0.0011,6.992,0.0079,0.239,2.8916,0.3661,0.3392,7,1.2683,5,0.1216,0.1163,0.0,0,1,0
linq,35.0,12.79,eb1168,0.11675778353879479,0,9.6,1,0.29,20000,0.0694,1542.9,3.687,0,0.9306,0.0014,6.525,0.0162,0.296,2.5779,0.3618,0.335,7,1.2281,4,0.1143,0.1171,0.0,0,1,0
linq,35.0,12.79,eb1168,0.11675778353879479,0,9.6,1,0.3,20000,0.0694,1542.9,3.687,0,0.9306,0.004,6.057,0.0311,0.42,2.2322,0.3579,0.3301,7,1.0711,3,0.1128,0.1139,0.0,0,1,0
linq,35.0,12.79,eb1168,0.11675778353879479,0,9.6,1,0.31,20000,0.0694,1542.9,3.687,0,0.9306,0.0086,5.631,0.0509,0.56,1.987,0.3542,0.3257,7,1.1621,4,0.1142,0.1118,0.0,0,1,0
linq,35.0,12.79,eb1168,0.11675778353879479,0,9.6,1,0.32,20000,0.0694,1542.9,3.687,0,0.9306,0.0155,5.175,0.0798,0.71,1.746,0.3533,0.3233,7,1.1655,4,0.1113,0.1115,0.0,0,1,0
linq,35.0,12.79,eb1168,0.11675778353879479,0,9.6,1,0.33,20000,0.0694,1542.9,3.687,0,0.9306,0.0299,4.782,0.107,0.875,1.5718,0.3521,0.3208,7,0.9981,2,0.1109,0.1085,0.0,0,1,0
linq,35.0,12.79,eb1168,0.11675778353879479,0,9.6,1,0.34,20000,0.0694,1542.9,3.687,0,0.9306,0.0508,4.372,0.1329,1.0,1.4614,0.3532,0.3196,7,1.0039,2,0.1088,0.1073,0.0,0,0,0
linq,35.0,12.79,eb1168,0.11675778353879479,0,9.6,1,0.35,20000,0.0694,1542.9,3.687,0,0.9306,0.0804,3.999,0.1532,1.026,1.3953,0.3516,0.3174,7,1.0801,3,0.1075,0.1043,0.0,0,0,0
linq,35.0,12.79,eb1168,0.11675778353879479,0,9.6,1,0.36,20000,0.0694,1542.9,3.687,0,0.9306,0.1114,3.644,0.1772,1.061,1.3576,0.351,0.3161,7,0.9296,1,0.1056,0.1018,0.0,0,0,0
linq,35.0,12.79,eb1168,0.11675778353879479,0,9.6,1,0.37,20000,0.0694,1542.9,3.687,0,0.9306,0.1463,3.31,0.2014,1.128,1.3797,0.3511,0.3151,7,0.931,1,0.1041,0.0998,0.0,1,0,0
linq,35.0,12.79,eb1168,0.11675778353879479,0,9.6,1,0.38,20000,0.0694,1542.9,3.687,0,0.9306,0.1928,2.999,0.2134,1.067,1.4451,0.3541,0.3165,7,0.9362,1,0.102,0.0993,0.0,1,0,0
linq,35.0,12.79,eb1168,0.11675778353879479,0,9.6,1,0.39,20000,0.0694,1542.9,3.687,0,0.9306,0.2288,2.695,0.2547,1.301,1.5087,0.3551,0.317,7,nan,0,0.0998,0.0995,0.0,1,0,0
linq,35.0,12.79,eb1168,0.11675778353879479,0,9.6,1,0.4,20000,0.0694,1542.9,3.687,0,0.9306,0.2724,2.437,0.2744,1.358,1.6108,0.3567,0.3176,7,nan,0,0.0983,0.0982,0.0,1,0,0
linq,35.0,12.79,eb1168,0.11675778353879479,0,9.6,1,0.41,20000,0.0694,1542.9,3.687,0,0.9306,0.3171,2.198,0.3013,1.608,1.6881,0.3589,0.319,7,nan,0,0.0968,0.0961,0.0,0,0,0
linq,35.0,12.79,eb1168,0.11675778353879479,0,9.6,1,0.42,20000,0.0694,1542.9,3.687,0,0.9306,0.3611,1.97,0.3288,1.761,1.8046,0.3618,0.3205,7,nan,0,0.0964,0.0951,0.0,0,0,0
linq,35.0,12.79,eb1168,0.11675778353879479,0,9.6,1,0.43,20000,0.0694,1542.9,3.687,0,0.9306,0.4094,1.762,0.3386,1.702,1.9051,0.3639,0.3219,7,nan,0,0.0962,0.0939,0.0,0,0,0
linq,35.0,12.79,eb1168,0.11675778353879479,0,9.6,1,0.44,20000,0.0694,1542.9,3.687,0,0.9306,0.4562,1.579,0.3419,1.573,1.9847,0.3665,0.3243,7,nan,0,0.0953,0.0948,0.0,0,0,0
linq,35.0,12.79,eb1168,0.11675778353879479,0,9.6,1,0.45,20000,0.0694,1542.9,3.687,0,0.9306,0.4984,1.41,0.3578,1.601,2.0769,0.3673,0.3257,7,nan,0,0.0927,0.097,0.0,0,0,0
linq,35.0,12.79,eb1168,0.11675778353879479,0,9.6,1,0.46,20000,0.0694,1542.9,3.687,0,0.9306,0.5449,1.259,0.3634,1.588,2.1222,0.3217,0.2918,6,nan,0,0.0927,0.0973,0.0,0,0,0
linq,35.0,12.79,eb1168,0.11675778353879479,0,9.6,1,0.47,20000,0.0694,1542.9,3.687,0,0.9306,0.587,1.115,0.3796,1.623,2.1888,0.3243,0.2938,6,nan,0,0.0916,0.0965,0.0,0,0,0
linq,35.0,12.79,eb1168,0.11675778353879479,0,9.6,1,0.48,20000,0.0694,1542.9,3.687,0,0.9306,0.6202,0.992,0.407,1.751,2.2757,0.3244,0.2939,6,nan,0,0.0921,0.0979,0.0,0,0,0
linq,35.0,12.79,eb1168,0.11675778353879479,0,9.6,1,0.49,20000,0.0694,1542.9,3.687,0,0.9306,0.6461,0.896,0.4297,1.827,2.3561,0.3254,0.2957,6,nan,0,0.0931,0.0985,0.0,0,0,0
linq,35.0,12.79,eb1168,0.11675778353879479,0,9.6,1,0.5,20000,0.0694,1542.9,3.687,0,0.9306,0.6807,0.799,0.4413,1.955,2.3875,0.286,0.2643,5,nan,0,0.094,0.0993,0.0,0,0,0
linq,35.0,12.79,eb1168,0.11675778353879479,0,9.6,1,0.51,20000,0.0694,1542.9,3.687,0,0.9306,0.7095,0.71,0.4777,2.348,2.4457,0.2884,0.2666,5,nan,0,0.0939,0.102,0.0,0,0,0
linq,35.0,12.79,eb1168,0.11675778353879479,0,9.6,1,0.52,20000,0.0694,1542.9,3.687,0,0.9306,0.7413,0.628,0.4777,2.213,2.4625,0.2877,0.2663,5,nan,0,0.0951,0.1008,0.0,0,0,0
linq,35.0,12.79,eb1168,0.11675778353879479,0,12.8,1,0.17,20000,0.0694,1542.9,3.687,0,0.9306,0.0,10.648,0.0,nan,6.1117,0.6627,0.6614,2,1.3557,6,nan,nan,nan,0,0,0
linq,35.0,12.79,eb1168,0.11675778353879479,0,12.8,1,0.18,20000,0.0694,1542.9,3.687,0,0.9306,0.0,10.041,0.0,nan,5.5989,0.5972,0.5935,3,1.36,6,nan,nan,nan,0,0,0
linq,35.0,12.79,eb1168,0.11675778353879479,0,12.8,1,0.19,20000,0.0694,1542.9,3.687,0,0.9306,0.0,9.437,0.0,nan,5.0802,0.5739,0.5694,3,1.2484,5,nan,nan,nan,0,0,0
linq,35.0,12.79,eb1168,0.11675778353879479,0,12.8,1,0.2,20000,0.0694,1542.9,3.687,0,0.9306,0.0,8.846,0.0,nan,4.6099,0.5153,0.5085,4,1.2592,5,nan,nan,nan,0,0,0
linq,35.0,12.79,eb1168,0.11675778353879479,0,12.8,1,0.21,20000,0.0694,1542.9,3.687,0,0.9306,0.0,8.228,0.0,nan,4.1328,0.4644,0.4534,5,1.1469,4,nan,nan,nan,0,0,0
linq,35.0,12.79,eb1168,0.11675778353879479,0,12.8,1,0.22,20000,0.0694,1542.9,3.687,0,0.9306,0.0,7.655,0.0,0.0,3.6809,0.4184,0.4027,6,1.1564,4,nan,nan,nan,0,0,0
linq,35.0,12.79,eb1168,0.11675778353879479,0,12.8,1,0.23,20000,0.0694,1542.9,3.687,0,0.9306,0.0,7.04,0.0004,0.071,3.2536,0.4056,0.389,6,1.1628,4,nan,nan,nan,0,1,0
linq,35.0,12.79,eb1168,0.11675778353879479,0,12.8,1,0.24,20000,0.0694,1542.9,3.687,0,0.9306,0.0,6.45,0.0014,0.093,2.8552,0.3663,0.3398,7,1.0721,3,nan,0.1188,nan,0,1,0
linq,35.0,12.79,eb1168,0.11675778353879479,0,12.8,1,0.25,20000,0.0694,1542.9,3.687,0,0.9306,0.0,5.88,0.0065,0.153,2.4813,0.3612,0.3336,7,1.0831,3,nan,0.116,nan,0,1,0
linq,35.0,12.79,eb1168,0.11675778353879479,0,12.8,1,0.26,20000,0.0694,1542.9,3.687,0,0.9306,0.0011,5.317,0.0184,0.222,2.1861,0.3589,0.3294,7,0.9956,2,0.1167,0.1141,0.0,0,1,0
linq,35.0,12.79,eb1168,0.11675778353879479,0,12.8,1,0.27,20000,0.0694,1542.9,3.687,0,0.9306,0.0025,4.775,0.0462,0.378,1.9414,0.3562,0.3253,7,0.9894,2,0.1136,0.1124,0.0,0,1,0
linq,35.0,12.79,eb1168,0.11675778353879479,0,12.8,1,0.28,20000,0.0694,1542.9,3.687,0,0.9306,0.0086,4.252,0.0883,0.577,1.7603,0.3549,0.3223,7,0.987,2,0.1112,0.1099,0.0,0,0,0
linq,35.0,12.79,eb1168,0.11675778353879479,0,12.8,1,0.29,20000,0.0694,1542.9,3.687,0,0.9306,0.022,3.776,0.136,0.753,1.7064,0.3567,0.3211,7,nan,0,0.1103,0.107,0.0,0,0,0
linq,35.0,12.79,eb1168,0.11675778353879479,0,12.8,1,0.3,20000,0.0694,1542.9,3.687,0,0.9306,0.0505,3.314,0.1882,0.912,1.7589,0.358,0.3203,7,0.8878,1,0.1074,0.1028,0.0,0,0,0
linq,35.0,12.79,eb1168,0.11675778353879479,0,12.8,1,0.31,20000,0.0694,1542.9,3.687,0,0.9306,0.0951,2.894,0.231,1.016,1.8486,0.3613,0.3211,7,nan,0,0.1058,0.1004,0.0,1,0,0
linq,35.0,12.79,eb1168,0.11675778353879479,0,12.8,1,0.32,20000,0.0694,1542.9,3.687,0,0.9306,0.1474,2.505,0.2764,1.112,2.0181,0.3631,0.3218,7,nan,0,0.1024,0.0992,0.0,1,0,0
linq,35.0,12.79,eb1168,0.11675778353879479,0,12.8,1,0.33,20000,0.0694,1542.9,3.687,0,0.9306,0.2148,2.15,0.3245,1.408,2.1507,0.3665,0.3243,7,nan,0,0.0992,0.097,0.0,0,0,0
linq,35.0,12.79,eb1168,0.11675778353879479,0,12.8,1,0.34,20000,0.0694,1542.9,3.687,0,0.9306,0.28,1.84,0.3734,1.636,2.3331,0.3201,0.2896,6,nan,0,0.0976,0.0952,0.0,0,0,0
linq,35.0,12.79,eb1168,0.11675778353879479,0,12.8,1,0.35,20000,0.0694,1542.9,3.687,0,0.9306,0.3499,1.549,0.4141,1.758,2.5056,0.3226,0.2915,6,nan,0,0.0961,0.0949,0.0,0,0,0
linq,35.0,12.79,eb1168,0.11675778353879479,0,12.8,1,0.36,20000,0.0694,1542.9,3.687,0,0.9306,0.4288,1.315,0.4271,1.714,2.5864,0.2824,0.2606,5,nan,0,0.0945,0.0968,0.0,0,0,0
linq,35.0,12.79,eb1168,0.11675778353879479,0,12.8,1,0.37,20000,0.0694,1542.9,3.687,0,0.9306,0.4973,1.095,0.4624,1.787,2.7094,0.2854,0.2633,5,nan,0,0.093,0.0976,0.0,0,0,0
linq,35.0,12.79,eb1168,0.11675778353879479,0,12.8,1,0.38,20000,0.0694,1542.9,3.687,0,0.9306,0.5712,0.907,0.4916,1.99,2.7744,0.2479,0.2332,4,nan,0,0.0927,0.0988,0.0,0,0,0
linq,35.0,12.79,eb1168,0.11675778353879479,0,12.8,1,0.39,20000,0.0694,1542.9,3.687,0,0.9306,0.6256,0.765,0.5168,2.131,2.8444,0.2495,0.2347,4,nan,0,0.0929,0.0999,0.0,0,0,0
linq,35.0,12.79,eb1168,0.11675778353879479,0,12.8,1,0.4,20000,0.0694,1542.9,3.687,0,0.9306,0.6771,0.632,0.5681,2.693,2.9299,0.2516,0.237,4,nan,0,0.0944,0.1002,0.0,0,0,0
linq,35.0,12.79,eb1168,0.11675778353879479,0,12.8,1,0.41,20000,0.0694,1542.9,3.687,0,0.9306,0.7276,0.525,0.5847,2.986,2.9614,0.2152,0.2065,3,nan,0,0.0951,0.1002,0.0,0,0,0
linq,35.0,12.79,eb1168,0.11675778353879479,0,12.8,1,0.42,20000,0.0694,1542.9,3.687,0,0.9306,0.7748,0.431,0.5888,2.875,2.975,0.2166,0.2075,3,nan,0,0.0962,0.0997,0.0,0,0,0
linq,35.0,12.79,eb1168,0.11675778353879479,0,12.8,1,0.43,20000,0.0694,1542.9,3.687,0,0.9306,0.8123,0.356,0.6046,3.281,2.9904,0.1831,0.1788,2,nan,0,0.0961,0.1012,0.0,0,0,0
linq,35.0,12.79,eb1168,0.11675778353879479,0,12.8,1,0.44,20000,0.0694,1542.9,3.687,0,0.9306,0.8497,0.292,0.5827,2.893,2.9486,0.1837,0.1799,2,nan,0,0.098,0.1034,0.0,0,0,0
linq,35.0,12.79,eb1168,0.11675778353879479,0,12.8,1,0.45,20000,0.0694,1542.9,3.687,0,0.9306,0.8771,0.241,0.5777,2.814,2.9297,0.1848,0.1808,2,nan,0,0.0979,0.1036,0.0,0,0,0
linq,35.0,12.79,eb1168,0.11675778353879479,0,12.8,1,0.46,20000,0.0694,1542.9,3.687,0,0.9306,0.8948,0.204,0.5925,2.836,2.9469,0.1839,0.1806,2,nan,0,0.0976,0.1052,0.0,0,0,0
linq,35.0,12.79,eb1168,0.11675778353879479,0,12.8,1,0.47,20000,0.0694,1542.9,3.687,0,0.9306,0.9164,0.166,0.569,2.491,2.9016,0.1514,0.1514,1,nan,0,0.0971,0.1069,0.0,0,0,0
linq,35.0,12.79,eb1168,0.11675778353879479,0,12.8,1,0.48,20000,0.0694,1542.9,3.687,0,0.9306,0.929,0.141,0.5736,2.628,2.9039,0.1511,0.1511,1,nan,0,0.1,0.1066,0.0,0,0,0
linq,35.0,12.79,eb1168,0.11675778353879479,0,12.8,1,0.49,20000,0.0694,1542.9,3.687,0,0.9306,0.9391,0.122,0.5858,3.094,2.8827,0.1516,0.1516,1,nan,0,0.1006,0.107,0.0,0,0,0
linq,35.0,12.79,eb1168,0.11675778353879479,0,12.8,1,0.5,20000,0.0694,1542.9,3.687,0,0.9306,0.9495,0.101,0.6143,4.778,2.8958,nan,nan,0,nan,0,0.1021,nan,0.0,0,0,0
linq,35.0,12.79,eb1168,0.11675778353879479,0,12.8,1,0.51,20000,0.0694,1542.9,3.687,0,0.9306,0.9571,0.087,0.605,4.8,2.855,nan,nan,0,nan,0,0.1025,nan,0.0,0,0,0
linq,35.0,12.79,eb1168,0.11675778353879479,0,12.8,1,0.52,20000,0.0694,1542.9,3.687,0,0.9306,0.9632,0.075,0.6176,4.846,2.8592,nan,nan,0,nan,0,0.1029,nan,0.0,0,0,0
linq,35.0,12.79,eb154,0.154,1,2.4,0,0.17,20000,0.0266,1542.9,3.687,0,0.9735,0.0,19.642,0.0,nan,14.7535,nan,nan,0,2.602,1,nan,nan,nan,0,0,0
linq,35.0,12.79,eb154,0.154,1,2.4,0,0.18,20000,0.0266,1542.9,3.687,0,0.9735,0.0,19.559,0.0,nan,14.6707,nan,nan,0,2.5222,1,nan,nan,nan,0,0,0
linq,35.0,12.79,eb154,0.154,1,2.4,0,0.19,20000,0.0266,1542.9,3.687,0,0.9735,0.0,19.464,0.0,nan,14.5756,nan,nan,0,2.3899,1,nan,nan,nan,0,0,0
linq,35.0,12.79,eb154,0.154,1,2.4,0,0.2,20000,0.0266,1542.9,3.687,0,0.9735,0.0,19.357,0.0,nan,14.4682,nan,nan,0,2.4335,1,nan,nan,nan,0,0,0
linq,35.0,12.79,eb154,0.154,1,2.4,0,0.21,20000,0.0266,1542.9,3.687,0,0.9735,0.0,19.272,0.0,nan,14.3835,nan,nan,0,2.3777,1,nan,nan,nan,0,0,0
linq,35.0,12.79,eb154,0.154,1,2.4,0,0.22,20000,0.0266,1542.9,3.687,0,0.9735,0.0,19.187,0.0,nan,14.2987,nan,nan,0,2.3391,1,nan,nan,nan,0,0,0
linq,35.0,12.79,eb154,0.154,1,2.4,0,0.23,20000,0.0266,1542.9,3.687,0,0.9735,0.0,19.112,0.0,nan,14.2234,nan,nan,0,2.3984,1,nan,nan,nan,0,0,0
linq,35.0,12.79,eb154,0.154,1,2.4,0,0.24,20000,0.0266,1542.9,3.687,0,0.9735,0.0,19.027,0.0,nan,14.1387,nan,nan,0,2.419,1,nan,nan,nan,0,0,0
linq,35.0,12.79,eb154,0.154,1,2.4,0,0.25,20000,0.0266,1542.9,3.687,0,0.9735,0.0,18.925,0.0,nan,14.036,nan,nan,0,2.3071,2,nan,nan,nan,0,0,0
linq,35.0,12.79,eb154,0.154,1,2.4,0,0.26,20000,0.0266,1542.9,3.687,0,0.9735,0.0,18.837,0.0,nan,13.9485,nan,nan,0,2.3677,2,nan,nan,nan,0,0,0
linq,35.0,12.79,eb154,0.154,1,2.4,0,0.27,20000,0.0266,1542.9,3.687,0,0.9735,0.0,18.759,0.0,nan,13.8703,nan,nan,0,2.353,2,nan,nan,nan,0,0,0
linq,35.0,12.79,eb154,0.154,1,2.4,0,0.28,20000,0.0266,1542.9,3.687,0,0.9735,0.0,18.674,0.0,nan,13.7856,nan,nan,0,2.363,2,nan,nan,nan,0,0,0
linq,35.0,12.79,eb154,0.154,1,2.4,0,0.29,20000,0.0266,1542.9,3.687,0,0.9735,0.0,18.589,0.0,nan,13.6999,nan,nan,0,2.3369,2,nan,nan,nan,0,0,0
linq,35.0,12.79,eb154,0.154,1,2.4,0,0.3,20000,0.0266,1542.9,3.687,0,0.9735,0.0,18.494,0.0,nan,13.6057,nan,nan,0,2.2337,3,nan,nan,nan,0,0,0
linq,35.0,12.79,eb154,0.154,1,2.4,0,0.31,20000,0.0266,1542.9,3.687,0,0.9735,0.0,18.407,0.0,nan,13.5181,nan,nan,0,2.2217,3,nan,nan,nan,0,0,0
linq,35.0,12.79,eb154,0.154,1,2.4,0,0.32,20000,0.0266,1542.9,3.687,0,0.9735,0.0,18.311,0.0,nan,13.4221,nan,nan,0,2.2469,3,nan,nan,nan,0,0,0
linq,35.0,12.79,eb154,0.154,1,2.4,0,0.33,20000,0.0266,1542.9,3.687,0,0.9735,0.0,18.235,0.0,nan,13.3468,nan,nan,0,2.245,3,nan,nan,nan,0,0,0
linq,35.0,12.79,eb154,0.154,1,2.4,0,0.34,20000,0.0266,1542.9,3.687,0,0.9735,0.0,18.153,0.0,nan,13.2639,nan,nan,0,2.2521,3,nan,nan,nan,0,0,0
linq,35.0,12.79,eb154,0.154,1,2.4,0,0.35,20000,0.0266,1542.9,3.687,0,0.9735,0.0,18.067,0.0,nan,13.1782,nan,nan,0,2.2581,3,nan,nan,nan,0,0,0
linq,35.0,12.79,eb154,0.154,1,2.4,0,0.36,20000,0.0266,1542.9,3.687,0,0.9735,0.0,17.972,0.0,nan,13.0831,nan,nan,0,2.1383,4,nan,nan,nan,0,0,0
linq,35.0,12.79,eb154,0.154,1,2.4,0,0.37,20000,0.0266,1542.9,3.687,0,0.9735,0.0,17.885,0.0,nan,12.9965,nan,nan,0,2.1327,4,nan,nan,nan,0,0,0
linq,35.0,12.79,eb154,0.154,1,2.4,0,0.38,20000,0.0266,1542.9,3.687,0,0.9735,0.0,17.817,0.0,nan,12.9287,nan,nan,0,2.1451,4,nan,nan,nan,0,0,0
linq,35.0,12.79,eb154,0.154,1,2.4,0,0.39,20000,0.0266,1542.9,3.687,0,0.9735,0.0,17.741,0.0,nan,12.8524,nan,nan,0,2.1513,4,nan,nan,nan,0,0,0
linq,35.0,12.79,eb154,0.154,1,2.4,0,0.4,20000,0.0266,1542.9,3.687,0,0.9735,0.0,17.666,0.0,nan,12.7771,nan,nan,0,2.1502,4,nan,nan,nan,0,0,0
linq,35.0,12.79,eb154,0.154,1,2.4,0,0.41,20000,0.0266,1542.9,3.687,0,0.9735,0.0,17.576,0.0,nan,12.6876,nan,nan,0,2.156,4,nan,nan,nan,0,0,0
linq,35.0,12.79,eb154,0.154,1,2.4,0,0.42,20000,0.0266,1542.9,3.687,0,0.9735,0.0,17.482,0.0,nan,12.5935,nan,nan,0,2.1608,4,nan,nan,nan,0,0,0
linq,35.0,12.79,eb154,0.154,1,2.4,0,0.43,20000,0.0266,1542.9,3.687,0,0.9735,0.0,17.401,0.0,nan,12.5125,nan,nan,0,2.0177,5,nan,nan,nan,0,0,0
linq,35.0,12.79,eb154,0.154,1,2.4,0,0.44,20000,0.0266,1542.9,3.687,0,0.9735,0.0,17.298,0.0,nan,12.4099,nan,nan,0,2.0268,5,nan,nan,nan,0,0,0
linq,35.0,12.79,eb154,0.154,1,2.4,0,0.45,20000,0.0266,1542.9,3.687,0,0.9735,0.0,17.217,0.0,nan,12.3279,nan,nan,0,2.0282,5,nan,nan,nan,0,0,0
linq,35.0,12.79,eb154,0.154,1,2.4,0,0.46,20000,0.0266,1542.9,3.687,0,0.9735,0.0,17.127,0.0,nan,12.2385,nan,nan,0,2.0236,5,nan,nan,nan,0,0,0
linq,35.0,12.79,eb154,0.154,1,2.4,0,0.47,20000,0.0266,1542.9,3.687,0,0.9735,0.0,17.042,0.0,nan,12.1537,nan,nan,0,2.0238,5,nan,nan,nan,0,0,0
linq,35.0,12.79,eb154,0.154,1,2.4,0,0.48,20000,0.0266,1542.9,3.687,0,0.9735,0.0,16.975,0.0,nan,12.0859,nan,nan,0,2.0341,5,nan,nan,nan,0,0,0
linq,35.0,12.79,eb154,0.154,1,2.4,0,0.49,20000,0.0266,1542.9,3.687,0,0.9735,0.0,16.895,0.0,nan,12.0068,nan,nan,0,1.9066,6,nan,nan,nan,0,0,0
linq,35.0,12.79,eb154,0.154,1,2.4,0,0.5,20000,0.0266,1542.9,3.687,0,0.9735,0.0,16.827,0.0,nan,11.9381,nan,nan,0,1.9093,6,nan,nan,nan,0,0,0
linq,35.0,12.79,eb154,0.154,1,2.4,0,0.51,20000,0.0266,1542.9,3.687,0,0.9735,0.0,16.747,0.0,nan,11.8581,nan,nan,0,1.9139,6,nan,nan,nan,0,0,0
linq,35.0,12.79,eb154,0.154,1,2.4,0,0.52,20000,0.0266,1542.9,3.687,0,0.9735,0.0,16.656,0.0,nan,11.7677,nan,nan,0,1.916,6,nan,nan,nan,0,0,0
linq,35.0,12.79,eb154,0.154,1,3.2,0,0.17,20000,0.0266,1542.9,3.687,0,0.9735,0.0,18.334,0.0,nan,13.4456,nan,nan,0,2.3313,2,nan,nan,nan,0,0,0
linq,35.0,12.79,eb154,0.154,1,3.2,0,0.18,20000,0.0266,1542.9,3.687,0,0.9735,0.0,18.201,0.0,nan,13.3119,nan,nan,0,2.2776,3,nan,nan,nan,0,0,0
linq,35.0,12.79,eb154,0.154,1,3.2,0,0.19,20000,0.0266,1542.9,3.687,0,0.9735,0.0,18.052,0.0,nan,13.1632,nan,nan,0,2.2405,3,nan,nan,nan,0,0,0
linq,35.0,12.79,eb154,0.154,1,3.2,0,0.2,20000,0.0266,1542.9,3.687,0,0.9735,0.0,17.893,0.0,nan,13.004,nan,nan,0,2.2599,3,nan,nan,nan,0,0,0
linq,35.0,12.79,eb154,0.154,1,3.2,0,0.21,20000,0.0266,1542.9,3.687,0,0.9735,0.0,17.747,0.0,nan,12.8581,nan,nan,0,2.2447,3,nan,nan,nan,0,0,0
linq,35.0,12.79,eb154,0.154,1,3.2,0,0.22,20000,0.0266,1542.9,3.687,0,0.9735,0.0,17.588,0.0,nan,12.6989,nan,nan,0,2.1492,4,nan,nan,nan,0,0,0
linq,35.0,12.79,eb154,0.154,1,3.2,0,0.23,20000,0.0266,1542.9,3.687,0,0.9735,0.0,17.415,0.0,nan,12.5266,nan,nan,0,2.1352,4,nan,nan,nan,0,0,0
linq,35.0,12.79,eb154,0.154,1,3.2,0,0.24,20000,0.0266,1542.9,3.687,0,0.9735,0.0,17.267,0.0,nan,12.3788,nan,nan,0,2.1437,4,nan,nan,nan,0,0,0
linq,35.0,12.79,eb154,0.154,1,3.2,0,0.25,20000,0.0266,1542.9,3.687,0,0.9735,0.0,17.105,0.0,nan,12.2159,nan,nan,0,2.1504,4,nan,nan,nan,0,0,0
linq,35.0,12.79,eb154,0.154,1,3.2,0,0.26,20000,0.0266,1542.9,3.687,0,0.9735,0.0,16.965,0.0,nan,12.0765,nan,nan,0,2.1512,4,nan,nan,nan,0,0,0
linq,35.0,12.79,eb154,0.154,1,3.2,0,0.27,20000,0.0266,1542.9,3.687,0,0.9735,0.0,16.811,0.0,nan,11.9221,nan,nan,0,2.0114,5,nan,nan,nan,0,0,0
linq,35.0,12.79,eb154,0.154,1,3.2,0,0.28,20000,0.0266,1542.9,3.687,0,0.9735,0.0,16.663,0.0,nan,11.7743,nan,nan,0,2.0103,5,nan,nan,nan,0,0,0
linq,35.0,12.79,eb154,0.154,1,3.2,0,0.29,20000,0.0266,1542.9,3.687,0,0.9735,0.0,16.502,0.0,nan,11.6132,nan,nan,0,2.0167,5,nan,nan,nan,0,0,0
linq,35.0,12.79,eb154,0.154,1,3.2,0,0.3,20000,0.0266,1542.9,3.687,0,0.9735,0.0,16.339,0.0,nan,11.4503,nan,nan,0,2.0217,5,nan,nan,nan,0,0,0
linq,35.0,12.79,eb154,0.154,1,3.2,0,0.31,20000,0.0266,1542.9,3.687,0,0.9735,0.0,16.179,0.0,nan,11.2903,nan,nan,0,1.902,6,nan,nan,nan,0,0,0
linq,35.0,12.79,eb154,0.154,1,3.2,0,0.32,20000,0.0266,1542.9,3.687,0,0.9735,0.0,16.047,0.0,nan,11.1584,nan,nan,0,1.9047,6,nan,nan,nan,0,0,0
linq,35.0,12.79,eb154,0.154,1,3.2,0,0.33,20000,0.0266,1542.9,3.687,0,0.9735,0.0,15.915,0.0,nan,11.0266,nan,nan,0,1.9031,6,nan,nan,nan,0,0,0
linq,35.0,12.79,eb154,0.154,1,3.2,0,0.34,20000,0.0266,1542.9,3.687,0,0.9735,0.0,15.768,0.0,nan,10.8797,nan,nan,0,1.9036,6,nan,nan,nan,0,0,0
linq,35.0,12.79,eb154,0.154,1,3.2,0,0.35,20000,0.0266,1542.9,3.687,0,0.9735,0.0,15.589,0.0,nan,10.6999,nan,nan,0,1.7881,7,nan,nan,nan,0,0,0
linq,35.0,12.79,eb154,0.154,1,3.2,0,0.36,20000,0.0266,1542.9,3.687,0,0.9735,0.0,15.429,0.0,nan,10.5407,nan,nan,0,1.7859,7,nan,nan,nan,0,0,0
linq,35.0,12.79,eb154,0.154,1,3.2,0,0.37,20000,0.0266,1542.9,3.687,0,0.9735,0.0,15.254,0.0,nan,10.3656,nan,nan,0,1.7915,7,nan,nan,nan,0,0,0
linq,35.0,12.79,eb154,0.154,1,3.2,0,0.38,20000,0.0266,1542.9,3.687,0,0.9735,0.0,15.119,0.0,nan,10.23,nan,nan,0,1.6821,8,nan,nan,nan,0,0,0
linq,35.0,12.79,eb154,0.154,1,3.2,0,0.39,20000,0.0266,1542.9,3.687,0,0.9735,0.0,14.968,0.0,nan,10.0793,nan,nan,0,1.6861,8,nan,nan,nan,0,0,0
linq,35.0,12.79,eb154,0.154,1,3.2,0,0.4,20000,0.0266,1542.9,3.687,0,0.9735,0.0,14.84,0.0,nan,9.9513,nan,nan,0,1.6858,8,nan,nan,nan,0,0,0
linq,35.0,12.79,eb154,0.154,1,3.2,0,0.41,20000,0.0266,1542.9,3.687,0,0.9735,0.0,14.68,0.0,0.0,9.7912,nan,nan,0,1.6856,8,nan,nan,nan,0,0,0
linq,35.0,12.79,eb154,0.154,1,3.2,0,0.42,20000,0.0266,1542.9,3.687,0,0.9735,0.0,14.507,0.0,0.0,9.618,nan,nan,0,1.6873,8,nan,nan,nan,0,0,0
linq,35.0,12.79,eb154,0.154,1,3.2,0,0.43,20000,0.0266,1542.9,3.687,0,0.9735,0.0,14.367,0.0,0.0,9.4786,nan,nan,0,1.6866,8,nan,nan,nan,0,0,0
linq,35.0,12.79,eb154,0.154,1,3.2,0,0.44,20000,0.0266,1542.9,3.687,0,0.9735,0.0,14.211,0.0009,0.5,9.3223,nan,nan,0,1.6895,8,nan,nan,nan,0,0,0
linq,35.0,12.79,eb154,0.154,1,3.2,0,0.45,20000,0.0266,1542.9,3.687,0,0.9735,0.0,14.058,0.0019,1.0,9.1697,nan,nan,0,1.6892,8,nan,nan,nan,0,0,0
linq,35.0,12.79,eb154,0.154,1,3.2,0,0.46,20000,0.0266,1542.9,3.687,0,0.9735,0.0,13.918,0.0028,3.0,9.0294,0.6758,0.6758,1,1.6908,8,nan,nan,nan,0,0,0
linq,35.0,12.79,eb154,0.154,1,3.2,0,0.47,20000,0.0266,1542.9,3.687,0,0.9735,0.0,13.777,0.0028,3.0,8.8882,0.676,0.676,1,1.6878,8,nan,nan,nan,0,0,0
linq,35.0,12.79,eb154,0.154,1,3.2,0,0.48,20000,0.0266,1542.9,3.687,0,0.9735,0.0,13.62,0.0038,nan,8.7309,0.6766,0.6766,1,1.6904,8,nan,nan,nan,0,0,0
linq,35.0,12.79,eb154,0.154,1,3.2,0,0.49,20000,0.0266,1542.9,3.687,0,0.9735,0.0009,13.474,0.0028,nan,8.5977,0.6056,0.5995,2,1.6912,8,nan,nan,nan,0,0,0
linq,35.0,12.79,eb154,0.154,1,3.2,0,0.5,20000,0.0266,1542.9,3.687,0,0.9735,0.0019,13.321,0.0019,1.0,8.4576,0.6042,0.603,2,1.6884,8,nan,nan,nan,0,0,0
linq,35.0,12.79,eb154,0.154,1,3.2,0,0.51,20000,0.0266,1542.9,3.687,0,0.9735,0.0028,13.17,0.0009,0.333,8.3191,0.6203,0.6192,2,1.6907,8,nan,nan,nan,0,0,0
linq,35.0,12.79,eb154,0.154,1,3.2,0,0.52,20000,0.0266,1542.9,3.687,0,0.9735,0.0028,13.022,0.0009,0.333,8.1699,0.6217,0.6189,2,1.6926,8,nan,nan,nan,0,0,0
linq,35.0,12.79,eb154,0.154,1,4.8,0,0.17,20000,0.0266,1542.9,3.687,0,0.9735,0.0,16.04,0.0,nan,11.1509,nan,nan,0,2.0021,5,nan,nan,nan,0,0,0
linq,35.0,12.79,eb154,0.154,1,4.8,0,0.18,20000,0.0266,1542.9,3.687,0,0.9735,0.0,15.75,0.0,nan,10.8618,nan,nan,0,1.9134,6,nan,nan,nan,0,0,0
linq,35.0,12.79,eb154,0.154,1,4.8,0,0.19,20000,0.0266,1542.9,3.687,0,0.9735,0.0,15.46,0.0,nan,10.5709,nan,nan,0,1.894,6,nan,nan,nan,0,0,0
linq,35.0,12.79,eb154,0.154,1,4.8,0,0.2,20000,0.0266,1542.9,3.687,0,0.9735,0.0,15.167,0.0,nan,10.278,nan,nan,0,1.9095,6,nan,nan,nan,0,0,0
linq,35.0,12.79,eb154,0.154,1,4.8,0,0.21,20000,0.0266,1542.9,3.687,0,0.9735,0.0,14.894,0.0,nan,10.005,nan,nan,0,1.7948,7,nan,nan,nan,0,0,0
linq,35.0,12.79,eb154,0.154,1,4.8,0,0.22,20000,0.0266,1542.9,3.687,0,0.9735,0.0,14.589,0.0,nan,9.7017,nan,nan,0,1.8055,7,nan,nan,nan,0,0,0
linq,35.0,12.79,eb154,0.154,1,4.8,0,0.23,20000,0.0266,1542.9,3.687,0,0.9735,0.0,14.311,0.0,nan,9.4239,nan,nan,0,1.8031,7,nan,nan,nan,0,0,0
linq,35.0,12.79,eb154,0.154,1,4.8,0,0.24,20000,0.0266,1542.9,3.687,0,0.9735,0.0,14.037,0.0,nan,9.1518,nan,nan,0,1.6996,8,nan,nan,nan,0,0,0
linq,35.0,12.79,eb154,0.154,1,4.8,0,0.25,20000,0.0266,1542.9,3.687,0,0.9735,0.0,13.76,0.0,nan,8.875,nan,nan,0,1.7067,8,nan,nan,nan,0,0,0
linq,35.0,12.79,eb154,0.154,1,4.8,0,0.26,20000,0.0266,1542.9,3.687,0,0.9735,0.0,13.43,0.0,nan,8.5473,nan,nan,0,1.7073,8,nan,nan,nan,0,0,0
linq,35.0,12.79,eb154,0.154,1,4.8,0,0.27,20000,0.0266,1542.9,3.687,0,0.9735,0.0,13.171,0.0,nan,8.2883,nan,nan,0,1.7089,8,nan,nan,nan,0,0,0
linq,35.0,12.79,eb154,0.154,1,4.8,0,0.28,20000,0.0266,1542.9,3.687,0,0.9735,0.0,12.903,0.0,nan,8.0222,0.6307,0.6307,1,1.7138,8,nan,nan,nan,0,0,0
linq,35.0,12.79,eb154,0.154,1,4.8,0,0.29,20000,0.0266,1542.9,3.687,0,0.9735,0.0,12.588,0.0,nan,7.7124,0.674,0.674,1,1.7118,8,nan,nan,nan,0,0,0
linq,35.0,12.79,eb154,0.154,1,4.8,0,0.3,20000,0.0266,1542.9,3.687,0,0.9735,0.0,12.315,0.0,nan,7.4417,0.664,0.664,1,1.7176,8,nan,nan,nan,0,0,0
linq,35.0,12.79,eb154,0.154,1,4.8,0,0.31,20000,0.0266,1542.9,3.687,0,0.9735,0.0,12.042,0.0,0.0,7.1743,0.606,0.6012,2,1.7168,8,nan,nan,nan,0,0,0
linq,35.0,12.79,eb154,0.154,1,4.8,0,0.32,20000,0.0266,1542.9,3.687,0,0.9735,0.0,11.754,0.0,0.0,6.8862,0.6108,0.6073,2,1.7237,8,nan,nan,nan,0,0,0
linq,35.0,12.79,eb154,0.154,1,4.8,0,0.33,20000,0.0266,1542.9,3.687,0,0.9735,0.0,11.458,0.0009,0.333,6.5915,0.6306,0.6259,2,1.7298,8,nan,nan,nan,0,0,0
linq,35.0,12.79,eb154,0.154,1,4.8,0,0.34,20000,0.0266,1542.9,3.687,0,0.9735,0.0,11.18,0.0028,3.0,6.3174,0.5702,0.561,3,1.7337,8,nan,nan,nan,0,0,0
linq,35.0,12.79,eb154,0.154,1,4.8,0,0.35,20000,0.0266,1542.9,3.687,0,0.9735,0.0,10.9,0.0038,4.0,6.0415,0.567,0.5603,3,1.6029,7,nan,nan,nan,0,0,0
linq,35.0,12.79,eb154,0.154,1,4.8,0,0.36,20000,0.0266,1542.9,3.687,0,0.9735,0.0,10.618,0.0038,1.333,5.7628,0.5214,0.5089,4,1.6075,7,nan,nan,nan,0,0,0
linq,35.0,12.79,eb154,0.154,1,4.8,0,0.37,20000,0.0266,1542.9,3.687,0,0.9735,0.0019,10.331,0.0019,0.286,5.5035,0.524,0.5115,4,1.6111,7,nan,nan,nan,0,0,0
linq,35.0,12.79,eb154,0.154,1,4.8,0,0.38,20000,0.0266,1542.9,3.687,0,0.9735,0.0028,10.056,0.0028,0.333,5.2488,0.4771,0.4556,5,1.6179,7,nan,nan,nan,0,0,0
linq,35.0,12.79,eb154,0.154,1,4.8,0,0.39,20000,0.0266,1542.9,3.687,0,0.9735,0.0038,9.774,0.0028,0.273,4.9804,0.4784,0.4593,5,1.6222,7,nan,nan,nan,0,0,0
linq,35.0,12.79,eb154,0.154,1,4.8,0,0.4,20000,0.0266,1542.9,3.687,0,0.9735,0.0038,9.492,0.0066,0.467,4.7065,0.4345,0.4045,6,1.6255,7,nan,nan,nan,0,0,0
linq,35.0,12.79,eb154,0.154,1,4.8,0,0.41,20000,0.0266,1542.9,3.687,0,0.9735,0.0038,9.225,0.0104,0.733,4.4503,0.4355,0.408,6,1.6285,7,nan,nan,nan,0,0,0
linq,35.0,12.79,eb154,0.154,1,4.8,0,0.42,20000,0.0266,1542.9,3.687,0,0.9735,0.0056,8.934,0.0114,0.75,4.1904,0.4347,0.4078,6,1.6296,7,nan,nan,nan,0,0,0
linq,35.0,12.79,eb154,0.154,1,4.8,0,0.43,20000,0.0266,1542.9,3.687,0,0.9735,0.0066,8.667,0.0161,0.739,3.9447,0.3946,0.3541,7,1.5039,6,nan,0.1038,nan,0,0,0
linq,35.0,12.79,eb154,0.154,1,4.8,0,0.44,20000,0.0266,1542.9,3.687,0,0.9735,0.0094,8.414,0.0171,0.562,3.7294,0.3944,0.355,7,1.508,6,nan,0.1087,nan,0,0,0
linq,35.0,12.79,eb154,0.154,1,4.8,0,0.45,20000,0.0266,1542.9,3.687,0,0.9735,0.0122,8.14,0.0191,0.513,3.486,0.394,0.3549,7,1.5134,6,0.1081,0.1078,0.0,0,0,0
linq,35.0,12.79,eb154,0.154,1,4.8,0,0.46,20000,0.0266,1542.9,3.687,0,0.9735,0.0151,7.877,0.0239,0.51,3.2658,0.3939,0.3555,7,1.5123,6,0.1039,0.1087,0.0,0,0,0
linq,35.0,12.79,eb154,0.154,1,4.8,0,0.47,20000,0.0266,1542.9,3.687,0,0.9735,0.0188,7.611,0.0355,0.698,3.0497,0.394,0.3553,7,1.5204,6,0.1068,0.1086,0.0,0,0,0
linq,35.0,12.79,eb154,0.154,1,4.8,0,0.48,20000,0.0266,1542.9,3.687,0,0.9735,0.0245,7.374,0.0347,0.59,2.8729,0.3925,0.3543,7,1.4531,5,0.1068,0.1091,0.0,0,0,0
linq,35.0,12.79,eb154,0.154,1,4.8,0,0.49,20000,0.0266,1542.9,3.687,0,0.9735,0.0273,7.107,0.0484,0.794,2.6443,0.392,0.3549,7,1.457,5,0.104,0.1131,0.0,0,0,0
linq,35.0,12.79,eb154,0.154,1,4.8,0,0.5,20000,0.0266,1542.9,3.687,0,0.9735,0.032,6.867,0.0584,0.896,2.4589,0.3912,0.3546,7,1.2677,4,0.1051,0.1142,0.0,0,1,0
linq,35.0,12.79,eb154,0.154,1,4.8,0,0.51,20000,0.0266,1542.9,3.687,0,0.9735,0.0386,6.622,0.0725,1.0,2.2795,0.3904,0.3539,7,1.2787,4,0.1068,0.1157,0.0,0,1,0
linq,35.0,12.79,eb154,0.154,1,4.8,0,0.52,20000,0.0266,1542.9,3.687,0,0.9735,0.0508,6.395,0.0724,0.89,2.1432,0.392,0.3544,7,1.4127,5,0.107,0.1142,0.0,0,1,0
linq,35.0,12.79,eb154,0.154,1,6.4,0,0.17,20000,0.0266,1542.9,3.687,0,0.9735,0.0,14.158,0.0,nan,9.2882,nan,nan,0,1.8188,7,nan,nan,nan,0,0,0
linq,35.0,12.79,eb154,0.154,1,6.4,0,0.18,20000,0.0266,1542.9,3.687,0,0.9735,0.0,13.765,0.0,nan,8.9022,nan,nan,0,1.7198,8,nan,nan,nan,0,0,0
linq,35.0,12.79,eb154,0.154,1,6.4,0,0.19,20000,0.0266,1542.9,3.687,0,0.9735,0.0,13.382,0.0,nan,8.5274,nan,nan,0,1.7172,8,nan,nan,nan,0,0,0
linq,35.0,12.79,eb154,0.154,1,6.4,0,0.2,20000,0.0266,1542.9,3.687,0,0.9735,0.0,13.0,0.0,nan,8.1451,nan,nan,0,1.7296,8,nan,nan,nan,0,0,0
linq,35.0,12.79,eb154,0.154,1,6.4,0,0.21,20000,0.0266,1542.9,3.687,0,0.9735,0.0,12.569,0.0,nan,7.7308,nan,nan,0,1.6091,7,nan,nan,nan,0,0,0
linq,35.0,12.79,eb154,0.154,1,6.4,0,0.22,20000,0.0266,1542.9,3.687,0,0.9735,0.0,12.187,0.0,nan,7.3664,nan,nan,0,1.6106,7,nan,nan,nan,0,0,0
linq,35.0,12.79,eb154,0.154,1,6.4,0,0.23,20000,0.0266,1542.9,3.687,0,0.9735,0.0,11.809,0.0,nan,6.9935,0.6823,0.6823,1,1.6167,7,nan,nan,nan,0,0,0
linq,35.0,12.79,eb154,0.154,1,6.4,0,0.24,20000,0.0266,1542.9,3.687,0,0.9735,0.0,11.391,0.0,nan,6.5854,0.666,0.666,1,1.6224,7,nan,nan,nan,0,0,0
linq,35.0,12.79,eb154,0.154,1,6.4,0,0.25,20000,0.0266,1542.9,3.687,0,0.9735,0.0,11.03,0.0,nan,6.2474,0.6129,0.6088,2,1.4911,6,nan,nan,nan,0,0,0
linq,35.0,12.79,eb154,0.154,1,6.4,0,0.26,20000,0.0266,1542.9,3.687,0,0.9735,0.0,10.593,0.0,nan,5.8414,0.5671,0.5576,3,1.4958,6,nan,nan,nan,0,0,0
linq,35.0,12.79,eb154,0.154,1,6.4,0,0.27,20000,0.0266,1542.9,3.687,0,0.9735,0.0,10.22,0.0,0.0,5.4949,0.5656,0.5576,3,1.5003,6,nan,nan,nan,0,0,0
linq,35.0,12.79,eb154,0.154,1,6.4,0,0.28,20000,0.0266,1542.9,3.687,0,0.9735,0.0,9.839,0.0,0.0,5.1368,0.5171,0.5023,4,1.5109,6,nan,nan,nan,0,0,0
linq,35.0,12.79,eb154,0.154,1,6.4,0,0.29,20000,0.0266,1542.9,3.687,0,0.9735,0.0,9.42,0.0019,1.0,4.7649,0.5207,0.5074,4,1.5199,6,nan,nan,nan,0,0,0
linq,35.0,12.79,eb154,0.154,1,6.4,0,0.3,20000,0.0266,1542.9,3.687,0,0.9735,0.0,9.051,0.0038,1.333,4.4278,0.4747,0.4542,5,1.388,5,nan,nan,nan,0,0,0
linq,35.0,12.79,eb154,0.154,1,6.4,0,0.31,20000,0.0266,1542.9,3.687,0,0.9735,0.0,8.65,0.0038,0.444,4.061,0.4346,0.4073,6,1.3898,5,nan,nan,nan,0,0,0
linq,35.0,12.79,eb154,0.154,1,6.4,0,0.32,20000,0.0266,1542.9,3.687,0,0.9735,0.0019,8.254,0.0047,0.333,3.7389,0.4336,0.4065,6,1.4026,5,nan,nan,nan,0,0,0
linq,35.0,12.79,eb154,0.154,1,6.4,0,0.33,20000,0.0266,1542.9,3.687,0,0.9735,0.0028,7.874,0.0076,0.421,3.4131,0.4337,0.407,6,1.4053,5,nan,nan,nan,0,0,0
linq,35.0,12.79,eb154,0.154,1,6.4,0,0.34,20000,0.0266,1542.9,3.687,0,0.9735,0.0038,7.504,0.0113,0.444,3.1148,0.3921,0.3529,7,1.2656,4,nan,0.1053,nan,0,0,0
linq,35.0,12.79,eb154,0.154,1,6.4,0,0.35,20000,0.0266,1542.9,3.687,0,0.9735,0.0047,7.131,0.0199,0.583,2.8168,0.3918,0.3536,7,1.287,4,0.1127,0.1101,0.0,0,0,0
linq,35.0,12.79,eb154,0.154,1,6.4,0,0.36,20000,0.0266,1542.9,3.687,0,0.9735,0.0066,6.771,0.0246,0.456,2.5373,0.3926,0.354,7,1.2835,4,0.1116,0.1077,0.0,0,1,0
linq,35.0,12.79,eb154,0.154,1,6.4,0,0.37,20000,0.0266,1542.9,3.687,0,0.9735,0.0122,6.399,0.0343,0.5,2.2893,0.3934,0.3553,7,1.2894,4,0.1019,0.1125,0.0,0,1,0
linq,35.0,12.79,eb154,0.154,1,6.4,0,0.38,20000,0.0266,1542.9,3.687,0,0.9735,0.0169,6.049,0.046,0.565,2.0635,0.3896,0.3527,7,1.1841,3,0.1064,0.1123,0.0,0,1,0
linq,35.0,12.79,eb154,0.154,1,6.4,0,0.39,20000,0.0266,1542.9,3.687,0,0.9735,0.0254,5.705,0.0647,0.663,1.8494,0.3902,0.3533,7,1.097,2,0.1041,0.1147,0.0,0,1,0
linq,35.0,12.79,eb154,0.154,1,6.4,0,0.4,20000,0.0266,1542.9,3.687,0,0.9735,0.0311,5.37,0.0855,0.772,1.6481,0.3912,0.3531,7,1.2008,3,0.1064,0.1115,0.0,0,1,0
linq,35.0,12.79,eb154,0.154,1,6.4,0,0.41,20000,0.0266,1542.9,3.687,0,0.9735,0.0443,5.057,0.0975,0.818,1.5104,0.3907,0.3523,7,1.1934,3,0.1095,0.1112,0.0,0,1,0
linq,35.0,12.79,eb154,0.154,1,6.4,0,0.42,20000,0.0266,1542.9,3.687,0,0.9735,0.0584,4.754,0.127,1.033,1.3983,0.3907,0.3516,7,1.2332,2,0.1093,0.1093,0.0,0,1,0
linq,35.0,12.79,eb154,0.154,1,6.4,0,0.43,20000,0.0266,1542.9,3.687,0,0.9735,0.08,4.429,0.1423,1.007,1.2669,0.3917,0.3528,7,1.0219,1,0.108,0.1129,0.0,0,1,0
linq,35.0,12.79,eb154,0.154,1,6.4,0,0.44,20000,0.0266,1542.9,3.687,0,0.9735,0.1083,4.152,0.1542,1.106,1.2275,0.3927,0.3527,7,1.106,2,0.1089,0.1111,0.0,0,0,0
linq,35.0,12.79,eb154,0.154,1,6.4,0,0.45,20000,0.0266,1542.9,3.687,0,0.9735,0.1281,3.895,0.1749,1.246,1.1733,0.3951,0.3538,7,nan,0,0.1084,0.1106,0.0,0,0,0
linq,35.0,12.79,eb154,0.154,1,6.4,0,0.46,20000,0.0266,1542.9,3.687,0,0.9735,0.1525,3.612,0.2,1.295,1.1416,0.3955,0.3539,7,nan,0,0.1077,0.11,0.0,1,0,0
linq,35.0,12.79,eb154,0.154,1,6.4,0,0.47,20000,0.0266,1542.9,3.687,0,0.9735,0.1883,3.363,0.2065,1.156,1.1573,0.3964,0.3541,7,nan,0,0.1072,0.1096,0.0,1,0,0
linq,35.0,12.79,eb154,0.154,1,6.4,0,0.48,20000,0.0266,1542.9,3.687,0,0.9735,0.2222,3.141,0.2082,1.089,1.1737,0.3989,0.3557,7,nan,0,0.1077,0.1094,0.0,1,0,0
linq,35.0,12.79,eb154,0.154,1,6.4,0,0.49,20000,0.0266,1542.9,3.687,0,0.9735,0.2486,2.929,0.2281,1.19,1.2201,0.4001,0.3563,7,nan,0,0.1074,0.1087,0.0,1,0,0
linq,35.0,12.79,eb154,0.154,1,6.4,0,0.5,20000,0.0266,1542.9,3.687,0,0.9735,0.2825,2.717,0.2507,1.436,1.2765,0.4018,0.3572,7,nan,0,0.1077,0.11,0.0,1,0,0
linq,35.0,12.79,eb154,0.154,1,6.4,0,0.51,20000,0.0266,1542.9,3.687,0,0.9735,0.3192,2.513,0.278,1.703,1.2843,0.4037,0.3584,7,nan,0,0.106,0.108,0.0,1,0,0
linq,35.0,12.79,eb154,0.154,1,6.4,0,0.52,20000,0.0266,1542.9,3.687,0,0.9735,0.3503,2.331,0.2899,1.639,1.3426,0.4046,0.3594,7,nan,0,0.1061,0.1076,0.0,1,0,0
linq,35.0,12.79,eb154,0.154,1,9.6,1,0.17,20000,0.0266,1542.9,3.687,0,0.9735,0.0,11.533,0.0,nan,6.8603,nan,nan,0,1.5154,6,nan,nan,nan,0,0,0
linq,35.0,12.79,eb154,0.154,1,9.6,1,0.18,20000,0.0266,1542.9,3.687,0,0.9735,0.0,10.979,0.0,nan,6.3844,0.6684,0.6684,1,1.3817,5,nan,nan,nan,0,0,0
linq,35.0,12.79,eb154,0.154,1,9.6,1,0.19,20000,0.0266,1542.9,3.687,0,0.9735,0.0,10.437,0.0,nan,5.8816,0.6292,0.6278,2,1.3895,5,nan,nan,nan,0,0,0
linq,35.0,12.79,eb154,0.154,1,9.6,1,0.2,20000,0.0266,1542.9,3.687,0,0.9735,0.0,9.89,0.0,nan,5.4179,0.6129,0.6087,2,1.2577,4,nan,nan,nan,0,0,0
linq,35.0,12.79,eb154,0.154,1,9.6,1,0.21,20000,0.0266,1542.9,3.687,0,0.9735,0.0,9.331,0.0,nan,4.9424,0.5666,0.5584,3,1.2685,4,nan,nan,nan,0,0,0
linq,35.0,12.79,eb154,0.154,1,9.6,1,0.22,20000,0.0266,1542.9,3.687,0,0.9735,0.0,8.787,0.0,nan,4.507,0.5226,0.511,4,1.2857,4,nan,nan,nan,0,0,0
linq,35.0,12.79,eb154,0.154,1,9.6,1,0.23,20000,0.0266,1542.9,3.687,0,0.9735,0.0,8.246,0.0,0.0,4.0818,0.5174,0.5053,4,1.1755,3,nan,nan,nan,0,0,0
linq,35.0,12.79,eb154,0.154,1,9.6,1,0.24,20000,0.0266,1542.9,3.687,0,0.9735,0.0,7.685,0.0,0.0,3.6298,0.4732,0.4555,5,1.1886,3,nan,nan,nan,0,0,0
linq,35.0,12.79,eb154,0.154,1,9.6,1,0.25,20000,0.0266,1542.9,3.687,0,0.9735,0.0,7.164,0.0019,0.333,3.2823,0.4329,0.4068,6,1.2098,3,nan,nan,nan,0,0,0
linq,35.0,12.79,eb154,0.154,1,9.6,1,0.26,20000,0.0266,1542.9,3.687,0,0.9735,0.0,6.59,0.0038,0.25,2.8684,0.4308,0.4044,6,1.0998,2,nan,nan,nan,0,1,0
linq,35.0,12.79,eb154,0.154,1,9.6,1,0.27,20000,0.0266,1542.9,3.687,0,0.9735,0.0,6.107,0.0066,0.206,2.5681,0.3916,0.3542,7,1.1037,2,nan,0.1118,nan,0,1,0
linq,35.0,12.79,eb154,0.154,1,9.6,1,0.28,20000,0.0266,1542.9,3.687,0,0.9735,0.0028,5.548,0.0142,0.238,2.254,0.3931,0.3535,7,0.9777,1,nan,0.1091,nan,0,1,0
linq,35.0,12.79,eb154,0.154,1,9.6,1,0.29,20000,0.0266,1542.9,3.687,0,0.9735,0.0038,5.079,0.0284,0.286,2.0171,0.3951,0.3549,7,0.9892,1,0.1099,0.1107,0.0,0,1,0
linq,35.0,12.79,eb154,0.154,1,9.6,1,0.3,20000,0.0266,1542.9,3.687,0,0.9735,0.0075,4.575,0.0579,0.412,1.7886,0.3973,0.356,7,1.0378,1,0.1072,0.1112,0.0,0,1,0
linq,35.0,12.79,eb154,0.154,1,9.6,1,0.31,20000,0.0266,1542.9,3.687,0,0.9735,0.0169,4.129,0.0996,0.598,1.6934,0.3996,0.3573,7,nan,0,0.1062,0.1123,0.0,0,0,0
linq,35.0,12.79,eb154,0.154,1,9.6,1,0.32,20000,0.0266,1542.9,3.687,0,0.9735,0.0301,3.683,0.1515,0.808,1.6496,0.4012,0.3574,7,nan,0,0.1087,0.1102,0.0,0,0,0
linq,35.0,12.79,eb154,0.154,1,9.6,1,0.33,20000,0.0266,1542.9,3.687,0,0.9735,0.0565,3.289,0.2006,1.005,1.7267,0.3989,0.3569,7,nan,0,0.1079,0.1104,0.0,1,0,0
linq,35.0,12.79,eb154,0.154,1,9.6,1,0.34,20000,0.0266,1542.9,3.687,0,0.9735,0.096,2.892,0.2458,1.073,1.8186,0.4047,0.3599,7,nan,0,0.1089,0.1087,0.0,1,0,0
linq,35.0,12.79,eb154,0.154,1,9.6,1,0.35,20000,0.0266,1542.9,3.687,0,0.9735,0.1441,2.562,0.2805,1.197,1.9548,0.4043,0.36,7,nan,0,0.1075,0.1099,0.0,1,0,0
linq,35.0,12.79,eb154,0.154,1,9.6,1,0.36,20000,0.0266,1542.9,3.687,0,0.9735,0.2081,2.219,0.3246,1.365,2.086,0.3126,0.2888,5,nan,0,0.1078,0.1079,0.0,0,0,0
linq,35.0,12.79,eb154,0.154,1,9.6,1,0.37,20000,0.0266,1542.9,3.687,0,0.9735,0.2665,1.929,0.3787,1.686,2.2583,0.3576,0.3249,6,nan,0,0.1067,0.1096,0.0,0,0,0
linq,35.0,12.79,eb154,0.154,1,9.6,1,0.38,20000,0.0266,1542.9,3.687,0,0.9735,0.3418,1.669,0.3834,1.531,2.3536,0.3378,0.3038,5,nan,0,0.1058,0.108,0.0,0,0,0
linq,35.0,12.79,eb154,0.154,1,9.6,1,0.39,20000,0.0266,1542.9,3.687,0,0.9735,0.3889,1.453,0.4468,1.921,2.5111,0.2747,0.2587,4,nan,0,0.1055,0.1091,0.0,0,0,0
linq,35.0,12.79,eb154,0.154,1,9.6,1,0.4,20000,0.0266,1542.9,3.687,0,0.9735,0.4755,1.229,0.4452,1.759,2.5457,0.2947,0.2709,4,nan,0,0.1062,0.1082,0.0,0,0,0
linq,35.0,12.79,eb154,0.154,1,9.6,1,0.41,20000,0.0266,1542.9,3.687,0,0.9735,0.5433,1.046,0.468,2.009,2.5979,0.2363,0.2271,3,nan,0,0.1053,0.1104,0.0,0,0,0
linq,35.0,12.79,eb154,0.154,1,9.6,1,0.42,20000,0.0266,1542.9,3.687,0,0.9735,0.5885,0.911,0.5034,2.366,2.6758,0.2638,0.2467,3,nan,0,0.104,0.1127,0.0,0,0,0
linq,35.0,12.79,eb154,0.154,1,9.6,1,0.43,20000,0.0266,1542.9,3.687,0,0.9735,0.6507,0.762,0.5256,2.671,2.708,0.1993,0.195,2,nan,0,0.1072,0.1115,0.0,0,0,0
linq,35.0,12.79,eb154,0.154,1,9.6,1,0.44,20000,0.0266,1542.9,3.687,0,0.9735,0.6968,0.656,0.528,2.5,2.724,0.2014,0.1978,2,nan,0,0.1053,0.1153,0.0,0,0,0
linq,35.0,12.79,eb154,0.154,1,9.6,1,0.45,20000,0.0266,1542.9,3.687,0,0.9735,0.7373,0.562,0.5341,2.443,2.7489,0.2023,0.1985,2,nan,0,0.1059,0.115,0.0,0,0,0
linq,35.0,12.79,eb154,0.154,1,9.6,1,0.46,20000,0.0266,1542.9,3.687,0,0.9735,0.7778,0.477,0.5212,2.158,2.7403,0.165,0.165,1,nan,0,0.1088,0.1165,0.0,0,0,0
linq,35.0,12.79,eb154,0.154,1,9.6,1,0.47,20000,0.0266,1542.9,3.687,0,0.9735,0.8126,0.411,0.5176,2.239,2.6977,0.1656,0.1656,1,nan,0,0.1087,0.1169,0.0,0,0,0
linq,35.0,12.79,eb154,0.154,1,9.6,1,0.48,20000,0.0266,1542.9,3.687,0,0.9735,0.8418,0.347,0.5357,3.0,2.6922,0.2021,0.1987,2,nan,0,0.1103,0.1168,0.0,0,0,0
linq,35.0,12.79,eb154,0.154,1,9.6,1,0.49,20000,0.0266,1542.9,3.687,0,0.9735,0.8616,0.297,0.5714,3.818,2.7458,0.2014,0.1973,2,nan,0,0.1115,0.1137,0.0,0,0,0
linq,35.0,12.79,eb154,0.154,1,9.6,1,0.5,20000,0.0266,1542.9,3.687,0,0.9735,0.8804,0.259,0.5669,3.6,2.7233,0.1581,0.1581,1,nan,0,0.1125,0.1116,0.0,0,0,0
linq,35.0,12.79,eb154,0.154,1,9.6,1,0.51,20000,0.0266,1542.9,3.687,0,0.9735,0.8917,0.233,0.5739,3.3,2.7408,0.1624,0.1624,1,nan,0,0.113,0.1146,0.0,0,0,0
linq,35.0,12.79,eb154,0.154,1,9.6,1,0.52,20000,0.0266,1542.9,3.687,0,0.9735,0.9096,0.202,0.5208,2.174,2.6595,0.1608,0.1608,1,nan,0,0.1133,0.1135,0.0,0,0,0
linq,35.0,12.79,eb154,0.154,1,12.8,1,0.17,20000,0.0266,1542.9,3.687,0,0.9735,0.0,9.86,0.0,nan,5.5362,0.6357,0.634,2,1.2835,4,nan,nan,nan,0,0,0
linq,35.0,12.79,eb154,0.154,1,12.8,1,0.18,20000,0.0266,1542.9,3.687,0,0.9735,0.0,9.162,0.0,nan,5.0042,0.6189,0.615,2,1.1728,3,nan,nan,nan,0,0,0
linq,35.0,12.79,eb154,0.154,1,12.8,1,0.19,20000,0.0266,1542.9,3.687,0,0.9735,0.0,8.536,0.0,nan,4.5168,0.5646,0.5576,3,1.2007,3,nan,nan,nan,0,0,0
linq,35.0,12.79,eb154,0.154,1,12.8,1,0.2,20000,0.0266,1542.9,3.687,0,0.9735,0.0,7.889,0.0,nan,4.0714,0.5161,0.5043,4,1.0903,2,nan,nan,nan,0,0,0
linq,35.0,12.79,eb154,0.154,1,12.8,1,0.21,20000,0.0266,1542.9,3.687,0,0.9735,0.0,7.247,0.0,nan,3.5836,0.4737,0.4575,5,1.1171,2,nan,nan,nan,0,0,0
linq,35.0,12.79,eb154,0.154,1,12.8,1,0.22,20000,0.0266,1542.9,3.687,0,0.9735,0.0,6.579,0.0,0.0,3.1829,0.4335,0.4088,6,0.9901,1,nan,nan,nan,0,1,0
linq,35.0,12.79,eb154,0.154,1,12.8,1,0.23,20000,0.0266,1542.9,3.687,0,0.9735,0.0,5.944,0.0,0.0,2.8254,0.4352,0.4071,6,1.0356,1,nan,nan,nan,0,1,0
linq,35.0,12.79,eb154,0.154,1,12.8,1,0.24,20000,0.0266,1542.9,3.687,0,0.9735,0.0,5.325,0.0038,0.133,2.4985,0.3985,0.3581,7,nan,0,nan,0.1133,nan,0,1,0
linq,35.0,12.79,eb154,0.154,1,12.8,1,0.25,20000,0.0266,1542.9,3.687,0,0.9735,0.0,4.702,0.0141,0.185,2.2214,0.399,0.3566,7,nan,0,nan,0.1086,nan,0,1,0
linq,35.0,12.79,eb154,0.154,1,12.8,1,0.26,20000,0.0266,1542.9,3.687,0,0.9735,0.0028,4.149,0.0293,0.185,2.0715,0.4023,0.3592,7,nan,0,0.1109,0.1121,0.0,0,0,0
linq,35.0,12.79,eb154,0.154,1,12.8,1,0.27,20000,0.0266,1542.9,3.687,0,0.9735,0.0056,3.598,0.0852,0.391,2.0195,0.405,0.3609,7,nan,0,0.1071,0.1121,0.0,0,0,0
linq,35.0,12.79,eb154,0.154,1,12.8,1,0.28,20000,0.0266,1542.9,3.687,0,0.9735,0.0169,3.091,0.1695,0.681,2.0935,0.3542,0.3223,6,nan,0,0.1086,0.1099,0.0,0,0,0
linq,35.0,12.79,eb154,0.154,1,12.8,1,0.29,20000,0.0266,1542.9,3.687,0,0.9735,0.0405,2.637,0.2561,0.903,2.2482,0.3577,0.3249,6,nan,0,0.1078,0.1103,0.0,1,0,0
linq,35.0,12.79,eb154,0.154,1,12.8,1,0.3,20000,0.0266,1542.9,3.687,0,0.9735,0.0932,2.226,0.3261,1.083,2.4338,0.3125,0.2894,5,nan,0,0.1081,0.1087,0.0,0,0,0
linq,35.0,12.79,eb154,0.154,1,12.8,1,0.31,20000,0.0266,1542.9,3.687,0,0.9735,0.178,1.82,0.425,1.62,2.6744,0.3155,0.2917,5,nan,0,0.1064,0.1096,0.0,0,0,0
linq,35.0,12.79,eb154,0.154,1,12.8,1,0.32,20000,0.0266,1542.9,3.687,0,0.9735,0.2693,1.494,0.4781,1.775,2.8435,0.2742,0.2585,4,nan,0,0.1067,0.109,0.0,0,0,0
linq,35.0,12.79,eb154,0.154,1,12.8,1,0.33,20000,0.0266,1542.9,3.687,0,0.9735,0.3729,1.202,0.5345,2.158,2.9727,0.2759,0.2599,4,nan,0,0.1061,0.1086,0.0,0,0,0
linq,35.0,12.79,eb154,0.154,1,12.8,1,0.34,20000,0.0266,1542.9,3.687,0,0.9735,0.4906,0.947,0.5693,2.545,3.0291,0.1995,0.1954,2,nan,0,0.105,0.1123,0.0,0,0,0
linq,35.0,12.79,eb154,0.154,1,12.8,1,0.35,20000,0.0266,1542.9,3.687,0,0.9735,0.5763,0.74,0.6267,3.169,3.142,0.2389,0.2302,3,nan,0,0.1056,0.1136,0.0,0,0,0
linq,35.0,12.79,eb154,0.154,1,12.8,1,0.36,20000,0.0266,1542.9,3.687,0,0.9735,0.6676,0.578,0.6261,2.908,3.1493,0.1989,0.1958,2,nan,0,0.1067,0.1157,0.0,0,0,0
linq,35.0,12.79,eb154,0.154,1,12.8,1,0.37,20000,0.0266,1542.9,3.687,0,0.9735,0.7354,0.46,0.6335,3.296,3.152,0.2004,0.197,2,nan,0,0.1069,0.1158,0.0,0,0,0
linq,35.0,12.79,eb154,0.154,1,12.8,1,0.38,20000,0.0266,1542.9,3.687,0,0.9735,0.7957,0.354,0.6406,3.39,3.1559,0.2048,0.2004,2,nan,0,0.1101,0.1147,0.0,0,0,0
linq,35.0,12.79,eb154,0.154,1,12.8,1,0.39,20000,0.0266,1542.9,3.687,0,0.9735,0.8484,0.267,0.6584,4.077,3.1247,0.1622,0.1622,1,nan,0,0.1114,0.1145,0.0,0,0,0
linq,35.0,12.79,eb154,0.154,1,12.8,1,0.4,20000,0.0266,1542.9,3.687,0,0.9735,0.8766,0.215,0.626,2.645,3.1482,0.1629,0.1629,1,nan,0,0.1118,0.115,0.0,0,0,0
linq,35.0,12.79,eb154,0.154,1,12.8,1,0.41,20000,0.0266,1542.9,3.687,0,0.9735,0.903,0.172,0.6311,2.955,3.1119,0.1691,0.1691,1,nan,0,0.111,0.1193,0.0,0,0,0
linq,35.0,12.79,eb154,0.154,1,12.8,1,0.42,20000,0.0266,1542.9,3.687,0,0.9735,0.9266,0.134,0.6282,3.5,3.0681,nan,nan,0,nan,0,0.1126,nan,0.0,0,0,0
linq,35.0,12.79,eb154,0.154,1,12.8,1,0.43,20000,0.0266,1542.9,3.687,0,0.9735,0.9473,0.099,0.6429,5.143,3.0136,nan,nan,0,nan,0,0.1103,nan,0.0,0,0,0
linq,35.0,12.79,eb154,0.154,1,12.8,1,0.44,20000,0.0266,1542.9,3.687,0,0.9735,0.9539,0.087,0.6735,6.6,3.0111,nan,nan,0,nan,0,0.1121,nan,0.0,0,0,0
linq,35.0,12.79,eb154,0.154,1,12.8,1,0.45,20000,0.0266,1542.9,3.687,0,0.9735,0.9595,0.074,0.6512,4.667,3.0514,nan,nan,0,nan,0,0.1132,nan,0.0,0,0,0
linq,35.0,12.79,eb154,0.154,1,12.8,1,0.46,20000,0.0266,1542.9,3.687,0,0.9735,0.967,0.06,0.6286,3.143,3.0601,nan,nan,0,nan,0,0.1166,nan,0.0,0,0,0
linq,35.0,12.79,eb154,0.154,1,12.8,1,0.47,20000,0.0266,1542.9,3.687,0,0.9735,0.9765,0.05,0.48,1.714,2.7686,nan,nan,0,nan,0,nan,nan,nan,0,0,0
linq,35.0,12.79,eb154,0.154,1,12.8,1,0.48,20000,0.0266,1542.9,3.687,0,0.9735,0.9831,0.04,0.4444,1.6,2.5553,nan,nan,0,nan,0,nan,nan,nan,0,0,0
linq,35.0,12.79,eb154,0.154,1,12.8,1,0.49,20000,0.0266,1542.9,3.687,0,0.9735,0.9849,0.032,0.5625,3.0,2.7636,nan,nan,0,nan,0,nan,nan,nan,0,0,0
linq,35.0,12.79,eb154,0.154,1,12.8,1,0.5,20000,0.0266,1542.9,3.687,0,0.9735,0.9859,0.029,0.6,4.5,2.822,nan,nan,0,nan,0,nan,nan,nan,0,0,0
linq,35.0,12.79,eb154,0.154,1,12.8,1,0.51,20000,0.0266,1542.9,3.687,0,0.9735,0.9878,0.026,0.5385,2.333,2.7348,nan,nan,0,nan,0,nan,nan,nan,0,0,0
linq,35.0,12.79,eb154,0.154,1,12.8,1,0.52,20000,0.0266,1542.9,3.687,0,0.9735,0.9878,0.024,0.6154,2.667,2.9656,nan,nan,0,nan,0,nan,nan,nan,0,0,0
