v_c,E_bind_tag,tau_ps,E0_eV,n,weight,mean_KE_eV
5.0,eb0482,4.0,0.4,0,0.128,1.0092
5.0,eb0482,4.0,0.4,1,0.1692,0.9349
5.0,eb0482,4.0,0.4,2,0.1252,0.8792
5.0,eb0482,4.0,0.4,3,0.1026,0.8348
5.0,eb0482,4.0,0.4,4,0.0726,0.7973
5.0,eb0482,4.0,0.4,5,0.0636,0.7625
5.0,eb0482,4.0,0.4,6,0.0602,0.7248
5.0,eb0482,4.0,0.4,7,0.0506,0.6807
5.0,eb0482,4.0,0.4,8,0.0434,0.6325
5.0,eb0482,4.0,0.4,9,0.0366,0.5782
5.0,eb0482,4.0,0.4,10,0.0311,0.5195
5.0,eb0482,4.0,0.4,11,0.0243,0.4531
5.0,eb0482,4.0,0.4,12,0.0207,0.3854
5.0,eb0482,4.0,0.4,13,0.0162,0.3117
5.0,eb0482,4.0,0.4,14,0.0134,0.2366
5.0,eb0482,4.0,0.4,15,0.0098,0.1781
5.0,eb0482,4.0,0.4,16,0.0087,0.1355
5.0,eb0482,4.0,0.4,17,0.0066,0.1029
5.0,eb0482,4.0,0.4,18,0.0057,0.077
5.0,eb0482,4.0,0.4,19,0.005,0.0537
5.0,eb0482,4.0,0.4,20,0.0042,0.0326
5.0,eb0482,4.0,0.4,21,0.0025,0.0146
5.0,eb0482,4.0,0.405,0,0.1469,1.0014
5.0,eb0482,4.0,0.405,1,0.1711,0.9237
5.0,eb0482,4.0,0.405,2,0.1238,0.8677
5.0,eb0482,4.0,0.405,3,0.0996,0.823
5.0,eb0482,4.0,0.405,4,0.0697,0.7858
5.0,eb0482,4.0,0.405,5,0.0625,0.7506
5.0,eb0482,4.0,0.405,6,0.0582,0.713
5.0,eb0482,4.0,0.405,7,0.0483,0.6688
5.0,eb0482,4.0,0.405,8,0.0415,0.621
5.0,eb0482,4.0,0.405,9,0.0351,0.5675
5.0,eb0482,4.0,0.405,10,0.0291,0.5104
5.0,eb0482,4.0,0.405,11,0.0238,0.4449
5.0,eb0482,4.0,0.405,12,0.0205,0.3769
5.0,eb0482,4.0,0.405,13,0.0156,0.3023
5.0,eb0482,4.0,0.405,14,0.0127,0.2303
5.0,eb0482,4.0,0.405,15,0.0096,0.1744
5.0,eb0482,4.0,0.405,16,0.0084,0.1335
5.0,eb0482,4.0,0.405,17,0.0065,0.1016
5.0,eb0482,4.0,0.405,18,0.0056,0.076
5.0,eb0482,4.0,0.405,19,0.0048,0.053
5.0,eb0482,4.0,0.405,20,0.0041,0.0324
5.0,eb0482,4.0,0.405,21,0.0025,0.0145
5.0,eb0482,4.0,0.41,0,0.1663,0.994
5.0,eb0482,4.0,0.41,1,0.1721,0.9125
5.0,eb0482,4.0,0.41,2,0.1209,0.8567
5.0,eb0482,4.0,0.41,3,0.0972,0.8121
5.0,eb0482,4.0,0.41,4,0.0673,0.7748
5.0,eb0482,4.0,0.41,5,0.0612,0.7397
5.0,eb0482,4.0,0.41,6,0.0554,0.7025
5.0,eb0482,4.0,0.41,7,0.0472,0.6583
5.0,eb0482,4.0,0.41,8,0.0399,0.6099
5.0,eb0482,4.0,0.41,9,0.0337,0.5569
5.0,eb0482,4.0,0.41,10,0.0276,0.5005
5.0,eb0482,4.0,0.41,11,0.0237,0.4352
5.0,eb0482,4.0,0.41,12,0.0191,0.3677
5.0,eb0482,4.0,0.41,13,0.0154,0.2944
5.0,eb0482,4.0,0.41,14,0.0124,0.2232
5.0,eb0482,4.0,0.41,15,0.009,0.1705
5.0,eb0482,4.0,0.41,16,0.0083,0.1316
5.0,eb0482,4.0,0.41,17,0.0064,0.1002
5.0,eb0482,4.0,0.41,18,0.0055,0.0751
5.0,eb0482,4.0,0.41,19,0.0048,0.0524
5.0,eb0482,4.0,0.41,20,0.0041,0.032
5.0,eb0482,4.0,0.41,21,0.0024,0.0143
5.0,eb0482,4.0,0.415,0,0.1857,0.9869
5.0,eb0482,4.0,0.415,1,0.1735,0.9012
5.0,eb0482,4.0,0.415,2,0.1174,0.8453
5.0,eb0482,4.0,0.415,3,0.0947,0.8011
5.0,eb0482,4.0,0.415,4,0.0638,0.764
5.0,eb0482,4.0,0.415,5,0.0609,0.7295
5.0,eb0482,4.0,0.415,6,0.0526,0.6917
5.0,eb0482,4.0,0.415,7,0.0461,0.648
5.0,eb0482,4.0,0.415,8,0.038,0.5993
5.0,eb0482,4.0,0.415,9,0.033,0.5468
5.0,eb0482,4.0,0.415,10,0.0264,0.4897
5.0,eb0482,4.0,0.415,11,0.0223,0.4264
5.0,eb0482,4.0,0.415,12,0.0189,0.36
5.0,eb0482,4.0,0.415,13,0.015,0.2861
5.0,eb0482,4.0,0.415,14,0.0116,0.2177
5.0,eb0482,4.0,0.415,15,0.0091,0.1671
5.0,eb0482,4.0,0.415,16,0.0079,0.1294
5.0,eb0482,4.0,0.415,17,0.0065,0.0988
5.0,eb0482,4.0,0.415,18,0.0054,0.0738
5.0,eb0482,4.0,0.415,19,0.0047,0.0518
5.0,eb0482,4.0,0.415,20,0.0042,0.0315
5.0,eb0482,4.0,0.415,21,0.0023,0.0138
5.0,eb0482,4.0,0.42,0,0.2055,0.9799
5.0,eb0482,4.0,0.42,1,0.1731,0.8905
5.0,eb0482,4.0,0.42,2,0.114,0.8346
5.0,eb0482,4.0,0.42,3,0.0925,0.7907
5.0,eb0482,4.0,0.42,4,0.062,0.7532
5.0,eb0482,4.0,0.42,5,0.0593,0.7192
5.0,eb0482,4.0,0.42,6,0.0506,0.6809
5.0,eb0482,4.0,0.42,7,0.0437,0.6379
5.0,eb0482,4.0,0.42,8,0.0369,0.5896
5.0,eb0482,4.0,0.42,9,0.0321,0.5373
5.0,eb0482,4.0,0.42,10,0.0252,0.4805
5.0,eb0482,4.0,0.42,11,0.0218,0.4179
5.0,eb0482,4.0,0.42,12,0.0179,0.3522
5.0,eb0482,4.0,0.42,13,0.0147,0.2797
5.0,eb0482,4.0,0.42,14,0.0112,0.2128
5.0,eb0482,4.0,0.42,15,0.0089,0.1641
5.0,eb0482,4.0,0.42,16,0.0077,0.1277
5.0,eb0482,4.0,0.42,17,0.0065,0.0976
5.0,eb0482,4.0,0.42,18,0.0053,0.0726
5.0,eb0482,4.0,0.42,19,0.0045,0.051
5.0,eb0482,4.0,0.42,20,0.0041,0.0312
5.0,eb0482,4.0,0.42,21,0.0023,0.0137
5.0,eb0482,4.4,0.365,0,0.081,1.0318
5.0,eb0482,4.4,0.365,1,0.1761,0.9608
5.0,eb0482,4.4,0.365,2,0.1411,0.8974
5.0,eb0482,4.4,0.365,3,0.1147,0.8465
5.0,eb0482,4.4,0.365,4,0.0809,0.803
5.0,eb0482,4.4,0.365,5,0.0703,0.7627
5.0,eb0482,4.4,0.365,6,0.0652,0.7189
5.0,eb0482,4.4,0.365,7,0.0535,0.6686
5.0,eb0482,4.4,0.365,8,0.0447,0.6138
5.0,eb0482,4.4,0.365,9,0.0369,0.5534
5.0,eb0482,4.4,0.365,10,0.0292,0.4895
5.0,eb0482,4.4,0.365,11,0.0239,0.4187
5.0,eb0482,4.4,0.365,12,0.0191,0.3459
5.0,eb0482,4.4,0.365,13,0.015,0.2678
5.0,eb0482,4.4,0.365,14,0.0115,0.1995
5.0,eb0482,4.4,0.365,15,0.0088,0.1508
5.0,eb0482,4.4,0.365,16,0.0075,0.1165
5.0,eb0482,4.4,0.365,17,0.0058,0.0881
5.0,eb0482,4.4,0.365,18,0.0049,0.0656
5.0,eb0482,4.4,0.365,19,0.0043,0.0453
5.0,eb0482,4.4,0.365,20,0.0038,0.0264
5.0,eb0482,4.4,0.365,21,0.0015,0.0112
5.0,eb0482,4.4,0.37,0,0.0998,1.022
5.0,eb0482,4.4,0.37,1,0.1823,0.9477
5.0,eb0482,4.4,0.37,2,0.1385,0.884
5.0,eb0482,4.4,0.37,3,0.1122,0.8328
5.0,eb0482,4.4,0.37,4,0.0777,0.7893
5.0,eb0482,4.4,0.37,5,0.0689,0.7483
5.0,eb0482,4.4,0.37,6,0.0611,0.7053
5.0,eb0482,4.4,0.37,7,0.0516,0.6554
5.0,eb0482,4.4,0.37,8,0.0419,0.6006
5.0,eb0482,4.4,0.37,9,0.0358,0.5414
5.0,eb0482,4.4,0.37,10,0.0274,0.4776
5.0,eb0482,4.4,0.37,11,0.0238,0.4076
5.0,eb0482,4.4,0.37,12,0.0179,0.3343
5.0,eb0482,4.4,0.37,13,0.0143,0.259
5.0,eb0482,4.4,0.37,14,0.0112,0.1942
5.0,eb0482,4.4,0.37,15,0.0087,0.1469
5.0,eb0482,4.4,0.37,16,0.0071,0.1142
5.0,eb0482,4.4,0.37,17,0.0058,0.0867
5.0,eb0482,4.4,0.37,18,0.0049,0.0645
5.0,eb0482,4.4,0.37,19,0.0042,0.0445
5.0,eb0482,4.4,0.37,20,0.0037,0.026
5.0,eb0482,4.4,0.37,21,0.0015,0.0111
5.0,eb0482,4.4,0.375,0,0.1207,1.0123
5.0,eb0482,4.4,0.375,1,0.1857,0.9345
5.0,eb0482,4.4,0.375,2,0.1365,0.8707
5.0,eb0482,4.4,0.375,3,0.1089,0.8192
5.0,eb0482,4.4,0.375,4,0.0734,0.776
5.0,eb0482,4.4,0.375,5,0.0676,0.7355
5.0,eb0482,4.4,0.375,6,0.0579,0.6923
5.0,eb0482,4.4,0.375,7,0.049,0.643
5.0,eb0482,4.4,0.375,8,0.0408,0.5881
5.0,eb0482,4.4,0.375,9,0.034,0.5291
5.0,eb0482,4.4,0.375,10,0.0263,0.4651
5.0,eb0482,4.4,0.375,11,0.0227,0.3965
5.0,eb0482,4.4,0.375,12,0.0171,0.3236
5.0,eb0482,4.4,0.375,13,0.0136,0.2501
5.0,eb0482,4.4,0.375,14,0.0107,0.1892
5.0,eb0482,4.4,0.375,15,0.0085,0.144
5.0,eb0482,4.4,0.375,16,0.0069,0.1121
5.0,eb0482,4.4,0.375,17,0.0057,0.0852
5.0,eb0482,4.4,0.375,18,0.0046,0.0637
5.0,eb0482,4.4,0.375,19,0.0042,0.0442
5.0,eb0482,4.4,0.375,20,0.0037,0.0258
5.0,eb0482,4.4,0.375,21,0.0015,0.011
5.0,eb0482,4.4,0.38,0,0.143,1.003
5.0,eb0482,4.4,0.38,1,0.1875,0.9213
5.0,eb0482,4.4,0.38,2,0.1332,0.8576
5.0,eb0482,4.4,0.38,3,0.1058,0.8061
5.0,eb0482,4.4,0.38,4,0.0698,0.7631
5.0,eb0482,4.4,0.38,5,0.0659,0.7234
5.0,eb0482,4.4,0.38,6,0.0553,0.6797
5.0,eb0482,4.4,0.38,7,0.0468,0.6307
5.0,eb0482,4.4,0.38,8,0.0389,0.5765
5.0,eb0482,4.4,0.38,9,0.0329,0.518
5.0,eb0482,4.4,0.38,10,0.0249,0.4538
5.0,eb0482,4.4,0.38,11,0.0218,0.3872
5.0,eb0482,4.4,0.38,12,0.0165,0.3145
5.0,eb0482,4.4,0.38,13,0.0133,0.2421
5.0,eb0482,4.4,0.38,14,0.0102,0.1838
5.0,eb0482,4.4,0.38,15,0.0084,0.1403
5.0,eb0482,4.4,0.38,16,0.0064,0.11
5.0,eb0482,4.4,0.38,17,0.0058,0.0842
5.0,eb0482,4.4,0.38,18,0.0045,0.0627
5.0,eb0482,4.4,0.38,19,0.0041,0.0437
5.0,eb0482,4.4,0.38,20,0.0036,0.0255
5.0,eb0482,4.4,0.38,21,0.0014,0.0108
5.0,eb0482,4.4,0.385,0,0.1658,0.9942
5.0,eb0482,4.4,0.385,1,0.1893,0.908
5.0,eb0482,4.4,0.385,2,0.1288,0.8443
5.0,eb0482,4.4,0.385,3,0.1021,0.7934
5.0,eb0482,4.4,0.385,4,0.0673,0.7502
5.0,eb0482,4.4,0.385,5,0.0636,0.7113
5.0,eb0482,4.4,0.385,6,0.0524,0.6673
5.0,eb0482,4.4,0.385,7,0.045,0.619
5.0,eb0482,4.4,0.385,8,0.0372,0.5651
5.0,eb0482,4.4,0.385,9,0.0314,0.5075
5.0,eb0482,4.4,0.385,10,0.0244,0.4427
5.0,eb0482,4.4,0.385,11,0.0204,0.3773
5.0,eb0482,4.4,0.385,12,0.0162,0.3062
5.0,eb0482,4.4,0.385,13,0.0127,0.2348
5.0,eb0482,4.4,0.385,14,0.0098,0.1797
5.0,eb0482,4.4,0.385,15,0.0084,0.1376
5.0,eb0482,4.4,0.385,16,0.0062,0.1076
5.0,eb0482,4.4,0.385,17,0.0056,0.0827
5.0,eb0482,4.4,0.385,18,0.0044,0.0618
5.0,eb0482,4.4,0.385,19,0.004,0.043
5.0,eb0482,4.4,0.385,20,0.0036,0.0252
5.0,eb0482,4.4,0.385,21,0.0014,0.0106
5.0,eb0482,4.4,0.39,0,0.1885,0.9859
5.0,eb0482,4.4,0.39,1,0.19,0.8952
5.0,eb0482,4.4,0.39,2,0.1255,0.831
5.0,eb0482,4.4,0.39,3,0.0986,0.7805
5.0,eb0482,4.4,0.39,4,0.0653,0.7365
5.0,eb0482,4.4,0.39,5,0.0607,0.6986
5.0,eb0482,4.4,0.39,6,0.0503,0.6543
5.0,eb0482,4.4,0.39,7,0.0425,0.6065
5.0,eb0482,4.4,0.39,8,0.0358,0.5533
5.0,eb0482,4.4,0.39,9,0.029,0.4972
5.0,eb0482,4.4,0.39,10,0.0241,0.4331
5.0,eb0482,4.4,0.39,11,0.0199,0.3672
5.0,eb0482,4.4,0.39,12,0.0152,0.2966
5.0,eb0482,4.4,0.39,13,0.0126,0.2275
5.0,eb0482,4.4,0.39,14,0.0092,0.1742
5.0,eb0482,4.4,0.39,15,0.0082,0.1352
5.0,eb0482,4.4,0.39,16,0.0061,0.1058
5.0,eb0482,4.4,0.39,17,0.0055,0.0815
5.0,eb0482,4.4,0.39,18,0.0043,0.061
5.0,eb0482,4.4,0.39,19,0.004,0.0426
5.0,eb0482,4.4,0.39,20,0.0036,0.0248
5.0,eb0482,4.4,0.39,21,0.0013,0.0105
5.0,eb0482,4.8,0.345,0,0.0687,1.0388
5.0,eb0482,4.8,0.345,1,0.1881,0.965
5.0,eb0482,4.8,0.345,2,0.1527,0.8943
5.0,eb0482,4.8,0.345,3,0.1231,0.8364
5.0,eb0482,4.8,0.345,4,0.0836,0.7871
5.0,eb0482,4.8,0.345,5,0.0738,0.7409
5.0,eb0482,4.8,0.345,6,0.0633,0.6923
5.0,eb0482,4.8,0.345,7,0.0522,0.6369
5.0,eb0482,4.8,0.345,8,0.0423,0.5764
5.0,eb0482,4.8,0.345,9,0.0347,0.5121
5.0,eb0482,4.8,0.345,10,0.0258,0.4415
5.0,eb0482,4.8,0.345,11,0.0221,0.3697
5.0,eb0482,4.8,0.345,12,0.0166,0.2909
5.0,eb0482,4.8,0.345,13,0.0127,0.2176
5.0,eb0482,4.8,0.345,14,0.0092,0.1646
5.0,eb0482,4.8,0.345,15,0.008,0.1272
5.0,eb0482,4.8,0.345,16,0.0062,0.0976
5.0,eb0482,4.8,0.345,17,0.0051,0.0745
5.0,eb0482,4.8,0.345,18,0.0041,0.0548
5.0,eb0482,4.8,0.345,19,0.0037,0.0376
5.0,eb0482,4.8,0.345,20,0.0033,0.021
5.0,eb0482,4.8,0.345,21,0.0007,0.0076
5.0,eb0482,4.8,0.35,0,0.0892,1.0274
5.0,eb0482,4.8,0.35,1,0.1964,0.95
5.0,eb0482,4.8,0.35,2,0.1501,0.8787
5.0,eb0482,4.8,0.35,3,0.1186,0.8207
5.0,eb0482,4.8,0.35,4,0.0788,0.7717
5.0,eb0482,4.8,0.35,5,0.072,0.7263
5.0,eb0482,4.8,0.35,6,0.0593,0.6773
5.0,eb0482,4.8,0.35,7,0.0498,0.6227
5.0,eb0482,4.8,0.35,8,0.0403,0.5625
5.0,eb0482,4.8,0.35,9,0.0318,0.5
5.0,eb0482,4.8,0.35,10,0.0263,0.4289
5.0,eb0482,4.8,0.35,11,0.0204,0.3568
5.0,eb0482,4.8,0.35,12,0.016,0.28
5.0,eb0482,4.8,0.35,13,0.0119,0.2098
5.0,eb0482,4.8,0.35,14,0.009,0.1603
5.0,eb0482,4.8,0.35,15,0.0076,0.1247
5.0,eb0482,4.8,0.35,16,0.0062,0.0959
5.0,eb0482,4.8,0.35,17,0.005,0.0729
5.0,eb0482,4.8,0.35,18,0.0041,0.0537
5.0,eb0482,4.8,0.35,19,0.0035,0.0369
5.0,eb0482,4.8,0.35,20,0.0032,0.0206
5.0,eb0482,4.8,0.35,21,0.0007,0.0076
5.0,eb0482,4.8,0.355,0,0.1125,1.016
5.0,eb0482,4.8,0.355,1,0.2014,0.9348
5.0,eb0482,4.8,0.355,2,0.1464,0.8633
5.0,eb0482,4.8,0.355,3,0.1144,0.8053
5.0,eb0482,4.8,0.355,4,0.0751,0.7563
5.0,eb0482,4.8,0.355,5,0.0689,0.7119
5.0,eb0482,4.8,0.355,6,0.057,0.6621
5.0,eb0482,4.8,0.355,7,0.0464,0.608
5.0,eb0482,4.8,0.355,8,0.0385,0.5488
5.0,eb0482,4.8,0.355,9,0.0304,0.4858
5.0,eb0482,4.8,0.355,10,0.0244,0.4166
5.0,eb0482,4.8,0.355,11,0.0194,0.3463
5.0,eb0482,4.8,0.355,12,0.0154,0.2706
5.0,eb0482,4.8,0.355,13,0.0115,0.2028
5.0,eb0482,4.8,0.355,14,0.0085,0.1555
5.0,eb0482,4.8,0.355,15,0.0074,0.1222
5.0,eb0482,4.8,0.355,16,0.0061,0.0944
5.0,eb0482,4.8,0.355,17,0.0048,0.0717
5.0,eb0482,4.8,0.355,18,0.0041,0.053
5.0,eb0482,4.8,0.355,19,0.0034,0.0362
5.0,eb0482,4.8,0.355,20,0.0031,0.0204
5.0,eb0482,4.8,0.355,21,0.0007,0.0075
5.0,eb0482,4.8,0.36,0,0.1378,1.0051
5.0,eb0482,4.8,0.36,1,0.2042,0.9196
5.0,eb0482,4.8,0.36,2,0.1416,0.8481
5.0,eb0482,4.8,0.36,3,0.1108,0.7904
5.0,eb0482,4.8,0.36,4,0.0718,0.7408
5.0,eb0482,4.8,0.36,5,0.0666,0.6971
5.0,eb0482,4.8,0.36,6,0.0535,0.647
5.0,eb0482,4.8,0.36,7,0.0439,0.5933
5.0,eb0482,4.8,0.36,8,0.0365,0.535
5.0,eb0482,4.8,0.36,9,0.0285,0.4728
5.0,eb0482,4.8,0.36,10,0.0239,0.4043
5.0,eb0482,4.8,0.36,11,0.0184,0.3338
5.0,eb0482,4.8,0.36,12,0.0144,0.2604
5.0,eb0482,4.8,0.36,13,0.0112,0.1966
5.0,eb0482,4.8,0.36,14,0.0082,0.1511
5.0,eb0482,4.8,0.36,15,0.0072,0.1193
5.0,eb0482,4.8,0.36,16,0.0059,0.0923
5.0,eb0482,4.8,0.36,17,0.0048,0.0702
5.0,eb0482,4.8,0.36,18,0.0039,0.0519
5.0,eb0482,4.8,0.36,19,0.0034,0.0357
5.0,eb0482,4.8,0.36,20,0.0031,0.02
5.0,eb0482,4.8,0.36,21,0.0007,0.0075
5.0,eb0482,4.8,0.365,0,0.1631,0.9952
5.0,eb0482,4.8,0.365,1,0.2072,0.9046
5.0,eb0482,4.8,0.365,2,0.1371,0.8324
5.0,eb0482,4.8,0.365,3,0.1051,0.7755
5.0,eb0482,4.8,0.365,4,0.07,0.7256
5.0,eb0482,4.8,0.365,5,0.0616,0.683
5.0,eb0482,4.8,0.365,6,0.0519,0.6333
5.0,eb0482,4.8,0.365,7,0.0412,0.5793
5.0,eb0482,4.8,0.365,8,0.0354,0.5217
5.0,eb0482,4.8,0.365,9,0.0268,0.4589
5.0,eb0482,4.8,0.365,10,0.023,0.3918
5.0,eb0482,4.8,0.365,11,0.017,0.3219
5.0,eb0482,4.8,0.365,12,0.0137,0.2517
5.0,eb0482,4.8,0.365,13,0.0109,0.1908
5.0,eb0482,4.8,0.365,14,0.008,0.1467
5.0,eb0482,4.8,0.365,15,0.007,0.1163
5.0,eb0482,4.8,0.365,16,0.0055,0.0906
5.0,eb0482,4.8,0.365,17,0.0048,0.0694
5.0,eb0482,4.8,0.365,18,0.0038,0.0512
5.0,eb0482,4.8,0.365,19,0.0034,0.0351
5.0,eb0482,4.8,0.365,20,0.003,0.0197
5.0,eb0482,4.8,0.365,21,0.0006,0.0067
5.0,eb0482,5.2,0.325,0,0.0424,1.0578
5.0,eb0482,5.2,0.325,1,0.1878,0.9823
5.0,eb0482,5.2,0.325,2,0.1669,0.9055
5.0,eb0482,5.2,0.325,3,0.1343,0.8409
5.0,eb0482,5.2,0.325,4,0.0902,0.7854
5.0,eb0482,5.2,0.325,5,0.0786,0.7338
5.0,eb0482,5.2,0.325,6,0.0648,0.6798
5.0,eb0482,5.2,0.325,7,0.0531,0.6193
5.0,eb0482,5.2,0.325,8,0.0424,0.5531
5.0,eb0482,5.2,0.325,9,0.0326,0.4837
5.0,eb0482,5.2,0.325,10,0.026,0.4077
5.0,eb0482,5.2,0.325,11,0.0194,0.3314
5.0,eb0482,5.2,0.325,12,0.015,0.2528
5.0,eb0482,5.2,0.325,13,0.0113,0.1874
5.0,eb0482,5.2,0.325,14,0.0086,0.1414
5.0,eb0482,5.2,0.325,15,0.0068,0.1104
5.0,eb0482,5.2,0.325,16,0.0055,0.0848
5.0,eb0482,5.2,0.325,17,0.0045,0.0645
5.0,eb0482,5.2,0.325,18,0.0039,0.0467
5.0,eb0482,5.2,0.325,19,0.0031,0.0311
5.0,eb0482,5.2,0.325,20,0.0024,0.0171
5.0,eb0482,5.2,0.33,0,0.0619,1.0432
5.0,eb0482,5.2,0.33,1,0.2012,0.9655
5.0,eb0482,5.2,0.33,2,0.1643,0.8875
5.0,eb0482,5.2,0.33,3,0.1289,0.8228
5.0,eb0482,5.2,0.33,4,0.0842,0.7679
5.0,eb0482,5.2,0.33,5,0.0762,0.7174
5.0,eb0482,5.2,0.33,6,0.0614,0.6619
5.0,eb0482,5.2,0.33,7,0.0497,0.6019
5.0,eb0482,5.2,0.33,8,0.0396,0.5368
5.0,eb0482,5.2,0.33,9,0.0304,0.4682
5.0,eb0482,5.2,0.33,10,0.025,0.3939
5.0,eb0482,5.2,0.33,11,0.0181,0.3175
5.0,eb0482,5.2,0.33,12,0.0145,0.2409
5.0,eb0482,5.2,0.33,13,0.0105,0.1803
5.0,eb0482,5.2,0.33,14,0.0086,0.1369
5.0,eb0482,5.2,0.33,15,0.0062,0.1073
5.0,eb0482,5.2,0.33,16,0.0054,0.0834
5.0,eb0482,5.2,0.33,17,0.0044,0.0636
5.0,eb0482,5.2,0.33,18,0.0037,0.0461
5.0,eb0482,5.2,0.33,19,0.0032,0.0307
5.0,eb0482,5.2,0.33,20,0.0023,0.0169
5.0,eb0482,5.2,0.335,0,0.0844,1.03
5.0,eb0482,5.2,0.335,1,0.2116,0.9485
5.0,eb0482,5.2,0.335,2,0.1601,0.8698
5.0,eb0482,5.2,0.335,3,0.1237,0.8051
5.0,eb0482,5.2,0.335,4,0.0798,0.7501
5.0,eb0482,5.2,0.335,5,0.0731,0.7005
5.0,eb0482,5.2,0.335,6,0.0578,0.6445
5.0,eb0482,5.2,0.335,7,0.0457,0.585
5.0,eb0482,5.2,0.335,8,0.0382,0.5211
5.0,eb0482,5.2,0.335,9,0.0281,0.4521
5.0,eb0482,5.2,0.335,10,0.0233,0.3807
5.0,eb0482,5.2,0.335,11,0.0174,0.3049
5.0,eb0482,5.2,0.335,12,0.0135,0.2311
5.0,eb0482,5.2,0.335,13,0.0099,0.1747
5.0,eb0482,5.2,0.335,14,0.0084,0.1336
5.0,eb0482,5.2,0.335,15,0.006,0.1047
5.0,eb0482,5.2,0.335,16,0.0054,0.0815
5.0,eb0482,5.2,0.335,17,0.0041,0.0622
5.0,eb0482,5.2,0.335,18,0.0037,0.0454
5.0,eb0482,5.2,0.335,19,0.0031,0.0301
5.0,eb0482,5.2,0.335,20,0.0023,0.0164
5.0,eb0482,5.2,0.34,0,0.1097,1.0173
5.0,eb0482,5.2,0.34,1,0.2181,0.9318
5.0,eb0482,5.2,0.34,2,0.1551,0.8525
5.0,eb0482,5.2,0.34,3,0.1191,0.7879
5.0,eb0482,5.2,0.34,4,0.0773,0.7316
5.0,eb0482,5.2,0.34,5,0.0668,0.6834
5.0,eb0482,5.2,0.34,6,0.0542,0.6289
5.0,eb0482,5.2,0.34,7,0.0438,0.5694
5.0,eb0482,5.2,0.34,8,0.0358,0.5062
5.0,eb0482,5.2,0.34,9,0.0263,0.4376
5.0,eb0482,5.2,0.34,10,0.0222,0.368
5.0,eb0482,5.2,0.34,11,0.0164,0.2938
5.0,eb0482,5.2,0.34,12,0.0132,0.2221
5.0,eb0482,5.2,0.34,13,0.0093,0.1684
5.0,eb0482,5.2,0.34,14,0.0082,0.1302
5.0,eb0482,5.2,0.34,15,0.0058,0.102
5.0,eb0482,5.2,0.34,16,0.0052,0.0797
5.0,eb0482,5.2,0.34,17,0.004,0.0612
5.0,eb0482,5.2,0.34,18,0.0037,0.0446
5.0,eb0482,5.2,0.34,19,0.003,0.0295
5.0,eb0482,5.2,0.34,20,0.0022,0.0162
5.0,eb0482,5.6,0.31,0,0.0261,1.0744
5.0,eb0482,5.6,0.31,1,0.1865,0.9944
5.0,eb0482,5.6,0.31,2,0.18,0.9118
5.0,eb0482,5.6,0.31,3,0.145,0.8403
5.0,eb0482,5.6,0.31,4,0.0935,0.7791
5.0,eb0482,5.6,0.31,5,0.083,0.723
5.0,eb0482,5.6,0.31,6,0.0664,0.662
5.0,eb0482,5.6,0.31,7,0.0521,0.596
5.0,eb0482,5.6,0.31,8,0.0414,0.5249
5.0,eb0482,5.6,0.31,9,0.0299,0.4504
5.0,eb0482,5.6,0.31,10,0.0243,0.3733
5.0,eb0482,5.6,0.31,11,0.018,0.2921
5.0,eb0482,5.6,0.31,12,0.0136,0.2154
5.0,eb0482,5.6,0.31,13,0.0093,0.1611
5.0,eb0482,5.6,0.31,14,0.0079,0.1244
5.0,eb0482,5.6,0.31,15,0.006,0.0959
5.0,eb0482,5.6,0.31,16,0.005,0.0741
5.0,eb0482,5.6,0.31,17,0.0037,0.0561
5.0,eb0482,5.6,0.31,18,0.0035,0.0406
5.0,eb0482,5.6,0.31,19,0.0029,0.0261
5.0,eb0482,5.6,0.31,20,0.0018,0.0131
5.0,eb0482,5.6,0.315,0,0.0437,1.0566
5.0,eb0482,5.6,0.315,1,0.2062,0.9758
5.0,eb0482,5.6,0.315,2,0.1773,0.8912
5.0,eb0482,5.6,0.315,3,0.1379,0.8197
5.0,eb0482,5.6,0.315,4,0.0882,0.7587
5.0,eb0482,5.6,0.315,5,0.0791,0.7034
5.0,eb0482,5.6,0.315,6,0.0616,0.6421
5.0,eb0482,5.6,0.315,7,0.048,0.5769
5.0,eb0482,5.6,0.315,8,0.0384,0.5082
5.0,eb0482,5.6,0.315,9,0.028,0.4339
5.0,eb0482,5.6,0.315,10,0.0231,0.3586
5.0,eb0482,5.6,0.315,11,0.017,0.2778
5.0,eb0482,5.6,0.315,12,0.0124,0.2055
5.0,eb0482,5.6,0.315,13,0.009,0.1556
5.0,eb0482,5.6,0.315,14,0.0075,0.1214
5.0,eb0482,5.6,0.315,15,0.0061,0.0938
5.0,eb0482,5.6,0.315,16,0.0047,0.072
5.0,eb0482,5.6,0.315,17,0.0037,0.0548
5.0,eb0482,5.6,0.315,18,0.0033,0.0397
5.0,eb0482,5.6,0.315,19,0.0029,0.0255
5.0,eb0482,5.6,0.315,20,0.0018,0.0127
5.0,eb0482,5.6,0.32,0,0.0662,1.0404
5.0,eb0482,5.6,0.32,1,0.2208,0.957
5.0,eb0482,5.6,0.32,2,0.1725,0.8713
5.0,eb0482,5.6,0.32,3,0.1318,0.7998
5.0,eb0482,5.6,0.32,4,0.0846,0.7379
5.0,eb0482,5.6,0.32,5,0.072,0.6843
5.0,eb0482,5.6,0.32,6,0.0574,0.6244
5.0,eb0482,5.6,0.32,7,0.0452,0.5598
5.0,eb0482,5.6,0.32,8,0.0355,0.4927
5.0,eb0482,5.6,0.32,9,0.0277,0.4176
5.0,eb0482,5.6,0.32,10,0.021,0.3433
5.0,eb0482,5.6,0.32,11,0.0161,0.2651
5.0,eb0482,5.6,0.32,12,0.0117,0.1967
5.0,eb0482,5.6,0.32,13,0.0086,0.1501
5.0,eb0482,5.6,0.32,14,0.0073,0.1178
5.0,eb0482,5.6,0.32,15,0.0058,0.0914
5.0,eb0482,5.6,0.32,16,0.0046,0.0705
5.0,eb0482,5.6,0.32,17,0.0036,0.0539
5.0,eb0482,5.6,0.32,18,0.0033,0.0393
5.0,eb0482,5.6,0.32,19,0.0029,0.0248
5.0,eb0482,5.6,0.32,20,0.0017,0.0123
5.0,eb0482,6.0,0.3,0,0.0214,1.0809
5.0,eb0482,6.0,0.3,1,0.1945,0.9954
5.0,eb0482,6.0,0.3,2,0.1918,0.9066
5.0,eb0482,6.0,0.3,3,0.1506,0.8285
5.0,eb0482,6.0,0.3,4,0.0956,0.7613
5.0,eb0482,6.0,0.3,5,0.0832,0.7008
5.0,eb0482,6.0,0.3,6,0.0639,0.6346
5.0,eb0482,6.0,0.3,7,0.0491,0.5639
5.0,eb0482,6.0,0.3,8,0.0373,0.4913
5.0,eb0482,6.0,0.3,9,0.0287,0.4117
5.0,eb0482,6.0,0.3,10,0.0217,0.3312
5.0,eb0482,6.0,0.3,11,0.0154,0.2496
5.0,eb0482,6.0,0.3,12,0.0117,0.1838
5.0,eb0482,6.0,0.3,13,0.0086,0.1378
5.0,eb0482,6.0,0.3,14,0.0067,0.1076
5.0,eb0482,6.0,0.3,15,0.0052,0.0837
5.0,eb0482,6.0,0.3,16,0.0044,0.0648
5.0,eb0482,6.0,0.3,17,0.0036,0.048
5.0,eb0482,6.0,0.3,18,0.0028,0.0343
5.0,eb0482,6.0,0.3,19,0.0026,0.0216
5.0,eb0482,6.0,0.3,20,0.0013,0.0102
5.0,eb0482,6.0,0.305,0,0.0386,1.0612
5.0,eb0482,6.0,0.305,1,0.2188,0.9755
5.0,eb0482,6.0,0.305,2,0.1878,0.8839
5.0,eb0482,6.0,0.305,3,0.1427,0.8058
5.0,eb0482,6.0,0.305,4,0.091,0.7381
5.0,eb0482,6.0,0.305,5,0.0755,0.6792
5.0,eb0482,6.0,0.305,6,0.0589,0.6141
5.0,eb0482,6.0,0.305,7,0.0463,0.5442
5.0,eb0482,6.0,0.305,8,0.0345,0.4714
5.0,eb0482,6.0,0.305,9,0.0273,0.3925
5.0,eb0482,6.0,0.305,10,0.0193,0.3135
5.0,eb0482,6.0,0.305,11,0.0148,0.2355
5.0,eb0482,6.0,0.305,12,0.0106,0.1751
5.0,eb0482,6.0,0.305,13,0.0086,0.1324
5.0,eb0482,6.0,0.305,14,0.006,0.104
5.0,eb0482,6.0,0.305,15,0.0051,0.0815
5.0,eb0482,6.0,0.305,16,0.0041,0.0633
5.0,eb0482,6.0,0.305,17,0.0036,0.0471
5.0,eb0482,6.0,0.305,18,0.0028,0.0334
5.0,eb0482,6.0,0.305,19,0.0025,0.021
5.0,eb0482,6.0,0.305,20,0.0012,0.0098
5.0,eb0482,6.4,0.29,0,0.0141,1.0931
5.0,eb0482,6.4,0.29,1,0.1909,1.0024
5.0,eb0482,6.4,0.29,2,0.2048,0.909
5.0,eb0482,6.4,0.29,3,0.1591,0.8241
5.0,eb0482,6.4,0.29,4,0.0995,0.7506
5.0,eb0482,6.4,0.29,5,0.0834,0.6859
5.0,eb0482,6.4,0.29,6,0.0628,0.6149
5.0,eb0482,6.4,0.29,7,0.0484,0.5397
5.0,eb0482,6.4,0.29,8,0.0356,0.461
5.0,eb0482,6.4,0.29,9,0.027,0.3784
5.0,eb0482,6.4,0.29,10,0.019,0.2951
5.0,eb0482,6.4,0.29,11,0.0144,0.2167
5.0,eb0482,6.4,0.29,12,0.0096,0.1605
5.0,eb0482,6.4,0.29,13,0.0082,0.123
5.0,eb0482,6.4,0.29,14,0.006,0.0948
5.0,eb0482,6.4,0.29,15,0.0048,0.0739
5.0,eb0482,6.4,0.29,16,0.0037,0.0568
5.0,eb0482,6.4,0.29,17,0.0033,0.042
5.0,eb0482,6.4,0.29,18,0.0026,0.0294
5.0,eb0482,6.4,0.29,19,0.0022,0.0175
5.0,eb0482,6.4,0.29,20,0.0007,0.0075
5.0,eb0482,6.4,0.295,0,0.0276,1.0725
5.0,eb0482,6.4,0.295,1,0.2229,0.9819
5.0,eb0482,6.4,0.295,2,0.2008,0.884
5.0,eb0482,6.4,0.295,3,0.1492,0.7992
5.0,eb0482,6.4,0.295,4,0.0936,0.7258
5.0,eb0482,6.4,0.295,5,0.0751,0.6624
5.0,eb0482,6.4,0.295,6,0.0587,0.5924
5.0,eb0482,6.4,0.295,7,0.0447,0.5175
5.0,eb0482,6.4,0.295,8,0.0318,0.4402
5.0,eb0482,6.4,0.295,9,0.0251,0.3606
5.0,eb0482,6.4,0.295,10,0.0183,0.2774
5.0,eb0482,6.4,0.295,11,0.0127,0.2032
5.0,eb0482,6.4,0.295,12,0.0092,0.1532
5.0,eb0482,6.4,0.295,13,0.0075,0.119
5.0,eb0482,6.4,0.295,14,0.0059,0.0924
5.0,eb0482,6.4,0.295,15,0.0047,0.0719
5.0,eb0482,6.4,0.295,16,0.0035,0.0554
5.0,eb0482,6.4,0.295,17,0.0031,0.0412
5.0,eb0482,6.4,0.295,18,0.0026,0.029
5.0,eb0482,6.4,0.295,19,0.0021,0.0171
5.0,eb0482,6.4,0.295,20,0.0007,0.0073
5.0,eb0482,6.8,0.285,0,0.0157,1.0902
5.0,eb0482,6.8,0.285,1,0.2144,0.9934
5.0,eb0482,6.8,0.285,2,0.2138,0.8921
5.0,eb0482,6.8,0.285,3,0.1595,0.8007
5.0,eb0482,6.8,0.285,4,0.0978,0.7214
5.0,eb0482,6.8,0.285,5,0.0777,0.6527
5.0,eb0482,6.8,0.285,6,0.0582,0.578
5.0,eb0482,6.8,0.285,7,0.0441,0.4996
5.0,eb0482,6.8,0.285,8,0.0312,0.4161
5.0,eb0482,6.8,0.285,9,0.0232,0.3348
5.0,eb0482,6.8,0.285,10,0.0167,0.2514
5.0,eb0482,6.8,0.285,11,0.0122,0.1827
5.0,eb0482,6.8,0.285,12,0.0088,0.1361
5.0,eb0482,6.8,0.285,13,0.0067,0.1061
5.0,eb0482,6.8,0.285,14,0.0052,0.0826
5.0,eb0482,6.8,0.285,15,0.0041,0.0645
5.0,eb0482,6.8,0.285,16,0.0034,0.0493
5.0,eb0482,6.8,0.285,17,0.0027,0.0366
5.0,eb0482,6.8,0.285,18,0.0024,0.0251
5.0,eb0482,6.8,0.285,19,0.0017,0.0148
5.0,eb1168,4.0,0.4,0,0.1253,0.9697
5.0,eb1168,4.0,0.4,1,0.17,0.895
5.0,eb1168,4.0,0.4,2,0.1268,0.8381
5.0,eb1168,4.0,0.4,3,0.1029,0.7927
5.0,eb1168,4.0,0.4,4,0.0735,0.7544
5.0,eb1168,4.0,0.4,5,0.0639,0.719
5.0,eb1168,4.0,0.4,6,0.0615,0.6801
5.0,eb1168,4.0,0.4,7,0.0516,0.635
5.0,eb1168,4.0,0.4,8,0.0443,0.5857
5.0,eb1168,4.0,0.4,9,0.0371,0.5304
5.0,eb1168,4.0,0.4,10,0.0317,0.4713
5.0,eb1168,4.0,0.4,11,0.0245,0.405
5.0,eb1168,4.0,0.4,12,0.0212,0.3369
5.0,eb1168,4.0,0.4,13,0.0165,0.2625
5.0,eb1168,4.0,0.4,14,0.0134,0.1955
5.0,eb1168,4.0,0.4,15,0.0104,0.1448
5.0,eb1168,4.0,0.4,16,0.0087,0.1027
5.0,eb1168,4.0,0.4,17,0.0065,0.0708
5.0,eb1168,4.0,0.4,18,0.0058,0.0421
5.0,eb1168,4.0,0.4,19,0.004,0.0181
5.0,eb1168,4.0,0.405,0,0.1446,0.9618
5.0,eb1168,4.0,0.405,1,0.1716,0.8837
5.0,eb1168,4.0,0.405,2,0.1248,0.8268
5.0,eb1168,4.0,0.405,3,0.1008,0.7811
5.0,eb1168,4.0,0.405,4,0.0712,0.7427
5.0,eb1168,4.0,0.405,5,0.0625,0.7067
5.0,eb1168,4.0,0.405,6,0.0589,0.6685
5.0,eb1168,4.0,0.405,7,0.0494,0.6234
5.0,eb1168,4.0,0.405,8,0.0421,0.5747
5.0,eb1168,4.0,0.405,9,0.0357,0.5205
5.0,eb1168,4.0,0.405,10,0.0302,0.4621
5.0,eb1168,4.0,0.405,11,0.024,0.3958
5.0,eb1168,4.0,0.405,12,0.0203,0.3284
5.0,eb1168,4.0,0.405,13,0.0161,0.2554
5.0,eb1168,4.0,0.405,14,0.0127,0.1907
5.0,eb1168,4.0,0.405,15,0.0102,0.1423
5.0,eb1168,4.0,0.405,16,0.0087,0.1006
5.0,eb1168,4.0,0.405,17,0.0064,0.0689
5.0,eb1168,4.0,0.405,18,0.0056,0.0411
5.0,eb1168,4.0,0.405,19,0.0039,0.0177
5.0,eb1168,4.0,0.41,0,0.1641,0.9543
5.0,eb1168,4.0,0.41,1,0.1721,0.8726
5.0,eb1168,4.0,0.41,2,0.1226,0.8159
5.0,eb1168,4.0,0.41,3,0.0986,0.7701
5.0,eb1168,4.0,0.41,4,0.0676,0.7319
5.0,eb1168,4.0,0.41,5,0.0622,0.6959
5.0,eb1168,4.0,0.41,6,0.0562,0.6576
5.0,eb1168,4.0,0.41,7,0.0482,0.6125
5.0,eb1168,4.0,0.41,8,0.0402,0.5635
5.0,eb1168,4.0,0.41,9,0.0344,0.5101
5.0,eb1168,4.0,0.41,10,0.0281,0.4531
5.0,eb1168,4.0,0.41,11,0.0237,0.3879
5.0,eb1168,4.0,0.41,12,0.0199,0.3202
5.0,eb1168,4.0,0.41,13,0.0152,0.2481
5.0,eb1168,4.0,0.41,14,0.0127,0.1861
5.0,eb1168,4.0,0.41,15,0.0097,0.1383
5.0,eb1168,4.0,0.41,16,0.0085,0.0989
5.0,eb1168,4.0,0.41,17,0.0063,0.0674
5.0,eb1168,4.0,0.41,18,0.0055,0.0399
5.0,eb1168,4.0,0.41,19,0.0038,0.0169
5.0,eb1168,4.0,0.415,0,0.1827,0.9474
5.0,eb1168,4.0,0.415,1,0.1743,0.8617
5.0,eb1168,4.0,0.415,2,0.1187,0.8048
5.0,eb1168,4.0,0.415,3,0.0963,0.7595
5.0,eb1168,4.0,0.415,4,0.0644,0.7214
5.0,eb1168,4.0,0.415,5,0.0621,0.6857
5.0,eb1168,4.0,0.415,6,0.0534,0.6468
5.0,eb1168,4.0,0.415,7,0.0467,0.6022
5.0,eb1168,4.0,0.415,8,0.0387,0.5529
5.0,eb1168,4.0,0.415,9,0.0332,0.5
5.0,eb1168,4.0,0.415,10,0.0272,0.4429
5.0,eb1168,4.0,0.415,11,0.023,0.378
5.0,eb1168,4.0,0.415,12,0.0188,0.3115
5.0,eb1168,4.0,0.415,13,0.0151,0.2405
5.0,eb1168,4.0,0.415,14,0.0122,0.1806
5.0,eb1168,4.0,0.415,15,0.0093,0.1344
5.0,eb1168,4.0,0.415,16,0.0083,0.0969
5.0,eb1168,4.0,0.415,17,0.0061,0.066
5.0,eb1168,4.0,0.415,18,0.0055,0.0391
5.0,eb1168,4.0,0.415,19,0.0036,0.0164
5.0,eb1168,4.0,0.42,0,0.2027,0.9405
5.0,eb1168,4.0,0.42,1,0.1744,0.8508
5.0,eb1168,4.0,0.42,2,0.1154,0.7938
5.0,eb1168,4.0,0.42,3,0.0934,0.7489
5.0,eb1168,4.0,0.42,4,0.0629,0.7107
5.0,eb1168,4.0,0.42,5,0.0601,0.6754
5.0,eb1168,4.0,0.42,6,0.0514,0.6366
5.0,eb1168,4.0,0.42,7,0.0449,0.5924
5.0,eb1168,4.0,0.42,8,0.0373,0.5433
5.0,eb1168,4.0,0.42,9,0.0323,0.4908
5.0,eb1168,4.0,0.42,10,0.0263,0.4332
5.0,eb1168,4.0,0.42,11,0.0218,0.3697
5.0,eb1168,4.0,0.42,12,0.0185,0.304
5.0,eb1168,4.0,0.42,13,0.0148,0.2328
5.0,eb1168,4.0,0.42,14,0.0116,0.1752
5.0,eb1168,4.0,0.42,15,0.0089,0.1309
5.0,eb1168,4.0,0.42,16,0.0081,0.0946
5.0,eb1168,4.0,0.42,17,0.006,0.0641
5.0,eb1168,4.0,0.42,18,0.0053,0.0381
5.0,eb1168,4.0,0.42,19,0.0036,0.016
5.0,eb1168,4.4,0.365,0,0.079,0.9922
5.0,eb1168,4.4,0.365,1,0.1755,0.9208
5.0,eb1168,4.4,0.365,2,0.1417,0.8567
5.0,eb1168,4.4,0.365,3,0.117,0.8047
5.0,eb1168,4.4,0.365,4,0.0815,0.76
5.0,eb1168,4.4,0.365,5,0.0707,0.7192
5.0,eb1168,4.4,0.365,6,0.0665,0.6744
5.0,eb1168,4.4,0.365,7,0.0546,0.623
5.0,eb1168,4.4,0.365,8,0.0453,0.5675
5.0,eb1168,4.4,0.365,9,0.0374,0.5067
5.0,eb1168,4.4,0.365,10,0.0299,0.4424
5.0,eb1168,4.4,0.365,11,0.0245,0.371
5.0,eb1168,4.4,0.365,12,0.0193,0.298
5.0,eb1168,4.4,0.365,13,0.0154,0.2229
5.0,eb1168,4.4,0.365,14,0.0118,0.164
5.0,eb1168,4.4,0.365,15,0.0088,0.1194
5.0,eb1168,4.4,0.365,16,0.0075,0.0854
5.0,eb1168,4.4,0.365,17,0.0062,0.0555
5.0,eb1168,4.4,0.365,18,0.0047,0.0298
5.0,eb1168,4.4,0.365,19,0.0025,0.0115
5.0,eb1168,4.4,0.37,0,0.0977,0.9824
5.0,eb1168,4.4,0.37,1,0.1822,0.9076
5.0,eb1168,4.4,0.37,2,0.1401,0.843
5.0,eb1168,4.4,0.37,3,0.1128,0.7909
5.0,eb1168,4.4,0.37,4,0.0793,0.7464
5.0,eb1168,4.4,0.37,5,0.0691,0.7045
5.0,eb1168,4.4,0.37,6,0.0623,0.6607
5.0,eb1168,4.4,0.37,7,0.0524,0.6097
5.0,eb1168,4.4,0.37,8,0.0426,0.5545
5.0,eb1168,4.4,0.37,9,0.036,0.4949
5.0,eb1168,4.4,0.37,10,0.0282,0.431
5.0,eb1168,4.4,0.37,11,0.0239,0.3605
5.0,eb1168,4.4,0.37,12,0.0184,0.288
5.0,eb1168,4.4,0.37,13,0.0147,0.2156
5.0,eb1168,4.4,0.37,14,0.0115,0.1593
5.0,eb1168,4.4,0.37,15,0.0085,0.1162
5.0,eb1168,4.4,0.37,16,0.0074,0.0833
5.0,eb1168,4.4,0.37,17,0.006,0.0535
5.0,eb1168,4.4,0.37,18,0.0045,0.0287
5.0,eb1168,4.4,0.37,19,0.0024,0.011
5.0,eb1168,4.4,0.375,0,0.118,0.9729
5.0,eb1168,4.4,0.375,1,0.1866,0.8946
5.0,eb1168,4.4,0.375,2,0.1376,0.8297
5.0,eb1168,4.4,0.375,3,0.1101,0.7773
5.0,eb1168,4.4,0.375,4,0.0749,0.733
5.0,eb1168,4.4,0.375,5,0.0672,0.6917
5.0,eb1168,4.4,0.375,6,0.0597,0.648
5.0,eb1168,4.4,0.375,7,0.0501,0.5971
5.0,eb1168,4.4,0.375,8,0.0406,0.5419
5.0,eb1168,4.4,0.375,9,0.035,0.4828
5.0,eb1168,4.4,0.375,10,0.0269,0.4182
5.0,eb1168,4.4,0.375,11,0.0231,0.3486
5.0,eb1168,4.4,0.375,12,0.0171,0.2765
5.0,eb1168,4.4,0.375,13,0.0138,0.2085
5.0,eb1168,4.4,0.375,14,0.0112,0.1552
5.0,eb1168,4.4,0.375,15,0.0083,0.1129
5.0,eb1168,4.4,0.375,16,0.0072,0.0812
5.0,eb1168,4.4,0.375,17,0.0058,0.0523
5.0,eb1168,4.4,0.375,18,0.0046,0.028
5.0,eb1168,4.4,0.375,19,0.0022,0.0105
5.0,eb1168,4.4,0.38,0,0.1408,0.9633
5.0,eb1168,4.4,0.38,1,0.1882,0.8812
5.0,eb1168,4.4,0.38,2,0.1342,0.8166
5.0,eb1168,4.4,0.38,3,0.1067,0.7643
5.0,eb1168,4.4,0.38,4,0.0711,0.7203
5.0,eb1168,4.4,0.38,5,0.0663,0.6796
5.0,eb1168,4.4,0.38,6,0.0565,0.6351
5.0,eb1168,4.4,0.38,7,0.0473,0.5853
5.0,eb1168,4.4,0.38,8,0.0398,0.5302
5.0,eb1168,4.4,0.38,9,0.0334,0.4709
5.0,eb1168,4.4,0.38,10,0.0254,0.4064
5.0,eb1168,4.4,0.38,11,0.0222,0.3387
5.0,eb1168,4.4,0.38,12,0.0165,0.2671
5.0,eb1168,4.4,0.38,13,0.0135,0.2013
5.0,eb1168,4.4,0.38,14,0.0108,0.1502
5.0,eb1168,4.4,0.38,15,0.0082,0.1093
5.0,eb1168,4.4,0.38,16,0.0069,0.0788
5.0,eb1168,4.4,0.38,17,0.0056,0.0508
5.0,eb1168,4.4,0.38,18,0.0046,0.027
5.0,eb1168,4.4,0.38,19,0.002,0.01
5.0,eb1168,4.4,0.385,0,0.1635,0.9545
5.0,eb1168,4.4,0.385,1,0.1897,0.8681
5.0,eb1168,4.4,0.385,2,0.1306,0.8035
5.0,eb1168,4.4,0.385,3,0.1033,0.7514
5.0,eb1168,4.4,0.385,4,0.0681,0.7074
5.0,eb1168,4.4,0.385,5,0.0645,0.6674
5.0,eb1168,4.4,0.385,6,0.0531,0.6228
5.0,eb1168,4.4,0.385,7,0.046,0.5736
5.0,eb1168,4.4,0.385,8,0.0378,0.5185
5.0,eb1168,4.4,0.385,9,0.0318,0.4604
5.0,eb1168,4.4,0.385,10,0.0244,0.396
5.0,eb1168,4.4,0.385,11,0.0213,0.3299
5.0,eb1168,4.4,0.385,12,0.0162,0.2582
5.0,eb1168,4.4,0.385,13,0.0131,0.194
5.0,eb1168,4.4,0.385,14,0.0101,0.1456
5.0,eb1168,4.4,0.385,15,0.008,0.1062
5.0,eb1168,4.4,0.385,16,0.0067,0.0764
5.0,eb1168,4.4,0.385,17,0.0054,0.049
5.0,eb1168,4.4,0.385,18,0.0044,0.0259
5.0,eb1168,4.4,0.385,19,0.0018,0.0095
5.0,eb1168,4.4,0.39,0,0.1855,0.9465
5.0,eb1168,4.4,0.39,1,0.1916,0.8555
5.0,eb1168,4.4,0.39,2,0.1262,0.7904
5.0,eb1168,4.4,0.39,3,0.1003,0.739
5.0,eb1168,4.4,0.39,4,0.0658,0.6942
5.0,eb1168,4.4,0.39,5,0.0617,0.6552
5.0,eb1168,4.4,0.39,6,0.0513,0.6102
5.0,eb1168,4.4,0.39,7,0.0433,0.5614
5.0,eb1168,4.4,0.39,8,0.0363,0.5075
5.0,eb1168,4.4,0.39,9,0.0302,0.45
5.0,eb1168,4.4,0.39,10,0.0237,0.3857
5.0,eb1168,4.4,0.39,11,0.0202,0.3207
5.0,eb1168,4.4,0.39,12,0.0159,0.2503
5.0,eb1168,4.4,0.39,13,0.0124,0.1885
5.0,eb1168,4.4,0.39,14,0.0099,0.1425
5.0,eb1168,4.4,0.39,15,0.008,0.1038
5.0,eb1168,4.4,0.39,16,0.0065,0.0742
5.0,eb1168,4.4,0.39,17,0.0052,0.0476
5.0,eb1168,4.4,0.39,18,0.0043,0.0253
5.0,eb1168,4.4,0.39,19,0.0018,0.0092
5.0,eb1168,4.8,0.345,0,0.0669,0.9993
5.0,eb1168,4.8,0.345,1,0.1872,0.9249
5.0,eb1168,4.8,0.345,2,0.1543,0.8534
5.0,eb1168,4.8,0.345,3,0.124,0.7946
5.0,eb1168,4.8,0.345,4,0.0851,0.7443
5.0,eb1168,4.8,0.345,5,0.0742,0.6972
5.0,eb1168,4.8,0.345,6,0.0649,0.6478
5.0,eb1168,4.8,0.345,7,0.0528,0.5915
5.0,eb1168,4.8,0.345,8,0.0433,0.5302
5.0,eb1168,4.8,0.345,9,0.0353,0.4647
5.0,eb1168,4.8,0.345,10,0.0264,0.3938
5.0,eb1168,4.8,0.345,11,0.022,0.3219
5.0,eb1168,4.8,0.345,12,0.0165,0.2459
5.0,eb1168,4.8,0.345,13,0.0134,0.1808
5.0,eb1168,4.8,0.345,14,0.0096,0.1323
5.0,eb1168,4.8,0.345,15,0.0083,0.0949
5.0,eb1168,4.8,0.345,16,0.006,0.0652
5.0,eb1168,4.8,0.345,17,0.0051,0.0402
5.0,eb1168,4.8,0.345,18,0.0036,0.0192
5.0,eb1168,4.8,0.345,19,0.0009,0.0074
5.0,eb1168,4.8,0.35,0,0.0873,0.9878
5.0,eb1168,4.8,0.35,1,0.1961,0.9098
5.0,eb1168,4.8,0.35,2,0.1512,0.8378
5.0,eb1168,4.8,0.35,3,0.1202,0.7789
5.0,eb1168,4.8,0.35,4,0.08,0.7288
5.0,eb1168,4.8,0.35,5,0.0726,0.6824
5.0,eb1168,4.8,0.35,6,0.0607,0.6327
5.0,eb1168,4.8,0.35,7,0.0505,0.5769
5.0,eb1168,4.8,0.35,8,0.0407,0.5162
5.0,eb1168,4.8,0.35,9,0.0332,0.4525
5.0,eb1168,4.8,0.35,10,0.0256,0.3816
5.0,eb1168,4.8,0.35,11,0.0211,0.3106
5.0,eb1168,4.8,0.35,12,0.016,0.2352
5.0,eb1168,4.8,0.35,13,0.0126,0.1736
5.0,eb1168,4.8,0.35,14,0.0091,0.128
5.0,eb1168,4.8,0.35,15,0.0081,0.0923
5.0,eb1168,4.8,0.35,16,0.0058,0.0632
5.0,eb1168,4.8,0.35,17,0.005,0.0391
5.0,eb1168,4.8,0.35,18,0.0036,0.0185
5.0,eb1168,4.8,0.35,19,0.0008,0.0068
5.0,eb1168,4.8,0.355,0,0.1098,0.9766
5.0,eb1168,4.8,0.355,1,0.2016,0.8951
5.0,eb1168,4.8,0.355,2,0.1485,0.8226
5.0,eb1168,4.8,0.355,3,0.1159,0.7634
5.0,eb1168,4.8,0.355,4,0.0756,0.7136
5.0,eb1168,4.8,0.355,5,0.0702,0.6681
5.0,eb1168,4.8,0.355,6,0.0574,0.6177
5.0,eb1168,4.8,0.355,7,0.0479,0.5628
5.0,eb1168,4.8,0.355,8,0.0389,0.5026
5.0,eb1168,4.8,0.355,9,0.0305,0.44
5.0,eb1168,4.8,0.355,10,0.0255,0.3698
5.0,eb1168,4.8,0.355,11,0.0197,0.2985
5.0,eb1168,4.8,0.355,12,0.0154,0.2252
5.0,eb1168,4.8,0.355,13,0.0117,0.1673
5.0,eb1168,4.8,0.355,14,0.0087,0.1246
5.0,eb1168,4.8,0.355,15,0.0079,0.0902
5.0,eb1168,4.8,0.355,16,0.0058,0.0611
5.0,eb1168,4.8,0.355,17,0.0048,0.0374
5.0,eb1168,4.8,0.355,18,0.0034,0.0177
5.0,eb1168,4.8,0.355,19,0.0007,0.0067
5.0,eb1168,4.8,0.36,0,0.135,0.9656
5.0,eb1168,4.8,0.36,1,0.2046,0.8799
5.0,eb1168,4.8,0.36,2,0.1439,0.8075
5.0,eb1168,4.8,0.36,3,0.1121,0.7485
5.0,eb1168,4.8,0.36,4,0.0727,0.698
5.0,eb1168,4.8,0.36,5,0.0669,0.6536
5.0,eb1168,4.8,0.36,6,0.0545,0.6029
5.0,eb1168,4.8,0.36,7,0.0452,0.5483
5.0,eb1168,4.8,0.36,8,0.0371,0.4886
5.0,eb1168,4.8,0.36,9,0.029,0.426
5.0,eb1168,4.8,0.36,10,0.0235,0.358
5.0,eb1168,4.8,0.36,11,0.0189,0.2886
5.0,eb1168,4.8,0.36,12,0.0149,0.2171
5.0,eb1168,4.8,0.36,13,0.0113,0.1619
5.0,eb1168,4.8,0.36,14,0.0086,0.1202
5.0,eb1168,4.8,0.36,15,0.0073,0.0875
5.0,eb1168,4.8,0.36,16,0.0057,0.0597
5.0,eb1168,4.8,0.36,17,0.0048,0.0362
5.0,eb1168,4.8,0.36,18,0.0032,0.0168
5.0,eb1168,4.8,0.36,19,0.0007,0.0066
5.0,eb1168,5.2,0.325,0,0.0409,1.0183
5.0,eb1168,5.2,0.325,1,0.1866,0.9421
5.0,eb1168,5.2,0.325,2,0.1677,0.8647
5.0,eb1168,5.2,0.325,3,0.1358,0.7993
5.0,eb1168,5.2,0.325,4,0.0918,0.7428
5.0,eb1168,5.2,0.325,5,0.0795,0.6901
5.0,eb1168,5.2,0.325,6,0.0662,0.6351
5.0,eb1168,5.2,0.325,7,0.0537,0.5736
5.0,eb1168,5.2,0.325,8,0.0431,0.5069
5.0,eb1168,5.2,0.325,9,0.0331,0.4372
5.0,eb1168,5.2,0.325,10,0.026,0.362
5.0,eb1168,5.2,0.325,11,0.02,0.2862
5.0,eb1168,5.2,0.325,12,0.0156,0.2104
5.0,eb1168,5.2,0.325,13,0.0115,0.1535
5.0,eb1168,5.2,0.325,14,0.0085,0.1112
5.0,eb1168,5.2,0.325,15,0.0071,0.0801
5.0,eb1168,5.2,0.325,16,0.0057,0.0524
5.0,eb1168,5.2,0.325,17,0.0043,0.0296
5.0,eb1168,5.2,0.325,18,0.0027,0.0121
5.0,eb1168,5.2,0.33,0,0.0603,1.0035
5.0,eb1168,5.2,0.33,1,0.2004,0.9252
5.0,eb1168,5.2,0.33,2,0.1651,0.8467
5.0,eb1168,5.2,0.33,3,0.1314,0.7809
5.0,eb1168,5.2,0.33,4,0.0852,0.7248
5.0,eb1168,5.2,0.33,5,0.0768,0.6734
5.0,eb1168,5.2,0.33,6,0.0624,0.6176
5.0,eb1168,5.2,0.33,7,0.0508,0.5565
5.0,eb1168,5.2,0.33,8,0.0402,0.4905
5.0,eb1168,5.2,0.33,9,0.0308,0.4221
5.0,eb1168,5.2,0.33,10,0.0254,0.3472
5.0,eb1168,5.2,0.33,11,0.0185,0.2715
5.0,eb1168,5.2,0.33,12,0.0144,0.2009
5.0,eb1168,5.2,0.33,13,0.0112,0.1479
5.0,eb1168,5.2,0.33,14,0.0083,0.1066
5.0,eb1168,5.2,0.33,15,0.0067,0.0768
5.0,eb1168,5.2,0.33,16,0.0054,0.0504
5.0,eb1168,5.2,0.33,17,0.0041,0.0285
5.0,eb1168,5.2,0.33,18,0.0027,0.0117
5.0,eb1168,5.2,0.335,0,0.0823,0.9904
5.0,eb1168,5.2,0.335,1,0.2116,0.9085
5.0,eb1168,5.2,0.335,2,0.1622,0.8287
5.0,eb1168,5.2,0.335,3,0.1245,0.763
5.0,eb1168,5.2,0.335,4,0.0808,0.7074
5.0,eb1168,5.2,0.335,5,0.0737,0.6568
5.0,eb1168,5.2,0.335,6,0.0588,0.6004
5.0,eb1168,5.2,0.335,7,0.047,0.5401
5.0,eb1168,5.2,0.335,8,0.0385,0.4751
5.0,eb1168,5.2,0.335,9,0.029,0.4061
5.0,eb1168,5.2,0.335,10,0.0238,0.3335
5.0,eb1168,5.2,0.335,11,0.0174,0.2587
5.0,eb1168,5.2,0.335,12,0.0139,0.1913
5.0,eb1168,5.2,0.335,13,0.0103,0.1418
5.0,eb1168,5.2,0.335,14,0.0083,0.1025
5.0,eb1168,5.2,0.335,15,0.0063,0.0735
5.0,eb1168,5.2,0.335,16,0.0051,0.0484
5.0,eb1168,5.2,0.335,17,0.0041,0.0274
5.0,eb1168,5.2,0.335,18,0.0024,0.0111
5.0,eb1168,5.6,0.315,0,0.0424,1.017
5.0,eb1168,5.6,0.315,1,0.2059,0.9352
5.0,eb1168,5.6,0.315,2,0.1775,0.8502
5.0,eb1168,5.6,0.315,3,0.1397,0.7781
5.0,eb1168,5.6,0.315,4,0.0897,0.7161
5.0,eb1168,5.6,0.315,5,0.0798,0.6597
5.0,eb1168,5.6,0.315,6,0.063,0.5979
5.0,eb1168,5.6,0.315,7,0.049,0.5315
5.0,eb1168,5.6,0.315,8,0.0394,0.4616
5.0,eb1168,5.6,0.315,9,0.0283,0.3871
5.0,eb1168,5.6,0.315,10,0.0234,0.3116
5.0,eb1168,5.6,0.315,11,0.0169,0.2332
5.0,eb1168,5.6,0.315,12,0.0131,0.17
5.0,eb1168,5.6,0.315,13,0.0091,0.1244
5.0,eb1168,5.6,0.315,14,0.0079,0.0896
5.0,eb1168,5.6,0.315,15,0.0056,0.0619
5.0,eb1168,5.6,0.315,16,0.0048,0.0392
5.0,eb1168,5.6,0.315,17,0.0034,0.0202
5.0,eb1168,5.6,0.315,18,0.0013,0.0078
5.0,eb1168,5.6,0.32,0,0.0642,1.0009
5.0,eb1168,5.6,0.32,1,0.2207,0.9169
5.0,eb1168,5.6,0.32,2,0.1741,0.8303
5.0,eb1168,5.6,0.32,3,0.1327,0.7581
5.0,eb1168,5.6,0.32,4,0.0852,0.6959
5.0,eb1168,5.6,0.32,5,0.0739,0.6413
5.0,eb1168,5.6,0.32,6,0.0584,0.5801
5.0,eb1168,5.6,0.32,7,0.0462,0.5146
5.0,eb1168,5.6,0.32,8,0.0363,0.4462
5.0,eb1168,5.6,0.32,9,0.0275,0.3715
5.0,eb1168,5.6,0.32,10,0.0217,0.2971
5.0,eb1168,5.6,0.32,11,0.0161,0.2209
5.0,eb1168,5.6,0.32,12,0.012,0.1623
5.0,eb1168,5.6,0.32,13,0.009,0.1193
5.0,eb1168,5.6,0.32,14,0.0074,0.0863
5.0,eb1168,5.6,0.32,15,0.0057,0.059
5.0,eb1168,5.6,0.32,16,0.0044,0.0371
5.0,eb1168,5.6,0.32,17,0.0032,0.0192
5.0,eb1168,5.6,0.32,18,0.0012,0.0076
5.0,eb1168,6.0,0.3,0,0.0204,1.0415
5.0,eb1168,6.0,0.3,1,0.1931,0.9549
5.0,eb1168,6.0,0.3,2,0.1934,0.8654
5.0,eb1168,6.0,0.3,3,0.152,0.7864
5.0,eb1168,6.0,0.3,4,0.0968,0.7185
5.0,eb1168,6.0,0.3,5,0.0847,0.6568
5.0,eb1168,6.0,0.3,6,0.0647,0.5898
5.0,eb1168,6.0,0.3,7,0.0499,0.5186
5.0,eb1168,6.0,0.3,8,0.0383,0.445
5.0,eb1168,6.0,0.3,9,0.029,0.3646
5.0,eb1168,6.0,0.3,10,0.0215,0.2856
5.0,eb1168,6.0,0.3,11,0.0162,0.2075
5.0,eb1168,6.0,0.3,12,0.0117,0.1501
5.0,eb1168,6.0,0.3,13,0.0085,0.1083
5.0,eb1168,6.0,0.3,14,0.007,0.0782
5.0,eb1168,6.0,0.3,15,0.0054,0.0518
5.0,eb1168,6.0,0.3,16,0.0042,0.0303
5.0,eb1168,6.0,0.3,17,0.0027,0.0134
5.0,eb1168,6.0,0.305,0,0.037,1.0217
5.0,eb1168,6.0,0.305,1,0.2182,0.9352
5.0,eb1168,6.0,0.305,2,0.189,0.8429
5.0,eb1168,6.0,0.305,3,0.1443,0.7641
5.0,eb1168,6.0,0.305,4,0.092,0.6957
5.0,eb1168,6.0,0.305,5,0.077,0.6358
5.0,eb1168,6.0,0.305,6,0.0603,0.5696
5.0,eb1168,6.0,0.305,7,0.0463,0.4992
5.0,eb1168,6.0,0.305,8,0.0357,0.4262
5.0,eb1168,6.0,0.305,9,0.0272,0.3471
5.0,eb1168,6.0,0.305,10,0.0199,0.2693
5.0,eb1168,6.0,0.305,11,0.0149,0.1965
5.0,eb1168,6.0,0.305,12,0.0113,0.1435
5.0,eb1168,6.0,0.305,13,0.0084,0.1028
5.0,eb1168,6.0,0.305,14,0.0065,0.0741
5.0,eb1168,6.0,0.305,15,0.0052,0.0491
5.0,eb1168,6.0,0.305,16,0.0039,0.0287
5.0,eb1168,6.0,0.305,17,0.0026,0.0128
5.0,eb1168,6.4,0.29,0,0.0135,1.0535
5.0,eb1168,6.4,0.29,1,0.1889,0.9619
5.0,eb1168,6.4,0.29,2,0.2065,0.868
5.0,eb1168,6.4,0.29,3,0.1606,0.7822
5.0,eb1168,6.4,0.29,4,0.1005,0.7081
5.0,eb1168,6.4,0.29,5,0.0849,0.6424
5.0,eb1168,6.4,0.29,6,0.0641,0.5707
5.0,eb1168,6.4,0.29,7,0.0492,0.4945
5.0,eb1168,6.4,0.29,8,0.0358,0.4162
5.0,eb1168,6.4,0.29,9,0.0279,0.3328
5.0,eb1168,6.4,0.29,10,0.0193,0.2496
5.0,eb1168,6.4,0.29,11,0.0144,0.1791
5.0,eb1168,6.4,0.29,12,0.0103,0.1296
5.0,eb1168,6.4,0.29,13,0.0083,0.092
5.0,eb1168,6.4,0.29,14,0.0058,0.064
5.0,eb1168,6.4,0.29,15,0.0048,0.0414
5.0,eb1168,6.4,0.29,16,0.0036,0.0227
5.0,eb1168,6.4,0.29,17,0.0018,0.0088
5.0,eb154,4.0,0.4,0,0.1238,0.9483
5.0,eb154,4.0,0.4,1,0.17,0.8735
5.0,eb154,4.0,0.4,2,0.1279,0.8159
5.0,eb154,4.0,0.4,3,0.1036,0.7699
5.0,eb154,4.0,0.4,4,0.0739,0.731
5.0,eb154,4.0,0.4,5,0.0643,0.6952
5.0,eb154,4.0,0.4,6,0.062,0.6556
5.0,eb154,4.0,0.4,7,0.0516,0.6105
5.0,eb154,4.0,0.4,8,0.0453,0.5606
5.0,eb154,4.0,0.4,9,0.0372,0.5047
5.0,eb154,4.0,0.4,10,0.0322,0.4451
5.0,eb154,4.0,0.4,11,0.0244,0.3789
5.0,eb154,4.0,0.4,12,0.0218,0.3105
5.0,eb154,4.0,0.4,13,0.0163,0.2375
5.0,eb154,4.0,0.4,14,0.0133,0.1762
5.0,eb154,4.0,0.4,15,0.0109,0.1276
5.0,eb154,4.0,0.4,16,0.0086,0.0855
5.0,eb154,4.0,0.4,17,0.0067,0.0532
5.0,eb154,4.0,0.4,18,0.0051,0.0245
5.0,eb154,4.0,0.4,19,0.0012,0.0079
5.0,eb154,4.0,0.405,0,0.1431,0.9403
5.0,eb154,4.0,0.405,1,0.1717,0.8621
5.0,eb154,4.0,0.405,2,0.1257,0.8047
5.0,eb154,4.0,0.405,3,0.1013,0.7585
5.0,eb154,4.0,0.405,4,0.0717,0.7196
5.0,eb154,4.0,0.405,5,0.0624,0.6833
5.0,eb154,4.0,0.405,6,0.0597,0.6446
5.0,eb154,4.0,0.405,7,0.05,0.599
5.0,eb154,4.0,0.405,8,0.0422,0.5502
5.0,eb154,4.0,0.405,9,0.0365,0.4954
5.0,eb154,4.0,0.405,10,0.0308,0.4359
5.0,eb154,4.0,0.405,11,0.0239,0.3696
5.0,eb154,4.0,0.405,12,0.0205,0.3024
5.0,eb154,4.0,0.405,13,0.0162,0.2308
5.0,eb154,4.0,0.405,14,0.0133,0.1702
5.0,eb154,4.0,0.405,15,0.01,0.1235
5.0,eb154,4.0,0.405,16,0.0084,0.0836
5.0,eb154,4.0,0.405,17,0.0066,0.052
5.0,eb154,4.0,0.405,18,0.005,0.0236
5.0,eb154,4.0,0.405,19,0.001,0.0077
5.0,eb154,4.0,0.41,0,0.1631,0.9327
5.0,eb154,4.0,0.41,1,0.172,0.8509
5.0,eb154,4.0,0.41,2,0.1237,0.7937
5.0,eb154,4.0,0.41,3,0.0987,0.7474
5.0,eb154,4.0,0.41,4,0.0686,0.7087
5.0,eb154,4.0,0.41,5,0.0627,0.6719
5.0,eb154,4.0,0.41,6,0.0564,0.6332
5.0,eb154,4.0,0.41,7,0.0479,0.5882
5.0,eb154,4.0,0.41,8,0.041,0.5392
5.0,eb154,4.0,0.41,9,0.035,0.4848
5.0,eb154,4.0,0.41,10,0.0287,0.427
5.0,eb154,4.0,0.41,11,0.0234,0.3619
5.0,eb154,4.0,0.41,12,0.0202,0.2948
5.0,eb154,4.0,0.41,13,0.0157,0.224
5.0,eb154,4.0,0.41,14,0.0125,0.1659
5.0,eb154,4.0,0.41,15,0.0101,0.121
5.0,eb154,4.0,0.41,16,0.0082,0.0813
5.0,eb154,4.0,0.41,17,0.0064,0.0503
5.0,eb154,4.0,0.41,18,0.0048,0.0227
5.0,eb154,4.0,0.41,19,0.0009,0.0075
5.0,eb154,4.0,0.415,0,0.1815,0.9259
5.0,eb154,4.0,0.415,1,0.1744,0.8401
5.0,eb154,4.0,0.415,2,0.1198,0.7827
5.0,eb154,4.0,0.415,3,0.0968,0.7368
5.0,eb154,4.0,0.415,4,0.0654,0.698
5.0,eb154,4.0,0.415,5,0.0617,0.6618
5.0,eb154,4.0,0.415,6,0.0543,0.623
5.0,eb154,4.0,0.415,7,0.0473,0.5774
5.0,eb154,4.0,0.415,8,0.0389,0.5278
5.0,eb154,4.0,0.415,9,0.0334,0.4746
5.0,eb154,4.0,0.415,10,0.0273,0.4178
5.0,eb154,4.0,0.415,11,0.0233,0.3527
5.0,eb154,4.0,0.415,12,0.0193,0.2854
5.0,eb154,4.0,0.415,13,0.0147,0.2173
5.0,eb154,4.0,0.415,14,0.0125,0.1621
5.0,eb154,4.0,0.415,15,0.0096,0.1176
5.0,eb154,4.0,0.415,16,0.0083,0.0791
5.0,eb154,4.0,0.415,17,0.0059,0.049
5.0,eb154,4.0,0.415,18,0.0049,0.0221
5.0,eb154,4.0,0.415,19,0.0008,0.0071
5.0,eb154,4.0,0.42,0,0.2016,0.9189
5.0,eb154,4.0,0.42,1,0.175,0.829
5.0,eb154,4.0,0.42,2,0.116,0.7716
5.0,eb154,4.0,0.42,3,0.0941,0.7262
5.0,eb154,4.0,0.42,4,0.0629,0.6876
5.0,eb154,4.0,0.42,5,0.0608,0.6517
5.0,eb154,4.0,0.42,6,0.0521,0.6122
5.0,eb154,4.0,0.42,7,0.0452,0.5673
5.0,eb154,4.0,0.42,8,0.0376,0.5178
5.0,eb154,4.0,0.42,9,0.0327,0.4647
5.0,eb154,4.0,0.42,10,0.0263,0.4072
5.0,eb154,4.0,0.42,11,0.0223,0.3433
5.0,eb154,4.0,0.42,12,0.0183,0.2776
5.0,eb154,4.0,0.42,13,0.0147,0.2108
5.0,eb154,4.0,0.42,14,0.012,0.157
5.0,eb154,4.0,0.42,15,0.0091,0.1138
5.0,eb154,4.0,0.42,16,0.0082,0.0771
5.0,eb154,4.0,0.42,17,0.0057,0.0475
5.0,eb154,4.0,0.42,18,0.0048,0.0214
5.0,eb154,4.0,0.42,19,0.0007,0.007
5.0,eb154,4.4,0.365,0,0.0778,0.9708
5.0,eb154,4.4,0.365,1,0.1752,0.8991
5.0,eb154,4.4,0.365,2,0.1428,0.8345
5.0,eb154,4.4,0.365,3,0.1172,0.782
5.0,eb154,4.4,0.365,4,0.082,0.7369
5.0,eb154,4.4,0.365,5,0.0713,0.6958
5.0,eb154,4.4,0.365,6,0.0666,0.6505
5.0,eb154,4.4,0.365,7,0.0555,0.5987
5.0,eb154,4.4,0.365,8,0.0456,0.5427
5.0,eb154,4.4,0.365,9,0.0382,0.4814
5.0,eb154,4.4,0.365,10,0.0301,0.4167
5.0,eb154,4.4,0.365,11,0.0248,0.3451
5.0,eb154,4.4,0.365,12,0.0198,0.2718
5.0,eb154,4.4,0.365,13,0.0154,0.1999
5.0,eb154,4.4,0.365,14,0.0118,0.1453
5.0,eb154,4.4,0.365,15,0.0091,0.1024
5.0,eb154,4.4,0.365,16,0.0075,0.0675
5.0,eb154,4.4,0.365,17,0.0058,0.0375
5.0,eb154,4.4,0.365,18,0.0035,0.0145
5.0,eb154,4.4,0.37,0,0.0964,0.961
5.0,eb154,4.4,0.37,1,0.1822,0.8859
5.0,eb154,4.4,0.37,2,0.1407,0.8209
5.0,eb154,4.4,0.37,3,0.1134,0.7683
5.0,eb154,4.4,0.37,4,0.08,0.7232
5.0,eb154,4.4,0.37,5,0.0693,0.681
5.0,eb154,4.4,0.37,6,0.0632,0.6366
5.0,eb154,4.4,0.37,7,0.0526,0.5851
5.0,eb154,4.4,0.37,8,0.0435,0.5293
5.0,eb154,4.4,0.37,9,0.0363,0.4689
5.0,eb154,4.4,0.37,10,0.0287,0.4046
5.0,eb154,4.4,0.37,11,0.0234,0.3345
5.0,eb154,4.4,0.37,12,0.0188,0.2632
5.0,eb154,4.4,0.37,13,0.0149,0.1941
5.0,eb154,4.4,0.37,14,0.0116,0.1409
5.0,eb154,4.4,0.37,15,0.0086,0.0993
5.0,eb154,4.4,0.37,16,0.0075,0.0657
5.0,eb154,4.4,0.37,17,0.0056,0.036
5.0,eb154,4.4,0.37,18,0.0033,0.014
5.0,eb154,4.4,0.375,0,0.1169,0.9514
5.0,eb154,4.4,0.375,1,0.1865,0.8728
5.0,eb154,4.4,0.375,2,0.1384,0.8076
5.0,eb154,4.4,0.375,3,0.1106,0.7547
5.0,eb154,4.4,0.375,4,0.0754,0.71
5.0,eb154,4.4,0.375,5,0.0679,0.6681
5.0,eb154,4.4,0.375,6,0.06,0.624
5.0,eb154,4.4,0.375,7,0.051,0.5726
5.0,eb154,4.4,0.375,8,0.0408,0.5169
5.0,eb154,4.4,0.375,9,0.0353,0.4576
5.0,eb154,4.4,0.375,10,0.027,0.3934
5.0,eb154,4.4,0.375,11,0.0234,0.3237
5.0,eb154,4.4,0.375,12,0.0176,0.252
5.0,eb154,4.4,0.375,13,0.0141,0.1871
5.0,eb154,4.4,0.375,14,0.0112,0.1369
5.0,eb154,4.4,0.375,15,0.0084,0.0961
5.0,eb154,4.4,0.375,16,0.0071,0.0641
5.0,eb154,4.4,0.375,17,0.0056,0.0351
5.0,eb154,4.4,0.375,18,0.0031,0.0133
5.0,eb154,4.4,0.38,0,0.1397,0.9417
5.0,eb154,4.4,0.38,1,0.1883,0.8594
5.0,eb154,4.4,0.38,2,0.1349,0.7944
5.0,eb154,4.4,0.38,3,0.1072,0.7417
5.0,eb154,4.4,0.38,4,0.0717,0.6972
5.0,eb154,4.4,0.38,5,0.0673,0.6557
5.0,eb154,4.4,0.38,6,0.0567,0.6108
5.0,eb154,4.4,0.38,7,0.0478,0.5606
5.0,eb154,4.4,0.38,8,0.0401,0.5052
5.0,eb154,4.4,0.38,9,0.0337,0.4455
5.0,eb154,4.4,0.38,10,0.0258,0.381
5.0,eb154,4.4,0.38,11,0.0223,0.3129
5.0,eb154,4.4,0.38,12,0.0166,0.2423
5.0,eb154,4.4,0.38,13,0.0135,0.1813
5.0,eb154,4.4,0.38,14,0.011,0.1329
5.0,eb154,4.4,0.38,15,0.0081,0.093
5.0,eb154,4.4,0.38,16,0.0069,0.0622
5.0,eb154,4.4,0.38,17,0.0055,0.0339
5.0,eb154,4.4,0.38,18,0.0029,0.0127
5.0,eb154,4.4,0.385,0,0.1622,0.933
5.0,eb154,4.4,0.385,1,0.1904,0.8463
5.0,eb154,4.4,0.385,2,0.1311,0.7812
5.0,eb154,4.4,0.385,3,0.1035,0.7289
5.0,eb154,4.4,0.385,4,0.0692,0.6843
5.0,eb154,4.4,0.385,5,0.065,0.6435
5.0,eb154,4.4,0.385,6,0.0535,0.5985
5.0,eb154,4.4,0.385,7,0.0461,0.5491
5.0,eb154,4.4,0.385,8,0.0384,0.4938
5.0,eb154,4.4,0.385,9,0.0324,0.4347
5.0,eb154,4.4,0.385,10,0.0245,0.3701
5.0,eb154,4.4,0.385,11,0.0215,0.3039
5.0,eb154,4.4,0.385,12,0.0162,0.2335
5.0,eb154,4.4,0.385,13,0.0129,0.1748
5.0,eb154,4.4,0.385,14,0.0106,0.1286
5.0,eb154,4.4,0.385,15,0.0078,0.0898
5.0,eb154,4.4,0.385,16,0.0068,0.0601
5.0,eb154,4.4,0.385,17,0.0053,0.0317
5.0,eb154,4.4,0.385,18,0.0026,0.0118
5.0,eb154,4.4,0.39,0,0.184,0.925
5.0,eb154,4.4,0.39,1,0.1925,0.8339
5.0,eb154,4.4,0.39,2,0.1262,0.7685
5.0,eb154,4.4,0.39,3,0.1014,0.7165
5.0,eb154,4.4,0.39,4,0.066,0.6713
5.0,eb154,4.4,0.39,5,0.0622,0.6319
5.0,eb154,4.4,0.39,6,0.0517,0.5863
5.0,eb154,4.4,0.39,7,0.0435,0.5375
5.0,eb154,4.4,0.39,8,0.037,0.483
5.0,eb154,4.4,0.39,9,0.0308,0.4247
5.0,eb154,4.4,0.39,10,0.0238,0.3601
5.0,eb154,4.4,0.39,11,0.0203,0.2952
5.0,eb154,4.4,0.39,12,0.0159,0.2262
5.0,eb154,4.4,0.39,13,0.0127,0.169
5.0,eb154,4.4,0.39,14,0.01,0.1247
5.0,eb154,4.4,0.39,15,0.0079,0.0869
5.0,eb154,4.4,0.39,16,0.0064,0.058
5.0,eb154,4.4,0.39,17,0.0053,0.0307
5.0,eb154,4.4,0.39,18,0.0024,0.0111
5.0,eb154,4.8,0.345,0,0.0659,0.9778
5.0,eb154,4.8,0.345,1,0.1868,0.9032
5.0,eb154,4.8,0.345,2,0.1555,0.8312
5.0,eb154,4.8,0.345,3,0.1243,0.7719
5.0,eb154,4.8,0.345,4,0.0865,0.721
5.0,eb154,4.8,0.345,5,0.0743,0.6732
5.0,eb154,4.8,0.345,6,0.0655,0.6235
5.0,eb154,4.8,0.345,7,0.0535,0.5667
5.0,eb154,4.8,0.345,8,0.0433,0.5049
5.0,eb154,4.8,0.345,9,0.0359,0.4395
5.0,eb154,4.8,0.345,10,0.0266,0.3682
5.0,eb154,4.8,0.345,11,0.0221,0.2963
5.0,eb154,4.8,0.345,12,0.0169,0.2218
5.0,eb154,4.8,0.345,13,0.013,0.1616
5.0,eb154,4.8,0.345,14,0.01,0.1166
5.0,eb154,4.8,0.345,15,0.0083,0.0776
5.0,eb154,4.8,0.345,16,0.0059,0.0482
5.0,eb154,4.8,0.345,17,0.0045,0.0232
5.0,eb154,4.8,0.345,18,0.0013,0.0079
5.0,eb154,4.8,0.35,0,0.0859,0.9664
5.0,eb154,4.8,0.35,1,0.1963,0.8882
5.0,eb154,4.8,0.35,2,0.1521,0.8156
5.0,eb154,4.8,0.35,3,0.1211,0.7561
5.0,eb154,4.8,0.35,4,0.0806,0.7054
5.0,eb154,4.8,0.35,5,0.0731,0.6584
5.0,eb154,4.8,0.35,6,0.0612,0.6082
5.0,eb154,4.8,0.35,7,0.0505,0.5524
5.0,eb154,4.8,0.35,8,0.0412,0.4915
5.0,eb154,4.8,0.35,9,0.0339,0.4271
5.0,eb154,4.8,0.35,10,0.0253,0.3564
5.0,eb154,4.8,0.35,11,0.0216,0.2852
5.0,eb154,4.8,0.35,12,0.0157,0.2126
5.0,eb154,4.8,0.35,13,0.013,0.1557
5.0,eb154,4.8,0.35,14,0.0094,0.1111
5.0,eb154,4.8,0.35,15,0.008,0.075
5.0,eb154,4.8,0.35,16,0.0056,0.0467
5.0,eb154,4.8,0.35,17,0.0045,0.0221
5.0,eb154,4.8,0.35,18,0.001,0.0075
5.0,eb154,4.8,0.355,0,0.1081,0.9554
5.0,eb154,4.8,0.355,1,0.2025,0.8735
5.0,eb154,4.8,0.355,2,0.1489,0.8004
5.0,eb154,4.8,0.355,3,0.1164,0.7409
5.0,eb154,4.8,0.355,4,0.0766,0.6905
5.0,eb154,4.8,0.355,5,0.0707,0.6443
5.0,eb154,4.8,0.355,6,0.0577,0.5937
5.0,eb154,4.8,0.355,7,0.048,0.5386
5.0,eb154,4.8,0.355,8,0.0396,0.4781
5.0,eb154,4.8,0.355,9,0.031,0.4151
5.0,eb154,4.8,0.355,10,0.0255,0.3447
5.0,eb154,4.8,0.355,11,0.02,0.2736
5.0,eb154,4.8,0.355,12,0.0154,0.2035
5.0,eb154,4.8,0.355,13,0.0121,0.1494
5.0,eb154,4.8,0.355,14,0.009,0.107
5.0,eb154,4.8,0.355,15,0.0077,0.0725
5.0,eb154,4.8,0.355,16,0.0055,0.0444
5.0,eb154,4.8,0.355,17,0.0043,0.0207
5.0,eb154,4.8,0.355,18,0.0009,0.0071
5.0,eb154,4.8,0.36,0,0.1334,0.9443
5.0,eb154,4.8,0.36,1,0.2052,0.8584
5.0,eb154,4.8,0.36,2,0.145,0.7853
5.0,eb154,4.8,0.36,3,0.1123,0.7259
5.0,eb154,4.8,0.36,4,0.0729,0.6754
5.0,eb154,4.8,0.36,5,0.0679,0.6302
5.0,eb154,4.8,0.36,6,0.0553,0.5789
5.0,eb154,4.8,0.36,7,0.0456,0.5237
5.0,eb154,4.8,0.36,8,0.0369,0.4641
5.0,eb154,4.8,0.36,9,0.0299,0.4013
5.0,eb154,4.8,0.36,10,0.0238,0.3323
5.0,eb154,4.8,0.36,11,0.019,0.2629
5.0,eb154,4.8,0.36,12,0.015,0.195
5.0,eb154,4.8,0.36,13,0.0114,0.1435
5.0,eb154,4.8,0.36,14,0.0086,0.1038
5.0,eb154,4.8,0.36,15,0.0077,0.0698
5.0,eb154,4.8,0.36,16,0.0053,0.0419
5.0,eb154,4.8,0.36,17,0.0041,0.0194
5.0,eb154,4.8,0.36,18,0.0007,0.0069
5.0,eb154,5.2,0.325,0,0.0398,0.9971
5.0,eb154,5.2,0.325,1,0.1865,0.9203
5.0,eb154,5.2,0.325,2,0.1687,0.8423
5.0,eb154,5.2,0.325,3,0.1361,0.7765
5.0,eb154,5.2,0.325,4,0.0926,0.7195
5.0,eb154,5.2,0.325,5,0.08,0.6663
5.0,eb154,5.2,0.325,6,0.067,0.6109
5.0,eb154,5.2,0.325,7,0.054,0.5491
5.0,eb154,5.2,0.325,8,0.0433,0.4822
5.0,eb154,5.2,0.325,9,0.0335,0.4128
5.0,eb154,5.2,0.325,10,0.0266,0.3366
5.0,eb154,5.2,0.325,11,0.0201,0.2605
5.0,eb154,5.2,0.325,12,0.0157,0.1889
5.0,eb154,5.2,0.325,13,0.0116,0.1355
5.0,eb154,5.2,0.325,14,0.0085,0.0946
5.0,eb154,5.2,0.325,15,0.0071,0.0632
5.0,eb154,5.2,0.325,16,0.0054,0.0352
5.0,eb154,5.2,0.325,17,0.0034,0.0139
5.0,eb154,5.2,0.33,0,0.0591,0.9823
5.0,eb154,5.2,0.33,1,0.2009,0.9034
5.0,eb154,5.2,0.33,2,0.1658,0.8242
5.0,eb154,5.2,0.33,3,0.1315,0.7582
5.0,eb154,5.2,0.33,4,0.0861,0.7016
5.0,eb154,5.2,0.33,5,0.0778,0.6495
5.0,eb154,5.2,0.33,6,0.0623,0.5934
5.0,eb154,5.2,0.33,7,0.0509,0.5327
5.0,eb154,5.2,0.33,8,0.041,0.4665
5.0,eb154,5.2,0.33,9,0.0314,0.3972
5.0,eb154,5.2,0.33,10,0.0253,0.3221
5.0,eb154,5.2,0.33,11,0.0189,0.2473
5.0,eb154,5.2,0.33,12,0.0146,0.1804
5.0,eb154,5.2,0.33,13,0.0112,0.1304
5.0,eb154,5.2,0.33,14,0.0082,0.0907
5.0,eb154,5.2,0.33,15,0.0067,0.0608
5.0,eb154,5.2,0.33,16,0.0053,0.0339
5.0,eb154,5.2,0.33,17,0.0032,0.0133
5.0,eb154,5.2,0.335,0,0.0807,0.9692
5.0,eb154,5.2,0.335,1,0.2117,0.8869
5.0,eb154,5.2,0.335,2,0.1629,0.8067
5.0,eb154,5.2,0.335,3,0.1255,0.7405
5.0,eb154,5.2,0.335,4,0.0816,0.6843
5.0,eb154,5.2,0.335,5,0.074,0.6332
5.0,eb154,5.2,0.335,6,0.0596,0.5765
5.0,eb154,5.2,0.335,7,0.0473,0.5157
5.0,eb154,5.2,0.335,8,0.0389,0.4505
5.0,eb154,5.2,0.335,9,0.0295,0.3812
5.0,eb154,5.2,0.335,10,0.0239,0.308
5.0,eb154,5.2,0.335,11,0.0174,0.2348
5.0,eb154,5.2,0.335,12,0.0139,0.1727
5.0,eb154,5.2,0.335,13,0.0109,0.1251
5.0,eb154,5.2,0.335,14,0.0078,0.0864
5.0,eb154,5.2,0.335,15,0.0065,0.058
5.0,eb154,5.2,0.335,16,0.005,0.0316
5.0,eb154,5.2,0.335,17,0.0029,0.0125
5.0,eb154,5.6,0.315,0,0.0417,0.9955
5.0,eb154,5.6,0.315,1,0.2055,0.9133
5.0,eb154,5.6,0.315,2,0.1785,0.8278
5.0,eb154,5.6,0.315,3,0.1403,0.7553
5.0,eb154,5.6,0.315,4,0.0904,0.6928
5.0,eb154,5.6,0.315,5,0.0799,0.6362
5.0,eb154,5.6,0.315,6,0.0638,0.5741
5.0,eb154,5.6,0.315,7,0.0491,0.5077
5.0,eb154,5.6,0.315,8,0.0401,0.4374
5.0,eb154,5.6,0.315,9,0.0288,0.3622
5.0,eb154,5.6,0.315,10,0.0231,0.2869
5.0,eb154,5.6,0.315,11,0.017,0.2118
5.0,eb154,5.6,0.315,12,0.0134,0.1526
5.0,eb154,5.6,0.315,13,0.0095,0.1078
5.0,eb154,5.6,0.315,14,0.0079,0.0725
5.0,eb154,5.6,0.315,15,0.0054,0.0455
5.0,eb154,5.6,0.315,16,0.0043,0.0223
5.0,eb154,5.6,0.315,17,0.0013,0.0078
5.0,eb154,5.6,0.32,0,0.0632,0.9795
5.0,eb154,5.6,0.32,1,0.2209,0.895
5.0,eb154,5.6,0.32,2,0.175,0.808
5.0,eb154,5.6,0.32,3,0.1335,0.7353
5.0,eb154,5.6,0.32,4,0.0859,0.6727
5.0,eb154,5.6,0.32,5,0.0743,0.6175
5.0,eb154,5.6,0.32,6,0.0591,0.556
5.0,eb154,5.6,0.32,7,0.0465,0.49
5.0,eb154,5.6,0.32,8,0.037,0.4211
5.0,eb154,5.6,0.32,9,0.0269,0.3469
5.0,eb154,5.6,0.32,10,0.0221,0.2735
5.0,eb154,5.6,0.32,11,0.0164,0.1996
5.0,eb154,5.6,0.32,12,0.0125,0.144
5.0,eb154,5.6,0.32,13,0.0087,0.1026
5.0,eb154,5.6,0.32,14,0.0077,0.0694
5.0,eb154,5.6,0.32,15,0.0052,0.0425
5.0,eb154,5.6,0.32,16,0.0041,0.0207
5.0,eb154,5.6,0.32,17,0.0011,0.0074
5.0,eb154,6.0,0.3,0,0.0199,1.0201
5.0,eb154,6.0,0.3,1,0.192,0.9331
5.0,eb154,6.0,0.3,2,0.1945,0.8432
5.0,eb154,6.0,0.3,3,0.153,0.7637
5.0,eb154,6.0,0.3,4,0.0975,0.6952
5.0,eb154,6.0,0.3,5,0.0852,0.633
5.0,eb154,6.0,0.3,6,0.0656,0.5656
5.0,eb154,6.0,0.3,7,0.0502,0.494
5.0,eb154,6.0,0.3,8,0.039,0.4199
5.0,eb154,6.0,0.3,9,0.029,0.3394
5.0,eb154,6.0,0.3,10,0.0218,0.261
5.0,eb154,6.0,0.3,11,0.0162,0.187
5.0,eb154,6.0,0.3,12,0.012,0.1329
5.0,eb154,6.0,0.3,13,0.0085,0.0921
5.0,eb154,6.0,0.3,14,0.007,0.0615
5.0,eb154,6.0,0.3,15,0.0052,0.0348
5.0,eb154,6.0,0.3,16,0.0033,0.0147
5.0,eb154,6.0,0.305,0,0.0361,1.0005
5.0,eb154,6.0,0.305,1,0.2174,0.9136
5.0,eb154,6.0,0.305,2,0.1905,0.8209
5.0,eb154,6.0,0.305,3,0.1449,0.7415
5.0,eb154,6.0,0.305,4,0.0925,0.6729
5.0,eb154,6.0,0.305,5,0.078,0.6125
5.0,eb154,6.0,0.305,6,0.0608,0.546
5.0,eb154,6.0,0.305,7,0.0471,0.475
5.0,eb154,6.0,0.305,8,0.0358,0.4018
5.0,eb154,6.0,0.305,9,0.0271,0.3235
5.0,eb154,6.0,0.305,10,0.0207,0.2458
5.0,eb154,6.0,0.305,11,0.0149,0.1763
5.0,eb154,6.0,0.305,12,0.0115,0.1263
5.0,eb154,6.0,0.305,13,0.0081,0.0871
5.0,eb154,6.0,0.305,14,0.0066,0.0586
5.0,eb154,6.0,0.305,15,0.0051,0.0325
5.0,eb154,6.0,0.305,16,0.0031,0.0133
5.0,eb154,6.4,0.29,0,0.013,1.0323
5.0,eb154,6.4,0.29,1,0.1881,0.9399
5.0,eb154,6.4,0.29,2,0.2073,0.8457
5.0,eb154,6.4,0.29,3,0.1613,0.7596
5.0,eb154,6.4,0.29,4,0.1012,0.6852
5.0,eb154,6.4,0.29,5,0.0861,0.6188
5.0,eb154,6.4,0.29,6,0.0644,0.5466
5.0,eb154,6.4,0.29,7,0.0494,0.4705
5.0,eb154,6.4,0.29,8,0.0364,0.3922
5.0,eb154,6.4,0.29,9,0.0282,0.3083
5.0,eb154,6.4,0.29,10,0.0192,0.2268
5.0,eb154,6.4,0.29,11,0.0146,0.1609
5.0,eb154,6.4,0.29,12,0.0106,0.1135
5.0,eb154,6.4,0.29,13,0.0082,0.0753
5.0,eb154,6.4,0.29,14,0.0058,0.0478
5.0,eb154,6.4,0.29,15,0.0043,0.0244
5.0,eb154,6.4,0.29,16,0.0018,0.0091
5.25,eb0482,4.0,0.415,0,0.1587,0.9037
5.25,eb0482,4.0,0.415,1,0.1602,0.8072
5.25,eb0482,4.0,0.415,2,0.1146,0.7415
5.25,eb0482,4.0,0.415,3,0.092,0.6887
5.25,eb0482,4.0,0.415,4,0.0656,0.6445
5.25,eb0482,4.0,0.415,5,0.0574,0.6039
5.25,eb0482,4.0,0.415,6,0.0552,0.5596
5.25,eb0482,4.0,0.415,7,0.0475,0.5112
5.25,eb0482,4.0,0.415,8,0.0418,0.4577
5.25,eb0482,4.0,0.415,9,0.0338,0.4004
5.25,eb0482,4.0,0.415,10,0.0292,0.3418
5.25,eb0482,4.0,0.415,11,0.0256,0.2793
5.25,eb0482,4.0,0.415,12,0.0188,0.2219
5.25,eb0482,4.0,0.415,13,0.0175,0.1818
5.25,eb0482,4.0,0.415,14,0.0156,0.1494
5.25,eb0482,4.0,0.415,15,0.013,0.1228
5.25,eb0482,4.0,0.415,16,0.0121,0.1003
5.25,eb0482,4.0,0.415,17,0.0104,0.0816
5.25,eb0482,4.0,0.415,18,0.0099,0.063
5.25,eb0482,4.0,0.415,19,0.0084,0.0459
5.25,eb0482,4.0,0.415,20,0.0077,0.0286
5.25,eb0482,4.0,0.415,21,0.0052,0.013
5.25,eb0482,4.0,0.42,0,0.1759,0.8964
5.25,eb0482,4.0,0.42,1,0.1611,0.7958
5.25,eb0482,4.0,0.42,2,0.113,0.7299
5.25,eb0482,4.0,0.42,3,0.0903,0.6767
5.25,eb0482,4.0,0.42,4,0.0632,0.6326
5.25,eb0482,4.0,0.42,5,0.0549,0.5923
5.25,eb0482,4.0,0.42,6,0.0548,0.5488
5.25,eb0482,4.0,0.42,7,0.0449,0.5001
5.25,eb0482,4.0,0.42,8,0.0402,0.4475
5.25,eb0482,4.0,0.42,9,0.0329,0.3906
5.25,eb0482,4.0,0.42,10,0.0281,0.3325
5.25,eb0482,4.0,0.42,11,0.0242,0.272
5.25,eb0482,4.0,0.42,12,0.019,0.2163
5.25,eb0482,4.0,0.42,13,0.0167,0.178
5.25,eb0482,4.0,0.42,14,0.015,0.1469
5.25,eb0482,4.0,0.42,15,0.013,0.1214
5.25,eb0482,4.0,0.42,16,0.0117,0.0991
5.25,eb0482,4.0,0.42,17,0.0104,0.0809
5.25,eb0482,4.0,0.42,18,0.0098,0.0623
5.25,eb0482,4.0,0.42,19,0.0084,0.0453
5.25,eb0482,4.0,0.42,20,0.0075,0.0282
5.25,eb0482,4.0,0.42,21,0.0051,0.0129
5.25,eb0482,4.4,0.38,0,0.1193,0.9224
5.25,eb0482,4.4,0.38,1,0.1737,0.8288
5.25,eb0482,4.4,0.38,2,0.1282,0.7541
5.25,eb0482,4.4,0.38,3,0.1023,0.6941
5.25,eb0482,4.4,0.38,4,0.072,0.6434
5.25,eb0482,4.4,0.38,5,0.0618,0.597
5.25,eb0482,4.4,0.38,6,0.0589,0.5476
5.25,eb0482,4.4,0.38,7,0.0484,0.4931
5.25,eb0482,4.4,0.38,8,0.0415,0.4351
5.25,eb0482,4.4,0.38,9,0.0345,0.3724
5.25,eb0482,4.4,0.38,10,0.0287,0.3085
5.25,eb0482,4.4,0.38,11,0.022,0.2464
5.25,eb0482,4.4,0.38,12,0.0193,0.1961
5.25,eb0482,4.4,0.38,13,0.0171,0.1596
5.25,eb0482,4.4,0.38,14,0.0136,0.1303
5.25,eb0482,4.4,0.38,15,0.0124,0.1078
5.25,eb0482,4.4,0.38,16,0.0108,0.0882
5.25,eb0482,4.4,0.38,17,0.0092,0.0708
5.25,eb0482,4.4,0.38,18,0.0089,0.055
5.25,eb0482,4.4,0.38,19,0.0077,0.0382
5.25,eb0482,4.4,0.38,20,0.0066,0.0226
5.25,eb0482,4.4,0.38,21,0.0032,0.0105
5.25,eb0482,4.4,0.385,0,0.1402,0.9121
5.25,eb0482,4.4,0.385,1,0.1751,0.8145
5.25,eb0482,4.4,0.385,2,0.1254,0.7402
5.25,eb0482,4.4,0.385,3,0.1003,0.68
5.25,eb0482,4.4,0.385,4,0.0691,0.6293
5.25,eb0482,4.4,0.385,5,0.06,0.5826
5.25,eb0482,4.4,0.385,6,0.0556,0.5348
5.25,eb0482,4.4,0.385,7,0.0465,0.4809
5.25,eb0482,4.4,0.385,8,0.0399,0.4236
5.25,eb0482,4.4,0.385,9,0.0331,0.3615
5.25,eb0482,4.4,0.385,10,0.0277,0.298
5.25,eb0482,4.4,0.385,11,0.0215,0.2374
5.25,eb0482,4.4,0.385,12,0.0179,0.1909
5.25,eb0482,4.4,0.385,13,0.0167,0.1567
5.25,eb0482,4.4,0.385,14,0.0134,0.1281
5.25,eb0482,4.4,0.385,15,0.012,0.106
5.25,eb0482,4.4,0.385,16,0.0107,0.0872
5.25,eb0482,4.4,0.385,17,0.009,0.0698
5.25,eb0482,4.4,0.385,18,0.0088,0.0541
5.25,eb0482,4.4,0.385,19,0.0075,0.0377
5.25,eb0482,4.4,0.385,20,0.0065,0.0223
5.25,eb0482,4.4,0.385,21,0.0031,0.0105
5.25,eb0482,4.4,0.39,0,0.1613,0.9026
5.25,eb0482,4.4,0.39,1,0.1755,0.8006
5.25,eb0482,4.4,0.39,2,0.1227,0.7266
5.25,eb0482,4.4,0.39,3,0.0969,0.6667
5.25,eb0482,4.4,0.39,4,0.066,0.6166
5.25,eb0482,4.4,0.39,5,0.06,0.5696
5.25,eb0482,4.4,0.39,6,0.0534,0.5214
5.25,eb0482,4.4,0.39,7,0.0443,0.4675
5.25,eb0482,4.4,0.39,8,0.0376,0.4114
5.25,eb0482,4.4,0.39,9,0.0317,0.3508
5.25,eb0482,4.4,0.39,10,0.0268,0.2877
5.25,eb0482,4.4,0.39,11,0.0203,0.2295
5.25,eb0482,4.4,0.39,12,0.0177,0.1855
5.25,eb0482,4.4,0.39,13,0.0156,0.1532
5.25,eb0482,4.4,0.39,14,0.0133,0.1263
5.25,eb0482,4.4,0.39,15,0.0117,0.1042
5.25,eb0482,4.4,0.39,16,0.0106,0.0861
5.25,eb0482,4.4,0.39,17,0.0088,0.0689
5.25,eb0482,4.4,0.39,18,0.0086,0.0536
5.25,eb0482,4.4,0.39,19,0.0074,0.0373
5.25,eb0482,4.4,0.39,20,0.0065,0.0221
5.25,eb0482,4.4,0.39,21,0.003,0.0104
5.25,eb0482,4.4,0.395,0,0.1812,0.8941
5.25,eb0482,4.4,0.395,1,0.1783,0.7869
5.25,eb0482,4.4,0.395,2,0.1183,0.7126
5.25,eb0482,4.4,0.395,3,0.0943,0.6534
5.25,eb0482,4.4,0.395,4,0.0623,0.6036
5.25,eb0482,4.4,0.395,5,0.059,0.5577
5.25,eb0482,4.4,0.395,6,0.0506,0.5094
5.25,eb0482,4.4,0.395,7,0.0434,0.4558
5.25,eb0482,4.4,0.395,8,0.0358,0.3994
5.25,eb0482,4.4,0.395,9,0.0301,0.3407
5.25,eb0482,4.4,0.395,10,0.0262,0.2787
5.25,eb0482,4.4,0.395,11,0.0192,0.2222
5.25,eb0482,4.4,0.395,12,0.0177,0.1809
5.25,eb0482,4.4,0.395,13,0.0149,0.1498
5.25,eb0482,4.4,0.395,14,0.013,0.1242
5.25,eb0482,4.4,0.395,15,0.0115,0.1026
5.25,eb0482,4.4,0.395,16,0.0104,0.0849
5.25,eb0482,4.4,0.395,17,0.0087,0.0679
5.25,eb0482,4.4,0.395,18,0.0084,0.0528
5.25,eb0482,4.4,0.395,19,0.0073,0.0369
5.25,eb0482,4.4,0.395,20,0.0064,0.0218
5.25,eb0482,4.4,0.395,21,0.003,0.0104
5.25,eb0482,4.4,0.4,0,0.2028,0.8853
5.25,eb0482,4.4,0.4,1,0.1772,0.7735
5.25,eb0482,4.4,0.4,2,0.1146,0.6994
5.25,eb0482,4.4,0.4,3,0.0917,0.6408
5.25,eb0482,4.4,0.4,4,0.06,0.591
5.25,eb0482,4.4,0.4,5,0.0571,0.5459
5.25,eb0482,4.4,0.4,6,0.0485,0.4975
5.25,eb0482,4.4,0.4,7,0.0421,0.4443
5.25,eb0482,4.4,0.4,8,0.0343,0.3877
5.25,eb0482,4.4,0.4,9,0.0289,0.3299
5.25,eb0482,4.4,0.4,10,0.0249,0.2696
5.25,eb0482,4.4,0.4,11,0.0188,0.2148
5.25,eb0482,4.4,0.4,12,0.0168,0.1768
5.25,eb0482,4.4,0.4,13,0.0149,0.1464
5.25,eb0482,4.4,0.4,14,0.0125,0.1216
5.25,eb0482,4.4,0.4,15,0.0112,0.1013
5.25,eb0482,4.4,0.4,16,0.0102,0.0837
5.25,eb0482,4.4,0.4,17,0.0087,0.067
5.25,eb0482,4.4,0.4,18,0.0081,0.0522
5.25,eb0482,4.4,0.4,19,0.0072,0.0366
5.25,eb0482,4.4,0.4,20,0.0064,0.0216
5.25,eb0482,4.4,0.4,21,0.0029,0.0102
5.25,eb0482,4.4,0.405,0,0.2248,0.8767
5.25,eb0482,4.4,0.405,1,0.1758,0.7599
5.25,eb0482,4.4,0.405,2,0.1118,0.6856
5.25,eb0482,4.4,0.405,3,0.0879,0.6278
5.25,eb0482,4.4,0.405,4,0.0575,0.578
5.25,eb0482,4.4,0.405,5,0.0559,0.5342
5.25,eb0482,4.4,0.405,6,0.0463,0.4853
5.25,eb0482,4.4,0.405,7,0.04,0.4333
5.25,eb0482,4.4,0.405,8,0.0331,0.3772
5.25,eb0482,4.4,0.405,9,0.028,0.3203
5.25,eb0482,4.4,0.405,10,0.0238,0.2611
5.25,eb0482,4.4,0.405,11,0.0184,0.2085
5.25,eb0482,4.4,0.405,12,0.0162,0.1728
5.25,eb0482,4.4,0.405,13,0.0144,0.1437
5.25,eb0482,4.4,0.405,14,0.0124,0.1198
5.25,eb0482,4.4,0.405,15,0.011,0.0995
5.25,eb0482,4.4,0.405,16,0.01,0.0826
5.25,eb0482,4.4,0.405,17,0.0087,0.066
5.25,eb0482,4.4,0.405,18,0.0078,0.0515
5.25,eb0482,4.4,0.405,19,0.0072,0.0362
5.25,eb0482,4.4,0.405,20,0.0063,0.0213
5.25,eb0482,4.4,0.405,21,0.0029,0.0101
5.25,eb0482,4.4,0.41,0,0.2461,0.8688
5.25,eb0482,4.4,0.41,1,0.1729,0.7472
5.25,eb0482,4.4,0.41,2,0.1093,0.6731
5.25,eb0482,4.4,0.41,3,0.0849,0.6156
5.25,eb0482,4.4,0.41,4,0.0567,0.5653
5.25,eb0482,4.4,0.41,5,0.0526,0.5227
5.25,eb0482,4.4,0.41,6,0.0443,0.4745
5.25,eb0482,4.4,0.41,7,0.0385,0.4232
5.25,eb0482,4.4,0.41,8,0.0321,0.3676
5.25,eb0482,4.4,0.41,9,0.0272,0.3108
5.25,eb0482,4.4,0.41,10,0.0224,0.2535
5.25,eb0482,4.4,0.41,11,0.0181,0.2033
5.25,eb0482,4.4,0.41,12,0.0161,0.1687
5.25,eb0482,4.4,0.41,13,0.014,0.1406
5.25,eb0482,4.4,0.41,14,0.012,0.1177
5.25,eb0482,4.4,0.41,15,0.011,0.0977
5.25,eb0482,4.4,0.41,16,0.0096,0.0814
5.25,eb0482,4.4,0.41,17,0.0086,0.0651
5.25,eb0482,4.4,0.41,18,0.0076,0.0508
5.25,eb0482,4.4,0.41,19,0.0073,0.0357
5.25,eb0482,4.4,0.41,20,0.006,0.0209
5.25,eb0482,4.4,0.41,21,0.0028,0.0101
5.25,eb0482,4.4,0.415,0,0.2665,0.8614
5.25,eb0482,4.4,0.415,1,0.1712,0.7347
5.25,eb0482,4.4,0.415,2,0.1068,0.6603
5.25,eb0482,4.4,0.415,3,0.0808,0.6033
5.25,eb0482,4.4,0.415,4,0.0564,0.553
5.25,eb0482,4.4,0.415,5,0.0501,0.5104
5.25,eb0482,4.4,0.415,6,0.0421,0.463
5.25,eb0482,4.4,0.415,7,0.037,0.4126
5.25,eb0482,4.4,0.415,8,0.0312,0.3568
5.25,eb0482,4.4,0.415,9,0.0261,0.3006
5.25,eb0482,4.4,0.415,10,0.0206,0.2457
5.25,eb0482,4.4,0.415,11,0.018,0.1987
5.25,eb0482,4.4,0.415,12,0.016,0.1647
5.25,eb0482,4.4,0.415,13,0.0132,0.1377
5.25,eb0482,4.4,0.415,14,0.0117,0.116
5.25,eb0482,4.4,0.415,15,0.0109,0.0964
5.25,eb0482,4.4,0.415,16,0.0094,0.0804
5.25,eb0482,4.4,0.415,17,0.0085,0.0644
5.25,eb0482,4.4,0.415,18,0.0075,0.0502
5.25,eb0482,4.4,0.415,19,0.0072,0.0353
5.25,eb0482,4.4,0.415,20,0.006,0.0207
5.25,eb0482,4.4,0.415,21,0.0028,0.01
5.25,eb0482,4.4,0.42,0,0.2872,0.8539
5.25,eb0482,4.4,0.42,1,0.168,0.7224
5.25,eb0482,4.4,0.42,2,0.1034,0.6483
5.25,eb0482,4.4,0.42,3,0.0779,0.5917
5.25,eb0482,4.4,0.42,4,0.0551,0.5423
5.25,eb0482,4.4,0.42,5,0.0486,0.4994
5.25,eb0482,4.4,0.42,6,0.0409,0.4513
5.25,eb0482,4.4,0.42,7,0.0349,0.4019
5.25,eb0482,4.4,0.42,8,0.0301,0.3473
5.25,eb0482,4.4,0.42,9,0.0252,0.2917
5.25,eb0482,4.4,0.42,10,0.0198,0.2384
5.25,eb0482,4.4,0.42,11,0.0177,0.1941
5.25,eb0482,4.4,0.42,12,0.0159,0.1609
5.25,eb0482,4.4,0.42,13,0.0125,0.1348
5.25,eb0482,4.4,0.42,14,0.0116,0.1139
5.25,eb0482,4.4,0.42,15,0.0104,0.0953
5.25,eb0482,4.4,0.42,16,0.0094,0.0797
5.25,eb0482,4.4,0.42,17,0.0084,0.0639
5.25,eb0482,4.4,0.42,18,0.0074,0.0497
5.25,eb0482,4.4,0.42,19,0.007,0.0351
5.25,eb0482,4.4,0.42,20,0.006,0.0206
5.25,eb0482,4.4,0.42,21,0.0027,0.01
5.25,eb0482,4.8,0.35,0,0.0727,0.9495
5.25,eb0482,4.8,0.35,1,0.1776,0.8599
5.25,eb0482,4.8,0.35,2,0.1428,0.7772
5.25,eb0482,4.8,0.35,3,0.1159,0.71
5.25,eb0482,4.8,0.35,4,0.0797,0.6523
5.25,eb0482,4.8,0.35,5,0.0686,0.6006
5.25,eb0482,4.8,0.35,6,0.0632,0.5451
5.25,eb0482,4.8,0.35,7,0.0515,0.4846
5.25,eb0482,4.8,0.35,8,0.043,0.421
5.25,eb0482,4.8,0.35,9,0.035,0.3532
5.25,eb0482,4.8,0.35,10,0.029,0.2837
5.25,eb0482,4.8,0.35,11,0.0208,0.2215
5.25,eb0482,4.8,0.35,12,0.0188,0.1776
5.25,eb0482,4.8,0.35,13,0.0155,0.1444
5.25,eb0482,4.8,0.35,14,0.0132,0.1187
5.25,eb0482,4.8,0.35,15,0.0118,0.0968
5.25,eb0482,4.8,0.35,16,0.0101,0.0792
5.25,eb0482,4.8,0.35,17,0.009,0.0621
5.25,eb0482,4.8,0.35,18,0.0075,0.0471
5.25,eb0482,4.8,0.35,19,0.0068,0.0324
5.25,eb0482,4.8,0.35,20,0.0056,0.0183
5.25,eb0482,4.8,0.35,21,0.0019,0.0089
5.25,eb0482,4.8,0.355,0,0.0925,0.9371
5.25,eb0482,4.8,0.355,1,0.1847,0.8434
5.25,eb0482,4.8,0.355,2,0.1406,0.7603
5.25,eb0482,4.8,0.355,3,0.1113,0.6932
5.25,eb0482,4.8,0.355,4,0.0773,0.6361
5.25,eb0482,4.8,0.355,5,0.0658,0.5834
5.25,eb0482,4.8,0.355,6,0.0601,0.5295
5.25,eb0482,4.8,0.355,7,0.0489,0.4692
5.25,eb0482,4.8,0.355,8,0.0402,0.4068
5.25,eb0482,4.8,0.355,9,0.0331,0.341
5.25,eb0482,4.8,0.355,10,0.0277,0.2733
5.25,eb0482,4.8,0.355,11,0.0205,0.2127
5.25,eb0482,4.8,0.355,12,0.0175,0.1723
5.25,eb0482,4.8,0.355,13,0.0155,0.1408
5.25,eb0482,4.8,0.355,14,0.0126,0.1158
5.25,eb0482,4.8,0.355,15,0.0115,0.0952
5.25,eb0482,4.8,0.355,16,0.0097,0.0777
5.25,eb0482,4.8,0.355,17,0.009,0.0613
5.25,eb0482,4.8,0.355,18,0.0073,0.0464
5.25,eb0482,4.8,0.355,19,0.0067,0.0321
5.25,eb0482,4.8,0.355,20,0.0056,0.018
5.25,eb0482,4.8,0.355,21,0.0019,0.0088
5.25,eb0482,4.8,0.36,0,0.1143,0.925
5.25,eb0482,4.8,0.36,1,0.1889,0.8272
5.25,eb0482,4.8,0.36,2,0.1375,0.7442
5.25,eb0482,4.8,0.36,3,0.1084,0.6769
5.25,eb0482,4.8,0.36,4,0.0724,0.6203
5.25,eb0482,4.8,0.36,5,0.0646,0.5682
5.25,eb0482,4.8,0.36,6,0.0568,0.5146
5.25,eb0482,4.8,0.36,7,0.0468,0.4548
5.25,eb0482,4.8,0.36,8,0.0385,0.3922
5.25,eb0482,4.8,0.36,9,0.0311,0.3277
5.25,eb0482,4.8,0.36,10,0.0259,0.2628
5.25,eb0482,4.8,0.36,11,0.0197,0.2058
5.25,eb0482,4.8,0.36,12,0.0177,0.1671
5.25,eb0482,4.8,0.36,13,0.0144,0.1371
5.25,eb0482,4.8,0.36,14,0.0125,0.1132
5.25,eb0482,4.8,0.36,15,0.0113,0.0933
5.25,eb0482,4.8,0.36,16,0.0092,0.0761
5.25,eb0482,4.8,0.36,17,0.0089,0.0606
5.25,eb0482,4.8,0.36,18,0.0073,0.0458
5.25,eb0482,4.8,0.36,19,0.0065,0.0316
5.25,eb0482,4.8,0.36,20,0.0056,0.0179
5.25,eb0482,4.8,0.36,21,0.0018,0.0087
5.25,eb0482,4.8,0.365,0,0.1383,0.9131
5.25,eb0482,4.8,0.365,1,0.1904,0.8108
5.25,eb0482,4.8,0.365,2,0.134,0.7282
5.25,eb0482,4.8,0.365,3,0.1043,0.6613
5.25,eb0482,4.8,0.365,4,0.0686,0.6053
5.25,eb0482,4.8,0.365,5,0.0634,0.5541
5.25,eb0482,4.8,0.365,6,0.0535,0.5
5.25,eb0482,4.8,0.365,7,0.0451,0.441
5.25,eb0482,4.8,0.365,8,0.0359,0.3789
5.25,eb0482,4.8,0.365,9,0.0303,0.316
5.25,eb0482,4.8,0.365,10,0.024,0.2531
5.25,eb0482,4.8,0.365,11,0.0194,0.1997
5.25,eb0482,4.8,0.365,12,0.0175,0.1625
5.25,eb0482,4.8,0.365,13,0.0134,0.1338
5.25,eb0482,4.8,0.365,14,0.013,0.1107
5.25,eb0482,4.8,0.365,15,0.0104,0.0915
5.25,eb0482,4.8,0.365,16,0.0091,0.0749
5.25,eb0482,4.8,0.365,17,0.0087,0.0597
5.25,eb0482,4.8,0.365,18,0.0071,0.0452
5.25,eb0482,4.8,0.365,19,0.0064,0.0313
5.25,eb0482,4.8,0.365,20,0.0056,0.0177
5.25,eb0482,4.8,0.365,21,0.0017,0.0084
5.25,eb0482,4.8,0.37,0,0.1621,0.9023
5.25,eb0482,4.8,0.37,1,0.1919,0.7949
5.25,eb0482,4.8,0.37,2,0.1295,0.7124
5.25,eb0482,4.8,0.37,3,0.1006,0.6461
5.25,eb0482,4.8,0.37,4,0.0659,0.5902
5.25,eb0482,4.8,0.37,5,0.0615,0.5396
5.25,eb0482,4.8,0.37,6,0.0503,0.4856
5.25,eb0482,4.8,0.37,7,0.0425,0.4283
5.25,eb0482,4.8,0.37,8,0.0348,0.367
5.25,eb0482,4.8,0.37,9,0.0293,0.3044
5.25,eb0482,4.8,0.37,10,0.0221,0.2437
5.25,eb0482,4.8,0.37,11,0.0191,0.1942
5.25,eb0482,4.8,0.37,12,0.0169,0.1585
5.25,eb0482,4.8,0.37,13,0.0129,0.1308
5.25,eb0482,4.8,0.37,14,0.0126,0.109
5.25,eb0482,4.8,0.37,15,0.0105,0.0898
5.25,eb0482,4.8,0.37,16,0.0088,0.0734
5.25,eb0482,4.8,0.37,17,0.0084,0.0589
5.25,eb0482,4.8,0.37,18,0.007,0.0448
5.25,eb0482,4.8,0.37,19,0.0063,0.0307
5.25,eb0482,4.8,0.37,20,0.0055,0.0173
5.25,eb0482,4.8,0.37,21,0.0016,0.0084
5.25,eb0482,4.8,0.375,0,0.1854,0.8923
5.25,eb0482,4.8,0.375,1,0.1934,0.7794
5.25,eb0482,4.8,0.375,2,0.1253,0.6964
5.25,eb0482,4.8,0.375,3,0.0967,0.6309
5.25,eb0482,4.8,0.375,4,0.0629,0.5748
5.25,eb0482,4.8,0.375,5,0.0582,0.5265
5.25,eb0482,4.8,0.375,6,0.0483,0.4725
5.25,eb0482,4.8,0.375,7,0.0407,0.4157
5.25,eb0482,4.8,0.375,8,0.0336,0.3546
5.25,eb0482,4.8,0.375,9,0.0277,0.2926
5.25,eb0482,4.8,0.375,10,0.0214,0.2337
5.25,eb0482,4.8,0.375,11,0.0178,0.1883
5.25,eb0482,4.8,0.375,12,0.0165,0.1552
5.25,eb0482,4.8,0.375,13,0.013,0.1276
5.25,eb0482,4.8,0.375,14,0.0118,0.1065
5.25,eb0482,4.8,0.375,15,0.0102,0.0885
5.25,eb0482,4.8,0.375,16,0.0085,0.0729
5.25,eb0482,4.8,0.375,17,0.0084,0.0582
5.25,eb0482,4.8,0.375,18,0.0071,0.0441
5.25,eb0482,4.8,0.375,19,0.0061,0.0302
5.25,eb0482,4.8,0.375,20,0.0054,0.0172
5.25,eb0482,4.8,0.375,21,0.0016,0.0083
5.25,eb0482,4.8,0.38,0,0.2107,0.8822
5.25,eb0482,4.8,0.38,1,0.1916,0.7639
5.25,eb0482,4.8,0.38,2,0.1209,0.681
5.25,eb0482,4.8,0.38,3,0.0926,0.6166
5.25,eb0482,4.8,0.38,4,0.0619,0.5599
5.25,eb0482,4.8,0.38,5,0.0552,0.512
5.25,eb0482,4.8,0.38,6,0.0459,0.4584
5.25,eb0482,4.8,0.38,7,0.0383,0.4028
5.25,eb0482,4.8,0.38,8,0.0321,0.3431
5.25,eb0482,4.8,0.38,9,0.0269,0.2814
5.25,eb0482,4.8,0.38,10,0.0202,0.2248
5.25,eb0482,4.8,0.38,11,0.0176,0.1821
5.25,eb0482,4.8,0.38,12,0.0153,0.1512
5.25,eb0482,4.8,0.38,13,0.0129,0.1252
5.25,eb0482,4.8,0.38,14,0.0115,0.1047
5.25,eb0482,4.8,0.38,15,0.0099,0.0873
5.25,eb0482,4.8,0.38,16,0.0083,0.072
5.25,eb0482,4.8,0.38,17,0.0083,0.0575
5.25,eb0482,4.8,0.38,18,0.007,0.0436
5.25,eb0482,4.8,0.38,19,0.006,0.0299
5.25,eb0482,4.8,0.38,20,0.0054,0.017
5.25,eb0482,4.8,0.38,21,0.0016,0.0084
5.25,eb0482,4.8,0.385,0,0.2353,0.8728
5.25,eb0482,4.8,0.385,1,0.1882,0.7493
5.25,eb0482,4.8,0.385,2,0.1184,0.6664
5.25,eb0482,4.8,0.385,3,0.0879,0.6022
5.25,eb0482,4.8,0.385,4,0.06,0.5466
5.25,eb0482,4.8,0.385,5,0.0529,0.4988
5.25,eb0482,4.8,0.385,6,0.0443,0.4451
5.25,eb0482,4.8,0.385,7,0.0361,0.3896
5.25,eb0482,4.8,0.385,8,0.0303,0.332
5.25,eb0482,4.8,0.385,9,0.0261,0.2715
5.25,eb0482,4.8,0.385,10,0.0189,0.2167
5.25,eb0482,4.8,0.385,11,0.0175,0.1772
5.25,eb0482,4.8,0.385,12,0.0145,0.1477
5.25,eb0482,4.8,0.385,13,0.0127,0.123
5.25,eb0482,4.8,0.385,14,0.0111,0.1027
5.25,eb0482,4.8,0.385,15,0.0099,0.0861
5.25,eb0482,4.8,0.385,16,0.0083,0.0705
5.25,eb0482,4.8,0.385,17,0.0079,0.0567
5.25,eb0482,4.8,0.385,18,0.0069,0.043
5.25,eb0482,4.8,0.385,19,0.0058,0.0295
5.25,eb0482,4.8,0.385,20,0.0054,0.0169
5.25,eb0482,4.8,0.385,21,0.0015,0.0082
5.25,eb0482,5.2,0.33,0,0.0484,0.9684
5.25,eb0482,5.2,0.33,1,0.1816,0.8766
5.25,eb0482,5.2,0.33,2,0.1552,0.7865
5.25,eb0482,5.2,0.33,3,0.1262,0.712
5.25,eb0482,5.2,0.33,4,0.0853,0.6479
5.25,eb0482,5.2,0.33,5,0.0729,0.5899
5.25,eb0482,5.2,0.33,6,0.0654,0.5292
5.25,eb0482,5.2,0.33,7,0.0521,0.4626
5.25,eb0482,5.2,0.33,8,0.0417,0.3942
5.25,eb0482,5.2,0.33,9,0.0336,0.3235
5.25,eb0482,5.2,0.33,10,0.026,0.2544
5.25,eb0482,5.2,0.33,11,0.0208,0.1969
5.25,eb0482,5.2,0.33,12,0.0181,0.1579
5.25,eb0482,5.2,0.33,13,0.014,0.1279
5.25,eb0482,5.2,0.33,14,0.0125,0.1053
5.25,eb0482,5.2,0.33,15,0.0106,0.0864
5.25,eb0482,5.2,0.33,16,0.0087,0.0699
5.25,eb0482,5.2,0.33,17,0.0082,0.0555
5.25,eb0482,5.2,0.33,18,0.0071,0.0409
5.25,eb0482,5.2,0.33,19,0.0058,0.0274
5.25,eb0482,5.2,0.33,20,0.0049,0.0148
5.25,eb0482,5.2,0.33,21,0.0009,0.0076
5.25,eb0482,5.2,0.335,0,0.0685,0.9523
5.25,eb0482,5.2,0.335,1,0.1917,0.8581
5.25,eb0482,5.2,0.335,2,0.1531,0.7673
5.25,eb0482,5.2,0.335,3,0.1211,0.6928
5.25,eb0482,5.2,0.335,4,0.0811,0.6297
5.25,eb0482,5.2,0.335,5,0.0702,0.5716
5.25,eb0482,5.2,0.335,6,0.0607,0.5125
5.25,eb0482,5.2,0.335,7,0.0499,0.4469
5.25,eb0482,5.2,0.335,8,0.0392,0.3784
5.25,eb0482,5.2,0.335,9,0.0319,0.3094
5.25,eb0482,5.2,0.335,10,0.024,0.2434
5.25,eb0482,5.2,0.335,11,0.02,0.1906
5.25,eb0482,5.2,0.335,12,0.0175,0.154
5.25,eb0482,5.2,0.335,13,0.0137,0.125
5.25,eb0482,5.2,0.335,14,0.0122,0.103
5.25,eb0482,5.2,0.335,15,0.0104,0.0848
5.25,eb0482,5.2,0.335,16,0.0085,0.0684
5.25,eb0482,5.2,0.335,17,0.0079,0.0544
5.25,eb0482,5.2,0.335,18,0.0069,0.0403
5.25,eb0482,5.2,0.335,19,0.0057,0.0269
5.25,eb0482,5.2,0.335,20,0.0048,0.0146
5.25,eb0482,5.2,0.335,21,0.0009,0.0076
5.25,eb0482,5.2,0.34,0,0.0902,0.9385
5.25,eb0482,5.2,0.34,1,0.2,0.8399
5.25,eb0482,5.2,0.34,2,0.1498,0.7486
5.25,eb0482,5.2,0.34,3,0.1161,0.6743
5.25,eb0482,5.2,0.34,4,0.0761,0.6119
5.25,eb0482,5.2,0.34,5,0.0687,0.5548
5.25,eb0482,5.2,0.34,6,0.0567,0.4954
5.25,eb0482,5.2,0.34,7,0.0465,0.4314
5.25,eb0482,5.2,0.34,8,0.0376,0.364
5.25,eb0482,5.2,0.34,9,0.0303,0.296
5.25,eb0482,5.2,0.34,10,0.0231,0.2315
5.25,eb0482,5.2,0.34,11,0.019,0.1831
5.25,eb0482,5.2,0.34,12,0.0162,0.1494
5.25,eb0482,5.2,0.34,13,0.0135,0.1224
5.25,eb0482,5.2,0.34,14,0.0117,0.1007
5.25,eb0482,5.2,0.34,15,0.0104,0.0834
5.25,eb0482,5.2,0.34,16,0.0082,0.0672
5.25,eb0482,5.2,0.34,17,0.0079,0.0535
5.25,eb0482,5.2,0.34,18,0.0066,0.0397
5.25,eb0482,5.2,0.34,19,0.0058,0.0267
5.25,eb0482,5.2,0.34,20,0.0046,0.0142
5.25,eb0482,5.2,0.34,21,0.0009,0.0074
5.25,eb0482,5.2,0.345,0,0.1146,0.9248
5.25,eb0482,5.2,0.345,1,0.2051,0.8218
5.25,eb0482,5.2,0.345,2,0.1452,0.7304
5.25,eb0482,5.2,0.345,3,0.1117,0.6565
5.25,eb0482,5.2,0.345,4,0.072,0.5944
5.25,eb0482,5.2,0.345,5,0.0659,0.5386
5.25,eb0482,5.2,0.345,6,0.053,0.4794
5.25,eb0482,5.2,0.345,7,0.0444,0.4168
5.25,eb0482,5.2,0.345,8,0.0358,0.35
5.25,eb0482,5.2,0.345,9,0.0291,0.2825
5.25,eb0482,5.2,0.345,10,0.0212,0.2215
5.25,eb0482,5.2,0.345,11,0.0188,0.177
5.25,eb0482,5.2,0.345,12,0.0157,0.1447
5.25,eb0482,5.2,0.345,13,0.0129,0.119
5.25,eb0482,5.2,0.345,14,0.0113,0.0987
5.25,eb0482,5.2,0.345,15,0.01,0.0818
5.25,eb0482,5.2,0.345,16,0.0081,0.0661
5.25,eb0482,5.2,0.345,17,0.0078,0.0527
5.25,eb0482,5.2,0.345,18,0.0064,0.0387
5.25,eb0482,5.2,0.345,19,0.0056,0.0262
5.25,eb0482,5.2,0.345,20,0.0045,0.014
5.25,eb0482,5.2,0.345,21,0.0009,0.0074
5.25,eb0482,5.2,0.35,0,0.1414,0.9116
5.25,eb0482,5.2,0.35,1,0.2077,0.8033
5.25,eb0482,5.2,0.35,2,0.1397,0.7121
5.25,eb0482,5.2,0.35,3,0.1073,0.639
5.25,eb0482,5.2,0.35,4,0.0687,0.5766
5.25,eb0482,5.2,0.35,5,0.0625,0.5225
5.25,eb0482,5.2,0.35,6,0.0505,0.4631
5.25,eb0482,5.2,0.35,7,0.0409,0.402
5.25,eb0482,5.2,0.35,8,0.0341,0.3373
5.25,eb0482,5.2,0.35,9,0.0281,0.2706
5.25,eb0482,5.2,0.35,10,0.0203,0.2114
5.25,eb0482,5.2,0.35,11,0.0176,0.1716
5.25,eb0482,5.2,0.35,12,0.015,0.1409
5.25,eb0482,5.2,0.35,13,0.0129,0.1166
5.25,eb0482,5.2,0.35,14,0.0111,0.0962
5.25,eb0482,5.2,0.35,15,0.0095,0.08
5.25,eb0482,5.2,0.35,16,0.0081,0.0649
5.25,eb0482,5.2,0.35,17,0.0075,0.0517
5.25,eb0482,5.2,0.35,18,0.0063,0.0381
5.25,eb0482,5.2,0.35,19,0.0055,0.026
5.25,eb0482,5.2,0.35,20,0.0046,0.0137
5.25,eb0482,5.2,0.35,21,0.0007,0.0076
5.25,eb0482,5.2,0.355,0,0.1684,0.8995
5.25,eb0482,5.2,0.355,1,0.2088,0.7855
5.25,eb0482,5.2,0.355,2,0.1351,0.694
5.25,eb0482,5.2,0.355,3,0.1017,0.6219
5.25,eb0482,5.2,0.355,4,0.067,0.5593
5.25,eb0482,5.2,0.355,5,0.0583,0.5062
5.25,eb0482,5.2,0.355,6,0.0482,0.4474
5.25,eb0482,5.2,0.355,7,0.0387,0.3863
5.25,eb0482,5.2,0.355,8,0.0321,0.3232
5.25,eb0482,5.2,0.355,9,0.0259,0.2593
5.25,eb0482,5.2,0.355,10,0.0198,0.2034
5.25,eb0482,5.2,0.355,11,0.0171,0.1659
5.25,eb0482,5.2,0.355,12,0.0145,0.1369
5.25,eb0482,5.2,0.355,13,0.012,0.114
5.25,eb0482,5.2,0.355,14,0.011,0.0945
5.25,eb0482,5.2,0.355,15,0.0092,0.079
5.25,eb0482,5.2,0.355,16,0.0081,0.0637
5.25,eb0482,5.2,0.355,17,0.0072,0.0507
5.25,eb0482,5.2,0.355,18,0.0062,0.0376
5.25,eb0482,5.2,0.355,19,0.0053,0.0255
5.25,eb0482,5.2,0.355,20,0.0045,0.0136
5.25,eb0482,5.2,0.355,21,0.0007,0.0072
5.25,eb0482,5.2,0.36,0,0.1957,0.8881
5.25,eb0482,5.2,0.36,1,0.2083,0.7681
5.25,eb0482,5.2,0.36,2,0.1301,0.6763
5.25,eb0482,5.2,0.36,3,0.096,0.6054
5.25,eb0482,5.2,0.36,4,0.0652,0.5436
5.25,eb0482,5.2,0.36,5,0.0549,0.4906
5.25,eb0482,5.2,0.36,6,0.0459,0.4327
5.25,eb0482,5.2,0.36,7,0.0367,0.3717
5.25,eb0482,5.2,0.36,8,0.0304,0.31
5.25,eb0482,5.2,0.36,9,0.0242,0.2486
5.25,eb0482,5.2,0.36,10,0.0191,0.1963
5.25,eb0482,5.2,0.36,11,0.0171,0.1606
5.25,eb0482,5.2,0.36,12,0.0134,0.1331
5.25,eb0482,5.2,0.36,13,0.0119,0.1112
5.25,eb0482,5.2,0.36,14,0.0104,0.0928
5.25,eb0482,5.2,0.36,15,0.0091,0.0776
5.25,eb0482,5.2,0.36,16,0.0081,0.0628
5.25,eb0482,5.2,0.36,17,0.0069,0.0499
5.25,eb0482,5.2,0.36,18,0.0062,0.037
5.25,eb0482,5.2,0.36,19,0.0052,0.0251
5.25,eb0482,5.2,0.36,20,0.0044,0.0135
5.25,eb0482,5.2,0.36,21,0.0007,0.0072
5.25,eb0482,5.6,0.32,0,0.0523,0.965
5.25,eb0482,5.6,0.32,1,0.1995,0.8674
5.25,eb0482,5.6,0.32,2,0.1653,0.7688
5.25,eb0482,5.6,0.32,3,0.1285,0.6871
5.25,eb0482,5.6,0.32,4,0.0838,0.6181
5.25,eb0482,5.6,0.32,5,0.0735,0.5552
5.25,eb0482,5.6,0.32,6,0.06,0.4905
5.25,eb0482,5.6,0.32,7,0.0483,0.4213
5.25,eb0482,5.6,0.32,8,0.0382,0.3492
5.25,eb0482,5.6,0.32,9,0.0306,0.2766
5.25,eb0482,5.6,0.32,10,0.0223,0.2118
5.25,eb0482,5.6,0.32,11,0.0185,0.1687
5.25,eb0482,5.6,0.32,12,0.0157,0.137
5.25,eb0482,5.6,0.32,13,0.0129,0.1118
5.25,eb0482,5.6,0.32,14,0.0112,0.0921
5.25,eb0482,5.6,0.32,15,0.0092,0.0754
5.25,eb0482,5.6,0.32,16,0.0085,0.0604
5.25,eb0482,5.6,0.32,17,0.0067,0.0472
5.25,eb0482,5.6,0.32,18,0.0062,0.0343
5.25,eb0482,5.6,0.32,19,0.005,0.0224
5.25,eb0482,5.6,0.32,20,0.0039,0.0113
5.25,eb0482,5.6,0.325,0,0.0748,0.948
5.25,eb0482,5.6,0.325,1,0.211,0.8471
5.25,eb0482,5.6,0.325,2,0.1608,0.7478
5.25,eb0482,5.6,0.325,3,0.1226,0.6665
5.25,eb0482,5.6,0.325,4,0.0784,0.5982
5.25,eb0482,5.6,0.325,5,0.0704,0.5371
5.25,eb0482,5.6,0.325,6,0.0559,0.4721
5.25,eb0482,5.6,0.325,7,0.045,0.4049
5.25,eb0482,5.6,0.325,8,0.0361,0.3344
5.25,eb0482,5.6,0.325,9,0.0288,0.2638
5.25,eb0482,5.6,0.325,10,0.0212,0.2026
5.25,eb0482,5.6,0.325,11,0.0185,0.1623
5.25,eb0482,5.6,0.325,12,0.0143,0.1324
5.25,eb0482,5.6,0.325,13,0.013,0.1086
5.25,eb0482,5.6,0.325,14,0.0105,0.0898
5.25,eb0482,5.6,0.325,15,0.0089,0.0737
5.25,eb0482,5.6,0.325,16,0.0083,0.0594
5.25,eb0482,5.6,0.325,17,0.0066,0.0462
5.25,eb0482,5.6,0.325,18,0.0061,0.0336
5.25,eb0482,5.6,0.325,19,0.0048,0.0219
5.25,eb0482,5.6,0.325,20,0.0039,0.0112
5.25,eb0482,5.6,0.33,0,0.1001,0.9327
5.25,eb0482,5.6,0.33,1,0.2189,0.827
5.25,eb0482,5.6,0.33,2,0.1552,0.7272
5.25,eb0482,5.6,0.33,3,0.1177,0.6465
5.25,eb0482,5.6,0.33,4,0.0742,0.5778
5.25,eb0482,5.6,0.33,5,0.0664,0.5184
5.25,eb0482,5.6,0.33,6,0.0527,0.4537
5.25,eb0482,5.6,0.33,7,0.0425,0.3866
5.25,eb0482,5.6,0.33,8,0.0333,0.3179
5.25,eb0482,5.6,0.33,9,0.0263,0.2509
5.25,eb0482,5.6,0.33,10,0.0205,0.1946
5.25,eb0482,5.6,0.33,11,0.0178,0.1568
5.25,eb0482,5.6,0.33,12,0.0135,0.1283
5.25,eb0482,5.6,0.33,13,0.0127,0.1064
5.25,eb0482,5.6,0.33,14,0.0105,0.0877
5.25,eb0482,5.6,0.33,15,0.0084,0.072
5.25,eb0482,5.6,0.33,16,0.0082,0.0583
5.25,eb0482,5.6,0.33,17,0.0064,0.0452
5.25,eb0482,5.6,0.33,18,0.0059,0.0332
5.25,eb0482,5.6,0.33,19,0.0049,0.0216
5.25,eb0482,5.6,0.33,20,0.0037,0.011
5.25,eb0482,5.6,0.335,0,0.129,0.9175
5.25,eb0482,5.6,0.335,1,0.2227,0.8066
5.25,eb0482,5.6,0.335,2,0.149,0.7069
5.25,eb0482,5.6,0.335,3,0.112,0.6272
5.25,eb0482,5.6,0.335,4,0.0714,0.5583
5.25,eb0482,5.6,0.335,5,0.0615,0.5004
5.25,eb0482,5.6,0.335,6,0.0501,0.4364
5.25,eb0482,5.6,0.335,7,0.0394,0.3698
5.25,eb0482,5.6,0.335,8,0.0319,0.3027
5.25,eb0482,5.6,0.335,9,0.0238,0.2388
5.25,eb0482,5.6,0.335,10,0.0199,0.1876
5.25,eb0482,5.6,0.335,11,0.0172,0.152
5.25,eb0482,5.6,0.335,12,0.0134,0.1243
5.25,eb0482,5.6,0.335,13,0.0118,0.1036
5.25,eb0482,5.6,0.335,14,0.01,0.086
5.25,eb0482,5.6,0.335,15,0.0083,0.0712
5.25,eb0482,5.6,0.335,16,0.008,0.0573
5.25,eb0482,5.6,0.335,17,0.0064,0.0446
5.25,eb0482,5.6,0.335,18,0.0056,0.0326
5.25,eb0482,5.6,0.335,19,0.0048,0.0213
5.25,eb0482,5.6,0.335,20,0.0036,0.0109
5.25,eb0482,6.0,0.305,0,0.03,0.9878
5.25,eb0482,6.0,0.305,1,0.1946,0.8868
5.25,eb0482,6.0,0.305,2,0.1785,0.7825
5.25,eb0482,6.0,0.305,3,0.1393,0.6936
5.25,eb0482,6.0,0.305,4,0.0895,0.6184
5.25,eb0482,6.0,0.305,5,0.0781,0.5501
5.25,eb0482,6.0,0.305,6,0.0614,0.4798
5.25,eb0482,6.0,0.305,7,0.0485,0.4065
5.25,eb0482,6.0,0.305,8,0.0383,0.3303
5.25,eb0482,6.0,0.305,9,0.0289,0.2558
5.25,eb0482,6.0,0.305,10,0.0218,0.1944
5.25,eb0482,6.0,0.305,11,0.0188,0.1544
5.25,eb0482,6.0,0.305,12,0.0141,0.1243
5.25,eb0482,6.0,0.305,13,0.0124,0.1024
5.25,eb0482,6.0,0.305,14,0.0105,0.0841
5.25,eb0482,6.0,0.305,15,0.0083,0.0682
5.25,eb0482,6.0,0.305,16,0.0077,0.0549
5.25,eb0482,6.0,0.305,17,0.0066,0.042
5.25,eb0482,6.0,0.305,18,0.0054,0.0295
5.25,eb0482,6.0,0.305,19,0.0046,0.0187
5.25,eb0482,6.0,0.305,20,0.0028,0.0098
5.25,eb0482,6.0,0.31,0,0.0485,0.9683
5.25,eb0482,6.0,0.31,1,0.2141,0.8653
5.25,eb0482,6.0,0.31,2,0.1741,0.7588
5.25,eb0482,6.0,0.31,3,0.1326,0.6704
5.25,eb0482,6.0,0.31,4,0.0836,0.5957
5.25,eb0482,6.0,0.31,5,0.0735,0.5296
5.25,eb0482,6.0,0.31,6,0.0576,0.4593
5.25,eb0482,6.0,0.31,7,0.0455,0.3865
5.25,eb0482,6.0,0.31,8,0.0351,0.3121
5.25,eb0482,6.0,0.31,9,0.0263,0.2421
5.25,eb0482,6.0,0.31,10,0.0208,0.1865
5.25,eb0482,6.0,0.31,11,0.0178,0.1497
5.25,eb0482,6.0,0.31,12,0.0141,0.1209
5.25,eb0482,6.0,0.31,13,0.0117,0.0992
5.25,eb0482,6.0,0.31,14,0.0102,0.0823
5.25,eb0482,6.0,0.31,15,0.0081,0.0668
5.25,eb0482,6.0,0.31,16,0.0074,0.0539
5.25,eb0482,6.0,0.31,17,0.0065,0.0411
5.25,eb0482,6.0,0.31,18,0.0052,0.0291
5.25,eb0482,6.0,0.31,19,0.0045,0.0183
5.25,eb0482,6.0,0.31,20,0.0027,0.0098
5.25,eb0482,6.0,0.315,0,0.0733,0.9491
5.25,eb0482,6.0,0.315,1,0.2266,0.843
5.25,eb0482,6.0,0.315,2,0.1682,0.7358
5.25,eb0482,6.0,0.315,3,0.1262,0.648
5.25,eb0482,6.0,0.315,4,0.0792,0.573
5.25,eb0482,6.0,0.315,5,0.0686,0.5087
5.25,eb0482,6.0,0.315,6,0.0538,0.4389
5.25,eb0482,6.0,0.315,7,0.0414,0.3674
5.25,eb0482,6.0,0.315,8,0.0334,0.2957
5.25,eb0482,6.0,0.315,9,0.0246,0.2275
5.25,eb0482,6.0,0.315,10,0.02,0.1773
5.25,eb0482,6.0,0.315,11,0.0164,0.1435
5.25,eb0482,6.0,0.315,12,0.0134,0.1173
5.25,eb0482,6.0,0.315,13,0.0115,0.0967
5.25,eb0482,6.0,0.315,14,0.0098,0.0802
5.25,eb0482,6.0,0.315,15,0.0079,0.0653
5.25,eb0482,6.0,0.315,16,0.0072,0.0528
5.25,eb0482,6.0,0.315,17,0.0063,0.0404
5.25,eb0482,6.0,0.315,18,0.0051,0.0286
5.25,eb0482,6.0,0.315,19,0.0044,0.018
5.25,eb0482,6.0,0.315,20,0.0026,0.0097
5.25,eb0482,6.0,0.32,0,0.1012,0.9321
5.25,eb0482,6.0,0.32,1,0.235,0.8211
5.25,eb0482,6.0,0.32,2,0.1615,0.7132
5.25,eb0482,6.0,0.32,3,0.1194,0.6265
5.25,eb0482,6.0,0.32,4,0.0758,0.5515
5.25,eb0482,6.0,0.32,5,0.0628,0.4885
5.25,eb0482,6.0,0.32,6,0.0498,0.4207
5.25,eb0482,6.0,0.32,7,0.0395,0.3501
5.25,eb0482,6.0,0.32,8,0.0314,0.2791
5.25,eb0482,6.0,0.32,9,0.0224,0.2153
5.25,eb0482,6.0,0.32,10,0.0192,0.1705
5.25,eb0482,6.0,0.32,11,0.0157,0.1385
5.25,eb0482,6.0,0.32,12,0.013,0.1139
5.25,eb0482,6.0,0.32,13,0.0112,0.0938
5.25,eb0482,6.0,0.32,14,0.0093,0.0781
5.25,eb0482,6.0,0.32,15,0.0077,0.0639
5.25,eb0482,6.0,0.32,16,0.0072,0.0516
5.25,eb0482,6.0,0.32,17,0.0059,0.0393
5.25,eb0482,6.0,0.32,18,0.005,0.0281
5.25,eb0482,6.0,0.32,19,0.0044,0.0177
5.25,eb0482,6.0,0.32,20,0.0025,0.0095
5.25,eb0482,6.4,0.295,0,0.0211,1.001
5.25,eb0482,6.4,0.295,1,0.1969,0.8936
5.25,eb0482,6.4,0.295,2,0.1901,0.7829
5.25,eb0482,6.4,0.295,3,0.1467,0.6869
5.25,eb0482,6.4,0.295,4,0.0918,0.6056
5.25,eb0482,6.4,0.295,5,0.0788,0.5335
5.25,eb0482,6.4,0.295,6,0.0619,0.4574
5.25,eb0482,6.4,0.295,7,0.0465,0.3792
5.25,eb0482,6.4,0.295,8,0.036,0.3012
5.25,eb0482,6.4,0.295,9,0.0265,0.2278
5.25,eb0482,6.4,0.295,10,0.0209,0.1745
5.25,eb0482,6.4,0.295,11,0.0167,0.1396
5.25,eb0482,6.4,0.295,12,0.0136,0.1134
5.25,eb0482,6.4,0.295,13,0.0116,0.0924
5.25,eb0482,6.4,0.295,14,0.0096,0.0763
5.25,eb0482,6.4,0.295,15,0.0081,0.0612
5.25,eb0482,6.4,0.295,16,0.0068,0.0486
5.25,eb0482,6.4,0.295,17,0.0058,0.0366
5.25,eb0482,6.4,0.295,18,0.0048,0.0257
5.25,eb0482,6.4,0.295,19,0.0041,0.0156
5.25,eb0482,6.4,0.295,20,0.0018,0.0085
5.25,eb0482,6.4,0.3,0,0.039,0.9775
5.25,eb0482,6.4,0.3,1,0.2211,0.8702
5.25,eb0482,6.4,0.3,2,0.1853,0.7566
5.25,eb0482,6.4,0.3,3,0.1382,0.6612
5.25,eb0482,6.4,0.3,4,0.0862,0.5803
5.25,eb0482,6.4,0.3,5,0.0734,0.5101
5.25,eb0482,6.4,0.3,6,0.0566,0.4351
5.25,eb0482,6.4,0.3,7,0.0431,0.3581
5.25,eb0482,6.4,0.3,8,0.0337,0.282
5.25,eb0482,6.4,0.3,9,0.0237,0.2137
5.25,eb0482,6.4,0.3,10,0.0199,0.1672
5.25,eb0482,6.4,0.3,11,0.0162,0.1342
5.25,eb0482,6.4,0.3,12,0.0131,0.1091
5.25,eb0482,6.4,0.3,13,0.0111,0.0898
5.25,eb0482,6.4,0.3,14,0.009,0.0738
5.25,eb0482,6.4,0.3,15,0.0081,0.0596
5.25,eb0482,6.4,0.3,16,0.0063,0.0474
5.25,eb0482,6.4,0.3,17,0.0058,0.0358
5.25,eb0482,6.4,0.3,18,0.0047,0.0252
5.25,eb0482,6.4,0.3,19,0.004,0.0151
5.25,eb0482,6.4,0.3,20,0.0016,0.0082
5.25,eb0482,6.4,0.305,0,0.0638,0.9557
5.25,eb0482,6.4,0.305,1,0.2377,0.846
5.25,eb0482,6.4,0.305,2,0.1784,0.7312
5.25,eb0482,6.4,0.305,3,0.1307,0.6364
5.25,eb0482,6.4,0.305,4,0.0806,0.5557
5.25,eb0482,6.4,0.305,5,0.0669,0.4879
5.25,eb0482,6.4,0.305,6,0.0521,0.4147
5.25,eb0482,6.4,0.305,7,0.0403,0.3397
5.25,eb0482,6.4,0.305,8,0.0314,0.2653
5.25,eb0482,6.4,0.305,9,0.0225,0.2008
5.25,eb0482,6.4,0.305,10,0.0192,0.159
5.25,eb0482,6.4,0.305,11,0.0146,0.1288
5.25,eb0482,6.4,0.305,12,0.0131,0.1055
5.25,eb0482,6.4,0.305,13,0.0105,0.0871
5.25,eb0482,6.4,0.305,14,0.0085,0.0717
5.25,eb0482,6.4,0.305,15,0.008,0.0583
5.25,eb0482,6.4,0.305,16,0.0061,0.0464
5.25,eb0482,6.4,0.305,17,0.0056,0.035
5.25,eb0482,6.4,0.305,18,0.0046,0.0248
5.25,eb0482,6.4,0.305,19,0.0038,0.0146
5.25,eb0482,6.4,0.305,20,0.0016,0.0082
5.25,eb0482,6.8,0.29,0,0.025,0.9947
5.25,eb0482,6.8,0.29,1,0.2205,0.8817
5.25,eb0482,6.8,0.29,2,0.1968,0.7625
5.25,eb0482,6.8,0.29,3,0.1463,0.6603
5.25,eb0482,6.8,0.29,4,0.0908,0.5728
5.25,eb0482,6.8,0.29,5,0.0739,0.4982
5.25,eb0482,6.8,0.29,6,0.0564,0.4191
5.25,eb0482,6.8,0.29,7,0.0423,0.3388
5.25,eb0482,6.8,0.29,8,0.0325,0.2606
5.25,eb0482,6.8,0.29,9,0.0229,0.1946
5.25,eb0482,6.8,0.29,10,0.0196,0.1529
5.25,eb0482,6.8,0.29,11,0.0146,0.1224
5.25,eb0482,6.8,0.29,12,0.0126,0.1002
5.25,eb0482,6.8,0.29,13,0.0103,0.0824
5.25,eb0482,6.8,0.29,14,0.0084,0.0672
5.25,eb0482,6.8,0.29,15,0.0074,0.0543
5.25,eb0482,6.8,0.29,16,0.006,0.0425
5.25,eb0482,6.8,0.29,17,0.0052,0.0316
5.25,eb0482,6.8,0.29,18,0.0042,0.0219
5.25,eb0482,6.8,0.29,19,0.0034,0.0128
5.25,eb0482,6.8,0.29,20,0.001,0.0073
5.25,eb0482,6.8,0.295,0,0.046,0.9706
5.25,eb0482,6.8,0.295,1,0.2441,0.8569
5.25,eb0482,6.8,0.295,2,0.1903,0.7348
5.25,eb0482,6.8,0.295,3,0.1368,0.6333
5.25,eb0482,6.8,0.295,4,0.0849,0.5467
5.25,eb0482,6.8,0.295,5,0.0665,0.4739
5.25,eb0482,6.8,0.295,6,0.0521,0.3972
5.25,eb0482,6.8,0.295,7,0.0396,0.3184
5.25,eb0482,6.8,0.295,8,0.0286,0.244
5.25,eb0482,6.8,0.295,9,0.022,0.1849
5.25,eb0482,6.8,0.295,10,0.0184,0.1468
5.25,eb0482,6.8,0.295,11,0.0144,0.118
5.25,eb0482,6.8,0.295,12,0.0117,0.0967
5.25,eb0482,6.8,0.295,13,0.0102,0.0803
5.25,eb0482,6.8,0.295,14,0.0079,0.0655
5.25,eb0482,6.8,0.295,15,0.0072,0.0533
5.25,eb0482,6.8,0.295,16,0.0061,0.0417
5.25,eb0482,6.8,0.295,17,0.0049,0.0306
5.25,eb0482,6.8,0.295,18,0.0041,0.0215
5.25,eb0482,6.8,0.295,19,0.0033,0.0123
5.25,eb0482,6.8,0.295,20,0.0009,0.0074
5.25,eb1168,4.0,0.415,0,0.1574,0.8649
5.25,eb1168,4.0,0.415,1,0.1627,0.7684
5.25,eb1168,4.0,0.415,2,0.1173,0.7017
5.25,eb1168,4.0,0.415,3,0.0942,0.6481
5.25,eb1168,4.0,0.415,4,0.067,0.6028
5.25,eb1168,4.0,0.415,5,0.059,0.5618
5.25,eb1168,4.0,0.415,6,0.0566,0.5161
5.25,eb1168,4.0,0.415,7,0.0488,0.4674
5.25,eb1168,4.0,0.415,8,0.0422,0.4135
5.25,eb1168,4.0,0.415,9,0.0352,0.3568
5.25,eb1168,4.0,0.415,10,0.0301,0.2971
5.25,eb1168,4.0,0.415,11,0.026,0.2376
5.25,eb1168,4.0,0.415,12,0.0199,0.1894
5.25,eb1168,4.0,0.415,13,0.0178,0.151
5.25,eb1168,4.0,0.415,14,0.0158,0.1201
5.25,eb1168,4.0,0.415,15,0.0134,0.0923
5.25,eb1168,4.0,0.415,16,0.0122,0.0688
5.25,eb1168,4.0,0.415,17,0.0106,0.0479
5.25,eb1168,4.0,0.415,18,0.0084,0.028
5.25,eb1168,4.0,0.415,19,0.0055,0.0125
5.25,eb1168,4.0,0.42,0,0.1755,0.8572
5.25,eb1168,4.0,0.42,1,0.1631,0.7568
5.25,eb1168,4.0,0.42,2,0.1151,0.6903
5.25,eb1168,4.0,0.42,3,0.0925,0.6365
5.25,eb1168,4.0,0.42,4,0.065,0.5915
5.25,eb1168,4.0,0.42,5,0.0568,0.5501
5.25,eb1168,4.0,0.42,6,0.0551,0.5058
5.25,eb1168,4.0,0.42,7,0.0469,0.4568
5.25,eb1168,4.0,0.42,8,0.0412,0.4034
5.25,eb1168,4.0,0.42,9,0.0337,0.3464
5.25,eb1168,4.0,0.42,10,0.0288,0.2885
5.25,eb1168,4.0,0.42,11,0.0254,0.231
5.25,eb1168,4.0,0.42,12,0.0189,0.1841
5.25,eb1168,4.0,0.42,13,0.0178,0.1475
5.25,eb1168,4.0,0.42,14,0.0152,0.1176
5.25,eb1168,4.0,0.42,15,0.0134,0.0906
5.25,eb1168,4.0,0.42,16,0.0117,0.0672
5.25,eb1168,4.0,0.42,17,0.0105,0.047
5.25,eb1168,4.0,0.42,18,0.0083,0.0273
5.25,eb1168,4.0,0.42,19,0.0052,0.0122
5.25,eb1168,4.4,0.375,0,0.0984,0.894
5.25,eb1168,4.4,0.375,1,0.1726,0.8039
5.25,eb1168,4.4,0.375,2,0.1323,0.7284
5.25,eb1168,4.4,0.375,3,0.1075,0.6682
5.25,eb1168,4.4,0.375,4,0.0766,0.616
5.25,eb1168,4.4,0.375,5,0.0666,0.569
5.25,eb1168,4.4,0.375,6,0.0624,0.5169
5.25,eb1168,4.4,0.375,7,0.0525,0.4621
5.25,eb1168,4.4,0.375,8,0.0449,0.4023
5.25,eb1168,4.4,0.375,9,0.0363,0.3389
5.25,eb1168,4.4,0.375,10,0.03,0.2753
5.25,eb1168,4.4,0.375,11,0.0253,0.2166
5.25,eb1168,4.4,0.375,12,0.0196,0.169
5.25,eb1168,4.4,0.375,13,0.0178,0.1339
5.25,eb1168,4.4,0.375,14,0.0145,0.104
5.25,eb1168,4.4,0.375,15,0.0126,0.079
5.25,eb1168,4.4,0.375,16,0.0112,0.0571
5.25,eb1168,4.4,0.375,17,0.0093,0.0375
5.25,eb1168,4.4,0.375,18,0.0077,0.0192
5.25,eb1168,4.4,0.375,19,0.002,0.009
5.25,eb1168,4.4,0.38,0,0.1179,0.8835
5.25,eb1168,4.4,0.38,1,0.1762,0.7897
5.25,eb1168,4.4,0.38,2,0.1308,0.7141
5.25,eb1168,4.4,0.38,3,0.1048,0.6533
5.25,eb1168,4.4,0.38,4,0.0733,0.6018
5.25,eb1168,4.4,0.38,5,0.0636,0.5549
5.25,eb1168,4.4,0.38,6,0.0607,0.5041
5.25,eb1168,4.4,0.38,7,0.0496,0.4492
5.25,eb1168,4.4,0.38,8,0.0427,0.3908
5.25,eb1168,4.4,0.38,9,0.035,0.328
5.25,eb1168,4.4,0.38,10,0.0291,0.2653
5.25,eb1168,4.4,0.38,11,0.0237,0.2099
5.25,eb1168,4.4,0.38,12,0.0194,0.1644
5.25,eb1168,4.4,0.38,13,0.0174,0.1302
5.25,eb1168,4.4,0.38,14,0.0139,0.1013
5.25,eb1168,4.4,0.38,15,0.0126,0.0772
5.25,eb1168,4.4,0.38,16,0.0109,0.0558
5.25,eb1168,4.4,0.38,17,0.009,0.0362
5.25,eb1168,4.4,0.38,18,0.0075,0.0186
5.25,eb1168,4.4,0.38,19,0.0018,0.009
5.25,eb1168,4.4,0.385,0,0.1393,0.8731
5.25,eb1168,4.4,0.385,1,0.177,0.7756
5.25,eb1168,4.4,0.385,2,0.1288,0.7004
5.25,eb1168,4.4,0.385,3,0.1019,0.6394
5.25,eb1168,4.4,0.385,4,0.0709,0.5882
5.25,eb1168,4.4,0.385,5,0.0614,0.5409
5.25,eb1168,4.4,0.385,6,0.0574,0.4921
5.25,eb1168,4.4,0.385,7,0.0478,0.4374
5.25,eb1168,4.4,0.385,8,0.041,0.3798
5.25,eb1168,4.4,0.385,9,0.034,0.3173
5.25,eb1168,4.4,0.385,10,0.0283,0.2552
5.25,eb1168,4.4,0.385,11,0.0217,0.203
5.25,eb1168,4.4,0.385,12,0.0193,0.1603
5.25,eb1168,4.4,0.385,13,0.0172,0.1266
5.25,eb1168,4.4,0.385,14,0.0133,0.0987
5.25,eb1168,4.4,0.385,15,0.0127,0.0748
5.25,eb1168,4.4,0.385,16,0.0104,0.0541
5.25,eb1168,4.4,0.385,17,0.0087,0.0352
5.25,eb1168,4.4,0.385,18,0.0074,0.0182
5.25,eb1168,4.4,0.385,19,0.0017,0.0089
5.25,eb1168,4.4,0.39,0,0.1602,0.8637
5.25,eb1168,4.4,0.39,1,0.1784,0.7617
5.25,eb1168,4.4,0.39,2,0.1259,0.6868
5.25,eb1168,4.4,0.39,3,0.099,0.626
5.25,eb1168,4.4,0.39,4,0.0678,0.575
5.25,eb1168,4.4,0.39,5,0.0608,0.5274
5.25,eb1168,4.4,0.39,6,0.0548,0.4789
5.25,eb1168,4.4,0.39,7,0.0453,0.4247
5.25,eb1168,4.4,0.39,8,0.0394,0.368
5.25,eb1168,4.4,0.39,9,0.0323,0.3064
5.25,eb1168,4.4,0.39,10,0.0271,0.2461
5.25,eb1168,4.4,0.39,11,0.0212,0.1961
5.25,eb1168,4.4,0.39,12,0.0184,0.1557
5.25,eb1168,4.4,0.39,13,0.0166,0.1235
5.25,eb1168,4.4,0.39,14,0.013,0.0962
5.25,eb1168,4.4,0.39,15,0.0124,0.0735
5.25,eb1168,4.4,0.39,16,0.0103,0.053
5.25,eb1168,4.4,0.39,17,0.0086,0.0341
5.25,eb1168,4.4,0.39,18,0.0072,0.0175
5.25,eb1168,4.4,0.39,19,0.0015,0.0091
5.25,eb1168,4.4,0.395,0,0.1806,0.8551
5.25,eb1168,4.4,0.395,1,0.1804,0.7482
5.25,eb1168,4.4,0.395,2,0.1212,0.6733
5.25,eb1168,4.4,0.395,3,0.0968,0.6132
5.25,eb1168,4.4,0.395,4,0.0646,0.5622
5.25,eb1168,4.4,0.395,5,0.0591,0.5155
5.25,eb1168,4.4,0.395,6,0.0528,0.4671
5.25,eb1168,4.4,0.395,7,0.0441,0.4128
5.25,eb1168,4.4,0.395,8,0.0367,0.357
5.25,eb1168,4.4,0.395,9,0.0317,0.2969
5.25,eb1168,4.4,0.395,10,0.0262,0.237
5.25,eb1168,4.4,0.395,11,0.0204,0.1894
5.25,eb1168,4.4,0.395,12,0.0174,0.1515
5.25,eb1168,4.4,0.395,13,0.0164,0.1209
5.25,eb1168,4.4,0.395,14,0.013,0.0935
5.25,eb1168,4.4,0.395,15,0.0118,0.0715
5.25,eb1168,4.4,0.395,16,0.0101,0.0516
5.25,eb1168,4.4,0.395,17,0.0083,0.0332
5.25,eb1168,4.4,0.395,18,0.0072,0.0168
5.25,eb1168,4.4,0.395,19,0.0012,0.0095
5.25,eb1168,4.4,0.4,0,0.2025,0.8462
5.25,eb1168,4.4,0.4,1,0.1803,0.7346
5.25,eb1168,4.4,0.4,2,0.1173,0.6597
5.25,eb1168,4.4,0.4,3,0.0934,0.6004
5.25,eb1168,4.4,0.4,4,0.0616,0.55
5.25,eb1168,4.4,0.4,5,0.0587,0.5038
5.25,eb1168,4.4,0.4,6,0.0497,0.455
5.25,eb1168,4.4,0.4,7,0.0431,0.4014
5.25,eb1168,4.4,0.4,8,0.0351,0.3451
5.25,eb1168,4.4,0.4,9,0.0298,0.2872
5.25,eb1168,4.4,0.4,10,0.0257,0.2295
5.25,eb1168,4.4,0.4,11,0.0194,0.1835
5.25,eb1168,4.4,0.4,12,0.0175,0.1471
5.25,eb1168,4.4,0.4,13,0.0153,0.1178
5.25,eb1168,4.4,0.4,14,0.0128,0.0917
5.25,eb1168,4.4,0.4,15,0.0116,0.0702
5.25,eb1168,4.4,0.4,16,0.0102,0.0503
5.25,eb1168,4.4,0.4,17,0.0081,0.0322
5.25,eb1168,4.4,0.4,18,0.0069,0.0165
5.25,eb1168,4.4,0.4,19,0.0011,0.0078
5.25,eb1168,4.4,0.405,0,0.2243,0.8379
5.25,eb1168,4.4,0.405,1,0.1785,0.7216
5.25,eb1168,4.4,0.405,2,0.1154,0.6464
5.25,eb1168,4.4,0.405,3,0.0898,0.5874
5.25,eb1168,4.4,0.405,4,0.0593,0.537
5.25,eb1168,4.4,0.405,5,0.0568,0.4921
5.25,eb1168,4.4,0.405,6,0.0477,0.4431
5.25,eb1168,4.4,0.405,7,0.0413,0.3903
5.25,eb1168,4.4,0.405,8,0.034,0.334
5.25,eb1168,4.4,0.405,9,0.0284,0.2771
5.25,eb1168,4.4,0.405,10,0.025,0.2219
5.25,eb1168,4.4,0.405,11,0.0184,0.1772
5.25,eb1168,4.4,0.405,12,0.0172,0.143
5.25,eb1168,4.4,0.405,13,0.0145,0.115
5.25,eb1168,4.4,0.405,14,0.0126,0.0899
5.25,eb1168,4.4,0.405,15,0.0114,0.0686
5.25,eb1168,4.4,0.405,16,0.0097,0.0493
5.25,eb1168,4.4,0.405,17,0.0081,0.0316
5.25,eb1168,4.4,0.405,18,0.0067,0.0161
5.25,eb1168,4.4,0.405,19,0.001,0.0078
5.25,eb1168,4.8,0.35,0,0.0715,0.9104
5.25,eb1168,4.8,0.35,1,0.1798,0.8203
5.25,eb1168,4.8,0.35,2,0.1451,0.7369
5.25,eb1168,4.8,0.35,3,0.1179,0.6693
5.25,eb1168,4.8,0.35,4,0.082,0.6108
5.25,eb1168,4.8,0.35,5,0.0702,0.5583
5.25,eb1168,4.8,0.35,6,0.0651,0.5017
5.25,eb1168,4.8,0.35,7,0.0525,0.4411
5.25,eb1168,4.8,0.35,8,0.0444,0.3773
5.25,eb1168,4.8,0.35,9,0.0359,0.3089
5.25,eb1168,4.8,0.35,10,0.0292,0.2423
5.25,eb1168,4.8,0.35,11,0.0222,0.189
5.25,eb1168,4.8,0.35,12,0.019,0.1475
5.25,eb1168,4.8,0.35,13,0.0161,0.1158
5.25,eb1168,4.8,0.35,14,0.0137,0.0884
5.25,eb1168,4.8,0.35,15,0.0116,0.0652
5.25,eb1168,4.8,0.35,16,0.01,0.0463
5.25,eb1168,4.8,0.35,17,0.008,0.0275
5.25,eb1168,4.8,0.35,18,0.0058,0.0129
5.25,eb1168,4.8,0.355,0,0.0911,0.8981
5.25,eb1168,4.8,0.355,1,0.1869,0.8042
5.25,eb1168,4.8,0.355,2,0.1433,0.7204
5.25,eb1168,4.8,0.355,3,0.1138,0.6526
5.25,eb1168,4.8,0.355,4,0.0789,0.5949
5.25,eb1168,4.8,0.355,5,0.0674,0.5418
5.25,eb1168,4.8,0.355,6,0.0619,0.4869
5.25,eb1168,4.8,0.355,7,0.0503,0.4262
5.25,eb1168,4.8,0.355,8,0.0416,0.3634
5.25,eb1168,4.8,0.355,9,0.0341,0.2969
5.25,eb1168,4.8,0.355,10,0.0282,0.2324
5.25,eb1168,4.8,0.355,11,0.0208,0.1818
5.25,eb1168,4.8,0.355,12,0.0187,0.143
5.25,eb1168,4.8,0.355,13,0.0157,0.1119
5.25,eb1168,4.8,0.355,14,0.013,0.0858
5.25,eb1168,4.8,0.355,15,0.0111,0.0637
5.25,eb1168,4.8,0.355,16,0.01,0.0449
5.25,eb1168,4.8,0.355,17,0.0076,0.0268
5.25,eb1168,4.8,0.355,18,0.0056,0.0123
5.25,eb1168,4.8,0.36,0,0.1128,0.8861
5.25,eb1168,4.8,0.36,1,0.1915,0.7881
5.25,eb1168,4.8,0.36,2,0.1406,0.7043
5.25,eb1168,4.8,0.36,3,0.1104,0.6363
5.25,eb1168,4.8,0.36,4,0.0747,0.5791
5.25,eb1168,4.8,0.36,5,0.0663,0.5258
5.25,eb1168,4.8,0.36,6,0.0577,0.4717
5.25,eb1168,4.8,0.36,7,0.048,0.412
5.25,eb1168,4.8,0.36,8,0.0395,0.3497
5.25,eb1168,4.8,0.36,9,0.0321,0.2851
5.25,eb1168,4.8,0.36,10,0.0274,0.2234
5.25,eb1168,4.8,0.36,11,0.0201,0.1738
5.25,eb1168,4.8,0.36,12,0.0177,0.1385
5.25,eb1168,4.8,0.36,13,0.0152,0.1085
5.25,eb1168,4.8,0.36,14,0.0128,0.0834
5.25,eb1168,4.8,0.36,15,0.0109,0.0618
5.25,eb1168,4.8,0.36,16,0.0097,0.0434
5.25,eb1168,4.8,0.36,17,0.0073,0.0257
5.25,eb1168,4.8,0.36,18,0.0053,0.0119
5.25,eb1168,4.8,0.365,0,0.1367,0.8743
5.25,eb1168,4.8,0.365,1,0.1938,0.772
5.25,eb1168,4.8,0.365,2,0.1369,0.6884
5.25,eb1168,4.8,0.365,3,0.1064,0.6208
5.25,eb1168,4.8,0.365,4,0.0709,0.5641
5.25,eb1168,4.8,0.365,5,0.0649,0.5115
5.25,eb1168,4.8,0.365,6,0.0548,0.4573
5.25,eb1168,4.8,0.365,7,0.0464,0.3979
5.25,eb1168,4.8,0.365,8,0.0371,0.3353
5.25,eb1168,4.8,0.365,9,0.0304,0.2727
5.25,eb1168,4.8,0.365,10,0.0257,0.2149
5.25,eb1168,4.8,0.365,11,0.0196,0.1678
5.25,eb1168,4.8,0.365,12,0.017,0.1342
5.25,eb1168,4.8,0.365,13,0.0148,0.1053
5.25,eb1168,4.8,0.365,14,0.0124,0.0814
5.25,eb1168,4.8,0.365,15,0.0108,0.0601
5.25,eb1168,4.8,0.365,16,0.0094,0.042
5.25,eb1168,4.8,0.365,17,0.0072,0.0249
5.25,eb1168,4.8,0.365,18,0.005,0.0116
5.25,eb1168,4.8,0.37,0,0.1608,0.8634
5.25,eb1168,4.8,0.37,1,0.1958,0.7559
5.25,eb1168,4.8,0.37,2,0.1321,0.6725
5.25,eb1168,4.8,0.37,3,0.1027,0.6056
5.25,eb1168,4.8,0.37,4,0.0675,0.5491
5.25,eb1168,4.8,0.37,5,0.0627,0.4977
5.25,eb1168,4.8,0.37,6,0.052,0.4435
5.25,eb1168,4.8,0.37,7,0.044,0.3851
5.25,eb1168,4.8,0.37,8,0.0356,0.3232
5.25,eb1168,4.8,0.37,9,0.0293,0.2617
5.25,eb1168,4.8,0.37,10,0.024,0.2072
5.25,eb1168,4.8,0.37,11,0.0191,0.1626
5.25,eb1168,4.8,0.37,12,0.0172,0.1297
5.25,eb1168,4.8,0.37,13,0.0137,0.1019
5.25,eb1168,4.8,0.37,14,0.0119,0.0792
5.25,eb1168,4.8,0.37,15,0.0109,0.0582
5.25,eb1168,4.8,0.37,16,0.009,0.0406
5.25,eb1168,4.8,0.37,17,0.0069,0.024
5.25,eb1168,4.8,0.37,18,0.0046,0.0114
5.25,eb1168,4.8,0.375,0,0.1846,0.8534
5.25,eb1168,4.8,0.375,1,0.1969,0.7406
5.25,eb1168,4.8,0.375,2,0.127,0.6572
5.25,eb1168,4.8,0.375,3,0.0999,0.5911
5.25,eb1168,4.8,0.375,4,0.0641,0.5342
5.25,eb1168,4.8,0.375,5,0.0605,0.4845
5.25,eb1168,4.8,0.375,6,0.0492,0.4303
5.25,eb1168,4.8,0.375,7,0.0419,0.373
5.25,eb1168,4.8,0.375,8,0.0342,0.312
5.25,eb1168,4.8,0.375,9,0.0286,0.2512
5.25,eb1168,4.8,0.375,10,0.0219,0.2001
5.25,eb1168,4.8,0.375,11,0.0192,0.1581
5.25,eb1168,4.8,0.375,12,0.0168,0.1256
5.25,eb1168,4.8,0.375,13,0.0131,0.0988
5.25,eb1168,4.8,0.375,14,0.0118,0.0769
5.25,eb1168,4.8,0.375,15,0.0103,0.0566
5.25,eb1168,4.8,0.375,16,0.0089,0.04
5.25,eb1168,4.8,0.375,17,0.0068,0.0227
5.25,eb1168,4.8,0.375,18,0.0044,0.0112
5.25,eb1168,5.2,0.33,0,0.0471,0.9295
5.25,eb1168,5.2,0.33,1,0.1827,0.8372
5.25,eb1168,5.2,0.33,2,0.1582,0.7465
5.25,eb1168,5.2,0.33,3,0.1282,0.6715
5.25,eb1168,5.2,0.33,4,0.0881,0.6066
5.25,eb1168,5.2,0.33,5,0.0743,0.548
5.25,eb1168,5.2,0.33,6,0.0672,0.4867
5.25,eb1168,5.2,0.33,7,0.0534,0.42
5.25,eb1168,5.2,0.33,8,0.043,0.3516
5.25,eb1168,5.2,0.33,9,0.0344,0.2808
5.25,eb1168,5.2,0.33,10,0.0277,0.2161
5.25,eb1168,5.2,0.33,11,0.0209,0.1655
5.25,eb1168,5.2,0.33,12,0.0185,0.1291
5.25,eb1168,5.2,0.33,13,0.0143,0.0996
5.25,eb1168,5.2,0.33,14,0.0128,0.0753
5.25,eb1168,5.2,0.33,15,0.0107,0.0545
5.25,eb1168,5.2,0.33,16,0.0087,0.0361
5.25,eb1168,5.2,0.33,17,0.0072,0.0196
5.25,eb1168,5.2,0.33,18,0.0026,0.0087
5.25,eb1168,5.2,0.335,0,0.0674,0.9133
5.25,eb1168,5.2,0.335,1,0.1938,0.8186
5.25,eb1168,5.2,0.335,2,0.1558,0.7272
5.25,eb1168,5.2,0.335,3,0.1232,0.6524
5.25,eb1168,5.2,0.335,4,0.0844,0.5881
5.25,eb1168,5.2,0.335,5,0.0716,0.5288
5.25,eb1168,5.2,0.335,6,0.0624,0.4691
5.25,eb1168,5.2,0.335,7,0.0509,0.4033
5.25,eb1168,5.2,0.335,8,0.04,0.3353
5.25,eb1168,5.2,0.335,9,0.0326,0.2667
5.25,eb1168,5.2,0.335,10,0.0254,0.2068
5.25,eb1168,5.2,0.335,11,0.0205,0.1595
5.25,eb1168,5.2,0.335,12,0.018,0.1245
5.25,eb1168,5.2,0.335,13,0.0135,0.096
5.25,eb1168,5.2,0.335,14,0.0127,0.0727
5.25,eb1168,5.2,0.335,15,0.0101,0.0525
5.25,eb1168,5.2,0.335,16,0.0083,0.0346
5.25,eb1168,5.2,0.335,17,0.0069,0.0188
5.25,eb1168,5.2,0.335,18,0.0024,0.0092
5.25,eb1168,5.2,0.34,0,0.0889,0.8995
5.25,eb1168,5.2,0.34,1,0.2026,0.8006
5.25,eb1168,5.2,0.34,2,0.1527,0.7087
5.25,eb1168,5.2,0.34,3,0.1189,0.6336
5.25,eb1168,5.2,0.34,4,0.0781,0.5704
5.25,eb1168,5.2,0.34,5,0.0699,0.5124
5.25,eb1168,5.2,0.34,6,0.0584,0.4528
5.25,eb1168,5.2,0.34,7,0.0481,0.3883
5.25,eb1168,5.2,0.34,8,0.0379,0.3209
5.25,eb1168,5.2,0.34,9,0.0313,0.2543
5.25,eb1168,5.2,0.34,10,0.0235,0.1981
5.25,eb1168,5.2,0.34,11,0.0201,0.1538
5.25,eb1168,5.2,0.34,12,0.0173,0.1203
5.25,eb1168,5.2,0.34,13,0.0134,0.0923
5.25,eb1168,5.2,0.34,14,0.012,0.0704
5.25,eb1168,5.2,0.34,15,0.0101,0.0508
5.25,eb1168,5.2,0.34,16,0.0079,0.0334
5.25,eb1168,5.2,0.34,17,0.0069,0.0182
5.25,eb1168,5.2,0.34,18,0.0021,0.0089
5.25,eb1168,5.2,0.345,0,0.1134,0.8858
5.25,eb1168,5.2,0.345,1,0.2081,0.7825
5.25,eb1168,5.2,0.345,2,0.148,0.6905
5.25,eb1168,5.2,0.345,3,0.1145,0.6159
5.25,eb1168,5.2,0.345,4,0.0737,0.5531
5.25,eb1168,5.2,0.345,5,0.0677,0.4963
5.25,eb1168,5.2,0.345,6,0.0546,0.4367
5.25,eb1168,5.2,0.345,7,0.0451,0.3736
5.25,eb1168,5.2,0.345,8,0.037,0.3069
5.25,eb1168,5.2,0.345,9,0.0293,0.2414
5.25,eb1168,5.2,0.345,10,0.0226,0.1887
5.25,eb1168,5.2,0.345,11,0.0188,0.148
5.25,eb1168,5.2,0.345,12,0.0165,0.1168
5.25,eb1168,5.2,0.345,13,0.0131,0.0898
5.25,eb1168,5.2,0.345,14,0.0117,0.0684
5.25,eb1168,5.2,0.345,15,0.0099,0.049
5.25,eb1168,5.2,0.345,16,0.0077,0.0321
5.25,eb1168,5.2,0.345,17,0.0066,0.0172
5.25,eb1168,5.2,0.345,18,0.0018,0.0088
5.25,eb1168,5.2,0.35,0,0.1407,0.8724
5.25,eb1168,5.2,0.35,1,0.2101,0.7642
5.25,eb1168,5.2,0.35,2,0.1432,0.6726
5.25,eb1168,5.2,0.35,3,0.1097,0.5986
5.25,eb1168,5.2,0.35,4,0.0698,0.5361
5.25,eb1168,5.2,0.35,5,0.0646,0.4812
5.25,eb1168,5.2,0.35,6,0.0518,0.4213
5.25,eb1168,5.2,0.35,7,0.043,0.3594
5.25,eb1168,5.2,0.35,8,0.0348,0.2936
5.25,eb1168,5.2,0.35,9,0.0283,0.2302
5.25,eb1168,5.2,0.35,10,0.0209,0.1808
5.25,eb1168,5.2,0.35,11,0.0186,0.1423
5.25,eb1168,5.2,0.35,12,0.0153,0.1128
5.25,eb1168,5.2,0.35,13,0.0129,0.0874
5.25,eb1168,5.2,0.35,14,0.0112,0.0662
5.25,eb1168,5.2,0.35,15,0.0095,0.0479
5.25,eb1168,5.2,0.35,16,0.0077,0.031
5.25,eb1168,5.2,0.35,17,0.0063,0.0167
5.25,eb1168,5.2,0.35,18,0.0017,0.0087
5.25,eb1168,5.6,0.315,0,0.0328,0.9443
5.25,eb1168,5.6,0.315,1,0.1848,0.848
5.25,eb1168,5.6,0.315,2,0.1704,0.7505
5.25,eb1168,5.6,0.315,3,0.1376,0.6682
5.25,eb1168,5.6,0.315,4,0.0923,0.5972
5.25,eb1168,5.6,0.315,5,0.0781,0.5323
5.25,eb1168,5.6,0.315,6,0.0662,0.467
5.25,eb1168,5.6,0.315,7,0.0535,0.3957
5.25,eb1168,5.6,0.315,8,0.0405,0.3224
5.25,eb1168,5.6,0.315,9,0.0332,0.2509
5.25,eb1168,5.6,0.315,10,0.025,0.1906
5.25,eb1168,5.6,0.315,11,0.02,0.1462
5.25,eb1168,5.6,0.315,12,0.0167,0.1133
5.25,eb1168,5.6,0.315,13,0.0137,0.0861
5.25,eb1168,5.6,0.315,14,0.0115,0.0635
5.25,eb1168,5.6,0.315,15,0.0099,0.0453
5.25,eb1168,5.6,0.315,16,0.0074,0.0278
5.25,eb1168,5.6,0.315,17,0.0061,0.0135
5.25,eb1168,5.6,0.32,0,0.0506,0.9264
5.25,eb1168,5.6,0.32,1,0.2023,0.8279
5.25,eb1168,5.6,0.32,2,0.1675,0.7287
5.25,eb1168,5.6,0.32,3,0.132,0.6465
5.25,eb1168,5.6,0.32,4,0.086,0.5766
5.25,eb1168,5.6,0.32,5,0.0748,0.5129
5.25,eb1168,5.6,0.32,6,0.0618,0.4482
5.25,eb1168,5.6,0.32,7,0.0494,0.3787
5.25,eb1168,5.6,0.32,8,0.0392,0.3065
5.25,eb1168,5.6,0.32,9,0.0312,0.2362
5.25,eb1168,5.6,0.32,10,0.0227,0.1815
5.25,eb1168,5.6,0.32,11,0.0198,0.1401
5.25,eb1168,5.6,0.32,12,0.0162,0.1085
5.25,eb1168,5.6,0.32,13,0.0131,0.0825
5.25,eb1168,5.6,0.32,14,0.0108,0.0613
5.25,eb1168,5.6,0.32,15,0.0096,0.0434
5.25,eb1168,5.6,0.32,16,0.0073,0.0262
5.25,eb1168,5.6,0.32,17,0.0057,0.0127
5.25,eb1168,5.6,0.325,0,0.0736,0.909
5.25,eb1168,5.6,0.325,1,0.2134,0.8077
5.25,eb1168,5.6,0.325,2,0.1637,0.7079
5.25,eb1168,5.6,0.325,3,0.1257,0.626
5.25,eb1168,5.6,0.325,4,0.0803,0.5571
5.25,eb1168,5.6,0.325,5,0.0726,0.4948
5.25,eb1168,5.6,0.325,6,0.057,0.4297
5.25,eb1168,5.6,0.325,7,0.0468,0.362
5.25,eb1168,5.6,0.325,8,0.0369,0.2908
5.25,eb1168,5.6,0.325,9,0.0295,0.2239
5.25,eb1168,5.6,0.325,10,0.0217,0.1717
5.25,eb1168,5.6,0.325,11,0.0182,0.1347
5.25,eb1168,5.6,0.325,12,0.0156,0.1045
5.25,eb1168,5.6,0.325,13,0.0127,0.0801
5.25,eb1168,5.6,0.325,14,0.0107,0.0589
5.25,eb1168,5.6,0.325,15,0.0092,0.0417
5.25,eb1168,5.6,0.325,16,0.0069,0.0254
5.25,eb1168,5.6,0.325,17,0.0055,0.0121
5.25,eb1168,5.6,0.33,0,0.0988,0.8937
5.25,eb1168,5.6,0.33,1,0.2218,0.7878
5.25,eb1168,5.6,0.33,2,0.1585,0.6876
5.25,eb1168,5.6,0.33,3,0.1202,0.6061
5.25,eb1168,5.6,0.33,4,0.0757,0.5375
5.25,eb1168,5.6,0.33,5,0.0688,0.477
5.25,eb1168,5.6,0.33,6,0.0541,0.4116
5.25,eb1168,5.6,0.33,7,0.0434,0.3448
5.25,eb1168,5.6,0.33,8,0.0345,0.276
5.25,eb1168,5.6,0.33,9,0.0277,0.2129
5.25,eb1168,5.6,0.33,10,0.0208,0.1637
5.25,eb1168,5.6,0.33,11,0.0179,0.1287
5.25,eb1168,5.6,0.33,12,0.0145,0.1003
5.25,eb1168,5.6,0.33,13,0.012,0.0771
5.25,eb1168,5.6,0.33,14,0.0108,0.0566
5.25,eb1168,5.6,0.33,15,0.0087,0.0399
5.25,eb1168,5.6,0.33,16,0.0066,0.0242
5.25,eb1168,5.6,0.33,17,0.005,0.0116
5.25,eb1168,6.0,0.305,0,0.0284,0.9497
5.25,eb1168,6.0,0.305,1,0.1957,0.8476
5.25,eb1168,6.0,0.305,2,0.1815,0.7428
5.25,eb1168,6.0,0.305,3,0.1431,0.6533
5.25,eb1168,6.0,0.305,4,0.0922,0.577
5.25,eb1168,6.0,0.305,5,0.0792,0.5079
5.25,eb1168,6.0,0.305,6,0.0633,0.4378
5.25,eb1168,6.0,0.305,7,0.0502,0.3637
5.25,eb1168,6.0,0.305,8,0.0388,0.2876
5.25,eb1168,6.0,0.305,9,0.0304,0.2175
5.25,eb1168,6.0,0.305,10,0.0222,0.1639
5.25,eb1168,6.0,0.305,11,0.0191,0.1264
5.25,eb1168,6.0,0.305,12,0.0145,0.0966
5.25,eb1168,6.0,0.305,13,0.013,0.0725
5.25,eb1168,6.0,0.305,14,0.0102,0.0526
5.25,eb1168,6.0,0.305,15,0.0083,0.0351
5.25,eb1168,6.0,0.305,16,0.0067,0.0201
5.25,eb1168,6.0,0.305,17,0.0032,0.0094
5.25,eb1168,6.0,0.31,0,0.0473,0.9294
5.25,eb1168,6.0,0.31,1,0.216,0.8258
5.25,eb1168,6.0,0.31,2,0.1776,0.7188
5.25,eb1168,6.0,0.31,3,0.1354,0.6298
5.25,eb1168,6.0,0.31,4,0.0856,0.5547
5.25,eb1168,6.0,0.31,5,0.0753,0.4878
5.25,eb1168,6.0,0.31,6,0.0597,0.4168
5.25,eb1168,6.0,0.31,7,0.046,0.3443
5.25,eb1168,6.0,0.31,8,0.0365,0.2705
5.25,eb1168,6.0,0.31,9,0.0276,0.2054
5.25,eb1168,6.0,0.31,10,0.0214,0.1559
5.25,eb1168,6.0,0.31,11,0.0182,0.1206
5.25,eb1168,6.0,0.31,12,0.0138,0.0922
5.25,eb1168,6.0,0.31,13,0.0125,0.0698
5.25,eb1168,6.0,0.31,14,0.0099,0.0504
5.25,eb1168,6.0,0.31,15,0.008,0.0334
5.25,eb1168,6.0,0.31,16,0.0065,0.019
5.25,eb1168,6.0,0.31,17,0.0027,0.0086
5.25,eb1168,6.0,0.315,0,0.0721,0.91
5.25,eb1168,6.0,0.315,1,0.2291,0.8036
5.25,eb1168,6.0,0.315,2,0.1719,0.6959
5.25,eb1168,6.0,0.315,3,0.1287,0.6074
5.25,eb1168,6.0,0.315,4,0.0807,0.5325
5.25,eb1168,6.0,0.315,5,0.071,0.4673
5.25,eb1168,6.0,0.315,6,0.0554,0.3968
5.25,eb1168,6.0,0.315,7,0.0425,0.3253
5.25,eb1168,6.0,0.315,8,0.0341,0.2541
5.25,eb1168,6.0,0.315,9,0.0251,0.1946
5.25,eb1168,6.0,0.315,10,0.0204,0.1495
5.25,eb1168,6.0,0.315,11,0.0178,0.1161
5.25,eb1168,6.0,0.315,12,0.0134,0.0882
5.25,eb1168,6.0,0.315,13,0.0118,0.0671
5.25,eb1168,6.0,0.315,14,0.0098,0.0482
5.25,eb1168,6.0,0.315,15,0.0074,0.032
5.25,eb1168,6.0,0.315,16,0.0064,0.018
5.25,eb1168,6.0,0.315,17,0.0024,0.0084
5.25,eb1168,6.4,0.295,0,0.0206,0.9619
5.25,eb1168,6.4,0.295,1,0.1973,0.8538
5.25,eb1168,6.4,0.295,2,0.1939,0.7428
5.25,eb1168,6.4,0.295,3,0.15,0.6461
5.25,eb1168,6.4,0.295,4,0.0936,0.5642
5.25,eb1168,6.4,0.295,5,0.081,0.4916
5.25,eb1168,6.4,0.295,6,0.0632,0.4154
5.25,eb1168,6.4,0.295,7,0.0485,0.3371
5.25,eb1168,6.4,0.295,8,0.0363,0.259
5.25,eb1168,6.4,0.295,9,0.0271,0.1946
5.25,eb1168,6.4,0.295,10,0.0218,0.1464
5.25,eb1168,6.4,0.295,11,0.0174,0.1122
5.25,eb1168,6.4,0.295,12,0.0139,0.0847
5.25,eb1168,6.4,0.295,13,0.0116,0.0623
5.25,eb1168,6.4,0.295,14,0.0096,0.0447
5.25,eb1168,6.4,0.295,15,0.0072,0.0281
5.25,eb1168,6.4,0.295,16,0.0059,0.0145
5.25,eb1168,6.4,0.295,17,0.0011,0.0075
5.25,eb1168,6.4,0.3,0,0.0378,0.9385
5.25,eb1168,6.4,0.3,1,0.2232,0.8306
5.25,eb1168,6.4,0.3,2,0.1885,0.7166
5.25,eb1168,6.4,0.3,3,0.1413,0.6208
5.25,eb1168,6.4,0.3,4,0.0881,0.5395
5.25,eb1168,6.4,0.3,5,0.0755,0.4687
5.25,eb1168,6.4,0.3,6,0.0584,0.3932
5.25,eb1168,6.4,0.3,7,0.0436,0.3167
5.25,eb1168,6.4,0.3,8,0.0347,0.2423
5.25,eb1168,6.4,0.3,9,0.0251,0.1822
5.25,eb1168,6.4,0.3,10,0.0205,0.1382
5.25,eb1168,6.4,0.3,11,0.0165,0.1064
5.25,eb1168,6.4,0.3,12,0.0132,0.0806
5.25,eb1168,6.4,0.3,13,0.0108,0.0596
5.25,eb1168,6.4,0.3,14,0.0094,0.0423
5.25,eb1168,6.4,0.3,15,0.0069,0.0265
5.25,eb1168,6.4,0.3,16,0.0057,0.0134
5.25,eb1168,6.4,0.3,17,0.0007,0.0081
5.25,eb1168,6.8,0.29,0,0.0242,0.9559
5.25,eb1168,6.8,0.29,1,0.2218,0.8419
5.25,eb1168,6.8,0.29,2,0.2007,0.7224
5.25,eb1168,6.8,0.29,3,0.1497,0.6197
5.25,eb1168,6.8,0.29,4,0.0922,0.532
5.25,eb1168,6.8,0.29,5,0.0766,0.4567
5.25,eb1168,6.8,0.29,6,0.0574,0.3775
5.25,eb1168,6.8,0.29,7,0.044,0.2972
5.25,eb1168,6.8,0.29,8,0.0334,0.2213
5.25,eb1168,6.8,0.29,9,0.0235,0.1642
5.25,eb1168,6.8,0.29,10,0.0198,0.1253
5.25,eb1168,6.8,0.29,11,0.015,0.0953
5.25,eb1168,6.8,0.29,12,0.0129,0.0712
5.25,eb1168,6.8,0.29,13,0.0103,0.0517
5.25,eb1168,6.8,0.29,14,0.0081,0.0351
5.25,eb1168,6.8,0.29,15,0.0063,0.0206
5.25,eb1168,6.8,0.29,16,0.004,0.0103
5.25,eb154,4.0,0.415,0,0.157,0.8437
5.25,eb154,4.0,0.415,1,0.1637,0.7474
5.25,eb154,4.0,0.415,2,0.1181,0.6805
5.25,eb154,4.0,0.415,3,0.0964,0.6263
5.25,eb154,4.0,0.415,4,0.0672,0.5806
5.25,eb154,4.0,0.415,5,0.0601,0.5393
5.25,eb154,4.0,0.415,6,0.0575,0.4928
5.25,eb154,4.0,0.415,7,0.0495,0.4439
5.25,eb154,4.0,0.415,8,0.0425,0.39
5.25,eb154,4.0,0.415,9,0.0355,0.3339
5.25,eb154,4.0,0.415,10,0.0312,0.2739
5.25,eb154,4.0,0.415,11,0.0261,0.2172
5.25,eb154,4.0,0.415,12,0.0204,0.1728
5.25,eb154,4.0,0.415,13,0.0178,0.1355
5.25,eb154,4.0,0.415,14,0.0168,0.1043
5.25,eb154,4.0,0.415,15,0.0132,0.0751
5.25,eb154,4.0,0.415,16,0.0119,0.052
5.25,eb154,4.0,0.415,17,0.0098,0.0302
5.25,eb154,4.0,0.415,18,0.0053,0.0132
5.25,eb154,4.0,0.42,0,0.1751,0.836
5.25,eb154,4.0,0.42,1,0.1649,0.7356
5.25,eb154,4.0,0.42,2,0.1161,0.6688
5.25,eb154,4.0,0.42,3,0.0934,0.6146
5.25,eb154,4.0,0.42,4,0.0658,0.5693
5.25,eb154,4.0,0.42,5,0.0579,0.5275
5.25,eb154,4.0,0.42,6,0.0557,0.4825
5.25,eb154,4.0,0.42,7,0.0477,0.4334
5.25,eb154,4.0,0.42,8,0.0413,0.38
5.25,eb154,4.0,0.42,9,0.0344,0.3233
5.25,eb154,4.0,0.42,10,0.0295,0.265
5.25,eb154,4.0,0.42,11,0.0255,0.2109
5.25,eb154,4.0,0.42,12,0.0197,0.1673
5.25,eb154,4.0,0.42,13,0.0175,0.1314
5.25,eb154,4.0,0.42,14,0.0159,0.1015
5.25,eb154,4.0,0.42,15,0.0131,0.0734
5.25,eb154,4.0,0.42,16,0.0116,0.0507
5.25,eb154,4.0,0.42,17,0.0096,0.0294
5.25,eb154,4.0,0.42,18,0.005,0.0129
5.25,eb154,4.4,0.375,0,0.0979,0.8727
5.25,eb154,4.4,0.375,1,0.1736,0.7825
5.25,eb154,4.4,0.375,2,0.1339,0.7067
5.25,eb154,4.4,0.375,3,0.1081,0.6463
5.25,eb154,4.4,0.375,4,0.0786,0.5936
5.25,eb154,4.4,0.375,5,0.0671,0.5458
5.25,eb154,4.4,0.375,6,0.063,0.4936
5.25,eb154,4.4,0.375,7,0.0536,0.4384
5.25,eb154,4.4,0.375,8,0.0455,0.3783
5.25,eb154,4.4,0.375,9,0.0366,0.315
5.25,eb154,4.4,0.375,10,0.0304,0.2523
5.25,eb154,4.4,0.375,11,0.0258,0.198
5.25,eb154,4.4,0.375,12,0.0201,0.1523
5.25,eb154,4.4,0.375,13,0.0171,0.119
5.25,eb154,4.4,0.375,14,0.0153,0.0886
5.25,eb154,4.4,0.375,15,0.0127,0.0633
5.25,eb154,4.4,0.375,16,0.0107,0.0398
5.25,eb154,4.4,0.375,17,0.0085,0.0211
5.25,eb154,4.4,0.375,18,0.0017,0.0095
5.25,eb154,4.4,0.38,0,0.1175,0.8622
5.25,eb154,4.4,0.38,1,0.1773,0.7684
5.25,eb154,4.4,0.38,2,0.132,0.6926
5.25,eb154,4.4,0.38,3,0.1062,0.6315
5.25,eb154,4.4,0.38,4,0.074,0.5795
5.25,eb154,4.4,0.38,5,0.0651,0.5323
5.25,eb154,4.4,0.38,6,0.061,0.4809
5.25,eb154,4.4,0.38,7,0.0508,0.426
5.25,eb154,4.4,0.38,8,0.0436,0.3668
5.25,eb154,4.4,0.38,9,0.0351,0.3041
5.25,eb154,4.4,0.38,10,0.0298,0.243
5.25,eb154,4.4,0.38,11,0.0242,0.191
5.25,eb154,4.4,0.38,12,0.0195,0.1478
5.25,eb154,4.4,0.38,13,0.0171,0.115
5.25,eb154,4.4,0.38,14,0.0146,0.0855
5.25,eb154,4.4,0.38,15,0.012,0.0613
5.25,eb154,4.4,0.38,16,0.0106,0.0387
5.25,eb154,4.4,0.38,17,0.0081,0.0199
5.25,eb154,4.4,0.38,18,0.0015,0.0099
5.25,eb154,4.4,0.385,0,0.1384,0.8521
5.25,eb154,4.4,0.385,1,0.1791,0.7544
5.25,eb154,4.4,0.385,2,0.1296,0.6789
5.25,eb154,4.4,0.385,3,0.1034,0.6177
5.25,eb154,4.4,0.385,4,0.0718,0.5659
5.25,eb154,4.4,0.385,5,0.0618,0.5186
5.25,eb154,4.4,0.385,6,0.0591,0.469
5.25,eb154,4.4,0.385,7,0.0483,0.4139
5.25,eb154,4.4,0.385,8,0.0415,0.356
5.25,eb154,4.4,0.385,9,0.0341,0.294
5.25,eb154,4.4,0.385,10,0.0287,0.2343
5.25,eb154,4.4,0.385,11,0.0229,0.1851
5.25,eb154,4.4,0.385,12,0.0191,0.1437
5.25,eb154,4.4,0.385,13,0.0172,0.1112
5.25,eb154,4.4,0.385,14,0.0138,0.0828
5.25,eb154,4.4,0.385,15,0.0118,0.0591
5.25,eb154,4.4,0.385,16,0.0105,0.0372
5.25,eb154,4.4,0.385,17,0.0077,0.019
5.25,eb154,4.4,0.385,18,0.0012,0.0098
5.25,eb154,4.4,0.39,0,0.1593,0.8427
5.25,eb154,4.4,0.39,1,0.1807,0.7407
5.25,eb154,4.4,0.39,2,0.1272,0.6651
5.25,eb154,4.4,0.39,3,0.1002,0.6039
5.25,eb154,4.4,0.39,4,0.0684,0.5526
5.25,eb154,4.4,0.39,5,0.0611,0.5051
5.25,eb154,4.4,0.39,6,0.056,0.4562
5.25,eb154,4.4,0.39,7,0.0461,0.4019
5.25,eb154,4.4,0.39,8,0.04,0.3447
5.25,eb154,4.4,0.39,9,0.033,0.2829
5.25,eb154,4.4,0.39,10,0.0274,0.2253
5.25,eb154,4.4,0.39,11,0.0215,0.179
5.25,eb154,4.4,0.39,12,0.0191,0.1395
5.25,eb154,4.4,0.39,13,0.0167,0.1075
5.25,eb154,4.4,0.39,14,0.013,0.0799
5.25,eb154,4.4,0.39,15,0.0116,0.0575
5.25,eb154,4.4,0.39,16,0.0104,0.0358
5.25,eb154,4.4,0.39,17,0.0074,0.0182
5.25,eb154,4.4,0.39,18,0.001,0.0101
5.25,eb154,4.4,0.395,0,0.1806,0.8338
5.25,eb154,4.4,0.395,1,0.182,0.727
5.25,eb154,4.4,0.395,2,0.1226,0.6517
5.25,eb154,4.4,0.395,3,0.0978,0.5912
5.25,eb154,4.4,0.395,4,0.0656,0.54
5.25,eb154,4.4,0.395,5,0.0599,0.4926
5.25,eb154,4.4,0.395,6,0.0538,0.444
5.25,eb154,4.4,0.395,7,0.0445,0.3894
5.25,eb154,4.4,0.395,8,0.0374,0.3335
5.25,eb154,4.4,0.395,9,0.0319,0.2732
5.25,eb154,4.4,0.395,10,0.0266,0.2172
5.25,eb154,4.4,0.395,11,0.0207,0.1729
5.25,eb154,4.4,0.395,12,0.0184,0.1354
5.25,eb154,4.4,0.395,13,0.0162,0.1047
5.25,eb154,4.4,0.395,14,0.0127,0.0779
5.25,eb154,4.4,0.395,15,0.0117,0.0555
5.25,eb154,4.4,0.395,16,0.0097,0.0343
5.25,eb154,4.4,0.395,17,0.0073,0.0177
5.25,eb154,4.4,0.395,18,0.0007,0.0107
5.25,eb154,4.4,0.4,0,0.2023,0.8251
5.25,eb154,4.4,0.4,1,0.1825,0.7134
5.25,eb154,4.4,0.4,2,0.1183,0.6383
5.25,eb154,4.4,0.4,3,0.0949,0.5785
5.25,eb154,4.4,0.4,4,0.0629,0.5275
5.25,eb154,4.4,0.4,5,0.0591,0.4808
5.25,eb154,4.4,0.4,6,0.0506,0.4319
5.25,eb154,4.4,0.4,7,0.0436,0.3779
5.25,eb154,4.4,0.4,8,0.0355,0.3218
5.25,eb154,4.4,0.4,9,0.0302,0.2638
5.25,eb154,4.4,0.4,10,0.026,0.2098
5.25,eb154,4.4,0.4,11,0.02,0.1668
5.25,eb154,4.4,0.4,12,0.0171,0.1318
5.25,eb154,4.4,0.4,13,0.0163,0.1023
5.25,eb154,4.4,0.4,14,0.0121,0.0755
5.25,eb154,4.4,0.4,15,0.0116,0.054
5.25,eb154,4.4,0.4,16,0.0093,0.0333
5.25,eb154,4.4,0.4,17,0.007,0.0169
5.25,eb154,4.4,0.4,18,0.0006,0.0116
5.25,eb154,4.8,0.35,0,0.0708,0.8892
5.25,eb154,4.8,0.35,1,0.1809,0.7989
5.25,eb154,4.8,0.35,2,0.1461,0.7152
5.25,eb154,4.8,0.35,3,0.1187,0.6477
5.25,eb154,4.8,0.35,4,0.0839,0.5888
5.25,eb154,4.8,0.35,5,0.0715,0.5354
5.25,eb154,4.8,0.35,6,0.0662,0.4781
5.25,eb154,4.8,0.35,7,0.0528,0.4176
5.25,eb154,4.8,0.35,8,0.045,0.3537
5.25,eb154,4.8,0.35,9,0.0365,0.2853
5.25,eb154,4.8,0.35,10,0.0292,0.2219
5.25,eb154,4.8,0.35,11,0.0229,0.1723
5.25,eb154,4.8,0.35,12,0.0189,0.1325
5.25,eb154,4.8,0.35,13,0.0171,0.1004
5.25,eb154,4.8,0.35,14,0.0133,0.0716
5.25,eb154,4.8,0.35,15,0.0115,0.0494
5.25,eb154,4.8,0.35,16,0.0093,0.029
5.25,eb154,4.8,0.35,17,0.0052,0.0128
5.25,eb154,4.8,0.355,0,0.0907,0.8769
5.25,eb154,4.8,0.355,1,0.1877,0.7829
5.25,eb154,4.8,0.355,2,0.1446,0.699
5.25,eb154,4.8,0.355,3,0.1157,0.6307
5.25,eb154,4.8,0.355,4,0.0799,0.5724
5.25,eb154,4.8,0.355,5,0.068,0.5191
5.25,eb154,4.8,0.355,6,0.0628,0.464
5.25,eb154,4.8,0.355,7,0.0508,0.4033
5.25,eb154,4.8,0.355,8,0.0425,0.3403
5.25,eb154,4.8,0.355,9,0.0347,0.2733
5.25,eb154,4.8,0.355,10,0.0284,0.2124
5.25,eb154,4.8,0.355,11,0.0217,0.1652
5.25,eb154,4.8,0.355,12,0.0184,0.1271
5.25,eb154,4.8,0.355,13,0.0159,0.0968
5.25,eb154,4.8,0.355,14,0.0131,0.0698
5.25,eb154,4.8,0.355,15,0.0113,0.0474
5.25,eb154,4.8,0.355,16,0.0092,0.0276
5.25,eb154,4.8,0.355,17,0.0047,0.0123
5.25,eb154,4.8,0.36,0,0.112,0.865
5.25,eb154,4.8,0.36,1,0.1933,0.767
5.25,eb154,4.8,0.36,2,0.1418,0.6828
5.25,eb154,4.8,0.36,3,0.1123,0.6144
5.25,eb154,4.8,0.36,4,0.0758,0.5565
5.25,eb154,4.8,0.36,5,0.0667,0.503
5.25,eb154,4.8,0.36,6,0.0595,0.4485
5.25,eb154,4.8,0.36,7,0.0481,0.3882
5.25,eb154,4.8,0.36,8,0.0399,0.3265
5.25,eb154,4.8,0.36,9,0.0327,0.2619
5.25,eb154,4.8,0.36,10,0.0275,0.204
5.25,eb154,4.8,0.36,11,0.0203,0.1586
5.25,eb154,4.8,0.36,12,0.0184,0.1225
5.25,eb154,4.8,0.36,13,0.0151,0.0933
5.25,eb154,4.8,0.36,14,0.0128,0.0676
5.25,eb154,4.8,0.36,15,0.0108,0.0453
5.25,eb154,4.8,0.36,16,0.0089,0.0263
5.25,eb154,4.8,0.36,17,0.0042,0.012
5.25,eb154,4.8,0.365,0,0.1358,0.8533
5.25,eb154,4.8,0.365,1,0.1953,0.751
5.25,eb154,4.8,0.365,2,0.139,0.6669
5.25,eb154,4.8,0.365,3,0.1075,0.5989
5.25,eb154,4.8,0.365,4,0.0722,0.5417
5.25,eb154,4.8,0.365,5,0.0647,0.489
5.25,eb154,4.8,0.365,6,0.0562,0.4351
5.25,eb154,4.8,0.365,7,0.0468,0.3751
5.25,eb154,4.8,0.365,8,0.0379,0.3129
5.25,eb154,4.8,0.365,9,0.031,0.2506
5.25,eb154,4.8,0.365,10,0.0262,0.1962
5.25,eb154,4.8,0.365,11,0.0198,0.1518
5.25,eb154,4.8,0.365,12,0.0173,0.1189
5.25,eb154,4.8,0.365,13,0.015,0.0894
5.25,eb154,4.8,0.365,14,0.0121,0.0654
5.25,eb154,4.8,0.365,15,0.0107,0.0433
5.25,eb154,4.8,0.365,16,0.0086,0.0252
5.25,eb154,4.8,0.365,17,0.0038,0.0118
5.25,eb154,4.8,0.37,0,0.1603,0.8423
5.25,eb154,4.8,0.37,1,0.1971,0.735
5.25,eb154,4.8,0.37,2,0.1341,0.6513
5.25,eb154,4.8,0.37,3,0.1042,0.5839
5.25,eb154,4.8,0.37,4,0.0684,0.5271
5.25,eb154,4.8,0.37,5,0.0635,0.4752
5.25,eb154,4.8,0.37,6,0.0531,0.4207
5.25,eb154,4.8,0.37,7,0.0449,0.3618
5.25,eb154,4.8,0.37,8,0.0358,0.2998
5.25,eb154,4.8,0.37,9,0.0296,0.2401
5.25,eb154,4.8,0.37,10,0.0249,0.1888
5.25,eb154,4.8,0.37,11,0.0193,0.1463
5.25,eb154,4.8,0.37,12,0.0166,0.1151
5.25,eb154,4.8,0.37,13,0.0145,0.0868
5.25,eb154,4.8,0.37,14,0.0121,0.0631
5.25,eb154,4.8,0.37,15,0.01,0.0415
5.25,eb154,4.8,0.37,16,0.0083,0.0246
5.25,eb154,4.8,0.37,17,0.0035,0.0113
5.25,eb154,5.2,0.33,0,0.0467,0.9082
5.25,eb154,5.2,0.33,1,0.1828,0.8158
5.25,eb154,5.2,0.33,2,0.1601,0.725
5.25,eb154,5.2,0.33,3,0.1299,0.6496
5.25,eb154,5.2,0.33,4,0.0889,0.5843
5.25,eb154,5.2,0.33,5,0.0751,0.5258
5.25,eb154,5.2,0.33,6,0.0684,0.4641
5.25,eb154,5.2,0.33,7,0.0545,0.397
5.25,eb154,5.2,0.33,8,0.0435,0.3285
5.25,eb154,5.2,0.33,9,0.0348,0.2585
5.25,eb154,5.2,0.33,10,0.0288,0.1976
5.25,eb154,5.2,0.33,11,0.0211,0.1492
5.25,eb154,5.2,0.33,12,0.018,0.1145
5.25,eb154,5.2,0.33,13,0.0153,0.0842
5.25,eb154,5.2,0.33,14,0.012,0.0598
5.25,eb154,5.2,0.33,15,0.0105,0.0379
5.25,eb154,5.2,0.33,16,0.0078,0.02
5.25,eb154,5.2,0.33,17,0.0018,0.0096
5.25,eb154,5.2,0.335,0,0.0666,0.8922
5.25,eb154,5.2,0.335,1,0.1944,0.7975
5.25,eb154,5.2,0.335,2,0.1582,0.7056
5.25,eb154,5.2,0.335,3,0.1244,0.6303
5.25,eb154,5.2,0.335,4,0.0857,0.5657
5.25,eb154,5.2,0.335,5,0.0722,0.5062
5.25,eb154,5.2,0.335,6,0.0633,0.4465
5.25,eb154,5.2,0.335,7,0.0515,0.3806
5.25,eb154,5.2,0.335,8,0.0411,0.3124
5.25,eb154,5.2,0.335,9,0.0329,0.2446
5.25,eb154,5.2,0.335,10,0.0264,0.1884
5.25,eb154,5.2,0.335,11,0.0204,0.1432
5.25,eb154,5.2,0.335,12,0.018,0.1094
5.25,eb154,5.2,0.335,13,0.0142,0.0805
5.25,eb154,5.2,0.335,14,0.0116,0.0572
5.25,eb154,5.2,0.335,15,0.0103,0.0359
5.25,eb154,5.2,0.335,16,0.0074,0.0188
5.25,eb154,5.2,0.335,17,0.0014,0.0098
5.25,eb154,5.2,0.34,0,0.0882,0.8783
5.25,eb154,5.2,0.34,1,0.2038,0.7794
5.25,eb154,5.2,0.34,2,0.1544,0.6871
5.25,eb154,5.2,0.34,3,0.1204,0.6118
5.25,eb154,5.2,0.34,4,0.0798,0.5481
5.25,eb154,5.2,0.34,5,0.0703,0.4894
5.25,eb154,5.2,0.34,6,0.0595,0.4301
5.25,eb154,5.2,0.34,7,0.0491,0.365
5.25,eb154,5.2,0.34,8,0.0383,0.2973
5.25,eb154,5.2,0.34,9,0.0312,0.233
5.25,eb154,5.2,0.34,10,0.0245,0.1809
5.25,eb154,5.2,0.34,11,0.0203,0.1378
5.25,eb154,5.2,0.34,12,0.0174,0.1049
5.25,eb154,5.2,0.34,13,0.0132,0.0772
5.25,eb154,5.2,0.34,14,0.0119,0.0547
5.25,eb154,5.2,0.34,15,0.0096,0.0337
5.25,eb154,5.2,0.34,16,0.007,0.0179
5.25,eb154,5.2,0.34,17,0.0011,0.0098
5.25,eb154,5.2,0.345,0,0.1126,0.8647
5.25,eb154,5.2,0.345,1,0.2094,0.7615
5.25,eb154,5.2,0.345,2,0.1505,0.6691
5.25,eb154,5.2,0.345,3,0.1157,0.594
5.25,eb154,5.2,0.345,4,0.0746,0.531
5.25,eb154,5.2,0.345,5,0.0685,0.4739
5.25,eb154,5.2,0.345,6,0.056,0.4138
5.25,eb154,5.2,0.345,7,0.0456,0.3505
5.25,eb154,5.2,0.345,8,0.0371,0.284
5.25,eb154,5.2,0.345,9,0.0296,0.2219
5.25,eb154,5.2,0.345,10,0.023,0.1728
5.25,eb154,5.2,0.345,11,0.0195,0.1327
5.25,eb154,5.2,0.345,12,0.0169,0.101
5.25,eb154,5.2,0.345,13,0.0127,0.0742
5.25,eb154,5.2,0.345,14,0.0118,0.0524
5.25,eb154,5.2,0.345,15,0.009,0.0322
5.25,eb154,5.2,0.345,16,0.0069,0.0168
5.25,eb154,5.2,0.345,17,0.0007,0.0105
5.25,eb154,5.6,0.315,0,0.0323,0.9231
5.25,eb154,5.6,0.315,1,0.1849,0.8266
5.25,eb154,5.6,0.315,2,0.1724,0.729
5.25,eb154,5.6,0.315,3,0.1394,0.6461
5.25,eb154,5.6,0.315,4,0.0933,0.5747
5.25,eb154,5.6,0.315,5,0.0791,0.5097
5.25,eb154,5.6,0.315,6,0.0676,0.444
5.25,eb154,5.6,0.315,7,0.054,0.3726
5.25,eb154,5.6,0.315,8,0.0417,0.2991
5.25,eb154,5.6,0.315,9,0.0332,0.2292
5.25,eb154,5.6,0.315,10,0.025,0.1744
5.25,eb154,5.6,0.315,11,0.0202,0.1316
5.25,eb154,5.6,0.315,12,0.0179,0.0984
5.25,eb154,5.6,0.315,13,0.0133,0.0698
5.25,eb154,5.6,0.315,14,0.0116,0.0477
5.25,eb154,5.6,0.315,15,0.009,0.0282
5.25,eb154,5.6,0.315,16,0.0053,0.0126
5.25,eb154,5.6,0.32,0,0.0499,0.9053
5.25,eb154,5.6,0.32,1,0.2034,0.8065
5.25,eb154,5.6,0.32,2,0.169,0.7071
5.25,eb154,5.6,0.32,3,0.1333,0.6248
5.25,eb154,5.6,0.32,4,0.0876,0.5545
5.25,eb154,5.6,0.32,5,0.0762,0.4901
5.25,eb154,5.6,0.32,6,0.0625,0.4251
5.25,eb154,5.6,0.32,7,0.0502,0.3556
5.25,eb154,5.6,0.32,8,0.0398,0.2831
5.25,eb154,5.6,0.32,9,0.0313,0.2163
5.25,eb154,5.6,0.32,10,0.0237,0.165
5.25,eb154,5.6,0.32,11,0.0195,0.1247
5.25,eb154,5.6,0.32,12,0.0162,0.0938
5.25,eb154,5.6,0.32,13,0.0132,0.0674
5.25,eb154,5.6,0.32,14,0.0111,0.045
5.25,eb154,5.6,0.32,15,0.0087,0.0266
5.25,eb154,5.6,0.32,16,0.0046,0.012
5.25,eb154,5.6,0.325,0,0.0729,0.8878
5.25,eb154,5.6,0.325,1,0.2146,0.7864
5.25,eb154,5.6,0.325,2,0.1658,0.6863
5.25,eb154,5.6,0.325,3,0.127,0.6041
5.25,eb154,5.6,0.325,4,0.0817,0.5348
5.25,eb154,5.6,0.325,5,0.0735,0.472
5.25,eb154,5.6,0.325,6,0.0577,0.4071
5.25,eb154,5.6,0.325,7,0.0476,0.3391
5.25,eb154,5.6,0.325,8,0.0373,0.2681
5.25,eb154,5.6,0.325,9,0.0299,0.2046
5.25,eb154,5.6,0.325,10,0.022,0.1565
5.25,eb154,5.6,0.325,11,0.019,0.119
5.25,eb154,5.6,0.325,12,0.0156,0.0893
5.25,eb154,5.6,0.325,13,0.0124,0.0644
5.25,eb154,5.6,0.325,14,0.0107,0.0425
5.25,eb154,5.6,0.325,15,0.0084,0.0252
5.25,eb154,5.6,0.325,16,0.0041,0.0116
5.25,eb154,6.0,0.305,0,0.028,0.9284
5.25,eb154,6.0,0.305,1,0.1958,0.8262
5.25,eb154,6.0,0.305,2,0.1835,0.7212
5.25,eb154,6.0,0.305,3,0.145,0.6312
5.25,eb154,6.0,0.305,4,0.0937,0.5546
5.25,eb154,6.0,0.305,5,0.0802,0.4849
5.25,eb154,6.0,0.305,6,0.0643,0.4148
5.25,eb154,6.0,0.305,7,0.0512,0.3403
5.25,eb154,6.0,0.305,8,0.039,0.2642
5.25,eb154,6.0,0.305,9,0.0311,0.1984
5.25,eb154,6.0,0.305,10,0.0223,0.1477
5.25,eb154,6.0,0.305,11,0.0189,0.1118
5.25,eb154,6.0,0.305,12,0.0153,0.0812
5.25,eb154,6.0,0.305,13,0.012,0.0576
5.25,eb154,6.0,0.305,14,0.0102,0.0365
5.25,eb154,6.0,0.305,15,0.0074,0.0197
5.25,eb154,6.0,0.305,16,0.002,0.0093
5.25,eb154,6.0,0.31,0,0.0469,0.9081
5.25,eb154,6.0,0.31,1,0.2169,0.8043
5.25,eb154,6.0,0.31,2,0.1792,0.6972
5.25,eb154,6.0,0.31,3,0.1371,0.6081
5.25,eb154,6.0,0.31,4,0.0872,0.5325
5.25,eb154,6.0,0.31,5,0.0765,0.4648
5.25,eb154,6.0,0.31,6,0.0599,0.3942
5.25,eb154,6.0,0.31,7,0.0473,0.3216
5.25,eb154,6.0,0.31,8,0.0364,0.2483
5.25,eb154,6.0,0.31,9,0.0288,0.1874
5.25,eb154,6.0,0.31,10,0.0213,0.1402
5.25,eb154,6.0,0.31,11,0.0185,0.1059
5.25,eb154,6.0,0.31,12,0.014,0.0771
5.25,eb154,6.0,0.31,13,0.012,0.0543
5.25,eb154,6.0,0.31,14,0.0097,0.0338
5.25,eb154,6.0,0.31,15,0.0069,0.0182
5.25,eb154,6.0,0.31,16,0.0015,0.0095
5.25,eb154,6.4,0.295,0,0.0201,0.9409
5.25,eb154,6.4,0.295,1,0.1981,0.8321
5.25,eb154,6.4,0.295,2,0.1958,0.721
5.25,eb154,6.4,0.295,3,0.1513,0.6242
5.25,eb154,6.4,0.295,4,0.0956,0.542
5.25,eb154,6.4,0.295,5,0.0821,0.4687
5.25,eb154,6.4,0.295,6,0.0638,0.3925
5.25,eb154,6.4,0.295,7,0.0489,0.3146
5.25,eb154,6.4,0.295,8,0.0373,0.2378
5.25,eb154,6.4,0.295,9,0.0273,0.1777
5.25,eb154,6.4,0.295,10,0.022,0.1316
5.25,eb154,6.4,0.295,11,0.0183,0.0972
5.25,eb154,6.4,0.295,12,0.0135,0.0685
5.25,eb154,6.4,0.295,13,0.0116,0.0468
5.25,eb154,6.4,0.295,14,0.0089,0.0277
5.25,eb154,6.4,0.295,15,0.0054,0.0125
5.25,eb154,6.4,0.3,0,0.0371,0.9176
5.25,eb154,6.4,0.3,1,0.2238,0.8093
5.25,eb154,6.4,0.3,2,0.1908,0.6952
5.25,eb154,6.4,0.3,3,0.1431,0.599
5.25,eb154,6.4,0.3,4,0.0889,0.5177
5.25,eb154,6.4,0.3,5,0.0778,0.4461
5.25,eb154,6.4,0.3,6,0.0589,0.3701
5.25,eb154,6.4,0.3,7,0.0444,0.2935
5.25,eb154,6.4,0.3,8,0.0346,0.2217
5.25,eb154,6.4,0.3,9,0.0257,0.1659
5.25,eb154,6.4,0.3,10,0.0207,0.1238
5.25,eb154,6.4,0.3,11,0.0166,0.0919
5.25,eb154,6.4,0.3,12,0.0134,0.0656
5.25,eb154,6.4,0.3,13,0.0108,0.0437
5.25,eb154,6.4,0.3,14,0.0086,0.026
5.25,eb154,6.4,0.3,15,0.0047,0.0118
5.5,eb0482,4.4,0.395,0,0.1507,0.8061
5.5,eb0482,4.4,0.395,1,0.1616,0.6895
5.5,eb0482,4.4,0.395,2,0.1139,0.6065
5.5,eb0482,4.4,0.395,3,0.0912,0.5402
5.5,eb0482,4.4,0.395,4,0.0632,0.4846
5.5,eb0482,4.4,0.395,5,0.0553,0.4353
5.5,eb0482,4.4,0.395,6,0.0512,0.3816
5.5,eb0482,4.4,0.395,7,0.0444,0.3282
5.5,eb0482,4.4,0.395,8,0.037,0.2726
5.5,eb0482,4.4,0.395,9,0.033,0.2255
5.5,eb0482,4.4,0.395,10,0.0269,0.19
5.5,eb0482,4.4,0.395,11,0.0247,0.1634
5.5,eb0482,4.4,0.395,12,0.0218,0.1415
5.5,eb0482,4.4,0.395,13,0.0191,0.1225
5.5,eb0482,4.4,0.395,14,0.0178,0.1047
5.5,eb0482,4.4,0.395,15,0.0171,0.0902
5.5,eb0482,4.4,0.395,16,0.0147,0.0759
5.5,eb0482,4.4,0.395,17,0.0146,0.0626
5.5,eb0482,4.4,0.395,18,0.0133,0.05
5.5,eb0482,4.4,0.395,19,0.0125,0.0365
5.5,eb0482,4.4,0.395,20,0.0111,0.0224
5.5,eb0482,4.4,0.395,21,0.0051,0.0111
5.5,eb0482,4.4,0.4,0,0.1699,0.7964
5.5,eb0482,4.4,0.4,1,0.1617,0.6751
5.5,eb0482,4.4,0.4,2,0.1118,0.5925
5.5,eb0482,4.4,0.4,3,0.0878,0.5264
5.5,eb0482,4.4,0.4,4,0.0613,0.4719
5.5,eb0482,4.4,0.4,5,0.0528,0.4229
5.5,eb0482,4.4,0.4,6,0.0499,0.3704
5.5,eb0482,4.4,0.4,7,0.0437,0.3166
5.5,eb0482,4.4,0.4,8,0.0345,0.2625
5.5,eb0482,4.4,0.4,9,0.0319,0.2196
5.5,eb0482,4.4,0.4,10,0.0266,0.1852
5.5,eb0482,4.4,0.4,11,0.0236,0.1599
5.5,eb0482,4.4,0.4,12,0.0219,0.1386
5.5,eb0482,4.4,0.4,13,0.0179,0.1206
5.5,eb0482,4.4,0.4,14,0.0176,0.1035
5.5,eb0482,4.4,0.4,15,0.017,0.089
5.5,eb0482,4.4,0.4,16,0.0141,0.0747
5.5,eb0482,4.4,0.4,17,0.0145,0.0621
5.5,eb0482,4.4,0.4,18,0.0132,0.0495
5.5,eb0482,4.4,0.4,19,0.0124,0.0362
5.5,eb0482,4.4,0.4,20,0.0108,0.022
5.5,eb0482,4.4,0.4,21,0.005,0.011
5.5,eb0482,4.4,0.405,0,0.189,0.7872
5.5,eb0482,4.4,0.405,1,0.1625,0.6608
5.5,eb0482,4.4,0.405,2,0.1083,0.5786
5.5,eb0482,4.4,0.405,3,0.0856,0.5131
5.5,eb0482,4.4,0.405,4,0.059,0.4589
5.5,eb0482,4.4,0.405,5,0.0506,0.41
5.5,eb0482,4.4,0.405,6,0.0486,0.3593
5.5,eb0482,4.4,0.405,7,0.0412,0.3058
5.5,eb0482,4.4,0.405,8,0.0338,0.2537
5.5,eb0482,4.4,0.405,9,0.0303,0.2137
5.5,eb0482,4.4,0.405,10,0.0263,0.181
5.5,eb0482,4.4,0.405,11,0.0227,0.1569
5.5,eb0482,4.4,0.405,12,0.0216,0.136
5.5,eb0482,4.4,0.405,13,0.0174,0.1186
5.5,eb0482,4.4,0.405,14,0.0174,0.102
5.5,eb0482,4.4,0.405,15,0.0166,0.0878
5.5,eb0482,4.4,0.405,16,0.014,0.0737
5.5,eb0482,4.4,0.405,17,0.0141,0.0615
5.5,eb0482,4.4,0.405,18,0.013,0.049
5.5,eb0482,4.4,0.405,19,0.0123,0.0358
5.5,eb0482,4.4,0.405,20,0.0108,0.0219
5.5,eb0482,4.4,0.405,21,0.0049,0.0109
5.5,eb0482,4.4,0.41,0,0.2084,0.7783
5.5,eb0482,4.4,0.41,1,0.162,0.6468
5.5,eb0482,4.4,0.41,2,0.1042,0.5652
5.5,eb0482,4.4,0.41,3,0.0836,0.5008
5.5,eb0482,4.4,0.41,4,0.0574,0.4463
5.5,eb0482,4.4,0.41,5,0.0482,0.3979
5.5,eb0482,4.4,0.41,6,0.0476,0.3488
5.5,eb0482,4.4,0.41,7,0.0391,0.2952
5.5,eb0482,4.4,0.41,8,0.0335,0.2451
5.5,eb0482,4.4,0.41,9,0.0286,0.2077
5.5,eb0482,4.4,0.41,10,0.0253,0.1769
5.5,eb0482,4.4,0.41,11,0.0225,0.1538
5.5,eb0482,4.4,0.41,12,0.0212,0.1336
5.5,eb0482,4.4,0.41,13,0.0173,0.1161
5.5,eb0482,4.4,0.41,14,0.0166,0.1005
5.5,eb0482,4.4,0.41,15,0.0162,0.0868
5.5,eb0482,4.4,0.41,16,0.0142,0.073
5.5,eb0482,4.4,0.41,17,0.0136,0.0604
5.5,eb0482,4.4,0.41,18,0.013,0.0486
5.5,eb0482,4.4,0.41,19,0.012,0.0353
5.5,eb0482,4.4,0.41,20,0.0107,0.0216
5.5,eb0482,4.4,0.41,21,0.0047,0.0109
5.5,eb0482,4.4,0.415,0,0.2276,0.7698
5.5,eb0482,4.4,0.415,1,0.1601,0.6335
5.5,eb0482,4.4,0.415,2,0.1019,0.5521
5.5,eb0482,4.4,0.415,3,0.0811,0.4883
5.5,eb0482,4.4,0.415,4,0.0544,0.4347
5.5,eb0482,4.4,0.415,5,0.0487,0.386
5.5,eb0482,4.4,0.415,6,0.0449,0.3376
5.5,eb0482,4.4,0.415,7,0.0375,0.285
5.5,eb0482,4.4,0.415,8,0.0322,0.2378
5.5,eb0482,4.4,0.415,9,0.028,0.2022
5.5,eb0482,4.4,0.415,10,0.0246,0.1729
5.5,eb0482,4.4,0.415,11,0.022,0.151
5.5,eb0482,4.4,0.415,12,0.0209,0.1309
5.5,eb0482,4.4,0.415,13,0.0167,0.114
5.5,eb0482,4.4,0.415,14,0.0158,0.0991
5.5,eb0482,4.4,0.415,15,0.0163,0.0861
5.5,eb0482,4.4,0.415,16,0.0139,0.0719
5.5,eb0482,4.4,0.415,17,0.0134,0.06
5.5,eb0482,4.4,0.415,18,0.0129,0.0483
5.5,eb0482,4.4,0.415,19,0.0119,0.035
5.5,eb0482,4.4,0.415,20,0.0106,0.0213
5.5,eb0482,4.4,0.415,21,0.0046,0.0107
5.5,eb0482,4.4,0.42,0,0.2471,0.7615
5.5,eb0482,4.4,0.42,1,0.1582,0.6199
5.5,eb0482,4.4,0.42,2,0.0988,0.5389
5.5,eb0482,4.4,0.42,3,0.0784,0.4762
5.5,eb0482,4.4,0.42,4,0.052,0.4232
5.5,eb0482,4.4,0.42,5,0.0485,0.3747
5.5,eb0482,4.4,0.42,6,0.0423,0.3273
5.5,eb0482,4.4,0.42,7,0.0364,0.2757
5.5,eb0482,4.4,0.42,8,0.0316,0.2303
5.5,eb0482,4.4,0.42,9,0.0265,0.1968
5.5,eb0482,4.4,0.42,10,0.024,0.1694
5.5,eb0482,4.4,0.42,11,0.0218,0.1482
5.5,eb0482,4.4,0.42,12,0.0201,0.1288
5.5,eb0482,4.4,0.42,13,0.0165,0.1121
5.5,eb0482,4.4,0.42,14,0.0157,0.0978
5.5,eb0482,4.4,0.42,15,0.0159,0.0849
5.5,eb0482,4.4,0.42,16,0.0136,0.0712
5.5,eb0482,4.4,0.42,17,0.0134,0.0592
5.5,eb0482,4.4,0.42,18,0.0126,0.0479
5.5,eb0482,4.4,0.42,19,0.0118,0.0347
5.5,eb0482,4.4,0.42,20,0.0106,0.0211
5.5,eb0482,4.4,0.42,21,0.0044,0.0106
5.5,eb0482,4.8,0.365,0,0.1112,0.8281
5.5,eb0482,4.8,0.365,1,0.1738,0.7149
5.5,eb0482,4.8,0.365,2,0.127,0.622
5.5,eb0482,4.8,0.365,3,0.1008,0.5481
5.5,eb0482,4.8,0.365,4,0.0687,0.4861
5.5,eb0482,4.8,0.365,5,0.0595,0.4315
5.5,eb0482,4.8,0.365,6,0.0548,0.3727
5.5,eb0482,4.8,0.365,7,0.046,0.3138
5.5,eb0482,4.8,0.365,8,0.0375,0.2554
5.5,eb0482,4.8,0.365,9,0.0323,0.2113
5.5,eb0482,4.8,0.365,10,0.0278,0.1767
5.5,eb0482,4.8,0.365,11,0.0239,0.1515
5.5,eb0482,4.8,0.365,12,0.0223,0.13
5.5,eb0482,4.8,0.365,13,0.0175,0.1115
5.5,eb0482,4.8,0.365,14,0.0175,0.0958
5.5,eb0482,4.8,0.365,15,0.0156,0.082
5.5,eb0482,4.8,0.365,16,0.0145,0.0686
5.5,eb0482,4.8,0.365,17,0.0136,0.0554
5.5,eb0482,4.8,0.365,18,0.0118,0.0443
5.5,eb0482,4.8,0.365,19,0.0113,0.0318
5.5,eb0482,4.8,0.365,20,0.0098,0.0177
5.5,eb0482,4.8,0.365,21,0.0027,0.0099
5.5,eb0482,4.8,0.37,0,0.1327,0.8157
5.5,eb0482,4.8,0.37,1,0.1754,0.6979
5.5,eb0482,4.8,0.37,2,0.1245,0.6056
5.5,eb0482,4.8,0.37,3,0.0967,0.5322
5.5,eb0482,4.8,0.37,4,0.0671,0.471
5.5,eb0482,4.8,0.37,5,0.0564,0.4161
5.5,eb0482,4.8,0.37,6,0.0531,0.3593
5.5,eb0482,4.8,0.37,7,0.0435,0.3006
5.5,eb0482,4.8,0.37,8,0.0363,0.2449
5.5,eb0482,4.8,0.37,9,0.0307,0.2042
5.5,eb0482,4.8,0.37,10,0.0264,0.1721
5.5,eb0482,4.8,0.37,11,0.0237,0.1483
5.5,eb0482,4.8,0.37,12,0.0214,0.1272
5.5,eb0482,4.8,0.37,13,0.0171,0.1091
5.5,eb0482,4.8,0.37,14,0.0172,0.0943
5.5,eb0482,4.8,0.37,15,0.0155,0.0806
5.5,eb0482,4.8,0.37,16,0.014,0.0674
5.5,eb0482,4.8,0.37,17,0.0132,0.0552
5.5,eb0482,4.8,0.37,18,0.0118,0.0436
5.5,eb0482,4.8,0.37,19,0.0111,0.0313
5.5,eb0482,4.8,0.37,20,0.0096,0.0174
5.5,eb0482,4.8,0.37,21,0.0026,0.0099
5.5,eb0482,4.8,0.375,0,0.1544,0.8042
5.5,eb0482,4.8,0.375,1,0.1762,0.6813
5.5,eb0482,4.8,0.375,2,0.1216,0.5895
5.5,eb0482,4.8,0.375,3,0.0935,0.5162
5.5,eb0482,4.8,0.375,4,0.0642,0.4558
5.5,eb0482,4.8,0.375,5,0.0534,0.4016
5.5,eb0482,4.8,0.375,6,0.0516,0.3467
5.5,eb0482,4.8,0.375,7,0.0411,0.2881
5.5,eb0482,4.8,0.375,8,0.0356,0.2358
5.5,eb0482,4.8,0.375,9,0.0288,0.1974
5.5,eb0482,4.8,0.375,10,0.0261,0.1674
5.5,eb0482,4.8,0.375,11,0.0228,0.1446
5.5,eb0482,4.8,0.375,12,0.0205,0.1249
5.5,eb0482,4.8,0.375,13,0.0174,0.1068
5.5,eb0482,4.8,0.375,14,0.0162,0.0932
5.5,eb0482,4.8,0.375,15,0.0153,0.0791
5.5,eb0482,4.8,0.375,16,0.0137,0.0667
5.5,eb0482,4.8,0.375,17,0.013,0.0546
5.5,eb0482,4.8,0.375,18,0.0115,0.043
5.5,eb0482,4.8,0.375,19,0.0111,0.0309
5.5,eb0482,4.8,0.375,20,0.0095,0.0171
5.5,eb0482,4.8,0.375,21,0.0024,0.0099
5.5,eb0482,4.8,0.38,0,0.1761,0.7934
5.5,eb0482,4.8,0.38,1,0.1771,0.6649
5.5,eb0482,4.8,0.38,2,0.1167,0.5738
5.5,eb0482,4.8,0.38,3,0.091,0.5016
5.5,eb0482,4.8,0.38,4,0.061,0.4416
5.5,eb0482,4.8,0.38,5,0.0532,0.3872
5.5,eb0482,4.8,0.38,6,0.0481,0.3337
5.5,eb0482,4.8,0.38,7,0.0394,0.2767
5.5,eb0482,4.8,0.38,8,0.0345,0.2273
5.5,eb0482,4.8,0.38,9,0.0271,0.1911
5.5,eb0482,4.8,0.38,10,0.0256,0.1637
5.5,eb0482,4.8,0.38,11,0.0224,0.1413
5.5,eb0482,4.8,0.38,12,0.0195,0.1226
5.5,eb0482,4.8,0.38,13,0.0171,0.105
5.5,eb0482,4.8,0.38,14,0.0159,0.0919
5.5,eb0482,4.8,0.38,15,0.015,0.0781
5.5,eb0482,4.8,0.38,16,0.0134,0.0662
5.5,eb0482,4.8,0.38,17,0.0132,0.054
5.5,eb0482,4.8,0.38,18,0.0111,0.0424
5.5,eb0482,4.8,0.38,19,0.011,0.0305
5.5,eb0482,4.8,0.38,20,0.0094,0.017
5.5,eb0482,4.8,0.38,21,0.0023,0.01
5.5,eb0482,4.8,0.385,0,0.1984,0.7828
5.5,eb0482,4.8,0.385,1,0.1766,0.6487
5.5,eb0482,4.8,0.385,2,0.1122,0.5582
5.5,eb0482,4.8,0.385,3,0.0883,0.487
5.5,eb0482,4.8,0.385,4,0.0577,0.4275
5.5,eb0482,4.8,0.385,5,0.0525,0.3738
5.5,eb0482,4.8,0.385,6,0.0453,0.3209
5.5,eb0482,4.8,0.385,7,0.0374,0.266
5.5,eb0482,4.8,0.385,8,0.0332,0.2199
5.5,eb0482,4.8,0.385,9,0.0268,0.1853
5.5,eb0482,4.8,0.385,10,0.0244,0.1596
5.5,eb0482,4.8,0.385,11,0.0217,0.1384
5.5,eb0482,4.8,0.385,12,0.0186,0.1201
5.5,eb0482,4.8,0.385,13,0.0169,0.1035
5.5,eb0482,4.8,0.385,14,0.0159,0.0904
5.5,eb0482,4.8,0.385,15,0.0147,0.0768
5.5,eb0482,4.8,0.385,16,0.013,0.0651
5.5,eb0482,4.8,0.385,17,0.013,0.0534
5.5,eb0482,4.8,0.385,18,0.0109,0.0418
5.5,eb0482,4.8,0.385,19,0.0109,0.0302
5.5,eb0482,4.8,0.385,20,0.0093,0.0166
5.5,eb0482,4.8,0.385,21,0.0022,0.01
5.5,eb0482,4.8,0.39,0,0.2208,0.7728
5.5,eb0482,4.8,0.39,1,0.1741,0.6333
5.5,eb0482,4.8,0.39,2,0.1094,0.543
5.5,eb0482,4.8,0.39,3,0.0848,0.4727
5.5,eb0482,4.8,0.39,4,0.0546,0.4143
5.5,eb0482,4.8,0.39,5,0.051,0.3618
5.5,eb0482,4.8,0.39,6,0.0444,0.3086
5.5,eb0482,4.8,0.39,7,0.0351,0.255
5.5,eb0482,4.8,0.39,8,0.0319,0.2131
5.5,eb0482,4.8,0.39,9,0.0264,0.18
5.5,eb0482,4.8,0.39,10,0.0232,0.1556
5.5,eb0482,4.8,0.39,11,0.0214,0.1355
5.5,eb0482,4.8,0.39,12,0.0175,0.1185
5.5,eb0482,4.8,0.39,13,0.0171,0.102
5.5,eb0482,4.8,0.39,14,0.016,0.0888
5.5,eb0482,4.8,0.39,15,0.014,0.0756
5.5,eb0482,4.8,0.39,16,0.013,0.064
5.5,eb0482,4.8,0.39,17,0.0125,0.0528
5.5,eb0482,4.8,0.39,18,0.0108,0.0414
5.5,eb0482,4.8,0.39,19,0.0108,0.0298
5.5,eb0482,4.8,0.39,20,0.0091,0.0164
5.5,eb0482,4.8,0.39,21,0.0021,0.01
5.5,eb0482,4.8,0.395,0,0.2439,0.7629
5.5,eb0482,4.8,0.395,1,0.1709,0.6176
5.5,eb0482,4.8,0.395,2,0.1063,0.5277
5.5,eb0482,4.8,0.395,3,0.0812,0.4587
5.5,eb0482,4.8,0.395,4,0.0523,0.4002
5.5,eb0482,4.8,0.395,5,0.0495,0.3497
5.5,eb0482,4.8,0.395,6,0.0418,0.2967
5.5,eb0482,4.8,0.395,7,0.0342,0.2454
5.5,eb0482,4.8,0.395,8,0.0298,0.207
5.5,eb0482,4.8,0.395,9,0.0261,0.1756
5.5,eb0482,4.8,0.395,10,0.0225,0.1524
5.5,eb0482,4.8,0.395,11,0.021,0.1324
5.5,eb0482,4.8,0.395,12,0.0169,0.1162
5.5,eb0482,4.8,0.395,13,0.0167,0.1006
5.5,eb0482,4.8,0.395,14,0.0158,0.0873
5.5,eb0482,4.8,0.395,15,0.0135,0.0746
5.5,eb0482,4.8,0.395,16,0.0131,0.0632
5.5,eb0482,4.8,0.395,17,0.0122,0.052
5.5,eb0482,4.8,0.395,18,0.0107,0.0408
5.5,eb0482,4.8,0.395,19,0.0105,0.0295
5.5,eb0482,4.8,0.395,20,0.0091,0.0163
5.5,eb0482,4.8,0.395,21,0.002,0.0098
5.5,eb0482,4.8,0.4,0,0.2645,0.7542
5.5,eb0482,4.8,0.4,1,0.1688,0.6032
5.5,eb0482,4.8,0.4,2,0.1033,0.5133
5.5,eb0482,4.8,0.4,3,0.0784,0.4448
5.5,eb0482,4.8,0.4,4,0.0496,0.3869
5.5,eb0482,4.8,0.4,5,0.0483,0.3382
5.5,eb0482,4.8,0.4,6,0.0397,0.2848
5.5,eb0482,4.8,0.4,7,0.0331,0.2362
5.5,eb0482,4.8,0.4,8,0.0287,0.2005
5.5,eb0482,4.8,0.4,9,0.025,0.1709
5.5,eb0482,4.8,0.4,10,0.022,0.1492
5.5,eb0482,4.8,0.4,11,0.0207,0.1297
5.5,eb0482,4.8,0.4,12,0.0166,0.1135
5.5,eb0482,4.8,0.4,13,0.0159,0.099
5.5,eb0482,4.8,0.4,14,0.0159,0.0861
5.5,eb0482,4.8,0.4,15,0.0128,0.0734
5.5,eb0482,4.8,0.4,16,0.0132,0.0623
5.5,eb0482,4.8,0.4,17,0.0118,0.0513
5.5,eb0482,4.8,0.4,18,0.0104,0.0405
5.5,eb0482,4.8,0.4,19,0.0105,0.0293
5.5,eb0482,4.8,0.4,20,0.0089,0.016
5.5,eb0482,4.8,0.4,21,0.0019,0.0099
5.5,eb0482,4.8,0.405,0,0.2859,0.7454
5.5,eb0482,4.8,0.405,1,0.1656,0.5886
5.5,eb0482,4.8,0.405,2,0.0999,0.4992
5.5,eb0482,4.8,0.405,3,0.0741,0.432
5.5,eb0482,4.8,0.405,4,0.05,0.3741
5.5,eb0482,4.8,0.405,5,0.0452,0.3262
5.5,eb0482,4.8,0.405,6,0.0379,0.2742
5.5,eb0482,4.8,0.405,7,0.0325,0.2281
5.5,eb0482,4.8,0.405,8,0.0273,0.1941
5.5,eb0482,4.8,0.405,9,0.0238,0.1668
5.5,eb0482,4.8,0.405,10,0.0217,0.1462
5.5,eb0482,4.8,0.405,11,0.0203,0.1274
5.5,eb0482,4.8,0.405,12,0.0162,0.1113
5.5,eb0482,4.8,0.405,13,0.0154,0.0974
5.5,eb0482,4.8,0.405,14,0.0153,0.0851
5.5,eb0482,4.8,0.405,15,0.0127,0.0726
5.5,eb0482,4.8,0.405,16,0.0131,0.0616
5.5,eb0482,4.8,0.405,17,0.0115,0.0508
5.5,eb0482,4.8,0.405,18,0.0105,0.0401
5.5,eb0482,4.8,0.405,19,0.0102,0.0288
5.5,eb0482,4.8,0.405,20,0.0088,0.0159
5.5,eb0482,4.8,0.405,21,0.0019,0.0099
5.5,eb0482,4.8,0.41,0,0.3066,0.7371
5.5,eb0482,4.8,0.41,1,0.1614,0.5748
5.5,eb0482,4.8,0.41,2,0.0971,0.4862
5.5,eb0482,4.8,0.41,3,0.0709,0.4194
5.5,eb0482,4.8,0.41,4,0.0498,0.3621
5.5,eb0482,4.8,0.41,5,0.0426,0.3144
5.5,eb0482,4.8,0.41,6,0.0361,0.264
5.5,eb0482,4.8,0.41,7,0.0316,0.2208
5.5,eb0482,4.8,0.41,8,0.026,0.1885
5.5,eb0482,4.8,0.41,9,0.0237,0.163
5.5,eb0482,4.8,0.41,10,0.021,0.1432
5.5,eb0482,4.8,0.41,11,0.0197,0.1249
5.5,eb0482,4.8,0.41,12,0.0157,0.1091
5.5,eb0482,4.8,0.41,13,0.0149,0.096
5.5,eb0482,4.8,0.41,14,0.0154,0.0842
5.5,eb0482,4.8,0.41,15,0.0125,0.0714
5.5,eb0482,4.8,0.41,16,0.0127,0.061
5.5,eb0482,4.8,0.41,17,0.0115,0.0503
5.5,eb0482,4.8,0.41,18,0.0103,0.0397
5.5,eb0482,4.8,0.41,19,0.0101,0.0287
5.5,eb0482,4.8,0.41,20,0.0088,0.0157
5.5,eb0482,4.8,0.41,21,0.0018,0.0098
5.5,eb0482,4.8,0.415,0,0.3274,0.7288
5.5,eb0482,4.8,0.415,1,0.1571,0.5606
5.5,eb0482,4.8,0.415,2,0.0936,0.473
5.5,eb0482,4.8,0.415,3,0.068,0.4071
5.5,eb0482,4.8,0.415,4,0.048,0.351
5.5,eb0482,4.8,0.415,5,0.0416,0.3033
5.5,eb0482,4.8,0.415,6,0.0339,0.2547
5.5,eb0482,4.8,0.415,7,0.0309,0.2142
5.5,eb0482,4.8,0.415,8,0.0251,0.1832
5.5,eb0482,4.8,0.415,9,0.0232,0.1593
5.5,eb0482,4.8,0.415,10,0.0204,0.1399
5.5,eb0482,4.8,0.415,11,0.0189,0.1229
5.5,eb0482,4.8,0.415,12,0.0152,0.1075
5.5,eb0482,4.8,0.415,13,0.0155,0.0946
5.5,eb0482,4.8,0.415,14,0.0146,0.0828
5.5,eb0482,4.8,0.415,15,0.0126,0.0705
5.5,eb0482,4.8,0.415,16,0.0122,0.06
5.5,eb0482,4.8,0.415,17,0.0113,0.0498
5.5,eb0482,4.8,0.415,18,0.0101,0.0391
5.5,eb0482,4.8,0.415,19,0.0099,0.0284
5.5,eb0482,4.8,0.415,20,0.0087,0.0155
5.5,eb0482,4.8,0.415,21,0.0017,0.0099
5.5,eb0482,4.8,0.42,0,0.3471,0.7211
5.5,eb0482,4.8,0.42,1,0.1525,0.5472
5.5,eb0482,4.8,0.42,2,0.0912,0.4605
5.5,eb0482,4.8,0.42,3,0.0654,0.3946
5.5,eb0482,4.8,0.42,4,0.0467,0.3398
5.5,eb0482,4.8,0.42,5,0.0394,0.292
5.5,eb0482,4.8,0.42,6,0.0328,0.2453
5.5,eb0482,4.8,0.42,7,0.0295,0.2081
5.5,eb0482,4.8,0.42,8,0.0245,0.1782
5.5,eb0482,4.8,0.42,9,0.0225,0.156
5.5,eb0482,4.8,0.42,10,0.0201,0.137
5.5,eb0482,4.8,0.42,11,0.018,0.1207
5.5,eb0482,4.8,0.42,12,0.015,0.1057
5.5,eb0482,4.8,0.42,13,0.0151,0.0934
5.5,eb0482,4.8,0.42,14,0.0142,0.0817
5.5,eb0482,4.8,0.42,15,0.0125,0.0697
5.5,eb0482,4.8,0.42,16,0.0121,0.0596
5.5,eb0482,4.8,0.42,17,0.0112,0.0494
5.5,eb0482,4.8,0.42,18,0.01,0.0387
5.5,eb0482,4.8,0.42,19,0.0098,0.0281
5.5,eb0482,4.8,0.42,20,0.0086,0.0152
5.5,eb0482,4.8,0.42,21,0.0016,0.0101
5.5,eb0482,5.2,0.34,0,0.0713,0.8554
5.5,eb0482,5.2,0.34,1,0.1785,0.7452
5.5,eb0482,5.2,0.34,2,0.1405,0.6434
5.5,eb0482,5.2,0.34,3,0.1108,0.5624
5.5,eb0482,5.2,0.34,4,0.0768,0.4935
5.5,eb0482,5.2,0.34,5,0.0647,0.4327
5.5,eb0482,5.2,0.34,6,0.0587,0.3684
5.5,eb0482,5.2,0.34,7,0.0478,0.304
5.5,eb0482,5.2,0.34,8,0.039,0.2431
5.5,eb0482,5.2,0.34,9,0.0322,0.1997
5.5,eb0482,5.2,0.34,10,0.0282,0.1664
5.5,eb0482,5.2,0.34,11,0.0242,0.1415
5.5,eb0482,5.2,0.34,12,0.0203,0.1213
5.5,eb0482,5.2,0.34,13,0.0183,0.1031
5.5,eb0482,5.2,0.34,14,0.0172,0.0885
5.5,eb0482,5.2,0.34,15,0.0145,0.0745
5.5,eb0482,5.2,0.34,16,0.0141,0.062
5.5,eb0482,5.2,0.34,17,0.0124,0.0503
5.5,eb0482,5.2,0.34,18,0.0108,0.0388
5.5,eb0482,5.2,0.34,19,0.0102,0.0271
5.5,eb0482,5.2,0.34,20,0.0084,0.0143
5.5,eb0482,5.2,0.34,21,0.001,0.0101
5.5,eb0482,5.2,0.345,0,0.0918,0.8407
5.5,eb0482,5.2,0.345,1,0.1851,0.7259
5.5,eb0482,5.2,0.345,2,0.1378,0.6241
5.5,eb0482,5.2,0.345,3,0.1074,0.543
5.5,eb0482,5.2,0.345,4,0.0729,0.475
5.5,eb0482,5.2,0.345,5,0.0611,0.4149
5.5,eb0482,5.2,0.345,6,0.056,0.353
5.5,eb0482,5.2,0.345,7,0.0453,0.2892
5.5,eb0482,5.2,0.345,8,0.0374,0.2324
5.5,eb0482,5.2,0.345,9,0.0304,0.1919
5.5,eb0482,5.2,0.345,10,0.027,0.1616
5.5,eb0482,5.2,0.345,11,0.0232,0.1382
5.5,eb0482,5.2,0.345,12,0.0194,0.1189
5.5,eb0482,5.2,0.345,13,0.0183,0.1012
5.5,eb0482,5.2,0.345,14,0.0172,0.0867
5.5,eb0482,5.2,0.345,15,0.0137,0.073
5.5,eb0482,5.2,0.345,16,0.0139,0.0612
5.5,eb0482,5.2,0.345,17,0.0121,0.0498
5.5,eb0482,5.2,0.345,18,0.0109,0.0381
5.5,eb0482,5.2,0.345,19,0.0099,0.0266
5.5,eb0482,5.2,0.345,20,0.0083,0.014
5.5,eb0482,5.2,0.345,21,0.0009,0.0099
5.5,eb0482,5.2,0.35,0,0.1146,0.8261
5.5,eb0482,5.2,0.35,1,0.1887,0.7067
5.5,eb0482,5.2,0.35,2,0.1345,0.6054
5.5,eb0482,5.2,0.35,3,0.1033,0.5246
5.5,eb0482,5.2,0.35,4,0.0698,0.4575
5.5,eb0482,5.2,0.35,5,0.0581,0.3974
5.5,eb0482,5.2,0.35,6,0.0531,0.3381
5.5,eb0482,5.2,0.35,7,0.0426,0.2755
5.5,eb0482,5.2,0.35,8,0.0361,0.2229
5.5,eb0482,5.2,0.35,9,0.0288,0.185
5.5,eb0482,5.2,0.35,10,0.0259,0.1572
5.5,eb0482,5.2,0.35,11,0.023,0.1346
5.5,eb0482,5.2,0.35,12,0.0186,0.1161
5.5,eb0482,5.2,0.35,13,0.0175,0.0993
5.5,eb0482,5.2,0.35,14,0.0166,0.0855
5.5,eb0482,5.2,0.35,15,0.0138,0.0718
5.5,eb0482,5.2,0.35,16,0.0133,0.0602
5.5,eb0482,5.2,0.35,17,0.012,0.0491
5.5,eb0482,5.2,0.35,18,0.0107,0.0378
5.5,eb0482,5.2,0.35,19,0.0098,0.026
5.5,eb0482,5.2,0.35,20,0.008,0.0137
5.5,eb0482,5.2,0.35,21,0.0008,0.0098
5.5,eb0482,5.2,0.355,0,0.1394,0.812
5.5,eb0482,5.2,0.355,1,0.1899,0.6875
5.5,eb0482,5.2,0.355,2,0.1303,0.5871
5.5,eb0482,5.2,0.355,3,0.0995,0.5071
5.5,eb0482,5.2,0.355,4,0.0656,0.4411
5.5,eb0482,5.2,0.355,5,0.0575,0.3812
5.5,eb0482,5.2,0.355,6,0.0496,0.3229
5.5,eb0482,5.2,0.355,7,0.0398,0.2631
5.5,eb0482,5.2,0.355,8,0.0348,0.2149
5.5,eb0482,5.2,0.355,9,0.0284,0.1786
5.5,eb0482,5.2,0.355,10,0.0244,0.1528
5.5,eb0482,5.2,0.355,11,0.0226,0.1311
5.5,eb0482,5.2,0.355,12,0.0181,0.113
5.5,eb0482,5.2,0.355,13,0.0164,0.0976
5.5,eb0482,5.2,0.355,14,0.0166,0.0843
5.5,eb0482,5.2,0.355,15,0.0136,0.0705
5.5,eb0482,5.2,0.355,16,0.0129,0.0593
5.5,eb0482,5.2,0.355,17,0.012,0.0485
5.5,eb0482,5.2,0.355,18,0.0106,0.037
5.5,eb0482,5.2,0.355,19,0.0095,0.0257
5.5,eb0482,5.2,0.355,20,0.008,0.0136
5.5,eb0482,5.2,0.355,21,0.0007,0.0097
5.5,eb0482,5.2,0.36,0,0.1638,0.7994
5.5,eb0482,5.2,0.36,1,0.1907,0.669
5.5,eb0482,5.2,0.36,2,0.1255,0.5691
5.5,eb0482,5.2,0.36,3,0.0958,0.4901
5.5,eb0482,5.2,0.36,4,0.0611,0.4251
5.5,eb0482,5.2,0.36,5,0.056,0.3671
5.5,eb0482,5.2,0.36,6,0.0478,0.3085
5.5,eb0482,5.2,0.36,7,0.0374,0.2506
5.5,eb0482,5.2,0.36,8,0.0326,0.2074
5.5,eb0482,5.2,0.36,9,0.0276,0.1736
5.5,eb0482,5.2,0.36,10,0.024,0.149
5.5,eb0482,5.2,0.36,11,0.022,0.1281
5.5,eb0482,5.2,0.36,12,0.0174,0.1105
5.5,eb0482,5.2,0.36,13,0.0165,0.0955
5.5,eb0482,5.2,0.36,14,0.0156,0.0826
5.5,eb0482,5.2,0.36,15,0.0135,0.0696
5.5,eb0482,5.2,0.36,16,0.0127,0.0583
5.5,eb0482,5.2,0.36,17,0.0116,0.0479
5.5,eb0482,5.2,0.36,18,0.0105,0.0366
5.5,eb0482,5.2,0.36,19,0.0094,0.0254
5.5,eb0482,5.2,0.36,20,0.0078,0.0133
5.5,eb0482,5.2,0.36,21,0.0007,0.0097
5.5,eb0482,5.2,0.365,0,0.1886,0.7874
5.5,eb0482,5.2,0.365,1,0.1908,0.6508
5.5,eb0482,5.2,0.365,2,0.1196,0.5515
5.5,eb0482,5.2,0.365,3,0.0923,0.4741
5.5,eb0482,5.2,0.365,4,0.0587,0.4093
5.5,eb0482,5.2,0.365,5,0.0539,0.3525
5.5,eb0482,5.2,0.365,6,0.0446,0.2947
5.5,eb0482,5.2,0.365,7,0.0366,0.2395
5.5,eb0482,5.2,0.365,8,0.0308,0.1997
5.5,eb0482,5.2,0.365,9,0.0263,0.1683
5.5,eb0482,5.2,0.365,10,0.0235,0.1455
5.5,eb0482,5.2,0.365,11,0.0211,0.1251
5.5,eb0482,5.2,0.365,12,0.0168,0.1081
5.5,eb0482,5.2,0.365,13,0.0164,0.0939
5.5,eb0482,5.2,0.365,14,0.0149,0.0813
5.5,eb0482,5.2,0.365,15,0.0136,0.0689
5.5,eb0482,5.2,0.365,16,0.0123,0.0572
5.5,eb0482,5.2,0.365,17,0.0115,0.0473
5.5,eb0482,5.2,0.365,18,0.0102,0.0363
5.5,eb0482,5.2,0.365,19,0.0093,0.025
5.5,eb0482,5.2,0.365,20,0.0077,0.0131
5.5,eb0482,5.2,0.365,21,0.0006,0.0102
5.5,eb0482,5.2,0.37,0,0.2142,0.7757
5.5,eb0482,5.2,0.37,1,0.189,0.6327
5.5,eb0482,5.2,0.37,2,0.1159,0.5334
5.5,eb0482,5.2,0.37,3,0.0878,0.4573
5.5,eb0482,5.2,0.37,4,0.0551,0.3932
5.5,eb0482,5.2,0.37,5,0.0525,0.3386
5.5,eb0482,5.2,0.37,6,0.0416,0.281
5.5,eb0482,5.2,0.37,7,0.0357,0.2298
5.5,eb0482,5.2,0.37,8,0.0288,0.1924
5.5,eb0482,5.2,0.37,9,0.0259,0.1633
5.5,eb0482,5.2,0.37,10,0.0224,0.1416
5.5,eb0482,5.2,0.37,11,0.0201,0.1227
5.5,eb0482,5.2,0.37,12,0.0165,0.1057
5.5,eb0482,5.2,0.37,13,0.0163,0.0923
5.5,eb0482,5.2,0.37,14,0.0143,0.0801
5.5,eb0482,5.2,0.37,15,0.0133,0.0679
5.5,eb0482,5.2,0.37,16,0.0121,0.0567
5.5,eb0482,5.2,0.37,17,0.0115,0.0467
5.5,eb0482,5.2,0.37,18,0.01,0.0355
5.5,eb0482,5.2,0.37,19,0.0091,0.0248
5.5,eb0482,5.2,0.37,20,0.0075,0.0129
5.5,eb0482,5.2,0.37,21,0.0006,0.0103
5.5,eb0482,5.2,0.375,0,0.2403,0.7644
5.5,eb0482,5.2,0.375,1,0.1839,0.6155
5.5,eb0482,5.2,0.375,2,0.1129,0.517
5.5,eb0482,5.2,0.375,3,0.0831,0.4419
5.5,eb0482,5.2,0.375,4,0.0544,0.3779
5.5,eb0482,5.2,0.375,5,0.0487,0.325
5.5,eb0482,5.2,0.375,6,0.0398,0.2689
5.5,eb0482,5.2,0.375,7,0.0344,0.2208
5.5,eb0482,5.2,0.375,8,0.0271,0.1857
5.5,eb0482,5.2,0.375,9,0.0252,0.1593
5.5,eb0482,5.2,0.375,10,0.022,0.1381
5.5,eb0482,5.2,0.375,11,0.0193,0.12
5.5,eb0482,5.2,0.375,12,0.0165,0.1035
5.5,eb0482,5.2,0.375,13,0.0154,0.091
5.5,eb0482,5.2,0.375,14,0.0144,0.0784
5.5,eb0482,5.2,0.375,15,0.0126,0.0668
5.5,eb0482,5.2,0.375,16,0.0119,0.0559
5.5,eb0482,5.2,0.375,17,0.0113,0.0462
5.5,eb0482,5.2,0.375,18,0.0101,0.0351
5.5,eb0482,5.2,0.375,19,0.0088,0.0243
5.5,eb0482,5.2,0.375,20,0.0073,0.0128
5.5,eb0482,5.2,0.375,21,0.0005,0.0105
5.5,eb0482,5.2,0.38,0,0.264,0.7544
5.5,eb0482,5.2,0.38,1,0.1813,0.5989
5.5,eb0482,5.2,0.38,2,0.1086,0.5008
5.5,eb0482,5.2,0.38,3,0.0789,0.4268
5.5,eb0482,5.2,0.38,4,0.0536,0.3635
5.5,eb0482,5.2,0.38,5,0.0458,0.3111
5.5,eb0482,5.2,0.38,6,0.0374,0.2574
5.5,eb0482,5.2,0.38,7,0.0332,0.2129
5.5,eb0482,5.2,0.38,8,0.0265,0.1795
5.5,eb0482,5.2,0.38,9,0.0241,0.1551
5.5,eb0482,5.2,0.38,10,0.0213,0.135
5.5,eb0482,5.2,0.38,11,0.0182,0.1176
5.5,eb0482,5.2,0.38,12,0.0166,0.1017
5.5,eb0482,5.2,0.38,13,0.015,0.0896
5.5,eb0482,5.2,0.38,14,0.0143,0.077
5.5,eb0482,5.2,0.38,15,0.0125,0.0659
5.5,eb0482,5.2,0.38,16,0.0117,0.0551
5.5,eb0482,5.2,0.38,17,0.0106,0.0455
5.5,eb0482,5.2,0.38,18,0.0101,0.0347
5.5,eb0482,5.2,0.38,19,0.0087,0.024
5.5,eb0482,5.2,0.38,20,0.0071,0.0126
5.5,eb0482,5.2,0.38,21,0.0005,0.0105
5.5,eb0482,5.2,0.385,0,0.2882,0.7445
5.5,eb0482,5.2,0.385,1,0.1769,0.5826
5.5,eb0482,5.2,0.385,2,0.1047,0.4852
5.5,eb0482,5.2,0.385,3,0.0747,0.4123
5.5,eb0482,5.2,0.385,4,0.0522,0.3505
5.5,eb0482,5.2,0.385,5,0.0441,0.2979
5.5,eb0482,5.2,0.385,6,0.0353,0.2459
5.5,eb0482,5.2,0.385,7,0.0312,0.2058
5.5,eb0482,5.2,0.385,8,0.0264,0.1742
5.5,eb0482,5.2,0.385,9,0.0229,0.1507
5.5,eb0482,5.2,0.385,10,0.0209,0.1317
5.5,eb0482,5.2,0.385,11,0.017,0.1157
5.5,eb0482,5.2,0.385,12,0.0166,0.1
5.5,eb0482,5.2,0.385,13,0.0149,0.0881
5.5,eb0482,5.2,0.385,14,0.0136,0.0758
5.5,eb0482,5.2,0.385,15,0.0125,0.0653
5.5,eb0482,5.2,0.385,16,0.0117,0.0541
5.5,eb0482,5.2,0.385,17,0.0104,0.045
5.5,eb0482,5.2,0.385,18,0.01,0.0342
5.5,eb0482,5.2,0.385,19,0.0084,0.0237
5.5,eb0482,5.2,0.385,20,0.007,0.0125
5.5,eb0482,5.2,0.385,21,0.0005,0.0105
5.5,eb0482,5.6,0.325,0,0.0587,0.866
5.5,eb0482,5.6,0.325,1,0.1875,0.7523
5.5,eb0482,5.6,0.325,2,0.1502,0.6425
5.5,eb0482,5.6,0.325,3,0.1186,0.5539
5.5,eb0482,5.6,0.325,4,0.0791,0.4789
5.5,eb0482,5.6,0.325,5,0.0655,0.4133
5.5,eb0482,5.6,0.325,6,0.0591,0.3463
5.5,eb0482,5.6,0.325,7,0.0464,0.278
5.5,eb0482,5.6,0.325,8,0.0384,0.221
5.5,eb0482,5.6,0.325,9,0.0308,0.1805
5.5,eb0482,5.6,0.325,10,0.0261,0.1522
5.5,eb0482,5.6,0.325,11,0.0239,0.1292
5.5,eb0482,5.6,0.325,12,0.0184,0.1101
5.5,eb0482,5.6,0.325,13,0.0179,0.0939
5.5,eb0482,5.6,0.325,14,0.0156,0.0804
5.5,eb0482,5.6,0.325,15,0.0141,0.0673
5.5,eb0482,5.6,0.325,16,0.0128,0.0554
5.5,eb0482,5.6,0.325,17,0.0113,0.0449
5.5,eb0482,5.6,0.325,18,0.0103,0.0335
5.5,eb0482,5.6,0.325,19,0.0087,0.0224
5.5,eb0482,5.6,0.325,20,0.0063,0.0117
5.5,eb0482,5.6,0.33,0,0.0798,0.849
5.5,eb0482,5.6,0.33,1,0.1966,0.7312
5.5,eb0482,5.6,0.33,2,0.1472,0.6209
5.5,eb0482,5.6,0.33,3,0.1134,0.5326
5.5,eb0482,5.6,0.33,4,0.0752,0.4589
5.5,eb0482,5.6,0.33,5,0.0626,0.3931
5.5,eb0482,5.6,0.33,6,0.0546,0.3293
5.5,eb0482,5.6,0.33,7,0.0433,0.2637
5.5,eb0482,5.6,0.33,8,0.0363,0.2121
5.5,eb0482,5.6,0.33,9,0.0297,0.1746
5.5,eb0482,5.6,0.33,10,0.0256,0.1479
5.5,eb0482,5.6,0.33,11,0.0229,0.1257
5.5,eb0482,5.6,0.33,12,0.0178,0.107
5.5,eb0482,5.6,0.33,13,0.0173,0.0921
5.5,eb0482,5.6,0.33,14,0.0154,0.0788
5.5,eb0482,5.6,0.33,15,0.0136,0.066
5.5,eb0482,5.6,0.33,16,0.0126,0.0543
5.5,eb0482,5.6,0.33,17,0.0109,0.0443
5.5,eb0482,5.6,0.33,18,0.0103,0.033
5.5,eb0482,5.6,0.33,19,0.0084,0.0222
5.5,eb0482,5.6,0.33,20,0.0062,0.0116
5.5,eb0482,5.6,0.335,0,0.1037,0.8328
5.5,eb0482,5.6,0.335,1,0.2023,0.7101
5.5,eb0482,5.6,0.335,2,0.1433,0.6
5.5,eb0482,5.6,0.335,3,0.1086,0.5121
5.5,eb0482,5.6,0.335,4,0.0703,0.4398
5.5,eb0482,5.6,0.335,5,0.0606,0.375
5.5,eb0482,5.6,0.335,6,0.0519,0.3118
5.5,eb0482,5.6,0.335,7,0.0403,0.2488
5.5,eb0482,5.6,0.335,8,0.034,0.203
5.5,eb0482,5.6,0.335,9,0.0285,0.1684
5.5,eb0482,5.6,0.335,10,0.0248,0.1433
5.5,eb0482,5.6,0.335,11,0.0217,0.1225
5.5,eb0482,5.6,0.335,12,0.0178,0.1042
5.5,eb0482,5.6,0.335,13,0.0164,0.0906
5.5,eb0482,5.6,0.335,14,0.015,0.0769
5.5,eb0482,5.6,0.335,15,0.0133,0.0652
5.5,eb0482,5.6,0.335,16,0.0121,0.0536
5.5,eb0482,5.6,0.335,17,0.0109,0.0437
5.5,eb0482,5.6,0.335,18,0.0101,0.0325
5.5,eb0482,5.6,0.335,19,0.0082,0.0218
5.5,eb0482,5.6,0.335,20,0.006,0.0115
5.5,eb0482,5.6,0.34,0,0.1303,0.817
5.5,eb0482,5.6,0.34,1,0.2042,0.6891
5.5,eb0482,5.6,0.34,2,0.1385,0.5797
5.5,eb0482,5.6,0.34,3,0.1036,0.4929
5.5,eb0482,5.6,0.34,4,0.0657,0.4218
5.5,eb0482,5.6,0.34,5,0.0591,0.3588
5.5,eb0482,5.6,0.34,6,0.0481,0.2959
5.5,eb0482,5.6,0.34,7,0.0388,0.2368
5.5,eb0482,5.6,0.34,8,0.0321,0.1947
5.5,eb0482,5.6,0.34,9,0.0278,0.1626
5.5,eb0482,5.6,0.34,10,0.0237,0.1389
5.5,eb0482,5.6,0.34,11,0.0202,0.1196
5.5,eb0482,5.6,0.34,12,0.0177,0.1019
5.5,eb0482,5.6,0.34,13,0.016,0.0886
5.5,eb0482,5.6,0.34,14,0.0148,0.0753
5.5,eb0482,5.6,0.34,15,0.0127,0.064
5.5,eb0482,5.6,0.34,16,0.0121,0.053
5.5,eb0482,5.6,0.34,17,0.0103,0.0426
5.5,eb0482,5.6,0.34,18,0.0099,0.0322
5.5,eb0482,5.6,0.34,19,0.0082,0.0215
5.5,eb0482,5.6,0.34,20,0.0059,0.0114
5.5,eb0482,5.6,0.345,0,0.1583,0.8022
5.5,eb0482,5.6,0.345,1,0.2059,0.6675
5.5,eb0482,5.6,0.345,2,0.1308,0.5592
5.5,eb0482,5.6,0.345,3,0.0995,0.4744
5.5,eb0482,5.6,0.345,4,0.0619,0.4036
5.5,eb0482,5.6,0.345,5,0.0567,0.3428
5.5,eb0482,5.6,0.345,6,0.045,0.2803
5.5,eb0482,5.6,0.345,7,0.0372,0.2256
5.5,eb0482,5.6,0.345,8,0.0302,0.1866
5.5,eb0482,5.6,0.345,9,0.0265,0.1576
5.5,eb0482,5.6,0.345,10,0.0228,0.1354
5.5,eb0482,5.6,0.345,11,0.0191,0.1169
5.5,eb0482,5.6,0.345,12,0.0176,0.1
5.5,eb0482,5.6,0.345,13,0.0162,0.0867
5.5,eb0482,5.6,0.345,14,0.014,0.0739
5.5,eb0482,5.6,0.345,15,0.0125,0.0627
5.5,eb0482,5.6,0.345,16,0.012,0.0522
5.5,eb0482,5.6,0.345,17,0.0101,0.0417
5.5,eb0482,5.6,0.345,18,0.0095,0.0317
5.5,eb0482,5.6,0.345,19,0.0082,0.0212
5.5,eb0482,5.6,0.345,20,0.0057,0.0113
5.5,eb0482,5.6,0.35,0,0.1858,0.7887
5.5,eb0482,5.6,0.35,1,0.205,0.6476
5.5,eb0482,5.6,0.35,2,0.1269,0.539
5.5,eb0482,5.6,0.35,3,0.0941,0.4555
5.5,eb0482,5.6,0.35,4,0.0586,0.3853
5.5,eb0482,5.6,0.35,5,0.0532,0.3274
5.5,eb0482,5.6,0.35,6,0.0426,0.2663
5.5,eb0482,5.6,0.35,7,0.0357,0.2158
5.5,eb0482,5.6,0.35,8,0.0286,0.1793
5.5,eb0482,5.6,0.35,9,0.0254,0.1529
5.5,eb0482,5.6,0.35,10,0.0224,0.1315
5.5,eb0482,5.6,0.35,11,0.018,0.1143
5.5,eb0482,5.6,0.35,12,0.0173,0.0981
5.5,eb0482,5.6,0.35,13,0.016,0.085
5.5,eb0482,5.6,0.35,14,0.0133,0.0724
5.5,eb0482,5.6,0.35,15,0.0126,0.0615
5.5,eb0482,5.6,0.35,16,0.0114,0.0514
5.5,eb0482,5.6,0.35,17,0.0099,0.0412
5.5,eb0482,5.6,0.35,18,0.0094,0.0314
5.5,eb0482,5.6,0.35,19,0.0081,0.0207
5.5,eb0482,5.6,0.35,20,0.0055,0.0111
5.5,eb0482,5.6,0.355,0,0.2145,0.7756
5.5,eb0482,5.6,0.355,1,0.2017,0.6278
5.5,eb0482,5.6,0.355,2,0.1219,0.5199
5.5,eb0482,5.6,0.355,3,0.0884,0.4382
5.5,eb0482,5.6,0.355,4,0.058,0.3683
5.5,eb0482,5.6,0.355,5,0.0495,0.3111
5.5,eb0482,5.6,0.355,6,0.0392,0.2532
5.5,eb0482,5.6,0.355,7,0.0342,0.2076
5.5,eb0482,5.6,0.355,8,0.0282,0.173
5.5,eb0482,5.6,0.355,9,0.0236,0.1485
5.5,eb0482,5.6,0.355,10,0.0223,0.128
5.5,eb0482,5.6,0.355,11,0.0176,0.1109
5.5,eb0482,5.6,0.355,12,0.0164,0.096
5.5,eb0482,5.6,0.355,13,0.0156,0.0834
5.5,eb0482,5.6,0.355,14,0.0127,0.0712
5.5,eb0482,5.6,0.355,15,0.0128,0.0605
5.5,eb0482,5.6,0.355,16,0.011,0.0506
5.5,eb0482,5.6,0.355,17,0.0096,0.0407
5.5,eb0482,5.6,0.355,18,0.0092,0.031
5.5,eb0482,5.6,0.355,19,0.0081,0.0205
5.5,eb0482,5.6,0.355,20,0.0053,0.011
5.5,eb0482,5.6,0.36,0,0.2439,0.7629
5.5,eb0482,5.6,0.36,1,0.1966,0.6081
5.5,eb0482,5.6,0.36,2,0.117,0.5013
5.5,eb0482,5.6,0.36,3,0.0827,0.421
5.5,eb0482,5.6,0.36,4,0.0563,0.3533
5.5,eb0482,5.6,0.36,5,0.0467,0.2963
5.5,eb0482,5.6,0.36,6,0.0377,0.2407
5.5,eb0482,5.6,0.36,7,0.032,0.1994
5.5,eb0482,5.6,0.36,8,0.0273,0.1673
5.5,eb0482,5.6,0.36,9,0.0231,0.1444
5.5,eb0482,5.6,0.36,10,0.0215,0.1247
5.5,eb0482,5.6,0.36,11,0.0169,0.108
5.5,eb0482,5.6,0.36,12,0.0153,0.0941
5.5,eb0482,5.6,0.36,13,0.0158,0.0823
5.5,eb0482,5.6,0.36,14,0.0124,0.0697
5.5,eb0482,5.6,0.36,15,0.0124,0.0598
5.5,eb0482,5.6,0.36,16,0.0109,0.0497
5.5,eb0482,5.6,0.36,17,0.0094,0.0402
5.5,eb0482,5.6,0.36,18,0.0089,0.0306
5.5,eb0482,5.6,0.36,19,0.008,0.0201
5.5,eb0482,5.6,0.36,20,0.0052,0.0109
5.5,eb0482,6.0,0.31,0,0.0371,0.8886
5.5,eb0482,6.0,0.31,1,0.1866,0.7718
5.5,eb0482,6.0,0.31,2,0.1634,0.6546
5.5,eb0482,6.0,0.31,3,0.1279,0.5578
5.5,eb0482,6.0,0.31,4,0.0842,0.4765
5.5,eb0482,6.0,0.31,5,0.0692,0.405
5.5,eb0482,6.0,0.31,6,0.0602,0.3341
5.5,eb0482,6.0,0.31,7,0.0463,0.2629
5.5,eb0482,6.0,0.31,8,0.0377,0.2085
5.5,eb0482,6.0,0.31,9,0.0308,0.1698
5.5,eb0482,6.0,0.31,10,0.0262,0.1426
5.5,eb0482,6.0,0.31,11,0.0224,0.1207
5.5,eb0482,6.0,0.31,12,0.0188,0.1015
5.5,eb0482,6.0,0.31,13,0.0172,0.0871
5.5,eb0482,6.0,0.31,14,0.0147,0.0735
5.5,eb0482,6.0,0.31,15,0.0137,0.0613
5.5,eb0482,6.0,0.31,16,0.0118,0.0503
5.5,eb0482,6.0,0.31,17,0.01,0.04
5.5,eb0482,6.0,0.31,18,0.0096,0.0299
5.5,eb0482,6.0,0.31,19,0.008,0.0184
5.5,eb0482,6.0,0.31,20,0.0042,0.0103
5.5,eb0482,6.0,0.315,0,0.0571,0.8675
5.5,eb0482,6.0,0.315,1,0.2014,0.7482
5.5,eb0482,6.0,0.315,2,0.1595,0.6297
5.5,eb0482,6.0,0.315,3,0.1216,0.5339
5.5,eb0482,6.0,0.315,4,0.0787,0.4544
5.5,eb0482,6.0,0.315,5,0.0667,0.3833
5.5,eb0482,6.0,0.315,6,0.0557,0.3142
5.5,eb0482,6.0,0.315,7,0.0433,0.2465
5.5,eb0482,6.0,0.315,8,0.035,0.1985
5.5,eb0482,6.0,0.315,9,0.0298,0.1631
5.5,eb0482,6.0,0.315,10,0.0252,0.1376
5.5,eb0482,6.0,0.315,11,0.0203,0.1173
5.5,eb0482,6.0,0.315,12,0.0187,0.0995
5.5,eb0482,6.0,0.315,13,0.0173,0.0852
5.5,eb0482,6.0,0.315,14,0.0138,0.0716
5.5,eb0482,6.0,0.315,15,0.0134,0.0602
5.5,eb0482,6.0,0.315,16,0.0114,0.0496
5.5,eb0482,6.0,0.315,17,0.0099,0.0393
5.5,eb0482,6.0,0.315,18,0.0095,0.0294
5.5,eb0482,6.0,0.315,19,0.0077,0.0181
5.5,eb0482,6.0,0.315,20,0.0041,0.0103
5.5,eb0482,6.0,0.32,0,0.0806,0.8485
5.5,eb0482,6.0,0.32,1,0.2112,0.7249
5.5,eb0482,6.0,0.32,2,0.1547,0.6064
5.5,eb0482,6.0,0.32,3,0.1156,0.5115
5.5,eb0482,6.0,0.32,4,0.0734,0.4334
5.5,eb0482,6.0,0.32,5,0.0642,0.3641
5.5,eb0482,6.0,0.32,6,0.0512,0.2962
5.5,eb0482,6.0,0.32,7,0.0415,0.2332
5.5,eb0482,6.0,0.32,8,0.0324,0.1893
5.5,eb0482,6.0,0.32,9,0.0286,0.1575
5.5,eb0482,6.0,0.32,10,0.0243,0.1331
5.5,eb0482,6.0,0.32,11,0.0194,0.1141
5.5,eb0482,6.0,0.32,12,0.0182,0.0971
5.5,eb0482,6.0,0.32,13,0.0165,0.0832
5.5,eb0482,6.0,0.32,14,0.0136,0.0702
5.5,eb0482,6.0,0.32,15,0.0129,0.059
5.5,eb0482,6.0,0.32,16,0.0113,0.0487
5.5,eb0482,6.0,0.32,17,0.0097,0.0386
5.5,eb0482,6.0,0.32,18,0.0092,0.0287
5.5,eb0482,6.0,0.32,19,0.0075,0.0178
5.5,eb0482,6.0,0.32,20,0.004,0.0102
5.5,eb0482,6.0,0.325,0,0.1072,0.8306
5.5,eb0482,6.0,0.325,1,0.2176,0.7017
5.5,eb0482,6.0,0.325,2,0.1485,0.5832
5.5,eb0482,6.0,0.325,3,0.11,0.4896
5.5,eb0482,6.0,0.325,4,0.0682,0.4127
5.5,eb0482,6.0,0.325,5,0.0612,0.346
5.5,eb0482,6.0,0.325,6,0.0479,0.2787
5.5,eb0482,6.0,0.325,7,0.039,0.221
5.5,eb0482,6.0,0.325,8,0.031,0.1807
5.5,eb0482,6.0,0.325,9,0.0268,0.1521
5.5,eb0482,6.0,0.325,10,0.0239,0.129
5.5,eb0482,6.0,0.325,11,0.0187,0.1104
5.5,eb0482,6.0,0.325,12,0.0167,0.0949
5.5,eb0482,6.0,0.325,13,0.0166,0.0818
5.5,eb0482,6.0,0.325,14,0.0133,0.0685
5.5,eb0482,6.0,0.325,15,0.0124,0.058
5.5,eb0482,6.0,0.325,16,0.0111,0.0481
5.5,eb0482,6.0,0.325,17,0.0094,0.0379
5.5,eb0482,6.0,0.325,18,0.0091,0.0283
5.5,eb0482,6.0,0.325,19,0.0074,0.0173
5.5,eb0482,6.0,0.325,20,0.0037,0.0102
5.5,eb0482,6.0,0.33,0,0.1381,0.8127
5.5,eb0482,6.0,0.33,1,0.2188,0.6778
5.5,eb0482,6.0,0.33,2,0.141,0.5609
5.5,eb0482,6.0,0.33,3,0.1054,0.469
5.5,eb0482,6.0,0.33,4,0.0644,0.3919
5.5,eb0482,6.0,0.33,5,0.0569,0.3285
5.5,eb0482,6.0,0.33,6,0.0446,0.2634
5.5,eb0482,6.0,0.33,7,0.0373,0.2109
5.5,eb0482,6.0,0.33,8,0.03,0.1731
5.5,eb0482,6.0,0.33,9,0.0252,0.1469
5.5,eb0482,6.0,0.33,10,0.0231,0.1253
5.5,eb0482,6.0,0.33,11,0.0177,0.1074
5.5,eb0482,6.0,0.33,12,0.0169,0.0926
5.5,eb0482,6.0,0.33,13,0.0153,0.0799
5.5,eb0482,6.0,0.33,14,0.0133,0.0677
5.5,eb0482,6.0,0.33,15,0.0121,0.0567
5.5,eb0482,6.0,0.33,16,0.011,0.0474
5.5,eb0482,6.0,0.33,17,0.0091,0.0373
5.5,eb0482,6.0,0.33,18,0.0088,0.0278
5.5,eb0482,6.0,0.33,19,0.0075,0.0169
5.5,eb0482,6.0,0.33,20,0.0035,0.01
5.5,eb0482,6.0,0.335,0,0.1681,0.7972
5.5,eb0482,6.0,0.335,1,0.2193,0.6554
5.5,eb0482,6.0,0.335,2,0.1357,0.5381
5.5,eb0482,6.0,0.335,3,0.0979,0.4483
5.5,eb0482,6.0,0.335,4,0.0623,0.3722
5.5,eb0482,6.0,0.335,5,0.053,0.3102
5.5,eb0482,6.0,0.335,6,0.0413,0.2483
5.5,eb0482,6.0,0.335,7,0.035,0.2015
5.5,eb0482,6.0,0.335,8,0.0287,0.1668
5.5,eb0482,6.0,0.335,9,0.0246,0.1425
5.5,eb0482,6.0,0.335,10,0.0219,0.1217
5.5,eb0482,6.0,0.335,11,0.0171,0.1044
5.5,eb0482,6.0,0.335,12,0.0168,0.0904
5.5,eb0482,6.0,0.335,13,0.0144,0.0784
5.5,eb0482,6.0,0.335,14,0.0133,0.0664
5.5,eb0482,6.0,0.335,15,0.0117,0.0556
5.5,eb0482,6.0,0.335,16,0.0107,0.0467
5.5,eb0482,6.0,0.335,17,0.0091,0.0366
5.5,eb0482,6.0,0.335,18,0.0086,0.0273
5.5,eb0482,6.0,0.335,19,0.0072,0.0166
5.5,eb0482,6.0,0.335,20,0.0034,0.01
5.5,eb0482,6.0,0.34,0,0.1994,0.7824
5.5,eb0482,6.0,0.34,1,0.2167,0.6335
5.5,eb0482,6.0,0.34,2,0.1295,0.5167
5.5,eb0482,6.0,0.34,3,0.091,0.429
5.5,eb0482,6.0,0.34,4,0.0607,0.3549
5.5,eb0482,6.0,0.34,5,0.0495,0.2929
5.5,eb0482,6.0,0.34,6,0.0392,0.2342
5.5,eb0482,6.0,0.34,7,0.0326,0.1924
5.5,eb0482,6.0,0.34,8,0.0275,0.1605
5.5,eb0482,6.0,0.34,9,0.0236,0.1378
5.5,eb0482,6.0,0.34,10,0.0208,0.1186
5.5,eb0482,6.0,0.34,11,0.0171,0.1015
5.5,eb0482,6.0,0.34,12,0.0158,0.0889
5.5,eb0482,6.0,0.34,13,0.0144,0.0763
5.5,eb0482,6.0,0.34,14,0.0125,0.0652
5.5,eb0482,6.0,0.34,15,0.0115,0.0549
5.5,eb0482,6.0,0.34,16,0.0106,0.0457
5.5,eb0482,6.0,0.34,17,0.009,0.0363
5.5,eb0482,6.0,0.34,18,0.0082,0.0267
5.5,eb0482,6.0,0.34,19,0.0072,0.0163
5.5,eb0482,6.0,0.34,20,0.0032,0.01
5.5,eb0482,6.4,0.3,0,0.0289,0.8997
5.5,eb0482,6.4,0.3,1,0.1929,0.777
5.5,eb0482,6.4,0.3,2,0.1732,0.6523
5.5,eb0482,6.4,0.3,3,0.1335,0.5485
5.5,eb0482,6.4,0.3,4,0.087,0.4614
5.5,eb0482,6.4,0.3,5,0.0706,0.3844
5.5,eb0482,6.4,0.3,6,0.0584,0.3107
5.5,eb0482,6.4,0.3,7,0.0446,0.24
5.5,eb0482,6.4,0.3,8,0.0356,0.1914
5.5,eb0482,6.4,0.3,9,0.0301,0.1567
5.5,eb0482,6.4,0.3,10,0.0257,0.131
5.5,eb0482,6.4,0.3,11,0.0204,0.1105
5.5,eb0482,6.4,0.3,12,0.0181,0.0937
5.5,eb0482,6.4,0.3,13,0.016,0.08
5.5,eb0482,6.4,0.3,14,0.0142,0.067
5.5,eb0482,6.4,0.3,15,0.0123,0.0556
5.5,eb0482,6.4,0.3,16,0.0113,0.0457
5.5,eb0482,6.4,0.3,17,0.0095,0.0353
5.5,eb0482,6.4,0.3,18,0.0081,0.0255
5.5,eb0482,6.4,0.3,19,0.007,0.0154
5.5,eb0482,6.4,0.3,20,0.0026,0.0096
5.5,eb0482,6.4,0.305,0,0.0482,0.8762
5.5,eb0482,6.4,0.305,1,0.2117,0.7518
5.5,eb0482,6.4,0.305,2,0.1683,0.6254
5.5,eb0482,6.4,0.305,3,0.127,0.5226
5.5,eb0482,6.4,0.305,4,0.0791,0.4377
5.5,eb0482,6.4,0.305,5,0.068,0.3633
5.5,eb0482,6.4,0.305,6,0.0534,0.2906
5.5,eb0482,6.4,0.305,7,0.0429,0.2257
5.5,eb0482,6.4,0.305,8,0.0333,0.1809
5.5,eb0482,6.4,0.305,9,0.0278,0.1504
5.5,eb0482,6.4,0.305,10,0.025,0.1266
5.5,eb0482,6.4,0.305,11,0.0188,0.107
5.5,eb0482,6.4,0.305,12,0.018,0.0912
5.5,eb0482,6.4,0.305,13,0.0154,0.078
5.5,eb0482,6.4,0.305,14,0.0136,0.0657
5.5,eb0482,6.4,0.305,15,0.0121,0.0544
5.5,eb0482,6.4,0.305,16,0.0108,0.0448
5.5,eb0482,6.4,0.305,17,0.0094,0.0348
5.5,eb0482,6.4,0.305,18,0.008,0.025
5.5,eb0482,6.4,0.305,19,0.0069,0.0148
5.5,eb0482,6.4,0.305,20,0.0024,0.0097
5.5,eb0482,6.4,0.31,0,0.0735,0.8537
5.5,eb0482,6.4,0.31,1,0.2234,0.7261
5.5,eb0482,6.4,0.31,2,0.1629,0.5992
5.5,eb0482,6.4,0.31,3,0.119,0.4977
5.5,eb0482,6.4,0.31,4,0.0737,0.4147
5.5,eb0482,6.4,0.31,5,0.0647,0.3426
5.5,eb0482,6.4,0.31,6,0.0489,0.2712
5.5,eb0482,6.4,0.31,7,0.04,0.2131
5.5,eb0482,6.4,0.31,8,0.0316,0.1725
5.5,eb0482,6.4,0.31,9,0.0267,0.1449
5.5,eb0482,6.4,0.31,10,0.0236,0.1223
5.5,eb0482,6.4,0.31,11,0.0183,0.1034
5.5,eb0482,6.4,0.31,12,0.017,0.0893
5.5,eb0482,6.4,0.31,13,0.0153,0.0758
5.5,eb0482,6.4,0.31,14,0.0131,0.0642
5.5,eb0482,6.4,0.31,15,0.0119,0.0531
5.5,eb0482,6.4,0.31,16,0.0103,0.0441
5.5,eb0482,6.4,0.31,17,0.0093,0.034
5.5,eb0482,6.4,0.31,18,0.0079,0.0245
5.5,eb0482,6.4,0.31,19,0.0066,0.0143
5.5,eb0482,6.4,0.31,20,0.0022,0.0098
5.5,eb0482,6.4,0.315,0,0.1017,0.8341
5.5,eb0482,6.4,0.315,1,0.2307,0.701
5.5,eb0482,6.4,0.315,2,0.1557,0.5743
5.5,eb0482,6.4,0.315,3,0.1133,0.4742
5.5,eb0482,6.4,0.315,4,0.0687,0.3914
5.5,eb0482,6.4,0.315,5,0.0594,0.3233
5.5,eb0482,6.4,0.315,6,0.0461,0.2545
5.5,eb0482,6.4,0.315,7,0.0372,0.2024
5.5,eb0482,6.4,0.315,8,0.0302,0.1656
5.5,eb0482,6.4,0.315,9,0.0259,0.1397
5.5,eb0482,6.4,0.315,10,0.0221,0.1187
5.5,eb0482,6.4,0.315,11,0.0182,0.1004
5.5,eb0482,6.4,0.315,12,0.0162,0.0871
5.5,eb0482,6.4,0.315,13,0.0149,0.0741
5.5,eb0482,6.4,0.315,14,0.0124,0.0631
5.5,eb0482,6.4,0.315,15,0.0117,0.0521
5.5,eb0482,6.4,0.315,16,0.0102,0.0434
5.5,eb0482,6.4,0.315,17,0.0091,0.0333
5.5,eb0482,6.4,0.315,18,0.0076,0.0241
5.5,eb0482,6.4,0.315,19,0.0066,0.014
5.5,eb0482,6.4,0.315,20,0.002,0.0097
5.5,eb0482,6.4,0.32,0,0.1346,0.8146
5.5,eb0482,6.4,0.32,1,0.234,0.6749
5.5,eb0482,6.4,0.32,2,0.1476,0.5486
5.5,eb0482,6.4,0.32,3,0.1052,0.4513
5.5,eb0482,6.4,0.32,4,0.0659,0.3697
5.5,eb0482,6.4,0.32,5,0.0549,0.3033
5.5,eb0482,6.4,0.32,6,0.0428,0.2384
5.5,eb0482,6.4,0.32,7,0.0345,0.1926
5.5,eb0482,6.4,0.32,8,0.0294,0.1588
5.5,eb0482,6.4,0.32,9,0.0247,0.1345
5.5,eb0482,6.4,0.32,10,0.0202,0.1151
5.5,eb0482,6.4,0.32,11,0.0178,0.098
5.5,eb0482,6.4,0.32,12,0.0164,0.0848
5.5,eb0482,6.4,0.32,13,0.0139,0.0723
5.5,eb0482,6.4,0.32,14,0.0122,0.0616
5.5,eb0482,6.4,0.32,15,0.0115,0.0515
5.5,eb0482,6.4,0.32,16,0.0096,0.042
5.5,eb0482,6.4,0.32,17,0.0091,0.0328
5.5,eb0482,6.4,0.32,18,0.0074,0.0237
5.5,eb0482,6.4,0.32,19,0.0064,0.0136
5.5,eb0482,6.4,0.32,20,0.0019,0.0096
5.5,eb0482,6.4,0.325,0,0.1681,0.7972
5.5,eb0482,6.4,0.325,1,0.2332,0.6503
5.5,eb0482,6.4,0.325,2,0.1403,0.5246
5.5,eb0482,6.4,0.325,3,0.0973,0.4296
5.5,eb0482,6.4,0.325,4,0.0635,0.3504
5.5,eb0482,6.4,0.325,5,0.0508,0.2843
5.5,eb0482,6.4,0.325,6,0.0405,0.2244
5.5,eb0482,6.4,0.325,7,0.0321,0.1828
5.5,eb0482,6.4,0.325,8,0.0277,0.153
5.5,eb0482,6.4,0.325,9,0.0239,0.13
5.5,eb0482,6.4,0.325,10,0.0189,0.112
5.5,eb0482,6.4,0.325,11,0.0178,0.0957
5.5,eb0482,6.4,0.325,12,0.0161,0.0827
5.5,eb0482,6.4,0.325,13,0.0129,0.0705
5.5,eb0482,6.4,0.325,14,0.0124,0.0602
5.5,eb0482,6.4,0.325,15,0.011,0.0505
5.5,eb0482,6.4,0.325,16,0.0093,0.0411
5.5,eb0482,6.4,0.325,17,0.0088,0.0322
5.5,eb0482,6.4,0.325,18,0.0073,0.0232
5.5,eb0482,6.4,0.325,19,0.0062,0.0134
5.5,eb0482,6.4,0.325,20,0.0018,0.0095
5.5,eb0482,6.8,0.29,0,0.0185,0.9186
5.5,eb0482,6.8,0.29,1,0.1891,0.7891
5.5,eb0482,6.8,0.29,2,0.1851,0.6585
5.5,eb0482,6.8,0.29,3,0.1413,0.5471
5.5,eb0482,6.8,0.29,4,0.0894,0.4544
5.5,eb0482,6.8,0.29,5,0.0732,0.3731
5.5,eb0482,6.8,0.29,6,0.0581,0.2953
5.5,eb0482,6.8,0.29,7,0.0451,0.2253
5.5,eb0482,6.8,0.29,8,0.0351,0.1781
5.5,eb0482,6.8,0.29,9,0.0287,0.1467
5.5,eb0482,6.8,0.29,10,0.0248,0.1227
5.5,eb0482,6.8,0.29,11,0.0195,0.1024
5.5,eb0482,6.8,0.29,12,0.0175,0.0878
5.5,eb0482,6.8,0.29,13,0.0156,0.0737
5.5,eb0482,6.8,0.29,14,0.0132,0.0621
5.5,eb0482,6.8,0.29,15,0.0121,0.0512
5.5,eb0482,6.8,0.29,16,0.0097,0.041
5.5,eb0482,6.8,0.29,17,0.0094,0.0316
5.5,eb0482,6.8,0.29,18,0.0073,0.0222
5.5,eb0482,6.8,0.29,19,0.0059,0.0125
5.5,eb0482,6.8,0.29,20,0.0013,0.0102
5.5,eb0482,6.8,0.295,0,0.035,0.8913
5.5,eb0482,6.8,0.295,1,0.2148,0.7624
5.5,eb0482,6.8,0.295,2,0.1794,0.6288
5.5,eb0482,6.8,0.295,3,0.1331,0.519
5.5,eb0482,6.8,0.295,4,0.0816,0.4286
5.5,eb0482,6.8,0.295,5,0.0699,0.3502
5.5,eb0482,6.8,0.295,6,0.0527,0.2737
5.5,eb0482,6.8,0.295,7,0.0417,0.2116
5.5,eb0482,6.8,0.295,8,0.033,0.1694
5.5,eb0482,6.8,0.295,9,0.0277,0.1408
5.5,eb0482,6.8,0.295,10,0.023,0.1184
5.5,eb0482,6.8,0.295,11,0.0191,0.0992
5.5,eb0482,6.8,0.295,12,0.0173,0.085
5.5,eb0482,6.8,0.295,13,0.0145,0.0717
5.5,eb0482,6.8,0.295,14,0.0132,0.0603
5.5,eb0482,6.8,0.295,15,0.0114,0.05
5.5,eb0482,6.8,0.295,16,0.0095,0.0401
5.5,eb0482,6.8,0.295,17,0.0089,0.0309
5.5,eb0482,6.8,0.295,18,0.0073,0.0217
5.5,eb0482,6.8,0.295,19,0.0058,0.0121
5.5,eb0482,6.8,0.295,20,0.0011,0.0101
5.5,eb0482,6.8,0.3,0,0.0591,0.8657
5.5,eb0482,6.8,0.3,1,0.2311,0.735
5.5,eb0482,6.8,0.3,2,0.1731,0.6004
5.5,eb0482,6.8,0.3,3,0.1248,0.4919
5.5,eb0482,6.8,0.3,4,0.0753,0.4034
5.5,eb0482,6.8,0.3,5,0.065,0.3285
5.5,eb0482,6.8,0.3,6,0.0484,0.2547
5.5,eb0482,6.8,0.3,7,0.0391,0.1999
5.5,eb0482,6.8,0.3,8,0.0316,0.1614
5.5,eb0482,6.8,0.3,9,0.0264,0.1352
5.5,eb0482,6.8,0.3,10,0.0207,0.1145
5.5,eb0482,6.8,0.3,11,0.019,0.0967
5.5,eb0482,6.8,0.3,12,0.0171,0.0826
5.5,eb0482,6.8,0.3,13,0.0134,0.0697
5.5,eb0482,6.8,0.3,14,0.0131,0.059
5.5,eb0482,6.8,0.3,15,0.0111,0.0488
5.5,eb0482,6.8,0.3,16,0.0091,0.0396
5.5,eb0482,6.8,0.3,17,0.0087,0.0303
5.5,eb0482,6.8,0.3,18,0.0073,0.0213
5.5,eb0482,6.8,0.3,19,0.0056,0.0118
5.5,eb0482,6.8,0.3,20,0.001,0.0099
5.5,eb0482,6.8,0.305,0,0.0875,0.8436
5.5,eb0482,6.8,0.305,1,0.2424,0.7077
5.5,eb0482,6.8,0.305,2,0.1641,0.5729
5.5,eb0482,6.8,0.305,3,0.1181,0.4663
5.5,eb0482,6.8,0.305,4,0.0711,0.3775
5.5,eb0482,6.8,0.305,5,0.0588,0.306
5.5,eb0482,6.8,0.305,6,0.0454,0.2367
5.5,eb0482,6.8,0.305,7,0.0355,0.1886
5.5,eb0482,6.8,0.305,8,0.0301,0.1548
5.5,eb0482,6.8,0.305,9,0.0251,0.1298
5.5,eb0482,6.8,0.305,10,0.0201,0.1104
5.5,eb0482,6.8,0.305,11,0.0177,0.0941
5.5,eb0482,6.8,0.305,12,0.0167,0.0807
5.5,eb0482,6.8,0.305,13,0.0133,0.0679
5.5,eb0482,6.8,0.305,14,0.0124,0.0574
5.5,eb0482,6.8,0.305,15,0.0106,0.0479
5.5,eb0482,6.8,0.305,16,0.009,0.0388
5.5,eb0482,6.8,0.305,17,0.0084,0.03
5.5,eb0482,6.8,0.305,18,0.0072,0.0207
5.5,eb0482,6.8,0.305,19,0.0056,0.0117
5.5,eb0482,6.8,0.305,20,0.0009,0.0098
5.5,eb0482,6.8,0.31,0,0.1209,0.8223
5.5,eb0482,6.8,0.31,1,0.248,0.68
5.5,eb0482,6.8,0.31,2,0.1553,0.5451
5.5,eb0482,6.8,0.31,3,0.1081,0.4418
5.5,eb0482,6.8,0.31,4,0.0681,0.3555
5.5,eb0482,6.8,0.31,5,0.054,0.285
5.5,eb0482,6.8,0.31,6,0.0428,0.2215
5.5,eb0482,6.8,0.31,7,0.0326,0.1781
5.5,eb0482,6.8,0.31,8,0.0281,0.1486
5.5,eb0482,6.8,0.31,9,0.0247,0.1252
5.5,eb0482,6.8,0.31,10,0.019,0.1066
5.5,eb0482,6.8,0.31,11,0.0173,0.0911
5.5,eb0482,6.8,0.31,12,0.0155,0.0786
5.5,eb0482,6.8,0.31,13,0.0132,0.0663
5.5,eb0482,6.8,0.31,14,0.0118,0.0563
5.5,eb0482,6.8,0.31,15,0.0106,0.0473
5.5,eb0482,6.8,0.31,16,0.0086,0.0378
5.5,eb0482,6.8,0.31,17,0.0082,0.0295
5.5,eb0482,6.8,0.31,18,0.007,0.0204
5.5,eb0482,6.8,0.31,19,0.0056,0.0115
5.5,eb0482,6.8,0.31,20,0.0007,0.0095
5.5,eb1168,4.4,0.39,0,0.133,0.7781
5.5,eb1168,4.4,0.39,1,0.1667,0.6661
5.5,eb1168,4.4,0.39,2,0.1219,0.5816
5.5,eb1168,4.4,0.39,3,0.0952,0.5154
5.5,eb1168,4.4,0.39,4,0.0693,0.459
5.5,eb1168,4.4,0.39,5,0.0613,0.408
5.5,eb1168,4.4,0.39,6,0.0529,0.3536
5.5,eb1168,4.4,0.39,7,0.0497,0.2996
5.5,eb1168,4.4,0.39,8,0.0403,0.2453
5.5,eb1168,4.4,0.39,9,0.0351,0.2029
5.5,eb1168,4.4,0.39,10,0.0299,0.169
5.5,eb1168,4.4,0.39,11,0.0263,0.1401
5.5,eb1168,4.4,0.39,12,0.0236,0.1178
5.5,eb1168,4.4,0.39,13,0.0215,0.0961
5.5,eb1168,4.4,0.39,14,0.0174,0.0771
5.5,eb1168,4.4,0.39,15,0.017,0.0605
5.5,eb1168,4.4,0.39,16,0.0155,0.0447
5.5,eb1168,4.4,0.39,17,0.0136,0.0288
5.5,eb1168,4.4,0.39,18,0.0093,0.0161
5.5,eb1168,4.4,0.39,19,0.0007,0.0226
5.5,eb1168,4.4,0.395,0,0.1521,0.7681
5.5,eb1168,4.4,0.395,1,0.168,0.6519
5.5,eb1168,4.4,0.395,2,0.1191,0.5679
5.5,eb1168,4.4,0.395,3,0.0944,0.5013
5.5,eb1168,4.4,0.395,4,0.066,0.4452
5.5,eb1168,4.4,0.395,5,0.0583,0.3954
5.5,eb1168,4.4,0.395,6,0.0523,0.3411
5.5,eb1168,4.4,0.395,7,0.0464,0.2889
5.5,eb1168,4.4,0.395,8,0.0394,0.2372
5.5,eb1168,4.4,0.395,9,0.0343,0.1962
5.5,eb1168,4.4,0.395,10,0.0284,0.1638
5.5,eb1168,4.4,0.395,11,0.0261,0.1364
5.5,eb1168,4.4,0.395,12,0.0226,0.1146
5.5,eb1168,4.4,0.395,13,0.0208,0.0945
5.5,eb1168,4.4,0.395,14,0.017,0.0752
5.5,eb1168,4.4,0.395,15,0.0169,0.0592
5.5,eb1168,4.4,0.395,16,0.015,0.0437
5.5,eb1168,4.4,0.395,17,0.0133,0.0282
5.5,eb1168,4.4,0.395,18,0.0089,0.0157
5.5,eb1168,4.4,0.395,19,0.0006,0.0241
5.5,eb1168,4.4,0.4,0,0.1723,0.7582
5.5,eb1168,4.4,0.4,1,0.168,0.6373
5.5,eb1168,4.4,0.4,2,0.1165,0.5542
5.5,eb1168,4.4,0.4,3,0.0913,0.4877
5.5,eb1168,4.4,0.4,4,0.0636,0.4328
5.5,eb1168,4.4,0.4,5,0.0558,0.3834
5.5,eb1168,4.4,0.4,6,0.0518,0.3301
5.5,eb1168,4.4,0.4,7,0.0446,0.2778
5.5,eb1168,4.4,0.4,8,0.0376,0.2291
5.5,eb1168,4.4,0.4,9,0.0333,0.1904
5.5,eb1168,4.4,0.4,10,0.0274,0.1589
5.5,eb1168,4.4,0.4,11,0.0254,0.1333
5.5,eb1168,4.4,0.4,12,0.0222,0.1121
5.5,eb1168,4.4,0.4,13,0.0202,0.0921
5.5,eb1168,4.4,0.4,14,0.017,0.0733
5.5,eb1168,4.4,0.4,15,0.0164,0.0578
5.5,eb1168,4.4,0.4,16,0.0145,0.0425
5.5,eb1168,4.4,0.4,17,0.013,0.0278
5.5,eb1168,4.4,0.4,18,0.0086,0.0154
5.5,eb1168,4.4,0.4,19,0.0006,0.0255
5.5,eb1168,4.4,0.405,0,0.1916,0.7492
5.5,eb1168,4.4,0.405,1,0.1684,0.6236
5.5,eb1168,4.4,0.405,2,0.1137,0.5407
5.5,eb1168,4.4,0.405,3,0.089,0.4745
5.5,eb1168,4.4,0.405,4,0.0616,0.42
5.5,eb1168,4.4,0.405,5,0.0532,0.3707
5.5,eb1168,4.4,0.405,6,0.0502,0.3189
5.5,eb1168,4.4,0.405,7,0.0435,0.267
5.5,eb1168,4.4,0.405,8,0.0349,0.2214
5.5,eb1168,4.4,0.405,9,0.033,0.1853
5.5,eb1168,4.4,0.405,10,0.0266,0.1543
5.5,eb1168,4.4,0.405,11,0.0245,0.1303
5.5,eb1168,4.4,0.405,12,0.022,0.1094
5.5,eb1168,4.4,0.405,13,0.0192,0.0903
5.5,eb1168,4.4,0.405,14,0.017,0.0714
5.5,eb1168,4.4,0.405,15,0.016,0.0572
5.5,eb1168,4.4,0.405,16,0.0144,0.0411
5.5,eb1168,4.4,0.405,17,0.0129,0.0269
5.5,eb1168,4.4,0.405,18,0.0079,0.0149
5.5,eb1168,4.4,0.41,0,0.2116,0.7403
5.5,eb1168,4.4,0.41,1,0.1686,0.6095
5.5,eb1168,4.4,0.41,2,0.1089,0.5274
5.5,eb1168,4.4,0.41,3,0.0876,0.4621
5.5,eb1168,4.4,0.41,4,0.0592,0.4073
5.5,eb1168,4.4,0.41,5,0.051,0.3586
5.5,eb1168,4.4,0.41,6,0.0488,0.3087
5.5,eb1168,4.4,0.41,7,0.0414,0.2575
5.5,eb1168,4.4,0.41,8,0.0342,0.2146
5.5,eb1168,4.4,0.41,9,0.0314,0.1802
5.5,eb1168,4.4,0.41,10,0.0265,0.1503
5.5,eb1168,4.4,0.41,11,0.0235,0.1272
5.5,eb1168,4.4,0.41,12,0.0214,0.1072
5.5,eb1168,4.4,0.41,13,0.0187,0.0885
5.5,eb1168,4.4,0.41,14,0.017,0.07
5.5,eb1168,4.4,0.41,15,0.0155,0.0561
5.5,eb1168,4.4,0.41,16,0.0145,0.0398
5.5,eb1168,4.4,0.41,17,0.0123,0.0264
5.5,eb1168,4.4,0.41,18,0.0077,0.0147
5.5,eb1168,4.4,0.415,0,0.2318,0.7317
5.5,eb1168,4.4,0.415,1,0.1666,0.5961
5.5,eb1168,4.4,0.415,2,0.1066,0.5142
5.5,eb1168,4.4,0.415,3,0.0839,0.4498
5.5,eb1168,4.4,0.415,4,0.0573,0.3959
5.5,eb1168,4.4,0.415,5,0.0496,0.3473
5.5,eb1168,4.4,0.415,6,0.0475,0.2987
5.5,eb1168,4.4,0.415,7,0.0394,0.2483
5.5,eb1168,4.4,0.415,8,0.0338,0.2074
5.5,eb1168,4.4,0.415,9,0.0295,0.1754
5.5,eb1168,4.4,0.415,10,0.0263,0.1466
5.5,eb1168,4.4,0.415,11,0.0228,0.1242
5.5,eb1168,4.4,0.415,12,0.0212,0.1046
5.5,eb1168,4.4,0.415,13,0.0176,0.087
5.5,eb1168,4.4,0.415,14,0.0167,0.0689
5.5,eb1168,4.4,0.415,15,0.0152,0.055
5.5,eb1168,4.4,0.415,16,0.0145,0.039
5.5,eb1168,4.4,0.415,17,0.012,0.0259
5.5,eb1168,4.4,0.415,18,0.0072,0.0144
5.5,eb1168,4.4,0.42,0,0.2524,0.7232
5.5,eb1168,4.4,0.42,1,0.1633,0.5828
5.5,eb1168,4.4,0.42,2,0.1034,0.5019
5.5,eb1168,4.4,0.42,3,0.0826,0.438
5.5,eb1168,4.4,0.42,4,0.0548,0.3843
5.5,eb1168,4.4,0.42,5,0.0492,0.3354
5.5,eb1168,4.4,0.42,6,0.0449,0.2881
5.5,eb1168,4.4,0.42,7,0.038,0.2397
5.5,eb1168,4.4,0.42,8,0.0328,0.2011
5.5,eb1168,4.4,0.42,9,0.0286,0.1704
5.5,eb1168,4.4,0.42,10,0.0252,0.1429
5.5,eb1168,4.4,0.42,11,0.0223,0.1218
5.5,eb1168,4.4,0.42,12,0.0209,0.1019
5.5,eb1168,4.4,0.42,13,0.0168,0.0855
5.5,eb1168,4.4,0.42,14,0.0168,0.0677
5.5,eb1168,4.4,0.42,15,0.0151,0.0537
5.5,eb1168,4.4,0.42,16,0.0138,0.0379
5.5,eb1168,4.4,0.42,17,0.0119,0.0257
5.5,eb1168,4.4,0.42,18,0.0069,0.0142
5.5,eb1168,4.8,0.36,0,0.092,0.8026
5.5,eb1168,4.8,0.36,1,0.1754,0.6937
5.5,eb1168,4.8,0.36,2,0.1342,0.6003
5.5,eb1168,4.8,0.36,3,0.1075,0.5266
5.5,eb1168,4.8,0.36,4,0.0759,0.4627
5.5,eb1168,4.8,0.36,5,0.0663,0.4064
5.5,eb1168,4.8,0.36,6,0.0574,0.346
5.5,eb1168,4.8,0.36,7,0.0506,0.288
5.5,eb1168,4.8,0.36,8,0.0418,0.2321
5.5,eb1168,4.8,0.36,9,0.0361,0.1893
5.5,eb1168,4.8,0.36,10,0.0292,0.155
5.5,eb1168,4.8,0.36,11,0.0263,0.1287
5.5,eb1168,4.8,0.36,12,0.0232,0.1061
5.5,eb1168,4.8,0.36,13,0.0191,0.0867
5.5,eb1168,4.8,0.36,14,0.018,0.0675
5.5,eb1168,4.8,0.36,15,0.0166,0.0514
5.5,eb1168,4.8,0.36,16,0.014,0.0353
5.5,eb1168,4.8,0.36,17,0.0116,0.0222
5.5,eb1168,4.8,0.36,18,0.0048,0.0141
5.5,eb1168,4.8,0.365,0,0.1118,0.7901
5.5,eb1168,4.8,0.365,1,0.1799,0.677
5.5,eb1168,4.8,0.365,2,0.1326,0.5835
5.5,eb1168,4.8,0.365,3,0.1039,0.5095
5.5,eb1168,4.8,0.365,4,0.0728,0.4469
5.5,eb1168,4.8,0.365,5,0.062,0.3916
5.5,eb1168,4.8,0.365,6,0.0564,0.3326
5.5,eb1168,4.8,0.365,7,0.0486,0.2747
5.5,eb1168,4.8,0.365,8,0.0388,0.2229
5.5,eb1168,4.8,0.365,9,0.035,0.1832
5.5,eb1168,4.8,0.365,10,0.0288,0.1499
5.5,eb1168,4.8,0.365,11,0.025,0.1248
5.5,eb1168,4.8,0.365,12,0.023,0.1028
5.5,eb1168,4.8,0.365,13,0.0181,0.0844
5.5,eb1168,4.8,0.365,14,0.0177,0.0659
5.5,eb1168,4.8,0.365,15,0.0164,0.0502
5.5,eb1168,4.8,0.365,16,0.0135,0.034
5.5,eb1168,4.8,0.365,17,0.0113,0.0213
5.5,eb1168,4.8,0.365,18,0.0044,0.014
5.5,eb1168,4.8,0.37,0,0.1339,0.7776
5.5,eb1168,4.8,0.37,1,0.1816,0.6601
5.5,eb1168,4.8,0.37,2,0.1291,0.5676
5.5,eb1168,4.8,0.37,3,0.1016,0.4937
5.5,eb1168,4.8,0.37,4,0.0694,0.4317
5.5,eb1168,4.8,0.37,5,0.0591,0.3774
5.5,eb1168,4.8,0.37,6,0.0554,0.3194
5.5,eb1168,4.8,0.37,7,0.0453,0.2623
5.5,eb1168,4.8,0.37,8,0.0376,0.2145
5.5,eb1168,4.8,0.37,9,0.0331,0.1773
5.5,eb1168,4.8,0.37,10,0.0283,0.1455
5.5,eb1168,4.8,0.37,11,0.024,0.1217
5.5,eb1168,4.8,0.37,12,0.0226,0.1004
5.5,eb1168,4.8,0.37,13,0.018,0.0814
5.5,eb1168,4.8,0.37,14,0.0168,0.0645
5.5,eb1168,4.8,0.37,15,0.0163,0.0487
5.5,eb1168,4.8,0.37,16,0.0129,0.0331
5.5,eb1168,4.8,0.37,17,0.011,0.021
5.5,eb1168,4.8,0.37,18,0.004,0.0136
5.5,eb1168,4.8,0.375,0,0.1562,0.766
5.5,eb1168,4.8,0.375,1,0.1827,0.6437
5.5,eb1168,4.8,0.375,2,0.1263,0.5516
5.5,eb1168,4.8,0.375,3,0.098,0.4779
5.5,eb1168,4.8,0.375,4,0.0666,0.4171
5.5,eb1168,4.8,0.375,5,0.0565,0.3624
5.5,eb1168,4.8,0.375,6,0.0528,0.3071
5.5,eb1168,4.8,0.375,7,0.0437,0.2514
5.5,eb1168,4.8,0.375,8,0.0367,0.2057
5.5,eb1168,4.8,0.375,9,0.0313,0.171
5.5,eb1168,4.8,0.375,10,0.0271,0.141
5.5,eb1168,4.8,0.375,11,0.0237,0.1184
5.5,eb1168,4.8,0.375,12,0.022,0.0973
5.5,eb1168,4.8,0.375,13,0.0172,0.0791
5.5,eb1168,4.8,0.375,14,0.0162,0.0628
5.5,eb1168,4.8,0.375,15,0.016,0.0478
5.5,eb1168,4.8,0.375,16,0.0126,0.0323
5.5,eb1168,4.8,0.375,17,0.011,0.0202
5.5,eb1168,4.8,0.375,18,0.0035,0.0134
5.5,eb1168,4.8,0.38,0,0.1789,0.7551
5.5,eb1168,4.8,0.38,1,0.1831,0.6274
5.5,eb1168,4.8,0.38,2,0.122,0.536
5.5,eb1168,4.8,0.38,3,0.0952,0.4631
5.5,eb1168,4.8,0.38,4,0.0641,0.4023
5.5,eb1168,4.8,0.38,5,0.0541,0.3482
5.5,eb1168,4.8,0.38,6,0.0513,0.2943
5.5,eb1168,4.8,0.38,7,0.0408,0.2404
5.5,eb1168,4.8,0.38,8,0.0353,0.1987
5.5,eb1168,4.8,0.38,9,0.0303,0.1654
5.5,eb1168,4.8,0.38,10,0.0259,0.137
5.5,eb1168,4.8,0.38,11,0.0234,0.1156
5.5,eb1168,4.8,0.38,12,0.0212,0.0949
5.5,eb1168,4.8,0.38,13,0.0169,0.0768
5.5,eb1168,4.8,0.38,14,0.0157,0.0614
5.5,eb1168,4.8,0.38,15,0.0159,0.0466
5.5,eb1168,4.8,0.38,16,0.012,0.031
5.5,eb1168,4.8,0.38,17,0.0109,0.0199
5.5,eb1168,4.8,0.38,18,0.003,0.0132
5.5,eb1168,4.8,0.385,0,0.2017,0.7447
5.5,eb1168,4.8,0.385,1,0.1835,0.6112
5.5,eb1168,4.8,0.385,2,0.1174,0.5202
5.5,eb1168,4.8,0.385,3,0.0915,0.4486
5.5,eb1168,4.8,0.385,4,0.0609,0.3888
5.5,eb1168,4.8,0.385,5,0.0534,0.3347
5.5,eb1168,4.8,0.385,6,0.0477,0.2829
5.5,eb1168,4.8,0.385,7,0.0399,0.2316
5.5,eb1168,4.8,0.385,8,0.0344,0.1913
5.5,eb1168,4.8,0.385,9,0.0284,0.1597
5.5,eb1168,4.8,0.385,10,0.0259,0.1333
5.5,eb1168,4.8,0.385,11,0.0223,0.1123
5.5,eb1168,4.8,0.385,12,0.0204,0.0929
5.5,eb1168,4.8,0.385,13,0.0163,0.0749
5.5,eb1168,4.8,0.385,14,0.0162,0.0599
5.5,eb1168,4.8,0.385,15,0.0149,0.0453
5.5,eb1168,4.8,0.385,16,0.0119,0.0302
5.5,eb1168,4.8,0.385,17,0.0106,0.0192
5.5,eb1168,4.8,0.385,18,0.0027,0.014
5.5,eb1168,4.8,0.39,0,0.2247,0.7347
5.5,eb1168,4.8,0.39,1,0.1814,0.5959
5.5,eb1168,4.8,0.39,2,0.1133,0.5055
5.5,eb1168,4.8,0.39,3,0.0888,0.4349
5.5,eb1168,4.8,0.39,4,0.0571,0.3759
5.5,eb1168,4.8,0.39,5,0.0534,0.3229
5.5,eb1168,4.8,0.39,6,0.0455,0.2707
5.5,eb1168,4.8,0.39,7,0.0378,0.2228
5.5,eb1168,4.8,0.39,8,0.0334,0.1849
5.5,eb1168,4.8,0.39,9,0.0273,0.1544
5.5,eb1168,4.8,0.39,10,0.0249,0.1298
5.5,eb1168,4.8,0.39,11,0.0218,0.1096
5.5,eb1168,4.8,0.39,12,0.0197,0.0906
5.5,eb1168,4.8,0.39,13,0.016,0.0729
5.5,eb1168,4.8,0.39,14,0.0157,0.0587
5.5,eb1168,4.8,0.39,15,0.0146,0.0443
5.5,eb1168,4.8,0.39,16,0.0121,0.0294
5.5,eb1168,4.8,0.39,17,0.01,0.0186
5.5,eb1168,4.8,0.39,18,0.0023,0.0138
5.5,eb1168,4.8,0.395,0,0.2482,0.7249
5.5,eb1168,4.8,0.395,1,0.1785,0.5805
5.5,eb1168,4.8,0.395,2,0.111,0.49
5.5,eb1168,4.8,0.395,3,0.0847,0.4203
5.5,eb1168,4.8,0.395,4,0.0546,0.362
5.5,eb1168,4.8,0.395,5,0.0515,0.3103
5.5,eb1168,4.8,0.395,6,0.0438,0.2589
5.5,eb1168,4.8,0.395,7,0.0351,0.2143
5.5,eb1168,4.8,0.395,8,0.0327,0.1795
5.5,eb1168,4.8,0.395,9,0.0264,0.1494
5.5,eb1168,4.8,0.395,10,0.0243,0.1266
5.5,eb1168,4.8,0.395,11,0.0214,0.1065
5.5,eb1168,4.8,0.395,12,0.0188,0.0883
5.5,eb1168,4.8,0.395,13,0.0162,0.0707
5.5,eb1168,4.8,0.395,14,0.0152,0.0568
5.5,eb1168,4.8,0.395,15,0.0138,0.0433
5.5,eb1168,4.8,0.395,16,0.012,0.0288
5.5,eb1168,4.8,0.395,17,0.0097,0.0183
5.5,eb1168,4.8,0.395,18,0.002,0.0143
5.5,eb1168,5.2,0.34,0,0.0716,0.8169
5.5,eb1168,5.2,0.34,1,0.1839,0.7067
5.5,eb1168,5.2,0.34,2,0.1453,0.6048
5.5,eb1168,5.2,0.34,3,0.1154,0.5239
5.5,eb1168,5.2,0.34,4,0.0809,0.454
5.5,eb1168,5.2,0.34,5,0.0675,0.3926
5.5,eb1168,5.2,0.34,6,0.0603,0.3284
5.5,eb1168,5.2,0.34,7,0.0504,0.266
5.5,eb1168,5.2,0.34,8,0.0408,0.2124
5.5,eb1168,5.2,0.34,9,0.0346,0.1728
5.5,eb1168,5.2,0.34,10,0.0288,0.14
5.5,eb1168,5.2,0.34,11,0.0252,0.1161
5.5,eb1168,5.2,0.34,12,0.0226,0.0938
5.5,eb1168,5.2,0.34,13,0.0176,0.0743
5.5,eb1168,5.2,0.34,14,0.017,0.0581
5.5,eb1168,5.2,0.34,15,0.0149,0.043
5.5,eb1168,5.2,0.34,16,0.0129,0.0281
5.5,eb1168,5.2,0.34,17,0.0089,0.0164
5.5,eb1168,5.2,0.34,18,0.0012,0.0154
5.5,eb1168,5.2,0.345,0,0.0924,0.8023
5.5,eb1168,5.2,0.345,1,0.1907,0.6877
5.5,eb1168,5.2,0.345,2,0.1435,0.5858
5.5,eb1168,5.2,0.345,3,0.1118,0.5043
5.5,eb1168,5.2,0.345,4,0.0759,0.436
5.5,eb1168,5.2,0.345,5,0.0642,0.3759
5.5,eb1168,5.2,0.345,6,0.0585,0.313
5.5,eb1168,5.2,0.345,7,0.047,0.2521
5.5,eb1168,5.2,0.345,8,0.0392,0.2029
5.5,eb1168,5.2,0.345,9,0.0324,0.166
5.5,eb1168,5.2,0.345,10,0.0282,0.1352
5.5,eb1168,5.2,0.345,11,0.0243,0.1122
5.5,eb1168,5.2,0.345,12,0.0215,0.0911
5.5,eb1168,5.2,0.345,13,0.0176,0.0716
5.5,eb1168,5.2,0.345,14,0.0163,0.0563
5.5,eb1168,5.2,0.345,15,0.0143,0.0416
5.5,eb1168,5.2,0.345,16,0.0126,0.0274
5.5,eb1168,5.2,0.345,17,0.0087,0.0156
5.5,eb1168,5.2,0.345,18,0.0009,0.0194
5.5,eb1168,5.2,0.35,0,0.1153,0.788
5.5,eb1168,5.2,0.35,1,0.1952,0.6689
5.5,eb1168,5.2,0.35,2,0.1399,0.5673
5.5,eb1168,5.2,0.35,3,0.1079,0.4861
5.5,eb1168,5.2,0.35,4,0.0727,0.4188
5.5,eb1168,5.2,0.35,5,0.0604,0.3589
5.5,eb1168,5.2,0.35,6,0.0563,0.2986
5.5,eb1168,5.2,0.35,7,0.0444,0.2396
5.5,eb1168,5.2,0.35,8,0.0376,0.1942
5.5,eb1168,5.2,0.35,9,0.0305,0.1593
5.5,eb1168,5.2,0.35,10,0.0275,0.1313
5.5,eb1168,5.2,0.35,11,0.0237,0.1085
5.5,eb1168,5.2,0.35,12,0.0203,0.0887
5.5,eb1168,5.2,0.35,13,0.0174,0.0695
5.5,eb1168,5.2,0.35,14,0.0158,0.0553
5.5,eb1168,5.2,0.35,15,0.0142,0.0396
5.5,eb1168,5.2,0.35,16,0.0119,0.0265
5.5,eb1168,5.2,0.35,17,0.0083,0.0152
5.5,eb1168,5.2,0.35,18,0.0007,0.0214
5.5,eb1168,5.2,0.355,0,0.1403,0.7741
5.5,eb1168,5.2,0.355,1,0.1966,0.6502
5.5,eb1168,5.2,0.355,2,0.1365,0.5492
5.5,eb1168,5.2,0.355,3,0.1039,0.4684
5.5,eb1168,5.2,0.355,4,0.0684,0.4019
5.5,eb1168,5.2,0.355,5,0.0591,0.3424
5.5,eb1168,5.2,0.355,6,0.0518,0.2847
5.5,eb1168,5.2,0.355,7,0.0428,0.2289
5.5,eb1168,5.2,0.355,8,0.0363,0.1865
5.5,eb1168,5.2,0.355,9,0.0294,0.1528
5.5,eb1168,5.2,0.355,10,0.0262,0.1271
5.5,eb1168,5.2,0.355,11,0.0228,0.1054
5.5,eb1168,5.2,0.355,12,0.0195,0.0861
5.5,eb1168,5.2,0.355,13,0.0171,0.0676
5.5,eb1168,5.2,0.355,14,0.0153,0.0539
5.5,eb1168,5.2,0.355,15,0.0141,0.0384
5.5,eb1168,5.2,0.355,16,0.0118,0.0255
5.5,eb1168,5.2,0.355,17,0.0075,0.0147
5.5,eb1168,5.2,0.355,18,0.0007,0.0228
5.5,eb1168,5.2,0.36,0,0.166,0.7612
5.5,eb1168,5.2,0.36,1,0.1978,0.6314
5.5,eb1168,5.2,0.36,2,0.1306,0.5313
5.5,eb1168,5.2,0.36,3,0.1001,0.4519
5.5,eb1168,5.2,0.36,4,0.0649,0.3862
5.5,eb1168,5.2,0.36,5,0.0577,0.3272
5.5,eb1168,5.2,0.36,6,0.0492,0.2703
5.5,eb1168,5.2,0.36,7,0.0395,0.219
5.5,eb1168,5.2,0.36,8,0.0351,0.1799
5.5,eb1168,5.2,0.36,9,0.029,0.1473
5.5,eb1168,5.2,0.36,10,0.0249,0.1225
5.5,eb1168,5.2,0.36,11,0.0223,0.1019
5.5,eb1168,5.2,0.36,12,0.018,0.0843
5.5,eb1168,5.2,0.36,13,0.0172,0.0661
5.5,eb1168,5.2,0.36,14,0.0152,0.0521
5.5,eb1168,5.2,0.36,15,0.0134,0.0369
5.5,eb1168,5.2,0.36,16,0.0114,0.0252
5.5,eb1168,5.2,0.36,17,0.0071,0.014
5.5,eb1168,5.2,0.36,18,0.0006,0.025
5.5,eb1168,5.2,0.365,0,0.191,0.7495
5.5,eb1168,5.2,0.365,1,0.1992,0.6133
5.5,eb1168,5.2,0.365,2,0.1246,0.5135
5.5,eb1168,5.2,0.365,3,0.096,0.4357
5.5,eb1168,5.2,0.365,4,0.0613,0.3709
5.5,eb1168,5.2,0.365,5,0.0562,0.3133
5.5,eb1168,5.2,0.365,6,0.0465,0.2572
5.5,eb1168,5.2,0.365,7,0.0377,0.2096
5.5,eb1168,5.2,0.365,8,0.0331,0.1733
5.5,eb1168,5.2,0.365,9,0.0283,0.1426
5.5,eb1168,5.2,0.365,10,0.0237,0.1194
5.5,eb1168,5.2,0.365,11,0.0223,0.0989
5.5,eb1168,5.2,0.365,12,0.0171,0.0816
5.5,eb1168,5.2,0.365,13,0.0167,0.0648
5.5,eb1168,5.2,0.365,14,0.0154,0.0501
5.5,eb1168,5.2,0.365,15,0.0128,0.0355
5.5,eb1168,5.2,0.365,16,0.0109,0.0245
5.5,eb1168,5.2,0.365,17,0.0067,0.0134
5.5,eb1168,5.6,0.325,0,0.0581,0.8282
5.5,eb1168,5.6,0.325,1,0.1934,0.714
5.5,eb1168,5.6,0.325,2,0.1562,0.6039
5.5,eb1168,5.6,0.325,3,0.1231,0.5152
5.5,eb1168,5.6,0.325,4,0.0829,0.4397
5.5,eb1168,5.6,0.325,5,0.0688,0.3739
5.5,eb1168,5.6,0.325,6,0.0611,0.3067
5.5,eb1168,5.6,0.325,7,0.0488,0.2422
5.5,eb1168,5.6,0.325,8,0.0405,0.1924
5.5,eb1168,5.6,0.325,9,0.032,0.1546
5.5,eb1168,5.6,0.325,10,0.0279,0.1265
5.5,eb1168,5.6,0.325,11,0.0243,0.1029
5.5,eb1168,5.6,0.325,12,0.0194,0.0835
5.5,eb1168,5.6,0.325,13,0.018,0.0648
5.5,eb1168,5.6,0.325,14,0.0164,0.0492
5.5,eb1168,5.6,0.325,15,0.0132,0.0334
5.5,eb1168,5.6,0.325,16,0.0109,0.0218
5.5,eb1168,5.6,0.325,17,0.005,0.0135
5.5,eb1168,5.6,0.33,0,0.08,0.8107
5.5,eb1168,5.6,0.33,1,0.2023,0.6932
5.5,eb1168,5.6,0.33,2,0.1535,0.5827
5.5,eb1168,5.6,0.33,3,0.1177,0.4941
5.5,eb1168,5.6,0.33,4,0.0787,0.4203
5.5,eb1168,5.6,0.33,5,0.065,0.3545
5.5,eb1168,5.6,0.33,6,0.0579,0.2902
5.5,eb1168,5.6,0.33,7,0.0456,0.2292
5.5,eb1168,5.6,0.33,8,0.0386,0.1837
5.5,eb1168,5.6,0.33,9,0.0309,0.1481
5.5,eb1168,5.6,0.33,10,0.0262,0.1218
5.5,eb1168,5.6,0.33,11,0.0239,0.0993
5.5,eb1168,5.6,0.33,12,0.0188,0.0801
5.5,eb1168,5.6,0.33,13,0.0171,0.0628
5.5,eb1168,5.6,0.33,14,0.016,0.0473
5.5,eb1168,5.6,0.33,15,0.0125,0.0324
5.5,eb1168,5.6,0.33,16,0.0106,0.0208
5.5,eb1168,5.6,0.33,17,0.0045,0.0136
5.5,eb1168,5.6,0.335,0,0.1043,0.7946
5.5,eb1168,5.6,0.335,1,0.2088,0.6722
5.5,eb1168,5.6,0.335,2,0.1493,0.5619
5.5,eb1168,5.6,0.335,3,0.113,0.4738
5.5,eb1168,5.6,0.335,4,0.0737,0.4011
5.5,eb1168,5.6,0.335,5,0.0632,0.336
5.5,eb1168,5.6,0.335,6,0.0536,0.2737
5.5,eb1168,5.6,0.335,7,0.0424,0.2178
5.5,eb1168,5.6,0.335,8,0.0364,0.1763
5.5,eb1168,5.6,0.335,9,0.0302,0.1425
5.5,eb1168,5.6,0.335,10,0.0253,0.1179
5.5,eb1168,5.6,0.335,11,0.0233,0.0957
5.5,eb1168,5.6,0.335,12,0.0179,0.0769
5.5,eb1168,5.6,0.335,13,0.0161,0.0608
5.5,eb1168,5.6,0.335,14,0.0159,0.0463
5.5,eb1168,5.6,0.335,15,0.0121,0.0312
5.5,eb1168,5.6,0.335,16,0.0102,0.02
5.5,eb1168,5.6,0.335,17,0.0041,0.0134
5.5,eb1168,5.6,0.34,0,0.1314,0.7789
5.5,eb1168,5.6,0.34,1,0.212,0.6512
5.5,eb1168,5.6,0.34,2,0.1436,0.5416
5.5,eb1168,5.6,0.34,3,0.1084,0.4547
5.5,eb1168,5.6,0.34,4,0.0689,0.383
5.5,eb1168,5.6,0.34,5,0.0607,0.32
5.5,eb1168,5.6,0.34,6,0.0507,0.2589
5.5,eb1168,5.6,0.34,7,0.0407,0.2067
5.5,eb1168,5.6,0.34,8,0.0343,0.1685
5.5,eb1168,5.6,0.34,9,0.0284,0.1369
5.5,eb1168,5.6,0.34,10,0.025,0.1139
5.5,eb1168,5.6,0.34,11,0.0221,0.0927
5.5,eb1168,5.6,0.34,12,0.017,0.0741
5.5,eb1168,5.6,0.34,13,0.0165,0.059
5.5,eb1168,5.6,0.34,14,0.0151,0.0444
5.5,eb1168,5.6,0.34,15,0.0115,0.0299
5.5,eb1168,5.6,0.34,16,0.0103,0.0197
5.5,eb1168,5.6,0.34,17,0.0035,0.0131
5.5,eb1168,5.6,0.345,0,0.1603,0.764
5.5,eb1168,5.6,0.345,1,0.2127,0.6302
5.5,eb1168,5.6,0.345,2,0.1375,0.5216
5.5,eb1168,5.6,0.345,3,0.1034,0.4361
5.5,eb1168,5.6,0.345,4,0.0651,0.3655
5.5,eb1168,5.6,0.345,5,0.0587,0.3039
5.5,eb1168,5.6,0.345,6,0.047,0.2445
5.5,eb1168,5.6,0.345,7,0.0389,0.1971
5.5,eb1168,5.6,0.345,8,0.0324,0.1615
5.5,eb1168,5.6,0.345,9,0.0278,0.1319
5.5,eb1168,5.6,0.345,10,0.0237,0.11
5.5,eb1168,5.6,0.345,11,0.021,0.0902
5.5,eb1168,5.6,0.345,12,0.0168,0.0717
5.5,eb1168,5.6,0.345,13,0.0161,0.0572
5.5,eb1168,5.6,0.345,14,0.0144,0.0431
5.5,eb1168,5.6,0.345,15,0.0118,0.0289
5.5,eb1168,5.6,0.345,16,0.0096,0.0186
5.5,eb1168,5.6,0.345,17,0.0029,0.013
5.5,eb1168,6.0,0.31,0,0.0365,0.8506
5.5,eb1168,6.0,0.31,1,0.1914,0.7334
5.5,eb1168,6.0,0.31,2,0.1696,0.6161
5.5,eb1168,6.0,0.31,3,0.1331,0.5193
5.5,eb1168,6.0,0.31,4,0.0881,0.4374
5.5,eb1168,6.0,0.31,5,0.0719,0.3664
5.5,eb1168,6.0,0.31,6,0.0632,0.2951
5.5,eb1168,6.0,0.31,7,0.0486,0.2291
5.5,eb1168,6.0,0.31,8,0.0402,0.1807
5.5,eb1168,6.0,0.31,9,0.0323,0.1436
5.5,eb1168,6.0,0.31,10,0.027,0.1169
5.5,eb1168,6.0,0.31,11,0.0241,0.0941
5.5,eb1168,6.0,0.31,12,0.0182,0.0738
5.5,eb1168,6.0,0.31,13,0.0174,0.0573
5.5,eb1168,6.0,0.31,14,0.0147,0.0426
5.5,eb1168,6.0,0.31,15,0.0126,0.0281
5.5,eb1168,6.0,0.31,16,0.0092,0.0171
5.5,eb1168,6.0,0.31,17,0.0019,0.0145
5.5,eb1168,6.0,0.315,0,0.0564,0.8297
5.5,eb1168,6.0,0.315,1,0.2072,0.7102
5.5,eb1168,6.0,0.315,2,0.1658,0.5917
5.5,eb1168,6.0,0.315,3,0.127,0.4956
5.5,eb1168,6.0,0.315,4,0.0834,0.4152
5.5,eb1168,6.0,0.315,5,0.0677,0.3443
5.5,eb1168,6.0,0.315,6,0.0586,0.2766
5.5,eb1168,6.0,0.315,7,0.0451,0.2159
5.5,eb1168,6.0,0.315,8,0.0378,0.1721
5.5,eb1168,6.0,0.315,9,0.0307,0.1376
5.5,eb1168,6.0,0.315,10,0.0265,0.1125
5.5,eb1168,6.0,0.315,11,0.0225,0.0905
5.5,eb1168,6.0,0.315,12,0.0181,0.0707
5.5,eb1168,6.0,0.315,13,0.0167,0.0552
5.5,eb1168,6.0,0.315,14,0.0143,0.0408
5.5,eb1168,6.0,0.315,15,0.0122,0.0271
5.5,eb1168,6.0,0.315,16,0.0085,0.016
5.5,eb1168,6.0,0.315,17,0.0015,0.0151
5.5,eb1168,6.0,0.32,0,0.081,0.81
5.5,eb1168,6.0,0.32,1,0.218,0.6867
5.5,eb1168,6.0,0.32,2,0.161,0.5679
5.5,eb1168,6.0,0.32,3,0.1206,0.4727
5.5,eb1168,6.0,0.32,4,0.0772,0.3941
5.5,eb1168,6.0,0.32,5,0.0651,0.3249
5.5,eb1168,6.0,0.32,6,0.0547,0.2593
5.5,eb1168,6.0,0.32,7,0.0428,0.2034
5.5,eb1168,6.0,0.32,8,0.0352,0.1637
5.5,eb1168,6.0,0.32,9,0.0299,0.1313
5.5,eb1168,6.0,0.32,10,0.0247,0.108
5.5,eb1168,6.0,0.32,11,0.0213,0.0873
5.5,eb1168,6.0,0.32,12,0.0179,0.068
5.5,eb1168,6.0,0.32,13,0.0159,0.054
5.5,eb1168,6.0,0.32,14,0.014,0.0387
5.5,eb1168,6.0,0.32,15,0.0116,0.0261
5.5,eb1168,6.0,0.32,16,0.0082,0.0152
5.5,eb1168,6.0,0.32,17,0.0011,0.0162
5.5,eb1168,6.0,0.325,0,0.1079,0.7924
5.5,eb1168,6.0,0.325,1,0.225,0.6638
5.5,eb1168,6.0,0.325,2,0.1544,0.5453
5.5,eb1168,6.0,0.325,3,0.1151,0.4514
5.5,eb1168,6.0,0.325,4,0.0714,0.3744
5.5,eb1168,6.0,0.325,5,0.0637,0.3071
5.5,eb1168,6.0,0.325,6,0.0502,0.2428
5.5,eb1168,6.0,0.325,7,0.0408,0.1929
5.5,eb1168,6.0,0.325,8,0.0324,0.1557
5.5,eb1168,6.0,0.325,9,0.0289,0.1268
5.5,eb1168,6.0,0.325,10,0.024,0.1039
5.5,eb1168,6.0,0.325,11,0.0201,0.0842
5.5,eb1168,6.0,0.325,12,0.0176,0.0656
5.5,eb1168,6.0,0.325,13,0.0152,0.0519
5.5,eb1168,6.0,0.325,14,0.0138,0.0369
5.5,eb1168,6.0,0.325,15,0.0111,0.0251
5.5,eb1168,6.0,0.325,16,0.0076,0.0145
5.5,eb1168,6.0,0.325,17,0.0008,0.0195
5.5,eb1168,6.4,0.3,0,0.0284,0.8616
5.5,eb1168,6.4,0.3,1,0.1972,0.7386
5.5,eb1168,6.4,0.3,2,0.1807,0.6138
5.5,eb1168,6.4,0.3,3,0.1392,0.5096
5.5,eb1168,6.4,0.3,4,0.0903,0.4223
5.5,eb1168,6.4,0.3,5,0.0732,0.3457
5.5,eb1168,6.4,0.3,6,0.0614,0.2727
5.5,eb1168,6.4,0.3,7,0.0469,0.2093
5.5,eb1168,6.4,0.3,8,0.0381,0.1653
5.5,eb1168,6.4,0.3,9,0.0314,0.1308
5.5,eb1168,6.4,0.3,10,0.0264,0.1054
5.5,eb1168,6.4,0.3,11,0.0208,0.0845
5.5,eb1168,6.4,0.3,12,0.0187,0.0651
5.5,eb1168,6.4,0.3,13,0.0164,0.0495
5.5,eb1168,6.4,0.3,14,0.0135,0.0342
5.5,eb1168,6.4,0.3,15,0.0109,0.0231
5.5,eb1168,6.4,0.3,16,0.006,0.0133
5.5,eb1168,6.4,0.305,0,0.0481,0.8378
5.5,eb1168,6.4,0.305,1,0.2173,0.7133
5.5,eb1168,6.4,0.305,2,0.1756,0.5868
5.5,eb1168,6.4,0.305,3,0.1319,0.4838
5.5,eb1168,6.4,0.305,4,0.0834,0.3987
5.5,eb1168,6.4,0.305,5,0.0692,0.324
5.5,eb1168,6.4,0.305,6,0.0566,0.2544
5.5,eb1168,6.4,0.305,7,0.0449,0.1966
5.5,eb1168,6.4,0.305,8,0.0348,0.1559
5.5,eb1168,6.4,0.305,9,0.03,0.1252
5.5,eb1168,6.4,0.305,10,0.0253,0.1008
5.5,eb1168,6.4,0.305,11,0.0197,0.0812
5.5,eb1168,6.4,0.305,12,0.0182,0.0627
5.5,eb1168,6.4,0.305,13,0.0163,0.0475
5.5,eb1168,6.4,0.305,14,0.0127,0.0323
5.5,eb1168,6.4,0.305,15,0.0107,0.0215
5.5,eb1168,6.4,0.305,16,0.005,0.0132
5.5,eb1168,6.4,0.31,0,0.0735,0.8154
5.5,eb1168,6.4,0.31,1,0.2301,0.688
5.5,eb1168,6.4,0.31,2,0.1701,0.5611
5.5,eb1168,6.4,0.31,3,0.1242,0.4592
5.5,eb1168,6.4,0.31,4,0.0767,0.3762
5.5,eb1168,6.4,0.31,5,0.0671,0.3042
5.5,eb1168,6.4,0.31,6,0.0516,0.2365
5.5,eb1168,6.4,0.31,7,0.0422,0.1855
5.5,eb1168,6.4,0.31,8,0.0332,0.1474
5.5,eb1168,6.4,0.31,9,0.0278,0.1198
5.5,eb1168,6.4,0.31,10,0.0248,0.0965
5.5,eb1168,6.4,0.31,11,0.019,0.077
5.5,eb1168,6.4,0.31,12,0.0167,0.0604
5.5,eb1168,6.4,0.31,13,0.0159,0.0458
5.5,eb1168,6.4,0.31,14,0.0121,0.0312
5.5,eb1168,6.4,0.31,15,0.0102,0.0203
5.5,eb1168,6.4,0.31,16,0.0046,0.0133
5.5,eb1168,6.8,0.29,0,0.0181,0.8804
5.5,eb1168,6.8,0.29,1,0.1928,0.7504
5.5,eb1168,6.8,0.29,2,0.1922,0.6202
5.5,eb1168,6.8,0.29,3,0.1476,0.5085
5.5,eb1168,6.8,0.29,4,0.0937,0.4155
5.5,eb1168,6.8,0.29,5,0.0756,0.3343
5.5,eb1168,6.8,0.29,6,0.0613,0.2584
5.5,eb1168,6.8,0.29,7,0.047,0.1965
5.5,eb1168,6.8,0.29,8,0.0368,0.1531
5.5,eb1168,6.8,0.29,9,0.0305,0.1217
5.5,eb1168,6.8,0.29,10,0.026,0.0966
5.5,eb1168,6.8,0.29,11,0.02,0.0761
5.5,eb1168,6.8,0.29,12,0.0175,0.0585
5.5,eb1168,6.8,0.29,13,0.0159,0.0433
5.5,eb1168,6.8,0.29,14,0.012,0.0286
5.5,eb1168,6.8,0.29,15,0.0098,0.0183
5.5,eb1168,6.8,0.29,16,0.0029,0.0127
5.5,eb1168,6.8,0.295,0,0.0344,0.8533
5.5,eb1168,6.8,0.295,1,0.221,0.7237
5.5,eb1168,6.8,0.295,2,0.1864,0.5901
5.5,eb1168,6.8,0.295,3,0.1388,0.4802
5.5,eb1168,6.8,0.295,4,0.0847,0.3898
5.5,eb1168,6.8,0.295,5,0.0727,0.3117
5.5,eb1168,6.8,0.295,6,0.0556,0.2387
5.5,eb1168,6.8,0.295,7,0.0443,0.1839
5.5,eb1168,6.8,0.295,8,0.0345,0.1438
5.5,eb1168,6.8,0.295,9,0.0284,0.1157
5.5,eb1168,6.8,0.295,10,0.025,0.0923
5.5,eb1168,6.8,0.295,11,0.0185,0.072
5.5,eb1168,6.8,0.295,12,0.0173,0.0559
5.5,eb1168,6.8,0.295,13,0.0146,0.0415
5.5,eb1168,6.8,0.295,14,0.012,0.0274
5.5,eb1168,6.8,0.295,15,0.0093,0.0176
5.5,eb1168,6.8,0.295,16,0.0023,0.0126
5.5,eb1168,6.8,0.3,0,0.0583,0.828
5.5,eb1168,6.8,0.3,1,0.2388,0.6969
5.5,eb1168,6.8,0.3,2,0.1802,0.562
5.5,eb1168,6.8,0.3,3,0.13,0.4534
5.5,eb1168,6.8,0.3,4,0.0789,0.3648
5.5,eb1168,6.8,0.3,5,0.0675,0.2899
5.5,eb1168,6.8,0.3,6,0.0507,0.222
5.5,eb1168,6.8,0.3,7,0.0412,0.1734
5.5,eb1168,6.8,0.3,8,0.033,0.1367
5.5,eb1168,6.8,0.3,9,0.0274,0.1104
5.5,eb1168,6.8,0.3,10,0.0232,0.0881
5.5,eb1168,6.8,0.3,11,0.0186,0.0683
5.5,eb1168,6.8,0.3,12,0.0161,0.0535
5.5,eb1168,6.8,0.3,13,0.0139,0.0395
5.5,eb1168,6.8,0.3,14,0.012,0.0266
5.5,eb1168,6.8,0.3,15,0.0083,0.0159
5.5,eb1168,6.8,0.3,16,0.0019,0.0143
5.5,eb154,4.4,0.39,0,0.1332,0.7576
5.5,eb154,4.4,0.39,1,0.1703,0.6459
5.5,eb154,4.4,0.39,2,0.1234,0.5613
5.5,eb154,4.4,0.39,3,0.099,0.4948
5.5,eb154,4.4,0.39,4,0.0708,0.4375
5.5,eb154,4.4,0.39,5,0.0627,0.3862
5.5,eb154,4.4,0.39,6,0.0531,0.3323
5.5,eb154,4.4,0.39,7,0.0513,0.2789
5.5,eb154,4.4,0.39,8,0.0418,0.2273
5.5,eb154,4.4,0.39,9,0.0356,0.1873
5.5,eb154,4.4,0.39,10,0.0309,0.1551
5.5,eb154,4.4,0.39,11,0.0272,0.1256
5.5,eb154,4.4,0.39,12,0.0236,0.1032
5.5,eb154,4.4,0.39,13,0.022,0.0814
5.5,eb154,4.4,0.39,14,0.0175,0.062
5.5,eb154,4.4,0.39,15,0.0161,0.0445
5.5,eb154,4.4,0.39,16,0.0145,0.0286
5.5,eb154,4.4,0.39,17,0.0067,0.0163
5.5,eb154,4.4,0.395,0,0.1535,0.7472
5.5,eb154,4.4,0.395,1,0.1706,0.6313
5.5,eb154,4.4,0.395,2,0.1217,0.5475
5.5,eb154,4.4,0.395,3,0.0964,0.4806
5.5,eb154,4.4,0.395,4,0.0678,0.4243
5.5,eb154,4.4,0.395,5,0.0597,0.3741
5.5,eb154,4.4,0.395,6,0.0532,0.32
5.5,eb154,4.4,0.395,7,0.048,0.2682
5.5,eb154,4.4,0.395,8,0.0402,0.2197
5.5,eb154,4.4,0.395,9,0.035,0.1814
5.5,eb154,4.4,0.395,10,0.0298,0.15
5.5,eb154,4.4,0.395,11,0.0258,0.1221
5.5,eb154,4.4,0.395,12,0.0234,0.1008
5.5,eb154,4.4,0.395,13,0.0216,0.0792
5.5,eb154,4.4,0.395,14,0.017,0.0599
5.5,eb154,4.4,0.395,15,0.0157,0.0431
5.5,eb154,4.4,0.395,16,0.0143,0.0272
5.5,eb154,4.4,0.395,17,0.0059,0.0164
5.5,eb154,4.4,0.4,0,0.174,0.7374
5.5,eb154,4.4,0.4,1,0.1705,0.6171
5.5,eb154,4.4,0.4,2,0.1192,0.5339
5.5,eb154,4.4,0.4,3,0.0941,0.4669
5.5,eb154,4.4,0.4,4,0.065,0.4116
5.5,eb154,4.4,0.4,5,0.0572,0.362
5.5,eb154,4.4,0.4,6,0.0526,0.3086
5.5,eb154,4.4,0.4,7,0.0454,0.2582
5.5,eb154,4.4,0.4,8,0.0387,0.2125
5.5,eb154,4.4,0.4,9,0.0342,0.1758
5.5,eb154,4.4,0.4,10,0.0285,0.1452
5.5,eb154,4.4,0.4,11,0.0257,0.1189
5.5,eb154,4.4,0.4,12,0.0226,0.0983
5.5,eb154,4.4,0.4,13,0.021,0.0771
5.5,eb154,4.4,0.4,14,0.0165,0.0579
5.5,eb154,4.4,0.4,15,0.0152,0.0417
5.5,eb154,4.4,0.4,16,0.0142,0.0268
5.5,eb154,4.4,0.4,17,0.0052,0.0163
5.5,eb154,4.4,0.405,0,0.1933,0.7286
5.5,eb154,4.4,0.405,1,0.1716,0.6034
5.5,eb154,4.4,0.405,2,0.1165,0.5203
5.5,eb154,4.4,0.405,3,0.0909,0.4539
5.5,eb154,4.4,0.405,4,0.0633,0.3991
5.5,eb154,4.4,0.405,5,0.0541,0.35
5.5,eb154,4.4,0.405,6,0.0512,0.2981
5.5,eb154,4.4,0.405,7,0.0444,0.2485
5.5,eb154,4.4,0.405,8,0.0368,0.2056
5.5,eb154,4.4,0.405,9,0.0334,0.1704
5.5,eb154,4.4,0.405,10,0.0269,0.1408
5.5,eb154,4.4,0.405,11,0.0259,0.1161
5.5,eb154,4.4,0.405,12,0.0218,0.0951
5.5,eb154,4.4,0.405,13,0.0202,0.0753
5.5,eb154,4.4,0.405,14,0.016,0.0564
5.5,eb154,4.4,0.405,15,0.0151,0.041
5.5,eb154,4.4,0.405,16,0.014,0.0256
5.5,eb154,4.4,0.405,17,0.0046,0.0162
5.5,eb154,4.4,0.41,0,0.2138,0.7196
5.5,eb154,4.4,0.41,1,0.1712,0.5895
5.5,eb154,4.4,0.41,2,0.1124,0.5071
5.5,eb154,4.4,0.41,3,0.089,0.4414
5.5,eb154,4.4,0.41,4,0.0608,0.3868
5.5,eb154,4.4,0.41,5,0.0525,0.3377
5.5,eb154,4.4,0.41,6,0.0498,0.2874
5.5,eb154,4.4,0.41,7,0.0428,0.2385
5.5,eb154,4.4,0.41,8,0.0346,0.1985
5.5,eb154,4.4,0.41,9,0.0328,0.1658
5.5,eb154,4.4,0.41,10,0.0265,0.1361
5.5,eb154,4.4,0.41,11,0.0245,0.1128
5.5,eb154,4.4,0.41,12,0.0214,0.0932
5.5,eb154,4.4,0.41,13,0.0194,0.0736
5.5,eb154,4.4,0.41,14,0.016,0.0548
5.5,eb154,4.4,0.41,15,0.015,0.0397
5.5,eb154,4.4,0.41,16,0.0133,0.0245
5.5,eb154,4.4,0.41,17,0.0041,0.0164
5.5,eb154,4.4,0.415,0,0.2342,0.7111
5.5,eb154,4.4,0.415,1,0.1699,0.576
5.5,eb154,4.4,0.415,2,0.1091,0.494
5.5,eb154,4.4,0.415,3,0.0861,0.4293
5.5,eb154,4.4,0.415,4,0.0594,0.3748
5.5,eb154,4.4,0.415,5,0.0497,0.3263
5.5,eb154,4.4,0.415,6,0.0486,0.2778
5.5,eb154,4.4,0.415,7,0.0409,0.2303
5.5,eb154,4.4,0.415,8,0.034,0.1924
5.5,eb154,4.4,0.415,9,0.0313,0.1611
5.5,eb154,4.4,0.415,10,0.0262,0.1325
5.5,eb154,4.4,0.415,11,0.0236,0.1103
5.5,eb154,4.4,0.415,12,0.0214,0.0903
5.5,eb154,4.4,0.415,13,0.0187,0.0714
5.5,eb154,4.4,0.415,14,0.0155,0.053
5.5,eb154,4.4,0.415,15,0.0149,0.0387
5.5,eb154,4.4,0.415,16,0.0129,0.0236
5.5,eb154,4.4,0.415,17,0.0035,0.0164
5.5,eb154,4.4,0.42,0,0.2549,0.7027
5.5,eb154,4.4,0.42,1,0.1674,0.5628
5.5,eb154,4.4,0.42,2,0.1056,0.4814
5.5,eb154,4.4,0.42,3,0.0843,0.4175
5.5,eb154,4.4,0.42,4,0.0561,0.3637
5.5,eb154,4.4,0.42,5,0.0497,0.3151
5.5,eb154,4.4,0.42,6,0.0468,0.2677
5.5,eb154,4.4,0.42,7,0.0387,0.2223
5.5,eb154,4.4,0.42,8,0.0335,0.1861
5.5,eb154,4.4,0.42,9,0.0294,0.1566
5.5,eb154,4.4,0.42,10,0.0263,0.1292
5.5,eb154,4.4,0.42,11,0.0226,0.1072
5.5,eb154,4.4,0.42,12,0.0207,0.0886
5.5,eb154,4.4,0.42,13,0.0183,0.0697
5.5,eb154,4.4,0.42,14,0.0156,0.0516
5.5,eb154,4.4,0.42,15,0.0143,0.0374
5.5,eb154,4.4,0.42,16,0.0126,0.0232
5.5,eb154,4.4,0.42,17,0.003,0.0161
5.5,eb154,4.8,0.36,0,0.0919,0.782
5.5,eb154,4.8,0.36,1,0.1779,0.6734
5.5,eb154,4.8,0.36,2,0.1377,0.5797
5.5,eb154,4.8,0.36,3,0.1102,0.5056
5.5,eb154,4.8,0.36,4,0.0777,0.4414
5.5,eb154,4.8,0.36,5,0.0676,0.3848
5.5,eb154,4.8,0.36,6,0.0584,0.3248
5.5,eb154,4.8,0.36,7,0.0522,0.2674
5.5,eb154,4.8,0.36,8,0.0426,0.2153
5.5,eb154,4.8,0.36,9,0.0373,0.1747
5.5,eb154,4.8,0.36,10,0.0298,0.141
5.5,eb154,4.8,0.36,11,0.0271,0.1141
5.5,eb154,4.8,0.36,12,0.0236,0.0919
5.5,eb154,4.8,0.36,13,0.02,0.0713
5.5,eb154,4.8,0.36,14,0.0171,0.0508
5.5,eb154,4.8,0.36,15,0.0153,0.0355
5.5,eb154,4.8,0.36,16,0.0118,0.0211
5.5,eb154,4.8,0.36,17,0.0017,0.0228
5.5,eb154,4.8,0.365,0,0.1118,0.7696
5.5,eb154,4.8,0.365,1,0.1836,0.6567
5.5,eb154,4.8,0.365,2,0.1355,0.5627
5.5,eb154,4.8,0.365,3,0.1053,0.4889
5.5,eb154,4.8,0.365,4,0.0751,0.4264
5.5,eb154,4.8,0.365,5,0.0642,0.3704
5.5,eb154,4.8,0.365,6,0.0576,0.3108
5.5,eb154,4.8,0.365,7,0.049,0.2551
5.5,eb154,4.8,0.365,8,0.0407,0.2069
5.5,eb154,4.8,0.365,9,0.036,0.1685
5.5,eb154,4.8,0.365,10,0.029,0.1359
5.5,eb154,4.8,0.365,11,0.0259,0.1109
5.5,eb154,4.8,0.365,12,0.0227,0.0894
5.5,eb154,4.8,0.365,13,0.0193,0.0689
5.5,eb154,4.8,0.365,14,0.017,0.0496
5.5,eb154,4.8,0.365,15,0.0149,0.0342
5.5,eb154,4.8,0.365,16,0.0113,0.0201
5.5,eb154,4.8,0.365,17,0.0013,0.026
5.5,eb154,4.8,0.37,0,0.134,0.7572
5.5,eb154,4.8,0.37,1,0.1855,0.6399
5.5,eb154,4.8,0.37,2,0.1323,0.5469
5.5,eb154,4.8,0.37,3,0.1036,0.4728
5.5,eb154,4.8,0.37,4,0.0708,0.411
5.5,eb154,4.8,0.37,5,0.0612,0.3562
5.5,eb154,4.8,0.37,6,0.0555,0.2982
5.5,eb154,4.8,0.37,7,0.0478,0.2437
5.5,eb154,4.8,0.37,8,0.0381,0.1982
5.5,eb154,4.8,0.37,9,0.0344,0.1628
5.5,eb154,4.8,0.37,10,0.0286,0.1313
5.5,eb154,4.8,0.37,11,0.0249,0.1069
5.5,eb154,4.8,0.37,12,0.0223,0.0863
5.5,eb154,4.8,0.37,13,0.0179,0.0674
5.5,eb154,4.8,0.37,14,0.017,0.0481
5.5,eb154,4.8,0.37,15,0.0145,0.0332
5.5,eb154,4.8,0.37,16,0.0105,0.019
5.5,eb154,4.8,0.37,17,0.0011,0.0279
5.5,eb154,4.8,0.375,0,0.1569,0.7455
5.5,eb154,4.8,0.375,1,0.1865,0.6235
5.5,eb154,4.8,0.375,2,0.1292,0.531
5.5,eb154,4.8,0.375,3,0.1,0.4572
5.5,eb154,4.8,0.375,4,0.0683,0.3963
5.5,eb154,4.8,0.375,5,0.0581,0.3415
5.5,eb154,4.8,0.375,6,0.0537,0.2859
5.5,eb154,4.8,0.375,7,0.0452,0.233
5.5,eb154,4.8,0.375,8,0.037,0.1906
5.5,eb154,4.8,0.375,9,0.0324,0.1574
5.5,eb154,4.8,0.375,10,0.0281,0.1273
5.5,eb154,4.8,0.375,11,0.024,0.1043
5.5,eb154,4.8,0.375,12,0.022,0.0831
5.5,eb154,4.8,0.375,13,0.0172,0.0655
5.5,eb154,4.8,0.375,14,0.0166,0.0463
5.5,eb154,4.8,0.375,15,0.0138,0.032
5.5,eb154,4.8,0.375,16,0.0099,0.0187
5.5,eb154,4.8,0.375,17,0.0011,0.0296
5.5,eb154,4.8,0.38,0,0.1803,0.7345
5.5,eb154,4.8,0.38,1,0.1865,0.6072
5.5,eb154,4.8,0.38,2,0.1254,0.5155
5.5,eb154,4.8,0.38,3,0.0968,0.4424
5.5,eb154,4.8,0.38,4,0.066,0.3815
5.5,eb154,4.8,0.38,5,0.0546,0.3277
5.5,eb154,4.8,0.38,6,0.0523,0.2744
5.5,eb154,4.8,0.38,7,0.0425,0.2236
5.5,eb154,4.8,0.38,8,0.0366,0.1835
5.5,eb154,4.8,0.38,9,0.0309,0.1517
5.5,eb154,4.8,0.38,10,0.027,0.1229
5.5,eb154,4.8,0.38,11,0.0232,0.1016
5.5,eb154,4.8,0.38,12,0.0217,0.0805
5.5,eb154,4.8,0.38,13,0.0166,0.0627
5.5,eb154,4.8,0.38,14,0.0159,0.0454
5.5,eb154,4.8,0.38,15,0.0134,0.0306
5.5,eb154,4.8,0.38,16,0.0093,0.018
5.5,eb154,4.8,0.38,17,0.0009,0.0341
5.5,eb154,4.8,0.385,0,0.2037,0.724
5.5,eb154,4.8,0.385,1,0.187,0.591
5.5,eb154,4.8,0.385,2,0.1198,0.5
5.5,eb154,4.8,0.385,3,0.0938,0.4283
5.5,eb154,4.8,0.385,4,0.0627,0.3681
5.5,eb154,4.8,0.385,5,0.0543,0.3141
5.5,eb154,4.8,0.385,6,0.0492,0.2625
5.5,eb154,4.8,0.385,7,0.0407,0.2144
5.5,eb154,4.8,0.385,8,0.0353,0.1767
5.5,eb154,4.8,0.385,9,0.0295,0.1462
5.5,eb154,4.8,0.385,10,0.0258,0.1193
5.5,eb154,4.8,0.385,11,0.023,0.0986
5.5,eb154,4.8,0.385,12,0.0213,0.0783
5.5,eb154,4.8,0.385,13,0.0163,0.06
5.5,eb154,4.8,0.385,14,0.0153,0.0442
5.5,eb154,4.8,0.385,15,0.0132,0.0294
5.5,eb154,4.8,0.385,16,0.0086,0.0171
5.5,eb154,4.8,0.385,17,0.0006,0.0443
5.5,eb154,5.2,0.34,0,0.0714,0.7963
5.5,eb154,5.2,0.34,1,0.187,0.686
5.5,eb154,5.2,0.34,2,0.1484,0.5841
5.5,eb154,5.2,0.34,3,0.1188,0.5026
5.5,eb154,5.2,0.34,4,0.082,0.4327
5.5,eb154,5.2,0.34,5,0.0697,0.3712
5.5,eb154,5.2,0.34,6,0.0612,0.3068
5.5,eb154,5.2,0.34,7,0.0523,0.2464
5.5,eb154,5.2,0.34,8,0.041,0.1966
5.5,eb154,5.2,0.34,9,0.0356,0.1589
5.5,eb154,5.2,0.34,10,0.03,0.1264
5.5,eb154,5.2,0.34,11,0.0255,0.1018
5.5,eb154,5.2,0.34,12,0.0233,0.0792
5.5,eb154,5.2,0.34,13,0.0176,0.0595
5.5,eb154,5.2,0.34,14,0.016,0.0424
5.5,eb154,5.2,0.34,15,0.0141,0.0269
5.5,eb154,5.2,0.34,16,0.0061,0.0163
5.5,eb154,5.2,0.345,0,0.0924,0.7817
5.5,eb154,5.2,0.345,1,0.1938,0.6674
5.5,eb154,5.2,0.345,2,0.147,0.5651
5.5,eb154,5.2,0.345,3,0.1144,0.4834
5.5,eb154,5.2,0.345,4,0.0776,0.4148
5.5,eb154,5.2,0.345,5,0.0656,0.3548
5.5,eb154,5.2,0.345,6,0.0595,0.292
5.5,eb154,5.2,0.345,7,0.049,0.2336
5.5,eb154,5.2,0.345,8,0.0398,0.1875
5.5,eb154,5.2,0.345,9,0.0335,0.1522
5.5,eb154,5.2,0.345,10,0.0286,0.1214
5.5,eb154,5.2,0.345,11,0.025,0.0986
5.5,eb154,5.2,0.345,12,0.022,0.0763
5.5,eb154,5.2,0.345,13,0.0171,0.0568
5.5,eb154,5.2,0.345,14,0.0152,0.0406
5.5,eb154,5.2,0.345,15,0.014,0.0262
5.5,eb154,5.2,0.345,16,0.0052,0.0156
5.5,eb154,5.2,0.35,0,0.1152,0.7676
5.5,eb154,5.2,0.35,1,0.1991,0.6487
5.5,eb154,5.2,0.35,2,0.1424,0.5469
5.5,eb154,5.2,0.35,3,0.1107,0.4659
5.5,eb154,5.2,0.35,4,0.0747,0.3981
5.5,eb154,5.2,0.35,5,0.0621,0.3379
5.5,eb154,5.2,0.35,6,0.0569,0.2779
5.5,eb154,5.2,0.35,7,0.0462,0.2222
5.5,eb154,5.2,0.35,8,0.0383,0.1796
5.5,eb154,5.2,0.35,9,0.0318,0.1458
5.5,eb154,5.2,0.35,10,0.0278,0.1168
5.5,eb154,5.2,0.35,11,0.0239,0.0949
5.5,eb154,5.2,0.35,12,0.0213,0.0738
5.5,eb154,5.2,0.35,13,0.0164,0.0548
5.5,eb154,5.2,0.35,14,0.015,0.0394
5.5,eb154,5.2,0.35,15,0.0135,0.0247
5.5,eb154,5.2,0.35,16,0.0044,0.016
5.5,eb154,5.2,0.355,0,0.1408,0.7536
5.5,eb154,5.2,0.355,1,0.201,0.6298
5.5,eb154,5.2,0.355,2,0.139,0.5286
5.5,eb154,5.2,0.355,3,0.1063,0.4479
5.5,eb154,5.2,0.355,4,0.0712,0.3809
5.5,eb154,5.2,0.355,5,0.0591,0.3215
5.5,eb154,5.2,0.355,6,0.0538,0.2645
5.5,eb154,5.2,0.355,7,0.0436,0.2123
5.5,eb154,5.2,0.355,8,0.0373,0.1718
5.5,eb154,5.2,0.355,9,0.0297,0.1396
5.5,eb154,5.2,0.355,10,0.0274,0.1131
5.5,eb154,5.2,0.355,11,0.0229,0.0916
5.5,eb154,5.2,0.355,12,0.0203,0.0713
5.5,eb154,5.2,0.355,13,0.016,0.0525
5.5,eb154,5.2,0.355,14,0.0151,0.0379
5.5,eb154,5.2,0.355,15,0.0127,0.0233
5.5,eb154,5.2,0.355,16,0.0036,0.0158
5.5,eb154,5.2,0.36,0,0.1671,0.7406
5.5,eb154,5.2,0.36,1,0.2015,0.6113
5.5,eb154,5.2,0.36,2,0.1339,0.511
5.5,eb154,5.2,0.36,3,0.1022,0.4314
5.5,eb154,5.2,0.36,4,0.0674,0.3654
5.5,eb154,5.2,0.36,5,0.0582,0.3059
5.5,eb154,5.2,0.36,6,0.0499,0.2515
5.5,eb154,5.2,0.36,7,0.0416,0.2031
5.5,eb154,5.2,0.36,8,0.036,0.1651
5.5,eb154,5.2,0.36,9,0.029,0.1336
5.5,eb154,5.2,0.36,10,0.0259,0.1092
5.5,eb154,5.2,0.36,11,0.0226,0.0881
5.5,eb154,5.2,0.36,12,0.0189,0.0689
5.5,eb154,5.2,0.36,13,0.0163,0.0501
5.5,eb154,5.2,0.36,14,0.0142,0.0364
5.5,eb154,5.2,0.36,15,0.0123,0.0225
5.5,eb154,5.2,0.36,16,0.0029,0.0155
5.5,eb154,5.6,0.325,0,0.0576,0.8079
5.5,eb154,5.6,0.325,1,0.196,0.6937
5.5,eb154,5.6,0.325,2,0.1599,0.5835
5.5,eb154,5.6,0.325,3,0.1257,0.4946
5.5,eb154,5.6,0.325,4,0.0853,0.419
5.5,eb154,5.6,0.325,5,0.0704,0.3529
5.5,eb154,5.6,0.325,6,0.0624,0.2856
5.5,eb154,5.6,0.325,7,0.0502,0.2247
5.5,eb154,5.6,0.325,8,0.041,0.1781
5.5,eb154,5.6,0.325,9,0.0328,0.142
5.5,eb154,5.6,0.325,10,0.0293,0.1125
5.5,eb154,5.6,0.325,11,0.0246,0.0894
5.5,eb154,5.6,0.325,12,0.0201,0.0683
5.5,eb154,5.6,0.325,13,0.0172,0.0486
5.5,eb154,5.6,0.325,14,0.0148,0.0336
5.5,eb154,5.6,0.325,15,0.0113,0.0201
5.5,eb154,5.6,0.325,16,0.0014,0.024
5.5,eb154,5.6,0.33,0,0.08,0.79
5.5,eb154,5.6,0.33,1,0.2057,0.6726
5.5,eb154,5.6,0.33,2,0.1569,0.562
5.5,eb154,5.6,0.33,3,0.1204,0.4733
5.5,eb154,5.6,0.33,4,0.0807,0.3994
5.5,eb154,5.6,0.33,5,0.0656,0.3341
5.5,eb154,5.6,0.33,6,0.0597,0.2702
5.5,eb154,5.6,0.33,7,0.047,0.2128
5.5,eb154,5.6,0.33,8,0.0395,0.1694
5.5,eb154,5.6,0.33,9,0.0316,0.1348
5.5,eb154,5.6,0.33,10,0.0274,0.1081
5.5,eb154,5.6,0.33,11,0.0236,0.0856
5.5,eb154,5.6,0.33,12,0.0188,0.0661
5.5,eb154,5.6,0.33,13,0.0172,0.0469
5.5,eb154,5.6,0.33,14,0.0144,0.0323
5.5,eb154,5.6,0.33,15,0.0103,0.0185
5.5,eb154,5.6,0.33,16,0.0012,0.0269
5.5,eb154,5.6,0.335,0,0.1046,0.774
5.5,eb154,5.6,0.335,1,0.2128,0.6516
5.5,eb154,5.6,0.335,2,0.1525,0.5412
5.5,eb154,5.6,0.335,3,0.1157,0.4531
5.5,eb154,5.6,0.335,4,0.0755,0.3802
5.5,eb154,5.6,0.335,5,0.0635,0.3157
5.5,eb154,5.6,0.335,6,0.0553,0.255
5.5,eb154,5.6,0.335,7,0.0441,0.202
5.5,eb154,5.6,0.335,8,0.0377,0.1621
5.5,eb154,5.6,0.335,9,0.0307,0.1288
5.5,eb154,5.6,0.335,10,0.0257,0.1037
5.5,eb154,5.6,0.335,11,0.0233,0.082
5.5,eb154,5.6,0.335,12,0.0179,0.0635
5.5,eb154,5.6,0.335,13,0.0166,0.0451
5.5,eb154,5.6,0.335,14,0.0136,0.0303
5.5,eb154,5.6,0.335,15,0.0094,0.018
5.5,eb154,5.6,0.335,16,0.0011,0.029
5.5,eb154,5.6,0.34,0,0.1318,0.7584
5.5,eb154,5.6,0.34,1,0.2162,0.6309
5.5,eb154,5.6,0.34,2,0.1472,0.5211
5.5,eb154,5.6,0.34,3,0.1104,0.4341
5.5,eb154,5.6,0.34,4,0.0711,0.3624
5.5,eb154,5.6,0.34,5,0.0617,0.2989
5.5,eb154,5.6,0.34,6,0.0525,0.2399
5.5,eb154,5.6,0.34,7,0.0409,0.1915
5.5,eb154,5.6,0.34,8,0.0354,0.155
5.5,eb154,5.6,0.34,9,0.0296,0.1235
5.5,eb154,5.6,0.34,10,0.0251,0.1001
5.5,eb154,5.6,0.34,11,0.0226,0.0785
5.5,eb154,5.6,0.34,12,0.0173,0.0601
5.5,eb154,5.6,0.34,13,0.0157,0.0436
5.5,eb154,5.6,0.34,14,0.0132,0.0289
5.5,eb154,5.6,0.34,15,0.0087,0.017
5.5,eb154,5.6,0.34,16,0.0007,0.039
5.5,eb154,6.0,0.31,0,0.0361,0.8301
5.5,eb154,6.0,0.31,1,0.1939,0.7128
5.5,eb154,6.0,0.31,2,0.1734,0.5953
5.5,eb154,6.0,0.31,3,0.1355,0.4986
5.5,eb154,6.0,0.31,4,0.0907,0.4167
5.5,eb154,6.0,0.31,5,0.0737,0.3454
5.5,eb154,6.0,0.31,6,0.0649,0.2743
5.5,eb154,6.0,0.31,7,0.0498,0.2121
5.5,eb154,6.0,0.31,8,0.0415,0.1663
5.5,eb154,6.0,0.31,9,0.0328,0.13
5.5,eb154,6.0,0.31,10,0.0273,0.103
5.5,eb154,6.0,0.31,11,0.0246,0.0798
5.5,eb154,6.0,0.31,12,0.0185,0.0596
5.5,eb154,6.0,0.31,13,0.0163,0.042
5.5,eb154,6.0,0.31,14,0.0139,0.0274
5.5,eb154,6.0,0.31,15,0.0066,0.0149
5.5,eb154,6.0,0.315,0,0.0563,0.809
5.5,eb154,6.0,0.315,1,0.2108,0.6893
5.5,eb154,6.0,0.315,2,0.1694,0.5706
5.5,eb154,6.0,0.315,3,0.129,0.4747
5.5,eb154,6.0,0.315,4,0.0854,0.3947
5.5,eb154,6.0,0.315,5,0.0692,0.3239
5.5,eb154,6.0,0.315,6,0.0599,0.2574
5.5,eb154,6.0,0.315,7,0.0467,0.2002
5.5,eb154,6.0,0.315,8,0.0391,0.1583
5.5,eb154,6.0,0.315,9,0.0316,0.124
5.5,eb154,6.0,0.315,10,0.0266,0.0987
5.5,eb154,6.0,0.315,11,0.0235,0.0763
5.5,eb154,6.0,0.315,12,0.0176,0.0563
5.5,eb154,6.0,0.315,13,0.0153,0.0398
5.5,eb154,6.0,0.315,14,0.0139,0.0257
5.5,eb154,6.0,0.315,15,0.0054,0.0158
5.5,eb154,6.0,0.32,0,0.0807,0.7895
5.5,eb154,6.0,0.32,1,0.222,0.6662
5.5,eb154,6.0,0.32,2,0.1645,0.5472
5.5,eb154,6.0,0.32,3,0.1235,0.452
5.5,eb154,6.0,0.32,4,0.0788,0.3733
5.5,eb154,6.0,0.32,5,0.0668,0.3041
5.5,eb154,6.0,0.32,6,0.056,0.2403
5.5,eb154,6.0,0.32,7,0.0435,0.1883
5.5,eb154,6.0,0.32,8,0.0363,0.1502
5.5,eb154,6.0,0.32,9,0.0301,0.1183
5.5,eb154,6.0,0.32,10,0.0259,0.0946
5.5,eb154,6.0,0.32,11,0.0221,0.0726
5.5,eb154,6.0,0.32,12,0.0167,0.0535
5.5,eb154,6.0,0.32,13,0.0152,0.0383
5.5,eb154,6.0,0.32,14,0.0132,0.0238
5.5,eb154,6.0,0.32,15,0.0044,0.0157
5.5,eb154,6.4,0.3,0,0.028,0.8412
5.5,eb154,6.4,0.3,1,0.2004,0.7176
5.5,eb154,6.4,0.3,2,0.1839,0.5928
5.5,eb154,6.4,0.3,3,0.1425,0.4887
5.5,eb154,6.4,0.3,4,0.0922,0.4015
5.5,eb154,6.4,0.3,5,0.0747,0.3252
5.5,eb154,6.4,0.3,6,0.063,0.2535
5.5,eb154,6.4,0.3,7,0.048,0.1945
5.5,eb154,6.4,0.3,8,0.0395,0.1517
5.5,eb154,6.4,0.3,9,0.032,0.1173
5.5,eb154,6.4,0.3,10,0.0265,0.0923
5.5,eb154,6.4,0.3,11,0.0225,0.0701
5.5,eb154,6.4,0.3,12,0.0179,0.0493
5.5,eb154,6.4,0.3,13,0.0149,0.0342
5.5,eb154,6.4,0.3,14,0.0118,0.0208
5.5,eb154,6.4,0.3,15,0.0021,0.0197
5.5,eb154,6.4,0.305,0,0.048,0.8169
5.5,eb154,6.4,0.305,1,0.2203,0.6926
5.5,eb154,6.4,0.305,2,0.1797,0.5661
5.5,eb154,6.4,0.305,3,0.135,0.463
5.5,eb154,6.4,0.305,4,0.0852,0.378
5.5,eb154,6.4,0.305,5,0.071,0.3033
5.5,eb154,6.4,0.305,6,0.0583,0.2357
5.5,eb154,6.4,0.305,7,0.0452,0.1819
5.5,eb154,6.4,0.305,8,0.0365,0.1429
5.5,eb154,6.4,0.305,9,0.0304,0.1114
5.5,eb154,6.4,0.305,10,0.0257,0.0875
5.5,eb154,6.4,0.305,11,0.0203,0.0665
5.5,eb154,6.4,0.305,12,0.0176,0.0471
5.5,eb154,6.4,0.305,13,0.0146,0.0324
5.5,eb154,6.4,0.305,14,0.0107,0.0188
5.5,eb154,6.4,0.305,15,0.0014,0.0235
5.5,eb154,6.8,0.29,0,0.0179,0.8596
5.5,eb154,6.8,0.29,1,0.1951,0.7294
5.5,eb154,6.8,0.29,2,0.1963,0.5993
5.5,eb154,6.8,0.29,3,0.1509,0.4877
5.5,eb154,6.8,0.29,4,0.0967,0.3943
5.5,eb154,6.8,0.29,5,0.0771,0.3128
5.5,eb154,6.8,0.29,6,0.0625,0.2394
5.5,eb154,6.8,0.29,7,0.0477,0.1819
5.5,eb154,6.8,0.29,8,0.0379,0.1406
5.5,eb154,6.8,0.29,9,0.0317,0.1083
5.5,eb154,6.8,0.29,10,0.026,0.0831
5.5,eb154,6.8,0.29,11,0.0198,0.0626
5.5,eb154,6.8,0.29,12,0.0175,0.0434
5.5,eb154,6.8,0.29,13,0.014,0.0284
5.5,eb154,6.8,0.29,14,0.0084,0.016
5.5,eb154,6.8,0.29,15,0.0005,0.044
5.5,eb154,6.8,0.295,0,0.034,0.8327
5.5,eb154,6.8,0.295,1,0.2243,0.7029
5.5,eb154,6.8,0.295,2,0.1906,0.5693
5.5,eb154,6.8,0.295,3,0.1421,0.4594
5.5,eb154,6.8,0.295,4,0.0875,0.3686
5.5,eb154,6.8,0.295,5,0.0732,0.2906
5.5,eb154,6.8,0.295,6,0.057,0.2215
5.5,eb154,6.8,0.295,7,0.0458,0.17
5.5,eb154,6.8,0.295,8,0.035,0.1308
5.5,eb154,6.8,0.295,9,0.0293,0.1024
5.5,eb154,6.8,0.295,10,0.0254,0.0784
5.5,eb154,6.8,0.295,11,0.0188,0.0582
5.5,eb154,6.8,0.295,12,0.0163,0.041
5.5,eb154,6.8,0.295,13,0.0137,0.0264
5.5,eb154,6.8,0.295,14,0.0065,0.0143
5.75,eb0482,4.8,0.4,0,0.2185,0.6587
5.75,eb0482,4.8,0.4,1,0.1554,0.5013
5.75,eb0482,4.8,0.4,2,0.0957,0.4078
5.75,eb0482,4.8,0.4,3,0.0749,0.3358
5.75,eb0482,4.8,0.4,4,0.0496,0.2781
5.75,eb0482,4.8,0.4,5,0.0433,0.2373
5.75,eb0482,4.8,0.4,6,0.0391,0.2058
5.75,eb0482,4.8,0.4,7,0.0381,0.1822
5.75,eb0482,4.8,0.4,8,0.033,0.1608
5.75,eb0482,4.8,0.4,9,0.0291,0.1446
5.75,eb0482,4.8,0.4,10,0.0286,0.1294
5.75,eb0482,4.8,0.4,11,0.0238,0.1154
5.75,eb0482,4.8,0.4,12,0.0241,0.1038
5.75,eb0482,4.8,0.4,13,0.0218,0.0933
5.75,eb0482,4.8,0.4,14,0.0204,0.0827
5.75,eb0482,4.8,0.4,15,0.0185,0.0715
5.75,eb0482,4.8,0.4,16,0.018,0.063
5.75,eb0482,4.8,0.4,17,0.0176,0.0523
5.75,eb0482,4.8,0.4,18,0.0167,0.0417
5.75,eb0482,4.8,0.4,19,0.0159,0.0315
5.75,eb0482,4.8,0.4,20,0.0144,0.0191
5.75,eb0482,4.8,0.4,21,0.0034,0.0118
5.75,eb0482,4.8,0.405,0,0.2383,0.6489
5.75,eb0482,4.8,0.405,1,0.1519,0.4863
5.75,eb0482,4.8,0.405,2,0.0935,0.3938
5.75,eb0482,4.8,0.405,3,0.0724,0.3228
5.75,eb0482,4.8,0.405,4,0.0477,0.2666
5.75,eb0482,4.8,0.405,5,0.0409,0.2288
5.75,eb0482,4.8,0.405,6,0.0395,0.1997
5.75,eb0482,4.8,0.405,7,0.0364,0.1775
5.75,eb0482,4.8,0.405,8,0.032,0.1572
5.75,eb0482,4.8,0.405,9,0.0285,0.1418
5.75,eb0482,4.8,0.405,10,0.0278,0.127
5.75,eb0482,4.8,0.405,11,0.0237,0.1133
5.75,eb0482,4.8,0.405,12,0.023,0.1021
5.75,eb0482,4.8,0.405,13,0.0214,0.0924
5.75,eb0482,4.8,0.405,14,0.0203,0.0813
5.75,eb0482,4.8,0.405,15,0.018,0.0709
5.75,eb0482,4.8,0.405,16,0.0182,0.0622
5.75,eb0482,4.8,0.405,17,0.0168,0.0516
5.75,eb0482,4.8,0.405,18,0.0165,0.0413
5.75,eb0482,4.8,0.405,19,0.0157,0.0313
5.75,eb0482,4.8,0.405,20,0.0143,0.019
5.75,eb0482,4.8,0.405,21,0.0032,0.0116
5.75,eb0482,4.8,0.41,0,0.2572,0.6398
5.75,eb0482,4.8,0.41,1,0.1497,0.4715
5.75,eb0482,4.8,0.41,2,0.0896,0.3799
5.75,eb0482,4.8,0.41,3,0.0697,0.3109
5.75,eb0482,4.8,0.41,4,0.0465,0.2567
5.75,eb0482,4.8,0.41,5,0.0394,0.2213
5.75,eb0482,4.8,0.41,6,0.0389,0.194
5.75,eb0482,4.8,0.41,7,0.0346,0.1735
5.75,eb0482,4.8,0.41,8,0.0311,0.1542
5.75,eb0482,4.8,0.41,9,0.0281,0.1389
5.75,eb0482,4.8,0.41,10,0.0269,0.1252
5.75,eb0482,4.8,0.41,11,0.0235,0.1114
5.75,eb0482,4.8,0.41,12,0.0226,0.101
5.75,eb0482,4.8,0.41,13,0.0212,0.0908
5.75,eb0482,4.8,0.41,14,0.0193,0.0804
5.75,eb0482,4.8,0.41,15,0.0179,0.0699
5.75,eb0482,4.8,0.41,16,0.018,0.0616
5.75,eb0482,4.8,0.41,17,0.0164,0.0511
5.75,eb0482,4.8,0.41,18,0.0166,0.0411
5.75,eb0482,4.8,0.41,19,0.0154,0.0309
5.75,eb0482,4.8,0.41,20,0.0141,0.0189
5.75,eb0482,4.8,0.41,21,0.0032,0.0113
5.75,eb0482,4.8,0.415,0,0.2754,0.6313
5.75,eb0482,4.8,0.415,1,0.1467,0.4576
5.75,eb0482,4.8,0.415,2,0.0876,0.3664
5.75,eb0482,4.8,0.415,3,0.0667,0.2985
5.75,eb0482,4.8,0.415,4,0.0446,0.2472
5.75,eb0482,4.8,0.415,5,0.0382,0.2145
5.75,eb0482,4.8,0.415,6,0.0375,0.1893
5.75,eb0482,4.8,0.415,7,0.0339,0.1698
5.75,eb0482,4.8,0.415,8,0.0305,0.1508
5.75,eb0482,4.8,0.415,9,0.028,0.1363
5.75,eb0482,4.8,0.415,10,0.0254,0.1229
5.75,eb0482,4.8,0.415,11,0.0237,0.11
5.75,eb0482,4.8,0.415,12,0.0217,0.0995
5.75,eb0482,4.8,0.415,13,0.021,0.0898
5.75,eb0482,4.8,0.415,14,0.0187,0.0796
5.75,eb0482,4.8,0.415,15,0.0181,0.0691
5.75,eb0482,4.8,0.415,16,0.018,0.0609
5.75,eb0482,4.8,0.415,17,0.016,0.0505
5.75,eb0482,4.8,0.415,18,0.0163,0.0405
5.75,eb0482,4.8,0.415,19,0.0151,0.0307
5.75,eb0482,4.8,0.415,20,0.0139,0.0187
5.75,eb0482,4.8,0.415,21,0.0031,0.0112
5.75,eb0482,4.8,0.42,0,0.293,0.6231
5.75,eb0482,4.8,0.42,1,0.1436,0.4441
5.75,eb0482,4.8,0.42,2,0.0854,0.3533
5.75,eb0482,4.8,0.42,3,0.0639,0.2869
5.75,eb0482,4.8,0.42,4,0.0427,0.239
5.75,eb0482,4.8,0.42,5,0.0374,0.2083
5.75,eb0482,4.8,0.42,6,0.0376,0.1846
5.75,eb0482,4.8,0.42,7,0.0322,0.1653
5.75,eb0482,4.8,0.42,8,0.0297,0.1481
5.75,eb0482,4.8,0.42,9,0.0272,0.1336
5.75,eb0482,4.8,0.42,10,0.0246,0.1209
5.75,eb0482,4.8,0.42,11,0.0233,0.1084
5.75,eb0482,4.8,0.42,12,0.0214,0.0981
5.75,eb0482,4.8,0.42,13,0.0205,0.0888
5.75,eb0482,4.8,0.42,14,0.0182,0.0789
5.75,eb0482,4.8,0.42,15,0.018,0.0687
5.75,eb0482,4.8,0.42,16,0.018,0.06
5.75,eb0482,4.8,0.42,17,0.0158,0.0498
5.75,eb0482,4.8,0.42,18,0.0159,0.0401
5.75,eb0482,4.8,0.42,19,0.0149,0.0306
5.75,eb0482,4.8,0.42,20,0.0139,0.0184
5.75,eb0482,4.8,0.42,21,0.003,0.0113
5.75,eb0482,5.2,0.37,0,0.1738,0.6823
5.75,eb0482,5.2,0.37,1,0.1697,0.5326
5.75,eb0482,5.2,0.37,2,0.1106,0.4283
5.75,eb0482,5.2,0.37,3,0.0826,0.3475
5.75,eb0482,5.2,0.37,4,0.0549,0.2839
5.75,eb0482,5.2,0.37,5,0.047,0.2378
5.75,eb0482,5.2,0.37,6,0.0425,0.2034
5.75,eb0482,5.2,0.37,7,0.04,0.1783
5.75,eb0482,5.2,0.37,8,0.0341,0.1564
5.75,eb0482,5.2,0.37,9,0.0305,0.139
5.75,eb0482,5.2,0.37,10,0.0283,0.1241
5.75,eb0482,5.2,0.37,11,0.0256,0.1097
5.75,eb0482,5.2,0.37,12,0.0231,0.0982
5.75,eb0482,5.2,0.37,13,0.0221,0.0876
5.75,eb0482,5.2,0.37,14,0.0187,0.0775
5.75,eb0482,5.2,0.37,15,0.0188,0.0667
5.75,eb0482,5.2,0.37,16,0.018,0.0578
5.75,eb0482,5.2,0.37,17,0.0163,0.0474
5.75,eb0482,5.2,0.37,18,0.0159,0.0375
5.75,eb0482,5.2,0.37,19,0.014,0.0271
5.75,eb0482,5.2,0.37,20,0.0123,0.016
5.75,eb0482,5.2,0.37,21,0.0012,0.012
5.75,eb0482,5.2,0.375,0,0.1955,0.6705
5.75,eb0482,5.2,0.375,1,0.1694,0.5146
5.75,eb0482,5.2,0.375,2,0.105,0.4116
5.75,eb0482,5.2,0.375,3,0.0804,0.3326
5.75,eb0482,5.2,0.375,4,0.0524,0.2705
5.75,eb0482,5.2,0.375,5,0.0442,0.2282
5.75,eb0482,5.2,0.375,6,0.0428,0.1966
5.75,eb0482,5.2,0.375,7,0.0374,0.1732
5.75,eb0482,5.2,0.375,8,0.0333,0.1523
5.75,eb0482,5.2,0.375,9,0.0298,0.1361
5.75,eb0482,5.2,0.375,10,0.0272,0.1217
5.75,eb0482,5.2,0.375,11,0.0251,0.1078
5.75,eb0482,5.2,0.375,12,0.0226,0.0969
5.75,eb0482,5.2,0.375,13,0.0217,0.0861
5.75,eb0482,5.2,0.375,14,0.0188,0.076
5.75,eb0482,5.2,0.375,15,0.0177,0.0661
5.75,eb0482,5.2,0.375,16,0.0179,0.057
5.75,eb0482,5.2,0.375,17,0.016,0.047
5.75,eb0482,5.2,0.375,18,0.0158,0.0372
5.75,eb0482,5.2,0.375,19,0.0138,0.0268
5.75,eb0482,5.2,0.375,20,0.0121,0.0159
5.75,eb0482,5.2,0.375,21,0.0011,0.0115
5.75,eb0482,5.2,0.38,0,0.2178,0.659
5.75,eb0482,5.2,0.38,1,0.1667,0.4972
5.75,eb0482,5.2,0.38,2,0.1018,0.3951
5.75,eb0482,5.2,0.38,3,0.0766,0.3177
5.75,eb0482,5.2,0.38,4,0.0505,0.2582
5.75,eb0482,5.2,0.38,5,0.0422,0.2194
5.75,eb0482,5.2,0.38,6,0.041,0.1907
5.75,eb0482,5.2,0.38,7,0.0364,0.1689
5.75,eb0482,5.2,0.38,8,0.0324,0.1489
5.75,eb0482,5.2,0.38,9,0.029,0.1331
5.75,eb0482,5.2,0.38,10,0.0264,0.1192
5.75,eb0482,5.2,0.38,11,0.0244,0.1058
5.75,eb0482,5.2,0.38,12,0.0224,0.0955
5.75,eb0482,5.2,0.38,13,0.0215,0.0847
5.75,eb0482,5.2,0.38,14,0.0181,0.0747
5.75,eb0482,5.2,0.38,15,0.0176,0.0654
5.75,eb0482,5.2,0.38,16,0.0172,0.0561
5.75,eb0482,5.2,0.38,17,0.0161,0.0464
5.75,eb0482,5.2,0.38,18,0.0155,0.0367
5.75,eb0482,5.2,0.38,19,0.0135,0.0265
5.75,eb0482,5.2,0.38,20,0.0119,0.0157
5.75,eb0482,5.2,0.38,21,0.001,0.0117
5.75,eb0482,5.2,0.385,0,0.2408,0.6477
5.75,eb0482,5.2,0.385,1,0.1629,0.4796
5.75,eb0482,5.2,0.385,2,0.0968,0.3795
5.75,eb0482,5.2,0.385,3,0.0744,0.3042
5.75,eb0482,5.2,0.385,4,0.0478,0.2471
5.75,eb0482,5.2,0.385,5,0.0412,0.2117
5.75,eb0482,5.2,0.385,6,0.0406,0.1851
5.75,eb0482,5.2,0.385,7,0.0348,0.1637
5.75,eb0482,5.2,0.385,8,0.031,0.1456
5.75,eb0482,5.2,0.385,9,0.0288,0.1301
5.75,eb0482,5.2,0.385,10,0.0254,0.1164
5.75,eb0482,5.2,0.385,11,0.0234,0.1041
5.75,eb0482,5.2,0.385,12,0.022,0.0942
5.75,eb0482,5.2,0.385,13,0.0211,0.0835
5.75,eb0482,5.2,0.385,14,0.0175,0.0738
5.75,eb0482,5.2,0.385,15,0.0176,0.0644
5.75,eb0482,5.2,0.385,16,0.0168,0.0556
5.75,eb0482,5.2,0.385,17,0.0159,0.0459
5.75,eb0482,5.2,0.385,18,0.0151,0.0363
5.75,eb0482,5.2,0.385,19,0.0135,0.0263
5.75,eb0482,5.2,0.385,20,0.0116,0.0154
5.75,eb0482,5.2,0.385,21,0.001,0.0119
5.75,eb0482,5.2,0.39,0,0.2616,0.6377
5.75,eb0482,5.2,0.39,1,0.1599,0.4635
5.75,eb0482,5.2,0.39,2,0.0949,0.3634
5.75,eb0482,5.2,0.39,3,0.0695,0.2898
5.75,eb0482,5.2,0.39,4,0.0462,0.2374
5.75,eb0482,5.2,0.39,5,0.0401,0.204
5.75,eb0482,5.2,0.39,6,0.039,0.18
5.75,eb0482,5.2,0.39,7,0.0341,0.1591
5.75,eb0482,5.2,0.39,8,0.0292,0.1425
5.75,eb0482,5.2,0.39,9,0.0289,0.1277
5.75,eb0482,5.2,0.39,10,0.0241,0.1139
5.75,eb0482,5.2,0.39,11,0.0231,0.1025
5.75,eb0482,5.2,0.39,12,0.0215,0.093
5.75,eb0482,5.2,0.39,13,0.0207,0.0824
5.75,eb0482,5.2,0.39,14,0.0171,0.0725
5.75,eb0482,5.2,0.39,15,0.0176,0.0636
5.75,eb0482,5.2,0.39,16,0.0164,0.055
5.75,eb0482,5.2,0.39,17,0.0155,0.0453
5.75,eb0482,5.2,0.39,18,0.0151,0.0359
5.75,eb0482,5.2,0.39,19,0.0132,0.0261
5.75,eb0482,5.2,0.39,20,0.0114,0.0153
5.75,eb0482,5.2,0.39,21,0.0009,0.012
5.75,eb0482,5.2,0.395,0,0.2825,0.6279
5.75,eb0482,5.2,0.395,1,0.1559,0.4477
5.75,eb0482,5.2,0.395,2,0.0909,0.3489
5.75,eb0482,5.2,0.395,3,0.0675,0.2774
5.75,eb0482,5.2,0.395,4,0.0433,0.2282
5.75,eb0482,5.2,0.395,5,0.0403,0.1978
5.75,eb0482,5.2,0.395,6,0.0371,0.1753
5.75,eb0482,5.2,0.395,7,0.0328,0.1551
5.75,eb0482,5.2,0.395,8,0.0286,0.1395
5.75,eb0482,5.2,0.395,9,0.0281,0.1252
5.75,eb0482,5.2,0.395,10,0.0234,0.1119
5.75,eb0482,5.2,0.395,11,0.0234,0.1008
5.75,eb0482,5.2,0.395,12,0.0206,0.0913
5.75,eb0482,5.2,0.395,13,0.02,0.0814
5.75,eb0482,5.2,0.395,14,0.0167,0.0714
5.75,eb0482,5.2,0.395,15,0.0176,0.0629
5.75,eb0482,5.2,0.395,16,0.0161,0.0543
5.75,eb0482,5.2,0.395,17,0.015,0.045
5.75,eb0482,5.2,0.395,18,0.0149,0.0357
5.75,eb0482,5.2,0.395,19,0.0133,0.0257
5.75,eb0482,5.2,0.395,20,0.011,0.015
5.75,eb0482,5.2,0.395,21,0.0009,0.0122
5.75,eb0482,5.2,0.4,0,0.303,0.6185
5.75,eb0482,5.2,0.4,1,0.1519,0.4322
5.75,eb0482,5.2,0.4,2,0.0878,0.3342
5.75,eb0482,5.2,0.4,3,0.0643,0.2649
5.75,eb0482,5.2,0.4,4,0.041,0.2195
5.75,eb0482,5.2,0.4,5,0.0399,0.1915
5.75,eb0482,5.2,0.4,6,0.0356,0.1706
5.75,eb0482,5.2,0.4,7,0.0316,0.1516
5.75,eb0482,5.2,0.4,8,0.028,0.1365
5.75,eb0482,5.2,0.4,9,0.0271,0.1229
5.75,eb0482,5.2,0.4,10,0.0236,0.1096
5.75,eb0482,5.2,0.4,11,0.022,0.0994
5.75,eb0482,5.2,0.4,12,0.0206,0.0902
5.75,eb0482,5.2,0.4,13,0.0194,0.0801
5.75,eb0482,5.2,0.4,14,0.0169,0.0705
5.75,eb0482,5.2,0.4,15,0.017,0.0624
5.75,eb0482,5.2,0.4,16,0.0158,0.0532
5.75,eb0482,5.2,0.4,17,0.015,0.0447
5.75,eb0482,5.2,0.4,18,0.0145,0.0351
5.75,eb0482,5.2,0.4,19,0.0133,0.0255
5.75,eb0482,5.2,0.4,20,0.0108,0.0148
5.75,eb0482,5.2,0.4,21,0.0008,0.0124
5.75,eb0482,5.2,0.405,0,0.3227,0.6096
5.75,eb0482,5.2,0.405,1,0.1469,0.4174
5.75,eb0482,5.2,0.405,2,0.0855,0.321
5.75,eb0482,5.2,0.405,3,0.062,0.2531
5.75,eb0482,5.2,0.405,4,0.0389,0.2117
5.75,eb0482,5.2,0.405,5,0.0389,0.1862
5.75,eb0482,5.2,0.405,6,0.0344,0.1665
5.75,eb0482,5.2,0.405,7,0.031,0.1478
5.75,eb0482,5.2,0.405,8,0.0277,0.1335
5.75,eb0482,5.2,0.405,9,0.0257,0.1207
5.75,eb0482,5.2,0.405,10,0.0229,0.108
5.75,eb0482,5.2,0.405,11,0.022,0.098
5.75,eb0482,5.2,0.405,12,0.0205,0.0886
5.75,eb0482,5.2,0.405,13,0.0186,0.0789
5.75,eb0482,5.2,0.405,14,0.0169,0.0694
5.75,eb0482,5.2,0.405,15,0.0162,0.0619
5.75,eb0482,5.2,0.405,16,0.016,0.0526
5.75,eb0482,5.2,0.405,17,0.0147,0.044
5.75,eb0482,5.2,0.405,18,0.0144,0.0347
5.75,eb0482,5.2,0.405,19,0.0131,0.0251
5.75,eb0482,5.2,0.405,20,0.0106,0.0147
5.75,eb0482,5.2,0.405,21,0.0007,0.0126
5.75,eb0482,5.2,0.41,0,0.3415,0.6012
5.75,eb0482,5.2,0.41,1,0.1431,0.4027
5.75,eb0482,5.2,0.41,2,0.0817,0.3077
5.75,eb0482,5.2,0.41,3,0.059,0.2432
5.75,eb0482,5.2,0.41,4,0.0384,0.2049
5.75,eb0482,5.2,0.41,5,0.0381,0.181
5.75,eb0482,5.2,0.41,6,0.0328,0.1621
5.75,eb0482,5.2,0.41,7,0.03,0.1448
5.75,eb0482,5.2,0.41,8,0.0274,0.1306
5.75,eb0482,5.2,0.41,9,0.0245,0.1185
5.75,eb0482,5.2,0.41,10,0.0232,0.1063
5.75,eb0482,5.2,0.41,11,0.0209,0.0965
5.75,eb0482,5.2,0.41,12,0.0202,0.0876
5.75,eb0482,5.2,0.41,13,0.018,0.078
5.75,eb0482,5.2,0.41,14,0.0169,0.0685
5.75,eb0482,5.2,0.41,15,0.0159,0.0613
5.75,eb0482,5.2,0.41,16,0.0159,0.0519
5.75,eb0482,5.2,0.41,17,0.0145,0.0436
5.75,eb0482,5.2,0.41,18,0.0143,0.0343
5.75,eb0482,5.2,0.41,19,0.0127,0.0246
5.75,eb0482,5.2,0.41,20,0.0103,0.0146
5.75,eb0482,5.2,0.41,21,0.0006,0.0124
5.75,eb0482,5.2,0.415,0,0.3611,0.5925
5.75,eb0482,5.2,0.415,1,0.1369,0.3882
5.75,eb0482,5.2,0.415,2,0.0794,0.2953
5.75,eb0482,5.2,0.415,3,0.0564,0.2339
5.75,eb0482,5.2,0.415,4,0.0375,0.198
5.75,eb0482,5.2,0.415,5,0.0369,0.1765
5.75,eb0482,5.2,0.415,6,0.0324,0.1575
5.75,eb0482,5.2,0.415,7,0.0288,0.142
5.75,eb0482,5.2,0.415,8,0.0267,0.128
5.75,eb0482,5.2,0.415,9,0.0241,0.116
5.75,eb0482,5.2,0.415,10,0.0224,0.1044
5.75,eb0482,5.2,0.415,11,0.0205,0.0951
5.75,eb0482,5.2,0.415,12,0.0196,0.0863
5.75,eb0482,5.2,0.415,13,0.0176,0.0772
5.75,eb0482,5.2,0.415,14,0.0166,0.0678
5.75,eb0482,5.2,0.415,15,0.016,0.0606
5.75,eb0482,5.2,0.415,16,0.0155,0.0514
5.75,eb0482,5.2,0.415,17,0.0144,0.0429
5.75,eb0482,5.2,0.415,18,0.014,0.034
5.75,eb0482,5.2,0.415,19,0.0125,0.0246
5.75,eb0482,5.2,0.415,20,0.0102,0.0144
5.75,eb0482,5.2,0.415,21,0.0006,0.0124
5.75,eb0482,5.2,0.42,0,0.3796,0.5844
5.75,eb0482,5.2,0.42,1,0.1327,0.3734
5.75,eb0482,5.2,0.42,2,0.0754,0.2826
5.75,eb0482,5.2,0.42,3,0.0533,0.2255
5.75,eb0482,5.2,0.42,4,0.0381,0.1925
5.75,eb0482,5.2,0.42,5,0.0354,0.172
5.75,eb0482,5.2,0.42,6,0.0316,0.1533
5.75,eb0482,5.2,0.42,7,0.0274,0.1391
5.75,eb0482,5.2,0.42,8,0.0265,0.1255
5.75,eb0482,5.2,0.42,9,0.023,0.1139
5.75,eb0482,5.2,0.42,10,0.0219,0.1028
5.75,eb0482,5.2,0.42,11,0.0201,0.0941
5.75,eb0482,5.2,0.42,12,0.0197,0.0848
5.75,eb0482,5.2,0.42,13,0.0163,0.0766
5.75,eb0482,5.2,0.42,14,0.0171,0.0672
5.75,eb0482,5.2,0.42,15,0.0159,0.0597
5.75,eb0482,5.2,0.42,16,0.0149,0.0507
5.75,eb0482,5.2,0.42,17,0.0144,0.0423
5.75,eb0482,5.2,0.42,18,0.0134,0.0338
5.75,eb0482,5.2,0.42,19,0.0126,0.0244
5.75,eb0482,5.2,0.42,20,0.01,0.0143
5.75,eb0482,5.2,0.42,21,0.0006,0.0129
5.75,eb0482,5.6,0.345,0,0.1244,0.7117
5.75,eb0482,5.6,0.345,1,0.1836,0.5689
5.75,eb0482,5.6,0.345,2,0.1241,0.4532
5.75,eb0482,5.6,0.345,3,0.0934,0.3644
5.75,eb0482,5.6,0.345,4,0.0606,0.2931
5.75,eb0482,5.6,0.345,5,0.0515,0.241
5.75,eb0482,5.6,0.345,6,0.0459,0.2028
5.75,eb0482,5.6,0.345,7,0.0416,0.1761
5.75,eb0482,5.6,0.345,8,0.0358,0.1528
5.75,eb0482,5.6,0.345,9,0.0322,0.135
5.75,eb0482,5.6,0.345,10,0.0283,0.1194
5.75,eb0482,5.6,0.345,11,0.0257,0.105
5.75,eb0482,5.6,0.345,12,0.0237,0.0943
5.75,eb0482,5.6,0.345,13,0.022,0.0825
5.75,eb0482,5.6,0.345,14,0.0184,0.0719
5.75,eb0482,5.6,0.345,15,0.0185,0.0628
5.75,eb0482,5.6,0.345,16,0.017,0.0528
5.75,eb0482,5.6,0.345,17,0.0158,0.0435
5.75,eb0482,5.6,0.345,18,0.0146,0.0339
5.75,eb0482,5.6,0.345,19,0.0132,0.0235
5.75,eb0482,5.6,0.345,20,0.009,0.0139
5.75,eb0482,5.6,0.35,0,0.1492,0.6963
5.75,eb0482,5.6,0.35,1,0.1833,0.5477
5.75,eb0482,5.6,0.35,2,0.1201,0.4336
5.75,eb0482,5.6,0.35,3,0.0888,0.3459
5.75,eb0482,5.6,0.35,4,0.0581,0.2771
5.75,eb0482,5.6,0.35,5,0.0478,0.2297
5.75,eb0482,5.6,0.35,6,0.0452,0.1954
5.75,eb0482,5.6,0.35,7,0.0395,0.1705
5.75,eb0482,5.6,0.35,8,0.0348,0.1489
5.75,eb0482,5.6,0.35,9,0.0313,0.1314
5.75,eb0482,5.6,0.35,10,0.0271,0.1165
5.75,eb0482,5.6,0.35,11,0.0251,0.103
5.75,eb0482,5.6,0.35,12,0.0232,0.0925
5.75,eb0482,5.6,0.35,13,0.0213,0.0813
5.75,eb0482,5.6,0.35,14,0.0184,0.0705
5.75,eb0482,5.6,0.35,15,0.0176,0.062
5.75,eb0482,5.6,0.35,16,0.0171,0.0521
5.75,eb0482,5.6,0.35,17,0.0155,0.0426
5.75,eb0482,5.6,0.35,18,0.0143,0.0333
5.75,eb0482,5.6,0.35,19,0.013,0.0231
5.75,eb0482,5.6,0.35,20,0.0087,0.0138
5.75,eb0482,5.6,0.355,0,0.1742,0.6821
5.75,eb0482,5.6,0.355,1,0.1823,0.5271
5.75,eb0482,5.6,0.355,2,0.1147,0.4148
5.75,eb0482,5.6,0.355,3,0.0857,0.3288
5.75,eb0482,5.6,0.355,4,0.0549,0.2622
5.75,eb0482,5.6,0.355,5,0.0456,0.2193
5.75,eb0482,5.6,0.355,6,0.044,0.1887
5.75,eb0482,5.6,0.355,7,0.0381,0.1648
5.75,eb0482,5.6,0.355,8,0.0332,0.1448
5.75,eb0482,5.6,0.355,9,0.0307,0.1283
5.75,eb0482,5.6,0.355,10,0.0256,0.1133
5.75,eb0482,5.6,0.355,11,0.0253,0.1013
5.75,eb0482,5.6,0.355,12,0.022,0.0907
5.75,eb0482,5.6,0.355,13,0.0208,0.08
5.75,eb0482,5.6,0.355,14,0.018,0.0694
5.75,eb0482,5.6,0.355,15,0.0175,0.0613
5.75,eb0482,5.6,0.355,16,0.0166,0.0512
5.75,eb0482,5.6,0.355,17,0.0154,0.0419
5.75,eb0482,5.6,0.355,18,0.0142,0.0328
5.75,eb0482,5.6,0.355,19,0.0126,0.0229
5.75,eb0482,5.6,0.355,20,0.0086,0.0137
5.75,eb0482,5.6,0.36,0,0.1991,0.6686
5.75,eb0482,5.6,0.36,1,0.1808,0.507
5.75,eb0482,5.6,0.36,2,0.1094,0.3958
5.75,eb0482,5.6,0.36,3,0.0813,0.3122
5.75,eb0482,5.6,0.36,4,0.052,0.2494
5.75,eb0482,5.6,0.36,5,0.0438,0.2107
5.75,eb0482,5.6,0.36,6,0.0428,0.1826
5.75,eb0482,5.6,0.36,7,0.0371,0.1595
5.75,eb0482,5.6,0.36,8,0.0311,0.1413
5.75,eb0482,5.6,0.36,9,0.0304,0.1255
5.75,eb0482,5.6,0.36,10,0.0252,0.111
5.75,eb0482,5.6,0.36,11,0.0241,0.0993
5.75,eb0482,5.6,0.36,12,0.0221,0.0892
5.75,eb0482,5.6,0.36,13,0.0196,0.0786
5.75,eb0482,5.6,0.36,14,0.0177,0.0683
5.75,eb0482,5.6,0.36,15,0.0175,0.0605
5.75,eb0482,5.6,0.36,16,0.0158,0.0506
5.75,eb0482,5.6,0.36,17,0.0151,0.0414
5.75,eb0482,5.6,0.36,18,0.014,0.0327
5.75,eb0482,5.6,0.36,19,0.0125,0.0223
5.75,eb0482,5.6,0.36,20,0.0083,0.0138
5.75,eb0482,5.6,0.365,0,0.2243,0.6558
5.75,eb0482,5.6,0.365,1,0.1768,0.4877
5.75,eb0482,5.6,0.365,2,0.1048,0.3781
5.75,eb0482,5.6,0.365,3,0.0776,0.2967
5.75,eb0482,5.6,0.365,4,0.0495,0.2382
5.75,eb0482,5.6,0.365,5,0.043,0.2021
5.75,eb0482,5.6,0.365,6,0.041,0.1768
5.75,eb0482,5.6,0.365,7,0.0352,0.1546
5.75,eb0482,5.6,0.365,8,0.0304,0.1379
5.75,eb0482,5.6,0.365,9,0.029,0.1226
5.75,eb0482,5.6,0.365,10,0.0246,0.1087
5.75,eb0482,5.6,0.365,11,0.0235,0.0978
5.75,eb0482,5.6,0.365,12,0.0214,0.0878
5.75,eb0482,5.6,0.365,13,0.0191,0.0774
5.75,eb0482,5.6,0.365,14,0.0179,0.0676
5.75,eb0482,5.6,0.365,15,0.0173,0.0593
5.75,eb0482,5.6,0.365,16,0.0149,0.0496
5.75,eb0482,5.6,0.365,17,0.0152,0.041
5.75,eb0482,5.6,0.365,18,0.0137,0.0323
5.75,eb0482,5.6,0.365,19,0.0123,0.022
5.75,eb0482,5.6,0.365,20,0.0079,0.0136
5.75,eb0482,5.6,0.37,0,0.2493,0.6436
5.75,eb0482,5.6,0.37,1,0.1726,0.4685
5.75,eb0482,5.6,0.37,2,0.1009,0.36
5.75,eb0482,5.6,0.37,3,0.073,0.2812
5.75,eb0482,5.6,0.37,4,0.0462,0.2277
5.75,eb0482,5.6,0.37,5,0.0435,0.1949
5.75,eb0482,5.6,0.37,6,0.0386,0.1713
5.75,eb0482,5.6,0.37,7,0.0339,0.1504
5.75,eb0482,5.6,0.37,8,0.0299,0.1341
5.75,eb0482,5.6,0.37,9,0.0271,0.1201
5.75,eb0482,5.6,0.37,10,0.025,0.1067
5.75,eb0482,5.6,0.37,11,0.0224,0.0958
5.75,eb0482,5.6,0.37,12,0.0211,0.0861
5.75,eb0482,5.6,0.37,13,0.018,0.0767
5.75,eb0482,5.6,0.37,14,0.0179,0.0668
5.75,eb0482,5.6,0.37,15,0.0172,0.0584
5.75,eb0482,5.6,0.37,16,0.0148,0.0491
5.75,eb0482,5.6,0.37,17,0.0146,0.0403
5.75,eb0482,5.6,0.37,18,0.0136,0.0319
5.75,eb0482,5.6,0.37,19,0.0122,0.0219
5.75,eb0482,5.6,0.37,20,0.0077,0.0134
5.75,eb0482,5.6,0.375,0,0.2728,0.6325
5.75,eb0482,5.6,0.375,1,0.1683,0.4506
5.75,eb0482,5.6,0.375,2,0.0968,0.3433
5.75,eb0482,5.6,0.375,3,0.0699,0.2672
5.75,eb0482,5.6,0.375,4,0.044,0.2176
5.75,eb0482,5.6,0.375,5,0.0421,0.1881
5.75,eb0482,5.6,0.375,6,0.0367,0.1665
5.75,eb0482,5.6,0.375,7,0.033,0.1465
5.75,eb0482,5.6,0.375,8,0.0294,0.1308
5.75,eb0482,5.6,0.375,9,0.0262,0.1174
5.75,eb0482,5.6,0.375,10,0.024,0.1044
5.75,eb0482,5.6,0.375,11,0.022,0.0946
5.75,eb0482,5.6,0.375,12,0.021,0.0844
5.75,eb0482,5.6,0.375,13,0.0172,0.0755
5.75,eb0482,5.6,0.375,14,0.0176,0.0658
5.75,eb0482,5.6,0.375,15,0.017,0.0576
5.75,eb0482,5.6,0.375,16,0.0146,0.0484
5.75,eb0482,5.6,0.375,17,0.0142,0.0398
5.75,eb0482,5.6,0.375,18,0.0135,0.0316
5.75,eb0482,5.6,0.375,19,0.012,0.0215
5.75,eb0482,5.6,0.375,20,0.0075,0.0134
5.75,eb0482,5.6,0.38,0,0.2958,0.6218
5.75,eb0482,5.6,0.38,1,0.1638,0.4331
5.75,eb0482,5.6,0.38,2,0.0927,0.3272
5.75,eb0482,5.6,0.38,3,0.0668,0.2536
5.75,eb0482,5.6,0.38,4,0.0416,0.2087
5.75,eb0482,5.6,0.38,5,0.041,0.1822
5.75,eb0482,5.6,0.38,6,0.0356,0.161
5.75,eb0482,5.6,0.38,7,0.0313,0.1432
5.75,eb0482,5.6,0.38,8,0.0291,0.1277
5.75,eb0482,5.6,0.38,9,0.025,0.1147
5.75,eb0482,5.6,0.38,10,0.0236,0.1025
5.75,eb0482,5.6,0.38,11,0.0214,0.0931
5.75,eb0482,5.6,0.38,12,0.0206,0.0827
5.75,eb0482,5.6,0.38,13,0.0171,0.074
5.75,eb0482,5.6,0.38,14,0.0168,0.065
5.75,eb0482,5.6,0.38,15,0.0167,0.0571
5.75,eb0482,5.6,0.38,16,0.0144,0.0477
5.75,eb0482,5.6,0.38,17,0.014,0.0393
5.75,eb0482,5.6,0.38,18,0.0131,0.0312
5.75,eb0482,5.6,0.38,19,0.0121,0.0213
5.75,eb0482,5.6,0.38,20,0.0071,0.0131
5.75,eb0482,5.6,0.385,0,0.3186,0.6114
5.75,eb0482,5.6,0.385,1,0.1577,0.4162
5.75,eb0482,5.6,0.385,2,0.089,0.3125
5.75,eb0482,5.6,0.385,3,0.0632,0.2423
5.75,eb0482,5.6,0.385,4,0.0406,0.2013
5.75,eb0482,5.6,0.385,5,0.04,0.1769
5.75,eb0482,5.6,0.385,6,0.0351,0.1562
5.75,eb0482,5.6,0.385,7,0.0295,0.1395
5.75,eb0482,5.6,0.385,8,0.0286,0.1251
5.75,eb0482,5.6,0.385,9,0.0241,0.1118
5.75,eb0482,5.6,0.385,10,0.0227,0.1009
5.75,eb0482,5.6,0.385,11,0.0213,0.0916
5.75,eb0482,5.6,0.385,12,0.0203,0.0816
5.75,eb0482,5.6,0.385,13,0.0167,0.0725
5.75,eb0482,5.6,0.385,14,0.016,0.0643
5.75,eb0482,5.6,0.385,15,0.0166,0.0565
5.75,eb0482,5.6,0.385,16,0.0144,0.0471
5.75,eb0482,5.6,0.385,17,0.0137,0.0387
5.75,eb0482,5.6,0.385,18,0.013,0.0308
5.75,eb0482,5.6,0.385,19,0.0118,0.021
5.75,eb0482,5.6,0.385,20,0.007,0.013
5.75,eb0482,5.6,0.39,0,0.3401,0.6018
5.75,eb0482,5.6,0.39,1,0.1521,0.3999
5.75,eb0482,5.6,0.39,2,0.086,0.2978
5.75,eb0482,5.6,0.39,3,0.0596,0.2315
5.75,eb0482,5.6,0.39,4,0.0405,0.1941
5.75,eb0482,5.6,0.39,5,0.038,0.1716
5.75,eb0482,5.6,0.39,6,0.0334,0.1517
5.75,eb0482,5.6,0.39,7,0.0285,0.1363
5.75,eb0482,5.6,0.39,8,0.0281,0.1226
5.75,eb0482,5.6,0.39,9,0.023,0.1096
5.75,eb0482,5.6,0.39,10,0.0229,0.0993
5.75,eb0482,5.6,0.39,11,0.0204,0.0904
5.75,eb0482,5.6,0.39,12,0.0198,0.0805
5.75,eb0482,5.6,0.39,13,0.0162,0.0713
5.75,eb0482,5.6,0.39,14,0.0162,0.0635
5.75,eb0482,5.6,0.39,15,0.016,0.0553
5.75,eb0482,5.6,0.39,16,0.0141,0.0469
5.75,eb0482,5.6,0.39,17,0.0137,0.0382
5.75,eb0482,5.6,0.39,18,0.0127,0.0305
5.75,eb0482,5.6,0.39,19,0.0117,0.0208
5.75,eb0482,5.6,0.39,20,0.0067,0.013
5.75,eb0482,5.6,0.395,0,0.3622,0.592
5.75,eb0482,5.6,0.395,1,0.1461,0.383
5.75,eb0482,5.6,0.395,2,0.0812,0.2837
5.75,eb0482,5.6,0.395,3,0.0571,0.2223
5.75,eb0482,5.6,0.395,4,0.0404,0.1872
5.75,eb0482,5.6,0.395,5,0.0361,0.1665
5.75,eb0482,5.6,0.395,6,0.0318,0.1479
5.75,eb0482,5.6,0.395,7,0.0281,0.1333
5.75,eb0482,5.6,0.395,8,0.027,0.1201
5.75,eb0482,5.6,0.395,9,0.023,0.1074
5.75,eb0482,5.6,0.395,10,0.0221,0.0975
5.75,eb0482,5.6,0.395,11,0.02,0.0885
5.75,eb0482,5.6,0.395,12,0.0191,0.0794
5.75,eb0482,5.6,0.395,13,0.0158,0.0704
5.75,eb0482,5.6,0.395,14,0.0161,0.0626
5.75,eb0482,5.6,0.395,15,0.0153,0.0548
5.75,eb0482,5.6,0.395,16,0.0143,0.0464
5.75,eb0482,5.6,0.395,17,0.0132,0.0379
5.75,eb0482,5.6,0.395,18,0.0125,0.0301
5.75,eb0482,5.6,0.395,19,0.0115,0.0207
5.75,eb0482,5.6,0.395,20,0.0067,0.0129
5.75,eb0482,5.6,0.4,0,0.3829,0.583
5.75,eb0482,5.6,0.4,1,0.1408,0.3667
5.75,eb0482,5.6,0.4,2,0.0775,0.2701
5.75,eb0482,5.6,0.4,3,0.054,0.2132
5.75,eb0482,5.6,0.4,4,0.0392,0.1815
5.75,eb0482,5.6,0.4,5,0.0349,0.1621
5.75,eb0482,5.6,0.4,6,0.031,0.144
5.75,eb0482,5.6,0.4,7,0.0278,0.1301
5.75,eb0482,5.6,0.4,8,0.0254,0.1177
5.75,eb0482,5.6,0.4,9,0.0226,0.1056
5.75,eb0482,5.6,0.4,10,0.0217,0.096
5.75,eb0482,5.6,0.4,11,0.0195,0.0873
5.75,eb0482,5.6,0.4,12,0.0185,0.0781
5.75,eb0482,5.6,0.4,13,0.0158,0.0693
5.75,eb0482,5.6,0.4,14,0.0159,0.0618
5.75,eb0482,5.6,0.4,15,0.0149,0.0543
5.75,eb0482,5.6,0.4,16,0.014,0.0458
5.75,eb0482,5.6,0.4,17,0.0133,0.0373
5.75,eb0482,5.6,0.4,18,0.0122,0.0298
5.75,eb0482,5.6,0.4,19,0.0113,0.0204
5.75,eb0482,5.6,0.4,20,0.0065,0.0126
5.75,eb0482,6.0,0.325,0,0.0829,0.7418
5.75,eb0482,6.0,0.325,1,0.1905,0.6029
5.75,eb0482,6.0,0.325,2,0.1382,0.477
5.75,eb0482,6.0,0.325,3,0.1032,0.3798
5.75,eb0482,6.0,0.325,4,0.0668,0.3015
5.75,eb0482,6.0,0.325,5,0.0558,0.2435
5.75,eb0482,6.0,0.325,6,0.0495,0.2017
5.75,eb0482,6.0,0.325,7,0.0429,0.1735
5.75,eb0482,6.0,0.325,8,0.0376,0.1495
5.75,eb0482,6.0,0.325,9,0.0332,0.1305
5.75,eb0482,6.0,0.325,10,0.0282,0.1145
5.75,eb0482,6.0,0.325,11,0.0265,0.1011
5.75,eb0482,6.0,0.325,12,0.0239,0.0896
5.75,eb0482,6.0,0.325,13,0.0205,0.0784
5.75,eb0482,6.0,0.325,14,0.0191,0.0676
5.75,eb0482,6.0,0.325,15,0.0184,0.0586
5.75,eb0482,6.0,0.325,16,0.0156,0.0483
5.75,eb0482,6.0,0.325,17,0.0152,0.0394
5.75,eb0482,6.0,0.325,18,0.0135,0.0306
5.75,eb0482,6.0,0.325,19,0.0121,0.0206
5.75,eb0482,6.0,0.325,20,0.0063,0.0124
5.75,eb0482,6.0,0.33,0,0.1064,0.7239
5.75,eb0482,6.0,0.33,1,0.1954,0.5796
5.75,eb0482,6.0,0.33,2,0.1336,0.4545
5.75,eb0482,6.0,0.33,3,0.0979,0.3588
5.75,eb0482,6.0,0.33,4,0.0634,0.2833
5.75,eb0482,6.0,0.33,5,0.052,0.2308
5.75,eb0482,6.0,0.33,6,0.0478,0.1935
5.75,eb0482,6.0,0.33,7,0.0416,0.1671
5.75,eb0482,6.0,0.33,8,0.0355,0.1451
5.75,eb0482,6.0,0.33,9,0.0325,0.1269
5.75,eb0482,6.0,0.33,10,0.0274,0.1113
5.75,eb0482,6.0,0.33,11,0.0254,0.0989
5.75,eb0482,6.0,0.33,12,0.0229,0.0879
5.75,eb0482,6.0,0.33,13,0.0196,0.077
5.75,eb0482,6.0,0.33,14,0.0192,0.0666
5.75,eb0482,6.0,0.33,15,0.018,0.0577
5.75,eb0482,6.0,0.33,16,0.0155,0.0476
5.75,eb0482,6.0,0.33,17,0.0147,0.0387
5.75,eb0482,6.0,0.33,18,0.0134,0.0301
5.75,eb0482,6.0,0.33,19,0.0117,0.0203
5.75,eb0482,6.0,0.33,20,0.0061,0.0122
5.75,eb0482,6.0,0.335,0,0.1338,0.7057
5.75,eb0482,6.0,0.335,1,0.196,0.5556
5.75,eb0482,6.0,0.335,2,0.1283,0.4323
5.75,eb0482,6.0,0.335,3,0.0931,0.3382
5.75,eb0482,6.0,0.335,4,0.0597,0.2658
5.75,eb0482,6.0,0.335,5,0.0487,0.2188
5.75,eb0482,6.0,0.335,6,0.0466,0.1862
5.75,eb0482,6.0,0.335,7,0.0399,0.1605
5.75,eb0482,6.0,0.335,8,0.0333,0.1407
5.75,eb0482,6.0,0.335,9,0.0313,0.1239
5.75,eb0482,6.0,0.335,10,0.0269,0.1087
5.75,eb0482,6.0,0.335,11,0.0244,0.0967
5.75,eb0482,6.0,0.335,12,0.0228,0.0859
5.75,eb0482,6.0,0.335,13,0.0188,0.0758
5.75,eb0482,6.0,0.335,14,0.0185,0.0653
5.75,eb0482,6.0,0.335,15,0.0177,0.0569
5.75,eb0482,6.0,0.335,16,0.0151,0.047
5.75,eb0482,6.0,0.335,17,0.0143,0.038
5.75,eb0482,6.0,0.335,18,0.0133,0.0297
5.75,eb0482,6.0,0.335,19,0.0117,0.0201
5.75,eb0482,6.0,0.335,20,0.0057,0.0119
5.75,eb0482,6.0,0.34,0,0.1618,0.689
5.75,eb0482,6.0,0.34,1,0.1946,0.5324
5.75,eb0482,6.0,0.34,2,0.1216,0.4116
5.75,eb0482,6.0,0.34,3,0.089,0.32
5.75,eb0482,6.0,0.34,4,0.0564,0.251
5.75,eb0482,6.0,0.34,5,0.0467,0.2088
5.75,eb0482,6.0,0.34,6,0.0451,0.1796
5.75,eb0482,6.0,0.34,7,0.0378,0.1549
5.75,eb0482,6.0,0.34,8,0.0324,0.1367
5.75,eb0482,6.0,0.34,9,0.0298,0.1209
5.75,eb0482,6.0,0.34,10,0.0266,0.1061
5.75,eb0482,6.0,0.34,11,0.0234,0.095
5.75,eb0482,6.0,0.34,12,0.0224,0.084
5.75,eb0482,6.0,0.34,13,0.0185,0.0739
5.75,eb0482,6.0,0.34,14,0.0175,0.0646
5.75,eb0482,6.0,0.34,15,0.0173,0.0559
5.75,eb0482,6.0,0.34,16,0.0151,0.0465
5.75,eb0482,6.0,0.34,17,0.0142,0.0373
5.75,eb0482,6.0,0.34,18,0.0127,0.0295
5.75,eb0482,6.0,0.34,19,0.0114,0.0196
5.75,eb0482,6.0,0.34,20,0.0056,0.0119
5.75,eb0482,6.0,0.345,0,0.1887,0.6741
5.75,eb0482,6.0,0.345,1,0.1937,0.5102
5.75,eb0482,6.0,0.345,2,0.1149,0.3908
5.75,eb0482,6.0,0.345,3,0.0846,0.3019
5.75,eb0482,6.0,0.345,4,0.0528,0.2379
5.75,eb0482,6.0,0.345,5,0.0462,0.1995
5.75,eb0482,6.0,0.345,6,0.0423,0.1729
5.75,eb0482,6.0,0.345,7,0.0362,0.1502
5.75,eb0482,6.0,0.345,8,0.0317,0.1326
5.75,eb0482,6.0,0.345,9,0.0285,0.1178
5.75,eb0482,6.0,0.345,10,0.0253,0.1037
5.75,eb0482,6.0,0.345,11,0.023,0.0934
5.75,eb0482,6.0,0.345,12,0.022,0.0823
5.75,eb0482,6.0,0.345,13,0.0181,0.0725
5.75,eb0482,6.0,0.345,14,0.0173,0.0634
5.75,eb0482,6.0,0.345,15,0.0163,0.0549
5.75,eb0482,6.0,0.345,16,0.015,0.046
5.75,eb0482,6.0,0.345,17,0.014,0.0368
5.75,eb0482,6.0,0.345,18,0.0124,0.0291
5.75,eb0482,6.0,0.345,19,0.0113,0.0193
5.75,eb0482,6.0,0.345,20,0.0054,0.0117
5.75,eb0482,6.0,0.35,0,0.2165,0.6597
5.75,eb0482,6.0,0.35,1,0.1902,0.4885
5.75,eb0482,6.0,0.35,2,0.1105,0.3699
5.75,eb0482,6.0,0.35,3,0.0788,0.284
5.75,eb0482,6.0,0.35,4,0.0494,0.226
5.75,eb0482,6.0,0.35,5,0.0458,0.1914
5.75,eb0482,6.0,0.35,6,0.0393,0.1672
5.75,eb0482,6.0,0.35,7,0.0351,0.1458
5.75,eb0482,6.0,0.35,8,0.0313,0.129
5.75,eb0482,6.0,0.35,9,0.0269,0.1146
5.75,eb0482,6.0,0.35,10,0.0245,0.1015
5.75,eb0482,6.0,0.35,11,0.0227,0.0918
5.75,eb0482,6.0,0.35,12,0.0212,0.0808
5.75,eb0482,6.0,0.35,13,0.0172,0.0711
5.75,eb0482,6.0,0.35,14,0.0173,0.0625
5.75,eb0482,6.0,0.35,15,0.016,0.0542
5.75,eb0482,6.0,0.35,16,0.0147,0.0453
5.75,eb0482,6.0,0.35,17,0.014,0.0366
5.75,eb0482,6.0,0.35,18,0.0121,0.0284
5.75,eb0482,6.0,0.35,19,0.0111,0.019
5.75,eb0482,6.0,0.35,20,0.0051,0.0116
5.75,eb0482,6.0,0.355,0,0.2451,0.6457
5.75,eb0482,6.0,0.355,1,0.1834,0.4675
5.75,eb0482,6.0,0.355,2,0.1057,0.3514
5.75,eb0482,6.0,0.355,3,0.0753,0.2684
5.75,eb0482,6.0,0.355,4,0.0465,0.2151
5.75,eb0482,6.0,0.355,5,0.0442,0.1845
5.75,eb0482,6.0,0.355,6,0.0388,0.1612
5.75,eb0482,6.0,0.355,7,0.033,0.1416
5.75,eb0482,6.0,0.355,8,0.0305,0.1258
5.75,eb0482,6.0,0.355,9,0.0256,0.1113
5.75,eb0482,6.0,0.355,10,0.0243,0.0996
5.75,eb0482,6.0,0.355,11,0.0218,0.0899
5.75,eb0482,6.0,0.355,12,0.0205,0.0796
5.75,eb0482,6.0,0.355,13,0.0171,0.0697
5.75,eb0482,6.0,0.355,14,0.0172,0.0615
5.75,eb0482,6.0,0.355,15,0.0155,0.0535
5.75,eb0482,6.0,0.355,16,0.0146,0.0445
5.75,eb0482,6.0,0.355,17,0.0136,0.0362
5.75,eb0482,6.0,0.355,18,0.0118,0.0276
5.75,eb0482,6.0,0.355,19,0.0108,0.0188
5.75,eb0482,6.0,0.355,20,0.0049,0.0114
5.75,eb0482,6.0,0.36,0,0.2707,0.6334
5.75,eb0482,6.0,0.36,1,0.1789,0.4478
5.75,eb0482,6.0,0.36,2,0.1013,0.3328
5.75,eb0482,6.0,0.36,3,0.0706,0.2531
5.75,eb0482,6.0,0.36,4,0.0444,0.2056
5.75,eb0482,6.0,0.36,5,0.0428,0.178
5.75,eb0482,6.0,0.36,6,0.0372,0.1556
5.75,eb0482,6.0,0.36,7,0.0309,0.1379
5.75,eb0482,6.0,0.36,8,0.03,0.1228
5.75,eb0482,6.0,0.36,9,0.0248,0.1088
5.75,eb0482,6.0,0.36,10,0.0237,0.0977
5.75,eb0482,6.0,0.36,11,0.0214,0.0883
5.75,eb0482,6.0,0.36,12,0.0198,0.078
5.75,eb0482,6.0,0.36,13,0.017,0.0685
5.75,eb0482,6.0,0.36,14,0.0165,0.0609
5.75,eb0482,6.0,0.36,15,0.0153,0.052
5.75,eb0482,6.0,0.36,16,0.014,0.0443
5.75,eb0482,6.0,0.36,17,0.0135,0.0359
5.75,eb0482,6.0,0.36,18,0.0116,0.0273
5.75,eb0482,6.0,0.36,19,0.0107,0.0185
5.75,eb0482,6.0,0.36,20,0.0048,0.0114
5.75,eb0482,6.0,0.365,0,0.2967,0.6214
5.75,eb0482,6.0,0.365,1,0.1726,0.4285
5.75,eb0482,6.0,0.365,2,0.0963,0.3158
5.75,eb0482,6.0,0.365,3,0.0672,0.2403
5.75,eb0482,6.0,0.365,4,0.0433,0.1967
5.75,eb0482,6.0,0.365,5,0.041,0.172
5.75,eb0482,6.0,0.365,6,0.0352,0.1505
5.75,eb0482,6.0,0.365,7,0.0303,0.1345
5.75,eb0482,6.0,0.365,8,0.0287,0.1198
5.75,eb0482,6.0,0.365,9,0.0243,0.1063
5.75,eb0482,6.0,0.365,10,0.023,0.096
5.75,eb0482,6.0,0.365,11,0.0211,0.0864
5.75,eb0482,6.0,0.365,12,0.0187,0.0767
5.75,eb0482,6.0,0.365,13,0.0167,0.0674
5.75,eb0482,6.0,0.365,14,0.016,0.0601
5.75,eb0482,6.0,0.365,15,0.0153,0.0513
5.75,eb0482,6.0,0.365,16,0.0135,0.0437
5.75,eb0482,6.0,0.365,17,0.0135,0.0354
5.75,eb0482,6.0,0.365,18,0.0112,0.0269
5.75,eb0482,6.0,0.365,19,0.0107,0.0183
5.75,eb0482,6.0,0.365,20,0.0045,0.0113
5.75,eb0482,6.0,0.37,0,0.3219,0.6099
5.75,eb0482,6.0,0.37,1,0.1665,0.4094
5.75,eb0482,6.0,0.37,2,0.0917,0.2987
5.75,eb0482,6.0,0.37,3,0.0624,0.2285
5.75,eb0482,6.0,0.37,4,0.0438,0.1892
5.75,eb0482,6.0,0.37,5,0.0385,0.1663
5.75,eb0482,6.0,0.37,6,0.0339,0.146
5.75,eb0482,6.0,0.37,7,0.0297,0.1306
5.75,eb0482,6.0,0.37,8,0.0268,0.1171
5.75,eb0482,6.0,0.37,9,0.0246,0.1042
5.75,eb0482,6.0,0.37,10,0.0219,0.0939
5.75,eb0482,6.0,0.37,11,0.0204,0.0851
5.75,eb0482,6.0,0.37,12,0.0182,0.0755
5.75,eb0482,6.0,0.37,13,0.0167,0.0663
5.75,eb0482,6.0,0.37,14,0.0158,0.0594
5.75,eb0482,6.0,0.37,15,0.0151,0.0504
5.75,eb0482,6.0,0.37,16,0.0132,0.043
5.75,eb0482,6.0,0.37,17,0.0131,0.0348
5.75,eb0482,6.0,0.37,18,0.011,0.0267
5.75,eb0482,6.0,0.37,19,0.0106,0.0179
5.75,eb0482,6.0,0.37,20,0.0043,0.0115
5.75,eb0482,6.0,0.375,0,0.3463,0.5991
5.75,eb0482,6.0,0.375,1,0.1594,0.3911
5.75,eb0482,6.0,0.375,2,0.0875,0.2833
5.75,eb0482,6.0,0.375,3,0.0598,0.2181
5.75,eb0482,6.0,0.375,4,0.0419,0.1822
5.75,eb0482,6.0,0.375,5,0.0368,0.1612
5.75,eb0482,6.0,0.375,6,0.0327,0.1422
5.75,eb0482,6.0,0.375,7,0.0291,0.1272
5.75,eb0482,6.0,0.375,8,0.026,0.1142
5.75,eb0482,6.0,0.375,9,0.0234,0.1019
5.75,eb0482,6.0,0.375,10,0.0214,0.0927
5.75,eb0482,6.0,0.375,11,0.0204,0.0831
5.75,eb0482,6.0,0.375,12,0.0167,0.0747
5.75,eb0482,6.0,0.375,13,0.0171,0.0656
5.75,eb0482,6.0,0.375,14,0.0158,0.0583
5.75,eb0482,6.0,0.375,15,0.0144,0.0497
5.75,eb0482,6.0,0.375,16,0.0133,0.0424
5.75,eb0482,6.0,0.375,17,0.0127,0.0342
5.75,eb0482,6.0,0.375,18,0.0108,0.0265
5.75,eb0482,6.0,0.375,19,0.0104,0.0177
5.75,eb0482,6.0,0.375,20,0.0042,0.0114
5.75,eb0482,6.4,0.31,0,0.0544,0.7681
5.75,eb0482,6.4,0.31,1,0.1942,0.6283
5.75,eb0482,6.4,0.31,2,0.1493,0.4933
5.75,eb0482,6.4,0.31,3,0.1126,0.3885
5.75,eb0482,6.4,0.31,4,0.0716,0.3034
5.75,eb0482,6.4,0.31,5,0.0586,0.2415
5.75,eb0482,6.4,0.31,6,0.0519,0.1982
5.75,eb0482,6.4,0.31,7,0.0448,0.1685
5.75,eb0482,6.4,0.31,8,0.0375,0.1448
5.75,eb0482,6.4,0.31,9,0.0344,0.1256
5.75,eb0482,6.4,0.31,10,0.0285,0.109
5.75,eb0482,6.4,0.31,11,0.0256,0.0962
5.75,eb0482,6.4,0.31,12,0.0241,0.0845
5.75,eb0482,6.4,0.31,13,0.0198,0.0735
5.75,eb0482,6.4,0.31,14,0.0185,0.0636
5.75,eb0482,6.4,0.31,15,0.0171,0.0545
5.75,eb0482,6.4,0.31,16,0.0158,0.0449
5.75,eb0482,6.4,0.31,17,0.0142,0.036
5.75,eb0482,6.4,0.31,18,0.0119,0.027
5.75,eb0482,6.4,0.31,19,0.0112,0.0177
5.75,eb0482,6.4,0.31,20,0.0038,0.0115
5.75,eb0482,6.4,0.315,0,0.0782,0.7457
5.75,eb0482,6.4,0.315,1,0.2025,0.6021
5.75,eb0482,6.4,0.315,2,0.1451,0.4677
5.75,eb0482,6.4,0.315,3,0.1058,0.3644
5.75,eb0482,6.4,0.315,4,0.0677,0.2828
5.75,eb0482,6.4,0.315,5,0.0544,0.2272
5.75,eb0482,6.4,0.315,6,0.0504,0.189
5.75,eb0482,6.4,0.315,7,0.0423,0.1613
5.75,eb0482,6.4,0.315,8,0.0355,0.1398
5.75,eb0482,6.4,0.315,9,0.0324,0.122
5.75,eb0482,6.4,0.315,10,0.0282,0.1062
5.75,eb0482,6.4,0.315,11,0.0248,0.0942
5.75,eb0482,6.4,0.315,12,0.0235,0.0825
5.75,eb0482,6.4,0.315,13,0.0186,0.072
5.75,eb0482,6.4,0.315,14,0.0186,0.0623
5.75,eb0482,6.4,0.315,15,0.0167,0.0534
5.75,eb0482,6.4,0.315,16,0.015,0.0443
5.75,eb0482,6.4,0.315,17,0.0142,0.0354
5.75,eb0482,6.4,0.315,18,0.0117,0.0266
5.75,eb0482,6.4,0.315,19,0.0109,0.0172
5.75,eb0482,6.4,0.315,20,0.0036,0.0116
5.75,eb0482,6.4,0.32,0,0.1042,0.7255
5.75,eb0482,6.4,0.32,1,0.2074,0.5765
5.75,eb0482,6.4,0.32,2,0.1398,0.4432
5.75,eb0482,6.4,0.32,3,0.1002,0.3415
5.75,eb0482,6.4,0.32,4,0.0634,0.2636
5.75,eb0482,6.4,0.32,5,0.0507,0.2145
5.75,eb0482,6.4,0.32,6,0.0483,0.1814
5.75,eb0482,6.4,0.32,7,0.0402,0.1551
5.75,eb0482,6.4,0.32,8,0.0348,0.1351
5.75,eb0482,6.4,0.32,9,0.0306,0.1185
5.75,eb0482,6.4,0.32,10,0.027,0.1034
5.75,eb0482,6.4,0.32,11,0.0242,0.0923
5.75,eb0482,6.4,0.32,12,0.0223,0.0808
5.75,eb0482,6.4,0.32,13,0.0183,0.0702
5.75,eb0482,6.4,0.32,14,0.0182,0.0615
5.75,eb0482,6.4,0.32,15,0.0162,0.052
5.75,eb0482,6.4,0.32,16,0.0146,0.0438
5.75,eb0482,6.4,0.32,17,0.014,0.0348
5.75,eb0482,6.4,0.32,18,0.0116,0.0262
5.75,eb0482,6.4,0.32,19,0.0107,0.0169
5.75,eb0482,6.4,0.32,20,0.0033,0.0113
5.75,eb0482,6.4,0.325,0,0.1338,0.7057
5.75,eb0482,6.4,0.325,1,0.2078,0.5507
5.75,eb0482,6.4,0.325,2,0.1327,0.4198
5.75,eb0482,6.4,0.325,3,0.0949,0.3207
5.75,eb0482,6.4,0.325,4,0.0591,0.2474
5.75,eb0482,6.4,0.325,5,0.0495,0.2037
5.75,eb0482,6.4,0.325,6,0.0457,0.1739
5.75,eb0482,6.4,0.325,7,0.0381,0.1496
5.75,eb0482,6.4,0.325,8,0.0335,0.131
5.75,eb0482,6.4,0.325,9,0.0295,0.1151
5.75,eb0482,6.4,0.325,10,0.0257,0.101
5.75,eb0482,6.4,0.325,11,0.0238,0.0903
5.75,eb0482,6.4,0.325,12,0.0214,0.0793
5.75,eb0482,6.4,0.325,13,0.0184,0.0686
5.75,eb0482,6.4,0.325,14,0.0171,0.0607
5.75,eb0482,6.4,0.325,15,0.0162,0.0511
5.75,eb0482,6.4,0.325,16,0.0144,0.043
5.75,eb0482,6.4,0.325,17,0.0134,0.0342
5.75,eb0482,6.4,0.325,18,0.0116,0.0257
5.75,eb0482,6.4,0.325,19,0.0102,0.0167
5.75,eb0482,6.4,0.325,20,0.0031,0.0111
5.75,eb0482,6.4,0.33,0,0.1647,0.6874
5.75,eb0482,6.4,0.33,1,0.2072,0.5247
5.75,eb0482,6.4,0.33,2,0.1245,0.3961
5.75,eb0482,6.4,0.33,3,0.0895,0.3004
5.75,eb0482,6.4,0.33,4,0.0546,0.2333
5.75,eb0482,6.4,0.33,5,0.0493,0.1941
5.75,eb0482,6.4,0.33,6,0.0421,0.1672
5.75,eb0482,6.4,0.33,7,0.0365,0.1447
5.75,eb0482,6.4,0.33,8,0.033,0.1269
5.75,eb0482,6.4,0.33,9,0.0274,0.1115
5.75,eb0482,6.4,0.33,10,0.0259,0.0989
5.75,eb0482,6.4,0.33,11,0.0225,0.0883
5.75,eb0482,6.4,0.33,12,0.0208,0.0776
5.75,eb0482,6.4,0.33,13,0.018,0.0674
5.75,eb0482,6.4,0.33,14,0.0168,0.0597
5.75,eb0482,6.4,0.33,15,0.0159,0.0502
5.75,eb0482,6.4,0.33,16,0.0141,0.042
5.75,eb0482,6.4,0.33,17,0.0131,0.0336
5.75,eb0482,6.4,0.33,18,0.0112,0.0254
5.75,eb0482,6.4,0.33,19,0.01,0.0164
5.75,eb0482,6.4,0.33,20,0.003,0.0109
5.75,eb0482,6.4,0.335,0,0.1943,0.6712
5.75,eb0482,6.4,0.335,1,0.2041,0.5012
5.75,eb0482,6.4,0.335,2,0.1197,0.3734
5.75,eb0482,6.4,0.335,3,0.0833,0.2807
5.75,eb0482,6.4,0.335,4,0.0511,0.2203
5.75,eb0482,6.4,0.335,5,0.0468,0.1858
5.75,eb0482,6.4,0.335,6,0.0411,0.1608
5.75,eb0482,6.4,0.335,7,0.0342,0.1403
5.75,eb0482,6.4,0.335,8,0.032,0.1233
5.75,eb0482,6.4,0.335,9,0.0266,0.1082
5.75,eb0482,6.4,0.335,10,0.0246,0.0968
5.75,eb0482,6.4,0.335,11,0.0225,0.0863
5.75,eb0482,6.4,0.335,12,0.0192,0.0761
5.75,eb0482,6.4,0.335,13,0.0179,0.0661
5.75,eb0482,6.4,0.335,14,0.017,0.0585
5.75,eb0482,6.4,0.335,15,0.0148,0.0492
5.75,eb0482,6.4,0.335,16,0.0142,0.0411
5.75,eb0482,6.4,0.335,17,0.0127,0.0331
5.75,eb0482,6.4,0.335,18,0.0109,0.0249
5.75,eb0482,6.4,0.335,19,0.0098,0.0161
5.75,eb0482,6.4,0.335,20,0.0028,0.0105
5.75,eb0482,6.4,0.34,0,0.225,0.6554
5.75,eb0482,6.4,0.34,1,0.1991,0.4777
5.75,eb0482,6.4,0.34,2,0.113,0.352
5.75,eb0482,6.4,0.34,3,0.079,0.2634
5.75,eb0482,6.4,0.34,4,0.0478,0.2088
5.75,eb0482,6.4,0.34,5,0.0457,0.1785
5.75,eb0482,6.4,0.34,6,0.0388,0.1545
5.75,eb0482,6.4,0.34,7,0.0331,0.1359
5.75,eb0482,6.4,0.34,8,0.0305,0.1199
5.75,eb0482,6.4,0.34,9,0.026,0.1056
5.75,eb0482,6.4,0.34,10,0.0236,0.0944
5.75,eb0482,6.4,0.34,11,0.0216,0.0846
5.75,eb0482,6.4,0.34,12,0.0184,0.075
5.75,eb0482,6.4,0.34,13,0.0179,0.0654
5.75,eb0482,6.4,0.34,14,0.017,0.0573
5.75,eb0482,6.4,0.34,15,0.0139,0.0483
5.75,eb0482,6.4,0.34,16,0.0142,0.0406
5.75,eb0482,6.4,0.34,17,0.0123,0.0328
5.75,eb0482,6.4,0.34,18,0.0109,0.0245
5.75,eb0482,6.4,0.34,19,0.0096,0.0159
5.75,eb0482,6.4,0.34,20,0.0026,0.0105
5.75,eb0482,6.4,0.345,0,0.2547,0.641
5.75,eb0482,6.4,0.345,1,0.1931,0.4553
5.75,eb0482,6.4,0.345,2,0.1074,0.3316
5.75,eb0482,6.4,0.345,3,0.0733,0.2476
5.75,eb0482,6.4,0.345,4,0.0468,0.199
5.75,eb0482,6.4,0.345,5,0.0437,0.1717
5.75,eb0482,6.4,0.345,6,0.0366,0.149
5.75,eb0482,6.4,0.345,7,0.0322,0.1315
5.75,eb0482,6.4,0.345,8,0.0285,0.1169
5.75,eb0482,6.4,0.345,9,0.0259,0.1032
5.75,eb0482,6.4,0.345,10,0.0225,0.0928
5.75,eb0482,6.4,0.345,11,0.0216,0.0825
5.75,eb0482,6.4,0.345,12,0.0175,0.0735
5.75,eb0482,6.4,0.345,13,0.0174,0.0642
5.75,eb0482,6.4,0.345,14,0.0167,0.0564
5.75,eb0482,6.4,0.345,15,0.0138,0.0478
5.75,eb0482,6.4,0.345,16,0.0136,0.0398
5.75,eb0482,6.4,0.345,17,0.0123,0.0324
5.75,eb0482,6.4,0.345,18,0.0109,0.024
5.75,eb0482,6.4,0.345,19,0.0091,0.0156
5.75,eb0482,6.4,0.345,20,0.0025,0.0105
5.75,eb0482,6.4,0.35,0,0.2844,0.6271
5.75,eb0482,6.4,0.35,1,0.1852,0.4335
5.75,eb0482,6.4,0.35,2,0.1019,0.3126
5.75,eb0482,6.4,0.35,3,0.0687,0.2337
5.75,eb0482,6.4,0.35,4,0.0465,0.19
5.75,eb0482,6.4,0.35,5,0.0406,0.1654
5.75,eb0482,6.4,0.35,6,0.0352,0.1441
5.75,eb0482,6.4,0.35,7,0.0311,0.1277
5.75,eb0482,6.4,0.35,8,0.0273,0.1138
5.75,eb0482,6.4,0.35,9,0.025,0.1008
5.75,eb0482,6.4,0.35,10,0.0222,0.0909
5.75,eb0482,6.4,0.35,11,0.0212,0.0807
5.75,eb0482,6.4,0.35,12,0.0172,0.0716
5.75,eb0482,6.4,0.35,13,0.0162,0.063
5.75,eb0482,6.4,0.35,14,0.0166,0.0559
5.75,eb0482,6.4,0.35,15,0.0135,0.0467
5.75,eb0482,6.4,0.35,16,0.0132,0.0393
5.75,eb0482,6.4,0.35,17,0.0123,0.0319
5.75,eb0482,6.4,0.35,18,0.0106,0.0236
5.75,eb0482,6.4,0.35,19,0.0088,0.0153
5.75,eb0482,6.4,0.35,20,0.0024,0.0105
5.75,eb0482,6.4,0.355,0,0.312,0.6144
5.75,eb0482,6.4,0.355,1,0.1784,0.4126
5.75,eb0482,6.4,0.355,2,0.0963,0.2942
5.75,eb0482,6.4,0.355,3,0.0644,0.2216
5.75,eb0482,6.4,0.355,4,0.045,0.1824
5.75,eb0482,6.4,0.355,5,0.0388,0.1596
5.75,eb0482,6.4,0.355,6,0.034,0.1399
5.75,eb0482,6.4,0.355,7,0.0304,0.124
5.75,eb0482,6.4,0.355,8,0.0259,0.1106
5.75,eb0482,6.4,0.355,9,0.024,0.0986
5.75,eb0482,6.4,0.355,10,0.022,0.0893
5.75,eb0482,6.4,0.355,11,0.0206,0.079
5.75,eb0482,6.4,0.355,12,0.0165,0.0701
5.75,eb0482,6.4,0.355,13,0.0161,0.0623
5.75,eb0482,6.4,0.355,14,0.0158,0.0546
5.75,eb0482,6.4,0.355,15,0.0136,0.0461
5.75,eb0482,6.4,0.355,16,0.0128,0.0385
5.75,eb0482,6.4,0.355,17,0.0121,0.0316
5.75,eb0482,6.4,0.355,18,0.0104,0.0233
5.75,eb0482,6.4,0.355,19,0.0088,0.0151
5.75,eb0482,6.4,0.355,20,0.0021,0.0106
5.75,eb0482,6.8,0.3,0,0.043,0.7816
5.75,eb0482,6.8,0.3,1,0.1999,0.6371
5.75,eb0482,6.8,0.3,2,0.1586,0.4943
5.75,eb0482,6.8,0.3,3,0.1177,0.3825
5.75,eb0482,6.8,0.3,4,0.0739,0.2927
5.75,eb0482,6.8,0.3,5,0.0592,0.2309
5.75,eb0482,6.8,0.3,6,0.053,0.1892
5.75,eb0482,6.8,0.3,7,0.0446,0.1597
5.75,eb0482,6.8,0.3,8,0.0372,0.1369
5.75,eb0482,6.8,0.3,9,0.0329,0.1189
5.75,eb0482,6.8,0.3,10,0.0281,0.1028
5.75,eb0482,6.8,0.3,11,0.0255,0.091
5.75,eb0482,6.8,0.3,12,0.0227,0.0791
5.75,eb0482,6.8,0.3,13,0.0191,0.068
5.75,eb0482,6.8,0.3,14,0.0181,0.0595
5.75,eb0482,6.8,0.3,15,0.016,0.0496
5.75,eb0482,6.8,0.3,16,0.0149,0.0408
5.75,eb0482,6.8,0.3,17,0.013,0.0325
5.75,eb0482,6.8,0.3,18,0.0114,0.0236
5.75,eb0482,6.8,0.3,19,0.0091,0.0149
5.75,eb0482,6.8,0.3,20,0.0019,0.0109
5.75,eb0482,6.8,0.305,0,0.0666,0.7558
5.75,eb0482,6.8,0.305,1,0.2114,0.609
5.75,eb0482,6.8,0.305,2,0.1526,0.4667
5.75,eb0482,6.8,0.305,3,0.1112,0.3567
5.75,eb0482,6.8,0.305,4,0.069,0.2711
5.75,eb0482,6.8,0.305,5,0.0545,0.2163
5.75,eb0482,6.8,0.305,6,0.0509,0.1806
5.75,eb0482,6.8,0.305,7,0.0421,0.1528
5.75,eb0482,6.8,0.305,8,0.0356,0.1322
5.75,eb0482,6.8,0.305,9,0.031,0.1151
5.75,eb0482,6.8,0.305,10,0.0277,0.1001
5.75,eb0482,6.8,0.305,11,0.0243,0.0888
5.75,eb0482,6.8,0.305,12,0.0217,0.0773
5.75,eb0482,6.8,0.305,13,0.0189,0.0665
5.75,eb0482,6.8,0.305,14,0.018,0.0582
5.75,eb0482,6.8,0.305,15,0.015,0.0484
5.75,eb0482,6.8,0.305,16,0.0147,0.0402
5.75,eb0482,6.8,0.305,17,0.013,0.0319
5.75,eb0482,6.8,0.305,18,0.0109,0.0235
5.75,eb0482,6.8,0.305,19,0.009,0.0144
5.75,eb0482,6.8,0.305,20,0.0016,0.0114
5.75,eb0482,6.8,0.31,0,0.0936,0.7334
5.75,eb0482,6.8,0.31,1,0.2183,0.5813
5.75,eb0482,6.8,0.31,2,0.1475,0.4395
5.75,eb0482,6.8,0.31,3,0.1031,0.3318
5.75,eb0482,6.8,0.31,4,0.0638,0.2519
5.75,eb0482,6.8,0.31,5,0.0529,0.204
5.75,eb0482,6.8,0.31,6,0.0475,0.1724
5.75,eb0482,6.8,0.31,7,0.0399,0.147
5.75,eb0482,6.8,0.31,8,0.0347,0.1274
5.75,eb0482,6.8,0.31,9,0.0288,0.1112
5.75,eb0482,6.8,0.31,10,0.027,0.0977
5.75,eb0482,6.8,0.31,11,0.0238,0.0866
5.75,eb0482,6.8,0.31,12,0.0198,0.0757
5.75,eb0482,6.8,0.31,13,0.0191,0.0655
5.75,eb0482,6.8,0.31,14,0.0178,0.0568
5.75,eb0482,6.8,0.31,15,0.0147,0.0476
5.75,eb0482,6.8,0.31,16,0.014,0.0391
5.75,eb0482,6.8,0.31,17,0.0127,0.0316
5.75,eb0482,6.8,0.31,18,0.0107,0.0228
5.75,eb0482,6.8,0.31,19,0.0088,0.0142
5.75,eb0482,6.8,0.31,20,0.0015,0.0116
5.75,eb0482,6.8,0.315,0,0.124,0.712
5.75,eb0482,6.8,0.315,1,0.2212,0.5535
5.75,eb0482,6.8,0.315,2,0.1391,0.4136
5.75,eb0482,6.8,0.315,3,0.097,0.3091
5.75,eb0482,6.8,0.315,4,0.0589,0.2357
5.75,eb0482,6.8,0.315,5,0.0519,0.1934
5.75,eb0482,6.8,0.315,6,0.0445,0.1649
5.75,eb0482,6.8,0.315,7,0.0374,0.1418
5.75,eb0482,6.8,0.315,8,0.0339,0.1233
5.75,eb0482,6.8,0.315,9,0.0279,0.1075
5.75,eb0482,6.8,0.315,10,0.0254,0.0953
5.75,eb0482,6.8,0.315,11,0.0232,0.0843
5.75,eb0482,6.8,0.315,12,0.0191,0.0743
5.75,eb0482,6.8,0.315,13,0.0184,0.0642
5.75,eb0482,6.8,0.315,14,0.0173,0.0559
5.75,eb0482,6.8,0.315,15,0.0145,0.0466
5.75,eb0482,6.8,0.315,16,0.0135,0.0385
5.75,eb0482,6.8,0.315,17,0.0125,0.0311
5.75,eb0482,6.8,0.315,18,0.0107,0.0224
5.75,eb0482,6.8,0.315,19,0.0084,0.014
5.75,eb0482,6.8,0.315,20,0.0013,0.0116
5.75,eb0482,6.8,0.32,0,0.1574,0.6915
5.75,eb0482,6.8,0.32,1,0.2203,0.5253
5.75,eb0482,6.8,0.32,2,0.1299,0.388
5.75,eb0482,6.8,0.32,3,0.0912,0.2876
5.75,eb0482,6.8,0.32,4,0.0545,0.2213
5.75,eb0482,6.8,0.32,5,0.0502,0.1843
5.75,eb0482,6.8,0.32,6,0.0423,0.1574
5.75,eb0482,6.8,0.32,7,0.0351,0.1367
5.75,eb0482,6.8,0.32,8,0.0319,0.1197
5.75,eb0482,6.8,0.32,9,0.0276,0.1045
5.75,eb0482,6.8,0.32,10,0.0242,0.0931
5.75,eb0482,6.8,0.32,11,0.0229,0.0821
5.75,eb0482,6.8,0.32,12,0.0187,0.0722
5.75,eb0482,6.8,0.32,13,0.0172,0.0629
5.75,eb0482,6.8,0.32,14,0.0168,0.0549
5.75,eb0482,6.8,0.32,15,0.0145,0.046
5.75,eb0482,6.8,0.32,16,0.0133,0.0376
5.75,eb0482,6.8,0.32,17,0.0121,0.0304
5.75,eb0482,6.8,0.32,18,0.0105,0.0219
5.75,eb0482,6.8,0.32,19,0.0081,0.0138
5.75,eb0482,6.8,0.32,20,0.0012,0.0117
5.75,eb0482,6.8,0.325,0,0.1907,0.6731
5.75,eb0482,6.8,0.325,1,0.2165,0.4991
5.75,eb0482,6.8,0.325,2,0.1227,0.3636
5.75,eb0482,6.8,0.325,3,0.0854,0.2675
5.75,eb0482,6.8,0.325,4,0.0507,0.2083
5.75,eb0482,6.8,0.325,5,0.0479,0.1765
5.75,eb0482,6.8,0.325,6,0.0399,0.1512
5.75,eb0482,6.8,0.325,7,0.0343,0.132
5.75,eb0482,6.8,0.325,8,0.0302,0.1162
5.75,eb0482,6.8,0.325,9,0.0266,0.1017
5.75,eb0482,6.8,0.325,10,0.0236,0.0911
5.75,eb0482,6.8,0.325,11,0.0225,0.0801
5.75,eb0482,6.8,0.325,12,0.0176,0.0706
5.75,eb0482,6.8,0.325,13,0.0172,0.0618
5.75,eb0482,6.8,0.325,14,0.0159,0.0538
5.75,eb0482,6.8,0.325,15,0.0143,0.0453
5.75,eb0482,6.8,0.325,16,0.0128,0.0371
5.75,eb0482,6.8,0.325,17,0.0119,0.03
5.75,eb0482,6.8,0.325,18,0.0104,0.0215
5.75,eb0482,6.8,0.325,19,0.0079,0.0138
5.75,eb0482,6.8,0.325,20,0.0011,0.0113
5.75,eb0482,6.8,0.33,0,0.224,0.6559
5.75,eb0482,6.8,0.33,1,0.21,0.4739
5.75,eb0482,6.8,0.33,2,0.1165,0.3406
5.75,eb0482,6.8,0.33,3,0.0785,0.2499
5.75,eb0482,6.8,0.33,4,0.0498,0.1974
5.75,eb0482,6.8,0.33,5,0.0451,0.1689
5.75,eb0482,6.8,0.33,6,0.0377,0.1456
5.75,eb0482,6.8,0.33,7,0.0329,0.1278
5.75,eb0482,6.8,0.33,8,0.029,0.1128
5.75,eb0482,6.8,0.33,9,0.0255,0.0991
5.75,eb0482,6.8,0.33,10,0.0231,0.0891
5.75,eb0482,6.8,0.33,11,0.0214,0.0785
5.75,eb0482,6.8,0.33,12,0.0172,0.0689
5.75,eb0482,6.8,0.33,13,0.0171,0.0606
5.75,eb0482,6.8,0.33,14,0.0153,0.053
5.75,eb0482,6.8,0.33,15,0.014,0.0447
5.75,eb0482,6.8,0.33,16,0.013,0.0362
5.75,eb0482,6.8,0.33,17,0.0114,0.0295
5.75,eb0482,6.8,0.33,18,0.0102,0.021
5.75,eb0482,6.8,0.33,19,0.0076,0.0137
5.75,eb0482,6.8,0.33,20,0.001,0.0117
5.75,eb0482,6.8,0.335,0,0.2572,0.6398
5.75,eb0482,6.8,0.335,1,0.2024,0.4491
5.75,eb0482,6.8,0.335,2,0.1092,0.3188
5.75,eb0482,6.8,0.335,3,0.0726,0.2344
5.75,eb0482,6.8,0.335,4,0.0494,0.188
5.75,eb0482,6.8,0.335,5,0.0418,0.1621
5.75,eb0482,6.8,0.335,6,0.0362,0.1405
5.75,eb0482,6.8,0.335,7,0.0322,0.1235
5.75,eb0482,6.8,0.335,8,0.027,0.1089
5.75,eb0482,6.8,0.335,9,0.0251,0.0969
5.75,eb0482,6.8,0.335,10,0.0222,0.087
5.75,eb0482,6.8,0.335,11,0.0203,0.0769
5.75,eb0482,6.8,0.335,12,0.0171,0.0674
5.75,eb0482,6.8,0.335,13,0.0167,0.0597
5.75,eb0482,6.8,0.335,14,0.0149,0.0515
5.75,eb0482,6.8,0.335,15,0.0136,0.0438
5.75,eb0482,6.8,0.335,16,0.0125,0.0357
5.75,eb0482,6.8,0.335,17,0.0112,0.029
5.75,eb0482,6.8,0.335,18,0.0101,0.0207
5.75,eb0482,6.8,0.335,19,0.0072,0.0133
5.75,eb0482,6.8,0.335,20,0.0009,0.012
5.75,eb1168,4.4,0.415,0,0.1931,0.6391
5.75,eb1168,4.4,0.415,1,0.154,0.4979
5.75,eb1168,4.4,0.415,2,0.1038,0.4107
5.75,eb1168,4.4,0.415,3,0.0801,0.3435
5.75,eb1168,4.4,0.415,4,0.0573,0.2875
5.75,eb1168,4.4,0.415,5,0.0498,0.2451
5.75,eb1168,4.4,0.415,6,0.045,0.2117
5.75,eb1168,4.4,0.415,7,0.04,0.1831
5.75,eb1168,4.4,0.415,8,0.0399,0.1613
5.75,eb1168,4.4,0.415,9,0.0352,0.1405
5.75,eb1168,4.4,0.415,10,0.0314,0.1224
5.75,eb1168,4.4,0.415,11,0.0297,0.106
5.75,eb1168,4.4,0.415,12,0.0261,0.0911
5.75,eb1168,4.4,0.415,13,0.0248,0.076
5.75,eb1168,4.4,0.415,14,0.0228,0.0644
5.75,eb1168,4.4,0.415,15,0.0223,0.0516
5.75,eb1168,4.4,0.415,16,0.0182,0.0392
5.75,eb1168,4.4,0.415,17,0.0174,0.0262
5.75,eb1168,4.4,0.415,18,0.0087,0.0218
5.75,eb1168,4.4,0.42,0,0.2109,0.6302
5.75,eb1168,4.4,0.42,1,0.1525,0.4847
5.75,eb1168,4.4,0.42,2,0.1016,0.3984
5.75,eb1168,4.4,0.42,3,0.0777,0.3317
5.75,eb1168,4.4,0.42,4,0.0559,0.2775
5.75,eb1168,4.4,0.42,5,0.0487,0.2368
5.75,eb1168,4.4,0.42,6,0.0426,0.2047
5.75,eb1168,4.4,0.42,7,0.0399,0.1787
5.75,eb1168,4.4,0.42,8,0.0385,0.1577
5.75,eb1168,4.4,0.42,9,0.035,0.1369
5.75,eb1168,4.4,0.42,10,0.03,0.12
5.75,eb1168,4.4,0.42,11,0.0291,0.1039
5.75,eb1168,4.4,0.42,12,0.0258,0.089
5.75,eb1168,4.4,0.42,13,0.0243,0.0744
5.75,eb1168,4.4,0.42,14,0.0225,0.0637
5.75,eb1168,4.4,0.42,15,0.0219,0.0501
5.75,eb1168,4.4,0.42,16,0.0179,0.0384
5.75,eb1168,4.4,0.42,17,0.0169,0.0256
5.75,eb1168,4.4,0.42,18,0.0081,0.0217
5.75,eb1168,4.8,0.375,0,0.1257,0.6766
5.75,eb1168,4.8,0.375,1,0.1666,0.5467
5.75,eb1168,4.8,0.375,2,0.1201,0.4476
5.75,eb1168,4.8,0.375,3,0.0935,0.372
5.75,eb1168,4.8,0.375,4,0.065,0.3079
5.75,eb1168,4.8,0.375,5,0.0576,0.2574
5.75,eb1168,4.8,0.375,6,0.0503,0.2173
5.75,eb1168,4.8,0.375,7,0.0441,0.1849
5.75,eb1168,4.8,0.375,8,0.0434,0.1603
5.75,eb1168,4.8,0.375,9,0.0377,0.1374
5.75,eb1168,4.8,0.375,10,0.032,0.1187
5.75,eb1168,4.8,0.375,11,0.0315,0.1017
5.75,eb1168,4.8,0.375,12,0.0261,0.085
5.75,eb1168,4.8,0.375,13,0.0259,0.0712
5.75,eb1168,4.8,0.375,14,0.0228,0.0592
5.75,eb1168,4.8,0.375,15,0.0217,0.0457
5.75,eb1168,4.8,0.375,16,0.0173,0.032
5.75,eb1168,4.8,0.375,17,0.0147,0.0223
5.75,eb1168,4.8,0.375,18,0.004,0.0277
5.75,eb1168,4.8,0.38,0,0.1463,0.6642
5.75,eb1168,4.8,0.38,1,0.1675,0.5297
5.75,eb1168,4.8,0.38,2,0.1168,0.432
5.75,eb1168,4.8,0.38,3,0.091,0.3569
5.75,eb1168,4.8,0.38,4,0.0628,0.2938
5.75,eb1168,4.8,0.38,5,0.0552,0.2463
5.75,eb1168,4.8,0.38,6,0.048,0.2092
5.75,eb1168,4.8,0.38,7,0.0438,0.179
5.75,eb1168,4.8,0.38,8,0.0411,0.1558
5.75,eb1168,4.8,0.38,9,0.0364,0.1335
5.75,eb1168,4.8,0.38,10,0.0317,0.1159
5.75,eb1168,4.8,0.38,11,0.0307,0.0993
5.75,eb1168,4.8,0.38,12,0.0258,0.0829
5.75,eb1168,4.8,0.38,13,0.0246,0.0693
5.75,eb1168,4.8,0.38,14,0.0228,0.0582
5.75,eb1168,4.8,0.38,15,0.0206,0.0446
5.75,eb1168,4.8,0.38,16,0.0174,0.0313
5.75,eb1168,4.8,0.38,17,0.014,0.0219
5.75,eb1168,4.8,0.38,18,0.0036,0.0285
5.75,eb1168,4.8,0.385,0,0.1669,0.6528
5.75,eb1168,4.8,0.385,1,0.1674,0.5134
5.75,eb1168,4.8,0.385,2,0.1145,0.4166
5.75,eb1168,4.8,0.385,3,0.0868,0.3423
5.75,eb1168,4.8,0.385,4,0.0613,0.2814
5.75,eb1168,4.8,0.385,5,0.0531,0.2366
5.75,eb1168,4.8,0.385,6,0.0456,0.2014
5.75,eb1168,4.8,0.385,7,0.0438,0.1733
5.75,eb1168,4.8,0.385,8,0.0397,0.1516
5.75,eb1168,4.8,0.385,9,0.0347,0.1301
5.75,eb1168,4.8,0.385,10,0.031,0.1129
5.75,eb1168,4.8,0.385,11,0.0296,0.0971
5.75,eb1168,4.8,0.385,12,0.0255,0.0807
5.75,eb1168,4.8,0.385,13,0.0243,0.0682
5.75,eb1168,4.8,0.385,14,0.0222,0.0566
5.75,eb1168,4.8,0.385,15,0.0201,0.0435
5.75,eb1168,4.8,0.385,16,0.0171,0.0306
5.75,eb1168,4.8,0.385,17,0.0135,0.0214
5.75,eb1168,4.8,0.385,18,0.003,0.0296
5.75,eb1168,4.8,0.39,0,0.1873,0.642
5.75,eb1168,4.8,0.39,1,0.1672,0.4974
5.75,eb1168,4.8,0.39,2,0.111,0.4018
5.75,eb1168,4.8,0.39,3,0.085,0.3279
5.75,eb1168,4.8,0.39,4,0.0577,0.269
5.75,eb1168,4.8,0.39,5,0.0517,0.2276
5.75,eb1168,4.8,0.39,6,0.0438,0.1945
5.75,eb1168,4.8,0.39,7,0.0426,0.1681
5.75,eb1168,4.8,0.39,8,0.0383,0.1477
5.75,eb1168,4.8,0.39,9,0.0342,0.1264
5.75,eb1168,4.8,0.39,10,0.0305,0.1102
5.75,eb1168,4.8,0.39,11,0.028,0.0949
5.75,eb1168,4.8,0.39,12,0.0255,0.0793
5.75,eb1168,4.8,0.39,13,0.0234,0.0667
5.75,eb1168,4.8,0.39,14,0.022,0.0556
5.75,eb1168,4.8,0.39,15,0.0197,0.0422
5.75,eb1168,4.8,0.39,16,0.0166,0.0299
5.75,eb1168,4.8,0.39,17,0.0131,0.021
5.75,eb1168,4.8,0.39,18,0.0026,0.0308
5.75,eb1168,4.8,0.395,0,0.208,0.6317
5.75,eb1168,4.8,0.395,1,0.1661,0.4818
5.75,eb1168,4.8,0.395,2,0.1075,0.3874
5.75,eb1168,4.8,0.395,3,0.0822,0.314
5.75,eb1168,4.8,0.395,4,0.0557,0.2578
5.75,eb1168,4.8,0.395,5,0.0494,0.219
5.75,eb1168,4.8,0.395,6,0.0422,0.1882
5.75,eb1168,4.8,0.395,7,0.0418,0.1637
5.75,eb1168,4.8,0.395,8,0.0369,0.144
5.75,eb1168,4.8,0.395,9,0.0334,0.1235
5.75,eb1168,4.8,0.395,10,0.0299,0.1072
5.75,eb1168,4.8,0.395,11,0.027,0.0929
5.75,eb1168,4.8,0.395,12,0.0254,0.0776
5.75,eb1168,4.8,0.395,13,0.0226,0.0654
5.75,eb1168,4.8,0.395,14,0.0216,0.0545
5.75,eb1168,4.8,0.395,15,0.019,0.0416
5.75,eb1168,4.8,0.395,16,0.0167,0.0292
5.75,eb1168,4.8,0.395,17,0.0125,0.021
5.75,eb1168,4.8,0.395,18,0.0022,0.0314
5.75,eb1168,4.8,0.4,0,0.2288,0.6216
5.75,eb1168,4.8,0.4,1,0.1648,0.4661
5.75,eb1168,4.8,0.4,2,0.1035,0.3729
5.75,eb1168,4.8,0.4,3,0.0789,0.301
5.75,eb1168,4.8,0.4,4,0.0538,0.2476
5.75,eb1168,4.8,0.4,5,0.0472,0.2118
5.75,eb1168,4.8,0.4,6,0.0412,0.1825
5.75,eb1168,4.8,0.4,7,0.0413,0.1596
5.75,eb1168,4.8,0.4,8,0.0358,0.139
5.75,eb1168,4.8,0.4,9,0.0317,0.1212
5.75,eb1168,4.8,0.4,10,0.0294,0.1049
5.75,eb1168,4.8,0.4,11,0.0268,0.0905
5.75,eb1168,4.8,0.4,12,0.0244,0.0755
5.75,eb1168,4.8,0.4,13,0.0224,0.0644
5.75,eb1168,4.8,0.4,14,0.021,0.0531
5.75,eb1168,4.8,0.4,15,0.0184,0.0409
5.75,eb1168,4.8,0.4,16,0.0165,0.0284
5.75,eb1168,4.8,0.4,17,0.0119,0.0211
5.75,eb1168,4.8,0.4,18,0.002,0.0323
5.75,eb1168,4.8,0.405,0,0.2494,0.6121
5.75,eb1168,4.8,0.405,1,0.1624,0.4512
5.75,eb1168,4.8,0.405,2,0.0995,0.3591
5.75,eb1168,4.8,0.405,3,0.0775,0.2885
5.75,eb1168,4.8,0.405,4,0.0512,0.2374
5.75,eb1168,4.8,0.405,5,0.0452,0.2045
5.75,eb1168,4.8,0.405,6,0.041,0.1769
5.75,eb1168,4.8,0.405,7,0.0398,0.1553
5.75,eb1168,4.8,0.405,8,0.0351,0.1351
5.75,eb1168,4.8,0.405,9,0.0304,0.118
5.75,eb1168,4.8,0.405,10,0.0289,0.1027
5.75,eb1168,4.8,0.405,11,0.0256,0.0882
5.75,eb1168,4.8,0.405,12,0.024,0.0741
5.75,eb1168,4.8,0.405,13,0.0218,0.0634
5.75,eb1168,4.8,0.405,14,0.0209,0.0515
5.75,eb1168,4.8,0.405,15,0.0176,0.0404
5.75,eb1168,4.8,0.405,16,0.0167,0.028
5.75,eb1168,4.8,0.405,17,0.0111,0.0203
5.75,eb1168,4.8,0.405,18,0.0018,0.0338
5.75,eb1168,4.8,0.41,0,0.27,0.6029
5.75,eb1168,4.8,0.41,1,0.1588,0.4367
5.75,eb1168,4.8,0.41,2,0.0969,0.3456
5.75,eb1168,4.8,0.41,3,0.0747,0.2766
5.75,eb1168,4.8,0.41,4,0.0493,0.2286
5.75,eb1168,4.8,0.41,5,0.0429,0.1971
5.75,eb1168,4.8,0.41,6,0.041,0.1719
5.75,eb1168,4.8,0.41,7,0.0382,0.1517
5.75,eb1168,4.8,0.41,8,0.0337,0.1314
5.75,eb1168,4.8,0.41,9,0.0297,0.1159
5.75,eb1168,4.8,0.41,10,0.0292,0.1007
5.75,eb1168,4.8,0.41,11,0.0244,0.0857
5.75,eb1168,4.8,0.41,12,0.0236,0.0724
5.75,eb1168,4.8,0.41,13,0.0215,0.0626
5.75,eb1168,4.8,0.41,14,0.0207,0.0501
5.75,eb1168,4.8,0.41,15,0.0168,0.0397
5.75,eb1168,4.8,0.41,16,0.0167,0.0269
5.75,eb1168,4.8,0.41,17,0.0102,0.0204
5.75,eb1168,4.8,0.41,18,0.0017,0.0344
5.75,eb1168,4.8,0.415,0,0.2889,0.5945
5.75,eb1168,4.8,0.415,1,0.1567,0.4229
5.75,eb1168,4.8,0.415,2,0.0929,0.3325
5.75,eb1168,4.8,0.415,3,0.0721,0.266
5.75,eb1168,4.8,0.415,4,0.0485,0.2206
5.75,eb1168,4.8,0.415,5,0.0409,0.1908
5.75,eb1168,4.8,0.415,6,0.041,0.1664
5.75,eb1168,4.8,0.415,7,0.037,0.1476
5.75,eb1168,4.8,0.415,8,0.0323,0.1279
5.75,eb1168,4.8,0.415,9,0.0286,0.1133
5.75,eb1168,4.8,0.415,10,0.0285,0.0984
5.75,eb1168,4.8,0.415,11,0.0239,0.084
5.75,eb1168,4.8,0.415,12,0.0229,0.0713
5.75,eb1168,4.8,0.415,13,0.0214,0.0615
5.75,eb1168,4.8,0.415,14,0.0204,0.049
5.75,eb1168,4.8,0.415,15,0.0165,0.0387
5.75,eb1168,4.8,0.415,16,0.0161,0.0265
5.75,eb1168,4.8,0.415,17,0.0098,0.0202
5.75,eb1168,4.8,0.415,18,0.0015,0.0368
5.75,eb1168,4.8,0.42,0,0.3082,0.5862
5.75,eb1168,4.8,0.42,1,0.153,0.4093
5.75,eb1168,4.8,0.42,2,0.0912,0.3194
5.75,eb1168,4.8,0.42,3,0.0687,0.2548
5.75,eb1168,4.8,0.42,4,0.0469,0.2127
5.75,eb1168,4.8,0.42,5,0.0394,0.1849
5.75,eb1168,4.8,0.42,6,0.0398,0.1622
5.75,eb1168,4.8,0.42,7,0.0355,0.1443
5.75,eb1168,4.8,0.42,8,0.0318,0.1252
5.75,eb1168,4.8,0.42,9,0.0283,0.1106
5.75,eb1168,4.8,0.42,10,0.028,0.0964
5.75,eb1168,4.8,0.42,11,0.0229,0.0818
5.75,eb1168,4.8,0.42,12,0.0229,0.0702
5.75,eb1168,4.8,0.42,13,0.0211,0.0606
5.75,eb1168,4.8,0.42,14,0.0201,0.0474
5.75,eb1168,4.8,0.42,15,0.0157,0.0375
5.75,eb1168,4.8,0.42,16,0.0158,0.0259
5.75,eb1168,4.8,0.42,17,0.0093,0.0204
5.75,eb1168,4.8,0.42,18,0.0013,0.0367
5.75,eb1168,5.2,0.35,0,0.0911,0.7002
5.75,eb1168,5.2,0.35,1,0.1757,0.572
5.75,eb1168,5.2,0.35,2,0.131,0.4634
5.75,eb1168,5.2,0.35,3,0.1037,0.3803
5.75,eb1168,5.2,0.35,4,0.0707,0.3093
5.75,eb1168,5.2,0.35,5,0.0616,0.2545
5.75,eb1168,5.2,0.35,6,0.0527,0.2119
5.75,eb1168,5.2,0.35,7,0.0475,0.1783
5.75,eb1168,5.2,0.35,8,0.0444,0.1532
5.75,eb1168,5.2,0.35,9,0.037,0.1297
5.75,eb1168,5.2,0.35,10,0.0337,0.1111
5.75,eb1168,5.2,0.35,11,0.0299,0.0943
5.75,eb1168,5.2,0.35,12,0.0275,0.0775
5.75,eb1168,5.2,0.35,13,0.024,0.0647
5.75,eb1168,5.2,0.35,14,0.0228,0.0518
5.75,eb1168,5.2,0.35,15,0.0184,0.04
5.75,eb1168,5.2,0.35,16,0.0176,0.0264
5.75,eb1168,5.2,0.35,17,0.0098,0.0214
5.75,eb1168,5.2,0.35,18,0.0009,0.0343
5.75,eb1168,5.2,0.355,0,0.1114,0.6858
5.75,eb1168,5.2,0.355,1,0.1797,0.5533
5.75,eb1168,5.2,0.355,2,0.129,0.4451
5.75,eb1168,5.2,0.355,3,0.0994,0.3625
5.75,eb1168,5.2,0.355,4,0.0682,0.2935
5.75,eb1168,5.2,0.355,5,0.0591,0.242
5.75,eb1168,5.2,0.355,6,0.0493,0.2026
5.75,eb1168,5.2,0.355,7,0.0473,0.1718
5.75,eb1168,5.2,0.355,8,0.0415,0.1484
5.75,eb1168,5.2,0.355,9,0.0364,0.1257
5.75,eb1168,5.2,0.355,10,0.0326,0.1076
5.75,eb1168,5.2,0.355,11,0.0292,0.0917
5.75,eb1168,5.2,0.355,12,0.0262,0.0753
5.75,eb1168,5.2,0.355,13,0.0236,0.0633
5.75,eb1168,5.2,0.355,14,0.0225,0.0506
5.75,eb1168,5.2,0.355,15,0.0181,0.0384
5.75,eb1168,5.2,0.355,16,0.0169,0.0258
5.75,eb1168,5.2,0.355,17,0.0091,0.0214
5.75,eb1168,5.2,0.355,18,0.0006,0.0385
5.75,eb1168,5.2,0.36,0,0.1337,0.6716
5.75,eb1168,5.2,0.36,1,0.1813,0.5344
5.75,eb1168,5.2,0.36,2,0.1265,0.4273
5.75,eb1168,5.2,0.36,3,0.0943,0.3455
5.75,eb1168,5.2,0.36,4,0.0659,0.2791
5.75,eb1168,5.2,0.36,5,0.0565,0.231
5.75,eb1168,5.2,0.36,6,0.0472,0.1944
5.75,eb1168,5.2,0.36,7,0.0453,0.1661
5.75,eb1168,5.2,0.36,8,0.0402,0.1441
5.75,eb1168,5.2,0.36,9,0.0356,0.1225
5.75,eb1168,5.2,0.36,10,0.0322,0.1045
5.75,eb1168,5.2,0.36,11,0.0276,0.0887
5.75,eb1168,5.2,0.36,12,0.0259,0.0734
5.75,eb1168,5.2,0.36,13,0.0231,0.0622
5.75,eb1168,5.2,0.36,14,0.0223,0.0488
5.75,eb1168,5.2,0.36,15,0.0173,0.0371
5.75,eb1168,5.2,0.36,16,0.0161,0.0251
5.75,eb1168,5.2,0.36,17,0.0086,0.0215
5.75,eb1168,5.2,0.365,0,0.1573,0.6579
5.75,eb1168,5.2,0.365,1,0.181,0.5157
5.75,eb1168,5.2,0.365,2,0.1225,0.4101
5.75,eb1168,5.2,0.365,3,0.0924,0.3288
5.75,eb1168,5.2,0.365,4,0.0618,0.2647
5.75,eb1168,5.2,0.365,5,0.0538,0.2209
5.75,eb1168,5.2,0.365,6,0.0457,0.1872
5.75,eb1168,5.2,0.365,7,0.0449,0.1609
5.75,eb1168,5.2,0.365,8,0.0386,0.1384
5.75,eb1168,5.2,0.365,9,0.0336,0.119
5.75,eb1168,5.2,0.365,10,0.0312,0.102
5.75,eb1168,5.2,0.365,11,0.0268,0.0863
5.75,eb1168,5.2,0.365,12,0.025,0.0718
5.75,eb1168,5.2,0.365,13,0.0231,0.061
5.75,eb1168,5.2,0.365,14,0.0214,0.0473
5.75,eb1168,5.2,0.365,15,0.0172,0.0355
5.75,eb1168,5.2,0.365,16,0.0153,0.0248
5.75,eb1168,5.2,0.365,17,0.008,0.0214
5.75,eb1168,5.2,0.37,0,0.1812,0.6451
5.75,eb1168,5.2,0.37,1,0.18,0.4972
5.75,eb1168,5.2,0.37,2,0.1186,0.3932
5.75,eb1168,5.2,0.37,3,0.0884,0.3127
5.75,eb1168,5.2,0.37,4,0.0588,0.2523
5.75,eb1168,5.2,0.37,5,0.0514,0.2123
5.75,eb1168,5.2,0.37,6,0.0445,0.1802
5.75,eb1168,5.2,0.37,7,0.0436,0.1563
5.75,eb1168,5.2,0.37,8,0.0375,0.1339
5.75,eb1168,5.2,0.37,9,0.032,0.1159
5.75,eb1168,5.2,0.37,10,0.0309,0.0996
5.75,eb1168,5.2,0.37,11,0.0258,0.0834
5.75,eb1168,5.2,0.37,12,0.0248,0.0702
5.75,eb1168,5.2,0.37,13,0.0221,0.0597
5.75,eb1168,5.2,0.37,14,0.0213,0.0464
5.75,eb1168,5.2,0.37,15,0.0167,0.0338
5.75,eb1168,5.2,0.37,16,0.0143,0.0242
5.75,eb1168,5.2,0.37,17,0.0075,0.0216
5.75,eb1168,5.2,0.375,0,0.2044,0.6334
5.75,eb1168,5.2,0.375,1,0.1794,0.4794
5.75,eb1168,5.2,0.375,2,0.1136,0.3767
5.75,eb1168,5.2,0.375,3,0.0855,0.2976
5.75,eb1168,5.2,0.375,4,0.0562,0.2404
5.75,eb1168,5.2,0.375,5,0.0486,0.2036
5.75,eb1168,5.2,0.375,6,0.0444,0.174
5.75,eb1168,5.2,0.375,7,0.0413,0.1516
5.75,eb1168,5.2,0.375,8,0.0361,0.1296
5.75,eb1168,5.2,0.375,9,0.0313,0.1128
5.75,eb1168,5.2,0.375,10,0.0302,0.097
5.75,eb1168,5.2,0.375,11,0.025,0.0813
5.75,eb1168,5.2,0.375,12,0.0246,0.0684
5.75,eb1168,5.2,0.375,13,0.0213,0.0578
5.75,eb1168,5.2,0.375,14,0.0204,0.0456
5.75,eb1168,5.2,0.375,15,0.0166,0.0327
5.75,eb1168,5.2,0.375,16,0.0141,0.0239
5.75,eb1168,5.2,0.375,17,0.0067,0.0219
5.75,eb1168,5.2,0.38,0,0.2282,0.6219
5.75,eb1168,5.2,0.38,1,0.1779,0.4615
5.75,eb1168,5.2,0.38,2,0.108,0.3602
5.75,eb1168,5.2,0.38,3,0.0823,0.2837
5.75,eb1168,5.2,0.38,4,0.054,0.23
5.75,eb1168,5.2,0.38,5,0.0461,0.1954
5.75,eb1168,5.2,0.38,6,0.0442,0.1678
5.75,eb1168,5.2,0.38,7,0.0392,0.147
5.75,eb1168,5.2,0.38,8,0.0346,0.1261
5.75,eb1168,5.2,0.38,9,0.0306,0.1097
5.75,eb1168,5.2,0.38,10,0.0292,0.0948
5.75,eb1168,5.2,0.38,11,0.0249,0.079
5.75,eb1168,5.2,0.38,12,0.0232,0.067
5.75,eb1168,5.2,0.38,13,0.0214,0.0567
5.75,eb1168,5.2,0.38,14,0.0198,0.0442
5.75,eb1168,5.2,0.38,15,0.0159,0.0325
5.75,eb1168,5.2,0.38,16,0.0143,0.0229
5.75,eb1168,5.2,0.38,17,0.0058,0.0226
5.75,eb1168,5.2,0.385,0,0.2516,0.6111
5.75,eb1168,5.2,0.385,1,0.1745,0.4449
5.75,eb1168,5.2,0.385,2,0.104,0.3448
5.75,eb1168,5.2,0.385,3,0.0788,0.2706
5.75,eb1168,5.2,0.385,4,0.0527,0.2203
5.75,eb1168,5.2,0.385,5,0.0438,0.1881
5.75,eb1168,5.2,0.385,6,0.0428,0.1627
5.75,eb1168,5.2,0.385,7,0.0378,0.1429
5.75,eb1168,5.2,0.385,8,0.0339,0.1224
5.75,eb1168,5.2,0.385,9,0.0304,0.1068
5.75,eb1168,5.2,0.385,10,0.0272,0.0923
5.75,eb1168,5.2,0.385,11,0.0249,0.0776
5.75,eb1168,5.2,0.385,12,0.0228,0.0655
5.75,eb1168,5.2,0.385,13,0.0209,0.0552
5.75,eb1168,5.2,0.385,14,0.0189,0.043
5.75,eb1168,5.2,0.385,15,0.0157,0.0314
5.75,eb1168,5.2,0.385,16,0.014,0.0226
5.75,eb1168,5.2,0.385,17,0.0051,0.023
5.75,eb1168,5.2,0.39,0,0.2741,0.601
5.75,eb1168,5.2,0.39,1,0.171,0.4288
5.75,eb1168,5.2,0.39,2,0.1002,0.3296
5.75,eb1168,5.2,0.39,3,0.0758,0.2581
5.75,eb1168,5.2,0.39,4,0.0497,0.2116
5.75,eb1168,5.2,0.39,5,0.043,0.1816
5.75,eb1168,5.2,0.39,6,0.0419,0.1578
5.75,eb1168,5.2,0.39,7,0.0363,0.1385
5.75,eb1168,5.2,0.39,8,0.0329,0.1194
5.75,eb1168,5.2,0.39,9,0.0295,0.1038
5.75,eb1168,5.2,0.39,10,0.0263,0.0899
5.75,eb1168,5.2,0.39,11,0.0246,0.0756
5.75,eb1168,5.2,0.39,12,0.0219,0.0642
5.75,eb1168,5.2,0.39,13,0.0208,0.0539
5.75,eb1168,5.2,0.39,14,0.0184,0.042
5.75,eb1168,5.2,0.39,15,0.0155,0.0304
5.75,eb1168,5.2,0.39,16,0.0133,0.0221
5.75,eb1168,5.2,0.39,17,0.0047,0.0235
5.75,eb1168,5.6,0.33,0,0.0611,0.7253
5.75,eb1168,5.6,0.33,1,0.1788,0.5975
5.75,eb1168,5.6,0.33,2,0.1432,0.4802
5.75,eb1168,5.6,0.33,3,0.1142,0.3881
5.75,eb1168,5.6,0.33,4,0.0761,0.3108
5.75,eb1168,5.6,0.33,5,0.0658,0.2515
5.75,eb1168,5.6,0.33,6,0.0549,0.2066
5.75,eb1168,5.6,0.33,7,0.0508,0.1719
5.75,eb1168,5.6,0.33,8,0.0437,0.1468
5.75,eb1168,5.6,0.33,9,0.0382,0.123
5.75,eb1168,5.6,0.33,10,0.0342,0.1038
5.75,eb1168,5.6,0.33,11,0.0292,0.0866
5.75,eb1168,5.6,0.33,12,0.0267,0.0709
5.75,eb1168,5.6,0.33,13,0.0239,0.0594
5.75,eb1168,5.6,0.33,14,0.022,0.0454
5.75,eb1168,5.6,0.33,15,0.017,0.0325
5.75,eb1168,5.6,0.33,16,0.015,0.0228
5.75,eb1168,5.6,0.33,17,0.0049,0.0232
5.75,eb1168,5.6,0.335,0,0.0817,0.7073
5.75,eb1168,5.6,0.335,1,0.1876,0.5755
5.75,eb1168,5.6,0.335,2,0.1402,0.4579
5.75,eb1168,5.6,0.335,3,0.1083,0.3678
5.75,eb1168,5.6,0.335,4,0.0733,0.2926
5.75,eb1168,5.6,0.335,5,0.0621,0.238
5.75,eb1168,5.6,0.335,6,0.0518,0.1966
5.75,eb1168,5.6,0.335,7,0.0486,0.1654
5.75,eb1168,5.6,0.335,8,0.043,0.1412
5.75,eb1168,5.6,0.335,9,0.0363,0.1191
5.75,eb1168,5.6,0.335,10,0.0333,0.1006
5.75,eb1168,5.6,0.335,11,0.0275,0.0833
5.75,eb1168,5.6,0.335,12,0.0268,0.0693
5.75,eb1168,5.6,0.335,13,0.023,0.0572
5.75,eb1168,5.6,0.335,14,0.021,0.0445
5.75,eb1168,5.6,0.335,15,0.017,0.031
5.75,eb1168,5.6,0.335,16,0.0142,0.0222
5.75,eb1168,5.6,0.335,17,0.0043,0.0251
5.75,eb1168,5.6,0.34,0,0.1042,0.6908
5.75,eb1168,5.6,0.34,1,0.1926,0.5541
5.75,eb1168,5.6,0.34,2,0.137,0.4373
5.75,eb1168,5.6,0.34,3,0.1028,0.3485
5.75,eb1168,5.6,0.34,4,0.0701,0.2762
5.75,eb1168,5.6,0.34,5,0.0598,0.2253
5.75,eb1168,5.6,0.34,6,0.0489,0.1876
5.75,eb1168,5.6,0.34,7,0.0475,0.1596
5.75,eb1168,5.6,0.34,8,0.041,0.1352
5.75,eb1168,5.6,0.34,9,0.034,0.1153
5.75,eb1168,5.6,0.34,10,0.0329,0.0978
5.75,eb1168,5.6,0.34,11,0.027,0.0806
5.75,eb1168,5.6,0.34,12,0.0253,0.0672
5.75,eb1168,5.6,0.34,13,0.0227,0.0561
5.75,eb1168,5.6,0.34,14,0.0202,0.0427
5.75,eb1168,5.6,0.34,15,0.0168,0.0301
5.75,eb1168,5.6,0.34,16,0.013,0.0212
5.75,eb1168,5.6,0.34,17,0.004,0.0268
5.75,eb1168,5.6,0.345,0,0.1288,0.6747
5.75,eb1168,5.6,0.345,1,0.1948,0.533
5.75,eb1168,5.6,0.345,2,0.1332,0.4177
5.75,eb1168,5.6,0.345,3,0.0998,0.329
5.75,eb1168,5.6,0.345,4,0.0648,0.2601
5.75,eb1168,5.6,0.345,5,0.0559,0.215
5.75,eb1168,5.6,0.345,6,0.0485,0.1799
5.75,eb1168,5.6,0.345,7,0.0456,0.1539
5.75,eb1168,5.6,0.345,8,0.039,0.13
5.75,eb1168,5.6,0.345,9,0.0332,0.1118
5.75,eb1168,5.6,0.345,10,0.0313,0.0949
5.75,eb1168,5.6,0.345,11,0.0264,0.0784
5.75,eb1168,5.6,0.345,12,0.0248,0.0656
5.75,eb1168,5.6,0.345,13,0.0225,0.0542
5.75,eb1168,5.6,0.345,14,0.0193,0.0412
5.75,eb1168,5.6,0.345,15,0.0162,0.0293
5.75,eb1168,5.6,0.345,16,0.0126,0.0206
5.75,eb1168,5.6,0.345,17,0.0033,0.0277
5.75,eb1168,5.6,0.35,0,0.1552,0.6591
5.75,eb1168,5.6,0.35,1,0.1945,0.5121
5.75,eb1168,5.6,0.35,2,0.1289,0.3984
5.75,eb1168,5.6,0.35,3,0.0943,0.3111
5.75,eb1168,5.6,0.35,4,0.0622,0.2467
5.75,eb1168,5.6,0.35,5,0.0529,0.2051
5.75,eb1168,5.6,0.35,6,0.0476,0.1727
5.75,eb1168,5.6,0.35,7,0.0435,0.1486
5.75,eb1168,5.6,0.35,8,0.0373,0.1259
5.75,eb1168,5.6,0.35,9,0.0328,0.108
5.75,eb1168,5.6,0.35,10,0.0292,0.0922
5.75,eb1168,5.6,0.35,11,0.0266,0.0763
5.75,eb1168,5.6,0.35,12,0.0235,0.0636
5.75,eb1168,5.6,0.35,13,0.0216,0.0529
5.75,eb1168,5.6,0.35,14,0.0187,0.0403
5.75,eb1168,5.6,0.35,15,0.0162,0.0283
5.75,eb1168,5.6,0.35,16,0.012,0.0205
5.75,eb1168,5.6,0.35,17,0.0027,0.0302
5.75,eb1168,5.6,0.355,0,0.1817,0.6449
5.75,eb1168,5.6,0.355,1,0.1939,0.4915
5.75,eb1168,5.6,0.355,2,0.1232,0.3795
5.75,eb1168,5.6,0.355,3,0.0911,0.2938
5.75,eb1168,5.6,0.355,4,0.0588,0.2337
5.75,eb1168,5.6,0.355,5,0.0495,0.1956
5.75,eb1168,5.6,0.355,6,0.0471,0.1659
5.75,eb1168,5.6,0.355,7,0.0408,0.1438
5.75,eb1168,5.6,0.355,8,0.0364,0.1218
5.75,eb1168,5.6,0.355,9,0.0319,0.1046
5.75,eb1168,5.6,0.355,10,0.0284,0.0894
5.75,eb1168,5.6,0.355,11,0.0254,0.0739
5.75,eb1168,5.6,0.355,12,0.0231,0.0628
5.75,eb1168,5.6,0.355,13,0.0213,0.0506
5.75,eb1168,5.6,0.355,14,0.0177,0.0395
5.75,eb1168,5.6,0.355,15,0.0159,0.0273
5.75,eb1168,5.6,0.355,16,0.0115,0.0206
5.75,eb1168,5.6,0.355,17,0.0022,0.0309
5.75,eb1168,5.6,0.36,0,0.208,0.6316
5.75,eb1168,5.6,0.36,1,0.1929,0.4714
5.75,eb1168,5.6,0.36,2,0.1165,0.361
5.75,eb1168,5.6,0.36,3,0.0872,0.2786
5.75,eb1168,5.6,0.36,4,0.0566,0.2222
5.75,eb1168,5.6,0.36,5,0.0473,0.1869
5.75,eb1168,5.6,0.36,6,0.0451,0.1601
5.75,eb1168,5.6,0.36,7,0.0399,0.1387
5.75,eb1168,5.6,0.36,8,0.0343,0.1185
5.75,eb1168,5.6,0.36,9,0.0318,0.1014
5.75,eb1168,5.6,0.36,10,0.0269,0.0864
5.75,eb1168,5.6,0.36,11,0.025,0.072
5.75,eb1168,5.6,0.36,12,0.0224,0.0612
5.75,eb1168,5.6,0.36,13,0.021,0.0491
5.75,eb1168,5.6,0.36,14,0.0168,0.0388
5.75,eb1168,5.6,0.36,15,0.0162,0.0265
5.75,eb1168,5.6,0.36,16,0.0103,0.0201
5.75,eb1168,5.6,0.36,17,0.002,0.0316
5.75,eb1168,5.6,0.365,0,0.2343,0.619
5.75,eb1168,5.6,0.365,1,0.1893,0.4525
5.75,eb1168,5.6,0.365,2,0.1117,0.3435
5.75,eb1168,5.6,0.365,3,0.0832,0.2639
5.75,eb1168,5.6,0.365,4,0.0537,0.2122
5.75,eb1168,5.6,0.365,5,0.0455,0.1797
5.75,eb1168,5.6,0.365,6,0.0445,0.1549
5.75,eb1168,5.6,0.365,7,0.0385,0.1331
5.75,eb1168,5.6,0.365,8,0.0326,0.1148
5.75,eb1168,5.6,0.365,9,0.031,0.0987
5.75,eb1168,5.6,0.365,10,0.0258,0.0831
5.75,eb1168,5.6,0.365,11,0.0241,0.0701
5.75,eb1168,5.6,0.365,12,0.0221,0.0599
5.75,eb1168,5.6,0.365,13,0.0208,0.0474
5.75,eb1168,5.6,0.365,14,0.0162,0.0372
5.75,eb1168,5.6,0.365,15,0.0154,0.0259
5.75,eb1168,5.6,0.365,16,0.0097,0.0199
5.75,eb1168,5.6,0.365,17,0.0017,0.0333
5.75,eb1168,6.0,0.32,0,0.0622,0.7242
5.75,eb1168,6.0,0.32,1,0.1932,0.5905
5.75,eb1168,6.0,0.32,2,0.1519,0.4644
5.75,eb1168,6.0,0.32,3,0.1158,0.3665
5.75,eb1168,6.0,0.32,4,0.0767,0.2861
5.75,eb1168,6.0,0.32,5,0.0644,0.2291
5.75,eb1168,6.0,0.32,6,0.0525,0.1881
5.75,eb1168,6.0,0.32,7,0.0506,0.1577
5.75,eb1168,6.0,0.32,8,0.0423,0.1319
5.75,eb1168,6.0,0.32,9,0.0356,0.1113
5.75,eb1168,6.0,0.32,10,0.0325,0.0936
5.75,eb1168,6.0,0.32,11,0.0286,0.0762
5.75,eb1168,6.0,0.32,12,0.0247,0.0633
5.75,eb1168,6.0,0.32,13,0.0229,0.0503
5.75,eb1168,6.0,0.32,14,0.018,0.039
5.75,eb1168,6.0,0.32,15,0.017,0.0261
5.75,eb1168,6.0,0.32,16,0.0098,0.0198
5.75,eb1168,6.0,0.32,17,0.0015,0.0365
5.75,eb1168,6.0,0.325,0,0.0851,0.7046
5.75,eb1168,6.0,0.325,1,0.2018,0.5667
5.75,eb1168,6.0,0.325,2,0.1476,0.441
5.75,eb1168,6.0,0.325,3,0.1092,0.345
5.75,eb1168,6.0,0.325,4,0.0728,0.2686
5.75,eb1168,6.0,0.325,5,0.0604,0.217
5.75,eb1168,6.0,0.325,6,0.0516,0.1789
5.75,eb1168,6.0,0.325,7,0.0483,0.1514
5.75,eb1168,6.0,0.325,8,0.04,0.1264
5.75,eb1168,6.0,0.325,9,0.0347,0.1072
5.75,eb1168,6.0,0.325,10,0.031,0.0904
5.75,eb1168,6.0,0.325,11,0.0272,0.0735
5.75,eb1168,6.0,0.325,12,0.0243,0.0617
5.75,eb1168,6.0,0.325,13,0.0224,0.0485
5.75,eb1168,6.0,0.325,14,0.0174,0.0373
5.75,eb1168,6.0,0.325,15,0.0163,0.0253
5.75,eb1168,6.0,0.325,16,0.0089,0.0198
5.75,eb1168,6.0,0.325,17,0.0011,0.0374
5.75,eb1168,6.0,0.33,0,0.1101,0.6867
5.75,eb1168,6.0,0.33,1,0.2071,0.5434
5.75,eb1168,6.0,0.33,2,0.1426,0.4189
5.75,eb1168,6.0,0.33,3,0.1052,0.3236
5.75,eb1168,6.0,0.33,4,0.0677,0.2514
5.75,eb1168,6.0,0.33,5,0.0565,0.2057
5.75,eb1168,6.0,0.33,6,0.0512,0.1708
5.75,eb1168,6.0,0.33,7,0.0447,0.1455
5.75,eb1168,6.0,0.33,8,0.0385,0.122
5.75,eb1168,6.0,0.33,9,0.034,0.1035
5.75,eb1168,6.0,0.33,10,0.0294,0.0869
5.75,eb1168,6.0,0.33,11,0.0263,0.0712
5.75,eb1168,6.0,0.33,12,0.0235,0.0599
5.75,eb1168,6.0,0.33,13,0.0221,0.0471
5.75,eb1168,6.0,0.33,14,0.017,0.0351
5.75,eb1168,6.0,0.33,15,0.0151,0.0244
5.75,eb1168,6.0,0.33,16,0.0084,0.0209
5.75,eb1168,6.0,0.33,17,0.0007,0.0353
5.75,eb1168,6.0,0.335,0,0.1387,0.6687
5.75,eb1168,6.0,0.335,1,0.2081,0.5199
5.75,eb1168,6.0,0.335,2,0.1372,0.3972
5.75,eb1168,6.0,0.335,3,0.0995,0.3037
5.75,eb1168,6.0,0.335,4,0.0642,0.2369
5.75,eb1168,6.0,0.335,5,0.0529,0.1952
5.75,eb1168,6.0,0.335,6,0.0495,0.1636
5.75,eb1168,6.0,0.335,7,0.043,0.1398
5.75,eb1168,6.0,0.335,8,0.0368,0.1179
5.75,eb1168,6.0,0.335,9,0.0332,0.0998
5.75,eb1168,6.0,0.335,10,0.0278,0.0836
5.75,eb1168,6.0,0.335,11,0.0256,0.0693
5.75,eb1168,6.0,0.335,12,0.023,0.0586
5.75,eb1168,6.0,0.335,13,0.0215,0.0453
5.75,eb1168,6.0,0.335,14,0.0166,0.0331
5.75,eb1168,6.0,0.335,15,0.014,0.0239
5.75,eb1168,6.0,0.335,16,0.0077,0.0208
5.75,eb1168,6.0,0.34,0,0.1677,0.6523
5.75,eb1168,6.0,0.34,1,0.2076,0.4971
5.75,eb1168,6.0,0.34,2,0.1305,0.3765
5.75,eb1168,6.0,0.34,3,0.0952,0.2855
5.75,eb1168,6.0,0.34,4,0.061,0.2233
5.75,eb1168,6.0,0.34,5,0.05,0.1855
5.75,eb1168,6.0,0.34,6,0.0481,0.1573
5.75,eb1168,6.0,0.34,7,0.0415,0.1334
5.75,eb1168,6.0,0.34,8,0.0341,0.1137
5.75,eb1168,6.0,0.34,9,0.0325,0.0968
5.75,eb1168,6.0,0.34,10,0.0267,0.0807
5.75,eb1168,6.0,0.34,11,0.0256,0.0671
5.75,eb1168,6.0,0.34,12,0.0218,0.0564
5.75,eb1168,6.0,0.34,13,0.0206,0.0441
5.75,eb1168,6.0,0.34,14,0.016,0.032
5.75,eb1168,6.0,0.34,15,0.0135,0.0233
5.75,eb1168,6.0,0.34,16,0.0072,0.0215
5.75,eb1168,6.0,0.345,0,0.1964,0.6374
5.75,eb1168,6.0,0.345,1,0.2076,0.4747
5.75,eb1168,6.0,0.345,2,0.1232,0.3555
5.75,eb1168,6.0,0.345,3,0.0898,0.2684
5.75,eb1168,6.0,0.345,4,0.0573,0.2119
5.75,eb1168,6.0,0.345,5,0.0484,0.1772
5.75,eb1168,6.0,0.345,6,0.0464,0.1517
5.75,eb1168,6.0,0.345,7,0.0392,0.1283
5.75,eb1168,6.0,0.345,8,0.0335,0.1101
5.75,eb1168,6.0,0.345,9,0.0311,0.0939
5.75,eb1168,6.0,0.345,10,0.0263,0.0777
5.75,eb1168,6.0,0.345,11,0.0242,0.0653
5.75,eb1168,6.0,0.345,12,0.0214,0.0551
5.75,eb1168,6.0,0.345,13,0.0197,0.0429
5.75,eb1168,6.0,0.345,14,0.0155,0.0309
5.75,eb1168,6.0,0.345,15,0.0139,0.0224
5.75,eb1168,6.0,0.345,16,0.0059,0.022
5.75,eb1168,6.4,0.305,0,0.0354,0.7552
5.75,eb1168,6.4,0.305,1,0.1888,0.618
5.75,eb1168,6.4,0.305,2,0.1642,0.4843
5.75,eb1168,6.4,0.305,3,0.1267,0.378
5.75,eb1168,6.4,0.305,4,0.0832,0.2907
5.75,eb1168,6.4,0.305,5,0.0688,0.2286
5.75,eb1168,6.4,0.305,6,0.0552,0.1849
5.75,eb1168,6.4,0.305,7,0.0526,0.1539
5.75,eb1168,6.4,0.305,8,0.0429,0.1267
5.75,eb1168,6.4,0.305,9,0.0369,0.1061
5.75,eb1168,6.4,0.305,10,0.0317,0.0881
5.75,eb1168,6.4,0.305,11,0.0279,0.0711
5.75,eb1168,6.4,0.305,12,0.0248,0.0593
5.75,eb1168,6.4,0.305,13,0.0224,0.0454
5.75,eb1168,6.4,0.305,14,0.0176,0.0323
5.75,eb1168,6.4,0.305,15,0.0145,0.0228
5.75,eb1168,6.4,0.305,16,0.006,0.0218
5.75,eb1168,6.4,0.31,0,0.0553,0.7312
5.75,eb1168,6.4,0.31,1,0.2057,0.5915
5.75,eb1168,6.4,0.31,2,0.1591,0.4571
5.75,eb1168,6.4,0.31,3,0.119,0.3534
5.75,eb1168,6.4,0.31,4,0.0782,0.2702
5.75,eb1168,6.4,0.31,5,0.0641,0.215
5.75,eb1168,6.4,0.31,6,0.0543,0.1747
5.75,eb1168,6.4,0.31,7,0.0487,0.1469
5.75,eb1168,6.4,0.31,8,0.0411,0.1216
5.75,eb1168,6.4,0.31,9,0.0356,0.1018
5.75,eb1168,6.4,0.31,10,0.03,0.0842
5.75,eb1168,6.4,0.31,11,0.0275,0.0688
5.75,eb1168,6.4,0.31,12,0.0237,0.0569
5.75,eb1168,6.4,0.31,13,0.0217,0.0437
5.75,eb1168,6.4,0.31,14,0.0163,0.0311
5.75,eb1168,6.4,0.31,15,0.0143,0.0222
5.75,eb1168,6.4,0.31,16,0.005,0.0226
5.75,eb1168,6.4,0.315,0,0.0802,0.7085
5.75,eb1168,6.4,0.315,1,0.2147,0.5657
5.75,eb1168,6.4,0.315,2,0.155,0.4318
5.75,eb1168,6.4,0.315,3,0.1132,0.3291
5.75,eb1168,6.4,0.315,4,0.0719,0.2513
5.75,eb1168,6.4,0.315,5,0.0595,0.2028
5.75,eb1168,6.4,0.315,6,0.0533,0.1666
5.75,eb1168,6.4,0.315,7,0.046,0.1403
5.75,eb1168,6.4,0.315,8,0.0389,0.117
5.75,eb1168,6.4,0.315,9,0.0346,0.098
5.75,eb1168,6.4,0.315,10,0.0286,0.0807
5.75,eb1168,6.4,0.315,11,0.0264,0.0663
5.75,eb1168,6.4,0.315,12,0.023,0.0551
5.75,eb1168,6.4,0.315,13,0.0207,0.0423
5.75,eb1168,6.4,0.315,14,0.016,0.0298
5.75,eb1168,6.4,0.315,15,0.0134,0.0214
5.75,eb1168,6.4,0.315,16,0.0044,0.0234
5.75,eb1168,6.4,0.32,0,0.1077,0.6883
5.75,eb1168,6.4,0.32,1,0.2202,0.5402
5.75,eb1168,6.4,0.32,2,0.149,0.4077
5.75,eb1168,6.4,0.32,3,0.1071,0.3067
5.75,eb1168,6.4,0.32,4,0.0678,0.2351
5.75,eb1168,6.4,0.32,5,0.0553,0.1911
5.75,eb1168,6.4,0.32,6,0.0521,0.1591
5.75,eb1168,6.4,0.32,7,0.0438,0.1334
5.75,eb1168,6.4,0.32,8,0.0359,0.1124
5.75,eb1168,6.4,0.32,9,0.0338,0.0948
5.75,eb1168,6.4,0.32,10,0.0277,0.0774
5.75,eb1168,6.4,0.32,11,0.0256,0.0645
5.75,eb1168,6.4,0.32,12,0.0227,0.053
5.75,eb1168,6.4,0.32,13,0.0192,0.0403
5.75,eb1168,6.4,0.32,14,0.0159,0.0287
5.75,eb1168,6.4,0.32,15,0.0122,0.0203
5.75,eb1168,6.4,0.32,16,0.0039,0.026
5.75,eb1168,6.4,0.325,0,0.1386,0.6687
5.75,eb1168,6.4,0.325,1,0.2212,0.5148
5.75,eb1168,6.4,0.325,2,0.1423,0.3844
5.75,eb1168,6.4,0.325,3,0.1013,0.2862
5.75,eb1168,6.4,0.325,4,0.0642,0.22
5.75,eb1168,6.4,0.325,5,0.0517,0.1809
5.75,eb1168,6.4,0.325,6,0.0498,0.1526
5.75,eb1168,6.4,0.325,7,0.0417,0.1274
5.75,eb1168,6.4,0.325,8,0.0349,0.1081
5.75,eb1168,6.4,0.325,9,0.0317,0.0914
5.75,eb1168,6.4,0.325,10,0.0276,0.0749
5.75,eb1168,6.4,0.325,11,0.0241,0.0621
5.75,eb1168,6.4,0.325,12,0.0218,0.0514
5.75,eb1168,6.4,0.325,13,0.0184,0.0393
5.75,eb1168,6.4,0.325,14,0.0159,0.0275
5.75,eb1168,6.4,0.325,15,0.0117,0.0202
5.75,eb1168,6.4,0.325,16,0.003,0.0273
5.75,eb1168,6.8,0.295,0,0.025,0.7724
5.75,eb1168,6.8,0.295,1,0.1892,0.6288
5.75,eb1168,6.8,0.295,2,0.1749,0.488
5.75,eb1168,6.8,0.295,3,0.1341,0.3742
5.75,eb1168,6.8,0.295,4,0.0849,0.282
5.75,eb1168,6.8,0.295,5,0.0695,0.2203
5.75,eb1168,6.8,0.295,6,0.0585,0.1761
5.75,eb1168,6.8,0.295,7,0.0508,0.1461
5.75,eb1168,6.8,0.295,8,0.0428,0.1195
5.75,eb1168,6.8,0.295,9,0.0371,0.099
5.75,eb1168,6.8,0.295,10,0.0305,0.0802
5.75,eb1168,6.8,0.295,11,0.0275,0.0656
5.75,eb1168,6.8,0.295,12,0.0241,0.0531
5.75,eb1168,6.8,0.295,13,0.0201,0.0399
5.75,eb1168,6.8,0.295,14,0.0166,0.0276
5.75,eb1168,6.8,0.295,15,0.0118,0.0201
5.75,eb1168,6.8,0.295,16,0.0026,0.0297
5.75,eb1168,6.8,0.3,0,0.0437,0.7443
5.75,eb1168,6.8,0.3,1,0.2103,0.6004
5.75,eb1168,6.8,0.3,2,0.17,0.4583
5.75,eb1168,6.8,0.3,3,0.1254,0.347
5.75,eb1168,6.8,0.3,4,0.0791,0.2602
5.75,eb1168,6.8,0.3,5,0.064,0.2059
5.75,eb1168,6.8,0.3,6,0.0567,0.1668
5.75,eb1168,6.8,0.3,7,0.0486,0.1384
5.75,eb1168,6.8,0.3,8,0.0392,0.1145
5.75,eb1168,6.8,0.3,9,0.0359,0.0952
5.75,eb1168,6.8,0.3,10,0.0297,0.0768
5.75,eb1168,6.8,0.3,11,0.026,0.0628
5.75,eb1168,6.8,0.3,12,0.0232,0.0511
5.75,eb1168,6.8,0.3,13,0.0187,0.0388
5.75,eb1168,6.8,0.3,14,0.0168,0.0266
5.75,eb1168,6.8,0.3,15,0.0107,0.0196
5.75,eb1168,6.8,0.3,16,0.002,0.0312
5.75,eb1168,6.8,0.305,0,0.0681,0.7187
5.75,eb1168,6.8,0.305,1,0.2235,0.5726
5.75,eb1168,6.8,0.305,2,0.1643,0.4305
5.75,eb1168,6.8,0.305,3,0.1174,0.3214
5.75,eb1168,6.8,0.305,4,0.0742,0.2414
5.75,eb1168,6.8,0.305,5,0.0594,0.1928
5.75,eb1168,6.8,0.305,6,0.0546,0.1584
5.75,eb1168,6.8,0.305,7,0.0456,0.1312
5.75,eb1168,6.8,0.305,8,0.0377,0.1095
5.75,eb1168,6.8,0.305,9,0.0335,0.0912
5.75,eb1168,6.8,0.305,10,0.0292,0.0737
5.75,eb1168,6.8,0.305,11,0.0245,0.0612
5.75,eb1168,6.8,0.305,12,0.023,0.0485
5.75,eb1168,6.8,0.305,13,0.0178,0.0372
5.75,eb1168,6.8,0.305,14,0.016,0.0252
5.75,eb1168,6.8,0.305,15,0.0095,0.0195
5.75,eb1168,6.8,0.305,16,0.0017,0.0331
5.75,eb1168,6.8,0.31,0,0.0965,0.6962
5.75,eb1168,6.8,0.31,1,0.2317,0.5449
5.75,eb1168,6.8,0.31,2,0.157,0.4041
5.75,eb1168,6.8,0.31,3,0.1108,0.2974
5.75,eb1168,6.8,0.31,4,0.0694,0.2241
5.75,eb1168,6.8,0.31,5,0.055,0.1812
5.75,eb1168,6.8,0.31,6,0.0525,0.151
5.75,eb1168,6.8,0.31,7,0.0426,0.1249
5.75,eb1168,6.8,0.31,8,0.0368,0.1047
5.75,eb1168,6.8,0.31,9,0.0317,0.0874
5.75,eb1168,6.8,0.31,10,0.0277,0.071
5.75,eb1168,6.8,0.31,11,0.0242,0.0593
5.75,eb1168,6.8,0.31,12,0.0224,0.0462
5.75,eb1168,6.8,0.31,13,0.0167,0.0352
5.75,eb1168,6.8,0.31,14,0.0154,0.0242
5.75,eb1168,6.8,0.31,15,0.0084,0.0195
5.75,eb1168,6.8,0.31,16,0.0013,0.0353
5.75,eb1168,6.8,0.315,0,0.1281,0.6751
5.75,eb1168,6.8,0.315,1,0.2348,0.5179
5.75,eb1168,6.8,0.315,2,0.1491,0.3788
5.75,eb1168,6.8,0.315,3,0.1041,0.2758
5.75,eb1168,6.8,0.315,4,0.0643,0.21
5.75,eb1168,6.8,0.315,5,0.0541,0.1708
5.75,eb1168,6.8,0.315,6,0.0488,0.1439
5.75,eb1168,6.8,0.315,7,0.0406,0.1193
5.75,eb1168,6.8,0.315,8,0.0356,0.1002
5.75,eb1168,6.8,0.315,9,0.0296,0.0836
5.75,eb1168,6.8,0.315,10,0.0265,0.0684
5.75,eb1168,6.8,0.315,11,0.0236,0.0576
5.75,eb1168,6.8,0.315,12,0.0216,0.0445
5.75,eb1168,6.8,0.315,13,0.0165,0.0327
5.75,eb1168,6.8,0.315,14,0.0141,0.0235
5.75,eb1168,6.8,0.315,15,0.0077,0.0201
5.75,eb1168,6.8,0.315,16,0.0009,0.0331
5.75,eb154,4.4,0.405,0,0.161,0.6377
5.75,eb154,4.4,0.405,1,0.1594,0.5065
5.75,eb154,4.4,0.405,2,0.1122,0.4175
5.75,eb154,4.4,0.405,3,0.0887,0.3495
5.75,eb154,4.4,0.405,4,0.0623,0.2915
5.75,eb154,4.4,0.405,5,0.0557,0.2479
5.75,eb154,4.4,0.405,6,0.0512,0.2115
5.75,eb154,4.4,0.405,7,0.043,0.1813
5.75,eb154,4.4,0.405,8,0.0429,0.1561
5.75,eb154,4.4,0.405,9,0.0386,0.1366
5.75,eb154,4.4,0.405,10,0.0343,0.115
5.75,eb154,4.4,0.405,11,0.0309,0.0985
5.75,eb154,4.4,0.405,12,0.0295,0.082
5.75,eb154,4.4,0.405,13,0.0253,0.0652
5.75,eb154,4.4,0.405,14,0.0241,0.0506
5.75,eb154,4.4,0.405,15,0.0204,0.0398
5.75,eb154,4.4,0.405,16,0.0166,0.0282
5.75,eb154,4.4,0.405,17,0.0037,0.0328
5.75,eb154,4.4,0.41,0,0.1798,0.6279
5.75,eb154,4.4,0.41,1,0.1588,0.4923
5.75,eb154,4.4,0.41,2,0.1098,0.4047
5.75,eb154,4.4,0.41,3,0.086,0.3371
5.75,eb154,4.4,0.41,4,0.0603,0.2805
5.75,eb154,4.4,0.41,5,0.0546,0.2391
5.75,eb154,4.4,0.41,6,0.0486,0.2047
5.75,eb154,4.4,0.41,7,0.0421,0.1762
5.75,eb154,4.4,0.41,8,0.0419,0.1526
5.75,eb154,4.4,0.41,9,0.0375,0.1335
5.75,eb154,4.4,0.41,10,0.034,0.1119
5.75,eb154,4.4,0.41,11,0.0305,0.096
5.75,eb154,4.4,0.41,12,0.0282,0.0802
5.75,eb154,4.4,0.41,13,0.0251,0.0631
5.75,eb154,4.4,0.41,14,0.023,0.0498
5.75,eb154,4.4,0.41,15,0.0205,0.0386
5.75,eb154,4.4,0.41,16,0.0156,0.028
5.75,eb154,4.4,0.41,17,0.0033,0.035
5.75,eb154,4.4,0.415,0,0.1976,0.619
5.75,eb154,4.4,0.415,1,0.159,0.4788
5.75,eb154,4.4,0.415,2,0.1076,0.3918
5.75,eb154,4.4,0.415,3,0.0834,0.3246
5.75,eb154,4.4,0.415,4,0.0587,0.2696
5.75,eb154,4.4,0.415,5,0.0523,0.2306
5.75,eb154,4.4,0.415,6,0.0467,0.1987
5.75,eb154,4.4,0.415,7,0.0413,0.1712
5.75,eb154,4.4,0.415,8,0.0421,0.1488
5.75,eb154,4.4,0.415,9,0.0356,0.1293
5.75,eb154,4.4,0.415,10,0.0332,0.1098
5.75,eb154,4.4,0.415,11,0.0298,0.0931
5.75,eb154,4.4,0.415,12,0.0272,0.0783
5.75,eb154,4.4,0.415,13,0.0248,0.0624
5.75,eb154,4.4,0.415,14,0.023,0.0485
5.75,eb154,4.4,0.415,15,0.0199,0.0376
5.75,eb154,4.4,0.415,16,0.0147,0.0271
5.75,eb154,4.4,0.415,17,0.0029,0.0364
5.75,eb154,4.4,0.42,0,0.2165,0.61
5.75,eb154,4.4,0.42,1,0.1574,0.4653
5.75,eb154,4.4,0.42,2,0.1051,0.3794
5.75,eb154,4.4,0.42,3,0.0804,0.313
5.75,eb154,4.4,0.42,4,0.0576,0.26
5.75,eb154,4.4,0.42,5,0.0505,0.2229
5.75,eb154,4.4,0.42,6,0.0451,0.1929
5.75,eb154,4.4,0.42,7,0.041,0.1663
5.75,eb154,4.4,0.42,8,0.0404,0.1455
5.75,eb154,4.4,0.42,9,0.0356,0.1254
5.75,eb154,4.4,0.42,10,0.0315,0.1076
5.75,eb154,4.4,0.42,11,0.0295,0.0908
5.75,eb154,4.4,0.42,12,0.0265,0.0761
5.75,eb154,4.4,0.42,13,0.0247,0.0608
5.75,eb154,4.4,0.42,14,0.022,0.0475
5.75,eb154,4.4,0.42,15,0.0195,0.0369
5.75,eb154,4.4,0.42,16,0.0142,0.027
5.75,eb154,4.4,0.42,17,0.0023,0.0366
5.75,eb154,4.8,0.37,0,0.1078,0.6694
5.75,eb154,4.8,0.37,1,0.1706,0.5439
5.75,eb154,4.8,0.37,2,0.1249,0.4444
5.75,eb154,4.8,0.37,3,0.1016,0.3684
5.75,eb154,4.8,0.37,4,0.0695,0.3032
5.75,eb154,4.8,0.37,5,0.0622,0.2526
5.75,eb154,4.8,0.37,6,0.0556,0.2116
5.75,eb154,4.8,0.37,7,0.0465,0.1787
5.75,eb154,4.8,0.37,8,0.0454,0.1524
5.75,eb154,4.8,0.37,9,0.04,0.1309
5.75,eb154,4.8,0.37,10,0.036,0.1093
5.75,eb154,4.8,0.37,11,0.0316,0.0908
5.75,eb154,4.8,0.37,12,0.0287,0.0744
5.75,eb154,4.8,0.37,13,0.0255,0.058
5.75,eb154,4.8,0.37,14,0.0228,0.0455
5.75,eb154,4.8,0.37,15,0.0194,0.0333
5.75,eb154,4.8,0.37,16,0.0107,0.0263
5.75,eb154,4.8,0.37,17,0.0008,0.0503
5.75,eb154,4.8,0.375,0,0.1282,0.6564
5.75,eb154,4.8,0.375,1,0.1719,0.5272
5.75,eb154,4.8,0.375,2,0.1242,0.4283
5.75,eb154,4.8,0.375,3,0.0973,0.3529
5.75,eb154,4.8,0.375,4,0.0676,0.2889
5.75,eb154,4.8,0.375,5,0.0597,0.2417
5.75,eb154,4.8,0.375,6,0.0525,0.2038
5.75,eb154,4.8,0.375,7,0.0453,0.1728
5.75,eb154,4.8,0.375,8,0.0451,0.1481
5.75,eb154,4.8,0.375,9,0.039,0.1257
5.75,eb154,4.8,0.375,10,0.034,0.1064
5.75,eb154,4.8,0.375,11,0.0314,0.0886
5.75,eb154,4.8,0.375,12,0.0275,0.072
5.75,eb154,4.8,0.375,13,0.025,0.0562
5.75,eb154,4.8,0.375,14,0.0219,0.0443
5.75,eb154,4.8,0.375,15,0.0188,0.0322
5.75,eb154,4.8,0.375,16,0.0099,0.0269
5.75,eb154,4.8,0.375,17,0.0006,0.055
5.75,eb154,4.8,0.38,0,0.1488,0.6444
5.75,eb154,4.8,0.38,1,0.1733,0.5106
5.75,eb154,4.8,0.38,2,0.1217,0.4126
5.75,eb154,4.8,0.38,3,0.0934,0.3379
5.75,eb154,4.8,0.38,4,0.0652,0.276
5.75,eb154,4.8,0.38,5,0.0575,0.2319
5.75,eb154,4.8,0.38,6,0.0505,0.1966
5.75,eb154,4.8,0.38,7,0.0447,0.1665
5.75,eb154,4.8,0.38,8,0.0434,0.1439
5.75,eb154,4.8,0.38,9,0.0379,0.1216
5.75,eb154,4.8,0.38,10,0.0322,0.1036
5.75,eb154,4.8,0.38,11,0.0315,0.0865
5.75,eb154,4.8,0.38,12,0.026,0.0694
5.75,eb154,4.8,0.38,13,0.0247,0.0545
5.75,eb154,4.8,0.38,14,0.0214,0.0435
5.75,eb154,4.8,0.38,15,0.0184,0.0308
5.75,eb154,4.8,0.38,16,0.0088,0.0274
5.75,eb154,4.8,0.385,0,0.17,0.6329
5.75,eb154,4.8,0.385,1,0.1734,0.4943
5.75,eb154,4.8,0.385,2,0.1188,0.3976
5.75,eb154,4.8,0.385,3,0.0899,0.3235
5.75,eb154,4.8,0.385,4,0.0635,0.2637
5.75,eb154,4.8,0.385,5,0.055,0.2226
5.75,eb154,4.8,0.385,6,0.0478,0.189
5.75,eb154,4.8,0.385,7,0.0448,0.1616
5.75,eb154,4.8,0.385,8,0.0413,0.14
5.75,eb154,4.8,0.385,9,0.0368,0.118
5.75,eb154,4.8,0.385,10,0.0313,0.1009
5.75,eb154,4.8,0.385,11,0.0309,0.084
5.75,eb154,4.8,0.385,12,0.0253,0.0675
5.75,eb154,4.8,0.385,13,0.0239,0.0536
5.75,eb154,4.8,0.385,14,0.0213,0.0423
5.75,eb154,4.8,0.385,15,0.0176,0.0302
5.75,eb154,4.8,0.385,16,0.0079,0.0275
5.75,eb154,4.8,0.39,0,0.1914,0.6221
5.75,eb154,4.8,0.39,1,0.1725,0.4785
5.75,eb154,4.8,0.39,2,0.1153,0.3831
5.75,eb154,4.8,0.39,3,0.0872,0.3097
5.75,eb154,4.8,0.39,4,0.0612,0.253
5.75,eb154,4.8,0.39,5,0.0534,0.2138
5.75,eb154,4.8,0.39,6,0.0454,0.1821
5.75,eb154,4.8,0.39,7,0.0446,0.1563
5.75,eb154,4.8,0.39,8,0.0402,0.1359
5.75,eb154,4.8,0.39,9,0.0347,0.1146
5.75,eb154,4.8,0.39,10,0.0312,0.0983
5.75,eb154,4.8,0.39,11,0.0298,0.0817
5.75,eb154,4.8,0.39,12,0.0245,0.0655
5.75,eb154,4.8,0.39,13,0.0237,0.0516
5.75,eb154,4.8,0.39,14,0.0207,0.0419
5.75,eb154,4.8,0.39,15,0.017,0.0287
5.75,eb154,4.8,0.39,16,0.0069,0.0291
5.75,eb154,4.8,0.395,0,0.2127,0.6117
5.75,eb154,4.8,0.395,1,0.1713,0.463
5.75,eb154,4.8,0.395,2,0.1122,0.3687
5.75,eb154,4.8,0.395,3,0.0853,0.2954
5.75,eb154,4.8,0.395,4,0.0573,0.2421
5.75,eb154,4.8,0.395,5,0.0521,0.2058
5.75,eb154,4.8,0.395,6,0.0435,0.1759
5.75,eb154,4.8,0.395,7,0.0433,0.1516
5.75,eb154,4.8,0.395,8,0.0385,0.1323
5.75,eb154,4.8,0.395,9,0.0345,0.111
5.75,eb154,4.8,0.395,10,0.0302,0.0956
5.75,eb154,4.8,0.395,11,0.0286,0.08
5.75,eb154,4.8,0.395,12,0.0247,0.0639
5.75,eb154,4.8,0.395,13,0.0229,0.0504
5.75,eb154,4.8,0.395,14,0.0199,0.0403
5.75,eb154,4.8,0.395,15,0.0167,0.0278
5.75,eb154,4.8,0.395,16,0.0059,0.0307
5.75,eb154,4.8,0.4,0,0.2341,0.6018
5.75,eb154,4.8,0.4,1,0.1702,0.4476
5.75,eb154,4.8,0.4,2,0.1082,0.3543
5.75,eb154,4.8,0.4,3,0.0814,0.2828
5.75,eb154,4.8,0.4,4,0.0564,0.2327
5.75,eb154,4.8,0.4,5,0.0493,0.1985
5.75,eb154,4.8,0.4,6,0.0428,0.1703
5.75,eb154,4.8,0.4,7,0.0421,0.1475
5.75,eb154,4.8,0.4,8,0.0374,0.1286
5.75,eb154,4.8,0.4,9,0.0335,0.1084
5.75,eb154,4.8,0.4,10,0.0299,0.0925
5.75,eb154,4.8,0.4,11,0.0274,0.0779
5.75,eb154,4.8,0.4,12,0.0242,0.0617
5.75,eb154,4.8,0.4,13,0.0225,0.0491
5.75,eb154,4.8,0.4,14,0.0191,0.0398
5.75,eb154,4.8,0.4,15,0.0162,0.0273
5.75,eb154,4.8,0.4,16,0.0051,0.0308
5.75,eb154,4.8,0.405,0,0.2558,0.5921
5.75,eb154,4.8,0.405,1,0.1681,0.4323
5.75,eb154,4.8,0.405,2,0.1031,0.3406
5.75,eb154,4.8,0.405,3,0.0801,0.2708
5.75,eb154,4.8,0.405,4,0.0533,0.2234
5.75,eb154,4.8,0.405,5,0.0475,0.192
5.75,eb154,4.8,0.405,6,0.0415,0.1649
5.75,eb154,4.8,0.405,7,0.0418,0.1439
5.75,eb154,4.8,0.405,8,0.0361,0.1239
5.75,eb154,4.8,0.405,9,0.0324,0.106
5.75,eb154,4.8,0.405,10,0.0292,0.0897
5.75,eb154,4.8,0.405,11,0.0262,0.076
5.75,eb154,4.8,0.405,12,0.024,0.0607
5.75,eb154,4.8,0.405,13,0.0219,0.0478
5.75,eb154,4.8,0.405,14,0.0191,0.0377
5.75,eb154,4.8,0.405,15,0.0155,0.0281
5.75,eb154,4.8,0.405,16,0.0042,0.0307
5.75,eb154,5.2,0.35,0,0.0921,0.6803
5.75,eb154,5.2,0.35,1,0.1817,0.5525
5.75,eb154,5.2,0.35,2,0.1355,0.444
5.75,eb154,5.2,0.35,3,0.1078,0.3609
5.75,eb154,5.2,0.35,4,0.073,0.2906
5.75,eb154,5.2,0.35,5,0.0636,0.2392
5.75,eb154,5.2,0.35,6,0.0559,0.1991
5.75,eb154,5.2,0.35,7,0.048,0.1659
5.75,eb154,5.2,0.35,8,0.046,0.1417
5.75,eb154,5.2,0.35,9,0.0395,0.1176
5.75,eb154,5.2,0.35,10,0.0338,0.0991
5.75,eb154,5.2,0.35,11,0.0317,0.0811
5.75,eb154,5.2,0.35,12,0.0266,0.0635
5.75,eb154,5.2,0.35,13,0.0243,0.0494
5.75,eb154,5.2,0.35,14,0.0207,0.038
5.75,eb154,5.2,0.35,15,0.0157,0.0278
5.75,eb154,5.2,0.35,16,0.0036,0.0322
5.75,eb154,5.2,0.355,0,0.1133,0.6658
5.75,eb154,5.2,0.355,1,0.1854,0.5338
5.75,eb154,5.2,0.355,2,0.1335,0.4258
5.75,eb154,5.2,0.355,3,0.1029,0.3437
5.75,eb154,5.2,0.355,4,0.0706,0.2756
5.75,eb154,5.2,0.355,5,0.0611,0.2276
5.75,eb154,5.2,0.355,6,0.052,0.1906
5.75,eb154,5.2,0.355,7,0.0485,0.1601
5.75,eb154,5.2,0.355,8,0.0439,0.1367
5.75,eb154,5.2,0.355,9,0.0374,0.1137
5.75,eb154,5.2,0.355,10,0.0333,0.0955
5.75,eb154,5.2,0.355,11,0.0302,0.0789
5.75,eb154,5.2,0.355,12,0.0259,0.0616
5.75,eb154,5.2,0.355,13,0.0241,0.048
5.75,eb154,5.2,0.355,14,0.0201,0.037
5.75,eb154,5.2,0.355,15,0.0145,0.0263
5.75,eb154,5.2,0.355,16,0.0029,0.0357
5.75,eb154,5.2,0.36,0,0.1364,0.6515
5.75,eb154,5.2,0.36,1,0.1874,0.5148
5.75,eb154,5.2,0.36,2,0.1308,0.4078
5.75,eb154,5.2,0.36,3,0.0979,0.3266
5.75,eb154,5.2,0.36,4,0.068,0.2616
5.75,eb154,5.2,0.36,5,0.0586,0.2174
5.75,eb154,5.2,0.36,6,0.0492,0.1824
5.75,eb154,5.2,0.36,7,0.0478,0.154
5.75,eb154,5.2,0.36,8,0.0416,0.1324
5.75,eb154,5.2,0.36,9,0.0364,0.1099
5.75,eb154,5.2,0.36,10,0.0325,0.0926
5.75,eb154,5.2,0.36,11,0.0288,0.0763
5.75,eb154,5.2,0.36,12,0.0261,0.0599
5.75,eb154,5.2,0.36,13,0.0227,0.0464
5.75,eb154,5.2,0.36,14,0.0196,0.0361
5.75,eb154,5.2,0.36,15,0.0136,0.0259
5.75,eb154,5.2,0.36,16,0.0023,0.0359
5.75,eb154,5.2,0.365,0,0.1608,0.6378
5.75,eb154,5.2,0.365,1,0.1871,0.4962
5.75,eb154,5.2,0.365,2,0.127,0.3908
5.75,eb154,5.2,0.365,3,0.0945,0.3103
5.75,eb154,5.2,0.365,4,0.0646,0.249
5.75,eb154,5.2,0.365,5,0.0569,0.2077
5.75,eb154,5.2,0.365,6,0.0472,0.1745
5.75,eb154,5.2,0.365,7,0.0457,0.149
5.75,eb154,5.2,0.365,8,0.04,0.128
5.75,eb154,5.2,0.365,9,0.0359,0.1068
5.75,eb154,5.2,0.365,10,0.0312,0.0894
5.75,eb154,5.2,0.365,11,0.0281,0.0737
5.75,eb154,5.2,0.365,12,0.0254,0.0575
5.75,eb154,5.2,0.365,13,0.0216,0.0455
5.75,eb154,5.2,0.365,14,0.0191,0.0352
5.75,eb154,5.2,0.365,15,0.0128,0.0255
5.75,eb154,5.2,0.365,16,0.0018,0.0382
5.75,eb154,5.2,0.37,0,0.1852,0.6252
5.75,eb154,5.2,0.37,1,0.1865,0.4779
5.75,eb154,5.2,0.37,2,0.1227,0.3742
5.75,eb154,5.2,0.37,3,0.0915,0.2942
5.75,eb154,5.2,0.37,4,0.0611,0.237
5.75,eb154,5.2,0.37,5,0.0536,0.1992
5.75,eb154,5.2,0.37,6,0.0459,0.1686
5.75,eb154,5.2,0.37,7,0.0453,0.1443
5.75,eb154,5.2,0.37,8,0.0389,0.1225
5.75,eb154,5.2,0.37,9,0.0336,0.1039
5.75,eb154,5.2,0.37,10,0.0311,0.0865
5.75,eb154,5.2,0.37,11,0.0267,0.071
5.75,eb154,5.2,0.37,12,0.0244,0.0559
5.75,eb154,5.2,0.37,13,0.0218,0.0443
5.75,eb154,5.2,0.37,14,0.0185,0.0338
5.75,eb154,5.2,0.37,15,0.0114,0.0253
5.75,eb154,5.2,0.37,16,0.0015,0.04
5.75,eb154,5.2,0.375,0,0.2087,0.6136
5.75,eb154,5.2,0.375,1,0.1864,0.4604
5.75,eb154,5.2,0.375,2,0.118,0.3576
5.75,eb154,5.2,0.375,3,0.0872,0.2797
5.75,eb154,5.2,0.375,4,0.0591,0.2265
5.75,eb154,5.2,0.375,5,0.0513,0.1914
5.75,eb154,5.2,0.375,6,0.0452,0.1618
5.75,eb154,5.2,0.375,7,0.0434,0.1397
5.75,eb154,5.2,0.375,8,0.0378,0.1182
5.75,eb154,5.2,0.375,9,0.0318,0.1007
5.75,eb154,5.2,0.375,10,0.031,0.0846
5.75,eb154,5.2,0.375,11,0.0257,0.0678
5.75,eb154,5.2,0.375,12,0.0238,0.054
5.75,eb154,5.2,0.375,13,0.0208,0.0434
5.75,eb154,5.2,0.375,14,0.018,0.0322
5.75,eb154,5.2,0.375,15,0.0105,0.0258
5.75,eb154,5.2,0.375,16,0.0012,0.0413
5.75,eb154,5.6,0.33,0,0.0613,0.7057
5.75,eb154,5.6,0.33,1,0.1842,0.578
5.75,eb154,5.6,0.33,2,0.1487,0.4608
5.75,eb154,5.6,0.33,3,0.1189,0.3686
5.75,eb154,5.6,0.33,4,0.0784,0.2917
5.75,eb154,5.6,0.33,5,0.0683,0.2364
5.75,eb154,5.6,0.33,6,0.0574,0.1938
5.75,eb154,5.6,0.33,7,0.0522,0.1599
5.75,eb154,5.6,0.33,8,0.0459,0.1351
5.75,eb154,5.6,0.33,9,0.0395,0.1106
5.75,eb154,5.6,0.33,10,0.0348,0.0915
5.75,eb154,5.6,0.33,11,0.0303,0.0739
5.75,eb154,5.6,0.33,12,0.0263,0.0568
5.75,eb154,5.6,0.33,13,0.0231,0.0445
5.75,eb154,5.6,0.33,14,0.0193,0.0321
5.75,eb154,5.6,0.33,15,0.0104,0.0258
5.75,eb154,5.6,0.33,16,0.0009,0.0487
5.75,eb154,5.6,0.335,0,0.083,0.687
5.75,eb154,5.6,0.335,1,0.1934,0.5557
5.75,eb154,5.6,0.335,2,0.1457,0.4381
5.75,eb154,5.6,0.335,3,0.1116,0.3485
5.75,eb154,5.6,0.335,4,0.0757,0.2746
5.75,eb154,5.6,0.335,5,0.0648,0.2237
5.75,eb154,5.6,0.335,6,0.0538,0.1843
5.75,eb154,5.6,0.335,7,0.0507,0.1534
5.75,eb154,5.6,0.335,8,0.044,0.13
5.75,eb154,5.6,0.335,9,0.0381,0.1069
5.75,eb154,5.6,0.335,10,0.034,0.0876
5.75,eb154,5.6,0.335,11,0.0287,0.071
5.75,eb154,5.6,0.335,12,0.0258,0.0546
5.75,eb154,5.6,0.335,13,0.0219,0.0429
5.75,eb154,5.6,0.335,14,0.0187,0.0315
5.75,eb154,5.6,0.335,15,0.0093,0.0257
5.75,eb154,5.6,0.335,16,0.0006,0.0538
5.75,eb154,5.6,0.34,0,0.1061,0.6706
5.75,eb154,5.6,0.34,1,0.1982,0.5346
5.75,eb154,5.6,0.34,2,0.1421,0.4184
5.75,eb154,5.6,0.34,3,0.1071,0.3297
5.75,eb154,5.6,0.34,4,0.0726,0.2591
5.75,eb154,5.6,0.34,5,0.0617,0.2119
5.75,eb154,5.6,0.34,6,0.0514,0.1755
5.75,eb154,5.6,0.34,7,0.0493,0.1475
5.75,eb154,5.6,0.34,8,0.0423,0.1239
5.75,eb154,5.6,0.34,9,0.036,0.1033
5.75,eb154,5.6,0.34,10,0.0332,0.0851
5.75,eb154,5.6,0.34,11,0.0274,0.0674
5.75,eb154,5.6,0.34,12,0.0247,0.0528
5.75,eb154,5.6,0.34,13,0.0218,0.0419
5.75,eb154,5.6,0.34,14,0.0177,0.0294
5.75,eb154,5.6,0.34,15,0.008,0.0269
5.75,eb154,5.6,0.345,0,0.1312,0.6546
5.75,eb154,5.6,0.345,1,0.2014,0.5136
5.75,eb154,5.6,0.345,2,0.1378,0.3985
5.75,eb154,5.6,0.345,3,0.1027,0.3107
5.75,eb154,5.6,0.345,4,0.0681,0.2446
5.75,eb154,5.6,0.345,5,0.0586,0.2017
5.75,eb154,5.6,0.345,6,0.0492,0.168
5.75,eb154,5.6,0.345,7,0.0481,0.1424
5.75,eb154,5.6,0.345,8,0.0405,0.1187
5.75,eb154,5.6,0.345,9,0.0341,0.0997
5.75,eb154,5.6,0.345,10,0.0326,0.0823
5.75,eb154,5.6,0.345,11,0.026,0.065
5.75,eb154,5.6,0.345,12,0.0247,0.0512
5.75,eb154,5.6,0.345,13,0.021,0.0409
5.75,eb154,5.6,0.345,14,0.017,0.0279
5.75,eb154,5.6,0.345,15,0.0067,0.0286
5.75,eb154,5.6,0.35,0,0.1588,0.6389
5.75,eb154,5.6,0.35,1,0.2011,0.4925
5.75,eb154,5.6,0.35,2,0.1331,0.3793
5.75,eb154,5.6,0.35,3,0.0981,0.2927
5.75,eb154,5.6,0.35,4,0.0646,0.2315
5.75,eb154,5.6,0.35,5,0.0555,0.1927
5.75,eb154,5.6,0.35,6,0.0481,0.1606
5.75,eb154,5.6,0.35,7,0.0458,0.1373
5.75,eb154,5.6,0.35,8,0.0389,0.1138
5.75,eb154,5.6,0.35,9,0.0331,0.0966
5.75,eb154,5.6,0.35,10,0.0313,0.0792
5.75,eb154,5.6,0.35,11,0.0257,0.0627
5.75,eb154,5.6,0.35,12,0.0236,0.0493
5.75,eb154,5.6,0.35,13,0.0199,0.0389
5.75,eb154,5.6,0.35,14,0.0165,0.0269
5.75,eb154,5.6,0.35,15,0.0055,0.0305
5.75,eb154,5.6,0.355,0,0.1857,0.6249
5.75,eb154,5.6,0.355,1,0.2003,0.4724
5.75,eb154,5.6,0.355,2,0.1286,0.3606
5.75,eb154,5.6,0.355,3,0.0932,0.276
5.75,eb154,5.6,0.355,4,0.0614,0.22
5.75,eb154,5.6,0.355,5,0.0521,0.1836
5.75,eb154,5.6,0.355,6,0.0487,0.1543
5.75,eb154,5.6,0.355,7,0.0429,0.1322
5.75,eb154,5.6,0.355,8,0.0371,0.1101
5.75,eb154,5.6,0.355,9,0.0326,0.0929
5.75,eb154,5.6,0.355,10,0.0295,0.0768
5.75,eb154,5.6,0.355,11,0.0255,0.0604
5.75,eb154,5.6,0.355,12,0.0228,0.0476
5.75,eb154,5.6,0.355,13,0.0195,0.0374
5.75,eb154,5.6,0.355,14,0.0155,0.0273
5.75,eb154,5.6,0.355,15,0.0043,0.0302
5.75,eb154,6.0,0.315,0,0.0425,0.7258
5.75,eb154,6.0,0.315,1,0.1852,0.595
5.75,eb154,6.0,0.315,2,0.1598,0.4702
5.75,eb154,6.0,0.315,3,0.1281,0.3702
5.75,eb154,6.0,0.315,4,0.0829,0.2875
5.75,eb154,6.0,0.315,5,0.0712,0.2297
5.75,eb154,6.0,0.315,6,0.0585,0.1861
5.75,eb154,6.0,0.315,7,0.0537,0.1526
5.75,eb154,6.0,0.315,8,0.0468,0.1268
5.75,eb154,6.0,0.315,9,0.0389,0.1037
5.75,eb154,6.0,0.315,10,0.0349,0.0839
5.75,eb154,6.0,0.315,11,0.0281,0.0654
5.75,eb154,6.0,0.315,12,0.0264,0.0509
5.75,eb154,6.0,0.315,13,0.0214,0.0392
5.75,eb154,6.0,0.315,14,0.0171,0.027
5.75,eb154,6.0,0.315,15,0.0043,0.0302
5.75,eb154,6.0,0.32,0,0.0626,0.7044
5.75,eb154,6.0,0.32,1,0.1992,0.5708
5.75,eb154,6.0,0.32,2,0.1574,0.445
5.75,eb154,6.0,0.32,3,0.1193,0.3476
5.75,eb154,6.0,0.32,4,0.0799,0.2689
5.75,eb154,6.0,0.32,5,0.0673,0.2158
5.75,eb154,6.0,0.32,6,0.0548,0.1756
5.75,eb154,6.0,0.32,7,0.0523,0.1461
5.75,eb154,6.0,0.32,8,0.0444,0.1203
5.75,eb154,6.0,0.32,9,0.0362,0.0994
5.75,eb154,6.0,0.32,10,0.0344,0.0805
5.75,eb154,6.0,0.32,11,0.0273,0.0628
5.75,eb154,6.0,0.32,12,0.0249,0.0482
5.75,eb154,6.0,0.32,13,0.0208,0.0369
5.75,eb154,6.0,0.32,14,0.0154,0.0272
5.75,eb154,6.0,0.32,15,0.0036,0.0316
5.75,eb154,6.0,0.325,0,0.0862,0.6846
5.75,eb154,6.0,0.325,1,0.2079,0.5472
5.75,eb154,6.0,0.325,2,0.1526,0.4221
5.75,eb154,6.0,0.325,3,0.1134,0.3265
5.75,eb154,6.0,0.325,4,0.0755,0.2522
5.75,eb154,6.0,0.325,5,0.0636,0.2038
5.75,eb154,6.0,0.325,6,0.0526,0.1671
5.75,eb154,6.0,0.325,7,0.0505,0.1402
5.75,eb154,6.0,0.325,8,0.0419,0.1146
5.75,eb154,6.0,0.325,9,0.035,0.0958
5.75,eb154,6.0,0.325,10,0.0324,0.0776
5.75,eb154,6.0,0.325,11,0.027,0.0602
5.75,eb154,6.0,0.325,12,0.0241,0.0466
5.75,eb154,6.0,0.325,13,0.02,0.0358
5.75,eb154,6.0,0.325,14,0.0142,0.0256
5.75,eb154,6.0,0.325,15,0.0026,0.0341
5.75,eb154,6.0,0.33,0,0.1122,0.6665
5.75,eb154,6.0,0.33,1,0.2139,0.5237
5.75,eb154,6.0,0.33,2,0.1479,0.3995
5.75,eb154,6.0,0.33,3,0.1083,0.305
5.75,eb154,6.0,0.33,4,0.0701,0.2364
5.75,eb154,6.0,0.33,5,0.0597,0.1933
5.75,eb154,6.0,0.33,6,0.052,0.1588
5.75,eb154,6.0,0.33,7,0.0474,0.134
5.75,eb154,6.0,0.33,8,0.0399,0.1099
5.75,eb154,6.0,0.33,9,0.0347,0.0916
5.75,eb154,6.0,0.33,10,0.0298,0.0745
5.75,eb154,6.0,0.33,11,0.0269,0.0578
5.75,eb154,6.0,0.33,12,0.0228,0.0448
5.75,eb154,6.0,0.33,13,0.0192,0.0347
5.75,eb154,6.0,0.33,14,0.0131,0.0251
5.75,eb154,6.0,0.33,15,0.0019,0.0367
5.75,eb154,6.0,0.335,0,0.1406,0.649
5.75,eb154,6.0,0.335,1,0.2157,0.5009
5.75,eb154,6.0,0.335,2,0.1423,0.3785
5.75,eb154,6.0,0.335,3,0.1027,0.2856
5.75,eb154,6.0,0.335,4,0.0668,0.2228
5.75,eb154,6.0,0.335,5,0.0559,0.1832
5.75,eb154,6.0,0.335,6,0.0514,0.1518
5.75,eb154,6.0,0.335,7,0.044,0.1289
5.75,eb154,6.0,0.335,8,0.0385,0.1056
5.75,eb154,6.0,0.335,9,0.0333,0.0878
5.75,eb154,6.0,0.335,10,0.0293,0.0712
5.75,eb154,6.0,0.335,11,0.0254,0.0554
5.75,eb154,6.0,0.335,12,0.0224,0.0436
5.75,eb154,6.0,0.335,13,0.0186,0.0331
5.75,eb154,6.0,0.335,14,0.0114,0.0247
5.75,eb154,6.0,0.335,15,0.0015,0.0399
5.75,eb154,6.4,0.305,0,0.0357,0.7349
5.75,eb154,6.4,0.305,1,0.1935,0.5982
5.75,eb154,6.4,0.305,2,0.17,0.4651
5.75,eb154,6.4,0.305,3,0.132,0.3589
5.75,eb154,6.4,0.305,4,0.0857,0.2725
5.75,eb154,6.4,0.305,5,0.0716,0.2153
5.75,eb154,6.4,0.305,6,0.0577,0.173
5.75,eb154,6.4,0.305,7,0.054,0.1422
5.75,eb154,6.4,0.305,8,0.0451,0.1153
5.75,eb154,6.4,0.305,9,0.0374,0.0943
5.75,eb154,6.4,0.305,10,0.0329,0.0755
5.75,eb154,6.4,0.305,11,0.0287,0.0574
5.75,eb154,6.4,0.305,12,0.0237,0.044
5.75,eb154,6.4,0.305,13,0.0196,0.0327
5.75,eb154,6.4,0.305,14,0.0111,0.0251
5.75,eb154,6.4,0.305,15,0.0012,0.041
5.75,eb154,6.4,0.31,0,0.0558,0.7111
5.75,eb154,6.4,0.31,1,0.2109,0.572
5.75,eb154,6.4,0.31,2,0.1658,0.438
5.75,eb154,6.4,0.31,3,0.1236,0.3343
5.75,eb154,6.4,0.31,4,0.0806,0.2535
5.75,eb154,6.4,0.31,5,0.0668,0.202
5.75,eb154,6.4,0.31,6,0.0558,0.1634
5.75,eb154,6.4,0.31,7,0.0518,0.1354
5.75,eb154,6.4,0.31,8,0.0419,0.1095
5.75,eb154,6.4,0.31,9,0.0366,0.0899
5.75,eb154,6.4,0.31,10,0.031,0.0717
5.75,eb154,6.4,0.31,11,0.0272,0.055
5.75,eb154,6.4,0.31,12,0.0226,0.0426
5.75,eb154,6.4,0.31,13,0.0188,0.0309
5.75,eb154,6.4,0.31,14,0.0098,0.0256
5.75,eb154,6.4,0.31,15,0.0008,0.0482
5.75,eb154,6.4,0.315,0,0.0814,0.6882
5.75,eb154,6.4,0.315,1,0.2209,0.5462
5.75,eb154,6.4,0.315,2,0.1607,0.4128
5.75,eb154,6.4,0.315,3,0.1176,0.3105
5.75,eb154,6.4,0.315,4,0.0747,0.2359
5.75,eb154,6.4,0.315,5,0.062,0.1902
5.75,eb154,6.4,0.315,6,0.0555,0.1546
5.75,eb154,6.4,0.315,7,0.0471,0.1294
5.75,eb154,6.4,0.315,8,0.0407,0.1051
5.75,eb154,6.4,0.315,9,0.0353,0.0856
5.75,eb154,6.4,0.315,10,0.0297,0.0683
5.75,eb154,6.4,0.315,11,0.0258,0.0523
5.75,eb154,6.4,0.315,12,0.0221,0.0413
5.75,eb154,6.4,0.315,13,0.0178,0.0289
5.75,eb154,6.4,0.315,14,0.0082,0.0263
5.75,eb154,6.4,0.32,0,0.1093,0.6684
5.75,eb154,6.4,0.32,1,0.2275,0.5208
5.75,eb154,6.4,0.32,2,0.1543,0.3889
5.75,eb154,6.4,0.32,3,0.1108,0.2888
5.75,eb154,6.4,0.32,4,0.0711,0.2209
5.75,eb154,6.4,0.32,5,0.0574,0.1791
5.75,eb154,6.4,0.32,6,0.0532,0.1475
5.75,eb154,6.4,0.32,7,0.0459,0.1229
5.75,eb154,6.4,0.32,8,0.038,0.1007
5.75,eb154,6.4,0.32,9,0.0343,0.0821
5.75,eb154,6.4,0.32,10,0.0278,0.0644
5.75,eb154,6.4,0.32,11,0.025,0.0503
5.75,eb154,6.4,0.32,12,0.0214,0.04
5.75,eb154,6.4,0.32,13,0.017,0.0271
5.75,eb154,6.4,0.32,14,0.0065,0.028
5.75,eb154,6.8,0.295,0,0.0251,0.7521
5.75,eb154,6.8,0.295,1,0.1939,0.6088
5.75,eb154,6.8,0.295,2,0.1809,0.4687
5.75,eb154,6.8,0.295,3,0.1388,0.3553
5.75,eb154,6.8,0.295,4,0.089,0.265
5.75,eb154,6.8,0.295,5,0.0725,0.2066
5.75,eb154,6.8,0.295,6,0.0595,0.1644
5.75,eb154,6.8,0.295,7,0.0541,0.1345
5.75,eb154,6.8,0.295,8,0.044,0.1076
5.75,eb154,6.8,0.295,9,0.0378,0.0867
5.75,eb154,6.8,0.295,10,0.0309,0.0682
5.75,eb154,6.8,0.295,11,0.0269,0.0515
5.75,eb154,6.8,0.295,12,0.023,0.0398
5.75,eb154,6.8,0.295,13,0.0177,0.0268
5.75,eb154,6.8,0.295,14,0.0057,0.0297
5.75,eb154,6.8,0.3,0,0.0439,0.7243
5.75,eb154,6.8,0.3,1,0.2163,0.5807
5.75,eb154,6.8,0.3,2,0.1759,0.4391
5.75,eb154,6.8,0.3,3,0.129,0.3288
5.75,eb154,6.8,0.3,4,0.0837,0.2449
5.75,eb154,6.8,0.3,5,0.0672,0.1929
5.75,eb154,6.8,0.3,6,0.0586,0.1546
5.75,eb154,6.8,0.3,7,0.0493,0.1274
5.75,eb154,6.8,0.3,8,0.042,0.1025
5.75,eb154,6.8,0.3,9,0.0363,0.0827
5.75,eb154,6.8,0.3,10,0.0291,0.064
5.75,eb154,6.8,0.3,11,0.0265,0.0491
5.75,eb154,6.8,0.3,12,0.0213,0.0373
5.75,eb154,6.8,0.3,13,0.0165,0.0267
5.75,eb154,6.8,0.3,14,0.0042,0.0294
5.75,eb154,6.8,0.305,0,0.0689,0.6987
5.75,eb154,6.8,0.305,1,0.2304,0.553
5.75,eb154,6.8,0.305,2,0.1701,0.4115
5.75,eb154,6.8,0.305,3,0.122,0.3029
5.75,eb154,6.8,0.305,4,0.0767,0.2267
5.75,eb154,6.8,0.305,5,0.0622,0.1811
5.75,eb154,6.8,0.305,6,0.0567,0.1467
5.75,eb154,6.8,0.305,7,0.0477,0.1201
5.75,eb154,6.8,0.305,8,0.0382,0.0977
5.75,eb154,6.8,0.305,9,0.0353,0.0786
5.75,eb154,6.8,0.305,10,0.0282,0.0606
5.75,eb154,6.8,0.305,11,0.0249,0.0464
5.75,eb154,6.8,0.305,12,0.0207,0.0359
5.75,eb154,6.8,0.305,13,0.0146,0.0254
5.75,eb154,6.8,0.305,14,0.0031,0.033
6.0,eb0482,6.0,0.36,0,0.2152,0.5348
6.0,eb0482,6.0,0.36,1,0.1575,0.349
6.0,eb0482,6.0,0.36,2,0.0916,0.247
6.0,eb0482,6.0,0.36,3,0.0691,0.1988
6.0,eb0482,6.0,0.36,4,0.0489,0.1723
6.0,eb0482,6.0,0.36,5,0.0436,0.1542
6.0,eb0482,6.0,0.36,6,0.0387,0.1394
6.0,eb0482,6.0,0.36,7,0.039,0.1268
6.0,eb0482,6.0,0.36,8,0.0354,0.1164
6.0,eb0482,6.0,0.36,9,0.0325,0.1053
6.0,eb0482,6.0,0.36,10,0.0296,0.096
6.0,eb0482,6.0,0.36,11,0.0271,0.0871
6.0,eb0482,6.0,0.36,12,0.0253,0.0784
6.0,eb0482,6.0,0.36,13,0.0238,0.0718
6.0,eb0482,6.0,0.36,14,0.0229,0.0633
6.0,eb0482,6.0,0.36,15,0.0196,0.0554
6.0,eb0482,6.0,0.36,16,0.0198,0.0483
6.0,eb0482,6.0,0.36,17,0.0184,0.0395
6.0,eb0482,6.0,0.36,18,0.0173,0.0307
6.0,eb0482,6.0,0.36,19,0.0155,0.0226
6.0,eb0482,6.0,0.36,20,0.0089,0.0155
6.0,eb0482,6.0,0.365,0,0.2376,0.5222
6.0,eb0482,6.0,0.365,1,0.153,0.3302
6.0,eb0482,6.0,0.365,2,0.0873,0.2351
6.0,eb0482,6.0,0.365,3,0.068,0.1913
6.0,eb0482,6.0,0.365,4,0.0462,0.1667
6.0,eb0482,6.0,0.365,5,0.0422,0.15
6.0,eb0482,6.0,0.365,6,0.0377,0.1359
6.0,eb0482,6.0,0.365,7,0.0388,0.1244
6.0,eb0482,6.0,0.365,8,0.0343,0.1133
6.0,eb0482,6.0,0.365,9,0.031,0.1035
6.0,eb0482,6.0,0.365,10,0.0295,0.0943
6.0,eb0482,6.0,0.365,11,0.0259,0.0856
6.0,eb0482,6.0,0.365,12,0.025,0.0773
6.0,eb0482,6.0,0.365,13,0.0236,0.0706
6.0,eb0482,6.0,0.365,14,0.0219,0.0627
6.0,eb0482,6.0,0.365,15,0.0197,0.0543
6.0,eb0482,6.0,0.365,16,0.0196,0.0479
6.0,eb0482,6.0,0.365,17,0.0177,0.0388
6.0,eb0482,6.0,0.365,18,0.0172,0.0302
6.0,eb0482,6.0,0.365,19,0.0151,0.0224
6.0,eb0482,6.0,0.365,20,0.0086,0.0153
6.0,eb0482,6.0,0.37,0,0.2597,0.5101
6.0,eb0482,6.0,0.37,1,0.1485,0.3118
6.0,eb0482,6.0,0.37,2,0.0837,0.2239
6.0,eb0482,6.0,0.37,3,0.0652,0.1845
6.0,eb0482,6.0,0.37,4,0.045,0.1615
6.0,eb0482,6.0,0.37,5,0.0401,0.1456
6.0,eb0482,6.0,0.37,6,0.0376,0.1328
6.0,eb0482,6.0,0.37,7,0.0372,0.1218
6.0,eb0482,6.0,0.37,8,0.0337,0.1107
6.0,eb0482,6.0,0.37,9,0.0293,0.1018
6.0,eb0482,6.0,0.37,10,0.0294,0.0929
6.0,eb0482,6.0,0.37,11,0.0249,0.0837
6.0,eb0482,6.0,0.37,12,0.0251,0.0766
6.0,eb0482,6.0,0.37,13,0.0228,0.0696
6.0,eb0482,6.0,0.37,14,0.0212,0.0615
6.0,eb0482,6.0,0.37,15,0.0193,0.0537
6.0,eb0482,6.0,0.37,16,0.0197,0.0472
6.0,eb0482,6.0,0.37,17,0.0171,0.0385
6.0,eb0482,6.0,0.37,18,0.0172,0.0299
6.0,eb0482,6.0,0.37,19,0.0145,0.0221
6.0,eb0482,6.0,0.37,20,0.0084,0.0153
6.0,eb0482,6.0,0.375,0,0.2806,0.4989
6.0,eb0482,6.0,0.375,1,0.1432,0.2953
6.0,eb0482,6.0,0.375,2,0.0802,0.2146
6.0,eb0482,6.0,0.375,3,0.0637,0.1785
6.0,eb0482,6.0,0.375,4,0.0439,0.157
6.0,eb0482,6.0,0.375,5,0.0382,0.1415
6.0,eb0482,6.0,0.375,6,0.0378,0.1296
6.0,eb0482,6.0,0.375,7,0.0357,0.1195
6.0,eb0482,6.0,0.375,8,0.0323,0.1084
6.0,eb0482,6.0,0.375,9,0.0289,0.1001
6.0,eb0482,6.0,0.375,10,0.0288,0.0913
6.0,eb0482,6.0,0.375,11,0.0245,0.0826
6.0,eb0482,6.0,0.375,12,0.0241,0.0752
6.0,eb0482,6.0,0.375,13,0.0227,0.0688
6.0,eb0482,6.0,0.375,14,0.0204,0.0608
6.0,eb0482,6.0,0.375,15,0.0193,0.0532
6.0,eb0482,6.0,0.375,16,0.0191,0.0465
6.0,eb0482,6.0,0.375,17,0.0172,0.0379
6.0,eb0482,6.0,0.375,18,0.0166,0.0297
6.0,eb0482,6.0,0.375,19,0.0143,0.0216
6.0,eb0482,6.0,0.375,20,0.0082,0.0152
6.0,eb0482,6.0,0.38,0,0.301,0.4882
6.0,eb0482,6.0,0.38,1,0.138,0.2798
6.0,eb0482,6.0,0.38,2,0.0787,0.2055
6.0,eb0482,6.0,0.38,3,0.0604,0.1723
6.0,eb0482,6.0,0.38,4,0.0425,0.1523
6.0,eb0482,6.0,0.38,5,0.0369,0.1383
6.0,eb0482,6.0,0.38,6,0.0376,0.1264
6.0,eb0482,6.0,0.38,7,0.0343,0.1169
6.0,eb0482,6.0,0.38,8,0.0311,0.1066
6.0,eb0482,6.0,0.38,9,0.0283,0.0984
6.0,eb0482,6.0,0.38,10,0.0279,0.09
6.0,eb0482,6.0,0.38,11,0.0246,0.0811
6.0,eb0482,6.0,0.38,12,0.0233,0.0745
6.0,eb0482,6.0,0.38,13,0.0223,0.0677
6.0,eb0482,6.0,0.38,14,0.0198,0.0601
6.0,eb0482,6.0,0.38,15,0.0192,0.0527
6.0,eb0482,6.0,0.38,16,0.019,0.0459
6.0,eb0482,6.0,0.38,17,0.0167,0.0373
6.0,eb0482,6.0,0.38,18,0.0167,0.0296
6.0,eb0482,6.0,0.38,19,0.0138,0.0211
6.0,eb0482,6.0,0.38,20,0.0079,0.0151
6.0,eb0482,6.0,0.385,0,0.3204,0.4782
6.0,eb0482,6.0,0.385,1,0.1329,0.2654
6.0,eb0482,6.0,0.385,2,0.0761,0.1975
6.0,eb0482,6.0,0.385,3,0.0583,0.167
6.0,eb0482,6.0,0.385,4,0.0407,0.1483
6.0,eb0482,6.0,0.385,5,0.0361,0.1351
6.0,eb0482,6.0,0.385,6,0.0367,0.1239
6.0,eb0482,6.0,0.385,7,0.0333,0.1149
6.0,eb0482,6.0,0.385,8,0.0307,0.1043
6.0,eb0482,6.0,0.385,9,0.0281,0.0965
6.0,eb0482,6.0,0.385,10,0.0262,0.0884
6.0,eb0482,6.0,0.385,11,0.0246,0.0803
6.0,eb0482,6.0,0.385,12,0.0225,0.0732
6.0,eb0482,6.0,0.385,13,0.0217,0.067
6.0,eb0482,6.0,0.385,14,0.0193,0.0596
6.0,eb0482,6.0,0.385,15,0.0192,0.052
6.0,eb0482,6.0,0.385,16,0.0188,0.0454
6.0,eb0482,6.0,0.385,17,0.0163,0.0369
6.0,eb0482,6.0,0.385,18,0.0165,0.0292
6.0,eb0482,6.0,0.385,19,0.0136,0.021
6.0,eb0482,6.0,0.385,20,0.0076,0.0149
6.0,eb0482,6.0,0.39,0,0.3387,0.4689
6.0,eb0482,6.0,0.39,1,0.1282,0.2525
6.0,eb0482,6.0,0.39,2,0.0738,0.1903
6.0,eb0482,6.0,0.39,3,0.0566,0.1621
6.0,eb0482,6.0,0.39,4,0.0394,0.1445
6.0,eb0482,6.0,0.39,5,0.0347,0.1318
6.0,eb0482,6.0,0.39,6,0.0368,0.1216
6.0,eb0482,6.0,0.39,7,0.0318,0.1122
6.0,eb0482,6.0,0.39,8,0.0298,0.1028
6.0,eb0482,6.0,0.39,9,0.0278,0.0947
6.0,eb0482,6.0,0.39,10,0.0253,0.087
6.0,eb0482,6.0,0.39,11,0.0243,0.079
6.0,eb0482,6.0,0.39,12,0.0222,0.0724
6.0,eb0482,6.0,0.39,13,0.0215,0.0657
6.0,eb0482,6.0,0.39,14,0.0187,0.0589
6.0,eb0482,6.0,0.39,15,0.0186,0.0514
6.0,eb0482,6.0,0.39,16,0.0183,0.0449
6.0,eb0482,6.0,0.39,17,0.0165,0.0367
6.0,eb0482,6.0,0.39,18,0.016,0.029
6.0,eb0482,6.0,0.39,19,0.0135,0.0207
6.0,eb0482,6.0,0.39,20,0.0074,0.0146
6.0,eb0482,6.0,0.395,0,0.3575,0.4594
6.0,eb0482,6.0,0.395,1,0.1224,0.2401
6.0,eb0482,6.0,0.395,2,0.0719,0.1837
6.0,eb0482,6.0,0.395,3,0.0546,0.1575
6.0,eb0482,6.0,0.395,4,0.0369,0.1403
6.0,eb0482,6.0,0.395,5,0.0356,0.1294
6.0,eb0482,6.0,0.395,6,0.0349,0.1193
6.0,eb0482,6.0,0.395,7,0.0317,0.1097
6.0,eb0482,6.0,0.395,8,0.0286,0.1014
6.0,eb0482,6.0,0.395,9,0.0273,0.093
6.0,eb0482,6.0,0.395,10,0.0246,0.0854
6.0,eb0482,6.0,0.395,11,0.0233,0.0779
6.0,eb0482,6.0,0.395,12,0.0218,0.0718
6.0,eb0482,6.0,0.395,13,0.0216,0.0648
6.0,eb0482,6.0,0.395,14,0.0183,0.0581
6.0,eb0482,6.0,0.395,15,0.018,0.0508
6.0,eb0482,6.0,0.395,16,0.018,0.0444
6.0,eb0482,6.0,0.395,17,0.0164,0.0363
6.0,eb0482,6.0,0.395,18,0.0158,0.0287
6.0,eb0482,6.0,0.395,19,0.0135,0.0203
6.0,eb0482,6.0,0.395,20,0.007,0.0147
6.0,eb0482,6.4,0.34,0,0.1753,0.5587
6.0,eb0482,6.4,0.34,1,0.173,0.3797
6.0,eb0482,6.4,0.34,2,0.1031,0.2618
6.0,eb0482,6.4,0.34,3,0.0762,0.2044
6.0,eb0482,6.4,0.34,4,0.0521,0.1743
6.0,eb0482,6.4,0.34,5,0.0469,0.1546
6.0,eb0482,6.4,0.34,6,0.0412,0.1386
6.0,eb0482,6.4,0.34,7,0.0416,0.1253
6.0,eb0482,6.4,0.34,8,0.0363,0.1134
6.0,eb0482,6.4,0.34,9,0.0328,0.1031
6.0,eb0482,6.4,0.34,10,0.031,0.0931
6.0,eb0482,6.4,0.34,11,0.0268,0.0836
6.0,eb0482,6.4,0.34,12,0.0259,0.0755
6.0,eb0482,6.4,0.34,13,0.024,0.0684
6.0,eb0482,6.4,0.34,14,0.0208,0.06
6.0,eb0482,6.4,0.34,15,0.0203,0.0523
6.0,eb0482,6.4,0.34,16,0.0193,0.0448
6.0,eb0482,6.4,0.34,17,0.0173,0.0364
6.0,eb0482,6.4,0.34,18,0.0166,0.0281
6.0,eb0482,6.4,0.34,19,0.0137,0.0195
6.0,eb0482,6.4,0.34,20,0.0058,0.0147
6.0,eb0482,6.4,0.345,0,0.2009,0.5431
6.0,eb0482,6.4,0.345,1,0.1699,0.3568
6.0,eb0482,6.4,0.345,2,0.0972,0.2464
6.0,eb0482,6.4,0.345,3,0.0734,0.1955
6.0,eb0482,6.4,0.345,4,0.0501,0.168
6.0,eb0482,6.4,0.345,5,0.045,0.1498
6.0,eb0482,6.4,0.345,6,0.0402,0.1345
6.0,eb0482,6.4,0.345,7,0.04,0.1224
6.0,eb0482,6.4,0.345,8,0.0353,0.1106
6.0,eb0482,6.4,0.345,9,0.0311,0.101
6.0,eb0482,6.4,0.345,10,0.0308,0.0915
6.0,eb0482,6.4,0.345,11,0.0263,0.0818
6.0,eb0482,6.4,0.345,12,0.025,0.0745
6.0,eb0482,6.4,0.345,13,0.0231,0.0672
6.0,eb0482,6.4,0.345,14,0.0206,0.0594
6.0,eb0482,6.4,0.345,15,0.0198,0.0513
6.0,eb0482,6.4,0.345,16,0.019,0.0445
6.0,eb0482,6.4,0.345,17,0.0172,0.036
6.0,eb0482,6.4,0.345,18,0.016,0.0276
6.0,eb0482,6.4,0.345,19,0.0136,0.0194
6.0,eb0482,6.4,0.345,20,0.0055,0.0145
6.0,eb0482,6.4,0.35,0,0.2264,0.5284
6.0,eb0482,6.4,0.35,1,0.1643,0.3355
6.0,eb0482,6.4,0.35,2,0.0928,0.2331
6.0,eb0482,6.4,0.35,3,0.0709,0.1876
6.0,eb0482,6.4,0.35,4,0.0481,0.1622
6.0,eb0482,6.4,0.35,5,0.0422,0.1449
6.0,eb0482,6.4,0.35,6,0.0406,0.1312
6.0,eb0482,6.4,0.35,7,0.0384,0.1198
6.0,eb0482,6.4,0.35,8,0.0343,0.1079
6.0,eb0482,6.4,0.35,9,0.0303,0.099
6.0,eb0482,6.4,0.35,10,0.0294,0.0898
6.0,eb0482,6.4,0.35,11,0.026,0.0807
6.0,eb0482,6.4,0.35,12,0.0242,0.073
6.0,eb0482,6.4,0.35,13,0.023,0.0661
6.0,eb0482,6.4,0.35,14,0.0198,0.0586
6.0,eb0482,6.4,0.35,15,0.0197,0.0506
6.0,eb0482,6.4,0.35,16,0.0183,0.0437
6.0,eb0482,6.4,0.35,17,0.0169,0.0354
6.0,eb0482,6.4,0.35,18,0.0158,0.0274
6.0,eb0482,6.4,0.35,19,0.0134,0.0191
6.0,eb0482,6.4,0.35,20,0.0052,0.0145
6.0,eb0482,6.4,0.355,0,0.2517,0.5145
6.0,eb0482,6.4,0.355,1,0.1584,0.3147
6.0,eb0482,6.4,0.355,2,0.0883,0.2212
6.0,eb0482,6.4,0.355,3,0.068,0.1804
6.0,eb0482,6.4,0.355,4,0.0464,0.157
6.0,eb0482,6.4,0.355,5,0.0405,0.1407
6.0,eb0482,6.4,0.355,6,0.0407,0.1275
6.0,eb0482,6.4,0.355,7,0.0362,0.117
6.0,eb0482,6.4,0.355,8,0.0333,0.1057
6.0,eb0482,6.4,0.355,9,0.0301,0.0968
6.0,eb0482,6.4,0.355,10,0.0276,0.0882
6.0,eb0482,6.4,0.355,11,0.026,0.0793
6.0,eb0482,6.4,0.355,12,0.0234,0.0723
6.0,eb0482,6.4,0.355,13,0.0227,0.0648
6.0,eb0482,6.4,0.355,14,0.0195,0.0574
6.0,eb0482,6.4,0.355,15,0.0188,0.0504
6.0,eb0482,6.4,0.355,16,0.018,0.043
6.0,eb0482,6.4,0.355,17,0.0166,0.0349
6.0,eb0482,6.4,0.355,18,0.0157,0.0271
6.0,eb0482,6.4,0.355,19,0.013,0.0187
6.0,eb0482,6.4,0.355,20,0.0049,0.0145
6.0,eb0482,6.4,0.36,0,0.2748,0.502
6.0,eb0482,6.4,0.36,1,0.1525,0.2965
6.0,eb0482,6.4,0.36,2,0.0855,0.2108
6.0,eb0482,6.4,0.36,3,0.0652,0.1736
6.0,eb0482,6.4,0.36,4,0.0453,0.1516
6.0,eb0482,6.4,0.36,5,0.0386,0.1367
6.0,eb0482,6.4,0.36,6,0.039,0.1245
6.0,eb0482,6.4,0.36,7,0.0354,0.1147
6.0,eb0482,6.4,0.36,8,0.0325,0.1035
6.0,eb0482,6.4,0.36,9,0.0295,0.0948
6.0,eb0482,6.4,0.36,10,0.0268,0.0866
6.0,eb0482,6.4,0.36,11,0.0249,0.0778
6.0,eb0482,6.4,0.36,12,0.0231,0.0715
6.0,eb0482,6.4,0.36,13,0.0227,0.0637
6.0,eb0482,6.4,0.36,14,0.0188,0.0563
6.0,eb0482,6.4,0.36,15,0.0183,0.0496
6.0,eb0482,6.4,0.36,16,0.0177,0.0424
6.0,eb0482,6.4,0.36,17,0.0165,0.0347
6.0,eb0482,6.4,0.36,18,0.0153,0.0266
6.0,eb0482,6.4,0.36,19,0.0127,0.0185
6.0,eb0482,6.4,0.36,20,0.0047,0.0146
6.0,eb0482,6.4,0.365,0,0.2972,0.4902
6.0,eb0482,6.4,0.365,1,0.147,0.2794
6.0,eb0482,6.4,0.365,2,0.0823,0.2012
6.0,eb0482,6.4,0.365,3,0.0626,0.1675
6.0,eb0482,6.4,0.365,4,0.0428,0.1472
6.0,eb0482,6.4,0.365,5,0.0379,0.1335
6.0,eb0482,6.4,0.365,6,0.0393,0.1217
6.0,eb0482,6.4,0.365,7,0.0337,0.1114
6.0,eb0482,6.4,0.365,8,0.031,0.1019
6.0,eb0482,6.4,0.365,9,0.0294,0.0928
6.0,eb0482,6.4,0.365,10,0.0257,0.0847
6.0,eb0482,6.4,0.365,11,0.0243,0.0766
6.0,eb0482,6.4,0.365,12,0.0228,0.0706
6.0,eb0482,6.4,0.365,13,0.0222,0.0628
6.0,eb0482,6.4,0.365,14,0.0177,0.0555
6.0,eb0482,6.4,0.365,15,0.0188,0.0486
6.0,eb0482,6.4,0.365,16,0.0173,0.0419
6.0,eb0482,6.4,0.365,17,0.0161,0.0342
6.0,eb0482,6.4,0.365,18,0.0151,0.0262
6.0,eb0482,6.4,0.365,19,0.0125,0.0182
6.0,eb0482,6.4,0.365,20,0.0045,0.0148
6.0,eb0482,6.4,0.37,0,0.3191,0.4789
6.0,eb0482,6.4,0.37,1,0.141,0.2634
6.0,eb0482,6.4,0.37,2,0.0788,0.1928
6.0,eb0482,6.4,0.37,3,0.0606,0.162
6.0,eb0482,6.4,0.37,4,0.0408,0.143
6.0,eb0482,6.4,0.37,5,0.0381,0.13
6.0,eb0482,6.4,0.37,6,0.0374,0.1191
6.0,eb0482,6.4,0.37,7,0.0335,0.1086
6.0,eb0482,6.4,0.37,8,0.0293,0.0999
6.0,eb0482,6.4,0.37,9,0.0288,0.0913
6.0,eb0482,6.4,0.37,10,0.0246,0.0828
6.0,eb0482,6.4,0.37,11,0.0238,0.0756
6.0,eb0482,6.4,0.37,12,0.0224,0.0696
6.0,eb0482,6.4,0.37,13,0.0214,0.062
6.0,eb0482,6.4,0.37,14,0.0179,0.0547
6.0,eb0482,6.4,0.37,15,0.0184,0.0484
6.0,eb0482,6.4,0.37,16,0.0169,0.0409
6.0,eb0482,6.4,0.37,17,0.016,0.0338
6.0,eb0482,6.4,0.37,18,0.0148,0.0258
6.0,eb0482,6.4,0.37,19,0.0122,0.018
6.0,eb0482,6.4,0.37,20,0.0042,0.015
6.0,eb0482,6.4,0.375,0,0.3394,0.4685
6.0,eb0482,6.4,0.375,1,0.1351,0.2494
6.0,eb0482,6.4,0.375,2,0.0774,0.1852
6.0,eb0482,6.4,0.375,3,0.0579,0.1568
6.0,eb0482,6.4,0.375,4,0.0387,0.1384
6.0,eb0482,6.4,0.375,5,0.0377,0.1267
6.0,eb0482,6.4,0.375,6,0.0361,0.117
6.0,eb0482,6.4,0.375,7,0.0324,0.1061
6.0,eb0482,6.4,0.375,8,0.0283,0.0981
6.0,eb0482,6.4,0.375,9,0.0285,0.0897
6.0,eb0482,6.4,0.375,10,0.0237,0.0816
6.0,eb0482,6.4,0.375,11,0.024,0.0746
6.0,eb0482,6.4,0.375,12,0.0216,0.0684
6.0,eb0482,6.4,0.375,13,0.0205,0.0612
6.0,eb0482,6.4,0.375,14,0.0179,0.054
6.0,eb0482,6.4,0.375,15,0.0179,0.0479
6.0,eb0482,6.4,0.375,16,0.017,0.0404
6.0,eb0482,6.4,0.375,17,0.0154,0.0332
6.0,eb0482,6.4,0.375,18,0.0145,0.0255
6.0,eb0482,6.4,0.375,19,0.012,0.0177
6.0,eb0482,6.4,0.375,20,0.0039,0.0154
6.0,eb0482,6.4,0.38,0,0.36,0.4582
6.0,eb0482,6.4,0.38,1,0.1291,0.236
6.0,eb0482,6.4,0.38,2,0.074,0.1784
6.0,eb0482,6.4,0.38,3,0.0565,0.1517
6.0,eb0482,6.4,0.38,4,0.037,0.1348
6.0,eb0482,6.4,0.38,5,0.0377,0.1234
6.0,eb0482,6.4,0.38,6,0.0342,0.1141
6.0,eb0482,6.4,0.38,7,0.031,0.1042
6.0,eb0482,6.4,0.38,8,0.0281,0.0963
6.0,eb0482,6.4,0.38,9,0.0275,0.0882
6.0,eb0482,6.4,0.38,10,0.0235,0.08
6.0,eb0482,6.4,0.38,11,0.023,0.0734
6.0,eb0482,6.4,0.38,12,0.0212,0.0676
6.0,eb0482,6.4,0.38,13,0.0201,0.0602
6.0,eb0482,6.4,0.38,14,0.0177,0.0533
6.0,eb0482,6.4,0.38,15,0.0175,0.0475
6.0,eb0482,6.4,0.38,16,0.0167,0.0397
6.0,eb0482,6.4,0.38,17,0.0152,0.0328
6.0,eb0482,6.4,0.38,18,0.0144,0.0252
6.0,eb0482,6.4,0.38,19,0.0117,0.0173
6.0,eb0482,6.4,0.38,20,0.0038,0.0155
6.0,eb0482,6.4,0.385,0,0.3798,0.4483
6.0,eb0482,6.4,0.385,1,0.1219,0.2243
6.0,eb0482,6.4,0.385,2,0.0722,0.1726
6.0,eb0482,6.4,0.385,3,0.0541,0.1472
6.0,eb0482,6.4,0.385,4,0.0362,0.1316
6.0,eb0482,6.4,0.385,5,0.0367,0.1208
6.0,eb0482,6.4,0.385,6,0.0333,0.1121
6.0,eb0482,6.4,0.385,7,0.0305,0.1019
6.0,eb0482,6.4,0.385,8,0.0275,0.0945
6.0,eb0482,6.4,0.385,9,0.0261,0.0869
6.0,eb0482,6.4,0.385,10,0.0234,0.0787
6.0,eb0482,6.4,0.385,11,0.0226,0.0726
6.0,eb0482,6.4,0.385,12,0.0213,0.0663
6.0,eb0482,6.4,0.385,13,0.0191,0.0593
6.0,eb0482,6.4,0.385,14,0.0176,0.0524
6.0,eb0482,6.4,0.385,15,0.0172,0.0471
6.0,eb0482,6.4,0.385,16,0.0163,0.0391
6.0,eb0482,6.4,0.385,17,0.0149,0.0323
6.0,eb0482,6.4,0.385,18,0.0142,0.025
6.0,eb0482,6.4,0.385,19,0.0115,0.0172
6.0,eb0482,6.4,0.385,20,0.0035,0.0154
6.0,eb0482,6.4,0.39,0,0.3971,0.4398
6.0,eb0482,6.4,0.39,1,0.1184,0.2139
6.0,eb0482,6.4,0.39,2,0.0689,0.1664
6.0,eb0482,6.4,0.39,3,0.0521,0.1431
6.0,eb0482,6.4,0.39,4,0.0348,0.1282
6.0,eb0482,6.4,0.39,5,0.0368,0.1184
6.0,eb0482,6.4,0.39,6,0.0315,0.1093
6.0,eb0482,6.4,0.39,7,0.0296,0.1003
6.0,eb0482,6.4,0.39,8,0.0273,0.0925
6.0,eb0482,6.4,0.39,9,0.0248,0.0855
6.0,eb0482,6.4,0.39,10,0.0238,0.0776
6.0,eb0482,6.4,0.39,11,0.0215,0.0714
6.0,eb0482,6.4,0.39,12,0.0208,0.0657
6.0,eb0482,6.4,0.39,13,0.0184,0.0587
6.0,eb0482,6.4,0.39,14,0.0179,0.0518
6.0,eb0482,6.4,0.39,15,0.0171,0.0465
6.0,eb0482,6.4,0.39,16,0.0153,0.0384
6.0,eb0482,6.4,0.39,17,0.0151,0.0319
6.0,eb0482,6.4,0.39,18,0.0138,0.0248
6.0,eb0482,6.4,0.39,19,0.0114,0.0171
6.0,eb0482,6.4,0.39,20,0.0033,0.0155
6.0,eb0482,6.4,0.395,0,0.4141,0.4317
6.0,eb0482,6.4,0.395,1,0.114,0.2043
6.0,eb0482,6.4,0.395,2,0.0659,0.1611
6.0,eb0482,6.4,0.395,3,0.0499,0.1393
6.0,eb0482,6.4,0.395,4,0.0356,0.1256
6.0,eb0482,6.4,0.395,5,0.0349,0.116
6.0,eb0482,6.4,0.395,6,0.0313,0.1067
6.0,eb0482,6.4,0.395,7,0.0284,0.0988
6.0,eb0482,6.4,0.395,8,0.0268,0.0909
6.0,eb0482,6.4,0.395,9,0.0244,0.0838
6.0,eb0482,6.4,0.395,10,0.0229,0.0762
6.0,eb0482,6.4,0.395,11,0.0212,0.0706
6.0,eb0482,6.4,0.395,12,0.0204,0.0645
6.0,eb0482,6.4,0.395,13,0.0176,0.0582
6.0,eb0482,6.4,0.395,14,0.0178,0.0513
6.0,eb0482,6.4,0.395,15,0.0173,0.0456
6.0,eb0482,6.4,0.395,16,0.0148,0.0381
6.0,eb0482,6.4,0.395,17,0.0148,0.0312
6.0,eb0482,6.4,0.395,18,0.0136,0.0247
6.0,eb0482,6.4,0.395,19,0.0112,0.0168
6.0,eb0482,6.4,0.395,20,0.0031,0.0157
6.0,eb0482,6.4,0.4,0,0.4295,0.4244
6.0,eb0482,6.4,0.4,1,0.1101,0.1962
6.0,eb0482,6.4,0.4,2,0.0646,0.1562
6.0,eb0482,6.4,0.4,3,0.0472,0.1353
6.0,eb0482,6.4,0.4,4,0.0356,0.1225
6.0,eb0482,6.4,0.4,5,0.0337,0.1139
6.0,eb0482,6.4,0.4,6,0.0306,0.1041
6.0,eb0482,6.4,0.4,7,0.0273,0.0971
6.0,eb0482,6.4,0.4,8,0.0264,0.0893
6.0,eb0482,6.4,0.4,9,0.0236,0.0823
6.0,eb0482,6.4,0.4,10,0.0224,0.0753
6.0,eb0482,6.4,0.4,11,0.0205,0.0698
6.0,eb0482,6.4,0.4,12,0.0204,0.0634
6.0,eb0482,6.4,0.4,13,0.017,0.0575
6.0,eb0482,6.4,0.4,14,0.0173,0.0508
6.0,eb0482,6.4,0.4,15,0.017,0.045
6.0,eb0482,6.4,0.4,16,0.0147,0.0377
6.0,eb0482,6.4,0.4,17,0.0144,0.0308
6.0,eb0482,6.4,0.4,18,0.0136,0.0243
6.0,eb0482,6.4,0.4,19,0.0109,0.0171
6.0,eb0482,6.4,0.4,20,0.003,0.0149
6.0,eb0482,6.8,0.325,0,0.1462,0.5777
6.0,eb0482,6.8,0.325,1,0.1868,0.4012
6.0,eb0482,6.8,0.325,2,0.1123,0.2711
6.0,eb0482,6.8,0.325,3,0.0817,0.2067
6.0,eb0482,6.8,0.325,4,0.0555,0.1739
6.0,eb0482,6.8,0.325,5,0.0489,0.1529
6.0,eb0482,6.8,0.325,6,0.0428,0.1363
6.0,eb0482,6.8,0.325,7,0.0429,0.123
6.0,eb0482,6.8,0.325,8,0.0377,0.1101
6.0,eb0482,6.8,0.325,9,0.0325,0.0996
6.0,eb0482,6.8,0.325,10,0.0311,0.0899
6.0,eb0482,6.8,0.325,11,0.0275,0.08
6.0,eb0482,6.8,0.325,12,0.0249,0.0725
6.0,eb0482,6.8,0.325,13,0.0245,0.0645
6.0,eb0482,6.8,0.325,14,0.0199,0.0564
6.0,eb0482,6.8,0.325,15,0.0198,0.049
6.0,eb0482,6.8,0.325,16,0.0181,0.0413
6.0,eb0482,6.8,0.325,17,0.0167,0.0335
6.0,eb0482,6.8,0.325,18,0.0152,0.0253
6.0,eb0482,6.8,0.325,19,0.012,0.017
6.0,eb0482,6.8,0.325,20,0.0031,0.0157
6.0,eb0482,6.8,0.33,0,0.1747,0.5591
6.0,eb0482,6.8,0.33,1,0.1829,0.3755
6.0,eb0482,6.8,0.33,2,0.1063,0.2531
6.0,eb0482,6.8,0.33,3,0.0779,0.1965
6.0,eb0482,6.8,0.33,4,0.0528,0.167
6.0,eb0482,6.8,0.33,5,0.0464,0.1478
6.0,eb0482,6.8,0.33,6,0.0431,0.1321
6.0,eb0482,6.8,0.33,7,0.041,0.1195
6.0,eb0482,6.8,0.33,8,0.0353,0.1073
6.0,eb0482,6.8,0.33,9,0.0324,0.0974
6.0,eb0482,6.8,0.33,10,0.0294,0.0881
6.0,eb0482,6.8,0.33,11,0.0269,0.0786
6.0,eb0482,6.8,0.33,12,0.0246,0.0715
6.0,eb0482,6.8,0.33,13,0.0239,0.0633
6.0,eb0482,6.8,0.33,14,0.0189,0.0553
6.0,eb0482,6.8,0.33,15,0.0197,0.0485
6.0,eb0482,6.8,0.33,16,0.018,0.0406
6.0,eb0482,6.8,0.33,17,0.0161,0.0328
6.0,eb0482,6.8,0.33,18,0.0149,0.0249
6.0,eb0482,6.8,0.33,19,0.0117,0.0172
6.0,eb0482,6.8,0.33,20,0.003,0.0149
6.0,eb0482,6.8,0.335,0,0.2025,0.5422
6.0,eb0482,6.8,0.335,1,0.1787,0.3512
6.0,eb0482,6.8,0.335,2,0.0997,0.2376
6.0,eb0482,6.8,0.335,3,0.0755,0.1878
6.0,eb0482,6.8,0.335,4,0.0505,0.1607
6.0,eb0482,6.8,0.335,5,0.044,0.1426
6.0,eb0482,6.8,0.335,6,0.043,0.1281
6.0,eb0482,6.8,0.335,7,0.0384,0.1166
6.0,eb0482,6.8,0.335,8,0.0346,0.1046
6.0,eb0482,6.8,0.335,9,0.0315,0.0952
6.0,eb0482,6.8,0.335,10,0.0283,0.0862
6.0,eb0482,6.8,0.335,11,0.0262,0.077
6.0,eb0482,6.8,0.335,12,0.0241,0.0704
6.0,eb0482,6.8,0.335,13,0.0226,0.0622
6.0,eb0482,6.8,0.335,14,0.0192,0.0543
6.0,eb0482,6.8,0.335,15,0.0187,0.0478
6.0,eb0482,6.8,0.335,16,0.0176,0.0399
6.0,eb0482,6.8,0.335,17,0.0161,0.0322
6.0,eb0482,6.8,0.335,18,0.0146,0.0246
6.0,eb0482,6.8,0.335,19,0.0112,0.017
6.0,eb0482,6.8,0.335,20,0.0029,0.015
6.0,eb0482,6.8,0.34,0,0.2306,0.5261
6.0,eb0482,6.8,0.34,1,0.1716,0.3283
6.0,eb0482,6.8,0.34,2,0.0954,0.2243
6.0,eb0482,6.8,0.34,3,0.072,0.1798
6.0,eb0482,6.8,0.34,4,0.0492,0.1547
6.0,eb0482,6.8,0.34,5,0.0415,0.138
6.0,eb0482,6.8,0.34,6,0.0417,0.1248
6.0,eb0482,6.8,0.34,7,0.0373,0.1137
6.0,eb0482,6.8,0.34,8,0.0335,0.1025
6.0,eb0482,6.8,0.34,9,0.031,0.093
6.0,eb0482,6.8,0.34,10,0.0271,0.0841
6.0,eb0482,6.8,0.34,11,0.0255,0.0758
6.0,eb0482,6.8,0.34,12,0.0236,0.0691
6.0,eb0482,6.8,0.34,13,0.0217,0.0614
6.0,eb0482,6.8,0.34,14,0.0191,0.0536
6.0,eb0482,6.8,0.34,15,0.0187,0.0473
6.0,eb0482,6.8,0.34,16,0.0168,0.0391
6.0,eb0482,6.8,0.34,17,0.0159,0.0317
6.0,eb0482,6.8,0.34,18,0.0144,0.0242
6.0,eb0482,6.8,0.34,19,0.0109,0.0169
6.0,eb0482,6.8,0.34,20,0.0027,0.0152
6.0,eb0482,6.8,0.345,0,0.2569,0.5116
6.0,eb0482,6.8,0.345,1,0.1655,0.3069
6.0,eb0482,6.8,0.345,2,0.0915,0.2121
6.0,eb0482,6.8,0.345,3,0.0687,0.1722
6.0,eb0482,6.8,0.345,4,0.046,0.1493
6.0,eb0482,6.8,0.345,5,0.0408,0.1342
6.0,eb0482,6.8,0.345,6,0.041,0.1216
6.0,eb0482,6.8,0.345,7,0.0358,0.1103
6.0,eb0482,6.8,0.345,8,0.0321,0.1004
6.0,eb0482,6.8,0.345,9,0.0303,0.0911
6.0,eb0482,6.8,0.345,10,0.0257,0.0819
6.0,eb0482,6.8,0.345,11,0.0255,0.0747
6.0,eb0482,6.8,0.345,12,0.0226,0.068
6.0,eb0482,6.8,0.345,13,0.0211,0.0602
6.0,eb0482,6.8,0.345,14,0.0188,0.0526
6.0,eb0482,6.8,0.345,15,0.0185,0.0467
6.0,eb0482,6.8,0.345,16,0.0162,0.0384
6.0,eb0482,6.8,0.345,17,0.0156,0.0312
6.0,eb0482,6.8,0.345,18,0.0142,0.024
6.0,eb0482,6.8,0.345,19,0.0106,0.0167
6.0,eb0482,6.8,0.345,20,0.0025,0.015
6.0,eb0482,6.8,0.35,0,0.2829,0.4977
6.0,eb0482,6.8,0.35,1,0.1582,0.2871
6.0,eb0482,6.8,0.35,2,0.0878,0.2015
6.0,eb0482,6.8,0.35,3,0.0652,0.1657
6.0,eb0482,6.8,0.35,4,0.0444,0.1446
6.0,eb0482,6.8,0.35,5,0.0402,0.1301
6.0,eb0482,6.8,0.35,6,0.0392,0.1187
6.0,eb0482,6.8,0.35,7,0.0348,0.1073
6.0,eb0482,6.8,0.35,8,0.0305,0.0984
6.0,eb0482,6.8,0.35,9,0.03,0.0894
6.0,eb0482,6.8,0.35,10,0.0252,0.0805
6.0,eb0482,6.8,0.35,11,0.0245,0.0733
6.0,eb0482,6.8,0.35,12,0.0226,0.0668
6.0,eb0482,6.8,0.35,13,0.02,0.0593
6.0,eb0482,6.8,0.35,14,0.0187,0.0519
6.0,eb0482,6.8,0.35,15,0.0183,0.0458
6.0,eb0482,6.8,0.35,16,0.0157,0.038
6.0,eb0482,6.8,0.35,17,0.0151,0.0308
6.0,eb0482,6.8,0.35,18,0.014,0.0235
6.0,eb0482,6.8,0.35,19,0.0106,0.0165
6.0,eb0482,6.8,0.35,20,0.0022,0.0151
6.0,eb0482,6.8,0.355,0,0.3072,0.485
6.0,eb0482,6.8,0.355,1,0.1517,0.2691
6.0,eb0482,6.8,0.355,2,0.0838,0.1921
6.0,eb0482,6.8,0.355,3,0.0631,0.1597
6.0,eb0482,6.8,0.355,4,0.0417,0.1395
6.0,eb0482,6.8,0.355,5,0.0402,0.1267
6.0,eb0482,6.8,0.355,6,0.0379,0.1158
6.0,eb0482,6.8,0.355,7,0.0331,0.1047
6.0,eb0482,6.8,0.355,8,0.0295,0.0964
6.0,eb0482,6.8,0.355,9,0.0289,0.0876
6.0,eb0482,6.8,0.355,10,0.0248,0.0791
6.0,eb0482,6.8,0.355,11,0.0236,0.0722
6.0,eb0482,6.8,0.355,12,0.022,0.0657
6.0,eb0482,6.8,0.355,13,0.0192,0.0585
6.0,eb0482,6.8,0.355,14,0.0188,0.0514
6.0,eb0482,6.8,0.355,15,0.0179,0.0452
6.0,eb0482,6.8,0.355,16,0.0154,0.0373
6.0,eb0482,6.8,0.355,17,0.0149,0.0302
6.0,eb0482,6.8,0.355,18,0.0136,0.0234
6.0,eb0482,6.8,0.355,19,0.0103,0.0163
6.0,eb0482,6.8,0.355,20,0.0021,0.0151
6.0,eb0482,6.8,0.36,0,0.3308,0.4729
6.0,eb0482,6.8,0.36,1,0.1441,0.2529
6.0,eb0482,6.8,0.36,2,0.0813,0.184
6.0,eb0482,6.8,0.36,3,0.0606,0.1541
6.0,eb0482,6.8,0.36,4,0.0401,0.1353
6.0,eb0482,6.8,0.36,5,0.0396,0.1229
6.0,eb0482,6.8,0.36,6,0.0359,0.1132
6.0,eb0482,6.8,0.36,7,0.0324,0.1023
6.0,eb0482,6.8,0.36,8,0.0293,0.0941
6.0,eb0482,6.8,0.36,9,0.0268,0.0861
6.0,eb0482,6.8,0.36,10,0.0251,0.0777
6.0,eb0482,6.8,0.36,11,0.023,0.0711
6.0,eb0482,6.8,0.36,12,0.0213,0.0645
6.0,eb0482,6.8,0.36,13,0.0187,0.0578
6.0,eb0482,6.8,0.36,14,0.0183,0.0506
6.0,eb0482,6.8,0.36,15,0.0177,0.0444
6.0,eb0482,6.8,0.36,16,0.0153,0.0369
6.0,eb0482,6.8,0.36,17,0.0144,0.0297
6.0,eb0482,6.8,0.36,18,0.0134,0.023
6.0,eb0482,6.8,0.36,19,0.01,0.0162
6.0,eb0482,6.8,0.36,20,0.0019,0.015
6.0,eb0482,6.8,0.365,0,0.3533,0.4615
6.0,eb0482,6.8,0.365,1,0.1373,0.2381
6.0,eb0482,6.8,0.365,2,0.078,0.1767
6.0,eb0482,6.8,0.365,3,0.0582,0.1487
6.0,eb0482,6.8,0.365,4,0.0387,0.1316
6.0,eb0482,6.8,0.365,5,0.0385,0.1201
6.0,eb0482,6.8,0.365,6,0.0348,0.1105
6.0,eb0482,6.8,0.365,7,0.0314,0.1003
6.0,eb0482,6.8,0.365,8,0.0287,0.0921
6.0,eb0482,6.8,0.365,9,0.0263,0.0844
6.0,eb0482,6.8,0.365,10,0.024,0.0762
6.0,eb0482,6.8,0.365,11,0.0221,0.0702
6.0,eb0482,6.8,0.365,12,0.0217,0.0634
6.0,eb0482,6.8,0.365,13,0.0179,0.0568
6.0,eb0482,6.8,0.365,14,0.0177,0.0497
6.0,eb0482,6.8,0.365,15,0.0174,0.0442
6.0,eb0482,6.8,0.365,16,0.0152,0.0363
6.0,eb0482,6.8,0.365,17,0.0143,0.0292
6.0,eb0482,6.8,0.365,18,0.0129,0.023
6.0,eb0482,6.8,0.365,19,0.0098,0.0159
6.0,eb0482,6.8,0.365,20,0.0018,0.0151
6.0,eb0482,6.8,0.37,0,0.3752,0.4505
6.0,eb0482,6.8,0.37,1,0.1295,0.225
6.0,eb0482,6.8,0.37,2,0.0757,0.1701
6.0,eb0482,6.8,0.37,3,0.0559,0.144
6.0,eb0482,6.8,0.37,4,0.0372,0.1278
6.0,eb0482,6.8,0.37,5,0.0383,0.1175
6.0,eb0482,6.8,0.37,6,0.0335,0.1074
6.0,eb0482,6.8,0.37,7,0.0301,0.0985
6.0,eb0482,6.8,0.37,8,0.0284,0.0903
6.0,eb0482,6.8,0.37,9,0.0251,0.0825
6.0,eb0482,6.8,0.37,10,0.0235,0.0749
6.0,eb0482,6.8,0.37,11,0.0218,0.0694
6.0,eb0482,6.8,0.37,12,0.0214,0.062
6.0,eb0482,6.8,0.37,13,0.0174,0.0556
6.0,eb0482,6.8,0.37,14,0.0173,0.0493
6.0,eb0482,6.8,0.37,15,0.0166,0.0432
6.0,eb0482,6.8,0.37,16,0.015,0.036
6.0,eb0482,6.8,0.37,17,0.0143,0.0288
6.0,eb0482,6.8,0.37,18,0.0126,0.0227
6.0,eb0482,6.8,0.37,19,0.0095,0.0157
6.0,eb0482,6.8,0.37,20,0.0016,0.0152
6.0,eb0482,6.8,0.375,0,0.3947,0.441
6.0,eb0482,6.8,0.375,1,0.1258,0.2132
6.0,eb0482,6.8,0.375,2,0.0711,0.1635
6.0,eb0482,6.8,0.375,3,0.053,0.1396
6.0,eb0482,6.8,0.375,4,0.0379,0.125
6.0,eb0482,6.8,0.375,5,0.0365,0.1148
6.0,eb0482,6.8,0.375,6,0.0326,0.1045
6.0,eb0482,6.8,0.375,7,0.0285,0.0968
6.0,eb0482,6.8,0.375,8,0.0285,0.0887
6.0,eb0482,6.8,0.375,9,0.0238,0.0805
6.0,eb0482,6.8,0.375,10,0.0229,0.074
6.0,eb0482,6.8,0.375,11,0.0218,0.0684
6.0,eb0482,6.8,0.375,12,0.0209,0.0611
6.0,eb0482,6.8,0.375,13,0.0169,0.0544
6.0,eb0482,6.8,0.375,14,0.0168,0.049
6.0,eb0482,6.8,0.375,15,0.0165,0.0424
6.0,eb0482,6.8,0.375,16,0.0148,0.0356
6.0,eb0482,6.8,0.375,17,0.0142,0.0285
6.0,eb0482,6.8,0.375,18,0.0123,0.0219
6.0,eb0482,6.8,0.375,19,0.0091,0.0157
6.0,eb0482,6.8,0.375,20,0.0016,0.015
6.0,eb0482,6.8,0.38,0,0.4136,0.4319
6.0,eb0482,6.8,0.38,1,0.1198,0.2031
6.0,eb0482,6.8,0.38,2,0.0693,0.158
6.0,eb0482,6.8,0.38,3,0.0506,0.1355
6.0,eb0482,6.8,0.38,4,0.038,0.1213
6.0,eb0482,6.8,0.38,5,0.0349,0.1122
6.0,eb0482,6.8,0.38,6,0.031,0.1023
6.0,eb0482,6.8,0.38,7,0.028,0.0949
6.0,eb0482,6.8,0.38,8,0.0274,0.0869
6.0,eb0482,6.8,0.38,9,0.0232,0.0792
6.0,eb0482,6.8,0.38,10,0.0229,0.0728
6.0,eb0482,6.8,0.38,11,0.0208,0.0671
6.0,eb0482,6.8,0.38,12,0.02,0.0606
6.0,eb0482,6.8,0.38,13,0.0166,0.0538
6.0,eb0482,6.8,0.38,14,0.017,0.0481
6.0,eb0482,6.8,0.38,15,0.0159,0.0422
6.0,eb0482,6.8,0.38,16,0.0148,0.035
6.0,eb0482,6.8,0.38,17,0.0139,0.0283
6.0,eb0482,6.8,0.38,18,0.0121,0.0214
6.0,eb0482,6.8,0.38,19,0.0088,0.0157
6.0,eb0482,6.8,0.38,20,0.0014,0.0148
6.0,eb1168,5.2,0.375,0,0.1617,0.5391
6.0,eb1168,5.2,0.375,1,0.1595,0.3837
6.0,eb1168,5.2,0.375,2,0.1049,0.2814
6.0,eb1168,5.2,0.375,3,0.0807,0.225
6.0,eb1168,5.2,0.375,4,0.0557,0.1911
6.0,eb1168,5.2,0.375,5,0.0542,0.1684
6.0,eb1168,5.2,0.375,6,0.0479,0.149
6.0,eb1168,5.2,0.375,7,0.0445,0.1326
6.0,eb1168,5.2,0.375,8,0.0403,0.1173
6.0,eb1168,5.2,0.375,9,0.0408,0.1045
6.0,eb1168,5.2,0.375,10,0.0368,0.0932
6.0,eb1168,5.2,0.375,11,0.034,0.0798
6.0,eb1168,5.2,0.375,12,0.031,0.0693
6.0,eb1168,5.2,0.375,13,0.0288,0.0587
6.0,eb1168,5.2,0.375,14,0.027,0.0467
6.0,eb1168,5.2,0.375,15,0.0241,0.0379
6.0,eb1168,5.2,0.375,16,0.0196,0.0304
6.0,eb1168,5.2,0.375,17,0.008,0.0328
6.0,eb1168,5.2,0.38,0,0.1831,0.5265
6.0,eb1168,5.2,0.38,1,0.1567,0.3663
6.0,eb1168,5.2,0.38,2,0.1024,0.2685
6.0,eb1168,5.2,0.38,3,0.0781,0.2161
6.0,eb1168,5.2,0.38,4,0.0551,0.1843
6.0,eb1168,5.2,0.38,5,0.0516,0.1631
6.0,eb1168,5.2,0.38,6,0.0469,0.1446
6.0,eb1168,5.2,0.38,7,0.0424,0.1287
6.0,eb1168,5.2,0.38,8,0.0394,0.1144
6.0,eb1168,5.2,0.38,9,0.0405,0.103
6.0,eb1168,5.2,0.38,10,0.0356,0.0904
6.0,eb1168,5.2,0.38,11,0.0333,0.0787
6.0,eb1168,5.2,0.38,12,0.0303,0.0676
6.0,eb1168,5.2,0.38,13,0.0284,0.0573
6.0,eb1168,5.2,0.38,14,0.0262,0.0454
6.0,eb1168,5.2,0.38,15,0.0235,0.0374
6.0,eb1168,5.2,0.38,16,0.0189,0.03
6.0,eb1168,5.2,0.38,17,0.0072,0.0338
6.0,eb1168,5.2,0.385,0,0.2022,0.5158
6.0,eb1168,5.2,0.385,1,0.1559,0.3501
6.0,eb1168,5.2,0.385,2,0.0998,0.2561
6.0,eb1168,5.2,0.385,3,0.0743,0.2079
6.0,eb1168,5.2,0.385,4,0.0542,0.1781
6.0,eb1168,5.2,0.385,5,0.0496,0.1584
6.0,eb1168,5.2,0.385,6,0.0462,0.1413
6.0,eb1168,5.2,0.385,7,0.0404,0.1248
6.0,eb1168,5.2,0.385,8,0.0398,0.1123
6.0,eb1168,5.2,0.385,9,0.0393,0.1008
6.0,eb1168,5.2,0.385,10,0.0351,0.0881
6.0,eb1168,5.2,0.385,11,0.0317,0.0771
6.0,eb1168,5.2,0.385,12,0.0305,0.0662
6.0,eb1168,5.2,0.385,13,0.0271,0.0556
6.0,eb1168,5.2,0.385,14,0.0259,0.0447
6.0,eb1168,5.2,0.385,15,0.0229,0.0364
6.0,eb1168,5.2,0.385,16,0.0181,0.03
6.0,eb1168,5.2,0.385,17,0.0064,0.0343
6.0,eb1168,5.2,0.39,0,0.2227,0.5047
6.0,eb1168,5.2,0.39,1,0.1528,0.3342
6.0,eb1168,5.2,0.39,2,0.0963,0.2454
6.0,eb1168,5.2,0.39,3,0.0731,0.2004
6.0,eb1168,5.2,0.39,4,0.0519,0.1724
6.0,eb1168,5.2,0.39,5,0.0486,0.1541
6.0,eb1168,5.2,0.39,6,0.045,0.1372
6.0,eb1168,5.2,0.39,7,0.0391,0.1216
6.0,eb1168,5.2,0.39,8,0.0395,0.1096
6.0,eb1168,5.2,0.39,9,0.0379,0.0991
6.0,eb1168,5.2,0.39,10,0.0345,0.0854
6.0,eb1168,5.2,0.39,11,0.0308,0.0761
6.0,eb1168,5.2,0.39,12,0.03,0.0648
6.0,eb1168,5.2,0.39,13,0.0265,0.0545
6.0,eb1168,5.2,0.39,14,0.0252,0.0433
6.0,eb1168,5.2,0.39,15,0.0226,0.0363
6.0,eb1168,5.2,0.39,16,0.0173,0.0293
6.0,eb1168,5.2,0.39,17,0.0057,0.0345
6.0,eb1168,5.2,0.395,0,0.2433,0.494
6.0,eb1168,5.2,0.395,1,0.1497,0.3183
6.0,eb1168,5.2,0.395,2,0.092,0.2354
6.0,eb1168,5.2,0.395,3,0.0712,0.1936
6.0,eb1168,5.2,0.395,4,0.0516,0.1673
6.0,eb1168,5.2,0.395,5,0.0469,0.1495
6.0,eb1168,5.2,0.395,6,0.0437,0.1334
6.0,eb1168,5.2,0.395,7,0.0382,0.1193
6.0,eb1168,5.2,0.395,8,0.0392,0.1064
6.0,eb1168,5.2,0.395,9,0.0366,0.0971
6.0,eb1168,5.2,0.395,10,0.0332,0.0837
6.0,eb1168,5.2,0.395,11,0.0299,0.0744
6.0,eb1168,5.2,0.395,12,0.0301,0.0643
6.0,eb1168,5.2,0.395,13,0.0255,0.0523
6.0,eb1168,5.2,0.395,14,0.0246,0.0429
6.0,eb1168,5.2,0.395,15,0.0223,0.0357
6.0,eb1168,5.2,0.395,16,0.0165,0.0289
6.0,eb1168,5.2,0.395,17,0.0052,0.0352
6.0,eb1168,5.2,0.4,0,0.2628,0.4842
6.0,eb1168,5.2,0.4,1,0.1471,0.3033
6.0,eb1168,5.2,0.4,2,0.0891,0.2258
6.0,eb1168,5.2,0.4,3,0.0679,0.1867
6.0,eb1168,5.2,0.4,4,0.0511,0.1624
6.0,eb1168,5.2,0.4,5,0.0449,0.1453
6.0,eb1168,5.2,0.4,6,0.042,0.1303
6.0,eb1168,5.2,0.4,7,0.038,0.1164
6.0,eb1168,5.2,0.4,8,0.0384,0.1045
6.0,eb1168,5.2,0.4,9,0.0356,0.0949
6.0,eb1168,5.2,0.4,10,0.0326,0.0821
6.0,eb1168,5.2,0.4,11,0.0293,0.0734
6.0,eb1168,5.2,0.4,12,0.0293,0.0626
6.0,eb1168,5.2,0.4,13,0.0251,0.0513
6.0,eb1168,5.2,0.4,14,0.0239,0.0422
6.0,eb1168,5.2,0.4,15,0.0221,0.0355
6.0,eb1168,5.2,0.4,16,0.0159,0.0288
6.0,eb1168,5.2,0.4,17,0.0046,0.0346
6.0,eb1168,5.2,0.405,0,0.2821,0.4748
6.0,eb1168,5.2,0.405,1,0.1438,0.2891
6.0,eb1168,5.2,0.405,2,0.0861,0.2172
6.0,eb1168,5.2,0.405,3,0.0673,0.1803
6.0,eb1168,5.2,0.405,4,0.0482,0.1576
6.0,eb1168,5.2,0.405,5,0.0436,0.1409
6.0,eb1168,5.2,0.405,6,0.041,0.1273
6.0,eb1168,5.2,0.405,7,0.0368,0.1137
6.0,eb1168,5.2,0.405,8,0.0375,0.1024
6.0,eb1168,5.2,0.405,9,0.0347,0.0932
6.0,eb1168,5.2,0.405,10,0.0318,0.0804
6.0,eb1168,5.2,0.405,11,0.0292,0.0717
6.0,eb1168,5.2,0.405,12,0.0289,0.0612
6.0,eb1168,5.2,0.405,13,0.0243,0.0505
6.0,eb1168,5.2,0.405,14,0.0239,0.0408
6.0,eb1168,5.2,0.405,15,0.0207,0.0351
6.0,eb1168,5.2,0.405,16,0.0157,0.0287
6.0,eb1168,5.2,0.405,17,0.0038,0.0357
6.0,eb1168,5.2,0.41,0,0.3001,0.4661
6.0,eb1168,5.2,0.41,1,0.1401,0.2767
6.0,eb1168,5.2,0.41,2,0.0834,0.2094
6.0,eb1168,5.2,0.41,3,0.0659,0.1747
6.0,eb1168,5.2,0.41,4,0.0463,0.1533
6.0,eb1168,5.2,0.41,5,0.0434,0.1381
6.0,eb1168,5.2,0.41,6,0.0387,0.1233
6.0,eb1168,5.2,0.41,7,0.0366,0.1117
6.0,eb1168,5.2,0.41,8,0.038,0.1009
6.0,eb1168,5.2,0.41,9,0.0332,0.0908
6.0,eb1168,5.2,0.41,10,0.0312,0.0783
6.0,eb1168,5.2,0.41,11,0.0285,0.0703
6.0,eb1168,5.2,0.41,12,0.0279,0.0602
6.0,eb1168,5.2,0.41,13,0.0244,0.0498
6.0,eb1168,5.2,0.41,14,0.0233,0.0403
6.0,eb1168,5.2,0.41,15,0.0202,0.0341
6.0,eb1168,5.2,0.41,16,0.0149,0.0287
6.0,eb1168,5.2,0.41,17,0.0034,0.0361
6.0,eb1168,5.2,0.415,0,0.3179,0.4576
6.0,eb1168,5.2,0.415,1,0.1367,0.2646
6.0,eb1168,5.2,0.415,2,0.0803,0.2022
6.0,eb1168,5.2,0.415,3,0.0645,0.1695
6.0,eb1168,5.2,0.415,4,0.0456,0.1495
6.0,eb1168,5.2,0.415,5,0.042,0.1344
6.0,eb1168,5.2,0.415,6,0.0372,0.1202
6.0,eb1168,5.2,0.415,7,0.037,0.1094
6.0,eb1168,5.2,0.415,8,0.0365,0.0991
6.0,eb1168,5.2,0.415,9,0.0326,0.0883
6.0,eb1168,5.2,0.415,10,0.0307,0.0776
6.0,eb1168,5.2,0.415,11,0.0282,0.0684
6.0,eb1168,5.2,0.415,12,0.0267,0.0592
6.0,eb1168,5.2,0.415,13,0.0239,0.0485
6.0,eb1168,5.2,0.415,14,0.023,0.0394
6.0,eb1168,5.2,0.415,15,0.0198,0.0337
6.0,eb1168,5.2,0.415,16,0.0138,0.029
6.0,eb1168,5.2,0.415,17,0.0034,0.0361
6.0,eb1168,5.2,0.42,0,0.3349,0.4497
6.0,eb1168,5.2,0.42,1,0.1332,0.2538
6.0,eb1168,5.2,0.42,2,0.0787,0.1951
6.0,eb1168,5.2,0.42,3,0.0627,0.1644
6.0,eb1168,5.2,0.42,4,0.044,0.1453
6.0,eb1168,5.2,0.42,5,0.0413,0.1309
6.0,eb1168,5.2,0.42,6,0.036,0.1177
6.0,eb1168,5.2,0.42,7,0.0368,0.1067
6.0,eb1168,5.2,0.42,8,0.0353,0.0976
6.0,eb1168,5.2,0.42,9,0.032,0.086
6.0,eb1168,5.2,0.42,10,0.0299,0.0765
6.0,eb1168,5.2,0.42,11,0.0274,0.0666
6.0,eb1168,5.2,0.42,12,0.026,0.0581
6.0,eb1168,5.2,0.42,13,0.0241,0.0474
6.0,eb1168,5.2,0.42,14,0.0224,0.0389
6.0,eb1168,5.2,0.42,15,0.0192,0.0332
6.0,eb1168,5.2,0.42,16,0.013,0.029
6.0,eb1168,5.2,0.42,17,0.003,0.0364
6.0,eb1168,5.6,0.35,0,0.1186,0.5676
6.0,eb1168,5.6,0.35,1,0.173,0.4162
6.0,eb1168,5.6,0.35,2,0.1158,0.3011
6.0,eb1168,5.6,0.35,3,0.0905,0.2338
6.0,eb1168,5.6,0.35,4,0.0611,0.1945
6.0,eb1168,5.6,0.35,5,0.0584,0.1691
6.0,eb1168,5.6,0.35,6,0.0512,0.148
6.0,eb1168,5.6,0.35,7,0.0467,0.1304
6.0,eb1168,5.6,0.35,8,0.0427,0.1143
6.0,eb1168,5.6,0.35,9,0.0426,0.1016
6.0,eb1168,5.6,0.35,10,0.0381,0.0879
6.0,eb1168,5.6,0.35,11,0.0332,0.0764
6.0,eb1168,5.6,0.35,12,0.0324,0.0647
6.0,eb1168,5.6,0.35,13,0.0275,0.0527
6.0,eb1168,5.6,0.35,14,0.0259,0.0421
6.0,eb1168,5.6,0.35,15,0.023,0.035
6.0,eb1168,5.6,0.35,16,0.0157,0.0288
6.0,eb1168,5.6,0.35,17,0.0034,0.0364
6.0,eb1168,5.6,0.355,0,0.1413,0.552
6.0,eb1168,5.6,0.355,1,0.1726,0.396
6.0,eb1168,5.6,0.355,2,0.1131,0.2842
6.0,eb1168,5.6,0.355,3,0.0867,0.2227
6.0,eb1168,5.6,0.355,4,0.059,0.1865
6.0,eb1168,5.6,0.355,5,0.0559,0.1633
6.0,eb1168,5.6,0.355,6,0.0501,0.1433
6.0,eb1168,5.6,0.355,7,0.044,0.1256
6.0,eb1168,5.6,0.355,8,0.043,0.1116
6.0,eb1168,5.6,0.355,9,0.0411,0.0995
6.0,eb1168,5.6,0.355,10,0.0364,0.085
6.0,eb1168,5.6,0.355,11,0.0324,0.0749
6.0,eb1168,5.6,0.355,12,0.0319,0.0635
6.0,eb1168,5.6,0.355,13,0.0268,0.0511
6.0,eb1168,5.6,0.355,14,0.0259,0.0415
6.0,eb1168,5.6,0.355,15,0.0216,0.034
6.0,eb1168,5.6,0.355,16,0.0148,0.029
6.0,eb1168,5.6,0.355,17,0.003,0.0365
6.0,eb1168,5.6,0.36,0,0.1647,0.5373
6.0,eb1168,5.6,0.36,1,0.1707,0.3762
6.0,eb1168,5.6,0.36,2,0.1099,0.269
6.0,eb1168,5.6,0.36,3,0.0827,0.2129
6.0,eb1168,5.6,0.36,4,0.0583,0.1793
6.0,eb1168,5.6,0.36,5,0.0531,0.1578
6.0,eb1168,5.6,0.36,6,0.049,0.139
6.0,eb1168,5.6,0.36,7,0.0424,0.1219
6.0,eb1168,5.6,0.36,8,0.0427,0.1081
6.0,eb1168,5.6,0.36,9,0.0395,0.0972
6.0,eb1168,5.6,0.36,10,0.0351,0.083
6.0,eb1168,5.6,0.36,11,0.032,0.0732
6.0,eb1168,5.6,0.36,12,0.0311,0.0615
6.0,eb1168,5.6,0.36,13,0.026,0.0502
6.0,eb1168,5.6,0.36,14,0.0252,0.0401
6.0,eb1168,5.6,0.36,15,0.0212,0.0333
6.0,eb1168,5.6,0.36,16,0.0137,0.0294
6.0,eb1168,5.6,0.36,17,0.0026,0.0372
6.0,eb1168,5.6,0.365,0,0.1881,0.5236
6.0,eb1168,5.6,0.365,1,0.1679,0.3571
6.0,eb1168,5.6,0.365,2,0.1068,0.2553
6.0,eb1168,5.6,0.365,3,0.0793,0.2036
6.0,eb1168,5.6,0.365,4,0.0563,0.1729
6.0,eb1168,5.6,0.365,5,0.0517,0.1526
6.0,eb1168,5.6,0.365,6,0.0477,0.1344
6.0,eb1168,5.6,0.365,7,0.0407,0.119
6.0,eb1168,5.6,0.365,8,0.042,0.1052
6.0,eb1168,5.6,0.365,9,0.0379,0.095
6.0,eb1168,5.6,0.365,10,0.0345,0.0811
6.0,eb1168,5.6,0.365,11,0.0308,0.0714
6.0,eb1168,5.6,0.365,12,0.0306,0.0604
6.0,eb1168,5.6,0.365,13,0.0257,0.0488
6.0,eb1168,5.6,0.365,14,0.0246,0.0391
6.0,eb1168,5.6,0.365,15,0.0209,0.0327
6.0,eb1168,5.6,0.365,16,0.0123,0.0297
6.0,eb1168,5.6,0.365,17,0.0021,0.0384
6.0,eb1168,5.6,0.37,0,0.2104,0.5113
6.0,eb1168,5.6,0.37,1,0.1655,0.3392
6.0,eb1168,5.6,0.37,2,0.1026,0.2432
6.0,eb1168,5.6,0.37,3,0.0768,0.1957
6.0,eb1168,5.6,0.37,4,0.0552,0.1668
6.0,eb1168,5.6,0.37,5,0.0496,0.1475
6.0,eb1168,5.6,0.37,6,0.0453,0.1308
6.0,eb1168,5.6,0.37,7,0.0406,0.1156
6.0,eb1168,5.6,0.37,8,0.0406,0.1032
6.0,eb1168,5.6,0.37,9,0.0369,0.0927
6.0,eb1168,5.6,0.37,10,0.0339,0.079
6.0,eb1168,5.6,0.37,11,0.031,0.0695
6.0,eb1168,5.6,0.37,12,0.0285,0.0589
6.0,eb1168,5.6,0.37,13,0.026,0.0475
6.0,eb1168,5.6,0.37,14,0.0237,0.0386
6.0,eb1168,5.6,0.37,15,0.0203,0.0318
6.0,eb1168,5.6,0.37,16,0.0111,0.0298
6.0,eb1168,5.6,0.37,17,0.0019,0.0391
6.0,eb1168,5.6,0.375,0,0.2334,0.499
6.0,eb1168,5.6,0.375,1,0.1623,0.3214
6.0,eb1168,5.6,0.375,2,0.0984,0.2319
6.0,eb1168,5.6,0.375,3,0.0737,0.1878
6.0,eb1168,5.6,0.375,4,0.0541,0.1614
6.0,eb1168,5.6,0.375,5,0.048,0.1425
6.0,eb1168,5.6,0.375,6,0.0438,0.1274
6.0,eb1168,5.6,0.375,7,0.0391,0.1124
6.0,eb1168,5.6,0.375,8,0.041,0.101
6.0,eb1168,5.6,0.375,9,0.0351,0.0897
6.0,eb1168,5.6,0.375,10,0.033,0.0777
6.0,eb1168,5.6,0.375,11,0.0301,0.0674
6.0,eb1168,5.6,0.375,12,0.0278,0.0577
6.0,eb1168,5.6,0.375,13,0.0256,0.0468
6.0,eb1168,5.6,0.375,14,0.0229,0.0374
6.0,eb1168,5.6,0.375,15,0.0198,0.0318
6.0,eb1168,5.6,0.375,16,0.0102,0.0293
6.0,eb1168,5.6,0.375,17,0.0016,0.041
6.0,eb1168,5.6,0.38,0,0.2562,0.4875
6.0,eb1168,5.6,0.38,1,0.1587,0.3041
6.0,eb1168,5.6,0.38,2,0.0941,0.2214
6.0,eb1168,5.6,0.38,3,0.0726,0.1805
6.0,eb1168,5.6,0.38,4,0.051,0.1558
6.0,eb1168,5.6,0.38,5,0.0467,0.1387
6.0,eb1168,5.6,0.38,6,0.0414,0.1227
6.0,eb1168,5.6,0.38,7,0.0398,0.1103
6.0,eb1168,5.6,0.38,8,0.0389,0.0988
6.0,eb1168,5.6,0.38,9,0.0351,0.087
6.0,eb1168,5.6,0.38,10,0.0315,0.0764
6.0,eb1168,5.6,0.38,11,0.0295,0.0657
6.0,eb1168,5.6,0.38,12,0.0273,0.056
6.0,eb1168,5.6,0.38,13,0.025,0.0454
6.0,eb1168,5.6,0.38,14,0.0221,0.0372
6.0,eb1168,5.6,0.38,15,0.0192,0.0309
6.0,eb1168,5.6,0.38,16,0.0094,0.0298
6.0,eb1168,5.6,0.38,17,0.0014,0.0454
6.0,eb1168,5.6,0.385,0,0.2785,0.4765
6.0,eb1168,5.6,0.385,1,0.1535,0.2883
6.0,eb1168,5.6,0.385,2,0.0907,0.2122
6.0,eb1168,5.6,0.385,3,0.0707,0.174
6.0,eb1168,5.6,0.385,4,0.0492,0.1512
6.0,eb1168,5.6,0.385,5,0.0456,0.1348
6.0,eb1168,5.6,0.385,6,0.04,0.1192
6.0,eb1168,5.6,0.385,7,0.0395,0.1071
6.0,eb1168,5.6,0.385,8,0.0376,0.0973
6.0,eb1168,5.6,0.385,9,0.0344,0.0843
6.0,eb1168,5.6,0.385,10,0.0305,0.0746
6.0,eb1168,5.6,0.385,11,0.0293,0.0642
6.0,eb1168,5.6,0.385,12,0.0259,0.0546
6.0,eb1168,5.6,0.385,13,0.0246,0.0438
6.0,eb1168,5.6,0.385,14,0.0218,0.0369
6.0,eb1168,5.6,0.385,15,0.0183,0.0299
6.0,eb1168,5.6,0.385,16,0.0086,0.0302
6.0,eb1168,5.6,0.385,17,0.0011,0.0514
6.0,eb1168,5.6,0.39,0,0.2988,0.4667
6.0,eb1168,5.6,0.39,1,0.1495,0.2744
6.0,eb1168,5.6,0.39,2,0.0876,0.2036
6.0,eb1168,5.6,0.39,3,0.0687,0.1681
6.0,eb1168,5.6,0.39,4,0.048,0.1466
6.0,eb1168,5.6,0.39,5,0.0444,0.1304
6.0,eb1168,5.6,0.39,6,0.0383,0.1166
6.0,eb1168,5.6,0.39,7,0.0393,0.1042
6.0,eb1168,5.6,0.39,8,0.0362,0.0951
6.0,eb1168,5.6,0.39,9,0.0331,0.0822
6.0,eb1168,5.6,0.39,10,0.0295,0.0736
6.0,eb1168,5.6,0.39,11,0.0295,0.0631
6.0,eb1168,5.6,0.39,12,0.0252,0.0527
6.0,eb1168,5.6,0.39,13,0.0239,0.0429
6.0,eb1168,5.6,0.39,14,0.0214,0.0361
6.0,eb1168,5.6,0.39,15,0.0173,0.0296
6.0,eb1168,5.6,0.39,16,0.0082,0.0311
6.0,eb1168,5.6,0.39,17,0.0009,0.0505
6.0,eb1168,5.6,0.395,0,0.3186,0.4573
6.0,eb1168,5.6,0.395,1,0.146,0.2611
6.0,eb1168,5.6,0.395,2,0.0844,0.1954
6.0,eb1168,5.6,0.395,3,0.0669,0.1624
6.0,eb1168,5.6,0.395,4,0.0459,0.1419
6.0,eb1168,5.6,0.395,5,0.0425,0.1272
6.0,eb1168,5.6,0.395,6,0.0383,0.1134
6.0,eb1168,5.6,0.395,7,0.0385,0.102
6.0,eb1168,5.6,0.395,8,0.0356,0.0927
6.0,eb1168,5.6,0.395,9,0.0319,0.0804
6.0,eb1168,5.6,0.395,10,0.0287,0.072
6.0,eb1168,5.6,0.395,11,0.0291,0.0619
6.0,eb1168,5.6,0.395,12,0.0244,0.0511
6.0,eb1168,5.6,0.395,13,0.0235,0.0422
6.0,eb1168,5.6,0.395,14,0.021,0.0351
6.0,eb1168,5.6,0.395,15,0.0166,0.0297
6.0,eb1168,5.6,0.395,16,0.0074,0.0315
6.0,eb1168,5.6,0.395,17,0.0008,0.0503
6.0,eb1168,6.0,0.33,0,0.0828,0.5958
6.0,eb1168,6.0,0.33,1,0.1792,0.4469
6.0,eb1168,6.0,0.33,2,0.1275,0.3214
6.0,eb1168,6.0,0.33,3,0.1001,0.2421
6.0,eb1168,6.0,0.33,4,0.0663,0.1978
6.0,eb1168,6.0,0.33,5,0.0624,0.1694
6.0,eb1168,6.0,0.33,6,0.0548,0.147
6.0,eb1168,6.0,0.33,7,0.0483,0.1274
6.0,eb1168,6.0,0.33,8,0.0459,0.1114
6.0,eb1168,6.0,0.33,9,0.0432,0.0986
6.0,eb1168,6.0,0.33,10,0.0383,0.0833
6.0,eb1168,6.0,0.33,11,0.0337,0.0725
6.0,eb1168,6.0,0.33,12,0.0322,0.0605
6.0,eb1168,6.0,0.33,13,0.0278,0.0479
6.0,eb1168,6.0,0.33,14,0.0254,0.0383
6.0,eb1168,6.0,0.33,15,0.0209,0.0318
6.0,eb1168,6.0,0.33,16,0.0101,0.0292
6.0,eb1168,6.0,0.33,17,0.0011,0.0495
6.0,eb1168,6.0,0.335,0,0.1054,0.5775
6.0,eb1168,6.0,0.335,1,0.1825,0.424
6.0,eb1168,6.0,0.335,2,0.1253,0.3003
6.0,eb1168,6.0,0.335,3,0.0943,0.2289
6.0,eb1168,6.0,0.335,4,0.064,0.1886
6.0,eb1168,6.0,0.335,5,0.06,0.163
6.0,eb1168,6.0,0.335,6,0.053,0.1415
6.0,eb1168,6.0,0.335,7,0.0461,0.1228
6.0,eb1168,6.0,0.335,8,0.0456,0.1078
6.0,eb1168,6.0,0.335,9,0.0411,0.0959
6.0,eb1168,6.0,0.335,10,0.0369,0.0809
6.0,eb1168,6.0,0.335,11,0.0333,0.0704
6.0,eb1168,6.0,0.335,12,0.0306,0.0587
6.0,eb1168,6.0,0.335,13,0.0275,0.0469
6.0,eb1168,6.0,0.335,14,0.0241,0.0374
6.0,eb1168,6.0,0.335,15,0.0205,0.0306
6.0,eb1168,6.0,0.335,16,0.0089,0.0306
6.0,eb1168,6.0,0.335,17,0.0009,0.0505
6.0,eb1168,6.0,0.34,0,0.1297,0.5598
6.0,eb1168,6.0,0.34,1,0.184,0.4013
6.0,eb1168,6.0,0.34,2,0.1204,0.2817
6.0,eb1168,6.0,0.34,3,0.0902,0.2173
6.0,eb1168,6.0,0.34,4,0.0628,0.1801
6.0,eb1168,6.0,0.34,5,0.0566,0.1567
6.0,eb1168,6.0,0.34,6,0.0515,0.1363
6.0,eb1168,6.0,0.34,7,0.044,0.1192
6.0,eb1168,6.0,0.34,8,0.0444,0.1047
6.0,eb1168,6.0,0.34,9,0.0397,0.0934
6.0,eb1168,6.0,0.34,10,0.0364,0.0789
6.0,eb1168,6.0,0.34,11,0.0323,0.0679
6.0,eb1168,6.0,0.34,12,0.0294,0.0573
6.0,eb1168,6.0,0.34,13,0.0271,0.0452
6.0,eb1168,6.0,0.34,14,0.0236,0.037
6.0,eb1168,6.0,0.34,15,0.0188,0.0299
6.0,eb1168,6.0,0.34,16,0.0083,0.0314
6.0,eb1168,6.0,0.34,17,0.0008,0.0503
6.0,eb1168,6.0,0.345,0,0.1557,0.5429
6.0,eb1168,6.0,0.345,1,0.182,0.3792
6.0,eb1168,6.0,0.345,2,0.1162,0.2652
6.0,eb1168,6.0,0.345,3,0.0864,0.2067
6.0,eb1168,6.0,0.345,4,0.0603,0.1729
6.0,eb1168,6.0,0.345,5,0.0547,0.1509
6.0,eb1168,6.0,0.345,6,0.0493,0.132
6.0,eb1168,6.0,0.345,7,0.0434,0.1155
6.0,eb1168,6.0,0.345,8,0.0436,0.1021
6.0,eb1168,6.0,0.345,9,0.0382,0.0899
6.0,eb1168,6.0,0.345,10,0.0349,0.0772
6.0,eb1168,6.0,0.345,11,0.0317,0.066
6.0,eb1168,6.0,0.345,12,0.0284,0.0552
6.0,eb1168,6.0,0.345,13,0.0262,0.0443
6.0,eb1168,6.0,0.345,14,0.023,0.0359
6.0,eb1168,6.0,0.345,15,0.018,0.0296
6.0,eb1168,6.0,0.345,16,0.0073,0.0323
6.0,eb1168,6.0,0.345,17,0.0006,0.0493
6.0,eb1168,6.0,0.35,0,0.1813,0.5276
6.0,eb1168,6.0,0.35,1,0.1798,0.358
6.0,eb1168,6.0,0.35,2,0.1118,0.2502
6.0,eb1168,6.0,0.35,3,0.0826,0.1971
6.0,eb1168,6.0,0.35,4,0.0588,0.166
6.0,eb1168,6.0,0.35,5,0.0524,0.1452
6.0,eb1168,6.0,0.35,6,0.0472,0.1279
6.0,eb1168,6.0,0.35,7,0.042,0.1118
6.0,eb1168,6.0,0.35,8,0.0428,0.0999
6.0,eb1168,6.0,0.35,9,0.0374,0.0867
6.0,eb1168,6.0,0.35,10,0.0334,0.0755
6.0,eb1168,6.0,0.35,11,0.0313,0.0643
6.0,eb1168,6.0,0.35,12,0.0275,0.0536
6.0,eb1168,6.0,0.35,13,0.0254,0.0428
6.0,eb1168,6.0,0.35,14,0.0224,0.0354
6.0,eb1168,6.0,0.35,15,0.0171,0.0288
6.0,eb1168,6.0,0.35,16,0.0064,0.0336
6.0,eb1168,6.0,0.355,0,0.2057,0.5139
6.0,eb1168,6.0,0.355,1,0.1771,0.3384
6.0,eb1168,6.0,0.355,2,0.1077,0.2371
6.0,eb1168,6.0,0.355,3,0.0795,0.1883
6.0,eb1168,6.0,0.355,4,0.0574,0.1599
6.0,eb1168,6.0,0.355,5,0.0502,0.14
6.0,eb1168,6.0,0.355,6,0.0444,0.1228
6.0,eb1168,6.0,0.355,7,0.0426,0.1093
6.0,eb1168,6.0,0.355,8,0.0408,0.0974
6.0,eb1168,6.0,0.355,9,0.0364,0.0837
6.0,eb1168,6.0,0.355,10,0.0318,0.074
6.0,eb1168,6.0,0.355,11,0.0315,0.063
6.0,eb1168,6.0,0.355,12,0.0261,0.0513
6.0,eb1168,6.0,0.355,13,0.0247,0.0417
6.0,eb1168,6.0,0.355,14,0.022,0.0351
6.0,eb1168,6.0,0.355,15,0.0163,0.0282
6.0,eb1168,6.0,0.355,16,0.0054,0.0343
6.0,eb1168,6.0,0.36,0,0.2316,0.5
6.0,eb1168,6.0,0.36,1,0.1728,0.3187
6.0,eb1168,6.0,0.36,2,0.1029,0.2251
6.0,eb1168,6.0,0.36,3,0.0778,0.18
6.0,eb1168,6.0,0.36,4,0.0537,0.1539
6.0,eb1168,6.0,0.36,5,0.049,0.1356
6.0,eb1168,6.0,0.36,6,0.0427,0.119
6.0,eb1168,6.0,0.36,7,0.0425,0.1056
6.0,eb1168,6.0,0.36,8,0.0393,0.095
6.0,eb1168,6.0,0.36,9,0.0347,0.0815
6.0,eb1168,6.0,0.36,10,0.0309,0.0722
6.0,eb1168,6.0,0.36,11,0.0306,0.0613
6.0,eb1168,6.0,0.36,12,0.0256,0.0497
6.0,eb1168,6.0,0.36,13,0.024,0.0409
6.0,eb1168,6.0,0.36,14,0.0213,0.0347
6.0,eb1168,6.0,0.36,15,0.0153,0.0277
6.0,eb1168,6.0,0.36,16,0.0049,0.0349
6.0,eb1168,6.0,0.365,0,0.257,0.4871
6.0,eb1168,6.0,0.365,1,0.1685,0.2998
6.0,eb1168,6.0,0.365,2,0.0975,0.214
6.0,eb1168,6.0,0.365,3,0.0748,0.1728
6.0,eb1168,6.0,0.365,4,0.0522,0.1485
6.0,eb1168,6.0,0.365,5,0.0479,0.1308
6.0,eb1168,6.0,0.365,6,0.0407,0.1158
6.0,eb1168,6.0,0.365,7,0.0415,0.1026
6.0,eb1168,6.0,0.365,8,0.0375,0.0928
6.0,eb1168,6.0,0.365,9,0.034,0.0795
6.0,eb1168,6.0,0.365,10,0.0306,0.0702
6.0,eb1168,6.0,0.365,11,0.0297,0.0597
6.0,eb1168,6.0,0.365,12,0.0247,0.0489
6.0,eb1168,6.0,0.365,13,0.0238,0.0398
6.0,eb1168,6.0,0.365,14,0.0202,0.0336
6.0,eb1168,6.0,0.365,15,0.015,0.0281
6.0,eb1168,6.0,0.365,16,0.0038,0.0348
6.0,eb1168,6.0,0.37,0,0.2814,0.4751
6.0,eb1168,6.0,0.37,1,0.1627,0.2828
6.0,eb1168,6.0,0.37,2,0.0938,0.2043
6.0,eb1168,6.0,0.37,3,0.0729,0.1662
6.0,eb1168,6.0,0.37,4,0.05,0.1433
6.0,eb1168,6.0,0.37,5,0.0455,0.127
6.0,eb1168,6.0,0.37,6,0.0403,0.1124
6.0,eb1168,6.0,0.37,7,0.0403,0.1003
6.0,eb1168,6.0,0.37,8,0.0364,0.0904
6.0,eb1168,6.0,0.37,9,0.0335,0.077
6.0,eb1168,6.0,0.37,10,0.0298,0.0685
6.0,eb1168,6.0,0.37,11,0.0284,0.0583
6.0,eb1168,6.0,0.37,12,0.0244,0.0475
6.0,eb1168,6.0,0.37,13,0.0233,0.0386
6.0,eb1168,6.0,0.37,14,0.0195,0.0331
6.0,eb1168,6.0,0.37,15,0.014,0.0283
6.0,eb1168,6.0,0.37,16,0.0034,0.0353
6.0,eb1168,6.4,0.315,0,0.0578,0.6207
6.0,eb1168,6.4,0.315,1,0.1837,0.4697
6.0,eb1168,6.4,0.315,2,0.138,0.3344
6.0,eb1168,6.4,0.315,3,0.108,0.2462
6.0,eb1168,6.4,0.315,4,0.0712,0.1976
6.0,eb1168,6.4,0.315,5,0.0656,0.1676
6.0,eb1168,6.4,0.315,6,0.0573,0.1437
6.0,eb1168,6.4,0.315,7,0.0495,0.1236
6.0,eb1168,6.4,0.315,8,0.0484,0.1069
6.0,eb1168,6.4,0.315,9,0.0428,0.0943
6.0,eb1168,6.4,0.315,10,0.0384,0.079
6.0,eb1168,6.4,0.315,11,0.0343,0.0673
6.0,eb1168,6.4,0.315,12,0.0306,0.0556
6.0,eb1168,6.4,0.315,13,0.0275,0.0433
6.0,eb1168,6.4,0.315,14,0.0237,0.0357
6.0,eb1168,6.4,0.315,15,0.0175,0.0284
6.0,eb1168,6.4,0.315,16,0.0053,0.0344
6.0,eb1168,6.4,0.32,0,0.0807,0.5976
6.0,eb1168,6.4,0.32,1,0.1916,0.4433
6.0,eb1168,6.4,0.32,2,0.1336,0.31
6.0,eb1168,6.4,0.32,3,0.102,0.2311
6.0,eb1168,6.4,0.32,4,0.0686,0.1873
6.0,eb1168,6.4,0.32,5,0.0616,0.1601
6.0,eb1168,6.4,0.32,6,0.0559,0.1379
6.0,eb1168,6.4,0.32,7,0.047,0.1187
6.0,eb1168,6.4,0.32,8,0.0467,0.104
6.0,eb1168,6.4,0.32,9,0.0415,0.0911
6.0,eb1168,6.4,0.32,10,0.037,0.0769
6.0,eb1168,6.4,0.32,11,0.0339,0.065
6.0,eb1168,6.4,0.32,12,0.0291,0.0536
6.0,eb1168,6.4,0.32,13,0.0264,0.0419
6.0,eb1168,6.4,0.32,14,0.0231,0.035
6.0,eb1168,6.4,0.32,15,0.0163,0.0283
6.0,eb1168,6.4,0.32,16,0.0045,0.0335
6.0,eb1168,6.4,0.325,0,0.1054,0.5775
6.0,eb1168,6.4,0.325,1,0.1948,0.4186
6.0,eb1168,6.4,0.325,2,0.13,0.2888
6.0,eb1168,6.4,0.325,3,0.0966,0.2179
6.0,eb1168,6.4,0.325,4,0.0662,0.1781
6.0,eb1168,6.4,0.325,5,0.0593,0.1533
6.0,eb1168,6.4,0.325,6,0.0524,0.1326
6.0,eb1168,6.4,0.325,7,0.0457,0.1152
6.0,eb1168,6.4,0.325,8,0.0461,0.1009
6.0,eb1168,6.4,0.325,9,0.0401,0.0873
6.0,eb1168,6.4,0.325,10,0.0351,0.0749
6.0,eb1168,6.4,0.325,11,0.0333,0.0632
6.0,eb1168,6.4,0.325,12,0.0277,0.0508
6.0,eb1168,6.4,0.325,13,0.0259,0.0409
6.0,eb1168,6.4,0.325,14,0.0221,0.0345
6.0,eb1168,6.4,0.325,15,0.0156,0.0281
6.0,eb1168,6.4,0.325,16,0.0035,0.0355
6.0,eb1168,6.4,0.33,0,0.1318,0.5584
6.0,eb1168,6.4,0.33,1,0.1958,0.3943
6.0,eb1168,6.4,0.33,2,0.1247,0.2697
6.0,eb1168,6.4,0.33,3,0.0924,0.2061
6.0,eb1168,6.4,0.33,4,0.0635,0.1699
6.0,eb1168,6.4,0.33,5,0.0563,0.147
6.0,eb1168,6.4,0.33,6,0.0506,0.1279
6.0,eb1168,6.4,0.33,7,0.0451,0.111
6.0,eb1168,6.4,0.33,8,0.044,0.0982
6.0,eb1168,6.4,0.33,9,0.0386,0.0839
6.0,eb1168,6.4,0.33,10,0.0337,0.0731
6.0,eb1168,6.4,0.33,11,0.0326,0.0615
6.0,eb1168,6.4,0.33,12,0.027,0.0496
6.0,eb1168,6.4,0.33,13,0.0253,0.0399
6.0,eb1168,6.4,0.33,14,0.021,0.0329
6.0,eb1168,6.4,0.33,15,0.0141,0.0283
6.0,eb1168,6.4,0.33,16,0.0032,0.0355
6.0,eb1168,6.4,0.335,0,0.1608,0.5397
6.0,eb1168,6.4,0.335,1,0.1924,0.3704
6.0,eb1168,6.4,0.335,2,0.1205,0.2528
6.0,eb1168,6.4,0.335,3,0.0871,0.1954
6.0,eb1168,6.4,0.335,4,0.0621,0.1629
6.0,eb1168,6.4,0.335,5,0.0545,0.1412
6.0,eb1168,6.4,0.335,6,0.0468,0.1226
6.0,eb1168,6.4,0.335,7,0.0454,0.1078
6.0,eb1168,6.4,0.335,8,0.0425,0.0954
6.0,eb1168,6.4,0.335,9,0.0369,0.081
6.0,eb1168,6.4,0.335,10,0.0326,0.0711
6.0,eb1168,6.4,0.335,11,0.0316,0.0594
6.0,eb1168,6.4,0.335,12,0.0262,0.0481
6.0,eb1168,6.4,0.335,13,0.0248,0.0385
6.0,eb1168,6.4,0.335,14,0.0203,0.0324
6.0,eb1168,6.4,0.335,15,0.0127,0.0285
6.0,eb1168,6.4,0.335,16,0.0027,0.0361
6.0,eb1168,6.4,0.34,0,0.1889,0.5232
6.0,eb1168,6.4,0.34,1,0.1891,0.3475
6.0,eb1168,6.4,0.34,2,0.1152,0.238
6.0,eb1168,6.4,0.34,3,0.0847,0.1856
6.0,eb1168,6.4,0.34,4,0.0582,0.1558
6.0,eb1168,6.4,0.34,5,0.0528,0.1361
6.0,eb1168,6.4,0.34,6,0.0448,0.1181
6.0,eb1168,6.4,0.34,7,0.0451,0.104
6.0,eb1168,6.4,0.34,8,0.0399,0.0927
6.0,eb1168,6.4,0.34,9,0.0362,0.0787
6.0,eb1168,6.4,0.34,10,0.032,0.0688
6.0,eb1168,6.4,0.34,11,0.0299,0.0579
6.0,eb1168,6.4,0.34,12,0.0262,0.0464
6.0,eb1168,6.4,0.34,13,0.0237,0.0377
6.0,eb1168,6.4,0.34,14,0.02,0.0314
6.0,eb1168,6.4,0.34,15,0.0111,0.0291
6.0,eb1168,6.4,0.34,16,0.0021,0.0361
6.0,eb1168,6.4,0.345,0,0.2169,0.5078
6.0,eb1168,6.4,0.345,1,0.1856,0.3256
6.0,eb1168,6.4,0.345,2,0.1096,0.2243
6.0,eb1168,6.4,0.345,3,0.0812,0.1767
6.0,eb1168,6.4,0.345,4,0.056,0.1497
6.0,eb1168,6.4,0.345,5,0.0505,0.1306
6.0,eb1168,6.4,0.345,6,0.0434,0.1145
6.0,eb1168,6.4,0.345,7,0.0432,0.1011
6.0,eb1168,6.4,0.345,8,0.039,0.0901
6.0,eb1168,6.4,0.345,9,0.0352,0.0765
6.0,eb1168,6.4,0.345,10,0.0311,0.0663
6.0,eb1168,6.4,0.345,11,0.0285,0.0565
6.0,eb1168,6.4,0.345,12,0.0261,0.0454
6.0,eb1168,6.4,0.345,13,0.0227,0.0366
6.0,eb1168,6.4,0.345,14,0.0193,0.031
6.0,eb1168,6.4,0.345,15,0.01,0.0285
6.0,eb1168,6.4,0.345,16,0.0019,0.0386
6.0,eb1168,6.4,0.35,0,0.2443,0.4935
6.0,eb1168,6.4,0.35,1,0.1814,0.3049
6.0,eb1168,6.4,0.35,2,0.1032,0.2124
6.0,eb1168,6.4,0.35,3,0.0788,0.1691
6.0,eb1168,6.4,0.35,4,0.0534,0.1439
6.0,eb1168,6.4,0.35,5,0.048,0.1264
6.0,eb1168,6.4,0.35,6,0.0425,0.1109
6.0,eb1168,6.4,0.35,7,0.0431,0.0986
6.0,eb1168,6.4,0.35,8,0.0371,0.0865
6.0,eb1168,6.4,0.35,9,0.0337,0.0749
6.0,eb1168,6.4,0.35,10,0.0308,0.0645
6.0,eb1168,6.4,0.35,11,0.0275,0.0543
6.0,eb1168,6.4,0.35,12,0.025,0.0436
6.0,eb1168,6.4,0.35,13,0.0221,0.0361
6.0,eb1168,6.4,0.35,14,0.0185,0.0303
6.0,eb1168,6.4,0.35,15,0.009,0.0293
6.0,eb1168,6.4,0.35,16,0.0016,0.0404
6.0,eb1168,6.8,0.305,0,0.0487,0.6317
6.0,eb1168,6.8,0.305,1,0.19,0.4762
6.0,eb1168,6.8,0.305,2,0.1465,0.3332
6.0,eb1168,6.8,0.305,3,0.1131,0.2409
6.0,eb1168,6.8,0.305,4,0.0731,0.1911
6.0,eb1168,6.8,0.305,5,0.0666,0.1614
6.0,eb1168,6.8,0.305,6,0.0591,0.1371
6.0,eb1168,6.8,0.305,7,0.0494,0.1174
6.0,eb1168,6.8,0.305,8,0.0489,0.102
6.0,eb1168,6.8,0.305,9,0.0428,0.0871
6.0,eb1168,6.8,0.305,10,0.0359,0.074
6.0,eb1168,6.8,0.305,11,0.0349,0.0619
6.0,eb1168,6.8,0.305,12,0.0287,0.0493
6.0,eb1168,6.8,0.305,13,0.0263,0.0386
6.0,eb1168,6.8,0.305,14,0.0216,0.0321
6.0,eb1168,6.8,0.305,15,0.0121,0.0289
6.0,eb1168,6.8,0.305,16,0.002,0.0376
6.0,eb1168,6.8,0.31,0,0.0718,0.6059
6.0,eb1168,6.8,0.31,1,0.201,0.4477
6.0,eb1168,6.8,0.31,2,0.1417,0.3063
6.0,eb1168,6.8,0.31,3,0.1054,0.2248
6.0,eb1168,6.8,0.31,4,0.0707,0.1804
6.0,eb1168,6.8,0.31,5,0.063,0.1535
6.0,eb1168,6.8,0.31,6,0.055,0.1314
6.0,eb1168,6.8,0.31,7,0.0487,0.1129
6.0,eb1168,6.8,0.31,8,0.0468,0.0987
6.0,eb1168,6.8,0.31,9,0.0411,0.0835
6.0,eb1168,6.8,0.31,10,0.0351,0.0719
6.0,eb1168,6.8,0.31,11,0.0331,0.0594
6.0,eb1168,6.8,0.31,12,0.028,0.0476
6.0,eb1168,6.8,0.31,13,0.0254,0.0378
6.0,eb1168,6.8,0.31,14,0.0205,0.0308
6.0,eb1168,6.8,0.31,15,0.0107,0.0295
6.0,eb1168,6.8,0.31,16,0.0016,0.0392
6.0,eb1168,6.8,0.315,0,0.0975,0.5837
6.0,eb1168,6.8,0.315,1,0.2056,0.4212
6.0,eb1168,6.8,0.315,2,0.1367,0.284
6.0,eb1168,6.8,0.315,3,0.0996,0.2112
6.0,eb1168,6.8,0.315,4,0.0683,0.1714
6.0,eb1168,6.8,0.315,5,0.0597,0.1465
6.0,eb1168,6.8,0.315,6,0.0525,0.1261
6.0,eb1168,6.8,0.315,7,0.048,0.1087
6.0,eb1168,6.8,0.315,8,0.0452,0.0956
6.0,eb1168,6.8,0.315,9,0.0385,0.0805
6.0,eb1168,6.8,0.315,10,0.0346,0.0693
6.0,eb1168,6.8,0.315,11,0.0316,0.0577
6.0,eb1168,6.8,0.315,12,0.0276,0.0462
6.0,eb1168,6.8,0.315,13,0.0242,0.0366
6.0,eb1168,6.8,0.315,14,0.0199,0.0302
6.0,eb1168,6.8,0.315,15,0.0093,0.0291
6.0,eb1168,6.8,0.315,16,0.0013,0.0457
6.0,eb1168,6.8,0.32,0,0.1261,0.5623
6.0,eb1168,6.8,0.32,1,0.2067,0.3947
6.0,eb1168,6.8,0.32,2,0.1313,0.2637
6.0,eb1168,6.8,0.32,3,0.0944,0.1987
6.0,eb1168,6.8,0.32,4,0.0654,0.1632
6.0,eb1168,6.8,0.32,5,0.0574,0.1401
6.0,eb1168,6.8,0.32,6,0.049,0.1206
6.0,eb1168,6.8,0.32,7,0.048,0.1048
6.0,eb1168,6.8,0.32,8,0.0422,0.0925
6.0,eb1168,6.8,0.32,9,0.0374,0.0778
6.0,eb1168,6.8,0.32,10,0.0338,0.067
6.0,eb1168,6.8,0.32,11,0.03,0.056
6.0,eb1168,6.8,0.32,12,0.027,0.044
6.0,eb1168,6.8,0.32,13,0.0235,0.0362
6.0,eb1168,6.8,0.32,14,0.0186,0.0292
6.0,eb1168,6.8,0.32,15,0.0083,0.03
6.0,eb1168,6.8,0.32,16,0.0009,0.0519
6.0,eb1168,6.8,0.325,0,0.1575,0.5417
6.0,eb1168,6.8,0.325,1,0.204,0.3683
6.0,eb1168,6.8,0.325,2,0.1239,0.246
6.0,eb1168,6.8,0.325,3,0.0916,0.1881
6.0,eb1168,6.8,0.325,4,0.0618,0.1556
6.0,eb1168,6.8,0.325,5,0.0555,0.1341
6.0,eb1168,6.8,0.325,6,0.0465,0.1158
6.0,eb1168,6.8,0.325,7,0.0461,0.1017
6.0,eb1168,6.8,0.325,8,0.0411,0.0892
6.0,eb1168,6.8,0.325,9,0.0367,0.0756
6.0,eb1168,6.8,0.325,10,0.0326,0.0644
6.0,eb1168,6.8,0.325,11,0.0286,0.0536
6.0,eb1168,6.8,0.325,12,0.0262,0.0427
6.0,eb1168,6.8,0.325,13,0.0225,0.0349
6.0,eb1168,6.8,0.325,14,0.0174,0.0291
6.0,eb1168,6.8,0.325,15,0.0073,0.0307
6.0,eb1168,6.8,0.325,16,0.0008,0.0493
6.0,eb1168,6.8,0.33,0,0.188,0.5237
6.0,eb1168,6.8,0.33,1,0.2003,0.3437
6.0,eb1168,6.8,0.33,2,0.1187,0.2304
6.0,eb1168,6.8,0.33,3,0.087,0.1779
6.0,eb1168,6.8,0.33,4,0.0592,0.1488
6.0,eb1168,6.8,0.33,5,0.052,0.1286
6.0,eb1168,6.8,0.33,6,0.0454,0.1122
6.0,eb1168,6.8,0.33,7,0.0456,0.0984
6.0,eb1168,6.8,0.33,8,0.0393,0.0851
6.0,eb1168,6.8,0.33,9,0.0348,0.0738
6.0,eb1168,6.8,0.33,10,0.0319,0.0624
6.0,eb1168,6.8,0.33,11,0.0275,0.0519
6.0,eb1168,6.8,0.33,12,0.0252,0.0411
6.0,eb1168,6.8,0.33,13,0.022,0.0347
6.0,eb1168,6.8,0.33,14,0.0165,0.0277
6.0,eb1168,6.8,0.33,15,0.0062,0.0328
6.0,eb154,4.8,0.4,0,0.1915,0.5075
6.0,eb154,4.8,0.4,1,0.1543,0.3533
6.0,eb154,4.8,0.4,2,0.1024,0.2638
6.0,eb154,4.8,0.4,3,0.0798,0.2161
6.0,eb154,4.8,0.4,4,0.0568,0.1853
6.0,eb154,4.8,0.4,5,0.0531,0.1632
6.0,eb154,4.8,0.4,6,0.0498,0.1457
6.0,eb154,4.8,0.4,7,0.0461,0.1292
6.0,eb154,4.8,0.4,8,0.0409,0.1128
6.0,eb154,4.8,0.4,9,0.0405,0.1006
6.0,eb154,4.8,0.4,10,0.0395,0.0885
6.0,eb154,4.8,0.4,11,0.0355,0.0756
6.0,eb154,4.8,0.4,12,0.0323,0.0634
6.0,eb154,4.8,0.4,13,0.0295,0.0531
6.0,eb154,4.8,0.4,14,0.026,0.0431
6.0,eb154,4.8,0.4,15,0.0169,0.0349
6.0,eb154,4.8,0.4,16,0.0047,0.0446
6.0,eb154,4.8,0.405,0,0.2098,0.4977
6.0,eb154,4.8,0.405,1,0.1529,0.3391
6.0,eb154,4.8,0.405,2,0.0999,0.2536
6.0,eb154,4.8,0.405,3,0.0778,0.2087
6.0,eb154,4.8,0.405,4,0.0546,0.1794
6.0,eb154,4.8,0.405,5,0.0528,0.1586
6.0,eb154,4.8,0.405,6,0.0483,0.1419
6.0,eb154,4.8,0.405,7,0.0456,0.1256
6.0,eb154,4.8,0.405,8,0.0392,0.1104
6.0,eb154,4.8,0.405,9,0.0401,0.0979
6.0,eb154,4.8,0.405,10,0.0382,0.0873
6.0,eb154,4.8,0.405,11,0.0351,0.0733
6.0,eb154,4.8,0.405,12,0.0314,0.0627
6.0,eb154,4.8,0.405,13,0.0288,0.0518
6.0,eb154,4.8,0.405,14,0.0254,0.0413
6.0,eb154,4.8,0.405,15,0.0156,0.0352
6.0,eb154,4.8,0.405,16,0.0041,0.0475
6.0,eb154,4.8,0.41,0,0.2287,0.488
6.0,eb154,4.8,0.41,1,0.1502,0.3254
6.0,eb154,4.8,0.41,2,0.0983,0.2439
6.0,eb154,4.8,0.41,3,0.0761,0.2013
6.0,eb154,4.8,0.41,4,0.0519,0.1737
6.0,eb154,4.8,0.41,5,0.0519,0.1548
6.0,eb154,4.8,0.41,6,0.0471,0.1378
6.0,eb154,4.8,0.41,7,0.0442,0.1225
6.0,eb154,4.8,0.41,8,0.0389,0.1083
6.0,eb154,4.8,0.41,9,0.0397,0.0952
6.0,eb154,4.8,0.41,10,0.0369,0.0857
6.0,eb154,4.8,0.41,11,0.0346,0.0712
6.0,eb154,4.8,0.41,12,0.03,0.062
6.0,eb154,4.8,0.41,13,0.0284,0.0504
6.0,eb154,4.8,0.41,14,0.0246,0.0401
6.0,eb154,4.8,0.41,15,0.0148,0.0355
6.0,eb154,4.8,0.41,16,0.0035,0.0502
6.0,eb154,4.8,0.415,0,0.2468,0.479
6.0,eb154,4.8,0.415,1,0.1487,0.3119
6.0,eb154,4.8,0.415,2,0.0956,0.2347
6.0,eb154,4.8,0.415,3,0.0727,0.1948
6.0,eb154,4.8,0.415,4,0.0529,0.1688
6.0,eb154,4.8,0.415,5,0.0497,0.1501
6.0,eb154,4.8,0.415,6,0.0453,0.1343
6.0,eb154,4.8,0.415,7,0.0427,0.1198
6.0,eb154,4.8,0.415,8,0.0383,0.1055
6.0,eb154,4.8,0.415,9,0.0398,0.0937
6.0,eb154,4.8,0.415,10,0.0361,0.0837
6.0,eb154,4.8,0.415,11,0.0328,0.0694
6.0,eb154,4.8,0.415,12,0.0302,0.0615
6.0,eb154,4.8,0.415,13,0.0279,0.049
6.0,eb154,4.8,0.415,14,0.0232,0.0386
6.0,eb154,4.8,0.415,15,0.014,0.0362
6.0,eb154,4.8,0.415,16,0.003,0.0505
6.0,eb154,4.8,0.42,0,0.2654,0.4701
6.0,eb154,4.8,0.42,1,0.1454,0.299
6.0,eb154,4.8,0.42,2,0.0929,0.2266
6.0,eb154,4.8,0.42,3,0.071,0.1887
6.0,eb154,4.8,0.42,4,0.0521,0.1637
6.0,eb154,4.8,0.42,5,0.0483,0.1467
6.0,eb154,4.8,0.42,6,0.0443,0.1308
6.0,eb154,4.8,0.42,7,0.0414,0.1168
6.0,eb154,4.8,0.42,8,0.0377,0.1032
6.0,eb154,4.8,0.42,9,0.0383,0.0918
6.0,eb154,4.8,0.42,10,0.0359,0.0818
6.0,eb154,4.8,0.42,11,0.0322,0.068
6.0,eb154,4.8,0.42,12,0.0289,0.0604
6.0,eb154,4.8,0.42,13,0.028,0.0482
6.0,eb154,4.8,0.42,14,0.0225,0.0376
6.0,eb154,4.8,0.42,15,0.0126,0.0365
6.0,eb154,4.8,0.42,16,0.0027,0.052
6.0,eb154,5.2,0.365,0,0.1253,0.5471
6.0,eb154,5.2,0.365,1,0.1705,0.4015
6.0,eb154,5.2,0.365,2,0.1144,0.2959
6.0,eb154,5.2,0.365,3,0.0938,0.2334
6.0,eb154,5.2,0.365,4,0.0637,0.1959
6.0,eb154,5.2,0.365,5,0.0604,0.1696
6.0,eb154,5.2,0.365,6,0.0545,0.1489
6.0,eb154,5.2,0.365,7,0.0506,0.1304
6.0,eb154,5.2,0.365,8,0.0443,0.1123
6.0,eb154,5.2,0.365,9,0.0435,0.0987
6.0,eb154,5.2,0.365,10,0.0413,0.087
6.0,eb154,5.2,0.365,11,0.037,0.071
6.0,eb154,5.2,0.365,12,0.0326,0.0615
6.0,eb154,5.2,0.365,13,0.0299,0.0486
6.0,eb154,5.2,0.365,14,0.0239,0.0374
6.0,eb154,5.2,0.365,15,0.0122,0.0379
6.0,eb154,5.2,0.365,16,0.0019,0.052
6.0,eb154,5.2,0.37,0,0.1468,0.5332
6.0,eb154,5.2,0.37,1,0.1694,0.3838
6.0,eb154,5.2,0.37,2,0.1134,0.2812
6.0,eb154,5.2,0.37,3,0.0892,0.2235
6.0,eb154,5.2,0.37,4,0.0627,0.1886
6.0,eb154,5.2,0.37,5,0.0579,0.1638
6.0,eb154,5.2,0.37,6,0.0536,0.1441
6.0,eb154,5.2,0.37,7,0.0495,0.1262
6.0,eb154,5.2,0.37,8,0.0421,0.1095
6.0,eb154,5.2,0.37,9,0.0435,0.0958
6.0,eb154,5.2,0.37,10,0.0397,0.0846
6.0,eb154,5.2,0.37,11,0.0359,0.0692
6.0,eb154,5.2,0.37,12,0.0311,0.06
6.0,eb154,5.2,0.37,13,0.0298,0.0478
6.0,eb154,5.2,0.37,14,0.0229,0.0367
6.0,eb154,5.2,0.37,15,0.0108,0.0375
6.0,eb154,5.2,0.37,16,0.0015,0.0568
6.0,eb154,5.2,0.375,0,0.1695,0.5197
6.0,eb154,5.2,0.375,1,0.1676,0.3659
6.0,eb154,5.2,0.375,2,0.1114,0.2669
6.0,eb154,5.2,0.375,3,0.0863,0.2142
6.0,eb154,5.2,0.375,4,0.0593,0.1811
6.0,eb154,5.2,0.375,5,0.057,0.1585
6.0,eb154,5.2,0.375,6,0.0511,0.1395
6.0,eb154,5.2,0.375,7,0.0477,0.1226
6.0,eb154,5.2,0.375,8,0.0417,0.1068
6.0,eb154,5.2,0.375,9,0.0426,0.0934
6.0,eb154,5.2,0.375,10,0.0387,0.0825
6.0,eb154,5.2,0.375,11,0.0346,0.0676
6.0,eb154,5.2,0.375,12,0.0305,0.0587
6.0,eb154,5.2,0.375,13,0.0295,0.0469
6.0,eb154,5.2,0.375,14,0.0213,0.0354
6.0,eb154,5.2,0.375,15,0.0098,0.0379
6.0,eb154,5.2,0.375,16,0.0012,0.0592
6.0,eb154,5.2,0.38,0,0.1904,0.508
6.0,eb154,5.2,0.38,1,0.1665,0.3492
6.0,eb154,5.2,0.38,2,0.1082,0.2548
6.0,eb154,5.2,0.38,3,0.0839,0.2057
6.0,eb154,5.2,0.38,4,0.0569,0.1744
6.0,eb154,5.2,0.38,5,0.0561,0.1534
6.0,eb154,5.2,0.38,6,0.0492,0.1355
6.0,eb154,5.2,0.38,7,0.0463,0.1192
6.0,eb154,5.2,0.38,8,0.041,0.104
6.0,eb154,5.2,0.38,9,0.0414,0.0909
6.0,eb154,5.2,0.38,10,0.0375,0.0806
6.0,eb154,5.2,0.38,11,0.0338,0.0659
6.0,eb154,5.2,0.38,12,0.0302,0.0574
6.0,eb154,5.2,0.38,13,0.0284,0.045
6.0,eb154,5.2,0.38,14,0.0204,0.0354
6.0,eb154,5.2,0.38,15,0.0086,0.0391
6.0,eb154,5.2,0.38,16,0.001,0.0604
6.0,eb154,5.2,0.385,0,0.2117,0.4967
6.0,eb154,5.2,0.385,1,0.1642,0.3332
6.0,eb154,5.2,0.385,2,0.1053,0.2436
6.0,eb154,5.2,0.385,3,0.0808,0.1979
6.0,eb154,5.2,0.385,4,0.0573,0.1686
6.0,eb154,5.2,0.385,5,0.053,0.1485
6.0,eb154,5.2,0.385,6,0.0486,0.1313
6.0,eb154,5.2,0.385,7,0.044,0.1155
6.0,eb154,5.2,0.385,8,0.0396,0.1014
6.0,eb154,5.2,0.385,9,0.0414,0.0896
6.0,eb154,5.2,0.385,10,0.036,0.0778
6.0,eb154,5.2,0.385,11,0.0335,0.064
6.0,eb154,5.2,0.385,12,0.0289,0.0559
6.0,eb154,5.2,0.385,13,0.0278,0.0445
6.0,eb154,5.2,0.385,14,0.0193,0.0348
6.0,eb154,5.2,0.385,15,0.0075,0.0389
6.0,eb154,5.2,0.385,16,0.0009,0.0655
6.0,eb154,5.2,0.39,0,0.2332,0.4858
6.0,eb154,5.2,0.39,1,0.1616,0.3174
6.0,eb154,5.2,0.39,2,0.1024,0.2332
6.0,eb154,5.2,0.39,3,0.0776,0.1903
6.0,eb154,5.2,0.39,4,0.0561,0.1629
6.0,eb154,5.2,0.39,5,0.0509,0.1442
6.0,eb154,5.2,0.39,6,0.0478,0.1279
6.0,eb154,5.2,0.39,7,0.0419,0.1116
6.0,eb154,5.2,0.39,8,0.0404,0.0996
6.0,eb154,5.2,0.39,9,0.0398,0.0874
6.0,eb154,5.2,0.39,10,0.035,0.0753
6.0,eb154,5.2,0.39,11,0.0327,0.0632
6.0,eb154,5.2,0.39,12,0.0286,0.0537
6.0,eb154,5.2,0.39,13,0.0264,0.0431
6.0,eb154,5.2,0.39,14,0.018,0.0348
6.0,eb154,5.2,0.39,15,0.0068,0.0391
6.0,eb154,5.2,0.39,16,0.0007,0.0701
6.0,eb154,5.2,0.395,0,0.2547,0.4752
6.0,eb154,5.2,0.395,1,0.1577,0.3025
6.0,eb154,5.2,0.395,2,0.0994,0.2239
6.0,eb154,5.2,0.395,3,0.0756,0.1837
6.0,eb154,5.2,0.395,4,0.0539,0.1574
6.0,eb154,5.2,0.395,5,0.0503,0.1404
6.0,eb154,5.2,0.395,6,0.0463,0.1241
6.0,eb154,5.2,0.395,7,0.0405,0.1085
6.0,eb154,5.2,0.395,8,0.0397,0.097
6.0,eb154,5.2,0.395,9,0.0389,0.0856
6.0,eb154,5.2,0.395,10,0.0344,0.0728
6.0,eb154,5.2,0.395,11,0.0312,0.0616
6.0,eb154,5.2,0.395,12,0.0283,0.0526
6.0,eb154,5.2,0.395,13,0.0254,0.0424
6.0,eb154,5.2,0.395,14,0.017,0.0341
6.0,eb154,5.2,0.395,15,0.0059,0.0401
6.0,eb154,5.2,0.395,16,0.0006,0.0728
6.0,eb154,5.2,0.4,0,0.2755,0.4654
6.0,eb154,5.2,0.4,1,0.155,0.2881
6.0,eb154,5.2,0.4,2,0.0956,0.215
6.0,eb154,5.2,0.4,3,0.0728,0.177
6.0,eb154,5.2,0.4,4,0.0537,0.1528
6.0,eb154,5.2,0.4,5,0.0479,0.136
6.0,eb154,5.2,0.4,6,0.0457,0.1205
6.0,eb154,5.2,0.4,7,0.0384,0.1063
6.0,eb154,5.2,0.4,8,0.0403,0.0941
6.0,eb154,5.2,0.4,9,0.0373,0.0843
6.0,eb154,5.2,0.4,10,0.0342,0.0704
6.0,eb154,5.2,0.4,11,0.03,0.0606
6.0,eb154,5.2,0.4,12,0.0277,0.0505
6.0,eb154,5.2,0.4,13,0.0243,0.0411
6.0,eb154,5.2,0.4,14,0.0158,0.0339
6.0,eb154,5.2,0.4,15,0.0052,0.0427
6.0,eb154,5.6,0.345,0,0.1019,0.5639
6.0,eb154,5.6,0.345,1,0.1789,0.4182
6.0,eb154,5.6,0.345,2,0.125,0.3036
6.0,eb154,5.6,0.345,3,0.1013,0.2339
6.0,eb154,5.6,0.345,4,0.0678,0.1931
6.0,eb154,5.6,0.345,5,0.0629,0.1656
6.0,eb154,5.6,0.345,6,0.0576,0.1439
6.0,eb154,5.6,0.345,7,0.0523,0.1243
6.0,eb154,5.6,0.345,8,0.0447,0.107
6.0,eb154,5.6,0.345,9,0.0451,0.0928
6.0,eb154,5.6,0.345,10,0.0407,0.0806
6.0,eb154,5.6,0.345,11,0.0362,0.065
6.0,eb154,5.6,0.345,12,0.031,0.0556
6.0,eb154,5.6,0.345,13,0.0291,0.0438
6.0,eb154,5.6,0.345,14,0.0187,0.0346
6.0,eb154,5.6,0.345,15,0.0059,0.0405
6.0,eb154,5.6,0.35,0,0.1235,0.5484
6.0,eb154,5.6,0.35,1,0.1815,0.3985
6.0,eb154,5.6,0.35,2,0.1234,0.2859
6.0,eb154,5.6,0.35,3,0.0962,0.2223
6.0,eb154,5.6,0.35,4,0.0657,0.1847
6.0,eb154,5.6,0.35,5,0.0613,0.1592
6.0,eb154,5.6,0.35,6,0.0549,0.1385
6.0,eb154,5.6,0.35,7,0.05,0.1203
6.0,eb154,5.6,0.35,8,0.044,0.104
6.0,eb154,5.6,0.35,9,0.0442,0.0903
6.0,eb154,5.6,0.35,10,0.039,0.0779
6.0,eb154,5.6,0.35,11,0.0353,0.0636
6.0,eb154,5.6,0.35,12,0.031,0.0531
6.0,eb154,5.6,0.35,13,0.0272,0.0424
6.0,eb154,5.6,0.35,14,0.0172,0.0337
6.0,eb154,5.6,0.35,15,0.0051,0.0435
6.0,eb154,5.6,0.355,0,0.1473,0.5329
6.0,eb154,5.6,0.355,1,0.182,0.3783
6.0,eb154,5.6,0.355,2,0.1205,0.2693
6.0,eb154,5.6,0.355,3,0.0917,0.2119
6.0,eb154,5.6,0.355,4,0.0624,0.1769
6.0,eb154,5.6,0.355,5,0.0602,0.1536
6.0,eb154,5.6,0.355,6,0.0528,0.1336
6.0,eb154,5.6,0.355,7,0.048,0.1168
6.0,eb154,5.6,0.355,8,0.0429,0.1007
6.0,eb154,5.6,0.355,9,0.0436,0.0884
6.0,eb154,5.6,0.355,10,0.0378,0.0744
6.0,eb154,5.6,0.355,11,0.0341,0.0624
6.0,eb154,5.6,0.355,12,0.03,0.0512
6.0,eb154,5.6,0.355,13,0.0261,0.041
6.0,eb154,5.6,0.355,14,0.0159,0.0345
6.0,eb154,5.6,0.355,15,0.0042,0.0459
6.0,eb154,5.6,0.36,0,0.1723,0.518
6.0,eb154,5.6,0.36,1,0.1796,0.3588
6.0,eb154,5.6,0.36,2,0.1165,0.2555
6.0,eb154,5.6,0.36,3,0.0887,0.2026
6.0,eb154,5.6,0.36,4,0.062,0.1698
6.0,eb154,5.6,0.36,5,0.0567,0.1478
6.0,eb154,5.6,0.36,6,0.0514,0.1295
6.0,eb154,5.6,0.36,7,0.0454,0.1117
6.0,eb154,5.6,0.36,8,0.0432,0.0986
6.0,eb154,5.6,0.36,9,0.0423,0.0858
6.0,eb154,5.6,0.36,10,0.0367,0.0719
6.0,eb154,5.6,0.36,11,0.0324,0.0609
6.0,eb154,5.6,0.36,12,0.0294,0.0497
6.0,eb154,5.6,0.36,13,0.025,0.0391
6.0,eb154,5.6,0.36,14,0.0146,0.0352
6.0,eb154,5.6,0.36,15,0.0034,0.0481
6.0,eb154,5.6,0.365,0,0.1971,0.5044
6.0,eb154,5.6,0.365,1,0.1769,0.3399
6.0,eb154,5.6,0.365,2,0.1132,0.2424
6.0,eb154,5.6,0.365,3,0.0846,0.1939
6.0,eb154,5.6,0.365,4,0.0605,0.1631
6.0,eb154,5.6,0.365,5,0.0545,0.1431
6.0,eb154,5.6,0.365,6,0.0506,0.1253
6.0,eb154,5.6,0.365,7,0.0431,0.1083
6.0,eb154,5.6,0.365,8,0.0432,0.0953
6.0,eb154,5.6,0.365,9,0.04,0.0839
6.0,eb154,5.6,0.365,10,0.0362,0.069
6.0,eb154,5.6,0.365,11,0.0314,0.0602
6.0,eb154,5.6,0.365,12,0.0288,0.048
6.0,eb154,5.6,0.365,13,0.0234,0.0376
6.0,eb154,5.6,0.365,14,0.0134,0.0356
6.0,eb154,5.6,0.365,15,0.0028,0.05
6.0,eb154,5.6,0.37,0,0.2199,0.4925
6.0,eb154,5.6,0.37,1,0.1754,0.3225
6.0,eb154,5.6,0.37,2,0.1092,0.2311
6.0,eb154,5.6,0.37,3,0.0823,0.1857
6.0,eb154,5.6,0.37,4,0.0577,0.1569
6.0,eb154,5.6,0.37,5,0.0536,0.1383
6.0,eb154,5.6,0.37,6,0.0487,0.1208
6.0,eb154,5.6,0.37,7,0.0417,0.1057
6.0,eb154,5.6,0.37,8,0.0429,0.0921
6.0,eb154,5.6,0.37,9,0.0386,0.0815
6.0,eb154,5.6,0.37,10,0.0346,0.0671
6.0,eb154,5.6,0.37,11,0.0301,0.0587
6.0,eb154,5.6,0.37,12,0.0285,0.0468
6.0,eb154,5.6,0.37,13,0.0225,0.0364
6.0,eb154,5.6,0.37,14,0.0119,0.0356
6.0,eb154,5.6,0.37,15,0.0024,0.0533
6.0,eb154,6.0,0.325,0,0.0639,0.5968
6.0,eb154,6.0,0.325,1,0.1808,0.4526
6.0,eb154,6.0,0.325,2,0.1399,0.3264
6.0,eb154,6.0,0.325,3,0.1113,0.2439
6.0,eb154,6.0,0.325,4,0.0736,0.1975
6.0,eb154,6.0,0.325,5,0.0682,0.1669
6.0,eb154,6.0,0.325,6,0.0616,0.1431
6.0,eb154,6.0,0.325,7,0.054,0.1225
6.0,eb154,6.0,0.325,8,0.0476,0.1045
6.0,eb154,6.0,0.325,9,0.0474,0.0898
6.0,eb154,6.0,0.325,10,0.0407,0.0754
6.0,eb154,6.0,0.325,11,0.0365,0.0621
6.0,eb154,6.0,0.325,12,0.0314,0.0504
6.0,eb154,6.0,0.325,13,0.026,0.0387
6.0,eb154,6.0,0.325,14,0.0142,0.0355
6.0,eb154,6.0,0.325,15,0.0027,0.0511
6.0,eb154,6.0,0.33,0,0.0859,0.5764
6.0,eb154,6.0,0.33,1,0.1887,0.4286
6.0,eb154,6.0,0.33,2,0.1346,0.305
6.0,eb154,6.0,0.33,3,0.1066,0.2303
6.0,eb154,6.0,0.33,4,0.0716,0.1881
6.0,eb154,6.0,0.33,5,0.0655,0.1594
6.0,eb154,6.0,0.33,6,0.0582,0.1373
6.0,eb154,6.0,0.33,7,0.0524,0.1182
6.0,eb154,6.0,0.33,8,0.0466,0.1006
6.0,eb154,6.0,0.33,9,0.0452,0.0871
6.0,eb154,6.0,0.33,10,0.0402,0.0726
6.0,eb154,6.0,0.33,11,0.0343,0.0602
6.0,eb154,6.0,0.33,12,0.0307,0.0485
6.0,eb154,6.0,0.33,13,0.0247,0.0373
6.0,eb154,6.0,0.33,14,0.0123,0.0359
6.0,eb154,6.0,0.33,15,0.0021,0.0533
6.0,eb154,6.0,0.335,0,0.1092,0.5585
6.0,eb154,6.0,0.335,1,0.1936,0.4058
6.0,eb154,6.0,0.335,2,0.131,0.2847
6.0,eb154,6.0,0.335,3,0.1018,0.2181
6.0,eb154,6.0,0.335,4,0.0673,0.1785
6.0,eb154,6.0,0.335,5,0.0642,0.1532
6.0,eb154,6.0,0.335,6,0.0565,0.132
6.0,eb154,6.0,0.335,7,0.0486,0.1129
6.0,eb154,6.0,0.335,8,0.0466,0.098
6.0,eb154,6.0,0.335,9,0.0439,0.0848
6.0,eb154,6.0,0.335,10,0.0382,0.0689
6.0,eb154,6.0,0.335,11,0.0328,0.0594
6.0,eb154,6.0,0.335,12,0.0307,0.0468
6.0,eb154,6.0,0.335,13,0.023,0.0359
6.0,eb154,6.0,0.335,14,0.0108,0.0367
6.0,eb154,6.0,0.335,15,0.0015,0.0556
6.0,eb154,6.0,0.34,0,0.1348,0.5408
6.0,eb154,6.0,0.34,1,0.1943,0.3837
6.0,eb154,6.0,0.34,2,0.1278,0.2671
6.0,eb154,6.0,0.34,3,0.097,0.2066
6.0,eb154,6.0,0.34,4,0.0661,0.1703
6.0,eb154,6.0,0.34,5,0.0598,0.1466
6.0,eb154,6.0,0.34,6,0.0547,0.1274
6.0,eb154,6.0,0.34,7,0.0468,0.1088
6.0,eb154,6.0,0.34,8,0.0463,0.0941
6.0,eb154,6.0,0.34,9,0.0418,0.0822
6.0,eb154,6.0,0.34,10,0.0366,0.0669
6.0,eb154,6.0,0.34,11,0.0318,0.0575
6.0,eb154,6.0,0.34,12,0.0301,0.0455
6.0,eb154,6.0,0.34,13,0.021,0.0348
6.0,eb154,6.0,0.34,14,0.0094,0.0368
6.0,eb154,6.0,0.34,15,0.0012,0.058
6.0,eb154,6.0,0.345,0,0.162,0.524
6.0,eb154,6.0,0.345,1,0.1925,0.362
6.0,eb154,6.0,0.345,2,0.1238,0.2518
6.0,eb154,6.0,0.345,3,0.0919,0.1966
6.0,eb154,6.0,0.345,4,0.0647,0.1629
6.0,eb154,6.0,0.345,5,0.0579,0.1413
6.0,eb154,6.0,0.345,6,0.053,0.1221
6.0,eb154,6.0,0.345,7,0.0448,0.1053
6.0,eb154,6.0,0.345,8,0.0451,0.0911
6.0,eb154,6.0,0.345,9,0.0401,0.0797
6.0,eb154,6.0,0.345,10,0.0356,0.0648
6.0,eb154,6.0,0.345,11,0.0311,0.056
6.0,eb154,6.0,0.345,12,0.0287,0.0437
6.0,eb154,6.0,0.345,13,0.02,0.0344
6.0,eb154,6.0,0.345,14,0.0079,0.0383
6.0,eb154,6.0,0.345,15,0.001,0.0605
6.0,eb154,6.0,0.35,0,0.1891,0.5087
6.0,eb154,6.0,0.35,1,0.1895,0.3413
6.0,eb154,6.0,0.35,2,0.1196,0.2379
6.0,eb154,6.0,0.35,3,0.0887,0.1872
6.0,eb154,6.0,0.35,4,0.0619,0.1559
6.0,eb154,6.0,0.35,5,0.0556,0.1359
6.0,eb154,6.0,0.35,6,0.0501,0.1181
6.0,eb154,6.0,0.35,7,0.0444,0.102
6.0,eb154,6.0,0.35,8,0.0435,0.0886
6.0,eb154,6.0,0.35,9,0.0386,0.0772
6.0,eb154,6.0,0.35,10,0.0353,0.0624
6.0,eb154,6.0,0.35,11,0.0299,0.054
6.0,eb154,6.0,0.35,12,0.0276,0.0426
6.0,eb154,6.0,0.35,13,0.0184,0.0342
6.0,eb154,6.0,0.35,14,0.0069,0.038
6.0,eb154,6.0,0.35,15,0.0008,0.0681
6.0,eb154,6.4,0.315,0,0.0597,0.6012
6.0,eb154,6.4,0.315,1,0.1929,0.4513
6.0,eb154,6.4,0.315,2,0.1469,0.3175
6.0,eb154,6.4,0.315,3,0.1148,0.2338
6.0,eb154,6.4,0.315,4,0.0759,0.1875
6.0,eb154,6.4,0.315,5,0.0694,0.1575
6.0,eb154,6.4,0.315,6,0.0607,0.1342
6.0,eb154,6.4,0.315,7,0.0526,0.1136
6.0,eb154,6.4,0.315,8,0.0494,0.0971
6.0,eb154,6.4,0.315,9,0.0461,0.0832
6.0,eb154,6.4,0.315,10,0.0389,0.0669
6.0,eb154,6.4,0.315,11,0.0339,0.0566
6.0,eb154,6.4,0.315,12,0.0304,0.044
6.0,eb154,6.4,0.315,13,0.0205,0.0344
6.0,eb154,6.4,0.315,14,0.0072,0.0382
6.0,eb154,6.4,0.315,15,0.0007,0.0673
6.0,eb154,6.4,0.32,0,0.0839,0.578
6.0,eb154,6.4,0.32,1,0.2007,0.4254
6.0,eb154,6.4,0.32,2,0.1423,0.2945
6.0,eb154,6.4,0.32,3,0.1089,0.2199
6.0,eb154,6.4,0.32,4,0.0716,0.1774
6.0,eb154,6.4,0.32,5,0.0674,0.1509
6.0,eb154,6.4,0.32,6,0.0584,0.1286
6.0,eb154,6.4,0.32,7,0.0499,0.1088
6.0,eb154,6.4,0.32,8,0.0494,0.0929
6.0,eb154,6.4,0.32,9,0.0427,0.0803
6.0,eb154,6.4,0.32,10,0.038,0.0645
6.0,eb154,6.4,0.32,11,0.0322,0.0545
6.0,eb154,6.4,0.32,12,0.0295,0.0426
6.0,eb154,6.4,0.32,13,0.0185,0.034
6.0,eb154,6.4,0.32,14,0.0059,0.0397
6.0,eb154,6.4,0.325,0,0.1092,0.5585
6.0,eb154,6.4,0.325,1,0.206,0.4007
6.0,eb154,6.4,0.325,2,0.1382,0.2735
6.0,eb154,6.4,0.325,3,0.1027,0.207
6.0,eb154,6.4,0.325,4,0.07,0.1684
6.0,eb154,6.4,0.325,5,0.0629,0.1439
6.0,eb154,6.4,0.325,6,0.0567,0.1228
6.0,eb154,6.4,0.325,7,0.0479,0.1046
6.0,eb154,6.4,0.325,8,0.0468,0.0898
6.0,eb154,6.4,0.325,9,0.0415,0.0776
6.0,eb154,6.4,0.325,10,0.0368,0.0627
6.0,eb154,6.4,0.325,11,0.0319,0.052
6.0,eb154,6.4,0.325,12,0.0273,0.041
6.0,eb154,6.4,0.325,13,0.017,0.0332
6.0,eb154,6.4,0.325,14,0.0048,0.0428
6.0,eb154,6.4,0.33,0,0.1378,0.5389
6.0,eb154,6.4,0.33,1,0.2064,0.3764
6.0,eb154,6.4,0.33,2,0.1326,0.2556
6.0,eb154,6.4,0.33,3,0.0977,0.1958
6.0,eb154,6.4,0.33,4,0.0674,0.1604
6.0,eb154,6.4,0.33,5,0.0603,0.1379
6.0,eb154,6.4,0.33,6,0.0539,0.1181
6.0,eb154,6.4,0.33,7,0.0463,0.1013
6.0,eb154,6.4,0.33,8,0.0469,0.0869
6.0,eb154,6.4,0.33,9,0.0395,0.0735
6.0,eb154,6.4,0.33,10,0.0354,0.0609
6.0,eb154,6.4,0.33,11,0.0304,0.0498
6.0,eb154,6.4,0.33,12,0.0259,0.0393
6.0,eb154,6.4,0.33,13,0.0153,0.0335
6.0,eb154,6.4,0.33,14,0.0037,0.0469
6.0,eb154,6.8,0.305,0,0.0505,0.6118
6.0,eb154,6.8,0.305,1,0.1991,0.4576
6.0,eb154,6.8,0.305,2,0.1553,0.3166
6.0,eb154,6.8,0.305,3,0.1205,0.2292
6.0,eb154,6.8,0.305,4,0.0775,0.1813
6.0,eb154,6.8,0.305,5,0.0717,0.1518
6.0,eb154,6.8,0.305,6,0.062,0.1279
6.0,eb154,6.8,0.305,7,0.0522,0.1071
6.0,eb154,6.8,0.305,8,0.0505,0.0906
6.0,eb154,6.8,0.305,9,0.0441,0.0775
6.0,eb154,6.8,0.305,10,0.0384,0.0616
6.0,eb154,6.8,0.305,11,0.033,0.0505
6.0,eb154,6.8,0.305,12,0.0271,0.0386
6.0,eb154,6.8,0.305,13,0.0149,0.0346
6.0,eb154,6.8,0.305,14,0.003,0.0487
6.0,eb154,6.8,0.31,0,0.0743,0.5866
6.0,eb154,6.8,0.31,1,0.2106,0.43
6.0,eb154,6.8,0.31,2,0.1505,0.2914
6.0,eb154,6.8,0.31,3,0.1132,0.2141
6.0,eb154,6.8,0.31,4,0.0753,0.1706
6.0,eb154,6.8,0.31,5,0.0664,0.1439
6.0,eb154,6.8,0.31,6,0.0591,0.1217
6.0,eb154,6.8,0.31,7,0.0503,0.103
6.0,eb154,6.8,0.31,8,0.0496,0.0875
6.0,eb154,6.8,0.31,9,0.0419,0.0731
6.0,eb154,6.8,0.31,10,0.0362,0.06
6.0,eb154,6.8,0.31,11,0.0321,0.0482
6.0,eb154,6.8,0.31,12,0.025,0.0365
6.0,eb154,6.8,0.31,13,0.0128,0.0349
6.0,eb154,6.8,0.31,14,0.0023,0.052
6.0,eb154,6.8,0.315,0,0.1017,0.5641
6.0,eb154,6.8,0.315,1,0.2161,0.4031
6.0,eb154,6.8,0.315,2,0.1454,0.2694
6.0,eb154,6.8,0.315,3,0.1062,0.201
6.0,eb154,6.8,0.315,4,0.0721,0.1616
6.0,eb154,6.8,0.315,5,0.0643,0.1373
6.0,eb154,6.8,0.315,6,0.0558,0.1165
6.0,eb154,6.8,0.315,7,0.0491,0.0985
6.0,eb154,6.8,0.315,8,0.0475,0.0845
6.0,eb154,6.8,0.315,9,0.0407,0.0692
6.0,eb154,6.8,0.315,10,0.0342,0.0583
6.0,eb154,6.8,0.315,11,0.031,0.046
6.0,eb154,6.8,0.315,12,0.0233,0.0353
6.0,eb154,6.8,0.315,13,0.0109,0.0359
6.0,eb154,6.8,0.315,14,0.0016,0.0533
6.25,eb1168,6.0,0.395,0,0.3079,0.3352
6.25,eb1168,6.0,0.395,1,0.1321,0.1832
6.25,eb1168,6.0,0.395,2,0.0823,0.1494
6.25,eb1168,6.0,0.395,3,0.0651,0.1292
6.25,eb1168,6.0,0.395,4,0.0489,0.1159
6.25,eb1168,6.0,0.395,5,0.0455,0.1066
6.25,eb1168,6.0,0.395,6,0.0432,0.0973
6.25,eb1168,6.0,0.395,7,0.0382,0.087
6.25,eb1168,6.0,0.395,8,0.0381,0.0805
6.25,eb1168,6.0,0.395,9,0.0382,0.0731
6.25,eb1168,6.0,0.395,10,0.0346,0.0644
6.25,eb1168,6.0,0.395,11,0.032,0.0564
6.25,eb1168,6.0,0.395,12,0.0292,0.0493
6.25,eb1168,6.0,0.395,13,0.0271,0.0416
6.25,eb1168,6.0,0.395,14,0.0214,0.033
6.25,eb1168,6.0,0.395,15,0.013,0.0328
6.25,eb1168,6.0,0.395,16,0.0029,0.0569
6.25,eb1168,6.0,0.4,0,0.3249,0.3282
6.25,eb1168,6.0,0.4,1,0.1292,0.1769
6.25,eb1168,6.0,0.4,2,0.0801,0.1451
6.25,eb1168,6.0,0.4,3,0.0632,0.126
6.25,eb1168,6.0,0.4,4,0.0487,0.1133
6.25,eb1168,6.0,0.4,5,0.0437,0.104
6.25,eb1168,6.0,0.4,6,0.0425,0.095
6.25,eb1168,6.0,0.4,7,0.0369,0.0859
6.25,eb1168,6.0,0.4,8,0.0384,0.0784
6.25,eb1168,6.0,0.4,9,0.0371,0.0721
6.25,eb1168,6.0,0.4,10,0.034,0.0629
6.25,eb1168,6.0,0.4,11,0.0313,0.0551
6.25,eb1168,6.0,0.4,12,0.0286,0.0483
6.25,eb1168,6.0,0.4,13,0.0263,0.04
6.25,eb1168,6.0,0.4,14,0.0205,0.0331
6.25,eb1168,6.0,0.4,15,0.0117,0.0331
6.25,eb1168,6.0,0.4,16,0.0027,0.0578
6.25,eb1168,6.0,0.405,0,0.3411,0.3218
6.25,eb1168,6.0,0.405,1,0.1267,0.1712
6.25,eb1168,6.0,0.405,2,0.078,0.1409
6.25,eb1168,6.0,0.405,3,0.0636,0.1228
6.25,eb1168,6.0,0.405,4,0.046,0.1102
6.25,eb1168,6.0,0.405,5,0.0428,0.1015
6.25,eb1168,6.0,0.405,6,0.0408,0.0928
6.25,eb1168,6.0,0.405,7,0.0367,0.0844
6.25,eb1168,6.0,0.405,8,0.0383,0.0766
6.25,eb1168,6.0,0.405,9,0.0358,0.0711
6.25,eb1168,6.0,0.405,10,0.0333,0.061
6.25,eb1168,6.0,0.405,11,0.03,0.0549
6.25,eb1168,6.0,0.405,12,0.0285,0.0472
6.25,eb1168,6.0,0.405,13,0.0252,0.0386
6.25,eb1168,6.0,0.405,14,0.0202,0.0329
6.25,eb1168,6.0,0.405,15,0.0106,0.0342
6.25,eb1168,6.0,0.405,16,0.0023,0.0595
6.25,eb1168,6.4,0.35,0,0.184,0.3985
6.25,eb1168,6.4,0.35,1,0.1569,0.2394
6.25,eb1168,6.4,0.35,2,0.1037,0.1807
6.25,eb1168,6.4,0.35,3,0.0809,0.1525
6.25,eb1168,6.4,0.35,4,0.0569,0.1334
6.25,eb1168,6.4,0.35,5,0.0558,0.1196
6.25,eb1168,6.4,0.35,6,0.0507,0.1081
6.25,eb1168,6.4,0.35,7,0.0477,0.097
6.25,eb1168,6.4,0.35,8,0.042,0.0862
6.25,eb1168,6.4,0.35,9,0.0437,0.0774
6.25,eb1168,6.4,0.35,10,0.0397,0.0697
6.25,eb1168,6.4,0.35,11,0.0359,0.0587
6.25,eb1168,6.4,0.35,12,0.0322,0.0518
6.25,eb1168,6.4,0.35,13,0.0302,0.043
6.25,eb1168,6.4,0.35,14,0.0234,0.0328
6.25,eb1168,6.4,0.35,15,0.0133,0.0332
6.25,eb1168,6.4,0.35,16,0.0028,0.0569
6.25,eb1168,6.4,0.355,0,0.2062,0.3852
6.25,eb1168,6.4,0.355,1,0.1544,0.227
6.25,eb1168,6.4,0.355,2,0.1001,0.174
6.25,eb1168,6.4,0.355,3,0.0795,0.1472
6.25,eb1168,6.4,0.355,4,0.0548,0.1289
6.25,eb1168,6.4,0.355,5,0.0549,0.1163
6.25,eb1168,6.4,0.355,6,0.0488,0.1051
6.25,eb1168,6.4,0.355,7,0.046,0.0944
6.25,eb1168,6.4,0.355,8,0.0416,0.0844
6.25,eb1168,6.4,0.355,9,0.0422,0.0757
6.25,eb1168,6.4,0.355,10,0.0386,0.0679
6.25,eb1168,6.4,0.355,11,0.0352,0.0574
6.25,eb1168,6.4,0.355,12,0.0318,0.0504
6.25,eb1168,6.4,0.355,13,0.0291,0.041
6.25,eb1168,6.4,0.355,14,0.0223,0.033
6.25,eb1168,6.4,0.355,15,0.012,0.0337
6.25,eb1168,6.4,0.355,16,0.0023,0.0595
6.25,eb1168,6.4,0.36,0,0.2282,0.3729
6.25,eb1168,6.4,0.36,1,0.1514,0.2159
6.25,eb1168,6.4,0.36,2,0.0974,0.1673
6.25,eb1168,6.4,0.36,3,0.0766,0.1423
6.25,eb1168,6.4,0.36,4,0.0552,0.1252
6.25,eb1168,6.4,0.36,5,0.052,0.1128
6.25,eb1168,6.4,0.36,6,0.0478,0.1021
6.25,eb1168,6.4,0.36,7,0.0439,0.0916
6.25,eb1168,6.4,0.36,8,0.0406,0.0823
6.25,eb1168,6.4,0.36,9,0.0423,0.0745
6.25,eb1168,6.4,0.36,10,0.0367,0.0655
6.25,eb1168,6.4,0.36,11,0.0343,0.0565
6.25,eb1168,6.4,0.36,12,0.0313,0.0488
6.25,eb1168,6.4,0.36,13,0.0275,0.0402
6.25,eb1168,6.4,0.36,14,0.0218,0.0328
6.25,eb1168,6.4,0.36,15,0.0106,0.0347
6.25,eb1168,6.4,0.36,16,0.0021,0.0601
6.25,eb1168,6.4,0.365,0,0.2501,0.3616
6.25,eb1168,6.4,0.365,1,0.1473,0.206
6.25,eb1168,6.4,0.365,2,0.0955,0.1614
6.25,eb1168,6.4,0.365,3,0.0735,0.1375
6.25,eb1168,6.4,0.365,4,0.0543,0.1213
6.25,eb1168,6.4,0.365,5,0.05,0.11
6.25,eb1168,6.4,0.365,6,0.0473,0.0998
6.25,eb1168,6.4,0.365,7,0.0416,0.0886
6.25,eb1168,6.4,0.365,8,0.0413,0.081
6.25,eb1168,6.4,0.365,9,0.0407,0.0728
6.25,eb1168,6.4,0.365,10,0.0362,0.0636
6.25,eb1168,6.4,0.365,11,0.0332,0.0556
6.25,eb1168,6.4,0.365,12,0.0304,0.0477
6.25,eb1168,6.4,0.365,13,0.0266,0.0386
6.25,eb1168,6.4,0.365,14,0.0208,0.0323
6.25,eb1168,6.4,0.365,15,0.0092,0.0353
6.25,eb1168,6.4,0.365,16,0.0018,0.0648
6.25,eb1168,6.4,0.37,0,0.2709,0.3515
6.25,eb1168,6.4,0.37,1,0.1451,0.1968
6.25,eb1168,6.4,0.37,2,0.0915,0.1555
6.25,eb1168,6.4,0.37,3,0.0722,0.1333
6.25,eb1168,6.4,0.37,4,0.0521,0.1176
6.25,eb1168,6.4,0.37,5,0.049,0.1074
6.25,eb1168,6.4,0.37,6,0.0459,0.0971
6.25,eb1168,6.4,0.37,7,0.0404,0.0864
6.25,eb1168,6.4,0.37,8,0.0407,0.0789
6.25,eb1168,6.4,0.37,9,0.0392,0.0721
6.25,eb1168,6.4,0.37,10,0.0358,0.0613
6.25,eb1168,6.4,0.37,11,0.0318,0.055
6.25,eb1168,6.4,0.37,12,0.03,0.0462
6.25,eb1168,6.4,0.37,13,0.0255,0.0378
6.25,eb1168,6.4,0.37,14,0.0197,0.0312
6.25,eb1168,6.4,0.37,15,0.0085,0.0375
6.25,eb1168,6.4,0.37,16,0.0015,0.0649
6.25,eb1168,6.4,0.375,0,0.2918,0.3421
6.25,eb1168,6.4,0.375,1,0.1419,0.188
6.25,eb1168,6.4,0.375,2,0.0886,0.1504
6.25,eb1168,6.4,0.375,3,0.0688,0.1287
6.25,eb1168,6.4,0.375,4,0.0519,0.1146
6.25,eb1168,6.4,0.375,5,0.047,0.1044
6.25,eb1168,6.4,0.375,6,0.0452,0.0944
6.25,eb1168,6.4,0.375,7,0.0394,0.085
6.25,eb1168,6.4,0.375,8,0.0403,0.0769
6.25,eb1168,6.4,0.375,9,0.0378,0.0705
6.25,eb1168,6.4,0.375,10,0.035,0.0596
6.25,eb1168,6.4,0.375,11,0.0306,0.0539
6.25,eb1168,6.4,0.375,12,0.0299,0.0457
6.25,eb1168,6.4,0.375,13,0.0241,0.0369
6.25,eb1168,6.4,0.375,14,0.0189,0.0302
6.25,eb1168,6.4,0.375,15,0.0075,0.0399
6.25,eb1168,6.4,0.375,16,0.0012,0.067
6.25,eb1168,6.4,0.38,0,0.3103,0.3341
6.25,eb1168,6.4,0.38,1,0.1396,0.1809
6.25,eb1168,6.4,0.38,2,0.0859,0.1454
6.25,eb1168,6.4,0.38,3,0.0681,0.1249
6.25,eb1168,6.4,0.38,4,0.0499,0.1112
6.25,eb1168,6.4,0.38,5,0.0454,0.1016
6.25,eb1168,6.4,0.38,6,0.0431,0.0922
6.25,eb1168,6.4,0.38,7,0.039,0.083
6.25,eb1168,6.4,0.38,8,0.04,0.0753
6.25,eb1168,6.4,0.38,9,0.0369,0.0688
6.25,eb1168,6.4,0.38,10,0.0334,0.0585
6.25,eb1168,6.4,0.38,11,0.03,0.0531
6.25,eb1168,6.4,0.38,12,0.0299,0.0442
6.25,eb1168,6.4,0.38,13,0.0229,0.0361
6.25,eb1168,6.4,0.38,14,0.0181,0.0301
6.25,eb1168,6.4,0.38,15,0.0063,0.0411
6.25,eb1168,6.4,0.38,16,0.0011,0.0688
6.25,eb1168,6.8,0.325,0,0.1123,0.4498
6.25,eb1168,6.8,0.325,1,0.1721,0.2859
6.25,eb1168,6.8,0.325,2,0.1141,0.2031
6.25,eb1168,6.8,0.325,3,0.0948,0.1659
6.25,eb1168,6.8,0.325,4,0.0647,0.1429
6.25,eb1168,6.8,0.325,5,0.0617,0.1261
6.25,eb1168,6.8,0.325,6,0.0564,0.1125
6.25,eb1168,6.8,0.325,7,0.0525,0.1
6.25,eb1168,6.8,0.325,8,0.046,0.0876
6.25,eb1168,6.8,0.325,9,0.046,0.078
6.25,eb1168,6.8,0.325,10,0.0423,0.0697
6.25,eb1168,6.8,0.325,11,0.038,0.058
6.25,eb1168,6.8,0.325,12,0.0335,0.0509
6.25,eb1168,6.8,0.325,13,0.0307,0.0405
6.25,eb1168,6.8,0.325,14,0.0228,0.0328
6.25,eb1168,6.8,0.325,15,0.0103,0.0351
6.25,eb1168,6.8,0.325,16,0.0018,0.0644
6.25,eb1168,6.8,0.33,0,0.1371,0.4304
6.25,eb1168,6.8,0.33,1,0.171,0.2669
6.25,eb1168,6.8,0.33,2,0.1127,0.1927
6.25,eb1168,6.8,0.33,3,0.0893,0.1588
6.25,eb1168,6.8,0.33,4,0.0635,0.1376
6.25,eb1168,6.8,0.33,5,0.0591,0.1215
6.25,eb1168,6.8,0.33,6,0.0553,0.109
6.25,eb1168,6.8,0.33,7,0.0499,0.0968
6.25,eb1168,6.8,0.33,8,0.0449,0.0856
6.25,eb1168,6.8,0.33,9,0.0451,0.0762
6.25,eb1168,6.8,0.33,10,0.041,0.0678
6.25,eb1168,6.8,0.33,11,0.0369,0.0568
6.25,eb1168,6.8,0.33,12,0.0331,0.0488
6.25,eb1168,6.8,0.33,13,0.0287,0.0395
6.25,eb1168,6.8,0.33,14,0.0217,0.0321
6.25,eb1168,6.8,0.33,15,0.009,0.0369
6.25,eb1168,6.8,0.33,16,0.0015,0.0659
6.25,eb1168,6.8,0.335,0,0.1627,0.4123
6.25,eb1168,6.8,0.335,1,0.1684,0.2497
6.25,eb1168,6.8,0.335,2,0.1104,0.1834
6.25,eb1168,6.8,0.335,3,0.0863,0.1527
6.25,eb1168,6.8,0.335,4,0.0604,0.1319
6.25,eb1168,6.8,0.335,5,0.0581,0.1178
6.25,eb1168,6.8,0.335,6,0.0524,0.1054
6.25,eb1168,6.8,0.335,7,0.0486,0.0941
6.25,eb1168,6.8,0.335,8,0.0432,0.0835
6.25,eb1168,6.8,0.335,9,0.0451,0.0745
6.25,eb1168,6.8,0.335,10,0.0394,0.0651
6.25,eb1168,6.8,0.335,11,0.0357,0.0559
6.25,eb1168,6.8,0.335,12,0.0323,0.0475
6.25,eb1168,6.8,0.335,13,0.0273,0.0382
6.25,eb1168,6.8,0.335,14,0.0205,0.0308
6.25,eb1168,6.8,0.335,15,0.0079,0.0401
6.25,eb1168,6.8,0.335,16,0.0012,0.0676
6.25,eb1168,6.8,0.34,0,0.1874,0.3964
6.25,eb1168,6.8,0.34,1,0.1658,0.2349
6.25,eb1168,6.8,0.34,2,0.107,0.1756
6.25,eb1168,6.8,0.34,3,0.0841,0.1466
6.25,eb1168,6.8,0.34,4,0.0584,0.1273
6.25,eb1168,6.8,0.34,5,0.0563,0.1141
6.25,eb1168,6.8,0.34,6,0.0508,0.1021
6.25,eb1168,6.8,0.34,7,0.0461,0.0908
6.25,eb1168,6.8,0.34,8,0.0434,0.0816
6.25,eb1168,6.8,0.34,9,0.0435,0.0729
6.25,eb1168,6.8,0.34,10,0.0383,0.0628
6.25,eb1168,6.8,0.34,11,0.034,0.0549
6.25,eb1168,6.8,0.34,12,0.0313,0.0459
6.25,eb1168,6.8,0.34,13,0.0264,0.0371
6.25,eb1168,6.8,0.34,14,0.0194,0.0305
6.25,eb1168,6.8,0.34,15,0.0067,0.0415
6.25,eb1168,6.8,0.34,16,0.0009,0.0697
6.25,eb1168,6.8,0.345,0,0.2113,0.3823
6.25,eb1168,6.8,0.345,1,0.1627,0.2221
6.25,eb1168,6.8,0.345,2,0.1043,0.1682
6.25,eb1168,6.8,0.345,3,0.0802,0.1413
6.25,eb1168,6.8,0.345,4,0.0581,0.1229
6.25,eb1168,6.8,0.345,5,0.0537,0.1107
6.25,eb1168,6.8,0.345,6,0.0498,0.0998
6.25,eb1168,6.8,0.345,7,0.0441,0.0875
6.25,eb1168,6.8,0.345,8,0.0432,0.0794
6.25,eb1168,6.8,0.345,9,0.0416,0.0716
6.25,eb1168,6.8,0.345,10,0.037,0.0605
6.25,eb1168,6.8,0.345,11,0.0329,0.054
6.25,eb1168,6.8,0.345,12,0.0318,0.0452
6.25,eb1168,6.8,0.345,13,0.0244,0.0358
6.25,eb1168,6.8,0.345,14,0.0182,0.03
6.25,eb1168,6.8,0.345,15,0.0058,0.0435
6.25,eb1168,6.8,0.345,16,0.0008,0.0717
6.25,eb1168,6.8,0.35,0,0.2355,0.369
6.25,eb1168,6.8,0.35,1,0.1591,0.2105
6.25,eb1168,6.8,0.35,2,0.101,0.1614
6.25,eb1168,6.8,0.35,3,0.0777,0.1361
6.25,eb1168,6.8,0.35,4,0.0558,0.1188
6.25,eb1168,6.8,0.35,5,0.0524,0.1076
6.25,eb1168,6.8,0.35,6,0.0484,0.0965
6.25,eb1168,6.8,0.35,7,0.0423,0.0856
6.25,eb1168,6.8,0.35,8,0.0434,0.0771
6.25,eb1168,6.8,0.35,9,0.04,0.0699
6.25,eb1168,6.8,0.35,10,0.0358,0.0589
6.25,eb1168,6.8,0.35,11,0.032,0.0528
6.25,eb1168,6.8,0.35,12,0.0307,0.0436
6.25,eb1168,6.8,0.35,13,0.0236,0.0351
6.25,eb1168,6.8,0.35,14,0.0169,0.0302
6.25,eb1168,6.8,0.35,15,0.0049,0.0461
6.25,eb1168,6.8,0.35,16,0.0007,0.0687
6.25,eb1168,6.8,0.355,0,0.2587,0.3573
6.25,eb1168,6.8,0.355,1,0.1557,0.2001
6.25,eb1168,6.8,0.355,2,0.0966,0.1553
6.25,eb1168,6.8,0.355,3,0.076,0.1313
6.25,eb1168,6.8,0.355,4,0.0548,0.1154
6.25,eb1168,6.8,0.355,5,0.05,0.1043
6.25,eb1168,6.8,0.355,6,0.0469,0.0937
6.25,eb1168,6.8,0.355,7,0.0419,0.0836
6.25,eb1168,6.8,0.355,8,0.0419,0.0751
6.25,eb1168,6.8,0.355,9,0.0387,0.0683
6.25,eb1168,6.8,0.355,10,0.0349,0.0574
6.25,eb1168,6.8,0.355,11,0.031,0.0516
6.25,eb1168,6.8,0.355,12,0.0299,0.0425
6.25,eb1168,6.8,0.355,13,0.0225,0.0342
6.25,eb1168,6.8,0.355,14,0.0157,0.0305
6.25,eb1168,6.8,0.355,15,0.0042,0.0488
6.25,eb154,5.6,0.385,0,0.226,0.3657
6.25,eb154,5.6,0.385,1,0.1478,0.2196
6.25,eb154,5.6,0.385,2,0.0979,0.1731
6.25,eb154,5.6,0.385,3,0.0802,0.1486
6.25,eb154,5.6,0.385,4,0.0567,0.1318
6.25,eb154,5.6,0.385,5,0.0538,0.1186
6.25,eb154,5.6,0.385,6,0.053,0.1065
6.25,eb154,5.6,0.385,7,0.0481,0.0965
6.25,eb154,5.6,0.385,8,0.0458,0.0863
6.25,eb154,5.6,0.385,9,0.0399,0.0764
6.25,eb154,5.6,0.385,10,0.0409,0.0674
6.25,eb154,5.6,0.385,11,0.0388,0.0603
6.25,eb154,5.6,0.385,12,0.0323,0.0495
6.25,eb154,5.6,0.385,13,0.0253,0.0438
6.25,eb154,5.6,0.385,14,0.0111,0.0576
6.25,eb154,5.6,0.385,15,0.0022,0.0844
6.25,eb154,5.6,0.39,0,0.2445,0.3566
6.25,eb154,5.6,0.39,1,0.1463,0.2109
6.25,eb154,5.6,0.39,2,0.097,0.1674
6.25,eb154,5.6,0.39,3,0.0764,0.1443
6.25,eb154,5.6,0.39,4,0.0554,0.1282
6.25,eb154,5.6,0.39,5,0.0544,0.1154
6.25,eb154,5.6,0.39,6,0.0505,0.104
6.25,eb154,5.6,0.39,7,0.0467,0.094
6.25,eb154,5.6,0.39,8,0.0443,0.0845
6.25,eb154,5.6,0.39,9,0.0396,0.0749
6.25,eb154,5.6,0.39,10,0.0406,0.0658
6.25,eb154,5.6,0.39,11,0.0372,0.0596
6.25,eb154,5.6,0.39,12,0.0314,0.0477
6.25,eb154,5.6,0.39,13,0.0239,0.0441
6.25,eb154,5.6,0.39,14,0.0098,0.0593
6.25,eb154,5.6,0.39,15,0.0019,0.0836
6.25,eb154,5.6,0.395,0,0.2638,0.3476
6.25,eb154,5.6,0.395,1,0.1431,0.2031
6.25,eb154,5.6,0.395,2,0.0949,0.1621
6.25,eb154,5.6,0.395,3,0.0755,0.1404
6.25,eb154,5.6,0.395,4,0.054,0.1243
6.25,eb154,5.6,0.395,5,0.0525,0.112
6.25,eb154,5.6,0.395,6,0.0493,0.1018
6.25,eb154,5.6,0.395,7,0.046,0.092
6.25,eb154,5.6,0.395,8,0.0427,0.0825
6.25,eb154,5.6,0.395,9,0.0392,0.0732
6.25,eb154,5.6,0.395,10,0.04,0.0639
6.25,eb154,5.6,0.395,11,0.0356,0.0586
6.25,eb154,5.6,0.395,12,0.0307,0.0466
6.25,eb154,5.6,0.395,13,0.0219,0.0452
6.25,eb154,5.6,0.395,14,0.0088,0.0596
6.25,eb154,5.6,0.395,15,0.0016,0.0856
6.25,eb154,5.6,0.4,0,0.2823,0.3396
6.25,eb154,5.6,0.4,1,0.1408,0.1954
6.25,eb154,5.6,0.4,2,0.093,0.1572
6.25,eb154,5.6,0.4,3,0.0734,0.1363
6.25,eb154,5.6,0.4,4,0.052,0.1209
6.25,eb154,5.6,0.4,5,0.0515,0.1094
6.25,eb154,5.6,0.4,6,0.0482,0.1
6.25,eb154,5.6,0.4,7,0.0455,0.0902
6.25,eb154,5.6,0.4,8,0.0413,0.08
6.25,eb154,5.6,0.4,9,0.0385,0.0719
6.25,eb154,5.6,0.4,10,0.0389,0.0628
6.25,eb154,5.6,0.4,11,0.0354,0.0571
6.25,eb154,5.6,0.4,12,0.0299,0.045
6.25,eb154,5.6,0.4,13,0.02,0.0466
6.25,eb154,5.6,0.4,14,0.0079,0.0618
6.25,eb154,5.6,0.4,15,0.0013,0.0872
6.25,eb154,6.0,0.35,0,0.139,0.4175
6.25,eb154,6.0,0.35,1,0.1655,0.2654
6.25,eb154,6.0,0.35,2,0.1118,0.1977
6.25,eb154,6.0,0.35,3,0.0932,0.1642
6.25,eb154,6.0,0.35,4,0.0663,0.1435
6.25,eb154,6.0,0.35,5,0.0612,0.1269
6.25,eb154,6.0,0.35,6,0.0585,0.1126
6.25,eb154,6.0,0.35,7,0.0546,0.1011
6.25,eb154,6.0,0.35,8,0.0507,0.0898
6.25,eb154,6.0,0.35,9,0.0443,0.0773
6.25,eb154,6.0,0.35,10,0.0438,0.0682
6.25,eb154,6.0,0.35,11,0.0411,0.0601
6.25,eb154,6.0,0.35,12,0.0342,0.0489
6.25,eb154,6.0,0.35,13,0.0246,0.0447
6.25,eb154,6.0,0.35,14,0.0095,0.0596
6.25,eb154,6.0,0.35,15,0.0014,0.0865
6.25,eb154,6.0,0.355,0,0.1617,0.4023
6.25,eb154,6.0,0.355,1,0.1649,0.2509
6.25,eb154,6.0,0.355,2,0.1084,0.1891
6.25,eb154,6.0,0.355,3,0.091,0.1585
6.25,eb154,6.0,0.355,4,0.0644,0.1385
6.25,eb154,6.0,0.355,5,0.0588,0.123
6.25,eb154,6.0,0.355,6,0.0578,0.1095
6.25,eb154,6.0,0.355,7,0.0524,0.098
6.25,eb154,6.0,0.355,8,0.0497,0.087
6.25,eb154,6.0,0.355,9,0.0431,0.0762
6.25,eb154,6.0,0.355,10,0.0433,0.0661
6.25,eb154,6.0,0.355,11,0.0393,0.059
6.25,eb154,6.0,0.355,12,0.0334,0.0469
6.25,eb154,6.0,0.355,13,0.0222,0.0455
6.25,eb154,6.0,0.355,14,0.0083,0.0623
6.25,eb154,6.0,0.355,15,0.0011,0.0854
6.25,eb154,6.0,0.36,0,0.1852,0.3879
6.25,eb154,6.0,0.36,1,0.1615,0.2379
6.25,eb154,6.0,0.36,2,0.1074,0.1816
6.25,eb154,6.0,0.36,3,0.0879,0.1527
6.25,eb154,6.0,0.36,4,0.0622,0.134
6.25,eb154,6.0,0.36,5,0.0577,0.1192
6.25,eb154,6.0,0.36,6,0.0563,0.1061
6.25,eb154,6.0,0.36,7,0.051,0.0955
6.25,eb154,6.0,0.36,8,0.0472,0.0846
6.25,eb154,6.0,0.36,9,0.0427,0.0743
6.25,eb154,6.0,0.36,10,0.043,0.0642
6.25,eb154,6.0,0.36,11,0.0376,0.0579
6.25,eb154,6.0,0.36,12,0.0318,0.045
6.25,eb154,6.0,0.36,13,0.0205,0.0475
6.25,eb154,6.0,0.36,14,0.0069,0.0645
6.25,eb154,6.0,0.36,15,0.001,0.0883
6.25,eb154,6.0,0.365,0,0.2075,0.3754
6.25,eb154,6.0,0.365,1,0.1594,0.2262
6.25,eb154,6.0,0.365,2,0.1053,0.1744
6.25,eb154,6.0,0.365,3,0.085,0.1476
6.25,eb154,6.0,0.365,4,0.0597,0.1299
6.25,eb154,6.0,0.365,5,0.0582,0.1153
6.25,eb154,6.0,0.365,6,0.0533,0.1035
6.25,eb154,6.0,0.365,7,0.05,0.0924
6.25,eb154,6.0,0.365,8,0.046,0.0825
6.25,eb154,6.0,0.365,9,0.0412,0.0722
6.25,eb154,6.0,0.365,10,0.0415,0.063
6.25,eb154,6.0,0.365,11,0.037,0.0559
6.25,eb154,6.0,0.365,12,0.0309,0.0441
6.25,eb154,6.0,0.365,13,0.0186,0.0494
6.25,eb154,6.0,0.365,14,0.0059,0.0659
6.25,eb154,6.0,0.37,0,0.2283,0.3645
6.25,eb154,6.0,0.37,1,0.1576,0.2162
6.25,eb154,6.0,0.37,2,0.1046,0.1678
6.25,eb154,6.0,0.37,3,0.0811,0.143
6.25,eb154,6.0,0.37,4,0.0586,0.1252
6.25,eb154,6.0,0.37,5,0.0561,0.112
6.25,eb154,6.0,0.37,6,0.0521,0.1007
6.25,eb154,6.0,0.37,7,0.0488,0.0908
6.25,eb154,6.0,0.37,8,0.0435,0.0793
6.25,eb154,6.0,0.37,9,0.0404,0.0711
6.25,eb154,6.0,0.37,10,0.0416,0.062
6.25,eb154,6.0,0.37,11,0.0354,0.0539
6.25,eb154,6.0,0.37,12,0.0292,0.0439
6.25,eb154,6.0,0.37,13,0.0172,0.0497
6.25,eb154,6.0,0.37,14,0.005,0.0699
6.25,eb154,6.0,0.375,0,0.2503,0.3538
6.25,eb154,6.0,0.375,1,0.1542,0.2067
6.25,eb154,6.0,0.375,2,0.1014,0.1619
6.25,eb154,6.0,0.375,3,0.0797,0.1385
6.25,eb154,6.0,0.375,4,0.0563,0.1213
6.25,eb154,6.0,0.375,5,0.0548,0.1088
6.25,eb154,6.0,0.375,6,0.0511,0.0987
6.25,eb154,6.0,0.375,7,0.0472,0.0887
6.25,eb154,6.0,0.375,8,0.0423,0.0765
6.25,eb154,6.0,0.375,9,0.0411,0.0696
6.25,eb154,6.0,0.375,10,0.0398,0.0608
6.25,eb154,6.0,0.375,11,0.034,0.0524
6.25,eb154,6.0,0.375,12,0.0279,0.0425
6.25,eb154,6.0,0.375,13,0.0153,0.0509
6.25,eb154,6.0,0.375,14,0.0042,0.0751
6.25,eb154,6.4,0.33,0,0.0991,0.4479
6.25,eb154,6.4,0.33,1,0.173,0.2934
6.25,eb154,6.4,0.33,2,0.123,0.2097
6.25,eb154,6.4,0.33,3,0.1017,0.1701
6.25,eb154,6.4,0.33,4,0.072,0.1464
6.25,eb154,6.4,0.33,5,0.0663,0.1285
6.25,eb154,6.4,0.33,6,0.0619,0.1126
6.25,eb154,6.4,0.33,7,0.0581,0.1002
6.25,eb154,6.4,0.33,8,0.0532,0.0874
6.25,eb154,6.4,0.33,9,0.0458,0.0759
6.25,eb154,6.4,0.33,10,0.0461,0.0653
6.25,eb154,6.4,0.33,11,0.0401,0.0577
6.25,eb154,6.4,0.33,12,0.0336,0.0449
6.25,eb154,6.4,0.33,13,0.0199,0.0488
6.25,eb154,6.4,0.33,14,0.0057,0.0669
6.25,eb154,6.4,0.335,0,0.1224,0.4296
6.25,eb154,6.4,0.335,1,0.1753,0.2742
6.25,eb154,6.4,0.335,2,0.1194,0.1991
6.25,eb154,6.4,0.335,3,0.0994,0.163
6.25,eb154,6.4,0.335,4,0.0687,0.1409
6.25,eb154,6.4,0.335,5,0.0638,0.1237
6.25,eb154,6.4,0.335,6,0.0613,0.1091
6.25,eb154,6.4,0.335,7,0.0555,0.0968
6.25,eb154,6.4,0.335,8,0.0506,0.0851
6.25,eb154,6.4,0.335,9,0.0452,0.0739
6.25,eb154,6.4,0.335,10,0.0444,0.0638
6.25,eb154,6.4,0.335,11,0.0397,0.0555
6.25,eb154,6.4,0.335,12,0.0314,0.0444
6.25,eb154,6.4,0.335,13,0.0179,0.0493
6.25,eb154,6.4,0.335,14,0.0046,0.0732
6.25,eb154,6.4,0.34,0,0.1466,0.4123
6.25,eb154,6.4,0.34,1,0.1759,0.2575
6.25,eb154,6.4,0.34,2,0.1152,0.1895
6.25,eb154,6.4,0.34,3,0.097,0.1566
6.25,eb154,6.4,0.34,4,0.0664,0.1354
6.25,eb154,6.4,0.34,5,0.0619,0.1197
6.25,eb154,6.4,0.34,6,0.0594,0.1056
6.25,eb154,6.4,0.34,7,0.0535,0.0936
6.25,eb154,6.4,0.34,8,0.0494,0.0828
6.25,eb154,6.4,0.34,9,0.0434,0.0717
6.25,eb154,6.4,0.34,10,0.044,0.0623
6.25,eb154,6.4,0.34,11,0.0376,0.0536
6.25,eb154,6.4,0.34,12,0.03,0.0431
6.25,eb154,6.4,0.34,13,0.0157,0.0514
6.25,eb154,6.4,0.34,14,0.0036,0.0775
6.25,eb154,6.4,0.345,0,0.1713,0.3963
6.25,eb154,6.4,0.345,1,0.1733,0.2428
6.25,eb154,6.4,0.345,2,0.1146,0.1811
6.25,eb154,6.4,0.345,3,0.0927,0.1504
6.25,eb154,6.4,0.345,4,0.064,0.1308
6.25,eb154,6.4,0.345,5,0.0615,0.1151
6.25,eb154,6.4,0.345,6,0.0566,0.1023
6.25,eb154,6.4,0.345,7,0.0522,0.0916
6.25,eb154,6.4,0.345,8,0.0466,0.0791
6.25,eb154,6.4,0.345,9,0.0436,0.0701
6.25,eb154,6.4,0.345,10,0.0427,0.0609
6.25,eb154,6.4,0.345,11,0.0357,0.0517
6.25,eb154,6.4,0.345,12,0.0285,0.0427
6.25,eb154,6.4,0.345,13,0.0134,0.0532
6.25,eb154,6.4,0.345,14,0.0029,0.0813
6.25,eb154,6.4,0.35,0,0.1962,0.3816
6.25,eb154,6.4,0.35,1,0.1709,0.2295
6.25,eb154,6.4,0.35,2,0.1126,0.173
6.25,eb154,6.4,0.35,3,0.0884,0.1451
6.25,eb154,6.4,0.35,4,0.0627,0.1258
6.25,eb154,6.4,0.35,5,0.0588,0.1114
6.25,eb154,6.4,0.35,6,0.0554,0.0998
6.25,eb154,6.4,0.35,7,0.0505,0.0889
6.25,eb154,6.4,0.35,8,0.045,0.0763
6.25,eb154,6.4,0.35,9,0.0429,0.0683
6.25,eb154,6.4,0.35,10,0.0414,0.0592
6.25,eb154,6.4,0.35,11,0.0342,0.0498
6.25,eb154,6.4,0.35,12,0.0266,0.043
6.25,eb154,6.4,0.35,13,0.0117,0.0556
6.25,eb154,6.4,0.35,14,0.0024,0.082
6.25,eb154,6.8,0.315,0,0.0707,0.4746
6.25,eb154,6.8,0.315,1,0.1788,0.3163
6.25,eb154,6.8,0.315,2,0.1321,0.2182
6.25,eb154,6.8,0.315,3,0.1105,0.1733
6.25,eb154,6.8,0.315,4,0.0759,0.1474
6.25,eb154,6.8,0.315,5,0.0703,0.128
6.25,eb154,6.8,0.315,6,0.0657,0.1115
6.25,eb154,6.8,0.315,7,0.0597,0.098
6.25,eb154,6.8,0.315,8,0.0538,0.0851
6.25,eb154,6.8,0.315,9,0.0479,0.0734
6.25,eb154,6.8,0.315,10,0.0463,0.0629
6.25,eb154,6.8,0.315,11,0.0399,0.0536
6.25,eb154,6.8,0.315,12,0.0311,0.0428
6.25,eb154,6.8,0.315,13,0.0143,0.0535
6.25,eb154,6.8,0.315,14,0.0028,0.0811
6.25,eb154,6.8,0.32,0,0.0945,0.4517
6.25,eb154,6.8,0.32,1,0.1832,0.2937
6.25,eb154,6.8,0.32,2,0.1288,0.206
6.25,eb154,6.8,0.32,3,0.1064,0.1653
6.25,eb154,6.8,0.32,4,0.0738,0.1412
6.25,eb154,6.8,0.32,5,0.0666,0.123
6.25,eb154,6.8,0.32,6,0.0647,0.1074
6.25,eb154,6.8,0.32,7,0.0573,0.0946
6.25,eb154,6.8,0.32,8,0.052,0.0825
6.25,eb154,6.8,0.32,9,0.0455,0.0708
6.25,eb154,6.8,0.32,10,0.0464,0.0614
6.25,eb154,6.8,0.32,11,0.0376,0.0514
6.25,eb154,6.8,0.32,12,0.0285,0.0425
6.25,eb154,6.8,0.32,13,0.0123,0.0557
6.25,eb154,6.8,0.32,14,0.0022,0.0826
6.25,eb154,6.8,0.325,0,0.1191,0.4321
6.25,eb154,6.8,0.325,1,0.1859,0.2734
6.25,eb154,6.8,0.325,2,0.1259,0.1947
6.25,eb154,6.8,0.325,3,0.1029,0.1579
6.25,eb154,6.8,0.325,4,0.0703,0.1352
6.25,eb154,6.8,0.325,5,0.0662,0.1182
6.25,eb154,6.8,0.325,6,0.061,0.1035
6.25,eb154,6.8,0.325,7,0.0555,0.0916
6.25,eb154,6.8,0.325,8,0.0488,0.0785
6.25,eb154,6.8,0.325,9,0.0459,0.0693
6.25,eb154,6.8,0.325,10,0.0443,0.0596
6.25,eb154,6.8,0.325,11,0.036,0.0488
6.25,eb154,6.8,0.325,12,0.0261,0.0434
6.25,eb154,6.8,0.325,13,0.0101,0.0584
6.25,eb154,6.8,0.325,14,0.0017,0.0828
6.25,eb154,6.8,0.33,0,0.1457,0.4129
6.25,eb154,6.8,0.33,1,0.1852,0.2555
6.25,eb154,6.8,0.33,2,0.1227,0.1849
6.25,eb154,6.8,0.33,3,0.0991,0.1512
6.25,eb154,6.8,0.33,4,0.0676,0.1299
6.25,eb154,6.8,0.33,5,0.0646,0.1136
6.25,eb154,6.8,0.33,6,0.0584,0.1006
6.25,eb154,6.8,0.33,7,0.0544,0.0888
6.25,eb154,6.8,0.33,8,0.0467,0.0758
6.25,eb154,6.8,0.33,9,0.0453,0.0665
6.25,eb154,6.8,0.33,10,0.0421,0.059
6.25,eb154,6.8,0.33,11,0.0345,0.0466
6.25,eb154,6.8,0.33,12,0.0233,0.0438
6.25,eb154,6.8,0.33,13,0.0088,0.0595
6.25,eb154,6.8,0.33,14,0.0012,0.0845
6.25,eb154,6.8,0.335,0,0.173,0.3952
6.25,eb154,6.8,0.335,1,0.1834,0.2393
6.25,eb154,6.8,0.335,2,0.1201,0.1756
6.25,eb154,6.8,0.335,3,0.0943,0.1453
6.25,eb154,6.8,0.335,4,0.0656,0.1244
6.25,eb154,6.8,0.335,5,0.0616,0.1095
6.25,eb154,6.8,0.335,6,0.0579,0.0972
6.25,eb154,6.8,0.335,7,0.0522,0.0854
6.25,eb154,6.8,0.335,8,0.0451,0.0742
6.25,eb154,6.8,0.335,9,0.0444,0.0643
6.25,eb154,6.8,0.335,10,0.0398,0.0568
6.25,eb154,6.8,0.335,11,0.0332,0.0448
6.25,eb154,6.8,0.335,12,0.021,0.0458
6.25,eb154,6.8,0.335,13,0.0072,0.0624
6.25,eb154,6.8,0.335,14,0.0011,0.0849
6.5,eb154,6.4,0.37,0,0.2142,0.2679
6.5,eb154,6.4,0.37,1,0.1493,0.1696
6.5,eb154,6.4,0.37,2,0.1022,0.1398
6.5,eb154,6.4,0.37,3,0.0875,0.1227
6.5,eb154,6.4,0.37,4,0.0623,0.1109
6.5,eb154,6.4,0.37,5,0.0597,0.1017
6.5,eb154,6.4,0.37,6,0.0583,0.0923
6.5,eb154,6.4,0.37,7,0.0547,0.083
6.5,eb154,6.4,0.37,8,0.0505,0.0762
6.5,eb154,6.4,0.37,9,0.047,0.068
6.5,eb154,6.4,0.37,10,0.04,0.0604
6.5,eb154,6.4,0.37,11,0.0373,0.0554
6.5,eb154,6.4,0.37,12,0.026,0.0549
6.5,eb154,6.4,0.37,13,0.0092,0.072
6.5,eb154,6.4,0.37,14,0.0016,0.0929
6.5,eb154,6.4,0.375,0,0.2348,0.2606
6.5,eb154,6.4,0.375,1,0.1471,0.1637
6.5,eb154,6.4,0.375,2,0.1,0.1355
6.5,eb154,6.4,0.375,3,0.0856,0.1196
6.5,eb154,6.4,0.375,4,0.0618,0.1084
6.5,eb154,6.4,0.375,5,0.0581,0.0985
6.5,eb154,6.4,0.375,6,0.0564,0.0897
6.5,eb154,6.4,0.375,7,0.0532,0.0821
6.5,eb154,6.4,0.375,8,0.0489,0.0741
6.5,eb154,6.4,0.375,9,0.0454,0.0667
6.5,eb154,6.4,0.375,10,0.0398,0.0591
6.5,eb154,6.4,0.375,11,0.0355,0.0546
6.5,eb154,6.4,0.375,12,0.0235,0.0558
6.5,eb154,6.4,0.375,13,0.008,0.0743
6.5,eb154,6.4,0.375,14,0.0013,0.0922
6.5,eb154,6.8,0.345,0,0.1587,0.2913
6.5,eb154,6.8,0.345,1,0.161,0.1868
6.5,eb154,6.8,0.345,2,0.1125,0.1496
6.5,eb154,6.8,0.345,3,0.0962,0.1287
6.5,eb154,6.8,0.345,4,0.0691,0.1153
6.5,eb154,6.8,0.345,5,0.0652,0.1048
6.5,eb154,6.8,0.345,6,0.0618,0.0945
6.5,eb154,6.8,0.345,7,0.0593,0.0843
6.5,eb154,6.8,0.345,8,0.0544,0.0767
6.5,eb154,6.8,0.345,9,0.0493,0.0681
6.5,eb154,6.8,0.345,10,0.0427,0.0599
6.5,eb154,6.8,0.345,11,0.0378,0.0543
6.5,eb154,6.8,0.345,12,0.0234,0.0564
6.5,eb154,6.8,0.345,13,0.0074,0.0763
6.5,eb154,6.8,0.345,14,0.0011,0.0896
6.5,eb154,6.8,0.35,0,0.1806,0.2812
6.5,eb154,6.8,0.35,1,0.1617,0.1788
6.5,eb154,6.8,0.35,2,0.109,0.1442
6.5,eb154,6.8,0.35,3,0.0945,0.1247
6.5,eb154,6.8,0.35,4,0.0668,0.1119
6.5,eb154,6.8,0.35,5,0.0633,0.1022
6.5,eb154,6.8,0.35,6,0.0618,0.0915
6.5,eb154,6.8,0.35,7,0.0569,0.0826
6.5,eb154,6.8,0.35,8,0.0524,0.0743
6.5,eb154,6.8,0.35,9,0.048,0.0664
6.5,eb154,6.8,0.35,10,0.0413,0.0587
6.5,eb154,6.8,0.35,11,0.0364,0.0531
6.5,eb154,6.8,0.35,12,0.0202,0.0582
6.5,eb154,6.8,0.35,13,0.0058,0.0811
6.5,eb154,6.8,0.35,14,0.0011,0.0895
6.5,eb154,6.8,0.355,0,0.2035,0.2718
6.5,eb154,6.8,0.355,1,0.1586,0.1717
6.5,eb154,6.8,0.355,2,0.109,0.1393
6.5,eb154,6.8,0.355,3,0.0914,0.1212
6.5,eb154,6.8,0.355,4,0.066,0.1092
6.5,eb154,6.8,0.355,5,0.0611,0.0985
6.5,eb154,6.8,0.355,6,0.0598,0.0889
6.5,eb154,6.8,0.355,7,0.0553,0.0807
6.5,eb154,6.8,0.355,8,0.0519,0.0733
6.5,eb154,6.8,0.355,9,0.0457,0.0637
6.5,eb154,6.8,0.355,10,0.0395,0.0575
6.5,eb154,6.8,0.355,11,0.0344,0.0523
6.5,eb154,6.8,0.355,12,0.0182,0.061
6.5,eb154,6.8,0.355,13,0.0046,0.0821
6.5,eb154,6.8,0.355,14,0.001,0.092
