leg,ladder,v_c,p_tail,E_bind_tag,E_bind_eV,authority,ebind_exception,tau_ps,tau_flag,E0_eV,m,det_yield,trapped_frac,suppressed_frac,nbar_det,n1_solv,ratio_n1_n2,w1_solv,midhot_arith,midhot_geo,midhot_bins,deepke,deepke_bins,n1_ke_eV,gate_n1,gate_nbar,gate
g3scan,rq4graded,5.0,-1.0,eb0482,0.0482,tier0,1,2.4,0,0.17,20000,0.9979,0.0021,0.0,16.874,0.0,nan,11.985,nan,nan,0,16.9641,6,nan,0,0,0
g3scan,rq4graded,5.0,-1.0,eb0482,0.0482,tier0,1,2.4,0,0.18,20000,0.9979,0.0021,0.0,16.634,0.0,nan,11.7455,nan,nan,0,16.4186,6,nan,0,0,0
g3scan,rq4graded,5.0,-1.0,eb0482,0.0482,tier0,1,2.4,0,0.19,20000,0.9979,0.0021,0.0,16.391,0.0,nan,11.5028,nan,nan,0,15.4312,7,nan,0,0,0
g3scan,rq4graded,5.0,-1.0,eb0482,0.0482,tier0,1,2.4,0,0.2,20000,0.9979,0.0021,0.0,16.153,0.0,nan,11.2639,nan,nan,0,14.9776,7,nan,0,0,0
g3scan,rq4graded,5.0,-1.0,eb0482,0.0482,tier0,1,2.4,0,0.21,20000,0.9979,0.0021,0.0,15.916,0.0,nan,11.027,nan,nan,0,14.0678,8,nan,0,0,0
g3scan,rq4graded,5.0,-1.0,eb0482,0.0482,tier0,1,2.4,0,0.22,20000,0.9979,0.0021,0.0,15.678,0.0,nan,10.7895,nan,nan,0,13.6823,8,nan,0,0,0
g3scan,rq4graded,5.0,-1.0,eb0482,0.0482,tier0,1,2.4,0,0.23,20000,0.9979,0.0021,0.0,15.436,0.0,nan,10.5473,nan,nan,0,13.3128,8,nan,0,0,0
g3scan,rq4graded,5.0,-1.0,eb0482,0.0482,tier0,1,2.4,0,0.24,20000,0.9979,0.0021,0.0,15.196,0.0,nan,10.3078,nan,nan,0,12.9635,8,nan,0,0,0
g3scan,rq4graded,5.0,-1.0,eb0482,0.0482,tier0,1,2.4,0,0.25,20000,0.9979,0.0021,0.0,14.962,0.0,nan,10.0732,7.5284,7.5284,1,12.6344,8,nan,0,0,0
g3scan,rq4graded,5.0,-1.0,eb0482,0.0482,tier0,1,2.4,0,0.26,20000,0.9979,0.0021,0.0,14.722,0.0,nan,9.8336,7.3559,7.3559,1,12.3165,8,nan,0,0,0
g3scan,rq4graded,5.0,-1.0,eb0482,0.0482,tier0,1,2.4,0,0.27,20000,0.9979,0.0021,0.0,14.485,0.0,nan,9.596,6.6994,6.6785,2,12.0179,8,nan,0,0,0
g3scan,rq4graded,5.0,-1.0,eb0482,0.0482,tier0,1,2.4,0,0.28,20000,0.9979,0.0021,0.0,14.249,0.0,nan,9.36,6.5717,6.5496,2,11.7325,8,nan,0,0,0
g3scan,rq4graded,5.0,-1.0,eb0482,0.0482,tier0,1,2.4,0,0.29,20000,0.9979,0.0021,0.0,14.009,0.0,nan,9.1208,6.0169,5.9695,3,11.4537,8,nan,0,0,0
g3scan,rq4graded,5.0,-1.0,eb0482,0.0482,tier0,1,2.4,0,0.3,20000,0.9979,0.0021,0.0,13.771,0.0,nan,8.882,5.9112,5.864,3,11.1853,8,nan,0,0,0
g3scan,rq4graded,5.0,-1.0,eb0482,0.0482,tier0,1,2.4,0,0.31,20000,0.9979,0.0021,0.0,13.535,0.0,nan,8.646,5.4087,5.3257,4,10.9362,8,nan,0,0,0
g3scan,rq4graded,5.0,-1.0,eb0482,0.0482,tier0,1,2.4,0,0.32,20000,0.9979,0.0021,0.0,13.295,0.0,nan,8.4068,5.3172,5.2352,4,10.6937,8,nan,0,0,0
g3scan,rq4graded,5.0,-1.0,eb0482,0.0482,tier0,1,2.4,0,0.33,20000,0.9979,0.0021,0.0,13.058,0.0,0.0,8.1698,4.8515,4.7207,5,10.4644,8,nan,0,0,0
g3scan,rq4graded,5.0,-1.0,eb0482,0.0482,tier0,1,2.4,0,0.34,20000,0.9979,0.0021,0.0,12.822,0.0,0.0,7.9331,4.7742,4.6456,5,10.2402,8,nan,0,0,0
g3scan,rq4graded,5.0,-1.0,eb0482,0.0482,tier0,1,2.4,0,0.35,20000,0.9979,0.0021,0.0,12.584,0.0,0.0,7.6952,4.3418,4.1494,6,10.0288,8,nan,0,0,0
g3scan,rq4graded,5.0,-1.0,eb0482,0.0482,tier0,1,2.4,0,0.36,20000,0.9979,0.0021,0.0,12.346,0.0001,0.429,7.4578,4.2769,4.0877,6,9.8183,8,nan,0,0,0
g3scan,rq4graded,5.0,-1.0,eb0482,0.0482,tier0,1,2.4,0,0.37,20000,0.9979,0.0021,0.0,12.111,0.0001,0.25,7.2224,4.2122,4.0269,6,9.6221,8,nan,0,0,0
g3scan,rq4graded,5.0,-1.0,eb0482,0.0482,tier0,1,2.4,0,0.38,20000,0.9979,0.0021,0.0,11.874,0.0002,0.194,6.9852,3.8048,3.525,7,9.4298,8,nan,0,0,0
g3scan,rq4graded,5.0,-1.0,eb0482,0.0482,tier0,1,2.4,0,0.39,20000,0.9979,0.0021,0.0,11.638,0.0003,0.155,6.7495,3.7507,3.4754,7,9.2452,8,nan,0,0,0
g3scan,rq4graded,5.0,-1.0,eb0482,0.0482,tier0,1,2.4,0,0.4,20000,0.9979,0.0021,0.0001,11.399,0.0005,0.152,6.5114,3.6978,3.4279,7,9.0637,8,nan,0,0,0
g3scan,rq4graded,5.0,-1.0,eb0482,0.0482,tier0,1,2.4,0,0.41,20000,0.9979,0.0021,0.0001,11.167,0.0008,0.13,6.279,3.6466,3.3819,7,8.8928,8,1.1877,0,0,0
g3scan,rq4graded,5.0,-1.0,eb0482,0.0482,tier0,1,2.4,0,0.42,20000,0.9979,0.0021,0.0001,10.931,0.0017,0.205,6.0434,3.5961,3.3364,7,8.7196,8,1.172,0,0,0
g3scan,rq4graded,5.0,-1.0,eb0482,0.0482,tier0,1,2.4,0,0.43,20000,0.9979,0.0021,0.0002,10.697,0.0031,0.256,5.8107,3.547,3.2918,7,8.5606,8,1.1585,0,0,0
g3scan,rq4graded,5.0,-1.0,eb0482,0.0482,tier0,1,2.4,0,0.44,20000,0.9979,0.0021,0.0004,10.464,0.0055,0.335,5.58,3.4997,3.2488,7,8.401,8,1.145,0,0,0
g3scan,rq4graded,5.0,-1.0,eb0482,0.0482,tier0,1,2.4,0,0.45,20000,0.9979,0.0021,0.0007,10.237,0.0084,0.39,5.3555,3.4538,3.2069,7,8.2553,8,1.134,0,0,0
g3scan,rq4graded,5.0,-1.0,eb0482,0.0482,tier0,1,2.4,0,0.46,20000,0.9979,0.0021,0.0013,10.009,0.0122,0.434,5.1334,3.4084,3.1654,7,8.1082,8,1.1229,0,0,0
g3scan,rq4graded,5.0,-1.0,eb0482,0.0482,tier0,1,2.4,0,0.47,20000,0.9979,0.0021,0.0023,9.786,0.0162,0.471,4.9203,3.3648,3.1261,7,7.9687,8,1.1122,0,0,0
g3scan,rq4graded,5.0,-1.0,eb0482,0.0482,tier0,1,2.4,0,0.48,20000,0.9979,0.0021,0.0039,9.565,0.0216,0.519,4.7134,3.322,3.0871,7,7.834,8,1.1,0,0,0
g3scan,rq4graded,5.0,-1.0,eb0482,0.0482,tier0,1,2.4,0,0.49,20000,0.9979,0.0021,0.0064,9.343,0.0279,0.591,4.5144,3.2804,3.0491,7,7.692,8,1.0877,0,0,0
g3scan,rq4graded,5.0,-1.0,eb0482,0.0482,tier0,1,2.4,0,0.5,20000,0.9979,0.0021,0.0093,9.126,0.0353,0.678,4.3235,3.2396,3.012,7,7.5605,8,1.0763,0,0,0
g3scan,rq4graded,5.0,-1.0,eb0482,0.0482,tier0,1,2.4,0,0.51,20000,0.9979,0.0021,0.0134,8.913,0.0429,0.742,4.1454,3.1993,2.9753,7,7.4346,8,1.065,0,0,0
g3scan,rq4graded,5.0,-1.0,eb0482,0.0482,tier0,1,2.4,0,0.52,20000,0.9979,0.0021,0.018,8.705,0.0515,0.825,3.9759,3.161,2.9404,7,7.3096,8,1.0544,0,0,0
g3scan,rq4graded,5.0,-1.0,eb0482,0.0482,tier0,1,3.2,0,0.17,20000,0.9979,0.0021,0.0,15.121,0.0,nan,10.2321,nan,nan,0,12.9429,8,nan,0,0,0
g3scan,rq4graded,5.0,-1.0,eb0482,0.0482,tier0,1,3.2,0,0.18,20000,0.9979,0.0021,0.0,14.785,0.0,nan,9.8962,nan,nan,0,12.3454,8,nan,0,0,0
g3scan,rq4graded,5.0,-1.0,eb0482,0.0482,tier0,1,3.2,0,0.19,20000,0.9979,0.0021,0.0,14.444,0.0,nan,9.555,nan,nan,0,11.7881,8,nan,0,0,0
g3scan,rq4graded,5.0,-1.0,eb0482,0.0482,tier0,1,3.2,0,0.2,20000,0.9979,0.0021,0.0,14.102,0.0,nan,9.2137,nan,nan,0,11.2599,8,nan,0,0,0
g3scan,rq4graded,5.0,-1.0,eb0482,0.0482,tier0,1,3.2,0,0.21,20000,0.9979,0.0021,0.0,13.766,0.0,nan,8.8769,7.4192,7.4192,1,10.7751,8,nan,0,0,0
g3scan,rq4graded,5.0,-1.0,eb0482,0.0482,tier0,1,3.2,0,0.22,20000,0.9979,0.0021,0.0,13.424,0.0,nan,8.5353,6.6946,6.6754,2,10.3109,8,nan,0,0,0
g3scan,rq4graded,5.0,-1.0,eb0482,0.0482,tier0,1,3.2,0,0.23,20000,0.9979,0.0021,0.0,13.085,0.0,nan,8.196,6.5096,6.4907,2,9.8745,8,nan,0,0,0
g3scan,rq4graded,5.0,-1.0,eb0482,0.0482,tier0,1,3.2,0,0.24,20000,0.9979,0.0021,0.0,12.747,0.0,nan,7.8579,5.9288,5.8891,3,9.4698,8,nan,0,0,0
g3scan,rq4graded,5.0,-1.0,eb0482,0.0482,tier0,1,3.2,0,0.25,20000,0.9979,0.0021,0.0,12.41,0.0,nan,7.5215,5.7664,5.7279,3,9.0959,8,nan,0,0,0
g3scan,rq4graded,5.0,-1.0,eb0482,0.0482,tier0,1,3.2,0,0.26,20000,0.9979,0.0021,0.0,12.07,0.0,nan,7.1814,5.2447,5.176,4,8.7319,8,nan,0,0,0
g3scan,rq4graded,5.0,-1.0,eb0482,0.0482,tier0,1,3.2,0,0.27,20000,0.9979,0.0021,0.0,11.73,0.0,nan,6.8416,4.7518,4.6405,5,8.3915,8,nan,0,0,0
g3scan,rq4graded,5.0,-1.0,eb0482,0.0482,tier0,1,3.2,0,0.28,20000,0.9979,0.0021,0.0,11.393,0.0,0.0,6.5043,4.6306,4.5234,5,8.0689,8,nan,0,0,0
g3scan,rq4graded,5.0,-1.0,eb0482,0.0482,tier0,1,3.2,0,0.29,20000,0.9979,0.0021,0.0,11.052,0.0,0.0,6.1638,4.1855,4.0236,6,7.761,8,nan,0,0,0
g3scan,rq4graded,5.0,-1.0,eb0482,0.0482,tier0,1,3.2,0,0.3,20000,0.9979,0.0021,0.0,10.714,0.0,0.0,5.8256,4.0822,3.9258,6,7.4674,8,nan,0,0,0
g3scan,rq4graded,5.0,-1.0,eb0482,0.0482,tier0,1,3.2,0,0.31,20000,0.9979,0.0021,0.0,10.376,0.0001,0.148,5.487,3.6617,3.4226,7,7.1967,8,nan,0,0,0
g3scan,rq4graded,5.0,-1.0,eb0482,0.0482,tier0,1,3.2,0,0.32,20000,0.9979,0.0021,0.0,10.04,0.0002,0.075,5.1512,3.5754,3.3443,7,6.9379,8,nan,0,0,0
g3scan,rq4graded,5.0,-1.0,eb0482,0.0482,tier0,1,3.2,0,0.33,20000,0.9979,0.0021,0.0,9.702,0.0005,0.082,4.8132,3.4914,3.268,7,6.6904,8,1.2088,0,0,0
g3scan,rq4graded,5.0,-1.0,eb0482,0.0482,tier0,1,3.2,0,0.34,20000,0.9979,0.0021,0.0001,9.371,0.0014,0.109,4.4827,3.4109,3.1951,7,6.4609,8,1.1784,0,0,0
g3scan,rq4graded,5.0,-1.0,eb0482,0.0482,tier0,1,3.2,0,0.35,20000,0.9979,0.0021,0.0001,9.038,0.0036,0.17,4.1507,3.3331,3.1245,7,6.2279,8,1.1583,0,0,0
g3scan,rq4graded,5.0,-1.0,eb0482,0.0482,tier0,1,3.2,0,0.36,20000,0.9979,0.0021,0.0003,8.715,0.0083,0.25,3.8288,3.2576,3.0554,7,6.0252,8,1.1378,0,0,0
g3scan,rq4graded,5.0,-1.0,eb0482,0.0482,tier0,1,3.2,0,0.37,20000,0.9979,0.0021,0.0007,8.393,0.0152,0.321,3.5099,3.1847,2.9887,7,5.8174,8,1.1206,0,0,0
g3scan,rq4graded,5.0,-1.0,eb0482,0.0482,tier0,1,3.2,0,0.38,20000,0.9979,0.0021,0.0018,8.079,0.0252,0.412,3.2053,3.1149,2.9252,7,5.6194,8,1.1019,0,0,0
g3scan,rq4graded,5.0,-1.0,eb0482,0.0482,tier0,1,3.2,0,0.39,20000,0.9979,0.0021,0.0044,7.766,0.0393,0.54,2.9118,3.0464,2.8624,7,5.4351,8,1.0826,0,0,0
g3scan,rq4graded,5.0,-1.0,eb0482,0.0482,tier0,1,3.2,0,0.4,20000,0.9979,0.0021,0.0091,7.467,0.0553,0.662,2.6469,2.9814,2.8025,7,5.2648,8,1.064,0,0,0
g3scan,rq4graded,5.0,-1.0,eb0482,0.0482,tier0,1,3.2,0,0.41,20000,0.9979,0.0021,0.0157,7.177,0.0722,0.782,2.4021,2.9177,2.7442,7,5.1043,8,1.0472,0,0,0
g3scan,rq4graded,5.0,-1.0,eb0482,0.0482,tier0,1,3.2,0,0.42,20000,0.9979,0.0021,0.0254,6.892,0.0897,0.897,2.1823,2.8557,2.6873,7,4.9466,8,1.0302,0,1,0
g3scan,rq4graded,5.0,-1.0,eb0482,0.0482,tier0,1,3.2,0,0.43,20000,0.9979,0.0021,0.0395,6.613,0.1057,1.004,1.9955,2.7967,2.6329,7,4.7856,8,1.0128,0,1,0
g3scan,rq4graded,5.0,-1.0,eb0482,0.0482,tier0,1,3.2,0,0.44,20000,0.9979,0.0021,0.0568,6.345,0.1195,1.097,1.838,2.7397,2.5802,7,4.6378,8,0.9961,0,1,0
g3scan,rq4graded,5.0,-1.0,eb0482,0.0482,tier0,1,3.2,0,0.45,20000,0.9979,0.0021,0.0766,6.089,0.1321,1.179,1.7053,2.6845,2.5292,7,4.4981,8,0.9796,0,1,0
g3scan,rq4graded,5.0,-1.0,eb0482,0.0482,tier0,1,3.2,0,0.46,20000,0.9979,0.0021,0.0986,5.843,0.144,1.263,1.5937,2.6305,2.4797,7,4.3704,8,0.9635,0,1,0
g3scan,rq4graded,5.0,-1.0,eb0482,0.0482,tier0,1,3.2,0,0.47,20000,0.9979,0.0021,0.1227,5.603,0.1533,1.296,1.4973,2.5781,2.431,7,4.2404,8,0.9479,0,1,0
g3scan,rq4graded,5.0,-1.0,eb0482,0.0482,tier0,1,3.2,0,0.48,20000,0.9979,0.0021,0.1486,5.375,0.1604,1.331,1.4249,2.5276,2.3844,7,4.1149,8,0.9323,0,1,0
g3scan,rq4graded,5.0,-1.0,eb0482,0.0482,tier0,1,3.2,0,0.49,20000,0.9979,0.0021,0.1745,5.162,0.1674,1.369,1.3644,2.479,2.3395,7,4.0026,8,0.9172,0,1,0
g3scan,rq4graded,5.0,-1.0,eb0482,0.0482,tier0,1,3.2,0,0.5,20000,0.9979,0.0021,0.2007,4.953,0.1737,1.411,1.3082,2.4306,2.295,7,3.8827,8,0.9026,0,1,0
g3scan,rq4graded,5.0,-1.0,eb0482,0.0482,tier0,1,3.2,0,0.51,20000,0.9979,0.0021,0.2276,4.756,0.1801,1.478,1.2696,2.3844,2.2521,7,3.7814,8,0.8876,0,1,0
g3scan,rq4graded,5.0,-1.0,eb0482,0.0482,tier0,1,3.2,0,0.52,20000,0.9979,0.0021,0.2539,4.571,0.1839,1.499,1.2377,2.3394,2.2106,7,3.6779,8,0.8737,0,1,0
g3scan,rq4graded,5.0,-1.0,eb0482,0.0482,tier0,1,4.8,0,0.17,20000,0.9979,0.0021,0.0,12.541,0.0,nan,7.6528,7.4992,7.4992,1,8.1351,8,nan,0,0,0
g3scan,rq4graded,5.0,-1.0,eb0482,0.0482,tier0,1,4.8,0,0.18,20000,0.9979,0.0021,0.0,12.054,0.0,nan,7.1658,7.1073,7.1073,1,7.4404,8,nan,0,0,0
g3scan,rq4graded,5.0,-1.0,eb0482,0.0482,tier0,1,4.8,0,0.19,20000,0.9979,0.0021,0.0,11.558,0.0,nan,6.6694,6.3428,6.3298,2,6.7999,8,nan,0,0,0
g3scan,rq4graded,5.0,-1.0,eb0482,0.0482,tier0,1,4.8,0,0.2,20000,0.9979,0.0021,0.0,11.074,0.0,nan,6.1853,5.7075,5.6799,3,6.2402,8,nan,0,0,0
g3scan,rq4graded,5.0,-1.0,eb0482,0.0482,tier0,1,4.8,0,0.21,20000,0.9979,0.0021,0.0,10.58,0.0,nan,5.6915,5.1256,5.0779,4,5.7352,8,nan,0,0,0
g3scan,rq4graded,5.0,-1.0,eb0482,0.0482,tier0,1,4.8,0,0.22,20000,0.9979,0.0021,0.0,10.092,0.0,nan,5.2034,4.8785,4.8353,4,5.278,8,nan,0,0,0
g3scan,rq4graded,5.0,-1.0,eb0482,0.0482,tier0,1,4.8,0,0.23,20000,0.9979,0.0021,0.0,9.602,0.0,nan,4.7129,4.3652,4.2946,5,4.8705,8,nan,0,0,0
g3scan,rq4graded,5.0,-1.0,eb0482,0.0482,tier0,1,4.8,0,0.24,20000,0.9979,0.0021,0.0,9.112,0.0,0.0,4.2239,3.8879,3.7785,6,4.5007,8,nan,0,0,0
g3scan,rq4graded,5.0,-1.0,eb0482,0.0482,tier0,1,4.8,0,0.25,20000,0.9979,0.0021,0.0,8.621,0.0,0.0,3.7328,3.7089,3.6092,6,4.159,8,nan,0,0,0
g3scan,rq4graded,5.0,-1.0,eb0482,0.0482,tier0,1,4.8,0,0.26,20000,0.9979,0.0021,0.0,8.132,0.0001,0.032,3.2555,3.2778,3.1187,7,3.8552,8,nan,0,0,0
g3scan,rq4graded,5.0,-1.0,eb0482,0.0482,tier0,1,4.8,0,0.27,20000,0.9979,0.0021,0.0,7.654,0.0003,0.028,2.8085,3.132,2.9855,7,3.5767,8,nan,0,0,0
g3scan,rq4graded,5.0,-1.0,eb0482,0.0482,tier0,1,4.8,0,0.28,20000,0.9979,0.0021,0.0,7.177,0.0021,0.061,2.3708,2.9911,2.8566,7,3.3331,8,1.1736,0,0,0
g3scan,rq4graded,5.0,-1.0,eb0482,0.0482,tier0,1,4.8,0,0.29,20000,0.9979,0.0021,0.0001,6.72,0.0097,0.141,1.9671,2.8603,2.7355,7,3.11,8,1.1363,0,1,0
g3scan,rq4graded,5.0,-1.0,eb0482,0.0482,tier0,1,4.8,0,0.3,20000,0.9979,0.0021,0.0003,6.272,0.0282,0.265,1.5957,2.7338,2.6185,7,2.899,8,1.1039,0,1,0
g3scan,rq4graded,5.0,-1.0,eb0482,0.0482,tier0,1,4.8,0,0.31,20000,0.9979,0.0021,0.0018,5.842,0.0628,0.473,1.2691,2.615,2.508,7,2.7057,8,1.0714,0,1,0
g3scan,rq4graded,5.0,-1.0,eb0482,0.0482,tier0,1,4.8,0,0.32,20000,0.9979,0.0021,0.0082,5.431,0.1047,0.698,0.9948,2.5005,2.4012,7,2.5404,8,1.0409,0,1,0
g3scan,rq4graded,5.0,-1.0,eb0482,0.0482,tier0,1,4.8,0,0.33,20000,0.9979,0.0021,0.0225,5.041,0.1493,0.948,0.7984,2.3931,2.3008,7,2.3782,8,1.0108,0,1,0
g3scan,rq4graded,5.0,-1.0,eb0482,0.0482,tier0,1,4.8,0,0.34,20000,0.9979,0.0021,0.0497,4.665,0.1868,1.148,0.6637,2.2887,2.2031,7,2.2369,8,0.9805,0,1,0
g3scan,rq4graded,5.0,-1.0,eb0482,0.0482,tier0,1,4.8,0,0.35,20000,0.9979,0.0021,0.0892,4.316,0.2156,1.308,0.5881,2.1929,2.1131,7,2.1068,8,0.95,1,0,0
g3scan,rq4graded,5.0,-1.0,eb0482,0.0482,tier0,1,4.8,0,0.36,20000,0.9979,0.0021,0.1378,3.982,0.2369,1.442,0.5543,2.0986,2.0247,7,1.9867,8,0.9196,1,0,0
g3scan,rq4graded,5.0,-1.0,eb0482,0.0482,tier0,1,4.8,0,0.37,20000,0.9979,0.0021,0.1895,3.675,0.2542,1.542,0.5408,2.0101,1.9415,7,1.8754,8,0.8903,1,0,0
g3scan,rq4graded,5.0,-1.0,eb0482,0.0482,tier0,1,4.8,0,0.38,20000,0.9979,0.0021,0.2433,3.395,0.2659,1.615,0.5363,1.9273,1.8632,7,1.7785,8,0.8617,1,0,0
g3scan,rq4graded,5.0,-1.0,eb0482,0.0482,tier0,1,4.8,0,0.39,20000,0.9979,0.0021,0.2947,3.135,0.2745,1.653,0.5403,1.8445,1.7852,7,1.6828,8,0.8349,1,0,0
g3scan,rq4graded,5.0,-1.0,eb0482,0.0482,tier0,1,4.8,0,0.4,20000,0.9979,0.0021,0.3458,2.902,0.2814,1.743,0.5316,1.7669,1.7125,7,1.5995,8,0.8079,1,0,0
g3scan,rq4graded,5.0,-1.0,eb0482,0.0482,tier0,1,4.8,0,0.41,20000,0.9979,0.0021,0.3938,2.69,0.2859,1.777,0.5137,1.6947,1.6439,7,1.524,8,0.7821,1,0,0
g3scan,rq4graded,5.0,-1.0,eb0482,0.0482,tier0,1,4.8,0,0.42,20000,0.9979,0.0021,0.4383,2.497,0.2895,1.772,0.4871,1.6237,1.5767,7,1.459,8,0.7572,1,0,0
g3scan,rq4graded,5.0,-1.0,eb0482,0.0482,tier0,1,4.8,0,0.43,20000,0.9979,0.0021,0.4788,2.323,0.2895,1.74,0.4765,1.5552,1.5122,7,1.3853,8,0.734,1,0,0
g3scan,rq4graded,5.0,-1.0,eb0482,0.0482,tier0,1,4.8,0,0.44,20000,0.9979,0.0021,0.5171,2.165,0.2884,1.708,0.4538,1.4915,1.4517,7,1.3291,8,0.7111,1,0,0
g3scan,rq4graded,5.0,-1.0,eb0482,0.0482,tier0,1,4.8,0,0.45,20000,0.9979,0.0021,0.5519,2.023,0.2924,1.781,0.4186,1.4309,1.3941,7,1.2777,8,0.6881,1,0,0
g3scan,rq4graded,5.0,-1.0,eb0482,0.0482,tier0,1,4.8,0,0.46,20000,0.9979,0.0021,0.5834,1.892,0.2962,1.853,0.3883,1.3713,1.3375,7,1.2269,8,0.6665,1,0,0
g3scan,rq4graded,5.0,-1.0,eb0482,0.0482,tier0,1,4.8,0,0.47,20000,0.9979,0.0021,0.6122,1.773,0.2975,1.848,0.3595,1.3139,1.2828,7,1.1819,8,0.646,1,0,0
g3scan,rq4graded,5.0,-1.0,eb0482,0.0482,tier0,1,4.8,0,0.48,20000,0.9979,0.0021,0.637,1.669,0.301,1.926,0.332,1.2609,1.2323,7,1.1408,8,0.6272,0,0,0
g3scan,rq4graded,5.0,-1.0,eb0482,0.0482,tier0,1,4.8,0,0.49,20000,0.9979,0.0021,0.6616,1.573,0.2972,1.89,0.2974,1.2084,1.1824,7,1.1033,8,0.609,1,0,0
g3scan,rq4graded,5.0,-1.0,eb0482,0.0482,tier0,1,4.8,0,0.5,20000,0.9979,0.0021,0.685,1.481,0.296,1.895,0.2554,1.1583,1.1345,7,1.0663,8,0.5899,1,0,0
g3scan,rq4graded,5.0,-1.0,eb0482,0.0482,tier0,1,4.8,0,0.51,20000,0.9979,0.0021,0.7064,1.398,0.2942,1.924,0.2215,1.1104,1.0886,7,1.0314,8,0.5714,1,0,0
g3scan,rq4graded,5.0,-1.0,eb0482,0.0482,tier0,1,4.8,0,0.52,20000,0.9979,0.0021,0.7251,1.323,0.2894,1.872,0.1967,1.0636,1.0439,7,1.0011,8,0.5547,1,0,0
g3scan,rq4graded,5.0,-1.0,eb0482,0.0482,tier0,1,6.4,0,0.17,20000,0.9979,0.0021,0.0,10.793,0.0,nan,5.928,6.3075,6.2981,2,4.9715,8,nan,0,0,0
g3scan,rq4graded,5.0,-1.0,eb0482,0.0482,tier0,1,6.4,0,0.18,20000,0.9979,0.0021,0.0,10.201,0.0,nan,5.3637,5.6055,5.5876,3,4.3582,8,nan,0,0,0
g3scan,rq4graded,5.0,-1.0,eb0482,0.0482,tier0,1,6.4,0,0.19,20000,0.9979,0.0021,0.0,9.607,0.0,nan,4.8092,4.9659,4.9361,4,3.83,8,nan,0,0,0
g3scan,rq4graded,5.0,-1.0,eb0482,0.0482,tier0,1,6.4,0,0.2,20000,0.9979,0.0021,0.0,9.018,0.0,nan,4.2713,4.6153,4.5909,4,3.3736,8,nan,0,0,0
g3scan,rq4graded,5.0,-1.0,eb0482,0.0482,tier0,1,6.4,0,0.21,20000,0.9979,0.0021,0.0,8.419,0.0,nan,3.7427,4.0637,4.0226,5,2.9715,8,nan,0,0,0
g3scan,rq4graded,5.0,-1.0,eb0482,0.0482,tier0,1,6.4,0,0.22,20000,0.9979,0.0021,0.0,7.83,0.0,0.0,3.2384,3.5612,3.4956,6,2.647,8,nan,0,0,0
g3scan,rq4graded,5.0,-1.0,eb0482,0.0482,tier0,1,6.4,0,0.23,20000,0.9979,0.0021,0.0,7.239,0.0,0.0,2.7604,3.0931,2.9854,7,2.3529,8,nan,0,0,0
g3scan,rq4graded,5.0,-1.0,eb0482,0.0482,tier0,1,6.4,0,0.24,20000,0.9979,0.0021,0.0,6.655,0.0001,0.011,2.3132,2.8813,2.7881,7,2.0966,8,nan,0,1,0
g3scan,rq4graded,5.0,-1.0,eb0482,0.0482,tier0,1,6.4,0,0.25,20000,0.9979,0.0021,0.0,6.091,0.0009,0.018,1.9105,2.6852,2.6059,7,1.8869,8,1.1952,0,1,0
g3scan,rq4graded,5.0,-1.0,eb0482,0.0482,tier0,1,6.4,0,0.26,20000,0.9979,0.0021,0.0,5.547,0.0104,0.092,1.5677,2.4993,2.4321,7,1.6986,8,1.1358,0,1,0
g3scan,rq4graded,5.0,-1.0,eb0482,0.0482,tier0,1,6.4,0,0.27,20000,0.9979,0.0021,0.0002,5.028,0.0463,0.266,1.2925,2.3272,2.2698,7,1.536,8,1.0872,0,1,0
g3scan,rq4graded,5.0,-1.0,eb0482,0.0482,tier0,1,6.4,0,0.28,20000,0.9979,0.0021,0.0018,4.537,0.1149,0.569,1.1119,2.1644,2.1156,7,1.3968,8,1.0441,0,1,0
g3scan,rq4graded,5.0,-1.0,eb0482,0.0482,tier0,1,6.4,0,0.29,20000,0.9979,0.0021,0.0141,4.079,0.1937,0.932,1.0866,2.0134,1.9715,7,1.279,8,1.0024,1,0,0
g3scan,rq4graded,5.0,-1.0,eb0482,0.0482,tier0,1,6.4,0,0.3,20000,0.9979,0.0021,0.0494,3.654,0.2593,1.281,1.1472,1.8701,1.835,7,1.1771,8,0.9602,1,0,0
g3scan,rq4graded,5.0,-1.0,eb0482,0.0482,tier0,1,6.4,0,0.31,20000,0.9979,0.0021,0.1129,3.25,0.3045,1.544,1.2363,1.7389,1.709,7,1.085,8,0.9155,0,0,0
g3scan,rq4graded,5.0,-1.0,eb0482,0.0482,tier0,1,6.4,0,0.32,20000,0.9979,0.0021,0.1914,2.883,0.3321,1.719,1.3228,1.6146,1.5896,7,1.0102,8,0.8718,0,0,0
g3scan,rq4graded,5.0,-1.0,eb0482,0.0482,tier0,1,6.4,0,0.33,20000,0.9979,0.0021,0.2741,2.559,0.3498,1.86,1.3638,1.5017,1.4807,7,0.9456,8,0.8288,0,0,0
g3scan,rq4graded,5.0,-1.0,eb0482,0.0482,tier0,1,6.4,0,0.34,20000,0.9979,0.0021,0.3538,2.266,0.3602,1.902,1.3815,1.3899,1.3727,7,0.89,8,0.7878,0,0,0
g3scan,rq4graded,5.0,-1.0,eb0482,0.0482,tier0,1,6.4,0,0.35,20000,0.9979,0.0021,0.4273,2.02,0.3633,1.913,1.3611,1.2917,1.2774,7,0.8373,8,0.7487,0,0,0
g3scan,rq4graded,5.0,-1.0,eb0482,0.0482,tier0,1,6.4,0,0.36,20000,0.9979,0.0021,0.4914,1.803,0.3713,2.01,1.3447,1.1952,1.1838,7,0.7951,8,0.7108,0,0,0
g3scan,rq4graded,5.0,-1.0,eb0482,0.0482,tier0,1,6.4,0,0.37,20000,0.9979,0.0021,0.5504,1.615,0.3722,2.035,1.2972,1.1083,1.0988,7,0.7551,8,0.6746,0,0,0
g3scan,rq4graded,5.0,-1.0,eb0482,0.0482,tier0,1,6.4,0,0.38,20000,0.9979,0.0021,0.6009,1.453,0.3731,2.085,1.247,1.0259,1.0181,7,0.7218,8,0.6406,0,0,0
g3scan,rq4graded,5.0,-1.0,eb0482,0.0482,tier0,1,6.4,0,0.39,20000,0.9979,0.0021,0.6428,1.315,0.3762,2.139,1.2086,0.951,0.9448,7,0.6872,8,0.6096,0,0,0
g3scan,rq4graded,5.0,-1.0,eb0482,0.0482,tier0,1,6.4,0,0.4,20000,0.9979,0.0021,0.6825,1.193,0.3716,2.14,1.1304,0.8829,0.8778,7,0.6584,8,0.579,0,0,0
g3scan,rq4graded,5.0,-1.0,eb0482,0.0482,tier0,1,6.4,0,0.41,20000,0.9979,0.0021,0.7167,1.087,0.3656,2.086,1.0519,0.8188,0.8148,7,0.634,8,0.5495,0,0,0
g3scan,rq4graded,5.0,-1.0,eb0482,0.0482,tier0,1,6.4,0,0.42,20000,0.9979,0.0021,0.7462,0.995,0.3604,2.069,0.9674,0.763,0.7597,7,0.6103,8,0.5213,0,0,0
g3scan,rq4graded,5.0,-1.0,eb0482,0.0482,tier0,1,6.4,0,0.43,20000,0.9979,0.0021,0.7706,0.916,0.3568,2.102,0.8961,0.7109,0.7083,7,0.5866,8,0.4955,0,0,0
g3scan,rq4graded,5.0,-1.0,eb0482,0.0482,tier0,1,6.4,0,0.44,20000,0.9979,0.0021,0.7938,0.842,0.3518,2.126,0.8046,0.661,0.6589,7,0.5671,8,0.4687,0,0,0
g3scan,rq4graded,5.0,-1.0,eb0482,0.0482,tier0,1,6.4,0,0.45,20000,0.9979,0.0021,0.812,0.782,0.353,2.249,0.7275,0.6194,0.6176,7,0.55,8,0.445,0,0,0
g3scan,rq4graded,5.0,-1.0,eb0482,0.0482,tier0,1,6.4,0,0.46,20000,0.9979,0.0021,0.8292,0.728,0.3366,2.006,0.6285,0.5801,0.5786,7,0.5298,8,0.4235,0,0,0
g3scan,rq4graded,5.0,-1.0,eb0482,0.0482,tier0,1,6.4,0,0.47,20000,0.9979,0.0021,0.8435,0.677,0.3337,1.977,0.5585,0.5427,0.5413,7,0.5132,8,0.4016,0,0,0
g3scan,rq4graded,5.0,-1.0,eb0482,0.0482,tier0,1,6.4,0,0.48,20000,0.9979,0.0021,0.8565,0.634,0.329,2.016,0.4692,0.5119,0.5105,7,0.4954,8,0.3805,0,0,0
g3scan,rq4graded,5.0,-1.0,eb0482,0.0482,tier0,1,6.4,0,0.49,20000,0.9979,0.0021,0.8683,0.594,0.3231,1.986,0.3786,0.4817,0.4801,7,0.4791,8,0.3595,0,0,0
g3scan,rq4graded,5.0,-1.0,eb0482,0.0482,tier0,1,6.4,0,0.5,20000,0.9979,0.0021,0.879,0.559,0.3143,1.992,0.2705,0.4552,0.4536,7,0.4665,8,0.3395,0,0,0
g3scan,rq4graded,5.0,-1.0,eb0482,0.0482,tier0,1,6.4,0,0.51,20000,0.9979,0.0021,0.8866,0.527,0.3239,2.15,0.2416,0.4302,0.4282,7,0.4531,8,0.3219,0,0,0
g3scan,rq4graded,5.0,-1.0,eb0482,0.0482,tier0,1,6.4,0,0.52,20000,0.9979,0.0021,0.8948,0.499,0.314,2.067,0.1519,0.4086,0.4064,7,0.442,8,0.3054,0,0,0
g3scan,rq4graded,5.0,-1.0,eb0482,0.0482,tier0,1,9.6,1,0.17,20000,0.9979,0.0021,0.0,8.623,0.0,nan,4.2776,4.9127,4.9098,3,1.9673,8,nan,0,0,0
g3scan,rq4graded,5.0,-1.0,eb0482,0.0482,tier0,1,9.6,1,0.18,20000,0.9979,0.0021,0.0,7.902,0.0,nan,3.7218,4.2112,4.2067,4,1.5887,8,nan,0,0,0
g3scan,rq4graded,5.0,-1.0,eb0482,0.0482,tier0,1,9.6,1,0.19,20000,0.9979,0.0021,0.0,7.183,0.0,nan,3.2044,3.5906,3.5819,5,1.2932,8,nan,0,0,0
g3scan,rq4graded,5.0,-1.0,eb0482,0.0482,tier0,1,9.6,1,0.2,20000,0.9979,0.0021,0.0,6.46,0.0,nan,2.7236,3.0336,3.0171,6,1.0629,8,nan,0,1,0
g3scan,rq4graded,5.0,-1.0,eb0482,0.0482,tier0,1,9.6,1,0.21,20000,0.9979,0.0021,0.0,5.744,0.0,0.0,2.3023,2.5347,2.5017,7,0.8915,8,nan,0,1,0
g3scan,rq4graded,5.0,-1.0,eb0482,0.0482,tier0,1,9.6,1,0.22,20000,0.9979,0.0021,0.0,5.063,0.0001,0.002,1.9859,2.2282,2.2059,7,0.7599,8,nan,0,1,0
g3scan,rq4graded,5.0,-1.0,eb0482,0.0482,tier0,1,9.6,1,0.23,20000,0.9979,0.0021,0.0,4.423,0.0045,0.026,1.792,1.954,1.9393,7,0.6659,8,1.1564,0,1,0
g3scan,rq4graded,5.0,-1.0,eb0482,0.0482,tier0,1,9.6,1,0.24,20000,0.9979,0.0021,0.0,3.821,0.063,0.22,1.767,1.7002,1.6895,7,0.5886,8,1.0753,0,0,0
g3scan,rq4graded,5.0,-1.0,eb0482,0.0482,tier0,1,9.6,1,0.25,20000,0.9979,0.0021,0.0006,3.266,0.2031,0.69,1.835,1.4763,1.4664,7,0.5298,8,1.011,1,0,0
g3scan,rq4graded,5.0,-1.0,eb0482,0.0482,tier0,1,9.6,1,0.26,20000,0.9979,0.0021,0.0183,2.781,0.3498,1.363,2.0563,1.2756,1.2652,7,0.4815,8,0.9524,0,0,0
g3scan,rq4graded,5.0,-1.0,eb0482,0.0482,tier0,1,9.6,1,0.27,20000,0.9979,0.0021,0.1041,2.329,0.4379,1.919,2.2892,1.1029,1.0926,7,0.4406,8,0.8861,0,0,0
g3scan,rq4graded,5.0,-1.0,eb0482,0.0482,tier0,1,9.6,1,0.28,20000,0.9979,0.0021,0.2435,1.909,0.4792,2.274,2.3644,0.9537,0.9436,7,0.4047,8,0.8135,0,0,0
g3scan,rq4graded,5.0,-1.0,eb0482,0.0482,tier0,1,9.6,1,0.29,20000,0.9979,0.0021,0.3832,1.556,0.4944,2.429,2.3655,0.8253,0.8164,7,0.3726,8,0.7436,0,0,0
g3scan,rq4graded,5.0,-1.0,eb0482,0.0482,tier0,1,9.6,1,0.3,20000,0.9979,0.0021,0.5031,1.273,0.5023,2.573,2.3261,0.7168,0.7096,7,0.3483,8,0.6774,0,0,0
g3scan,rq4graded,5.0,-1.0,eb0482,0.0482,tier0,1,9.6,1,0.31,20000,0.9979,0.0021,0.6011,1.049,0.5012,2.608,2.2581,0.6254,0.6199,7,0.3207,8,0.6156,0,0,0
g3scan,rq4graded,5.0,-1.0,eb0482,0.0482,tier0,1,9.6,1,0.32,20000,0.9979,0.0021,0.6773,0.877,0.4953,2.675,2.171,0.5472,0.5434,7,0.3256,7,0.5598,0,0,0
g3scan,rq4graded,5.0,-1.0,eb0482,0.0482,tier0,1,9.6,1,0.33,20000,0.9979,0.0021,0.739,0.739,0.4862,2.672,2.0577,0.4835,0.4812,7,0.2809,8,0.5055,0,0,0
g3scan,rq4graded,5.0,-1.0,eb0482,0.0482,tier0,1,9.6,1,0.34,20000,0.9979,0.0021,0.7861,0.631,0.4689,2.529,1.9395,0.426,0.4247,7,0.2915,7,0.4574,0,0,0
g3scan,rq4graded,5.0,-1.0,eb0482,0.0482,tier0,1,9.6,1,0.35,20000,0.9979,0.0021,0.822,0.546,0.4596,2.559,1.8183,0.3825,0.3819,7,0.2724,7,0.4121,0,0,0
g3scan,rq4graded,5.0,-1.0,eb0482,0.0482,tier0,1,9.6,1,0.36,20000,0.9979,0.0021,0.8509,0.476,0.4474,2.534,1.6983,0.3425,0.3424,7,0.2554,7,0.3697,0,0,0
g3scan,rq4graded,5.0,-1.0,eb0482,0.0482,tier0,1,9.6,1,0.37,20000,0.9979,0.0021,0.8746,0.418,0.4331,2.501,1.553,0.3101,0.3101,7,0.259,6,0.3291,0,0,0
g3scan,rq4graded,5.0,-1.0,eb0482,0.0482,tier0,1,9.6,1,0.38,20000,0.9979,0.0021,0.8918,0.373,0.4237,2.519,1.436,0.2834,0.2833,7,0.2461,6,0.2943,0,0,0
g3scan,rq4graded,5.0,-1.0,eb0482,0.0482,tier0,1,9.6,1,0.39,20000,0.9979,0.0021,0.9063,0.334,0.409,2.425,1.323,0.2585,0.2582,7,0.2333,6,0.2625,0,0,0
g3scan,rq4graded,5.0,-1.0,eb0482,0.0482,tier0,1,9.6,1,0.4,20000,0.9979,0.0021,0.9187,0.302,0.3948,2.412,1.1795,0.24,0.2394,7,0.2204,6,0.2314,0,0,0
g3scan,rq4graded,5.0,-1.0,eb0482,0.0482,tier0,1,9.6,1,0.41,20000,0.9979,0.0021,0.9284,0.274,0.381,2.402,1.0609,0.2228,0.2219,7,0.2116,6,0.204,0,0,0
g3scan,rq4graded,5.0,-1.0,eb0482,0.0482,tier0,1,9.6,1,0.42,20000,0.9979,0.0021,0.9362,0.25,0.3724,2.44,0.9663,0.2075,0.2064,7,0.2125,5,0.1808,0,0,0
g3scan,rq4graded,5.0,-1.0,eb0482,0.0482,tier0,1,9.6,1,0.43,20000,0.9979,0.0021,0.9433,0.23,0.356,2.329,0.8286,0.196,0.1946,7,0.2034,5,0.1595,0,0,0
g3scan,rq4graded,5.0,-1.0,eb0482,0.0482,tier0,1,9.6,1,0.44,20000,0.9979,0.0021,0.9492,0.212,0.3366,2.057,0.7245,0.1839,0.1823,7,0.1925,5,0.1425,0,0,0
g3scan,rq4graded,5.0,-1.0,eb0482,0.0482,tier0,1,9.6,1,0.45,20000,0.9979,0.0021,0.9537,0.197,0.3227,1.938,0.6416,0.174,0.1723,7,0.1836,5,0.1298,0,0,0
g3scan,rq4graded,5.0,-1.0,eb0482,0.0482,tier0,1,9.6,1,0.46,20000,0.9979,0.0021,0.958,0.183,0.3105,2.004,0.5388,0.165,0.1633,7,0.1766,5,0.1174,0,0,0
g3scan,rq4graded,5.0,-1.0,eb0482,0.0482,tier0,1,9.6,1,0.47,20000,0.9979,0.0021,0.9613,0.171,0.3111,2.043,0.4739,0.1568,0.155,7,0.1715,5,0.1074,0,0,0
g3scan,rq4graded,5.0,-1.0,eb0482,0.0482,tier0,1,9.6,1,0.48,20000,0.9979,0.0021,0.9643,0.159,0.3092,2.178,0.4256,0.149,0.147,7,0.1627,5,0.0989,0,0,0
g3scan,rq4graded,5.0,-1.0,eb0482,0.0482,tier0,1,9.6,1,0.49,20000,0.9979,0.0021,0.9667,0.15,0.3038,2.082,0.4166,0.1423,0.1403,7,0.1614,4,0.0929,0,0,0
g3scan,rq4graded,5.0,-1.0,eb0482,0.0482,tier0,1,9.6,1,0.5,20000,0.9979,0.0021,0.9689,0.141,0.2949,1.937,0.3974,0.1359,0.1339,7,0.1548,4,0.0873,1,0,0
g3scan,rq4graded,5.0,-1.0,eb0482,0.0482,tier0,1,9.6,1,0.51,20000,0.9979,0.0021,0.9709,0.132,0.298,2.047,0.3861,0.1298,0.1277,7,0.1478,4,0.082,1,0,0
g3scan,rq4graded,5.0,-1.0,eb0482,0.0482,tier0,1,9.6,1,0.52,20000,0.9979,0.0021,0.9733,0.125,0.2737,1.814,0.4482,0.1248,0.1227,7,0.1435,4,0.0768,1,0,0
g3scan,rq4graded,5.0,-1.0,eb0482,0.0482,tier0,1,12.8,1,0.17,20000,0.9979,0.0021,0.0,7.344,0.0,nan,3.6229,3.9004,3.897,4,0.8398,8,nan,0,0,0
g3scan,rq4graded,5.0,-1.0,eb0482,0.0482,tier0,1,12.8,1,0.18,20000,0.9979,0.0021,0.0,6.545,0.0,nan,3.1298,3.2042,3.1962,5,0.6405,8,nan,0,1,0
g3scan,rq4graded,5.0,-1.0,eb0482,0.0482,tier0,1,12.8,1,0.19,20000,0.9979,0.0021,0.0,5.748,0.0,nan,2.6957,2.6042,2.5902,6,0.5104,8,nan,0,1,0
g3scan,rq4graded,5.0,-1.0,eb0482,0.0482,tier0,1,12.8,1,0.2,20000,0.9979,0.0021,0.0,4.96,0.0,0.0,2.3482,2.0859,2.0627,7,0.4247,8,nan,0,1,0
g3scan,rq4graded,5.0,-1.0,eb0482,0.0482,tier0,1,12.8,1,0.21,20000,0.9979,0.0021,0.0,4.239,0.0001,0.001,2.1652,1.7167,1.6875,7,0.4027,7,nan,0,0,0
g3scan,rq4graded,5.0,-1.0,eb0482,0.0482,tier0,1,12.8,1,0.22,20000,0.9979,0.0021,0.0,3.572,0.011,0.035,2.1627,1.4011,1.3662,7,0.3486,7,1.1343,0,0,0
g3scan,rq4graded,5.0,-1.0,eb0482,0.0482,tier0,1,12.8,1,0.23,20000,0.9979,0.0021,0.0,2.95,0.1551,0.402,2.2486,1.14,1.1024,7,0.3041,7,1.0297,0,0,0
g3scan,rq4graded,5.0,-1.0,eb0482,0.0482,tier0,1,12.8,1,0.24,20000,0.9979,0.0021,0.0015,2.41,0.3795,1.242,2.4752,0.9268,0.8927,7,0.2674,7,0.9544,0,0,0
g3scan,rq4graded,5.0,-1.0,eb0482,0.0482,tier0,1,12.8,1,0.25,20000,0.9979,0.0021,0.0666,1.95,0.5336,2.286,2.8001,0.7495,0.7206,7,0.2663,6,0.8773,0,0,0
g3scan,rq4graded,5.0,-1.0,eb0482,0.0482,tier0,1,12.8,1,0.26,20000,0.9979,0.0021,0.2554,1.495,0.5889,2.913,2.8805,0.6142,0.5924,7,0.2377,6,0.7805,0,0,0
g3scan,rq4graded,5.0,-1.0,eb0482,0.0482,tier0,1,12.8,1,0.27,20000,0.9979,0.0021,0.4506,1.117,0.6029,3.213,2.8557,0.5031,0.4874,7,0.2332,5,0.6834,0,0,0
g3scan,rq4graded,5.0,-1.0,eb0482,0.0482,tier0,1,12.8,1,0.28,20000,0.9979,0.0021,0.6013,0.841,0.5996,3.323,2.7787,0.4175,0.4074,7,0.2127,5,0.5938,0,0,0
g3scan,rq4graded,5.0,-1.0,eb0482,0.0482,tier0,1,12.8,1,0.29,20000,0.9979,0.0021,0.7098,0.644,0.5874,3.332,2.6702,0.3492,0.3433,7,0.1939,5,0.5122,0,0,0
g3scan,rq4graded,5.0,-1.0,eb0482,0.0482,tier0,1,12.8,1,0.3,20000,0.9979,0.0021,0.7855,0.505,0.5638,3.169,2.5327,0.2962,0.2931,7,0.1905,4,0.439,0,0,0
g3scan,rq4graded,5.0,-1.0,eb0482,0.0482,tier0,1,12.8,1,0.31,20000,0.9979,0.0021,0.8377,0.405,0.5459,3.121,2.394,0.2549,0.2537,7,0.1721,4,0.3722,0,0,0
g3scan,rq4graded,5.0,-1.0,eb0482,0.0482,tier0,1,12.8,1,0.32,20000,0.9979,0.0021,0.8757,0.331,0.5193,2.99,2.2274,0.2223,0.222,7,0.1605,4,0.3113,0,0,0
g3scan,rq4graded,5.0,-1.0,eb0482,0.0482,tier0,1,12.8,1,0.33,20000,0.9979,0.0021,0.9009,0.277,0.5014,3.015,2.0923,0.1965,0.1965,7,0.1471,4,0.26,0,0,0
g3scan,rq4graded,5.0,-1.0,eb0482,0.0482,tier0,1,12.8,1,0.34,20000,0.9979,0.0021,0.9207,0.235,0.4738,2.901,1.9259,0.1763,0.1763,7,0.1452,3,0.2133,0,0,0
g3scan,rq4graded,5.0,-1.0,eb0482,0.0482,tier0,1,12.8,1,0.35,20000,0.9979,0.0021,0.9345,0.203,0.4518,2.666,1.7953,0.1594,0.1593,7,0.1329,3,0.1759,0,0,0
g3scan,rq4graded,5.0,-1.0,eb0482,0.0482,tier0,1,12.8,1,0.36,20000,0.9979,0.0021,0.9451,0.177,0.424,2.524,1.6645,0.1454,0.1452,7,0.1231,3,0.1466,0,0,0
g3scan,rq4graded,5.0,-1.0,eb0482,0.0482,tier0,1,12.8,1,0.37,20000,0.9979,0.0021,0.9535,0.156,0.4055,2.398,1.5408,0.1339,0.1336,7,0.1154,3,0.1234,0,0,0
g3scan,rq4graded,5.0,-1.0,eb0482,0.0482,tier0,1,12.8,1,0.38,20000,0.9979,0.0021,0.9599,0.137,0.3959,2.435,1.4584,0.1231,0.1226,7,0.1111,2,0.1059,0,0,0
g3scan,rq4graded,5.0,-1.0,eb0482,0.0482,tier0,1,12.8,1,0.39,20000,0.9979,0.0021,0.965,0.123,0.3695,2.128,1.3661,0.114,0.1135,7,0.1036,2,0.094,0,0,0
g3scan,rq4graded,5.0,-1.0,eb0482,0.0482,tier0,1,12.8,1,0.4,20000,0.9979,0.0021,0.9685,0.112,0.3742,2.338,1.3369,0.1066,0.1061,7,0.0959,2,0.0844,0,0,0
g3scan,rq4graded,5.0,-1.0,eb0482,0.0482,tier0,1,12.8,1,0.41,20000,0.9979,0.0021,0.9722,0.101,0.3595,2.168,1.2688,0.0996,0.099,7,0.0909,2,0.0759,0,0,0
g3scan,rq4graded,5.0,-1.0,eb0482,0.0482,tier0,1,12.8,1,0.42,20000,0.9979,0.0021,0.9754,0.091,0.3428,2.042,1.1959,0.093,0.0923,7,0.0885,1,0.0684,0,0,0
g3scan,rq4graded,5.0,-1.0,eb0482,0.0482,tier0,1,12.8,1,0.43,20000,0.9979,0.0021,0.9774,0.083,0.3455,2.137,1.2142,0.0869,0.0863,7,0.0841,1,0.0632,0,0,0
g3scan,rq4graded,5.0,-1.0,eb0482,0.0482,tier0,1,12.8,1,0.44,20000,0.9979,0.0021,0.9797,0.076,0.3321,2.118,1.1405,0.0823,0.0817,7,0.0775,1,0.0577,0,0,0
g3scan,rq4graded,5.0,-1.0,eb0482,0.0482,tier0,1,12.8,1,0.45,20000,0.9979,0.0021,0.9813,0.07,0.3333,2.147,1.1711,0.0769,0.0763,7,0.0747,1,0.0538,0,0,0
g3scan,rq4graded,5.0,-1.0,eb0482,0.0482,tier0,1,12.8,1,0.46,20000,0.9979,0.0021,0.9829,0.064,0.3236,2.065,1.1624,0.0723,0.0717,7,nan,0,0.0501,0,0,0
g3scan,rq4graded,5.0,-1.0,eb0482,0.0482,tier0,1,12.8,1,0.47,20000,0.9979,0.0021,0.9843,0.059,0.3168,2.129,1.1158,0.0686,0.068,7,nan,0,0.0466,0,0,0
g3scan,rq4graded,5.0,-1.0,eb0482,0.0482,tier0,1,12.8,1,0.48,20000,0.9979,0.0021,0.9854,0.054,0.3139,2.011,1.1614,0.0646,0.0641,7,nan,0,0.044,0,0,0
g3scan,rq4graded,5.0,-1.0,eb0482,0.0482,tier0,1,12.8,1,0.49,20000,0.9979,0.0021,0.9867,0.05,0.2994,1.767,1.1684,0.0608,0.0603,7,nan,0,0.0411,1,0,0
g3scan,rq4graded,5.0,-1.0,eb0482,0.0482,tier0,1,12.8,1,0.5,20000,0.9979,0.0021,0.9876,0.046,0.3016,1.753,1.1894,0.0576,0.0571,7,nan,0,0.0388,0,0,0
g3scan,rq4graded,5.0,-1.0,eb0482,0.0482,tier0,1,12.8,1,0.51,20000,0.9979,0.0021,0.9884,0.043,0.2931,1.6,1.2334,0.0548,0.0544,7,nan,0,0.0369,1,0,0
g3scan,rq4graded,5.0,-1.0,eb0482,0.0482,tier0,1,12.8,1,0.52,20000,0.9979,0.0021,0.9892,0.04,0.2884,1.61,1.2441,0.0518,0.0514,7,nan,0,0.0346,1,0,0
g3scan,rq4graded,5.0,-1.0,eb1168,0.11675778353879479,tier0,0,2.4,0,0.17,20000,0.9889,0.0111,0.0,16.861,0.0,nan,11.9725,nan,nan,0,16.2521,6,nan,0,0,0
g3scan,rq4graded,5.0,-1.0,eb1168,0.11675778353879479,tier0,0,2.4,0,0.18,20000,0.9889,0.0111,0.0,16.623,0.0,nan,11.7347,nan,nan,0,15.713,6,nan,0,0,0
g3scan,rq4graded,5.0,-1.0,eb1168,0.11675778353879479,tier0,0,2.4,0,0.19,20000,0.9889,0.0111,0.0,16.378,0.0,nan,11.4892,nan,nan,0,14.7618,7,nan,0,0,0
g3scan,rq4graded,5.0,-1.0,eb1168,0.11675778353879479,tier0,0,2.4,0,0.2,20000,0.9889,0.0111,0.0,16.138,0.0,nan,11.2497,nan,nan,0,14.3102,7,nan,0,0,0
g3scan,rq4graded,5.0,-1.0,eb1168,0.11675778353879479,tier0,0,2.4,0,0.21,20000,0.9889,0.0111,0.0,15.9,0.0,nan,11.0109,nan,nan,0,13.4381,8,nan,0,0,0
g3scan,rq4graded,5.0,-1.0,eb1168,0.11675778353879479,tier0,0,2.4,0,0.22,20000,0.9889,0.0111,0.0,15.664,0.0,nan,10.7757,nan,nan,0,13.0584,8,nan,0,0,0
g3scan,rq4graded,5.0,-1.0,eb1168,0.11675778353879479,tier0,0,2.4,0,0.23,20000,0.9889,0.0111,0.0,15.421,0.0,nan,10.5322,nan,nan,0,12.6891,8,nan,0,0,0
g3scan,rq4graded,5.0,-1.0,eb1168,0.11675778353879479,tier0,0,2.4,0,0.24,20000,0.9889,0.0111,0.0,15.181,0.0,nan,10.2924,nan,nan,0,12.342,8,nan,0,0,0
g3scan,rq4graded,5.0,-1.0,eb1168,0.11675778353879479,tier0,0,2.4,0,0.25,20000,0.9889,0.0111,0.0,14.944,0.0,nan,10.0552,7.267,7.267,1,12.01,8,nan,0,0,0
g3scan,rq4graded,5.0,-1.0,eb1168,0.11675778353879479,tier0,0,2.4,0,0.26,20000,0.9889,0.0111,0.0,14.705,0.0,nan,9.816,7.0964,7.0964,1,11.6959,8,nan,0,0,0
g3scan,rq4graded,5.0,-1.0,eb1168,0.11675778353879479,tier0,0,2.4,0,0.27,20000,0.9889,0.0111,0.0,14.468,0.0,nan,9.5789,6.4613,6.4412,2,11.3987,8,nan,0,0,0
g3scan,rq4graded,5.0,-1.0,eb1168,0.11675778353879479,tier0,0,2.4,0,0.28,20000,0.9889,0.0111,0.0,14.23,0.0,nan,9.3409,6.3389,6.3178,2,11.1127,8,nan,0,0,0
g3scan,rq4graded,5.0,-1.0,eb1168,0.11675778353879479,tier0,0,2.4,0,0.29,20000,0.9889,0.0111,0.0,13.989,0.0,nan,9.1002,5.8043,5.7592,3,10.8355,8,nan,0,0,0
g3scan,rq4graded,5.0,-1.0,eb1168,0.11675778353879479,tier0,0,2.4,0,0.3,20000,0.9889,0.0111,0.0,13.749,0.0,nan,8.8603,5.699,5.6544,3,10.5699,8,nan,0,0,0
g3scan,rq4graded,5.0,-1.0,eb1168,0.11675778353879479,tier0,0,2.4,0,0.31,20000,0.9889,0.0111,0.0,13.513,0.0,nan,8.624,5.2145,5.1358,4,10.3172,8,nan,0,0,0
g3scan,rq4graded,5.0,-1.0,eb1168,0.11675778353879479,tier0,0,2.4,0,0.32,20000,0.9889,0.0111,0.0,13.273,0.0,nan,8.3845,5.1228,5.0452,4,10.0786,8,nan,0,0,0
g3scan,rq4graded,5.0,-1.0,eb1168,0.11675778353879479,tier0,0,2.4,0,0.33,20000,0.9889,0.0111,0.0,13.035,0.0,0.0,8.1461,4.6725,4.5486,5,9.8501,8,nan,0,0,0
g3scan,rq4graded,5.0,-1.0,eb1168,0.11675778353879479,tier0,0,2.4,0,0.34,20000,0.9889,0.0111,0.0,12.798,0.0,0.0,7.9091,4.5966,4.475,5,9.6267,8,nan,0,0,0
g3scan,rq4graded,5.0,-1.0,eb1168,0.11675778353879479,tier0,0,2.4,0,0.35,20000,0.9889,0.0111,0.0,12.559,0.0,0.0,7.6699,4.1781,3.9955,6,9.4147,8,nan,0,0,0
g3scan,rq4graded,5.0,-1.0,eb1168,0.11675778353879479,tier0,0,2.4,0,0.36,20000,0.9889,0.0111,0.0,12.321,0.0001,0.6,7.4324,4.1137,3.9342,6,9.2062,8,nan,0,0,0
g3scan,rq4graded,5.0,-1.0,eb1168,0.11675778353879479,tier0,0,2.4,0,0.37,20000,0.9889,0.0111,0.0,12.084,0.0001,0.286,7.1956,4.0502,3.8745,6,9.0106,8,nan,0,0,0
g3scan,rq4graded,5.0,-1.0,eb1168,0.11675778353879479,tier0,0,2.4,0,0.38,20000,0.9889,0.0111,0.0,11.848,0.0001,0.133,6.9589,3.6574,3.3922,7,8.8216,8,nan,0,0,0
g3scan,rq4graded,5.0,-1.0,eb1168,0.11675778353879479,tier0,0,2.4,0,0.39,20000,0.9889,0.0111,0.0,11.609,0.0003,0.159,6.7205,3.603,3.342,7,8.6352,8,nan,0,0,0
g3scan,rq4graded,5.0,-1.0,eb1168,0.11675778353879479,tier0,0,2.4,0,0.4,20000,0.9889,0.0111,0.0001,11.372,0.0004,0.125,6.4839,3.5504,3.2946,7,8.4577,8,nan,0,0,0
g3scan,rq4graded,5.0,-1.0,eb1168,0.11675778353879479,tier0,0,2.4,0,0.41,20000,0.9889,0.0111,0.0001,11.137,0.0007,0.132,6.25,3.4991,3.2483,7,8.2861,8,1.1463,0,0,0
g3scan,rq4graded,5.0,-1.0,eb1168,0.11675778353879479,tier0,0,2.4,0,0.42,20000,0.9889,0.0111,0.0001,10.901,0.0016,0.194,6.0131,3.4486,3.2028,7,8.1166,8,1.1316,0,0,0
g3scan,rq4graded,5.0,-1.0,eb1168,0.11675778353879479,tier0,0,2.4,0,0.43,20000,0.9889,0.0111,0.0002,10.669,0.003,0.254,5.7818,3.4004,3.159,7,7.9548,8,1.1179,0,0,0
g3scan,rq4graded,5.0,-1.0,eb1168,0.11675778353879479,tier0,0,2.4,0,0.44,20000,0.9889,0.0111,0.0004,10.435,0.0051,0.328,5.5505,3.3532,3.1163,7,7.7995,8,1.1044,0,0,0
g3scan,rq4graded,5.0,-1.0,eb1168,0.11675778353879479,tier0,0,2.4,0,0.45,20000,0.9889,0.0111,0.0007,10.203,0.0079,0.376,5.3213,3.3068,3.074,7,7.648,8,1.0933,0,0,0
g3scan,rq4graded,5.0,-1.0,eb1168,0.11675778353879479,tier0,0,2.4,0,0.46,20000,0.9889,0.0111,0.0012,9.978,0.0116,0.433,5.1012,3.2623,3.0333,7,7.5094,8,1.0821,0,0,0
g3scan,rq4graded,5.0,-1.0,eb1168,0.11675778353879479,tier0,0,2.4,0,0.47,20000,0.9889,0.0111,0.0021,9.752,0.0157,0.473,4.8846,3.2186,2.9938,7,7.367,8,1.0715,0,0,0
g3scan,rq4graded,5.0,-1.0,eb1168,0.11675778353879479,tier0,0,2.4,0,0.48,20000,0.9889,0.0111,0.0036,9.528,0.0208,0.51,4.6742,3.1756,2.9545,7,7.2328,8,1.0597,0,0,0
g3scan,rq4graded,5.0,-1.0,eb1168,0.11675778353879479,tier0,0,2.4,0,0.49,20000,0.9889,0.0111,0.006,9.308,0.0269,0.579,4.4758,3.1341,2.9167,7,7.1001,8,1.0473,0,0,0
g3scan,rq4graded,5.0,-1.0,eb1168,0.11675778353879479,tier0,0,2.4,0,0.5,20000,0.9889,0.0111,0.009,9.088,0.0342,0.665,4.2819,3.0935,2.8798,7,6.9633,8,1.0358,0,0,0
g3scan,rq4graded,5.0,-1.0,eb1168,0.11675778353879479,tier0,0,2.4,0,0.51,20000,0.9889,0.0111,0.0127,8.875,0.0415,0.725,4.1007,3.0539,2.8437,7,6.8358,8,1.0249,0,0,0
g3scan,rq4graded,5.0,-1.0,eb1168,0.11675778353879479,tier0,0,2.4,0,0.52,20000,0.9889,0.0111,0.0171,8.664,0.0504,0.817,3.9261,3.0149,2.8081,7,6.7133,8,1.0141,0,0,0
g3scan,rq4graded,5.0,-1.0,eb1168,0.11675778353879479,tier0,0,3.2,0,0.17,20000,0.9889,0.0111,0.0,15.096,0.0,nan,10.2076,nan,nan,0,12.5849,7,nan,0,0,0
g3scan,rq4graded,5.0,-1.0,eb1168,0.11675778353879479,tier0,0,3.2,0,0.18,20000,0.9889,0.0111,0.0,14.76,0.0,nan,9.8719,nan,nan,0,11.7248,8,nan,0,0,0
g3scan,rq4graded,5.0,-1.0,eb1168,0.11675778353879479,tier0,0,3.2,0,0.19,20000,0.9889,0.0111,0.0,14.416,0.0,nan,9.5271,nan,nan,0,11.1653,8,nan,0,0,0
g3scan,rq4graded,5.0,-1.0,eb1168,0.11675778353879479,tier0,0,3.2,0,0.2,20000,0.9889,0.0111,0.0,14.075,0.0,nan,9.1864,nan,nan,0,10.6433,8,nan,0,0,0
g3scan,rq4graded,5.0,-1.0,eb1168,0.11675778353879479,tier0,0,3.2,0,0.21,20000,0.9889,0.0111,0.0,13.739,0.0,nan,8.8505,7.1664,7.1664,1,10.1624,8,nan,0,0,0
g3scan,rq4graded,5.0,-1.0,eb1168,0.11675778353879479,tier0,0,3.2,0,0.22,20000,0.9889,0.0111,0.0,13.394,0.0,nan,8.5056,6.466,6.4485,2,9.7002,8,nan,0,0,0
g3scan,rq4graded,5.0,-1.0,eb1168,0.11675778353879479,tier0,0,3.2,0,0.23,20000,0.9889,0.0111,0.0,13.054,0.0,nan,8.1655,6.2776,6.2598,2,9.2661,8,nan,0,0,0
g3scan,rq4graded,5.0,-1.0,eb1168,0.11675778353879479,tier0,0,3.2,0,0.24,20000,0.9889,0.0111,0.0,12.713,0.0,nan,7.8241,5.7148,5.6776,3,8.8607,8,nan,0,0,0
g3scan,rq4graded,5.0,-1.0,eb1168,0.11675778353879479,tier0,0,3.2,0,0.25,20000,0.9889,0.0111,0.0,12.375,0.0,nan,7.4868,5.553,5.5167,3,8.4897,8,nan,0,0,0
g3scan,rq4graded,5.0,-1.0,eb1168,0.11675778353879479,tier0,0,3.2,0,0.26,20000,0.9889,0.0111,0.0,12.033,0.0,nan,7.1443,5.0475,4.9827,4,8.1273,8,nan,0,0,0
g3scan,rq4graded,5.0,-1.0,eb1168,0.11675778353879479,tier0,0,3.2,0,0.27,20000,0.9889,0.0111,0.0,11.691,0.0,nan,6.8027,4.5724,4.4675,5,7.7867,8,nan,0,0,0
g3scan,rq4graded,5.0,-1.0,eb1168,0.11675778353879479,tier0,0,3.2,0,0.28,20000,0.9889,0.0111,0.0,11.356,0.0,0.0,6.4671,4.4526,4.3517,5,7.473,8,nan,0,0,0
g3scan,rq4graded,5.0,-1.0,eb1168,0.11675778353879479,tier0,0,3.2,0,0.29,20000,0.9889,0.0111,0.0,11.011,0.0,0.0,6.1227,4.0221,3.8698,6,7.1623,8,nan,0,0,0
g3scan,rq4graded,5.0,-1.0,eb1168,0.11675778353879479,tier0,0,3.2,0,0.3,20000,0.9889,0.0111,0.0,10.672,0.0,0.0,5.7838,3.9193,3.7722,6,6.875,8,nan,0,0,0
g3scan,rq4graded,5.0,-1.0,eb1168,0.11675778353879479,tier0,0,3.2,0,0.31,20000,0.9889,0.0111,0.0,10.333,0.0001,0.154,5.4445,3.5142,3.2889,7,6.6049,8,nan,0,0,0
g3scan,rq4graded,5.0,-1.0,eb1168,0.11675778353879479,tier0,0,3.2,0,0.32,20000,0.9889,0.0111,0.0,9.999,0.0002,0.07,5.11,3.4286,3.2112,7,6.3572,8,nan,0,0,0
g3scan,rq4graded,5.0,-1.0,eb1168,0.11675778353879479,tier0,0,3.2,0,0.33,20000,0.9889,0.0111,0.0,9.659,0.0005,0.077,4.7703,3.3446,3.1346,7,6.1123,8,nan,0,0,0
g3scan,rq4graded,5.0,-1.0,eb1168,0.11675778353879479,tier0,0,3.2,0,0.34,20000,0.9889,0.0111,0.0001,9.323,0.0012,0.097,4.4353,3.2643,3.0622,7,5.8769,8,1.139,0,0,0
g3scan,rq4graded,5.0,-1.0,eb1168,0.11675778353879479,tier0,0,3.2,0,0.35,20000,0.9889,0.0111,0.0001,8.992,0.0034,0.168,4.1046,3.1868,2.9917,7,5.6568,8,1.1172,0,0,0
g3scan,rq4graded,5.0,-1.0,eb1168,0.11675778353879479,tier0,0,3.2,0,0.36,20000,0.9889,0.0111,0.0003,8.664,0.0077,0.239,3.7776,3.1116,2.923,7,5.454,8,1.0978,0,0,0
g3scan,rq4graded,5.0,-1.0,eb1168,0.11675778353879479,tier0,0,3.2,0,0.37,20000,0.9889,0.0111,0.0007,8.34,0.0148,0.322,3.4575,3.0387,2.8561,7,5.2532,8,1.0794,0,0,0
g3scan,rq4graded,5.0,-1.0,eb1168,0.11675778353879479,tier0,0,3.2,0,0.38,20000,0.9889,0.0111,0.0017,8.027,0.0243,0.403,3.1523,2.9691,2.7927,7,5.0694,8,1.0615,0,0,0
g3scan,rq4graded,5.0,-1.0,eb1168,0.11675778353879479,tier0,0,3.2,0,0.39,20000,0.9889,0.0111,0.004,7.712,0.0384,0.534,2.8538,2.9008,2.7301,7,4.8865,8,1.0422,0,0,0
g3scan,rq4graded,5.0,-1.0,eb1168,0.11675778353879479,tier0,0,3.2,0,0.4,20000,0.9889,0.0111,0.0085,7.407,0.054,0.651,2.5819,2.8356,2.6701,7,4.7103,8,1.0237,0,0,0
g3scan,rq4graded,5.0,-1.0,eb1168,0.11675778353879479,tier0,0,3.2,0,0.41,20000,0.9889,0.0111,0.015,7.116,0.0708,0.77,2.336,2.7727,2.6123,7,4.5564,8,1.0066,0,0,0
g3scan,rq4graded,5.0,-1.0,eb1168,0.11675778353879479,tier0,0,3.2,0,0.42,20000,0.9889,0.0111,0.0242,6.832,0.0882,0.888,2.1135,2.7113,2.556,7,4.4093,8,0.9899,0,1,0
g3scan,rq4graded,5.0,-1.0,eb1168,0.11675778353879479,tier0,0,3.2,0,0.43,20000,0.9889,0.0111,0.0379,6.549,0.1049,0.999,1.919,2.6518,2.5012,7,4.2576,8,0.9724,0,1,0
g3scan,rq4graded,5.0,-1.0,eb1168,0.11675778353879479,tier0,0,3.2,0,0.44,20000,0.9889,0.0111,0.0543,6.281,0.1193,1.1,1.7526,2.5952,2.4489,7,4.1105,8,0.9561,0,1,0
g3scan,rq4graded,5.0,-1.0,eb1168,0.11675778353879479,tier0,0,3.2,0,0.45,20000,0.9889,0.0111,0.0745,6.022,0.1313,1.166,1.6182,2.5403,2.3982,7,3.9766,8,0.9396,0,1,0
g3scan,rq4graded,5.0,-1.0,eb1168,0.11675778353879479,tier0,0,3.2,0,0.46,20000,0.9889,0.0111,0.096,5.772,0.1437,1.252,1.497,2.4861,2.3483,7,3.8505,8,0.9235,0,1,0
g3scan,rq4graded,5.0,-1.0,eb1168,0.11675778353879479,tier0,0,3.2,0,0.47,20000,0.9889,0.0111,0.1203,5.532,0.1526,1.291,1.4002,2.4345,2.3004,7,3.7303,8,0.908,0,1,0
g3scan,rq4graded,5.0,-1.0,eb1168,0.11675778353879479,tier0,0,3.2,0,0.48,20000,0.9889,0.0111,0.1456,5.303,0.1611,1.337,1.3178,2.3838,2.2537,7,3.6133,8,0.8925,0,1,0
g3scan,rq4graded,5.0,-1.0,eb1168,0.11675778353879479,tier0,0,3.2,0,0.49,20000,0.9889,0.0111,0.1723,5.086,0.1667,1.351,1.2558,2.3356,2.2091,7,3.4992,8,0.8774,0,1,0
g3scan,rq4graded,5.0,-1.0,eb1168,0.11675778353879479,tier0,0,3.2,0,0.5,20000,0.9889,0.0111,0.1984,4.877,0.1734,1.393,1.195,2.2876,2.1647,7,3.3923,8,0.8628,0,1,0
g3scan,rq4graded,5.0,-1.0,eb1168,0.11675778353879479,tier0,0,3.2,0,0.51,20000,0.9889,0.0111,0.2253,4.675,0.1804,1.468,1.1465,2.2412,2.1218,7,3.2831,8,0.8478,0,1,0
g3scan,rq4graded,5.0,-1.0,eb1168,0.11675778353879479,tier0,0,3.2,0,0.52,20000,0.9889,0.0111,0.251,4.487,0.1855,1.499,1.1017,2.1961,2.0801,7,3.1849,8,0.834,0,1,0
g3scan,rq4graded,5.0,-1.0,eb1168,0.11675778353879479,tier0,0,4.8,0,0.17,20000,0.9889,0.0111,0.0,12.502,0.0,nan,7.6169,7.2609,7.2609,1,7.5562,8,nan,0,0,0
g3scan,rq4graded,5.0,-1.0,eb1168,0.11675778353879479,tier0,0,4.8,0,0.18,20000,0.9889,0.0111,0.0,12.014,0.0,nan,7.1303,6.8481,6.8481,1,6.8801,8,nan,0,0,0
g3scan,rq4graded,5.0,-1.0,eb1168,0.11675778353879479,tier0,0,4.8,0,0.19,20000,0.9889,0.0111,0.0,11.515,0.0,nan,6.6341,6.1092,6.0971,2,6.2465,8,nan,0,0,0
g3scan,rq4graded,5.0,-1.0,eb1168,0.11675778353879479,tier0,0,4.8,0,0.2,20000,0.9889,0.0111,0.0,11.028,0.0,nan,6.1501,5.494,5.4686,3,5.703,8,nan,0,0,0
g3scan,rq4graded,5.0,-1.0,eb1168,0.11675778353879479,tier0,0,4.8,0,0.21,20000,0.9889,0.0111,0.0,10.532,0.0,nan,5.6583,4.9305,4.8868,4,5.2031,8,nan,0,0,0
g3scan,rq4graded,5.0,-1.0,eb1168,0.11675778353879479,tier0,0,4.8,0,0.22,20000,0.9889,0.0111,0.0,10.042,0.0,nan,5.1745,4.6845,4.645,4,4.7577,8,nan,0,0,0
g3scan,rq4graded,5.0,-1.0,eb1168,0.11675778353879479,tier0,0,4.8,0,0.23,20000,0.9889,0.0111,0.0,9.551,0.0,nan,4.6902,4.1878,4.1228,5,4.3602,8,nan,0,0,0
g3scan,rq4graded,5.0,-1.0,eb1168,0.11675778353879479,tier0,0,4.8,0,0.24,20000,0.9889,0.0111,0.0,9.058,0.0,0.0,4.2116,3.7251,3.6241,6,4.0008,8,nan,0,0,0
g3scan,rq4graded,5.0,-1.0,eb1168,0.11675778353879479,tier0,0,4.8,0,0.25,20000,0.9889,0.0111,0.0,8.567,0.0,0.0,3.7437,3.5473,3.4559,6,3.6768,8,nan,0,0,0
g3scan,rq4graded,5.0,-1.0,eb1168,0.11675778353879479,tier0,0,4.8,0,0.26,20000,0.9889,0.0111,0.0,8.076,0.0001,0.036,3.2856,3.1316,2.9851,7,3.3796,8,nan,0,0,0
g3scan,rq4graded,5.0,-1.0,eb1168,0.11675778353879479,tier0,0,4.8,0,0.27,20000,0.9889,0.0111,0.0,7.593,0.0003,0.027,2.8427,2.9859,2.8518,7,3.1103,8,nan,0,0,0
g3scan,rq4graded,5.0,-1.0,eb1168,0.11675778353879479,tier0,0,4.8,0,0.28,20000,0.9889,0.0111,0.0,7.116,0.0018,0.056,2.4145,2.8462,2.7237,7,2.8678,8,1.1341,0,0,0
g3scan,rq4graded,5.0,-1.0,eb1168,0.11675778353879479,tier0,0,4.8,0,0.29,20000,0.9889,0.0111,0.0001,6.654,0.0093,0.138,2.0179,2.7154,2.6026,7,2.6518,8,1.0953,0,1,0
g3scan,rq4graded,5.0,-1.0,eb1168,0.11675778353879479,tier0,0,4.8,0,0.3,20000,0.9889,0.0111,0.0003,6.205,0.0269,0.257,1.6554,2.5899,2.4864,7,2.4531,8,1.0632,0,1,0
g3scan,rq4graded,5.0,-1.0,eb1168,0.11675778353879479,tier0,0,4.8,0,0.31,20000,0.9889,0.0111,0.0017,5.772,0.0608,0.461,1.3355,2.471,2.3757,7,2.2693,8,1.0309,0,1,0
g3scan,rq4graded,5.0,-1.0,eb1168,0.11675778353879479,tier0,0,4.8,0,0.32,20000,0.9889,0.0111,0.0076,5.356,0.1025,0.681,1.0659,2.3569,2.2691,7,2.106,8,1.0006,0,1,0
g3scan,rq4graded,5.0,-1.0,eb1168,0.11675778353879479,tier0,0,4.8,0,0.33,20000,0.9889,0.0111,0.0214,4.964,0.1475,0.933,0.8724,2.2502,2.1692,7,1.9538,8,0.9705,0,1,0
g3scan,rq4graded,5.0,-1.0,eb1168,0.11675778353879479,tier0,0,4.8,0,0.34,20000,0.9889,0.0111,0.0479,4.586,0.1858,1.136,0.7477,2.1463,2.072,7,1.8176,8,0.9403,0,1,0
g3scan,rq4graded,5.0,-1.0,eb1168,0.11675778353879479,tier0,0,4.8,0,0.35,20000,0.9889,0.0111,0.0873,4.232,0.2149,1.297,0.6808,2.0503,1.9816,7,1.6913,8,0.9098,1,0,0
g3scan,rq4graded,5.0,-1.0,eb1168,0.11675778353879479,tier0,0,4.8,0,0.36,20000,0.9889,0.0111,0.135,3.898,0.2366,1.422,0.6526,1.9567,1.8938,7,1.5802,8,0.8799,1,0,0
g3scan,rq4graded,5.0,-1.0,eb1168,0.11675778353879479,tier0,0,4.8,0,0.37,20000,0.9889,0.0111,0.1863,3.587,0.2556,1.548,0.6535,1.8682,1.8103,7,1.4777,8,0.8506,1,0,0
g3scan,rq4graded,5.0,-1.0,eb1168,0.11675778353879479,tier0,0,4.8,0,0.38,20000,0.9889,0.0111,0.2411,3.304,0.2666,1.602,0.6616,1.7873,1.7336,7,1.3779,8,0.8221,1,0,0
g3scan,rq4graded,5.0,-1.0,eb1168,0.11675778353879479,tier0,0,4.8,0,0.39,20000,0.9889,0.0111,0.2925,3.042,0.2761,1.65,0.675,1.7046,1.6557,7,1.2911,8,0.7953,1,0,0
g3scan,rq4graded,5.0,-1.0,eb1168,0.11675778353879479,tier0,0,4.8,0,0.4,20000,0.9889,0.0111,0.3436,2.806,0.2836,1.74,0.679,1.6275,1.5831,7,1.2091,8,0.7685,1,0,0
g3scan,rq4graded,5.0,-1.0,eb1168,0.11675778353879479,tier0,0,4.8,0,0.41,20000,0.9889,0.0111,0.3929,2.591,0.288,1.776,0.6714,1.5551,1.5144,7,1.1399,8,0.7425,1,0,0
g3scan,rq4graded,5.0,-1.0,eb1168,0.11675778353879479,tier0,0,4.8,0,0.42,20000,0.9889,0.0111,0.4376,2.395,0.292,1.779,0.6674,1.485,1.4477,7,1.0739,8,0.7178,1,0,0
g3scan,rq4graded,5.0,-1.0,eb1168,0.11675778353879479,tier0,0,4.8,0,0.43,20000,0.9889,0.0111,0.4781,2.221,0.2939,1.752,0.6663,1.4186,1.3846,7,1.0163,8,0.6947,1,0,0
g3scan,rq4graded,5.0,-1.0,eb1168,0.11675778353879479,tier0,0,4.8,0,0.44,20000,0.9889,0.0111,0.517,2.059,0.2928,1.712,0.6611,1.3535,1.3229,7,0.9571,8,0.6719,1,0,0
g3scan,rq4graded,5.0,-1.0,eb1168,0.11675778353879479,tier0,0,4.8,0,0.45,20000,0.9889,0.0111,0.5525,1.915,0.2975,1.794,0.6351,1.2956,1.2675,7,0.9065,8,0.6487,1,0,0
g3scan,rq4graded,5.0,-1.0,eb1168,0.11675778353879479,tier0,0,4.8,0,0.46,20000,0.9889,0.0111,0.5841,1.783,0.3004,1.847,0.6218,1.2354,1.2103,7,0.8579,8,0.6276,0,0,0
g3scan,rq4graded,5.0,-1.0,eb1168,0.11675778353879479,tier0,0,4.8,0,0.47,20000,0.9889,0.0111,0.6141,1.662,0.2999,1.819,0.6037,1.178,1.1555,7,0.8139,8,0.6069,1,0,0
g3scan,rq4graded,5.0,-1.0,eb1168,0.11675778353879479,tier0,0,4.8,0,0.48,20000,0.9889,0.0111,0.6389,1.555,0.3052,1.892,0.5919,1.1252,1.1048,7,0.7739,8,0.5883,0,0,0
g3scan,rq4graded,5.0,-1.0,eb1168,0.11675778353879479,tier0,0,4.8,0,0.49,20000,0.9889,0.0111,0.6629,1.459,0.3064,1.924,0.5703,1.0747,1.0564,7,0.7391,8,0.57,0,0,0
g3scan,rq4graded,5.0,-1.0,eb1168,0.11675778353879479,tier0,0,4.8,0,0.5,20000,0.9889,0.0111,0.6872,1.366,0.3021,1.89,0.5379,1.0246,1.0084,7,0.7064,8,0.5512,0,0,0
g3scan,rq4graded,5.0,-1.0,eb1168,0.11675778353879479,tier0,0,4.8,0,0.51,20000,0.9889,0.0111,0.7085,1.283,0.3034,1.96,0.5017,0.978,0.9635,7,0.6757,8,0.5328,0,0,0
g3scan,rq4graded,5.0,-1.0,eb1168,0.11675778353879479,tier0,0,4.8,0,0.52,20000,0.9889,0.0111,0.7276,1.206,0.299,1.888,0.4845,0.9318,0.9188,7,0.6451,8,0.5161,1,0,0
g3scan,rq4graded,5.0,-1.0,eb1168,0.11675778353879479,tier0,0,6.4,0,0.17,20000,0.9889,0.0111,0.0,10.747,0.0,nan,5.9455,6.0727,6.0642,2,4.4735,8,nan,0,0,0
g3scan,rq4graded,5.0,-1.0,eb1168,0.11675778353879479,tier0,0,6.4,0,0.18,20000,0.9889,0.0111,0.0,10.154,0.0,nan,5.3903,5.3956,5.3797,3,3.8786,8,nan,0,0,0
g3scan,rq4graded,5.0,-1.0,eb1168,0.11675778353879479,tier0,0,6.4,0,0.19,20000,0.9889,0.0111,0.0,9.556,0.0,nan,4.8437,4.7712,4.7447,4,3.3588,8,nan,0,0,0
g3scan,rq4graded,5.0,-1.0,eb1168,0.11675778353879479,tier0,0,6.4,0,0.2,20000,0.9889,0.0111,0.0,8.966,0.0,nan,4.3152,4.4214,4.3999,4,2.9185,8,nan,0,0,0
g3scan,rq4graded,5.0,-1.0,eb1168,0.11675778353879479,tier0,0,6.4,0,0.21,20000,0.9889,0.0111,0.0,8.363,0.0,nan,3.7896,3.8869,3.8508,5,2.5307,8,nan,0,0,0
g3scan,rq4graded,5.0,-1.0,eb1168,0.11675778353879479,tier0,0,6.4,0,0.22,20000,0.9889,0.0111,0.0,7.772,0.0,0.0,3.2866,3.4001,3.3419,6,2.2128,8,nan,0,0,0
g3scan,rq4graded,5.0,-1.0,eb1168,0.11675778353879479,tier0,0,6.4,0,0.23,20000,0.9889,0.0111,0.0,7.177,0.0,0.0,2.8153,2.947,2.8506,7,1.929,8,nan,0,0,0
g3scan,rq4graded,5.0,-1.0,eb1168,0.11675778353879479,tier0,0,6.4,0,0.24,20000,0.9889,0.0111,0.0,6.591,0.0001,0.011,2.3757,2.7359,2.6533,7,1.6847,8,nan,0,1,0
g3scan,rq4graded,5.0,-1.0,eb1168,0.11675778353879479,tier0,0,6.4,0,0.25,20000,0.9889,0.0111,0.0,6.023,0.0008,0.019,1.9803,2.5404,2.4713,7,1.4779,8,1.154,0,1,0
g3scan,rq4graded,5.0,-1.0,eb1168,0.11675778353879479,tier0,0,6.4,0,0.26,20000,0.9889,0.0111,0.0,5.477,0.0101,0.09,1.643,2.356,2.2985,7,1.3009,8,1.0946,0,1,0
g3scan,rq4graded,5.0,-1.0,eb1168,0.11675778353879479,tier0,0,6.4,0,0.27,20000,0.9889,0.0111,0.0002,4.954,0.0451,0.261,1.3721,2.1842,2.1361,7,1.1449,8,1.0461,0,1,0
g3scan,rq4graded,5.0,-1.0,eb1168,0.11675778353879479,tier0,0,6.4,0,0.28,20000,0.9889,0.0111,0.0017,4.459,0.1128,0.558,1.1936,2.0224,1.9824,7,1.0131,8,1.0033,0,1,0
g3scan,rq4graded,5.0,-1.0,eb1168,0.11675778353879479,tier0,0,6.4,0,0.29,20000,0.9889,0.0111,0.0135,3.999,0.1915,0.915,1.1766,1.8726,1.8392,7,0.8979,8,0.9619,1,0,0
g3scan,rq4graded,5.0,-1.0,eb1168,0.11675778353879479,tier0,0,6.4,0,0.3,20000,0.9889,0.0111,0.0474,3.571,0.2586,1.268,1.2439,1.7302,1.7029,7,0.8033,8,0.92,1,0,0
g3scan,rq4graded,5.0,-1.0,eb1168,0.11675778353879479,tier0,0,6.4,0,0.31,20000,0.9889,0.0111,0.1103,3.165,0.3051,1.536,1.3415,1.5999,1.5773,7,0.7244,8,0.8755,0,0,0
g3scan,rq4graded,5.0,-1.0,eb1168,0.11675778353879479,tier0,0,6.4,0,0.32,20000,0.9889,0.0111,0.189,2.794,0.3335,1.711,1.4438,1.477,1.4586,7,0.6494,8,0.8318,0,0,0
g3scan,rq4graded,5.0,-1.0,eb1168,0.11675778353879479,tier0,0,6.4,0,0.33,20000,0.9889,0.0111,0.2717,2.466,0.3517,1.855,1.5023,1.3644,1.3495,7,0.5899,8,0.7893,0,0,0
g3scan,rq4graded,5.0,-1.0,eb1168,0.11675778353879479,tier0,0,6.4,0,0.34,20000,0.9889,0.0111,0.3521,2.171,0.3632,1.906,1.537,1.2541,1.2423,7,0.6034,7,0.7483,0,0,0
g3scan,rq4graded,5.0,-1.0,eb1168,0.11675778353879479,tier0,0,6.4,0,0.35,20000,0.9889,0.0111,0.4258,1.922,0.3671,1.901,1.5404,1.1573,1.1477,7,0.5508,7,0.7096,0,0,0
g3scan,rq4graded,5.0,-1.0,eb1168,0.11675778353879479,tier0,0,6.4,0,0.36,20000,0.9889,0.0111,0.4916,1.702,0.3747,2.0,1.541,1.0649,1.0572,7,0.5023,7,0.6715,0,0,0
g3scan,rq4graded,5.0,-1.0,eb1168,0.11675778353879479,tier0,0,6.4,0,0.37,20000,0.9889,0.0111,0.5507,1.51,0.3779,2.024,1.5274,0.9782,0.9721,7,0.4605,7,0.6355,0,0,0
g3scan,rq4graded,5.0,-1.0,eb1168,0.11675778353879479,tier0,0,6.4,0,0.38,20000,0.9889,0.0111,0.6018,1.349,0.3803,2.098,1.501,0.9023,0.8973,7,0.4252,7,0.6016,0,0,0
g3scan,rq4graded,5.0,-1.0,eb1168,0.11675778353879479,tier0,0,6.4,0,0.39,20000,0.9889,0.0111,0.6443,1.209,0.3823,2.121,1.4897,0.8285,0.8246,7,0.3941,7,0.571,0,0,0
g3scan,rq4graded,5.0,-1.0,eb1168,0.11675778353879479,tier0,0,6.4,0,0.4,20000,0.9889,0.0111,0.6849,1.087,0.3802,2.146,1.4395,0.7664,0.7631,7,0.3644,7,0.5401,0,0,0
g3scan,rq4graded,5.0,-1.0,eb1168,0.11675778353879479,tier0,0,6.4,0,0.41,20000,0.9889,0.0111,0.7194,0.979,0.3731,2.061,1.3999,0.7059,0.7035,7,0.3757,6,0.5114,0,0,0
g3scan,rq4graded,5.0,-1.0,eb1168,0.11675778353879479,tier0,0,6.4,0,0.42,20000,0.9889,0.0111,0.7489,0.885,0.3711,2.053,1.3628,0.6506,0.6487,7,0.3481,6,0.4833,0,0,0
g3scan,rq4graded,5.0,-1.0,eb1168,0.11675778353879479,tier0,0,6.4,0,0.43,20000,0.9889,0.0111,0.7741,0.807,0.3692,2.133,1.3172,0.6037,0.6023,7,0.3256,6,0.4572,0,0,0
g3scan,rq4graded,5.0,-1.0,eb1168,0.11675778353879479,tier0,0,6.4,0,0.44,20000,0.9889,0.0111,0.7978,0.732,0.3638,2.118,1.2678,0.5581,0.557,7,0.2997,6,0.4307,0,0,0
g3scan,rq4graded,5.0,-1.0,eb1168,0.11675778353879479,tier0,0,6.4,0,0.45,20000,0.9889,0.0111,0.8164,0.671,0.3666,2.223,1.2373,0.5173,0.5164,7,0.2799,6,0.4069,0,0,0
g3scan,rq4graded,5.0,-1.0,eb1168,0.11675778353879479,tier0,0,6.4,0,0.46,20000,0.9889,0.0111,0.8335,0.616,0.3569,2.091,1.1896,0.4812,0.4805,7,0.259,6,0.3852,0,0,0
g3scan,rq4graded,5.0,-1.0,eb1168,0.11675778353879479,tier0,0,6.4,0,0.47,20000,0.9889,0.0111,0.8486,0.566,0.3509,2.013,1.1491,0.4473,0.4468,7,0.2414,6,0.3636,0,0,0
g3scan,rq4graded,5.0,-1.0,eb1168,0.11675778353879479,tier0,0,6.4,0,0.48,20000,0.9889,0.0111,0.8613,0.522,0.3491,2.014,1.1238,0.4159,0.4154,7,0.2239,6,0.3431,0,0,0
g3scan,rq4graded,5.0,-1.0,eb1168,0.11675778353879479,tier0,0,6.4,0,0.49,20000,0.9889,0.0111,0.8738,0.483,0.3368,1.912,1.0575,0.3903,0.3899,7,0.2361,5,0.3228,0,0,0
g3scan,rq4graded,5.0,-1.0,eb1168,0.11675778353879479,tier0,0,6.4,0,0.5,20000,0.9889,0.0111,0.8844,0.447,0.3338,1.959,1.0216,0.3646,0.3642,7,0.2197,5,0.3028,0,0,0
g3scan,rq4graded,5.0,-1.0,eb1168,0.11675778353879479,tier0,0,6.4,0,0.51,20000,0.9889,0.0111,0.8928,0.416,0.3404,2.087,1.0084,0.3421,0.3416,7,0.2064,5,0.2846,0,0,0
g3scan,rq4graded,5.0,-1.0,eb1168,0.11675778353879479,tier0,0,6.4,0,0.52,20000,0.9889,0.0111,0.9008,0.388,0.3371,2.077,0.9798,0.3217,0.3211,7,0.1921,5,0.2682,0,0,0
g3scan,rq4graded,5.0,-1.0,eb1168,0.11675778353879479,tier0,0,9.6,1,0.17,20000,0.9889,0.0111,0.0,8.573,0.0,nan,4.3257,4.7009,4.6988,3,1.7889,7,nan,0,0,0
g3scan,rq4graded,5.0,-1.0,eb1168,0.11675778353879479,tier0,0,9.6,1,0.18,20000,0.9889,0.0111,0.0,7.848,0.0,nan,3.7768,4.018,4.0148,4,1.3704,7,nan,0,0,0
g3scan,rq4graded,5.0,-1.0,eb1168,0.11675778353879479,tier0,0,9.6,1,0.19,20000,0.9889,0.0111,0.0,7.127,0.0,nan,3.2639,3.4149,3.4082,5,1.06,7,nan,0,0,0
g3scan,rq4graded,5.0,-1.0,eb1168,0.11675778353879479,tier0,0,9.6,1,0.2,20000,0.9889,0.0111,0.0,6.402,0.0,nan,2.7881,2.8741,2.8607,6,0.818,7,nan,0,1,0
g3scan,rq4graded,5.0,-1.0,eb1168,0.11675778353879479,tier0,0,9.6,1,0.21,20000,0.9889,0.0111,0.0,5.686,0.0,0.0,2.3718,2.393,2.3655,7,0.7349,6,nan,0,1,0
g3scan,rq4graded,5.0,-1.0,eb1168,0.11675778353879479,tier0,0,9.6,1,0.22,20000,0.9889,0.0111,0.0,4.999,0.0001,0.002,2.0578,2.0865,2.0679,7,0.5828,6,nan,0,1,0
g3scan,rq4graded,5.0,-1.0,eb1168,0.11675778353879479,tier0,0,9.6,1,0.23,20000,0.9889,0.0111,0.0,4.354,0.004,0.023,1.8677,1.8142,1.8012,7,0.4711,6,1.1169,0,0,0
g3scan,rq4graded,5.0,-1.0,eb1168,0.11675778353879479,tier0,0,9.6,1,0.24,20000,0.9889,0.0111,0.0,3.751,0.0612,0.213,1.8442,1.5641,1.5528,7,0.449,5,1.0346,0,0,0
g3scan,rq4graded,5.0,-1.0,eb1168,0.11675778353879479,tier0,0,9.6,1,0.25,20000,0.9889,0.0111,0.0006,3.192,0.2006,0.677,1.9147,1.3428,1.3303,7,0.3663,5,0.9702,1,0,0
g3scan,rq4graded,5.0,-1.0,eb1168,0.11675778353879479,tier0,0,9.6,1,0.26,20000,0.9889,0.0111,0.0174,2.702,0.3483,1.337,2.1388,1.1483,1.1343,7,0.3074,5,0.912,0,0,0
g3scan,rq4graded,5.0,-1.0,eb1168,0.11675778353879479,tier0,0,9.6,1,0.27,20000,0.9889,0.0111,0.1019,2.249,0.4389,1.903,2.3848,0.9822,0.9676,7,0.255,5,0.846,0,0,0
g3scan,rq4graded,5.0,-1.0,eb1168,0.11675778353879479,tier0,0,9.6,1,0.28,20000,0.9889,0.0111,0.2413,1.825,0.4819,2.257,2.4826,0.8376,0.8231,7,0.2521,4,0.7738,0,0,0
g3scan,rq4graded,5.0,-1.0,eb1168,0.11675778353879479,tier0,0,9.6,1,0.29,20000,0.9889,0.0111,0.3818,1.471,0.4993,2.414,2.5099,0.7163,0.7027,7,0.2111,4,0.7042,0,0,0
g3scan,rq4graded,5.0,-1.0,eb1168,0.11675778353879479,tier0,0,9.6,1,0.3,20000,0.9889,0.0111,0.5021,1.186,0.5094,2.568,2.5063,0.6124,0.6002,7,0.1766,4,0.6385,0,0,0
g3scan,rq4graded,5.0,-1.0,eb1168,0.11675778353879479,tier0,0,9.6,1,0.31,20000,0.9889,0.0111,0.6019,0.96,0.5105,2.613,2.4759,0.526,0.5162,7,0.1506,4,0.5768,0,0,0
g3scan,rq4graded,5.0,-1.0,eb1168,0.11675778353879479,tier0,0,9.6,1,0.32,20000,0.9889,0.0111,0.6791,0.787,0.5067,2.673,2.4366,0.4513,0.4428,7,0.1471,3,0.5213,0,0,0
g3scan,rq4graded,5.0,-1.0,eb1168,0.11675778353879479,tier0,0,9.6,1,0.33,20000,0.9889,0.0111,0.7418,0.648,0.4988,2.652,2.3801,0.3895,0.3829,7,0.1257,3,0.4677,0,0,0
g3scan,rq4graded,5.0,-1.0,eb1168,0.11675778353879479,tier0,0,9.6,1,0.34,20000,0.9889,0.0111,0.7895,0.539,0.4897,2.568,2.3304,0.3362,0.3311,7,0.1064,3,0.4193,0,0,0
g3scan,rq4graded,5.0,-1.0,eb1168,0.11675778353879479,tier0,0,9.6,1,0.35,20000,0.9889,0.0111,0.8265,0.453,0.4803,2.563,2.2776,0.2923,0.2881,7,0.0876,3,0.3742,0,0,0
g3scan,rq4graded,5.0,-1.0,eb1168,0.11675778353879479,tier0,0,9.6,1,0.36,20000,0.9889,0.0111,0.8559,0.385,0.4706,2.536,2.2189,0.2567,0.2537,7,0.0897,2,0.3324,0,0,0
g3scan,rq4graded,5.0,-1.0,eb1168,0.11675778353879479,tier0,0,9.6,1,0.37,20000,0.9889,0.0111,0.8797,0.327,0.4594,2.462,2.1682,0.2241,0.2218,7,0.0745,2,0.2929,0,0,0
g3scan,rq4graded,5.0,-1.0,eb1168,0.11675778353879479,tier0,0,9.6,1,0.38,20000,0.9889,0.0111,0.8971,0.283,0.4535,2.488,2.1343,0.1982,0.196,7,0.0614,2,0.2589,0,0,0
g3scan,rq4graded,5.0,-1.0,eb1168,0.11675778353879479,tier0,0,9.6,1,0.39,20000,0.9889,0.0111,0.9121,0.245,0.4459,2.431,2.1003,0.1756,0.1738,7,0.0594,1,0.2265,0,0,0
g3scan,rq4graded,5.0,-1.0,eb1168,0.11675778353879479,tier0,0,9.6,1,0.4,20000,0.9889,0.0111,0.9243,0.213,0.4394,2.474,2.0713,0.1555,0.1538,7,0.0521,1,0.1972,0,0,0
g3scan,rq4graded,5.0,-1.0,eb1168,0.11675778353879479,tier0,0,9.6,1,0.41,20000,0.9889,0.0111,0.9347,0.187,0.4234,2.348,2.0287,0.139,0.1372,7,0.0442,1,0.1712,0,0,0
g3scan,rq4graded,5.0,-1.0,eb1168,0.11675778353879479,tier0,0,9.6,1,0.42,20000,0.9889,0.0111,0.9427,0.164,0.4214,2.442,2.0272,0.1237,0.1219,7,0.0386,1,0.1496,0,0,0
g3scan,rq4graded,5.0,-1.0,eb1168,0.11675778353879479,tier0,0,9.6,1,0.43,20000,0.9889,0.0111,0.9496,0.145,0.412,2.383,2.0104,0.111,0.1091,7,nan,0,0.132,0,0,0
g3scan,rq4graded,5.0,-1.0,eb1168,0.11675778353879479,tier0,0,9.6,1,0.44,20000,0.9889,0.0111,0.9555,0.129,0.4014,2.193,1.9972,0.0997,0.0979,7,nan,0,0.1172,0,0,0
g3scan,rq4graded,5.0,-1.0,eb1168,0.11675778353879479,tier0,0,9.6,1,0.45,20000,0.9889,0.0111,0.9603,0.114,0.3917,1.997,2.0218,0.0883,0.0861,7,nan,0,0.1053,0,0,0
g3scan,rq4graded,5.0,-1.0,eb1168,0.11675778353879479,tier0,0,9.6,1,0.46,20000,0.9889,0.0111,0.9645,0.102,0.3869,1.978,2.0302,0.079,0.0764,7,nan,0,0.0949,0,0,0
g3scan,rq4graded,5.0,-1.0,eb1168,0.11675778353879479,tier0,0,9.6,1,0.47,20000,0.9889,0.0111,0.9683,0.091,0.3738,1.95,2.01,0.0718,0.0692,7,nan,0,0.0851,0,0,0
g3scan,rq4graded,5.0,-1.0,eb1168,0.11675778353879479,tier0,0,9.6,1,0.48,20000,0.9889,0.0111,0.9712,0.081,0.3889,2.09,2.0774,0.064,0.0616,7,nan,0,0.0771,0,0,0
g3scan,rq4graded,5.0,-1.0,eb1168,0.11675778353879479,tier0,0,9.6,1,0.49,20000,0.9889,0.0111,0.9739,0.072,0.3956,2.176,2.1294,0.0567,0.0539,7,nan,0,0.0702,0,0,0
g3scan,rq4graded,5.0,-1.0,eb1168,0.11675778353879479,tier0,0,9.6,1,0.5,20000,0.9889,0.0111,0.9761,0.065,0.3943,2.156,2.1624,0.0515,0.0489,7,nan,0,0.0649,0,0,0
g3scan,rq4graded,5.0,-1.0,eb1168,0.11675778353879479,tier0,0,9.6,1,0.51,20000,0.9889,0.0111,0.9782,0.059,0.3819,1.844,2.2023,0.0501,0.0486,6,nan,0,0.0601,0,0,0
g3scan,rq4graded,5.0,-1.0,eb1168,0.11675778353879479,tier0,0,9.6,1,0.52,20000,0.9889,0.0111,0.98,0.053,0.3947,2.006,2.2619,0.0449,0.0434,6,nan,0,0.0555,0,0,0
g3scan,rq4graded,5.0,-1.0,eb1168,0.11675778353879479,tier0,0,12.8,1,0.17,20000,0.9889,0.0111,0.0,7.296,0.0,nan,3.6736,3.709,3.7043,4,0.8557,5,nan,0,0,0
g3scan,rq4graded,5.0,-1.0,eb1168,0.11675778353879479,tier0,0,12.8,1,0.18,20000,0.9889,0.0111,0.0,6.494,0.0,nan,3.1862,3.0313,3.0207,5,0.577,5,nan,0,1,0
g3scan,rq4graded,5.0,-1.0,eb1168,0.11675778353879479,tier0,0,12.8,1,0.19,20000,0.9889,0.0111,0.0,5.692,0.0,nan,2.7543,2.4461,2.4277,6,0.4126,5,nan,0,1,0
g3scan,rq4graded,5.0,-1.0,eb1168,0.11675778353879479,tier0,0,12.8,1,0.2,20000,0.9889,0.0111,0.0,4.903,0.0,0.0,2.4123,1.9476,1.9196,7,0.3537,4,nan,0,1,0
g3scan,rq4graded,5.0,-1.0,eb1168,0.11675778353879479,tier0,0,12.8,1,0.21,20000,0.9889,0.0111,0.0,4.178,0.0,0.0,2.2311,1.5819,1.543,7,0.2648,4,nan,0,0,0
g3scan,rq4graded,5.0,-1.0,eb1168,0.11675778353879479,tier0,0,12.8,1,0.22,20000,0.9889,0.0111,0.0,3.507,0.0104,0.033,2.2318,1.2756,1.2293,7,0.1928,4,1.0938,0,0,0
g3scan,rq4graded,5.0,-1.0,eb1168,0.11675778353879479,tier0,0,12.8,1,0.23,20000,0.9889,0.0111,0.0,2.886,0.1523,0.392,2.3188,1.0248,0.9751,7,0.1757,3,0.989,0,0,0
g3scan,rq4graded,5.0,-1.0,eb1168,0.11675778353879479,tier0,0,12.8,1,0.24,20000,0.9889,0.0111,0.0014,2.34,0.3783,1.223,2.5456,0.8166,0.7697,7,0.1324,3,0.9135,0,0,0
g3scan,rq4graded,5.0,-1.0,eb1168,0.11675778353879479,tier0,0,12.8,1,0.25,20000,0.9889,0.0111,0.0647,1.879,0.5349,2.26,2.88,0.646,0.6044,7,0.1228,2,0.8371,0,0,0
g3scan,rq4graded,5.0,-1.0,eb1168,0.11675778353879479,tier0,0,12.8,1,0.26,20000,0.9889,0.0111,0.2525,1.424,0.5934,2.897,2.9834,0.516,0.4809,7,0.0891,2,0.7411,0,0,0
g3scan,rq4graded,5.0,-1.0,eb1168,0.11675778353879479,tier0,0,12.8,1,0.27,20000,0.9889,0.0111,0.4497,1.042,0.6104,3.19,2.9956,0.4079,0.3799,7,0.0655,2,0.6442,0,0,0
g3scan,rq4graded,5.0,-1.0,eb1168,0.11675778353879479,tier0,0,12.8,1,0.28,20000,0.9889,0.0111,0.602,0.766,0.6096,3.316,2.9641,0.326,0.3036,7,0.0586,1,0.5554,0,0,0
g3scan,rq4graded,5.0,-1.0,eb1168,0.11675778353879479,tier0,0,12.8,1,0.29,20000,0.9889,0.0111,0.7119,0.566,0.6043,3.356,2.9228,0.2591,0.2417,7,0.0449,1,0.4739,0,0,0
g3scan,rq4graded,5.0,-1.0,eb1168,0.11675778353879479,tier0,0,12.8,1,0.3,20000,0.9889,0.0111,0.789,0.429,0.5847,3.165,2.857,0.2094,0.196,7,0.0361,1,0.4014,0,0,0
g3scan,rq4graded,5.0,-1.0,eb1168,0.11675778353879479,tier0,0,12.8,1,0.31,20000,0.9889,0.0111,0.8422,0.328,0.5749,3.225,2.8082,0.1682,0.1574,7,nan,0,0.3347,0,0,0
g3scan,rq4graded,5.0,-1.0,eb1168,0.11675778353879479,tier0,0,12.8,1,0.32,20000,0.9889,0.0111,0.8808,0.256,0.552,2.987,2.7393,0.1375,0.128,7,nan,0,0.2751,0,0,0
g3scan,rq4graded,5.0,-1.0,eb1168,0.11675778353879479,tier0,0,12.8,1,0.33,20000,0.9889,0.0111,0.9066,0.203,0.5425,3.009,2.7173,0.1108,0.1012,7,nan,0,0.2244,0,0,0
g3scan,rq4graded,5.0,-1.0,eb1168,0.11675778353879479,tier0,0,12.8,1,0.34,20000,0.9889,0.0111,0.9263,0.164,0.5221,2.831,2.6665,0.0927,0.0838,7,nan,0,0.1816,0,0,0
g3scan,rq4graded,5.0,-1.0,eb1168,0.11675778353879479,tier0,0,12.8,1,0.35,20000,0.9889,0.0111,0.941,0.132,0.5084,2.683,2.6563,0.0757,0.0681,7,nan,0,0.1456,0,0,0
g3scan,rq4graded,5.0,-1.0,eb1168,0.11675778353879479,tier0,0,12.8,1,0.36,20000,0.9889,0.0111,0.9518,0.108,0.4921,2.445,2.646,0.0699,0.0653,6,nan,0,0.1199,0,0,0
g3scan,rq4graded,5.0,-1.0,eb1168,0.11675778353879479,tier0,0,12.8,1,0.37,20000,0.9889,0.0111,0.9602,0.089,0.4787,2.371,2.648,0.0584,0.054,6,nan,0,0.1,0,0,0
g3scan,rq4graded,5.0,-1.0,eb1168,0.11675778353879479,tier0,0,12.8,1,0.38,20000,0.9889,0.0111,0.9669,0.073,0.4813,2.436,2.6766,0.0484,0.0442,6,nan,0,0.0835,0,0,0
g3scan,rq4graded,5.0,-1.0,eb1168,0.11675778353879479,tier0,0,12.8,1,0.39,20000,0.9889,0.0111,0.9719,0.061,0.4802,2.307,2.7175,0.045,0.0426,5,nan,0,0.0714,0,0,0
g3scan,rq4graded,5.0,-1.0,eb1168,0.11675778353879479,tier0,0,12.8,1,0.4,20000,0.9889,0.0111,0.9758,0.051,0.4749,2.121,2.784,0.0369,0.0345,5,nan,0,0.0625,0,0,0
g3scan,rq4graded,5.0,-1.0,eb1168,0.11675778353879479,tier0,0,12.8,1,0.41,20000,0.9889,0.0111,0.9791,0.043,0.4848,2.162,2.8402,0.0347,0.0334,4,nan,0,0.0545,0,0,0
g3scan,rq4graded,5.0,-1.0,eb1168,0.11675778353879479,tier0,0,12.8,1,0.42,20000,0.9889,0.0111,0.9824,0.035,0.4914,2.257,2.8858,0.0293,0.028,4,nan,0,0.0468,0,0,0
g3scan,rq4graded,5.0,-1.0,eb1168,0.11675778353879479,tier0,0,12.8,1,0.43,20000,0.9889,0.0111,0.9849,0.029,0.4975,2.048,2.969,0.0238,0.0227,4,nan,0,0.0405,0,0,0
g3scan,rq4graded,5.0,-1.0,eb1168,0.11675778353879479,tier0,0,12.8,1,0.44,20000,0.9889,0.0111,0.9866,0.025,0.5161,2.053,3.0493,0.0224,0.0218,3,nan,0,0.0361,0,0,0
g3scan,rq4graded,5.0,-1.0,eb1168,0.11675778353879479,tier0,0,12.8,1,0.45,20000,0.9889,0.0111,0.9887,0.02,0.5223,2.053,3.1074,0.0189,0.0182,3,nan,0,0.031,0,0,0
g3scan,rq4graded,5.0,-1.0,eb1168,0.11675778353879479,tier0,0,12.8,1,0.46,20000,0.9889,0.0111,0.9902,0.017,0.5527,2.108,3.2074,0.0176,0.0173,2,nan,0,0.027,0,0,0
g3scan,rq4graded,5.0,-1.0,eb1168,0.11675778353879479,tier0,0,12.8,1,0.47,20000,0.9889,0.0111,0.9915,0.014,0.5731,2.313,3.2558,0.0151,0.0148,2,nan,0,0.0236,0,0,0
g3scan,rq4graded,5.0,-1.0,eb1168,0.11675778353879479,tier0,0,12.8,1,0.48,20000,0.9889,0.0111,0.9927,0.011,0.6007,2.338,3.347,0.0124,0.0122,2,nan,0,0.0205,0,0,0
g3scan,rq4graded,5.0,-1.0,eb1168,0.11675778353879479,tier0,0,12.8,1,0.49,20000,0.9889,0.0111,0.9938,0.009,0.6327,2.422,3.4152,0.0105,0.0104,2,nan,0,0.0176,0,0,0
g3scan,rq4graded,5.0,-1.0,eb1168,0.11675778353879479,tier0,0,12.8,1,0.5,20000,0.9889,0.0111,0.9947,0.007,0.673,2.582,3.4953,0.0092,0.0092,1,nan,0,0.0155,0,0,0
g3scan,rq4graded,5.0,-1.0,eb1168,0.11675778353879479,tier0,0,12.8,1,0.51,20000,0.9889,0.0111,0.9956,0.006,0.6897,2.353,3.5611,0.0077,0.0077,1,nan,0,0.0133,0,0,0
g3scan,rq4graded,5.0,-1.0,eb1168,0.11675778353879479,tier0,0,12.8,1,0.52,20000,0.9889,0.0111,0.9962,0.005,0.7333,2.75,3.622,0.007,0.007,1,nan,0,0.0116,0,0,0
g3scan,rq4graded,5.0,-1.0,eb154,0.154,tier0,1,2.4,0,0.17,20000,0.9839,0.0161,0.0,16.854,0.0,nan,11.9655,nan,nan,0,15.8643,6,nan,0,0,0
g3scan,rq4graded,5.0,-1.0,eb154,0.154,tier0,1,2.4,0,0.18,20000,0.9839,0.0161,0.0,16.615,0.0,nan,11.7265,nan,nan,0,15.3262,6,nan,0,0,0
g3scan,rq4graded,5.0,-1.0,eb154,0.154,tier0,1,2.4,0,0.19,20000,0.9839,0.0161,0.0,16.37,0.0,nan,11.481,nan,nan,0,14.4019,7,nan,0,0,0
g3scan,rq4graded,5.0,-1.0,eb154,0.154,tier0,1,2.4,0,0.2,20000,0.9839,0.0161,0.0,16.131,0.0,nan,11.242,nan,nan,0,13.9487,7,nan,0,0,0
g3scan,rq4graded,5.0,-1.0,eb154,0.154,tier0,1,2.4,0,0.21,20000,0.9839,0.0161,0.0,15.891,0.0,nan,11.0023,nan,nan,0,13.0953,8,nan,0,0,0
g3scan,rq4graded,5.0,-1.0,eb154,0.154,tier0,1,2.4,0,0.22,20000,0.9839,0.0161,0.0,15.655,0.0,nan,10.7667,nan,nan,0,12.7173,8,nan,0,0,0
g3scan,rq4graded,5.0,-1.0,eb154,0.154,tier0,1,2.4,0,0.23,20000,0.9839,0.0161,0.0,15.413,0.0,nan,10.5241,nan,nan,0,12.351,8,nan,0,0,0
g3scan,rq4graded,5.0,-1.0,eb154,0.154,tier0,1,2.4,0,0.24,20000,0.9839,0.0161,0.0,15.171,0.0,nan,10.282,nan,nan,0,12.0026,8,nan,0,0,0
g3scan,rq4graded,5.0,-1.0,eb154,0.154,tier0,1,2.4,0,0.25,20000,0.9839,0.0161,0.0,14.934,0.0,nan,10.0454,7.1277,7.1277,1,11.6739,8,nan,0,0,0
g3scan,rq4graded,5.0,-1.0,eb154,0.154,tier0,1,2.4,0,0.26,20000,0.9839,0.0161,0.0,14.695,0.0,nan,9.8062,6.9584,6.9584,1,11.3593,8,nan,0,0,0
g3scan,rq4graded,5.0,-1.0,eb154,0.154,tier0,1,2.4,0,0.27,20000,0.9839,0.0161,0.0,14.457,0.0,nan,9.5679,6.3372,6.3178,2,11.061,8,nan,0,0,0
g3scan,rq4graded,5.0,-1.0,eb154,0.154,tier0,1,2.4,0,0.28,20000,0.9839,0.0161,0.0,14.218,0.0,nan,9.3297,6.213,6.1924,2,10.7761,8,nan,0,0,0
g3scan,rq4graded,5.0,-1.0,eb154,0.154,tier0,1,2.4,0,0.29,20000,0.9839,0.0161,0.0,13.978,0.0,nan,9.0894,5.6904,5.6468,3,10.5019,8,nan,0,0,0
g3scan,rq4graded,5.0,-1.0,eb154,0.154,tier0,1,2.4,0,0.3,20000,0.9839,0.0161,0.0,13.737,0.0,nan,8.8485,5.5804,5.5371,3,10.2347,8,nan,0,0,0
g3scan,rq4graded,5.0,-1.0,eb154,0.154,tier0,1,2.4,0,0.31,20000,0.9839,0.0161,0.0,13.499,0.0,nan,8.6105,5.1068,5.0303,4,9.9829,8,nan,0,0,0
g3scan,rq4graded,5.0,-1.0,eb154,0.154,tier0,1,2.4,0,0.32,20000,0.9839,0.0161,0.0,13.261,0.0,nan,8.3728,5.0178,4.9427,4,9.7467,8,nan,0,0,0
g3scan,rq4graded,5.0,-1.0,eb154,0.154,tier0,1,2.4,0,0.33,20000,0.9839,0.0161,0.0,13.022,0.0,0.0,8.1337,4.575,4.4545,5,9.517,8,nan,0,0,0
g3scan,rq4graded,5.0,-1.0,eb154,0.154,tier0,1,2.4,0,0.34,20000,0.9839,0.0161,0.0,12.784,0.0,0.0,7.8953,4.4989,4.3806,5,9.2959,8,nan,0,0,0
g3scan,rq4graded,5.0,-1.0,eb154,0.154,tier0,1,2.4,0,0.35,20000,0.9839,0.0161,0.0,12.545,0.0,0.0,7.6566,4.0897,3.9121,6,9.0833,8,nan,0,0,0
g3scan,rq4graded,5.0,-1.0,eb154,0.154,tier0,1,2.4,0,0.36,20000,0.9839,0.0161,0.0,12.309,0.0001,0.75,7.4202,4.0255,3.8514,6,8.88,8,nan,0,0,0
g3scan,rq4graded,5.0,-1.0,eb154,0.154,tier0,1,2.4,0,0.37,20000,0.9839,0.0161,0.0,12.069,0.0001,0.286,7.1807,3.9615,3.7909,6,8.68,8,nan,0,0,0
g3scan,rq4graded,5.0,-1.0,eb154,0.154,tier0,1,2.4,0,0.38,20000,0.9839,0.0161,0.0,11.831,0.0001,0.138,6.9428,3.5771,3.3196,7,8.4914,8,nan,0,0,0
g3scan,rq4graded,5.0,-1.0,eb154,0.154,tier0,1,2.4,0,0.39,20000,0.9839,0.0161,0.0,11.595,0.0003,0.167,6.706,3.5231,3.2696,7,8.3071,8,nan,0,0,0
g3scan,rq4graded,5.0,-1.0,eb154,0.154,tier0,1,2.4,0,0.4,20000,0.9839,0.0161,0.0001,11.357,0.0004,0.13,6.469,3.4703,3.222,7,8.129,8,nan,0,0,0
g3scan,rq4graded,5.0,-1.0,eb154,0.154,tier0,1,2.4,0,0.41,20000,0.9839,0.0161,0.0001,11.121,0.0007,0.138,6.2335,3.4192,3.1759,7,7.9599,8,1.1236,0,0,0
g3scan,rq4graded,5.0,-1.0,eb154,0.154,tier0,1,2.4,0,0.42,20000,0.9839,0.0161,0.0001,10.884,0.0015,0.183,5.9964,3.3687,3.1305,7,7.7924,8,1.1104,0,0,0
g3scan,rq4graded,5.0,-1.0,eb154,0.154,tier0,1,2.4,0,0.43,20000,0.9839,0.0161,0.0002,10.651,0.0029,0.258,5.7641,3.3206,3.0867,7,7.629,8,1.0953,0,0,0
g3scan,rq4graded,5.0,-1.0,eb154,0.154,tier0,1,2.4,0,0.44,20000,0.9839,0.0161,0.0004,10.417,0.0049,0.323,5.5325,3.2735,3.0442,7,7.4729,8,1.0824,0,0,0
g3scan,rq4graded,5.0,-1.0,eb154,0.154,tier0,1,2.4,0,0.45,20000,0.9839,0.0161,0.0007,10.184,0.0076,0.378,5.3023,3.2272,3.002,7,7.3213,8,1.0711,0,0,0
g3scan,rq4graded,5.0,-1.0,eb154,0.154,tier0,1,2.4,0,0.46,20000,0.9839,0.0161,0.0011,9.958,0.0111,0.418,5.081,3.1828,2.9614,7,7.1818,8,1.0607,0,0,0
g3scan,rq4graded,5.0,-1.0,eb154,0.154,tier0,1,2.4,0,0.47,20000,0.9839,0.0161,0.0021,9.734,0.0152,0.464,4.8656,3.1391,2.9219,7,7.0429,8,1.0497,0,0,0
g3scan,rq4graded,5.0,-1.0,eb154,0.154,tier0,1,2.4,0,0.48,20000,0.9839,0.0161,0.0035,9.508,0.0205,0.511,4.6525,3.0963,2.8828,7,6.9063,8,1.0377,0,0,0
g3scan,rq4graded,5.0,-1.0,eb154,0.154,tier0,1,2.4,0,0.49,20000,0.9839,0.0161,0.0058,9.288,0.0263,0.571,4.4535,3.055,2.8451,7,6.777,8,1.0256,0,0,0
g3scan,rq4graded,5.0,-1.0,eb154,0.154,tier0,1,2.4,0,0.5,20000,0.9839,0.0161,0.0086,9.066,0.0341,0.674,4.2561,3.0143,2.808,7,6.6392,8,1.0137,0,0,0
g3scan,rq4graded,5.0,-1.0,eb154,0.154,tier0,1,2.4,0,0.51,20000,0.9839,0.0161,0.0121,8.854,0.0411,0.729,4.0735,2.9749,2.7721,7,6.5133,8,1.0033,0,0,0
g3scan,rq4graded,5.0,-1.0,eb154,0.154,tier0,1,2.4,0,0.52,20000,0.9839,0.0161,0.0165,8.642,0.0499,0.823,3.8992,2.936,2.7367,7,6.3936,8,0.9922,0,0,0
g3scan,rq4graded,5.0,-1.0,eb154,0.154,tier0,1,3.2,0,0.17,20000,0.9839,0.0161,0.0,15.083,0.0,nan,10.1944,nan,nan,0,12.2261,7,nan,0,0,0
g3scan,rq4graded,5.0,-1.0,eb154,0.154,tier0,1,3.2,0,0.18,20000,0.9839,0.0161,0.0,14.747,0.0,nan,9.8583,nan,nan,0,11.3873,8,nan,0,0,0
g3scan,rq4graded,5.0,-1.0,eb154,0.154,tier0,1,3.2,0,0.19,20000,0.9839,0.0161,0.0,14.402,0.0,nan,9.5132,nan,nan,0,10.8299,8,nan,0,0,0
g3scan,rq4graded,5.0,-1.0,eb154,0.154,tier0,1,3.2,0,0.2,20000,0.9839,0.0161,0.0,14.06,0.0,nan,9.1716,nan,nan,0,10.3111,8,nan,0,0,0
g3scan,rq4graded,5.0,-1.0,eb154,0.154,tier0,1,3.2,0,0.21,20000,0.9839,0.0161,0.0,13.722,0.0,nan,8.8338,7.0283,7.0283,1,9.8282,8,nan,0,0,0
g3scan,rq4graded,5.0,-1.0,eb154,0.154,tier0,1,3.2,0,0.22,20000,0.9839,0.0161,0.0,13.379,0.0,nan,8.4901,6.8043,6.8043,1,9.3709,8,nan,0,0,0
g3scan,rq4graded,5.0,-1.0,eb154,0.154,tier0,1,3.2,0,0.23,20000,0.9839,0.0161,0.0,13.038,0.0,nan,8.1499,6.1551,6.138,2,8.9386,8,nan,0,0,0
g3scan,rq4graded,5.0,-1.0,eb154,0.154,tier0,1,3.2,0,0.24,20000,0.9839,0.0161,0.0,12.693,0.0,nan,7.8048,5.5975,5.5616,3,8.5278,8,nan,0,0,0
g3scan,rq4graded,5.0,-1.0,eb154,0.154,tier0,1,3.2,0,0.25,20000,0.9839,0.0161,0.0,12.358,0.0,nan,7.4693,5.4371,5.4021,3,8.1628,8,nan,0,0,0
g3scan,rq4graded,5.0,-1.0,eb154,0.154,tier0,1,3.2,0,0.26,20000,0.9839,0.0161,0.0,12.015,0.0,nan,7.1269,4.9433,4.8809,4,7.8024,8,nan,0,0,0
g3scan,rq4graded,5.0,-1.0,eb154,0.154,tier0,1,3.2,0,0.27,20000,0.9839,0.0161,0.0,11.672,0.0,nan,6.7838,4.4749,4.3732,5,7.4626,8,nan,0,0,0
g3scan,rq4graded,5.0,-1.0,eb154,0.154,tier0,1,3.2,0,0.28,20000,0.9839,0.0161,0.0,11.334,0.0,0.0,6.4449,4.3552,4.2578,5,7.1465,8,nan,0,0,0
g3scan,rq4graded,5.0,-1.0,eb154,0.154,tier0,1,3.2,0,0.29,20000,0.9839,0.0161,0.0,10.991,0.0,0.0,6.1025,3.9339,3.7865,6,6.8418,8,nan,0,0,0
g3scan,rq4graded,5.0,-1.0,eb154,0.154,tier0,1,3.2,0,0.3,20000,0.9839,0.0161,0.0,10.652,0.0,0.0,5.7638,3.8313,3.6892,6,6.5605,8,nan,0,0,0
g3scan,rq4graded,5.0,-1.0,eb154,0.154,tier0,1,3.2,0,0.31,20000,0.9839,0.0161,0.0,10.311,0.0001,0.167,5.4225,3.4346,3.217,7,6.2886,8,nan,0,0,0
g3scan,rq4graded,5.0,-1.0,eb154,0.154,tier0,1,3.2,0,0.32,20000,0.9839,0.0161,0.0,9.976,0.0002,0.073,5.0869,3.3487,3.1387,7,6.0424,8,nan,0,0,0
g3scan,rq4graded,5.0,-1.0,eb154,0.154,tier0,1,3.2,0,0.33,20000,0.9839,0.0161,0.0,9.634,0.0005,0.08,4.7458,3.2647,3.062,7,5.7977,8,nan,0,0,0
g3scan,rq4graded,5.0,-1.0,eb154,0.154,tier0,1,3.2,0,0.34,20000,0.9839,0.0161,0.0001,9.3,0.0011,0.098,4.4125,3.1849,2.9901,7,5.5701,8,1.1167,0,0,0
g3scan,rq4graded,5.0,-1.0,eb154,0.154,tier0,1,3.2,0,0.35,20000,0.9839,0.0161,0.0001,8.969,0.0033,0.166,4.0809,3.1073,2.9195,7,5.355,8,1.095,0,0,0
g3scan,rq4graded,5.0,-1.0,eb154,0.154,tier0,1,3.2,0,0.36,20000,0.9839,0.0161,0.0003,8.639,0.0074,0.233,3.7522,3.0321,2.8509,7,5.1515,8,1.0759,0,0,0
g3scan,rq4graded,5.0,-1.0,eb154,0.154,tier0,1,3.2,0,0.37,20000,0.9839,0.0161,0.0007,8.315,0.0143,0.313,3.4321,2.9595,2.7842,7,4.9576,8,1.0575,0,0,0
g3scan,rq4graded,5.0,-1.0,eb154,0.154,tier0,1,3.2,0,0.38,20000,0.9839,0.0161,0.0016,8.0,0.0238,0.399,3.1251,2.8902,2.7209,7,4.7704,8,1.0395,0,0,0
g3scan,rq4graded,5.0,-1.0,eb154,0.154,tier0,1,3.2,0,0.39,20000,0.9839,0.0161,0.0038,7.685,0.0378,0.53,2.8272,2.8222,2.6586,7,4.5933,8,1.0202,0,0,0
g3scan,rq4graded,5.0,-1.0,eb154,0.154,tier0,1,3.2,0,0.4,20000,0.9839,0.0161,0.0082,7.38,0.0531,0.642,2.5548,2.7571,2.5988,7,4.4216,8,1.0019,0,0,0
g3scan,rq4graded,5.0,-1.0,eb154,0.154,tier0,1,3.2,0,0.41,20000,0.9839,0.0161,0.0147,7.087,0.0702,0.767,2.307,2.6945,2.5412,7,4.2691,8,0.9845,0,1,0
g3scan,rq4graded,5.0,-1.0,eb154,0.154,tier0,1,3.2,0,0.42,20000,0.9839,0.0161,0.0238,6.802,0.0867,0.87,2.0828,2.633,2.4848,7,4.1208,8,0.9681,0,1,0
g3scan,rq4graded,5.0,-1.0,eb154,0.154,tier0,1,3.2,0,0.43,20000,0.9839,0.0161,0.0371,6.518,0.1038,0.991,1.8846,2.5732,2.4298,7,3.978,8,0.9508,0,1,0
g3scan,rq4graded,5.0,-1.0,eb154,0.154,tier0,1,3.2,0,0.44,20000,0.9839,0.0161,0.0536,6.247,0.1185,1.09,1.7166,2.5168,2.3775,7,3.8353,8,0.9342,0,1,0
g3scan,rq4graded,5.0,-1.0,eb154,0.154,tier0,1,3.2,0,0.45,20000,0.9839,0.0161,0.0733,5.986,0.1308,1.161,1.5761,2.4617,2.3268,7,3.6965,8,0.9179,0,1,0
g3scan,rq4graded,5.0,-1.0,eb154,0.154,tier0,1,3.2,0,0.46,20000,0.9839,0.0161,0.0951,5.737,0.1427,1.234,1.4567,2.4083,2.2774,7,3.5758,8,0.9018,0,1,0
g3scan,rq4graded,5.0,-1.0,eb154,0.154,tier0,1,3.2,0,0.47,20000,0.9839,0.0161,0.1186,5.498,0.1526,1.287,1.3547,2.3567,2.2297,7,3.4599,8,0.8865,0,1,0
g3scan,rq4graded,5.0,-1.0,eb154,0.154,tier0,1,3.2,0,0.48,20000,0.9839,0.0161,0.1447,5.266,0.1603,1.322,1.2742,2.3063,2.1831,7,3.3447,8,0.8708,0,1,0
g3scan,rq4graded,5.0,-1.0,eb154,0.154,tier0,1,3.2,0,0.49,20000,0.9839,0.0161,0.1708,5.045,0.1671,1.354,1.2026,2.2573,2.1378,7,3.2295,8,0.8558,0,1,0
g3scan,rq4graded,5.0,-1.0,eb154,0.154,tier0,1,3.2,0,0.5,20000,0.9839,0.0161,0.1969,4.836,0.1733,1.387,1.1417,2.2097,2.0938,7,3.1281,8,0.8413,0,1,0
g3scan,rq4graded,5.0,-1.0,eb154,0.154,tier0,1,3.2,0,0.51,20000,0.9839,0.0161,0.2238,4.634,0.1805,1.456,1.0904,2.1632,2.0508,7,3.0251,8,0.8264,0,1,0
g3scan,rq4graded,5.0,-1.0,eb154,0.154,tier0,1,3.2,0,0.52,20000,0.9839,0.0161,0.2505,4.444,0.1847,1.481,1.0501,2.1186,2.0095,7,2.9267,8,0.8123,0,1,0
g3scan,rq4graded,5.0,-1.0,eb154,0.154,tier0,1,4.8,0,0.17,20000,0.9839,0.0161,0.0,12.483,0.0,nan,7.6069,7.1279,7.1279,1,7.2462,8,nan,0,0,0
g3scan,rq4graded,5.0,-1.0,eb154,0.154,tier0,1,4.8,0,0.18,20000,0.9839,0.0161,0.0,11.994,0.0,nan,7.1213,6.7091,6.7091,1,6.5726,8,nan,0,0,0
g3scan,rq4graded,5.0,-1.0,eb154,0.154,tier0,1,4.8,0,0.19,20000,0.9839,0.0161,0.0,11.495,0.0,nan,6.6256,5.9834,5.9719,2,5.951,8,nan,0,0,0
g3scan,rq4graded,5.0,-1.0,eb154,0.154,tier0,1,4.8,0,0.2,20000,0.9839,0.0161,0.0,11.007,0.0,nan,6.1429,5.3778,5.3535,3,5.4137,8,nan,0,0,0
g3scan,rq4graded,5.0,-1.0,eb154,0.154,tier0,1,4.8,0,0.21,20000,0.9839,0.0161,0.0,10.511,0.0,nan,5.6545,4.8237,4.7818,4,4.9255,8,nan,0,0,0
g3scan,rq4graded,5.0,-1.0,eb154,0.154,tier0,1,4.8,0,0.22,20000,0.9839,0.0161,0.0,10.018,0.0,nan,5.1715,4.5794,4.5418,4,4.4782,8,nan,0,0,0
g3scan,rq4graded,5.0,-1.0,eb154,0.154,tier0,1,4.8,0,0.23,20000,0.9839,0.0161,0.0,9.527,0.0,nan,4.6952,4.0912,4.0293,5,4.0872,8,nan,0,0,0
g3scan,rq4graded,5.0,-1.0,eb154,0.154,tier0,1,4.8,0,0.24,20000,0.9839,0.0161,0.0,9.033,0.0,0.0,4.2181,3.6378,3.5417,6,3.7368,8,nan,0,0,0
g3scan,rq4graded,5.0,-1.0,eb154,0.154,tier0,1,4.8,0,0.25,20000,0.9839,0.0161,0.0,8.541,0.0,0.0,3.7546,3.4599,3.3729,6,3.4193,8,nan,0,0,0
g3scan,rq4graded,5.0,-1.0,eb154,0.154,tier0,1,4.8,0,0.26,20000,0.9839,0.0161,0.0,8.048,0.0001,0.037,3.3021,3.0524,2.9127,7,3.1229,8,nan,0,0,0
g3scan,rq4graded,5.0,-1.0,eb154,0.154,tier0,1,4.8,0,0.27,20000,0.9839,0.0161,0.0,7.564,0.0003,0.027,2.8627,2.9067,2.7794,7,2.862,8,nan,0,0,0
g3scan,rq4graded,5.0,-1.0,eb154,0.154,tier0,1,4.8,0,0.28,20000,0.9839,0.0161,0.0,7.086,0.0018,0.056,2.4411,2.7677,2.6517,7,2.6212,8,1.1123,0,1,0
g3scan,rq4graded,5.0,-1.0,eb154,0.154,tier0,1,4.8,0,0.29,20000,0.9839,0.0161,0.0001,6.623,0.0091,0.138,2.0444,2.637,2.5307,7,2.4106,8,1.0727,0,1,0
g3scan,rq4graded,5.0,-1.0,eb154,0.154,tier0,1,4.8,0,0.3,20000,0.9839,0.0161,0.0003,6.173,0.0262,0.252,1.6847,2.5119,2.4147,7,2.2138,8,1.0413,0,1,0
g3scan,rq4graded,5.0,-1.0,eb154,0.154,tier0,1,4.8,0,0.31,20000,0.9839,0.0161,0.0016,5.738,0.06,0.455,1.3663,2.3929,2.3039,7,2.0392,8,1.0089,0,1,0
g3scan,rq4graded,5.0,-1.0,eb154,0.154,tier0,1,4.8,0,0.32,20000,0.9839,0.0161,0.0074,5.322,0.101,0.668,1.1026,2.2795,2.1979,7,1.8791,8,0.9788,0,1,0
g3scan,rq4graded,5.0,-1.0,eb154,0.154,tier0,1,4.8,0,0.33,20000,0.9839,0.0161,0.021,4.927,0.1467,0.927,0.9098,2.1727,2.0978,7,1.7319,8,0.9484,0,1,0
g3scan,rq4graded,5.0,-1.0,eb154,0.154,tier0,1,4.8,0,0.34,20000,0.9839,0.0161,0.0469,4.548,0.185,1.128,0.789,2.0695,2.0011,7,1.5937,8,0.9185,0,1,0
g3scan,rq4graded,5.0,-1.0,eb154,0.154,tier0,1,4.8,0,0.35,20000,0.9839,0.0161,0.0859,4.191,0.2147,1.29,0.7249,1.973,1.9102,7,1.4765,8,0.8882,1,0,0
g3scan,rq4graded,5.0,-1.0,eb154,0.154,tier0,1,4.8,0,0.36,20000,0.9839,0.0161,0.1334,3.857,0.2368,1.415,0.7031,1.8805,1.8232,7,1.3626,8,0.8584,1,0,0
g3scan,rq4graded,5.0,-1.0,eb154,0.154,tier0,1,4.8,0,0.37,20000,0.9839,0.0161,0.1849,3.543,0.2561,1.545,0.7118,1.7916,1.7394,7,1.2633,8,0.829,1,0,0
g3scan,rq4graded,5.0,-1.0,eb154,0.154,tier0,1,4.8,0,0.38,20000,0.9839,0.0161,0.2395,3.26,0.268,1.61,0.7237,1.7104,1.6624,7,1.175,8,0.8005,1,0,0
g3scan,rq4graded,5.0,-1.0,eb154,0.154,tier0,1,4.8,0,0.39,20000,0.9839,0.0161,0.2914,2.996,0.2779,1.661,0.7403,1.6285,1.5849,7,1.0934,8,0.7737,1,0,0
g3scan,rq4graded,5.0,-1.0,eb154,0.154,tier0,1,4.8,0,0.4,20000,0.9839,0.0161,0.3425,2.758,0.2852,1.734,0.7491,1.552,1.5127,7,1.0128,8,0.7471,1,0,0
g3scan,rq4graded,5.0,-1.0,eb154,0.154,tier0,1,4.8,0,0.41,20000,0.9839,0.0161,0.392,2.542,0.2893,1.778,0.7514,1.4799,1.4442,7,0.9404,8,0.7213,1,0,0
g3scan,rq4graded,5.0,-1.0,eb154,0.154,tier0,1,4.8,0,0.42,20000,0.9839,0.0161,0.4368,2.346,0.2939,1.779,0.7561,1.4107,1.3783,7,0.8814,8,0.6966,1,0,0
g3scan,rq4graded,5.0,-1.0,eb154,0.154,tier0,1,4.8,0,0.43,20000,0.9839,0.0161,0.4777,2.169,0.2968,1.756,0.7631,1.3435,1.3144,7,0.8248,8,0.6734,1,0,0
g3scan,rq4graded,5.0,-1.0,eb154,0.154,tier0,1,4.8,0,0.44,20000,0.9839,0.0161,0.5172,2.007,0.2946,1.705,0.7637,1.2785,1.2526,7,0.7731,8,0.6506,1,0,0
g3scan,rq4graded,5.0,-1.0,eb154,0.154,tier0,1,4.8,0,0.45,20000,0.9839,0.0161,0.5526,1.862,0.2996,1.787,0.7474,1.2212,1.1977,7,0.7247,8,0.6277,1,0,0
g3scan,rq4graded,5.0,-1.0,eb154,0.154,tier0,1,4.8,0,0.46,20000,0.9839,0.0161,0.5846,1.73,0.303,1.84,0.7387,1.1617,1.141,7,0.6811,8,0.6064,0,0,0
g3scan,rq4graded,5.0,-1.0,eb154,0.154,tier0,1,4.8,0,0.47,20000,0.9839,0.0161,0.6148,1.608,0.3027,1.815,0.7287,1.1057,1.0871,7,0.6406,8,0.5858,0,0,0
g3scan,rq4graded,5.0,-1.0,eb154,0.154,tier0,1,4.8,0,0.48,20000,0.9839,0.0161,0.6396,1.5,0.3094,1.896,0.7272,1.0521,1.0356,7,0.6014,8,0.5671,0,0,0
g3scan,rq4graded,5.0,-1.0,eb154,0.154,tier0,1,4.8,0,0.49,20000,0.9839,0.0161,0.6641,1.401,0.31,1.917,0.717,1.0013,0.9868,7,0.6346,7,0.5488,0,0,0
g3scan,rq4graded,5.0,-1.0,eb154,0.154,tier0,1,4.8,0,0.5,20000,0.9839,0.0161,0.6888,1.31,0.3043,1.874,0.6917,0.9531,0.9404,7,0.5996,7,0.5302,0,0,0
g3scan,rq4graded,5.0,-1.0,eb154,0.154,tier0,1,4.8,0,0.51,20000,0.9839,0.0161,0.7101,1.226,0.3056,1.913,0.6682,0.9073,0.896,7,0.5697,7,0.512,0,0,0
g3scan,rq4graded,5.0,-1.0,eb154,0.154,tier0,1,4.8,0,0.52,20000,0.9839,0.0161,0.729,1.15,0.3039,1.896,0.6555,0.8638,0.8538,7,0.5384,7,0.4952,0,0,0
g3scan,rq4graded,5.0,-1.0,eb154,0.154,tier0,1,6.4,0,0.17,20000,0.9839,0.0161,0.0,10.727,0.0,nan,5.9556,5.9473,5.9393,2,4.2144,8,nan,0,0,0
g3scan,rq4graded,5.0,-1.0,eb154,0.154,tier0,1,6.4,0,0.18,20000,0.9839,0.0161,0.0,10.132,0.0,nan,5.4005,5.2783,5.2633,3,3.623,8,nan,0,0,0
g3scan,rq4graded,5.0,-1.0,eb154,0.154,tier0,1,6.4,0,0.19,20000,0.9839,0.0161,0.0,9.532,0.0,nan,4.858,4.6656,4.6407,4,3.1077,8,nan,0,0,0
g3scan,rq4graded,5.0,-1.0,eb154,0.154,tier0,1,6.4,0,0.2,20000,0.9839,0.0161,0.0,8.942,0.0,nan,4.3338,4.3163,4.2962,4,2.6805,8,nan,0,0,0
g3scan,rq4graded,5.0,-1.0,eb154,0.154,tier0,1,6.4,0,0.21,20000,0.9839,0.0161,0.0,8.339,0.0,nan,3.8115,3.7913,3.7577,5,2.3036,8,nan,0,0,0
g3scan,rq4graded,5.0,-1.0,eb154,0.154,tier0,1,6.4,0,0.22,20000,0.9839,0.0161,0.0,7.745,0.0,0.0,3.3123,3.3132,3.2587,6,1.9858,8,nan,0,0,0
g3scan,rq4graded,5.0,-1.0,eb154,0.154,tier0,1,6.4,0,0.23,20000,0.9839,0.0161,0.0,7.15,0.0,0.0,2.8403,2.8682,2.7778,7,1.7169,8,nan,0,0,0
g3scan,rq4graded,5.0,-1.0,eb154,0.154,tier0,1,6.4,0,0.24,20000,0.9839,0.0161,0.0,6.562,0.0001,0.012,2.4045,2.6574,2.5804,7,1.4812,8,nan,0,1,0
g3scan,rq4graded,5.0,-1.0,eb154,0.154,tier0,1,6.4,0,0.25,20000,0.9839,0.0161,0.0,5.993,0.0008,0.017,2.0133,2.4624,2.3986,7,1.2789,8,1.1339,0,1,0
g3scan,rq4graded,5.0,-1.0,eb154,0.154,tier0,1,6.4,0,0.26,20000,0.9839,0.0161,0.0,5.444,0.0099,0.089,1.6778,2.2784,2.2259,7,1.2544,7,1.0723,0,1,0
g3scan,rq4graded,5.0,-1.0,eb154,0.154,tier0,1,6.4,0,0.27,20000,0.9839,0.0161,0.0001,4.92,0.0443,0.258,1.4082,2.1068,2.0635,7,1.0919,7,1.024,0,1,0
g3scan,rq4graded,5.0,-1.0,eb154,0.154,tier0,1,6.4,0,0.28,20000,0.9839,0.0161,0.0016,4.424,0.1115,0.551,1.2324,1.9459,1.9104,7,0.9519,7,0.9813,0,1,0
g3scan,rq4graded,5.0,-1.0,eb154,0.154,tier0,1,6.4,0,0.29,20000,0.9839,0.0161,0.013,3.962,0.1906,0.908,1.218,1.7968,1.7675,7,0.8277,7,0.9399,1,0,0
g3scan,rq4graded,5.0,-1.0,eb154,0.154,tier0,1,6.4,0,0.3,20000,0.9839,0.0161,0.0467,3.531,0.2577,1.254,1.2904,1.6543,1.6308,7,0.726,7,0.8982,1,0,0
g3scan,rq4graded,5.0,-1.0,eb154,0.154,tier0,1,6.4,0,0.31,20000,0.9839,0.0161,0.1085,3.126,0.3054,1.528,1.3914,1.5255,1.5063,7,0.6444,7,0.854,0,0,0
g3scan,rq4graded,5.0,-1.0,eb154,0.154,tier0,1,6.4,0,0.32,20000,0.9839,0.0161,0.1872,2.752,0.3348,1.707,1.5031,1.4018,1.3866,7,0.6512,6,0.8103,0,0,0
g3scan,rq4graded,5.0,-1.0,eb154,0.154,tier0,1,6.4,0,0.33,20000,0.9839,0.0161,0.2703,2.423,0.353,1.856,1.5678,1.2901,1.278,7,0.575,6,0.7679,0,0,0
g3scan,rq4graded,5.0,-1.0,eb154,0.154,tier0,1,6.4,0,0.34,20000,0.9839,0.0161,0.3511,2.127,0.3649,1.905,1.6116,1.181,1.1714,7,0.5136,6,0.7269,0,0,0
g3scan,rq4graded,5.0,-1.0,eb154,0.154,tier0,1,6.4,0,0.35,20000,0.9839,0.0161,0.4257,1.875,0.3697,1.906,1.6236,1.0851,1.0773,7,0.4639,6,0.688,0,0,0
g3scan,rq4graded,5.0,-1.0,eb154,0.154,tier0,1,6.4,0,0.36,20000,0.9839,0.0161,0.4911,1.656,0.3769,1.985,1.6339,0.9947,0.9885,7,0.4163,6,0.6505,0,0,0
g3scan,rq4graded,5.0,-1.0,eb154,0.154,tier0,1,6.4,0,0.37,20000,0.9839,0.0161,0.5509,1.462,0.3809,2.018,1.6319,0.91,0.9049,7,0.3709,6,0.6143,0,0,0
g3scan,rq4graded,5.0,-1.0,eb154,0.154,tier0,1,6.4,0,0.38,20000,0.9839,0.0161,0.6023,1.3,0.3833,2.093,1.6188,0.8357,0.8315,7,0.3847,5,0.5807,0,0,0
g3scan,rq4graded,5.0,-1.0,eb154,0.154,tier0,1,6.4,0,0.39,20000,0.9839,0.0161,0.6455,1.16,0.3852,2.108,1.6157,0.765,0.7616,7,0.3482,5,0.55,0,0,0
g3scan,rq4graded,5.0,-1.0,eb154,0.154,tier0,1,6.4,0,0.4,20000,0.9839,0.0161,0.686,1.037,0.3864,2.166,1.5855,0.7043,0.7015,7,0.3145,5,0.519,0,0,0
g3scan,rq4graded,5.0,-1.0,eb154,0.154,tier0,1,6.4,0,0.41,20000,0.9839,0.0161,0.7213,0.93,0.3789,2.065,1.5535,0.6467,0.6444,7,0.2826,5,0.4901,0,0,0
g3scan,rq4graded,5.0,-1.0,eb154,0.154,tier0,1,6.4,0,0.42,20000,0.9839,0.0161,0.751,0.834,0.3777,2.054,1.5391,0.5922,0.5905,7,0.2536,5,0.4622,0,0,0
g3scan,rq4graded,5.0,-1.0,eb154,0.154,tier0,1,6.4,0,0.43,20000,0.9839,0.0161,0.776,0.756,0.377,2.148,1.5136,0.5464,0.5449,7,0.2303,5,0.4364,0,0,0
g3scan,rq4graded,5.0,-1.0,eb154,0.154,tier0,1,6.4,0,0.44,20000,0.9839,0.0161,0.7996,0.683,0.3714,2.129,1.4784,0.5035,0.5024,7,0.2426,4,0.4106,0,0,0
g3scan,rq4graded,5.0,-1.0,eb154,0.154,tier0,1,6.4,0,0.45,20000,0.9839,0.0161,0.8188,0.62,0.374,2.211,1.4677,0.4631,0.4622,7,0.2196,4,0.3864,0,0,0
g3scan,rq4graded,5.0,-1.0,eb154,0.154,tier0,1,6.4,0,0.46,20000,0.9839,0.0161,0.836,0.565,0.3672,2.126,1.442,0.4279,0.4272,7,0.1967,4,0.3648,0,0,0
g3scan,rq4graded,5.0,-1.0,eb154,0.154,tier0,1,6.4,0,0.47,20000,0.9839,0.0161,0.8513,0.517,0.3604,2.048,1.4102,0.3976,0.3969,7,0.1757,4,0.3433,0,0,0
g3scan,rq4graded,5.0,-1.0,eb154,0.154,tier0,1,6.4,0,0.48,20000,0.9839,0.0161,0.864,0.473,0.3605,2.02,1.4108,0.3668,0.3663,7,0.1599,4,0.3229,0,0,0
g3scan,rq4graded,5.0,-1.0,eb154,0.154,tier0,1,6.4,0,0.49,20000,0.9839,0.0161,0.8765,0.434,0.3525,1.99,1.3756,0.3402,0.3397,7,0.1453,4,0.3027,0,0,0
g3scan,rq4graded,5.0,-1.0,eb154,0.154,tier0,1,6.4,0,0.5,20000,0.9839,0.0161,0.8874,0.399,0.348,1.987,1.3454,0.3177,0.3173,7,0.1561,3,0.2828,0,0,0
g3scan,rq4graded,5.0,-1.0,eb154,0.154,tier0,1,6.4,0,0.51,20000,0.9839,0.0161,0.8961,0.367,0.3522,2.09,1.3545,0.2953,0.2949,7,0.1376,3,0.2646,0,0,0
g3scan,rq4graded,5.0,-1.0,eb154,0.154,tier0,1,6.4,0,0.52,20000,0.9839,0.0161,0.9038,0.339,0.3541,2.115,1.3618,0.2747,0.2743,7,0.1244,3,0.2486,0,0,0
g3scan,rq4graded,5.0,-1.0,eb154,0.154,tier0,1,9.6,1,0.17,20000,0.9839,0.0161,0.0,8.551,0.0,nan,4.3464,4.5856,4.5839,3,1.5985,7,nan,0,0,0
g3scan,rq4graded,5.0,-1.0,eb154,0.154,tier0,1,9.6,1,0.18,20000,0.9839,0.0161,0.0,7.825,0.0,nan,3.8001,3.9135,3.9109,4,1.3898,6,nan,0,0,0
g3scan,rq4graded,5.0,-1.0,eb154,0.154,tier0,1,9.6,1,0.19,20000,0.9839,0.0161,0.0,7.102,0.0,nan,3.2914,3.3196,3.3138,5,1.0421,6,nan,0,0,0
g3scan,rq4graded,5.0,-1.0,eb154,0.154,tier0,1,9.6,1,0.2,20000,0.9839,0.0161,0.0,6.376,0.0,nan,2.8159,2.7876,2.7756,6,0.784,6,nan,0,1,0
g3scan,rq4graded,5.0,-1.0,eb154,0.154,tier0,1,9.6,1,0.21,20000,0.9839,0.0161,0.0,5.659,0.0,0.0,2.4025,2.316,2.2912,7,0.6954,5,nan,0,1,0
g3scan,rq4graded,5.0,-1.0,eb154,0.154,tier0,1,9.6,1,0.22,20000,0.9839,0.0161,0.0,4.971,0.0001,0.002,2.0902,2.0098,1.9926,7,0.5342,5,nan,0,1,0
g3scan,rq4graded,5.0,-1.0,eb154,0.154,tier0,1,9.6,1,0.23,20000,0.9839,0.0161,0.0,4.323,0.0039,0.022,1.902,1.738,1.7251,7,0.4119,5,1.0949,0,0,0
g3scan,rq4graded,5.0,-1.0,eb154,0.154,tier0,1,9.6,1,0.24,20000,0.9839,0.0161,0.0,3.719,0.0604,0.21,1.8794,1.4903,1.4779,7,0.3903,4,1.0123,0,0,0
g3scan,rq4graded,5.0,-1.0,eb154,0.154,tier0,1,9.6,1,0.25,20000,0.9839,0.0161,0.0005,3.159,0.1993,0.67,1.9499,1.2718,1.257,7,0.3016,4,0.948,1,0,0
g3scan,rq4graded,5.0,-1.0,eb154,0.154,tier0,1,9.6,1,0.26,20000,0.9839,0.0161,0.017,2.668,0.3473,1.324,2.175,1.0803,1.0634,7,0.2389,4,0.8901,0,0,0
g3scan,rq4graded,5.0,-1.0,eb154,0.154,tier0,1,9.6,1,0.27,20000,0.9839,0.0161,0.1008,2.213,0.4395,1.893,2.4269,0.917,0.8989,7,0.2352,3,0.8242,0,0,0
g3scan,rq4graded,5.0,-1.0,eb154,0.154,tier0,1,9.6,1,0.28,20000,0.9839,0.0161,0.2398,1.789,0.4834,2.24,2.5354,0.7763,0.7581,7,0.1791,3,0.7525,0,0,0
g3scan,rq4graded,5.0,-1.0,eb154,0.154,tier0,1,9.6,1,0.29,20000,0.9839,0.0161,0.3811,1.433,0.5019,2.413,2.5727,0.6578,0.6405,7,0.1422,3,0.6829,0,0,0
g3scan,rq4graded,5.0,-1.0,eb154,0.154,tier0,1,9.6,1,0.3,20000,0.9839,0.0161,0.5017,1.148,0.5144,2.581,2.5847,0.5566,0.5403,7,0.1407,2,0.6173,0,0,0
g3scan,rq4graded,5.0,-1.0,eb154,0.154,tier0,1,9.6,1,0.31,20000,0.9839,0.0161,0.6024,0.921,0.5163,2.63,2.5717,0.4721,0.4579,7,0.105,2,0.5556,0,0,0
g3scan,rq4graded,5.0,-1.0,eb154,0.154,tier0,1,9.6,1,0.32,20000,0.9839,0.0161,0.6799,0.748,0.5144,2.674,2.5503,0.4012,0.3888,7,0.0808,2,0.5004,0,0,0
g3scan,rq4graded,5.0,-1.0,eb154,0.154,tier0,1,9.6,1,0.33,20000,0.9839,0.0161,0.7441,0.609,0.5054,2.664,2.5099,0.3403,0.3288,7,0.0628,2,0.4467,0,0,0
g3scan,rq4graded,5.0,-1.0,eb154,0.154,tier0,1,9.6,1,0.34,20000,0.9839,0.0161,0.7917,0.5,0.5007,2.606,2.487,0.2898,0.2802,7,0.0568,1,0.3984,0,0,0
g3scan,rq4graded,5.0,-1.0,eb154,0.154,tier0,1,9.6,1,0.35,20000,0.9839,0.0161,0.8285,0.416,0.4931,2.57,2.4653,0.2461,0.2374,7,0.0449,1,0.3543,0,0,0
g3scan,rq4graded,5.0,-1.0,eb154,0.154,tier0,1,9.6,1,0.36,20000,0.9839,0.0161,0.8586,0.347,0.4843,2.544,2.4353,0.2103,0.2021,7,0.0364,1,0.3122,0,0,0
g3scan,rq4graded,5.0,-1.0,eb154,0.154,tier0,1,9.6,1,0.37,20000,0.9839,0.0161,0.8826,0.29,0.4775,2.485,2.4152,0.1802,0.1729,7,nan,0,0.2731,0,0,0
g3scan,rq4graded,5.0,-1.0,eb154,0.154,tier0,1,9.6,1,0.38,20000,0.9839,0.0161,0.9,0.247,0.4741,2.527,2.4176,0.1537,0.1461,7,nan,0,0.2394,0,0,0
g3scan,rq4graded,5.0,-1.0,eb154,0.154,tier0,1,9.6,1,0.39,20000,0.9839,0.0161,0.9155,0.21,0.4651,2.41,2.4058,0.1319,0.1237,7,nan,0,0.2075,0,0,0
g3scan,rq4graded,5.0,-1.0,eb154,0.154,tier0,1,9.6,1,0.4,20000,0.9839,0.0161,0.9277,0.179,0.4652,2.484,2.4174,0.1128,0.1042,7,nan,0,0.1791,0,0,0
g3scan,rq4graded,5.0,-1.0,eb154,0.154,tier0,1,9.6,1,0.41,20000,0.9839,0.0161,0.9384,0.153,0.447,2.27,2.4025,0.097,0.0882,7,nan,0,0.1542,0,0,0
g3scan,rq4graded,5.0,-1.0,eb154,0.154,tier0,1,9.6,1,0.42,20000,0.9839,0.0161,0.9464,0.132,0.4481,2.333,2.423,0.084,0.0753,7,nan,0,0.1343,0,0,0
g3scan,rq4graded,5.0,-1.0,eb154,0.154,tier0,1,9.6,1,0.43,20000,0.9839,0.0161,0.9532,0.114,0.4468,2.318,2.4603,0.0797,0.0749,6,nan,0,0.118,0,0,0
g3scan,rq4graded,5.0,-1.0,eb154,0.154,tier0,1,9.6,1,0.44,20000,0.9839,0.0161,0.9589,0.099,0.4493,2.384,2.4919,0.0688,0.0635,6,nan,0,0.1042,0,0,0
g3scan,rq4graded,5.0,-1.0,eb154,0.154,tier0,1,9.6,1,0.45,20000,0.9839,0.0161,0.9641,0.085,0.4399,2.137,2.5173,0.0594,0.0544,6,nan,0,0.0924,0,0,0
g3scan,rq4graded,5.0,-1.0,eb154,0.154,tier0,1,9.6,1,0.46,20000,0.9839,0.0161,0.9684,0.073,0.4317,1.918,2.5695,0.0565,0.0539,5,nan,0,0.0825,0,0,0
g3scan,rq4graded,5.0,-1.0,eb154,0.154,tier0,1,9.6,1,0.47,20000,0.9839,0.0161,0.9719,0.064,0.4344,1.928,2.6153,0.0489,0.0459,5,nan,0,0.0735,0,0,0
g3scan,rq4graded,5.0,-1.0,eb154,0.154,tier0,1,9.6,1,0.48,20000,0.9839,0.0161,0.9751,0.055,0.4448,2.122,2.6678,0.0422,0.039,5,nan,0,0.0651,0,0,0
g3scan,rq4graded,5.0,-1.0,eb154,0.154,tier0,1,9.6,1,0.49,20000,0.9839,0.0161,0.9778,0.047,0.4651,2.207,2.7546,0.0405,0.039,4,nan,0,0.0581,0,0,0
g3scan,rq4graded,5.0,-1.0,eb154,0.154,tier0,1,9.6,1,0.5,20000,0.9839,0.0161,0.98,0.041,0.4803,2.25,2.8302,0.0347,0.033,4,nan,0,0.0526,0,0,0
g3scan,rq4graded,5.0,-1.0,eb154,0.154,tier0,1,9.6,1,0.51,20000,0.9839,0.0161,0.982,0.036,0.4824,2.165,2.8957,0.0296,0.0279,4,nan,0,0.0481,0,0,0
g3scan,rq4graded,5.0,-1.0,eb154,0.154,tier0,1,9.6,1,0.52,20000,0.9839,0.0161,0.9839,0.031,0.4756,1.911,2.9438,0.0256,0.0239,4,nan,0,0.0439,0,0,0
g3scan,rq4graded,5.0,-1.0,eb154,0.154,tier0,1,12.8,1,0.17,20000,0.9839,0.0161,0.0,7.276,0.0,nan,3.6958,3.6055,3.5998,4,0.7134,5,nan,0,0,0
g3scan,rq4graded,5.0,-1.0,eb154,0.154,tier0,1,12.8,1,0.18,20000,0.9839,0.0161,0.0,6.473,0.0,nan,3.2091,2.9375,2.9249,5,0.5598,4,nan,0,1,0
g3scan,rq4graded,5.0,-1.0,eb154,0.154,tier0,1,12.8,1,0.19,20000,0.9839,0.0161,0.0,5.669,0.0,nan,2.7793,2.3614,2.34,6,0.3745,4,nan,0,1,0
g3scan,rq4graded,5.0,-1.0,eb154,0.154,tier0,1,12.8,1,0.2,20000,0.9839,0.0161,0.0,4.879,0.0,0.0,2.4406,1.8717,1.8394,7,0.3126,3,nan,0,1,0
g3scan,rq4graded,5.0,-1.0,eb154,0.154,tier0,1,12.8,1,0.21,20000,0.9839,0.0161,0.0,4.153,0.0,0.0,2.2586,1.511,1.4661,7,0.2148,3,nan,0,0,0
g3scan,rq4graded,5.0,-1.0,eb154,0.154,tier0,1,12.8,1,0.22,20000,0.9839,0.0161,0.0,3.48,0.0102,0.032,2.2618,1.2088,1.1547,7,0.1867,2,1.0715,0,0,0
g3scan,rq4graded,5.0,-1.0,eb154,0.154,tier0,1,12.8,1,0.23,20000,0.9839,0.0161,0.0,2.858,0.1508,0.387,2.3497,0.9618,0.9038,7,0.1222,2,0.9668,0,0,0
g3scan,rq4graded,5.0,-1.0,eb154,0.154,tier0,1,12.8,1,0.24,20000,0.9839,0.0161,0.0013,2.31,0.3776,1.212,2.5759,0.7574,0.7008,7,0.0785,2,0.8913,0,0,0
g3scan,rq4graded,5.0,-1.0,eb154,0.154,tier0,1,12.8,1,0.25,20000,0.9839,0.0161,0.0636,1.85,0.5356,2.248,2.9132,0.5923,0.5414,7,0.0653,1,0.8153,0,0,0
g3scan,rq4graded,5.0,-1.0,eb154,0.154,tier0,1,12.8,1,0.26,20000,0.9839,0.0161,0.2514,1.394,0.5953,2.879,3.0267,0.4625,0.4164,7,0.0443,1,0.7197,0,0,0
g3scan,rq4graded,5.0,-1.0,eb154,0.154,tier0,1,12.8,1,0.27,20000,0.9839,0.0161,0.449,1.011,0.6147,3.18,3.0535,0.358,0.3182,7,nan,0,0.6231,0,0,0
g3scan,rq4graded,5.0,-1.0,eb154,0.154,tier0,1,12.8,1,0.28,20000,0.9839,0.0161,0.6026,0.735,0.6153,3.311,3.0386,0.2783,0.2432,7,nan,0,0.5345,0,0,0
g3scan,rq4graded,5.0,-1.0,eb154,0.154,tier0,1,12.8,1,0.29,20000,0.9839,0.0161,0.7135,0.536,0.6121,3.357,3.018,0.2143,0.1836,7,nan,0,0.4533,0,0,0
g3scan,rq4graded,5.0,-1.0,eb154,0.154,tier0,1,12.8,1,0.3,20000,0.9839,0.0161,0.7911,0.398,0.5965,3.188,2.9836,0.1655,0.1378,7,nan,0,0.3809,0,0,0
g3scan,rq4graded,5.0,-1.0,eb154,0.154,tier0,1,12.8,1,0.31,20000,0.9839,0.0161,0.8451,0.298,0.589,3.184,2.9634,0.1276,0.1036,7,nan,0,0.3144,0,0,0
g3scan,rq4graded,5.0,-1.0,eb154,0.154,tier0,1,12.8,1,0.32,20000,0.9839,0.0161,0.8836,0.227,0.571,2.964,2.9384,0.112,0.0976,6,nan,0,0.2561,0,0,0
g3scan,rq4graded,5.0,-1.0,eb154,0.154,tier0,1,12.8,1,0.33,20000,0.9839,0.0161,0.9095,0.176,0.5685,3.007,2.9459,0.0876,0.0747,6,nan,0,0.2061,0,0,0
g3scan,rq4graded,5.0,-1.0,eb154,0.154,tier0,1,12.8,1,0.34,20000,0.9839,0.0161,0.9293,0.137,0.5604,2.992,2.9497,0.0786,0.0713,5,nan,0,0.1643,0,0,0
g3scan,rq4graded,5.0,-1.0,eb154,0.154,tier0,1,12.8,1,0.35,20000,0.9839,0.0161,0.9444,0.107,0.5484,2.761,2.9626,0.0615,0.0542,5,nan,0,0.1308,0,0,0
g3scan,rq4graded,5.0,-1.0,eb154,0.154,tier0,1,12.8,1,0.36,20000,0.9839,0.0161,0.9553,0.084,0.5426,2.513,3.0023,0.0554,0.0516,4,nan,0,0.1064,0,0,0
g3scan,rq4graded,5.0,-1.0,eb154,0.154,tier0,1,12.8,1,0.37,20000,0.9839,0.0161,0.964,0.067,0.5346,2.414,3.0318,0.0438,0.0397,4,nan,0,0.0872,0,0,0
g3scan,rq4graded,5.0,-1.0,eb154,0.154,tier0,1,12.8,1,0.38,20000,0.9839,0.0161,0.9704,0.053,0.5447,2.366,3.0983,0.0339,0.0302,4,nan,0,0.0722,0,0,0
g3scan,rq4graded,5.0,-1.0,eb154,0.154,tier0,1,12.8,1,0.39,20000,0.9839,0.0161,0.9757,0.042,0.5669,2.569,3.1721,0.0312,0.0291,3,nan,0,0.0594,0,0,0
g3scan,rq4graded,5.0,-1.0,eb154,0.154,tier0,1,12.8,1,0.4,20000,0.9839,0.0161,0.9798,0.033,0.566,2.217,3.2371,0.0241,0.0222,3,nan,0,0.0504,0,0,0
g3scan,rq4graded,5.0,-1.0,eb154,0.154,tier0,1,12.8,1,0.41,20000,0.9839,0.0161,0.9832,0.026,0.5988,2.308,3.3291,0.0224,0.0217,2,nan,0,0.0423,0,0,0
g3scan,rq4graded,5.0,-1.0,eb154,0.154,tier0,1,12.8,1,0.42,20000,0.9839,0.0161,0.9862,0.021,0.6151,2.288,3.3877,0.0176,0.0169,2,nan,0,0.0356,0,0,0
g3scan,rq4graded,5.0,-1.0,eb154,0.154,tier0,1,12.8,1,0.43,20000,0.9839,0.0161,0.9889,0.016,0.6483,2.311,3.4656,0.0134,0.0129,2,nan,0,0.0289,0,0,0
g3scan,rq4graded,5.0,-1.0,eb154,0.154,tier0,1,12.8,1,0.44,20000,0.9839,0.0161,0.9907,0.012,0.6932,2.53,3.5489,0.013,0.013,1,nan,0,0.024,0,0,0
g3scan,rq4graded,5.0,-1.0,eb154,0.154,tier0,1,12.8,1,0.45,20000,0.9839,0.0161,0.9923,0.009,0.7649,3.254,3.6535,0.0091,0.0091,1,nan,0,0.0197,0,0,0
g3scan,rq4graded,5.0,-1.0,eb154,0.154,tier0,1,12.8,1,0.46,20000,0.9839,0.0161,0.994,0.007,0.8178,4.488,3.7064,0.0073,0.0073,1,nan,0,0.0156,0,0,0
g3scan,rq4graded,5.0,-1.0,eb154,0.154,tier0,1,12.8,1,0.47,20000,0.9839,0.0161,0.9952,0.005,0.8883,7.952,3.7769,0.0058,0.0058,1,nan,0,0.0126,0,0,0
g3scan,rq4graded,5.0,-1.0,eb154,0.154,tier0,1,12.8,1,0.48,20000,0.9839,0.0161,0.9964,0.004,0.9716,34.25,3.8603,nan,nan,0,nan,0,0.0099,0,0,0
g3scan,rq4graded,5.0,-1.0,eb154,0.154,tier0,1,12.8,1,0.49,20000,0.9839,0.0161,0.9975,0.003,1.0,nan,3.8886,nan,nan,0,nan,0,0.0077,0,0,0
g3scan,rq4graded,5.0,-1.0,eb154,0.154,tier0,1,12.8,1,0.5,20000,0.9839,0.0161,0.9982,0.002,1.0,nan,3.8886,nan,nan,0,nan,0,0.0062,0,0,0
g3scan,rq4graded,5.0,-1.0,eb154,0.154,tier0,1,12.8,1,0.51,20000,0.9839,0.0161,0.9989,0.001,1.0,nan,3.8886,nan,nan,0,nan,0,0.005,0,0,0
g3scan,rq4graded,5.0,-1.0,eb154,0.154,tier0,1,12.8,1,0.52,20000,0.9839,0.0161,0.9994,0.001,1.0,nan,3.8886,nan,nan,0,nan,0,0.0041,0,0,0
g3scan,rq4graded,5.5,-1.0,eb0482,0.0482,tier0,1,2.4,0,0.17,20000,0.9889,0.0111,0.0,17.42,0.0,nan,12.5317,nan,nan,0,13.8826,5,nan,0,0,0
g3scan,rq4graded,5.5,-1.0,eb0482,0.0482,tier0,1,2.4,0,0.18,20000,0.9889,0.0111,0.0,17.212,0.0,nan,12.3232,nan,nan,0,13.1387,6,nan,0,0,0
g3scan,rq4graded,5.5,-1.0,eb0482,0.0482,tier0,1,2.4,0,0.19,20000,0.9889,0.0111,0.0,17.001,0.0,nan,12.1123,nan,nan,0,12.5471,6,nan,0,0,0
g3scan,rq4graded,5.5,-1.0,eb0482,0.0482,tier0,1,2.4,0,0.2,20000,0.9889,0.0111,0.0,16.796,0.0,nan,11.9069,nan,nan,0,11.83,7,nan,0,0,0
g3scan,rq4graded,5.5,-1.0,eb0482,0.0482,tier0,1,2.4,0,0.21,20000,0.9889,0.0111,0.0,16.587,0.0,nan,11.6984,nan,nan,0,11.3318,7,nan,0,0,0
g3scan,rq4graded,5.5,-1.0,eb0482,0.0482,tier0,1,2.4,0,0.22,20000,0.9889,0.0111,0.0,16.379,0.0,nan,11.49,nan,nan,0,10.6529,8,nan,0,0,0
g3scan,rq4graded,5.5,-1.0,eb0482,0.0482,tier0,1,2.4,0,0.23,20000,0.9889,0.0111,0.0,16.17,0.0,nan,11.2815,nan,nan,0,10.2365,8,nan,0,0,0
g3scan,rq4graded,5.5,-1.0,eb0482,0.0482,tier0,1,2.4,0,0.24,20000,0.9889,0.0111,0.0,15.963,0.0,nan,11.0747,nan,nan,0,9.8445,8,nan,0,0,0
g3scan,rq4graded,5.5,-1.0,eb0482,0.0482,tier0,1,2.4,0,0.25,20000,0.9889,0.0111,0.0,15.751,0.0,nan,10.8621,nan,nan,0,9.4629,8,nan,0,0,0
g3scan,rq4graded,5.5,-1.0,eb0482,0.0482,tier0,1,2.4,0,0.26,20000,0.9889,0.0111,0.0,15.546,0.0,nan,10.6569,6.4928,6.4928,1,9.1115,8,nan,0,0,0
g3scan,rq4graded,5.5,-1.0,eb0482,0.0482,tier0,1,2.4,0,0.27,20000,0.9889,0.0111,0.0,15.34,0.0,nan,10.451,6.3064,6.3064,1,8.7791,8,nan,0,0,0
g3scan,rq4graded,5.5,-1.0,eb0482,0.0482,tier0,1,2.4,0,0.28,20000,0.9889,0.0111,0.0,15.131,0.0,nan,10.2423,5.7494,5.7344,2,8.46,8,nan,0,0,0
g3scan,rq4graded,5.5,-1.0,eb0482,0.0482,tier0,1,2.4,0,0.29,20000,0.9889,0.0111,0.0,14.923,0.0,nan,10.0345,5.6036,5.5879,2,8.1543,8,nan,0,0,0
g3scan,rq4graded,5.5,-1.0,eb0482,0.0482,tier0,1,2.4,0,0.3,20000,0.9889,0.0111,0.0,14.718,0.0,nan,9.8291,5.1375,5.1047,3,7.8681,8,nan,0,0,0
g3scan,rq4graded,5.5,-1.0,eb0482,0.0482,tier0,1,2.4,0,0.31,20000,0.9889,0.0111,0.0,14.509,0.0,nan,9.6204,5.0083,4.9757,3,7.5917,8,nan,0,0,0
g3scan,rq4graded,5.5,-1.0,eb0482,0.0482,tier0,1,2.4,0,0.32,20000,0.9889,0.0111,0.0,14.304,0.0,nan,9.4149,4.5833,4.526,4,7.3325,8,nan,0,0,0
g3scan,rq4graded,5.5,-1.0,eb0482,0.0482,tier0,1,2.4,0,0.33,20000,0.9889,0.0111,0.0,14.096,0.0,nan,9.2078,4.4754,4.419,4,7.0874,8,nan,0,0,0
g3scan,rq4graded,5.5,-1.0,eb0482,0.0482,tier0,1,2.4,0,0.34,20000,0.9889,0.0111,0.0,13.891,0.0,0.0,9.0024,4.0816,3.9907,5,6.8553,8,nan,0,0,0
g3scan,rq4graded,5.5,-1.0,eb0482,0.0482,tier0,1,2.4,0,0.35,20000,0.9889,0.0111,0.0,13.682,0.0,0.0,8.7935,3.993,3.9035,5,6.6262,8,nan,0,0,0
g3scan,rq4graded,5.5,-1.0,eb0482,0.0482,tier0,1,2.4,0,0.36,20000,0.9889,0.0111,0.0,13.476,0.0,0.2,8.5872,3.6253,3.49,6,6.4142,8,nan,0,0,0
g3scan,rq4graded,5.5,-1.0,eb0482,0.0482,tier0,1,2.4,0,0.37,20000,0.9889,0.0111,0.0,13.267,0.0001,0.333,8.378,3.5473,3.4156,6,6.2119,8,nan,0,0,0
g3scan,rq4graded,5.5,-1.0,eb0482,0.0482,tier0,1,2.4,0,0.38,20000,0.9889,0.0111,0.0,13.063,0.0001,0.222,8.1747,3.4745,3.3463,6,6.0217,8,nan,0,0,0
g3scan,rq4graded,5.5,-1.0,eb0482,0.0482,tier0,1,2.4,0,0.39,20000,0.9889,0.0111,0.0,12.861,0.0002,0.2,7.9719,3.1331,2.9354,7,5.8411,8,nan,0,0,0
g3scan,rq4graded,5.5,-1.0,eb0482,0.0482,tier0,1,2.4,0,0.4,20000,0.9889,0.0111,0.0,12.653,0.0003,0.18,7.7644,3.0688,2.8762,7,5.6664,8,nan,0,0,0
g3scan,rq4graded,5.5,-1.0,eb0482,0.0482,tier0,1,2.4,0,0.41,20000,0.9889,0.0111,0.0001,12.447,0.0005,0.171,7.5589,3.007,2.8198,7,5.5019,8,nan,0,0,0
g3scan,rq4graded,5.5,-1.0,eb0482,0.0482,tier0,1,2.4,0,0.42,20000,0.9889,0.0111,0.0001,12.24,0.0008,0.157,7.3529,2.9493,2.7676,7,5.3366,8,1.0368,0,0,0
g3scan,rq4graded,5.5,-1.0,eb0482,0.0482,tier0,1,2.4,0,0.43,20000,0.9889,0.0111,0.0001,12.035,0.0014,0.201,7.1483,2.8918,2.7154,7,5.1814,8,1.0197,0,0,0
g3scan,rq4graded,5.5,-1.0,eb0482,0.0482,tier0,1,2.4,0,0.44,20000,0.9889,0.0111,0.0002,11.833,0.0027,0.274,6.9473,2.8356,2.6639,7,5.0386,8,1.0011,0,0,0
g3scan,rq4graded,5.5,-1.0,eb0482,0.0482,tier0,1,2.4,0,0.45,20000,0.9889,0.0111,0.0004,11.63,0.0044,0.344,6.7456,2.7809,2.6144,7,4.8985,8,0.9865,0,0,0
g3scan,rq4graded,5.5,-1.0,eb0482,0.0482,tier0,1,2.4,0,0.46,20000,0.9889,0.0111,0.0007,11.431,0.0065,0.399,6.55,2.7285,2.5662,7,4.7664,8,0.9732,0,0,0
g3scan,rq4graded,5.5,-1.0,eb0482,0.0482,tier0,1,2.4,0,0.47,20000,0.9889,0.0111,0.0011,11.231,0.0092,0.439,6.3553,2.6767,2.5185,7,4.6396,8,0.9612,0,0,0
g3scan,rq4graded,5.5,-1.0,eb0482,0.0482,tier0,1,2.4,0,0.48,20000,0.9889,0.0111,0.0019,11.034,0.0127,0.492,6.1669,2.6267,2.4726,7,4.5185,8,0.9474,0,0,0
g3scan,rq4graded,5.5,-1.0,eb0482,0.0482,tier0,1,2.4,0,0.49,20000,0.9889,0.0111,0.0032,10.842,0.0163,0.532,5.9872,2.5788,2.4287,7,4.4048,8,0.9341,0,0,0
g3scan,rq4graded,5.5,-1.0,eb0482,0.0482,tier0,1,2.4,0,0.5,20000,0.9889,0.0111,0.005,10.645,0.0205,0.563,5.81,2.5311,2.3848,7,4.2899,8,0.9194,0,0,0
g3scan,rq4graded,5.5,-1.0,eb0482,0.0482,tier0,1,2.4,0,0.51,20000,0.9889,0.0111,0.0071,10.456,0.026,0.638,5.6425,2.4854,2.3428,7,4.1841,8,0.9059,0,0,0
g3scan,rq4graded,5.5,-1.0,eb0482,0.0482,tier0,1,2.4,0,0.52,20000,0.9889,0.0111,0.01,10.264,0.0324,0.73,5.4795,2.4398,2.3007,7,4.0796,8,0.8921,0,0,0
g3scan,rq4graded,5.5,-1.0,eb0482,0.0482,tier0,1,3.2,0,0.17,20000,0.9889,0.0111,0.0,15.79,0.0,nan,10.9009,nan,nan,0,9.9092,7,nan,0,0,0
g3scan,rq4graded,5.5,-1.0,eb0482,0.0482,tier0,1,3.2,0,0.18,20000,0.9889,0.0111,0.0,15.483,0.0,nan,10.594,nan,nan,0,9.1977,8,nan,0,0,0
g3scan,rq4graded,5.5,-1.0,eb0482,0.0482,tier0,1,3.2,0,0.19,20000,0.9889,0.0111,0.0,15.179,0.0,nan,10.2908,nan,nan,0,8.584,8,nan,0,0,0
g3scan,rq4graded,5.5,-1.0,eb0482,0.0482,tier0,1,3.2,0,0.2,20000,0.9889,0.0111,0.0,14.881,0.0,nan,9.9926,nan,nan,0,8.0317,8,nan,0,0,0
g3scan,rq4graded,5.5,-1.0,eb0482,0.0482,tier0,1,3.2,0,0.21,20000,0.9889,0.0111,0.0,14.579,0.0,nan,9.6902,6.56,6.56,1,7.5164,8,nan,0,0,0
g3scan,rq4graded,5.5,-1.0,eb0482,0.0482,tier0,1,3.2,0,0.22,20000,0.9889,0.0111,0.0,14.276,0.0,nan,9.3877,6.2801,6.2801,1,7.0413,8,nan,0,0,0
g3scan,rq4graded,5.5,-1.0,eb0482,0.0482,tier0,1,3.2,0,0.23,20000,0.9889,0.0111,0.0,13.973,0.0,nan,9.084,5.6706,5.6583,2,6.6046,8,nan,0,0,0
g3scan,rq4graded,5.5,-1.0,eb0482,0.0482,tier0,1,3.2,0,0.24,20000,0.9889,0.0111,0.0,13.672,0.0,nan,8.7833,5.447,5.4353,2,6.2052,8,nan,0,0,0
g3scan,rq4graded,5.5,-1.0,eb0482,0.0482,tier0,1,3.2,0,0.25,20000,0.9889,0.0111,0.0,13.371,0.0,nan,8.4825,4.9488,4.9241,3,5.8367,8,nan,0,0,0
g3scan,rq4graded,5.5,-1.0,eb0482,0.0482,tier0,1,3.2,0,0.26,20000,0.9889,0.0111,0.0,13.07,0.0,nan,8.1815,4.4912,4.4476,4,5.5013,8,nan,0,0,0
g3scan,rq4graded,5.5,-1.0,eb0482,0.0482,tier0,1,3.2,0,0.27,20000,0.9889,0.0111,0.0,12.768,0.0,nan,7.8796,4.3231,4.2813,4,5.1882,8,nan,0,0,0
g3scan,rq4graded,5.5,-1.0,eb0482,0.0482,tier0,1,3.2,0,0.28,20000,0.9889,0.0111,0.0,12.468,0.0,nan,7.5792,3.9083,3.8398,5,4.9047,8,nan,0,0,0
g3scan,rq4graded,5.5,-1.0,eb0482,0.0482,tier0,1,3.2,0,0.29,20000,0.9889,0.0111,0.0,12.168,0.0,0.0,7.2793,3.7696,3.7052,5,4.6415,8,nan,0,0,0
g3scan,rq4graded,5.5,-1.0,eb0482,0.0482,tier0,1,3.2,0,0.3,20000,0.9889,0.0111,0.0,11.864,0.0,0.0,6.9752,3.3927,3.2923,6,4.393,8,nan,0,0,0
g3scan,rq4graded,5.5,-1.0,eb0482,0.0482,tier0,1,3.2,0,0.31,20000,0.9889,0.0111,0.0,11.564,0.0001,0.2,6.6752,3.2768,3.182,6,4.1675,8,nan,0,0,0
g3scan,rq4graded,5.5,-1.0,eb0482,0.0482,tier0,1,3.2,0,0.32,20000,0.9889,0.0111,0.0,11.263,0.0001,0.091,6.3746,2.9248,2.7742,7,3.9617,8,nan,0,0,0
g3scan,rq4graded,5.5,-1.0,eb0482,0.0482,tier0,1,3.2,0,0.33,20000,0.9889,0.0111,0.0,10.966,0.0003,0.099,6.0776,2.8267,2.684,7,3.7703,8,nan,0,0,0
g3scan,rq4graded,5.5,-1.0,eb0482,0.0482,tier0,1,3.2,0,0.34,20000,0.9889,0.0111,0.0001,10.665,0.0007,0.097,5.7771,2.7316,2.5969,7,3.5887,8,1.048,0,0,0
g3scan,rq4graded,5.5,-1.0,eb0482,0.0482,tier0,1,3.2,0,0.35,20000,0.9889,0.0111,0.0001,10.369,0.0017,0.139,5.4816,2.6406,2.5136,7,3.423,8,1.0159,0,0,0
g3scan,rq4graded,5.5,-1.0,eb0482,0.0482,tier0,1,3.2,0,0.36,20000,0.9889,0.0111,0.0002,10.078,0.0043,0.222,5.1909,2.5541,2.4337,7,3.2683,8,0.9914,0,0,0
g3scan,rq4graded,5.5,-1.0,eb0482,0.0482,tier0,1,3.2,0,0.37,20000,0.9889,0.0111,0.0004,9.787,0.0086,0.297,4.9027,2.4695,2.3553,7,3.126,8,0.9693,0,0,0
g3scan,rq4graded,5.5,-1.0,eb0482,0.0482,tier0,1,3.2,0,0.38,20000,0.9889,0.0111,0.0009,9.504,0.0148,0.371,4.6238,2.3891,2.2809,7,2.9957,8,0.9489,0,0,0
g3scan,rq4graded,5.5,-1.0,eb0482,0.0482,tier0,1,3.2,0,0.39,20000,0.9889,0.0111,0.0021,9.22,0.023,0.449,4.3514,2.3103,2.2081,7,2.8687,8,0.9268,0,0,0
g3scan,rq4graded,5.5,-1.0,eb0482,0.0482,tier0,1,3.2,0,0.4,20000,0.9889,0.0111,0.0047,8.946,0.0338,0.559,4.0987,2.2358,2.1389,7,2.7534,8,0.9042,0,0,0
g3scan,rq4graded,5.5,-1.0,eb0482,0.0482,tier0,1,3.2,0,0.41,20000,0.9889,0.0111,0.0088,8.676,0.0457,0.658,3.8643,2.1643,2.0724,7,2.6444,8,0.8828,0,0,0
g3scan,rq4graded,5.5,-1.0,eb0482,0.0482,tier0,1,3.2,0,0.42,20000,0.9889,0.0111,0.0146,8.411,0.0597,0.777,3.6472,2.0949,2.0075,7,2.5452,8,0.8617,0,0,0
g3scan,rq4graded,5.5,-1.0,eb0482,0.0482,tier0,1,3.2,0,0.43,20000,0.9889,0.0111,0.0226,8.158,0.0731,0.883,3.4573,2.0285,1.9456,7,2.4543,8,0.8424,0,0,0
g3scan,rq4graded,5.5,-1.0,eb0482,0.0482,tier0,1,3.2,0,0.44,20000,0.9889,0.0111,0.0334,7.907,0.0857,0.975,3.2917,1.9638,1.8854,7,2.3686,8,0.8228,0,0,0
g3scan,rq4graded,5.5,-1.0,eb0482,0.0482,tier0,1,3.2,0,0.45,20000,0.9889,0.0111,0.0467,7.666,0.0984,1.08,3.1527,1.9028,1.8281,7,2.2888,8,0.8029,0,0,0
g3scan,rq4graded,5.5,-1.0,eb0482,0.0482,tier0,1,3.2,0,0.46,20000,0.9889,0.0111,0.0635,7.43,0.1077,1.147,3.0448,1.8432,1.7724,7,2.2117,8,0.7836,0,0,0
g3scan,rq4graded,5.5,-1.0,eb0482,0.0482,tier0,1,3.2,0,0.47,20000,0.9889,0.0111,0.081,7.204,0.1168,1.208,2.9501,1.7862,1.7189,7,2.142,8,0.7652,0,0,0
g3scan,rq4graded,5.5,-1.0,eb0482,0.0482,tier0,1,3.2,0,0.48,20000,0.9889,0.0111,0.1,6.986,0.1253,1.275,2.8727,1.7305,1.6668,7,2.0753,8,0.7471,0,1,0
g3scan,rq4graded,5.5,-1.0,eb0482,0.0482,tier0,1,3.2,0,0.49,20000,0.9889,0.0111,0.1205,6.775,0.1319,1.324,2.8148,1.6767,1.6163,7,2.0131,8,0.7294,0,1,0
g3scan,rq4graded,5.5,-1.0,eb0482,0.0482,tier0,1,3.2,0,0.5,20000,0.9889,0.0111,0.1423,6.574,0.1369,1.345,2.776,1.6251,1.5679,7,1.9568,8,0.7122,0,1,0
g3scan,rq4graded,5.5,-1.0,eb0482,0.0482,tier0,1,3.2,0,0.51,20000,0.9889,0.0111,0.1641,6.381,0.1414,1.355,2.7454,1.5753,1.521,7,1.9036,8,0.6954,0,1,0
g3scan,rq4graded,5.5,-1.0,eb0482,0.0482,tier0,1,3.2,0,0.52,20000,0.9889,0.0111,0.1852,6.197,0.146,1.387,2.7165,1.5271,1.4756,7,1.8528,8,0.6795,0,1,0
g3scan,rq4graded,5.5,-1.0,eb0482,0.0482,tier0,1,4.8,0,0.17,20000,0.9889,0.0111,0.0,13.289,0.0,nan,8.3999,6.6804,6.6804,1,5.3439,8,nan,0,0,0
g3scan,rq4graded,5.5,-1.0,eb0482,0.0482,tier0,1,4.8,0,0.18,20000,0.9889,0.0111,0.0,12.84,0.0,nan,7.9516,6.1587,6.1587,1,4.7409,8,nan,0,0,0
g3scan,rq4graded,5.5,-1.0,eb0482,0.0482,tier0,1,4.8,0,0.19,20000,0.9889,0.0111,0.0,12.392,0.0,nan,7.5029,5.4657,5.4588,2,4.2102,8,nan,0,0,0
g3scan,rq4graded,5.5,-1.0,eb0482,0.0482,tier0,1,4.8,0,0.2,20000,0.9889,0.0111,0.0,11.945,0.0,nan,7.0568,4.886,4.8728,3,3.7584,8,nan,0,0,0
g3scan,rq4graded,5.5,-1.0,eb0482,0.0482,tier0,1,4.8,0,0.21,20000,0.9889,0.0111,0.0,11.498,0.0,nan,6.6094,4.5505,4.54,3,3.3682,8,nan,0,0,0
g3scan,rq4graded,5.5,-1.0,eb0482,0.0482,tier0,1,4.8,0,0.22,20000,0.9889,0.0111,0.0,11.051,0.0,nan,6.1628,4.0544,4.0351,4,3.0302,8,nan,0,0,0
g3scan,rq4graded,5.5,-1.0,eb0482,0.0482,tier0,1,4.8,0,0.23,20000,0.9889,0.0111,0.0,10.605,0.0,nan,5.7161,3.5929,3.5596,5,2.7349,8,nan,0,0,0
g3scan,rq4graded,5.5,-1.0,eb0482,0.0482,tier0,1,4.8,0,0.24,20000,0.9889,0.0111,0.0,10.157,0.0,0.0,5.2681,3.1661,3.1123,6,2.4831,8,nan,0,0,0
g3scan,rq4graded,5.5,-1.0,eb0482,0.0482,tier0,1,4.8,0,0.25,20000,0.9889,0.0111,0.0,9.714,0.0,0.0,4.8258,2.9564,2.9099,6,2.2682,8,nan,0,0,0
g3scan,rq4graded,5.5,-1.0,eb0482,0.0482,tier0,1,4.8,0,0.26,20000,0.9889,0.0111,0.0,9.263,0.0001,0.047,4.3746,2.5806,2.5012,7,2.0741,8,nan,0,0,0
g3scan,rq4graded,5.5,-1.0,eb0482,0.0482,tier0,1,4.8,0,0.27,20000,0.9889,0.0111,0.0,8.823,0.0002,0.028,3.9347,2.4114,2.3425,7,1.9123,8,nan,0,0,0
g3scan,rq4graded,5.5,-1.0,eb0482,0.0482,tier0,1,4.8,0,0.28,20000,0.9889,0.0111,0.0,8.387,0.0009,0.047,3.4986,2.2532,2.1948,7,1.7715,8,1.0433,0,0,0
g3scan,rq4graded,5.5,-1.0,eb0482,0.0482,tier0,1,4.8,0,0.29,20000,0.9889,0.0111,0.0001,7.959,0.0053,0.123,3.0706,2.104,2.054,7,1.6475,8,0.9883,0,0,0
g3scan,rq4graded,5.5,-1.0,eb0482,0.0482,tier0,1,4.8,0,0.3,20000,0.9889,0.0111,0.0002,7.547,0.0161,0.22,2.6597,1.9642,1.9216,7,1.5457,8,0.9513,0,0,0
g3scan,rq4graded,5.5,-1.0,eb0482,0.0482,tier0,1,4.8,0,0.31,20000,0.9889,0.0111,0.0009,7.137,0.0379,0.376,2.2543,1.8302,1.7943,7,1.4506,8,0.9116,0,0,0
g3scan,rq4graded,5.5,-1.0,eb0482,0.0482,tier0,1,4.8,0,0.32,20000,0.9889,0.0111,0.0041,6.752,0.0691,0.58,1.8907,1.7086,1.6781,7,1.3725,8,0.8741,0,1,0
g3scan,rq4graded,5.5,-1.0,eb0482,0.0482,tier0,1,4.8,0,0.33,20000,0.9889,0.0111,0.013,6.375,0.1037,0.786,1.571,1.591,1.5653,7,1.3043,8,0.8377,0,1,0
g3scan,rq4graded,5.5,-1.0,eb0482,0.0482,tier0,1,4.8,0,0.34,20000,0.9889,0.0111,0.0294,6.02,0.1385,1.017,1.3141,1.483,1.4614,7,1.2432,8,0.8021,0,1,0
g3scan,rq4graded,5.5,-1.0,eb0482,0.0482,tier0,1,4.8,0,0.35,20000,0.9889,0.0111,0.0564,5.678,0.166,1.188,1.1293,1.3804,1.3624,7,1.1898,8,0.7666,0,1,0
g3scan,rq4graded,5.5,-1.0,eb0482,0.0482,tier0,1,4.8,0,0.36,20000,0.9889,0.0111,0.0913,5.356,0.187,1.31,1.0057,1.2855,1.2705,7,1.1416,8,0.732,0,1,0
g3scan,rq4graded,5.5,-1.0,eb0482,0.0482,tier0,1,4.8,0,0.37,20000,0.9889,0.0111,0.1327,5.051,0.2023,1.41,0.9352,1.1973,1.1848,7,1.0992,8,0.6979,1,1,1
g3scan,rq4graded,5.5,-1.0,eb0482,0.0482,tier0,1,4.8,0,0.38,20000,0.9889,0.0111,0.1761,4.768,0.2149,1.517,0.8986,1.1166,1.1061,7,1.0618,8,0.6649,1,1,1
g3scan,rq4graded,5.5,-1.0,eb0482,0.0482,tier0,1,4.8,0,0.39,20000,0.9889,0.0111,0.2208,4.505,0.2235,1.591,0.8934,1.0431,1.0342,7,1.0245,8,0.6333,1,1,1
g3scan,rq4graded,5.5,-1.0,eb0482,0.0482,tier0,1,4.8,0,0.4,20000,0.9889,0.0111,0.2645,4.26,0.2295,1.635,0.9043,0.9746,0.967,7,0.9897,8,0.6032,1,0,0
g3scan,rq4graded,5.5,-1.0,eb0482,0.0482,tier0,1,4.8,0,0.41,20000,0.9889,0.0111,0.3066,4.04,0.2327,1.663,0.937,0.9124,0.9059,7,0.96,8,0.5748,1,0,0
g3scan,rq4graded,5.5,-1.0,eb0482,0.0482,tier0,1,4.8,0,0.42,20000,0.9889,0.0111,0.3471,3.836,0.2335,1.672,0.9864,0.8562,0.8504,7,0.932,8,0.5472,1,0,0
g3scan,rq4graded,5.5,-1.0,eb0482,0.0482,tier0,1,4.8,0,0.43,20000,0.9889,0.0111,0.3858,3.644,0.2349,1.696,1.0442,0.804,0.7987,7,0.9064,8,0.5199,1,0,0
g3scan,rq4graded,5.5,-1.0,eb0482,0.0482,tier0,1,4.8,0,0.44,20000,0.9889,0.0111,0.4211,3.472,0.2363,1.784,1.1095,0.7572,0.7523,7,0.8822,8,0.4942,1,0,0
g3scan,rq4graded,5.5,-1.0,eb0482,0.0482,tier0,1,4.8,0,0.45,20000,0.9889,0.0111,0.4541,3.311,0.2347,1.79,1.1772,0.7142,0.7093,7,0.8577,8,0.47,1,0,0
g3scan,rq4graded,5.5,-1.0,eb0482,0.0482,tier0,1,4.8,0,0.46,20000,0.9889,0.0111,0.4836,3.166,0.235,1.822,1.242,0.6759,0.6709,7,0.8355,8,0.4473,1,0,0
g3scan,rq4graded,5.5,-1.0,eb0482,0.0482,tier0,1,4.8,0,0.47,20000,0.9889,0.0111,0.5126,3.03,0.2306,1.756,1.3288,0.6402,0.635,7,0.8161,8,0.4251,1,0,0
g3scan,rq4graded,5.5,-1.0,eb0482,0.0482,tier0,1,4.8,0,0.48,20000,0.9889,0.0111,0.5383,2.908,0.2262,1.697,1.4101,0.6092,0.6036,7,0.7972,8,0.4046,1,0,0
g3scan,rq4graded,5.5,-1.0,eb0482,0.0482,tier0,1,4.8,0,0.49,20000,0.9889,0.0111,0.562,2.792,0.2236,1.68,1.4857,0.5798,0.5739,7,0.7787,8,0.3843,1,0,0
g3scan,rq4graded,5.5,-1.0,eb0482,0.0482,tier0,1,4.8,0,0.5,20000,0.9889,0.0111,0.5842,2.684,0.2226,1.718,1.5667,0.553,0.5466,7,0.7614,8,0.3641,1,0,0
g3scan,rq4graded,5.5,-1.0,eb0482,0.0482,tier0,1,4.8,0,0.51,20000,0.9889,0.0111,0.6046,2.586,0.2211,1.745,1.6507,0.5295,0.5224,7,0.7451,8,0.3451,1,0,0
g3scan,rq4graded,5.5,-1.0,eb0482,0.0482,tier0,1,4.8,0,0.52,20000,0.9889,0.0111,0.623,2.493,0.2214,1.8,1.7236,0.5067,0.4991,7,0.7302,8,0.3274,1,0,0
g3scan,rq4graded,5.5,-1.0,eb0482,0.0482,tier0,1,6.4,0,0.17,20000,0.9889,0.0111,0.0,11.533,0.0,nan,6.6442,5.4159,5.4126,2,3.0184,8,nan,0,0,0
g3scan,rq4graded,5.5,-1.0,eb0482,0.0482,tier0,1,6.4,0,0.18,20000,0.9889,0.0111,0.0,10.987,0.0,nan,6.0986,4.7723,4.7676,3,2.5639,8,nan,0,0,0
g3scan,rq4graded,5.5,-1.0,eb0482,0.0482,tier0,1,6.4,0,0.19,20000,0.9889,0.0111,0.0,10.436,0.0,nan,5.5475,4.2896,4.2867,3,2.1867,8,nan,0,0,0
g3scan,rq4graded,5.5,-1.0,eb0482,0.0482,tier0,1,6.4,0,0.2,20000,0.9889,0.0111,0.0,9.889,0.0,nan,5.0001,3.7382,3.7327,4,1.8933,8,nan,0,0,0
g3scan,rq4graded,5.5,-1.0,eb0482,0.0482,tier0,1,6.4,0,0.21,20000,0.9889,0.0111,0.0,9.34,0.0,nan,4.4517,3.2423,3.2312,5,1.6481,8,nan,0,0,0
g3scan,rq4graded,5.5,-1.0,eb0482,0.0482,tier0,1,6.4,0,0.22,20000,0.9889,0.0111,0.0,8.79,0.0,nan,3.9009,2.7894,2.7691,6,1.4572,8,nan,0,0,0
g3scan,rq4graded,5.5,-1.0,eb0482,0.0482,tier0,1,6.4,0,0.23,20000,0.9889,0.0111,0.0,8.242,0.0,0.0,3.3532,2.5086,2.4952,6,1.3035,8,nan,0,0,0
g3scan,rq4graded,5.5,-1.0,eb0482,0.0482,tier0,1,6.4,0,0.24,20000,0.9889,0.0111,0.0,7.699,0.0001,0.015,2.81,2.1333,2.1036,7,1.1814,8,nan,0,0,0
g3scan,rq4graded,5.5,-1.0,eb0482,0.0482,tier0,1,6.4,0,0.25,20000,0.9889,0.0111,0.0,7.168,0.0005,0.018,2.2792,1.9162,1.8953,7,1.0833,8,nan,0,0,0
g3scan,rq4graded,5.5,-1.0,eb0482,0.0482,tier0,1,6.4,0,0.26,20000,0.9889,0.0111,0.0,6.652,0.0059,0.077,1.7639,1.7146,1.6998,7,1.0055,8,0.9873,0,1,0
g3scan,rq4graded,5.5,-1.0,eb0482,0.0482,tier0,1,6.4,0,0.27,20000,0.9889,0.0111,0.0001,6.159,0.027,0.206,1.2734,1.5323,1.5217,7,0.9368,8,0.9302,0,1,0
g3scan,rq4graded,5.5,-1.0,eb0482,0.0482,tier0,1,6.4,0,0.28,20000,0.9889,0.0111,0.0009,5.681,0.0757,0.457,0.8424,1.3646,1.3567,7,0.8792,8,0.8764,0,1,0
g3scan,rq4graded,5.5,-1.0,eb0482,0.0482,tier0,1,6.4,0,0.29,20000,0.9889,0.0111,0.0076,5.243,0.1386,0.782,0.5545,1.2207,1.2147,7,0.8303,8,0.8265,0,1,0
g3scan,rq4graded,5.5,-1.0,eb0482,0.0482,tier0,1,6.4,0,0.3,20000,0.9889,0.0111,0.0289,4.823,0.1986,1.113,0.3826,1.09,1.0856,7,0.7866,8,0.777,1,1,1
g3scan,rq4graded,5.5,-1.0,eb0482,0.0482,tier0,1,6.4,0,0.31,20000,0.9889,0.0111,0.0735,4.428,0.2411,1.371,0.3225,0.9768,0.9735,7,0.7472,8,0.7261,1,1,1
g3scan,rq4graded,5.5,-1.0,eb0482,0.0482,tier0,1,6.4,0,0.32,20000,0.9889,0.0111,0.1346,4.059,0.2703,1.585,0.3065,0.8785,0.8765,7,0.713,8,0.6749,1,0,0
g3scan,rq4graded,5.5,-1.0,eb0482,0.0482,tier0,1,6.4,0,0.33,20000,0.9889,0.0111,0.2025,3.724,0.2872,1.719,0.2741,0.7921,0.7908,7,0.6814,8,0.6266,1,0,0
g3scan,rq4graded,5.5,-1.0,eb0482,0.0482,tier0,1,6.4,0,0.34,20000,0.9889,0.0111,0.2717,3.423,0.2953,1.786,0.2367,0.7182,0.7174,7,0.654,8,0.5803,1,0,0
g3scan,rq4graded,5.5,-1.0,eb0482,0.0482,tier0,1,6.4,0,0.35,20000,0.9889,0.0111,0.3366,3.155,0.3012,1.909,0.1829,0.6533,0.6528,7,0.6286,8,0.5363,0,0,0
g3scan,rq4graded,5.5,-1.0,eb0482,0.0482,tier0,1,6.4,0,0.36,20000,0.9889,0.0111,0.3981,2.917,0.3003,1.937,0.127,0.5983,0.5977,7,0.6042,8,0.4946,0,0,0
g3scan,rq4graded,5.5,-1.0,eb0482,0.0482,tier0,1,6.4,0,0.37,20000,0.9889,0.0111,0.4526,2.704,0.299,1.933,0.1067,0.5496,0.5486,7,0.5824,8,0.4553,1,0,0
g3scan,rq4graded,5.5,-1.0,eb0482,0.0482,tier0,1,6.4,0,0.38,20000,0.9889,0.0111,0.4996,2.522,0.2935,1.892,0.1669,0.5087,0.5073,7,0.5611,8,0.4204,1,0,0
g3scan,rq4graded,5.5,-1.0,eb0482,0.0482,tier0,1,6.4,0,0.39,20000,0.9889,0.0111,0.5443,2.354,0.2885,1.905,0.2835,0.4724,0.4704,7,0.5421,8,0.3846,1,0,0
g3scan,rq4graded,5.5,-1.0,eb0482,0.0482,tier0,1,6.4,0,0.4,20000,0.9889,0.0111,0.5815,2.207,0.2865,1.988,0.3912,0.4405,0.4378,7,0.5248,8,0.3523,1,0,0
g3scan,rq4graded,5.5,-1.0,eb0482,0.0482,tier0,1,6.4,0,0.41,20000,0.9889,0.0111,0.6154,2.076,0.2805,2.029,0.5175,0.4135,0.41,7,0.508,8,0.322,1,0,0
g3scan,rq4graded,5.5,-1.0,eb0482,0.0482,tier0,1,6.4,0,0.42,20000,0.9889,0.0111,0.6427,1.962,0.2785,2.044,0.6096,0.3897,0.3855,7,0.4934,8,0.2957,1,0,0
g3scan,rq4graded,5.5,-1.0,eb0482,0.0482,tier0,1,6.4,0,0.43,20000,0.9889,0.0111,0.669,1.854,0.2707,2.012,0.7198,0.3682,0.3633,7,0.4779,8,0.2704,1,0,0
g3scan,rq4graded,5.5,-1.0,eb0482,0.0482,tier0,1,6.4,0,0.44,20000,0.9889,0.0111,0.6932,1.761,0.2582,1.95,0.8581,0.351,0.3456,7,0.464,8,0.2469,1,0,0
g3scan,rq4graded,5.5,-1.0,eb0482,0.0482,tier0,1,6.4,0,0.45,20000,0.9889,0.0111,0.7145,1.672,0.2504,1.96,0.9762,0.3341,0.3284,7,0.4514,8,0.2242,1,0,0
g3scan,rq4graded,5.5,-1.0,eb0482,0.0482,tier0,1,6.4,0,0.46,20000,0.9889,0.0111,0.7325,1.594,0.2457,1.986,1.0766,0.3193,0.3131,7,0.4399,8,0.2053,1,0,0
g3scan,rq4graded,5.5,-1.0,eb0482,0.0482,tier0,1,6.4,0,0.47,20000,0.9889,0.0111,0.7486,1.523,0.2365,1.9,1.1789,0.3065,0.3,7,0.4282,8,0.1895,1,0,0
g3scan,rq4graded,5.5,-1.0,eb0482,0.0482,tier0,1,6.4,0,0.48,20000,0.9889,0.0111,0.7626,1.457,0.2295,1.843,1.2546,0.2944,0.2877,7,0.4163,8,0.1761,1,0,0
g3scan,rq4graded,5.5,-1.0,eb0482,0.0482,tier0,1,6.4,0,0.49,20000,0.9889,0.0111,0.7751,1.396,0.2246,1.835,1.3259,0.2831,0.2762,7,0.4059,8,0.1646,1,0,0
g3scan,rq4graded,5.5,-1.0,eb0482,0.0482,tier0,1,6.4,0,0.5,20000,0.9889,0.0111,0.7872,1.341,0.2187,1.83,1.4194,0.2735,0.2665,7,0.3954,8,0.1541,1,0,0
g3scan,rq4graded,5.5,-1.0,eb0482,0.0482,tier0,1,6.4,0,0.51,20000,0.9889,0.0111,0.798,1.289,0.2126,1.779,1.4976,0.2639,0.2568,7,0.3863,8,0.1448,1,0,0
g3scan,rq4graded,5.5,-1.0,eb0482,0.0482,tier0,1,6.4,0,0.52,20000,0.9889,0.0111,0.8069,1.24,0.2108,1.801,1.543,0.2545,0.2476,7,0.3777,8,0.1372,1,0,0
g3scan,rq4graded,5.5,-1.0,eb0482,0.0482,tier0,1,9.6,1,0.17,20000,0.9889,0.0111,0.0,9.299,0.0,nan,4.4747,3.9338,3.9324,3,1.1355,8,nan,0,0,0
g3scan,rq4graded,5.5,-1.0,eb0482,0.0482,tier0,1,9.6,1,0.18,20000,0.9889,0.0111,0.0,8.613,0.0,nan,3.8409,3.2774,3.2722,4,0.9257,8,nan,0,0,0
g3scan,rq4graded,5.5,-1.0,eb0482,0.0482,tier0,1,9.6,1,0.19,20000,0.9889,0.0111,0.0,7.931,0.0,nan,3.2436,2.703,2.6926,5,0.7866,8,nan,0,0,0
g3scan,rq4graded,5.5,-1.0,eb0482,0.0482,tier0,1,9.6,1,0.2,20000,0.9889,0.0111,0.0,7.256,0.0,nan,2.6849,2.2096,2.1935,6,0.6896,8,nan,0,0,0
g3scan,rq4graded,5.5,-1.0,eb0482,0.0482,tier0,1,9.6,1,0.21,20000,0.9889,0.0111,0.0,6.575,0.0,0.0,2.1745,1.7794,1.7566,7,0.6132,8,nan,0,1,0
g3scan,rq4graded,5.5,-1.0,eb0482,0.0482,tier0,1,9.6,1,0.22,20000,0.9889,0.0111,0.0,5.921,0.0001,0.003,1.7401,1.474,1.4498,7,0.552,8,nan,0,1,0
g3scan,rq4graded,5.5,-1.0,eb0482,0.0482,tier0,1,9.6,1,0.23,20000,0.9889,0.0111,0.0,5.299,0.0022,0.018,1.3967,1.2222,1.1991,7,0.5008,8,1.0164,0,1,0
g3scan,rq4graded,5.5,-1.0,eb0482,0.0482,tier0,1,9.6,1,0.24,20000,0.9889,0.0111,0.0,4.716,0.0378,0.164,1.1893,1.0132,0.9937,7,0.4587,8,0.9157,0,1,0
g3scan,rq4graded,5.5,-1.0,eb0482,0.0482,tier0,1,9.6,1,0.25,20000,0.9889,0.0111,0.0003,4.165,0.1439,0.553,1.1521,0.8431,0.8284,7,0.4231,8,0.8344,0,0,0
g3scan,rq4graded,5.5,-1.0,eb0482,0.0482,tier0,1,9.6,1,0.26,20000,0.9889,0.0111,0.0101,3.676,0.2704,1.134,1.2548,0.7055,0.6955,7,0.3917,8,0.7648,1,0,0
g3scan,rq4graded,5.5,-1.0,eb0482,0.0482,tier0,1,9.6,1,0.27,20000,0.9889,0.0111,0.0679,3.219,0.3602,1.713,1.4353,0.595,0.5892,7,0.3633,8,0.6884,0,0,0
g3scan,rq4graded,5.5,-1.0,eb0482,0.0482,tier0,1,9.6,1,0.28,20000,0.9889,0.0111,0.1762,2.799,0.3994,2.085,1.4914,0.5091,0.5062,7,0.3399,8,0.6084,0,0,0
g3scan,rq4graded,5.5,-1.0,eb0482,0.0482,tier0,1,9.6,1,0.29,20000,0.9889,0.0111,0.2971,2.421,0.4129,2.241,1.4442,0.4392,0.4382,7,0.319,8,0.5304,0,0,0
g3scan,rq4graded,5.5,-1.0,eb0482,0.0482,tier0,1,9.6,1,0.3,20000,0.9889,0.0111,0.4086,2.109,0.4077,2.286,1.3227,0.3854,0.3852,7,0.2987,8,0.4582,0,0,0
g3scan,rq4graded,5.5,-1.0,eb0482,0.0482,tier0,1,9.6,1,0.31,20000,0.9889,0.0111,0.4998,1.851,0.4043,2.429,1.189,0.3421,0.3419,7,0.2811,8,0.392,0,0,0
g3scan,rq4graded,5.5,-1.0,eb0482,0.0482,tier0,1,9.6,1,0.32,20000,0.9889,0.0111,0.5765,1.638,0.3901,2.453,1.0199,0.3073,0.3068,7,0.2663,8,0.3321,0,0,0
g3scan,rq4graded,5.5,-1.0,eb0482,0.0482,tier0,1,9.6,1,0.33,20000,0.9889,0.0111,0.6358,1.466,0.3735,2.396,0.8644,0.2798,0.2787,7,0.2522,8,0.2812,0,0,0
g3scan,rq4graded,5.5,-1.0,eb0482,0.0482,tier0,1,9.6,1,0.34,20000,0.9889,0.0111,0.6857,1.32,0.3567,2.384,0.6896,0.2574,0.2559,7,0.2397,8,0.2355,0,0,0
g3scan,rq4graded,5.5,-1.0,eb0482,0.0482,tier0,1,9.6,1,0.35,20000,0.9889,0.0111,0.725,1.198,0.3351,2.223,0.5309,0.2381,0.2361,7,0.2283,8,0.199,0,0,0
g3scan,rq4graded,5.5,-1.0,eb0482,0.0482,tier0,1,9.6,1,0.36,20000,0.9889,0.0111,0.7567,1.095,0.3192,2.142,0.3896,0.222,0.2198,7,0.2171,8,0.1704,0,0,0
g3scan,rq4graded,5.5,-1.0,eb0482,0.0482,tier0,1,9.6,1,0.37,20000,0.9889,0.0111,0.7819,1.005,0.3067,2.045,0.2894,0.2076,0.2051,7,0.2056,8,0.1496,0,0,0
g3scan,rq4graded,5.5,-1.0,eb0482,0.0482,tier0,1,9.6,1,0.38,20000,0.9889,0.0111,0.8036,0.929,0.2911,1.952,0.2745,0.1957,0.193,7,0.2077,7,0.1331,1,0,0
g3scan,rq4graded,5.5,-1.0,eb0482,0.0482,tier0,1,9.6,1,0.39,20000,0.9889,0.0111,0.8202,0.861,0.2878,2.087,0.305,0.184,0.1813,7,0.1975,7,0.1207,1,0,0
g3scan,rq4graded,5.5,-1.0,eb0482,0.0482,tier0,1,9.6,1,0.4,20000,0.9889,0.0111,0.8355,0.8,0.2811,2.083,0.3526,0.1747,0.1717,7,0.1884,7,0.1101,1,0,0
g3scan,rq4graded,5.5,-1.0,eb0482,0.0482,tier0,1,9.6,1,0.41,20000,0.9889,0.0111,0.8484,0.747,0.2726,2.01,0.4053,0.1658,0.1628,7,0.1808,7,0.1017,1,0,0
g3scan,rq4graded,5.5,-1.0,eb0482,0.0482,tier0,1,9.6,1,0.42,20000,0.9889,0.0111,0.8592,0.7,0.2606,1.845,0.4371,0.1577,0.1546,7,0.1739,7,0.095,1,0,0
g3scan,rq4graded,5.5,-1.0,eb0482,0.0482,tier0,1,9.6,1,0.43,20000,0.9889,0.0111,0.8693,0.657,0.2542,1.79,0.4932,0.1505,0.1475,7,0.1669,7,0.0883,1,0,0
g3scan,rq4graded,5.5,-1.0,eb0482,0.0482,tier0,1,9.6,1,0.44,20000,0.9889,0.0111,0.8786,0.617,0.2484,1.805,0.546,0.144,0.141,7,0.1612,7,0.0822,1,0,0
g3scan,rq4graded,5.5,-1.0,eb0482,0.0482,tier0,1,9.6,1,0.45,20000,0.9889,0.0111,0.8866,0.579,0.2417,1.663,0.5809,0.1375,0.1344,7,0.1538,7,0.0771,1,0,0
g3scan,rq4graded,5.5,-1.0,eb0482,0.0482,tier0,1,9.6,1,0.46,20000,0.9889,0.0111,0.8928,0.548,0.244,1.734,0.597,0.132,0.129,7,0.1532,6,0.0729,1,0,0
g3scan,rq4graded,5.5,-1.0,eb0482,0.0482,tier0,1,9.6,1,0.47,20000,0.9889,0.0111,0.8987,0.518,0.2432,1.742,0.6085,0.1268,0.1238,7,0.1471,6,0.0694,1,0,0
g3scan,rq4graded,5.5,-1.0,eb0482,0.0482,tier0,1,9.6,1,0.48,20000,0.9889,0.0111,0.9043,0.49,0.2469,1.855,0.621,0.1219,0.1189,7,0.1411,6,0.0659,1,0,0
g3scan,rq4graded,5.5,-1.0,eb0482,0.0482,tier0,1,9.6,1,0.49,20000,0.9889,0.0111,0.9098,0.464,0.2438,1.891,0.6581,0.1175,0.1145,7,0.1366,6,0.0628,1,0,0
g3scan,rq4graded,5.5,-1.0,eb0482,0.0482,tier0,1,9.6,1,0.5,20000,0.9889,0.0111,0.9143,0.441,0.2382,1.762,0.6756,0.1132,0.1103,7,0.1328,6,0.0601,1,0,0
g3scan,rq4graded,5.5,-1.0,eb0482,0.0482,tier0,1,9.6,1,0.51,20000,0.9889,0.0111,0.9188,0.418,0.2377,1.795,0.6914,0.1092,0.1064,7,0.1284,6,0.0573,1,0,0
g3scan,rq4graded,5.5,-1.0,eb0482,0.0482,tier0,1,9.6,1,0.52,20000,0.9889,0.0111,0.9228,0.397,0.2359,1.773,0.7106,0.1055,0.1028,7,0.1247,6,0.0549,1,0,0
g3scan,rq4graded,5.5,-1.0,eb0482,0.0482,tier0,1,12.8,1,0.17,20000,0.9889,0.0111,0.0,7.936,0.0,nan,3.5611,2.9298,2.8928,4,0.551,8,nan,0,0,0
g3scan,rq4graded,5.5,-1.0,eb0482,0.0482,tier0,1,12.8,1,0.18,20000,0.9889,0.0111,0.0,7.174,0.0,nan,3.006,2.302,2.2402,5,0.4613,8,nan,0,0,0
g3scan,rq4graded,5.5,-1.0,eb0482,0.0482,tier0,1,12.8,1,0.19,20000,0.9889,0.0111,0.0,6.414,0.0,nan,2.5084,1.8011,1.7288,6,0.3958,8,nan,0,1,0
g3scan,rq4graded,5.5,-1.0,eb0482,0.0482,tier0,1,12.8,1,0.2,20000,0.9889,0.0111,0.0,5.656,0.0,0.0,2.0735,1.4022,1.3374,7,0.3476,8,nan,0,1,0
g3scan,rq4graded,5.5,-1.0,eb0482,0.0482,tier0,1,12.8,1,0.21,20000,0.9889,0.0111,0.0,4.951,0.0,0.0,1.7747,1.0909,1.0341,7,0.3079,8,nan,0,1,0
g3scan,rq4graded,5.5,-1.0,eb0482,0.0482,tier0,1,12.8,1,0.22,20000,0.9889,0.0111,0.0,4.29,0.0062,0.025,1.6186,0.8523,0.8075,7,0.2943,7,0.9857,0,0,0
g3scan,rq4graded,5.5,-1.0,eb0482,0.0482,tier0,1,12.8,1,0.23,20000,0.9889,0.0111,0.0,3.685,0.1044,0.308,1.6349,0.6694,0.6382,7,0.2654,7,0.8586,0,0,0
g3scan,rq4graded,5.5,-1.0,eb0482,0.0482,tier0,1,12.8,1,0.24,20000,0.9889,0.0111,0.0008,3.125,0.294,1.013,1.7942,0.5275,0.5089,7,0.2395,7,0.7645,1,0,0
g3scan,rq4graded,5.5,-1.0,eb0482,0.0482,tier0,1,12.8,1,0.25,20000,0.9889,0.0111,0.0403,2.656,0.4432,1.965,2.1214,0.4243,0.4147,7,0.2188,7,0.6768,0,0,0
g3scan,rq4graded,5.5,-1.0,eb0482,0.0482,tier0,1,12.8,1,0.26,20000,0.9889,0.0111,0.1864,2.194,0.499,2.584,2.1916,0.3478,0.3439,7,0.1995,7,0.5701,0,0,0
g3scan,rq4graded,5.5,-1.0,eb0482,0.0482,tier0,1,12.8,1,0.27,20000,0.9889,0.0111,0.3586,1.787,0.5032,2.835,2.1023,0.2908,0.2897,7,0.1929,6,0.464,0,0,0
g3scan,rq4graded,5.5,-1.0,eb0482,0.0482,tier0,1,12.8,1,0.28,20000,0.9889,0.0111,0.4999,1.473,0.4901,2.974,1.9426,0.2499,0.2498,7,0.1784,6,0.3686,0,0,0
g3scan,rq4graded,5.5,-1.0,eb0482,0.0482,tier0,1,12.8,1,0.29,20000,0.9889,0.0111,0.608,1.231,0.4604,2.827,1.7478,0.2193,0.2193,7,0.1645,6,0.2866,0,0,0
g3scan,rq4graded,5.5,-1.0,eb0482,0.0482,tier0,1,12.8,1,0.3,20000,0.9889,0.0111,0.6852,1.049,0.4295,2.623,1.557,0.1963,0.196,7,0.1524,6,0.2224,0,0,0
g3scan,rq4graded,5.5,-1.0,eb0482,0.0482,tier0,1,12.8,1,0.31,20000,0.9889,0.0111,0.7422,0.904,0.3994,2.403,1.382,0.177,0.1764,7,0.1406,6,0.1734,0,0,0
g3scan,rq4graded,5.5,-1.0,eb0482,0.0482,tier0,1,12.8,1,0.32,20000,0.9889,0.0111,0.783,0.793,0.3767,2.338,1.235,0.1616,0.1608,7,0.1368,5,0.1418,0,0,0
g3scan,rq4graded,5.5,-1.0,eb0482,0.0482,tier0,1,12.8,1,0.33,20000,0.9889,0.0111,0.8138,0.7,0.3623,2.335,1.1293,0.1484,0.1475,7,0.1267,5,0.1197,0,0,0
g3scan,rq4graded,5.5,-1.0,eb0482,0.0482,tier0,1,12.8,1,0.34,20000,0.9889,0.0111,0.8375,0.625,0.3439,2.157,1.0453,0.1367,0.1357,7,0.1194,5,0.1048,0,0,0
g3scan,rq4graded,5.5,-1.0,eb0482,0.0482,tier0,1,12.8,1,0.35,20000,0.9889,0.0111,0.8566,0.562,0.3295,2.003,0.9699,0.1272,0.1261,7,0.1127,5,0.0928,0,0,0
g3scan,rq4graded,5.5,-1.0,eb0482,0.0482,tier0,1,12.8,1,0.36,20000,0.9889,0.0111,0.8729,0.505,0.3176,1.931,0.9149,0.118,0.1169,7,0.1061,4,0.0828,0,0,0
g3scan,rq4graded,5.5,-1.0,eb0482,0.0482,tier0,1,12.8,1,0.37,20000,0.9889,0.0111,0.8864,0.457,0.3089,1.917,0.8677,0.1103,0.1092,7,0.0993,4,0.0744,0,0,0
g3scan,rq4graded,5.5,-1.0,eb0482,0.0482,tier0,1,12.8,1,0.38,20000,0.9889,0.0111,0.8959,0.417,0.3171,2.11,0.8877,0.1032,0.1021,7,0.0934,4,0.0684,0,0,0
g3scan,rq4graded,5.5,-1.0,eb0482,0.0482,tier0,1,12.8,1,0.39,20000,0.9889,0.0111,0.9054,0.381,0.3075,1.959,0.8692,0.0971,0.096,7,0.0894,4,0.0633,0,0,0
g3scan,rq4graded,5.5,-1.0,eb0482,0.0482,tier0,1,12.8,1,0.4,20000,0.9889,0.0111,0.9139,0.348,0.3028,1.949,0.8614,0.0915,0.0904,7,0.0846,4,0.0583,0,0,0
g3scan,rq4graded,5.5,-1.0,eb0482,0.0482,tier0,1,12.8,1,0.41,20000,0.9889,0.0111,0.9212,0.319,0.292,1.75,0.879,0.0861,0.085,7,0.0798,3,0.0545,1,0,0
g3scan,rq4graded,5.5,-1.0,eb0482,0.0482,tier0,1,12.8,1,0.42,20000,0.9889,0.0111,0.9279,0.293,0.2914,1.826,0.8691,0.0811,0.0801,7,0.0759,3,0.0505,1,0,0
g3scan,rq4graded,5.5,-1.0,eb0482,0.0482,tier0,1,12.8,1,0.43,20000,0.9889,0.0111,0.9336,0.269,0.2863,1.765,0.8921,0.0768,0.0758,7,0.0726,3,0.0471,1,0,0
g3scan,rq4graded,5.5,-1.0,eb0482,0.0482,tier0,1,12.8,1,0.44,20000,0.9889,0.0111,0.9383,0.248,0.2951,1.875,0.9012,0.0724,0.0715,7,0.0714,3,0.0444,1,0,0
g3scan,rq4graded,5.5,-1.0,eb0482,0.0482,tier0,1,12.8,1,0.45,20000,0.9889,0.0111,0.9427,0.229,0.2903,1.803,0.9274,0.0686,0.0678,7,0.068,3,0.0419,1,0,0
g3scan,rq4graded,5.5,-1.0,eb0482,0.0482,tier0,1,12.8,1,0.46,20000,0.9889,0.0111,0.9468,0.212,0.2849,1.724,0.9618,0.0649,0.0641,7,0.063,2,0.0397,1,0,0
g3scan,rq4graded,5.5,-1.0,eb0482,0.0482,tier0,1,12.8,1,0.47,20000,0.9889,0.0111,0.9504,0.196,0.2888,1.766,0.9762,0.0614,0.0607,7,0.0618,2,0.0375,1,0,0
g3scan,rq4graded,5.5,-1.0,eb0482,0.0482,tier0,1,12.8,1,0.48,20000,0.9889,0.0111,0.9535,0.182,0.2955,1.895,1.001,0.0581,0.0575,7,0.0605,2,0.0358,1,0,0
g3scan,rq4graded,5.5,-1.0,eb0482,0.0482,tier0,1,12.8,1,0.49,20000,0.9889,0.0111,0.9571,0.168,0.2842,1.861,1.0482,0.0549,0.0544,7,0.061,2,0.0339,1,0,0
g3scan,rq4graded,5.5,-1.0,eb0482,0.0482,tier0,1,12.8,1,0.5,20000,0.9889,0.0111,0.9595,0.157,0.2926,1.979,1.0831,0.052,0.0515,7,0.0589,2,0.0325,1,0,0
g3scan,rq4graded,5.5,-1.0,eb0482,0.0482,tier0,1,12.8,1,0.51,20000,0.9889,0.0111,0.9619,0.146,0.294,1.987,1.1151,0.0494,0.049,7,0.0544,1,0.0311,1,0,0
g3scan,rq4graded,5.5,-1.0,eb0482,0.0482,tier0,1,12.8,1,0.52,20000,0.9889,0.0111,0.9645,0.135,0.2881,1.901,1.1554,0.0469,0.0465,7,0.0559,1,0.0298,1,0,0
g3scan,rq4graded,5.5,-1.0,eb1168,0.11675778353879479,tier0,0,2.4,0,0.17,20000,0.9465,0.0535,0.0,17.307,0.0,nan,12.418,nan,nan,0,13.1737,5,nan,0,0,0
g3scan,rq4graded,5.5,-1.0,eb1168,0.11675778353879479,tier0,0,2.4,0,0.18,20000,0.9465,0.0535,0.0,17.088,0.0,nan,12.1997,nan,nan,0,12.4674,6,nan,0,0,0
g3scan,rq4graded,5.5,-1.0,eb1168,0.11675778353879479,tier0,0,2.4,0,0.19,20000,0.9465,0.0535,0.0,16.872,0.0,nan,11.9838,nan,nan,0,11.875,6,nan,0,0,0
g3scan,rq4graded,5.5,-1.0,eb1168,0.11675778353879479,tier0,0,2.4,0,0.2,20000,0.9465,0.0535,0.0,16.658,0.0,nan,11.7696,nan,nan,0,11.1972,7,nan,0,0,0
g3scan,rq4graded,5.5,-1.0,eb1168,0.11675778353879479,tier0,0,2.4,0,0.21,20000,0.9465,0.0535,0.0,16.445,0.0,nan,11.5562,nan,nan,0,10.7065,7,nan,0,0,0
g3scan,rq4graded,5.5,-1.0,eb1168,0.11675778353879479,tier0,0,2.4,0,0.22,20000,0.9465,0.0535,0.0,16.229,0.0,nan,11.3404,nan,nan,0,10.0669,8,nan,0,0,0
g3scan,rq4graded,5.5,-1.0,eb1168,0.11675778353879479,tier0,0,2.4,0,0.23,20000,0.9465,0.0535,0.0,16.015,0.0,nan,11.1259,nan,nan,0,9.6492,8,nan,0,0,0
g3scan,rq4graded,5.5,-1.0,eb1168,0.11675778353879479,tier0,0,2.4,0,0.24,20000,0.9465,0.0535,0.0,15.799,0.0,nan,10.9108,nan,nan,0,9.2564,8,nan,0,0,0
g3scan,rq4graded,5.5,-1.0,eb1168,0.11675778353879479,tier0,0,2.4,0,0.25,20000,0.9465,0.0535,0.0,15.583,0.0,nan,10.6941,nan,nan,0,8.8832,8,nan,0,0,0
g3scan,rq4graded,5.5,-1.0,eb1168,0.11675778353879479,tier0,0,2.4,0,0.26,20000,0.9465,0.0535,0.0,15.368,0.0,nan,10.4797,6.2455,6.2455,1,8.5317,8,nan,0,0,0
g3scan,rq4graded,5.5,-1.0,eb1168,0.11675778353879479,tier0,0,2.4,0,0.27,20000,0.9465,0.0535,0.0,15.156,0.0,nan,10.2675,6.0525,6.0525,1,8.2028,8,nan,0,0,0
g3scan,rq4graded,5.5,-1.0,eb1168,0.11675778353879479,tier0,0,2.4,0,0.28,20000,0.9465,0.0535,0.0,14.942,0.0,nan,10.0532,5.5255,5.5119,2,7.8861,8,nan,0,0,0
g3scan,rq4graded,5.5,-1.0,eb1168,0.11675778353879479,tier0,0,2.4,0,0.29,20000,0.9465,0.0535,0.0,14.727,0.0,nan,9.8386,5.3789,5.3638,2,7.587,8,nan,0,0,0
g3scan,rq4graded,5.5,-1.0,eb1168,0.11675778353879479,tier0,0,2.4,0,0.3,20000,0.9465,0.0535,0.0,14.515,0.0,nan,9.626,4.9276,4.8968,3,7.3034,8,nan,0,0,0
g3scan,rq4graded,5.5,-1.0,eb1168,0.11675778353879479,tier0,0,2.4,0,0.31,20000,0.9465,0.0535,0.0,14.298,0.0,nan,9.4091,4.7994,4.7689,3,7.0317,8,nan,0,0,0
g3scan,rq4graded,5.5,-1.0,eb1168,0.11675778353879479,tier0,0,2.4,0,0.32,20000,0.9465,0.0535,0.0,14.083,0.0,nan,9.1947,4.3946,4.3415,4,6.7779,8,nan,0,0,0
g3scan,rq4graded,5.5,-1.0,eb1168,0.11675778353879479,tier0,0,2.4,0,0.33,20000,0.9465,0.0535,0.0,13.872,0.0,nan,8.9833,4.2885,4.2359,4,6.5384,8,nan,0,0,0
g3scan,rq4graded,5.5,-1.0,eb1168,0.11675778353879479,tier0,0,2.4,0,0.34,20000,0.9465,0.0535,0.0,13.658,0.0,0.0,8.7693,3.9088,3.8238,5,6.31,8,nan,0,0,0
g3scan,rq4graded,5.5,-1.0,eb1168,0.11675778353879479,tier0,0,2.4,0,0.35,20000,0.9465,0.0535,0.0,13.447,0.0,0.0,8.5582,3.8207,3.7376,5,6.095,8,nan,0,0,0
g3scan,rq4graded,5.5,-1.0,eb1168,0.11675778353879479,tier0,0,2.4,0,0.36,20000,0.9465,0.0535,0.0,13.231,0.0,0.25,8.3419,3.4675,3.3407,6,5.8832,8,nan,0,0,0
g3scan,rq4graded,5.5,-1.0,eb1168,0.11675778353879479,tier0,0,2.4,0,0.37,20000,0.9465,0.0535,0.0,13.015,0.0001,0.429,8.1259,3.3903,3.2671,6,5.6823,8,nan,0,0,0
g3scan,rq4graded,5.5,-1.0,eb1168,0.11675778353879479,tier0,0,2.4,0,0.38,20000,0.9465,0.0535,0.0,12.806,0.0001,0.267,7.9173,3.3182,3.1988,6,5.5009,8,nan,0,0,0
g3scan,rq4graded,5.5,-1.0,eb1168,0.11675778353879479,tier0,0,2.4,0,0.39,20000,0.9465,0.0535,0.0,12.594,0.0002,0.214,7.7054,2.9904,2.8055,7,5.3236,8,nan,0,0,0
g3scan,rq4graded,5.5,-1.0,eb1168,0.11675778353879479,tier0,0,2.4,0,0.4,20000,0.9465,0.0535,0.0,12.382,0.0003,0.182,7.494,2.9273,2.7477,7,5.1563,8,nan,0,0,0
g3scan,rq4graded,5.5,-1.0,eb1168,0.11675778353879479,tier0,0,2.4,0,0.41,20000,0.9465,0.0535,0.0001,12.169,0.0004,0.14,7.2814,2.8669,2.6924,7,4.9939,8,nan,0,0,0
g3scan,rq4graded,5.5,-1.0,eb1168,0.11675778353879479,tier0,0,2.4,0,0.42,20000,0.9465,0.0535,0.0001,11.958,0.0007,0.152,7.071,2.8082,2.6392,7,4.8419,8,0.9976,0,0,0
g3scan,rq4graded,5.5,-1.0,eb1168,0.11675778353879479,tier0,0,2.4,0,0.43,20000,0.9465,0.0535,0.0001,11.746,0.0015,0.22,6.8588,2.7517,2.5879,7,4.6887,8,0.9795,0,0,0
g3scan,rq4graded,5.5,-1.0,eb1168,0.11675778353879479,tier0,0,2.4,0,0.44,20000,0.9465,0.0535,0.0002,11.535,0.0026,0.277,6.6485,2.6953,2.5365,7,4.548,8,0.9623,0,0,0
g3scan,rq4graded,5.5,-1.0,eb1168,0.11675778353879479,tier0,0,2.4,0,0.45,20000,0.9465,0.0535,0.0004,11.326,0.004,0.317,6.4414,2.6412,2.4871,7,4.4144,8,0.9479,0,0,0
g3scan,rq4graded,5.5,-1.0,eb1168,0.11675778353879479,tier0,0,2.4,0,0.46,20000,0.9465,0.0535,0.0007,11.118,0.0063,0.39,6.2368,2.5889,2.4391,7,4.2862,8,0.9333,0,0,0
g3scan,rq4graded,5.5,-1.0,eb1168,0.11675778353879479,tier0,0,2.4,0,0.47,20000,0.9465,0.0535,0.001,10.913,0.0092,0.444,6.0359,2.5377,2.3918,7,4.1646,8,0.9211,0,0,0
g3scan,rq4graded,5.5,-1.0,eb1168,0.11675778353879479,tier0,0,2.4,0,0.48,20000,0.9465,0.0535,0.0018,10.708,0.0126,0.493,5.839,2.4879,2.3462,7,4.0451,8,0.9075,0,0,0
g3scan,rq4graded,5.5,-1.0,eb1168,0.11675778353879479,tier0,0,2.4,0,0.49,20000,0.9465,0.0535,0.0031,10.508,0.0161,0.532,5.6513,2.4392,2.3018,7,3.9361,8,0.8946,0,0,0
g3scan,rq4graded,5.5,-1.0,eb1168,0.11675778353879479,tier0,0,2.4,0,0.5,20000,0.9465,0.0535,0.0047,10.31,0.0205,0.554,5.4702,2.3934,2.2594,7,3.8309,8,0.8808,0,0,0
g3scan,rq4graded,5.5,-1.0,eb1168,0.11675778353879479,tier0,0,2.4,0,0.51,20000,0.9465,0.0535,0.007,10.111,0.0258,0.628,5.293,2.3475,2.2171,7,3.7271,8,0.8667,0,0,0
g3scan,rq4graded,5.5,-1.0,eb1168,0.11675778353879479,tier0,0,2.4,0,0.52,20000,0.9465,0.0535,0.0098,9.917,0.0316,0.69,5.1265,2.3028,2.1759,7,3.63,8,0.8536,0,0,0
g3scan,rq4graded,5.5,-1.0,eb1168,0.11675778353879479,tier0,0,3.2,0,0.17,20000,0.9465,0.0535,0.0,15.616,0.0,nan,10.7276,nan,nan,0,9.297,7,nan,0,0,0
g3scan,rq4graded,5.5,-1.0,eb1168,0.11675778353879479,tier0,0,3.2,0,0.18,20000,0.9465,0.0535,0.0,15.301,0.0,nan,10.4123,nan,nan,0,8.6329,8,nan,0,0,0
g3scan,rq4graded,5.5,-1.0,eb1168,0.11675778353879479,tier0,0,3.2,0,0.19,20000,0.9465,0.0535,0.0,14.987,0.0,nan,10.0987,nan,nan,0,8.0267,8,nan,0,0,0
g3scan,rq4graded,5.5,-1.0,eb1168,0.11675778353879479,tier0,0,3.2,0,0.2,20000,0.9465,0.0535,0.0,14.677,0.0,nan,9.7882,nan,nan,0,7.4822,8,nan,0,0,0
g3scan,rq4graded,5.5,-1.0,eb1168,0.11675778353879479,tier0,0,3.2,0,0.21,20000,0.9465,0.0535,0.0,14.364,0.0,nan,9.4757,6.3123,6.3123,1,6.9767,8,nan,0,0,0
g3scan,rq4graded,5.5,-1.0,eb1168,0.11675778353879479,tier0,0,3.2,0,0.22,20000,0.9465,0.0535,0.0,14.054,0.0,nan,9.1653,6.025,6.025,1,6.5146,8,nan,0,0,0
g3scan,rq4graded,5.5,-1.0,eb1168,0.11675778353879479,tier0,0,3.2,0,0.23,20000,0.9465,0.0535,0.0,13.74,0.0,nan,8.8514,5.4497,5.4386,2,6.088,8,nan,0,0,0
g3scan,rq4graded,5.5,-1.0,eb1168,0.11675778353879479,tier0,0,3.2,0,0.24,20000,0.9465,0.0535,0.0,13.429,0.0,nan,8.5402,5.2225,5.2118,2,5.6969,8,nan,0,0,0
g3scan,rq4graded,5.5,-1.0,eb1168,0.11675778353879479,tier0,0,3.2,0,0.25,20000,0.9465,0.0535,0.0,13.12,0.0,nan,8.2315,4.7449,4.7225,3,5.3427,8,nan,0,0,0
g3scan,rq4graded,5.5,-1.0,eb1168,0.11675778353879479,tier0,0,3.2,0,0.26,20000,0.9465,0.0535,0.0,12.807,0.0,nan,7.9179,4.3013,4.2611,4,5.0124,8,nan,0,0,0
g3scan,rq4graded,5.5,-1.0,eb1168,0.11675778353879479,tier0,0,3.2,0,0.27,20000,0.9465,0.0535,0.0,12.496,0.0,nan,7.6075,4.1356,4.0975,4,4.7095,8,nan,0,0,0
g3scan,rq4graded,5.5,-1.0,eb1168,0.11675778353879479,tier0,0,3.2,0,0.28,20000,0.9465,0.0535,0.0,12.186,0.0,nan,7.2973,3.7379,3.6752,5,4.4343,8,nan,0,0,0
g3scan,rq4graded,5.5,-1.0,eb1168,0.11675778353879479,tier0,0,3.2,0,0.29,20000,0.9465,0.0535,0.0,11.877,0.0,0.0,6.9879,3.5982,3.5393,5,4.1806,8,nan,0,0,0
g3scan,rq4graded,5.5,-1.0,eb1168,0.11675778353879479,tier0,0,3.2,0,0.3,20000,0.9465,0.0535,0.0,11.564,0.0,0.0,6.6755,3.236,3.1435,6,3.9416,8,nan,0,0,0
g3scan,rq4graded,5.5,-1.0,eb1168,0.11675778353879479,tier0,0,3.2,0,0.31,20000,0.9465,0.0535,0.0,11.254,0.0001,0.231,6.365,3.1215,3.0351,6,3.7208,8,nan,0,0,0
g3scan,rq4graded,5.5,-1.0,eb1168,0.11675778353879479,tier0,0,3.2,0,0.32,20000,0.9465,0.0535,0.0,10.944,0.0001,0.103,6.0554,2.7842,2.6458,7,3.5223,8,nan,0,0,0
g3scan,rq4graded,5.5,-1.0,eb1168,0.11675778353879479,tier0,0,3.2,0,0.33,20000,0.9465,0.0535,0.0,10.636,0.0003,0.087,5.7475,2.686,2.5552,7,3.3368,8,nan,0,0,0
g3scan,rq4graded,5.5,-1.0,eb1168,0.11675778353879479,tier0,0,3.2,0,0.34,20000,0.9465,0.0535,0.0001,10.326,0.0007,0.101,5.4382,2.5914,2.4685,7,3.1651,8,1.0072,0,0,0
g3scan,rq4graded,5.5,-1.0,eb1168,0.11675778353879479,tier0,0,3.2,0,0.35,20000,0.9465,0.0535,0.0001,10.02,0.0016,0.132,5.1328,2.5017,2.3861,7,3.003,8,0.9767,0,0,0
g3scan,rq4graded,5.5,-1.0,eb1168,0.11675778353879479,tier0,0,3.2,0,0.36,20000,0.9465,0.0535,0.0002,9.722,0.004,0.208,4.8344,2.4157,2.3068,7,2.858,8,0.9531,0,0,0
g3scan,rq4graded,5.5,-1.0,eb1168,0.11675778353879479,tier0,0,3.2,0,0.37,20000,0.9465,0.0535,0.0004,9.42,0.0083,0.292,4.5349,2.3313,2.2288,7,2.7205,8,0.9294,0,0,0
g3scan,rq4graded,5.5,-1.0,eb1168,0.11675778353879479,tier0,0,3.2,0,0.38,20000,0.9465,0.0535,0.0008,9.127,0.0146,0.367,4.2459,2.2513,2.1546,7,2.5951,8,0.9094,0,0,0
g3scan,rq4graded,5.5,-1.0,eb1168,0.11675778353879479,tier0,0,3.2,0,0.39,20000,0.9465,0.0535,0.0021,8.838,0.0225,0.435,3.9678,2.1742,2.0829,7,2.4776,8,0.8878,0,0,0
g3scan,rq4graded,5.5,-1.0,eb1168,0.11675778353879479,tier0,0,3.2,0,0.4,20000,0.9465,0.0535,0.0043,8.552,0.0335,0.542,3.7006,2.099,2.0133,7,2.368,8,0.8656,0,0,0
g3scan,rq4graded,5.5,-1.0,eb1168,0.11675778353879479,tier0,0,3.2,0,0.41,20000,0.9465,0.0535,0.0085,8.275,0.0457,0.645,3.4567,2.0287,1.9478,7,2.2643,8,0.8441,0,0,0
g3scan,rq4graded,5.5,-1.0,eb1168,0.11675778353879479,tier0,0,3.2,0,0.42,20000,0.9465,0.0535,0.0144,8.0,0.0599,0.763,3.2279,1.96,1.8834,7,2.1677,8,0.8227,0,0,0
g3scan,rq4graded,5.5,-1.0,eb1168,0.11675778353879479,tier0,0,3.2,0,0.43,20000,0.9465,0.0535,0.022,7.734,0.0739,0.866,3.0199,1.8933,1.8213,7,2.079,8,0.8038,0,0,0
g3scan,rq4graded,5.5,-1.0,eb1168,0.11675778353879479,tier0,0,3.2,0,0.44,20000,0.9465,0.0535,0.033,7.477,0.0872,0.967,2.8434,1.8302,1.7622,7,1.9971,8,0.7841,0,0,0
g3scan,rq4graded,5.5,-1.0,eb1168,0.11675778353879479,tier0,0,3.2,0,0.45,20000,0.9465,0.0535,0.0469,7.224,0.0999,1.065,2.6907,1.7684,1.7043,7,1.9219,8,0.7642,0,0,0
g3scan,rq4graded,5.5,-1.0,eb1168,0.11675778353879479,tier0,0,3.2,0,0.46,20000,0.9465,0.0535,0.0634,6.978,0.1105,1.13,2.5618,1.7087,1.6483,7,1.8498,8,0.7452,0,1,0
g3scan,rq4graded,5.5,-1.0,eb1168,0.11675778353879479,tier0,0,3.2,0,0.47,20000,0.9465,0.0535,0.0811,6.747,0.1192,1.179,2.454,1.653,1.596,7,1.7837,8,0.7273,0,1,0
g3scan,rq4graded,5.5,-1.0,eb1168,0.11675778353879479,tier0,0,3.2,0,0.48,20000,0.9465,0.0535,0.1003,6.521,0.1287,1.26,2.3597,1.5979,1.5443,7,1.7226,8,0.7092,0,1,0
g3scan,rq4graded,5.5,-1.0,eb1168,0.11675778353879479,tier0,0,3.2,0,0.49,20000,0.9465,0.0535,0.1213,6.302,0.1366,1.32,2.2835,1.5438,1.4935,7,1.6644,8,0.6915,0,1,0
g3scan,rq4graded,5.5,-1.0,eb1168,0.11675778353879479,tier0,0,3.2,0,0.5,20000,0.9465,0.0535,0.1444,6.096,0.1407,1.332,2.2365,1.4939,1.4465,7,1.6108,8,0.6743,0,1,0
g3scan,rq4graded,5.5,-1.0,eb1168,0.11675778353879479,tier0,0,3.2,0,0.51,20000,0.9465,0.0535,0.1663,5.893,0.1469,1.36,2.1802,1.4442,1.3996,7,1.5588,8,0.6577,0,1,0
g3scan,rq4graded,5.5,-1.0,eb1168,0.11675778353879479,tier0,0,3.2,0,0.52,20000,0.9465,0.0535,0.1879,5.703,0.1519,1.386,2.1336,1.3963,1.3544,7,1.5118,8,0.6419,0,1,0
g3scan,rq4graded,5.5,-1.0,eb1168,0.11675778353879479,tier0,0,4.8,0,0.17,20000,0.9465,0.0535,0.0,13.047,0.0,nan,8.163,6.4409,6.4409,1,4.8761,8,nan,0,0,0
g3scan,rq4graded,5.5,-1.0,eb1168,0.11675778353879479,tier0,0,4.8,0,0.18,20000,0.9465,0.0535,0.0,12.589,0.0,nan,7.707,5.9125,5.9125,1,4.2912,8,nan,0,0,0
g3scan,rq4graded,5.5,-1.0,eb1168,0.11675778353879479,tier0,0,4.8,0,0.19,20000,0.9465,0.0535,0.0,12.128,0.0,nan,7.2475,5.2391,5.233,2,3.7762,8,nan,0,0,0
g3scan,rq4graded,5.5,-1.0,eb1168,0.11675778353879479,tier0,0,4.8,0,0.2,20000,0.9465,0.0535,0.0,11.668,0.0,nan,6.788,4.6801,4.6687,3,3.3344,8,nan,0,0,0
g3scan,rq4graded,5.5,-1.0,eb1168,0.11675778353879479,tier0,0,4.8,0,0.21,20000,0.9465,0.0535,0.0,11.208,0.0,nan,6.3288,4.3436,4.3344,3,2.956,8,nan,0,0,0
g3scan,rq4graded,5.5,-1.0,eb1168,0.11675778353879479,tier0,0,4.8,0,0.22,20000,0.9465,0.0535,0.0,10.749,0.0,nan,5.8695,3.8675,3.8508,4,2.6284,8,nan,0,0,0
g3scan,rq4graded,5.5,-1.0,eb1168,0.11675778353879479,tier0,0,4.8,0,0.23,20000,0.9465,0.0535,0.0,10.288,0.0,nan,5.4112,3.4234,3.3947,5,2.343,8,nan,0,0,0
g3scan,rq4graded,5.5,-1.0,eb1168,0.11675778353879479,tier0,0,4.8,0,0.24,20000,0.9465,0.0535,0.0,9.826,0.0,0.0,4.9531,3.0121,2.9651,6,2.0975,8,nan,0,0,0
g3scan,rq4graded,5.5,-1.0,eb1168,0.11675778353879479,tier0,0,4.8,0,0.25,20000,0.9465,0.0535,0.0,9.37,0.0,0.0,4.5012,2.8022,2.7619,6,1.8909,8,nan,0,0,0
g3scan,rq4graded,5.5,-1.0,eb1168,0.11675778353879479,tier0,0,4.8,0,0.26,20000,0.9465,0.0535,0.0,8.909,0.0001,0.053,4.0419,2.4426,2.3729,7,1.7061,8,nan,0,0,0
g3scan,rq4graded,5.5,-1.0,eb1168,0.11675778353879479,tier0,0,4.8,0,0.27,20000,0.9465,0.0535,0.0,8.455,0.0002,0.029,3.5901,2.2739,2.2142,7,1.5481,8,nan,0,0,0
g3scan,rq4graded,5.5,-1.0,eb1168,0.11675778353879479,tier0,0,4.8,0,0.28,20000,0.9465,0.0535,0.0,8.009,0.0009,0.047,3.1494,2.118,2.0682,7,1.4143,8,1.0047,0,0,0
g3scan,rq4graded,5.5,-1.0,eb1168,0.11675778353879479,tier0,0,4.8,0,0.29,20000,0.9465,0.0535,0.0001,7.561,0.005,0.116,2.7073,1.9678,1.9263,7,1.2949,8,0.9489,0,0,0
g3scan,rq4graded,5.5,-1.0,eb1168,0.11675778353879479,tier0,0,4.8,0,0.3,20000,0.9465,0.0535,0.0002,7.134,0.016,0.218,2.2859,1.8298,1.7951,7,1.1913,8,0.9109,0,0,0
g3scan,rq4graded,5.5,-1.0,eb1168,0.11675778353879479,tier0,0,4.8,0,0.31,20000,0.9465,0.0535,0.0008,6.717,0.0371,0.362,1.8778,1.6967,1.6684,7,1.1066,8,0.8727,0,1,0
g3scan,rq4graded,5.5,-1.0,eb1168,0.11675778353879479,tier0,0,4.8,0,0.32,20000,0.9465,0.0535,0.0039,6.319,0.0693,0.569,1.5052,1.5761,1.5526,7,1.031,8,0.835,0,1,0
g3scan,rq4graded,5.5,-1.0,eb1168,0.11675778353879479,tier0,0,4.8,0,0.33,20000,0.9465,0.0535,0.0124,5.93,0.1051,0.771,1.1757,1.4611,1.4417,7,0.9618,8,0.7991,0,1,0
g3scan,rq4graded,5.5,-1.0,eb1168,0.11675778353879479,tier0,0,4.8,0,0.34,20000,0.9465,0.0535,0.0287,5.563,0.1414,1.005,0.9161,1.3533,1.3376,7,0.9035,8,0.7637,0,1,0
g3scan,rq4graded,5.5,-1.0,eb1168,0.11675778353879479,tier0,0,4.8,0,0.35,20000,0.9465,0.0535,0.0559,5.211,0.17,1.175,0.7258,1.2541,1.2413,7,0.8483,8,0.7285,0,1,0
g3scan,rq4graded,5.5,-1.0,eb1168,0.11675778353879479,tier0,0,4.8,0,0.36,20000,0.9465,0.0535,0.092,4.876,0.1932,1.307,0.5916,1.1628,1.1523,7,0.7995,8,0.6937,1,1,1
g3scan,rq4graded,5.5,-1.0,eb1168,0.11675778353879479,tier0,0,4.8,0,0.37,20000,0.9465,0.0535,0.1339,4.564,0.2097,1.407,0.5026,1.0788,1.0703,7,0.7552,8,0.6601,1,1,1
g3scan,rq4graded,5.5,-1.0,eb1168,0.11675778353879479,tier0,0,4.8,0,0.38,20000,0.9465,0.0535,0.1789,4.269,0.223,1.501,0.4402,1.0009,0.994,7,0.7149,8,0.6274,1,0,0
g3scan,rq4graded,5.5,-1.0,eb1168,0.11675778353879479,tier0,0,4.8,0,0.39,20000,0.9465,0.0535,0.2247,3.999,0.234,1.601,0.4023,0.9318,0.926,7,0.6791,8,0.5959,1,0,0
g3scan,rq4graded,5.5,-1.0,eb1168,0.11675778353879479,tier0,0,4.8,0,0.4,20000,0.9465,0.0535,0.2706,3.747,0.2394,1.618,0.3809,0.8672,0.8624,7,0.6452,8,0.5661,1,0,0
g3scan,rq4graded,5.5,-1.0,eb1168,0.11675778353879479,tier0,0,4.8,0,0.41,20000,0.9465,0.0535,0.3142,3.518,0.2448,1.658,0.3716,0.8087,0.8046,7,0.6153,8,0.5377,1,0,0
g3scan,rq4graded,5.5,-1.0,eb1168,0.11675778353879479,tier0,0,4.8,0,0.42,20000,0.9465,0.0535,0.3556,3.306,0.2477,1.679,0.374,0.755,0.7515,7,0.5847,8,0.5105,1,0,0
g3scan,rq4graded,5.5,-1.0,eb1168,0.11675778353879479,tier0,0,4.8,0,0.43,20000,0.9465,0.0535,0.3965,3.108,0.2495,1.707,0.3954,0.7063,0.7031,7,0.5563,8,0.4832,1,0,0
g3scan,rq4graded,5.5,-1.0,eb1168,0.11675778353879479,tier0,0,4.8,0,0.44,20000,0.9465,0.0535,0.4333,2.93,0.2513,1.759,0.4156,0.6621,0.6592,7,0.5317,8,0.4579,1,0,0
g3scan,rq4graded,5.5,-1.0,eb1168,0.11675778353879479,tier0,0,4.8,0,0.45,20000,0.9465,0.0535,0.4672,2.766,0.2521,1.808,0.4416,0.6216,0.6188,7,0.5078,8,0.4339,1,0,0
g3scan,rq4graded,5.5,-1.0,eb1168,0.11675778353879479,tier0,0,4.8,0,0.46,20000,0.9465,0.0535,0.4982,2.617,0.2526,1.84,0.4673,0.5857,0.5827,7,0.488,8,0.4113,1,0,0
g3scan,rq4graded,5.5,-1.0,eb1168,0.11675778353879479,tier0,0,4.8,0,0.47,20000,0.9465,0.0535,0.5279,2.478,0.2508,1.782,0.4985,0.5528,0.5496,7,0.4697,8,0.3895,1,0,0
g3scan,rq4graded,5.5,-1.0,eb1168,0.11675778353879479,tier0,0,4.8,0,0.48,20000,0.9465,0.0535,0.5549,2.35,0.2465,1.71,0.5333,0.5225,0.5191,7,0.4495,8,0.3692,1,0,0
g3scan,rq4graded,5.5,-1.0,eb1168,0.11675778353879479,tier0,0,4.8,0,0.49,20000,0.9465,0.0535,0.5805,2.233,0.2437,1.696,0.583,0.4962,0.4925,7,0.4307,8,0.3486,1,0,0
g3scan,rq4graded,5.5,-1.0,eb1168,0.11675778353879479,tier0,0,4.8,0,0.5,20000,0.9465,0.0535,0.6031,2.123,0.2432,1.716,0.6169,0.4713,0.4674,7,0.415,8,0.3293,1,0,0
g3scan,rq4graded,5.5,-1.0,eb1168,0.11675778353879479,tier0,0,4.8,0,0.51,20000,0.9465,0.0535,0.6248,2.019,0.2441,1.768,0.6531,0.4481,0.4439,7,0.4003,8,0.3099,1,0,0
g3scan,rq4graded,5.5,-1.0,eb1168,0.11675778353879479,tier0,0,4.8,0,0.52,20000,0.9465,0.0535,0.6441,1.925,0.2436,1.791,0.6854,0.4273,0.4228,7,0.3861,8,0.2926,1,0,0
g3scan,rq4graded,5.5,-1.0,eb1168,0.11675778353879479,tier0,0,6.4,0,0.17,20000,0.9465,0.0535,0.0,11.272,0.0,nan,6.4226,5.1939,5.1913,2,2.6122,8,nan,0,0,0
g3scan,rq4graded,5.5,-1.0,eb1168,0.11675778353879479,tier0,0,6.4,0,0.18,20000,0.9465,0.0535,0.0,10.712,0.0,nan,5.871,4.5637,4.5601,3,2.1714,8,nan,0,0,0
g3scan,rq4graded,5.5,-1.0,eb1168,0.11675778353879479,tier0,0,6.4,0,0.19,20000,0.9465,0.0535,0.0,10.146,0.0,nan,5.3151,4.087,4.0849,3,1.8043,8,nan,0,0,0
g3scan,rq4graded,5.5,-1.0,eb1168,0.11675778353879479,tier0,0,6.4,0,0.2,20000,0.9465,0.0535,0.0,9.581,0.0,nan,4.7638,3.5524,3.5483,4,1.5186,8,nan,0,0,0
g3scan,rq4graded,5.5,-1.0,eb1168,0.11675778353879479,tier0,0,6.4,0,0.21,20000,0.9465,0.0535,0.0,9.019,0.0,nan,4.2236,3.0751,3.0666,5,1.2822,8,nan,0,0,0
g3scan,rq4graded,5.5,-1.0,eb1168,0.11675778353879479,tier0,0,6.4,0,0.22,20000,0.9465,0.0535,0.0,8.452,0.0,nan,3.6848,2.6378,2.6216,6,1.097,8,nan,0,0,0
g3scan,rq4graded,5.5,-1.0,eb1168,0.11675778353879479,tier0,0,6.4,0,0.23,20000,0.9465,0.0535,0.0,7.89,0.0,0.0,3.1626,2.3577,2.3474,6,0.9515,8,nan,0,0,0
g3scan,rq4graded,5.5,-1.0,eb1168,0.11675778353879479,tier0,0,6.4,0,0.24,20000,0.9465,0.0535,0.0,7.333,0.0001,0.017,2.6547,1.9982,1.974,7,0.837,8,nan,0,0,0
g3scan,rq4graded,5.5,-1.0,eb1168,0.11675778353879479,tier0,0,6.4,0,0.25,20000,0.9465,0.0535,0.0,6.786,0.0005,0.018,2.1807,1.7821,1.7654,7,0.7431,8,nan,0,1,0
g3scan,rq4graded,5.5,-1.0,eb1168,0.11675778353879479,tier0,0,6.4,0,0.26,20000,0.9465,0.0535,0.0,6.254,0.0057,0.074,1.7486,1.584,1.5722,7,0.6652,8,0.9478,0,1,0
g3scan,rq4graded,5.5,-1.0,eb1168,0.11675778353879479,tier0,0,6.4,0,0.27,20000,0.9465,0.0535,0.0001,5.749,0.0266,0.199,1.3738,1.4054,1.3966,7,0.6039,8,0.8908,0,1,0
g3scan,rq4graded,5.5,-1.0,eb1168,0.11675778353879479,tier0,0,6.4,0,0.28,20000,0.9465,0.0535,0.0008,5.262,0.0757,0.446,1.0647,1.2449,1.238,7,0.5515,8,0.8371,0,1,0
g3scan,rq4graded,5.5,-1.0,eb1168,0.11675778353879479,tier0,0,6.4,0,0.29,20000,0.9465,0.0535,0.0073,4.805,0.1411,0.773,0.8445,1.1048,1.0994,7,0.5162,8,0.7872,0,1,0
g3scan,rq4graded,5.5,-1.0,eb1168,0.11675778353879479,tier0,0,6.4,0,0.3,20000,0.9465,0.0535,0.0284,4.374,0.2029,1.091,0.7529,0.9803,0.9762,7,0.4964,7,0.7386,1,0,0
g3scan,rq4graded,5.5,-1.0,eb1168,0.11675778353879479,tier0,0,6.4,0,0.31,20000,0.9465,0.0535,0.0735,3.97,0.2483,1.352,0.7689,0.8721,0.8689,7,0.4561,7,0.688,1,0,0
g3scan,rq4graded,5.5,-1.0,eb1168,0.11675778353879479,tier0,0,6.4,0,0.32,20000,0.9465,0.0535,0.1355,3.591,0.2805,1.573,0.7944,0.7781,0.776,7,0.4198,7,0.6374,1,0,0
g3scan,rq4graded,5.5,-1.0,eb1168,0.11675778353879479,tier0,0,6.4,0,0.33,20000,0.9465,0.0535,0.206,3.246,0.2995,1.706,0.8213,0.6966,0.6953,7,0.3893,7,0.5892,1,0,0
g3scan,rq4graded,5.5,-1.0,eb1168,0.11675778353879479,tier0,0,6.4,0,0.34,20000,0.9465,0.0535,0.2773,2.936,0.3107,1.795,0.8266,0.6261,0.6253,7,0.3658,7,0.5433,0,0,0
g3scan,rq4graded,5.5,-1.0,eb1168,0.11675778353879479,tier0,0,6.4,0,0.35,20000,0.9465,0.0535,0.3453,2.66,0.3173,1.889,0.8251,0.5652,0.5649,7,0.3478,7,0.4997,0,0,0
g3scan,rq4graded,5.5,-1.0,eb1168,0.11675778353879479,tier0,0,6.4,0,0.36,20000,0.9465,0.0535,0.4094,2.416,0.3193,1.951,0.7979,0.5129,0.5127,7,0.3344,7,0.458,0,0,0
g3scan,rq4graded,5.5,-1.0,eb1168,0.11675778353879479,tier0,0,6.4,0,0.37,20000,0.9465,0.0535,0.4659,2.2,0.3207,1.964,0.7694,0.4665,0.4663,7,0.3134,6,0.4191,0,0,0
g3scan,rq4graded,5.5,-1.0,eb1168,0.11675778353879479,tier0,0,6.4,0,0.38,20000,0.9465,0.0535,0.5153,2.011,0.3169,1.898,0.7403,0.4268,0.4265,7,0.2905,6,0.3843,0,0,0
g3scan,rq4graded,5.5,-1.0,eb1168,0.11675778353879479,tier0,0,6.4,0,0.39,20000,0.9465,0.0535,0.5613,1.842,0.3123,1.882,0.6892,0.3929,0.3924,7,0.271,6,0.3497,0,0,0
g3scan,rq4graded,5.5,-1.0,eb1168,0.11675778353879479,tier0,0,6.4,0,0.4,20000,0.9465,0.0535,0.6009,1.692,0.311,1.949,0.6493,0.3629,0.3621,7,0.2566,6,0.3173,0,0,0
g3scan,rq4graded,5.5,-1.0,eb1168,0.11675778353879479,tier0,0,6.4,0,0.41,20000,0.9465,0.0535,0.6358,1.56,0.3104,2.046,0.605,0.3359,0.3348,7,0.2451,6,0.2873,0,0,0
g3scan,rq4graded,5.5,-1.0,eb1168,0.11675778353879479,tier0,0,6.4,0,0.42,20000,0.9465,0.0535,0.6646,1.444,0.309,2.041,0.5852,0.3129,0.3116,7,0.2448,6,0.2616,0,0,0
g3scan,rq4graded,5.5,-1.0,eb1168,0.11675778353879479,tier0,0,6.4,0,0.43,20000,0.9465,0.0535,0.6912,1.338,0.3038,1.981,0.5691,0.2919,0.2905,7,0.2386,6,0.238,0,0,0
g3scan,rq4graded,5.5,-1.0,eb1168,0.11675778353879479,tier0,0,6.4,0,0.44,20000,0.9465,0.0535,0.7172,1.241,0.2941,1.956,0.5491,0.2734,0.2719,7,0.2095,5,0.2154,1,0,0
g3scan,rq4graded,5.5,-1.0,eb1168,0.11675778353879479,tier0,0,6.4,0,0.45,20000,0.9465,0.0535,0.7389,1.157,0.2862,1.91,0.5488,0.2579,0.2562,7,0.1979,5,0.1959,1,0,0
g3scan,rq4graded,5.5,-1.0,eb1168,0.11675778353879479,tier0,0,6.4,0,0.46,20000,0.9465,0.0535,0.7576,1.08,0.286,2.015,0.556,0.2431,0.2414,7,0.1883,5,0.1788,1,0,0
g3scan,rq4graded,5.5,-1.0,eb1168,0.11675778353879479,tier0,0,6.4,0,0.47,20000,0.9465,0.0535,0.7749,1.007,0.28,1.934,0.5802,0.229,0.2272,7,0.1783,5,0.1648,1,0,0
g3scan,rq4graded,5.5,-1.0,eb1168,0.11675778353879479,tier0,0,6.4,0,0.48,20000,0.9465,0.0535,0.7895,0.944,0.2731,1.856,0.612,0.2164,0.2146,7,0.1792,5,0.1532,1,0,0
g3scan,rq4graded,5.5,-1.0,eb1168,0.11675778353879479,tier0,0,6.4,0,0.49,20000,0.9465,0.0535,0.8027,0.886,0.2701,1.826,0.6337,0.2058,0.204,7,0.1764,5,0.1425,1,0,0
g3scan,rq4graded,5.5,-1.0,eb1168,0.11675778353879479,tier0,0,6.4,0,0.5,20000,0.9465,0.0535,0.8148,0.832,0.2678,1.84,0.6571,0.1954,0.1936,7,0.1535,4,0.133,1,0,0
g3scan,rq4graded,5.5,-1.0,eb1168,0.11675778353879479,tier0,0,6.4,0,0.51,20000,0.9465,0.0535,0.8268,0.78,0.2622,1.828,0.6983,0.1852,0.1835,7,0.149,4,0.124,1,0,0
g3scan,rq4graded,5.5,-1.0,eb1168,0.11675778353879479,tier0,0,6.4,0,0.52,20000,0.9465,0.0535,0.8367,0.736,0.2578,1.767,0.7312,0.1764,0.1748,7,0.1428,4,0.1165,1,0,0
g3scan,rq4graded,5.5,-1.0,eb1168,0.11675778353879479,tier0,0,9.6,1,0.17,20000,0.9465,0.0535,0.0,9.031,0.0,nan,4.5062,3.7321,3.7298,3,0.9083,7,nan,0,0,0
g3scan,rq4graded,5.5,-1.0,eb1168,0.11675778353879479,tier0,0,9.6,1,0.18,20000,0.9465,0.0535,0.0,8.332,0.0,nan,3.9165,3.094,3.0866,4,0.6979,7,nan,0,0,0
g3scan,rq4graded,5.5,-1.0,eb1168,0.11675778353879479,tier0,0,9.6,1,0.19,20000,0.9465,0.0535,0.0,7.635,0.0,nan,3.365,2.5389,2.5247,5,0.6116,6,nan,0,0,0
g3scan,rq4graded,5.5,-1.0,eb1168,0.11675778353879479,tier0,0,9.6,1,0.2,20000,0.9465,0.0535,0.0,6.944,0.0,nan,2.8499,2.0632,2.0419,6,0.4994,6,nan,0,1,0
g3scan,rq4graded,5.5,-1.0,eb1168,0.11675778353879479,tier0,0,9.6,1,0.21,20000,0.9465,0.0535,0.0,6.242,0.0,0.0,2.372,1.6523,1.625,7,0.4144,6,nan,0,1,0
g3scan,rq4graded,5.5,-1.0,eb1168,0.11675778353879479,tier0,0,9.6,1,0.22,20000,0.9465,0.0535,0.0,5.578,0.0001,0.002,1.9666,1.3575,1.3283,7,0.3719,6,nan,0,1,0
g3scan,rq4graded,5.5,-1.0,eb1168,0.11675778353879479,tier0,0,9.6,1,0.23,20000,0.9465,0.0535,0.0,4.939,0.0021,0.017,1.6766,1.1121,1.0829,7,0.3226,5,0.9771,0,1,0
g3scan,rq4graded,5.5,-1.0,eb1168,0.11675778353879479,tier0,0,9.6,1,0.24,20000,0.9465,0.0535,0.0,4.343,0.0371,0.156,1.5206,0.911,0.8856,7,0.2735,5,0.8766,0,0,0
g3scan,rq4graded,5.5,-1.0,eb1168,0.11675778353879479,tier0,0,9.6,1,0.25,20000,0.9465,0.0535,0.0003,3.78,0.1461,0.544,1.5113,0.7467,0.726,7,0.2504,5,0.7948,0,0,0
g3scan,rq4graded,5.5,-1.0,eb1168,0.11675778353879479,tier0,0,9.6,1,0.26,20000,0.9465,0.0535,0.01,3.28,0.277,1.118,1.6427,0.6147,0.5994,7,0.219,4,0.7258,1,0,0
g3scan,rq4graded,5.5,-1.0,eb1168,0.11675778353879479,tier0,0,9.6,1,0.27,20000,0.9465,0.0535,0.068,2.817,0.3712,1.686,1.8663,0.5084,0.4977,7,0.1905,4,0.6506,0,0,0
g3scan,rq4graded,5.5,-1.0,eb1168,0.11675778353879479,tier0,0,9.6,1,0.28,20000,0.9465,0.0535,0.1792,2.387,0.415,2.051,1.9807,0.4246,0.4175,7,0.1711,4,0.5713,0,0,0
g3scan,rq4graded,5.5,-1.0,eb1168,0.11675778353879479,tier0,0,9.6,1,0.29,20000,0.9465,0.0535,0.3038,2.004,0.4349,2.252,2.0103,0.3579,0.3539,7,0.1731,4,0.4938,0,0,0
g3scan,rq4graded,5.5,-1.0,eb1168,0.11675778353879479,tier0,0,9.6,1,0.3,20000,0.9465,0.0535,0.4206,1.686,0.4333,2.281,1.9781,0.305,0.3027,7,0.1381,3,0.4221,0,0,0
g3scan,rq4graded,5.5,-1.0,eb1168,0.11675778353879479,tier0,0,9.6,1,0.31,20000,0.9465,0.0535,0.5153,1.426,0.4335,2.407,1.9456,0.2627,0.2613,7,0.1257,3,0.3569,0,0,0
g3scan,rq4graded,5.5,-1.0,eb1168,0.11675778353879479,tier0,0,9.6,1,0.32,20000,0.9465,0.0535,0.5953,1.211,0.4265,2.414,1.8952,0.2281,0.2274,7,0.133,3,0.2974,0,0,0
g3scan,rq4graded,5.5,-1.0,eb1168,0.11675778353879479,tier0,0,9.6,1,0.33,20000,0.9465,0.0535,0.6579,1.042,0.4151,2.407,1.8436,0.2004,0.1996,7,0.1019,2,0.2477,0,0,0
g3scan,rq4graded,5.5,-1.0,eb1168,0.11675778353879479,tier0,0,9.6,1,0.34,20000,0.9465,0.0535,0.7083,0.898,0.4048,2.373,1.8082,0.1766,0.1759,7,0.0912,2,0.2064,0,0,0
g3scan,rq4graded,5.5,-1.0,eb1168,0.11675778353879479,tier0,0,9.6,1,0.35,20000,0.9465,0.0535,0.7503,0.781,0.3873,2.205,1.7608,0.1577,0.157,7,0.0969,2,0.173,0,0,0
g3scan,rq4graded,5.5,-1.0,eb1168,0.11675778353879479,tier0,0,9.6,1,0.36,20000,0.9465,0.0535,0.7833,0.682,0.377,2.146,1.7434,0.1402,0.1396,7,0.1251,2,0.1477,0,0,0
g3scan,rq4graded,5.5,-1.0,eb1168,0.11675778353879479,tier0,0,9.6,1,0.37,20000,0.9465,0.0535,0.8095,0.599,0.3693,2.075,1.7465,0.1256,0.125,7,0.078,1,0.1286,0,0,0
g3scan,rq4graded,5.5,-1.0,eb1168,0.11675778353879479,tier0,0,9.6,1,0.38,20000,0.9465,0.0535,0.8328,0.526,0.3593,1.94,1.7436,0.1132,0.1127,7,0.0802,1,0.1125,0,0,0
g3scan,rq4graded,5.5,-1.0,eb1168,0.11675778353879479,tier0,0,9.6,1,0.39,20000,0.9465,0.0535,0.8506,0.464,0.3594,1.991,1.7829,0.101,0.1003,7,0.1182,1,0.1004,0,0,0
g3scan,rq4graded,5.5,-1.0,eb1168,0.11675778353879479,tier0,0,9.6,1,0.4,20000,0.9465,0.0535,0.866,0.412,0.359,2.051,1.8123,0.0911,0.0903,7,nan,0,0.0904,0,0,0
g3scan,rq4graded,5.5,-1.0,eb1168,0.11675778353879479,tier0,0,9.6,1,0.41,20000,0.9465,0.0535,0.8794,0.364,0.3661,2.166,1.8696,0.082,0.0812,7,nan,0,0.0816,0,0,0
g3scan,rq4graded,5.5,-1.0,eb1168,0.11675778353879479,tier0,0,9.6,1,0.42,20000,0.9465,0.0535,0.8914,0.323,0.3598,2.008,1.9176,0.0737,0.0729,7,nan,0,0.0743,0,0,0
g3scan,rq4graded,5.5,-1.0,eb1168,0.11675778353879479,tier0,0,9.6,1,0.43,20000,0.9465,0.0535,0.9017,0.288,0.3495,1.822,1.9571,0.0665,0.0656,7,nan,0,0.0682,0,0,0
g3scan,rq4graded,5.5,-1.0,eb1168,0.11675778353879479,tier0,0,9.6,1,0.44,20000,0.9465,0.0535,0.9112,0.255,0.3517,1.838,2.0157,0.0615,0.0611,7,nan,0,0.062,0,0,0
g3scan,rq4graded,5.5,-1.0,eb1168,0.11675778353879479,tier0,0,9.6,1,0.45,20000,0.9465,0.0535,0.9196,0.226,0.3536,1.811,2.0786,0.0572,0.0569,7,nan,0,0.0564,0,0,0
g3scan,rq4graded,5.5,-1.0,eb1168,0.11675778353879479,tier0,0,9.6,1,0.46,20000,0.9465,0.0535,0.9269,0.201,0.3542,1.747,2.1355,0.0567,0.0553,7,nan,0,0.0517,0,0,0
g3scan,rq4graded,5.5,-1.0,eb1168,0.11675778353879479,tier0,0,9.6,1,0.47,20000,0.9465,0.0535,0.9326,0.179,0.3617,1.654,2.2339,0.0474,0.0472,6,nan,0,0.0478,0,0,0
g3scan,rq4graded,5.5,-1.0,eb1168,0.11675778353879479,tier0,0,9.6,1,0.48,20000,0.9465,0.0535,0.938,0.159,0.3755,1.721,2.3273,0.0447,0.0446,6,nan,0,0.0443,0,0,0
g3scan,rq4graded,5.5,-1.0,eb1168,0.11675778353879479,tier0,0,9.6,1,0.49,20000,0.9465,0.0535,0.9432,0.142,0.3854,1.814,2.394,0.0434,0.0429,6,nan,0,0.0413,0,0,0
g3scan,rq4graded,5.5,-1.0,eb1168,0.11675778353879479,tier0,0,9.6,1,0.5,20000,0.9465,0.0535,0.9484,0.124,0.398,1.861,2.4789,0.037,0.0369,5,nan,0,0.0383,0,0,0
g3scan,rq4graded,5.5,-1.0,eb1168,0.11675778353879479,tier0,0,9.6,1,0.51,20000,0.9465,0.0535,0.9527,0.109,0.4179,1.963,2.5741,0.035,0.0349,5,nan,0,0.0351,0,0,0
g3scan,rq4graded,5.5,-1.0,eb1168,0.11675778353879479,tier0,0,9.6,1,0.52,20000,0.9465,0.0535,0.9567,0.097,0.4277,1.975,2.6513,0.0339,0.0335,5,nan,0,0.0327,0,0,0
g3scan,rq4graded,5.5,-1.0,eb1168,0.11675778353879479,tier0,0,12.8,1,0.17,20000,0.9465,0.0535,0.0,7.684,0.0,nan,3.7114,2.7501,2.7051,4,0.4518,5,nan,0,0,0
g3scan,rq4graded,5.5,-1.0,eb1168,0.11675778353879479,tier0,0,12.8,1,0.18,20000,0.9465,0.0535,0.0,6.909,0.0,nan,3.1857,2.1476,2.0737,5,0.3506,5,nan,0,1,0
g3scan,rq4graded,5.5,-1.0,eb1168,0.11675778353879479,tier0,0,12.8,1,0.19,20000,0.9465,0.0535,0.0,6.132,0.0,nan,2.7128,1.6702,1.586,6,0.2899,4,nan,0,1,0
g3scan,rq4graded,5.5,-1.0,eb1168,0.11675778353879479,tier0,0,12.8,1,0.2,20000,0.9465,0.0535,0.0,5.358,0.0,0.0,2.3004,1.2908,1.2137,7,0.2285,4,nan,0,1,0
g3scan,rq4graded,5.5,-1.0,eb1168,0.11675778353879479,tier0,0,12.8,1,0.21,20000,0.9465,0.0535,0.0,4.641,0.0,0.0,2.0292,0.9883,0.9179,7,0.1979,3,nan,0,1,0
g3scan,rq4graded,5.5,-1.0,eb1168,0.11675778353879479,tier0,0,12.8,1,0.22,20000,0.9465,0.0535,0.0,3.968,0.0059,0.024,1.9215,0.757,0.6989,7,0.1567,3,0.9465,0,0,0
g3scan,rq4graded,5.5,-1.0,eb1168,0.11675778353879479,tier0,0,12.8,1,0.23,20000,0.9465,0.0535,0.0,3.353,0.1051,0.299,1.9464,0.5793,0.5354,7,0.1467,3,0.8192,0,0,0
g3scan,rq4graded,5.5,-1.0,eb1168,0.11675778353879479,tier0,0,12.8,1,0.24,20000,0.9465,0.0535,0.0007,2.782,0.3011,0.995,2.1228,0.4407,0.4101,7,0.1128,2,0.7252,0,0,0
g3scan,rq4graded,5.5,-1.0,eb1168,0.11675778353879479,tier0,0,12.8,1,0.25,20000,0.9465,0.0535,0.0398,2.31,0.4582,1.955,2.4834,0.3403,0.3205,7,0.0983,2,0.6385,0,0,0
g3scan,rq4graded,5.5,-1.0,eb1168,0.11675778353879479,tier0,0,12.8,1,0.26,20000,0.9465,0.0535,0.1891,1.841,0.5211,2.578,2.6177,0.2639,0.251,7,0.0773,1,0.5331,0,0,0
g3scan,rq4graded,5.5,-1.0,eb1168,0.11675778353879479,tier0,0,12.8,1,0.27,20000,0.9465,0.0535,0.3681,1.435,0.5315,2.812,2.618,0.2093,0.2011,7,0.0787,1,0.4282,0,0,0
g3scan,rq4graded,5.5,-1.0,eb1168,0.11675778353879479,tier0,0,12.8,1,0.28,20000,0.9465,0.0535,0.5155,1.117,0.5284,2.975,2.5834,0.168,0.1622,7,0.1267,1,0.3334,0,0,0
g3scan,rq4graded,5.5,-1.0,eb1168,0.11675778353879479,tier0,0,12.8,1,0.29,20000,0.9465,0.0535,0.6281,0.879,0.5071,2.806,2.5262,0.1379,0.1334,7,nan,0,0.2544,0,0,0
g3scan,rq4graded,5.5,-1.0,eb1168,0.11675778353879479,tier0,0,12.8,1,0.3,20000,0.9465,0.0535,0.7077,0.702,0.4895,2.675,2.488,0.1136,0.1094,7,nan,0,0.1944,0,0,0
g3scan,rq4graded,5.5,-1.0,eb1168,0.11675778353879479,tier0,0,12.8,1,0.31,20000,0.9465,0.0535,0.7682,0.564,0.4672,2.422,2.4568,0.0952,0.0914,7,nan,0,0.1499,0,0,0
g3scan,rq4graded,5.5,-1.0,eb1168,0.11675778353879479,tier0,0,12.8,1,0.32,20000,0.9465,0.0535,0.8105,0.459,0.4553,2.358,2.4636,0.0808,0.0781,7,nan,0,0.121,0,0,0
g3scan,rq4graded,5.5,-1.0,eb1168,0.11675778353879479,tier0,0,12.8,1,0.33,20000,0.9465,0.0535,0.8435,0.377,0.4487,2.335,2.4787,0.0739,0.0721,7,nan,0,0.0996,0,0,0
g3scan,rq4graded,5.5,-1.0,eb1168,0.11675778353879479,tier0,0,12.8,1,0.34,20000,0.9465,0.0535,0.8683,0.31,0.4514,2.347,2.5389,0.0615,0.0602,6,nan,0,0.0843,0,0,0
g3scan,rq4graded,5.5,-1.0,eb1168,0.11675778353879479,tier0,0,12.8,1,0.35,20000,0.9465,0.0535,0.8886,0.257,0.4392,2.095,2.5773,0.0551,0.0544,6,nan,0,0.0727,0,0,0
g3scan,rq4graded,5.5,-1.0,eb1168,0.11675778353879479,tier0,0,12.8,1,0.36,20000,0.9465,0.0535,0.9049,0.212,0.4461,2.07,2.657,0.0471,0.0461,5,nan,0,0.0623,0,0,0
g3scan,rq4graded,5.5,-1.0,eb1168,0.11675778353879479,tier0,0,12.8,1,0.37,20000,0.9465,0.0535,0.9192,0.175,0.4444,1.886,2.7246,0.0416,0.0412,5,nan,0,0.0541,0,0,0
g3scan,rq4graded,5.5,-1.0,eb1168,0.11675778353879479,tier0,0,12.8,1,0.38,20000,0.9465,0.0535,0.9305,0.144,0.4584,1.972,2.815,0.0408,0.0399,5,nan,0,0.0467,0,0,0
g3scan,rq4graded,5.5,-1.0,eb1168,0.11675778353879479,tier0,0,12.8,1,0.39,20000,0.9465,0.0535,0.9395,0.119,0.4803,2.011,2.9196,0.0319,0.0317,4,nan,0,0.0414,0,0,0
g3scan,rq4graded,5.5,-1.0,eb1168,0.11675778353879479,tier0,0,12.8,1,0.4,20000,0.9465,0.0535,0.9479,0.098,0.5048,2.187,3.0124,0.0299,0.0297,4,nan,0,0.0364,0,0,0
g3scan,rq4graded,5.5,-1.0,eb1168,0.11675778353879479,tier0,0,12.8,1,0.41,20000,0.9465,0.0535,0.955,0.08,0.515,1.96,3.1068,0.0241,0.0239,3,nan,0,0.032,0,0,0
g3scan,rq4graded,5.5,-1.0,eb1168,0.11675778353879479,tier0,0,12.8,1,0.42,20000,0.9465,0.0535,0.9613,0.065,0.5488,2.133,3.2006,0.0231,0.0231,3,nan,0,0.0279,0,0,0
g3scan,rq4graded,5.5,-1.0,eb1168,0.11675778353879479,tier0,0,12.8,1,0.43,20000,0.9465,0.0535,0.9669,0.053,0.5686,2.02,3.2866,0.0256,0.0243,3,nan,0,0.0245,0,0,0
g3scan,rq4graded,5.5,-1.0,eb1168,0.11675778353879479,tier0,0,12.8,1,0.44,20000,0.9465,0.0535,0.9726,0.042,0.5975,2.043,3.3626,0.0177,0.0177,2,nan,0,0.021,0,0,0
g3scan,rq4graded,5.5,-1.0,eb1168,0.11675778353879479,tier0,0,12.8,1,0.45,20000,0.9465,0.0535,0.9763,0.034,0.6544,2.348,3.4706,0.0168,0.0167,2,nan,0,0.0187,0,0,0
g3scan,rq4graded,5.5,-1.0,eb1168,0.11675778353879479,tier0,0,12.8,1,0.46,20000,0.9465,0.0535,0.9804,0.026,0.7089,2.768,3.5611,0.0205,0.019,2,nan,0,0.0165,0,0,0
g3scan,rq4graded,5.5,-1.0,eb1168,0.11675778353879479,tier0,0,12.8,1,0.47,20000,0.9465,0.0535,0.9839,0.021,0.7434,3.206,3.6074,0.012,0.012,1,nan,0,0.0146,0,0,0
g3scan,rq4graded,5.5,-1.0,eb1168,0.11675778353879479,tier0,0,12.8,1,0.48,20000,0.9465,0.0535,0.9865,0.016,0.8285,5.247,3.7035,0.0118,0.0118,1,nan,0,0.013,0,0,0
g3scan,rq4graded,5.5,-1.0,eb1168,0.11675778353879479,tier0,0,12.8,1,0.49,20000,0.9465,0.0535,0.9897,0.012,0.8718,6.939,3.7579,0.0132,0.0132,1,nan,0,0.0111,0,0,0
g3scan,rq4graded,5.5,-1.0,eb1168,0.11675778353879479,tier0,0,12.8,1,0.5,20000,0.9465,0.0535,0.9919,0.009,0.9213,11.708,3.8099,0.022,0.022,1,nan,0,0.0096,0,0,0
g3scan,rq4graded,5.5,-1.0,eb1168,0.11675778353879479,tier0,0,12.8,1,0.51,20000,0.9465,0.0535,0.9943,0.006,0.9355,14.5,3.8241,nan,nan,0,nan,0,0.0091,0,0,0
g3scan,rq4graded,5.5,-1.0,eb1168,0.11675778353879479,tier0,0,12.8,1,0.52,20000,0.9465,0.0535,0.9957,0.004,0.9571,22.286,3.8457,nan,nan,0,nan,0,0.009,0,0,0
g3scan,rq4graded,5.5,-1.0,eb154,0.154,tier0,1,2.4,0,0.17,20000,0.9239,0.0761,0.0,17.241,0.0,nan,12.3523,nan,nan,0,12.788,5,nan,0,0,0
g3scan,rq4graded,5.5,-1.0,eb154,0.154,tier0,1,2.4,0,0.18,20000,0.9239,0.0761,0.0,17.022,0.0,nan,12.1331,nan,nan,0,12.1042,6,nan,0,0,0
g3scan,rq4graded,5.5,-1.0,eb154,0.154,tier0,1,2.4,0,0.19,20000,0.9239,0.0761,0.0,16.801,0.0,nan,11.9125,nan,nan,0,11.5121,6,nan,0,0,0
g3scan,rq4graded,5.5,-1.0,eb154,0.154,tier0,1,2.4,0,0.2,20000,0.9239,0.0761,0.0,16.581,0.0,nan,11.6927,nan,nan,0,10.8528,7,nan,0,0,0
g3scan,rq4graded,5.5,-1.0,eb154,0.154,tier0,1,2.4,0,0.21,20000,0.9239,0.0761,0.0,16.367,0.0,nan,11.478,nan,nan,0,10.3693,7,nan,0,0,0
g3scan,rq4graded,5.5,-1.0,eb154,0.154,tier0,1,2.4,0,0.22,20000,0.9239,0.0761,0.0,16.148,0.0,nan,11.2591,nan,nan,0,9.7493,8,nan,0,0,0
g3scan,rq4graded,5.5,-1.0,eb154,0.154,tier0,1,2.4,0,0.23,20000,0.9239,0.0761,0.0,15.928,0.0,nan,11.0392,nan,nan,0,9.3314,8,nan,0,0,0
g3scan,rq4graded,5.5,-1.0,eb154,0.154,tier0,1,2.4,0,0.24,20000,0.9239,0.0761,0.0,15.709,0.0,nan,10.8207,nan,nan,0,8.9406,8,nan,0,0,0
g3scan,rq4graded,5.5,-1.0,eb154,0.154,tier0,1,2.4,0,0.25,20000,0.9239,0.0761,0.0,15.489,0.0,nan,10.6006,nan,nan,0,8.57,8,nan,0,0,0
g3scan,rq4graded,5.5,-1.0,eb154,0.154,tier0,1,2.4,0,0.26,20000,0.9239,0.0761,0.0,15.27,0.0,nan,10.3813,6.1172,6.1172,1,8.2186,8,nan,0,0,0
g3scan,rq4graded,5.5,-1.0,eb154,0.154,tier0,1,2.4,0,0.27,20000,0.9239,0.0761,0.0,15.056,0.0,nan,10.167,5.9213,5.9213,1,7.8942,8,nan,0,0,0
g3scan,rq4graded,5.5,-1.0,eb154,0.154,tier0,1,2.4,0,0.28,20000,0.9239,0.0761,0.0,14.837,0.0,nan,9.9486,5.3982,5.3849,2,7.5795,8,nan,0,0,0
g3scan,rq4graded,5.5,-1.0,eb154,0.154,tier0,1,2.4,0,0.29,20000,0.9239,0.0761,0.0,14.62,0.0,nan,9.7314,5.2548,5.2404,2,7.2856,8,nan,0,0,0
g3scan,rq4graded,5.5,-1.0,eb154,0.154,tier0,1,2.4,0,0.3,20000,0.9239,0.0761,0.0,14.403,0.0,nan,9.5146,4.8137,4.7838,3,7.0047,8,nan,0,0,0
g3scan,rq4graded,5.5,-1.0,eb154,0.154,tier0,1,2.4,0,0.31,20000,0.9239,0.0761,0.0,14.185,0.0,nan,9.2961,4.6891,4.6597,3,6.736,8,nan,0,0,0
g3scan,rq4graded,5.5,-1.0,eb154,0.154,tier0,1,2.4,0,0.32,20000,0.9239,0.0761,0.0,13.966,0.0,nan,9.0769,4.2907,4.2394,4,6.4835,8,nan,0,0,0
g3scan,rq4graded,5.5,-1.0,eb154,0.154,tier0,1,2.4,0,0.33,20000,0.9239,0.0761,0.0,13.75,0.0,nan,8.8611,4.1866,4.136,4,6.2461,8,nan,0,0,0
g3scan,rq4graded,5.5,-1.0,eb154,0.154,tier0,1,2.4,0,0.34,20000,0.9239,0.0761,0.0,13.533,0.0,0.0,8.6444,3.8143,3.7322,5,6.0233,8,nan,0,0,0
g3scan,rq4graded,5.5,-1.0,eb154,0.154,tier0,1,2.4,0,0.35,20000,0.9239,0.0761,0.0,13.316,0.0,0.0,8.4278,3.7257,3.6455,5,5.8097,8,nan,0,0,0
g3scan,rq4graded,5.5,-1.0,eb154,0.154,tier0,1,2.4,0,0.36,20000,0.9239,0.0761,0.0,13.098,0.0,0.0,8.2098,3.3828,3.2609,6,5.6023,8,nan,0,0,0
g3scan,rq4graded,5.5,-1.0,eb154,0.154,tier0,1,2.4,0,0.37,20000,0.9239,0.0761,0.0,12.878,0.0001,0.429,7.9897,3.3057,3.1873,6,5.4063,8,nan,0,0,0
g3scan,rq4graded,5.5,-1.0,eb154,0.154,tier0,1,2.4,0,0.38,20000,0.9239,0.0761,0.0,12.664,0.0001,0.286,7.7753,3.2335,3.1186,6,5.2249,8,nan,0,0,0
g3scan,rq4graded,5.5,-1.0,eb154,0.154,tier0,1,2.4,0,0.39,20000,0.9239,0.0761,0.0,12.447,0.0002,0.222,7.5584,2.9132,2.7352,7,5.0505,8,nan,0,0,0
g3scan,rq4graded,5.5,-1.0,eb154,0.154,tier0,1,2.4,0,0.4,20000,0.9239,0.0761,0.0,12.234,0.0002,0.176,7.3462,2.8515,2.679,7,4.8868,8,nan,0,0,0
g3scan,rq4graded,5.5,-1.0,eb154,0.154,tier0,1,2.4,0,0.41,20000,0.9239,0.0761,0.0001,12.019,0.0004,0.15,7.1309,2.7912,2.6235,7,4.7269,8,nan,0,0,0
g3scan,rq4graded,5.5,-1.0,eb154,0.154,tier0,1,2.4,0,0.42,20000,0.9239,0.0761,0.0001,11.803,0.0007,0.153,6.9154,2.7315,2.5694,7,4.5775,8,0.9758,0,0,0
g3scan,rq4graded,5.5,-1.0,eb154,0.154,tier0,1,2.4,0,0.43,20000,0.9239,0.0761,0.0001,11.588,0.0015,0.223,6.7002,2.6754,2.5186,7,4.4312,8,0.9576,0,0,0
g3scan,rq4graded,5.5,-1.0,eb154,0.154,tier0,1,2.4,0,0.44,20000,0.9239,0.0761,0.0002,11.373,0.0025,0.271,6.487,2.6197,2.4677,7,4.2924,8,0.9409,0,0,0
g3scan,rq4graded,5.5,-1.0,eb154,0.154,tier0,1,2.4,0,0.45,20000,0.9239,0.0761,0.0004,11.16,0.0039,0.311,6.2763,2.5655,2.4181,7,4.1604,8,0.9263,0,0,0
g3scan,rq4graded,5.5,-1.0,eb154,0.154,tier0,1,2.4,0,0.46,20000,0.9239,0.0761,0.0007,10.95,0.0063,0.4,6.0684,2.5136,2.3707,7,4.0338,8,0.9113,0,0,0
g3scan,rq4graded,5.5,-1.0,eb154,0.154,tier0,1,2.4,0,0.47,20000,0.9239,0.0761,0.001,10.743,0.0091,0.45,5.865,2.4629,2.3238,7,3.9165,8,0.8997,0,0,0
g3scan,rq4graded,5.5,-1.0,eb154,0.154,tier0,1,2.4,0,0.48,20000,0.9239,0.0761,0.0017,10.533,0.0127,0.505,5.6623,2.413,2.2779,7,3.7993,8,0.8861,0,0,0
g3scan,rq4graded,5.5,-1.0,eb154,0.154,tier0,1,2.4,0,0.49,20000,0.9239,0.0761,0.0031,10.328,0.0159,0.519,5.4712,2.3645,2.2336,7,3.6898,8,0.8731,0,0,0
g3scan,rq4graded,5.5,-1.0,eb154,0.154,tier0,1,2.4,0,0.5,20000,0.9239,0.0761,0.0044,10.127,0.0206,0.564,5.2831,2.3182,2.1909,7,3.5868,8,0.8599,0,0,0
g3scan,rq4graded,5.5,-1.0,eb154,0.154,tier0,1,2.4,0,0.51,20000,0.9239,0.0761,0.007,9.926,0.0257,0.621,5.1071,2.2732,2.1493,7,3.4879,8,0.8453,0,0,0
g3scan,rq4graded,5.5,-1.0,eb154,0.154,tier0,1,2.4,0,0.52,20000,0.9239,0.0761,0.0098,9.73,0.0314,0.689,4.9377,2.2288,2.1085,7,3.3946,8,0.8322,0,0,0
g3scan,rq4graded,5.5,-1.0,eb154,0.154,tier0,1,3.2,0,0.17,20000,0.9239,0.0761,0.0,15.525,0.0,nan,10.6361,nan,nan,0,8.9701,7,nan,0,0,0
g3scan,rq4graded,5.5,-1.0,eb154,0.154,tier0,1,3.2,0,0.18,20000,0.9239,0.0761,0.0,15.208,0.0,nan,10.3194,nan,nan,0,8.3318,8,nan,0,0,0
g3scan,rq4graded,5.5,-1.0,eb154,0.154,tier0,1,3.2,0,0.19,20000,0.9239,0.0761,0.0,14.889,0.0,nan,10.0001,nan,nan,0,7.7299,8,nan,0,0,0
g3scan,rq4graded,5.5,-1.0,eb154,0.154,tier0,1,3.2,0,0.2,20000,0.9239,0.0761,0.0,14.574,0.0,nan,9.685,nan,nan,0,7.1896,8,nan,0,0,0
g3scan,rq4graded,5.5,-1.0,eb154,0.154,tier0,1,3.2,0,0.21,20000,0.9239,0.0761,0.0,14.257,0.0,nan,9.3679,6.1743,6.1743,1,6.69,8,nan,0,0,0
g3scan,rq4graded,5.5,-1.0,eb154,0.154,tier0,1,3.2,0,0.22,20000,0.9239,0.0761,0.0,13.942,0.0,nan,9.0535,5.8877,5.8877,1,6.2354,8,nan,0,0,0
g3scan,rq4graded,5.5,-1.0,eb154,0.154,tier0,1,3.2,0,0.23,20000,0.9239,0.0761,0.0,13.625,0.0,nan,8.7368,5.3277,5.317,2,5.8146,8,nan,0,0,0
g3scan,rq4graded,5.5,-1.0,eb154,0.154,tier0,1,3.2,0,0.24,20000,0.9239,0.0761,0.0,13.31,0.0,nan,8.421,5.1017,5.0913,2,5.4306,8,nan,0,0,0
g3scan,rq4graded,5.5,-1.0,eb154,0.154,tier0,1,3.2,0,0.25,20000,0.9239,0.0761,0.0,12.995,0.0,nan,8.1067,4.6333,4.6118,3,5.0796,8,nan,0,0,0
g3scan,rq4graded,5.5,-1.0,eb154,0.154,tier0,1,3.2,0,0.26,20000,0.9239,0.0761,0.0,12.677,0.0,nan,7.7879,4.1973,4.1588,4,4.7544,8,nan,0,0,0
g3scan,rq4graded,5.5,-1.0,eb154,0.154,tier0,1,3.2,0,0.27,20000,0.9239,0.0761,0.0,12.361,0.0,nan,7.4725,4.0324,3.9961,4,4.4563,8,nan,0,0,0
g3scan,rq4graded,5.5,-1.0,eb154,0.154,tier0,1,3.2,0,0.28,20000,0.9239,0.0761,0.0,12.046,0.0,nan,7.1577,3.6443,3.5846,5,4.1845,8,nan,0,0,0
g3scan,rq4graded,5.5,-1.0,eb154,0.154,tier0,1,3.2,0,0.29,20000,0.9239,0.0761,0.0,11.734,0.0,0.0,6.8455,3.5052,3.4491,5,3.9372,8,nan,0,0,0
g3scan,rq4graded,5.5,-1.0,eb154,0.154,tier0,1,3.2,0,0.3,20000,0.9239,0.0761,0.0,11.415,0.0,0.0,6.5268,3.1519,3.0641,6,3.7049,8,nan,0,0,0
g3scan,rq4graded,5.5,-1.0,eb154,0.154,tier0,1,3.2,0,0.31,20000,0.9239,0.0761,0.0,11.098,0.0001,0.231,6.209,3.0368,2.9547,6,3.4854,8,nan,0,0,0
g3scan,rq4graded,5.5,-1.0,eb154,0.154,tier0,1,3.2,0,0.32,20000,0.9239,0.0761,0.0,10.784,0.0001,0.111,5.8951,2.7083,2.5764,7,3.29,8,nan,0,0,0
g3scan,rq4graded,5.5,-1.0,eb154,0.154,tier0,1,3.2,0,0.33,20000,0.9239,0.0761,0.0,10.472,0.0003,0.094,5.5845,2.6102,2.4859,7,3.1119,8,nan,0,0,0
g3scan,rq4graded,5.5,-1.0,eb154,0.154,tier0,1,3.2,0,0.34,20000,0.9239,0.0761,0.0,10.159,0.0007,0.105,5.2733,2.5165,2.3998,7,2.9439,8,0.988,0,0,0
g3scan,rq4graded,5.5,-1.0,eb154,0.154,tier0,1,3.2,0,0.35,20000,0.9239,0.0761,0.0001,9.847,0.0015,0.127,4.9636,2.427,2.3176,7,2.7855,8,0.9562,0,0,0
g3scan,rq4graded,5.5,-1.0,eb154,0.154,tier0,1,3.2,0,0.36,20000,0.9239,0.0761,0.0002,9.543,0.0038,0.199,4.6614,2.3411,2.2384,7,2.6447,8,0.9317,0,0,0
g3scan,rq4graded,5.5,-1.0,eb154,0.154,tier0,1,3.2,0,0.37,20000,0.9239,0.0761,0.0004,9.236,0.008,0.28,4.3578,2.2571,2.1607,7,2.5097,8,0.9087,0,0,0
g3scan,rq4graded,5.5,-1.0,eb154,0.154,tier0,1,3.2,0,0.38,20000,0.9239,0.0761,0.0008,8.937,0.0145,0.371,4.0623,2.1772,2.0865,7,2.3844,8,0.8875,0,0,0
g3scan,rq4graded,5.5,-1.0,eb154,0.154,tier0,1,3.2,0,0.39,20000,0.9239,0.0761,0.002,8.644,0.0223,0.43,3.7803,2.1004,2.015,7,2.2723,8,0.8668,0,0,0
g3scan,rq4graded,5.5,-1.0,eb154,0.154,tier0,1,3.2,0,0.4,20000,0.9239,0.0761,0.0043,8.355,0.0333,0.535,3.5104,2.0256,1.9457,7,2.1676,8,0.8443,0,0,0
g3scan,rq4graded,5.5,-1.0,eb154,0.154,tier0,1,3.2,0,0.41,20000,0.9239,0.0761,0.0082,8.072,0.0457,0.638,3.2577,1.9553,1.8802,7,2.0643,8,0.8233,0,0,0
g3scan,rq4graded,5.5,-1.0,eb154,0.154,tier0,1,3.2,0,0.42,20000,0.9239,0.0761,0.0143,7.793,0.0601,0.755,3.026,1.8874,1.8164,7,1.9723,8,0.8014,0,0,0
g3scan,rq4graded,5.5,-1.0,eb154,0.154,tier0,1,3.2,0,0.43,20000,0.9239,0.0761,0.0218,7.52,0.0746,0.864,2.8084,1.8201,1.7537,7,1.8838,8,0.7826,0,0,0
g3scan,rq4graded,5.5,-1.0,eb154,0.154,tier0,1,3.2,0,0.44,20000,0.9239,0.0761,0.0329,7.261,0.0876,0.955,2.6282,1.7577,1.6953,7,1.8053,8,0.7631,0,0,0
g3scan,rq4graded,5.5,-1.0,eb154,0.154,tier0,1,3.2,0,0.45,20000,0.9239,0.0761,0.0468,7.003,0.1005,1.05,2.4672,1.6964,1.6378,7,1.7298,8,0.7434,0,1,0
g3scan,rq4graded,5.5,-1.0,eb154,0.154,tier0,1,3.2,0,0.46,20000,0.9239,0.0761,0.0636,6.755,0.1112,1.11,2.3344,1.6373,1.5823,7,1.6613,8,0.7245,0,1,0
g3scan,rq4graded,5.5,-1.0,eb154,0.154,tier0,1,3.2,0,0.47,20000,0.9239,0.0761,0.0811,6.518,0.1212,1.183,2.2132,1.5815,1.5299,7,1.5953,8,0.7067,0,1,0
g3scan,rq4graded,5.5,-1.0,eb154,0.154,tier0,1,3.2,0,0.48,20000,0.9239,0.0761,0.1007,6.287,0.1304,1.251,2.1114,1.5262,1.4779,7,1.5359,8,0.6886,0,1,0
g3scan,rq4graded,5.5,-1.0,eb154,0.154,tier0,1,3.2,0,0.49,20000,0.9239,0.0761,0.1222,6.065,0.1383,1.305,2.0316,1.4733,1.4281,7,1.4797,8,0.671,0,1,0
g3scan,rq4graded,5.5,-1.0,eb154,0.154,tier0,1,3.2,0,0.5,20000,0.9239,0.0761,0.1448,5.853,0.1439,1.335,1.9692,1.4229,1.3806,7,1.4267,8,0.6541,0,1,0
g3scan,rq4graded,5.5,-1.0,eb154,0.154,tier0,1,3.2,0,0.51,20000,0.9239,0.0761,0.1674,5.65,0.15,1.364,1.9119,1.3738,1.3342,7,1.38,8,0.6374,0,1,0
g3scan,rq4graded,5.5,-1.0,eb154,0.154,tier0,1,3.2,0,0.52,20000,0.9239,0.0761,0.1894,5.455,0.1553,1.381,1.8577,1.3263,1.2894,7,1.3346,8,0.6216,0,1,0
g3scan,rq4graded,5.5,-1.0,eb154,0.154,tier0,1,4.8,0,0.17,20000,0.9239,0.0761,0.0,12.939,0.0,nan,8.0605,6.3072,6.3072,1,4.6311,8,nan,0,0,0
g3scan,rq4graded,5.5,-1.0,eb154,0.154,tier0,1,4.8,0,0.18,20000,0.9239,0.0761,0.0,12.473,0.0,nan,7.6022,5.7737,5.7737,1,4.0538,8,nan,0,0,0
g3scan,rq4graded,5.5,-1.0,eb154,0.154,tier0,1,4.8,0,0.19,20000,0.9239,0.0761,0.0,12.006,0.0,nan,7.1413,5.1134,5.1076,2,3.5486,8,nan,0,0,0
g3scan,rq4graded,5.5,-1.0,eb154,0.154,tier0,1,4.8,0,0.2,20000,0.9239,0.0761,0.0,11.539,0.0,nan,6.6776,4.5701,4.5597,3,3.1123,8,nan,0,0,0
g3scan,rq4graded,5.5,-1.0,eb154,0.154,tier0,1,4.8,0,0.21,20000,0.9239,0.0761,0.0,11.073,0.0,nan,6.2136,4.2343,4.2259,3,2.739,8,nan,0,0,0
g3scan,rq4graded,5.5,-1.0,eb154,0.154,tier0,1,4.8,0,0.22,20000,0.9239,0.0761,0.0,10.609,0.0,nan,5.7527,3.7669,3.7516,4,2.4195,8,nan,0,0,0
g3scan,rq4graded,5.5,-1.0,eb154,0.154,tier0,1,4.8,0,0.23,20000,0.9239,0.0761,0.0,10.141,0.0,nan,5.2928,3.3306,3.304,5,2.1377,8,nan,0,0,0
g3scan,rq4graded,5.5,-1.0,eb154,0.154,tier0,1,4.8,0,0.24,20000,0.9239,0.0761,0.0,9.673,0.0,0.0,4.8302,2.9276,2.8839,6,1.8983,8,nan,0,0,0
g3scan,rq4graded,5.5,-1.0,eb154,0.154,tier0,1,4.8,0,0.25,20000,0.9239,0.0761,0.0,9.209,0.0,0.0,4.3723,2.7197,2.6828,6,1.6935,8,nan,0,0,0
g3scan,rq4graded,5.5,-1.0,eb154,0.154,tier0,1,4.8,0,0.26,20000,0.9239,0.0761,0.0,8.741,0.0001,0.057,3.9146,2.3678,2.3033,7,1.5134,8,nan,0,0,0
g3scan,rq4graded,5.5,-1.0,eb154,0.154,tier0,1,4.8,0,0.27,20000,0.9239,0.0761,0.0,8.281,0.0002,0.026,3.4645,2.1996,2.1447,7,1.3619,8,nan,0,0,0
g3scan,rq4graded,5.5,-1.0,eb154,0.154,tier0,1,4.8,0,0.28,20000,0.9239,0.0761,0.0,7.829,0.0009,0.047,3.0267,2.0443,1.9991,7,1.2324,8,0.983,0,0,0
g3scan,rq4graded,5.5,-1.0,eb154,0.154,tier0,1,4.8,0,0.29,20000,0.9239,0.0761,0.0001,7.377,0.0048,0.111,2.5918,1.8951,1.8577,7,1.1193,8,0.9277,0,0,0
g3scan,rq4graded,5.5,-1.0,eb154,0.154,tier0,1,4.8,0,0.3,20000,0.9239,0.0761,0.0002,6.944,0.0158,0.213,2.1833,1.7578,1.7271,7,1.0186,8,0.8896,0,1,0
g3scan,rq4graded,5.5,-1.0,eb154,0.154,tier0,1,4.8,0,0.31,20000,0.9239,0.0761,0.0008,6.522,0.0371,0.359,1.7966,1.6257,1.601,7,0.939,8,0.8512,0,1,0
g3scan,rq4graded,5.5,-1.0,eb154,0.154,tier0,1,4.8,0,0.32,20000,0.9239,0.0761,0.0038,6.115,0.0694,0.564,1.4452,1.5052,1.4851,7,0.8656,8,0.8137,0,1,0
g3scan,rq4graded,5.5,-1.0,eb154,0.154,tier0,1,4.8,0,0.33,20000,0.9239,0.0761,0.0122,5.723,0.1054,0.765,1.1479,1.3916,1.3753,7,0.8003,8,0.7783,0,1,0
g3scan,rq4graded,5.5,-1.0,eb154,0.154,tier0,1,4.8,0,0.34,20000,0.9239,0.0761,0.0282,5.348,0.1428,0.994,0.9142,1.2846,1.2716,7,0.7439,8,0.743,0,1,0
g3scan,rq4graded,5.5,-1.0,eb154,0.154,tier0,1,4.8,0,0.35,20000,0.9239,0.0761,0.0555,4.993,0.1724,1.17,0.7551,1.1884,1.1779,7,0.6984,8,0.7079,0,1,0
g3scan,rq4graded,5.5,-1.0,eb154,0.154,tier0,1,4.8,0,0.36,20000,0.9239,0.0761,0.0919,4.651,0.1959,1.292,0.6407,1.0983,1.0898,7,0.659,8,0.6734,1,1,1
g3scan,rq4graded,5.5,-1.0,eb154,0.154,tier0,1,4.8,0,0.37,20000,0.9239,0.0761,0.134,4.334,0.2142,1.402,0.5642,1.0165,1.0097,7,0.6295,8,0.6399,1,0,0
g3scan,rq4graded,5.5,-1.0,eb154,0.154,tier0,1,4.8,0,0.38,20000,0.9239,0.0761,0.1803,4.038,0.2275,1.487,0.5135,0.9416,0.9361,7,0.6054,8,0.6072,1,0,0
g3scan,rq4graded,5.5,-1.0,eb154,0.154,tier0,1,4.8,0,0.39,20000,0.9239,0.0761,0.2275,3.76,0.2389,1.59,0.4834,0.8732,0.8688,7,0.5927,8,0.5756,1,0,0
g3scan,rq4graded,5.5,-1.0,eb154,0.154,tier0,1,4.8,0,0.4,20000,0.9239,0.0761,0.2737,3.507,0.2469,1.638,0.4572,0.8112,0.8076,7,0.5451,7,0.5458,1,0,0
g3scan,rq4graded,5.5,-1.0,eb154,0.154,tier0,1,4.8,0,0.41,20000,0.9239,0.0761,0.3179,3.273,0.2526,1.667,0.4405,0.7542,0.7511,7,0.5138,7,0.5177,1,0,0
g3scan,rq4graded,5.5,-1.0,eb154,0.154,tier0,1,4.8,0,0.42,20000,0.9239,0.0761,0.3605,3.061,0.2556,1.681,0.4353,0.7031,0.7006,7,0.4878,7,0.4907,1,0,0
g3scan,rq4graded,5.5,-1.0,eb154,0.154,tier0,1,4.8,0,0.43,20000,0.9239,0.0761,0.4022,2.861,0.2583,1.715,0.4353,0.6557,0.6534,7,0.4614,7,0.4635,1,0,0
g3scan,rq4graded,5.5,-1.0,eb154,0.154,tier0,1,4.8,0,0.44,20000,0.9239,0.0761,0.4396,2.679,0.2608,1.765,0.432,0.6129,0.6107,7,0.4422,7,0.4384,1,0,0
g3scan,rq4graded,5.5,-1.0,eb154,0.154,tier0,1,4.8,0,0.45,20000,0.9239,0.0761,0.4745,2.514,0.2616,1.805,0.4344,0.5737,0.5717,7,0.4346,7,0.4145,1,0,0
g3scan,rq4graded,5.5,-1.0,eb154,0.154,tier0,1,4.8,0,0.46,20000,0.9239,0.0761,0.5065,2.365,0.2627,1.835,0.4426,0.5391,0.537,7,0.4202,7,0.392,1,0,0
g3scan,rq4graded,5.5,-1.0,eb154,0.154,tier0,1,4.8,0,0.47,20000,0.9239,0.0761,0.5359,2.224,0.2646,1.841,0.4531,0.5072,0.5049,7,0.424,7,0.3704,1,0,0
g3scan,rq4graded,5.5,-1.0,eb154,0.154,tier0,1,4.8,0,0.48,20000,0.9239,0.0761,0.5645,2.094,0.259,1.759,0.4737,0.4779,0.4756,7,0.4142,7,0.3499,1,0,0
g3scan,rq4graded,5.5,-1.0,eb154,0.154,tier0,1,4.8,0,0.49,20000,0.9239,0.0761,0.5908,1.975,0.2549,1.689,0.4989,0.452,0.4495,7,0.3548,6,0.3298,1,0,0
g3scan,rq4graded,5.5,-1.0,eb154,0.154,tier0,1,4.8,0,0.5,20000,0.9239,0.0761,0.6142,1.867,0.2529,1.67,0.5185,0.4282,0.4255,7,0.3399,6,0.3108,1,0,0
g3scan,rq4graded,5.5,-1.0,eb154,0.154,tier0,1,4.8,0,0.51,20000,0.9239,0.0761,0.6358,1.764,0.2564,1.76,0.5319,0.406,0.4032,7,0.3275,6,0.2915,1,0,0
g3scan,rq4graded,5.5,-1.0,eb154,0.154,tier0,1,4.8,0,0.52,20000,0.9239,0.0761,0.6563,1.67,0.2539,1.736,0.5552,0.3856,0.3826,7,0.319,6,0.2741,1,0,0
g3scan,rq4graded,5.5,-1.0,eb154,0.154,tier0,1,6.4,0,0.17,20000,0.9239,0.0761,0.0,11.157,0.0,nan,6.3465,5.0726,5.0703,2,2.4091,8,nan,0,0,0
g3scan,rq4graded,5.5,-1.0,eb154,0.154,tier0,1,6.4,0,0.18,20000,0.9239,0.0761,0.0,10.589,0.0,nan,5.7957,4.4492,4.446,3,1.9784,8,nan,0,0,0
g3scan,rq4graded,5.5,-1.0,eb154,0.154,tier0,1,6.4,0,0.19,20000,0.9239,0.0761,0.0,10.016,0.0,nan,5.2489,3.9757,3.9741,3,1.6242,8,nan,0,0,0
g3scan,rq4graded,5.5,-1.0,eb154,0.154,tier0,1,6.4,0,0.2,20000,0.9239,0.0761,0.0,9.445,0.0,nan,4.7143,3.4527,3.4493,4,1.3473,8,nan,0,0,0
g3scan,rq4graded,5.5,-1.0,eb154,0.154,tier0,1,6.4,0,0.21,20000,0.9239,0.0761,0.0,8.877,0.0,nan,4.1825,2.9847,2.9773,5,1.1435,8,nan,0,0,0
g3scan,rq4graded,5.5,-1.0,eb154,0.154,tier0,1,6.4,0,0.22,20000,0.9239,0.0761,0.0,8.304,0.0,nan,3.6618,2.5559,2.5415,6,1.0065,8,nan,0,0,0
g3scan,rq4graded,5.5,-1.0,eb154,0.154,tier0,1,6.4,0,0.23,20000,0.9239,0.0761,0.0,7.733,0.0,0.0,3.156,2.2764,2.2674,6,0.8975,7,nan,0,0,0
g3scan,rq4graded,5.5,-1.0,eb154,0.154,tier0,1,6.4,0,0.24,20000,0.9239,0.0761,0.0,7.168,0.0001,0.018,2.6724,1.9259,1.9043,7,0.7723,7,nan,0,0,0
g3scan,rq4graded,5.5,-1.0,eb154,0.154,tier0,1,6.4,0,0.25,20000,0.9239,0.0761,0.0,6.614,0.0005,0.018,2.2211,1.71,1.6951,7,0.6812,7,nan,0,1,0
g3scan,rq4graded,5.5,-1.0,eb154,0.154,tier0,1,6.4,0,0.26,20000,0.9239,0.0761,0.0,6.078,0.0057,0.074,1.8159,1.5146,1.5038,7,0.6194,7,0.9256,0,1,0
g3scan,rq4graded,5.5,-1.0,eb154,0.154,tier0,1,6.4,0,0.27,20000,0.9239,0.0761,0.0001,5.564,0.0266,0.198,1.4608,1.3384,1.3301,7,0.5906,7,0.869,0,1,0
g3scan,rq4graded,5.5,-1.0,eb154,0.154,tier0,1,6.4,0,0.28,20000,0.9239,0.0761,0.0008,5.074,0.0757,0.439,1.1704,1.1823,1.1756,7,0.5169,6,0.8157,0,1,0
g3scan,rq4graded,5.5,-1.0,eb154,0.154,tier0,1,6.4,0,0.29,20000,0.9239,0.0761,0.0073,4.609,0.1424,0.769,0.9853,1.0441,1.0386,7,0.4638,6,0.7659,0,1,0
g3scan,rq4graded,5.5,-1.0,eb154,0.154,tier0,1,6.4,0,0.3,20000,0.9239,0.0761,0.028,4.175,0.2061,1.089,0.921,0.9237,0.9194,7,0.426,6,0.7176,1,0,0
g3scan,rq4graded,5.5,-1.0,eb154,0.154,tier0,1,6.4,0,0.31,20000,0.9239,0.0761,0.0736,3.766,0.2525,1.345,0.964,0.8174,0.8139,7,0.403,6,0.6674,1,0,0
g3scan,rq4graded,5.5,-1.0,eb154,0.154,tier0,1,6.4,0,0.32,20000,0.9239,0.0761,0.1363,3.383,0.2855,1.561,1.021,0.7263,0.7238,7,0.401,6,0.6173,1,0,0
g3scan,rq4graded,5.5,-1.0,eb154,0.154,tier0,1,6.4,0,0.33,20000,0.9239,0.0761,0.2077,3.034,0.307,1.706,1.0664,0.6463,0.6445,7,0.3333,5,0.5691,0,0,0
g3scan,rq4graded,5.5,-1.0,eb154,0.154,tier0,1,6.4,0,0.34,20000,0.9239,0.0761,0.2808,2.721,0.3182,1.78,1.1048,0.578,0.5768,7,0.3048,5,0.5234,0,0,0
g3scan,rq4graded,5.5,-1.0,eb154,0.154,tier0,1,6.4,0,0.35,20000,0.9239,0.0761,0.3502,2.443,0.3264,1.874,1.1296,0.5191,0.5185,7,0.2843,5,0.4799,0,0,0
g3scan,rq4graded,5.5,-1.0,eb154,0.154,tier0,1,6.4,0,0.36,20000,0.9239,0.0761,0.4154,2.197,0.3303,1.95,1.131,0.4676,0.4673,7,0.2831,5,0.4385,0,0,0
g3scan,rq4graded,5.5,-1.0,eb154,0.154,tier0,1,6.4,0,0.37,20000,0.9239,0.0761,0.4732,1.979,0.3322,1.956,1.1315,0.4231,0.4229,7,0.2974,5,0.4,0,0,0
g3scan,rq4graded,5.5,-1.0,eb154,0.154,tier0,1,6.4,0,0.38,20000,0.9239,0.0761,0.5239,1.79,0.3296,1.894,1.1294,0.3837,0.3835,7,0.2251,4,0.3652,0,0,0
g3scan,rq4graded,5.5,-1.0,eb154,0.154,tier0,1,6.4,0,0.39,20000,0.9239,0.0761,0.5707,1.622,0.3252,1.868,1.1107,0.3508,0.3506,7,0.2106,4,0.3315,0,0,0
g3scan,rq4graded,5.5,-1.0,eb154,0.154,tier0,1,6.4,0,0.4,20000,0.9239,0.0761,0.6112,1.472,0.3273,1.949,1.1015,0.3216,0.3214,7,0.2052,4,0.2988,0,0,0
g3scan,rq4graded,5.5,-1.0,eb154,0.154,tier0,1,6.4,0,0.41,20000,0.9239,0.0761,0.647,1.34,0.3258,1.986,1.0922,0.2954,0.295,7,0.2119,4,0.2695,0,0,0
g3scan,rq4graded,5.5,-1.0,eb154,0.154,tier0,1,6.4,0,0.42,20000,0.9239,0.0761,0.6772,1.224,0.3258,2.025,1.0971,0.2719,0.2715,7,0.2332,4,0.2437,0,0,0
g3scan,rq4graded,5.5,-1.0,eb154,0.154,tier0,1,6.4,0,0.43,20000,0.9239,0.0761,0.7042,1.121,0.3248,2.014,1.0978,0.2519,0.2514,7,0.1542,3,0.2207,0,0,0
g3scan,rq4graded,5.5,-1.0,eb154,0.154,tier0,1,6.4,0,0.44,20000,0.9239,0.0761,0.7304,1.027,0.3164,1.924,1.0805,0.2336,0.2331,7,0.1527,3,0.1999,0,0,0
g3scan,rq4graded,5.5,-1.0,eb154,0.154,tier0,1,6.4,0,0.45,20000,0.9239,0.0761,0.7525,0.943,0.3106,1.921,1.0787,0.2169,0.2164,7,0.1568,3,0.1817,0,0,0
g3scan,rq4graded,5.5,-1.0,eb154,0.154,tier0,1,6.4,0,0.46,20000,0.9239,0.0761,0.7721,0.867,0.3086,1.94,1.0889,0.2022,0.2016,7,0.1564,3,0.1657,0,0,0
g3scan,rq4graded,5.5,-1.0,eb154,0.154,tier0,1,6.4,0,0.47,20000,0.9239,0.0761,0.79,0.797,0.3068,1.95,1.1008,0.1886,0.1881,7,0.2014,3,0.1521,0,0,0
g3scan,rq4graded,5.5,-1.0,eb154,0.154,tier0,1,6.4,0,0.48,20000,0.9239,0.0761,0.8045,0.737,0.3042,1.887,1.1292,0.1761,0.1755,7,0.108,2,0.1412,0,0,0
g3scan,rq4graded,5.5,-1.0,eb154,0.154,tier0,1,6.4,0,0.49,20000,0.9239,0.0761,0.8183,0.682,0.3012,1.88,1.1565,0.1649,0.1644,7,0.1174,2,0.1309,0,0,0
g3scan,rq4graded,5.5,-1.0,eb154,0.154,tier0,1,6.4,0,0.5,20000,0.9239,0.0761,0.8305,0.631,0.2974,1.781,1.1943,0.1541,0.1536,7,0.1273,2,0.122,1,0,0
g3scan,rq4graded,5.5,-1.0,eb154,0.154,tier0,1,6.4,0,0.51,20000,0.9239,0.0761,0.8422,0.583,0.2959,1.789,1.2211,0.144,0.1436,7,0.1348,2,0.1137,1,0,0
g3scan,rq4graded,5.5,-1.0,eb154,0.154,tier0,1,6.4,0,0.52,20000,0.9239,0.0761,0.8533,0.539,0.294,1.805,1.2447,0.1358,0.1354,7,0.0785,1,0.1053,1,0,0
g3scan,rq4graded,5.5,-1.0,eb154,0.154,tier0,1,9.6,1,0.17,20000,0.9239,0.0761,0.0,8.919,0.0,nan,4.5264,3.6235,3.6207,3,0.889,6,nan,0,0,0
g3scan,rq4graded,5.5,-1.0,eb154,0.154,tier0,1,9.6,1,0.18,20000,0.9239,0.0761,0.0,8.214,0.0,nan,3.9507,2.9958,2.987,4,0.6952,6,nan,0,0,0
g3scan,rq4graded,5.5,-1.0,eb154,0.154,tier0,1,9.6,1,0.19,20000,0.9239,0.0761,0.0,7.512,0.0,nan,3.4142,2.4507,2.4339,5,0.572,5,nan,0,0,0
g3scan,rq4graded,5.5,-1.0,eb154,0.154,tier0,1,9.6,1,0.2,20000,0.9239,0.0761,0.0,6.812,0.0,nan,2.9148,1.9857,1.9611,6,0.4521,5,nan,0,1,0
g3scan,rq4graded,5.5,-1.0,eb154,0.154,tier0,1,9.6,1,0.21,20000,0.9239,0.0761,0.0,6.107,0.0,0.0,2.4545,1.5867,1.5566,7,0.4238,5,nan,0,1,0
g3scan,rq4graded,5.5,-1.0,eb154,0.154,tier0,1,9.6,1,0.22,20000,0.9239,0.0761,0.0,5.431,0.0001,0.002,2.0715,1.2948,1.262,7,0.3211,4,nan,0,1,0
g3scan,rq4graded,5.5,-1.0,eb154,0.154,tier0,1,9.6,1,0.23,20000,0.9239,0.0761,0.0,4.789,0.002,0.016,1.7974,1.0545,1.0213,7,0.276,4,0.9566,0,1,0
g3scan,rq4graded,5.5,-1.0,eb154,0.154,tier0,1,9.6,1,0.24,20000,0.9239,0.0761,0.0,4.188,0.0368,0.153,1.6522,0.8575,0.828,7,0.2881,4,0.8554,0,0,0
g3scan,rq4graded,5.5,-1.0,eb154,0.154,tier0,1,9.6,1,0.25,20000,0.9239,0.0761,0.0003,3.621,0.1469,0.535,1.6562,0.6963,0.6715,7,0.1974,3,0.7736,0,0,0
g3scan,rq4graded,5.5,-1.0,eb154,0.154,tier0,1,9.6,1,0.26,20000,0.9239,0.0761,0.01,3.117,0.2802,1.109,1.8003,0.5674,0.548,7,0.194,3,0.7047,1,0,0
g3scan,rq4graded,5.5,-1.0,eb154,0.154,tier0,1,9.6,1,0.27,20000,0.9239,0.0761,0.0678,2.651,0.3784,1.683,2.045,0.463,0.4485,7,0.1434,2,0.6299,0,0,0
g3scan,rq4graded,5.5,-1.0,eb154,0.154,tier0,1,9.6,1,0.28,20000,0.9239,0.0761,0.1805,2.217,0.4248,2.047,2.1834,0.38,0.3691,7,0.1267,2,0.5512,0,0,0
g3scan,rq4graded,5.5,-1.0,eb154,0.154,tier0,1,9.6,1,0.29,20000,0.9239,0.0761,0.3078,1.835,0.447,2.25,2.2373,0.3153,0.3076,7,0.1561,2,0.474,0,0,0
g3scan,rq4graded,5.5,-1.0,eb154,0.154,tier0,1,9.6,1,0.3,20000,0.9239,0.0761,0.4259,1.516,0.4498,2.29,2.2485,0.2624,0.2568,7,0.0905,1,0.4031,0,0,0
g3scan,rq4graded,5.5,-1.0,eb154,0.154,tier0,1,9.6,1,0.31,20000,0.9239,0.0761,0.5239,1.259,0.4519,2.407,2.2446,0.2216,0.2171,7,0.1023,1,0.3378,0,0,0
g3scan,rq4graded,5.5,-1.0,eb154,0.154,tier0,1,9.6,1,0.32,20000,0.9239,0.0761,0.6055,1.045,0.4467,2.386,2.2398,0.1872,0.1834,7,0.1839,1,0.2798,0,0,0
g3scan,rq4graded,5.5,-1.0,eb154,0.154,tier0,1,9.6,1,0.33,20000,0.9239,0.0761,0.6698,0.877,0.4401,2.382,2.2336,0.1603,0.1568,7,nan,0,0.2309,0,0,0
g3scan,rq4graded,5.5,-1.0,eb154,0.154,tier0,1,9.6,1,0.34,20000,0.9239,0.0761,0.7212,0.737,0.4337,2.334,2.2438,0.137,0.1336,7,nan,0,0.1915,0,0,0
g3scan,rq4graded,5.5,-1.0,eb154,0.154,tier0,1,9.6,1,0.35,20000,0.9239,0.0761,0.7647,0.623,0.4229,2.241,2.243,0.1177,0.1138,7,nan,0,0.1597,0,0,0
g3scan,rq4graded,5.5,-1.0,eb154,0.154,tier0,1,9.6,1,0.36,20000,0.9239,0.0761,0.7985,0.529,0.4116,2.112,2.2649,0.1024,0.0992,7,nan,0,0.1361,0,0,0
g3scan,rq4graded,5.5,-1.0,eb154,0.154,tier0,1,9.6,1,0.37,20000,0.9239,0.0761,0.8248,0.452,0.4143,2.099,2.308,0.0942,0.0927,7,nan,0,0.1175,0,0,0
g3scan,rq4graded,5.5,-1.0,eb154,0.154,tier0,1,9.6,1,0.38,20000,0.9239,0.0761,0.8485,0.384,0.4118,2.025,2.3572,0.0957,0.0896,7,nan,0,0.1018,0,0,0
g3scan,rq4graded,5.5,-1.0,eb154,0.154,tier0,1,9.6,1,0.39,20000,0.9239,0.0761,0.8669,0.329,0.4139,1.961,2.4182,0.0728,0.0716,6,nan,0,0.0898,0,0,0
g3scan,rq4graded,5.5,-1.0,eb154,0.154,tier0,1,9.6,1,0.4,20000,0.9239,0.0761,0.8827,0.281,0.4218,2.052,2.4934,0.0686,0.0677,6,nan,0,0.0798,0,0,0
g3scan,rq4graded,5.5,-1.0,eb154,0.154,tier0,1,9.6,1,0.41,20000,0.9239,0.0761,0.8969,0.239,0.4313,2.109,2.5683,0.0738,0.0669,6,nan,0,0.0709,0,0,0
g3scan,rq4graded,5.5,-1.0,eb154,0.154,tier0,1,9.6,1,0.42,20000,0.9239,0.0761,0.9092,0.205,0.4398,2.16,2.6346,0.0535,0.0532,5,nan,0,0.0635,0,0,0
g3scan,rq4graded,5.5,-1.0,eb154,0.154,tier0,1,9.6,1,0.43,20000,0.9239,0.0761,0.9195,0.174,0.4432,1.994,2.7276,0.0512,0.0502,5,nan,0,0.0572,0,0,0
g3scan,rq4graded,5.5,-1.0,eb154,0.154,tier0,1,9.6,1,0.44,20000,0.9239,0.0761,0.9291,0.148,0.4422,1.877,2.7947,0.0593,0.0513,5,nan,0,0.0513,0,0,0
g3scan,rq4graded,5.5,-1.0,eb154,0.154,tier0,1,9.6,1,0.45,20000,0.9239,0.0761,0.9375,0.126,0.4539,1.904,2.8735,0.0397,0.0395,4,nan,0,0.0458,0,0,0
g3scan,rq4graded,5.5,-1.0,eb154,0.154,tier0,1,9.6,1,0.46,20000,0.9239,0.0761,0.9453,0.105,0.4726,1.901,2.9672,0.0399,0.0383,4,nan,0,0.0405,0,0,0
g3scan,rq4graded,5.5,-1.0,eb154,0.154,tier0,1,9.6,1,0.47,20000,0.9239,0.0761,0.9515,0.089,0.4894,1.848,3.0598,0.0287,0.0282,3,nan,0,0.0362,0,0,0
g3scan,rq4graded,5.5,-1.0,eb154,0.154,tier0,1,9.6,1,0.48,20000,0.9239,0.0761,0.9566,0.075,0.514,1.881,3.1525,0.0308,0.0305,3,nan,0,0.0329,0,0,0
g3scan,rq4graded,5.5,-1.0,eb154,0.154,tier0,1,9.6,1,0.49,20000,0.9239,0.0761,0.9617,0.063,0.5374,1.766,3.2389,0.0324,0.0303,3,nan,0,0.03,0,0,0
g3scan,rq4graded,5.5,-1.0,eb154,0.154,tier0,1,9.6,1,0.5,20000,0.9239,0.0761,0.9662,0.052,0.5805,1.898,3.3386,0.0212,0.0211,2,nan,0,0.0267,0,0,0
g3scan,rq4graded,5.5,-1.0,eb154,0.154,tier0,1,9.6,1,0.51,20000,0.9239,0.0761,0.971,0.043,0.6075,1.935,3.4101,0.0219,0.0218,2,nan,0,0.0243,0,0,0
g3scan,rq4graded,5.5,-1.0,eb154,0.154,tier0,1,9.6,1,0.52,20000,0.9239,0.0761,0.9748,0.035,0.6466,2.12,3.4815,0.025,0.0238,2,nan,0,0.0219,0,0,0
g3scan,rq4graded,5.5,-1.0,eb154,0.154,tier0,1,12.8,1,0.17,20000,0.9239,0.0761,0.0,7.582,0.0,nan,3.7591,2.6533,2.6035,4,0.4194,4,nan,0,0,0
g3scan,rq4graded,5.5,-1.0,eb154,0.154,tier0,1,12.8,1,0.18,20000,0.9239,0.0761,0.0,6.801,0.0,nan,3.2449,2.0649,1.9844,5,0.3659,4,nan,0,1,0
g3scan,rq4graded,5.5,-1.0,eb154,0.154,tier0,1,12.8,1,0.19,20000,0.9239,0.0761,0.0,6.019,0.0,nan,2.7846,1.6006,1.5091,6,0.2475,3,nan,0,1,0
g3scan,rq4graded,5.5,-1.0,eb154,0.154,tier0,1,12.8,1,0.2,20000,0.9239,0.0761,0.0,5.239,0.0,0.0,2.3823,1.2324,1.1474,7,0.2255,3,nan,0,1,0
g3scan,rq4graded,5.5,-1.0,eb154,0.154,tier0,1,12.8,1,0.21,20000,0.9239,0.0761,0.0,4.517,0.0,0.0,2.123,0.9347,0.8554,7,0.1515,2,nan,0,1,0
g3scan,rq4graded,5.5,-1.0,eb154,0.154,tier0,1,12.8,1,0.22,20000,0.9239,0.0761,0.0,3.84,0.0058,0.023,2.0443,0.7068,0.6389,7,0.1647,2,0.925,0,0,0
g3scan,rq4graded,5.5,-1.0,eb154,0.154,tier0,1,12.8,1,0.23,20000,0.9239,0.0761,0.0,3.219,0.1057,0.296,2.0787,0.5312,0.4767,7,0.1006,1,0.7977,0,0,0
g3scan,rq4graded,5.5,-1.0,eb154,0.154,tier0,1,12.8,1,0.24,20000,0.9239,0.0761,0.0007,2.648,0.3047,0.984,2.2501,0.3958,0.3552,7,0.1633,1,0.704,0,0,0
g3scan,rq4graded,5.5,-1.0,eb154,0.154,tier0,1,12.8,1,0.25,20000,0.9239,0.0761,0.0394,2.175,0.4672,1.959,2.6246,0.2972,0.2674,7,nan,0,0.6176,0,0,0
g3scan,rq4graded,5.5,-1.0,eb154,0.154,tier0,1,12.8,1,0.26,20000,0.9239,0.0761,0.1909,1.705,0.5337,2.568,2.7817,0.2228,0.2014,7,nan,0,0.513,0,0,0
g3scan,rq4graded,5.5,-1.0,eb154,0.154,tier0,1,12.8,1,0.27,20000,0.9239,0.0761,0.373,1.301,0.5479,2.794,2.8139,0.1705,0.1544,7,nan,0,0.4091,0,0,0
g3scan,rq4graded,5.5,-1.0,eb154,0.154,tier0,1,12.8,1,0.28,20000,0.9239,0.0761,0.5242,0.983,0.5494,2.937,2.8219,0.1369,0.1288,7,nan,0,0.3151,0,0,0
g3scan,rq4graded,5.5,-1.0,eb154,0.154,tier0,1,12.8,1,0.29,20000,0.9239,0.0761,0.6392,0.749,0.5346,2.792,2.8117,0.1135,0.1062,6,nan,0,0.2379,0,0,0
g3scan,rq4graded,5.5,-1.0,eb154,0.154,tier0,1,12.8,1,0.3,20000,0.9239,0.0761,0.7206,0.577,0.5252,2.685,2.8248,0.0932,0.0894,6,nan,0,0.1801,0,0,0
g3scan,rq4graded,5.5,-1.0,eb154,0.154,tier0,1,12.8,1,0.31,20000,0.9239,0.0761,0.7825,0.445,0.5139,2.493,2.8426,0.0923,0.0854,6,nan,0,0.1378,0,0,0
g3scan,rq4graded,5.5,-1.0,eb154,0.154,tier0,1,12.8,1,0.32,20000,0.9239,0.0761,0.8258,0.347,0.5106,2.365,2.8952,0.0659,0.0642,5,nan,0,0.11,0,0,0
g3scan,rq4graded,5.5,-1.0,eb154,0.154,tier0,1,12.8,1,0.33,20000,0.9239,0.0761,0.8604,0.271,0.5105,2.315,2.9456,0.0695,0.0638,5,nan,0,0.0888,0,0,0
g3scan,rq4graded,5.5,-1.0,eb154,0.154,tier0,1,12.8,1,0.34,20000,0.9239,0.0761,0.8857,0.211,0.5296,2.408,3.0397,0.0474,0.0467,4,nan,0,0.0733,0,0,0
g3scan,rq4graded,5.5,-1.0,eb154,0.154,tier0,1,12.8,1,0.35,20000,0.9239,0.0761,0.9065,0.166,0.5323,2.233,3.1108,0.0494,0.0462,4,nan,0,0.0618,0,0,0
g3scan,rq4graded,5.5,-1.0,eb154,0.154,tier0,1,12.8,1,0.36,20000,0.9239,0.0761,0.9229,0.13,0.5519,2.185,3.2072,0.0342,0.0339,3,nan,0,0.0517,0,0,0
g3scan,rq4graded,5.5,-1.0,eb154,0.154,tier0,1,12.8,1,0.37,20000,0.9239,0.0761,0.937,0.101,0.5771,2.191,3.2896,0.0382,0.0364,3,nan,0,0.0429,0,0,0
g3scan,rq4graded,5.5,-1.0,eb154,0.154,tier0,1,12.8,1,0.38,20000,0.9239,0.0761,0.9492,0.076,0.6014,2.014,3.3846,0.0246,0.0245,2,nan,0,0.0357,0,0,0
g3scan,rq4graded,5.5,-1.0,eb154,0.154,tier0,1,12.8,1,0.39,20000,0.9239,0.0761,0.9573,0.059,0.6607,2.251,3.5012,0.0243,0.0242,2,nan,0,0.03,0,0,0
g3scan,rq4graded,5.5,-1.0,eb154,0.154,tier0,1,12.8,1,0.4,20000,0.9239,0.0761,0.9657,0.045,0.7093,2.618,3.5782,0.0374,0.0317,2,nan,0,0.0255,0,0,0
g3scan,rq4graded,5.5,-1.0,eb154,0.154,tier0,1,12.8,1,0.41,20000,0.9239,0.0761,0.9732,0.032,0.8054,4.319,3.686,0.0157,0.0157,1,nan,0,0.0211,0,0,0
g3scan,rq4graded,5.5,-1.0,eb154,0.154,tier0,1,12.8,1,0.42,20000,0.9239,0.0761,0.9789,0.023,0.8923,8.7,3.7758,0.0171,0.0171,1,nan,0,0.0174,0,0,0
g3scan,rq4graded,5.5,-1.0,eb154,0.154,tier0,1,12.8,1,0.43,20000,0.9239,0.0761,0.9842,0.017,0.9384,15.222,3.827,0.0305,0.0305,1,nan,0,0.0148,0,0,0
g3scan,rq4graded,5.5,-1.0,eb154,0.154,tier0,1,12.8,1,0.44,20000,0.9239,0.0761,0.9887,0.012,0.9688,31.0,3.8574,nan,nan,0,nan,0,0.013,0,0,0
g3scan,rq4graded,5.5,-1.0,eb154,0.154,tier0,1,12.8,1,0.45,20000,0.9239,0.0761,0.993,0.007,0.9808,51.0,3.8694,nan,nan,0,nan,0,0.0113,0,0,0
g3scan,rq4graded,5.5,-1.0,eb154,0.154,tier0,1,12.8,1,0.46,20000,0.9239,0.0761,0.9965,0.004,1.0,nan,3.8886,nan,nan,0,nan,0,0.0122,0,0,0
g3scan,rq4graded,5.5,-1.0,eb154,0.154,tier0,1,12.8,1,0.47,20000,0.9239,0.0761,0.9986,0.001,1.0,nan,3.8886,nan,nan,0,nan,0,0.0165,0,0,0
g3scan,rq4graded,5.5,-1.0,eb154,0.154,tier0,1,12.8,1,0.48,20000,0.9239,0.0761,0.9994,0.001,1.0,nan,3.8886,nan,nan,0,nan,0,0.0281,0,0,0
g3scan,rq4graded,5.5,-1.0,eb154,0.154,tier0,1,12.8,1,0.49,20000,0.9239,0.0761,0.9998,0.0,1.0,nan,3.8886,nan,nan,0,nan,0,nan,0,0,0
g3scan,rq4graded,5.5,-1.0,eb154,0.154,tier0,1,12.8,1,0.5,20000,0.9239,0.0761,0.9999,0.0,1.0,nan,3.8886,nan,nan,0,nan,0,nan,0,0,0
g3scan,rq4graded,5.5,-1.0,eb154,0.154,tier0,1,12.8,1,0.51,20000,0.9239,nan,nan,nan,nan,nan,nan,nan,nan,0,nan,0,nan,0,0,0
g3scan,rq4graded,5.5,-1.0,eb154,0.154,tier0,1,12.8,1,0.52,20000,0.9239,nan,nan,nan,nan,nan,nan,nan,nan,0,nan,0,nan,0,0,0
g3scan,rq4graded,6.0,-1.0,eb0482,0.0482,tier0,1,2.4,0,0.17,20000,0.9751,0.0249,0.0,18.199,0.0,nan,13.3105,nan,nan,0,10.3522,5,nan,0,0,0
g3scan,rq4graded,6.0,-1.0,eb0482,0.0482,tier0,1,2.4,0,0.18,20000,0.9751,0.0249,0.0,18.032,0.0,nan,13.143,nan,nan,0,9.843,6,nan,0,0,0
g3scan,rq4graded,6.0,-1.0,eb0482,0.0482,tier0,1,2.4,0,0.19,20000,0.9751,0.0249,0.0,17.866,0.0,nan,12.9771,nan,nan,0,9.2171,6,nan,0,0,0
g3scan,rq4graded,6.0,-1.0,eb0482,0.0482,tier0,1,2.4,0,0.2,20000,0.9751,0.0249,0.0,17.701,0.0,nan,12.8128,nan,nan,0,8.7248,7,nan,0,0,0
g3scan,rq4graded,6.0,-1.0,eb0482,0.0482,tier0,1,2.4,0,0.21,20000,0.9751,0.0249,0.0,17.531,0.0,nan,12.6427,nan,nan,0,8.2052,7,nan,0,0,0
g3scan,rq4graded,6.0,-1.0,eb0482,0.0482,tier0,1,2.4,0,0.22,20000,0.9751,0.0249,0.0,17.368,0.0,nan,12.4794,nan,nan,0,7.7477,8,nan,0,0,0
g3scan,rq4graded,6.0,-1.0,eb0482,0.0482,tier0,1,2.4,0,0.23,20000,0.9751,0.0249,0.0,17.204,0.0,nan,12.3152,nan,nan,0,7.3416,8,nan,0,0,0
g3scan,rq4graded,6.0,-1.0,eb0482,0.0482,tier0,1,2.4,0,0.24,20000,0.9751,0.0249,0.0,17.038,0.0,nan,12.1493,nan,nan,0,6.9506,8,nan,0,0,0
g3scan,rq4graded,6.0,-1.0,eb0482,0.0482,tier0,1,2.4,0,0.25,20000,0.9751,0.0249,0.0,16.872,0.0,nan,11.9836,nan,nan,0,6.5933,8,nan,0,0,0
g3scan,rq4graded,6.0,-1.0,eb0482,0.0482,tier0,1,2.4,0,0.26,20000,0.9751,0.0249,0.0,16.708,0.0,nan,11.8193,nan,nan,0,6.2658,8,nan,0,0,0
g3scan,rq4graded,6.0,-1.0,eb0482,0.0482,tier0,1,2.4,0,0.27,20000,0.9751,0.0249,0.0,16.545,0.0,nan,11.6562,5.3305,5.3305,1,5.9616,8,nan,0,0,0
g3scan,rq4graded,6.0,-1.0,eb0482,0.0482,tier0,1,2.4,0,0.28,20000,0.9751,0.0249,0.0,16.382,0.0,nan,11.4933,5.1198,5.1198,1,5.6792,8,nan,0,0,0
g3scan,rq4graded,6.0,-1.0,eb0482,0.0482,tier0,1,2.4,0,0.29,20000,0.9751,0.0249,0.0,16.218,0.0,nan,11.3289,4.6775,4.6693,2,5.417,8,nan,0,0,0
g3scan,rq4graded,6.0,-1.0,eb0482,0.0482,tier0,1,2.4,0,0.3,20000,0.9751,0.0249,0.0,16.05,0.0,nan,11.1611,4.509,4.4995,2,5.1692,8,nan,0,0,0
g3scan,rq4graded,6.0,-1.0,eb0482,0.0482,tier0,1,2.4,0,0.31,20000,0.9751,0.0249,0.0,15.884,0.0,nan,10.9958,4.146,4.1272,3,4.9408,8,nan,0,0,0
g3scan,rq4graded,6.0,-1.0,eb0482,0.0482,tier0,1,2.4,0,0.32,20000,0.9751,0.0249,0.0,15.723,0.0,nan,10.8347,4.0056,3.9866,3,4.7319,8,nan,0,0,0
g3scan,rq4graded,6.0,-1.0,eb0482,0.0482,tier0,1,2.4,0,0.33,20000,0.9751,0.0249,0.0,15.558,0.0,nan,10.6698,3.6661,3.6331,4,4.5341,8,nan,0,0,0
g3scan,rq4graded,6.0,-1.0,eb0482,0.0482,tier0,1,2.4,0,0.34,20000,0.9751,0.0249,0.0,15.396,0.0,0.0,10.5071,3.5451,3.5128,4,4.3527,8,nan,0,0,0
g3scan,rq4graded,6.0,-1.0,eb0482,0.0482,tier0,1,2.4,0,0.35,20000,0.9751,0.0249,0.0,15.233,0.0,0.0,10.3441,3.2313,3.1778,5,4.1819,8,nan,0,0,0
g3scan,rq4graded,6.0,-1.0,eb0482,0.0482,tier0,1,2.4,0,0.36,20000,0.9751,0.0249,0.0,15.067,0.0,0.0,10.1779,3.1293,3.0777,5,4.0222,8,nan,0,0,0
g3scan,rq4graded,6.0,-1.0,eb0482,0.0482,tier0,1,2.4,0,0.37,20000,0.9751,0.0249,0.0,14.903,0.0001,0.5,10.0147,2.8397,2.7584,6,3.8749,8,nan,0,0,0
g3scan,rq4graded,6.0,-1.0,eb0482,0.0482,tier0,1,2.4,0,0.38,20000,0.9751,0.0249,0.0,14.741,0.0001,0.429,9.8528,2.7596,2.6818,6,3.738,8,nan,0,0,0
g3scan,rq4graded,6.0,-1.0,eb0482,0.0482,tier0,1,2.4,0,0.39,20000,0.9751,0.0249,0.0,14.576,0.0001,0.286,9.6869,2.6771,2.6029,6,3.6065,8,nan,0,0,0
g3scan,rq4graded,6.0,-1.0,eb0482,0.0482,tier0,1,2.4,0,0.4,20000,0.9751,0.0249,0.0,14.413,0.0002,0.25,9.5239,2.4085,2.2891,7,3.4868,8,nan,0,0,0
g3scan,rq4graded,6.0,-1.0,eb0482,0.0482,tier0,1,2.4,0,0.41,20000,0.9751,0.0249,0.0001,14.249,0.0002,0.2,9.3614,2.3398,2.2253,7,3.3754,8,nan,0,0,0
g3scan,rq4graded,6.0,-1.0,eb0482,0.0482,tier0,1,2.4,0,0.42,20000,0.9751,0.0249,0.0001,14.085,0.0003,0.183,9.1974,2.2743,2.1647,7,3.2687,8,nan,0,0,0
g3scan,rq4graded,6.0,-1.0,eb0482,0.0482,tier0,1,2.4,0,0.43,20000,0.9751,0.0249,0.0001,13.922,0.0006,0.214,9.035,2.2115,2.1071,7,3.1695,8,0.8639,0,0,0
g3scan,rq4graded,6.0,-1.0,eb0482,0.0482,tier0,1,2.4,0,0.44,20000,0.9751,0.0249,0.0001,13.762,0.001,0.217,8.8744,2.1492,2.0498,7,3.0793,8,0.8473,0,0,0
g3scan,rq4graded,6.0,-1.0,eb0482,0.0482,tier0,1,2.4,0,0.45,20000,0.9751,0.0249,0.0002,13.603,0.0017,0.269,8.7167,2.0901,1.9955,7,2.9945,8,0.8268,0,0,0
g3scan,rq4graded,6.0,-1.0,eb0482,0.0482,tier0,1,2.4,0,0.46,20000,0.9751,0.0249,0.0003,13.441,0.0027,0.355,8.5573,2.0333,1.9434,7,2.9135,8,0.8072,0,0,0
g3scan,rq4graded,6.0,-1.0,eb0482,0.0482,tier0,1,2.4,0,0.47,20000,0.9751,0.0249,0.0005,13.281,0.0041,0.389,8.3995,1.9771,1.8908,7,2.8382,8,0.7921,0,0,0
g3scan,rq4graded,6.0,-1.0,eb0482,0.0482,tier0,1,2.4,0,0.48,20000,0.9751,0.0249,0.0008,13.121,0.0059,0.474,8.2421,1.9222,1.8398,7,2.7674,8,0.7772,0,0,0
g3scan,rq4graded,6.0,-1.0,eb0482,0.0482,tier0,1,2.4,0,0.49,20000,0.9751,0.0249,0.0012,12.964,0.0081,0.538,8.0909,1.8707,1.7917,7,2.7008,8,0.7627,0,0,0
g3scan,rq4graded,6.0,-1.0,eb0482,0.0482,tier0,1,2.4,0,0.5,20000,0.9751,0.0249,0.0019,12.806,0.0102,0.542,7.9417,1.8196,1.7439,7,2.6383,8,0.7495,0,0,0
g3scan,rq4graded,6.0,-1.0,eb0482,0.0482,tier0,1,2.4,0,0.51,20000,0.9751,0.0249,0.0031,12.653,0.0129,0.59,7.8029,1.7705,1.6982,7,2.5822,8,0.7343,0,0,0
g3scan,rq4graded,6.0,-1.0,eb0482,0.0482,tier0,1,2.4,0,0.52,20000,0.9751,0.0249,0.0042,12.5,0.0157,0.614,7.6638,1.7227,1.6538,7,2.5263,8,0.7208,0,0,0
g3scan,rq4graded,6.0,-1.0,eb0482,0.0482,tier0,1,3.2,0,0.17,20000,0.9751,0.0249,0.0,16.747,0.0,nan,11.8585,nan,nan,0,7.0183,7,nan,0,0,0
g3scan,rq4graded,6.0,-1.0,eb0482,0.0482,tier0,1,3.2,0,0.18,20000,0.9751,0.0249,0.0,16.497,0.0,nan,11.6085,nan,nan,0,6.5627,8,nan,0,0,0
g3scan,rq4graded,6.0,-1.0,eb0482,0.0482,tier0,1,3.2,0,0.19,20000,0.9751,0.0249,0.0,16.253,0.0,nan,11.3643,nan,nan,0,6.019,8,nan,0,0,0
g3scan,rq4graded,6.0,-1.0,eb0482,0.0482,tier0,1,3.2,0,0.2,20000,0.9751,0.0249,0.0,16.004,0.0,nan,11.1153,nan,nan,0,5.5311,8,nan,0,0,0
g3scan,rq4graded,6.0,-1.0,eb0482,0.0482,tier0,1,3.2,0,0.21,20000,0.9751,0.0249,0.0,15.758,0.0,nan,10.8692,nan,nan,0,5.0964,8,nan,0,0,0
g3scan,rq4graded,6.0,-1.0,eb0482,0.0482,tier0,1,3.2,0,0.22,20000,0.9751,0.0249,0.0,15.509,0.0,nan,10.6202,5.2707,5.2707,1,4.7082,8,nan,0,0,0
g3scan,rq4graded,6.0,-1.0,eb0482,0.0482,tier0,1,3.2,0,0.23,20000,0.9751,0.0249,0.0,15.26,0.0,nan,10.3712,4.7287,4.7227,2,4.3594,8,nan,0,0,0
g3scan,rq4graded,6.0,-1.0,eb0482,0.0482,tier0,1,3.2,0,0.24,20000,0.9751,0.0249,0.0,15.014,0.0,nan,10.1258,4.4853,4.4791,2,4.053,8,nan,0,0,0
g3scan,rq4graded,6.0,-1.0,eb0482,0.0482,tier0,1,3.2,0,0.25,20000,0.9751,0.0249,0.0,14.768,0.0,nan,9.879,4.0731,4.0617,3,3.7775,8,nan,0,0,0
g3scan,rq4graded,6.0,-1.0,eb0482,0.0482,tier0,1,3.2,0,0.26,20000,0.9751,0.0249,0.0,14.519,0.0,nan,9.6308,3.8517,3.8409,3,3.5311,8,nan,0,0,0
g3scan,rq4graded,6.0,-1.0,eb0482,0.0482,tier0,1,3.2,0,0.27,20000,0.9751,0.0249,0.0,14.272,0.0,nan,9.3834,3.4869,3.4674,4,3.311,8,nan,0,0,0
g3scan,rq4graded,6.0,-1.0,eb0482,0.0482,tier0,1,3.2,0,0.28,20000,0.9751,0.0249,0.0,14.021,0.0,nan,9.1326,3.3056,3.2878,4,3.1116,8,nan,0,0,0
g3scan,rq4graded,6.0,-1.0,eb0482,0.0482,tier0,1,3.2,0,0.29,20000,0.9751,0.0249,0.0,13.778,0.0,0.0,8.8896,2.9791,2.9478,5,2.9388,8,nan,0,0,0
g3scan,rq4graded,6.0,-1.0,eb0482,0.0482,tier0,1,3.2,0,0.3,20000,0.9751,0.0249,0.0,13.53,0.0,0.0,8.6413,2.6656,2.614,6,2.7809,8,nan,0,0,0
g3scan,rq4graded,6.0,-1.0,eb0482,0.0482,tier0,1,3.2,0,0.31,20000,0.9751,0.0249,0.0,13.286,0.0,0.167,8.3979,2.5378,2.4912,6,2.6423,8,nan,0,0,0
g3scan,rq4graded,6.0,-1.0,eb0482,0.0482,tier0,1,3.2,0,0.32,20000,0.9751,0.0249,0.0,13.037,0.0001,0.222,8.1487,2.4111,2.3696,6,2.5165,8,nan,0,0,0
g3scan,rq4graded,6.0,-1.0,eb0482,0.0482,tier0,1,3.2,0,0.33,20000,0.9751,0.0249,0.0,12.793,0.0002,0.136,7.904,2.1411,2.0683,7,2.4051,8,nan,0,0,0
g3scan,rq4graded,6.0,-1.0,eb0482,0.0482,tier0,1,3.2,0,0.34,20000,0.9751,0.0249,0.0,12.549,0.0003,0.116,7.6599,2.0384,1.9718,7,2.3053,8,nan,0,0,0
g3scan,rq4graded,6.0,-1.0,eb0482,0.0482,tier0,1,3.2,0,0.35,20000,0.9751,0.0249,0.0001,12.304,0.0007,0.121,7.4163,1.9399,1.8801,7,2.2162,8,0.864,0,0,0
g3scan,rq4graded,6.0,-1.0,eb0482,0.0482,tier0,1,3.2,0,0.36,20000,0.9751,0.0249,0.0001,12.06,0.0016,0.179,7.1726,1.8468,1.7933,7,2.1362,8,0.832,0,0,0
g3scan,rq4graded,6.0,-1.0,eb0482,0.0482,tier0,1,3.2,0,0.37,20000,0.9751,0.0249,0.0002,11.819,0.0035,0.243,6.9324,1.7569,1.7088,7,2.065,8,0.8056,0,0,0
g3scan,rq4graded,6.0,-1.0,eb0482,0.0482,tier0,1,3.2,0,0.38,20000,0.9751,0.0249,0.0004,11.577,0.0066,0.333,6.6935,1.6714,1.6278,7,1.9986,8,0.779,0,0,0
g3scan,rq4graded,6.0,-1.0,eb0482,0.0482,tier0,1,3.2,0,0.39,20000,0.9751,0.0249,0.0008,11.342,0.0109,0.396,6.4631,1.5892,1.5499,7,1.9409,8,0.756,0,0,0
g3scan,rq4graded,6.0,-1.0,eb0482,0.0482,tier0,1,3.2,0,0.4,20000,0.9751,0.0249,0.0018,11.112,0.0164,0.47,6.244,1.5134,1.478,7,1.8862,8,0.7329,0,0,0
g3scan,rq4graded,6.0,-1.0,eb0482,0.0482,tier0,1,3.2,0,0.41,20000,0.9751,0.0249,0.0036,10.884,0.0229,0.531,6.0349,1.4407,1.4087,7,1.8371,8,0.7085,0,0,0
g3scan,rq4graded,6.0,-1.0,eb0482,0.0482,tier0,1,3.2,0,0.42,20000,0.9751,0.0249,0.0067,10.658,0.0312,0.637,5.8413,1.3713,1.3424,7,1.7913,8,0.6831,0,0,0
g3scan,rq4graded,6.0,-1.0,eb0482,0.0482,tier0,1,3.2,0,0.43,20000,0.9751,0.0249,0.0104,10.44,0.0399,0.737,5.6613,1.3069,1.2806,7,1.7492,8,0.6609,0,0,0
g3scan,rq4graded,6.0,-1.0,eb0482,0.0482,tier0,1,3.2,0,0.44,20000,0.9751,0.0249,0.0159,10.224,0.0499,0.854,5.5009,1.2472,1.223,7,1.7094,8,0.6376,0,0,0
g3scan,rq4graded,6.0,-1.0,eb0482,0.0482,tier0,1,3.2,0,0.45,20000,0.9751,0.0249,0.0228,10.014,0.0587,0.922,5.3587,1.1904,1.1679,7,1.6728,8,0.6173,0,0,0
g3scan,rq4graded,6.0,-1.0,eb0482,0.0482,tier0,1,3.2,0,0.46,20000,0.9751,0.0249,0.0317,9.806,0.0666,0.989,5.2382,1.137,1.116,7,1.6373,8,0.5971,0,0,0
g3scan,rq4graded,6.0,-1.0,eb0482,0.0482,tier0,1,3.2,0,0.47,20000,0.9751,0.0249,0.0428,9.608,0.0737,1.069,5.1483,1.0888,1.0689,7,1.6051,8,0.5759,0,0,0
g3scan,rq4graded,6.0,-1.0,eb0482,0.0482,tier0,1,3.2,0,0.48,20000,0.9751,0.0249,0.0539,9.413,0.0812,1.145,5.0606,1.0431,1.0241,7,1.5737,8,0.5568,0,0,0
g3scan,rq4graded,6.0,-1.0,eb0482,0.0482,tier0,1,3.2,0,0.49,20000,0.9751,0.0249,0.0676,9.221,0.0866,1.183,5.001,1.0002,0.9818,7,1.5443,8,0.5373,0,0,0
g3scan,rq4graded,6.0,-1.0,eb0482,0.0482,tier0,1,3.2,0,0.5,20000,0.9751,0.0249,0.0812,9.04,0.0928,1.254,4.9504,0.9615,0.9434,7,1.5174,8,0.5187,0,0,0
g3scan,rq4graded,6.0,-1.0,eb0482,0.0482,tier0,1,3.2,0,0.51,20000,0.9751,0.0249,0.0959,8.862,0.0966,1.271,4.9131,0.9241,0.9063,7,1.4916,8,0.5011,0,0,0
g3scan,rq4graded,6.0,-1.0,eb0482,0.0482,tier0,1,3.2,0,0.52,20000,0.9751,0.0249,0.1111,8.692,0.1005,1.326,4.8897,0.8901,0.8724,7,1.4668,8,0.4838,0,0,0
g3scan,rq4graded,6.0,-1.0,eb0482,0.0482,tier0,1,4.8,0,0.17,20000,0.9751,0.0249,0.0,14.401,0.0,nan,9.5124,nan,nan,0,3.6597,8,nan,0,0,0
g3scan,rq4graded,6.0,-1.0,eb0482,0.0482,tier0,1,4.8,0,0.18,20000,0.9751,0.0249,0.0,14.019,0.0,nan,9.1306,5.1244,5.1244,1,3.2019,8,nan,0,0,0
g3scan,rq4graded,6.0,-1.0,eb0482,0.0482,tier0,1,4.8,0,0.19,20000,0.9751,0.0249,0.0,13.634,0.0,nan,8.7455,4.5131,4.5109,2,2.8188,8,nan,0,0,0
g3scan,rq4graded,6.0,-1.0,eb0482,0.0482,tier0,1,4.8,0,0.2,20000,0.9751,0.0249,0.0,13.251,0.0,nan,8.3627,4.0806,4.0795,2,2.5057,8,nan,0,0,0
g3scan,rq4graded,6.0,-1.0,eb0482,0.0482,tier0,1,4.8,0,0.21,20000,0.9751,0.0249,0.0,12.868,0.0,nan,7.9797,3.6132,3.6113,3,2.2493,8,nan,0,0,0
g3scan,rq4graded,6.0,-1.0,eb0482,0.0482,tier0,1,4.8,0,0.22,20000,0.9751,0.0249,0.0,12.482,0.0,nan,7.5931,3.183,3.1793,4,2.0379,8,nan,0,0,0
g3scan,rq4graded,6.0,-1.0,eb0482,0.0482,tier0,1,4.8,0,0.23,20000,0.9751,0.0249,0.0,12.104,0.0,nan,7.2155,2.7841,2.7759,5,1.8712,8,nan,0,0,0
g3scan,rq4graded,6.0,-1.0,eb0482,0.0482,tier0,1,4.8,0,0.24,20000,0.9751,0.0249,0.0,11.72,0.0,nan,6.8317,2.5211,2.5156,5,1.7336,8,nan,0,0,0
g3scan,rq4graded,6.0,-1.0,eb0482,0.0482,tier0,1,4.8,0,0.25,20000,0.9751,0.0249,0.0,11.338,0.0,0.0,6.4491,2.191,2.1792,6,1.6231,8,nan,0,0,0
g3scan,rq4graded,6.0,-1.0,eb0482,0.0482,tier0,1,4.8,0,0.26,20000,0.9751,0.0249,0.0,10.955,0.0,0.0,6.0664,1.8843,1.8592,7,1.5293,8,nan,0,0,0
g3scan,rq4graded,6.0,-1.0,eb0482,0.0482,tier0,1,4.8,0,0.27,20000,0.9751,0.0249,0.0,10.573,0.0001,0.039,5.6845,1.7048,1.685,7,1.4495,8,nan,0,0,0
g3scan,rq4graded,6.0,-1.0,eb0482,0.0482,tier0,1,4.8,0,0.28,20000,0.9751,0.0249,0.0,10.197,0.0005,0.05,5.3082,1.5449,1.5304,7,1.3813,8,nan,0,0,0
g3scan,rq4graded,6.0,-1.0,eb0482,0.0482,tier0,1,4.8,0,0.29,20000,0.9751,0.0249,0.0,9.826,0.0021,0.097,4.9375,1.4017,1.3911,7,1.3217,8,0.8303,0,0,0
g3scan,rq4graded,6.0,-1.0,eb0482,0.0482,tier0,1,4.8,0,0.3,20000,0.9751,0.0249,0.0001,9.461,0.0074,0.187,4.5731,1.274,1.2662,7,1.2672,8,0.7812,0,0,0
g3scan,rq4graded,6.0,-1.0,eb0482,0.0482,tier0,1,4.8,0,0.31,20000,0.9751,0.0249,0.0004,9.101,0.018,0.296,4.2165,1.1591,1.1532,7,1.2198,8,0.7392,0,0,0
g3scan,rq4graded,6.0,-1.0,eb0482,0.0482,tier0,1,4.8,0,0.32,20000,0.9751,0.0249,0.0016,8.757,0.0357,0.454,3.8825,1.06,1.0554,7,1.1771,8,0.696,0,0,0
g3scan,rq4graded,6.0,-1.0,eb0482,0.0482,tier0,1,4.8,0,0.33,20000,0.9751,0.0249,0.0058,8.419,0.0588,0.643,3.5797,0.9715,0.9675,7,1.138,8,0.6533,0,0,0
g3scan,rq4graded,6.0,-1.0,eb0482,0.0482,tier0,1,4.8,0,0.34,20000,0.9751,0.0249,0.0142,8.096,0.0826,0.825,3.3239,0.8953,0.8914,7,1.1022,8,0.6145,0,0,0
g3scan,rq4graded,6.0,-1.0,eb0482,0.0482,tier0,1,4.8,0,0.35,20000,0.9751,0.0249,0.0275,7.783,0.1065,1.02,3.1144,0.8281,0.8239,7,1.0686,8,0.5767,0,0,0
g3scan,rq4graded,6.0,-1.0,eb0482,0.0482,tier0,1,4.8,0,0.36,20000,0.9751,0.0249,0.048,7.482,0.126,1.191,2.9702,0.7692,0.7643,7,1.038,8,0.5391,0,0,0
g3scan,rq4graded,6.0,-1.0,eb0482,0.0482,tier0,1,4.8,0,0.37,20000,0.9751,0.0249,0.0749,7.194,0.1393,1.307,2.8878,0.7179,0.7122,7,1.0094,8,0.5025,0,0,0
g3scan,rq4graded,6.0,-1.0,eb0482,0.0482,tier0,1,4.8,0,0.38,20000,0.9751,0.0249,0.1043,6.921,0.1504,1.417,2.8382,0.6726,0.6658,7,0.9827,8,0.4681,0,1,0
g3scan,rq4graded,6.0,-1.0,eb0482,0.0482,tier0,1,4.8,0,0.39,20000,0.9751,0.0249,0.1374,6.662,0.1562,1.471,2.8352,0.6336,0.6257,7,0.9591,8,0.4348,0,1,0
g3scan,rq4graded,6.0,-1.0,eb0482,0.0482,tier0,1,4.8,0,0.4,20000,0.9751,0.0249,0.17,6.422,0.1605,1.521,2.8488,0.5996,0.5904,7,0.9366,8,0.4037,0,1,0
g3scan,rq4graded,6.0,-1.0,eb0482,0.0482,tier0,1,4.8,0,0.41,20000,0.9751,0.0249,0.2025,6.194,0.1634,1.578,2.8772,0.5694,0.5591,7,0.9149,8,0.3741,0,1,0
g3scan,rq4graded,6.0,-1.0,eb0482,0.0482,tier0,1,4.8,0,0.42,20000,0.9751,0.0249,0.2347,5.979,0.1638,1.613,2.9241,0.5426,0.5314,7,0.8947,8,0.3459,0,1,0
g3scan,rq4graded,6.0,-1.0,eb0482,0.0482,tier0,1,4.8,0,0.43,20000,0.9751,0.0249,0.2645,5.779,0.1649,1.663,2.968,0.5191,0.507,7,0.876,8,0.3196,0,1,0
g3scan,rq4graded,6.0,-1.0,eb0482,0.0482,tier0,1,4.8,0,0.44,20000,0.9751,0.0249,0.2933,5.591,0.1642,1.713,3.0231,0.4986,0.4857,7,0.8573,8,0.2956,0,1,0
g3scan,rq4graded,6.0,-1.0,eb0482,0.0482,tier0,1,4.8,0,0.45,20000,0.9751,0.0249,0.3205,5.414,0.161,1.684,3.0787,0.4799,0.4665,7,0.8404,8,0.2746,0,1,0
g3scan,rq4graded,6.0,-1.0,eb0482,0.0482,tier0,1,4.8,0,0.46,20000,0.9751,0.0249,0.3459,5.248,0.1588,1.663,3.1348,0.4627,0.4488,7,0.8246,8,0.2558,0,1,0
g3scan,rq4graded,6.0,-1.0,eb0482,0.0482,tier0,1,4.8,0,0.47,20000,0.9751,0.0249,0.3706,5.094,0.1549,1.622,3.2053,0.4476,0.4333,7,0.8097,8,0.2391,0,1,0
g3scan,rq4graded,6.0,-1.0,eb0482,0.0482,tier0,1,4.8,0,0.48,20000,0.9751,0.0249,0.3923,4.948,0.1528,1.607,3.2527,0.4333,0.4187,7,0.7952,8,0.2251,0,1,0
g3scan,rq4graded,6.0,-1.0,eb0482,0.0482,tier0,1,4.8,0,0.49,20000,0.9751,0.0249,0.4133,4.809,0.1489,1.554,3.3072,0.4199,0.4053,7,0.7809,8,0.2128,0,1,0
g3scan,rq4graded,6.0,-1.0,eb0482,0.0482,tier0,1,4.8,0,0.5,20000,0.9751,0.0249,0.4315,4.679,0.1504,1.633,3.3414,0.4077,0.393,7,0.7671,8,0.2021,0,1,0
g3scan,rq4graded,6.0,-1.0,eb0482,0.0482,tier0,1,4.8,0,0.51,20000,0.9751,0.0249,0.4495,4.556,0.1484,1.61,3.3869,0.3965,0.3816,7,0.7551,8,0.1923,0,1,0
g3scan,rq4graded,6.0,-1.0,eb0482,0.0482,tier0,1,4.8,0,0.52,20000,0.9751,0.0249,0.4662,4.44,0.1472,1.629,3.4287,0.3862,0.3712,7,0.7429,8,0.1839,0,1,0
g3scan,rq4graded,6.0,-1.0,eb0482,0.0482,tier0,1,6.4,0,0.17,20000,0.9751,0.0249,0.0,12.664,0.0,nan,7.7757,4.4802,4.4801,2,2.0855,8,nan,0,0,0
g3scan,rq4graded,6.0,-1.0,eb0482,0.0482,tier0,1,6.4,0,0.18,20000,0.9751,0.0249,0.0,12.18,0.0,nan,7.2914,3.8568,3.8568,2,1.7858,8,nan,0,0,0
g3scan,rq4graded,6.0,-1.0,eb0482,0.0482,tier0,1,6.4,0,0.19,20000,0.9751,0.0249,0.0,11.696,0.0,nan,6.8075,3.3146,3.3141,3,1.5647,8,nan,0,0,0
g3scan,rq4graded,6.0,-1.0,eb0482,0.0482,tier0,1,6.4,0,0.2,20000,0.9751,0.0249,0.0,11.214,0.0,nan,6.325,2.8371,2.8355,4,1.4033,8,nan,0,0,0
g3scan,rq4graded,6.0,-1.0,eb0482,0.0482,tier0,1,6.4,0,0.21,20000,0.9751,0.0249,0.0,10.729,0.0,nan,5.8401,2.4071,2.4032,5,1.2795,8,nan,0,0,0
g3scan,rq4graded,6.0,-1.0,eb0482,0.0482,tier0,1,6.4,0,0.22,20000,0.9751,0.0249,0.0,10.247,0.0,nan,5.3582,2.03,2.0236,6,1.1829,8,nan,0,0,0
g3scan,rq4graded,6.0,-1.0,eb0482,0.0482,tier0,1,6.4,0,0.23,20000,0.9751,0.0249,0.0,9.763,0.0,0.0,4.8745,1.7408,1.7336,6,1.1038,8,nan,0,0,0
g3scan,rq4graded,6.0,-1.0,eb0482,0.0482,tier0,1,6.4,0,0.24,20000,0.9751,0.0249,0.0,9.284,0.0,0.013,4.3951,1.4594,1.4502,7,1.0371,8,nan,0,0,0
g3scan,rq4graded,6.0,-1.0,eb0482,0.0482,tier0,1,6.4,0,0.25,20000,0.9751,0.0249,0.0,8.808,0.0002,0.018,3.9194,1.2667,1.2604,7,0.9794,8,nan,0,0,0
g3scan,rq4graded,6.0,-1.0,eb0482,0.0482,tier0,1,6.4,0,0.26,20000,0.9751,0.0249,0.0,8.344,0.0024,0.058,3.4552,1.1042,1.1005,7,0.929,8,0.8275,0,0,0
g3scan,rq4graded,6.0,-1.0,eb0482,0.0482,tier0,1,6.4,0,0.27,20000,0.9751,0.0249,0.0001,7.895,0.0131,0.167,3.0073,0.9683,0.9665,7,0.8846,8,0.7578,0,0,0
g3scan,rq4graded,6.0,-1.0,eb0482,0.0482,tier0,1,6.4,0,0.28,20000,0.9751,0.0249,0.0004,7.463,0.0391,0.347,2.5771,0.8543,0.8537,7,0.8454,8,0.6968,0,0,0
g3scan,rq4graded,6.0,-1.0,eb0482,0.0482,tier0,1,6.4,0,0.29,20000,0.9751,0.0249,0.0032,7.05,0.0808,0.618,2.184,0.7596,0.7593,7,0.8106,8,0.6395,0,1,0
g3scan,rq4graded,6.0,-1.0,eb0482,0.0482,tier0,1,6.4,0,0.3,20000,0.9751,0.0249,0.014,6.652,0.1259,0.925,1.8579,0.6809,0.6803,7,0.7775,8,0.5841,0,1,0
g3scan,rq4graded,6.0,-1.0,eb0482,0.0482,tier0,1,6.4,0,0.31,20000,0.9751,0.0249,0.0376,6.279,0.1635,1.208,1.6356,0.6166,0.6152,7,0.748,8,0.531,0,1,0
g3scan,rq4graded,6.0,-1.0,eb0482,0.0482,tier0,1,6.4,0,0.32,20000,0.9751,0.0249,0.0761,5.919,0.1895,1.426,1.5185,0.5633,0.5605,7,0.7211,8,0.4777,0,1,0
g3scan,rq4graded,6.0,-1.0,eb0482,0.0482,tier0,1,6.4,0,0.33,20000,0.9751,0.0249,0.1233,5.586,0.2036,1.574,1.4832,0.5191,0.515,7,0.6966,8,0.4276,1,1,1
g3scan,rq4graded,6.0,-1.0,eb0482,0.0482,tier0,1,6.4,0,0.34,20000,0.9751,0.0249,0.1753,5.275,0.2098,1.678,1.5082,0.4819,0.4764,7,0.674,8,0.3797,1,1,1
g3scan,rq4graded,6.0,-1.0,eb0482,0.0482,tier0,1,6.4,0,0.35,20000,0.9751,0.0249,0.2264,4.991,0.2124,1.771,1.5632,0.451,0.4443,7,0.6532,8,0.3355,1,1,1
g3scan,rq4graded,6.0,-1.0,eb0482,0.0482,tier0,1,6.4,0,0.36,20000,0.9751,0.0249,0.2748,4.73,0.2102,1.783,1.6336,0.4248,0.4172,7,0.6336,8,0.2965,1,1,1
g3scan,rq4graded,6.0,-1.0,eb0482,0.0482,tier0,1,6.4,0,0.37,20000,0.9751,0.0249,0.3191,4.492,0.2071,1.79,1.7095,0.4023,0.3939,7,0.6148,8,0.2634,1,1,1
g3scan,rq4graded,6.0,-1.0,eb0482,0.0482,tier0,1,6.4,0,0.38,20000,0.9751,0.0249,0.36,4.275,0.2017,1.744,1.7909,0.3823,0.3733,7,0.5978,8,0.236,1,0,0
g3scan,rq4graded,6.0,-1.0,eb0482,0.0482,tier0,1,6.4,0,0.39,20000,0.9751,0.0249,0.3971,4.079,0.1964,1.718,1.877,0.365,0.3557,7,0.5813,8,0.2139,1,0,0
g3scan,rq4graded,6.0,-1.0,eb0482,0.0482,tier0,1,6.4,0,0.4,20000,0.9751,0.0249,0.4295,3.896,0.193,1.704,1.941,0.3494,0.3398,7,0.5661,8,0.1962,1,0,0
g3scan,rq4graded,6.0,-1.0,eb0482,0.0482,tier0,1,6.4,0,0.41,20000,0.9751,0.0249,0.4591,3.729,0.1901,1.705,2.0051,0.3356,0.3256,7,0.5521,8,0.1816,1,0,0
g3scan,rq4graded,6.0,-1.0,eb0482,0.0482,tier0,1,6.4,0,0.42,20000,0.9751,0.0249,0.485,3.576,0.1883,1.745,2.0553,0.3228,0.3126,7,0.539,8,0.1697,0,0,0
g3scan,rq4graded,6.0,-1.0,eb0482,0.0482,tier0,1,6.4,0,0.43,20000,0.9751,0.0249,0.5089,3.432,0.1855,1.769,2.1007,0.3109,0.3007,7,0.5255,8,0.1596,0,0,0
g3scan,rq4graded,6.0,-1.0,eb0482,0.0482,tier0,1,6.4,0,0.44,20000,0.9751,0.0249,0.5318,3.301,0.1824,1.767,2.1623,0.3002,0.29,7,0.5146,8,0.1506,0,0,0
g3scan,rq4graded,6.0,-1.0,eb0482,0.0482,tier0,1,6.4,0,0.45,20000,0.9751,0.0249,0.5529,3.175,0.1774,1.702,2.215,0.2901,0.28,7,0.5036,8,0.1425,0,0,0
g3scan,rq4graded,6.0,-1.0,eb0482,0.0482,tier0,1,6.4,0,0.46,20000,0.9751,0.0249,0.5714,3.06,0.1723,1.575,2.2537,0.2812,0.2711,7,0.4921,8,0.1356,0,0,0
g3scan,rq4graded,6.0,-1.0,eb0482,0.0482,tier0,1,6.4,0,0.47,20000,0.9751,0.0249,0.5889,2.952,0.1698,1.558,2.2933,0.2725,0.2624,7,0.481,8,0.1295,0,0,0
g3scan,rq4graded,6.0,-1.0,eb0482,0.0482,tier0,1,6.4,0,0.48,20000,0.9751,0.0249,0.6051,2.85,0.1668,1.5,2.3296,0.2646,0.2546,7,0.471,8,0.1237,0,0,0
g3scan,rq4graded,6.0,-1.0,eb0482,0.0482,tier0,1,6.4,0,0.49,20000,0.9751,0.0249,0.6203,2.755,0.167,1.527,2.3706,0.2575,0.2475,7,0.4614,8,0.1185,0,0,0
g3scan,rq4graded,6.0,-1.0,eb0482,0.0482,tier0,1,6.4,0,0.5,20000,0.9751,0.0249,0.6332,2.666,0.1703,1.628,2.383,0.2505,0.2406,7,0.4531,8,0.1139,0,0,0
g3scan,rq4graded,6.0,-1.0,eb0482,0.0482,tier0,1,6.4,0,0.51,20000,0.9751,0.0249,0.6452,2.582,0.1718,1.654,2.3918,0.2443,0.2343,7,0.4438,8,0.1103,0,0,0
g3scan,rq4graded,6.0,-1.0,eb0482,0.0482,tier0,1,6.4,0,0.52,20000,0.9751,0.0249,0.6574,2.502,0.1718,1.669,2.4192,0.2384,0.2284,7,0.4348,8,0.1066,0,0,0
g3scan,rq4graded,6.0,-1.0,eb0482,0.0482,tier0,1,9.6,1,0.17,20000,0.9751,0.0249,0.0,10.339,0.0,nan,5.4611,2.9284,2.9116,3,0.9487,8,nan,0,0,0
g3scan,rq4graded,6.0,-1.0,eb0482,0.0482,tier0,1,9.6,1,0.18,20000,0.9751,0.0249,0.0,9.719,0.0,nan,4.8445,2.3594,2.3237,4,0.8355,8,nan,0,0,0
g3scan,rq4graded,6.0,-1.0,eb0482,0.0482,tier0,1,9.6,1,0.19,20000,0.9751,0.0249,0.0,9.099,0.0,nan,4.2292,1.9,1.8559,5,0.7516,8,nan,0,0,0
g3scan,rq4graded,6.0,-1.0,eb0482,0.0482,tier0,1,9.6,1,0.2,20000,0.9751,0.0249,0.0,8.479,0.0,nan,3.6127,1.5341,1.4954,6,0.6823,8,nan,0,0,0
g3scan,rq4graded,6.0,-1.0,eb0482,0.0482,tier0,1,9.6,1,0.21,20000,0.9751,0.0249,0.0,7.863,0.0,0.0,3.004,1.2183,1.1874,6,0.626,8,nan,0,0,0
g3scan,rq4graded,6.0,-1.0,eb0482,0.0482,tier0,1,9.6,1,0.22,20000,0.9751,0.0249,0.0,7.254,0.0,0.0,2.4012,0.9953,0.9757,7,0.5792,8,nan,0,0,0
g3scan,rq4graded,6.0,-1.0,eb0482,0.0482,tier0,1,9.6,1,0.23,20000,0.9751,0.0249,0.0,6.675,0.0008,0.012,1.8299,0.8136,0.8018,7,0.5387,8,0.8702,0,1,0
g3scan,rq4graded,6.0,-1.0,eb0482,0.0482,tier0,1,9.6,1,0.24,20000,0.9751,0.0249,0.0,6.119,0.0179,0.115,1.2959,0.6738,0.6676,7,0.5017,8,0.7443,0,1,0
g3scan,rq4graded,6.0,-1.0,eb0482,0.0482,tier0,1,9.6,1,0.25,20000,0.9751,0.0249,0.0002,5.596,0.0825,0.42,0.8148,0.5669,0.5646,7,0.4728,8,0.6467,0,1,0
g3scan,rq4graded,6.0,-1.0,eb0482,0.0482,tier0,1,9.6,1,0.26,20000,0.9751,0.0249,0.0044,5.104,0.1761,0.914,0.4479,0.4848,0.4843,7,0.4443,8,0.5677,0,1,0
g3scan,rq4graded,6.0,-1.0,eb0482,0.0482,tier0,1,9.6,1,0.27,20000,0.9751,0.0249,0.0339,4.651,0.2533,1.47,0.2593,0.4227,0.4223,7,0.4193,8,0.4891,1,1,1
g3scan,rq4graded,6.0,-1.0,eb0482,0.0482,tier0,1,9.6,1,0.28,20000,0.9751,0.0249,0.1045,4.224,0.2901,1.863,0.226,0.3761,0.3748,7,0.3977,8,0.4071,1,0,0
g3scan,rq4graded,6.0,-1.0,eb0482,0.0482,tier0,1,9.6,1,0.29,20000,0.9751,0.0249,0.1951,3.826,0.2966,1.971,0.1735,0.3396,0.3374,7,0.3769,8,0.331,1,0,0
g3scan,rq4graded,6.0,-1.0,eb0482,0.0482,tier0,1,9.6,1,0.3,20000,0.9751,0.0249,0.283,3.48,0.2909,1.995,0.1756,0.3116,0.3085,7,0.3587,8,0.2675,1,0,0
g3scan,rq4graded,6.0,-1.0,eb0482,0.0482,tier0,1,9.6,1,0.31,20000,0.9751,0.0249,0.3601,3.176,0.2817,1.976,0.232,0.2881,0.2844,7,0.3425,8,0.2196,1,0,0
g3scan,rq4graded,6.0,-1.0,eb0482,0.0482,tier0,1,9.6,1,0.32,20000,0.9751,0.0249,0.4254,2.914,0.2713,1.974,0.3219,0.2689,0.2646,7,0.3276,8,0.1866,1,0,0
g3scan,rq4graded,6.0,-1.0,eb0482,0.0482,tier0,1,9.6,1,0.33,20000,0.9751,0.0249,0.4781,2.687,0.2652,1.935,0.3928,0.2521,0.2474,7,0.3136,8,0.1635,1,0,0
g3scan,rq4graded,6.0,-1.0,eb0482,0.0482,tier0,1,9.6,1,0.34,20000,0.9751,0.0249,0.5246,2.488,0.2535,1.792,0.477,0.2375,0.2326,7,0.3009,8,0.146,1,0,0
g3scan,rq4graded,6.0,-1.0,eb0482,0.0482,tier0,1,9.6,1,0.35,20000,0.9751,0.0249,0.5641,2.311,0.2453,1.72,0.5453,0.2246,0.2196,7,0.289,8,0.1322,1,0,0
g3scan,rq4graded,6.0,-1.0,eb0482,0.0482,tier0,1,9.6,1,0.36,20000,0.9751,0.0249,0.5979,2.153,0.2449,1.775,0.6003,0.2131,0.208,7,0.279,8,0.1206,1,0,0
g3scan,rq4graded,6.0,-1.0,eb0482,0.0482,tier0,1,9.6,1,0.37,20000,0.9751,0.0249,0.6275,2.012,0.2423,1.792,0.6531,0.203,0.1977,7,0.2704,8,0.1116,1,0,0
g3scan,rq4graded,6.0,-1.0,eb0482,0.0482,tier0,1,9.6,1,0.38,20000,0.9751,0.0249,0.6523,1.887,0.2415,1.838,0.6821,0.1933,0.1881,7,0.2623,8,0.1043,1,0,0
g3scan,rq4graded,6.0,-1.0,eb0482,0.0482,tier0,1,9.6,1,0.39,20000,0.9751,0.0249,0.6754,1.773,0.2407,1.856,0.7216,0.1849,0.1798,7,0.253,8,0.0976,1,0,0
g3scan,rq4graded,6.0,-1.0,eb0482,0.0482,tier0,1,9.6,1,0.4,20000,0.9751,0.0249,0.6976,1.667,0.2343,1.769,0.7793,0.1771,0.1719,7,0.2454,8,0.0919,1,0,0
g3scan,rq4graded,6.0,-1.0,eb0482,0.0482,tier0,1,9.6,1,0.41,20000,0.9751,0.0249,0.717,1.572,0.2274,1.73,0.8281,0.1701,0.165,7,0.2375,8,0.0867,1,0,0
g3scan,rq4graded,6.0,-1.0,eb0482,0.0482,tier0,1,9.6,1,0.42,20000,0.9751,0.0249,0.7342,1.485,0.2259,1.773,0.8675,0.1638,0.1587,7,0.231,8,0.0819,1,0,0
g3scan,rq4graded,6.0,-1.0,eb0482,0.0482,tier0,1,9.6,1,0.43,20000,0.9751,0.0249,0.7502,1.403,0.2227,1.795,0.9062,0.1578,0.1527,7,0.2243,8,0.0779,1,0,0
g3scan,rq4graded,6.0,-1.0,eb0482,0.0482,tier0,1,9.6,1,0.44,20000,0.9751,0.0249,0.7638,1.33,0.2206,1.747,0.9263,0.1521,0.147,7,0.2194,8,0.0745,1,0,0
g3scan,rq4graded,6.0,-1.0,eb0482,0.0482,tier0,1,9.6,1,0.45,20000,0.9751,0.0249,0.7761,1.264,0.218,1.734,0.9513,0.1475,0.1424,7,0.2155,8,0.0711,1,0,0
g3scan,rq4graded,6.0,-1.0,eb0482,0.0482,tier0,1,9.6,1,0.46,20000,0.9751,0.0249,0.7873,1.201,0.2154,1.67,0.9634,0.1424,0.1375,7,0.2115,8,0.068,1,0,0
g3scan,rq4graded,6.0,-1.0,eb0482,0.0482,tier0,1,9.6,1,0.47,20000,0.9751,0.0249,0.7986,1.141,0.2125,1.694,0.9922,0.1376,0.1329,7,0.2055,8,0.0651,1,0,0
g3scan,rq4graded,6.0,-1.0,eb0482,0.0482,tier0,1,9.6,1,0.48,20000,0.9751,0.0249,0.809,1.088,0.2089,1.678,1.0285,0.1333,0.1287,7,0.1991,7,0.0623,1,0,0
g3scan,rq4graded,6.0,-1.0,eb0482,0.0482,tier0,1,9.6,1,0.49,20000,0.9751,0.0249,0.8176,1.038,0.2069,1.636,1.0351,0.1289,0.1245,7,0.1946,7,0.06,1,0,0
g3scan,rq4graded,6.0,-1.0,eb0482,0.0482,tier0,1,9.6,1,0.5,20000,0.9751,0.0249,0.8257,0.989,0.2094,1.664,1.0268,0.1248,0.1205,7,0.1903,7,0.058,1,0,0
g3scan,rq4graded,6.0,-1.0,eb0482,0.0482,tier0,1,9.6,1,0.51,20000,0.9751,0.0249,0.8331,0.946,0.2093,1.668,1.0375,0.1215,0.1173,7,0.1863,7,0.0562,1,0,0
g3scan,rq4graded,6.0,-1.0,eb0482,0.0482,tier0,1,9.6,1,0.52,20000,0.9751,0.0249,0.8405,0.905,0.2071,1.602,1.0556,0.118,0.1138,7,0.1826,7,0.0547,1,0,0
g3scan,rq4graded,6.0,-1.0,eb0482,0.0482,tier0,1,12.8,1,0.17,20000,0.9751,0.0249,0.0,8.865,0.0,nan,4.0847,2.0626,1.9747,4,0.5616,8,nan,0,0,0
g3scan,rq4graded,6.0,-1.0,eb0482,0.0482,tier0,1,12.8,1,0.18,20000,0.9751,0.0249,0.0,8.157,0.0,nan,3.4244,1.6102,1.5211,5,0.4927,8,nan,0,0,0
g3scan,rq4graded,6.0,-1.0,eb0482,0.0482,tier0,1,12.8,1,0.19,20000,0.9751,0.0249,0.0,7.454,0.0,nan,2.7905,1.2647,1.1921,6,0.4395,8,nan,0,0,0
g3scan,rq4graded,6.0,-1.0,eb0482,0.0482,tier0,1,12.8,1,0.2,20000,0.9751,0.0249,0.0,6.746,0.0,0.0,2.1878,0.9398,0.893,6,0.3959,8,nan,0,1,0
g3scan,rq4graded,6.0,-1.0,eb0482,0.0482,tier0,1,12.8,1,0.21,20000,0.9751,0.0249,0.0,6.078,0.0,0.0,1.6646,0.7601,0.7291,7,0.3627,8,nan,0,1,0
g3scan,rq4graded,6.0,-1.0,eb0482,0.0482,tier0,1,12.8,1,0.22,20000,0.9751,0.0249,0.0,5.435,0.0024,0.015,1.2383,0.5931,0.5763,7,0.3322,8,0.8265,0,1,0
g3scan,rq4graded,6.0,-1.0,eb0482,0.0482,tier0,1,12.8,1,0.23,20000,0.9751,0.0249,0.0,4.844,0.0572,0.225,0.9471,0.4741,0.4665,7,0.3079,8,0.6744,0,1,0
g3scan,rq4graded,6.0,-1.0,eb0482,0.0482,tier0,1,12.8,1,0.24,20000,0.9751,0.0249,0.0004,4.284,0.1931,0.81,0.8789,0.3874,0.3854,7,0.2857,8,0.5642,1,0,0
g3scan,rq4graded,6.0,-1.0,eb0482,0.0482,tier0,1,12.8,1,0.25,20000,0.9751,0.0249,0.019,3.791,0.3175,1.63,1.0237,0.3259,0.3257,7,0.2694,8,0.4725,0,0,0
g3scan,rq4graded,6.0,-1.0,eb0482,0.0482,tier0,1,12.8,1,0.26,20000,0.9751,0.0249,0.1121,3.322,0.3683,2.174,1.147,0.2835,0.2831,7,0.2586,7,0.3687,0,0,0
g3scan,rq4graded,6.0,-1.0,eb0482,0.0482,tier0,1,12.8,1,0.27,20000,0.9751,0.0249,0.2442,2.886,0.366,2.273,1.0697,0.2524,0.2514,7,0.2424,7,0.2741,0,0,0
g3scan,rq4graded,6.0,-1.0,eb0482,0.0482,tier0,1,12.8,1,0.28,20000,0.9751,0.0249,0.3603,2.523,0.3506,2.215,0.9437,0.2283,0.2267,7,0.2294,7,0.207,0,0,0
g3scan,rq4graded,6.0,-1.0,eb0482,0.0482,tier0,1,12.8,1,0.29,20000,0.9751,0.0249,0.4522,2.223,0.3344,2.083,0.8299,0.2081,0.2062,7,0.2161,7,0.166,0,0,0
g3scan,rq4graded,6.0,-1.0,eb0482,0.0482,tier0,1,12.8,1,0.3,20000,0.9751,0.0249,0.5241,1.977,0.3196,1.966,0.7351,0.1918,0.1896,7,0.2054,7,0.1399,0,0,0
g3scan,rq4graded,6.0,-1.0,eb0482,0.0482,tier0,1,12.8,1,0.31,20000,0.9751,0.0249,0.582,1.767,0.3131,1.997,0.66,0.1776,0.1752,7,0.199,7,0.1209,0,0,0
g3scan,rq4graded,6.0,-1.0,eb0482,0.0482,tier0,1,12.8,1,0.32,20000,0.9751,0.0249,0.6286,1.592,0.3068,1.986,0.6096,0.1659,0.1633,7,0.188,6,0.1072,0,0,0
g3scan,rq4graded,6.0,-1.0,eb0482,0.0482,tier0,1,12.8,1,0.33,20000,0.9751,0.0249,0.6662,1.441,0.304,1.996,0.5831,0.155,0.1524,7,0.1792,6,0.0969,0,0,0
g3scan,rq4graded,6.0,-1.0,eb0482,0.0482,tier0,1,12.8,1,0.34,20000,0.9751,0.0249,0.7009,1.31,0.2924,1.917,0.5598,0.1455,0.1429,7,0.1731,6,0.0883,1,0,0
g3scan,rq4graded,6.0,-1.0,eb0482,0.0482,tier0,1,12.8,1,0.35,20000,0.9751,0.0249,0.7301,1.19,0.2905,1.971,0.5478,0.1363,0.1337,7,0.1659,6,0.0805,1,0,0
g3scan,rq4graded,6.0,-1.0,eb0482,0.0482,tier0,1,12.8,1,0.36,20000,0.9751,0.0249,0.7549,1.09,0.281,1.861,0.5508,0.1292,0.1265,7,0.1624,6,0.0745,1,0,0
g3scan,rq4graded,6.0,-1.0,eb0482,0.0482,tier0,1,12.8,1,0.37,20000,0.9751,0.0249,0.7756,1.002,0.2766,1.858,0.5718,0.1221,0.1196,7,0.156,6,0.0691,1,0,0
g3scan,rq4graded,6.0,-1.0,eb0482,0.0482,tier0,1,12.8,1,0.38,20000,0.9751,0.0249,0.7943,0.921,0.2733,1.834,0.6027,0.1156,0.1133,7,0.1463,5,0.0644,1,0,0
g3scan,rq4graded,6.0,-1.0,eb0482,0.0482,tier0,1,12.8,1,0.39,20000,0.9751,0.0249,0.811,0.849,0.268,1.777,0.6315,0.1102,0.1079,7,0.1426,5,0.0602,1,0,0
g3scan,rq4graded,6.0,-1.0,eb0482,0.0482,tier0,1,12.8,1,0.4,20000,0.9751,0.0249,0.8247,0.785,0.2658,1.718,0.6503,0.1045,0.1022,7,0.1371,5,0.0569,1,0,0
g3scan,rq4graded,6.0,-1.0,eb0482,0.0482,tier0,1,12.8,1,0.41,20000,0.9751,0.0249,0.837,0.727,0.2679,1.81,0.6683,0.0993,0.0972,7,0.136,5,0.054,1,0,0
g3scan,rq4graded,6.0,-1.0,eb0482,0.0482,tier0,1,12.8,1,0.42,20000,0.9751,0.0249,0.8488,0.675,0.2657,1.872,0.6979,0.0946,0.0926,7,0.1336,5,0.0513,1,0,0
g3scan,rq4graded,6.0,-1.0,eb0482,0.0482,tier0,1,12.8,1,0.43,20000,0.9751,0.0249,0.8594,0.625,0.268,1.965,0.7226,0.0906,0.0886,7,0.1198,4,0.0487,1,0,0
g3scan,rq4graded,6.0,-1.0,eb0482,0.0482,tier0,1,12.8,1,0.44,20000,0.9751,0.0249,0.8685,0.582,0.2637,1.853,0.7456,0.0872,0.0851,7,0.1184,4,0.0464,1,0,0
g3scan,rq4graded,6.0,-1.0,eb0482,0.0482,tier0,1,12.8,1,0.45,20000,0.9751,0.0249,0.877,0.543,0.2539,1.692,0.776,0.0831,0.0812,7,0.1173,4,0.0442,1,0,0
g3scan,rq4graded,6.0,-1.0,eb0482,0.0482,tier0,1,12.8,1,0.46,20000,0.9751,0.0249,0.8851,0.504,0.2554,1.753,0.7947,0.0797,0.0779,7,0.1162,4,0.0419,1,0,0
g3scan,rq4graded,6.0,-1.0,eb0482,0.0482,tier0,1,12.8,1,0.47,20000,0.9751,0.0249,0.8921,0.471,0.2498,1.624,0.8278,0.0763,0.0746,7,0.114,4,0.0402,1,0,0
g3scan,rq4graded,6.0,-1.0,eb0482,0.0482,tier0,1,12.8,1,0.48,20000,0.9751,0.0249,0.8987,0.44,0.2508,1.652,0.8516,0.0733,0.0717,7,0.1146,4,0.0382,1,0,0
g3scan,rq4graded,6.0,-1.0,eb0482,0.0482,tier0,1,12.8,1,0.49,20000,0.9751,0.0249,0.9042,0.411,0.2493,1.549,0.8695,0.0703,0.0687,7,0.1014,3,0.0368,1,0,0
g3scan,rq4graded,6.0,-1.0,eb0482,0.0482,tier0,1,12.8,1,0.5,20000,0.9751,0.0249,0.9087,0.386,0.259,1.664,0.8883,0.0675,0.066,7,0.1027,3,0.0356,1,0,0
g3scan,rq4graded,6.0,-1.0,eb0482,0.0482,tier0,1,12.8,1,0.51,20000,0.9751,0.0249,0.9143,0.361,0.2585,1.725,0.9215,0.0652,0.0637,7,0.1018,3,0.0343,1,0,0
g3scan,rq4graded,6.0,-1.0,eb0482,0.0482,tier0,1,12.8,1,0.52,20000,0.9751,0.0249,0.9186,0.338,0.265,1.756,0.9305,0.0625,0.0611,7,0.1008,3,0.0333,1,0,0
g3scan,rq4graded,6.0,-1.0,eb1168,0.11675778353879479,tier0,0,2.4,0,0.17,20000,0.8706,0.1294,0.0,17.941,0.0,nan,13.0524,nan,nan,0,9.7134,5,nan,0,0,0
g3scan,rq4graded,6.0,-1.0,eb1168,0.11675778353879479,tier0,0,2.4,0,0.18,20000,0.8706,0.1294,0.0,17.757,0.0,nan,12.8683,nan,nan,0,9.2275,6,nan,0,0,0
g3scan,rq4graded,6.0,-1.0,eb1168,0.11675778353879479,tier0,0,2.4,0,0.19,20000,0.8706,0.1294,0.0,17.576,0.0,nan,12.6877,nan,nan,0,8.629,6,nan,0,0,0
g3scan,rq4graded,6.0,-1.0,eb1168,0.11675778353879479,tier0,0,2.4,0,0.2,20000,0.8706,0.1294,0.0,17.394,0.0,nan,12.5051,nan,nan,0,8.1671,7,nan,0,0,0
g3scan,rq4graded,6.0,-1.0,eb1168,0.11675778353879479,tier0,0,2.4,0,0.21,20000,0.8706,0.1294,0.0,17.213,0.0,nan,12.324,nan,nan,0,7.6781,7,nan,0,0,0
g3scan,rq4graded,6.0,-1.0,eb1168,0.11675778353879479,tier0,0,2.4,0,0.22,20000,0.8706,0.1294,0.0,17.03,0.0,nan,12.1417,nan,nan,0,7.223,7,nan,0,0,0
g3scan,rq4graded,6.0,-1.0,eb1168,0.11675778353879479,tier0,0,2.4,0,0.23,20000,0.8706,0.1294,0.0,16.851,0.0,nan,11.9619,nan,nan,0,6.8492,8,nan,0,0,0
g3scan,rq4graded,6.0,-1.0,eb1168,0.11675778353879479,tier0,0,2.4,0,0.24,20000,0.8706,0.1294,0.0,16.672,0.0,nan,11.783,nan,nan,0,6.4778,8,nan,0,0,0
g3scan,rq4graded,6.0,-1.0,eb1168,0.11675778353879479,tier0,0,2.4,0,0.25,20000,0.8706,0.1294,0.0,16.491,0.0,nan,11.6026,nan,nan,0,6.1332,8,nan,0,0,0
g3scan,rq4graded,6.0,-1.0,eb1168,0.11675778353879479,tier0,0,2.4,0,0.26,20000,0.8706,0.1294,0.0,16.31,0.0,nan,11.4218,nan,nan,0,5.8113,8,nan,0,0,0
g3scan,rq4graded,6.0,-1.0,eb1168,0.11675778353879479,tier0,0,2.4,0,0.27,20000,0.8706,0.1294,0.0,16.134,0.0,nan,11.2453,5.1006,5.1006,1,5.5214,8,nan,0,0,0
g3scan,rq4graded,6.0,-1.0,eb1168,0.11675778353879479,tier0,0,2.4,0,0.28,20000,0.8706,0.1294,0.0,15.953,0.0,nan,11.0648,4.8744,4.8744,1,5.2457,8,nan,0,0,0
g3scan,rq4graded,6.0,-1.0,eb1168,0.11675778353879479,tier0,0,2.4,0,0.29,20000,0.8706,0.1294,0.0,15.774,0.0,nan,10.8851,4.4611,4.4537,2,4.9895,8,nan,0,0,0
g3scan,rq4graded,6.0,-1.0,eb1168,0.11675778353879479,tier0,0,2.4,0,0.3,20000,0.8706,0.1294,0.0,15.597,0.0,nan,10.7084,4.2972,4.2887,2,4.758,8,nan,0,0,0
g3scan,rq4graded,6.0,-1.0,eb1168,0.11675778353879479,tier0,0,2.4,0,0.31,20000,0.8706,0.1294,0.0,15.415,0.0,nan,10.5259,3.9446,3.9277,3,4.5375,8,nan,0,0,0
g3scan,rq4graded,6.0,-1.0,eb1168,0.11675778353879479,tier0,0,2.4,0,0.32,20000,0.8706,0.1294,0.0,15.235,0.0,nan,10.3466,3.8095,3.7925,3,4.3355,8,nan,0,0,0
g3scan,rq4graded,6.0,-1.0,eb1168,0.11675778353879479,tier0,0,2.4,0,0.33,20000,0.8706,0.1294,0.0,15.054,0.0,nan,10.1654,3.4817,3.4515,4,4.1456,8,nan,0,0,0
g3scan,rq4graded,6.0,-1.0,eb1168,0.11675778353879479,tier0,0,2.4,0,0.34,20000,0.8706,0.1294,0.0,14.878,0.0,nan,9.9889,3.3644,3.3354,4,3.9728,8,nan,0,0,0
g3scan,rq4graded,6.0,-1.0,eb1168,0.11675778353879479,tier0,0,2.4,0,0.35,20000,0.8706,0.1294,0.0,14.7,0.0,0.0,9.811,3.0666,3.0175,5,3.8082,8,nan,0,0,0
g3scan,rq4graded,6.0,-1.0,eb1168,0.11675778353879479,tier0,0,2.4,0,0.36,20000,0.8706,0.1294,0.0,14.52,0.0,0.0,9.6313,2.9676,2.9211,5,3.6568,8,nan,0,0,0
g3scan,rq4graded,6.0,-1.0,eb1168,0.11675778353879479,tier0,0,2.4,0,0.37,20000,0.8706,0.1294,0.0,14.342,0.0,0.333,9.4536,2.6915,2.6175,6,3.5146,8,nan,0,0,0
g3scan,rq4graded,6.0,-1.0,eb1168,0.11675778353879479,tier0,0,2.4,0,0.38,20000,0.8706,0.1294,0.0,14.164,0.0001,0.6,9.2752,2.614,2.5438,6,3.3829,8,nan,0,0,0
g3scan,rq4graded,6.0,-1.0,eb1168,0.11675778353879479,tier0,0,2.4,0,0.39,20000,0.8706,0.1294,0.0,13.986,0.0001,0.333,9.0971,2.53,2.4629,6,3.2619,8,nan,0,0,0
g3scan,rq4graded,6.0,-1.0,eb1168,0.11675778353879479,tier0,0,2.4,0,0.4,20000,0.8706,0.1294,0.0,13.807,0.0001,0.217,8.9179,2.2746,2.1659,7,3.1469,8,nan,0,0,0
g3scan,rq4graded,6.0,-1.0,eb1168,0.11675778353879479,tier0,0,2.4,0,0.41,20000,0.8706,0.1294,0.0,13.628,0.0002,0.162,8.74,2.2089,2.1056,7,3.0387,8,nan,0,0,0
g3scan,rq4graded,6.0,-1.0,eb1168,0.11675778353879479,tier0,0,2.4,0,0.42,20000,0.8706,0.1294,0.0001,13.451,0.0003,0.188,8.564,2.1434,2.0444,7,2.9393,8,nan,0,0,0
g3scan,rq4graded,6.0,-1.0,eb1168,0.11675778353879479,tier0,0,2.4,0,0.43,20000,0.8706,0.1294,0.0001,13.273,0.0006,0.202,8.3855,2.0806,1.9867,7,2.8465,8,0.8243,0,0,0
g3scan,rq4graded,6.0,-1.0,eb1168,0.11675778353879479,tier0,0,2.4,0,0.44,20000,0.8706,0.1294,0.0001,13.095,0.0009,0.196,8.2075,2.0199,1.9305,7,2.7579,8,0.8104,0,0,0
g3scan,rq4graded,6.0,-1.0,eb1168,0.11675778353879479,tier0,0,2.4,0,0.45,20000,0.8706,0.1294,0.0002,12.919,0.0016,0.243,8.0333,1.9615,1.877,7,2.6769,8,0.7903,0,0,0
g3scan,rq4graded,6.0,-1.0,eb1168,0.11675778353879479,tier0,0,2.4,0,0.46,20000,0.8706,0.1294,0.0003,12.743,0.0028,0.331,7.8587,1.9044,1.8242,7,2.6007,8,0.7687,0,0,0
g3scan,rq4graded,6.0,-1.0,eb1168,0.11675778353879479,tier0,0,2.4,0,0.47,20000,0.8706,0.1294,0.0005,12.569,0.004,0.364,7.6871,1.8497,1.7733,7,2.529,8,0.7555,0,0,0
g3scan,rq4graded,6.0,-1.0,eb1168,0.11675778353879479,tier0,0,2.4,0,0.48,20000,0.8706,0.1294,0.0008,12.396,0.0061,0.472,7.5172,1.7961,1.7234,7,2.4636,8,0.7382,0,0,0
g3scan,rq4graded,6.0,-1.0,eb1168,0.11675778353879479,tier0,0,2.4,0,0.49,20000,0.8706,0.1294,0.0012,12.224,0.0083,0.515,7.35,1.7455,1.6762,7,2.4011,8,0.7256,0,0,0
g3scan,rq4graded,6.0,-1.0,eb1168,0.11675778353879479,tier0,0,2.4,0,0.5,20000,0.8706,0.1294,0.002,12.051,0.0102,0.523,7.1859,1.6947,1.629,7,2.3414,8,0.7132,0,0,0
g3scan,rq4graded,6.0,-1.0,eb1168,0.11675778353879479,tier0,0,2.4,0,0.51,20000,0.8706,0.1294,0.003,11.881,0.0135,0.593,7.0288,1.6464,1.5835,7,2.287,8,0.6973,0,0,0
g3scan,rq4graded,6.0,-1.0,eb1168,0.11675778353879479,tier0,0,2.4,0,0.52,20000,0.8706,0.1294,0.0042,11.715,0.0165,0.6,6.8761,1.5997,1.5398,7,2.2368,8,0.6839,0,0,0
g3scan,rq4graded,6.0,-1.0,eb1168,0.11675778353879479,tier0,0,3.2,0,0.17,20000,0.8706,0.1294,0.0,16.358,0.0,nan,11.469,nan,nan,0,6.5404,7,nan,0,0,0
g3scan,rq4graded,6.0,-1.0,eb1168,0.11675778353879479,tier0,0,3.2,0,0.18,20000,0.8706,0.1294,0.0,16.084,0.0,nan,11.1951,nan,nan,0,6.1184,8,nan,0,0,0
g3scan,rq4graded,6.0,-1.0,eb1168,0.11675778353879479,tier0,0,3.2,0,0.19,20000,0.8706,0.1294,0.0,15.814,0.0,nan,10.9253,nan,nan,0,5.5854,8,nan,0,0,0
g3scan,rq4graded,6.0,-1.0,eb1168,0.11675778353879479,tier0,0,3.2,0,0.2,20000,0.8706,0.1294,0.0,15.543,0.0,nan,10.6542,nan,nan,0,5.1159,8,nan,0,0,0
g3scan,rq4graded,6.0,-1.0,eb1168,0.11675778353879479,tier0,0,3.2,0,0.21,20000,0.8706,0.1294,0.0,15.273,0.0,nan,10.3845,nan,nan,0,4.6938,8,nan,0,0,0
g3scan,rq4graded,6.0,-1.0,eb1168,0.11675778353879479,tier0,0,3.2,0,0.22,20000,0.8706,0.1294,0.0,15.007,0.0,nan,10.1187,5.0312,5.0312,1,4.3205,8,nan,0,0,0
g3scan,rq4graded,6.0,-1.0,eb1168,0.11675778353879479,tier0,0,3.2,0,0.23,20000,0.8706,0.1294,0.0,14.734,0.0,nan,9.8452,4.7306,4.7306,1,3.9812,8,nan,0,0,0
g3scan,rq4graded,6.0,-1.0,eb1168,0.11675778353879479,tier0,0,3.2,0,0.24,20000,0.8706,0.1294,0.0,14.464,0.0,nan,9.5757,4.2774,4.272,2,3.6839,8,nan,0,0,0
g3scan,rq4graded,6.0,-1.0,eb1168,0.11675778353879479,tier0,0,3.2,0,0.25,20000,0.8706,0.1294,0.0,14.196,0.0,nan,9.3075,3.8747,3.8646,3,3.4196,8,nan,0,0,0
g3scan,rq4graded,6.0,-1.0,eb1168,0.11675778353879479,tier0,0,3.2,0,0.26,20000,0.8706,0.1294,0.0,13.931,0.0,nan,9.0424,3.6576,3.648,3,3.1858,8,nan,0,0,0
g3scan,rq4graded,6.0,-1.0,eb1168,0.11675778353879479,tier0,0,3.2,0,0.27,20000,0.8706,0.1294,0.0,13.66,0.0,nan,8.7712,3.3106,3.2941,4,2.9732,8,nan,0,0,0
g3scan,rq4graded,6.0,-1.0,eb1168,0.11675778353879479,tier0,0,3.2,0,0.28,20000,0.8706,0.1294,0.0,13.392,0.0,nan,8.5031,3.1289,3.1134,4,2.7853,8,nan,0,0,0
g3scan,rq4graded,6.0,-1.0,eb1168,0.11675778353879479,tier0,0,3.2,0,0.29,20000,0.8706,0.1294,0.0,13.124,0.0,0.0,8.2352,2.8182,2.7909,5,2.6165,8,nan,0,0,0
g3scan,rq4graded,6.0,-1.0,eb1168,0.11675778353879479,tier0,0,3.2,0,0.3,20000,0.8706,0.1294,0.0,12.853,0.0,0.0,7.9645,2.5179,2.472,6,2.4664,8,nan,0,0,0
g3scan,rq4graded,6.0,-1.0,eb1168,0.11675778353879479,tier0,0,3.2,0,0.31,20000,0.8706,0.1294,0.0,12.586,0.0,0.0,7.6973,2.393,2.3523,6,2.3317,8,nan,0,0,0
g3scan,rq4graded,6.0,-1.0,eb1168,0.11675778353879479,tier0,0,3.2,0,0.32,20000,0.8706,0.1294,0.0,12.319,0.0001,0.286,7.4308,2.2685,2.2327,6,2.2139,8,nan,0,0,0
g3scan,rq4graded,6.0,-1.0,eb1168,0.11675778353879479,tier0,0,3.2,0,0.33,20000,0.8706,0.1294,0.0,12.051,0.0001,0.1,7.1625,2.0135,1.9501,7,2.1054,8,nan,0,0,0
g3scan,rq4graded,6.0,-1.0,eb1168,0.11675778353879479,tier0,0,3.2,0,0.34,20000,0.8706,0.1294,0.0,11.785,0.0004,0.129,6.8967,1.9097,1.8517,7,2.0112,8,nan,0,0,0
g3scan,rq4graded,6.0,-1.0,eb1168,0.11675778353879479,tier0,0,3.2,0,0.35,20000,0.8706,0.1294,0.0001,11.521,0.0007,0.123,6.6337,1.8143,1.7627,7,1.926,8,0.8251,0,0,0
g3scan,rq4graded,6.0,-1.0,eb1168,0.11675778353879479,tier0,0,3.2,0,0.36,20000,0.8706,0.1294,0.0001,11.257,0.0016,0.168,6.3701,1.721,1.6755,7,1.8505,8,0.7943,0,0,0
g3scan,rq4graded,6.0,-1.0,eb1168,0.11675778353879479,tier0,0,3.2,0,0.37,20000,0.8706,0.1294,0.0002,10.994,0.0036,0.245,6.108,1.6335,1.593,7,1.7803,8,0.7659,0,0,0
g3scan,rq4graded,6.0,-1.0,eb1168,0.11675778353879479,tier0,0,3.2,0,0.38,20000,0.8706,0.1294,0.0004,10.736,0.007,0.333,5.8515,1.5488,1.5127,7,1.717,8,0.7399,0,0,0
g3scan,rq4graded,6.0,-1.0,eb1168,0.11675778353879479,tier0,0,3.2,0,0.39,20000,0.8706,0.1294,0.0009,10.479,0.011,0.382,5.5993,1.4702,1.438,7,1.6566,8,0.7195,0,0,0
g3scan,rq4graded,6.0,-1.0,eb1168,0.11675778353879479,tier0,0,3.2,0,0.4,20000,0.8706,0.1294,0.0018,10.227,0.017,0.462,5.3564,1.3957,1.3669,7,1.6029,8,0.6962,0,0,0
g3scan,rq4graded,6.0,-1.0,eb1168,0.11675778353879479,tier0,0,3.2,0,0.41,20000,0.8706,0.1294,0.0037,9.978,0.024,0.522,5.1262,1.3252,1.2992,7,1.5537,8,0.6714,0,0,0
g3scan,rq4graded,6.0,-1.0,eb1168,0.11675778353879479,tier0,0,3.2,0,0.42,20000,0.8706,0.1294,0.0069,9.731,0.0324,0.619,4.9105,1.2597,1.2362,7,1.5073,8,0.6468,0,0,0
g3scan,rq4graded,6.0,-1.0,eb1168,0.11675778353879479,tier0,0,3.2,0,0.43,20000,0.8706,0.1294,0.011,9.49,0.042,0.718,4.7068,1.1987,1.1773,7,1.4634,8,0.6244,0,0,0
g3scan,rq4graded,6.0,-1.0,eb1168,0.11675778353879479,tier0,0,3.2,0,0.44,20000,0.8706,0.1294,0.0166,9.255,0.053,0.839,4.5229,1.142,1.1222,7,1.4242,8,0.6014,0,0,0
g3scan,rq4graded,6.0,-1.0,eb1168,0.11675778353879479,tier0,0,3.2,0,0.45,20000,0.8706,0.1294,0.0237,9.024,0.0626,0.907,4.3545,1.089,1.0705,7,1.3866,8,0.5814,0,0,0
g3scan,rq4graded,6.0,-1.0,eb1168,0.11675778353879479,tier0,0,3.2,0,0.46,20000,0.8706,0.1294,0.0326,8.802,0.0718,0.985,4.2104,1.0394,1.0219,7,1.3525,8,0.562,0,0,0
g3scan,rq4graded,6.0,-1.0,eb1168,0.11675778353879479,tier0,0,3.2,0,0.47,20000,0.8706,0.1294,0.0442,8.583,0.0794,1.036,4.0907,0.9937,0.977,7,1.3177,8,0.5418,0,0,0
g3scan,rq4graded,6.0,-1.0,eb1168,0.11675778353879479,tier0,0,3.2,0,0.48,20000,0.8706,0.1294,0.0564,8.371,0.0881,1.119,3.9822,0.9509,0.9348,7,1.2866,8,0.5223,0,0,0
g3scan,rq4graded,6.0,-1.0,eb1168,0.11675778353879479,tier0,0,3.2,0,0.49,20000,0.8706,0.1294,0.0715,8.164,0.095,1.195,3.9042,0.9114,0.8957,7,1.2571,8,0.5024,0,0,0
g3scan,rq4graded,6.0,-1.0,eb1168,0.11675778353879479,tier0,0,3.2,0,0.5,20000,0.8706,0.1294,0.0862,7.963,0.1017,1.256,3.8253,0.8741,0.8585,7,1.2284,8,0.4843,0,0,0
g3scan,rq4graded,6.0,-1.0,eb1168,0.11675778353879479,tier0,0,3.2,0,0.51,20000,0.8706,0.1294,0.102,7.769,0.106,1.253,3.7626,0.8408,0.8251,7,1.2002,8,0.4669,0,0,0
g3scan,rq4graded,6.0,-1.0,eb1168,0.11675778353879479,tier0,0,3.2,0,0.52,20000,0.8706,0.1294,0.1181,7.584,0.1116,1.332,3.711,0.8089,0.7933,7,1.1752,8,0.4498,0,0,0
g3scan,rq4graded,6.0,-1.0,eb1168,0.11675778353879479,tier0,0,4.8,0,0.17,20000,0.8706,0.1294,0.0,13.858,0.0,nan,8.9713,nan,nan,0,3.3022,8,nan,0,0,0
g3scan,rq4graded,6.0,-1.0,eb1168,0.11675778353879479,tier0,0,4.8,0,0.18,20000,0.8706,0.1294,0.0,13.446,0.0,nan,8.563,4.8701,4.8701,1,2.8587,8,nan,0,0,0
g3scan,rq4graded,6.0,-1.0,eb1168,0.11675778353879479,tier0,0,4.8,0,0.19,20000,0.8706,0.1294,0.0,13.03,0.0,nan,8.1489,4.306,4.3045,2,2.4863,8,nan,0,0,0
g3scan,rq4graded,6.0,-1.0,eb1168,0.11675778353879479,tier0,0,4.8,0,0.2,20000,0.8706,0.1294,0.0,12.617,0.0,nan,7.7366,3.869,3.8682,2,2.181,8,nan,0,0,0
g3scan,rq4graded,6.0,-1.0,eb1168,0.11675778353879479,tier0,0,4.8,0,0.21,20000,0.8706,0.1294,0.0,12.209,0.0,nan,7.3287,3.4229,3.4216,3,1.9352,8,nan,0,0,0
g3scan,rq4graded,6.0,-1.0,eb1168,0.11675778353879479,tier0,0,4.8,0,0.22,20000,0.8706,0.1294,0.0,11.792,0.0,nan,6.9117,3.0055,3.0029,4,1.7306,8,nan,0,0,0
g3scan,rq4graded,6.0,-1.0,eb1168,0.11675778353879479,tier0,0,4.8,0,0.23,20000,0.8706,0.1294,0.0,11.379,0.0,nan,6.4992,2.624,2.6177,5,1.5673,8,nan,0,0,0
g3scan,rq4graded,6.0,-1.0,eb1168,0.11675778353879479,tier0,0,4.8,0,0.24,20000,0.8706,0.1294,0.0,10.966,0.0,nan,6.0862,2.3669,2.363,5,1.4329,8,nan,0,0,0
g3scan,rq4graded,6.0,-1.0,eb1168,0.11675778353879479,tier0,0,4.8,0,0.25,20000,0.8706,0.1294,0.0,10.555,0.0,0.0,5.6804,2.0521,2.0428,6,1.3225,8,nan,0,0,0
g3scan,rq4graded,6.0,-1.0,eb1168,0.11675778353879479,tier0,0,4.8,0,0.26,20000,0.8706,0.1294,0.0,10.143,0.0,0.0,5.2724,1.8464,1.8402,6,1.2288,8,nan,0,0,0
g3scan,rq4graded,6.0,-1.0,eb1168,0.11675778353879479,tier0,0,4.8,0,0.27,20000,0.8706,0.1294,0.0,9.732,0.0001,0.045,4.8654,1.5856,1.5698,7,1.1487,8,nan,0,0,0
g3scan,rq4graded,6.0,-1.0,eb1168,0.11675778353879479,tier0,0,4.8,0,0.28,20000,0.8706,0.1294,0.0,9.326,0.0005,0.048,4.4617,1.4324,1.4209,7,1.0776,8,nan,0,0,0
g3scan,rq4graded,6.0,-1.0,eb1168,0.11675778353879479,tier0,0,4.8,0,0.29,20000,0.8706,0.1294,0.0,8.922,0.002,0.091,4.0587,1.2953,1.2873,7,1.0143,8,0.7959,0,0,0
g3scan,rq4graded,6.0,-1.0,eb1168,0.11675778353879479,tier0,0,4.8,0,0.3,20000,0.8706,0.1294,0.0001,8.529,0.0076,0.18,3.6679,1.1728,1.1669,7,0.9605,8,0.7426,0,0,0
g3scan,rq4graded,6.0,-1.0,eb1168,0.11675778353879479,tier0,0,4.8,0,0.31,20000,0.8706,0.1294,0.0005,8.142,0.0186,0.286,3.2857,1.0645,1.0602,7,0.9109,8,0.7017,0,0,0
g3scan,rq4graded,6.0,-1.0,eb1168,0.11675778353879479,tier0,0,4.8,0,0.32,20000,0.8706,0.1294,0.0017,7.771,0.0371,0.441,2.9304,0.9703,0.9671,7,0.8661,8,0.6591,0,0,0
g3scan,rq4graded,6.0,-1.0,eb1168,0.11675778353879479,tier0,0,4.8,0,0.33,20000,0.8706,0.1294,0.006,7.404,0.0626,0.637,2.6,0.8866,0.8838,7,0.8253,8,0.6165,0,0,0
g3scan,rq4graded,6.0,-1.0,eb1168,0.11675778353879479,tier0,0,4.8,0,0.34,20000,0.8706,0.1294,0.0147,7.054,0.0884,0.813,2.315,0.8138,0.8111,7,0.7882,8,0.5785,0,1,0
g3scan,rq4graded,6.0,-1.0,eb1168,0.11675778353879479,tier0,0,4.8,0,0.35,20000,0.8706,0.1294,0.0287,6.717,0.1143,0.995,2.0747,0.75,0.747,7,0.7538,8,0.5415,0,1,0
g3scan,rq4graded,6.0,-1.0,eb1168,0.11675778353879479,tier0,0,4.8,0,0.36,20000,0.8706,0.1294,0.0511,6.391,0.1365,1.168,1.8973,0.6943,0.6908,7,0.7231,8,0.5036,0,1,0
g3scan,rq4graded,6.0,-1.0,eb1168,0.11675778353879479,tier0,0,4.8,0,0.37,20000,0.8706,0.1294,0.0795,6.081,0.1522,1.288,1.7711,0.6462,0.6419,7,0.695,8,0.4683,0,1,0
g3scan,rq4graded,6.0,-1.0,eb1168,0.11675778353879479,tier0,0,4.8,0,0.38,20000,0.8706,0.1294,0.1113,5.788,0.1655,1.411,1.6823,0.6035,0.5985,7,0.6696,8,0.4341,0,1,0
g3scan,rq4graded,6.0,-1.0,eb1168,0.11675778353879479,tier0,0,4.8,0,0.39,20000,0.8706,0.1294,0.1466,5.509,0.1739,1.481,1.6286,0.5656,0.5598,7,0.6453,8,0.4017,0,1,0
g3scan,rq4graded,6.0,-1.0,eb1168,0.11675778353879479,tier0,0,4.8,0,0.4,20000,0.8706,0.1294,0.1836,5.246,0.1781,1.502,1.604,0.5327,0.5261,7,0.6239,8,0.3706,0,1,0
g3scan,rq4graded,6.0,-1.0,eb1168,0.11675778353879479,tier0,0,4.8,0,0.41,20000,0.8706,0.1294,0.2185,5.002,0.1827,1.565,1.5845,0.5036,0.4965,7,0.6039,8,0.3419,0,1,0
g3scan,rq4graded,6.0,-1.0,eb1168,0.11675778353879479,tier0,0,4.8,0,0.42,20000,0.8706,0.1294,0.2533,4.771,0.1845,1.587,1.5796,0.4778,0.4702,7,0.5845,8,0.3149,0,1,0
g3scan,rq4graded,6.0,-1.0,eb1168,0.11675778353879479,tier0,0,4.8,0,0.43,20000,0.8706,0.1294,0.2864,4.554,0.1878,1.659,1.5761,0.4548,0.4467,7,0.5655,8,0.2894,0,1,0
g3scan,rq4graded,6.0,-1.0,eb1168,0.11675778353879479,tier0,0,4.8,0,0.44,20000,0.8706,0.1294,0.3182,4.352,0.1873,1.669,1.5811,0.4337,0.4253,7,0.5508,8,0.2675,0,0,0
g3scan,rq4graded,6.0,-1.0,eb1168,0.11675778353879479,tier0,0,4.8,0,0.45,20000,0.8706,0.1294,0.3476,4.168,0.1868,1.685,1.5892,0.4157,0.407,7,0.5355,8,0.2486,0,0,0
g3scan,rq4graded,6.0,-1.0,eb1168,0.11675778353879479,tier0,0,4.8,0,0.46,20000,0.8706,0.1294,0.3755,3.991,0.1858,1.688,1.5997,0.3991,0.39,7,0.525,8,0.2323,0,0,0
g3scan,rq4graded,6.0,-1.0,eb1168,0.11675778353879479,tier0,0,4.8,0,0.47,20000,0.8706,0.1294,0.4021,3.824,0.1842,1.659,1.611,0.3835,0.3742,7,0.514,8,0.2177,0,0,0
g3scan,rq4graded,6.0,-1.0,eb1168,0.11675778353879479,tier0,0,4.8,0,0.48,20000,0.8706,0.1294,0.4273,3.67,0.18,1.6,1.6275,0.3693,0.3599,7,0.5029,8,0.2051,0,0,0
g3scan,rq4graded,6.0,-1.0,eb1168,0.11675778353879479,tier0,0,4.8,0,0.49,20000,0.8706,0.1294,0.4497,3.523,0.1802,1.611,1.6302,0.3561,0.3466,7,0.4922,8,0.1939,0,0,0
g3scan,rq4graded,6.0,-1.0,eb1168,0.11675778353879479,tier0,0,4.8,0,0.5,20000,0.8706,0.1294,0.4713,3.387,0.177,1.554,1.64,0.3439,0.3344,7,0.4834,8,0.1838,0,0,0
g3scan,rq4graded,6.0,-1.0,eb1168,0.11675778353879479,tier0,0,4.8,0,0.51,20000,0.8706,0.1294,0.4912,3.254,0.1795,1.642,1.6371,0.3316,0.3222,7,0.4733,8,0.1743,0,0,0
g3scan,rq4graded,6.0,-1.0,eb1168,0.11675778353879479,tier0,0,4.8,0,0.52,20000,0.8706,0.1294,0.5098,3.132,0.1773,1.593,1.6383,0.3211,0.3118,7,0.4643,8,0.1663,0,0,0
g3scan,rq4graded,6.0,-1.0,eb1168,0.11675778353879479,tier0,0,6.4,0,0.17,20000,0.8706,0.1294,0.0,12.064,0.0,nan,7.205,4.2741,4.2741,2,1.7595,8,nan,0,0,0
g3scan,rq4graded,6.0,-1.0,eb1168,0.11675778353879479,tier0,0,6.4,0,0.18,20000,0.8706,0.1294,0.0,11.546,0.0,nan,6.695,3.6444,3.6444,2,1.4697,8,nan,0,0,0
g3scan,rq4graded,6.0,-1.0,eb1168,0.11675778353879479,tier0,0,6.4,0,0.19,20000,0.8706,0.1294,0.0,11.026,0.0,nan,6.1847,3.1237,3.1229,3,1.2548,8,nan,0,0,0
g3scan,rq4graded,6.0,-1.0,eb1168,0.11675778353879479,tier0,0,6.4,0,0.2,20000,0.8706,0.1294,0.0,10.51,0.0,nan,5.6764,2.6653,2.6627,4,1.0995,8,nan,0,0,0
g3scan,rq4graded,6.0,-1.0,eb1168,0.11675778353879479,tier0,0,6.4,0,0.21,20000,0.8706,0.1294,0.0,9.991,0.0,nan,5.1625,2.256,2.2508,5,0.978,8,nan,0,0,0
g3scan,rq4graded,6.0,-1.0,eb1168,0.11675778353879479,tier0,0,6.4,0,0.22,20000,0.8706,0.1294,0.0,9.474,0.0,nan,4.6584,1.896,1.8887,6,0.8828,8,nan,0,0,0
g3scan,rq4graded,6.0,-1.0,eb1168,0.11675778353879479,tier0,0,6.4,0,0.23,20000,0.8706,0.1294,0.0,8.955,0.0,0.0,4.1521,1.6182,1.6101,6,0.8058,8,nan,0,0,0
g3scan,rq4graded,6.0,-1.0,eb1168,0.11675778353879479,tier0,0,6.4,0,0.24,20000,0.8706,0.1294,0.0,8.443,0.0,0.0,3.6541,1.355,1.3463,7,0.7444,8,nan,0,0,0
g3scan,rq4graded,6.0,-1.0,eb1168,0.11675778353879479,tier0,0,6.4,0,0.25,20000,0.8706,0.1294,0.0,7.933,0.0002,0.015,3.1646,1.1696,1.1634,7,0.6927,8,nan,0,0,0
g3scan,rq4graded,6.0,-1.0,eb1168,0.11675778353879479,tier0,0,6.4,0,0.26,20000,0.8706,0.1294,0.0,7.436,0.0024,0.056,2.6865,1.0149,1.0112,7,0.6471,8,0.7902,0,0,0
g3scan,rq4graded,6.0,-1.0,eb1168,0.11675778353879479,tier0,0,6.4,0,0.27,20000,0.8706,0.1294,0.0001,6.955,0.0133,0.157,2.2348,0.8842,0.8822,7,0.6142,8,0.7207,0,1,0
g3scan,rq4graded,6.0,-1.0,eb1168,0.11675778353879479,tier0,0,6.4,0,0.28,20000,0.8706,0.1294,0.0005,6.492,0.0405,0.331,1.8051,0.7753,0.7745,7,0.5838,8,0.6599,0,1,0
g3scan,rq4graded,6.0,-1.0,eb1168,0.11675778353879479,tier0,0,6.4,0,0.29,20000,0.8706,0.1294,0.0033,6.046,0.0857,0.604,1.4151,0.6844,0.6842,7,0.574,8,0.6028,0,1,0
g3scan,rq4graded,6.0,-1.0,eb1168,0.11675778353879479,tier0,0,6.4,0,0.3,20000,0.8706,0.1294,0.0145,5.623,0.1348,0.9,1.1003,0.609,0.6089,7,0.5507,8,0.5487,0,1,0
g3scan,rq4graded,6.0,-1.0,eb1168,0.11675778353879479,tier0,0,6.4,0,0.31,20000,0.8706,0.1294,0.0392,5.224,0.1775,1.193,0.8761,0.5473,0.5469,7,0.4958,7,0.4963,0,1,0
g3scan,rq4graded,6.0,-1.0,eb1168,0.11675778353879479,tier0,0,6.4,0,0.32,20000,0.8706,0.1294,0.0807,4.841,0.2084,1.434,0.7436,0.4951,0.494,7,0.4714,7,0.4433,1,1,1
g3scan,rq4graded,6.0,-1.0,eb1168,0.11675778353879479,tier0,0,6.4,0,0.33,20000,0.8706,0.1294,0.1318,4.487,0.2255,1.57,0.6786,0.453,0.451,7,0.4557,7,0.3943,1,1,1
g3scan,rq4graded,6.0,-1.0,eb1168,0.11675778353879479,tier0,0,6.4,0,0.34,20000,0.8706,0.1294,0.1889,4.154,0.2332,1.642,0.6642,0.4169,0.4143,7,0.4397,7,0.3475,1,0,0
g3scan,rq4graded,6.0,-1.0,eb1168,0.11675778353879479,tier0,0,6.4,0,0.35,20000,0.8706,0.1294,0.2443,3.852,0.2401,1.758,0.6657,0.3863,0.3831,7,0.4326,7,0.3049,1,0,0
g3scan,rq4graded,6.0,-1.0,eb1168,0.11675778353879479,tier0,0,6.4,0,0.36,20000,0.8706,0.1294,0.2976,3.577,0.2401,1.787,0.6863,0.3594,0.3558,7,0.4406,7,0.2687,1,0,0
g3scan,rq4graded,6.0,-1.0,eb1168,0.11675778353879479,tier0,0,6.4,0,0.37,20000,0.8706,0.1294,0.3465,3.328,0.2388,1.763,0.7081,0.3366,0.3325,7,0.429,7,0.2388,1,0,0
g3scan,rq4graded,6.0,-1.0,eb1168,0.11675778353879479,tier0,0,6.4,0,0.38,20000,0.8706,0.1294,0.391,3.1,0.2356,1.72,0.73,0.3165,0.3121,7,0.3705,6,0.2148,1,0,0
g3scan,rq4graded,6.0,-1.0,eb1168,0.11675778353879479,tier0,0,6.4,0,0.39,20000,0.8706,0.1294,0.4325,2.891,0.2308,1.687,0.7603,0.2984,0.294,7,0.3606,6,0.1949,1,0,0
g3scan,rq4graded,6.0,-1.0,eb1168,0.11675778353879479,tier0,0,6.4,0,0.4,20000,0.8706,0.1294,0.4688,2.704,0.2314,1.728,0.7858,0.2827,0.2781,7,0.3534,6,0.1779,1,0,0
g3scan,rq4graded,6.0,-1.0,eb1168,0.11675778353879479,tier0,0,6.4,0,0.41,20000,0.8706,0.1294,0.5014,2.53,0.2308,1.726,0.7995,0.2671,0.2626,7,0.3475,6,0.164,1,0,0
g3scan,rq4graded,6.0,-1.0,eb1168,0.11675778353879479,tier0,0,6.4,0,0.42,20000,0.8706,0.1294,0.5303,2.373,0.2297,1.719,0.812,0.2542,0.2496,7,0.356,6,0.1527,1,0,0
g3scan,rq4graded,6.0,-1.0,eb1168,0.11675778353879479,tier0,0,6.4,0,0.43,20000,0.8706,0.1294,0.5575,2.228,0.2288,1.749,0.8295,0.2424,0.2378,7,0.3606,6,0.1425,1,0,0
g3scan,rq4graded,6.0,-1.0,eb1168,0.11675778353879479,tier0,0,6.4,0,0.44,20000,0.8706,0.1294,0.5834,2.09,0.2264,1.761,0.8449,0.2305,0.2261,7,0.3032,5,0.1336,1,0,0
g3scan,rq4graded,6.0,-1.0,eb1168,0.11675778353879479,tier0,0,6.4,0,0.45,20000,0.8706,0.1294,0.6061,1.968,0.2264,1.777,0.8615,0.2202,0.2159,7,0.3021,5,0.1257,1,0,0
g3scan,rq4graded,6.0,-1.0,eb1168,0.11675778353879479,tier0,0,6.4,0,0.46,20000,0.8706,0.1294,0.6275,1.852,0.2222,1.691,0.8764,0.2101,0.206,7,0.2967,5,0.1185,1,0,0
g3scan,rq4graded,6.0,-1.0,eb1168,0.11675778353879479,tier0,0,6.4,0,0.47,20000,0.8706,0.1294,0.6464,1.744,0.2186,1.578,0.875,0.2008,0.1968,7,0.297,5,0.1123,1,0,0
g3scan,rq4graded,6.0,-1.0,eb1168,0.11675778353879479,tier0,0,6.4,0,0.48,20000,0.8706,0.1294,0.6641,1.646,0.2184,1.566,0.8832,0.1921,0.1884,7,0.3007,5,0.1069,1,0,0
g3scan,rq4graded,6.0,-1.0,eb1168,0.11675778353879479,tier0,0,6.4,0,0.49,20000,0.8706,0.1294,0.6811,1.554,0.216,1.498,0.8991,0.1846,0.1809,7,0.3161,5,0.1015,1,0,0
g3scan,rq4graded,6.0,-1.0,eb1168,0.11675778353879479,tier0,0,6.4,0,0.5,20000,0.8706,0.1294,0.6968,1.465,0.2172,1.509,0.9092,0.1767,0.1732,7,0.3169,5,0.0966,1,0,0
g3scan,rq4graded,6.0,-1.0,eb1168,0.11675778353879479,tier0,0,6.4,0,0.51,20000,0.8706,0.1294,0.7099,1.383,0.2253,1.606,0.9,0.1697,0.1664,7,0.2564,4,0.0921,1,0,0
g3scan,rq4graded,6.0,-1.0,eb1168,0.11675778353879479,tier0,0,6.4,0,0.52,20000,0.8706,0.1294,0.7224,1.31,0.2285,1.644,0.8996,0.1628,0.1598,7,0.2623,4,0.0888,1,0,0
g3scan,rq4graded,6.0,-1.0,eb1168,0.11675778353879479,tier0,0,9.6,1,0.17,20000,0.8706,0.1294,0.0,9.718,0.0,nan,5.0593,2.742,2.7218,3,0.7593,7,nan,0,0,0
g3scan,rq4graded,6.0,-1.0,eb1168,0.11675778353879479,tier0,0,9.6,1,0.18,20000,0.8706,0.1294,0.0,9.065,0.0,nan,4.4674,2.2014,2.1613,4,0.6547,7,nan,0,0,0
g3scan,rq4graded,6.0,-1.0,eb1168,0.11675778353879479,tier0,0,9.6,1,0.19,20000,0.8706,0.1294,0.0,8.406,0.0,nan,3.8802,1.7709,1.7233,5,0.5768,6,nan,0,0,0
g3scan,rq4graded,6.0,-1.0,eb1168,0.11675778353879479,tier0,0,9.6,1,0.2,20000,0.8706,0.1294,0.0,7.756,0.0,nan,3.3092,1.4261,1.3834,6,0.5141,6,nan,0,0,0
g3scan,rq4graded,6.0,-1.0,eb1168,0.11675778353879479,tier0,0,9.6,1,0.21,20000,0.8706,0.1294,0.0,7.097,0.0,0.0,2.7579,1.1192,1.0845,6,0.4656,6,nan,0,1,0
g3scan,rq4graded,6.0,-1.0,eb1168,0.11675778353879479,tier0,0,9.6,1,0.22,20000,0.8706,0.1294,0.0,6.457,0.0,0.0,2.2507,0.9101,0.8867,7,0.456,6,nan,0,1,0
g3scan,rq4graded,6.0,-1.0,eb1168,0.11675778353879479,tier0,0,9.6,1,0.23,20000,0.8706,0.1294,0.0,5.84,0.0009,0.012,1.8005,0.7338,0.7185,7,0.3811,5,0.8329,0,1,0
g3scan,rq4graded,6.0,-1.0,eb1168,0.11675778353879479,tier0,0,9.6,1,0.24,20000,0.8706,0.1294,0.0,5.258,0.0186,0.111,1.4269,0.5995,0.5904,7,0.353,5,0.7068,0,1,0
g3scan,rq4graded,6.0,-1.0,eb1168,0.11675778353879479,tier0,0,9.6,1,0.25,20000,0.8706,0.1294,0.0002,4.7,0.0877,0.408,1.1373,0.4949,0.4904,7,0.3438,5,0.6095,0,1,0
g3scan,rq4graded,6.0,-1.0,eb1168,0.11675778353879479,tier0,0,9.6,1,0.26,20000,0.8706,0.1294,0.0044,4.186,0.1905,0.906,1.027,0.4151,0.4136,7,0.3503,5,0.5314,1,0,0
g3scan,rq4graded,6.0,-1.0,eb1168,0.11675778353879479,tier0,0,9.6,1,0.27,20000,0.8706,0.1294,0.0356,3.715,0.2758,1.448,1.1055,0.3538,0.3535,7,0.2812,4,0.4546,1,0,0
g3scan,rq4graded,6.0,-1.0,eb1168,0.11675778353879479,tier0,0,9.6,1,0.28,20000,0.8706,0.1294,0.1114,3.266,0.3201,1.82,1.2128,0.3077,0.3076,7,0.2743,4,0.3745,0,0,0
g3scan,rq4graded,6.0,-1.0,eb1168,0.11675778353879479,tier0,0,9.6,1,0.29,20000,0.8706,0.1294,0.2098,2.854,0.3348,1.977,1.2765,0.2709,0.2708,7,0.2969,4,0.3014,0,0,0
g3scan,rq4graded,6.0,-1.0,eb1168,0.11675778353879479,tier0,0,9.6,1,0.3,20000,0.8706,0.1294,0.3066,2.496,0.3334,1.977,1.2894,0.2412,0.2408,7,0.2387,3,0.2426,0,0,0
g3scan,rq4graded,6.0,-1.0,eb1168,0.11675778353879479,tier0,0,9.6,1,0.31,20000,0.8706,0.1294,0.3912,2.184,0.3307,1.976,1.3021,0.2163,0.2158,7,0.2418,3,0.1994,0,0,0
g3scan,rq4graded,6.0,-1.0,eb1168,0.11675778353879479,tier0,0,9.6,1,0.32,20000,0.8706,0.1294,0.4639,1.918,0.3241,1.969,1.3099,0.1949,0.1944,7,0.2575,3,0.1688,0,0,0
g3scan,rq4graded,6.0,-1.0,eb1168,0.11675778353879479,tier0,0,9.6,1,0.33,20000,0.8706,0.1294,0.5234,1.693,0.3227,1.996,1.3357,0.1771,0.1765,7,0.2815,3,0.1463,0,0,0
g3scan,rq4graded,6.0,-1.0,eb1168,0.11675778353879479,tier0,0,9.6,1,0.34,20000,0.8706,0.1294,0.5745,1.496,0.3177,1.87,1.3732,0.1618,0.1613,7,0.2196,2,0.1291,0,0,0
g3scan,rq4graded,6.0,-1.0,eb1168,0.11675778353879479,tier0,0,9.6,1,0.35,20000,0.8706,0.1294,0.6188,1.327,0.3114,1.752,1.4079,0.1489,0.1483,7,0.2327,2,0.1153,0,0,0
g3scan,rq4graded,6.0,-1.0,eb1168,0.11675778353879479,tier0,0,9.6,1,0.36,20000,0.8706,0.1294,0.6563,1.177,0.3124,1.75,1.4651,0.1368,0.1363,7,0.277,2,0.1037,0,0,0
g3scan,rq4graded,6.0,-1.0,eb1168,0.11675778353879479,tier0,0,9.6,1,0.37,20000,0.8706,0.1294,0.6898,1.044,0.3159,1.769,1.5245,0.1262,0.1258,7,0.219,1,0.0937,0,0,0
g3scan,rq4graded,6.0,-1.0,eb1168,0.11675778353879479,tier0,0,9.6,1,0.38,20000,0.8706,0.1294,0.7172,0.93,0.3247,1.838,1.6005,0.117,0.1165,7,0.2208,1,0.0866,0,0,0
g3scan,rq4graded,6.0,-1.0,eb1168,0.11675778353879479,tier0,0,9.6,1,0.39,20000,0.8706,0.1294,0.7423,0.828,0.3286,1.863,1.6748,0.1093,0.1087,7,0.2872,1,0.08,0,0,0
g3scan,rq4graded,6.0,-1.0,eb1168,0.11675778353879479,tier0,0,9.6,1,0.4,20000,0.8706,0.1294,0.7657,0.737,0.3329,1.882,1.742,0.1035,0.1027,7,0.3001,1,0.0737,0,0,0
g3scan,rq4graded,6.0,-1.0,eb1168,0.11675778353879479,tier0,0,9.6,1,0.41,20000,0.8706,0.1294,0.787,0.655,0.3323,1.777,1.8131,0.0986,0.0973,7,nan,0,0.0683,0,0,0
g3scan,rq4graded,6.0,-1.0,eb1168,0.11675778353879479,tier0,0,9.6,1,0.42,20000,0.8706,0.1294,0.8065,0.583,0.3347,1.746,1.8788,0.0952,0.0931,7,nan,0,0.063,0,0,0
g3scan,rq4graded,6.0,-1.0,eb1168,0.11675778353879479,tier0,0,9.6,1,0.43,20000,0.8706,0.1294,0.8229,0.519,0.3373,1.739,1.96,0.092,0.0893,7,nan,0,0.0588,0,0,0
g3scan,rq4graded,6.0,-1.0,eb1168,0.11675778353879479,tier0,0,9.6,1,0.44,20000,0.8706,0.1294,0.839,0.459,0.3436,1.761,2.0364,0.0921,0.0875,7,nan,0,0.0548,0,0,0
g3scan,rq4graded,6.0,-1.0,eb1168,0.11675778353879479,tier0,0,9.6,1,0.45,20000,0.8706,0.1294,0.8519,0.409,0.359,1.884,2.1247,0.0896,0.0846,7,nan,0,0.0517,0,0,0
g3scan,rq4graded,6.0,-1.0,eb1168,0.11675778353879479,tier0,0,9.6,1,0.46,20000,0.8706,0.1294,0.8647,0.362,0.3627,1.828,2.2097,0.0953,0.0851,7,nan,0,0.0481,0,0,0
g3scan,rq4graded,6.0,-1.0,eb1168,0.11675778353879479,tier0,0,9.6,1,0.47,20000,0.8706,0.1294,0.8753,0.322,0.3694,1.745,2.3025,0.0752,0.0717,6,nan,0,0.0452,0,0,0
g3scan,rq4graded,6.0,-1.0,eb1168,0.11675778353879479,tier0,0,9.6,1,0.48,20000,0.8706,0.1294,0.8861,0.286,0.3785,1.753,2.3823,0.0767,0.0715,6,nan,0,0.0424,0,0,0
g3scan,rq4graded,6.0,-1.0,eb1168,0.11675778353879479,tier0,0,9.6,1,0.49,20000,0.8706,0.1294,0.8961,0.252,0.3834,1.698,2.4649,0.0772,0.0707,6,nan,0,0.0396,0,0,0
g3scan,rq4graded,6.0,-1.0,eb1168,0.11675778353879479,tier0,0,9.6,1,0.5,20000,0.8706,0.1294,0.9058,0.221,0.3933,1.7,2.5426,0.0809,0.0716,6,nan,0,0.0364,0,0,0
g3scan,rq4graded,6.0,-1.0,eb1168,0.11675778353879479,tier0,0,9.6,1,0.51,20000,0.8706,0.1294,0.9136,0.195,0.4098,1.746,2.6311,0.0646,0.0606,5,nan,0,0.0342,0,0,0
g3scan,rq4graded,6.0,-1.0,eb1168,0.11675778353879479,tier0,0,9.6,1,0.52,20000,0.8706,0.1294,0.9203,0.172,0.4304,1.795,2.7318,0.0659,0.0608,5,nan,0,0.0325,0,0,0
g3scan,rq4graded,6.0,-1.0,eb1168,0.11675778353879479,tier0,0,12.8,1,0.17,20000,0.8706,0.1294,0.0,8.277,0.0,nan,4.0135,1.9211,1.8293,4,0.4688,5,nan,0,0,0
g3scan,rq4graded,6.0,-1.0,eb1168,0.11675778353879479,tier0,0,12.8,1,0.18,20000,0.8706,0.1294,0.0,7.538,0.0,nan,3.4313,1.4928,1.3983,5,0.4123,5,nan,0,0,0
g3scan,rq4graded,6.0,-1.0,eb1168,0.11675778353879479,tier0,0,12.8,1,0.19,20000,0.8706,0.1294,0.0,6.798,0.0,nan,2.8903,1.1641,1.0839,6,0.3422,4,nan,0,1,0
g3scan,rq4graded,6.0,-1.0,eb1168,0.11675778353879479,tier0,0,12.8,1,0.2,20000,0.8706,0.1294,0.0,6.059,0.0,0.0,2.3871,0.8501,0.7962,6,0.3121,4,nan,0,1,0
g3scan,rq4graded,6.0,-1.0,eb1168,0.11675778353879479,tier0,0,12.8,1,0.21,20000,0.8706,0.1294,0.0,5.355,0.0,0.0,1.9687,0.6807,0.6413,7,0.3221,4,nan,0,1,0
g3scan,rq4graded,6.0,-1.0,eb1168,0.11675778353879479,tier0,0,12.8,1,0.22,20000,0.8706,0.1294,0.0,4.686,0.0024,0.014,1.6836,0.5181,0.4939,7,0.2516,3,0.7886,0,1,0
g3scan,rq4graded,6.0,-1.0,eb1168,0.11675778353879479,tier0,0,12.8,1,0.23,20000,0.8706,0.1294,0.0,4.072,0.06,0.216,1.5468,0.4015,0.388,7,0.2595,3,0.6378,0,0,0
g3scan,rq4graded,6.0,-1.0,eb1168,0.11675778353879479,tier0,0,12.8,1,0.24,20000,0.8706,0.1294,0.0004,3.486,0.2072,0.783,1.6072,0.3147,0.3084,7,0.2156,2,0.5285,1,0,0
g3scan,rq4graded,6.0,-1.0,eb1168,0.11675778353879479,tier0,0,12.8,1,0.25,20000,0.8706,0.1294,0.0198,2.982,0.3462,1.609,1.8466,0.2531,0.2504,7,0.2192,2,0.4377,0,0,0
g3scan,rq4graded,6.0,-1.0,eb1168,0.11675778353879479,tier0,0,12.8,1,0.26,20000,0.8706,0.1294,0.1188,2.5,0.4092,2.147,2.0518,0.2099,0.2085,7,0.2807,2,0.3382,0,0,0
g3scan,rq4graded,6.0,-1.0,eb1168,0.11675778353879479,tier0,0,12.8,1,0.27,20000,0.8706,0.1294,0.2632,2.056,0.4154,2.229,2.0985,0.1785,0.1778,7,0.2186,1,0.2494,0,0,0
g3scan,rq4graded,6.0,-1.0,eb1168,0.11675778353879479,tier0,0,12.8,1,0.28,20000,0.8706,0.1294,0.3914,1.689,0.4111,2.26,2.1136,0.1535,0.153,7,0.271,1,0.1875,0,0,0
g3scan,rq4graded,6.0,-1.0,eb1168,0.11675778353879479,tier0,0,12.8,1,0.29,20000,0.8706,0.1294,0.4941,1.389,0.4047,2.14,2.1421,0.1346,0.1344,7,nan,0,0.1485,0,0,0
g3scan,rq4graded,6.0,-1.0,eb1168,0.11675778353879479,tier0,0,12.8,1,0.3,20000,0.8706,0.1294,0.5738,1.154,0.3965,2.007,2.1799,0.1204,0.1203,7,nan,0,0.123,0,0,0
g3scan,rq4graded,6.0,-1.0,eb1168,0.11675778353879479,tier0,0,12.8,1,0.31,20000,0.8706,0.1294,0.6384,0.957,0.3982,1.992,2.242,0.1105,0.1098,7,nan,0,0.1038,0,0,0
g3scan,rq4graded,6.0,-1.0,eb1168,0.11675778353879479,tier0,0,12.8,1,0.32,20000,0.8706,0.1294,0.691,0.797,0.4031,2.039,2.3094,0.1048,0.1027,7,nan,0,0.0895,0,0,0
g3scan,rq4graded,6.0,-1.0,eb1168,0.11675778353879479,tier0,0,12.8,1,0.33,20000,0.8706,0.1294,0.7319,0.666,0.4137,2.027,2.4046,0.1041,0.0986,7,nan,0,0.0789,0,0,0
g3scan,rq4graded,6.0,-1.0,eb1168,0.11675778353879479,tier0,0,12.8,1,0.34,20000,0.8706,0.1294,0.7694,0.553,0.418,1.981,2.4912,0.0847,0.0829,6,nan,0,0.0699,0,0,0
g3scan,rq4graded,6.0,-1.0,eb1168,0.11675778353879479,tier0,0,12.8,1,0.35,20000,0.8706,0.1294,0.8018,0.461,0.4202,1.919,2.5637,0.0817,0.0788,6,nan,0,0.0618,0,0,0
g3scan,rq4graded,6.0,-1.0,eb1168,0.11675778353879479,tier0,0,12.8,1,0.36,20000,0.8706,0.1294,0.8281,0.381,0.4398,2.026,2.6711,0.0853,0.0783,6,nan,0,0.0551,0,0,0
g3scan,rq4graded,6.0,-1.0,eb1168,0.11675778353879479,tier0,0,12.8,1,0.37,20000,0.8706,0.1294,0.8515,0.315,0.4468,1.923,2.7672,0.0682,0.0653,5,nan,0,0.0495,0,0,0
g3scan,rq4graded,6.0,-1.0,eb1168,0.11675778353879479,tier0,0,12.8,1,0.38,20000,0.8706,0.1294,0.8712,0.261,0.4612,1.902,2.8623,0.0731,0.0663,5,nan,0,0.0442,0,0,0
g3scan,rq4graded,6.0,-1.0,eb1168,0.11675778353879479,tier0,0,12.8,1,0.39,20000,0.8706,0.1294,0.8887,0.214,0.4813,1.92,2.9647,0.057,0.0545,4,nan,0,0.0397,0,0,0
g3scan,rq4graded,6.0,-1.0,eb1168,0.11675778353879479,tier0,0,12.8,1,0.4,20000,0.8706,0.1294,0.9048,0.174,0.5033,1.926,3.0594,0.0584,0.0548,4,nan,0,0.035,0,0,0
g3scan,rq4graded,6.0,-1.0,eb1168,0.11675778353879479,tier0,0,12.8,1,0.41,20000,0.8706,0.1294,0.9172,0.143,0.534,2.012,3.1628,0.0618,0.056,4,nan,0,0.0321,0,0,0
g3scan,rq4graded,6.0,-1.0,eb1168,0.11675778353879479,tier0,0,12.8,1,0.42,20000,0.8706,0.1294,0.9291,0.115,0.5672,2.027,3.2635,0.0486,0.046,3,nan,0,0.0291,0,0,0
g3scan,rq4graded,6.0,-1.0,eb1168,0.11675778353879479,tier0,0,12.8,1,0.43,20000,0.8706,0.1294,0.9394,0.093,0.6095,2.233,3.3569,0.0569,0.0504,3,nan,0,0.027,0,0,0
g3scan,rq4graded,6.0,-1.0,eb1168,0.11675778353879479,tier0,0,12.8,1,0.44,20000,0.8706,0.1294,0.9495,0.074,0.6398,2.284,3.4341,0.04,0.0383,2,nan,0,0.0254,0,0,0
g3scan,rq4graded,6.0,-1.0,eb1168,0.11675778353879479,tier0,0,12.8,1,0.45,20000,0.8706,0.1294,0.9572,0.058,0.7069,3.011,3.5271,0.0411,0.0396,2,nan,0,0.0234,0,0,0
g3scan,rq4graded,6.0,-1.0,eb1168,0.11675778353879479,tier0,0,12.8,1,0.46,20000,0.8706,0.1294,0.9655,0.045,0.7483,3.535,3.5895,0.046,0.0433,2,nan,0,0.022,0,0,0
g3scan,rq4graded,6.0,-1.0,eb1168,0.11675778353879479,tier0,0,12.8,1,0.47,20000,0.8706,0.1294,0.9721,0.034,0.7992,4.565,3.6559,0.0524,0.0489,2,nan,0,0.0207,0,0,0
g3scan,rq4graded,6.0,-1.0,eb1168,0.11675778353879479,tier0,0,12.8,1,0.48,20000,0.8706,0.1294,0.978,0.026,0.8383,5.899,3.7048,0.0355,0.0355,1,nan,0,0.0201,0,0,0
g3scan,rq4graded,6.0,-1.0,eb1168,0.11675778353879479,tier0,0,12.8,1,0.49,20000,0.8706,0.1294,0.983,0.019,0.8782,8.508,3.7448,0.0367,0.0367,1,nan,0,0.0204,0,0,0
g3scan,rq4graded,6.0,-1.0,eb1168,0.11675778353879479,tier0,0,12.8,1,0.5,20000,0.8706,0.1294,0.9879,0.013,0.9121,12.387,3.7817,0.0495,0.0495,1,nan,0,0.0198,0,0,0
g3scan,rq4graded,6.0,-1.0,eb1168,0.11675778353879479,tier0,0,12.8,1,0.51,20000,0.8706,0.1294,0.9912,0.009,0.9346,15.889,3.8135,nan,nan,0,nan,0,0.0216,0,0,0
g3scan,rq4graded,6.0,-1.0,eb1168,0.11675778353879479,tier0,0,12.8,1,0.52,20000,0.8706,0.1294,0.9941,0.006,0.9268,13.571,3.8057,nan,nan,0,nan,0,0.0235,0,0,0
g3scan,rq4graded,6.0,-1.0,eb154,0.154,tier0,1,2.4,0,0.17,20000,0.8139,0.1861,0.0,17.777,0.0,nan,12.8886,nan,nan,0,9.3666,5,nan,0,0,0
g3scan,rq4graded,6.0,-1.0,eb154,0.154,tier0,1,2.4,0,0.18,20000,0.8139,0.1861,0.0,17.586,0.0,nan,12.6975,nan,nan,0,8.9068,6,nan,0,0,0
g3scan,rq4graded,6.0,-1.0,eb154,0.154,tier0,1,2.4,0,0.19,20000,0.8139,0.1861,0.0,17.396,0.0,nan,12.5077,nan,nan,0,8.3147,6,nan,0,0,0
g3scan,rq4graded,6.0,-1.0,eb154,0.154,tier0,1,2.4,0,0.2,20000,0.8139,0.1861,0.0,17.206,0.0,nan,12.3176,nan,nan,0,7.8761,7,nan,0,0,0
g3scan,rq4graded,6.0,-1.0,eb154,0.154,tier0,1,2.4,0,0.21,20000,0.8139,0.1861,0.0,17.013,0.0,nan,12.1243,nan,nan,0,7.3949,7,nan,0,0,0
g3scan,rq4graded,6.0,-1.0,eb154,0.154,tier0,1,2.4,0,0.22,20000,0.8139,0.1861,0.0,16.822,0.0,nan,11.9337,nan,nan,0,6.9492,7,nan,0,0,0
g3scan,rq4graded,6.0,-1.0,eb154,0.154,tier0,1,2.4,0,0.23,20000,0.8139,0.1861,0.0,16.635,0.0,nan,11.7461,nan,nan,0,6.5964,8,nan,0,0,0
g3scan,rq4graded,6.0,-1.0,eb154,0.154,tier0,1,2.4,0,0.24,20000,0.8139,0.1861,0.0,16.443,0.0,nan,11.5543,nan,nan,0,6.2306,8,nan,0,0,0
g3scan,rq4graded,6.0,-1.0,eb154,0.154,tier0,1,2.4,0,0.25,20000,0.8139,0.1861,0.0,16.255,0.0,nan,11.3659,nan,nan,0,5.8918,8,nan,0,0,0
g3scan,rq4graded,6.0,-1.0,eb154,0.154,tier0,1,2.4,0,0.26,20000,0.8139,0.1861,0.0,16.064,0.0,nan,11.1753,nan,nan,0,5.5772,8,nan,0,0,0
g3scan,rq4graded,6.0,-1.0,eb154,0.154,tier0,1,2.4,0,0.27,20000,0.8139,0.1861,0.0,15.877,0.0,nan,10.988,4.9802,4.9802,1,5.29,8,nan,0,0,0
g3scan,rq4graded,6.0,-1.0,eb154,0.154,tier0,1,2.4,0,0.28,20000,0.8139,0.1861,0.0,15.69,0.0,nan,10.8015,4.7427,4.7427,1,5.0214,8,nan,0,0,0
g3scan,rq4graded,6.0,-1.0,eb154,0.154,tier0,1,2.4,0,0.29,20000,0.8139,0.1861,0.0,15.501,0.0,nan,10.6122,4.3442,4.3368,2,4.7711,8,nan,0,0,0
g3scan,rq4graded,6.0,-1.0,eb154,0.154,tier0,1,2.4,0,0.3,20000,0.8139,0.1861,0.0,15.316,0.0,nan,10.4277,4.1767,4.1685,2,4.5465,8,nan,0,0,0
g3scan,rq4graded,6.0,-1.0,eb154,0.154,tier0,1,2.4,0,0.31,20000,0.8139,0.1861,0.0,15.125,0.0,nan,10.2364,3.8332,3.8169,3,4.3287,8,nan,0,0,0
g3scan,rq4graded,6.0,-1.0,eb154,0.154,tier0,1,2.4,0,0.32,20000,0.8139,0.1861,0.0,14.935,0.0,nan,10.0466,3.6975,3.6813,3,4.1311,8,nan,0,0,0
g3scan,rq4graded,6.0,-1.0,eb154,0.154,tier0,1,2.4,0,0.33,20000,0.8139,0.1861,0.0,14.75,0.0,nan,9.861,3.3831,3.3546,4,3.9499,8,nan,0,0,0
g3scan,rq4graded,6.0,-1.0,eb154,0.154,tier0,1,2.4,0,0.34,20000,0.8139,0.1861,0.0,14.56,0.0,nan,9.6713,3.2688,3.2416,4,3.7769,8,nan,0,0,0
g3scan,rq4graded,6.0,-1.0,eb154,0.154,tier0,1,2.4,0,0.35,20000,0.8139,0.1861,0.0,14.374,0.0,0.0,9.4851,3.164,3.138,4,3.6182,8,nan,0,0,0
g3scan,rq4graded,6.0,-1.0,eb154,0.154,tier0,1,2.4,0,0.36,20000,0.8139,0.1861,0.0,14.189,0.0,0.0,9.3002,2.8832,2.8395,5,3.4726,8,nan,0,0,0
g3scan,rq4graded,6.0,-1.0,eb154,0.154,tier0,1,2.4,0,0.37,20000,0.8139,0.1861,0.0,13.999,0.0,0.333,9.1104,2.7891,2.7473,5,3.3319,8,nan,0,0,0
g3scan,rq4graded,6.0,-1.0,eb154,0.154,tier0,1,2.4,0,0.38,20000,0.8139,0.1861,0.0,13.813,0.0001,0.75,8.9249,2.5349,2.4688,6,3.2035,8,nan,0,0,0
g3scan,rq4graded,6.0,-1.0,eb154,0.154,tier0,1,2.4,0,0.39,20000,0.8139,0.1861,0.0,13.627,0.0001,0.333,8.7388,2.4506,2.3874,6,3.087,8,nan,0,0,0
g3scan,rq4graded,6.0,-1.0,eb154,0.154,tier0,1,2.4,0,0.4,20000,0.8139,0.1861,0.0,13.442,0.0001,0.174,8.553,2.2034,2.1004,7,2.9757,8,nan,0,0,0
g3scan,rq4graded,6.0,-1.0,eb154,0.154,tier0,1,2.4,0,0.41,20000,0.8139,0.1861,0.0,13.255,0.0002,0.176,8.367,2.1386,2.0409,7,2.8699,8,nan,0,0,0
g3scan,rq4graded,6.0,-1.0,eb154,0.154,tier0,1,2.4,0,0.42,20000,0.8139,0.1861,0.0001,13.069,0.0004,0.207,8.1816,2.0731,1.9795,7,2.7738,8,nan,0,0,0
g3scan,rq4graded,6.0,-1.0,eb154,0.154,tier0,1,2.4,0,0.43,20000,0.8139,0.1861,0.0001,12.882,0.0006,0.21,7.9952,2.0102,1.9214,7,2.6839,8,0.8017,0,0,0
g3scan,rq4graded,6.0,-1.0,eb154,0.154,tier0,1,2.4,0,0.44,20000,0.8139,0.1861,0.0001,12.699,0.0009,0.194,7.8123,1.951,1.867,7,2.5986,8,0.7915,0,0,0
g3scan,rq4graded,6.0,-1.0,eb154,0.154,tier0,1,2.4,0,0.45,20000,0.8139,0.1861,0.0002,12.511,0.0017,0.254,7.6251,1.8917,1.8125,7,2.5181,8,0.7684,0,0,0
g3scan,rq4graded,6.0,-1.0,eb154,0.154,tier0,1,2.4,0,0.46,20000,0.8139,0.1861,0.0003,12.33,0.0027,0.31,7.4456,1.8359,1.7608,7,2.4459,8,0.7487,0,0,0
g3scan,rq4graded,6.0,-1.0,eb154,0.154,tier0,1,2.4,0,0.47,20000,0.8139,0.1861,0.0006,12.147,0.004,0.345,7.2646,1.7811,1.7098,7,2.3768,8,0.7343,0,0,0
g3scan,rq4graded,6.0,-1.0,eb154,0.154,tier0,1,2.4,0,0.48,20000,0.8139,0.1861,0.0008,11.964,0.0061,0.455,7.0857,1.7286,1.6611,7,2.3117,8,0.718,0,0,0
g3scan,rq4graded,6.0,-1.0,eb154,0.154,tier0,1,2.4,0,0.49,20000,0.8139,0.1861,0.0012,11.785,0.0082,0.497,6.9109,1.6783,1.6142,7,2.2522,8,0.706,0,0,0
g3scan,rq4graded,6.0,-1.0,eb154,0.154,tier0,1,2.4,0,0.5,20000,0.8139,0.1861,0.0019,11.605,0.0107,0.54,6.7388,1.6285,1.5676,7,2.1949,8,0.6926,0,0,0
g3scan,rq4graded,6.0,-1.0,eb154,0.154,tier0,1,2.4,0,0.51,20000,0.8139,0.1861,0.003,11.427,0.014,0.601,6.5731,1.5802,1.5221,7,2.1419,8,0.6772,0,0,0
g3scan,rq4graded,6.0,-1.0,eb154,0.154,tier0,1,2.4,0,0.52,20000,0.8139,0.1861,0.0044,11.249,0.0168,0.594,6.4101,1.5339,1.4788,7,2.0911,8,0.6639,0,0,0
g3scan,rq4graded,6.0,-1.0,eb154,0.154,tier0,1,3.2,0,0.17,20000,0.8139,0.1861,0.0,16.139,0.0,nan,11.2501,nan,nan,0,6.2903,7,nan,0,0,0
g3scan,rq4graded,6.0,-1.0,eb154,0.154,tier0,1,3.2,0,0.18,20000,0.8139,0.1861,0.0,15.856,0.0,nan,10.967,nan,nan,0,5.8825,8,nan,0,0,0
g3scan,rq4graded,6.0,-1.0,eb154,0.154,tier0,1,3.2,0,0.19,20000,0.8139,0.1861,0.0,15.573,0.0,nan,10.6845,nan,nan,0,5.36,8,nan,0,0,0
g3scan,rq4graded,6.0,-1.0,eb154,0.154,tier0,1,3.2,0,0.2,20000,0.8139,0.1861,0.0,15.293,0.0,nan,10.404,nan,nan,0,4.8995,8,nan,0,0,0
g3scan,rq4graded,6.0,-1.0,eb154,0.154,tier0,1,3.2,0,0.21,20000,0.8139,0.1861,0.0,15.012,0.0,nan,10.1234,nan,nan,0,4.4876,8,nan,0,0,0
g3scan,rq4graded,6.0,-1.0,eb154,0.154,tier0,1,3.2,0,0.22,20000,0.8139,0.1861,0.0,14.731,0.0,nan,9.8426,4.8957,4.8957,1,4.1192,8,nan,0,0,0
g3scan,rq4graded,6.0,-1.0,eb154,0.154,tier0,1,3.2,0,0.23,20000,0.8139,0.1861,0.0,14.447,0.0,nan,9.5586,4.6008,4.6008,1,3.789,8,nan,0,0,0
g3scan,rq4graded,6.0,-1.0,eb154,0.154,tier0,1,3.2,0,0.24,20000,0.8139,0.1861,0.0,14.166,0.0,nan,9.2777,4.1658,4.1607,2,3.4972,8,nan,0,0,0
g3scan,rq4graded,6.0,-1.0,eb154,0.154,tier0,1,3.2,0,0.25,20000,0.8139,0.1861,0.0,13.886,0.0,nan,8.9976,3.7645,3.7549,3,3.2384,8,nan,0,0,0
g3scan,rq4graded,6.0,-1.0,eb154,0.154,tier0,1,3.2,0,0.26,20000,0.8139,0.1861,0.0,13.606,0.0,nan,8.7177,3.5521,3.5433,3,3.0081,8,nan,0,0,0
g3scan,rq4graded,6.0,-1.0,eb154,0.154,tier0,1,3.2,0,0.27,20000,0.8139,0.1861,0.0,13.326,0.0,nan,8.4373,3.213,3.1975,4,2.8031,8,nan,0,0,0
g3scan,rq4graded,6.0,-1.0,eb154,0.154,tier0,1,3.2,0,0.28,20000,0.8139,0.1861,0.0,13.045,0.0,nan,8.1565,3.0352,3.0209,4,2.6194,8,nan,0,0,0
g3scan,rq4graded,6.0,-1.0,eb154,0.154,tier0,1,3.2,0,0.29,20000,0.8139,0.1861,0.0,12.769,0.0,0.0,7.88,2.7344,2.7095,5,2.4566,8,nan,0,0,0
g3scan,rq4graded,6.0,-1.0,eb154,0.154,tier0,1,3.2,0,0.3,20000,0.8139,0.1861,0.0,12.486,0.0,0.0,7.5976,2.5835,2.5614,5,2.3112,8,nan,0,0,0
g3scan,rq4graded,6.0,-1.0,eb154,0.154,tier0,1,3.2,0,0.31,20000,0.8139,0.1861,0.0,12.205,0.0,0.0,7.316,2.314,2.2763,6,2.179,8,nan,0,0,0
g3scan,rq4graded,6.0,-1.0,eb154,0.154,tier0,1,3.2,0,0.32,20000,0.8139,0.1861,0.0,11.925,0.0001,0.2,7.0372,2.1919,2.1588,6,2.063,8,nan,0,0,0
g3scan,rq4graded,6.0,-1.0,eb154,0.154,tier0,1,3.2,0,0.33,20000,0.8139,0.1861,0.0,11.648,0.0001,0.108,6.7616,1.9443,1.8855,7,1.9594,8,nan,0,0,0
g3scan,rq4graded,6.0,-1.0,eb154,0.154,tier0,1,3.2,0,0.34,20000,0.8139,0.1861,0.0,11.366,0.0004,0.132,6.4807,1.8408,1.7876,7,1.8652,8,nan,0,0,0
g3scan,rq4graded,6.0,-1.0,eb154,0.154,tier0,1,3.2,0,0.35,20000,0.8139,0.1861,0.0001,11.088,0.0007,0.119,6.2056,1.7453,1.6982,7,1.7818,8,0.8042,0,0,0
g3scan,rq4graded,6.0,-1.0,eb154,0.154,tier0,1,3.2,0,0.36,20000,0.8139,0.1861,0.0001,10.813,0.0017,0.168,5.9321,1.6538,1.6122,7,1.708,8,0.7729,0,0,0
g3scan,rq4graded,6.0,-1.0,eb154,0.154,tier0,1,3.2,0,0.37,20000,0.8139,0.1861,0.0002,10.54,0.0036,0.236,5.6607,1.5671,1.5305,7,1.6399,8,0.7448,0,0,0
g3scan,rq4graded,6.0,-1.0,eb154,0.154,tier0,1,3.2,0,0.38,20000,0.8139,0.1861,0.0005,10.27,0.0071,0.33,5.3935,1.4847,1.4521,7,1.5777,8,0.7189,0,0,0
g3scan,rq4graded,6.0,-1.0,eb154,0.154,tier0,1,3.2,0,0.39,20000,0.8139,0.1861,0.0009,10.002,0.0115,0.386,5.13,1.4072,1.3783,7,1.5195,8,0.6984,0,0,0
g3scan,rq4graded,6.0,-1.0,eb154,0.154,tier0,1,3.2,0,0.4,20000,0.8139,0.1861,0.0019,9.739,0.0174,0.461,4.8767,1.3342,1.3084,7,1.4663,8,0.6755,0,0,0
g3scan,rq4graded,6.0,-1.0,eb154,0.154,tier0,1,3.2,0,0.41,20000,0.8139,0.1861,0.0038,9.478,0.0248,0.521,4.6339,1.2659,1.2426,7,1.4169,8,0.6512,0,0,0
g3scan,rq4graded,6.0,-1.0,eb154,0.154,tier0,1,3.2,0,0.42,20000,0.8139,0.1861,0.0069,9.224,0.0334,0.606,4.4079,1.203,1.1819,7,1.371,8,0.6274,0,0,0
g3scan,rq4graded,6.0,-1.0,eb154,0.154,tier0,1,3.2,0,0.43,20000,0.8139,0.1861,0.0113,8.971,0.0436,0.714,4.1942,1.1439,1.1246,7,1.3272,8,0.6043,0,0,0
g3scan,rq4graded,6.0,-1.0,eb154,0.154,tier0,1,3.2,0,0.44,20000,0.8139,0.1861,0.0172,8.724,0.0546,0.819,3.9961,1.0883,1.0704,7,1.2866,8,0.5819,0,0,0
g3scan,rq4graded,6.0,-1.0,eb154,0.154,tier0,1,3.2,0,0.45,20000,0.8139,0.1861,0.0242,8.485,0.0653,0.908,3.8161,1.0378,1.0209,7,1.2481,8,0.5619,0,0,0
g3scan,rq4graded,6.0,-1.0,eb154,0.154,tier0,1,3.2,0,0.46,20000,0.8139,0.1861,0.0336,8.25,0.0752,0.981,3.6564,0.9896,0.9736,7,1.2134,8,0.5429,0,0,0
g3scan,rq4graded,6.0,-1.0,eb154,0.154,tier0,1,3.2,0,0.47,20000,0.8139,0.1861,0.0454,8.022,0.0835,1.029,3.526,0.9454,0.93,7,1.181,8,0.5229,0,0,0
g3scan,rq4graded,6.0,-1.0,eb154,0.154,tier0,1,3.2,0,0.48,20000,0.8139,0.1861,0.0579,7.802,0.0929,1.125,3.4058,0.9055,0.8904,7,1.1488,8,0.5038,0,0,0
g3scan,rq4graded,6.0,-1.0,eb154,0.154,tier0,1,3.2,0,0.49,20000,0.8139,0.1861,0.0739,7.583,0.1004,1.197,3.3139,0.8667,0.852,7,1.1192,8,0.4837,0,0,0
g3scan,rq4graded,6.0,-1.0,eb154,0.154,tier0,1,3.2,0,0.5,20000,0.8139,0.1861,0.0895,7.373,0.1068,1.242,3.226,0.8309,0.8164,7,1.0919,8,0.466,0,0,0
g3scan,rq4graded,6.0,-1.0,eb154,0.154,tier0,1,3.2,0,0.51,20000,0.8139,0.1861,0.1061,7.173,0.1125,1.284,3.1544,0.7988,0.7842,7,1.0635,8,0.4482,0,0,0
g3scan,rq4graded,6.0,-1.0,eb154,0.154,tier0,1,3.2,0,0.52,20000,0.8139,0.1861,0.1229,6.978,0.1174,1.316,3.0878,0.7683,0.7536,7,1.0394,8,0.4318,0,1,0
g3scan,rq4graded,6.0,-1.0,eb154,0.154,tier0,1,4.8,0,0.17,20000,0.8139,0.1861,0.0,13.588,0.0,nan,8.7123,nan,nan,0,3.1211,8,nan,0,0,0
g3scan,rq4graded,6.0,-1.0,eb154,0.154,tier0,1,4.8,0,0.18,20000,0.8139,0.1861,0.0,13.161,0.0,nan,8.2927,4.7431,4.7431,1,2.6842,8,nan,0,0,0
g3scan,rq4graded,6.0,-1.0,eb154,0.154,tier0,1,4.8,0,0.19,20000,0.8139,0.1861,0.0,12.731,0.0,nan,7.8676,4.1885,4.1872,2,2.3219,8,nan,0,0,0
g3scan,rq4graded,6.0,-1.0,eb154,0.154,tier0,1,4.8,0,0.2,20000,0.8139,0.1861,0.0,12.302,0.0,nan,7.4407,3.7572,3.7565,2,2.0244,8,nan,0,0,0
g3scan,rq4graded,6.0,-1.0,eb154,0.154,tier0,1,4.8,0,0.21,20000,0.8139,0.1861,0.0,11.879,0.0,nan,7.0193,3.3185,3.3175,3,1.7854,8,nan,0,0,0
g3scan,rq4graded,6.0,-1.0,eb154,0.154,tier0,1,4.8,0,0.22,20000,0.8139,0.1861,0.0,11.448,0.0,nan,6.5883,2.9111,2.909,4,1.5861,8,nan,0,0,0
g3scan,rq4graded,6.0,-1.0,eb154,0.154,tier0,1,4.8,0,0.23,20000,0.8139,0.1861,0.0,11.019,0.0,nan,6.171,2.5417,2.5365,5,1.4278,8,nan,0,0,0
g3scan,rq4graded,6.0,-1.0,eb154,0.154,tier0,1,4.8,0,0.24,20000,0.8139,0.1861,0.0,10.589,0.0,nan,5.7495,2.2827,2.2794,5,1.2994,8,nan,0,0,0
g3scan,rq4graded,6.0,-1.0,eb154,0.154,tier0,1,4.8,0,0.25,20000,0.8139,0.1861,0.0,10.163,0.0,0.0,5.3289,1.9777,1.9697,6,1.1916,8,nan,0,0,0
g3scan,rq4graded,6.0,-1.0,eb154,0.154,tier0,1,4.8,0,0.26,20000,0.8139,0.1861,0.0,9.737,0.0,0.0,4.9073,1.775,1.7697,6,1.1018,8,nan,0,0,0
g3scan,rq4graded,6.0,-1.0,eb154,0.154,tier0,1,4.8,0,0.27,20000,0.8139,0.1861,0.0,9.31,0.0001,0.048,4.4862,1.523,1.509,7,1.0255,8,nan,0,0,0
g3scan,rq4graded,6.0,-1.0,eb154,0.154,tier0,1,4.8,0,0.28,20000,0.8139,0.1861,0.0,8.887,0.0005,0.051,4.0756,1.3733,1.3632,7,0.9594,8,nan,0,0,0
g3scan,rq4graded,6.0,-1.0,eb154,0.154,tier0,1,4.8,0,0.29,20000,0.8139,0.1861,0.0,8.469,0.0021,0.09,3.6673,1.2398,1.2328,7,0.9041,8,0.7751,0,0,0
g3scan,rq4graded,6.0,-1.0,eb154,0.154,tier0,1,4.8,0,0.3,20000,0.8139,0.1861,0.0001,8.062,0.0078,0.178,3.2682,1.1209,1.1159,7,0.8549,8,0.7216,0,0,0
g3scan,rq4graded,6.0,-1.0,eb154,0.154,tier0,1,4.8,0,0.31,20000,0.8139,0.1861,0.0005,7.661,0.0191,0.282,2.8866,1.0156,1.012,7,0.8139,8,0.6814,0,0,0
g3scan,rq4graded,6.0,-1.0,eb154,0.154,tier0,1,4.8,0,0.32,20000,0.8139,0.1861,0.0017,7.273,0.0383,0.437,2.5233,0.9242,0.9215,7,0.776,8,0.6393,0,0,0
g3scan,rq4graded,6.0,-1.0,eb154,0.154,tier0,1,4.8,0,0.33,20000,0.8139,0.1861,0.006,6.894,0.0644,0.618,2.1876,0.8427,0.8405,7,0.7508,8,0.5974,0,1,0
g3scan,rq4graded,6.0,-1.0,eb154,0.154,tier0,1,4.8,0,0.34,20000,0.8139,0.1861,0.0147,6.533,0.0926,0.812,1.9008,0.7727,0.7705,7,0.7256,8,0.5593,0,1,0
g3scan,rq4graded,6.0,-1.0,eb154,0.154,tier0,1,4.8,0,0.35,20000,0.8139,0.1861,0.0294,6.184,0.1199,0.993,1.662,0.7113,0.7087,7,0.7047,8,0.5225,0,1,0
g3scan,rq4graded,6.0,-1.0,eb154,0.154,tier0,1,4.8,0,0.36,20000,0.8139,0.1861,0.0528,5.847,0.1431,1.161,1.482,0.6571,0.6542,7,0.6946,8,0.485,0,1,0
g3scan,rq4graded,6.0,-1.0,eb154,0.154,tier0,1,4.8,0,0.37,20000,0.8139,0.1861,0.0825,5.524,0.161,1.289,1.3514,0.6102,0.6066,7,0.672,8,0.4496,0,1,0
g3scan,rq4graded,6.0,-1.0,eb154,0.154,tier0,1,4.8,0,0.38,20000,0.8139,0.1861,0.1157,5.22,0.1753,1.404,1.2564,0.5686,0.5645,7,0.6671,8,0.416,0,1,0
g3scan,rq4graded,6.0,-1.0,eb154,0.154,tier0,1,4.8,0,0.39,20000,0.8139,0.1861,0.1526,4.934,0.185,1.484,1.1933,0.5321,0.5273,7,0.5896,7,0.3842,0,1,0
g3scan,rq4graded,6.0,-1.0,eb154,0.154,tier0,1,4.8,0,0.4,20000,0.8139,0.1861,0.1915,4.662,0.1908,1.506,1.1549,0.4993,0.494,7,0.5752,7,0.3533,1,1,1
g3scan,rq4graded,6.0,-1.0,eb154,0.154,tier0,1,4.8,0,0.41,20000,0.8139,0.1861,0.2287,4.408,0.1947,1.528,1.1257,0.4713,0.4655,7,0.5686,7,0.3254,1,1,1
g3scan,rq4graded,6.0,-1.0,eb154,0.154,tier0,1,4.8,0,0.42,20000,0.8139,0.1861,0.2654,4.173,0.1979,1.564,1.1128,0.4458,0.4397,7,0.5567,7,0.299,1,0,0
g3scan,rq4graded,6.0,-1.0,eb154,0.154,tier0,1,4.8,0,0.43,20000,0.8139,0.1861,0.3014,3.952,0.2012,1.633,1.111,0.4234,0.417,7,0.5412,7,0.2741,1,0,0
g3scan,rq4graded,6.0,-1.0,eb154,0.154,tier0,1,4.8,0,0.44,20000,0.8139,0.1861,0.3342,3.745,0.2023,1.634,1.0989,0.4024,0.3958,7,0.5445,7,0.2538,1,0,0
g3scan,rq4graded,6.0,-1.0,eb154,0.154,tier0,1,4.8,0,0.45,20000,0.8139,0.1861,0.3655,3.551,0.204,1.687,1.0927,0.3835,0.3769,7,0.5332,7,0.236,1,0,0
g3scan,rq4graded,6.0,-1.0,eb154,0.154,tier0,1,4.8,0,0.46,20000,0.8139,0.1861,0.3946,3.376,0.2029,1.657,1.091,0.3669,0.3601,7,0.5385,7,0.2209,1,0,0
g3scan,rq4graded,6.0,-1.0,eb154,0.154,tier0,1,4.8,0,0.47,20000,0.8139,0.1861,0.4227,3.207,0.2026,1.668,1.0938,0.3517,0.3447,7,0.4614,6,0.2073,1,0,0
g3scan,rq4graded,6.0,-1.0,eb154,0.154,tier0,1,4.8,0,0.48,20000,0.8139,0.1861,0.4498,3.048,0.2005,1.615,1.1027,0.3376,0.3304,7,0.4572,6,0.195,1,0,0
g3scan,rq4graded,6.0,-1.0,eb154,0.154,tier0,1,4.8,0,0.49,20000,0.8139,0.1861,0.4738,2.901,0.1996,1.606,1.1034,0.3247,0.3175,7,0.4547,6,0.1842,1,0,0
g3scan,rq4graded,6.0,-1.0,eb154,0.154,tier0,1,4.8,0,0.5,20000,0.8139,0.1861,0.4968,2.76,0.199,1.574,1.1014,0.3119,0.3048,7,0.4541,6,0.1743,1,0,0
g3scan,rq4graded,6.0,-1.0,eb154,0.154,tier0,1,4.8,0,0.51,20000,0.8139,0.1861,0.5172,2.631,0.2012,1.609,1.0914,0.3002,0.2932,7,0.443,6,0.1657,1,0,0
g3scan,rq4graded,6.0,-1.0,eb154,0.154,tier0,1,4.8,0,0.52,20000,0.8139,0.1861,0.5374,2.509,0.2014,1.613,1.0898,0.2894,0.2824,7,0.4482,6,0.1573,1,0,0
g3scan,rq4graded,6.0,-1.0,eb154,0.154,tier0,1,6.4,0,0.17,20000,0.8139,0.1861,0.0,11.78,0.0,nan,6.9644,4.1567,4.1566,2,1.626,8,nan,0,0,0
g3scan,rq4graded,6.0,-1.0,eb154,0.154,tier0,1,6.4,0,0.18,20000,0.8139,0.1861,0.0,11.246,0.0,nan,6.4504,3.5292,3.529,2,1.3575,8,nan,0,0,0
g3scan,rq4graded,6.0,-1.0,eb154,0.154,tier0,1,6.4,0,0.19,20000,0.8139,0.1861,0.0,10.71,0.0,nan,5.9266,3.0219,3.0208,3,1.1644,8,nan,0,0,0
g3scan,rq4graded,6.0,-1.0,eb154,0.154,tier0,1,6.4,0,0.2,20000,0.8139,0.1861,0.0,10.177,0.0,nan,5.4202,2.5729,2.5697,4,1.0387,8,nan,0,0,0
g3scan,rq4graded,6.0,-1.0,eb154,0.154,tier0,1,6.4,0,0.21,20000,0.8139,0.1861,0.0,9.645,0.0,nan,4.9121,2.1751,2.1691,5,0.942,8,nan,0,0,0
g3scan,rq4graded,6.0,-1.0,eb154,0.154,tier0,1,6.4,0,0.22,20000,0.8139,0.1861,0.0,9.109,0.0,nan,4.4049,1.825,1.8172,6,0.8884,8,nan,0,0,0
g3scan,rq4graded,6.0,-1.0,eb154,0.154,tier0,1,6.4,0,0.23,20000,0.8139,0.1861,0.0,8.573,0.0,0.0,3.9053,1.5537,1.5452,6,0.772,7,nan,0,0,0
g3scan,rq4graded,6.0,-1.0,eb154,0.154,tier0,1,6.4,0,0.24,20000,0.8139,0.1861,0.0,8.044,0.0,0.0,3.4189,1.3015,1.2931,7,0.72,7,nan,0,0,0
g3scan,rq4graded,6.0,-1.0,eb154,0.154,tier0,1,6.4,0,0.25,20000,0.8139,0.1861,0.0,7.517,0.0002,0.016,2.9349,1.1186,1.1124,7,0.6807,7,nan,0,0,0
g3scan,rq4graded,6.0,-1.0,eb154,0.154,tier0,1,6.4,0,0.26,20000,0.8139,0.1861,0.0,7.006,0.0023,0.053,2.4862,0.9685,0.9646,7,0.6571,7,0.7708,0,1,0
g3scan,rq4graded,6.0,-1.0,eb154,0.154,tier0,1,6.4,0,0.27,20000,0.8139,0.1861,0.0001,6.51,0.0133,0.151,2.0524,0.8409,0.8387,7,0.646,7,0.7011,0,1,0
g3scan,rq4graded,6.0,-1.0,eb154,0.154,tier0,1,6.4,0,0.28,20000,0.8139,0.1861,0.0005,6.033,0.0418,0.326,1.6541,0.7353,0.7343,7,0.5445,6,0.6398,0,1,0
g3scan,rq4graded,6.0,-1.0,eb154,0.154,tier0,1,6.4,0,0.29,20000,0.8139,0.1861,0.0033,5.575,0.0887,0.591,1.3092,0.6469,0.6466,7,0.5267,6,0.5835,0,1,0
g3scan,rq4graded,6.0,-1.0,eb154,0.154,tier0,1,6.4,0,0.3,20000,0.8139,0.1861,0.0145,5.14,0.1411,0.891,1.0393,0.573,0.573,7,0.5149,6,0.5298,0,1,0
g3scan,rq4graded,6.0,-1.0,eb154,0.154,tier0,1,6.4,0,0.31,20000,0.8139,0.1861,0.0401,4.728,0.1867,1.182,0.8577,0.5124,0.5123,7,0.5085,6,0.4777,0,1,0
g3scan,rq4graded,6.0,-1.0,eb154,0.154,tier0,1,6.4,0,0.32,20000,0.8139,0.1861,0.0839,4.337,0.2191,1.41,0.7634,0.4615,0.4609,7,0.4273,5,0.4254,1,0,0
g3scan,rq4graded,6.0,-1.0,eb154,0.154,tier0,1,6.4,0,0.33,20000,0.8139,0.1861,0.1378,3.971,0.2394,1.556,0.7248,0.4199,0.4188,7,0.4249,5,0.3764,1,0,0
g3scan,rq4graded,6.0,-1.0,eb154,0.154,tier0,1,6.4,0,0.34,20000,0.8139,0.1861,0.1978,3.635,0.2497,1.657,0.7192,0.3852,0.3836,7,0.4251,5,0.3302,1,0,0
g3scan,rq4graded,6.0,-1.0,eb154,0.154,tier0,1,6.4,0,0.35,20000,0.8139,0.1861,0.2563,3.325,0.2577,1.737,0.7255,0.3546,0.3526,7,0.4249,5,0.2894,1,0,0
g3scan,rq4graded,6.0,-1.0,eb154,0.154,tier0,1,6.4,0,0.36,20000,0.8139,0.1861,0.3127,3.044,0.2605,1.784,0.7498,0.3276,0.3254,7,0.4319,5,0.2546,1,0,0
g3scan,rq4graded,6.0,-1.0,eb154,0.154,tier0,1,6.4,0,0.37,20000,0.8139,0.1861,0.3637,2.791,0.2614,1.763,0.7757,0.3039,0.3015,7,0.341,4,0.2269,1,0,0
g3scan,rq4graded,6.0,-1.0,eb154,0.154,tier0,1,6.4,0,0.38,20000,0.8139,0.1861,0.4108,2.567,0.2608,1.747,0.8052,0.284,0.2815,7,0.3469,4,0.2043,1,0,0
g3scan,rq4graded,6.0,-1.0,eb154,0.154,tier0,1,6.4,0,0.39,20000,0.8139,0.1861,0.4554,2.357,0.2569,1.696,0.8423,0.2655,0.2629,7,0.3477,4,0.1851,1,0,0
g3scan,rq4graded,6.0,-1.0,eb154,0.154,tier0,1,6.4,0,0.4,20000,0.8139,0.1861,0.4942,2.169,0.2588,1.737,0.8748,0.2502,0.2475,7,0.3576,4,0.1687,1,0,0
g3scan,rq4graded,6.0,-1.0,eb154,0.154,tier0,1,6.4,0,0.41,20000,0.8139,0.1861,0.5287,2.001,0.2593,1.723,0.9072,0.2357,0.2329,7,0.3766,4,0.1552,1,0,0
g3scan,rq4graded,6.0,-1.0,eb154,0.154,tier0,1,6.4,0,0.42,20000,0.8139,0.1861,0.56,1.843,0.2611,1.724,0.9375,0.2219,0.2192,7,0.2999,3,0.1438,1,0,0
g3scan,rq4graded,6.0,-1.0,eb154,0.154,tier0,1,6.4,0,0.43,20000,0.8139,0.1861,0.5887,1.703,0.2614,1.741,0.9758,0.2096,0.207,7,0.3108,3,0.1339,1,0,0
g3scan,rq4graded,6.0,-1.0,eb154,0.154,tier0,1,6.4,0,0.44,20000,0.8139,0.1861,0.6155,1.573,0.2618,1.775,1.0102,0.1982,0.1958,7,0.3193,3,0.1249,1,0,0
g3scan,rq4graded,6.0,-1.0,eb154,0.154,tier0,1,6.4,0,0.45,20000,0.8139,0.1861,0.6396,1.453,0.2636,1.784,1.0481,0.1879,0.1855,7,0.328,3,0.1176,1,0,0
g3scan,rq4graded,6.0,-1.0,eb154,0.154,tier0,1,6.4,0,0.46,20000,0.8139,0.1861,0.6625,1.343,0.262,1.746,1.0965,0.1783,0.1761,7,0.3706,3,0.1104,1,0,0
g3scan,rq4graded,6.0,-1.0,eb154,0.154,tier0,1,6.4,0,0.47,20000,0.8139,0.1861,0.6827,1.242,0.2618,1.686,1.1414,0.169,0.1669,7,0.2821,2,0.1041,1,0,0
g3scan,rq4graded,6.0,-1.0,eb154,0.154,tier0,1,6.4,0,0.48,20000,0.8139,0.1861,0.7016,1.149,0.2617,1.604,1.1895,0.161,0.1589,7,0.3074,2,0.0984,1,0,0
g3scan,rq4graded,6.0,-1.0,eb154,0.154,tier0,1,6.4,0,0.49,20000,0.8139,0.1861,0.7193,1.064,0.2614,1.566,1.2441,0.1523,0.1505,7,0.3202,2,0.093,1,0,0
g3scan,rq4graded,6.0,-1.0,eb154,0.154,tier0,1,6.4,0,0.5,20000,0.8139,0.1861,0.7359,0.983,0.2607,1.486,1.2967,0.1447,0.1431,7,0.3349,2,0.0881,1,0,0
g3scan,rq4graded,6.0,-1.0,eb154,0.154,tier0,1,6.4,0,0.51,20000,0.8139,0.1861,0.7508,0.91,0.2687,1.545,1.3409,0.139,0.1373,7,0.3828,2,0.084,1,0,0
g3scan,rq4graded,6.0,-1.0,eb154,0.154,tier0,1,6.4,0,0.52,20000,0.8139,0.1861,0.7643,0.841,0.2791,1.619,1.3853,0.1328,0.1312,7,0.305,1,0.0796,1,0,0
g3scan,rq4graded,6.0,-1.0,eb154,0.154,tier0,1,9.6,1,0.17,20000,0.8139,0.1861,0.0,9.451,0.0,nan,4.9489,2.6458,2.6238,3,0.7647,6,nan,0,0,0
g3scan,rq4graded,6.0,-1.0,eb154,0.154,tier0,1,9.6,1,0.18,20000,0.8139,0.1861,0.0,8.779,0.0,nan,4.3758,2.1187,2.0766,4,0.6894,6,nan,0,0,0
g3scan,rq4graded,6.0,-1.0,eb154,0.154,tier0,1,9.6,1,0.19,20000,0.8139,0.1861,0.0,8.103,0.0,nan,3.8143,1.7028,1.6534,5,0.5544,5,nan,0,0,0
g3scan,rq4graded,6.0,-1.0,eb154,0.154,tier0,1,9.6,1,0.2,20000,0.8139,0.1861,0.0,7.438,0.0,nan,3.2795,1.3693,1.3249,6,0.5171,5,nan,0,0,0
g3scan,rq4graded,6.0,-1.0,eb154,0.154,tier0,1,9.6,1,0.21,20000,0.8139,0.1861,0.0,6.765,0.0,0.0,2.7625,1.0685,1.0321,6,0.5131,5,nan,0,1,0
g3scan,rq4graded,6.0,-1.0,eb154,0.154,tier0,1,9.6,1,0.22,20000,0.8139,0.1861,0.0,6.109,0.0,0.0,2.2905,0.8667,0.8413,7,0.3953,4,nan,0,1,0
g3scan,rq4graded,6.0,-1.0,eb154,0.154,tier0,1,9.6,1,0.23,20000,0.8139,0.1861,0.0,5.479,0.0009,0.012,1.892,0.6941,0.6766,7,0.407,4,0.812,0,1,0
g3scan,rq4graded,6.0,-1.0,eb154,0.154,tier0,1,9.6,1,0.24,20000,0.8139,0.1861,0.0,4.881,0.0191,0.108,1.5793,0.5622,0.5512,7,0.3161,3,0.6862,0,1,0
g3scan,rq4graded,6.0,-1.0,eb154,0.154,tier0,1,9.6,1,0.25,20000,0.8139,0.1861,0.0002,4.317,0.0908,0.401,1.3658,0.4594,0.4532,7,0.324,3,0.5898,0,0,0
g3scan,rq4graded,6.0,-1.0,eb154,0.154,tier0,1,9.6,1,0.26,20000,0.8139,0.1861,0.0044,3.792,0.1996,0.897,1.3624,0.3807,0.3778,7,0.3447,3,0.5119,1,0,0
g3scan,rq4graded,6.0,-1.0,eb154,0.154,tier0,1,9.6,1,0.27,20000,0.8139,0.1861,0.0368,3.313,0.2903,1.428,1.4889,0.3212,0.3201,7,0.2705,2,0.436,1,0,0
g3scan,rq4graded,6.0,-1.0,eb154,0.154,tier0,1,9.6,1,0.28,20000,0.8139,0.1861,0.1159,2.861,0.3392,1.795,1.6523,0.2748,0.2743,7,0.3136,2,0.3575,0,0,0
g3scan,rq4graded,6.0,-1.0,eb154,0.154,tier0,1,9.6,1,0.29,20000,0.8139,0.1861,0.2194,2.446,0.3588,1.965,1.7545,0.2389,0.2386,7,0.3484,2,0.2865,0,0,0
g3scan,rq4graded,6.0,-1.0,eb154,0.154,tier0,1,9.6,1,0.3,20000,0.8139,0.1861,0.3218,2.086,0.3618,1.969,1.8125,0.2097,0.2094,7,0.293,1,0.2302,0,0,0
g3scan,rq4graded,6.0,-1.0,eb154,0.154,tier0,1,9.6,1,0.31,20000,0.8139,0.1861,0.4108,1.779,0.3645,1.992,1.8692,0.1852,0.1849,7,0.3144,1,0.1895,0,0,0
g3scan,rq4graded,6.0,-1.0,eb154,0.154,tier0,1,9.6,1,0.32,20000,0.8139,0.1861,0.4892,1.517,0.362,1.979,1.9182,0.1659,0.1657,7,0.4141,1,0.1596,0,0,0
g3scan,rq4graded,6.0,-1.0,eb154,0.154,tier0,1,9.6,1,0.33,20000,0.8139,0.1861,0.5528,1.299,0.363,1.973,1.9852,0.151,0.1507,7,nan,0,0.1375,0,0,0
g3scan,rq4graded,6.0,-1.0,eb154,0.154,tier0,1,9.6,1,0.34,20000,0.8139,0.1861,0.6052,1.113,0.3684,1.945,2.0694,0.1394,0.1388,7,nan,0,0.1209,0,0,0
g3scan,rq4graded,6.0,-1.0,eb154,0.154,tier0,1,9.6,1,0.35,20000,0.8139,0.1861,0.6534,0.951,0.3646,1.799,2.1442,0.1323,0.1305,7,nan,0,0.107,0,0,0
g3scan,rq4graded,6.0,-1.0,eb154,0.154,tier0,1,9.6,1,0.36,20000,0.8139,0.1861,0.6936,0.816,0.3666,1.719,2.2265,0.1305,0.1253,7,nan,0,0.0954,0,0,0
g3scan,rq4graded,6.0,-1.0,eb154,0.154,tier0,1,9.6,1,0.37,20000,0.8139,0.1861,0.7288,0.696,0.3819,1.826,2.3234,0.1267,0.1198,7,nan,0,0.0851,0,0,0
g3scan,rq4graded,6.0,-1.0,eb154,0.154,tier0,1,9.6,1,0.38,20000,0.8139,0.1861,0.7585,0.594,0.3946,1.84,2.4288,0.1054,0.1023,6,nan,0,0.0776,0,0,0
g3scan,rq4graded,6.0,-1.0,eb154,0.154,tier0,1,9.6,1,0.39,20000,0.8139,0.1861,0.7839,0.508,0.4121,1.897,2.5398,0.1052,0.0996,6,nan,0,0.0711,0,0,0
g3scan,rq4graded,6.0,-1.0,eb154,0.154,tier0,1,9.6,1,0.4,20000,0.8139,0.1861,0.8077,0.433,0.4261,1.914,2.6384,0.1051,0.0973,6,nan,0,0.0651,0,0,0
g3scan,rq4graded,6.0,-1.0,eb154,0.154,tier0,1,9.6,1,0.41,20000,0.8139,0.1861,0.8315,0.365,0.4346,1.909,2.7225,0.0863,0.0824,5,nan,0,0.0593,0,0,0
g3scan,rq4graded,6.0,-1.0,eb154,0.154,tier0,1,9.6,1,0.42,20000,0.8139,0.1861,0.8513,0.308,0.4479,1.836,2.8194,0.0888,0.0823,5,nan,0,0.054,0,0,0
g3scan,rq4graded,6.0,-1.0,eb154,0.154,tier0,1,9.6,1,0.43,20000,0.8139,0.1861,0.869,0.259,0.4655,1.829,2.9116,0.091,0.0823,5,nan,0,0.0497,0,0,0
g3scan,rq4graded,6.0,-1.0,eb154,0.154,tier0,1,9.6,1,0.44,20000,0.8139,0.1861,0.884,0.218,0.4856,1.801,3.0092,0.0726,0.068,4,nan,0,0.046,0,0,0
g3scan,rq4graded,6.0,-1.0,eb154,0.154,tier0,1,9.6,1,0.45,20000,0.8139,0.1861,0.8989,0.181,0.5099,1.838,3.0995,0.0779,0.0703,4,nan,0,0.0428,0,0,0
g3scan,rq4graded,6.0,-1.0,eb154,0.154,tier0,1,9.6,1,0.46,20000,0.8139,0.1861,0.911,0.151,0.547,1.997,3.1956,0.0835,0.0735,4,nan,0,0.0398,0,0,0
g3scan,rq4graded,6.0,-1.0,eb154,0.154,tier0,1,9.6,1,0.47,20000,0.8139,0.1861,0.9227,0.124,0.5872,2.199,3.2867,0.0637,0.0586,3,nan,0,0.0368,0,0,0
g3scan,rq4graded,6.0,-1.0,eb154,0.154,tier0,1,9.6,1,0.48,20000,0.8139,0.1861,0.9328,0.102,0.6241,2.399,3.3678,0.0674,0.0609,3,nan,0,0.0336,0,0,0
g3scan,rq4graded,6.0,-1.0,eb154,0.154,tier0,1,9.6,1,0.49,20000,0.8139,0.1861,0.9421,0.084,0.6622,2.629,3.4417,0.0501,0.048,2,nan,0,0.0311,0,0,0
g3scan,rq4graded,6.0,-1.0,eb154,0.154,tier0,1,9.6,1,0.5,20000,0.8139,0.1861,0.9513,0.067,0.702,2.997,3.5086,0.0549,0.052,2,nan,0,0.0291,0,0,0
g3scan,rq4graded,6.0,-1.0,eb154,0.154,tier0,1,9.6,1,0.51,20000,0.8139,0.1861,0.9596,0.053,0.7432,3.556,3.5695,0.0586,0.0547,2,nan,0,0.0272,0,0,0
g3scan,rq4graded,6.0,-1.0,eb154,0.154,tier0,1,9.6,1,0.52,20000,0.8139,0.1861,0.9671,0.042,0.7768,4.139,3.6151,0.0622,0.0581,2,nan,0,0.0255,0,0,0
g3scan,rq4graded,6.0,-1.0,eb154,0.154,tier0,1,12.8,1,0.17,20000,0.8139,0.1861,0.0,8.034,0.0,nan,4.0142,1.8466,1.753,4,0.4709,4,nan,0,0,0
g3scan,rq4graded,6.0,-1.0,eb154,0.154,tier0,1,12.8,1,0.18,20000,0.8139,0.1861,0.0,7.28,0.0,nan,3.464,1.4331,1.3359,5,0.4599,4,nan,0,0,0
g3scan,rq4graded,6.0,-1.0,eb154,0.154,tier0,1,12.8,1,0.19,20000,0.8139,0.1861,0.0,6.527,0.0,nan,2.9512,1.1134,1.0295,6,0.3509,3,nan,0,1,0
g3scan,rq4graded,6.0,-1.0,eb154,0.154,tier0,1,12.8,1,0.2,20000,0.8139,0.1861,0.0,5.775,0.0,0.0,2.4852,0.8046,0.7469,6,0.3868,3,nan,0,1,0
g3scan,rq4graded,6.0,-1.0,eb154,0.154,tier0,1,12.8,1,0.21,20000,0.8139,0.1861,0.0,5.055,0.0,0.0,2.1193,0.6403,0.5957,7,0.2845,2,nan,0,1,0
g3scan,rq4graded,6.0,-1.0,eb154,0.154,tier0,1,12.8,1,0.22,20000,0.8139,0.1861,0.0,4.379,0.0025,0.014,1.8672,0.4814,0.4526,7,0.3602,2,0.7675,0,0,0
g3scan,rq4graded,6.0,-1.0,eb154,0.154,tier0,1,12.8,1,0.23,20000,0.8139,0.1861,0.0,3.753,0.0616,0.21,1.8284,0.3665,0.3488,7,0.2853,1,0.6181,0,0,0
g3scan,rq4graded,6.0,-1.0,eb154,0.154,tier0,1,12.8,1,0.24,20000,0.8139,0.1861,0.0004,3.162,0.2171,0.776,1.9115,0.2821,0.2727,7,0.3782,1,0.5087,1,0,0
g3scan,rq4graded,6.0,-1.0,eb154,0.154,tier0,1,12.8,1,0.25,20000,0.8139,0.1861,0.0202,2.659,0.3637,1.584,2.1749,0.2236,0.2189,7,nan,0,0.4197,0,0,0
g3scan,rq4graded,6.0,-1.0,eb154,0.154,tier0,1,12.8,1,0.26,20000,0.8139,0.1861,0.1238,2.175,0.435,2.131,2.406,0.1867,0.1849,7,nan,0,0.3223,0,0,0
g3scan,rq4graded,6.0,-1.0,eb154,0.154,tier0,1,12.8,1,0.27,20000,0.8139,0.1861,0.2759,1.732,0.4484,2.208,2.497,0.1634,0.1619,7,nan,0,0.2367,0,0,0
g3scan,rq4graded,6.0,-1.0,eb154,0.154,tier0,1,12.8,1,0.28,20000,0.8139,0.1861,0.4109,1.371,0.4536,2.28,2.5617,0.1537,0.1489,7,nan,0,0.1778,0,0,0
g3scan,rq4graded,6.0,-1.0,eb154,0.154,tier0,1,12.8,1,0.29,20000,0.8139,0.1861,0.5203,1.082,0.4549,2.193,2.632,0.1231,0.1221,6,nan,0,0.1402,0,0,0
g3scan,rq4graded,6.0,-1.0,eb154,0.154,tier0,1,12.8,1,0.3,20000,0.8139,0.1861,0.6047,0.859,0.4549,2.031,2.7153,0.119,0.1147,6,nan,0,0.115,0,0,0
g3scan,rq4graded,6.0,-1.0,eb154,0.154,tier0,1,12.8,1,0.31,20000,0.8139,0.1861,0.6749,0.677,0.4654,2.016,2.8073,0.0965,0.0952,5,nan,0,0.0953,0,0,0
g3scan,rq4graded,6.0,-1.0,eb154,0.154,tier0,1,12.8,1,0.32,20000,0.8139,0.1861,0.7303,0.532,0.483,2.034,2.9163,0.0954,0.0908,5,nan,0,0.081,0,0,0
g3scan,rq4graded,6.0,-1.0,eb154,0.154,tier0,1,12.8,1,0.33,20000,0.8139,0.1861,0.7737,0.422,0.5086,2.122,3.0261,0.0765,0.0751,4,nan,0,0.0703,0,0,0
g3scan,rq4graded,6.0,-1.0,eb154,0.154,tier0,1,12.8,1,0.34,20000,0.8139,0.1861,0.8121,0.329,0.5328,2.084,3.1355,0.0778,0.074,4,nan,0,0.0608,0,0,0
g3scan,rq4graded,6.0,-1.0,eb154,0.154,tier0,1,12.8,1,0.35,20000,0.8139,0.1861,0.8461,0.254,0.561,2.071,3.2391,0.0863,0.0767,4,nan,0,0.0532,0,0,0
g3scan,rq4graded,6.0,-1.0,eb154,0.154,tier0,1,12.8,1,0.36,20000,0.8139,0.1861,0.8743,0.195,0.5955,2.129,3.3376,0.0666,0.0622,3,nan,0,0.0461,0,0,0
g3scan,rq4graded,6.0,-1.0,eb154,0.154,tier0,1,12.8,1,0.37,20000,0.8139,0.1861,0.8986,0.147,0.6459,2.379,3.4397,0.0747,0.0659,3,nan,0,0.0407,0,0,0
g3scan,rq4graded,6.0,-1.0,eb154,0.154,tier0,1,12.8,1,0.38,20000,0.8139,0.1861,0.9179,0.11,0.7088,2.914,3.5428,0.0547,0.0512,2,nan,0,0.0361,0,0,0
g3scan,rq4graded,6.0,-1.0,eb154,0.154,tier0,1,12.8,1,0.39,20000,0.8139,0.1861,0.9348,0.082,0.7717,3.829,3.6283,0.0603,0.0561,2,nan,0,0.0315,0,0,0
g3scan,rq4graded,6.0,-1.0,eb154,0.154,tier0,1,12.8,1,0.4,20000,0.8139,0.1861,0.9502,0.059,0.8342,5.545,3.7031,0.0714,0.0641,2,nan,0,0.0287,0,0,0
g3scan,rq4graded,6.0,-1.0,eb154,0.154,tier0,1,12.8,1,0.41,20000,0.8139,0.1861,0.9636,0.041,0.8878,8.553,3.7637,0.049,0.049,1,nan,0,0.0261,0,0,0
g3scan,rq4graded,6.0,-1.0,eb154,0.154,tier0,1,12.8,1,0.42,20000,0.8139,0.1861,0.9747,0.028,0.9235,13.818,3.7999,0.0557,0.0557,1,nan,0,0.0252,0,0,0
g3scan,rq4graded,6.0,-1.0,eb154,0.154,tier0,1,12.8,1,0.43,20000,0.8139,0.1861,0.983,0.018,0.9457,20.88,3.8216,0.0696,0.0696,1,nan,0,0.0265,0,0,0
g3scan,rq4graded,6.0,-1.0,eb154,0.154,tier0,1,12.8,1,0.44,20000,0.8139,0.1861,0.9899,0.011,0.9634,35.111,3.8399,nan,nan,0,nan,0,0.0278,0,0,0
g3scan,rq4graded,6.0,-1.0,eb154,0.154,tier0,1,12.8,1,0.45,20000,0.8139,0.1861,0.9943,0.006,0.9462,19.556,3.8241,nan,nan,0,nan,0,0.031,0,0,0
g3scan,rq4graded,6.0,-1.0,eb154,0.154,tier0,1,12.8,1,0.46,20000,0.8139,0.1861,0.997,0.003,0.9293,15.333,3.7977,nan,nan,0,nan,0,0.0365,0,0,0
g3scan,rq4graded,6.0,-1.0,eb154,0.154,tier0,1,12.8,1,0.47,20000,0.8139,0.1861,0.9986,0.002,0.913,14.0,3.7799,nan,nan,0,nan,0,0.0411,0,0,0
g3scan,rq4graded,6.0,-1.0,eb154,0.154,tier0,1,12.8,1,0.48,20000,0.8139,0.1861,0.9993,0.001,0.9583,nan,3.8053,nan,nan,0,nan,0,0.0507,0,0,0
g3scan,rq4graded,6.0,-1.0,eb154,0.154,tier0,1,12.8,1,0.49,20000,0.8139,0.1861,0.9996,0.0,0.9167,nan,3.722,nan,nan,0,nan,0,nan,0,0,0
g3scan,rq4graded,6.0,-1.0,eb154,0.154,tier0,1,12.8,1,0.5,20000,0.8139,0.1861,0.9997,0.0,0.8889,nan,3.6664,nan,nan,0,nan,0,nan,0,0,0
g3scan,rq4graded,6.0,-1.0,eb154,0.154,tier0,1,12.8,1,0.51,20000,0.8139,0.1861,0.9998,0.0,0.8571,6.0,3.7458,nan,nan,0,nan,0,nan,0,0,0
g3scan,rq4graded,6.0,-1.0,eb154,0.154,tier0,1,12.8,1,0.52,20000,0.8139,0.1861,0.9999,0.0,0.75,3.0,3.6386,nan,nan,0,nan,0,nan,0,0,0
g3scan,rq4graded,6.5,-1.0,eb0482,0.0482,tier0,1,2.4,0,0.17,20000,0.9655,0.0345,0.0,19.059,0.0,nan,14.1704,nan,nan,0,7.3354,5,nan,0,0,0
g3scan,rq4graded,6.5,-1.0,eb0482,0.0482,tier0,1,2.4,0,0.18,20000,0.9655,0.0345,0.0,18.934,0.0,nan,14.045,nan,nan,0,6.7211,5,nan,0,0,0
g3scan,rq4graded,6.5,-1.0,eb0482,0.0482,tier0,1,2.4,0,0.19,20000,0.9655,0.0345,0.0,18.816,0.0,nan,13.9272,nan,nan,0,6.5412,6,nan,0,0,0
g3scan,rq4graded,6.5,-1.0,eb0482,0.0482,tier0,1,2.4,0,0.2,20000,0.9655,0.0345,0.0,18.697,0.0,nan,13.8085,nan,nan,0,6.0586,6,nan,0,0,0
g3scan,rq4graded,6.5,-1.0,eb0482,0.0482,tier0,1,2.4,0,0.21,20000,0.9655,0.0345,0.0,18.579,0.0,nan,13.69,nan,nan,0,5.8384,7,nan,0,0,0
g3scan,rq4graded,6.5,-1.0,eb0482,0.0482,tier0,1,2.4,0,0.22,20000,0.9655,0.0345,0.0,18.459,0.0,nan,13.5702,nan,nan,0,5.4596,7,nan,0,0,0
g3scan,rq4graded,6.5,-1.0,eb0482,0.0482,tier0,1,2.4,0,0.23,20000,0.9655,0.0345,0.0,18.341,0.0,nan,13.4527,nan,nan,0,5.1225,7,nan,0,0,0
g3scan,rq4graded,6.5,-1.0,eb0482,0.0482,tier0,1,2.4,0,0.24,20000,0.9655,0.0345,0.0,18.224,0.0,nan,13.3356,nan,nan,0,4.932,8,nan,0,0,0
g3scan,rq4graded,6.5,-1.0,eb0482,0.0482,tier0,1,2.4,0,0.25,20000,0.9655,0.0345,0.0,18.107,0.0,nan,13.2182,nan,nan,0,4.6538,8,nan,0,0,0
g3scan,rq4graded,6.5,-1.0,eb0482,0.0482,tier0,1,2.4,0,0.26,20000,0.9655,0.0345,0.0,17.989,0.0,nan,13.0999,nan,nan,0,4.409,8,nan,0,0,0
g3scan,rq4graded,6.5,-1.0,eb0482,0.0482,tier0,1,2.4,0,0.27,20000,0.9655,0.0345,0.0,17.873,0.0,nan,12.984,nan,nan,0,4.193,8,nan,0,0,0
g3scan,rq4graded,6.5,-1.0,eb0482,0.0482,tier0,1,2.4,0,0.28,20000,0.9655,0.0345,0.0,17.755,0.0,nan,12.8666,4.0727,4.0727,1,3.9885,8,nan,0,0,0
g3scan,rq4graded,6.5,-1.0,eb0482,0.0482,tier0,1,2.4,0,0.29,20000,0.9655,0.0345,0.0,17.637,0.0,nan,12.7483,3.8336,3.8336,1,3.807,8,nan,0,0,0
g3scan,rq4graded,6.5,-1.0,eb0482,0.0482,tier0,1,2.4,0,0.3,20000,0.9655,0.0345,0.0,17.521,0.0,nan,12.6328,3.5014,3.4987,2,3.6426,8,nan,0,0,0
g3scan,rq4graded,6.5,-1.0,eb0482,0.0482,tier0,1,2.4,0,0.31,20000,0.9655,0.0345,0.0,17.404,0.0,nan,12.515,3.3474,3.3437,2,3.4906,8,nan,0,0,0
g3scan,rq4graded,6.5,-1.0,eb0482,0.0482,tier0,1,2.4,0,0.32,20000,0.9655,0.0345,0.0,17.287,0.0,nan,12.3985,3.193,3.1893,2,3.3547,8,nan,0,0,0
g3scan,rq4graded,6.5,-1.0,eb0482,0.0482,tier0,1,2.4,0,0.33,20000,0.9655,0.0345,0.0,17.171,0.0,nan,12.2828,2.9455,2.9383,3,3.2354,8,nan,0,0,0
g3scan,rq4graded,6.5,-1.0,eb0482,0.0482,tier0,1,2.4,0,0.34,20000,0.9655,0.0345,0.0,17.054,0.0,nan,12.1653,2.8076,2.8009,3,3.125,8,nan,0,0,0
g3scan,rq4graded,6.5,-1.0,eb0482,0.0482,tier0,1,2.4,0,0.35,20000,0.9655,0.0345,0.0,16.939,0.0,0.0,12.0506,2.5731,2.5609,4,3.0259,8,nan,0,0,0
g3scan,rq4graded,6.5,-1.0,eb0482,0.0482,tier0,1,2.4,0,0.36,20000,0.9655,0.0345,0.0,16.823,0.0,0.0,11.9348,2.462,2.4504,4,2.9353,8,nan,0,0,0
g3scan,rq4graded,6.5,-1.0,eb0482,0.0482,tier0,1,2.4,0,0.37,20000,0.9655,0.0345,0.0,16.706,0.0,0.0,11.8178,2.3536,2.3436,4,2.8548,8,nan,0,0,0
g3scan,rq4graded,6.5,-1.0,eb0482,0.0482,tier0,1,2.4,0,0.38,20000,0.9655,0.0345,0.0,16.592,0.0,0.333,11.703,2.1483,2.1293,5,2.7805,8,nan,0,0,0
g3scan,rq4graded,6.5,-1.0,eb0482,0.0482,tier0,1,2.4,0,0.39,20000,0.9655,0.0345,0.0,16.474,0.0001,0.75,11.5852,1.943,1.9103,6,2.7122,8,nan,0,0,0
g3scan,rq4graded,6.5,-1.0,eb0482,0.0482,tier0,1,2.4,0,0.4,20000,0.9655,0.0345,0.0,16.358,0.0001,0.5,11.4693,1.865,1.8347,6,2.6492,8,nan,0,0,0
g3scan,rq4graded,6.5,-1.0,eb0482,0.0482,tier0,1,2.4,0,0.41,20000,0.9655,0.0345,0.0,16.241,0.0001,0.286,11.352,1.7902,1.7628,6,2.591,8,nan,0,0,0
g3scan,rq4graded,6.5,-1.0,eb0482,0.0482,tier0,1,2.4,0,0.42,20000,0.9655,0.0345,0.0,16.124,0.0002,0.3,11.2363,1.6045,1.555,7,2.5382,8,nan,0,0,0
g3scan,rq4graded,6.5,-1.0,eb0482,0.0482,tier0,1,2.4,0,0.43,20000,0.9655,0.0345,0.0001,16.01,0.0002,0.241,11.1224,1.5456,1.499,7,2.4887,8,nan,0,0,0
g3scan,rq4graded,6.5,-1.0,eb0482,0.0482,tier0,1,2.4,0,0.44,20000,0.9655,0.0345,0.0001,15.893,0.0003,0.267,11.0059,1.4859,1.442,7,2.4418,8,nan,0,0,0
g3scan,rq4graded,6.5,-1.0,eb0482,0.0482,tier0,1,2.4,0,0.45,20000,0.9655,0.0345,0.0001,15.776,0.0005,0.3,10.8889,1.4271,1.3856,7,2.3972,8,0.6556,0,0,0
g3scan,rq4graded,6.5,-1.0,eb0482,0.0482,tier0,1,2.4,0,0.46,20000,0.9655,0.0345,0.0001,15.663,0.0008,0.284,10.7763,1.3779,1.3388,7,2.3568,8,0.6445,0,0,0
g3scan,rq4graded,6.5,-1.0,eb0482,0.0482,tier0,1,2.4,0,0.47,20000,0.9655,0.0345,0.0002,15.547,0.0011,0.29,10.6612,1.3279,1.2908,7,2.318,8,0.6214,0,0,0
g3scan,rq4graded,6.5,-1.0,eb0482,0.0482,tier0,1,2.4,0,0.48,20000,0.9655,0.0345,0.0003,15.431,0.0016,0.341,10.5468,1.2798,1.2442,7,2.281,8,0.599,0,0,0
g3scan,rq4graded,6.5,-1.0,eb0482,0.0482,tier0,1,2.4,0,0.49,20000,0.9655,0.0345,0.0004,15.319,0.0025,0.441,10.4368,1.2377,1.2032,7,2.2472,8,0.581,0,0,0
g3scan,rq4graded,6.5,-1.0,eb0482,0.0482,tier0,1,2.4,0,0.5,20000,0.9655,0.0345,0.0006,15.206,0.0031,0.451,10.3273,1.1983,1.165,7,2.2141,8,0.5686,0,0,0
g3scan,rq4graded,6.5,-1.0,eb0482,0.0482,tier0,1,2.4,0,0.51,20000,0.9655,0.0345,0.0009,15.093,0.0046,0.552,10.2174,1.1573,1.1242,7,2.184,8,0.5512,0,0,0
g3scan,rq4graded,6.5,-1.0,eb0482,0.0482,tier0,1,2.4,0,0.52,20000,0.9655,0.0345,0.0012,14.982,0.0056,0.595,10.112,1.1228,1.0901,7,2.1539,8,0.5384,0,0,0
g3scan,rq4graded,6.5,-1.0,eb0482,0.0482,tier0,1,3.2,0,0.17,20000,0.9655,0.0345,0.0,17.83,0.0,nan,12.9419,nan,nan,0,5.0749,7,nan,0,0,0
g3scan,rq4graded,6.5,-1.0,eb0482,0.0482,tier0,1,3.2,0,0.18,20000,0.9655,0.0345,0.0,17.642,0.0,nan,12.7534,nan,nan,0,4.5897,7,nan,0,0,0
g3scan,rq4graded,6.5,-1.0,eb0482,0.0482,tier0,1,3.2,0,0.19,20000,0.9655,0.0345,0.0,17.454,0.0,nan,12.5657,nan,nan,0,4.3742,8,nan,0,0,0
g3scan,rq4graded,6.5,-1.0,eb0482,0.0482,tier0,1,3.2,0,0.2,20000,0.9655,0.0345,0.0,17.267,0.0,nan,12.3788,nan,nan,0,4.0056,8,nan,0,0,0
g3scan,rq4graded,6.5,-1.0,eb0482,0.0482,tier0,1,3.2,0,0.21,20000,0.9655,0.0345,0.0,17.079,0.0,nan,12.1905,nan,nan,0,3.6878,8,nan,0,0,0
g3scan,rq4graded,6.5,-1.0,eb0482,0.0482,tier0,1,3.2,0,0.22,20000,0.9655,0.0345,0.0,16.892,0.0,nan,12.0035,nan,nan,0,3.4213,8,nan,0,0,0
g3scan,rq4graded,6.5,-1.0,eb0482,0.0482,tier0,1,3.2,0,0.23,20000,0.9655,0.0345,0.0,16.706,0.0,nan,11.8173,3.8794,3.8794,1,3.1824,8,nan,0,0,0
g3scan,rq4graded,6.5,-1.0,eb0482,0.0482,tier0,1,3.2,0,0.24,20000,0.9655,0.0345,0.0,16.518,0.0,nan,11.6294,3.4864,3.4851,2,2.9792,8,nan,0,0,0
g3scan,rq4graded,6.5,-1.0,eb0482,0.0482,tier0,1,3.2,0,0.25,20000,0.9655,0.0345,0.0,16.334,0.0,nan,11.4449,3.2189,3.2173,2,2.8095,8,nan,0,0,0
g3scan,rq4graded,6.5,-1.0,eb0482,0.0482,tier0,1,3.2,0,0.26,20000,0.9655,0.0345,0.0,16.147,0.0,nan,11.2584,2.9256,2.9233,3,2.6623,8,nan,0,0,0
g3scan,rq4graded,6.5,-1.0,eb0482,0.0482,tier0,1,3.2,0,0.27,20000,0.9655,0.0345,0.0,15.963,0.0,nan,11.0739,2.6983,2.6963,3,2.5387,8,nan,0,0,0
g3scan,rq4graded,6.5,-1.0,eb0482,0.0482,tier0,1,3.2,0,0.28,20000,0.9655,0.0345,0.0,15.774,0.0,nan,10.8854,2.4396,2.4363,4,2.4304,8,nan,0,0,0
g3scan,rq4graded,6.5,-1.0,eb0482,0.0482,tier0,1,3.2,0,0.29,20000,0.9655,0.0345,0.0,15.588,0.0,nan,10.6994,2.2592,2.2563,4,2.3364,8,nan,0,0,0
g3scan,rq4graded,6.5,-1.0,eb0482,0.0482,tier0,1,3.2,0,0.3,20000,0.9655,0.0345,0.0,15.402,0.0,0.0,10.5131,2.0256,2.0192,5,2.2545,8,nan,0,0,0
g3scan,rq4graded,6.5,-1.0,eb0482,0.0482,tier0,1,3.2,0,0.31,20000,0.9655,0.0345,0.0,15.217,0.0,0.0,10.3282,1.8835,1.8782,5,2.18,8,nan,0,0,0
g3scan,rq4graded,6.5,-1.0,eb0482,0.0482,tier0,1,3.2,0,0.32,20000,0.9655,0.0345,0.0,15.03,0.0001,0.4,10.1413,1.6856,1.674,6,2.1129,8,nan,0,0,0
g3scan,rq4graded,6.5,-1.0,eb0482,0.0482,tier0,1,3.2,0,0.33,20000,0.9655,0.0345,0.0,14.847,0.0001,0.286,9.9581,1.5747,1.5644,6,2.0536,8,nan,0,0,0
g3scan,rq4graded,6.5,-1.0,eb0482,0.0482,tier0,1,3.2,0,0.34,20000,0.9655,0.0345,0.0,14.662,0.0001,0.179,9.7733,1.3991,1.3762,7,1.9982,8,nan,0,0,0
g3scan,rq4graded,6.5,-1.0,eb0482,0.0482,tier0,1,3.2,0,0.35,20000,0.9655,0.0345,0.0,14.476,0.0003,0.203,9.5875,1.3133,1.2919,7,1.9484,8,nan,0,0,0
g3scan,rq4graded,6.5,-1.0,eb0482,0.0482,tier0,1,3.2,0,0.36,20000,0.9655,0.0345,0.0001,14.292,0.0005,0.168,9.4049,1.2382,1.2182,7,1.9023,8,nan,0,0,0
g3scan,rq4graded,6.5,-1.0,eb0482,0.0482,tier0,1,3.2,0,0.37,20000,0.9655,0.0345,0.0001,14.108,0.0009,0.175,9.2206,1.1682,1.1492,7,1.8586,8,0.6352,0,0,0
g3scan,rq4graded,6.5,-1.0,eb0482,0.0482,tier0,1,3.2,0,0.38,20000,0.9655,0.0345,0.0002,13.927,0.0019,0.259,9.0405,1.1069,1.0882,7,1.819,8,0.6012,0,0,0
g3scan,rq4graded,6.5,-1.0,eb0482,0.0482,tier0,1,3.2,0,0.39,20000,0.9655,0.0345,0.0003,13.744,0.0034,0.321,8.8598,1.0504,1.0316,7,1.7813,8,0.5753,0,0,0
g3scan,rq4graded,6.5,-1.0,eb0482,0.0482,tier0,1,3.2,0,0.4,20000,0.9655,0.0345,0.0006,13.562,0.0058,0.455,8.682,0.9989,0.9795,7,1.7464,8,0.5471,0,0,0
g3scan,rq4graded,6.5,-1.0,eb0482,0.0482,tier0,1,3.2,0,0.41,20000,0.9655,0.0345,0.001,13.387,0.0086,0.531,8.5115,0.9547,0.9344,7,1.7137,8,0.5263,0,0,0
g3scan,rq4graded,6.5,-1.0,eb0482,0.0482,tier0,1,3.2,0,0.42,20000,0.9655,0.0345,0.0019,13.208,0.0118,0.601,8.3446,0.9129,0.8915,7,1.6829,8,0.5021,0,0,0
g3scan,rq4graded,6.5,-1.0,eb0482,0.0482,tier0,1,3.2,0,0.43,20000,0.9655,0.0345,0.0033,13.035,0.0148,0.613,8.1899,0.876,0.8534,7,1.6551,8,0.4802,0,0,0
g3scan,rq4graded,6.5,-1.0,eb0482,0.0482,tier0,1,3.2,0,0.44,20000,0.9655,0.0345,0.0055,12.864,0.0184,0.687,8.0461,0.8433,0.8199,7,1.6275,8,0.4557,0,0,0
g3scan,rq4graded,6.5,-1.0,eb0482,0.0482,tier0,1,3.2,0,0.45,20000,0.9655,0.0345,0.0079,12.691,0.0231,0.75,7.9029,0.8125,0.7879,7,1.6016,8,0.4326,0,0,0
g3scan,rq4graded,6.5,-1.0,eb0482,0.0482,tier0,1,3.2,0,0.46,20000,0.9655,0.0345,0.0109,12.523,0.0276,0.835,7.772,0.7851,0.7597,7,1.5772,8,0.4114,0,0,0
g3scan,rq4graded,6.5,-1.0,eb0482,0.0482,tier0,1,3.2,0,0.47,20000,0.9655,0.0345,0.0153,12.361,0.0314,0.893,7.6635,0.7609,0.7345,7,1.5541,8,0.39,0,0,0
g3scan,rq4graded,6.5,-1.0,eb0482,0.0482,tier0,1,3.2,0,0.48,20000,0.9655,0.0345,0.0195,12.199,0.0361,0.977,7.5525,0.738,0.7111,7,1.5325,8,0.371,0,0,0
g3scan,rq4graded,6.5,-1.0,eb0482,0.0482,tier0,1,3.2,0,0.49,20000,0.9655,0.0345,0.0248,12.037,0.0407,1.08,7.454,0.7171,0.6896,7,1.5112,8,0.3524,0,0,0
g3scan,rq4graded,6.5,-1.0,eb0482,0.0482,tier0,1,3.2,0,0.5,20000,0.9655,0.0345,0.0314,11.882,0.0434,1.099,7.3782,0.6985,0.6707,7,1.491,8,0.3354,0,0,0
g3scan,rq4graded,6.5,-1.0,eb0482,0.0482,tier0,1,3.2,0,0.51,20000,0.9655,0.0345,0.038,11.73,0.0465,1.133,7.3044,0.6809,0.6526,7,1.4723,8,0.3208,0,0,0
g3scan,rq4graded,6.5,-1.0,eb0482,0.0482,tier0,1,3.2,0,0.52,20000,0.9655,0.0345,0.0454,11.58,0.049,1.142,7.2423,0.6647,0.6361,7,1.454,8,0.3069,0,0,0
g3scan,rq4graded,6.5,-1.0,eb0482,0.0482,tier0,1,4.8,0,0.17,20000,0.9655,0.0345,0.0,15.684,0.0,nan,10.7953,nan,nan,0,2.7832,8,nan,0,0,0
g3scan,rq4graded,6.5,-1.0,eb0482,0.0482,tier0,1,4.8,0,0.18,20000,0.9655,0.0345,0.0,15.372,0.0,nan,10.4833,4.0475,4.0475,1,2.4701,8,nan,0,0,0
g3scan,rq4graded,6.5,-1.0,eb0482,0.0482,tier0,1,4.8,0,0.19,20000,0.9655,0.0345,0.0,15.061,0.0,nan,10.1724,3.4804,3.4804,1,2.2324,8,nan,0,0,0
g3scan,rq4graded,6.5,-1.0,eb0482,0.0482,tier0,1,4.8,0,0.2,20000,0.9655,0.0345,0.0,14.752,0.0,nan,9.863,3.0419,3.0419,2,2.0496,8,nan,0,0,0
g3scan,rq4graded,6.5,-1.0,eb0482,0.0482,tier0,1,4.8,0,0.21,20000,0.9655,0.0345,0.0,14.444,0.0,nan,9.5554,2.6617,2.6607,3,1.9077,8,nan,0,0,0
g3scan,rq4graded,6.5,-1.0,eb0482,0.0482,tier0,1,4.8,0,0.22,20000,0.9655,0.0345,0.0,14.132,0.0,nan,9.2436,2.2961,2.2943,3,1.79,8,nan,0,0,0
g3scan,rq4graded,6.5,-1.0,eb0482,0.0482,tier0,1,4.8,0,0.23,20000,0.9655,0.0345,0.0,13.824,0.0,nan,8.9349,2.0092,2.0071,4,1.6929,8,nan,0,0,0
g3scan,rq4graded,6.5,-1.0,eb0482,0.0482,tier0,1,4.8,0,0.24,20000,0.9655,0.0345,0.0,13.515,0.0,nan,8.6268,1.7541,1.7525,5,1.6119,8,nan,0,0,0
g3scan,rq4graded,6.5,-1.0,eb0482,0.0482,tier0,1,4.8,0,0.25,20000,0.9655,0.0345,0.0,13.208,0.0,0.0,8.3189,1.5238,1.5221,6,1.5402,8,nan,0,0,0
g3scan,rq4graded,6.5,-1.0,eb0482,0.0482,tier0,1,4.8,0,0.26,20000,0.9655,0.0345,0.0,12.898,0.0,0.0,8.0096,1.3524,1.3515,6,1.4774,8,nan,0,0,0
g3scan,rq4graded,6.5,-1.0,eb0482,0.0482,tier0,1,4.8,0,0.27,20000,0.9655,0.0345,0.0,12.59,0.0001,0.111,7.7014,1.1764,1.172,7,1.4215,8,nan,0,0,0
g3scan,rq4graded,6.5,-1.0,eb0482,0.0482,tier0,1,4.8,0,0.28,20000,0.9655,0.0345,0.0,12.281,0.0002,0.062,7.3923,1.0609,1.0566,7,1.3707,8,nan,0,0,0
g3scan,rq4graded,6.5,-1.0,eb0482,0.0482,tier0,1,4.8,0,0.29,20000,0.9655,0.0345,0.0,11.978,0.0007,0.088,7.0898,0.9645,0.9597,7,1.3271,8,0.6739,0,0,0
g3scan,rq4graded,6.5,-1.0,eb0482,0.0482,tier0,1,4.8,0,0.3,20000,0.9655,0.0345,0.0001,11.678,0.0021,0.147,6.7902,0.8846,0.8788,7,1.2857,8,0.604,0,0,0
g3scan,rq4graded,6.5,-1.0,eb0482,0.0482,tier0,1,4.8,0,0.31,20000,0.9655,0.0345,0.0002,11.38,0.0063,0.266,6.493,0.8151,0.8074,7,1.2482,8,0.5545,0,0,0
g3scan,rq4graded,6.5,-1.0,eb0482,0.0482,tier0,1,4.8,0,0.32,20000,0.9655,0.0345,0.0006,11.086,0.013,0.384,6.2033,0.7569,0.7472,7,1.2141,8,0.512,0,0,0
g3scan,rq4graded,6.5,-1.0,eb0482,0.0482,tier0,1,4.8,0,0.33,20000,0.9655,0.0345,0.0016,10.8,0.0219,0.492,5.9286,0.7083,0.6966,7,1.1823,8,0.4722,0,0,0
g3scan,rq4graded,6.5,-1.0,eb0482,0.0482,tier0,1,4.8,0,0.34,20000,0.9655,0.0345,0.0046,10.515,0.0335,0.654,5.6747,0.6665,0.6529,7,1.1525,8,0.4283,0,0,0
g3scan,rq4graded,6.5,-1.0,eb0482,0.0482,tier0,1,4.8,0,0.35,20000,0.9655,0.0345,0.0098,10.238,0.0456,0.812,5.4511,0.6315,0.6164,7,1.1246,8,0.3885,0,0,0
g3scan,rq4graded,6.5,-1.0,eb0482,0.0482,tier0,1,4.8,0,0.36,20000,0.9655,0.0345,0.0175,9.971,0.0577,0.953,5.2601,0.6011,0.5847,7,1.0995,8,0.3527,0,0,0
g3scan,rq4graded,6.5,-1.0,eb0482,0.0482,tier0,1,4.8,0,0.37,20000,0.9655,0.0345,0.028,9.708,0.068,1.057,5.0988,0.5742,0.5569,7,1.0751,8,0.323,0,0,0
g3scan,rq4graded,6.5,-1.0,eb0482,0.0482,tier0,1,4.8,0,0.38,20000,0.9655,0.0345,0.0427,9.453,0.0754,1.139,4.9853,0.5508,0.5328,7,1.0523,8,0.2949,0,0,0
g3scan,rq4graded,6.5,-1.0,eb0482,0.0482,tier0,1,4.8,0,0.39,20000,0.9655,0.0345,0.0582,9.21,0.0828,1.23,4.8907,0.53,0.5116,7,1.0319,8,0.273,0,0,0
g3scan,rq4graded,6.5,-1.0,eb0482,0.0482,tier0,1,4.8,0,0.4,20000,0.9655,0.0345,0.0754,8.974,0.0883,1.285,4.8168,0.5109,0.4921,7,1.0125,8,0.2547,0,0,0
g3scan,rq4graded,6.5,-1.0,eb0482,0.0482,tier0,1,4.8,0,0.41,20000,0.9655,0.0345,0.0934,8.75,0.0925,1.314,4.763,0.4942,0.4751,7,0.9943,8,0.2391,0,0,0
g3scan,rq4graded,6.5,-1.0,eb0482,0.0482,tier0,1,4.8,0,0.42,20000,0.9655,0.0345,0.1119,8.531,0.0961,1.358,4.7166,0.4784,0.4591,7,0.9758,8,0.226,0,0,0
g3scan,rq4graded,6.5,-1.0,eb0482,0.0482,tier0,1,4.8,0,0.43,20000,0.9655,0.0345,0.1313,8.321,0.0987,1.39,4.6899,0.464,0.4446,7,0.959,8,0.2141,0,0,0
g3scan,rq4graded,6.5,-1.0,eb0482,0.0482,tier0,1,4.8,0,0.44,20000,0.9655,0.0345,0.1498,8.121,0.101,1.419,4.6633,0.4511,0.4317,7,0.9429,8,0.2043,0,0,0
g3scan,rq4graded,6.5,-1.0,eb0482,0.0482,tier0,1,4.8,0,0.45,20000,0.9655,0.0345,0.1688,7.928,0.1027,1.445,4.6499,0.4388,0.4193,7,0.928,8,0.1952,0,0,0
g3scan,rq4graded,6.5,-1.0,eb0482,0.0482,tier0,1,4.8,0,0.46,20000,0.9655,0.0345,0.1862,7.746,0.1041,1.448,4.6298,0.4275,0.4081,7,0.9134,8,0.1876,0,0,0
g3scan,rq4graded,6.5,-1.0,eb0482,0.0482,tier0,1,4.8,0,0.47,20000,0.9655,0.0345,0.2045,7.572,0.1047,1.453,4.63,0.4175,0.398,7,0.8993,8,0.1805,0,0,0
g3scan,rq4graded,6.5,-1.0,eb0482,0.0482,tier0,1,4.8,0,0.48,20000,0.9655,0.0345,0.2217,7.401,0.1056,1.439,4.6202,0.4073,0.3879,7,0.8865,8,0.1739,0,0,0
g3scan,rq4graded,6.5,-1.0,eb0482,0.0482,tier0,1,4.8,0,0.49,20000,0.9655,0.0345,0.2391,7.24,0.1044,1.386,4.6259,0.3981,0.3788,7,0.8746,8,0.1681,0,0,0
g3scan,rq4graded,6.5,-1.0,eb0482,0.0482,tier0,1,4.8,0,0.5,20000,0.9655,0.0345,0.2555,7.087,0.1057,1.419,4.6305,0.3898,0.3705,7,0.8622,8,0.1624,0,1,0
g3scan,rq4graded,6.5,-1.0,eb0482,0.0482,tier0,1,4.8,0,0.51,20000,0.9655,0.0345,0.2707,6.94,0.1064,1.418,4.6267,0.3819,0.3626,7,0.8503,8,0.1577,0,1,0
g3scan,rq4graded,6.5,-1.0,eb0482,0.0482,tier0,1,4.8,0,0.52,20000,0.9655,0.0345,0.2859,6.793,0.1077,1.449,4.6237,0.374,0.3548,7,0.8388,8,0.1532,0,1,0
g3scan,rq4graded,6.5,-1.0,eb0482,0.0482,tier0,1,6.4,0,0.17,20000,0.9655,0.0345,0.0,13.981,0.0,nan,9.0925,3.3391,3.3391,1,1.7656,8,nan,0,0,0
g3scan,rq4graded,6.5,-1.0,eb0482,0.0482,tier0,1,6.4,0,0.18,20000,0.9655,0.0345,0.0,13.574,0.0,nan,8.6851,2.7868,2.784,2,1.5949,8,nan,0,0,0
g3scan,rq4graded,6.5,-1.0,eb0482,0.0482,tier0,1,6.4,0,0.19,20000,0.9655,0.0345,0.0,13.165,0.0,nan,8.2759,2.3602,2.3512,3,1.4644,8,nan,0,0,0
g3scan,rq4graded,6.5,-1.0,eb0482,0.0482,tier0,1,6.4,0,0.2,20000,0.9655,0.0345,0.0,12.76,0.0,nan,7.871,1.9987,1.9861,4,1.3621,8,nan,0,0,0
g3scan,rq4graded,6.5,-1.0,eb0482,0.0482,tier0,1,6.4,0,0.21,20000,0.9655,0.0345,0.0,12.351,0.0,nan,7.4626,1.6947,1.6846,5,1.2752,8,nan,0,0,0
g3scan,rq4graded,6.5,-1.0,eb0482,0.0482,tier0,1,6.4,0,0.22,20000,0.9655,0.0345,0.0,11.944,0.0,nan,7.0554,1.4181,1.4116,5,1.2038,8,nan,0,0,0
g3scan,rq4graded,6.5,-1.0,eb0482,0.0482,tier0,1,6.4,0,0.23,20000,0.9655,0.0345,0.0,11.54,0.0,0.0,6.6511,1.2171,1.2141,6,1.143,8,nan,0,0,0
g3scan,rq4graded,6.5,-1.0,eb0482,0.0482,tier0,1,6.4,0,0.24,20000,0.9655,0.0345,0.0,11.135,0.0,0.0,6.2461,1.0395,1.0385,7,1.0889,8,nan,0,0,0
g3scan,rq4graded,6.5,-1.0,eb0482,0.0482,tier0,1,6.4,0,0.25,20000,0.9655,0.0345,0.0,10.728,0.0001,0.025,5.8393,0.9043,0.9038,7,1.0404,8,nan,0,0,0
g3scan,rq4graded,6.5,-1.0,eb0482,0.0482,tier0,1,6.4,0,0.26,20000,0.9655,0.0345,0.0,10.331,0.0007,0.049,5.4421,0.7985,0.7974,7,0.9983,8,0.671,0,0,0
g3scan,rq4graded,6.5,-1.0,eb0482,0.0482,tier0,1,6.4,0,0.27,20000,0.9655,0.0345,0.0001,9.938,0.0041,0.128,5.05,0.7149,0.7122,7,0.9606,8,0.58,0,0,0
g3scan,rq4graded,6.5,-1.0,eb0482,0.0482,tier0,1,6.4,0,0.28,20000,0.9655,0.0345,0.0002,9.555,0.0141,0.27,4.668,0.6472,0.6424,7,0.9265,8,0.5132,0,0,0
g3scan,rq4graded,6.5,-1.0,eb0482,0.0482,tier0,1,6.4,0,0.29,20000,0.9655,0.0345,0.0009,9.182,0.0313,0.465,4.3017,0.5937,0.5868,7,0.8951,8,0.4536,0,0,0
g3scan,rq4graded,6.5,-1.0,eb0482,0.0482,tier0,1,6.4,0,0.3,20000,0.9655,0.0345,0.0046,8.819,0.0544,0.7,3.9705,0.5499,0.5409,7,0.8662,8,0.3949,0,0,0
g3scan,rq4graded,6.5,-1.0,eb0482,0.0482,tier0,1,6.4,0,0.31,20000,0.9655,0.0345,0.0137,8.466,0.0767,0.914,3.6949,0.5139,0.5034,7,0.8397,8,0.3447,0,0,0
g3scan,rq4graded,6.5,-1.0,eb0482,0.0482,tier0,1,6.4,0,0.32,20000,0.9655,0.0345,0.0285,8.132,0.0959,1.091,3.4823,0.4844,0.4729,7,0.8149,8,0.3038,0,0,0
g3scan,rq4graded,6.5,-1.0,eb0482,0.0482,tier0,1,6.4,0,0.33,20000,0.9655,0.0345,0.051,7.804,0.1106,1.237,3.335,0.4585,0.4462,7,0.7925,8,0.2687,0,0,0
g3scan,rq4graded,6.5,-1.0,eb0482,0.0482,tier0,1,6.4,0,0.34,20000,0.9655,0.0345,0.0784,7.496,0.1194,1.314,3.2443,0.4363,0.4234,7,0.7711,8,0.242,0,0,0
g3scan,rq4graded,6.5,-1.0,eb0482,0.0482,tier0,1,6.4,0,0.35,20000,0.9655,0.0345,0.1067,7.199,0.1273,1.394,3.1702,0.4166,0.4033,7,0.7511,8,0.2212,0,0,0
g3scan,rq4graded,6.5,-1.0,eb0482,0.0482,tier0,1,6.4,0,0.36,20000,0.9655,0.0345,0.138,6.921,0.1322,1.462,3.1401,0.399,0.3854,7,0.7332,8,0.2038,0,1,0
g3scan,rq4graded,6.5,-1.0,eb0482,0.0482,tier0,1,6.4,0,0.37,20000,0.9655,0.0345,0.1681,6.658,0.1346,1.455,3.1151,0.3834,0.3696,7,0.7151,8,0.1899,0,1,0
g3scan,rq4graded,6.5,-1.0,eb0482,0.0482,tier0,1,6.4,0,0.38,20000,0.9655,0.0345,0.1972,6.413,0.1367,1.442,3.1,0.369,0.3552,7,0.6996,8,0.1782,0,1,0
g3scan,rq4graded,6.5,-1.0,eb0482,0.0482,tier0,1,6.4,0,0.39,20000,0.9655,0.0345,0.2259,6.183,0.1382,1.476,3.0979,0.3565,0.3426,7,0.684,8,0.1682,0,1,0
g3scan,rq4graded,6.5,-1.0,eb0482,0.0482,tier0,1,6.4,0,0.4,20000,0.9655,0.0345,0.2536,5.962,0.1396,1.501,3.0998,0.3448,0.3308,7,0.6695,8,0.1591,0,1,0
g3scan,rq4graded,6.5,-1.0,eb0482,0.0482,tier0,1,6.4,0,0.41,20000,0.9655,0.0345,0.2791,5.756,0.1424,1.557,3.0966,0.3342,0.3201,7,0.655,8,0.1513,0,1,0
g3scan,rq4graded,6.5,-1.0,eb0482,0.0482,tier0,1,6.4,0,0.42,20000,0.9655,0.0345,0.3038,5.561,0.1426,1.556,3.0984,0.324,0.31,7,0.642,8,0.1448,0,1,0
g3scan,rq4graded,6.5,-1.0,eb0482,0.0482,tier0,1,6.4,0,0.43,20000,0.9655,0.0345,0.327,5.382,0.1428,1.582,3.1083,0.3151,0.3011,7,0.6293,8,0.1388,0,1,0
g3scan,rq4graded,6.5,-1.0,eb0482,0.0482,tier0,1,6.4,0,0.44,20000,0.9655,0.0345,0.3495,5.209,0.1424,1.586,3.1185,0.3069,0.2928,7,0.6173,8,0.1334,0,1,0
g3scan,rq4graded,6.5,-1.0,eb0482,0.0482,tier0,1,6.4,0,0.45,20000,0.9655,0.0345,0.3716,5.044,0.1411,1.568,3.1383,0.2993,0.2851,7,0.606,8,0.1284,0,1,0
g3scan,rq4graded,6.5,-1.0,eb0482,0.0482,tier0,1,6.4,0,0.46,20000,0.9655,0.0345,0.3917,4.892,0.1397,1.523,3.1532,0.2918,0.2778,7,0.5951,8,0.124,0,1,0
g3scan,rq4graded,6.5,-1.0,eb0482,0.0482,tier0,1,6.4,0,0.47,20000,0.9655,0.0345,0.4109,4.746,0.1387,1.511,3.1674,0.2849,0.271,7,0.5851,8,0.1198,0,1,0
g3scan,rq4graded,6.5,-1.0,eb0482,0.0482,tier0,1,6.4,0,0.48,20000,0.9655,0.0345,0.4287,4.608,0.1378,1.487,3.1768,0.2784,0.2646,7,0.5748,8,0.1159,0,1,0
g3scan,rq4graded,6.5,-1.0,eb0482,0.0482,tier0,1,6.4,0,0.49,20000,0.9655,0.0345,0.4454,4.476,0.1397,1.552,3.1816,0.2719,0.2583,7,0.5648,8,0.1122,0,1,0
g3scan,rq4graded,6.5,-1.0,eb0482,0.0482,tier0,1,6.4,0,0.5,20000,0.9655,0.0345,0.4618,4.351,0.1386,1.54,3.196,0.2663,0.2528,7,0.5549,8,0.1088,0,0,0
g3scan,rq4graded,6.5,-1.0,eb0482,0.0482,tier0,1,6.4,0,0.51,20000,0.9655,0.0345,0.4765,4.234,0.1393,1.552,3.1986,0.2608,0.2475,7,0.5465,8,0.1059,0,0,0
g3scan,rq4graded,6.5,-1.0,eb0482,0.0482,tier0,1,6.4,0,0.52,20000,0.9655,0.0345,0.491,4.12,0.1395,1.566,3.205,0.2556,0.2424,7,0.5378,8,0.1031,0,0,0
g3scan,rq4graded,6.5,-1.0,eb0482,0.0482,tier0,1,9.6,1,0.17,20000,0.9655,0.0345,0.0,11.576,0.0,nan,6.6907,2.0354,2.0019,3,0.9921,8,nan,0,0,0
g3scan,rq4graded,6.5,-1.0,eb0482,0.0482,tier0,1,9.6,1,0.18,20000,0.9655,0.0345,0.0,11.028,0.0,nan,6.1454,1.6635,1.6258,4,0.9027,8,nan,0,0,0
g3scan,rq4graded,6.5,-1.0,eb0482,0.0482,tier0,1,9.6,1,0.19,20000,0.9655,0.0345,0.0,10.483,0.0,nan,5.6008,1.3715,1.3395,5,0.8298,8,nan,0,0,0
g3scan,rq4graded,6.5,-1.0,eb0482,0.0482,tier0,1,9.6,1,0.2,20000,0.9655,0.0345,0.0,9.936,0.0,nan,5.0548,1.1269,1.1062,6,0.7694,8,nan,0,0,0
g3scan,rq4graded,6.5,-1.0,eb0482,0.0482,tier0,1,9.6,1,0.21,20000,0.9655,0.0345,0.0,9.386,0.0,0.0,4.505,0.8927,0.8846,6,0.7174,8,nan,0,0,0
g3scan,rq4graded,6.5,-1.0,eb0482,0.0482,tier0,1,9.6,1,0.22,20000,0.9655,0.0345,0.0,8.847,0.0,0.0,3.97,0.7513,0.748,7,0.6742,8,nan,0,0,0
g3scan,rq4graded,6.5,-1.0,eb0482,0.0482,tier0,1,9.6,1,0.23,20000,0.9655,0.0345,0.0,8.317,0.0003,0.013,3.4435,0.6308,0.6301,7,0.6343,8,nan,0,0,0
g3scan,rq4graded,6.5,-1.0,eb0482,0.0482,tier0,1,9.6,1,0.24,20000,0.9655,0.0345,0.0,7.799,0.0063,0.09,2.9286,0.541,0.5405,7,0.6002,8,0.5606,0,0,0
g3scan,rq4graded,6.5,-1.0,eb0482,0.0482,tier0,1,9.6,1,0.25,20000,0.9655,0.0345,0.0001,7.304,0.0317,0.29,2.437,0.4756,0.4737,7,0.5696,8,0.4589,0,0,0
g3scan,rq4graded,6.5,-1.0,eb0482,0.0482,tier0,1,9.6,1,0.26,20000,0.9655,0.0345,0.0013,6.829,0.0799,0.641,1.9714,0.4264,0.4229,7,0.5416,8,0.3761,0,1,0
g3scan,rq4graded,6.5,-1.0,eb0482,0.0482,tier0,1,9.6,1,0.27,20000,0.9655,0.0345,0.0121,6.379,0.1302,1.023,1.5946,0.3886,0.3837,7,0.5168,8,0.31,0,1,0
g3scan,rq4graded,6.5,-1.0,eb0482,0.0482,tier0,1,9.6,1,0.28,20000,0.9655,0.0345,0.0429,5.949,0.1642,1.288,1.3586,0.359,0.3531,7,0.4938,8,0.2565,0,1,0
g3scan,rq4graded,6.5,-1.0,eb0482,0.0482,tier0,1,9.6,1,0.29,20000,0.9655,0.0345,0.0894,5.54,0.1842,1.438,1.2306,0.3343,0.3275,7,0.4721,8,0.2178,0,1,0
g3scan,rq4graded,6.5,-1.0,eb0482,0.0482,tier0,1,9.6,1,0.3,20000,0.9655,0.0345,0.1437,5.166,0.194,1.522,1.182,0.3133,0.3061,7,0.4535,8,0.19,1,1,1
g3scan,rq4graded,6.5,-1.0,eb0482,0.0482,tier0,1,9.6,1,0.31,20000,0.9655,0.0345,0.1973,4.822,0.2008,1.602,1.1588,0.2952,0.2876,7,0.4366,8,0.1694,1,1,1
g3scan,rq4graded,6.5,-1.0,eb0482,0.0482,tier0,1,9.6,1,0.32,20000,0.9655,0.0345,0.2501,4.505,0.2033,1.653,1.1615,0.2797,0.2718,7,0.4194,8,0.1531,1,1,1
g3scan,rq4graded,6.5,-1.0,eb0482,0.0482,tier0,1,9.6,1,0.33,20000,0.9655,0.0345,0.297,4.223,0.2052,1.67,1.1631,0.2658,0.2577,7,0.4049,8,0.1407,1,0,0
g3scan,rq4graded,6.5,-1.0,eb0482,0.0482,tier0,1,9.6,1,0.34,20000,0.9655,0.0345,0.3412,3.964,0.2049,1.662,1.1738,0.2534,0.2452,7,0.3908,8,0.1303,1,0,0
g3scan,rq4graded,6.5,-1.0,eb0482,0.0482,tier0,1,9.6,1,0.35,20000,0.9655,0.0345,0.3839,3.727,0.2006,1.62,1.21,0.2424,0.2343,7,0.3783,8,0.1213,1,0,0
g3scan,rq4graded,6.5,-1.0,eb0482,0.0482,tier0,1,9.6,1,0.36,20000,0.9655,0.0345,0.4207,3.51,0.2008,1.636,1.2245,0.2324,0.2243,7,0.3659,8,0.1135,1,0,0
g3scan,rq4graded,6.5,-1.0,eb0482,0.0482,tier0,1,9.6,1,0.37,20000,0.9655,0.0345,0.4542,3.314,0.2019,1.678,1.2412,0.223,0.215,7,0.3547,8,0.1068,1,0,0
g3scan,rq4graded,6.5,-1.0,eb0482,0.0482,tier0,1,9.6,1,0.38,20000,0.9655,0.0345,0.4847,3.133,0.2012,1.721,1.2527,0.2145,0.2066,7,0.3442,8,0.1012,1,0,0
g3scan,rq4graded,6.5,-1.0,eb0482,0.0482,tier0,1,9.6,1,0.39,20000,0.9655,0.0345,0.5122,2.967,0.2016,1.764,1.2604,0.2067,0.1989,7,0.3342,8,0.0962,1,0,0
g3scan,rq4graded,6.5,-1.0,eb0482,0.0482,tier0,1,9.6,1,0.4,20000,0.9655,0.0345,0.5389,2.814,0.1987,1.722,1.2815,0.1995,0.1918,7,0.3243,8,0.0916,1,0,0
g3scan,rq4graded,6.5,-1.0,eb0482,0.0482,tier0,1,9.6,1,0.41,20000,0.9655,0.0345,0.5634,2.672,0.1933,1.594,1.3025,0.1928,0.1853,7,0.3167,8,0.0875,1,0,0
g3scan,rq4graded,6.5,-1.0,eb0482,0.0482,tier0,1,9.6,1,0.42,20000,0.9655,0.0345,0.5851,2.541,0.1913,1.546,1.3109,0.1866,0.1792,7,0.3085,8,0.0839,1,0,0
g3scan,rq4graded,6.5,-1.0,eb0482,0.0482,tier0,1,9.6,1,0.43,20000,0.9655,0.0345,0.6053,2.421,0.1885,1.498,1.3252,0.1814,0.174,7,0.3013,8,0.0806,0,0,0
g3scan,rq4graded,6.5,-1.0,eb0482,0.0482,tier0,1,9.6,1,0.44,20000,0.9655,0.0345,0.6241,2.305,0.1917,1.588,1.3292,0.1761,0.1688,7,0.2938,8,0.0773,1,0,0
g3scan,rq4graded,6.5,-1.0,eb0482,0.0482,tier0,1,9.6,1,0.45,20000,0.9655,0.0345,0.6407,2.2,0.1933,1.599,1.3271,0.1712,0.1639,7,0.2873,8,0.0747,1,0,0
g3scan,rq4graded,6.5,-1.0,eb0482,0.0482,tier0,1,9.6,1,0.46,20000,0.9655,0.0345,0.656,2.103,0.1964,1.662,1.322,0.1662,0.1591,7,0.2812,8,0.0725,1,0,0
g3scan,rq4graded,6.5,-1.0,eb0482,0.0482,tier0,1,9.6,1,0.47,20000,0.9655,0.0345,0.6704,2.011,0.1981,1.694,1.3195,0.1617,0.1547,7,0.2756,8,0.0702,1,0,0
g3scan,rq4graded,6.5,-1.0,eb0482,0.0482,tier0,1,9.6,1,0.48,20000,0.9655,0.0345,0.6847,1.924,0.1964,1.673,1.3244,0.1575,0.1506,7,0.2702,8,0.0681,1,0,0
g3scan,rq4graded,6.5,-1.0,eb0482,0.0482,tier0,1,9.6,1,0.49,20000,0.9655,0.0345,0.6987,1.843,0.196,1.733,1.3419,0.1535,0.1468,7,0.265,8,0.0659,1,0,0
g3scan,rq4graded,6.5,-1.0,eb0482,0.0482,tier0,1,9.6,1,0.5,20000,0.9655,0.0345,0.7113,1.768,0.1938,1.688,1.3534,0.1498,0.1432,7,0.2608,8,0.064,1,0,0
g3scan,rq4graded,6.5,-1.0,eb0482,0.0482,tier0,1,9.6,1,0.51,20000,0.9655,0.0345,0.7234,1.696,0.1908,1.626,1.3658,0.1461,0.1395,7,0.2563,8,0.0621,1,0,0
g3scan,rq4graded,6.5,-1.0,eb0482,0.0482,tier0,1,9.6,1,0.52,20000,0.9655,0.0345,0.7345,1.626,0.1894,1.581,1.3697,0.1424,0.136,7,0.2516,8,0.0604,0,0,0
g3scan,rq4graded,6.5,-1.0,eb0482,0.0482,tier0,1,12.8,1,0.17,20000,0.9655,0.0345,0.0,9.979,0.0,nan,5.1338,1.4796,1.4199,4,0.6456,8,nan,0,0,0
g3scan,rq4graded,6.5,-1.0,eb0482,0.0482,tier0,1,12.8,1,0.18,20000,0.9655,0.0345,0.0,9.342,0.0,nan,4.5037,1.1892,1.1396,5,0.5816,8,nan,0,0,0
g3scan,rq4graded,6.5,-1.0,eb0482,0.0482,tier0,1,12.8,1,0.19,20000,0.9655,0.0345,0.0,8.701,0.0,nan,3.8777,0.957,0.9226,6,0.529,8,nan,0,0,0
g3scan,rq4graded,6.5,-1.0,eb0482,0.0482,tier0,1,12.8,1,0.2,20000,0.9655,0.0345,0.0,8.058,0.0,0.0,3.2511,0.7182,0.7065,6,0.4854,8,nan,0,0,0
g3scan,rq4graded,6.5,-1.0,eb0482,0.0482,tier0,1,12.8,1,0.21,20000,0.9655,0.0345,0.0,7.435,0.0,0.0,2.6538,0.6008,0.5943,7,0.4484,8,nan,0,0,0
g3scan,rq4graded,6.5,-1.0,eb0482,0.0482,tier0,1,12.8,1,0.22,20000,0.9655,0.0345,0.0,6.827,0.0007,0.01,2.0831,0.4875,0.4863,7,0.4166,8,0.671,0,1,0
g3scan,rq4graded,6.5,-1.0,eb0482,0.0482,tier0,1,12.8,1,0.23,20000,0.9655,0.0345,0.0,6.252,0.0208,0.147,1.5595,0.4115,0.4112,7,0.3898,8,0.4914,0,1,0
g3scan,rq4graded,6.5,-1.0,eb0482,0.0482,tier0,1,12.8,1,0.24,20000,0.9655,0.0345,0.0002,5.697,0.088,0.525,1.0758,0.357,0.3559,7,0.3662,8,0.3719,0,1,0
g3scan,rq4graded,6.5,-1.0,eb0482,0.0482,tier0,1,12.8,1,0.25,20000,0.9655,0.0345,0.0067,5.189,0.1705,1.043,0.7098,0.318,0.3158,7,0.3465,8,0.2973,0,1,0
g3scan,rq4graded,6.5,-1.0,eb0482,0.0482,tier0,1,12.8,1,0.26,20000,0.9655,0.0345,0.0458,4.706,0.2261,1.433,0.5153,0.2878,0.2847,7,0.3279,8,0.2352,1,1,1
g3scan,rq4graded,6.5,-1.0,eb0482,0.0482,tier0,1,12.8,1,0.27,20000,0.9655,0.0345,0.1175,4.256,0.2496,1.633,0.4508,0.2639,0.2601,7,0.3127,8,0.1914,1,0,0
g3scan,rq4graded,6.5,-1.0,eb0482,0.0482,tier0,1,12.8,1,0.28,20000,0.9655,0.0345,0.1973,3.843,0.2594,1.734,0.4345,0.2436,0.2394,7,0.2977,8,0.162,1,0,0
g3scan,rq4graded,6.5,-1.0,eb0482,0.0482,tier0,1,12.8,1,0.29,20000,0.9655,0.0345,0.2731,3.481,0.2626,1.78,0.4333,0.2265,0.222,7,0.286,8,0.1413,1,0,0
g3scan,rq4graded,6.5,-1.0,eb0482,0.0482,tier0,1,12.8,1,0.3,20000,0.9655,0.0345,0.3409,3.164,0.2611,1.763,0.4419,0.2119,0.2073,7,0.2745,8,0.126,1,0,0
g3scan,rq4graded,6.5,-1.0,eb0482,0.0482,tier0,1,12.8,1,0.31,20000,0.9655,0.0345,0.4031,2.88,0.2596,1.808,0.4636,0.1994,0.1947,7,0.2643,8,0.1133,1,0,0
g3scan,rq4graded,6.5,-1.0,eb0482,0.0482,tier0,1,12.8,1,0.32,20000,0.9655,0.0345,0.4556,2.634,0.2575,1.827,0.4828,0.1883,0.1835,7,0.2559,8,0.1035,1,0,0
g3scan,rq4graded,6.5,-1.0,eb0482,0.0482,tier0,1,12.8,1,0.33,20000,0.9655,0.0345,0.5016,2.415,0.2569,1.804,0.4958,0.1779,0.1732,7,0.245,7,0.0954,1,0,0
g3scan,rq4graded,6.5,-1.0,eb0482,0.0482,tier0,1,12.8,1,0.34,20000,0.9655,0.0345,0.5429,2.223,0.2504,1.701,0.5228,0.1691,0.1645,7,0.2362,7,0.0886,1,0,0
g3scan,rq4graded,6.5,-1.0,eb0482,0.0482,tier0,1,12.8,1,0.35,20000,0.9655,0.0345,0.5797,2.049,0.2475,1.682,0.5443,0.1607,0.1562,7,0.229,7,0.0827,1,0,0
g3scan,rq4graded,6.5,-1.0,eb0482,0.0482,tier0,1,12.8,1,0.36,20000,0.9655,0.0345,0.612,1.892,0.2483,1.712,0.5607,0.1532,0.1488,7,0.2223,7,0.0774,1,0,0
g3scan,rq4graded,6.5,-1.0,eb0482,0.0482,tier0,1,12.8,1,0.37,20000,0.9655,0.0345,0.6398,1.753,0.2506,1.761,0.5726,0.1461,0.1418,7,0.2167,7,0.0733,1,0,0
g3scan,rq4graded,6.5,-1.0,eb0482,0.0482,tier0,1,12.8,1,0.38,20000,0.9655,0.0345,0.6645,1.63,0.2525,1.818,0.5852,0.1401,0.1358,7,0.2117,7,0.0695,1,0,0
g3scan,rq4graded,6.5,-1.0,eb0482,0.0482,tier0,1,12.8,1,0.39,20000,0.9655,0.0345,0.6876,1.514,0.2528,1.799,0.5997,0.134,0.1299,7,0.2067,7,0.066,1,0,0
g3scan,rq4graded,6.5,-1.0,eb0482,0.0482,tier0,1,12.8,1,0.4,20000,0.9655,0.0345,0.7098,1.409,0.2477,1.743,0.6303,0.1288,0.1247,7,0.1938,6,0.063,1,0,0
g3scan,rq4graded,6.5,-1.0,eb0482,0.0482,tier0,1,12.8,1,0.41,20000,0.9655,0.0345,0.7295,1.316,0.2428,1.722,0.6648,0.1241,0.1201,7,0.1899,6,0.0599,1,0,0
g3scan,rq4graded,6.5,-1.0,eb0482,0.0482,tier0,1,12.8,1,0.42,20000,0.9655,0.0345,0.7466,1.227,0.2451,1.78,0.6744,0.1195,0.1155,7,0.188,6,0.0572,1,0,0
g3scan,rq4graded,6.5,-1.0,eb0482,0.0482,tier0,1,12.8,1,0.43,20000,0.9655,0.0345,0.7627,1.147,0.2441,1.768,0.6977,0.1151,0.1112,7,0.1824,6,0.055,1,0,0
g3scan,rq4graded,6.5,-1.0,eb0482,0.0482,tier0,1,12.8,1,0.44,20000,0.9655,0.0345,0.7768,1.076,0.241,1.728,0.7149,0.1108,0.1071,7,0.1801,6,0.0527,1,0,0
g3scan,rq4graded,6.5,-1.0,eb0482,0.0482,tier0,1,12.8,1,0.45,20000,0.9655,0.0345,0.7893,1.01,0.2412,1.701,0.7219,0.1067,0.1032,7,0.1769,6,0.0506,1,0,0
g3scan,rq4graded,6.5,-1.0,eb0482,0.0482,tier0,1,12.8,1,0.46,20000,0.9655,0.0345,0.802,0.947,0.2384,1.677,0.7415,0.1031,0.0997,7,0.1754,6,0.0485,1,0,0
g3scan,rq4graded,6.5,-1.0,eb0482,0.0482,tier0,1,12.8,1,0.47,20000,0.9655,0.0345,0.8135,0.89,0.2359,1.656,0.7621,0.0996,0.0963,7,0.162,5,0.0467,1,0,0
g3scan,rq4graded,6.5,-1.0,eb0482,0.0482,tier0,1,12.8,1,0.48,20000,0.9655,0.0345,0.8235,0.838,0.2379,1.669,0.773,0.0962,0.0931,7,0.1615,5,0.0449,1,0,0
g3scan,rq4graded,6.5,-1.0,eb0482,0.0482,tier0,1,12.8,1,0.49,20000,0.9655,0.0345,0.8325,0.789,0.2405,1.704,0.7819,0.0933,0.0903,7,0.1593,5,0.0434,1,0,0
g3scan,rq4graded,6.5,-1.0,eb0482,0.0482,tier0,1,12.8,1,0.5,20000,0.9655,0.0345,0.8408,0.743,0.2406,1.647,0.7949,0.0902,0.0873,7,0.1562,5,0.0423,1,0,0
g3scan,rq4graded,6.5,-1.0,eb0482,0.0482,tier0,1,12.8,1,0.51,20000,0.9655,0.0345,0.8491,0.701,0.2398,1.623,0.8045,0.0874,0.0845,7,0.1558,5,0.0411,1,0,0
g3scan,rq4graded,6.5,-1.0,eb0482,0.0482,tier0,1,12.8,1,0.52,20000,0.9655,0.0345,0.8568,0.662,0.2405,1.677,0.8209,0.0845,0.0818,7,0.1558,5,0.04,1,0,0
g3scan,rq4graded,6.5,-1.0,eb1168,0.11675778353879479,tier0,0,2.4,0,0.17,20000,0.7868,0.2132,0.0,18.728,0.0,nan,13.839,nan,nan,0,6.8431,5,nan,0,0,0
g3scan,rq4graded,6.5,-1.0,eb1168,0.11675778353879479,tier0,0,2.4,0,0.18,20000,0.7868,0.2132,0.0,18.586,0.0,nan,13.6978,nan,nan,0,6.2676,5,nan,0,0,0
g3scan,rq4graded,6.5,-1.0,eb1168,0.11675778353879479,tier0,0,2.4,0,0.19,20000,0.7868,0.2132,0.0,18.448,0.0,nan,13.5597,nan,nan,0,6.0961,6,nan,0,0,0
g3scan,rq4graded,6.5,-1.0,eb1168,0.11675778353879479,tier0,0,2.4,0,0.2,20000,0.7868,0.2132,0.0,18.308,0.0,nan,13.4197,nan,nan,0,5.6576,6,nan,0,0,0
g3scan,rq4graded,6.5,-1.0,eb1168,0.11675778353879479,tier0,0,2.4,0,0.21,20000,0.7868,0.2132,0.0,18.172,0.0,nan,13.2834,nan,nan,0,5.2649,6,nan,0,0,0
g3scan,rq4graded,6.5,-1.0,eb1168,0.11675778353879479,tier0,0,2.4,0,0.22,20000,0.7868,0.2132,0.0,18.032,0.0,nan,13.1431,nan,nan,0,5.0935,7,nan,0,0,0
g3scan,rq4graded,6.5,-1.0,eb1168,0.11675778353879479,tier0,0,2.4,0,0.23,20000,0.7868,0.2132,0.0,17.893,0.0,nan,13.0043,nan,nan,0,4.7641,7,nan,0,0,0
g3scan,rq4graded,6.5,-1.0,eb1168,0.11675778353879479,tier0,0,2.4,0,0.24,20000,0.7868,0.2132,0.0,17.755,0.0,nan,12.8663,nan,nan,0,4.5934,8,nan,0,0,0
g3scan,rq4graded,6.5,-1.0,eb1168,0.11675778353879479,tier0,0,2.4,0,0.25,20000,0.7868,0.2132,0.0,17.618,0.0,nan,12.7293,nan,nan,0,4.325,8,nan,0,0,0
g3scan,rq4graded,6.5,-1.0,eb1168,0.11675778353879479,tier0,0,2.4,0,0.26,20000,0.7868,0.2132,0.0,17.48,0.0,nan,12.5912,nan,nan,0,4.0944,8,nan,0,0,0
g3scan,rq4graded,6.5,-1.0,eb1168,0.11675778353879479,tier0,0,2.4,0,0.27,20000,0.7868,0.2132,0.0,17.342,0.0,nan,12.4529,nan,nan,0,3.8844,8,nan,0,0,0
g3scan,rq4graded,6.5,-1.0,eb1168,0.11675778353879479,tier0,0,2.4,0,0.28,20000,0.7868,0.2132,0.0,17.207,0.0,nan,12.3181,3.843,3.843,1,3.6976,8,nan,0,0,0
g3scan,rq4graded,6.5,-1.0,eb1168,0.11675778353879479,tier0,0,2.4,0,0.29,20000,0.7868,0.2132,0.0,17.069,0.0,nan,12.1804,3.6125,3.6125,1,3.5214,8,nan,0,0,0
g3scan,rq4graded,6.5,-1.0,eb1168,0.11675778353879479,tier0,0,2.4,0,0.3,20000,0.7868,0.2132,0.0,16.933,0.0,nan,12.0442,3.4215,3.4215,1,3.3676,8,nan,0,0,0
g3scan,rq4graded,6.5,-1.0,eb1168,0.11675778353879479,tier0,0,2.4,0,0.31,20000,0.7868,0.2132,0.0,16.798,0.0,nan,11.909,3.1511,3.1479,2,3.2278,8,nan,0,0,0
g3scan,rq4graded,6.5,-1.0,eb1168,0.11675778353879479,tier0,0,2.4,0,0.32,20000,0.7868,0.2132,0.0,16.659,0.0,nan,11.7701,2.9934,2.9905,2,3.0977,8,nan,0,0,0
g3scan,rq4graded,6.5,-1.0,eb1168,0.11675778353879479,tier0,0,2.4,0,0.33,20000,0.7868,0.2132,0.0,16.521,0.0,nan,11.6322,2.7573,2.7518,3,2.9817,8,nan,0,0,0
g3scan,rq4graded,6.5,-1.0,eb1168,0.11675778353879479,tier0,0,2.4,0,0.34,20000,0.7868,0.2132,0.0,16.386,0.0,nan,11.4975,2.6231,2.6178,3,2.8823,8,nan,0,0,0
g3scan,rq4graded,6.5,-1.0,eb1168,0.11675778353879479,tier0,0,2.4,0,0.35,20000,0.7868,0.2132,0.0,16.249,0.0,nan,11.3601,2.5106,2.5053,3,2.785,8,nan,0,0,0
g3scan,rq4graded,6.5,-1.0,eb1168,0.11675778353879479,tier0,0,2.4,0,0.36,20000,0.7868,0.2132,0.0,16.115,0.0,0.0,11.2267,2.302,2.2922,4,2.7028,8,nan,0,0,0
g3scan,rq4graded,6.5,-1.0,eb1168,0.11675778353879479,tier0,0,2.4,0,0.37,20000,0.7868,0.2132,0.0,15.98,0.0,0.0,11.0913,2.0909,2.0742,5,2.6255,8,nan,0,0,0
g3scan,rq4graded,6.5,-1.0,eb1168,0.11675778353879479,tier0,0,2.4,0,0.38,20000,0.7868,0.2132,0.0,15.846,0.0,0.333,10.9572,2.0014,1.9854,5,2.5556,8,nan,0,0,0
g3scan,rq4graded,6.5,-1.0,eb1168,0.11675778353879479,tier0,0,2.4,0,0.39,20000,0.7868,0.2132,0.0,15.709,0.0001,1.0,10.8201,1.9153,1.9007,5,2.4891,8,nan,0,0,0
g3scan,rq4graded,6.5,-1.0,eb1168,0.11675778353879479,tier0,0,2.4,0,0.4,20000,0.7868,0.2132,0.0,15.573,0.0001,0.667,10.6847,1.7363,1.7108,6,2.4293,8,nan,0,0,0
g3scan,rq4graded,6.5,-1.0,eb1168,0.11675778353879479,tier0,0,2.4,0,0.41,20000,0.7868,0.2132,0.0,15.438,0.0001,0.333,10.5497,1.6631,1.6394,6,2.3711,8,nan,0,0,0
g3scan,rq4graded,6.5,-1.0,eb1168,0.11675778353879479,tier0,0,2.4,0,0.42,20000,0.7868,0.2132,0.0,15.303,0.0002,0.316,10.414,1.5929,1.5709,6,2.3185,8,nan,0,0,0
g3scan,rq4graded,6.5,-1.0,eb1168,0.11675778353879479,tier0,0,2.4,0,0.43,20000,0.7868,0.2132,0.0001,15.169,0.0002,0.192,10.2814,1.4358,1.3952,7,2.2689,8,nan,0,0,0
g3scan,rq4graded,6.5,-1.0,eb1168,0.11675778353879479,tier0,0,2.4,0,0.44,20000,0.7868,0.2132,0.0001,15.035,0.0003,0.275,10.1473,1.3805,1.3414,7,2.2236,8,nan,0,0,0
g3scan,rq4graded,6.5,-1.0,eb1168,0.11675778353879479,tier0,0,2.4,0,0.45,20000,0.7868,0.2132,0.0001,14.897,0.0006,0.29,10.0102,1.3251,1.2876,7,2.1802,8,nan,0,0,0
g3scan,rq4graded,6.5,-1.0,eb1168,0.11675778353879479,tier0,0,2.4,0,0.46,20000,0.7868,0.2132,0.0001,14.763,0.0008,0.277,9.8763,1.2782,1.2425,7,2.1379,8,0.6077,0,0,0
g3scan,rq4graded,6.5,-1.0,eb1168,0.11675778353879479,tier0,0,2.4,0,0.47,20000,0.7868,0.2132,0.0002,14.632,0.0011,0.303,9.7468,1.2354,1.2017,7,2.0999,8,0.5853,0,0,0
g3scan,rq4graded,6.5,-1.0,eb1168,0.11675778353879479,tier0,0,2.4,0,0.48,20000,0.7868,0.2132,0.0003,14.498,0.0017,0.306,9.6136,1.1896,1.1565,7,2.0633,8,0.5678,0,0,0
g3scan,rq4graded,6.5,-1.0,eb1168,0.11675778353879479,tier0,0,2.4,0,0.49,20000,0.7868,0.2132,0.0005,14.364,0.0025,0.4,9.4825,1.1499,1.118,7,2.0293,8,0.546,0,0,0
g3scan,rq4graded,6.5,-1.0,eb1168,0.11675778353879479,tier0,0,2.4,0,0.5,20000,0.7868,0.2132,0.0007,14.231,0.0035,0.462,9.3521,1.1135,1.0819,7,1.9948,8,0.531,0,0,0
g3scan,rq4graded,6.5,-1.0,eb1168,0.11675778353879479,tier0,0,2.4,0,0.51,20000,0.7868,0.2132,0.001,14.098,0.0048,0.53,9.2232,1.0784,1.0469,7,1.9635,8,0.5167,0,0,0
g3scan,rq4graded,6.5,-1.0,eb1168,0.11675778353879479,tier0,0,2.4,0,0.52,20000,0.7868,0.2132,0.0013,13.965,0.0065,0.615,9.094,1.0433,1.012,7,1.9342,8,0.5022,0,0,0
g3scan,rq4graded,6.5,-1.0,eb1168,0.11675778353879479,tier0,0,3.2,0,0.17,20000,0.7868,0.2132,0.0,17.297,0.0,nan,12.4081,nan,nan,0,4.7206,7,nan,0,0,0
g3scan,rq4graded,6.5,-1.0,eb1168,0.11675778353879479,tier0,0,3.2,0,0.18,20000,0.7868,0.2132,0.0,17.078,0.0,nan,12.1892,nan,nan,0,4.2539,7,nan,0,0,0
g3scan,rq4graded,6.5,-1.0,eb1168,0.11675778353879479,tier0,0,3.2,0,0.19,20000,0.7868,0.2132,0.0,16.859,0.0,nan,11.9704,nan,nan,0,4.0612,8,nan,0,0,0
g3scan,rq4graded,6.5,-1.0,eb1168,0.11675778353879479,tier0,0,3.2,0,0.2,20000,0.7868,0.2132,0.0,16.644,0.0,nan,11.7554,nan,nan,0,3.7045,8,nan,0,0,0
g3scan,rq4graded,6.5,-1.0,eb1168,0.11675778353879479,tier0,0,3.2,0,0.21,20000,0.7868,0.2132,0.0,16.425,0.0,nan,11.5367,nan,nan,0,3.4053,8,nan,0,0,0
g3scan,rq4graded,6.5,-1.0,eb1168,0.11675778353879479,tier0,0,3.2,0,0.22,20000,0.7868,0.2132,0.0,16.206,0.0,nan,11.3176,nan,nan,0,3.143,8,nan,0,0,0
g3scan,rq4graded,6.5,-1.0,eb1168,0.11675778353879479,tier0,0,3.2,0,0.23,20000,0.7868,0.2132,0.0,15.99,0.0,nan,11.1019,3.6608,3.6608,1,2.9221,8,nan,0,0,0
g3scan,rq4graded,6.5,-1.0,eb1168,0.11675778353879479,tier0,0,3.2,0,0.24,20000,0.7868,0.2132,0.0,15.771,0.0,nan,10.8822,3.3527,3.3527,1,2.7274,8,nan,0,0,0
g3scan,rq4graded,6.5,-1.0,eb1168,0.11675778353879479,tier0,0,3.2,0,0.25,20000,0.7868,0.2132,0.0,15.555,0.0,nan,10.6667,3.0213,3.0204,2,2.5658,8,nan,0,0,0
g3scan,rq4graded,6.5,-1.0,eb1168,0.11675778353879479,tier0,0,3.2,0,0.26,20000,0.7868,0.2132,0.0,15.341,0.0,nan,10.452,2.7371,2.7356,3,2.4274,8,nan,0,0,0
g3scan,rq4graded,6.5,-1.0,eb1168,0.11675778353879479,tier0,0,3.2,0,0.27,20000,0.7868,0.2132,0.0,15.127,0.0,nan,10.238,2.5275,2.5262,3,2.3082,8,nan,0,0,0
g3scan,rq4graded,6.5,-1.0,eb1168,0.11675778353879479,tier0,0,3.2,0,0.28,20000,0.7868,0.2132,0.0,14.913,0.0,nan,10.0243,2.2784,2.2761,4,2.2054,8,nan,0,0,0
g3scan,rq4graded,6.5,-1.0,eb1168,0.11675778353879479,tier0,0,3.2,0,0.29,20000,0.7868,0.2132,0.0,14.698,0.0,nan,9.8096,2.1034,2.1014,4,2.1126,8,nan,0,0,0
g3scan,rq4graded,6.5,-1.0,eb1168,0.11675778353879479,tier0,0,3.2,0,0.3,20000,0.7868,0.2132,0.0,14.484,0.0,0.0,9.5957,1.8924,1.8879,5,2.0299,8,nan,0,0,0
g3scan,rq4graded,6.5,-1.0,eb1168,0.11675778353879479,tier0,0,3.2,0,0.31,20000,0.7868,0.2132,0.0,14.266,0.0,0.0,9.3774,1.751,1.7468,5,1.955,8,nan,0,0,0
g3scan,rq4graded,6.5,-1.0,eb1168,0.11675778353879479,tier0,0,3.2,0,0.32,20000,0.7868,0.2132,0.0,14.055,0.0001,0.4,9.1668,1.5731,1.5634,6,1.8903,8,nan,0,0,0
g3scan,rq4graded,6.5,-1.0,eb1168,0.11675778353879479,tier0,0,3.2,0,0.33,20000,0.7868,0.2132,0.0,13.839,0.0001,0.333,8.9502,1.4658,1.4569,6,1.8297,8,nan,0,0,0
g3scan,rq4graded,6.5,-1.0,eb1168,0.11675778353879479,tier0,0,3.2,0,0.34,20000,0.7868,0.2132,0.0,13.625,0.0001,0.154,8.7363,1.3045,1.2845,7,1.7738,8,nan,0,0,0
g3scan,rq4graded,6.5,-1.0,eb1168,0.11675778353879479,tier0,0,3.2,0,0.35,20000,0.7868,0.2132,0.0,13.412,0.0003,0.196,8.5232,1.2238,1.2048,7,1.7226,8,nan,0,0,0
g3scan,rq4graded,6.5,-1.0,eb1168,0.11675778353879479,tier0,0,3.2,0,0.36,20000,0.7868,0.2132,0.0001,13.198,0.0005,0.151,8.3107,1.1522,1.1339,7,1.675,8,nan,0,0,0
g3scan,rq4graded,6.5,-1.0,eb1168,0.11675778353879479,tier0,0,3.2,0,0.37,20000,0.7868,0.2132,0.0001,12.984,0.001,0.166,8.097,1.0872,1.0695,7,1.6304,8,0.6013,0,0,0
g3scan,rq4graded,6.5,-1.0,eb1168,0.11675778353879479,tier0,0,3.2,0,0.38,20000,0.7868,0.2132,0.0002,12.775,0.002,0.242,7.8891,1.0293,1.0117,7,1.5898,8,0.5671,0,0,0
g3scan,rq4graded,6.5,-1.0,eb1168,0.11675778353879479,tier0,0,3.2,0,0.39,20000,0.7868,0.2132,0.0004,12.567,0.0037,0.321,7.6833,0.9781,0.9601,7,1.551,8,0.5377,0,0,0
g3scan,rq4graded,6.5,-1.0,eb1168,0.11675778353879479,tier0,0,3.2,0,0.4,20000,0.7868,0.2132,0.0007,12.354,0.0062,0.432,7.4745,0.9294,0.911,7,1.5151,8,0.5122,0,0,0
g3scan,rq4graded,6.5,-1.0,eb1168,0.11675778353879479,tier0,0,3.2,0,0.41,20000,0.7868,0.2132,0.0011,12.149,0.0094,0.521,7.2736,0.8878,0.8685,7,1.4811,8,0.4911,0,0,0
g3scan,rq4graded,6.5,-1.0,eb1168,0.11675778353879479,tier0,0,3.2,0,0.42,20000,0.7868,0.2132,0.002,11.946,0.0128,0.574,7.0812,0.8496,0.8293,7,1.4486,8,0.4694,0,0,0
g3scan,rq4graded,6.5,-1.0,eb1168,0.11675778353879479,tier0,0,3.2,0,0.43,20000,0.7868,0.2132,0.0037,11.742,0.0164,0.614,6.8966,0.815,0.7938,7,1.4184,8,0.4469,0,0,0
g3scan,rq4graded,6.5,-1.0,eb1168,0.11675778353879479,tier0,0,3.2,0,0.44,20000,0.7868,0.2132,0.0058,11.543,0.0207,0.679,6.7217,0.7843,0.7622,7,1.3908,8,0.4241,0,0,0
g3scan,rq4graded,6.5,-1.0,eb1168,0.11675778353879479,tier0,0,3.2,0,0.45,20000,0.7868,0.2132,0.0087,11.348,0.0249,0.724,6.5595,0.7563,0.7336,7,1.3641,8,0.4018,0,0,0
g3scan,rq4graded,6.5,-1.0,eb1168,0.11675778353879479,tier0,0,3.2,0,0.46,20000,0.7868,0.2132,0.0124,11.153,0.0301,0.787,6.4036,0.7303,0.7069,7,1.3381,8,0.3798,0,0,0
g3scan,rq4graded,6.5,-1.0,eb1168,0.11675778353879479,tier0,0,3.2,0,0.47,20000,0.7868,0.2132,0.017,10.957,0.0358,0.902,6.2586,0.7061,0.6823,7,1.3141,8,0.3585,0,0,0
g3scan,rq4graded,6.5,-1.0,eb1168,0.11675778353879479,tier0,0,3.2,0,0.48,20000,0.7868,0.2132,0.0216,10.775,0.0402,0.922,6.1236,0.6856,0.6614,7,1.2902,8,0.3422,0,0,0
g3scan,rq4graded,6.5,-1.0,eb1168,0.11675778353879479,tier0,0,3.2,0,0.49,20000,0.7868,0.2132,0.0275,10.586,0.046,1.038,5.9973,0.665,0.6406,7,1.2681,8,0.3246,0,0,0
g3scan,rq4graded,6.5,-1.0,eb1168,0.11675778353879479,tier0,0,3.2,0,0.5,20000,0.7868,0.2132,0.0342,10.404,0.0508,1.112,5.8841,0.647,0.6223,7,1.2465,8,0.3102,0,0,0
g3scan,rq4graded,6.5,-1.0,eb1168,0.11675778353879479,tier0,0,3.2,0,0.51,20000,0.7868,0.2132,0.0419,10.225,0.0541,1.116,5.7839,0.6299,0.6051,7,1.2252,8,0.297,0,0,0
g3scan,rq4graded,6.5,-1.0,eb1168,0.11675778353879479,tier0,0,3.2,0,0.52,20000,0.7868,0.2132,0.0508,10.048,0.0574,1.158,5.6973,0.614,0.5889,7,1.2064,8,0.2848,0,0,0
g3scan,rq4graded,6.5,-1.0,eb1168,0.11675778353879479,tier0,0,4.8,0,0.17,20000,0.7868,0.2132,0.0,14.9,0.0,nan,10.0111,nan,nan,0,2.5187,8,nan,0,0,0
g3scan,rq4graded,6.5,-1.0,eb1168,0.11675778353879479,tier0,0,4.8,0,0.18,20000,0.7868,0.2132,0.0,14.549,0.0,nan,9.6602,3.8377,3.8377,1,2.2202,8,nan,0,0,0
g3scan,rq4graded,6.5,-1.0,eb1168,0.11675778353879479,tier0,0,4.8,0,0.19,20000,0.7868,0.2132,0.0,14.194,0.0,nan,9.3062,3.2594,3.2594,1,1.988,8,nan,0,0,0
g3scan,rq4graded,6.5,-1.0,eb1168,0.11675778353879479,tier0,0,4.8,0,0.2,20000,0.7868,0.2132,0.0,13.841,0.0,nan,8.9557,2.8503,2.8502,2,1.8098,8,nan,0,0,0
g3scan,rq4graded,6.5,-1.0,eb1168,0.11675778353879479,tier0,0,4.8,0,0.21,20000,0.7868,0.2132,0.0,13.487,0.0,nan,8.6041,2.4869,2.4854,3,1.6676,8,nan,0,0,0
g3scan,rq4graded,6.5,-1.0,eb1168,0.11675778353879479,tier0,0,4.8,0,0.22,20000,0.7868,0.2132,0.0,13.14,0.0,nan,8.2573,2.1348,2.1326,3,1.5537,8,nan,0,0,0
g3scan,rq4graded,6.5,-1.0,eb1168,0.11675778353879479,tier0,0,4.8,0,0.23,20000,0.7868,0.2132,0.0,12.785,0.0,nan,7.9038,1.8699,1.8677,4,1.4539,8,nan,0,0,0
g3scan,rq4graded,6.5,-1.0,eb1168,0.11675778353879479,tier0,0,4.8,0,0.24,20000,0.7868,0.2132,0.0,12.436,0.0,nan,7.5554,1.6359,1.6344,5,1.3698,8,nan,0,0,0
g3scan,rq4graded,6.5,-1.0,eb1168,0.11675778353879479,tier0,0,4.8,0,0.25,20000,0.7868,0.2132,0.0,12.084,0.0,0.0,7.2035,1.4211,1.4197,6,1.2953,8,nan,0,0,0
g3scan,rq4graded,6.5,-1.0,eb1168,0.11675778353879479,tier0,0,4.8,0,0.26,20000,0.7868,0.2132,0.0,11.729,0.0,0.0,6.8491,1.2618,1.2611,6,1.2284,8,nan,0,0,0
g3scan,rq4graded,6.5,-1.0,eb1168,0.11675778353879479,tier0,0,4.8,0,0.27,20000,0.7868,0.2132,0.0,11.38,0.0001,0.12,6.5003,1.0959,1.0922,7,1.1706,8,nan,0,0,0
g3scan,rq4graded,6.5,-1.0,eb1168,0.11675778353879479,tier0,0,4.8,0,0.28,20000,0.7868,0.2132,0.0,11.029,0.0002,0.064,6.1519,0.9876,0.9839,7,1.1176,8,nan,0,0,0
g3scan,rq4graded,6.5,-1.0,eb1168,0.11675778353879479,tier0,0,4.8,0,0.29,20000,0.7868,0.2132,0.0,10.683,0.0007,0.089,5.8111,0.8969,0.8927,7,1.0711,8,0.6385,0,0,0
g3scan,rq4graded,6.5,-1.0,eb1168,0.11675778353879479,tier0,0,4.8,0,0.3,20000,0.7868,0.2132,0.0001,10.336,0.0023,0.137,5.4684,0.8199,0.8147,7,1.0282,8,0.5685,0,0,0
g3scan,rq4graded,6.5,-1.0,eb1168,0.11675778353879479,tier0,0,4.8,0,0.31,20000,0.7868,0.2132,0.0002,9.997,0.0068,0.264,5.1324,0.7555,0.7487,7,0.9897,8,0.5194,0,0,0
g3scan,rq4graded,6.5,-1.0,eb1168,0.11675778353879479,tier0,0,4.8,0,0.32,20000,0.7868,0.2132,0.0006,9.665,0.014,0.361,4.8054,0.7002,0.6917,7,0.9545,8,0.4789,0,0,0
g3scan,rq4graded,6.5,-1.0,eb1168,0.11675778353879479,tier0,0,4.8,0,0.33,20000,0.7868,0.2132,0.0018,9.334,0.0243,0.484,4.4875,0.6535,0.6434,7,0.9201,8,0.4383,0,0,0
g3scan,rq4graded,6.5,-1.0,eb1168,0.11675778353879479,tier0,0,4.8,0,0.34,20000,0.7868,0.2132,0.0048,9.014,0.0372,0.628,4.1944,0.6141,0.6028,7,0.8895,8,0.3976,0,0,0
g3scan,rq4graded,6.5,-1.0,eb1168,0.11675778353879479,tier0,0,4.8,0,0.35,20000,0.7868,0.2132,0.011,8.701,0.0506,0.768,3.9353,0.5803,0.568,7,0.8613,8,0.3588,0,0,0
g3scan,rq4graded,6.5,-1.0,eb1168,0.11675778353879479,tier0,0,4.8,0,0.36,20000,0.7868,0.2132,0.0196,8.392,0.0658,0.936,3.7001,0.5505,0.5373,7,0.8352,8,0.3248,0,0,0
g3scan,rq4graded,6.5,-1.0,eb1168,0.11675778353879479,tier0,0,4.8,0,0.37,20000,0.7868,0.2132,0.0314,8.094,0.0782,1.032,3.5025,0.5244,0.5105,7,0.8109,8,0.2983,0,0,0
g3scan,rq4graded,6.5,-1.0,eb1168,0.11675778353879479,tier0,0,4.8,0,0.38,20000,0.7868,0.2132,0.0469,7.808,0.0878,1.097,3.342,0.5012,0.4869,7,0.7897,8,0.2752,0,0,0
g3scan,rq4graded,6.5,-1.0,eb1168,0.11675778353879479,tier0,0,4.8,0,0.39,20000,0.7868,0.2132,0.0645,7.527,0.0973,1.198,3.2016,0.48,0.4654,7,0.7699,8,0.2553,0,0,0
g3scan,rq4graded,6.5,-1.0,eb1168,0.11675778353879479,tier0,0,4.8,0,0.4,20000,0.7868,0.2132,0.0855,7.258,0.1044,1.263,3.0948,0.4613,0.4465,7,0.7499,8,0.2378,0,0,0
g3scan,rq4graded,6.5,-1.0,eb1168,0.11675778353879479,tier0,0,4.8,0,0.41,20000,0.7868,0.2132,0.1064,7.0,0.1113,1.327,2.9955,0.4438,0.4289,7,0.7329,8,0.2231,0,1,0
g3scan,rq4graded,6.5,-1.0,eb1168,0.11675778353879479,tier0,0,4.8,0,0.42,20000,0.7868,0.2132,0.1274,6.757,0.1156,1.31,2.9068,0.4279,0.4131,7,0.7171,8,0.2111,0,1,0
g3scan,rq4graded,6.5,-1.0,eb1168,0.11675778353879479,tier0,0,4.8,0,0.43,20000,0.7868,0.2132,0.1498,6.518,0.1202,1.377,2.8324,0.4134,0.3987,7,0.7022,8,0.1998,0,1,0
g3scan,rq4graded,6.5,-1.0,eb1168,0.11675778353879479,tier0,0,4.8,0,0.44,20000,0.7868,0.2132,0.1737,6.29,0.1219,1.38,2.7795,0.3995,0.3849,7,0.6901,8,0.1898,0,1,0
g3scan,rq4graded,6.5,-1.0,eb1168,0.11675778353879479,tier0,0,4.8,0,0.45,20000,0.7868,0.2132,0.1952,6.076,0.1256,1.427,2.7182,0.3869,0.3724,7,0.6775,8,0.1814,0,1,0
g3scan,rq4graded,6.5,-1.0,eb1168,0.11675778353879479,tier0,0,4.8,0,0.46,20000,0.7868,0.2132,0.2168,5.87,0.1273,1.423,2.6715,0.3755,0.3611,7,0.6659,8,0.1739,0,1,0
g3scan,rq4graded,6.5,-1.0,eb1168,0.11675778353879479,tier0,0,4.8,0,0.47,20000,0.7868,0.2132,0.2379,5.67,0.1296,1.447,2.6227,0.3641,0.35,7,0.6572,8,0.1669,0,1,0
g3scan,rq4graded,6.5,-1.0,eb1168,0.11675778353879479,tier0,0,4.8,0,0.48,20000,0.7868,0.2132,0.2582,5.481,0.132,1.468,2.5771,0.3544,0.3403,7,0.6469,8,0.1607,0,1,0
g3scan,rq4graded,6.5,-1.0,eb1168,0.11675778353879479,tier0,0,4.8,0,0.49,20000,0.7868,0.2132,0.2784,5.304,0.1327,1.428,2.5421,0.3452,0.3311,7,0.6376,8,0.1547,0,1,0
g3scan,rq4graded,6.5,-1.0,eb1168,0.11675778353879479,tier0,0,4.8,0,0.5,20000,0.7868,0.2132,0.2984,5.129,0.1324,1.388,2.5056,0.3357,0.3219,7,0.6306,8,0.1495,0,1,0
g3scan,rq4graded,6.5,-1.0,eb1168,0.11675778353879479,tier0,0,4.8,0,0.51,20000,0.7868,0.2132,0.3163,4.966,0.1357,1.435,2.4628,0.3271,0.3135,7,0.6212,8,0.1444,0,1,0
g3scan,rq4graded,6.5,-1.0,eb1168,0.11675778353879479,tier0,0,4.8,0,0.52,20000,0.7868,0.2132,0.3342,4.809,0.1364,1.427,2.4268,0.3192,0.3057,7,0.6189,8,0.1399,0,1,0
g3scan,rq4graded,6.5,-1.0,eb1168,0.11675778353879479,tier0,0,6.4,0,0.17,20000,0.7868,0.2132,0.0,13.089,0.0,nan,8.2266,3.1129,3.1129,1,1.5162,8,nan,0,0,0
g3scan,rq4graded,6.5,-1.0,eb1168,0.11675778353879479,tier0,0,6.4,0,0.18,20000,0.7868,0.2132,0.0,12.636,0.0,nan,7.7749,2.6014,2.5978,2,1.3472,8,nan,0,0,0
g3scan,rq4graded,6.5,-1.0,eb1168,0.11675778353879479,tier0,0,6.4,0,0.19,20000,0.7868,0.2132,0.0,12.178,0.0,nan,7.3181,2.1981,2.1884,3,1.2158,8,nan,0,0,0
g3scan,rq4graded,6.5,-1.0,eb1168,0.11675778353879479,tier0,0,6.4,0,0.2,20000,0.7868,0.2132,0.0,11.717,0.0,nan,6.8662,1.8692,1.8563,4,1.1113,8,nan,0,0,0
g3scan,rq4graded,6.5,-1.0,eb1168,0.11675778353879479,tier0,0,6.4,0,0.21,20000,0.7868,0.2132,0.0,11.262,0.0,nan,6.4216,1.5373,1.5285,4,1.0261,8,nan,0,0,0
g3scan,rq4graded,6.5,-1.0,eb1168,0.11675778353879479,tier0,0,6.4,0,0.22,20000,0.7868,0.2132,0.0,10.804,0.0,nan,5.9708,1.3229,1.3166,5,0.9548,8,nan,0,0,0
g3scan,rq4graded,6.5,-1.0,eb1168,0.11675778353879479,tier0,0,6.4,0,0.23,20000,0.7868,0.2132,0.0,10.348,0.0,0.0,5.5187,1.1326,1.1299,6,0.8969,8,nan,0,0,0
g3scan,rq4graded,6.5,-1.0,eb1168,0.11675778353879479,tier0,0,6.4,0,0.24,20000,0.7868,0.2132,0.0,9.89,0.0,0.0,5.0645,0.967,0.9662,7,0.8475,8,nan,0,0,0
g3scan,rq4graded,6.5,-1.0,eb1168,0.11675778353879479,tier0,0,6.4,0,0.25,20000,0.7868,0.2132,0.0,9.435,0.0001,0.029,4.625,0.8381,0.8377,7,0.8058,8,nan,0,0,0
g3scan,rq4graded,6.5,-1.0,eb1168,0.11675778353879479,tier0,0,6.4,0,0.26,20000,0.7868,0.2132,0.0,8.985,0.0008,0.048,4.1877,0.7375,0.7368,7,0.7723,8,0.6339,0,0,0
g3scan,rq4graded,6.5,-1.0,eb1168,0.11675778353879479,tier0,0,6.4,0,0.27,20000,0.7868,0.2132,0.0,8.548,0.0044,0.125,3.759,0.6582,0.6564,7,0.744,8,0.5454,0,0,0
g3scan,rq4graded,6.5,-1.0,eb1168,0.11675778353879479,tier0,0,6.4,0,0.28,20000,0.7868,0.2132,0.0002,8.114,0.0156,0.263,3.3449,0.593,0.5895,7,0.7277,8,0.4784,0,0,0
g3scan,rq4graded,6.5,-1.0,eb1168,0.11675778353879479,tier0,0,6.4,0,0.29,20000,0.7868,0.2132,0.001,7.696,0.0343,0.438,2.9493,0.5412,0.5362,7,0.7117,8,0.4215,0,0,0
g3scan,rq4graded,6.5,-1.0,eb1168,0.11675778353879479,tier0,0,6.4,0,0.3,20000,0.7868,0.2132,0.0047,7.291,0.0606,0.666,2.5855,0.4988,0.4926,7,0.6993,8,0.3666,0,0,0
g3scan,rq4graded,6.5,-1.0,eb1168,0.11675778353879479,tier0,0,6.4,0,0.31,20000,0.7868,0.2132,0.0147,6.893,0.0875,0.874,2.2814,0.4628,0.4556,7,0.6925,8,0.3192,0,1,0
g3scan,rq4graded,6.5,-1.0,eb1168,0.11675778353879479,tier0,0,6.4,0,0.32,20000,0.7868,0.2132,0.0317,6.517,0.1113,1.065,2.0398,0.4325,0.4247,7,0.6866,8,0.2814,0,1,0
g3scan,rq4graded,6.5,-1.0,eb1168,0.11675778353879479,tier0,0,6.4,0,0.33,20000,0.7868,0.2132,0.0572,6.153,0.1298,1.21,1.8528,0.4064,0.3981,7,0.6921,8,0.2503,0,1,0
g3scan,rq4graded,6.5,-1.0,eb1168,0.11675778353879479,tier0,0,6.4,0,0.34,20000,0.7868,0.2132,0.0886,5.806,0.1427,1.304,1.725,0.3837,0.3752,7,0.6859,8,0.226,0,1,0
g3scan,rq4graded,6.5,-1.0,eb1168,0.11675778353879479,tier0,0,6.4,0,0.35,20000,0.7868,0.2132,0.1218,5.481,0.1535,1.381,1.6196,0.3636,0.3549,7,0.6845,8,0.2061,0,1,0
g3scan,rq4graded,6.5,-1.0,eb1168,0.11675778353879479,tier0,0,6.4,0,0.36,20000,0.7868,0.2132,0.1577,5.17,0.1615,1.454,1.5392,0.345,0.3363,7,0.5803,7,0.1899,0,1,0
g3scan,rq4graded,6.5,-1.0,eb1168,0.11675778353879479,tier0,0,6.4,0,0.37,20000,0.7868,0.2132,0.1942,4.881,0.1653,1.464,1.4847,0.3295,0.3206,7,0.5841,7,0.1763,0,1,0
g3scan,rq4graded,6.5,-1.0,eb1168,0.11675778353879479,tier0,0,6.4,0,0.38,20000,0.7868,0.2132,0.2282,4.61,0.1706,1.484,1.4311,0.3143,0.3056,7,0.5837,7,0.1649,0,1,0
g3scan,rq4graded,6.5,-1.0,eb1168,0.11675778353879479,tier0,0,6.4,0,0.39,20000,0.7868,0.2132,0.2633,4.355,0.1721,1.458,1.3957,0.3007,0.292,7,0.5881,7,0.155,0,0,0
g3scan,rq4graded,6.5,-1.0,eb1168,0.11675778353879479,tier0,0,6.4,0,0.4,20000,0.7868,0.2132,0.2955,4.119,0.1749,1.468,1.357,0.2878,0.2794,7,0.5912,7,0.1462,0,0,0
g3scan,rq4graded,6.5,-1.0,eb1168,0.11675778353879479,tier0,0,6.4,0,0.41,20000,0.7868,0.2132,0.3265,3.896,0.1789,1.509,1.3205,0.2766,0.2682,7,0.6063,7,0.1384,0,0,0
g3scan,rq4graded,6.5,-1.0,eb1168,0.11675778353879479,tier0,0,6.4,0,0.42,20000,0.7868,0.2132,0.3561,3.685,0.1827,1.554,1.2943,0.2661,0.2578,7,0.6113,7,0.1314,0,0,0
g3scan,rq4graded,6.5,-1.0,eb1168,0.11675778353879479,tier0,0,6.4,0,0.43,20000,0.7868,0.2132,0.3838,3.492,0.1843,1.549,1.2748,0.2565,0.2483,7,0.6115,7,0.1254,0,0,0
g3scan,rq4graded,6.5,-1.0,eb1168,0.11675778353879479,tier0,0,6.4,0,0.44,20000,0.7868,0.2132,0.4102,3.308,0.1868,1.595,1.2466,0.2473,0.2393,7,0.5016,6,0.1199,0,0,0
g3scan,rq4graded,6.5,-1.0,eb1168,0.11675778353879479,tier0,0,6.4,0,0.45,20000,0.7868,0.2132,0.4357,3.137,0.1875,1.585,1.225,0.2388,0.2309,7,0.5096,6,0.115,0,0,0
g3scan,rq4graded,6.5,-1.0,eb1168,0.11675778353879479,tier0,0,6.4,0,0.46,20000,0.7868,0.2132,0.4604,2.974,0.1871,1.587,1.2188,0.2306,0.2229,7,0.5209,6,0.1106,0,0,0
g3scan,rq4graded,6.5,-1.0,eb1168,0.11675778353879479,tier0,0,6.4,0,0.47,20000,0.7868,0.2132,0.4829,2.821,0.1882,1.537,1.2035,0.2237,0.2159,7,0.5342,6,0.1061,0,0,0
g3scan,rq4graded,6.5,-1.0,eb1168,0.11675778353879479,tier0,0,6.4,0,0.48,20000,0.7868,0.2132,0.5048,2.679,0.187,1.512,1.1962,0.2171,0.2095,7,0.5525,6,0.1019,0,0,0
g3scan,rq4graded,6.5,-1.0,eb1168,0.11675778353879479,tier0,0,6.4,0,0.49,20000,0.7868,0.2132,0.5243,2.545,0.1893,1.51,1.1723,0.211,0.2033,7,0.5557,6,0.0983,0,0,0
g3scan,rq4graded,6.5,-1.0,eb1168,0.11675778353879479,tier0,0,6.4,0,0.5,20000,0.7868,0.2132,0.5435,2.419,0.19,1.49,1.1624,0.2055,0.1977,7,0.558,6,0.0946,1,0,0
g3scan,rq4graded,6.5,-1.0,eb1168,0.11675778353879479,tier0,0,6.4,0,0.51,20000,0.7868,0.2132,0.5612,2.298,0.1951,1.564,1.1484,0.1992,0.1917,7,0.5721,6,0.0912,1,0,0
g3scan,rq4graded,6.5,-1.0,eb1168,0.11675778353879479,tier0,0,6.4,0,0.52,20000,0.7868,0.2132,0.5781,2.185,0.1951,1.529,1.1374,0.1933,0.1861,7,0.4624,5,0.0883,1,0,0
g3scan,rq4graded,6.5,-1.0,eb1168,0.11675778353879479,tier0,0,9.6,1,0.17,20000,0.7868,0.2132,0.0,10.631,0.0,nan,5.9117,1.9003,1.8677,3,0.9055,8,nan,0,0,0
g3scan,rq4graded,6.5,-1.0,eb1168,0.11675778353879479,tier0,0,9.6,1,0.18,20000,0.7868,0.2132,0.0,10.029,0.0,nan,5.3502,1.5514,1.5147,4,0.7733,7,nan,0,0,0
g3scan,rq4graded,6.5,-1.0,eb1168,0.11675778353879479,tier0,0,9.6,1,0.19,20000,0.7868,0.2132,0.0,9.432,0.0,nan,4.7932,1.2796,1.2474,5,0.7297,7,nan,0,0,0
g3scan,rq4graded,6.5,-1.0,eb1168,0.11675778353879479,tier0,0,9.6,1,0.2,20000,0.7868,0.2132,0.0,8.828,0.0,nan,4.2481,1.0468,1.0254,6,0.7173,7,nan,0,0,0
g3scan,rq4graded,6.5,-1.0,eb1168,0.11675778353879479,tier0,0,9.6,1,0.21,20000,0.7868,0.2132,0.0,8.223,0.0,0.0,3.6967,0.8225,0.8136,6,0.6934,7,nan,0,0,0
g3scan,rq4graded,6.5,-1.0,eb1168,0.11675778353879479,tier0,0,9.6,1,0.22,20000,0.7868,0.2132,0.0,7.63,0.0,0.0,3.1822,0.6896,0.6855,7,0.5807,6,nan,0,0,0
g3scan,rq4graded,6.5,-1.0,eb1168,0.11675778353879479,tier0,0,9.6,1,0.23,20000,0.7868,0.2132,0.0,7.047,0.0004,0.013,2.6807,0.5724,0.5714,7,0.5817,6,nan,0,1,0
g3scan,rq4graded,6.5,-1.0,eb1168,0.11675778353879479,tier0,0,9.6,1,0.24,20000,0.7868,0.2132,0.0,6.48,0.0068,0.084,2.2057,0.4853,0.4853,7,0.5899,6,0.5265,0,1,0
g3scan,rq4graded,6.5,-1.0,eb1168,0.11675778353879479,tier0,0,9.6,1,0.25,20000,0.7868,0.2132,0.0001,5.935,0.0347,0.274,1.7824,0.421,0.4206,7,0.4798,5,0.4266,0,1,0
g3scan,rq4graded,6.5,-1.0,eb1168,0.11675778353879479,tier0,0,9.6,1,0.26,20000,0.7868,0.2132,0.0013,5.416,0.0904,0.612,1.4103,0.3719,0.3707,7,0.4879,5,0.3476,0,1,0
g3scan,rq4graded,6.5,-1.0,eb1168,0.11675778353879479,tier0,0,9.6,1,0.27,20000,0.7868,0.2132,0.0131,4.926,0.1501,0.98,1.136,0.3331,0.3313,7,0.503,5,0.2873,0,1,0
g3scan,rq4graded,6.5,-1.0,eb1168,0.11675778353879479,tier0,0,9.6,1,0.28,20000,0.7868,0.2132,0.0471,4.464,0.194,1.266,0.9905,0.3023,0.3,7,0.5268,5,0.239,1,1,1
g3scan,rq4graded,6.5,-1.0,eb1168,0.11675778353879479,tier0,0,9.6,1,0.29,20000,0.7868,0.2132,0.1011,4.025,0.2235,1.475,0.9288,0.2759,0.2733,7,0.4104,4,0.2026,1,0,0
g3scan,rq4graded,6.5,-1.0,eb1168,0.11675778353879479,tier0,0,9.6,1,0.3,20000,0.7868,0.2132,0.1646,3.622,0.2376,1.527,0.9228,0.2549,0.252,7,0.4367,4,0.1763,1,0,0
g3scan,rq4graded,6.5,-1.0,eb1168,0.11675778353879479,tier0,0,9.6,1,0.31,20000,0.7868,0.2132,0.2283,3.256,0.2477,1.584,0.9479,0.2356,0.2326,7,0.4632,4,0.1563,1,0,0
g3scan,rq4graded,6.5,-1.0,eb1168,0.11675778353879479,tier0,0,9.6,1,0.32,20000,0.7868,0.2132,0.2911,2.924,0.2571,1.669,0.9782,0.2185,0.2156,7,0.4912,4,0.14,1,0,0
g3scan,rq4graded,6.5,-1.0,eb1168,0.11675778353879479,tier0,0,9.6,1,0.33,20000,0.7868,0.2132,0.3484,2.628,0.2624,1.7,1.0303,0.2029,0.2001,7,0.3943,3,0.1273,1,0,0
g3scan,rq4graded,6.5,-1.0,eb1168,0.11675778353879479,tier0,0,9.6,1,0.34,20000,0.7868,0.2132,0.4008,2.365,0.2672,1.689,1.0823,0.1898,0.187,7,0.4302,3,0.1168,1,0,0
g3scan,rq4graded,6.5,-1.0,eb1168,0.11675778353879479,tier0,0,9.6,1,0.35,20000,0.7868,0.2132,0.4502,2.126,0.2684,1.647,1.1478,0.1782,0.1754,7,0.4798,3,0.1076,1,0,0
g3scan,rq4graded,6.5,-1.0,eb1168,0.11675778353879479,tier0,0,9.6,1,0.36,20000,0.7868,0.2132,0.4949,1.913,0.2707,1.639,1.2142,0.1683,0.1654,7,0.502,3,0.0996,1,0,0
g3scan,rq4graded,6.5,-1.0,eb1168,0.11675778353879479,tier0,0,9.6,1,0.37,20000,0.7868,0.2132,0.5344,1.723,0.2765,1.67,1.2757,0.1596,0.1566,7,0.4063,2,0.0925,1,0,0
g3scan,rq4graded,6.5,-1.0,eb1168,0.11675778353879479,tier0,0,9.6,1,0.38,20000,0.7868,0.2132,0.5716,1.548,0.2818,1.685,1.3396,0.151,0.148,7,0.4543,2,0.0862,1,0,0
g3scan,rq4graded,6.5,-1.0,eb1168,0.11675778353879479,tier0,0,9.6,1,0.39,20000,0.7868,0.2132,0.6037,1.395,0.2872,1.704,1.4139,0.1434,0.1405,7,0.5035,2,0.0808,1,0,0
g3scan,rq4graded,6.5,-1.0,eb1168,0.11675778353879479,tier0,0,9.6,1,0.4,20000,0.7868,0.2132,0.6343,1.255,0.2916,1.733,1.4947,0.1383,0.1349,7,0.5185,2,0.076,1,0,0
g3scan,rq4graded,6.5,-1.0,eb1168,0.11675778353879479,tier0,0,9.6,1,0.41,20000,0.7868,0.2132,0.6622,1.128,0.2983,1.769,1.5748,0.1333,0.1294,7,0.4404,1,0.0722,1,0,0
g3scan,rq4graded,6.5,-1.0,eb1168,0.11675778353879479,tier0,0,9.6,1,0.42,20000,0.7868,0.2132,0.6887,1.013,0.3,1.717,1.6569,0.1304,0.1256,7,0.4944,1,0.068,1,0,0
g3scan,rq4graded,6.5,-1.0,eb1168,0.11675778353879479,tier0,0,9.6,1,0.43,20000,0.7868,0.2132,0.712,0.91,0.302,1.604,1.7458,0.1278,0.1222,7,0.5453,1,0.0642,0,0,0
g3scan,rq4graded,6.5,-1.0,eb1168,0.11675778353879479,tier0,0,9.6,1,0.44,20000,0.7868,0.2132,0.7335,0.817,0.3076,1.584,1.8301,0.1267,0.1197,7,0.5505,1,0.0611,0,0,0
g3scan,rq4graded,6.5,-1.0,eb1168,0.11675778353879479,tier0,0,9.6,1,0.45,20000,0.7868,0.2132,0.7538,0.732,0.3103,1.501,1.9143,0.1281,0.1186,7,nan,0,0.0578,0,0,0
g3scan,rq4graded,6.5,-1.0,eb1168,0.11675778353879479,tier0,0,9.6,1,0.46,20000,0.7868,0.2132,0.7723,0.655,0.323,1.55,2.0123,0.1285,0.1172,7,nan,0,0.0553,0,0,0
g3scan,rq4graded,6.5,-1.0,eb1168,0.11675778353879479,tier0,0,9.6,1,0.47,20000,0.7868,0.2132,0.7889,0.584,0.3408,1.647,2.1212,0.1296,0.1165,7,nan,0,0.0524,0,0,0
g3scan,rq4graded,6.5,-1.0,eb1168,0.11675778353879479,tier0,0,9.6,1,0.48,20000,0.7868,0.2132,0.8037,0.523,0.3554,1.69,2.2233,0.1353,0.1179,7,nan,0,0.0509,0,0,0
g3scan,rq4graded,6.5,-1.0,eb1168,0.11675778353879479,tier0,0,9.6,1,0.49,20000,0.7868,0.2132,0.8178,0.467,0.3725,1.745,2.3253,0.1409,0.1191,7,nan,0,0.049,0,0,0
g3scan,rq4graded,6.5,-1.0,eb1168,0.11675778353879479,tier0,0,9.6,1,0.5,20000,0.7868,0.2132,0.8314,0.417,0.385,1.752,2.4179,0.1498,0.121,7,nan,0,0.0471,0,0,0
g3scan,rq4graded,6.5,-1.0,eb1168,0.11675778353879479,tier0,0,9.6,1,0.51,20000,0.7868,0.2132,0.8456,0.369,0.3948,1.748,2.4961,0.1538,0.1232,7,nan,0,0.0448,0,0,0
g3scan,rq4graded,6.5,-1.0,eb1168,0.11675778353879479,tier0,0,9.6,1,0.52,20000,0.7868,0.2132,0.8591,0.327,0.4016,1.703,2.5691,0.122,0.1045,6,nan,0,0.0431,0,0,0
g3scan,rq4graded,6.5,-1.0,eb1168,0.11675778353879479,tier0,0,12.8,1,0.17,20000,0.7868,0.2132,0.0,9.073,0.0,nan,4.6597,1.377,1.3184,4,0.6699,6,nan,0,0,0
g3scan,rq4graded,6.5,-1.0,eb1168,0.11675778353879479,tier0,0,12.8,1,0.18,20000,0.7868,0.2132,0.0,8.378,0.0,nan,4.0674,1.1013,1.0514,5,0.5469,5,nan,0,0,0
g3scan,rq4graded,6.5,-1.0,eb1168,0.11675778353879479,tier0,0,12.8,1,0.19,20000,0.7868,0.2132,0.0,7.684,0.0,nan,3.4925,0.8812,0.8447,6,0.543,5,nan,0,0,0
g3scan,rq4graded,6.5,-1.0,eb1168,0.11675778353879479,tier0,0,12.8,1,0.2,20000,0.7868,0.2132,0.0,6.993,0.0,0.0,2.9607,0.6517,0.6376,6,0.5529,5,nan,0,1,0
g3scan,rq4graded,6.5,-1.0,eb1168,0.11675778353879479,tier0,0,12.8,1,0.21,20000,0.7868,0.2132,0.0,6.311,0.0,0.0,2.4612,0.5395,0.5306,7,0.4399,4,nan,0,1,0
g3scan,rq4graded,6.5,-1.0,eb1168,0.11675778353879479,tier0,0,12.8,1,0.22,20000,0.7868,0.2132,0.0,5.66,0.0008,0.011,2.022,0.4289,0.4263,7,0.4838,4,0.6324,0,1,0
g3scan,rq4graded,6.5,-1.0,eb1168,0.11675778353879479,tier0,0,12.8,1,0.23,20000,0.7868,0.2132,0.0,5.04,0.0231,0.14,1.6603,0.3534,0.3529,7,0.3801,3,0.4575,0,1,0
g3scan,rq4graded,6.5,-1.0,eb1168,0.11675778353879479,tier0,0,12.8,1,0.24,20000,0.7868,0.2132,0.0001,4.446,0.0998,0.501,1.3912,0.2992,0.2992,7,0.4255,3,0.3437,0,1,0
g3scan,rq4graded,6.5,-1.0,eb1168,0.11675778353879479,tier0,0,12.8,1,0.25,20000,0.7868,0.2132,0.0073,3.905,0.1984,1.02,1.2988,0.2585,0.2583,7,0.4754,3,0.2749,1,0,0
g3scan,rq4graded,6.5,-1.0,eb1168,0.11675778353879479,tier0,0,12.8,1,0.26,20000,0.7868,0.2132,0.0515,3.4,0.2688,1.437,1.3874,0.2264,0.226,7,0.376,2,0.2182,1,0,0
g3scan,rq4graded,6.5,-1.0,eb1168,0.11675778353879479,tier0,0,12.8,1,0.27,20000,0.7868,0.2132,0.1337,2.926,0.3031,1.64,1.5254,0.2016,0.2011,7,0.4509,2,0.1775,0,0,0
g3scan,rq4graded,6.5,-1.0,eb1168,0.11675778353879479,tier0,0,12.8,1,0.28,20000,0.7868,0.2132,0.2284,2.501,0.323,1.779,1.6476,0.1812,0.1805,7,0.5108,2,0.1486,0,0,0
g3scan,rq4graded,6.5,-1.0,eb1168,0.11675778353879479,tier0,0,12.8,1,0.29,20000,0.7868,0.2132,0.3193,2.129,0.3329,1.802,1.7604,0.1647,0.1638,7,0.4463,1,0.128,0,0,0
g3scan,rq4graded,6.5,-1.0,eb1168,0.11675778353879479,tier0,0,12.8,1,0.3,20000,0.7868,0.2132,0.4005,1.814,0.3401,1.8,1.8619,0.1525,0.1511,7,0.5511,1,0.1123,0,0,0
g3scan,rq4graded,6.5,-1.0,eb1168,0.11675778353879479,tier0,0,12.8,1,0.31,20000,0.7868,0.2132,0.4738,1.54,0.3465,1.797,1.9618,0.1451,0.1422,7,nan,0,0.0993,0,0,0
g3scan,rq4graded,6.5,-1.0,eb1168,0.11675778353879479,tier0,0,12.8,1,0.32,20000,0.7868,0.2132,0.536,1.309,0.3561,1.841,2.0676,0.1396,0.1351,7,nan,0,0.0889,0,0,0
g3scan,rq4graded,6.5,-1.0,eb1168,0.11675778353879479,tier0,0,12.8,1,0.33,20000,0.7868,0.2132,0.5904,1.111,0.3647,1.869,2.176,0.1392,0.131,7,nan,0,0.0802,0,0,0
g3scan,rq4graded,6.5,-1.0,eb1168,0.11675778353879479,tier0,0,12.8,1,0.34,20000,0.7868,0.2132,0.6392,0.94,0.3739,1.854,2.2829,0.1425,0.1292,7,nan,0,0.0728,0,0,0
g3scan,rq4graded,6.5,-1.0,eb1168,0.11675778353879479,tier0,0,12.8,1,0.35,20000,0.7868,0.2132,0.6822,0.794,0.3782,1.725,2.3887,0.149,0.1292,7,nan,0,0.0666,0,0,0
g3scan,rq4graded,6.5,-1.0,eb1168,0.11675778353879479,tier0,0,12.8,1,0.36,20000,0.7868,0.2132,0.7197,0.669,0.3884,1.669,2.5012,0.1554,0.1296,7,nan,0,0.0612,0,0,0
g3scan,rq4graded,6.5,-1.0,eb1168,0.11675778353879479,tier0,0,12.8,1,0.37,20000,0.7868,0.2132,0.7529,0.561,0.4095,1.747,2.6172,0.1248,0.1101,6,nan,0,0.056,0,0,0
g3scan,rq4graded,6.5,-1.0,eb1168,0.11675778353879479,tier0,0,12.8,1,0.38,20000,0.7868,0.2132,0.7821,0.469,0.4326,1.799,2.7351,0.1356,0.1129,6,nan,0,0.0521,0,0,0
g3scan,rq4graded,6.5,-1.0,eb1168,0.11675778353879479,tier0,0,12.8,1,0.39,20000,0.7868,0.2132,0.8068,0.393,0.4586,1.854,2.8521,0.1044,0.0934,5,nan,0,0.049,0,0,0
g3scan,rq4graded,6.5,-1.0,eb1168,0.11675778353879479,tier0,0,12.8,1,0.4,20000,0.7868,0.2132,0.8299,0.326,0.4853,1.894,2.9692,0.1149,0.098,5,nan,0,0.0456,0,0,0
g3scan,rq4graded,6.5,-1.0,eb1168,0.11675778353879479,tier0,0,12.8,1,0.41,20000,0.7868,0.2132,0.8534,0.268,0.5088,1.957,3.0588,0.1214,0.101,5,nan,0,0.0421,0,0,0
g3scan,rq4graded,6.5,-1.0,eb1168,0.11675778353879479,tier0,0,12.8,1,0.42,20000,0.7868,0.2132,0.8734,0.22,0.5375,2.068,3.1494,0.0973,0.0858,4,nan,0,0.0389,0,0,0
g3scan,rq4graded,6.5,-1.0,eb1168,0.11675778353879479,tier0,0,12.8,1,0.43,20000,0.7868,0.2132,0.8914,0.179,0.5708,2.121,3.2429,0.1068,0.0908,4,nan,0,0.0361,0,0,0
g3scan,rq4graded,6.5,-1.0,eb1168,0.11675778353879479,tier0,0,12.8,1,0.44,20000,0.7868,0.2132,0.9071,0.145,0.6073,2.25,3.3317,0.1139,0.0954,4,nan,0,0.0344,0,0,0
g3scan,rq4graded,6.5,-1.0,eb1168,0.11675778353879479,tier0,0,12.8,1,0.45,20000,0.7868,0.2132,0.9216,0.116,0.6398,2.371,3.4061,0.0893,0.0794,3,nan,0,0.033,0,0,0
g3scan,rq4graded,6.5,-1.0,eb1168,0.11675778353879479,tier0,0,12.8,1,0.46,20000,0.7868,0.2132,0.9348,0.092,0.6823,2.75,3.4754,0.1006,0.0868,3,nan,0,0.0321,0,0,0
g3scan,rq4graded,6.5,-1.0,eb1168,0.11675778353879479,tier0,0,12.8,1,0.47,20000,0.7868,0.2132,0.946,0.072,0.7376,3.573,3.5492,0.0706,0.0671,2,nan,0,0.0308,0,0,0
g3scan,rq4graded,6.5,-1.0,eb1168,0.11675778353879479,tier0,0,12.8,1,0.48,20000,0.7868,0.2132,0.9567,0.055,0.7821,4.498,3.6106,0.079,0.0733,2,nan,0,0.0303,0,0,0
g3scan,rq4graded,6.5,-1.0,eb1168,0.11675778353879479,tier0,0,12.8,1,0.49,20000,0.7868,0.2132,0.965,0.043,0.8314,6.55,3.6647,0.0877,0.0818,2,nan,0,0.0298,0,0,0
g3scan,rq4graded,6.5,-1.0,eb1168,0.11675778353879479,tier0,0,12.8,1,0.5,20000,0.7868,0.2132,0.9725,0.033,0.8512,7.687,3.6903,0.0948,0.0885,2,nan,0,0.0301,0,0,0
g3scan,rq4graded,6.5,-1.0,eb1168,0.11675778353879479,tier0,0,12.8,1,0.51,20000,0.7868,0.2132,0.9792,0.024,0.8672,8.606,3.7161,0.067,0.067,1,nan,0,0.0314,0,0,0
g3scan,rq4graded,6.5,-1.0,eb1168,0.11675778353879479,tier0,0,12.8,1,0.52,20000,0.7868,0.2132,0.9853,0.017,0.8747,9.205,3.7245,0.0759,0.0759,1,nan,0,0.0335,0,0,0
g3scan,rq4graded,6.5,-1.0,eb154,0.154,tier0,1,2.4,0,0.17,20000,0.6883,0.3117,0.0,18.483,0.0,nan,13.5945,nan,nan,0,6.5855,5,nan,0,0,0
g3scan,rq4graded,6.5,-1.0,eb154,0.154,tier0,1,2.4,0,0.18,20000,0.6883,0.3117,0.0,18.33,0.0,nan,13.4411,nan,nan,0,6.0344,5,nan,0,0,0
g3scan,rq4graded,6.5,-1.0,eb154,0.154,tier0,1,2.4,0,0.19,20000,0.6883,0.3117,0.0,18.174,0.0,nan,13.2852,nan,nan,0,5.8648,6,nan,0,0,0
g3scan,rq4graded,6.5,-1.0,eb154,0.154,tier0,1,2.4,0,0.2,20000,0.6883,0.3117,0.0,18.023,0.0,nan,13.1347,nan,nan,0,5.4508,6,nan,0,0,0
g3scan,rq4graded,6.5,-1.0,eb154,0.154,tier0,1,2.4,0,0.21,20000,0.6883,0.3117,0.0,17.872,0.0,nan,12.9832,nan,nan,0,5.0672,6,nan,0,0,0
g3scan,rq4graded,6.5,-1.0,eb154,0.154,tier0,1,2.4,0,0.22,20000,0.6883,0.3117,0.0,17.718,0.0,nan,12.8293,nan,nan,0,4.8984,7,nan,0,0,0
g3scan,rq4graded,6.5,-1.0,eb154,0.154,tier0,1,2.4,0,0.23,20000,0.6883,0.3117,0.0,17.567,0.0,nan,12.678,nan,nan,0,4.5812,7,nan,0,0,0
g3scan,rq4graded,6.5,-1.0,eb154,0.154,tier0,1,2.4,0,0.24,20000,0.6883,0.3117,0.0,17.416,0.0,nan,12.5273,nan,nan,0,4.418,8,nan,0,0,0
g3scan,rq4graded,6.5,-1.0,eb154,0.154,tier0,1,2.4,0,0.25,20000,0.6883,0.3117,0.0,17.265,0.0,nan,12.3763,nan,nan,0,4.1561,8,nan,0,0,0
g3scan,rq4graded,6.5,-1.0,eb154,0.154,tier0,1,2.4,0,0.26,20000,0.6883,0.3117,0.0,17.114,0.0,nan,12.2249,nan,nan,0,3.9346,8,nan,0,0,0
g3scan,rq4graded,6.5,-1.0,eb154,0.154,tier0,1,2.4,0,0.27,20000,0.6883,0.3117,0.0,16.961,0.0,nan,12.0723,nan,nan,0,3.7284,8,nan,0,0,0
g3scan,rq4graded,6.5,-1.0,eb154,0.154,tier0,1,2.4,0,0.28,20000,0.6883,0.3117,0.0,16.814,0.0,nan,11.9249,3.7097,3.7097,1,3.5489,8,nan,0,0,0
g3scan,rq4graded,6.5,-1.0,eb154,0.154,tier0,1,2.4,0,0.29,20000,0.6883,0.3117,0.0,16.662,0.0,nan,11.7735,3.4889,3.4889,1,3.3796,8,nan,0,0,0
g3scan,rq4graded,6.5,-1.0,eb154,0.154,tier0,1,2.4,0,0.3,20000,0.6883,0.3117,0.0,16.513,0.0,nan,11.6241,3.3021,3.3021,1,3.2318,8,nan,0,0,0
g3scan,rq4graded,6.5,-1.0,eb154,0.154,tier0,1,2.4,0,0.31,20000,0.6883,0.3117,0.0,16.364,0.0,nan,11.4758,3.0542,3.052,2,3.0974,8,nan,0,0,0
g3scan,rq4graded,6.5,-1.0,eb154,0.154,tier0,1,2.4,0,0.32,20000,0.6883,0.3117,0.0,16.216,0.0,nan,11.3274,2.8862,2.8838,2,2.9739,8,nan,0,0,0
g3scan,rq4graded,6.5,-1.0,eb154,0.154,tier0,1,2.4,0,0.33,20000,0.6883,0.3117,0.0,16.064,0.0,nan,11.1755,2.6603,2.6556,3,2.8618,8,nan,0,0,0
g3scan,rq4graded,6.5,-1.0,eb154,0.154,tier0,1,2.4,0,0.34,20000,0.6883,0.3117,0.0,15.917,0.0,nan,11.0281,2.532,2.5271,3,2.7664,8,nan,0,0,0
g3scan,rq4graded,6.5,-1.0,eb154,0.154,tier0,1,2.4,0,0.35,20000,0.6883,0.3117,0.0,15.765,0.0,nan,10.8764,2.3195,2.3103,4,2.6755,8,nan,0,0,0
g3scan,rq4graded,6.5,-1.0,eb154,0.154,tier0,1,2.4,0,0.36,20000,0.6883,0.3117,0.0,15.615,0.0,0.0,10.7262,2.2151,2.2063,4,2.5919,8,nan,0,0,0
g3scan,rq4graded,6.5,-1.0,eb154,0.154,tier0,1,2.4,0,0.37,20000,0.6883,0.3117,0.0,15.468,0.0,0.0,10.5794,2.105,2.0977,4,2.5182,8,nan,0,0,0
g3scan,rq4graded,6.5,-1.0,eb154,0.154,tier0,1,2.4,0,0.38,20000,0.6883,0.3117,0.0,15.32,0.0,0.0,10.4315,1.9255,1.9115,5,2.4489,8,nan,0,0,0
g3scan,rq4graded,6.5,-1.0,eb154,0.154,tier0,1,2.4,0,0.39,20000,0.6883,0.3117,0.0,15.174,0.0001,1.0,10.2851,1.8391,1.8261,5,2.3866,8,nan,0,0,0
g3scan,rq4graded,6.5,-1.0,eb154,0.154,tier0,1,2.4,0,0.4,20000,0.6883,0.3117,0.0,15.024,0.0001,1.0,10.1356,1.6666,1.6434,6,2.327,8,nan,0,0,0
g3scan,rq4graded,6.5,-1.0,eb154,0.154,tier0,1,2.4,0,0.41,20000,0.6883,0.3117,0.0,14.878,0.0001,0.364,9.9889,1.5971,1.5751,6,2.2703,8,nan,0,0,0
g3scan,rq4graded,6.5,-1.0,eb154,0.154,tier0,1,2.4,0,0.42,20000,0.6883,0.3117,0.0,14.73,0.0002,0.353,9.8412,1.5311,1.5103,6,2.2191,8,nan,0,0,0
g3scan,rq4graded,6.5,-1.0,eb154,0.154,tier0,1,2.4,0,0.43,20000,0.6883,0.3117,0.0001,14.579,0.0001,0.154,9.6918,1.3773,1.3394,7,2.1691,8,nan,0,0,0
g3scan,rq4graded,6.5,-1.0,eb154,0.154,tier0,1,2.4,0,0.44,20000,0.6883,0.3117,0.0001,14.437,0.0004,0.278,9.5495,1.3259,1.2893,7,2.1249,8,nan,0,0,0
g3scan,rq4graded,6.5,-1.0,eb154,0.154,tier0,1,2.4,0,0.45,20000,0.6883,0.3117,0.0001,14.293,0.0005,0.241,9.406,1.2752,1.2396,7,2.0835,8,nan,0,0,0
g3scan,rq4graded,6.5,-1.0,eb154,0.154,tier0,1,2.4,0,0.46,20000,0.6883,0.3117,0.0001,14.142,0.0009,0.276,9.2557,1.2276,1.1934,7,2.0417,8,0.5889,0,0,0
g3scan,rq4graded,6.5,-1.0,eb154,0.154,tier0,1,2.4,0,0.47,20000,0.6883,0.3117,0.0003,13.996,0.0012,0.288,9.1114,1.1866,1.1541,7,2.0035,8,0.5661,0,0,0
g3scan,rq4graded,6.5,-1.0,eb154,0.154,tier0,1,2.4,0,0.48,20000,0.6883,0.3117,0.0004,13.85,0.0019,0.331,8.9666,1.1443,1.112,7,1.968,8,0.5462,0,0,0
g3scan,rq4graded,6.5,-1.0,eb154,0.154,tier0,1,2.4,0,0.49,20000,0.6883,0.3117,0.0005,13.703,0.0026,0.385,8.8219,1.1043,1.0733,7,1.933,8,0.5262,0,0,0
g3scan,rq4graded,6.5,-1.0,eb154,0.154,tier0,1,2.4,0,0.5,20000,0.6883,0.3117,0.0007,13.563,0.0038,0.449,8.6842,1.0696,1.0385,7,1.9008,8,0.5111,0,0,0
g3scan,rq4graded,6.5,-1.0,eb154,0.154,tier0,1,2.4,0,0.51,20000,0.6883,0.3117,0.001,13.419,0.0049,0.515,8.5439,1.0379,1.0074,7,1.8687,8,0.4996,0,0,0
g3scan,rq4graded,6.5,-1.0,eb154,0.154,tier0,1,2.4,0,0.52,20000,0.6883,0.3117,0.0013,13.273,0.0068,0.585,8.4023,1.0046,0.9737,7,1.8389,8,0.4843,0,0,0
g3scan,rq4graded,6.5,-1.0,eb154,0.154,tier0,1,3.2,0,0.17,20000,0.6883,0.3117,0.0,16.957,0.0,nan,12.0679,nan,nan,0,4.5395,7,nan,0,0,0
g3scan,rq4graded,6.5,-1.0,eb154,0.154,tier0,1,3.2,0,0.18,20000,0.6883,0.3117,0.0,16.721,0.0,nan,11.8326,nan,nan,0,4.0906,7,nan,0,0,0
g3scan,rq4graded,6.5,-1.0,eb154,0.154,tier0,1,3.2,0,0.19,20000,0.6883,0.3117,0.0,16.487,0.0,nan,11.5979,nan,nan,0,3.9008,8,nan,0,0,0
g3scan,rq4graded,6.5,-1.0,eb154,0.154,tier0,1,3.2,0,0.2,20000,0.6883,0.3117,0.0,16.254,0.0,nan,11.3654,nan,nan,0,3.5569,8,nan,0,0,0
g3scan,rq4graded,6.5,-1.0,eb154,0.154,tier0,1,3.2,0,0.21,20000,0.6883,0.3117,0.0,16.02,0.0,nan,11.1309,nan,nan,0,3.2662,8,nan,0,0,0
g3scan,rq4graded,6.5,-1.0,eb154,0.154,tier0,1,3.2,0,0.22,20000,0.6883,0.3117,0.0,15.783,0.0,nan,10.8944,nan,nan,0,3.0114,8,nan,0,0,0
g3scan,rq4graded,6.5,-1.0,eb154,0.154,tier0,1,3.2,0,0.23,20000,0.6883,0.3117,0.0,15.551,0.0,nan,10.6619,3.5326,3.5326,1,2.7973,8,nan,0,0,0
g3scan,rq4graded,6.5,-1.0,eb154,0.154,tier0,1,3.2,0,0.24,20000,0.6883,0.3117,0.0,15.316,0.0,nan,10.4278,3.2203,3.2203,1,2.6121,8,nan,0,0,0
g3scan,rq4graded,6.5,-1.0,eb154,0.154,tier0,1,3.2,0,0.25,20000,0.6883,0.3117,0.0,15.08,0.0,nan,10.1918,2.9175,2.9168,2,2.4556,8,nan,0,0,0
g3scan,rq4graded,6.5,-1.0,eb154,0.154,tier0,1,3.2,0,0.26,20000,0.6883,0.3117,0.0,14.845,0.0,nan,9.9566,2.6384,2.6372,3,2.3202,8,nan,0,0,0
g3scan,rq4graded,6.5,-1.0,eb154,0.154,tier0,1,3.2,0,0.27,20000,0.6883,0.3117,0.0,14.612,0.0,nan,9.7232,2.4321,2.4311,3,2.2046,8,nan,0,0,0
g3scan,rq4graded,6.5,-1.0,eb154,0.154,tier0,1,3.2,0,0.28,20000,0.6883,0.3117,0.0,14.379,0.0,nan,9.4905,2.1906,2.1887,4,2.1034,8,nan,0,0,0
g3scan,rq4graded,6.5,-1.0,eb154,0.154,tier0,1,3.2,0,0.29,20000,0.6883,0.3117,0.0,14.146,0.0,nan,9.2575,2.0181,2.0165,4,2.0145,8,nan,0,0,0
g3scan,rq4graded,6.5,-1.0,eb154,0.154,tier0,1,3.2,0,0.3,20000,0.6883,0.3117,0.0,13.913,0.0,0.0,9.0246,1.8193,1.8152,5,1.9325,8,nan,0,0,0
g3scan,rq4graded,6.5,-1.0,eb154,0.154,tier0,1,3.2,0,0.31,20000,0.6883,0.3117,0.0,13.681,0.0,0.0,8.7925,1.6832,1.6795,5,1.86,8,nan,0,0,0
g3scan,rq4graded,6.5,-1.0,eb154,0.154,tier0,1,3.2,0,0.32,20000,0.6883,0.3117,0.0,13.45,0.0,0.167,8.5614,1.5147,1.5062,6,1.7938,8,nan,0,0,0
g3scan,rq4graded,6.5,-1.0,eb154,0.154,tier0,1,3.2,0,0.33,20000,0.6883,0.3117,0.0,13.215,0.0001,0.364,8.3265,1.4084,1.3999,6,1.7338,8,nan,0,0,0
g3scan,rq4graded,6.5,-1.0,eb154,0.154,tier0,1,3.2,0,0.34,20000,0.6883,0.3117,0.0,12.986,0.0001,0.167,8.0969,1.2556,1.2368,7,1.6799,8,nan,0,0,0
g3scan,rq4graded,6.5,-1.0,eb154,0.154,tier0,1,3.2,0,0.35,20000,0.6883,0.3117,0.0,12.752,0.0003,0.154,7.863,1.1764,1.1581,7,1.6293,8,nan,0,0,0
g3scan,rq4graded,6.5,-1.0,eb154,0.154,tier0,1,3.2,0,0.36,20000,0.6883,0.3117,0.0001,12.52,0.0005,0.155,7.633,1.1072,1.0896,7,1.5835,8,nan,0,0,0
g3scan,rq4graded,6.5,-1.0,eb154,0.154,tier0,1,3.2,0,0.37,20000,0.6883,0.3117,0.0001,12.292,0.0011,0.172,7.4068,1.0463,1.0288,7,1.5404,8,0.5804,0,0,0
g3scan,rq4graded,6.5,-1.0,eb154,0.154,tier0,1,3.2,0,0.38,20000,0.6883,0.3117,0.0002,12.059,0.002,0.227,7.1756,0.9907,0.9735,7,1.4979,8,0.5505,0,0,0
g3scan,rq4graded,6.5,-1.0,eb154,0.154,tier0,1,3.2,0,0.39,20000,0.6883,0.3117,0.0004,11.836,0.0041,0.341,6.9553,0.9415,0.9238,7,1.4598,8,0.5186,0,0,0
g3scan,rq4graded,6.5,-1.0,eb154,0.154,tier0,1,3.2,0,0.4,20000,0.6883,0.3117,0.0007,11.607,0.0069,0.448,6.7309,0.8954,0.8772,7,1.4242,8,0.4933,0,0,0
g3scan,rq4graded,6.5,-1.0,eb154,0.154,tier0,1,3.2,0,0.41,20000,0.6883,0.3117,0.0012,11.385,0.0097,0.496,6.5154,0.8545,0.8357,7,1.3911,8,0.4732,0,0,0
g3scan,rq4graded,6.5,-1.0,eb154,0.154,tier0,1,3.2,0,0.42,20000,0.6883,0.3117,0.0022,11.162,0.0131,0.544,6.3046,0.8186,0.7989,7,1.3587,8,0.4526,0,0,0
g3scan,rq4graded,6.5,-1.0,eb154,0.154,tier0,1,3.2,0,0.43,20000,0.6883,0.3117,0.0039,10.941,0.0181,0.641,6.1024,0.7846,0.7638,7,1.328,8,0.4283,0,0,0
g3scan,rq4graded,6.5,-1.0,eb154,0.154,tier0,1,3.2,0,0.44,20000,0.6883,0.3117,0.006,10.724,0.0223,0.661,5.9067,0.7548,0.7334,7,1.2992,8,0.408,0,0,0
g3scan,rq4graded,6.5,-1.0,eb154,0.154,tier0,1,3.2,0,0.45,20000,0.6883,0.3117,0.0094,10.51,0.0271,0.73,5.729,0.7278,0.706,7,1.2726,8,0.3842,0,0,0
g3scan,rq4graded,6.5,-1.0,eb154,0.154,tier0,1,3.2,0,0.46,20000,0.6883,0.3117,0.0134,10.299,0.0325,0.772,5.5573,0.7029,0.6805,7,1.2475,8,0.363,0,0,0
g3scan,rq4graded,6.5,-1.0,eb154,0.154,tier0,1,3.2,0,0.47,20000,0.6883,0.3117,0.0182,10.092,0.0385,0.864,5.3979,0.6803,0.6575,7,1.2234,8,0.3436,0,0,0
g3scan,rq4graded,6.5,-1.0,eb154,0.154,tier0,1,3.2,0,0.48,20000,0.6883,0.3117,0.0233,9.884,0.0441,0.921,5.2391,0.6592,0.6362,7,1.1996,8,0.3273,0,0,0
g3scan,rq4graded,6.5,-1.0,eb154,0.154,tier0,1,3.2,0,0.49,20000,0.6883,0.3117,0.0298,9.687,0.0494,0.978,5.1041,0.6399,0.6169,7,1.1786,8,0.3116,0,0,0
g3scan,rq4graded,6.5,-1.0,eb154,0.154,tier0,1,3.2,0,0.5,20000,0.6883,0.3117,0.0369,9.49,0.0559,1.1,4.9727,0.6221,0.5989,7,1.1582,8,0.2975,0,0,0
g3scan,rq4graded,6.5,-1.0,eb154,0.154,tier0,1,3.2,0,0.51,20000,0.6883,0.3117,0.0453,9.298,0.0598,1.117,4.859,0.6058,0.5824,7,1.1385,8,0.2852,0,0,0
g3scan,rq4graded,6.5,-1.0,eb154,0.154,tier0,1,3.2,0,0.52,20000,0.6883,0.3117,0.0548,9.109,0.0633,1.139,4.7571,0.5901,0.5666,7,1.1186,8,0.2742,0,0,0
g3scan,rq4graded,6.5,-1.0,eb154,0.154,tier0,1,4.8,0,0.17,20000,0.6883,0.3117,0.0,14.474,0.0,nan,9.5942,nan,nan,0,2.4008,8,nan,0,0,0
g3scan,rq4graded,6.5,-1.0,eb154,0.154,tier0,1,4.8,0,0.18,20000,0.6883,0.3117,0.0,14.1,0.0,nan,9.2208,3.7268,3.7268,1,2.1116,8,nan,0,0,0
g3scan,rq4graded,6.5,-1.0,eb154,0.154,tier0,1,4.8,0,0.19,20000,0.6883,0.3117,0.0,13.722,0.0,nan,8.8499,3.1294,3.1294,1,1.8883,8,nan,0,0,0
g3scan,rq4graded,6.5,-1.0,eb154,0.154,tier0,1,4.8,0,0.2,20000,0.6883,0.3117,0.0,13.346,0.0,nan,8.4801,2.7423,2.7422,2,1.7156,8,nan,0,0,0
g3scan,rq4graded,6.5,-1.0,eb154,0.154,tier0,1,4.8,0,0.21,20000,0.6883,0.3117,0.0,12.968,0.0,nan,8.1051,2.3931,2.3912,3,1.5755,8,nan,0,0,0
g3scan,rq4graded,6.5,-1.0,eb154,0.154,tier0,1,4.8,0,0.22,20000,0.6883,0.3117,0.0,12.593,0.0,nan,7.7321,2.0518,2.0495,3,1.4624,8,nan,0,0,0
g3scan,rq4graded,6.5,-1.0,eb154,0.154,tier0,1,4.8,0,0.23,20000,0.6883,0.3117,0.0,12.212,0.0,nan,7.3514,1.7977,1.7955,4,1.3646,8,nan,0,0,0
g3scan,rq4graded,6.5,-1.0,eb154,0.154,tier0,1,4.8,0,0.24,20000,0.6883,0.3117,0.0,11.841,0.0,nan,6.9813,1.5782,1.5768,5,1.2851,8,nan,0,0,0
g3scan,rq4graded,6.5,-1.0,eb154,0.154,tier0,1,4.8,0,0.25,20000,0.6883,0.3117,0.0,11.463,0.0,0.0,6.6148,1.3881,1.3874,5,1.216,8,nan,0,0,0
g3scan,rq4graded,6.5,-1.0,eb154,0.154,tier0,1,4.8,0,0.26,20000,0.6883,0.3117,0.0,11.089,0.0,0.0,6.2475,1.2156,1.2151,6,1.1569,8,nan,0,0,0
g3scan,rq4graded,6.5,-1.0,eb154,0.154,tier0,1,4.8,0,0.27,20000,0.6883,0.3117,0.0,10.712,0.0001,0.125,5.8766,1.0547,1.0513,7,1.1058,8,nan,0,0,0
g3scan,rq4graded,6.5,-1.0,eb154,0.154,tier0,1,4.8,0,0.28,20000,0.6883,0.3117,0.0,10.337,0.0002,0.069,5.5056,0.9499,0.9463,7,1.0628,8,nan,0,0,0
g3scan,rq4graded,6.5,-1.0,eb154,0.154,tier0,1,4.8,0,0.29,20000,0.6883,0.3117,0.0,9.965,0.0008,0.09,5.1357,0.8622,0.858,7,1.0257,8,0.6186,0,0,0
g3scan,rq4graded,6.5,-1.0,eb154,0.154,tier0,1,4.8,0,0.3,20000,0.6883,0.3117,0.0001,9.596,0.0024,0.134,4.7764,0.7885,0.7834,7,0.9957,8,0.5494,0,0,0
g3scan,rq4graded,6.5,-1.0,eb154,0.154,tier0,1,4.8,0,0.31,20000,0.6883,0.3117,0.0002,9.233,0.0074,0.261,4.4264,0.7264,0.7198,7,0.9712,8,0.4992,0,0,0
g3scan,rq4graded,6.5,-1.0,eb154,0.154,tier0,1,4.8,0,0.32,20000,0.6883,0.3117,0.0007,8.877,0.0146,0.345,4.0833,0.6727,0.6647,7,0.9487,8,0.4619,0,0,0
g3scan,rq4graded,6.5,-1.0,eb154,0.154,tier0,1,4.8,0,0.33,20000,0.6883,0.3117,0.0019,8.525,0.0262,0.477,3.7486,0.6279,0.6185,7,0.9277,8,0.4217,0,0,0
g3scan,rq4graded,6.5,-1.0,eb154,0.154,tier0,1,4.8,0,0.34,20000,0.6883,0.3117,0.0052,8.18,0.0403,0.62,3.4359,0.5893,0.5788,7,0.9132,8,0.3803,0,0,0
g3scan,rq4graded,6.5,-1.0,eb154,0.154,tier0,1,4.8,0,0.35,20000,0.6883,0.3117,0.0115,7.847,0.0556,0.764,3.1692,0.5564,0.545,7,0.9009,8,0.3439,0,0,0
g3scan,rq4graded,6.5,-1.0,eb154,0.154,tier0,1,4.8,0,0.36,20000,0.6883,0.3117,0.021,7.518,0.072,0.921,2.927,0.5272,0.5152,7,0.8937,8,0.3113,0,0,0
g3scan,rq4graded,6.5,-1.0,eb154,0.154,tier0,1,4.8,0,0.37,20000,0.6883,0.3117,0.0337,7.201,0.0863,1.009,2.7094,0.501,0.4884,7,0.8905,8,0.2865,0,0,0
g3scan,rq4graded,6.5,-1.0,eb154,0.154,tier0,1,4.8,0,0.38,20000,0.6883,0.3117,0.0507,6.895,0.0979,1.092,2.5304,0.4786,0.4656,7,0.8812,8,0.2649,0,1,0
g3scan,rq4graded,6.5,-1.0,eb154,0.154,tier0,1,4.8,0,0.39,20000,0.6883,0.3117,0.0699,6.601,0.1087,1.187,2.3811,0.4579,0.4447,7,0.8744,8,0.2464,0,1,0
g3scan,rq4graded,6.5,-1.0,eb154,0.154,tier0,1,4.8,0,0.4,20000,0.6883,0.3117,0.0935,6.316,0.1179,1.271,2.2702,0.4396,0.4262,7,0.8608,8,0.2294,0,1,0
g3scan,rq4graded,6.5,-1.0,eb154,0.154,tier0,1,4.8,0,0.41,20000,0.6883,0.3117,0.116,6.043,0.1257,1.324,2.156,0.4221,0.4088,7,0.854,8,0.2156,0,1,0
g3scan,rq4graded,6.5,-1.0,eb154,0.154,tier0,1,4.8,0,0.42,20000,0.6883,0.3117,0.1397,5.782,0.1318,1.344,2.0548,0.4066,0.3932,7,0.858,8,0.2034,0,1,0
g3scan,rq4graded,6.5,-1.0,eb154,0.154,tier0,1,4.8,0,0.43,20000,0.6883,0.3117,0.1652,5.533,0.1359,1.363,1.9789,0.392,0.3787,7,0.7653,7,0.1927,0,1,0
g3scan,rq4graded,6.5,-1.0,eb154,0.154,tier0,1,4.8,0,0.44,20000,0.6883,0.3117,0.1906,5.295,0.1413,1.414,1.9145,0.3786,0.3654,7,0.7642,7,0.183,0,1,0
g3scan,rq4graded,6.5,-1.0,eb154,0.154,tier0,1,4.8,0,0.45,20000,0.6883,0.3117,0.2152,5.067,0.1445,1.417,1.8483,0.3659,0.3529,7,0.7726,7,0.1746,0,1,0
g3scan,rq4graded,6.5,-1.0,eb154,0.154,tier0,1,4.8,0,0.46,20000,0.6883,0.3117,0.2399,4.852,0.1485,1.467,1.7948,0.354,0.3413,7,0.7704,7,0.1669,0,1,0
g3scan,rq4graded,6.5,-1.0,eb154,0.154,tier0,1,4.8,0,0.47,20000,0.6883,0.3117,0.2622,4.651,0.1513,1.453,1.7354,0.343,0.3306,7,0.7698,7,0.1604,0,1,0
g3scan,rq4graded,6.5,-1.0,eb154,0.154,tier0,1,4.8,0,0.48,20000,0.6883,0.3117,0.2861,4.449,0.1536,1.455,1.6825,0.3327,0.3204,7,0.7687,7,0.1543,0,1,0
g3scan,rq4graded,6.5,-1.0,eb154,0.154,tier0,1,4.8,0,0.49,20000,0.6883,0.3117,0.3085,4.265,0.1554,1.455,1.6447,0.3232,0.3111,7,0.7642,7,0.1485,0,0,0
g3scan,rq4graded,6.5,-1.0,eb154,0.154,tier0,1,4.8,0,0.5,20000,0.6883,0.3117,0.3309,4.088,0.1568,1.439,1.6111,0.3146,0.3026,7,0.7717,7,0.1431,0,0,0
g3scan,rq4graded,6.5,-1.0,eb154,0.154,tier0,1,4.8,0,0.51,20000,0.6883,0.3117,0.3526,3.919,0.1584,1.425,1.5763,0.3061,0.2942,7,0.7724,7,0.138,0,0,0
g3scan,rq4graded,6.5,-1.0,eb154,0.154,tier0,1,4.8,0,0.52,20000,0.6883,0.3117,0.372,3.756,0.1615,1.445,1.5251,0.2981,0.2865,7,0.7862,7,0.1338,0,0,0
g3scan,rq4graded,6.5,-1.0,eb154,0.154,tier0,1,6.4,0,0.17,20000,0.6883,0.3117,0.0,12.636,0.0,nan,7.8095,2.9876,2.9876,1,1.4566,8,nan,0,0,0
g3scan,rq4graded,6.5,-1.0,eb154,0.154,tier0,1,6.4,0,0.18,20000,0.6883,0.3117,0.0,12.154,0.0,nan,7.3313,2.5071,2.503,2,1.3115,8,nan,0,0,0
g3scan,rq4graded,6.5,-1.0,eb154,0.154,tier0,1,6.4,0,0.19,20000,0.6883,0.3117,0.0,11.669,0.0,nan,6.8693,2.1135,2.1037,3,1.2083,8,nan,0,0,0
g3scan,rq4graded,6.5,-1.0,eb154,0.154,tier0,1,6.4,0,0.2,20000,0.6883,0.3117,0.0,11.185,0.0,nan,6.3993,1.7996,1.7872,4,1.1323,8,nan,0,0,0
g3scan,rq4graded,6.5,-1.0,eb154,0.154,tier0,1,6.4,0,0.21,20000,0.6883,0.3117,0.0,10.704,0.0,nan,5.9269,1.4776,1.4694,4,1.0787,8,nan,0,0,0
g3scan,rq4graded,6.5,-1.0,eb154,0.154,tier0,1,6.4,0,0.22,20000,0.6883,0.3117,0.0,10.216,0.0,nan,5.4717,1.2726,1.2667,5,1.0308,8,nan,0,0,0
g3scan,rq4graded,6.5,-1.0,eb154,0.154,tier0,1,6.4,0,0.23,20000,0.6883,0.3117,0.0,9.734,0.0,0.0,5.0103,1.09,1.0874,6,0.9882,8,nan,0,0,0
g3scan,rq4graded,6.5,-1.0,eb154,0.154,tier0,1,6.4,0,0.24,20000,0.6883,0.3117,0.0,9.249,0.0,0.0,4.5469,0.9312,0.9304,7,0.8861,7,nan,0,0,0
g3scan,rq4graded,6.5,-1.0,eb154,0.154,tier0,1,6.4,0,0.25,20000,0.6883,0.3117,0.0,8.772,0.0001,0.031,4.1062,0.8054,0.8051,7,0.8628,7,nan,0,0,0
g3scan,rq4graded,6.5,-1.0,eb154,0.154,tier0,1,6.4,0,0.26,20000,0.6883,0.3117,0.0,8.293,0.0009,0.05,3.6577,0.708,0.7075,7,0.8536,7,0.6135,0,0,0
g3scan,rq4graded,6.5,-1.0,eb154,0.154,tier0,1,6.4,0,0.27,20000,0.6883,0.3117,0.0,7.829,0.0048,0.124,3.2369,0.6307,0.6291,7,0.8373,7,0.5252,0,0,0
g3scan,rq4graded,6.5,-1.0,eb154,0.154,tier0,1,6.4,0,0.28,20000,0.6883,0.3117,0.0002,7.374,0.0164,0.256,2.8249,0.5681,0.5651,7,0.8204,7,0.4608,0,0,0
g3scan,rq4graded,6.5,-1.0,eb154,0.154,tier0,1,6.4,0,0.29,20000,0.6883,0.3117,0.0011,6.931,0.0368,0.423,2.4387,0.5177,0.5134,7,0.8213,7,0.4041,0,1,0
g3scan,rq4graded,6.5,-1.0,eb154,0.154,tier0,1,6.4,0,0.3,20000,0.6883,0.3117,0.0051,6.504,0.0658,0.651,2.0932,0.4759,0.4705,7,0.7226,6,0.3509,0,1,0
g3scan,rq4graded,6.5,-1.0,eb154,0.154,tier0,1,6.4,0,0.31,20000,0.6883,0.3117,0.0154,6.091,0.0966,0.868,1.8019,0.4409,0.4347,7,0.729,6,0.3062,0,1,0
g3scan,rq4graded,6.5,-1.0,eb154,0.154,tier0,1,6.4,0,0.32,20000,0.6883,0.3117,0.0343,5.694,0.1225,1.044,1.5723,0.4109,0.4043,7,0.7279,6,0.2707,0,1,0
g3scan,rq4graded,6.5,-1.0,eb154,0.154,tier0,1,6.4,0,0.33,20000,0.6883,0.3117,0.0624,5.312,0.1456,1.22,1.4142,0.3845,0.3776,7,0.7204,6,0.2409,0,1,0
g3scan,rq4graded,6.5,-1.0,eb154,0.154,tier0,1,6.4,0,0.34,20000,0.6883,0.3117,0.0968,4.949,0.1608,1.29,1.2945,0.3618,0.3546,7,0.7315,6,0.2179,0,1,0
g3scan,rq4graded,6.5,-1.0,eb154,0.154,tier0,1,6.4,0,0.35,20000,0.6883,0.3117,0.1341,4.61,0.1735,1.372,1.2113,0.3419,0.3346,7,0.6327,5,0.1987,0,1,0
g3scan,rq4graded,6.5,-1.0,eb154,0.154,tier0,1,6.4,0,0.36,20000,0.6883,0.3117,0.1736,4.291,0.1842,1.451,1.1505,0.3242,0.3168,7,0.6493,5,0.1828,0,0,0
g3scan,rq4graded,6.5,-1.0,eb154,0.154,tier0,1,6.4,0,0.37,20000,0.6883,0.3117,0.2142,3.993,0.19,1.461,1.1073,0.3079,0.3006,7,0.6558,5,0.1696,1,0,0
g3scan,rq4graded,6.5,-1.0,eb154,0.154,tier0,1,6.4,0,0.38,20000,0.6883,0.3117,0.2531,3.714,0.197,1.492,1.0794,0.2934,0.2861,7,0.6559,5,0.1583,1,0,0
g3scan,rq4graded,6.5,-1.0,eb154,0.154,tier0,1,6.4,0,0.39,20000,0.6883,0.3117,0.2909,3.457,0.2023,1.48,1.0554,0.2809,0.2734,7,0.6682,5,0.1487,1,0,0
g3scan,rq4graded,6.5,-1.0,eb154,0.154,tier0,1,6.4,0,0.4,20000,0.6883,0.3117,0.3278,3.215,0.2064,1.488,1.0364,0.2675,0.2604,7,0.5794,4,0.14,1,0,0
g3scan,rq4graded,6.5,-1.0,eb154,0.154,tier0,1,6.4,0,0.41,20000,0.6883,0.3117,0.3622,2.994,0.2121,1.517,1.0369,0.2559,0.2491,7,0.5908,4,0.1323,1,0,0
g3scan,rq4graded,6.5,-1.0,eb154,0.154,tier0,1,6.4,0,0.42,20000,0.6883,0.3117,0.3956,2.783,0.2178,1.575,1.0355,0.2449,0.2383,7,0.6071,4,0.1253,1,0,0
g3scan,rq4graded,6.5,-1.0,eb154,0.154,tier0,1,6.4,0,0.43,20000,0.6883,0.3117,0.4268,2.593,0.2215,1.569,1.0301,0.2348,0.2284,7,0.6217,4,0.1195,1,0,0
g3scan,rq4graded,6.5,-1.0,eb154,0.154,tier0,1,6.4,0,0.44,20000,0.6883,0.3117,0.4564,2.414,0.2272,1.613,1.038,0.2263,0.2199,7,0.6332,4,0.1139,1,0,0
g3scan,rq4graded,6.5,-1.0,eb154,0.154,tier0,1,6.4,0,0.45,20000,0.6883,0.3117,0.484,2.246,0.2305,1.629,1.0522,0.2175,0.2113,7,0.6637,4,0.1091,1,0,0
g3scan,rq4graded,6.5,-1.0,eb154,0.154,tier0,1,6.4,0,0.46,20000,0.6883,0.3117,0.5112,2.09,0.2325,1.597,1.0684,0.2107,0.2042,7,0.5766,3,0.1048,1,0,0
g3scan,rq4graded,6.5,-1.0,eb154,0.154,tier0,1,6.4,0,0.47,20000,0.6883,0.3117,0.538,1.945,0.2348,1.626,1.0968,0.2037,0.1973,7,0.597,3,0.1004,1,0,0
g3scan,rq4graded,6.5,-1.0,eb154,0.154,tier0,1,6.4,0,0.48,20000,0.6883,0.3117,0.5611,1.81,0.2371,1.554,1.1188,0.1969,0.1906,7,0.6155,3,0.0964,1,0,0
g3scan,rq4graded,6.5,-1.0,eb154,0.154,tier0,1,6.4,0,0.49,20000,0.6883,0.3117,0.5841,1.684,0.2381,1.52,1.1507,0.1912,0.1849,7,0.6339,3,0.0925,1,0,0
g3scan,rq4graded,6.5,-1.0,eb154,0.154,tier0,1,6.4,0,0.5,20000,0.6883,0.3117,0.6046,1.568,0.2422,1.529,1.1892,0.1857,0.1793,7,0.6524,3,0.0894,1,0,0
g3scan,rq4graded,6.5,-1.0,eb154,0.154,tier0,1,6.4,0,0.51,20000,0.6883,0.3117,0.6245,1.459,0.2465,1.504,1.2259,0.1801,0.1738,7,0.5797,2,0.0857,1,0,0
g3scan,rq4graded,6.5,-1.0,eb154,0.154,tier0,1,6.4,0,0.52,20000,0.6883,0.3117,0.6435,1.356,0.2545,1.557,1.266,0.1757,0.1692,7,0.5926,2,0.0826,1,0,0
g3scan,rq4graded,6.5,-1.0,eb154,0.154,tier0,1,9.6,1,0.17,20000,0.6883,0.3117,0.0,10.194,0.0,nan,5.6225,1.828,1.7967,3,0.8947,6,nan,0,0,0
g3scan,rq4graded,6.5,-1.0,eb154,0.154,tier0,1,9.6,1,0.18,20000,0.6883,0.3117,0.0,9.565,0.0,nan,5.0662,1.4962,1.4604,4,0.8455,6,nan,0,0,0
g3scan,rq4graded,6.5,-1.0,eb154,0.154,tier0,1,9.6,1,0.19,20000,0.6883,0.3117,0.0,8.941,0.0,nan,4.5256,1.2337,1.2018,5,0.8152,6,nan,0,0,0
g3scan,rq4graded,6.5,-1.0,eb154,0.154,tier0,1,9.6,1,0.2,20000,0.6883,0.3117,0.0,8.311,0.0,nan,3.977,1.0066,0.9854,6,0.6956,5,nan,0,0,0
g3scan,rq4graded,6.5,-1.0,eb154,0.154,tier0,1,9.6,1,0.21,20000,0.6883,0.3117,0.0,7.682,0.0,0.0,3.4667,0.7896,0.7807,6,0.6966,5,nan,0,0,0
g3scan,rq4graded,6.5,-1.0,eb154,0.154,tier0,1,9.6,1,0.22,20000,0.6883,0.3117,0.0,7.061,0.0,0.0,2.9772,0.6605,0.6562,7,0.6923,5,nan,0,1,0
g3scan,rq4graded,6.5,-1.0,eb154,0.154,tier0,1,9.6,1,0.23,20000,0.6883,0.3117,0.0,6.455,0.0004,0.012,2.5158,0.546,0.5448,7,0.5894,4,nan,0,1,0
g3scan,rq4graded,6.5,-1.0,eb154,0.154,tier0,1,9.6,1,0.24,20000,0.6883,0.3117,0.0,5.865,0.0073,0.082,2.095,0.4613,0.4613,7,0.6066,4,0.5071,0,1,0
g3scan,rq4graded,6.5,-1.0,eb154,0.154,tier0,1,9.6,1,0.25,20000,0.6883,0.3117,0.0001,5.304,0.0373,0.267,1.7335,0.3986,0.3984,7,0.6255,4,0.4094,0,1,0
g3scan,rq4graded,6.5,-1.0,eb154,0.154,tier0,1,9.6,1,0.26,20000,0.6883,0.3117,0.0013,4.765,0.0989,0.603,1.4438,0.3509,0.3502,7,0.5542,3,0.3328,0,1,0
g3scan,rq4graded,6.5,-1.0,eb154,0.154,tier0,1,9.6,1,0.27,20000,0.6883,0.3117,0.0143,4.262,0.1645,0.949,1.2727,0.3123,0.3112,7,0.5829,3,0.276,0,0,0
g3scan,rq4graded,6.5,-1.0,eb154,0.154,tier0,1,9.6,1,0.28,20000,0.6883,0.3117,0.0508,3.786,0.2172,1.266,1.2429,0.2806,0.2792,7,0.6177,3,0.2302,1,0,0
g3scan,rq4graded,6.5,-1.0,eb154,0.154,tier0,1,9.6,1,0.29,20000,0.6883,0.3117,0.1106,3.342,0.2514,1.468,1.3089,0.2558,0.2541,7,0.5689,2,0.1954,1,0,0
g3scan,rq4graded,6.5,-1.0,eb154,0.154,tier0,1,9.6,1,0.3,20000,0.6883,0.3117,0.1807,2.932,0.2723,1.545,1.394,0.2343,0.2323,7,0.5896,2,0.1697,1,0,0
g3scan,rq4graded,6.5,-1.0,eb154,0.154,tier0,1,9.6,1,0.31,20000,0.6883,0.3117,0.2531,2.566,0.2866,1.591,1.5003,0.2163,0.2141,7,0.6355,2,0.1498,1,0,0
g3scan,rq4graded,6.5,-1.0,eb154,0.154,tier0,1,9.6,1,0.32,20000,0.6883,0.3117,0.3228,2.238,0.3007,1.663,1.6033,0.2022,0.1996,7,0.5868,1,0.1339,0,0,0
g3scan,rq4graded,6.5,-1.0,eb154,0.154,tier0,1,9.6,1,0.33,20000,0.6883,0.3117,0.3867,1.95,0.3138,1.738,1.7084,0.1931,0.1891,7,0.5749,1,0.1212,0,0,0
g3scan,rq4graded,6.5,-1.0,eb154,0.154,tier0,1,9.6,1,0.34,20000,0.6883,0.3117,0.4457,1.699,0.322,1.713,1.8244,0.1874,0.181,7,0.6166,1,0.1109,0,0,0
g3scan,rq4graded,6.5,-1.0,eb154,0.154,tier0,1,9.6,1,0.35,20000,0.6883,0.3117,0.5007,1.475,0.3298,1.709,1.9352,0.1851,0.1756,7,nan,0,0.1019,0,0,0
g3scan,rq4graded,6.5,-1.0,eb154,0.154,tier0,1,9.6,1,0.36,20000,0.6883,0.3117,0.5507,1.277,0.3371,1.663,2.046,0.1873,0.1726,7,nan,0,0.094,0,0,0
g3scan,rq4graded,6.5,-1.0,eb154,0.154,tier0,1,9.6,1,0.37,20000,0.6883,0.3117,0.5955,1.105,0.351,1.715,2.1578,0.1905,0.1709,7,nan,0,0.0868,0,0,0
g3scan,rq4graded,6.5,-1.0,eb154,0.154,tier0,1,9.6,1,0.38,20000,0.6883,0.3117,0.6354,0.954,0.3631,1.723,2.2732,0.1932,0.1696,7,nan,0,0.0801,0,0,0
g3scan,rq4graded,6.5,-1.0,eb154,0.154,tier0,1,9.6,1,0.39,20000,0.6883,0.3117,0.6713,0.823,0.3788,1.743,2.3848,0.1944,0.1683,7,nan,0,0.0751,0,0,0
g3scan,rq4graded,6.5,-1.0,eb154,0.154,tier0,1,9.6,1,0.4,20000,0.6883,0.3117,0.7045,0.707,0.3942,1.767,2.4969,0.2042,0.1713,7,nan,0,0.0704,0,0,0
g3scan,rq4graded,6.5,-1.0,eb154,0.154,tier0,1,9.6,1,0.41,20000,0.6883,0.3117,0.7364,0.604,0.4068,1.761,2.5979,0.1694,0.1474,6,nan,0,0.066,0,0,0
g3scan,rq4graded,6.5,-1.0,eb154,0.154,tier0,1,9.6,1,0.42,20000,0.6883,0.3117,0.7634,0.515,0.4296,1.857,2.7113,0.1728,0.1484,6,nan,0,0.0629,0,0,0
g3scan,rq4graded,6.5,-1.0,eb154,0.154,tier0,1,9.6,1,0.43,20000,0.6883,0.3117,0.7901,0.437,0.4436,1.845,2.8042,0.1824,0.1532,6,nan,0,0.059,0,0,0
g3scan,rq4graded,6.5,-1.0,eb154,0.154,tier0,1,9.6,1,0.44,20000,0.6883,0.3117,0.8128,0.371,0.4673,1.895,2.9049,0.1513,0.1318,5,nan,0,0.0554,0,0,0
g3scan,rq4graded,6.5,-1.0,eb154,0.154,tier0,1,9.6,1,0.45,20000,0.6883,0.3117,0.834,0.314,0.4835,1.829,2.9965,0.1563,0.1356,5,nan,0,0.0525,0,0,0
g3scan,rq4graded,6.5,-1.0,eb154,0.154,tier0,1,9.6,1,0.46,20000,0.6883,0.3117,0.8542,0.263,0.5071,1.819,3.0881,0.1314,0.1163,4,nan,0,0.0496,0,0,0
g3scan,rq4graded,6.5,-1.0,eb154,0.154,tier0,1,9.6,1,0.47,20000,0.6883,0.3117,0.8721,0.219,0.5348,1.879,3.1735,0.1358,0.1202,4,nan,0,0.0467,0,0,0
g3scan,rq4graded,6.5,-1.0,eb154,0.154,tier0,1,9.6,1,0.48,20000,0.6883,0.3117,0.8878,0.182,0.5693,1.974,3.264,0.1403,0.1246,4,nan,0,0.0454,0,0,0
g3scan,rq4graded,6.5,-1.0,eb154,0.154,tier0,1,9.6,1,0.49,20000,0.6883,0.3117,0.9027,0.15,0.6122,2.228,3.3448,0.117,0.1061,3,nan,0,0.0439,0,0,0
g3scan,rq4graded,6.5,-1.0,eb154,0.154,tier0,1,9.6,1,0.5,20000,0.6883,0.3117,0.9154,0.123,0.6655,2.724,3.4335,0.1203,0.1106,3,nan,0,0.0426,0,0,0
g3scan,rq4graded,6.5,-1.0,eb154,0.154,tier0,1,9.6,1,0.51,20000,0.6883,0.3117,0.9278,0.101,0.7011,3.048,3.4951,0.1235,0.1151,3,nan,0,0.041,0,0,0
g3scan,rq4graded,6.5,-1.0,eb154,0.154,tier0,1,9.6,1,0.52,20000,0.6883,0.3117,0.9393,0.081,0.7457,3.787,3.5541,0.1065,0.1013,2,nan,0,0.0402,0,0,0
g3scan,rq4graded,6.5,-1.0,eb154,0.154,tier0,1,12.8,1,0.17,20000,0.6883,0.3117,0.0,8.673,0.0,nan,4.5069,1.3235,1.2665,4,0.6316,4,nan,0,0,0
g3scan,rq4graded,6.5,-1.0,eb154,0.154,tier0,1,12.8,1,0.18,20000,0.6883,0.3117,0.0,7.956,0.0,nan,3.9504,1.0601,1.0102,5,0.6289,4,nan,0,0,0
g3scan,rq4graded,6.5,-1.0,eb154,0.154,tier0,1,12.8,1,0.19,20000,0.6883,0.3117,0.0,7.239,0.0,nan,3.4123,0.8459,0.809,6,0.5275,3,nan,0,0,0
g3scan,rq4graded,6.5,-1.0,eb154,0.154,tier0,1,12.8,1,0.2,20000,0.6883,0.3117,0.0,6.521,0.0,0.0,2.9076,0.6214,0.6067,6,0.5635,3,nan,0,1,0
g3scan,rq4graded,6.5,-1.0,eb154,0.154,tier0,1,12.8,1,0.21,20000,0.6883,0.3117,0.0,5.822,0.0,0.0,2.4556,0.514,0.5044,7,0.4758,2,nan,0,1,0
g3scan,rq4graded,6.5,-1.0,eb154,0.154,tier0,1,12.8,1,0.22,20000,0.6883,0.3117,0.0,5.148,0.0009,0.011,2.0785,0.405,0.4017,7,0.5552,2,0.6112,0,1,0
g3scan,rq4graded,6.5,-1.0,eb154,0.154,tier0,1,12.8,1,0.23,20000,0.6883,0.3117,0.0,4.511,0.0247,0.136,1.8151,0.3313,0.3304,7,0.5926,2,0.4399,0,1,0
g3scan,rq4graded,6.5,-1.0,eb154,0.154,tier0,1,12.8,1,0.24,20000,0.6883,0.3117,0.0001,3.907,0.1092,0.491,1.6737,0.279,0.2789,7,0.5911,1,0.3291,0,0,0
g3scan,rq4graded,6.5,-1.0,eb154,0.154,tier0,1,12.8,1,0.25,20000,0.6883,0.3117,0.0078,3.361,0.2189,1.003,1.7149,0.2431,0.2429,7,0.5753,1,0.264,1,0,0
g3scan,rq4graded,6.5,-1.0,eb154,0.154,tier0,1,12.8,1,0.26,20000,0.6883,0.3117,0.0554,2.849,0.3005,1.422,1.8921,0.2204,0.2187,7,nan,0,0.2103,0,0,0
g3scan,rq4graded,6.5,-1.0,eb154,0.154,tier0,1,12.8,1,0.27,20000,0.6883,0.3117,0.1469,2.378,0.3443,1.643,2.1016,0.2091,0.2035,7,nan,0,0.1707,0,0,0
g3scan,rq4graded,6.5,-1.0,eb154,0.154,tier0,1,12.8,1,0.28,20000,0.6883,0.3117,0.2532,1.955,0.3731,1.794,2.2703,0.2054,0.1935,7,nan,0,0.1423,0,0,0
g3scan,rq4graded,6.5,-1.0,eb154,0.154,tier0,1,12.8,1,0.29,20000,0.6883,0.3117,0.3555,1.599,0.3914,1.824,2.4082,0.2049,0.187,7,nan,0,0.1218,0,0,0
g3scan,rq4graded,6.5,-1.0,eb154,0.154,tier0,1,12.8,1,0.3,20000,0.6883,0.3117,0.4449,1.301,0.4093,1.834,2.5453,0.1707,0.1591,6,nan,0,0.1065,0,0,0
g3scan,rq4graded,6.5,-1.0,eb154,0.154,tier0,1,12.8,1,0.31,20000,0.6883,0.3117,0.5273,1.049,0.4267,1.847,2.6691,0.1745,0.1572,6,nan,0,0.0938,0,0,0
g3scan,rq4graded,6.5,-1.0,eb154,0.154,tier0,1,12.8,1,0.32,20000,0.6883,0.3117,0.5972,0.842,0.449,1.873,2.799,0.1797,0.157,6,nan,0,0.083,0,0,0
g3scan,rq4graded,6.5,-1.0,eb154,0.154,tier0,1,12.8,1,0.33,20000,0.6883,0.3117,0.6575,0.673,0.4729,1.909,2.9229,0.151,0.1348,5,nan,0,0.0744,0,0,0
g3scan,rq4graded,6.5,-1.0,eb154,0.154,tier0,1,12.8,1,0.34,20000,0.6883,0.3117,0.7091,0.535,0.5066,2.023,3.0497,0.1579,0.1379,5,nan,0,0.0674,0,0,0
g3scan,rq4graded,6.5,-1.0,eb154,0.154,tier0,1,12.8,1,0.35,20000,0.6883,0.3117,0.7564,0.421,0.535,2.04,3.1598,0.1317,0.1177,4,nan,0,0.0613,0,0,0
g3scan,rq4graded,6.5,-1.0,eb154,0.154,tier0,1,12.8,1,0.36,20000,0.6883,0.3117,0.798,0.328,0.5671,2.027,3.2653,0.136,0.1212,4,nan,0,0.0554,0,0,0
g3scan,rq4graded,6.5,-1.0,eb154,0.154,tier0,1,12.8,1,0.37,20000,0.6883,0.3117,0.8331,0.254,0.6077,2.126,3.368,0.1153,0.1044,3,nan,0,0.0511,0,0,0
g3scan,rq4graded,6.5,-1.0,eb154,0.154,tier0,1,12.8,1,0.38,20000,0.6883,0.3117,0.8651,0.192,0.6584,2.415,3.4652,0.1182,0.1077,3,nan,0,0.0467,0,0,0
g3scan,rq4graded,6.5,-1.0,eb154,0.154,tier0,1,12.8,1,0.39,20000,0.6883,0.3117,0.891,0.144,0.732,3.249,3.57,0.0978,0.0921,2,nan,0,0.0439,0,0,0
g3scan,rq4graded,6.5,-1.0,eb154,0.154,tier0,1,12.8,1,0.4,20000,0.6883,0.3117,0.9138,0.106,0.7968,4.511,3.6525,0.1068,0.1014,2,nan,0,0.0423,0,0,0
g3scan,rq4graded,6.5,-1.0,eb154,0.154,tier0,1,12.8,1,0.41,20000,0.6883,0.3117,0.9339,0.077,0.8539,6.732,3.72,0.1092,0.1054,2,nan,0,0.0419,0,0,0
g3scan,rq4graded,6.5,-1.0,eb154,0.154,tier0,1,12.8,1,0.42,20000,0.6883,0.3117,0.9517,0.054,0.8978,10.127,3.7707,0.0885,0.0885,1,nan,0,0.0423,0,0,0
g3scan,rq4graded,6.5,-1.0,eb154,0.154,tier0,1,12.8,1,0.43,20000,0.6883,0.3117,0.9671,0.036,0.915,12.953,3.7871,0.0951,0.0951,1,nan,0,0.0444,0,0,0
g3scan,rq4graded,6.5,-1.0,eb154,0.154,tier0,1,12.8,1,0.44,20000,0.6883,0.3117,0.9788,0.023,0.9314,15.971,3.808,0.0936,0.0936,1,nan,0,0.0491,0,0,0
g3scan,rq4graded,6.5,-1.0,eb154,0.154,tier0,1,12.8,1,0.45,20000,0.6883,0.3117,0.9875,0.014,0.9215,13.208,3.8014,0.0995,0.0995,1,nan,0,0.0537,0,0,0
g3scan,rq4graded,6.5,-1.0,eb154,0.154,tier0,1,12.8,1,0.46,20000,0.6883,0.3117,0.9928,0.008,0.9296,15.417,3.8082,nan,nan,0,nan,0,0.059,0,0,0
g3scan,rq4graded,6.5,-1.0,eb154,0.154,tier0,1,12.8,1,0.47,20000,0.6883,0.3117,0.9961,0.004,0.9167,12.375,3.796,nan,nan,0,nan,0,0.0635,0,0,0
g3scan,rq4graded,6.5,-1.0,eb154,0.154,tier0,1,12.8,1,0.48,20000,0.6883,0.3117,0.9978,0.002,0.9344,14.25,3.8231,nan,nan,0,nan,0,0.0669,0,0,0
g3scan,rq4graded,6.5,-1.0,eb154,0.154,tier0,1,12.8,1,0.49,20000,0.6883,0.3117,0.9987,0.001,0.9429,16.5,3.8315,nan,nan,0,nan,0,0.0642,0,0,0
g3scan,rq4graded,6.5,-1.0,eb154,0.154,tier0,1,12.8,1,0.5,20000,0.6883,0.3117,0.9992,0.001,0.913,10.5,3.8017,nan,nan,0,nan,0,0.0678,0,0,0
g3scan,rq4graded,6.5,-1.0,eb154,0.154,tier0,1,12.8,1,0.51,20000,0.6883,0.3117,0.9995,0.001,0.9286,13.0,3.8172,nan,nan,0,nan,0,nan,0,0,0
g3scan,rq4graded,6.5,-1.0,eb154,0.154,tier0,1,12.8,1,0.52,20000,0.6883,0.3117,0.9997,0.0,1.0,nan,3.8886,nan,nan,0,nan,0,nan,0,0,0
g3scan,rq4graded,7.25,-1.0,eb0482,0.0482,tier0,1,2.4,0,0.17,20000,0.9599,0.0401,0.0,19.953,0.0,nan,15.0641,nan,nan,0,4.6864,4,nan,0,0,0
g3scan,rq4graded,7.25,-1.0,eb0482,0.0482,tier0,1,2.4,0,0.18,20000,0.9599,0.0401,0.0,19.882,0.0,nan,14.9935,nan,nan,0,4.4246,4,nan,0,0,0
g3scan,rq4graded,7.25,-1.0,eb0482,0.0482,tier0,1,2.4,0,0.19,20000,0.9599,0.0401,0.0,19.814,0.0,nan,14.9251,nan,nan,0,4.229,4,nan,0,0,0
g3scan,rq4graded,7.25,-1.0,eb0482,0.0482,tier0,1,2.4,0,0.2,20000,0.9599,0.0401,0.0,19.745,0.0,nan,14.8563,nan,nan,0,4.1046,5,nan,0,0,0
g3scan,rq4graded,7.25,-1.0,eb0482,0.0482,tier0,1,2.4,0,0.21,20000,0.9599,0.0401,0.0,19.674,0.0,nan,14.7858,nan,nan,0,3.9195,5,nan,0,0,0
g3scan,rq4graded,7.25,-1.0,eb0482,0.0482,tier0,1,2.4,0,0.22,20000,0.9599,0.0401,0.0,19.605,0.0,nan,14.716,nan,nan,0,3.7737,5,nan,0,0,0
g3scan,rq4graded,7.25,-1.0,eb0482,0.0482,tier0,1,2.4,0,0.23,20000,0.9599,0.0401,0.0,19.534,0.0,nan,14.6458,nan,nan,0,3.6492,6,nan,0,0,0
g3scan,rq4graded,7.25,-1.0,eb0482,0.0482,tier0,1,2.4,0,0.24,20000,0.9599,0.0401,0.0,19.467,0.0,nan,14.5781,nan,nan,0,3.5217,6,nan,0,0,0
g3scan,rq4graded,7.25,-1.0,eb0482,0.0482,tier0,1,2.4,0,0.25,20000,0.9599,0.0401,0.0,19.399,0.0,nan,14.5105,nan,nan,0,3.3879,7,nan,0,0,0
g3scan,rq4graded,7.25,-1.0,eb0482,0.0482,tier0,1,2.4,0,0.26,20000,0.9599,0.0401,0.0,19.332,0.0,nan,14.4435,nan,nan,0,3.2751,7,nan,0,0,0
g3scan,rq4graded,7.25,-1.0,eb0482,0.0482,tier0,1,2.4,0,0.27,20000,0.9599,0.0401,0.0,19.263,0.0,nan,14.3746,nan,nan,0,3.1739,7,nan,0,0,0
g3scan,rq4graded,7.25,-1.0,eb0482,0.0482,tier0,1,2.4,0,0.28,20000,0.9599,0.0401,0.0,19.197,0.0,nan,14.3079,nan,nan,0,3.0945,7,nan,0,0,0
g3scan,rq4graded,7.25,-1.0,eb0482,0.0482,tier0,1,2.4,0,0.29,20000,0.9599,0.0401,0.0,19.128,0.0,nan,14.239,nan,nan,0,2.9561,8,nan,0,0,0
g3scan,rq4graded,7.25,-1.0,eb0482,0.0482,tier0,1,2.4,0,0.3,20000,0.9599,0.0401,0.0,19.061,0.0,nan,14.172,nan,nan,0,2.881,8,nan,0,0,0
g3scan,rq4graded,7.25,-1.0,eb0482,0.0482,tier0,1,2.4,0,0.31,20000,0.9599,0.0401,0.0,18.993,0.0,nan,14.1048,nan,nan,0,2.8166,8,nan,0,0,0
g3scan,rq4graded,7.25,-1.0,eb0482,0.0482,tier0,1,2.4,0,0.32,20000,0.9599,0.0401,0.0,18.925,0.0,nan,14.036,nan,nan,0,2.7559,8,nan,0,0,0
g3scan,rq4graded,7.25,-1.0,eb0482,0.0482,tier0,1,2.4,0,0.33,20000,0.9599,0.0401,0.0,18.858,0.0,nan,13.9697,nan,nan,0,2.7014,8,nan,0,0,0
g3scan,rq4graded,7.25,-1.0,eb0482,0.0482,tier0,1,2.4,0,0.34,20000,0.9599,0.0401,0.0,18.793,0.0,nan,13.9041,1.7979,1.7979,1,2.6479,8,nan,0,0,0
g3scan,rq4graded,7.25,-1.0,eb0482,0.0482,tier0,1,2.4,0,0.35,20000,0.9599,0.0401,0.0,18.726,0.0,nan,13.8372,1.7241,1.7241,1,2.6009,8,nan,0,0,0
g3scan,rq4graded,7.25,-1.0,eb0482,0.0482,tier0,1,2.4,0,0.36,20000,0.9599,0.0401,0.0,18.657,0.0,nan,13.7684,1.6671,1.6671,1,2.5542,8,nan,0,0,0
g3scan,rq4graded,7.25,-1.0,eb0482,0.0482,tier0,1,2.4,0,0.37,20000,0.9599,0.0401,0.0,18.59,0.0,nan,13.7017,1.5439,1.5416,2,2.5114,8,nan,0,0,0
g3scan,rq4graded,7.25,-1.0,eb0482,0.0482,tier0,1,2.4,0,0.38,20000,0.9599,0.0401,0.0,18.523,0.0,0.0,13.6347,1.4919,1.489,2,2.4702,8,nan,0,0,0
g3scan,rq4graded,7.25,-1.0,eb0482,0.0482,tier0,1,2.4,0,0.39,20000,0.9599,0.0401,0.0,18.459,0.0,0.0,13.5701,1.4582,1.455,2,2.4333,8,nan,0,0,0
g3scan,rq4graded,7.25,-1.0,eb0482,0.0482,tier0,1,2.4,0,0.4,20000,0.9599,0.0401,0.0,18.391,0.0,0.0,13.5025,1.3459,1.3393,3,2.3965,8,nan,0,0,0
g3scan,rq4graded,7.25,-1.0,eb0482,0.0482,tier0,1,2.4,0,0.41,20000,0.9599,0.0401,0.0,18.323,0.0,0.333,13.4346,1.3143,1.3077,3,2.3624,8,nan,0,0,0
g3scan,rq4graded,7.25,-1.0,eb0482,0.0482,tier0,1,2.4,0,0.42,20000,0.9599,0.0401,0.0,18.257,0.0001,3.0,13.368,1.2885,1.2819,3,2.3298,8,nan,0,0,0
g3scan,rq4graded,7.25,-1.0,eb0482,0.0482,tier0,1,2.4,0,0.43,20000,0.9599,0.0401,0.0,18.188,0.0001,3.0,13.2998,1.1843,1.1717,4,2.2992,8,nan,0,0,0
g3scan,rq4graded,7.25,-1.0,eb0482,0.0482,tier0,1,2.4,0,0.44,20000,0.9599,0.0401,0.0,18.125,0.0001,1.333,13.2359,1.1625,1.1503,4,2.2713,8,nan,0,0,0
g3scan,rq4graded,7.25,-1.0,eb0482,0.0482,tier0,1,2.4,0,0.45,20000,0.9599,0.0401,0.0,18.059,0.0001,1.333,13.1699,1.141,1.1287,4,2.2441,8,nan,0,0,0
g3scan,rq4graded,7.25,-1.0,eb0482,0.0482,tier0,1,2.4,0,0.46,20000,0.9599,0.0401,0.0001,17.991,0.0001,0.25,13.1034,1.044,1.0229,5,2.2175,8,nan,0,0,0
g3scan,rq4graded,7.25,-1.0,eb0482,0.0482,tier0,1,2.4,0,0.47,20000,0.9599,0.0401,0.0001,17.923,0.0001,0.333,13.0357,1.0277,1.0072,5,2.1922,8,nan,0,0,0
g3scan,rq4graded,7.25,-1.0,eb0482,0.0482,tier0,1,2.4,0,0.48,20000,0.9599,0.0401,0.0001,17.857,0.0001,0.364,12.9702,0.942,0.9108,6,2.1685,8,nan,0,0,0
g3scan,rq4graded,7.25,-1.0,eb0482,0.0482,tier0,1,2.4,0,0.49,20000,0.9599,0.0401,0.0001,17.791,0.0002,0.4,12.9038,0.9217,0.8903,6,2.1463,8,nan,0,0,0
g3scan,rq4graded,7.25,-1.0,eb0482,0.0482,tier0,1,2.4,0,0.5,20000,0.9599,0.0401,0.0001,17.724,0.0002,0.562,12.8373,0.9059,0.8748,6,2.1239,8,nan,0,0,0
g3scan,rq4graded,7.25,-1.0,eb0482,0.0482,tier0,1,2.4,0,0.51,20000,0.9599,0.0401,0.0001,17.658,0.0003,0.667,12.771,0.8928,0.862,6,2.1023,8,nan,0,0,0
g3scan,rq4graded,7.25,-1.0,eb0482,0.0482,tier0,1,2.4,0,0.52,20000,0.9599,0.0401,0.0002,17.588,0.0003,0.444,12.702,0.8095,0.7619,7,2.0806,8,nan,0,0,0
g3scan,rq4graded,7.25,-1.0,eb0482,0.0482,tier0,1,3.2,0,0.17,20000,0.9599,0.0401,0.0,19.021,0.0,nan,14.1326,nan,nan,0,3.5339,6,nan,0,0,0
g3scan,rq4graded,7.25,-1.0,eb0482,0.0482,tier0,1,3.2,0,0.18,20000,0.9599,0.0401,0.0,18.895,0.0,nan,14.0062,nan,nan,0,3.3197,6,nan,0,0,0
g3scan,rq4graded,7.25,-1.0,eb0482,0.0482,tier0,1,3.2,0,0.19,20000,0.9599,0.0401,0.0,18.773,0.0,nan,13.884,nan,nan,0,3.1691,7,nan,0,0,0
g3scan,rq4graded,7.25,-1.0,eb0482,0.0482,tier0,1,3.2,0,0.2,20000,0.9599,0.0401,0.0,18.653,0.0,nan,13.7642,nan,nan,0,3.0056,7,nan,0,0,0
g3scan,rq4graded,7.25,-1.0,eb0482,0.0482,tier0,1,3.2,0,0.21,20000,0.9599,0.0401,0.0,18.532,0.0,nan,13.643,nan,nan,0,2.8567,8,nan,0,0,0
g3scan,rq4graded,7.25,-1.0,eb0482,0.0482,tier0,1,3.2,0,0.22,20000,0.9599,0.0401,0.0,18.41,0.0,nan,13.5216,nan,nan,0,2.7262,8,nan,0,0,0
g3scan,rq4graded,7.25,-1.0,eb0482,0.0482,tier0,1,3.2,0,0.23,20000,0.9599,0.0401,0.0,18.291,0.0,nan,13.4023,nan,nan,0,2.6199,8,nan,0,0,0
g3scan,rq4graded,7.25,-1.0,eb0482,0.0482,tier0,1,3.2,0,0.24,20000,0.9599,0.0401,0.0,18.169,0.0,nan,13.2806,nan,nan,0,2.528,8,nan,0,0,0
g3scan,rq4graded,7.25,-1.0,eb0482,0.0482,tier0,1,3.2,0,0.25,20000,0.9599,0.0401,0.0,18.05,0.0,nan,13.1614,nan,nan,0,2.4441,8,nan,0,0,0
g3scan,rq4graded,7.25,-1.0,eb0482,0.0482,tier0,1,3.2,0,0.26,20000,0.9599,0.0401,0.0,17.928,0.0,nan,13.0396,1.8064,1.8064,1,2.3683,8,nan,0,0,0
g3scan,rq4graded,7.25,-1.0,eb0482,0.0482,tier0,1,3.2,0,0.27,20000,0.9599,0.0401,0.0,17.81,0.0,nan,12.9209,1.6819,1.6819,1,2.3,8,nan,0,0,0
g3scan,rq4graded,7.25,-1.0,eb0482,0.0482,tier0,1,3.2,0,0.28,20000,0.9599,0.0401,0.0,17.69,0.0,nan,12.8018,1.5465,1.545,2,2.2382,8,nan,0,0,0
g3scan,rq4graded,7.25,-1.0,eb0482,0.0482,tier0,1,3.2,0,0.29,20000,0.9599,0.0401,0.0,17.569,0.0,nan,12.6807,1.464,1.462,2,2.1822,8,nan,0,0,0
g3scan,rq4graded,7.25,-1.0,eb0482,0.0482,tier0,1,3.2,0,0.3,20000,0.9599,0.0401,0.0,17.451,0.0,nan,12.5628,1.4085,1.4065,2,2.1298,8,nan,0,0,0
g3scan,rq4graded,7.25,-1.0,eb0482,0.0482,tier0,1,3.2,0,0.31,20000,0.9599,0.0401,0.0,17.334,0.0,nan,12.4458,1.2951,1.2906,3,2.0828,8,nan,0,0,0
g3scan,rq4graded,7.25,-1.0,eb0482,0.0482,tier0,1,3.2,0,0.32,20000,0.9599,0.0401,0.0,17.213,0.0,0.0,12.3242,1.2449,1.2401,3,2.0391,8,nan,0,0,0
g3scan,rq4graded,7.25,-1.0,eb0482,0.0482,tier0,1,3.2,0,0.33,20000,0.9599,0.0401,0.0,17.095,0.0,0.0,12.206,1.1423,1.1335,4,1.9985,8,nan,0,0,0
g3scan,rq4graded,7.25,-1.0,eb0482,0.0482,tier0,1,3.2,0,0.34,20000,0.9599,0.0401,0.0,16.975,0.0001,1.0,12.0862,1.1018,1.0927,4,1.9602,8,nan,0,0,0
g3scan,rq4graded,7.25,-1.0,eb0482,0.0482,tier0,1,3.2,0,0.35,20000,0.9599,0.0401,0.0,16.858,0.0001,0.75,11.9693,1.0052,0.9903,5,1.9249,8,nan,0,0,0
g3scan,rq4graded,7.25,-1.0,eb0482,0.0482,tier0,1,3.2,0,0.36,20000,0.9599,0.0401,0.0,16.739,0.0001,0.444,11.85,0.9145,0.8914,6,1.8918,8,nan,0,0,0
g3scan,rq4graded,7.25,-1.0,eb0482,0.0482,tier0,1,3.2,0,0.37,20000,0.9599,0.0401,0.0,16.618,0.0001,0.286,11.7293,0.885,0.8612,6,1.8604,8,nan,0,0,0
g3scan,rq4graded,7.25,-1.0,eb0482,0.0482,tier0,1,3.2,0,0.38,20000,0.9599,0.0401,0.0001,16.5,0.0001,0.2,11.6125,0.8009,0.7642,7,1.8311,8,nan,0,0,0
g3scan,rq4graded,7.25,-1.0,eb0482,0.0482,tier0,1,3.2,0,0.39,20000,0.9599,0.0401,0.0001,16.382,0.0002,0.409,11.495,0.7778,0.7403,7,1.8032,8,nan,0,0,0
g3scan,rq4graded,7.25,-1.0,eb0482,0.0482,tier0,1,3.2,0,0.4,20000,0.9599,0.0401,0.0001,16.261,0.0004,0.333,11.3738,0.7557,0.7181,7,1.776,8,nan,0,0,0
g3scan,rq4graded,7.25,-1.0,eb0482,0.0482,tier0,1,3.2,0,0.41,20000,0.9599,0.0401,0.0001,16.143,0.0006,0.404,11.2556,0.7358,0.6978,7,1.7508,8,0.3107,0,0,0
g3scan,rq4graded,7.25,-1.0,eb0482,0.0482,tier0,1,3.2,0,0.42,20000,0.9599,0.0401,0.0002,16.026,0.0007,0.31,11.1406,0.719,0.6813,7,1.7269,8,0.2982,0,0,0
g3scan,rq4graded,7.25,-1.0,eb0482,0.0482,tier0,1,3.2,0,0.43,20000,0.9599,0.0401,0.0003,15.909,0.0011,0.413,11.0246,0.7024,0.6651,7,1.7046,8,0.2818,0,0,0
g3scan,rq4graded,7.25,-1.0,eb0482,0.0482,tier0,1,3.2,0,0.44,20000,0.9599,0.0401,0.0004,15.793,0.0015,0.424,10.9108,0.6878,0.6507,7,1.683,8,0.2703,0,0,0
g3scan,rq4graded,7.25,-1.0,eb0482,0.0482,tier0,1,3.2,0,0.45,20000,0.9599,0.0401,0.0006,15.675,0.0023,0.556,10.7952,0.6734,0.636,7,1.6619,8,0.2613,0,0,0
g3scan,rq4graded,7.25,-1.0,eb0482,0.0482,tier0,1,3.2,0,0.46,20000,0.9599,0.0401,0.0008,15.558,0.0028,0.532,10.6818,0.66,0.6229,7,1.6421,8,0.2554,0,0,0
g3scan,rq4graded,7.25,-1.0,eb0482,0.0482,tier0,1,3.2,0,0.47,20000,0.9599,0.0401,0.001,15.443,0.0038,0.661,10.5704,0.6472,0.6107,7,1.6234,8,0.2491,0,0,0
g3scan,rq4graded,7.25,-1.0,eb0482,0.0482,tier0,1,3.2,0,0.48,20000,0.9599,0.0401,0.0016,15.329,0.0048,0.706,10.4641,0.6354,0.5987,7,1.606,8,0.2415,0,0,0
g3scan,rq4graded,7.25,-1.0,eb0482,0.0482,tier0,1,3.2,0,0.49,20000,0.9599,0.0401,0.0021,15.214,0.0055,0.709,10.3583,0.6245,0.5881,7,1.588,8,0.237,0,0,0
g3scan,rq4graded,7.25,-1.0,eb0482,0.0482,tier0,1,3.2,0,0.5,20000,0.9599,0.0401,0.003,15.1,0.0066,0.784,10.2561,0.6137,0.5774,7,1.5717,8,0.2313,0,0,0
g3scan,rq4graded,7.25,-1.0,eb0482,0.0482,tier0,1,3.2,0,0.51,20000,0.9599,0.0401,0.0036,14.988,0.0073,0.739,10.1541,0.6039,0.5679,7,1.5559,8,0.228,0,0,0
g3scan,rq4graded,7.25,-1.0,eb0482,0.0482,tier0,1,3.2,0,0.52,20000,0.9599,0.0401,0.0047,14.875,0.0088,0.856,10.0571,0.5941,0.5582,7,1.5399,8,0.222,0,0,0
g3scan,rq4graded,7.25,-1.0,eb0482,0.0482,tier0,1,4.8,0,0.17,20000,0.9599,0.0401,0.0,17.164,0.0,nan,12.2751,nan,nan,0,2.337,8,nan,0,0,0
g3scan,rq4graded,7.25,-1.0,eb0482,0.0482,tier0,1,4.8,0,0.18,20000,0.9599,0.0401,0.0,16.938,0.0,nan,12.049,nan,nan,0,2.1818,8,nan,0,0,0
g3scan,rq4graded,7.25,-1.0,eb0482,0.0482,tier0,1,4.8,0,0.19,20000,0.9599,0.0401,0.0,16.711,0.0,nan,11.8229,nan,nan,0,2.0564,8,nan,0,0,0
g3scan,rq4graded,7.25,-1.0,eb0482,0.0482,tier0,1,4.8,0,0.2,20000,0.9599,0.0401,0.0,16.486,0.0,nan,11.5977,1.782,1.782,1,1.9512,8,nan,0,0,0
g3scan,rq4graded,7.25,-1.0,eb0482,0.0482,tier0,1,4.8,0,0.21,20000,0.9599,0.0401,0.0,16.259,0.0,nan,11.3703,1.5983,1.5983,2,1.8585,8,nan,0,0,0
g3scan,rq4graded,7.25,-1.0,eb0482,0.0482,tier0,1,4.8,0,0.22,20000,0.9599,0.0401,0.0,16.035,0.0,nan,11.1461,1.4344,1.4336,2,1.7811,8,nan,0,0,0
g3scan,rq4graded,7.25,-1.0,eb0482,0.0482,tier0,1,4.8,0,0.23,20000,0.9599,0.0401,0.0,15.81,0.0,nan,10.9212,1.2978,1.2964,3,1.7111,8,nan,0,0,0
g3scan,rq4graded,7.25,-1.0,eb0482,0.0482,tier0,1,4.8,0,0.24,20000,0.9599,0.0401,0.0,15.587,0.0,nan,10.6985,1.169,1.1665,4,1.6497,8,nan,0,0,0
g3scan,rq4graded,7.25,-1.0,eb0482,0.0482,tier0,1,4.8,0,0.25,20000,0.9599,0.0401,0.0,15.365,0.0,nan,10.4765,1.0836,1.08,4,1.5948,8,nan,0,0,0
g3scan,rq4graded,7.25,-1.0,eb0482,0.0482,tier0,1,4.8,0,0.26,20000,0.9599,0.0401,0.0,15.142,0.0,0.0,10.2537,0.9787,0.9721,5,1.5447,8,nan,0,0,0
g3scan,rq4graded,7.25,-1.0,eb0482,0.0482,tier0,1,4.8,0,0.27,20000,0.9599,0.0401,0.0,14.917,0.0,0.0,10.0286,0.8722,0.86,6,1.4996,8,nan,0,0,0
g3scan,rq4graded,7.25,-1.0,eb0482,0.0482,tier0,1,4.8,0,0.28,20000,0.9599,0.0401,0.0,14.692,0.0001,0.429,9.8031,0.8224,0.8087,6,1.4573,8,nan,0,0,0
g3scan,rq4graded,7.25,-1.0,eb0482,0.0482,tier0,1,4.8,0,0.29,20000,0.9599,0.0401,0.0,14.468,0.0001,0.2,9.5798,0.7323,0.7094,7,1.4197,8,nan,0,0,0
g3scan,rq4graded,7.25,-1.0,eb0482,0.0482,tier0,1,4.8,0,0.3,20000,0.9599,0.0401,0.0,14.246,0.0002,0.167,9.3577,0.6963,0.6723,7,1.3847,8,nan,0,0,0
g3scan,rq4graded,7.25,-1.0,eb0482,0.0482,tier0,1,4.8,0,0.31,20000,0.9599,0.0401,0.0001,14.022,0.0004,0.174,9.1345,0.6636,0.6385,7,1.3523,8,nan,0,0,0
g3scan,rq4graded,7.25,-1.0,eb0482,0.0482,tier0,1,4.8,0,0.32,20000,0.9599,0.0401,0.0001,13.802,0.0008,0.186,8.9153,0.636,0.6106,7,1.3228,8,0.3022,0,0,0
g3scan,rq4graded,7.25,-1.0,eb0482,0.0482,tier0,1,4.8,0,0.33,20000,0.9599,0.0401,0.0002,13.581,0.0017,0.273,8.6947,0.6113,0.5859,7,1.2951,8,0.2777,0,0,0
g3scan,rq4graded,7.25,-1.0,eb0482,0.0482,tier0,1,4.8,0,0.34,20000,0.9599,0.0401,0.0004,13.362,0.0033,0.37,8.4784,0.5895,0.5638,7,1.2685,8,0.2603,0,0,0
g3scan,rq4graded,7.25,-1.0,eb0482,0.0482,tier0,1,4.8,0,0.35,20000,0.9599,0.0401,0.0007,13.141,0.0057,0.505,8.2616,0.569,0.5432,7,1.2437,8,0.2458,0,0,0
g3scan,rq4graded,7.25,-1.0,eb0482,0.0482,tier0,1,4.8,0,0.36,20000,0.9599,0.0401,0.0013,12.926,0.0083,0.575,8.0542,0.5509,0.5251,7,1.2202,8,0.2361,0,0,0
g3scan,rq4graded,7.25,-1.0,eb0482,0.0482,tier0,1,4.8,0,0.37,20000,0.9599,0.0401,0.0024,12.712,0.0115,0.643,7.8542,0.5345,0.5084,7,1.1983,8,0.226,0,0,0
g3scan,rq4graded,7.25,-1.0,eb0482,0.0482,tier0,1,4.8,0,0.38,20000,0.9599,0.0401,0.0042,12.499,0.0146,0.651,7.6625,0.5196,0.4936,7,1.177,8,0.2169,0,0,0
g3scan,rq4graded,7.25,-1.0,eb0482,0.0482,tier0,1,4.8,0,0.39,20000,0.9599,0.0401,0.0067,12.295,0.018,0.701,7.4897,0.506,0.4801,7,1.1581,8,0.2079,0,0,0
g3scan,rq4graded,7.25,-1.0,eb0482,0.0482,tier0,1,4.8,0,0.4,20000,0.9599,0.0401,0.0097,12.086,0.0227,0.754,7.3155,0.4927,0.467,7,1.1392,8,0.1996,0,0,0
g3scan,rq4graded,7.25,-1.0,eb0482,0.0482,tier0,1,4.8,0,0.41,20000,0.9599,0.0401,0.0138,11.883,0.0269,0.828,7.1608,0.4809,0.4553,7,1.1215,8,0.1923,0,0,0
g3scan,rq4graded,7.25,-1.0,eb0482,0.0482,tier0,1,4.8,0,0.42,20000,0.9599,0.0401,0.0179,11.687,0.0313,0.873,7.0112,0.4702,0.4447,7,1.1046,8,0.1864,0,0,0
g3scan,rq4graded,7.25,-1.0,eb0482,0.0482,tier0,1,4.8,0,0.43,20000,0.9599,0.0401,0.0233,11.487,0.0368,0.992,6.8721,0.4598,0.4344,7,1.0885,8,0.1802,0,0,0
g3scan,rq4graded,7.25,-1.0,eb0482,0.0482,tier0,1,4.8,0,0.44,20000,0.9599,0.0401,0.0292,11.301,0.0415,1.072,6.7527,0.4504,0.4252,7,1.0736,8,0.1752,0,0,0
g3scan,rq4graded,7.25,-1.0,eb0482,0.0482,tier0,1,4.8,0,0.45,20000,0.9599,0.0401,0.0365,11.111,0.0449,1.083,6.6435,0.4412,0.4161,7,1.0589,8,0.1705,0,0,0
g3scan,rq4graded,7.25,-1.0,eb0482,0.0482,tier0,1,4.8,0,0.46,20000,0.9599,0.0401,0.0446,10.924,0.0484,1.109,6.5447,0.4324,0.4075,7,1.0444,8,0.166,0,0,0
g3scan,rq4graded,7.25,-1.0,eb0482,0.0482,tier0,1,4.8,0,0.47,20000,0.9599,0.0401,0.0525,10.747,0.0514,1.11,6.4537,0.4245,0.3998,7,1.0305,8,0.1622,0,0,0
g3scan,rq4graded,7.25,-1.0,eb0482,0.0482,tier0,1,4.8,0,0.48,20000,0.9599,0.0401,0.0623,10.57,0.0538,1.135,6.3846,0.417,0.3924,7,1.0175,8,0.158,0,0,0
g3scan,rq4graded,7.25,-1.0,eb0482,0.0482,tier0,1,4.8,0,0.49,20000,0.9599,0.0401,0.0713,10.398,0.057,1.167,6.3075,0.4098,0.3854,7,1.0048,8,0.1546,0,0,0
g3scan,rq4graded,7.25,-1.0,eb0482,0.0482,tier0,1,4.8,0,0.5,20000,0.9599,0.0401,0.0808,10.232,0.06,1.222,6.2427,0.403,0.3788,7,0.9929,8,0.1509,0,0,0
g3scan,rq4graded,7.25,-1.0,eb0482,0.0482,tier0,1,4.8,0,0.51,20000,0.9599,0.0401,0.0906,10.071,0.0626,1.253,6.1849,0.3966,0.3726,7,0.9818,8,0.1474,0,0,0
g3scan,rq4graded,7.25,-1.0,eb0482,0.0482,tier0,1,4.8,0,0.52,20000,0.9599,0.0401,0.1,9.912,0.0655,1.292,6.1244,0.3904,0.3666,7,0.9706,8,0.1445,0,0,0
g3scan,rq4graded,7.25,-1.0,eb0482,0.0482,tier0,1,6.4,0,0.17,20000,0.9599,0.0401,0.0,15.553,0.0,nan,10.6639,1.9587,1.9587,1,1.723,8,nan,0,0,0
g3scan,rq4graded,7.25,-1.0,eb0482,0.0482,tier0,1,6.4,0,0.18,20000,0.9599,0.0401,0.0,15.233,0.0,nan,10.3444,1.6354,1.6354,1,1.6083,8,nan,0,0,0
g3scan,rq4graded,7.25,-1.0,eb0482,0.0482,tier0,1,6.4,0,0.19,20000,0.9599,0.0401,0.0,14.918,0.0,nan,10.0294,1.4361,1.4361,2,1.5148,8,nan,0,0,0
g3scan,rq4graded,7.25,-1.0,eb0482,0.0482,tier0,1,6.4,0,0.2,20000,0.9599,0.0401,0.0,14.603,0.0,nan,9.714,1.2756,1.2754,3,1.4345,8,nan,0,0,0
g3scan,rq4graded,7.25,-1.0,eb0482,0.0482,tier0,1,6.4,0,0.21,20000,0.9599,0.0401,0.0,14.287,0.0,nan,9.398,1.1253,1.1248,4,1.3645,8,nan,0,0,0
g3scan,rq4graded,7.25,-1.0,eb0482,0.0482,tier0,1,6.4,0,0.22,20000,0.9599,0.0401,0.0,13.968,0.0,nan,9.0794,1.0084,1.0069,4,1.3039,8,nan,0,0,0
g3scan,rq4graded,7.25,-1.0,eb0482,0.0482,tier0,1,6.4,0,0.23,20000,0.9599,0.0401,0.0,13.654,0.0,nan,8.7653,0.8975,0.8942,5,1.2507,8,nan,0,0,0
g3scan,rq4graded,7.25,-1.0,eb0482,0.0482,tier0,1,6.4,0,0.24,20000,0.9599,0.0401,0.0,13.338,0.0,0.0,8.4492,0.7941,0.7875,6,1.2033,8,nan,0,0,0
g3scan,rq4graded,7.25,-1.0,eb0482,0.0482,tier0,1,6.4,0,0.25,20000,0.9599,0.0401,0.0,13.021,0.0,0.083,8.132,0.732,0.7234,6,1.1598,8,nan,0,0,0
g3scan,rq4graded,7.25,-1.0,eb0482,0.0482,tier0,1,6.4,0,0.26,20000,0.9599,0.0401,0.0,12.705,0.0001,0.108,7.8165,0.6471,0.6322,7,1.1207,8,nan,0,0,0
g3scan,rq4graded,7.25,-1.0,eb0482,0.0482,tier0,1,6.4,0,0.27,20000,0.9599,0.0401,0.0,12.393,0.0003,0.108,7.5043,0.6042,0.5874,7,1.0855,8,nan,0,0,0
g3scan,rq4graded,7.25,-1.0,eb0482,0.0482,tier0,1,6.4,0,0.28,20000,0.9599,0.0401,0.0001,12.079,0.0009,0.125,7.1917,0.5702,0.5526,7,1.0525,8,0.3031,0,0,0
g3scan,rq4graded,7.25,-1.0,eb0482,0.0482,tier0,1,6.4,0,0.29,20000,0.9599,0.0401,0.0001,11.77,0.0029,0.238,6.8826,0.5399,0.5217,7,1.0228,8,0.2697,0,0,0
g3scan,rq4graded,7.25,-1.0,eb0482,0.0482,tier0,1,6.4,0,0.3,20000,0.9599,0.0401,0.0004,11.463,0.0064,0.359,6.5785,0.5141,0.4955,7,0.995,8,0.2474,0,0,0
g3scan,rq4graded,7.25,-1.0,eb0482,0.0482,tier0,1,6.4,0,0.31,20000,0.9599,0.0401,0.0009,11.157,0.0117,0.46,6.2785,0.4915,0.4723,7,0.9681,8,0.2321,0,0,0
g3scan,rq4graded,7.25,-1.0,eb0482,0.0482,tier0,1,6.4,0,0.32,20000,0.9599,0.0401,0.0025,10.86,0.0181,0.541,5.9993,0.4713,0.4519,7,0.9443,8,0.2181,0,0,0
g3scan,rq4graded,7.25,-1.0,eb0482,0.0482,tier0,1,6.4,0,0.33,20000,0.9599,0.0401,0.0058,10.566,0.0261,0.638,5.7382,0.4532,0.4338,7,0.9213,8,0.2039,0,0,0
g3scan,rq4graded,7.25,-1.0,eb0482,0.0482,tier0,1,6.4,0,0.34,20000,0.9599,0.0401,0.0103,10.281,0.0356,0.767,5.4989,0.4372,0.4178,7,0.9002,8,0.1925,0,0,0
g3scan,rq4graded,7.25,-1.0,eb0482,0.0482,tier0,1,6.4,0,0.35,20000,0.9599,0.0401,0.0167,10.001,0.0459,0.909,5.2822,0.4225,0.4031,7,0.881,8,0.1824,0,0,0
g3scan,rq4graded,7.25,-1.0,eb0482,0.0482,tier0,1,6.4,0,0.36,20000,0.9599,0.0401,0.0252,9.731,0.0546,0.98,5.0937,0.4093,0.3899,7,0.8627,8,0.1744,0,0,0
g3scan,rq4graded,7.25,-1.0,eb0482,0.0482,tier0,1,6.4,0,0.37,20000,0.9599,0.0401,0.0364,9.465,0.0624,1.045,4.9338,0.397,0.3777,7,0.8456,8,0.167,0,0,0
g3scan,rq4graded,7.25,-1.0,eb0482,0.0482,tier0,1,6.4,0,0.38,20000,0.9599,0.0401,0.0486,9.205,0.0702,1.121,4.787,0.3855,0.3664,7,0.8286,8,0.1603,0,0,0
g3scan,rq4graded,7.25,-1.0,eb0482,0.0482,tier0,1,6.4,0,0.39,20000,0.9599,0.0401,0.0642,8.956,0.0756,1.163,4.6822,0.3751,0.3561,7,0.813,8,0.1541,0,0,0
g3scan,rq4graded,7.25,-1.0,eb0482,0.0482,tier0,1,6.4,0,0.4,20000,0.9599,0.0401,0.0795,8.714,0.0817,1.218,4.5779,0.3653,0.3465,7,0.7977,8,0.1484,0,0,0
g3scan,rq4graded,7.25,-1.0,eb0482,0.0482,tier0,1,6.4,0,0.41,20000,0.9599,0.0401,0.0957,8.48,0.0865,1.262,4.4893,0.3562,0.3376,7,0.7831,8,0.1432,0,0,0
g3scan,rq4graded,7.25,-1.0,eb0482,0.0482,tier0,1,6.4,0,0.42,20000,0.9599,0.0401,0.1128,8.259,0.0904,1.283,4.4202,0.3476,0.3292,7,0.7701,8,0.1387,0,0,0
g3scan,rq4graded,7.25,-1.0,eb0482,0.0482,tier0,1,6.4,0,0.43,20000,0.9599,0.0401,0.1305,8.043,0.0936,1.322,4.3608,0.3396,0.3215,7,0.7571,8,0.1343,0,0,0
g3scan,rq4graded,7.25,-1.0,eb0482,0.0482,tier0,1,6.4,0,0.44,20000,0.9599,0.0401,0.1482,7.838,0.0964,1.341,4.3127,0.3322,0.3143,7,0.7453,8,0.1304,0,0,0
g3scan,rq4graded,7.25,-1.0,eb0482,0.0482,tier0,1,6.4,0,0.45,20000,0.9599,0.0401,0.1664,7.636,0.0995,1.404,4.2723,0.3251,0.3073,7,0.7333,8,0.1268,0,0,0
g3scan,rq4graded,7.25,-1.0,eb0482,0.0482,tier0,1,6.4,0,0.46,20000,0.9599,0.0401,0.1828,7.447,0.1015,1.392,4.2248,0.3185,0.3009,7,0.7217,8,0.1236,0,0,0
g3scan,rq4graded,7.25,-1.0,eb0482,0.0482,tier0,1,6.4,0,0.47,20000,0.9599,0.0401,0.1998,7.265,0.1036,1.416,4.19,0.3122,0.2948,7,0.7109,8,0.1206,0,0,0
g3scan,rq4graded,7.25,-1.0,eb0482,0.0482,tier0,1,6.4,0,0.48,20000,0.9599,0.0401,0.2173,7.088,0.1038,1.384,4.1673,0.306,0.2889,7,0.7006,8,0.1176,0,1,0
g3scan,rq4graded,7.25,-1.0,eb0482,0.0482,tier0,1,6.4,0,0.49,20000,0.9599,0.0401,0.2339,6.919,0.1055,1.387,4.1435,0.3005,0.2834,7,0.6906,8,0.1149,0,1,0
g3scan,rq4graded,7.25,-1.0,eb0482,0.0482,tier0,1,6.4,0,0.5,20000,0.9599,0.0401,0.2507,6.757,0.1057,1.37,4.1298,0.2953,0.2784,7,0.681,8,0.1122,0,1,0
g3scan,rq4graded,7.25,-1.0,eb0482,0.0482,tier0,1,6.4,0,0.51,20000,0.9599,0.0401,0.2656,6.601,0.107,1.367,4.0993,0.2899,0.2732,7,0.6719,8,0.1099,0,1,0
g3scan,rq4graded,7.25,-1.0,eb0482,0.0482,tier0,1,6.4,0,0.52,20000,0.9599,0.0401,0.2807,6.45,0.1098,1.414,4.0781,0.2848,0.2683,7,0.6626,8,0.1076,0,1,0
g3scan,rq4graded,7.25,-1.0,eb0482,0.0482,tier0,1,9.6,1,0.17,20000,0.9599,0.0401,0.0,13.102,0.0,nan,8.2133,1.2575,1.2574,2,1.098,8,nan,0,0,0
g3scan,rq4graded,7.25,-1.0,eb0482,0.0482,tier0,1,9.6,1,0.18,20000,0.9599,0.0401,0.0,12.643,0.0,nan,7.7543,1.0914,1.0911,3,1.0173,8,nan,0,0,0
g3scan,rq4graded,7.25,-1.0,eb0482,0.0482,tier0,1,9.6,1,0.19,20000,0.9599,0.0401,0.0,12.182,0.0,nan,7.2937,0.9429,0.9428,4,0.9498,8,nan,0,0,0
g3scan,rq4graded,7.25,-1.0,eb0482,0.0482,tier0,1,9.6,1,0.2,20000,0.9599,0.0401,0.0,11.728,0.0,nan,6.8393,0.8166,0.8164,5,0.8924,8,nan,0,0,0
g3scan,rq4graded,7.25,-1.0,eb0482,0.0482,tier0,1,9.6,1,0.21,20000,0.9599,0.0401,0.0,11.269,0.0,0.0,6.3808,0.7098,0.7087,6,0.842,8,nan,0,0,0
g3scan,rq4graded,7.25,-1.0,eb0482,0.0482,tier0,1,9.6,1,0.22,20000,0.9599,0.0401,0.0,10.814,0.0,0.0,5.9283,0.6254,0.6223,6,0.7982,8,nan,0,0,0
g3scan,rq4graded,7.25,-1.0,eb0482,0.0482,tier0,1,9.6,1,0.23,20000,0.9599,0.0401,0.0,10.356,0.0001,0.049,5.4716,0.5431,0.5362,7,0.7582,8,nan,0,0,0
g3scan,rq4graded,7.25,-1.0,eb0482,0.0482,tier0,1,9.6,1,0.24,20000,0.9599,0.0401,0.0,9.904,0.0005,0.049,5.0209,0.4947,0.4862,7,0.7232,8,nan,0,0,0
g3scan,rq4graded,7.25,-1.0,eb0482,0.0482,tier0,1,9.6,1,0.25,20000,0.9599,0.0401,0.0,9.46,0.003,0.129,4.5783,0.456,0.4464,7,0.6926,8,0.2759,0,0,0
g3scan,rq4graded,7.25,-1.0,eb0482,0.0482,tier0,1,9.6,1,0.26,20000,0.9599,0.0401,0.0002,9.026,0.0105,0.248,4.146,0.424,0.4135,7,0.6641,8,0.2402,0,0,0
g3scan,rq4graded,7.25,-1.0,eb0482,0.0482,tier0,1,9.6,1,0.27,20000,0.9599,0.0401,0.0008,8.597,0.0251,0.404,3.7237,0.3966,0.3856,7,0.6375,8,0.2155,0,0,0
g3scan,rq4graded,7.25,-1.0,eb0482,0.0482,tier0,1,9.6,1,0.28,20000,0.9599,0.0401,0.0042,8.184,0.0464,0.607,3.3386,0.3735,0.3623,7,0.613,8,0.1953,0,0,0
g3scan,rq4graded,7.25,-1.0,eb0482,0.0482,tier0,1,9.6,1,0.29,20000,0.9599,0.0401,0.0127,7.782,0.0703,0.807,3.0021,0.3533,0.3418,7,0.591,8,0.1786,0,0,0
g3scan,rq4graded,7.25,-1.0,eb0482,0.0482,tier0,1,9.6,1,0.3,20000,0.9599,0.0401,0.0268,7.399,0.0931,1.005,2.7269,0.3358,0.3241,7,0.5707,8,0.1655,0,0,0
g3scan,rq4graded,7.25,-1.0,eb0482,0.0482,tier0,1,9.6,1,0.31,20000,0.9599,0.0401,0.0487,7.029,0.1118,1.142,2.5146,0.32,0.3084,7,0.551,8,0.1538,0,1,0
g3scan,rq4graded,7.25,-1.0,eb0482,0.0482,tier0,1,9.6,1,0.32,20000,0.9599,0.0401,0.0771,6.679,0.1251,1.25,2.3645,0.306,0.2945,7,0.5334,8,0.1439,0,1,0
g3scan,rq4graded,7.25,-1.0,eb0482,0.0482,tier0,1,9.6,1,0.33,20000,0.9599,0.0401,0.1076,6.346,0.1366,1.35,2.2414,0.2934,0.2819,7,0.5164,8,0.1353,0,1,0
g3scan,rq4graded,7.25,-1.0,eb0482,0.0482,tier0,1,9.6,1,0.34,20000,0.9599,0.0401,0.1426,6.029,0.1432,1.39,2.163,0.282,0.2706,7,0.4998,8,0.1278,0,1,0
g3scan,rq4graded,7.25,-1.0,eb0482,0.0482,tier0,1,9.6,1,0.35,20000,0.9599,0.0401,0.1762,5.734,0.1487,1.393,2.0927,0.2714,0.2602,7,0.4853,8,0.1214,0,1,0
g3scan,rq4graded,7.25,-1.0,eb0482,0.0482,tier0,1,9.6,1,0.36,20000,0.9599,0.0401,0.2095,5.46,0.1536,1.424,2.0406,0.262,0.2508,7,0.4723,8,0.1157,0,1,0
g3scan,rq4graded,7.25,-1.0,eb0482,0.0482,tier0,1,9.6,1,0.37,20000,0.9599,0.0401,0.2429,5.202,0.1579,1.485,2.0055,0.2536,0.2425,7,0.4587,8,0.1104,0,1,0
g3scan,rq4graded,7.25,-1.0,eb0482,0.0482,tier0,1,9.6,1,0.38,20000,0.9599,0.0401,0.2741,4.958,0.162,1.527,1.9654,0.2454,0.2344,7,0.4459,8,0.1057,0,1,0
g3scan,rq4graded,7.25,-1.0,eb0482,0.0482,tier0,1,9.6,1,0.39,20000,0.9599,0.0401,0.3045,4.733,0.1645,1.566,1.9414,0.2379,0.227,7,0.4342,8,0.1017,0,1,0
g3scan,rq4graded,7.25,-1.0,eb0482,0.0482,tier0,1,9.6,1,0.4,20000,0.9599,0.0401,0.3329,4.525,0.1658,1.582,1.9214,0.2308,0.2201,7,0.4227,8,0.0979,0,1,0
g3scan,rq4graded,7.25,-1.0,eb0482,0.0482,tier0,1,9.6,1,0.41,20000,0.9599,0.0401,0.3616,4.323,0.1659,1.555,1.9139,0.2243,0.2137,7,0.4123,8,0.0944,0,0,0
g3scan,rq4graded,7.25,-1.0,eb0482,0.0482,tier0,1,9.6,1,0.42,20000,0.9599,0.0401,0.388,4.138,0.1643,1.512,1.9081,0.2184,0.2079,7,0.4026,8,0.0911,0,0,0
g3scan,rq4graded,7.25,-1.0,eb0482,0.0482,tier0,1,9.6,1,0.43,20000,0.9599,0.0401,0.4126,3.965,0.1642,1.498,1.8971,0.2126,0.2023,7,0.3935,8,0.0881,0,0,0
g3scan,rq4graded,7.25,-1.0,eb0482,0.0482,tier0,1,9.6,1,0.44,20000,0.9599,0.0401,0.4355,3.801,0.1673,1.556,1.8833,0.2072,0.197,7,0.3842,8,0.0853,0,0,0
g3scan,rq4graded,7.25,-1.0,eb0482,0.0482,tier0,1,9.6,1,0.45,20000,0.9599,0.0401,0.4571,3.648,0.1679,1.565,1.8705,0.2022,0.1922,7,0.3754,8,0.0826,0,0,0
g3scan,rq4graded,7.25,-1.0,eb0482,0.0482,tier0,1,9.6,1,0.46,20000,0.9599,0.0401,0.4776,3.502,0.1694,1.59,1.8599,0.1973,0.1875,7,0.3675,8,0.0802,0,0,0
g3scan,rq4graded,7.25,-1.0,eb0482,0.0482,tier0,1,9.6,1,0.47,20000,0.9599,0.0401,0.497,3.367,0.1691,1.587,1.8514,0.1928,0.1831,7,0.3596,8,0.078,0,0,0
g3scan,rq4graded,7.25,-1.0,eb0482,0.0482,tier0,1,9.6,1,0.48,20000,0.9599,0.0401,0.5147,3.239,0.1706,1.617,1.8323,0.1884,0.1789,7,0.3525,8,0.076,0,0,0
g3scan,rq4graded,7.25,-1.0,eb0482,0.0482,tier0,1,9.6,1,0.49,20000,0.9599,0.0401,0.5331,3.115,0.1698,1.641,1.8332,0.1841,0.1748,7,0.3456,8,0.074,0,0,0
g3scan,rq4graded,7.25,-1.0,eb0482,0.0482,tier0,1,9.6,1,0.5,20000,0.9599,0.0401,0.5498,3.001,0.1693,1.643,1.8286,0.18,0.1709,7,0.3384,8,0.0722,0,0,0
g3scan,rq4graded,7.25,-1.0,eb0482,0.0482,tier0,1,9.6,1,0.51,20000,0.9599,0.0401,0.5656,2.894,0.1679,1.633,1.8244,0.1763,0.1674,7,0.3322,8,0.0703,0,0,0
g3scan,rq4graded,7.25,-1.0,eb0482,0.0482,tier0,1,9.6,1,0.52,20000,0.9599,0.0401,0.5802,2.79,0.1663,1.546,1.8098,0.1727,0.1639,7,0.3262,8,0.0686,0,0,0
g3scan,rq4graded,7.25,-1.0,eb0482,0.0482,tier0,1,12.8,1,0.17,20000,0.9599,0.0401,0.0,11.383,0.0,nan,6.5156,0.9737,0.9726,3,0.7631,8,nan,0,0,0
g3scan,rq4graded,7.25,-1.0,eb0482,0.0482,tier0,1,12.8,1,0.18,20000,0.9599,0.0401,0.0,10.826,0.0,nan,5.9618,0.8291,0.8285,4,0.6987,8,nan,0,0,0
g3scan,rq4graded,7.25,-1.0,eb0482,0.0482,tier0,1,12.8,1,0.19,20000,0.9599,0.0401,0.0,10.269,0.0,nan,5.407,0.7084,0.7083,5,0.6436,8,nan,0,0,0
g3scan,rq4graded,7.25,-1.0,eb0482,0.0482,tier0,1,12.8,1,0.2,20000,0.9599,0.0401,0.0,9.71,0.0,0.0,4.856,0.6031,0.6029,6,0.5968,8,nan,0,0,0
g3scan,rq4graded,7.25,-1.0,eb0482,0.0482,tier0,1,12.8,1,0.21,20000,0.9599,0.0401,0.0,9.155,0.0,0.0,4.3078,0.5176,0.5164,7,0.5573,8,nan,0,0,0
g3scan,rq4graded,7.25,-1.0,eb0482,0.0482,tier0,1,12.8,1,0.22,20000,0.9599,0.0401,0.0,8.599,0.0001,0.012,3.7594,0.4496,0.4462,7,0.5215,8,nan,0,0,0
g3scan,rq4graded,7.25,-1.0,eb0482,0.0482,tier0,1,12.8,1,0.23,20000,0.9599,0.0401,0.0,8.064,0.0016,0.049,3.2308,0.4032,0.3986,7,0.4906,8,0.2965,0,0,0
g3scan,rq4graded,7.25,-1.0,eb0482,0.0482,tier0,1,12.8,1,0.24,20000,0.9599,0.0401,0.0001,7.534,0.0123,0.178,2.7137,0.366,0.3603,7,0.4622,8,0.2377,0,0,0
g3scan,rq4graded,7.25,-1.0,eb0482,0.0482,tier0,1,12.8,1,0.25,20000,0.9599,0.0401,0.0005,7.03,0.0394,0.394,2.2261,0.336,0.3296,7,0.4377,8,0.206,0,1,0
g3scan,rq4graded,7.25,-1.0,eb0482,0.0482,tier0,1,12.8,1,0.26,20000,0.9599,0.0401,0.0048,6.546,0.0803,0.688,1.7873,0.311,0.3042,7,0.4157,8,0.1823,0,1,0
g3scan,rq4graded,7.25,-1.0,eb0482,0.0482,tier0,1,12.8,1,0.27,20000,0.9599,0.0401,0.0193,6.081,0.1223,0.981,1.4321,0.2899,0.2828,7,0.3959,8,0.1635,0,1,0
g3scan,rq4graded,7.25,-1.0,eb0482,0.0482,tier0,1,12.8,1,0.28,20000,0.9599,0.0401,0.0488,5.642,0.155,1.215,1.1871,0.2719,0.2647,7,0.3775,8,0.1481,0,1,0
g3scan,rq4graded,7.25,-1.0,eb0482,0.0482,tier0,1,12.8,1,0.29,20000,0.9599,0.0401,0.092,5.226,0.1773,1.366,1.0329,0.2561,0.2487,7,0.3606,8,0.1349,0,1,0
g3scan,rq4graded,7.25,-1.0,eb0482,0.0482,tier0,1,12.8,1,0.3,20000,0.9599,0.0401,0.1423,4.841,0.1899,1.43,0.9383,0.2422,0.2348,7,0.3466,8,0.1241,0,1,0
g3scan,rq4graded,7.25,-1.0,eb0482,0.0482,tier0,1,12.8,1,0.31,20000,0.9599,0.0401,0.193,4.489,0.2003,1.514,0.8772,0.23,0.2227,7,0.3339,8,0.1152,1,1,1
g3scan,rq4graded,7.25,-1.0,eb0482,0.0482,tier0,1,12.8,1,0.32,20000,0.9599,0.0401,0.2444,4.163,0.2074,1.589,0.8403,0.2188,0.2115,7,0.3222,8,0.1074,1,0,0
g3scan,rq4graded,7.25,-1.0,eb0482,0.0482,tier0,1,12.8,1,0.33,20000,0.9599,0.0401,0.2925,3.868,0.2116,1.606,0.8147,0.2088,0.2016,7,0.3112,8,0.1009,1,0,0
g3scan,rq4graded,7.25,-1.0,eb0482,0.0482,tier0,1,12.8,1,0.34,20000,0.9599,0.0401,0.3379,3.601,0.214,1.609,0.8008,0.1996,0.1925,7,0.3038,8,0.0952,1,0,0
g3scan,rq4graded,7.25,-1.0,eb0482,0.0482,tier0,1,12.8,1,0.35,20000,0.9599,0.0401,0.3816,3.353,0.2129,1.598,0.8005,0.191,0.1842,7,0.2955,8,0.09,1,0,0
g3scan,rq4graded,7.25,-1.0,eb0482,0.0482,tier0,1,12.8,1,0.36,20000,0.9599,0.0401,0.4208,3.13,0.2154,1.63,0.7963,0.1834,0.1767,7,0.2866,8,0.0852,1,0,0
g3scan,rq4graded,7.25,-1.0,eb0482,0.0482,tier0,1,12.8,1,0.37,20000,0.9599,0.0401,0.4562,2.923,0.2179,1.662,0.7868,0.1761,0.1696,7,0.2796,8,0.081,1,0,0
g3scan,rq4graded,7.25,-1.0,eb0482,0.0482,tier0,1,12.8,1,0.38,20000,0.9599,0.0401,0.4886,2.738,0.2194,1.708,0.7845,0.1696,0.1633,7,0.2753,8,0.0774,1,0,0
g3scan,rq4graded,7.25,-1.0,eb0482,0.0482,tier0,1,12.8,1,0.39,20000,0.9599,0.0401,0.5192,2.567,0.2203,1.723,0.7839,0.1638,0.1575,7,0.2589,7,0.074,1,0,0
g3scan,rq4graded,7.25,-1.0,eb0482,0.0482,tier0,1,12.8,1,0.4,20000,0.9599,0.0401,0.5475,2.409,0.2186,1.648,0.7876,0.1582,0.152,7,0.2526,7,0.071,1,0,0
g3scan,rq4graded,7.25,-1.0,eb0482,0.0482,tier0,1,12.8,1,0.41,20000,0.9599,0.0401,0.5738,2.265,0.2141,1.557,0.7996,0.153,0.147,7,0.2462,7,0.0681,1,0,0
g3scan,rq4graded,7.25,-1.0,eb0482,0.0482,tier0,1,12.8,1,0.42,20000,0.9599,0.0401,0.5974,2.133,0.2132,1.524,0.8022,0.148,0.1421,7,0.2412,7,0.0656,1,0,0
g3scan,rq4graded,7.25,-1.0,eb0482,0.0482,tier0,1,12.8,1,0.43,20000,0.9599,0.0401,0.6197,2.007,0.217,1.594,0.8004,0.1433,0.1376,7,0.2375,7,0.063,1,0,0
g3scan,rq4graded,7.25,-1.0,eb0482,0.0482,tier0,1,12.8,1,0.44,20000,0.9599,0.0401,0.6394,1.893,0.2217,1.655,0.7929,0.1388,0.1333,7,0.2337,7,0.061,1,0,0
g3scan,rq4graded,7.25,-1.0,eb0482,0.0482,tier0,1,12.8,1,0.45,20000,0.9599,0.0401,0.6568,1.79,0.2253,1.695,0.7825,0.1346,0.1292,7,0.2293,7,0.0594,1,0,0
g3scan,rq4graded,7.25,-1.0,eb0482,0.0482,tier0,1,12.8,1,0.46,20000,0.9599,0.0401,0.6742,1.692,0.226,1.709,0.7845,0.1306,0.1253,7,0.2269,7,0.0574,1,0,0
g3scan,rq4graded,7.25,-1.0,eb0482,0.0482,tier0,1,12.8,1,0.47,20000,0.9599,0.0401,0.6908,1.599,0.2281,1.779,0.7907,0.1268,0.1217,7,0.2251,7,0.0556,1,0,0
g3scan,rq4graded,7.25,-1.0,eb0482,0.0482,tier0,1,12.8,1,0.48,20000,0.9599,0.0401,0.7072,1.514,0.2235,1.682,0.8091,0.1233,0.1183,7,0.2055,6,0.054,1,0,0
g3scan,rq4graded,7.25,-1.0,eb0482,0.0482,tier0,1,12.8,1,0.49,20000,0.9599,0.0401,0.7219,1.434,0.224,1.663,0.8148,0.1199,0.115,7,0.2031,6,0.0522,1,0,0
g3scan,rq4graded,7.25,-1.0,eb0482,0.0482,tier0,1,12.8,1,0.5,20000,0.9599,0.0401,0.7352,1.36,0.2197,1.593,0.8179,0.1165,0.1118,7,0.2009,6,0.0508,1,0,0
g3scan,rq4graded,7.25,-1.0,eb0482,0.0482,tier0,1,12.8,1,0.51,20000,0.9599,0.0401,0.7475,1.291,0.2216,1.652,0.8289,0.1136,0.1089,7,0.1974,6,0.0493,1,0,0
g3scan,rq4graded,7.25,-1.0,eb0482,0.0482,tier0,1,12.8,1,0.52,20000,0.9599,0.0401,0.7598,1.227,0.222,1.698,0.8452,0.1109,0.1063,7,0.1945,6,0.048,1,0,0
g3scan,rq4graded,7.25,-1.0,eb1168,0.11675778353879479,tier0,0,2.4,0,0.17,20000,0.692,0.308,0.0,19.681,0.0,nan,14.792,nan,nan,0,4.3656,4,nan,0,0,0
g3scan,rq4graded,7.25,-1.0,eb1168,0.11675778353879479,tier0,0,2.4,0,0.18,20000,0.692,0.308,0.0,19.593,0.0,nan,14.7044,nan,nan,0,4.1412,4,nan,0,0,0
g3scan,rq4graded,7.25,-1.0,eb1168,0.11675778353879479,tier0,0,2.4,0,0.19,20000,0.692,0.308,0.0,19.506,0.0,nan,14.6175,nan,nan,0,3.9398,4,nan,0,0,0
g3scan,rq4graded,7.25,-1.0,eb1168,0.11675778353879479,tier0,0,2.4,0,0.2,20000,0.692,0.308,0.0,19.42,0.0,nan,14.5311,nan,nan,0,3.8298,5,nan,0,0,0
g3scan,rq4graded,7.25,-1.0,eb1168,0.11675778353879479,tier0,0,2.4,0,0.21,20000,0.692,0.308,0.0,19.333,0.0,nan,14.4447,nan,nan,0,3.6583,5,nan,0,0,0
g3scan,rq4graded,7.25,-1.0,eb1168,0.11675778353879479,tier0,0,2.4,0,0.22,20000,0.692,0.308,0.0,19.247,0.0,nan,14.3586,nan,nan,0,3.5199,5,nan,0,0,0
g3scan,rq4graded,7.25,-1.0,eb1168,0.11675778353879479,tier0,0,2.4,0,0.23,20000,0.692,0.308,0.0,19.16,0.0,nan,14.2715,nan,nan,0,3.4113,6,nan,0,0,0
g3scan,rq4graded,7.25,-1.0,eb1168,0.11675778353879479,tier0,0,2.4,0,0.24,20000,0.692,0.308,0.0,19.07,0.0,nan,14.1818,nan,nan,0,3.2804,6,nan,0,0,0
g3scan,rq4graded,7.25,-1.0,eb1168,0.11675778353879479,tier0,0,2.4,0,0.25,20000,0.692,0.308,0.0,18.986,0.0,nan,14.097,nan,nan,0,3.1778,6,nan,0,0,0
g3scan,rq4graded,7.25,-1.0,eb1168,0.11675778353879479,tier0,0,2.4,0,0.26,20000,0.692,0.308,0.0,18.9,0.0,nan,14.0115,nan,nan,0,3.054,7,nan,0,0,0
g3scan,rq4graded,7.25,-1.0,eb1168,0.11675778353879479,tier0,0,2.4,0,0.27,20000,0.692,0.308,0.0,18.814,0.0,nan,13.9257,nan,nan,0,2.9626,7,nan,0,0,0
g3scan,rq4graded,7.25,-1.0,eb1168,0.11675778353879479,tier0,0,2.4,0,0.28,20000,0.692,0.308,0.0,18.728,0.0,nan,13.8398,nan,nan,0,2.8756,7,nan,0,0,0
g3scan,rq4graded,7.25,-1.0,eb1168,0.11675778353879479,tier0,0,2.4,0,0.29,20000,0.692,0.308,0.0,18.644,0.0,nan,13.7553,nan,nan,0,2.7498,8,nan,0,0,0
g3scan,rq4graded,7.25,-1.0,eb1168,0.11675778353879479,tier0,0,2.4,0,0.3,20000,0.692,0.308,0.0,18.558,0.0,nan,13.6694,nan,nan,0,2.6844,8,nan,0,0,0
g3scan,rq4graded,7.25,-1.0,eb1168,0.11675778353879479,tier0,0,2.4,0,0.31,20000,0.692,0.308,0.0,18.473,0.0,nan,13.5844,nan,nan,0,2.6153,8,nan,0,0,0
g3scan,rq4graded,7.25,-1.0,eb1168,0.11675778353879479,tier0,0,2.4,0,0.32,20000,0.692,0.308,0.0,18.388,0.0,nan,13.4995,nan,nan,0,2.5593,8,nan,0,0,0
g3scan,rq4graded,7.25,-1.0,eb1168,0.11675778353879479,tier0,0,2.4,0,0.33,20000,0.692,0.308,0.0,18.304,0.0,nan,13.4153,nan,nan,0,2.5074,8,nan,0,0,0
g3scan,rq4graded,7.25,-1.0,eb1168,0.11675778353879479,tier0,0,2.4,0,0.34,20000,0.692,0.308,0.0,18.22,0.0,nan,13.3313,nan,nan,0,2.4591,8,nan,0,0,0
g3scan,rq4graded,7.25,-1.0,eb1168,0.11675778353879479,tier0,0,2.4,0,0.35,20000,0.692,0.308,0.0,18.135,0.0,nan,13.2459,1.6225,1.6225,1,2.4092,8,nan,0,0,0
g3scan,rq4graded,7.25,-1.0,eb1168,0.11675778353879479,tier0,0,2.4,0,0.36,20000,0.692,0.308,0.0,18.052,0.0,nan,13.163,1.5637,1.5637,1,2.3686,8,nan,0,0,0
g3scan,rq4graded,7.25,-1.0,eb1168,0.11675778353879479,tier0,0,2.4,0,0.37,20000,0.692,0.308,0.0,17.969,0.0,nan,13.0802,1.5096,1.5096,1,2.3269,8,nan,0,0,0
g3scan,rq4graded,7.25,-1.0,eb1168,0.11675778353879479,tier0,0,2.4,0,0.38,20000,0.692,0.308,0.0,17.881,0.0,nan,12.9921,1.393,1.3903,2,2.2868,8,nan,0,0,0
g3scan,rq4graded,7.25,-1.0,eb1168,0.11675778353879479,tier0,0,2.4,0,0.39,20000,0.692,0.308,0.0,17.798,0.0,0.0,12.9089,1.3635,1.3607,2,2.25,8,nan,0,0,0
g3scan,rq4graded,7.25,-1.0,eb1168,0.11675778353879479,tier0,0,2.4,0,0.4,20000,0.692,0.308,0.0,17.716,0.0,0.0,12.8277,1.3285,1.3254,2,2.2162,8,nan,0,0,0
g3scan,rq4graded,7.25,-1.0,eb1168,0.11675778353879479,tier0,0,2.4,0,0.41,20000,0.692,0.308,0.0,17.63,0.0,0.0,12.741,1.2257,1.2196,3,2.1821,8,nan,0,0,0
g3scan,rq4graded,7.25,-1.0,eb1168,0.11675778353879479,tier0,0,2.4,0,0.42,20000,0.692,0.308,0.0,17.546,0.0001,1.0,12.6572,1.2002,1.1941,3,2.151,8,nan,0,0,0
g3scan,rq4graded,7.25,-1.0,eb1168,0.11675778353879479,tier0,0,2.4,0,0.43,20000,0.692,0.308,0.0,17.459,0.0001,3.0,12.5706,1.1763,1.1698,3,2.1199,8,nan,0,0,0
g3scan,rq4graded,7.25,-1.0,eb1168,0.11675778353879479,tier0,0,2.4,0,0.44,20000,0.692,0.308,0.0,17.377,0.0001,2.0,12.4888,1.0826,1.0704,4,2.0913,8,nan,0,0,0
g3scan,rq4graded,7.25,-1.0,eb1168,0.11675778353879479,tier0,0,2.4,0,0.45,20000,0.692,0.308,0.0,17.296,0.0001,1.333,12.4074,1.0651,1.0529,4,2.0654,8,nan,0,0,0
g3scan,rq4graded,7.25,-1.0,eb1168,0.11675778353879479,tier0,0,2.4,0,0.46,20000,0.692,0.308,0.0,17.211,0.0001,0.5,12.3228,1.0459,1.0339,4,2.0394,8,nan,0,0,0
g3scan,rq4graded,7.25,-1.0,eb1168,0.11675778353879479,tier0,0,2.4,0,0.47,20000,0.692,0.308,0.0001,17.128,0.0,0.111,12.2413,0.9583,0.9384,5,2.0155,8,nan,0,0,0
g3scan,rq4graded,7.25,-1.0,eb1168,0.11675778353879479,tier0,0,2.4,0,0.48,20000,0.692,0.308,0.0001,17.046,0.0001,0.3,12.1592,0.9435,0.9238,5,1.9925,8,nan,0,0,0
g3scan,rq4graded,7.25,-1.0,eb1168,0.11675778353879479,tier0,0,2.4,0,0.49,20000,0.692,0.308,0.0001,16.962,0.0001,0.231,12.0754,0.864,0.8342,6,1.9698,8,nan,0,0,0
g3scan,rq4graded,7.25,-1.0,eb1168,0.11675778353879479,tier0,0,2.4,0,0.5,20000,0.692,0.308,0.0001,16.878,0.0002,0.375,11.9919,0.847,0.8173,6,1.9484,8,nan,0,0,0
g3scan,rq4graded,7.25,-1.0,eb1168,0.11675778353879479,tier0,0,2.4,0,0.51,20000,0.692,0.308,0.0001,16.796,0.0003,0.529,11.9099,0.8331,0.8036,6,1.9273,8,nan,0,0,0
g3scan,rq4graded,7.25,-1.0,eb1168,0.11675778353879479,tier0,0,2.4,0,0.52,20000,0.692,0.308,0.0001,16.714,0.0004,0.667,11.828,0.821,0.7924,6,1.9076,8,nan,0,0,0
g3scan,rq4graded,7.25,-1.0,eb1168,0.11675778353879479,tier0,0,3.2,0,0.17,20000,0.692,0.308,0.0,18.505,0.0,nan,13.6166,nan,nan,0,3.2196,5,nan,0,0,0
g3scan,rq4graded,7.25,-1.0,eb1168,0.11675778353879479,tier0,0,3.2,0,0.18,20000,0.692,0.308,0.0,18.352,0.0,nan,13.4631,nan,nan,0,3.0906,6,nan,0,0,0
g3scan,rq4graded,7.25,-1.0,eb1168,0.11675778353879479,tier0,0,3.2,0,0.19,20000,0.692,0.308,0.0,18.199,0.0,nan,13.3109,nan,nan,0,2.9248,6,nan,0,0,0
g3scan,rq4graded,7.25,-1.0,eb1168,0.11675778353879479,tier0,0,3.2,0,0.2,20000,0.692,0.308,0.0,18.047,0.0,nan,13.1586,nan,nan,0,2.7927,7,nan,0,0,0
g3scan,rq4graded,7.25,-1.0,eb1168,0.11675778353879479,tier0,0,3.2,0,0.21,20000,0.692,0.308,0.0,17.898,0.0,nan,13.0095,nan,nan,0,2.6616,7,nan,0,0,0
g3scan,rq4graded,7.25,-1.0,eb1168,0.11675778353879479,tier0,0,3.2,0,0.22,20000,0.692,0.308,0.0,17.744,0.0,nan,12.8554,nan,nan,0,2.5339,8,nan,0,0,0
g3scan,rq4graded,7.25,-1.0,eb1168,0.11675778353879479,tier0,0,3.2,0,0.23,20000,0.692,0.308,0.0,17.592,0.0,nan,12.7034,nan,nan,0,2.4231,8,nan,0,0,0
g3scan,rq4graded,7.25,-1.0,eb1168,0.11675778353879479,tier0,0,3.2,0,0.24,20000,0.692,0.308,0.0,17.446,0.0,nan,12.557,nan,nan,0,2.3394,8,nan,0,0,0
g3scan,rq4graded,7.25,-1.0,eb1168,0.11675778353879479,tier0,0,3.2,0,0.25,20000,0.692,0.308,0.0,17.293,0.0,nan,12.404,nan,nan,0,2.2558,8,nan,0,0,0
g3scan,rq4graded,7.25,-1.0,eb1168,0.11675778353879479,tier0,0,3.2,0,0.26,20000,0.692,0.308,0.0,17.145,0.0,nan,12.2563,1.7003,1.7003,1,2.1852,8,nan,0,0,0
g3scan,rq4graded,7.25,-1.0,eb1168,0.11675778353879479,tier0,0,3.2,0,0.27,20000,0.692,0.308,0.0,16.994,0.0,nan,12.1053,1.5875,1.5875,1,2.1194,8,nan,0,0,0
g3scan,rq4graded,7.25,-1.0,eb1168,0.11675778353879479,tier0,0,3.2,0,0.28,20000,0.692,0.308,0.0,16.844,0.0,nan,11.955,1.443,1.442,2,2.0595,8,nan,0,0,0
g3scan,rq4graded,7.25,-1.0,eb1168,0.11675778353879479,tier0,0,3.2,0,0.29,20000,0.692,0.308,0.0,16.696,0.0,nan,11.8078,1.3755,1.3736,2,2.0034,8,nan,0,0,0
g3scan,rq4graded,7.25,-1.0,eb1168,0.11675778353879479,tier0,0,3.2,0,0.3,20000,0.692,0.308,0.0,16.549,0.0,nan,11.6602,1.3119,1.3098,2,1.953,8,nan,0,0,0
g3scan,rq4graded,7.25,-1.0,eb1168,0.11675778353879479,tier0,0,3.2,0,0.31,20000,0.692,0.308,0.0,16.4,0.0,nan,11.5113,1.2108,1.2068,3,1.9063,8,nan,0,0,0
g3scan,rq4graded,7.25,-1.0,eb1168,0.11675778353879479,tier0,0,3.2,0,0.32,20000,0.692,0.308,0.0,16.252,0.0,0.0,11.3637,1.1617,1.1567,3,1.8632,8,nan,0,0,0
g3scan,rq4graded,7.25,-1.0,eb1168,0.11675778353879479,tier0,0,3.2,0,0.33,20000,0.692,0.308,0.0,16.107,0.0,0.0,11.2184,1.0681,1.0596,4,1.8245,8,nan,0,0,0
g3scan,rq4graded,7.25,-1.0,eb1168,0.11675778353879479,tier0,0,3.2,0,0.34,20000,0.692,0.308,0.0,15.956,0.0,0.333,11.0671,1.029,1.0201,4,1.7861,8,nan,0,0,0
g3scan,rq4graded,7.25,-1.0,eb1168,0.11675778353879479,tier0,0,3.2,0,0.35,20000,0.692,0.308,0.0,15.807,0.0001,1.0,10.9186,0.9406,0.9266,5,1.7506,8,nan,0,0,0
g3scan,rq4graded,7.25,-1.0,eb1168,0.11675778353879479,tier0,0,3.2,0,0.36,20000,0.692,0.308,0.0,15.661,0.0001,0.667,10.7725,0.9094,0.8952,5,1.7186,8,nan,0,0,0
g3scan,rq4graded,7.25,-1.0,eb1168,0.11675778353879479,tier0,0,3.2,0,0.37,20000,0.692,0.308,0.0,15.516,0.0001,0.333,10.6271,0.8285,0.8062,6,1.6875,8,nan,0,0,0
g3scan,rq4graded,7.25,-1.0,eb1168,0.11675778353879479,tier0,0,3.2,0,0.38,20000,0.692,0.308,0.0001,15.369,0.0002,0.312,10.4818,0.8042,0.7821,6,1.6591,8,nan,0,0,0
g3scan,rq4graded,7.25,-1.0,eb1168,0.11675778353879479,tier0,0,3.2,0,0.39,20000,0.692,0.308,0.0001,15.222,0.0003,0.333,10.3347,0.7269,0.6922,7,1.6311,8,nan,0,0,0
g3scan,rq4graded,7.25,-1.0,eb1168,0.11675778353879479,tier0,0,3.2,0,0.4,20000,0.692,0.308,0.0001,15.077,0.0004,0.387,10.1905,0.7066,0.6713,7,1.6048,8,nan,0,0,0
g3scan,rq4graded,7.25,-1.0,eb1168,0.11675778353879479,tier0,0,3.2,0,0.41,20000,0.692,0.308,0.0001,14.932,0.0007,0.375,10.0452,0.6872,0.652,7,1.5796,8,nan,0,0,0
g3scan,rq4graded,7.25,-1.0,eb1168,0.11675778353879479,tier0,0,3.2,0,0.42,20000,0.692,0.308,0.0002,14.784,0.0009,0.358,9.8988,0.6704,0.6356,7,1.5539,8,0.2796,0,0,0
g3scan,rq4graded,7.25,-1.0,eb1168,0.11675778353879479,tier0,0,3.2,0,0.43,20000,0.692,0.308,0.0003,14.641,0.0013,0.389,9.7562,0.655,0.6207,7,1.5313,8,0.2656,0,0,0
g3scan,rq4graded,7.25,-1.0,eb1168,0.11675778353879479,tier0,0,3.2,0,0.44,20000,0.692,0.308,0.0005,14.496,0.0017,0.407,9.6146,0.6408,0.6065,7,1.5095,8,0.2553,0,0,0
g3scan,rq4graded,7.25,-1.0,eb1168,0.11675778353879479,tier0,0,3.2,0,0.45,20000,0.692,0.308,0.0007,14.352,0.0025,0.453,9.4726,0.6277,0.5935,7,1.4897,8,0.2445,0,0,0
g3scan,rq4graded,7.25,-1.0,eb1168,0.11675778353879479,tier0,0,3.2,0,0.46,20000,0.692,0.308,0.001,14.209,0.0034,0.565,9.3346,0.6156,0.5814,7,1.4693,8,0.2363,0,0,0
g3scan,rq4graded,7.25,-1.0,eb1168,0.11675778353879479,tier0,0,3.2,0,0.47,20000,0.692,0.308,0.0012,14.066,0.0042,0.547,9.1941,0.6037,0.5696,7,1.4501,8,0.2331,0,0,0
g3scan,rq4graded,7.25,-1.0,eb1168,0.11675778353879479,tier0,0,3.2,0,0.48,20000,0.692,0.308,0.0018,13.922,0.0058,0.764,9.0576,0.5923,0.5588,7,1.4321,8,0.2256,0,0,0
g3scan,rq4graded,7.25,-1.0,eb1168,0.11675778353879479,tier0,0,3.2,0,0.49,20000,0.692,0.308,0.0023,13.779,0.007,0.73,8.9219,0.5811,0.5477,7,1.4141,8,0.2211,0,0,0
g3scan,rq4graded,7.25,-1.0,eb1168,0.11675778353879479,tier0,0,3.2,0,0.5,20000,0.692,0.308,0.0032,13.64,0.0078,0.702,8.7955,0.5713,0.5381,7,1.3976,8,0.2171,0,0,0
g3scan,rq4graded,7.25,-1.0,eb1168,0.11675778353879479,tier0,0,3.2,0,0.51,20000,0.692,0.308,0.0043,13.5,0.0091,0.787,8.6701,0.5616,0.5285,7,1.3805,8,0.2125,0,0,0
g3scan,rq4graded,7.25,-1.0,eb1168,0.11675778353879479,tier0,0,3.2,0,0.52,20000,0.692,0.308,0.0052,13.363,0.0102,0.767,8.5442,0.5525,0.5197,7,1.3647,8,0.2091,0,0,0
g3scan,rq4graded,7.25,-1.0,eb1168,0.11675778353879479,tier0,0,4.8,0,0.17,20000,0.692,0.308,0.0,16.297,0.0,nan,11.4084,nan,nan,0,2.1499,8,nan,0,0,0
g3scan,rq4graded,7.25,-1.0,eb1168,0.11675778353879479,tier0,0,4.8,0,0.18,20000,0.692,0.308,0.0,16.027,0.0,nan,11.1383,nan,nan,0,1.9977,8,nan,0,0,0
g3scan,rq4graded,7.25,-1.0,eb1168,0.11675778353879479,tier0,0,4.8,0,0.19,20000,0.692,0.308,0.0,15.752,0.0,nan,10.8635,nan,nan,0,1.8771,8,nan,0,0,0
g3scan,rq4graded,7.25,-1.0,eb1168,0.11675778353879479,tier0,0,4.8,0,0.2,20000,0.692,0.308,0.0,15.48,0.0,nan,10.5917,1.6791,1.6791,1,1.7728,8,nan,0,0,0
g3scan,rq4graded,7.25,-1.0,eb1168,0.11675778353879479,tier0,0,4.8,0,0.21,20000,0.692,0.308,0.0,15.211,0.0,nan,10.3223,1.4858,1.4858,2,1.6814,8,nan,0,0,0
g3scan,rq4graded,7.25,-1.0,eb1168,0.11675778353879479,tier0,0,4.8,0,0.22,20000,0.692,0.308,0.0,14.94,0.0,nan,10.0515,1.3393,1.3387,2,1.6035,8,nan,0,0,0
g3scan,rq4graded,7.25,-1.0,eb1168,0.11675778353879479,tier0,0,4.8,0,0.23,20000,0.692,0.308,0.0,14.668,0.0,nan,9.7793,1.2246,1.2237,3,1.5341,8,nan,0,0,0
g3scan,rq4graded,7.25,-1.0,eb1168,0.11675778353879479,tier0,0,4.8,0,0.24,20000,0.692,0.308,0.0,14.4,0.0,nan,9.5119,1.1202,1.1182,3,1.4724,8,nan,0,0,0
g3scan,rq4graded,7.25,-1.0,eb1168,0.11675778353879479,tier0,0,4.8,0,0.25,20000,0.692,0.308,0.0,14.128,0.0,nan,9.2422,1.0125,1.0091,4,1.4171,8,nan,0,0,0
g3scan,rq4graded,7.25,-1.0,eb1168,0.11675778353879479,tier0,0,4.8,0,0.26,20000,0.692,0.308,0.0,13.856,0.0,0.0,8.9725,0.914,0.9081,5,1.3665,8,nan,0,0,0
g3scan,rq4graded,7.25,-1.0,eb1168,0.11675778353879479,tier0,0,4.8,0,0.27,20000,0.692,0.308,0.0,13.586,0.0,0.0,8.7027,0.8525,0.845,5,1.3211,8,nan,0,0,0
g3scan,rq4graded,7.25,-1.0,eb1168,0.11675778353879479,tier0,0,4.8,0,0.28,20000,0.692,0.308,0.0,13.315,0.0001,0.4,8.4329,0.7689,0.757,6,1.2784,8,nan,0,0,0
g3scan,rq4graded,7.25,-1.0,eb1168,0.11675778353879479,tier0,0,4.8,0,0.29,20000,0.692,0.308,0.0,13.046,0.0001,0.267,8.1644,0.7269,0.7134,6,1.2393,8,nan,0,0,0
g3scan,rq4graded,7.25,-1.0,eb1168,0.11675778353879479,tier0,0,4.8,0,0.3,20000,0.692,0.308,0.0,12.776,0.0003,0.219,7.8951,0.6496,0.6277,7,1.2029,8,nan,0,0,0
g3scan,rq4graded,7.25,-1.0,eb1168,0.11675778353879479,tier0,0,4.8,0,0.31,20000,0.692,0.308,0.0001,12.508,0.0005,0.203,7.6279,0.6186,0.5956,7,1.1689,8,nan,0,0,0
g3scan,rq4graded,7.25,-1.0,eb1168,0.11675778353879479,tier0,0,4.8,0,0.32,20000,0.692,0.308,0.0001,12.237,0.0009,0.203,7.3588,0.5914,0.5686,7,1.1379,8,0.2821,0,0,0
g3scan,rq4graded,7.25,-1.0,eb1168,0.11675778353879479,tier0,0,4.8,0,0.33,20000,0.692,0.308,0.0002,11.974,0.002,0.262,7.0963,0.5679,0.5449,7,1.11,8,0.261,0,0,0
g3scan,rq4graded,7.25,-1.0,eb1168,0.11675778353879479,tier0,0,4.8,0,0.34,20000,0.692,0.308,0.0005,11.705,0.0039,0.374,6.8304,0.5463,0.5235,7,1.0818,8,0.2418,0,0,0
g3scan,rq4graded,7.25,-1.0,eb1168,0.11675778353879479,tier0,0,4.8,0,0.35,20000,0.692,0.308,0.0009,11.443,0.0067,0.479,6.5748,0.5272,0.5043,7,1.0564,8,0.2291,0,0,0
g3scan,rq4graded,7.25,-1.0,eb1168,0.11675778353879479,tier0,0,4.8,0,0.36,20000,0.692,0.308,0.0014,11.18,0.0097,0.548,6.3221,0.509,0.4864,7,1.0319,8,0.2206,0,0,0
g3scan,rq4graded,7.25,-1.0,eb1168,0.11675778353879479,tier0,0,4.8,0,0.37,20000,0.692,0.308,0.0029,10.924,0.0134,0.618,6.0841,0.4933,0.4705,7,1.0101,8,0.2116,0,0,0
g3scan,rq4graded,7.25,-1.0,eb1168,0.11675778353879479,tier0,0,4.8,0,0.38,20000,0.692,0.308,0.0048,10.665,0.0177,0.663,5.8481,0.4781,0.4555,7,0.9885,8,0.2033,0,0,0
g3scan,rq4graded,7.25,-1.0,eb1168,0.11675778353879479,tier0,0,4.8,0,0.39,20000,0.692,0.308,0.008,10.415,0.0219,0.683,5.6322,0.4649,0.4423,7,0.9689,8,0.1947,0,0,0
g3scan,rq4graded,7.25,-1.0,eb1168,0.11675778353879479,tier0,0,4.8,0,0.4,20000,0.692,0.308,0.0116,10.166,0.0268,0.737,5.4202,0.4522,0.43,7,0.9496,8,0.1868,0,0,0
g3scan,rq4graded,7.25,-1.0,eb1168,0.11675778353879479,tier0,0,4.8,0,0.41,20000,0.692,0.308,0.0159,9.918,0.0331,0.806,5.2147,0.4405,0.4183,7,0.9309,8,0.1801,0,0,0
g3scan,rq4graded,7.25,-1.0,eb1168,0.11675778353879479,tier0,0,4.8,0,0.42,20000,0.692,0.308,0.022,9.675,0.0393,0.899,5.029,0.4295,0.4075,7,0.9134,8,0.1733,0,0,0
g3scan,rq4graded,7.25,-1.0,eb1168,0.11675778353879479,tier0,0,4.8,0,0.43,20000,0.692,0.308,0.0279,9.446,0.0445,0.921,4.854,0.4194,0.3977,7,0.8978,8,0.1682,0,0,0
g3scan,rq4graded,7.25,-1.0,eb1168,0.11675778353879479,tier0,0,4.8,0,0.44,20000,0.692,0.308,0.0355,9.209,0.0518,1.059,4.6858,0.41,0.3884,7,0.8831,8,0.1629,0,0,0
g3scan,rq4graded,7.25,-1.0,eb1168,0.11675778353879479,tier0,0,4.8,0,0.45,20000,0.692,0.308,0.0442,8.982,0.0566,1.09,4.5359,0.4009,0.3797,7,0.8707,8,0.1579,0,0,0
g3scan,rq4graded,7.25,-1.0,eb1168,0.11675778353879479,tier0,0,4.8,0,0.46,20000,0.692,0.308,0.0541,8.763,0.0609,1.099,4.4063,0.3924,0.3712,7,0.8582,8,0.1541,0,0,0
g3scan,rq4graded,7.25,-1.0,eb1168,0.11675778353879479,tier0,0,4.8,0,0.47,20000,0.692,0.308,0.0643,8.547,0.0654,1.138,4.2803,0.3844,0.3633,7,0.846,8,0.1506,0,0,0
g3scan,rq4graded,7.25,-1.0,eb1168,0.11675778353879479,tier0,0,4.8,0,0.48,20000,0.692,0.308,0.0751,8.333,0.0692,1.114,4.1602,0.3768,0.3558,7,0.8339,8,0.1472,0,0,0
g3scan,rq4graded,7.25,-1.0,eb1168,0.11675778353879479,tier0,0,4.8,0,0.49,20000,0.692,0.308,0.0874,8.129,0.0721,1.143,4.0612,0.3699,0.3491,7,0.8234,8,0.1435,0,0,0
g3scan,rq4graded,7.25,-1.0,eb1168,0.11675778353879479,tier0,0,4.8,0,0.5,20000,0.692,0.308,0.0992,7.926,0.0763,1.165,3.9551,0.363,0.3424,7,0.8139,8,0.1406,0,0,0
g3scan,rq4graded,7.25,-1.0,eb1168,0.11675778353879479,tier0,0,4.8,0,0.51,20000,0.692,0.308,0.1115,7.73,0.0808,1.236,3.8589,0.3563,0.336,7,0.8052,8,0.1369,0,0,0
g3scan,rq4graded,7.25,-1.0,eb1168,0.11675778353879479,tier0,0,4.8,0,0.52,20000,0.692,0.308,0.124,7.541,0.085,1.302,3.7698,0.3504,0.3302,7,0.7981,8,0.1333,0,0,0
g3scan,rq4graded,7.25,-1.0,eb1168,0.11675778353879479,tier0,0,6.4,0,0.17,20000,0.692,0.308,0.0,14.509,0.0,nan,9.6295,1.8293,1.8293,1,1.54,8,nan,0,0,0
g3scan,rq4graded,7.25,-1.0,eb1168,0.11675778353879479,tier0,0,6.4,0,0.18,20000,0.692,0.308,0.0,14.137,0.0,nan,9.2632,1.5186,1.5186,1,1.4257,8,nan,0,0,0
g3scan,rq4graded,7.25,-1.0,eb1168,0.11675778353879479,tier0,0,6.4,0,0.19,20000,0.692,0.308,0.0,13.762,0.0,nan,8.8953,1.3465,1.3465,2,1.3314,8,nan,0,0,0
g3scan,rq4graded,7.25,-1.0,eb1168,0.11675778353879479,tier0,0,6.4,0,0.2,20000,0.692,0.308,0.0,13.387,0.0,nan,8.5232,1.1944,1.1942,3,1.2501,8,nan,0,0,0
g3scan,rq4graded,7.25,-1.0,eb1168,0.11675778353879479,tier0,0,6.4,0,0.21,20000,0.692,0.308,0.0,13.011,0.0,nan,8.1495,1.058,1.0575,3,1.1797,8,nan,0,0,0
g3scan,rq4graded,7.25,-1.0,eb1168,0.11675778353879479,tier0,0,6.4,0,0.22,20000,0.692,0.308,0.0,12.639,0.0,nan,7.7781,0.9402,0.9389,4,1.1191,8,nan,0,0,0
g3scan,rq4graded,7.25,-1.0,eb1168,0.11675778353879479,tier0,0,6.4,0,0.23,20000,0.692,0.308,0.0,12.265,0.0,nan,7.4052,0.8385,0.8355,5,1.0674,8,nan,0,0,0
g3scan,rq4graded,7.25,-1.0,eb1168,0.11675778353879479,tier0,0,6.4,0,0.24,20000,0.692,0.308,0.0,11.891,0.0,0.0,7.0419,0.7412,0.7353,6,1.0224,8,nan,0,0,0
g3scan,rq4graded,7.25,-1.0,eb1168,0.11675778353879479,tier0,0,6.4,0,0.25,20000,0.692,0.308,0.0,11.518,0.0,0.0,6.677,0.6811,0.6735,6,0.9828,8,nan,0,0,0
g3scan,rq4graded,7.25,-1.0,eb1168,0.11675778353879479,tier0,0,6.4,0,0.26,20000,0.692,0.308,0.0,11.144,0.0001,0.133,6.3094,0.6013,0.5881,7,0.9491,8,nan,0,0,0
g3scan,rq4graded,7.25,-1.0,eb1168,0.11675778353879479,tier0,0,6.4,0,0.27,20000,0.692,0.308,0.0,10.769,0.0004,0.118,5.9376,0.5598,0.5449,7,0.9183,8,nan,0,0,0
g3scan,rq4graded,7.25,-1.0,eb1168,0.11675778353879479,tier0,0,6.4,0,0.28,20000,0.692,0.308,0.0001,10.403,0.001,0.125,5.5755,0.527,0.5116,7,0.8976,8,0.2882,0,0,0
g3scan,rq4graded,7.25,-1.0,eb1168,0.11675778353879479,tier0,0,6.4,0,0.29,20000,0.692,0.308,0.0001,10.033,0.0032,0.215,5.216,0.4981,0.4824,7,0.8771,8,0.2512,0,0,0
g3scan,rq4graded,7.25,-1.0,eb1168,0.11675778353879479,tier0,0,6.4,0,0.3,20000,0.692,0.308,0.0005,9.671,0.0076,0.349,4.8687,0.473,0.4572,7,0.8576,8,0.2304,0,0,0
g3scan,rq4graded,7.25,-1.0,eb1168,0.11675778353879479,tier0,0,6.4,0,0.31,20000,0.692,0.308,0.0011,9.313,0.0137,0.442,4.5247,0.4506,0.4345,7,0.8438,8,0.2173,0,0,0
g3scan,rq4graded,7.25,-1.0,eb1168,0.11675778353879479,tier0,0,6.4,0,0.32,20000,0.692,0.308,0.003,8.961,0.0218,0.534,4.1966,0.4307,0.4145,7,0.8355,8,0.2039,0,0,0
g3scan,rq4graded,7.25,-1.0,eb1168,0.11675778353879479,tier0,0,6.4,0,0.33,20000,0.692,0.308,0.0065,8.615,0.0312,0.604,3.8879,0.413,0.3968,7,0.8221,8,0.1909,0,0,0
g3scan,rq4graded,7.25,-1.0,eb1168,0.11675778353879479,tier0,0,6.4,0,0.34,20000,0.692,0.308,0.0125,8.271,0.0431,0.737,3.6119,0.3969,0.3808,7,0.8208,8,0.1797,0,0,0
g3scan,rq4graded,7.25,-1.0,eb1168,0.11675778353879479,tier0,0,6.4,0,0.35,20000,0.692,0.308,0.0205,7.943,0.0544,0.836,3.3591,0.3825,0.3665,7,0.8177,8,0.1702,0,0,0
g3scan,rq4graded,7.25,-1.0,eb1168,0.11675778353879479,tier0,0,6.4,0,0.36,20000,0.692,0.308,0.0303,7.621,0.0683,0.974,3.1216,0.3692,0.3533,7,0.8106,8,0.1618,0,0,0
g3scan,rq4graded,7.25,-1.0,eb1168,0.11675778353879479,tier0,0,6.4,0,0.37,20000,0.692,0.308,0.0439,7.305,0.0792,1.047,2.9127,0.3568,0.3409,7,0.8031,8,0.1553,0,0,0
g3scan,rq4graded,7.25,-1.0,eb1168,0.11675778353879479,tier0,0,6.4,0,0.38,20000,0.692,0.308,0.0604,7.004,0.0872,1.076,2.7469,0.3456,0.3299,7,0.7983,8,0.1488,0,1,0
g3scan,rq4graded,7.25,-1.0,eb1168,0.11675778353879479,tier0,0,6.4,0,0.39,20000,0.692,0.308,0.0774,6.713,0.0968,1.143,2.5896,0.3355,0.3199,7,0.8013,8,0.1432,0,1,0
g3scan,rq4graded,7.25,-1.0,eb1168,0.11675778353879479,tier0,0,6.4,0,0.4,20000,0.692,0.308,0.0978,6.426,0.1053,1.219,2.4534,0.3256,0.3102,7,0.7944,8,0.1377,0,1,0
g3scan,rq4graded,7.25,-1.0,eb1168,0.11675778353879479,tier0,0,6.4,0,0.41,20000,0.692,0.308,0.1186,6.158,0.1115,1.245,2.3315,0.3163,0.3012,7,0.8024,8,0.1322,0,1,0
g3scan,rq4graded,7.25,-1.0,eb1168,0.11675778353879479,tier0,0,6.4,0,0.42,20000,0.692,0.308,0.1389,5.899,0.119,1.295,2.2167,0.3074,0.2927,7,0.8043,8,0.1275,0,1,0
g3scan,rq4graded,7.25,-1.0,eb1168,0.11675778353879479,tier0,0,6.4,0,0.43,20000,0.692,0.308,0.1617,5.648,0.1231,1.278,2.127,0.2993,0.2849,7,0.7172,7,0.1232,0,1,0
g3scan,rq4graded,7.25,-1.0,eb1168,0.11675778353879479,tier0,0,6.4,0,0.44,20000,0.692,0.308,0.1841,5.41,0.1281,1.321,2.0439,0.2917,0.2776,7,0.7141,7,0.1193,0,1,0
g3scan,rq4graded,7.25,-1.0,eb1168,0.11675778353879479,tier0,0,6.4,0,0.45,20000,0.692,0.308,0.2064,5.181,0.1326,1.35,1.963,0.2844,0.2706,7,0.7184,7,0.1159,0,1,0
g3scan,rq4graded,7.25,-1.0,eb1168,0.11675778353879479,tier0,0,6.4,0,0.46,20000,0.692,0.308,0.2294,4.961,0.1363,1.377,1.891,0.2772,0.2637,7,0.7222,7,0.1123,0,1,0
g3scan,rq4graded,7.25,-1.0,eb1168,0.11675778353879479,tier0,0,6.4,0,0.47,20000,0.692,0.308,0.2503,4.753,0.1416,1.412,1.8217,0.2704,0.2573,7,0.7278,7,0.1096,0,1,0
g3scan,rq4graded,7.25,-1.0,eb1168,0.11675778353879479,tier0,0,6.4,0,0.48,20000,0.692,0.308,0.2723,4.554,0.1434,1.398,1.7664,0.264,0.2512,7,0.725,7,0.1067,0,1,0
g3scan,rq4graded,7.25,-1.0,eb1168,0.11675778353879479,tier0,0,6.4,0,0.49,20000,0.692,0.308,0.2931,4.362,0.1471,1.415,1.7058,0.2579,0.2454,7,0.7296,7,0.1042,0,0,0
g3scan,rq4graded,7.25,-1.0,eb1168,0.11675778353879479,tier0,0,6.4,0,0.5,20000,0.692,0.308,0.314,4.182,0.1489,1.403,1.6543,0.2528,0.2404,7,0.7394,7,0.1016,0,0,0
g3scan,rq4graded,7.25,-1.0,eb1168,0.11675778353879479,tier0,0,6.4,0,0.51,20000,0.692,0.308,0.3342,4.008,0.1521,1.409,1.6067,0.2475,0.2352,7,0.7431,7,0.0991,0,0,0
g3scan,rq4graded,7.25,-1.0,eb1168,0.11675778353879479,tier0,0,6.4,0,0.52,20000,0.692,0.308,0.3544,3.836,0.1543,1.385,1.5634,0.2416,0.2298,7,0.6453,6,0.0967,0,0,0
g3scan,rq4graded,7.25,-1.0,eb1168,0.11675778353879479,tier0,0,9.6,1,0.17,20000,0.692,0.308,0.0,11.935,0.0,nan,7.1573,1.1713,1.1712,2,1.0273,8,nan,0,0,0
g3scan,rq4graded,7.25,-1.0,eb1168,0.11675778353879479,tier0,0,9.6,1,0.18,20000,0.692,0.308,0.0,11.407,0.0,nan,6.6555,1.015,1.0148,3,0.9715,8,nan,0,0,0
g3scan,rq4graded,7.25,-1.0,eb1168,0.11675778353879479,tier0,0,9.6,1,0.19,20000,0.692,0.308,0.0,10.884,0.0,nan,6.163,0.8783,0.8782,4,0.9381,8,nan,0,0,0
g3scan,rq4graded,7.25,-1.0,eb1168,0.11675778353879479,tier0,0,9.6,1,0.2,20000,0.692,0.308,0.0,10.358,0.0,nan,5.6544,0.7595,0.7594,5,0.8347,7,nan,0,0,0
g3scan,rq4graded,7.25,-1.0,eb1168,0.11675778353879479,tier0,0,9.6,1,0.21,20000,0.692,0.308,0.0,9.831,0.0,0.0,5.1783,0.658,0.6573,6,0.8189,7,nan,0,0,0
g3scan,rq4graded,7.25,-1.0,eb1168,0.11675778353879479,tier0,0,9.6,1,0.22,20000,0.692,0.308,0.0,9.306,0.0,0.0,4.685,0.5772,0.575,6,0.7968,7,nan,0,0,0
g3scan,rq4graded,7.25,-1.0,eb1168,0.11675778353879479,tier0,0,9.6,1,0.23,20000,0.692,0.308,0.0,8.788,0.0001,0.045,4.2207,0.5005,0.4953,7,0.7894,7,nan,0,0,0
g3scan,rq4graded,7.25,-1.0,eb1168,0.11675778353879479,tier0,0,9.6,1,0.24,20000,0.692,0.308,0.0,8.264,0.0005,0.047,3.7464,0.4525,0.446,7,0.6925,6,nan,0,0,0
g3scan,rq4graded,7.25,-1.0,eb1168,0.11675778353879479,tier0,0,9.6,1,0.25,20000,0.692,0.308,0.0,7.758,0.0033,0.117,3.3033,0.4151,0.4079,7,0.6962,6,0.2582,0,0,0
g3scan,rq4graded,7.25,-1.0,eb1168,0.11675778353879479,tier0,0,9.6,1,0.26,20000,0.692,0.308,0.0001,7.256,0.013,0.254,2.8656,0.3835,0.3756,7,0.6871,6,0.2234,0,0,0
g3scan,rq4graded,7.25,-1.0,eb1168,0.11675778353879479,tier0,0,9.6,1,0.27,20000,0.692,0.308,0.001,6.77,0.0303,0.395,2.4692,0.3563,0.3481,7,0.6906,6,0.2016,0,1,0
g3scan,rq4graded,7.25,-1.0,eb1168,0.11675778353879479,tier0,0,9.6,1,0.28,20000,0.692,0.308,0.0048,6.299,0.0571,0.599,2.1025,0.333,0.3247,7,0.7028,6,0.1823,0,1,0
g3scan,rq4graded,7.25,-1.0,eb1168,0.11675778353879479,tier0,0,9.6,1,0.29,20000,0.692,0.308,0.0147,5.845,0.0875,0.802,1.8059,0.3124,0.3043,7,0.6139,5,0.166,0,1,0
g3scan,rq4graded,7.25,-1.0,eb1168,0.11675778353879479,tier0,0,9.6,1,0.3,20000,0.692,0.308,0.0324,5.411,0.116,0.977,1.5713,0.2941,0.286,7,0.6207,5,0.1538,0,1,0
g3scan,rq4graded,7.25,-1.0,eb1168,0.11675778353879479,tier0,0,9.6,1,0.31,20000,0.692,0.308,0.0604,4.991,0.1415,1.135,1.3998,0.2782,0.2702,7,0.6283,5,0.1422,0,1,0
g3scan,rq4graded,7.25,-1.0,eb1168,0.11675778353879479,tier0,0,9.6,1,0.32,20000,0.692,0.308,0.0952,4.6,0.161,1.237,1.2846,0.2636,0.2559,7,0.6492,5,0.1328,0,1,0
g3scan,rq4graded,7.25,-1.0,eb1168,0.11675778353879479,tier0,0,9.6,1,0.33,20000,0.692,0.308,0.1339,4.228,0.1776,1.316,1.1962,0.2505,0.243,7,0.5537,4,0.124,0,0,0
g3scan,rq4graded,7.25,-1.0,eb1168,0.11675778353879479,tier0,0,9.6,1,0.34,20000,0.692,0.308,0.1757,3.884,0.1921,1.408,1.1552,0.239,0.2316,7,0.5746,4,0.1167,1,0,0
g3scan,rq4graded,7.25,-1.0,eb1168,0.11675778353879479,tier0,0,9.6,1,0.35,20000,0.692,0.308,0.2199,3.563,0.2013,1.423,1.1237,0.2276,0.2205,7,0.5874,4,0.1103,1,0,0
g3scan,rq4graded,7.25,-1.0,eb1168,0.11675778353879479,tier0,0,9.6,1,0.36,20000,0.692,0.308,0.2617,3.266,0.2118,1.437,1.1124,0.2165,0.21,7,0.613,4,0.1047,1,0,0
g3scan,rq4graded,7.25,-1.0,eb1168,0.11675778353879479,tier0,0,9.6,1,0.37,20000,0.692,0.308,0.305,2.991,0.2189,1.453,1.1179,0.2074,0.201,7,0.5383,3,0.0996,1,0,0
g3scan,rq4graded,7.25,-1.0,eb1168,0.11675778353879479,tier0,0,9.6,1,0.38,20000,0.692,0.308,0.3467,2.734,0.2262,1.475,1.1409,0.1993,0.193,7,0.5641,3,0.0948,1,0,0
g3scan,rq4graded,7.25,-1.0,eb1168,0.11675778353879479,tier0,0,9.6,1,0.39,20000,0.692,0.308,0.3839,2.502,0.2385,1.557,1.1611,0.1916,0.1852,7,0.5911,3,0.0907,1,0,0
g3scan,rq4graded,7.25,-1.0,eb1168,0.11675778353879479,tier0,0,9.6,1,0.4,20000,0.692,0.308,0.4205,2.287,0.2453,1.571,1.2025,0.1847,0.1784,7,0.6034,3,0.0871,1,0,0
g3scan,rq4graded,7.25,-1.0,eb1168,0.11675778353879479,tier0,0,9.6,1,0.41,20000,0.692,0.308,0.4558,2.09,0.252,1.591,1.2557,0.1777,0.1716,7,0.6187,3,0.0836,1,0,0
g3scan,rq4graded,7.25,-1.0,eb1168,0.11675778353879479,tier0,0,9.6,1,0.42,20000,0.692,0.308,0.4892,1.909,0.2586,1.604,1.3194,0.1723,0.1659,7,0.556,2,0.0804,1,0,0
g3scan,rq4graded,7.25,-1.0,eb1168,0.11675778353879479,tier0,0,9.6,1,0.43,20000,0.692,0.308,0.5225,1.74,0.2629,1.577,1.3853,0.168,0.1612,7,0.593,2,0.0775,1,0,0
g3scan,rq4graded,7.25,-1.0,eb1168,0.11675778353879479,tier0,0,9.6,1,0.44,20000,0.692,0.308,0.552,1.586,0.2677,1.561,1.46,0.1645,0.1572,7,0.6017,2,0.0744,1,0,0
g3scan,rq4graded,7.25,-1.0,eb1168,0.11675778353879479,tier0,0,9.6,1,0.45,20000,0.692,0.308,0.5807,1.445,0.2729,1.526,1.5176,0.1628,0.1542,7,0.5976,2,0.0716,1,0,0
g3scan,rq4graded,7.25,-1.0,eb1168,0.11675778353879479,tier0,0,9.6,1,0.46,20000,0.692,0.308,0.6062,1.317,0.2818,1.542,1.6007,0.1624,0.1521,7,0.5475,1,0.0691,1,0,0
g3scan,rq4graded,7.25,-1.0,eb1168,0.11675778353879479,tier0,0,9.6,1,0.47,20000,0.692,0.308,0.6314,1.196,0.2919,1.59,1.6817,0.1608,0.1497,7,0.5846,1,0.066,1,0,0
g3scan,rq4graded,7.25,-1.0,eb1168,0.11675778353879479,tier0,0,9.6,1,0.48,20000,0.692,0.308,0.6546,1.088,0.2991,1.582,1.7606,0.1617,0.1487,7,0.5555,1,0.0638,1,0,0
g3scan,rq4graded,7.25,-1.0,eb1168,0.11675778353879479,tier0,0,9.6,1,0.49,20000,0.692,0.308,0.6762,0.988,0.3118,1.633,1.8369,0.1647,0.1488,7,0.5701,1,0.0618,0,0,0
g3scan,rq4graded,7.25,-1.0,eb1168,0.11675778353879479,tier0,0,9.6,1,0.5,20000,0.692,0.308,0.697,0.894,0.3216,1.632,1.9375,0.1657,0.148,7,nan,0,0.0598,0,0,0
g3scan,rq4graded,7.25,-1.0,eb1168,0.11675778353879479,tier0,0,9.6,1,0.51,20000,0.692,0.308,0.7167,0.811,0.3318,1.655,2.0274,0.1704,0.1491,7,nan,0,0.058,0,0,0
g3scan,rq4graded,7.25,-1.0,eb1168,0.11675778353879479,tier0,0,9.6,1,0.52,20000,0.692,0.308,0.7367,0.734,0.3364,1.638,2.0999,0.1746,0.1502,7,nan,0,0.0564,0,0,0
g3scan,rq4graded,7.25,-1.0,eb1168,0.11675778353879479,tier0,0,12.8,1,0.17,20000,0.692,0.308,0.0,10.223,0.0,nan,5.6742,0.9058,0.9047,3,0.7805,6,nan,0,0,0
g3scan,rq4graded,7.25,-1.0,eb1168,0.11675778353879479,tier0,0,12.8,1,0.18,20000,0.692,0.308,0.0,9.594,0.0,nan,5.1117,0.7678,0.767,4,0.749,6,nan,0,0,0
g3scan,rq4graded,7.25,-1.0,eb1168,0.11675778353879479,tier0,0,12.8,1,0.19,20000,0.692,0.308,0.0,8.973,0.0,nan,4.5834,0.6538,0.6536,5,0.7409,6,nan,0,0,0
g3scan,rq4graded,7.25,-1.0,eb1168,0.11675778353879479,tier0,0,12.8,1,0.2,20000,0.692,0.308,0.0,8.346,0.0,0.0,4.042,0.555,0.555,6,0.6454,5,nan,0,0,0
g3scan,rq4graded,7.25,-1.0,eb1168,0.11675778353879479,tier0,0,12.8,1,0.21,20000,0.692,0.308,0.0,7.72,0.0,0.0,3.5318,0.4731,0.4725,7,0.6455,5,nan,0,0,0
g3scan,rq4graded,7.25,-1.0,eb1168,0.11675778353879479,tier0,0,12.8,1,0.22,20000,0.692,0.308,0.0,7.105,0.0001,0.014,3.0509,0.4081,0.406,7,0.6515,5,nan,0,0,0
g3scan,rq4graded,7.25,-1.0,eb1168,0.11675778353879479,tier0,0,12.8,1,0.23,20000,0.692,0.308,0.0,6.501,0.002,0.05,2.5932,0.3615,0.3588,7,0.5623,4,0.2762,0,1,0
g3scan,rq4graded,7.25,-1.0,eb1168,0.11675778353879479,tier0,0,12.8,1,0.24,20000,0.692,0.308,0.0001,5.915,0.0145,0.171,2.1704,0.3242,0.3209,7,0.578,4,0.2224,0,1,0
g3scan,rq4graded,7.25,-1.0,eb1168,0.11675778353879479,tier0,0,12.8,1,0.25,20000,0.692,0.308,0.0006,5.352,0.047,0.376,1.82,0.2939,0.2903,7,0.5074,3,0.1924,0,1,0
g3scan,rq4graded,7.25,-1.0,eb1168,0.11675778353879479,tier0,0,12.8,1,0.26,20000,0.692,0.308,0.0053,4.816,0.0992,0.669,1.5425,0.2685,0.2648,7,0.54,3,0.1696,0,1,0
g3scan,rq4graded,7.25,-1.0,eb1168,0.11675778353879479,tier0,0,12.8,1,0.27,20000,0.692,0.308,0.0232,4.31,0.1522,0.946,1.3666,0.2459,0.2422,7,0.563,3,0.1519,0,0,0
g3scan,rq4graded,7.25,-1.0,eb1168,0.11675778353879479,tier0,0,12.8,1,0.28,20000,0.692,0.308,0.0605,3.829,0.1968,1.186,1.309,0.2268,0.2232,7,0.5181,2,0.1365,1,0,0
g3scan,rq4graded,7.25,-1.0,eb1168,0.11675778353879479,tier0,0,12.8,1,0.29,20000,0.692,0.308,0.1133,3.386,0.2297,1.35,1.3402,0.211,0.2074,7,0.5481,2,0.1239,1,0,0
g3scan,rq4graded,7.25,-1.0,eb1168,0.11675778353879479,tier0,0,12.8,1,0.3,20000,0.692,0.308,0.1751,2.976,0.2538,1.429,1.4362,0.1966,0.193,7,0.5625,2,0.1133,1,0,0
g3scan,rq4graded,7.25,-1.0,eb1168,0.11675778353879479,tier0,0,12.8,1,0.31,20000,0.692,0.308,0.2416,2.607,0.2715,1.492,1.5287,0.1863,0.1822,7,0.541,1,0.1043,1,0,0
g3scan,rq4graded,7.25,-1.0,eb1168,0.11675778353879479,tier0,0,12.8,1,0.32,20000,0.692,0.308,0.3063,2.274,0.2889,1.567,1.6526,0.178,0.1731,7,0.5496,1,0.0967,1,0,0
g3scan,rq4graded,7.25,-1.0,eb1168,0.11675778353879479,tier0,0,12.8,1,0.33,20000,0.692,0.308,0.3687,1.98,0.3049,1.636,1.7632,0.1748,0.1674,7,0.5465,1,0.09,0,0,0
g3scan,rq4graded,7.25,-1.0,eb1168,0.11675778353879479,tier0,0,12.8,1,0.34,20000,0.692,0.308,0.4265,1.72,0.3181,1.655,1.8899,0.1729,0.1628,7,nan,0,0.0843,0,0,0
g3scan,rq4graded,7.25,-1.0,eb1168,0.11675778353879479,tier0,0,12.8,1,0.35,20000,0.692,0.308,0.4805,1.49,0.3323,1.68,2.0198,0.174,0.1601,7,nan,0,0.0792,0,0,0
g3scan,rq4graded,7.25,-1.0,eb1168,0.11675778353879479,tier0,0,12.8,1,0.36,20000,0.692,0.308,0.5337,1.283,0.3407,1.635,2.1368,0.1767,0.1586,7,nan,0,0.0743,0,0,0
g3scan,rq4graded,7.25,-1.0,eb1168,0.11675778353879479,tier0,0,12.8,1,0.37,20000,0.692,0.308,0.5797,1.104,0.3558,1.657,2.2628,0.1792,0.1579,7,nan,0,0.0698,0,0,0
g3scan,rq4graded,7.25,-1.0,eb1168,0.11675778353879479,tier0,0,12.8,1,0.38,20000,0.692,0.308,0.6213,0.949,0.3731,1.692,2.3839,0.1863,0.1594,7,nan,0,0.0654,0,0,0
g3scan,rq4graded,7.25,-1.0,eb1168,0.11675778353879479,tier0,0,12.8,1,0.39,20000,0.692,0.308,0.6596,0.811,0.3918,1.73,2.5057,0.19,0.16,7,nan,0,0.062,0,0,0
g3scan,rq4graded,7.25,-1.0,eb1168,0.11675778353879479,tier0,0,12.8,1,0.4,20000,0.692,0.308,0.6948,0.693,0.4115,1.788,2.6193,0.1588,0.1387,6,nan,0,0.0587,0,0,0
g3scan,rq4graded,7.25,-1.0,eb1168,0.11675778353879479,tier0,0,12.8,1,0.41,20000,0.692,0.308,0.7283,0.587,0.4286,1.805,2.7273,0.1658,0.1415,6,nan,0,0.0558,0,0,0
g3scan,rq4graded,7.25,-1.0,eb1168,0.11675778353879479,tier0,0,12.8,1,0.42,20000,0.692,0.308,0.7578,0.496,0.4535,1.882,2.8402,0.1701,0.1437,6,nan,0,0.0537,0,0,0
g3scan,rq4graded,7.25,-1.0,eb1168,0.11675778353879479,tier0,0,12.8,1,0.43,20000,0.692,0.308,0.7865,0.418,0.4699,1.837,2.9314,0.1432,0.125,5,nan,0,0.0507,0,0,0
g3scan,rq4graded,7.25,-1.0,eb1168,0.11675778353879479,tier0,0,12.8,1,0.44,20000,0.692,0.308,0.8118,0.35,0.4926,1.829,3.0276,0.1501,0.1292,5,nan,0,0.0481,0,0,0
g3scan,rq4graded,7.25,-1.0,eb1168,0.11675778353879479,tier0,0,12.8,1,0.45,20000,0.692,0.308,0.8345,0.292,0.5199,1.847,3.1257,0.155,0.1332,5,nan,0,0.0459,0,0,0
g3scan,rq4graded,7.25,-1.0,eb1168,0.11675778353879479,tier0,0,12.8,1,0.46,20000,0.692,0.308,0.8565,0.242,0.5477,1.921,3.2042,0.1278,0.1139,4,nan,0,0.0437,0,0,0
g3scan,rq4graded,7.25,-1.0,eb1168,0.11675778353879479,tier0,0,12.8,1,0.47,20000,0.692,0.308,0.8751,0.199,0.5835,2.05,3.2913,0.1361,0.1198,4,nan,0,0.0421,0,0,0
g3scan,rq4graded,7.25,-1.0,eb1168,0.11675778353879479,tier0,0,12.8,1,0.48,20000,0.692,0.308,0.8922,0.163,0.633,2.403,3.3806,0.1392,0.1234,4,nan,0,0.0409,0,0,0
g3scan,rq4graded,7.25,-1.0,eb1168,0.11675778353879479,tier0,0,12.8,1,0.49,20000,0.692,0.308,0.9077,0.133,0.6783,2.85,3.4526,0.1136,0.1052,3,nan,0,0.0401,0,0,0
g3scan,rq4graded,7.25,-1.0,eb1168,0.11675778353879479,tier0,0,12.8,1,0.5,20000,0.692,0.308,0.9218,0.107,0.7223,3.398,3.5213,0.1212,0.1124,3,nan,0,0.0391,0,0,0
g3scan,rq4graded,7.25,-1.0,eb1168,0.11675778353879479,tier0,0,12.8,1,0.51,20000,0.692,0.308,0.9349,0.085,0.7651,4.214,3.5788,0.1262,0.1167,3,nan,0,0.0393,0,0,0
g3scan,rq4graded,7.25,-1.0,eb1168,0.11675778353879479,tier0,0,12.8,1,0.52,20000,0.692,0.308,0.9469,0.067,0.7995,5.113,3.6276,0.1026,0.0989,2,nan,0,0.0391,0,0,0
g3scan,rq4graded,7.25,-1.0,eb154,0.154,tier0,1,2.4,0,0.17,20000,0.5361,0.4639,0.0,19.415,0.0,nan,14.5264,nan,nan,0,4.0313,3,nan,0,0,0
g3scan,rq4graded,7.25,-1.0,eb154,0.154,tier0,1,2.4,0,0.18,20000,0.5361,0.4639,0.0,19.309,0.0,nan,14.4202,nan,nan,0,3.9892,4,nan,0,0,0
g3scan,rq4graded,7.25,-1.0,eb154,0.154,tier0,1,2.4,0,0.19,20000,0.5361,0.4639,0.0,19.206,0.0,nan,14.3173,nan,nan,0,3.7901,4,nan,0,0,0
g3scan,rq4graded,7.25,-1.0,eb154,0.154,tier0,1,2.4,0,0.2,20000,0.5361,0.4639,0.0,19.102,0.0,nan,14.213,nan,nan,0,3.6867,5,nan,0,0,0
g3scan,rq4graded,7.25,-1.0,eb154,0.154,tier0,1,2.4,0,0.21,20000,0.5361,0.4639,0.0,19.0,0.0,nan,14.1113,nan,nan,0,3.5274,5,nan,0,0,0
g3scan,rq4graded,7.25,-1.0,eb154,0.154,tier0,1,2.4,0,0.22,20000,0.5361,0.4639,0.0,18.899,0.0,nan,14.0107,nan,nan,0,3.4008,5,nan,0,0,0
g3scan,rq4graded,7.25,-1.0,eb154,0.154,tier0,1,2.4,0,0.23,20000,0.5361,0.4639,0.0,18.795,0.0,nan,13.9062,nan,nan,0,3.2862,6,nan,0,0,0
g3scan,rq4graded,7.25,-1.0,eb154,0.154,tier0,1,2.4,0,0.24,20000,0.5361,0.4639,0.0,18.693,0.0,nan,13.8043,nan,nan,0,3.1635,6,nan,0,0,0
g3scan,rq4graded,7.25,-1.0,eb154,0.154,tier0,1,2.4,0,0.25,20000,0.5361,0.4639,0.0,18.592,0.0,nan,13.7031,nan,nan,0,3.0658,6,nan,0,0,0
g3scan,rq4graded,7.25,-1.0,eb154,0.154,tier0,1,2.4,0,0.26,20000,0.5361,0.4639,0.0,18.489,0.0,nan,13.6007,nan,nan,0,2.945,7,nan,0,0,0
g3scan,rq4graded,7.25,-1.0,eb154,0.154,tier0,1,2.4,0,0.27,20000,0.5361,0.4639,0.0,18.389,0.0,nan,13.4999,nan,nan,0,2.8633,7,nan,0,0,0
g3scan,rq4graded,7.25,-1.0,eb154,0.154,tier0,1,2.4,0,0.28,20000,0.5361,0.4639,0.0,18.287,0.0,nan,13.3984,nan,nan,0,2.7766,7,nan,0,0,0
g3scan,rq4graded,7.25,-1.0,eb154,0.154,tier0,1,2.4,0,0.29,20000,0.5361,0.4639,0.0,18.186,0.0,nan,13.2972,nan,nan,0,2.6575,8,nan,0,0,0
g3scan,rq4graded,7.25,-1.0,eb154,0.154,tier0,1,2.4,0,0.3,20000,0.5361,0.4639,0.0,18.086,0.0,nan,13.1973,nan,nan,0,2.5915,8,nan,0,0,0
g3scan,rq4graded,7.25,-1.0,eb154,0.154,tier0,1,2.4,0,0.31,20000,0.5361,0.4639,0.0,17.985,0.0,nan,13.0965,nan,nan,0,2.5254,8,nan,0,0,0
g3scan,rq4graded,7.25,-1.0,eb154,0.154,tier0,1,2.4,0,0.32,20000,0.5361,0.4639,0.0,17.885,0.0,nan,12.9962,nan,nan,0,2.4723,8,nan,0,0,0
g3scan,rq4graded,7.25,-1.0,eb154,0.154,tier0,1,2.4,0,0.33,20000,0.5361,0.4639,0.0,17.786,0.0,nan,12.8972,nan,nan,0,2.4213,8,nan,0,0,0
g3scan,rq4graded,7.25,-1.0,eb154,0.154,tier0,1,2.4,0,0.34,20000,0.5361,0.4639,0.0,17.687,0.0,nan,12.7987,nan,nan,0,2.376,8,nan,0,0,0
g3scan,rq4graded,7.25,-1.0,eb154,0.154,tier0,1,2.4,0,0.35,20000,0.5361,0.4639,0.0,17.585,0.0,nan,12.6965,1.5643,1.5643,1,2.3292,8,nan,0,0,0
g3scan,rq4graded,7.25,-1.0,eb154,0.154,tier0,1,2.4,0,0.36,20000,0.5361,0.4639,0.0,17.485,0.0,nan,12.5967,1.5152,1.5152,1,2.2874,8,nan,0,0,0
g3scan,rq4graded,7.25,-1.0,eb154,0.154,tier0,1,2.4,0,0.37,20000,0.5361,0.4639,0.0,17.39,0.0,nan,12.5016,1.4551,1.4551,1,2.2493,8,nan,0,0,0
g3scan,rq4graded,7.25,-1.0,eb154,0.154,tier0,1,2.4,0,0.38,20000,0.5361,0.4639,0.0,17.293,0.0,nan,12.4044,1.3411,1.3387,2,2.214,8,nan,0,0,0
g3scan,rq4graded,7.25,-1.0,eb154,0.154,tier0,1,2.4,0,0.39,20000,0.5361,0.4639,0.0,17.193,0.0,0.0,12.3041,1.3049,1.3023,2,2.1764,8,nan,0,0,0
g3scan,rq4graded,7.25,-1.0,eb154,0.154,tier0,1,2.4,0,0.4,20000,0.5361,0.4639,0.0,17.095,0.0,0.0,12.2059,1.2836,1.2802,2,2.1413,8,nan,0,0,0
g3scan,rq4graded,7.25,-1.0,eb154,0.154,tier0,1,2.4,0,0.41,20000,0.5361,0.4639,0.0,17.001,0.0,0.0,12.1127,1.1797,1.1735,3,2.1115,8,nan,0,0,0
g3scan,rq4graded,7.25,-1.0,eb154,0.154,tier0,1,2.4,0,0.42,20000,0.5361,0.4639,0.0,16.903,0.0001,1.0,12.014,1.1539,1.1476,3,2.0821,8,nan,0,0,0
g3scan,rq4graded,7.25,-1.0,eb154,0.154,tier0,1,2.4,0,0.43,20000,0.5361,0.4639,0.0,16.804,0.0001,3.0,11.9149,1.1328,1.1268,3,2.0528,8,nan,0,0,0
g3scan,rq4graded,7.25,-1.0,eb154,0.154,tier0,1,2.4,0,0.44,20000,0.5361,0.4639,0.0,16.702,0.0001,1.5,11.8129,1.0442,1.0327,4,2.0235,8,nan,0,0,0
g3scan,rq4graded,7.25,-1.0,eb154,0.154,tier0,1,2.4,0,0.45,20000,0.5361,0.4639,0.0,16.607,0.0002,1.333,11.7184,1.0247,1.0128,4,1.9989,8,nan,0,0,0
g3scan,rq4graded,7.25,-1.0,eb154,0.154,tier0,1,2.4,0,0.46,20000,0.5361,0.4639,0.0,16.509,0.0001,1.0,11.6207,1.0077,0.996,4,1.9753,8,nan,0,0,0
g3scan,rq4graded,7.25,-1.0,eb154,0.154,tier0,1,2.4,0,0.47,20000,0.5361,0.4639,0.0001,16.412,0.0001,0.25,11.5253,0.9225,0.9025,5,1.9526,8,nan,0,0,0
g3scan,rq4graded,7.25,-1.0,eb154,0.154,tier0,1,2.4,0,0.48,20000,0.5361,0.4639,0.0001,16.316,0.0001,0.333,11.4295,0.9092,0.89,5,1.931,8,nan,0,0,0
g3scan,rq4graded,7.25,-1.0,eb154,0.154,tier0,1,2.4,0,0.49,20000,0.5361,0.4639,0.0002,16.217,0.0001,0.273,11.3318,0.8958,0.8768,5,1.9095,8,nan,0,0,0
g3scan,rq4graded,7.25,-1.0,eb154,0.154,tier0,1,2.4,0,0.5,20000,0.5361,0.4639,0.0002,16.119,0.0003,0.429,11.2337,0.8176,0.7885,6,1.8886,8,nan,0,0,0
g3scan,rq4graded,7.25,-1.0,eb154,0.154,tier0,1,2.4,0,0.51,20000,0.5361,0.4639,0.0002,16.026,0.0004,0.6,11.14,0.8024,0.774,6,1.8701,8,nan,0,0,0
g3scan,rq4graded,7.25,-1.0,eb154,0.154,tier0,1,2.4,0,0.52,20000,0.5361,0.4639,0.0002,15.93,0.0006,0.706,11.0447,0.7907,0.7626,6,1.8504,8,nan,0,0,0
g3scan,rq4graded,7.25,-1.0,eb154,0.154,tier0,1,3.2,0,0.17,20000,0.5361,0.4639,0.0,18.077,0.0,nan,13.1879,nan,nan,0,3.1022,5,nan,0,0,0
g3scan,rq4graded,7.25,-1.0,eb154,0.154,tier0,1,3.2,0,0.18,20000,0.5361,0.4639,0.0,17.907,0.0,nan,13.0179,nan,nan,0,2.9864,6,nan,0,0,0
g3scan,rq4graded,7.25,-1.0,eb154,0.154,tier0,1,3.2,0,0.19,20000,0.5361,0.4639,0.0,17.734,0.0,nan,12.8453,nan,nan,0,2.8245,6,nan,0,0,0
g3scan,rq4graded,7.25,-1.0,eb154,0.154,tier0,1,3.2,0,0.2,20000,0.5361,0.4639,0.0,17.563,0.0,nan,12.6742,nan,nan,0,2.6974,7,nan,0,0,0
g3scan,rq4graded,7.25,-1.0,eb154,0.154,tier0,1,3.2,0,0.21,20000,0.5361,0.4639,0.0,17.393,0.0,nan,12.5047,nan,nan,0,2.5732,7,nan,0,0,0
g3scan,rq4graded,7.25,-1.0,eb154,0.154,tier0,1,3.2,0,0.22,20000,0.5361,0.4639,0.0,17.222,0.0,nan,12.3335,nan,nan,0,2.4501,8,nan,0,0,0
g3scan,rq4graded,7.25,-1.0,eb154,0.154,tier0,1,3.2,0,0.23,20000,0.5361,0.4639,0.0,17.05,0.0,nan,12.1611,nan,nan,0,2.345,8,nan,0,0,0
g3scan,rq4graded,7.25,-1.0,eb154,0.154,tier0,1,3.2,0,0.24,20000,0.5361,0.4639,0.0,16.88,0.0,nan,11.9909,nan,nan,0,2.2593,8,nan,0,0,0
g3scan,rq4graded,7.25,-1.0,eb154,0.154,tier0,1,3.2,0,0.25,20000,0.5361,0.4639,0.0,16.709,0.0,nan,11.8208,nan,nan,0,2.1824,8,nan,0,0,0
g3scan,rq4graded,7.25,-1.0,eb154,0.154,tier0,1,3.2,0,0.26,20000,0.5361,0.4639,0.0,16.537,0.0,nan,11.6481,1.6492,1.6492,1,2.1145,8,nan,0,0,0
g3scan,rq4graded,7.25,-1.0,eb154,0.154,tier0,1,3.2,0,0.27,20000,0.5361,0.4639,0.0,16.369,0.0,nan,11.4807,1.534,1.534,1,2.0538,8,nan,0,0,0
g3scan,rq4graded,7.25,-1.0,eb154,0.154,tier0,1,3.2,0,0.28,20000,0.5361,0.4639,0.0,16.199,0.0,nan,11.3106,1.4349,1.4349,1,1.9951,8,nan,0,0,0
g3scan,rq4graded,7.25,-1.0,eb154,0.154,tier0,1,3.2,0,0.29,20000,0.5361,0.4639,0.0,16.028,0.0,nan,11.1396,1.3249,1.3232,2,1.9426,8,nan,0,0,0
g3scan,rq4graded,7.25,-1.0,eb154,0.154,tier0,1,3.2,0,0.3,20000,0.5361,0.4639,0.0,15.857,0.0,nan,10.968,1.2607,1.2583,2,1.8943,8,nan,0,0,0
g3scan,rq4graded,7.25,-1.0,eb154,0.154,tier0,1,3.2,0,0.31,20000,0.5361,0.4639,0.0,15.688,0.0,nan,10.7995,1.1645,1.1605,3,1.8498,8,nan,0,0,0
g3scan,rq4graded,7.25,-1.0,eb154,0.154,tier0,1,3.2,0,0.32,20000,0.5361,0.4639,0.0,15.518,0.0,0.0,10.6296,1.12,1.1149,3,1.8087,8,nan,0,0,0
g3scan,rq4graded,7.25,-1.0,eb154,0.154,tier0,1,3.2,0,0.33,20000,0.5361,0.4639,0.0,15.348,0.0,0.0,10.4594,1.0281,1.0201,4,1.7715,8,nan,0,0,0
g3scan,rq4graded,7.25,-1.0,eb154,0.154,tier0,1,3.2,0,0.34,20000,0.5361,0.4639,0.0,15.184,0.0,0.333,10.2951,0.9926,0.9838,4,1.7368,8,nan,0,0,0
g3scan,rq4graded,7.25,-1.0,eb154,0.154,tier0,1,3.2,0,0.35,20000,0.5361,0.4639,0.0,15.013,0.0001,1.0,10.1241,0.9062,0.8924,5,1.7034,8,nan,0,0,0
g3scan,rq4graded,7.25,-1.0,eb154,0.154,tier0,1,3.2,0,0.36,20000,0.5361,0.4639,0.0,14.845,0.0002,1.0,9.9564,0.8766,0.863,5,1.6719,8,nan,0,0,0
g3scan,rq4graded,7.25,-1.0,eb154,0.154,tier0,1,3.2,0,0.37,20000,0.5361,0.4639,0.0,14.678,0.0002,0.4,9.7898,0.7983,0.7767,6,1.643,8,nan,0,0,0
g3scan,rq4graded,7.25,-1.0,eb154,0.154,tier0,1,3.2,0,0.38,20000,0.5361,0.4639,0.0001,14.508,0.0002,0.25,9.6212,0.774,0.7522,6,1.6171,8,nan,0,0,0
g3scan,rq4graded,7.25,-1.0,eb154,0.154,tier0,1,3.2,0,0.39,20000,0.5361,0.4639,0.0001,14.34,0.0002,0.227,9.4532,0.7004,0.6668,7,1.5904,8,nan,0,0,0
g3scan,rq4graded,7.25,-1.0,eb154,0.154,tier0,1,3.2,0,0.4,20000,0.5361,0.4639,0.0002,14.173,0.0005,0.37,9.2873,0.6818,0.6476,7,1.5662,8,nan,0,0,0
g3scan,rq4graded,7.25,-1.0,eb154,0.154,tier0,1,3.2,0,0.41,20000,0.5361,0.4639,0.0002,14.007,0.0007,0.39,9.1206,0.6637,0.6299,7,1.5431,8,nan,0,0,0
g3scan,rq4graded,7.25,-1.0,eb154,0.154,tier0,1,3.2,0,0.42,20000,0.5361,0.4639,0.0003,13.84,0.001,0.367,8.9555,0.6461,0.6122,7,1.5208,8,0.2692,0,0,0
g3scan,rq4graded,7.25,-1.0,eb154,0.154,tier0,1,3.2,0,0.43,20000,0.5361,0.4639,0.0003,13.672,0.0014,0.345,8.7878,0.6319,0.5986,7,1.4986,8,0.2578,0,0,0
g3scan,rq4graded,7.25,-1.0,eb154,0.154,tier0,1,3.2,0,0.44,20000,0.5361,0.4639,0.0006,13.506,0.0021,0.45,8.626,0.6177,0.5847,7,1.4788,8,0.2448,0,0,0
g3scan,rq4graded,7.25,-1.0,eb154,0.154,tier0,1,3.2,0,0.45,20000,0.5361,0.4639,0.0008,13.341,0.0028,0.455,8.4641,0.6056,0.5727,7,1.4596,8,0.2351,0,0,0
g3scan,rq4graded,7.25,-1.0,eb154,0.154,tier0,1,3.2,0,0.46,20000,0.5361,0.4639,0.0012,13.171,0.0041,0.583,8.2981,0.5936,0.5605,7,1.4412,8,0.2276,0,0,0
g3scan,rq4graded,7.25,-1.0,eb154,0.154,tier0,1,3.2,0,0.47,20000,0.5361,0.4639,0.0014,13.013,0.0051,0.574,8.1428,0.5827,0.5498,7,1.4228,8,0.2234,0,0,0
g3scan,rq4graded,7.25,-1.0,eb154,0.154,tier0,1,3.2,0,0.48,20000,0.5361,0.4639,0.002,12.85,0.0065,0.662,7.9872,0.5721,0.5394,7,1.4055,8,0.218,0,0,0
g3scan,rq4graded,7.25,-1.0,eb154,0.154,tier0,1,3.2,0,0.49,20000,0.5361,0.4639,0.0028,12.681,0.0081,0.742,7.8296,0.5613,0.529,7,1.389,8,0.2122,0,0,0
g3scan,rq4graded,7.25,-1.0,eb154,0.154,tier0,1,3.2,0,0.5,20000,0.5361,0.4639,0.0038,12.52,0.0093,0.712,7.6822,0.5515,0.5194,7,1.3737,8,0.2084,0,0,0
g3scan,rq4graded,7.25,-1.0,eb154,0.154,tier0,1,3.2,0,0.51,20000,0.5361,0.4639,0.0052,12.362,0.0109,0.801,7.5411,0.5428,0.5106,7,1.3587,8,0.2039,0,0,0
g3scan,rq4graded,7.25,-1.0,eb154,0.154,tier0,1,3.2,0,0.52,20000,0.5361,0.4639,0.0062,12.205,0.0124,0.798,7.3975,0.5336,0.5016,7,1.3445,8,0.2011,0,0,0
g3scan,rq4graded,7.25,-1.0,eb154,0.154,tier0,1,4.8,0,0.17,20000,0.5361,0.4639,0.0,15.739,0.0,nan,10.8567,nan,nan,0,2.0821,8,nan,0,0,0
g3scan,rq4graded,7.25,-1.0,eb154,0.154,tier0,1,4.8,0,0.18,20000,0.5361,0.4639,0.0,15.438,0.0,nan,10.5567,nan,nan,0,1.9415,8,nan,0,0,0
g3scan,rq4graded,7.25,-1.0,eb154,0.154,tier0,1,4.8,0,0.19,20000,0.5361,0.4639,0.0,15.131,0.0,nan,10.2502,nan,nan,0,1.8268,8,nan,0,0,0
g3scan,rq4graded,7.25,-1.0,eb154,0.154,tier0,1,4.8,0,0.2,20000,0.5361,0.4639,0.0,14.832,0.0,nan,9.9521,1.6226,1.6226,1,1.7295,8,nan,0,0,0
g3scan,rq4graded,7.25,-1.0,eb154,0.154,tier0,1,4.8,0,0.21,20000,0.5361,0.4639,0.0,14.528,0.0,nan,9.6488,1.4297,1.4297,1,1.643,8,nan,0,0,0
g3scan,rq4graded,7.25,-1.0,eb154,0.154,tier0,1,4.8,0,0.22,20000,0.5361,0.4639,0.0,14.223,0.0,nan,9.3505,1.2944,1.294,2,1.5693,8,nan,0,0,0
g3scan,rq4graded,7.25,-1.0,eb154,0.154,tier0,1,4.8,0,0.23,20000,0.5361,0.4639,0.0,13.919,0.0,nan,9.0495,1.1765,1.1756,3,1.5048,8,nan,0,0,0
g3scan,rq4graded,7.25,-1.0,eb154,0.154,tier0,1,4.8,0,0.24,20000,0.5361,0.4639,0.0,13.619,0.0,nan,8.7525,1.0805,1.0782,3,1.4482,8,nan,0,0,0
g3scan,rq4graded,7.25,-1.0,eb154,0.154,tier0,1,4.8,0,0.25,20000,0.5361,0.4639,0.0,13.317,0.0,nan,8.4533,0.9743,0.9709,4,1.4002,8,nan,0,0,0
g3scan,rq4graded,7.25,-1.0,eb154,0.154,tier0,1,4.8,0,0.26,20000,0.5361,0.4639,0.0,13.013,0.0,0.0,8.1499,0.8806,0.8748,5,1.3554,8,nan,0,0,0
g3scan,rq4graded,7.25,-1.0,eb154,0.154,tier0,1,4.8,0,0.27,20000,0.5361,0.4639,0.0,12.71,0.0,0.0,7.8483,0.8231,0.8161,5,1.3163,8,nan,0,0,0
g3scan,rq4graded,7.25,-1.0,eb154,0.154,tier0,1,4.8,0,0.28,20000,0.5361,0.4639,0.0,12.411,0.0001,0.4,7.553,0.7406,0.7291,6,1.285,8,nan,0,0,0
g3scan,rq4graded,7.25,-1.0,eb154,0.154,tier0,1,4.8,0,0.29,20000,0.5361,0.4639,0.0,12.106,0.0002,0.286,7.2579,0.7007,0.6874,6,1.2564,8,nan,0,0,0
g3scan,rq4graded,7.25,-1.0,eb154,0.154,tier0,1,4.8,0,0.3,20000,0.5361,0.4639,0.0,11.804,0.0003,0.214,6.9617,0.6277,0.6069,7,1.2326,8,nan,0,0,0
g3scan,rq4graded,7.25,-1.0,eb154,0.154,tier0,1,4.8,0,0.31,20000,0.5361,0.4639,0.0001,11.505,0.0006,0.206,6.6684,0.5968,0.5743,7,1.2128,8,nan,0,0,0
g3scan,rq4graded,7.25,-1.0,eb154,0.154,tier0,1,4.8,0,0.32,20000,0.5361,0.4639,0.0002,11.206,0.0011,0.209,6.3722,0.5716,0.5492,7,1.1969,8,0.2715,0,0,0
g3scan,rq4graded,7.25,-1.0,eb154,0.154,tier0,1,4.8,0,0.33,20000,0.5361,0.4639,0.0002,10.912,0.0024,0.267,6.0811,0.5487,0.526,7,1.1836,8,0.2514,0,0,0
g3scan,rq4graded,7.25,-1.0,eb154,0.154,tier0,1,4.8,0,0.34,20000,0.5361,0.4639,0.0005,10.611,0.0047,0.375,5.7856,0.5282,0.5058,7,1.173,8,0.2327,0,0,0
g3scan,rq4graded,7.25,-1.0,eb154,0.154,tier0,1,4.8,0,0.35,20000,0.5361,0.4639,0.001,10.318,0.0074,0.43,5.5107,0.5097,0.4874,7,1.1622,8,0.2212,0,0,0
g3scan,rq4graded,7.25,-1.0,eb154,0.154,tier0,1,4.8,0,0.36,20000,0.5361,0.4639,0.0016,10.023,0.0116,0.549,5.2291,0.4928,0.4706,7,1.1532,8,0.2123,0,0,0
g3scan,rq4graded,7.25,-1.0,eb154,0.154,tier0,1,4.8,0,0.37,20000,0.5361,0.4639,0.0033,9.737,0.0158,0.599,4.9682,0.4771,0.4548,7,1.1519,8,0.2047,0,0,0
g3scan,rq4graded,7.25,-1.0,eb154,0.154,tier0,1,4.8,0,0.38,20000,0.5361,0.4639,0.0058,9.451,0.0213,0.678,4.7125,0.463,0.4407,7,1.1423,8,0.1961,0,0,0
g3scan,rq4graded,7.25,-1.0,eb154,0.154,tier0,1,4.8,0,0.39,20000,0.5361,0.4639,0.0094,9.168,0.026,0.676,4.466,0.4501,0.428,7,1.1396,8,0.1882,0,0,0
g3scan,rq4graded,7.25,-1.0,eb154,0.154,tier0,1,4.8,0,0.4,20000,0.5361,0.4639,0.0136,8.892,0.0326,0.766,4.2374,0.4383,0.4165,7,1.1308,8,0.1801,0,0,0
g3scan,rq4graded,7.25,-1.0,eb154,0.154,tier0,1,4.8,0,0.41,20000,0.5361,0.4639,0.0189,8.624,0.0396,0.802,4.0258,0.4272,0.4053,7,1.1275,8,0.1732,0,0,0
g3scan,rq4graded,7.25,-1.0,eb154,0.154,tier0,1,4.8,0,0.42,20000,0.5361,0.4639,0.0261,8.355,0.0465,0.865,3.8239,0.4166,0.395,7,1.1222,8,0.1673,0,0,0
g3scan,rq4graded,7.25,-1.0,eb154,0.154,tier0,1,4.8,0,0.43,20000,0.5361,0.4639,0.0333,8.091,0.0535,0.92,3.6264,0.4068,0.3854,7,1.1217,8,0.1625,0,0,0
g3scan,rq4graded,7.25,-1.0,eb154,0.154,tier0,1,4.8,0,0.44,20000,0.5361,0.4639,0.0418,7.837,0.0609,0.982,3.4445,0.3985,0.3771,7,1.1169,8,0.1574,0,0,0
g3scan,rq4graded,7.25,-1.0,eb154,0.154,tier0,1,4.8,0,0.45,20000,0.5361,0.4639,0.052,7.582,0.0692,1.093,3.2816,0.3893,0.3684,7,1.1208,8,0.1529,0,0,0
g3scan,rq4graded,7.25,-1.0,eb154,0.154,tier0,1,4.8,0,0.46,20000,0.5361,0.4639,0.0637,7.339,0.0748,1.121,3.1408,0.3821,0.3611,7,1.1196,8,0.1485,0,0,0
g3scan,rq4graded,7.25,-1.0,eb154,0.154,tier0,1,4.8,0,0.47,20000,0.5361,0.4639,0.0775,7.102,0.0792,1.129,3.0167,0.374,0.3532,7,1.1168,8,0.145,0,0,0
g3scan,rq4graded,7.25,-1.0,eb154,0.154,tier0,1,4.8,0,0.48,20000,0.5361,0.4639,0.0886,6.87,0.0864,1.158,2.8681,0.367,0.3461,7,1.1164,8,0.1422,0,1,0
g3scan,rq4graded,7.25,-1.0,eb154,0.154,tier0,1,4.8,0,0.49,20000,0.5361,0.4639,0.1037,6.644,0.0901,1.142,2.7548,0.36,0.3394,7,1.1123,8,0.139,0,1,0
g3scan,rq4graded,7.25,-1.0,eb154,0.154,tier0,1,4.8,0,0.5,20000,0.5361,0.4639,0.119,6.427,0.0943,1.183,2.6535,0.354,0.3336,7,1.1106,8,0.1357,0,1,0
g3scan,rq4graded,7.25,-1.0,eb154,0.154,tier0,1,4.8,0,0.51,20000,0.5361,0.4639,0.1334,6.213,0.0991,1.188,2.5511,0.348,0.3276,7,1.1088,8,0.1329,0,1,0
g3scan,rq4graded,7.25,-1.0,eb154,0.154,tier0,1,4.8,0,0.52,20000,0.5361,0.4639,0.1483,6.008,0.105,1.249,2.4562,0.3427,0.3223,7,1.109,8,0.1295,0,1,0
g3scan,rq4graded,7.25,-1.0,eb154,0.154,tier0,1,6.4,0,0.17,20000,0.5361,0.4639,0.0,13.89,0.0,nan,9.0487,1.7623,1.7623,1,1.5366,8,nan,0,0,0
g3scan,rq4graded,7.25,-1.0,eb154,0.154,tier0,1,6.4,0,0.18,20000,0.5361,0.4639,0.0,13.483,0.0,nan,8.6492,1.4585,1.4585,1,1.4467,8,nan,0,0,0
g3scan,rq4graded,7.25,-1.0,eb154,0.154,tier0,1,6.4,0,0.19,20000,0.5361,0.4639,0.0,13.068,0.0,nan,8.2391,1.2958,1.2958,2,1.3799,8,nan,0,0,0
g3scan,rq4graded,7.25,-1.0,eb154,0.154,tier0,1,6.4,0,0.2,20000,0.5361,0.4639,0.0,12.662,0.0,nan,7.8358,1.1515,1.1513,3,1.3316,8,nan,0,0,0
g3scan,rq4graded,7.25,-1.0,eb154,0.154,tier0,1,6.4,0,0.21,20000,0.5361,0.4639,0.0,12.248,0.0,nan,7.4442,1.0191,1.0186,3,1.289,8,nan,0,0,0
g3scan,rq4graded,7.25,-1.0,eb154,0.154,tier0,1,6.4,0,0.22,20000,0.5361,0.4639,0.0,11.836,0.0,nan,7.046,0.9062,0.9048,4,1.26,8,nan,0,0,0
g3scan,rq4graded,7.25,-1.0,eb154,0.154,tier0,1,6.4,0,0.23,20000,0.5361,0.4639,0.0,11.427,0.0,nan,6.6439,0.8083,0.8055,5,1.2284,8,nan,0,0,0
g3scan,rq4graded,7.25,-1.0,eb154,0.154,tier0,1,6.4,0,0.24,20000,0.5361,0.4639,0.0,11.018,0.0,0.0,6.2566,0.7134,0.7074,6,1.2055,8,nan,0,0,0
g3scan,rq4graded,7.25,-1.0,eb154,0.154,tier0,1,6.4,0,0.25,20000,0.5361,0.4639,0.0,10.608,0.0,0.0,5.8712,0.6575,0.6499,6,1.1884,8,nan,0,0,0
g3scan,rq4graded,7.25,-1.0,eb154,0.154,tier0,1,6.4,0,0.26,20000,0.5361,0.4639,0.0,10.196,0.0002,0.148,5.476,0.5807,0.5677,7,1.1751,8,nan,0,0,0
g3scan,rq4graded,7.25,-1.0,eb154,0.154,tier0,1,6.4,0,0.27,20000,0.5361,0.4639,0.0,9.788,0.0005,0.114,5.0929,0.5415,0.527,7,1.1618,8,nan,0,0,0
g3scan,rq4graded,7.25,-1.0,eb154,0.154,tier0,1,6.4,0,0.28,20000,0.5361,0.4639,0.0001,9.383,0.0013,0.13,4.7204,0.509,0.4939,7,1.1493,8,0.2759,0,0,0
g3scan,rq4graded,7.25,-1.0,eb154,0.154,tier0,1,6.4,0,0.29,20000,0.5361,0.4639,0.0002,8.982,0.0037,0.218,4.3441,0.482,0.4666,7,1.0652,7,0.2416,0,0,0
g3scan,rq4graded,7.25,-1.0,eb154,0.154,tier0,1,6.4,0,0.3,20000,0.5361,0.4639,0.0005,8.584,0.0091,0.355,3.9823,0.4577,0.4422,7,1.0599,7,0.2217,0,0,0
g3scan,rq4graded,7.25,-1.0,eb154,0.154,tier0,1,6.4,0,0.31,20000,0.5361,0.4639,0.0013,8.193,0.0165,0.449,3.6427,0.4366,0.4206,7,1.0609,7,0.2084,0,0,0
g3scan,rq4graded,7.25,-1.0,eb154,0.154,tier0,1,6.4,0,0.32,20000,0.5361,0.4639,0.0033,7.808,0.0263,0.53,3.3079,0.4179,0.4017,7,1.0564,7,0.1966,0,0,0
g3scan,rq4graded,7.25,-1.0,eb154,0.154,tier0,1,6.4,0,0.33,20000,0.5361,0.4639,0.0075,7.433,0.0376,0.611,3.0008,0.4013,0.3852,7,1.0515,7,0.184,0,0,0
g3scan,rq4graded,7.25,-1.0,eb154,0.154,tier0,1,6.4,0,0.34,20000,0.5361,0.4639,0.0143,7.064,0.0517,0.728,2.7307,0.3858,0.3697,7,0.9613,6,0.1737,0,1,0
g3scan,rq4graded,7.25,-1.0,eb154,0.154,tier0,1,6.4,0,0.35,20000,0.5361,0.4639,0.0243,6.705,0.0648,0.811,2.4786,0.3725,0.3563,7,0.9615,6,0.1645,0,1,0
g3scan,rq4graded,7.25,-1.0,eb154,0.154,tier0,1,6.4,0,0.36,20000,0.5361,0.4639,0.036,6.353,0.0824,0.974,2.258,0.3601,0.3441,7,0.9743,6,0.156,0,1,0
g3scan,rq4graded,7.25,-1.0,eb154,0.154,tier0,1,6.4,0,0.37,20000,0.5361,0.4639,0.0513,6.021,0.0961,1.045,2.0691,0.3487,0.3327,7,0.9757,6,0.15,0,1,0
g3scan,rq4graded,7.25,-1.0,eb154,0.154,tier0,1,6.4,0,0.38,20000,0.5361,0.4639,0.0714,5.693,0.1075,1.085,1.9063,0.3381,0.3221,7,0.9729,6,0.1439,0,1,0
g3scan,rq4graded,7.25,-1.0,eb154,0.154,tier0,1,6.4,0,0.39,20000,0.5361,0.4639,0.0919,5.378,0.1197,1.138,1.7698,0.3282,0.3124,7,0.9728,6,0.1382,0,1,0
g3scan,rq4graded,7.25,-1.0,eb154,0.154,tier0,1,6.4,0,0.4,20000,0.5361,0.4639,0.1172,5.083,0.1285,1.19,1.6645,0.3197,0.3039,7,0.9758,6,0.1332,0,1,0
g3scan,rq4graded,7.25,-1.0,eb154,0.154,tier0,1,6.4,0,0.41,20000,0.5361,0.4639,0.1415,4.793,0.1404,1.272,1.5635,0.3112,0.2956,7,0.9028,5,0.128,0,1,0
g3scan,rq4graded,7.25,-1.0,eb154,0.154,tier0,1,6.4,0,0.42,20000,0.5361,0.4639,0.1673,4.52,0.1493,1.295,1.4832,0.3036,0.2879,7,0.9125,5,0.1236,0,1,0
g3scan,rq4graded,7.25,-1.0,eb154,0.154,tier0,1,6.4,0,0.43,20000,0.5361,0.4639,0.1927,4.263,0.1573,1.312,1.4046,0.2964,0.281,7,0.9177,5,0.1196,0,0,0
g3scan,rq4graded,7.25,-1.0,eb154,0.154,tier0,1,6.4,0,0.44,20000,0.5361,0.4639,0.2205,4.013,0.1648,1.337,1.3554,0.2892,0.274,7,0.9202,5,0.1157,0,0,0
g3scan,rq4graded,7.25,-1.0,eb154,0.154,tier0,1,6.4,0,0.45,20000,0.5361,0.4639,0.2492,3.776,0.1696,1.349,1.3177,0.2818,0.2672,7,0.9232,5,0.1122,0,0,0
g3scan,rq4graded,7.25,-1.0,eb154,0.154,tier0,1,6.4,0,0.46,20000,0.5361,0.4639,0.2755,3.556,0.1768,1.386,1.2739,0.2759,0.2615,7,0.9361,5,0.109,0,0,0
g3scan,rq4graded,7.25,-1.0,eb154,0.154,tier0,1,6.4,0,0.47,20000,0.5361,0.4639,0.3028,3.342,0.1832,1.406,1.2503,0.2696,0.2555,7,0.8636,4,0.1061,0,0,0
g3scan,rq4graded,7.25,-1.0,eb154,0.154,tier0,1,6.4,0,0.48,20000,0.5361,0.4639,0.3278,3.142,0.1918,1.462,1.2217,0.2643,0.2502,7,0.8706,4,0.1034,1,0,0
g3scan,rq4graded,7.25,-1.0,eb154,0.154,tier0,1,6.4,0,0.49,20000,0.5361,0.4639,0.3539,2.955,0.1942,1.418,1.2063,0.2587,0.2451,7,0.8789,4,0.1008,1,0,0
g3scan,rq4graded,7.25,-1.0,eb154,0.154,tier0,1,6.4,0,0.5,20000,0.5361,0.4639,0.3789,2.773,0.2012,1.456,1.2014,0.254,0.2403,7,0.8843,4,0.0988,1,0,0
g3scan,rq4graded,7.25,-1.0,eb154,0.154,tier0,1,6.4,0,0.51,20000,0.5361,0.4639,0.4029,2.603,0.2068,1.465,1.1983,0.2488,0.2354,7,0.8937,4,0.0967,1,0,0
g3scan,rq4graded,7.25,-1.0,eb154,0.154,tier0,1,6.4,0,0.52,20000,0.5361,0.4639,0.4276,2.445,0.2108,1.448,1.2,0.2454,0.2318,7,0.8996,4,0.0943,1,0,0
g3scan,rq4graded,7.25,-1.0,eb154,0.154,tier0,1,9.6,1,0.17,20000,0.5361,0.4639,0.0,11.309,0.0,nan,6.6754,1.131,1.1309,2,1.1712,7,nan,0,0,0
g3scan,rq4graded,7.25,-1.0,eb154,0.154,tier0,1,9.6,1,0.18,20000,0.5361,0.4639,0.0,10.747,0.0,nan,6.1488,0.9774,0.9772,3,1.1329,7,nan,0,0,0
g3scan,rq4graded,7.25,-1.0,eb154,0.154,tier0,1,9.6,1,0.19,20000,0.5361,0.4639,0.0,10.183,0.0,nan,5.6626,0.8481,0.848,4,1.0241,6,nan,0,0,0
g3scan,rq4graded,7.25,-1.0,eb154,0.154,tier0,1,9.6,1,0.2,20000,0.5361,0.4639,0.0,9.624,0.0,nan,5.1525,0.734,0.7339,5,1.0099,6,nan,0,0,0
g3scan,rq4graded,7.25,-1.0,eb154,0.154,tier0,1,9.6,1,0.21,20000,0.5361,0.4639,0.0,9.058,0.0,nan,4.6825,0.6369,0.6362,6,0.9984,6,nan,0,0,0
g3scan,rq4graded,7.25,-1.0,eb154,0.154,tier0,1,9.6,1,0.22,20000,0.5361,0.4639,0.0,8.501,0.0,0.0,4.1906,0.559,0.5568,6,0.8998,5,nan,0,0,0
g3scan,rq4graded,7.25,-1.0,eb154,0.154,tier0,1,9.6,1,0.23,20000,0.5361,0.4639,0.0,7.94,0.0001,0.052,3.7454,0.4851,0.4798,7,0.8982,5,nan,0,0,0
g3scan,rq4graded,7.25,-1.0,eb154,0.154,tier0,1,9.6,1,0.24,20000,0.5361,0.4639,0.0,7.382,0.0006,0.045,3.2956,0.4391,0.4323,7,0.9019,5,nan,0,0,0
g3scan,rq4graded,7.25,-1.0,eb154,0.154,tier0,1,9.6,1,0.25,20000,0.5361,0.4639,0.0,6.844,0.0039,0.117,2.8783,0.4038,0.3962,7,0.8078,4,0.2485,0,1,0
g3scan,rq4graded,7.25,-1.0,eb154,0.154,tier0,1,9.6,1,0.26,20000,0.5361,0.4639,0.0002,6.305,0.0153,0.244,2.4995,0.3736,0.3653,7,0.8263,4,0.2149,0,1,0
g3scan,rq4graded,7.25,-1.0,eb154,0.154,tier0,1,9.6,1,0.27,20000,0.5361,0.4639,0.0013,5.79,0.0358,0.386,2.1438,0.3491,0.3402,7,0.8373,4,0.1946,0,1,0
g3scan,rq4graded,7.25,-1.0,eb154,0.154,tier0,1,9.6,1,0.28,20000,0.5361,0.4639,0.0058,5.296,0.0681,0.595,1.8513,0.3275,0.3184,7,0.7754,3,0.1759,0,1,0
g3scan,rq4graded,7.25,-1.0,eb154,0.154,tier0,1,9.6,1,0.29,20000,0.5361,0.4639,0.0178,4.816,0.1054,0.791,1.6376,0.3083,0.2992,7,0.8086,3,0.16,0,1,0
g3scan,rq4graded,7.25,-1.0,eb154,0.154,tier0,1,9.6,1,0.3,20000,0.5361,0.4639,0.0386,4.364,0.1409,0.967,1.4867,0.2913,0.2823,7,0.82,3,0.1485,0,0,0
g3scan,rq4graded,7.25,-1.0,eb154,0.154,tier0,1,9.6,1,0.31,20000,0.5361,0.4639,0.0714,3.937,0.1723,1.116,1.4118,0.2773,0.2681,7,0.8227,3,0.1378,0,0,0
g3scan,rq4graded,7.25,-1.0,eb154,0.154,tier0,1,9.6,1,0.32,20000,0.5361,0.4639,0.1135,3.528,0.2003,1.246,1.4027,0.265,0.2556,7,0.7899,2,0.1286,1,0,0
g3scan,rq4graded,7.25,-1.0,eb154,0.154,tier0,1,9.6,1,0.33,20000,0.5361,0.4639,0.1608,3.157,0.2227,1.329,1.4467,0.2556,0.2457,7,0.7784,2,0.1203,1,0,0
g3scan,rq4graded,7.25,-1.0,eb154,0.154,tier0,1,9.6,1,0.34,20000,0.5361,0.4639,0.2119,2.81,0.242,1.39,1.5324,0.2502,0.2385,7,0.7617,2,0.1132,1,0,0
g3scan,rq4graded,7.25,-1.0,eb154,0.154,tier0,1,9.6,1,0.35,20000,0.5361,0.4639,0.2648,2.493,0.2613,1.466,1.6225,0.2484,0.2336,7,0.7318,1,0.1071,1,0,0
g3scan,rq4graded,7.25,-1.0,eb154,0.154,tier0,1,9.6,1,0.36,20000,0.5361,0.4639,0.3171,2.206,0.2761,1.483,1.7273,0.2491,0.2304,7,0.7133,1,0.1017,1,0,0
g3scan,rq4graded,7.25,-1.0,eb154,0.154,tier0,1,9.6,1,0.37,20000,0.5361,0.4639,0.3672,1.945,0.2917,1.48,1.8519,0.2511,0.2285,7,0.6865,1,0.0971,1,0,0
g3scan,rq4graded,7.25,-1.0,eb154,0.154,tier0,1,9.6,1,0.38,20000,0.5361,0.4639,0.4178,1.71,0.3052,1.487,1.9624,0.2545,0.2274,7,nan,0,0.0928,0,0,0
g3scan,rq4graded,7.25,-1.0,eb154,0.154,tier0,1,9.6,1,0.39,20000,0.5361,0.4639,0.4639,1.498,0.3237,1.529,2.0939,0.257,0.2267,7,nan,0,0.089,0,0,0
g3scan,rq4graded,7.25,-1.0,eb154,0.154,tier0,1,9.6,1,0.4,20000,0.5361,0.4639,0.5087,1.308,0.3441,1.615,2.2271,0.2602,0.227,7,nan,0,0.0855,0,0,0
g3scan,rq4graded,7.25,-1.0,eb154,0.154,tier0,1,9.6,1,0.41,20000,0.5361,0.4639,0.5504,1.14,0.3614,1.623,2.3526,0.2644,0.2279,7,nan,0,0.0824,0,0,0
g3scan,rq4graded,7.25,-1.0,eb154,0.154,tier0,1,9.6,1,0.42,20000,0.5361,0.4639,0.5899,0.99,0.3823,1.681,2.4746,0.2669,0.2288,7,nan,0,0.0794,0,0,0
g3scan,rq4graded,7.25,-1.0,eb154,0.154,tier0,1,9.6,1,0.43,20000,0.5361,0.4639,0.6275,0.856,0.4008,1.703,2.5893,0.2693,0.2302,7,nan,0,0.0768,0,0,0
g3scan,rq4graded,7.25,-1.0,eb154,0.154,tier0,1,9.6,1,0.44,20000,0.5361,0.4639,0.6647,0.738,0.4184,1.73,2.6875,0.2697,0.2306,7,nan,0,0.0742,0,0,0
g3scan,rq4graded,7.25,-1.0,eb154,0.154,tier0,1,9.6,1,0.45,20000,0.5361,0.4639,0.6982,0.633,0.441,1.79,2.7897,0.2375,0.2063,6,nan,0,0.0719,0,0,0
g3scan,rq4graded,7.25,-1.0,eb154,0.154,tier0,1,9.6,1,0.46,20000,0.5361,0.4639,0.7287,0.542,0.462,1.758,2.8893,0.2068,0.1832,5,nan,0,0.0693,0,0,0
g3scan,rq4graded,7.25,-1.0,eb154,0.154,tier0,1,9.6,1,0.47,20000,0.5361,0.4639,0.7581,0.462,0.4829,1.752,2.9794,0.2115,0.1868,5,nan,0,0.0674,0,0,0
g3scan,rq4graded,7.25,-1.0,eb154,0.154,tier0,1,9.6,1,0.48,20000,0.5361,0.4639,0.7839,0.393,0.5155,1.868,3.0725,0.2134,0.1893,5,nan,0,0.0653,0,0,0
g3scan,rq4graded,7.25,-1.0,eb154,0.154,tier0,1,9.6,1,0.49,20000,0.5361,0.4639,0.8098,0.331,0.5435,1.994,3.1487,0.2161,0.193,5,nan,0,0.0626,0,0,0
g3scan,rq4graded,7.25,-1.0,eb154,0.154,tier0,1,9.6,1,0.5,20000,0.5361,0.4639,0.8333,0.277,0.58,2.217,3.2286,0.1881,0.1709,4,nan,0,0.061,0,0,0
g3scan,rq4graded,7.25,-1.0,eb154,0.154,tier0,1,9.6,1,0.51,20000,0.5361,0.4639,0.8534,0.232,0.6204,2.484,3.3067,0.1897,0.1738,4,nan,0,0.0602,0,0,0
g3scan,rq4graded,7.25,-1.0,eb154,0.154,tier0,1,9.6,1,0.52,20000,0.5361,0.4639,0.8728,0.192,0.6587,2.825,3.3758,0.1924,0.1782,4,nan,0,0.0586,0,0,0
g3scan,rq4graded,7.25,-1.0,eb154,0.154,tier0,1,12.8,1,0.17,20000,0.5361,0.4639,0.0,9.641,0.0,nan,5.3396,0.8747,0.8737,3,0.9308,5,nan,0,0,0
g3scan,rq4graded,7.25,-1.0,eb154,0.154,tier0,1,12.8,1,0.18,20000,0.5361,0.4639,0.0,8.982,0.0,nan,4.8088,0.7413,0.7406,4,0.8255,4,nan,0,0,0
g3scan,rq4graded,7.25,-1.0,eb154,0.154,tier0,1,12.8,1,0.19,20000,0.5361,0.4639,0.0,8.324,0.0,nan,4.2699,0.6316,0.6315,5,0.8194,4,nan,0,0,0
g3scan,rq4graded,7.25,-1.0,eb154,0.154,tier0,1,12.8,1,0.2,20000,0.5361,0.4639,0.0,7.66,0.0,nan,3.7786,0.5384,0.5383,6,0.8226,4,nan,0,0,0
g3scan,rq4graded,7.25,-1.0,eb154,0.154,tier0,1,12.8,1,0.21,20000,0.5361,0.4639,0.0,7.003,0.0,0.0,3.3107,0.4597,0.459,7,0.7582,3,nan,0,1,0
g3scan,rq4graded,7.25,-1.0,eb154,0.154,tier0,1,12.8,1,0.22,20000,0.5361,0.4639,0.0,6.352,0.0002,0.016,2.8703,0.3978,0.3953,7,0.7877,3,nan,0,1,0
g3scan,rq4graded,7.25,-1.0,eb154,0.154,tier0,1,12.8,1,0.23,20000,0.5361,0.4639,0.0,5.724,0.0022,0.048,2.4676,0.3547,0.3514,7,0.7406,2,0.2669,0,1,0
g3scan,rq4graded,7.25,-1.0,eb154,0.154,tier0,1,12.8,1,0.24,20000,0.5361,0.4639,0.0,5.104,0.0173,0.169,2.1301,0.3198,0.3158,7,0.7747,2,0.2142,0,1,0
g3scan,rq4graded,7.25,-1.0,eb154,0.154,tier0,1,12.8,1,0.25,20000,0.5361,0.4639,0.0007,4.523,0.0561,0.372,1.8733,0.2934,0.2886,7,0.7618,2,0.1852,0,1,0
g3scan,rq4graded,7.25,-1.0,eb154,0.154,tier0,1,12.8,1,0.26,20000,0.5361,0.4639,0.0063,3.971,0.1192,0.66,1.7261,0.276,0.2693,7,0.7168,1,0.1635,0,0,0
g3scan,rq4graded,7.25,-1.0,eb154,0.154,tier0,1,12.8,1,0.27,20000,0.5361,0.4639,0.028,3.455,0.1839,0.943,1.7343,0.2674,0.2565,7,0.6824,1,0.1465,0,0,0
g3scan,rq4graded,7.25,-1.0,eb154,0.154,tier0,1,12.8,1,0.28,20000,0.5361,0.4639,0.0714,2.972,0.2425,1.196,1.838,0.2647,0.2481,7,nan,0,0.1322,1,0,0
g3scan,rq4graded,7.25,-1.0,eb154,0.154,tier0,1,12.8,1,0.29,20000,0.5361,0.4639,0.1358,2.531,0.286,1.36,2.0087,0.2657,0.243,7,nan,0,0.1202,1,0,0
g3scan,rq4graded,7.25,-1.0,eb154,0.154,tier0,1,12.8,1,0.3,20000,0.5361,0.4639,0.2111,2.133,0.3212,1.464,2.1853,0.2654,0.2386,7,nan,0,0.1098,0,0,0
g3scan,rq4graded,7.25,-1.0,eb154,0.154,tier0,1,12.8,1,0.31,20000,0.5361,0.4639,0.2917,1.779,0.3513,1.522,2.3775,0.2671,0.2362,7,nan,0,0.1014,0,0,0
g3scan,rq4graded,7.25,-1.0,eb154,0.154,tier0,1,12.8,1,0.32,20000,0.5361,0.4639,0.3699,1.473,0.3809,1.575,2.5517,0.2653,0.2333,7,nan,0,0.0944,0,0,0
g3scan,rq4graded,7.25,-1.0,eb154,0.154,tier0,1,12.8,1,0.33,20000,0.5361,0.4639,0.447,1.206,0.4134,1.666,2.7079,0.2349,0.2081,6,nan,0,0.0881,0,0,0
g3scan,rq4graded,7.25,-1.0,eb154,0.154,tier0,1,12.8,1,0.34,20000,0.5361,0.4639,0.5156,0.983,0.4461,1.735,2.8586,0.2348,0.2077,6,nan,0,0.083,0,0,0
g3scan,rq4graded,7.25,-1.0,eb154,0.154,tier0,1,12.8,1,0.35,20000,0.5361,0.4639,0.58,0.796,0.4815,1.815,2.9946,0.2083,0.1857,5,nan,0,0.0784,0,0,0
g3scan,rq4graded,7.25,-1.0,eb154,0.154,tier0,1,12.8,1,0.36,20000,0.5361,0.4639,0.6407,0.635,0.5213,1.908,3.1211,0.2095,0.187,5,nan,0,0.0742,0,0,0
g3scan,rq4graded,7.25,-1.0,eb154,0.154,tier0,1,12.8,1,0.37,20000,0.5361,0.4639,0.6964,0.503,0.5578,1.971,3.2324,0.1825,0.1655,4,nan,0,0.07,0,0,0
g3scan,rq4graded,7.25,-1.0,eb154,0.154,tier0,1,12.8,1,0.38,20000,0.5361,0.4639,0.7467,0.395,0.6013,2.174,3.3288,0.1869,0.1697,4,nan,0,0.0667,0,0,0
g3scan,rq4graded,7.25,-1.0,eb154,0.154,tier0,1,12.8,1,0.39,20000,0.5361,0.4639,0.7899,0.305,0.6616,2.628,3.4357,0.1859,0.1712,4,nan,0,0.0633,0,0,0
g3scan,rq4graded,7.25,-1.0,eb154,0.154,tier0,1,12.8,1,0.4,20000,0.5361,0.4639,0.8308,0.231,0.7174,3.212,3.525,0.1637,0.1539,3,nan,0,0.0603,0,0,0
g3scan,rq4graded,7.25,-1.0,eb154,0.154,tier0,1,12.8,1,0.41,20000,0.5361,0.4639,0.8648,0.175,0.7661,4.098,3.5906,0.165,0.1575,3,nan,0,0.0592,0,0,0
g3scan,rq4graded,7.25,-1.0,eb154,0.154,tier0,1,12.8,1,0.42,20000,0.5361,0.4639,0.8953,0.129,0.8183,5.69,3.6558,0.1416,0.1384,2,nan,0,0.0593,0,0,0
g3scan,rq4graded,7.25,-1.0,eb154,0.154,tier0,1,12.8,1,0.43,20000,0.5361,0.4639,0.9222,0.093,0.8555,7.59,3.6974,0.1445,0.1418,2,nan,0,0.0611,0,0,0
g3scan,rq4graded,7.25,-1.0,eb154,0.154,tier0,1,12.8,1,0.44,20000,0.5361,0.4639,0.9451,0.064,0.8752,9.124,3.724,0.1425,0.1404,2,nan,0,0.0643,0,0,0
g3scan,rq4graded,7.25,-1.0,eb154,0.154,tier0,1,12.8,1,0.45,20000,0.5361,0.4639,0.9626,0.044,0.873,9.104,3.723,0.1389,0.1371,2,nan,0,0.069,0,0,0
g3scan,rq4graded,7.25,-1.0,eb154,0.154,tier0,1,12.8,1,0.46,20000,0.5361,0.4639,0.9744,0.03,0.8816,10.522,3.7247,0.1189,0.1189,1,nan,0,0.0744,0,0,0
g3scan,rq4graded,7.25,-1.0,eb154,0.154,tier0,1,12.8,1,0.47,20000,0.5361,0.4639,0.9839,0.019,0.8815,9.531,3.7355,0.1143,0.1143,1,nan,0,0.0774,0,0,0
g3scan,rq4graded,7.25,-1.0,eb154,0.154,tier0,1,12.8,1,0.48,20000,0.5361,0.4639,0.9903,0.011,0.8654,8.182,3.7204,0.1115,0.1115,1,nan,0,0.0808,0,0,0
g3scan,rq4graded,7.25,-1.0,eb154,0.154,tier0,1,12.8,1,0.49,20000,0.5361,0.4639,0.9935,0.008,0.8417,6.882,3.6872,nan,nan,0,nan,0,0.0809,0,0,0
g3scan,rq4graded,7.25,-1.0,eb154,0.154,tier0,1,12.8,1,0.5,20000,0.5361,0.4639,0.9953,0.006,0.82,5.857,3.6686,nan,nan,0,nan,0,0.0798,0,0,0
g3scan,rq4graded,7.25,-1.0,eb154,0.154,tier0,1,12.8,1,0.51,20000,0.5361,0.4639,0.997,0.003,0.8615,7.0,3.7348,nan,nan,0,nan,0,0.0801,0,0,0
g3scan,rq4graded,7.25,-1.0,eb154,0.154,tier0,1,12.8,1,0.52,20000,0.5361,0.4639,0.9981,0.002,0.8537,7.0,3.7179,nan,nan,0,nan,0,0.0779,0,0,0
g3scan,rq4graded,8.0,-1.0,eb0482,0.0482,tier0,1,2.4,0,0.17,20000,0.9579,0.0421,0.0,20.359,0.0,nan,15.4707,nan,nan,0,3.9972,2,nan,0,0,0
g3scan,rq4graded,8.0,-1.0,eb0482,0.0482,tier0,1,2.4,0,0.18,20000,0.9579,0.0421,0.0,20.313,0.0,nan,15.4246,nan,nan,0,3.9512,3,nan,0,0,0
g3scan,rq4graded,8.0,-1.0,eb0482,0.0482,tier0,1,2.4,0,0.19,20000,0.9579,0.0421,0.0,20.266,0.0,nan,15.3776,nan,nan,0,3.8233,3,nan,0,0,0
g3scan,rq4graded,8.0,-1.0,eb0482,0.0482,tier0,1,2.4,0,0.2,20000,0.9579,0.0421,0.0,20.219,0.0,nan,15.3308,nan,nan,0,3.7166,3,nan,0,0,0
g3scan,rq4graded,8.0,-1.0,eb0482,0.0482,tier0,1,2.4,0,0.21,20000,0.9579,0.0421,0.0,20.175,0.0,nan,15.286,nan,nan,0,3.633,3,nan,0,0,0
g3scan,rq4graded,8.0,-1.0,eb0482,0.0482,tier0,1,2.4,0,0.22,20000,0.9579,0.0421,0.0,20.127,0.0,nan,15.2385,nan,nan,0,3.5576,4,nan,0,0,0
g3scan,rq4graded,8.0,-1.0,eb0482,0.0482,tier0,1,2.4,0,0.23,20000,0.9579,0.0421,0.0,20.082,0.0,nan,15.1929,nan,nan,0,3.4685,4,nan,0,0,0
g3scan,rq4graded,8.0,-1.0,eb0482,0.0482,tier0,1,2.4,0,0.24,20000,0.9579,0.0421,0.0,20.035,0.0,nan,15.146,nan,nan,0,3.3944,4,nan,0,0,0
g3scan,rq4graded,8.0,-1.0,eb0482,0.0482,tier0,1,2.4,0,0.25,20000,0.9579,0.0421,0.0,19.989,0.0,nan,15.1008,nan,nan,0,3.2603,5,nan,0,0,0
g3scan,rq4graded,8.0,-1.0,eb0482,0.0482,tier0,1,2.4,0,0.26,20000,0.9579,0.0421,0.0,19.945,0.0,nan,15.0565,nan,nan,0,3.1953,5,nan,0,0,0
g3scan,rq4graded,8.0,-1.0,eb0482,0.0482,tier0,1,2.4,0,0.27,20000,0.9579,0.0421,0.0,19.898,0.0,nan,15.0094,nan,nan,0,3.1359,5,nan,0,0,0
g3scan,rq4graded,8.0,-1.0,eb0482,0.0482,tier0,1,2.4,0,0.28,20000,0.9579,0.0421,0.0,19.853,0.0,nan,14.9645,nan,nan,0,3.0796,5,nan,0,0,0
g3scan,rq4graded,8.0,-1.0,eb0482,0.0482,tier0,1,2.4,0,0.29,20000,0.9579,0.0421,0.0,19.81,0.0,nan,14.9216,nan,nan,0,2.9556,6,nan,0,0,0
g3scan,rq4graded,8.0,-1.0,eb0482,0.0482,tier0,1,2.4,0,0.3,20000,0.9579,0.0421,0.0,19.765,0.0,nan,14.8761,nan,nan,0,2.9067,6,nan,0,0,0
g3scan,rq4graded,8.0,-1.0,eb0482,0.0482,tier0,1,2.4,0,0.31,20000,0.9579,0.0421,0.0,19.718,0.0,nan,14.8294,nan,nan,0,2.8608,6,nan,0,0,0
g3scan,rq4graded,8.0,-1.0,eb0482,0.0482,tier0,1,2.4,0,0.32,20000,0.9579,0.0421,0.0,19.672,0.0,nan,14.783,nan,nan,0,2.8151,6,nan,0,0,0
g3scan,rq4graded,8.0,-1.0,eb0482,0.0482,tier0,1,2.4,0,0.33,20000,0.9579,0.0421,0.0,19.627,0.0,nan,14.7383,nan,nan,0,2.6861,7,nan,0,0,0
g3scan,rq4graded,8.0,-1.0,eb0482,0.0482,tier0,1,2.4,0,0.34,20000,0.9579,0.0421,0.0,19.581,0.0,nan,14.6927,nan,nan,0,2.6496,7,nan,0,0,0
g3scan,rq4graded,8.0,-1.0,eb0482,0.0482,tier0,1,2.4,0,0.35,20000,0.9579,0.0421,0.0,19.536,0.0,nan,14.6477,nan,nan,0,2.6145,7,nan,0,0,0
g3scan,rq4graded,8.0,-1.0,eb0482,0.0482,tier0,1,2.4,0,0.36,20000,0.9579,0.0421,0.0,19.491,0.0,nan,14.6027,nan,nan,0,2.5814,7,nan,0,0,0
g3scan,rq4graded,8.0,-1.0,eb0482,0.0482,tier0,1,2.4,0,0.37,20000,0.9579,0.0421,0.0,19.445,0.0,nan,14.5562,nan,nan,0,2.4532,8,nan,0,0,0
g3scan,rq4graded,8.0,-1.0,eb0482,0.0482,tier0,1,2.4,0,0.38,20000,0.9579,0.0421,0.0,19.4,0.0,nan,14.5113,nan,nan,0,2.4241,8,nan,0,0,0
g3scan,rq4graded,8.0,-1.0,eb0482,0.0482,tier0,1,2.4,0,0.39,20000,0.9579,0.0421,0.0,19.356,0.0,nan,14.4678,nan,nan,0,2.3974,8,nan,0,0,0
g3scan,rq4graded,8.0,-1.0,eb0482,0.0482,tier0,1,2.4,0,0.4,20000,0.9579,0.0421,0.0,19.312,0.0,nan,14.4238,nan,nan,0,2.3722,8,nan,0,0,0
g3scan,rq4graded,8.0,-1.0,eb0482,0.0482,tier0,1,2.4,0,0.41,20000,0.9579,0.0421,0.0,19.268,0.0,nan,14.379,nan,nan,0,2.3447,8,nan,0,0,0
g3scan,rq4graded,8.0,-1.0,eb0482,0.0482,tier0,1,2.4,0,0.42,20000,0.9579,0.0421,0.0,19.224,0.0,nan,14.3351,nan,nan,0,2.3212,8,nan,0,0,0
g3scan,rq4graded,8.0,-1.0,eb0482,0.0482,tier0,1,2.4,0,0.43,20000,0.9579,0.0421,0.0,19.178,0.0,nan,14.2896,nan,nan,0,2.2992,8,nan,0,0,0
g3scan,rq4graded,8.0,-1.0,eb0482,0.0482,tier0,1,2.4,0,0.44,20000,0.9579,0.0421,0.0,19.133,0.0,0.0,14.2448,1.2457,1.2457,1,2.2751,8,nan,0,0,0
g3scan,rq4graded,8.0,-1.0,eb0482,0.0482,tier0,1,2.4,0,0.45,20000,0.9579,0.0421,0.0,19.089,0.0,0.0,14.2005,1.2326,1.2326,1,2.2534,8,nan,0,0,0
g3scan,rq4graded,8.0,-1.0,eb0482,0.0482,tier0,1,2.4,0,0.46,20000,0.9579,0.0421,0.0,19.045,0.0,0.0,14.1566,1.2186,1.2186,1,2.2318,8,nan,0,0,0
g3scan,rq4graded,8.0,-1.0,eb0482,0.0482,tier0,1,2.4,0,0.47,20000,0.9579,0.0421,0.0,19.001,0.0,0.0,14.112,1.2038,1.2038,1,2.2106,8,nan,0,0,0
g3scan,rq4graded,8.0,-1.0,eb0482,0.0482,tier0,1,2.4,0,0.48,20000,0.9579,0.0421,0.0,18.958,0.0,0.333,14.0689,1.0963,1.0922,2,2.1914,8,nan,0,0,0
g3scan,rq4graded,8.0,-1.0,eb0482,0.0482,tier0,1,2.4,0,0.49,20000,0.9579,0.0421,0.0,18.913,0.0001,1.0,14.0243,1.0915,1.0882,2,2.1736,8,nan,0,0,0
g3scan,rq4graded,8.0,-1.0,eb0482,0.0482,tier0,1,2.4,0,0.5,20000,0.9579,0.0421,0.0,18.868,0.0001,3.0,13.9794,1.0841,1.0802,2,2.1556,8,nan,0,0,0
g3scan,rq4graded,8.0,-1.0,eb0482,0.0482,tier0,1,2.4,0,0.51,20000,0.9579,0.0421,0.0,18.823,0.0001,3.0,13.9343,1.0778,1.0734,2,2.1374,8,nan,0,0,0
g3scan,rq4graded,8.0,-1.0,eb0482,0.0482,tier0,1,2.4,0,0.52,20000,0.9579,0.0421,0.0,18.779,0.0001,nan,13.8903,0.9877,0.9791,3,2.1198,8,nan,0,0,0
g3scan,rq4graded,8.0,-1.0,eb0482,0.0482,tier0,1,3.2,0,0.17,20000,0.9579,0.0421,0.0,19.605,0.0,nan,14.7167,nan,nan,0,3.2781,4,nan,0,0,0
g3scan,rq4graded,8.0,-1.0,eb0482,0.0482,tier0,1,3.2,0,0.18,20000,0.9579,0.0421,0.0,19.515,0.0,nan,14.6265,nan,nan,0,3.141,5,nan,0,0,0
g3scan,rq4graded,8.0,-1.0,eb0482,0.0482,tier0,1,3.2,0,0.19,20000,0.9579,0.0421,0.0,19.425,0.0,nan,14.5363,nan,nan,0,3.0224,5,nan,0,0,0
g3scan,rq4graded,8.0,-1.0,eb0482,0.0482,tier0,1,3.2,0,0.2,20000,0.9579,0.0421,0.0,19.337,0.0,nan,14.4485,nan,nan,0,2.9295,5,nan,0,0,0
g3scan,rq4graded,8.0,-1.0,eb0482,0.0482,tier0,1,3.2,0,0.21,20000,0.9579,0.0421,0.0,19.251,0.0,nan,14.3621,nan,nan,0,2.8043,6,nan,0,0,0
g3scan,rq4graded,8.0,-1.0,eb0482,0.0482,tier0,1,3.2,0,0.22,20000,0.9579,0.0421,0.0,19.163,0.0,nan,14.2746,nan,nan,0,2.7202,6,nan,0,0,0
g3scan,rq4graded,8.0,-1.0,eb0482,0.0482,tier0,1,3.2,0,0.23,20000,0.9579,0.0421,0.0,19.074,0.0,nan,14.1856,nan,nan,0,2.5867,7,nan,0,0,0
g3scan,rq4graded,8.0,-1.0,eb0482,0.0482,tier0,1,3.2,0,0.24,20000,0.9579,0.0421,0.0,18.987,0.0,nan,14.0982,nan,nan,0,2.5157,7,nan,0,0,0
g3scan,rq4graded,8.0,-1.0,eb0482,0.0482,tier0,1,3.2,0,0.25,20000,0.9579,0.0421,0.0,18.897,0.0,nan,14.0085,nan,nan,0,2.4564,7,nan,0,0,0
g3scan,rq4graded,8.0,-1.0,eb0482,0.0482,tier0,1,3.2,0,0.26,20000,0.9579,0.0421,0.0,18.809,0.0,nan,13.9203,nan,nan,0,2.3324,8,nan,0,0,0
g3scan,rq4graded,8.0,-1.0,eb0482,0.0482,tier0,1,3.2,0,0.27,20000,0.9579,0.0421,0.0,18.719,0.0,nan,13.8309,nan,nan,0,2.2785,8,nan,0,0,0
g3scan,rq4graded,8.0,-1.0,eb0482,0.0482,tier0,1,3.2,0,0.28,20000,0.9579,0.0421,0.0,18.633,0.0,nan,13.7446,nan,nan,0,2.2317,8,nan,0,0,0
g3scan,rq4graded,8.0,-1.0,eb0482,0.0482,tier0,1,3.2,0,0.29,20000,0.9579,0.0421,0.0,18.546,0.0,nan,13.6572,nan,nan,0,2.1894,8,nan,0,0,0
g3scan,rq4graded,8.0,-1.0,eb0482,0.0482,tier0,1,3.2,0,0.3,20000,0.9579,0.0421,0.0,18.456,0.0,nan,13.5673,nan,nan,0,2.148,8,nan,0,0,0
g3scan,rq4graded,8.0,-1.0,eb0482,0.0482,tier0,1,3.2,0,0.31,20000,0.9579,0.0421,0.0,18.37,0.0,nan,13.481,nan,nan,0,2.1098,8,nan,0,0,0
g3scan,rq4graded,8.0,-1.0,eb0482,0.0482,tier0,1,3.2,0,0.32,20000,0.9579,0.0421,0.0,18.283,0.0,nan,13.394,1.242,1.242,1,2.0736,8,nan,0,0,0
g3scan,rq4graded,8.0,-1.0,eb0482,0.0482,tier0,1,3.2,0,0.33,20000,0.9579,0.0421,0.0,18.195,0.0,nan,13.3059,1.2035,1.2035,1,2.0396,8,nan,0,0,0
g3scan,rq4graded,8.0,-1.0,eb0482,0.0482,tier0,1,3.2,0,0.34,20000,0.9579,0.0421,0.0,18.112,0.0,nan,13.2229,1.1083,1.1053,2,2.0085,8,nan,0,0,0
g3scan,rq4graded,8.0,-1.0,eb0482,0.0482,tier0,1,3.2,0,0.35,20000,0.9579,0.0421,0.0,18.023,0.0,0.0,13.1341,1.0886,1.0852,2,1.9768,8,nan,0,0,0
g3scan,rq4graded,8.0,-1.0,eb0482,0.0482,tier0,1,3.2,0,0.36,20000,0.9579,0.0421,0.0,17.937,0.0,0.0,13.0485,1.0665,1.0631,2,1.9476,8,nan,0,0,0
g3scan,rq4graded,8.0,-1.0,eb0482,0.0482,tier0,1,3.2,0,0.37,20000,0.9579,0.0421,0.0,17.849,0.0,0.0,12.96,0.98,0.9731,3,1.9186,8,nan,0,0,0
g3scan,rq4graded,8.0,-1.0,eb0482,0.0482,tier0,1,3.2,0,0.38,20000,0.9579,0.0421,0.0,17.764,0.0001,1.0,12.8749,0.9659,0.9589,3,1.8933,8,nan,0,0,0
g3scan,rq4graded,8.0,-1.0,eb0482,0.0482,tier0,1,3.2,0,0.39,20000,0.9579,0.0421,0.0,17.677,0.0001,3.0,12.7881,0.8863,0.8736,4,1.8685,8,nan,0,0,0
g3scan,rq4graded,8.0,-1.0,eb0482,0.0482,tier0,1,3.2,0,0.4,20000,0.9579,0.0421,0.0,17.59,0.0001,2.0,12.7014,0.8714,0.859,4,1.8445,8,nan,0,0,0
g3scan,rq4graded,8.0,-1.0,eb0482,0.0482,tier0,1,3.2,0,0.41,20000,0.9579,0.0421,0.0,17.503,0.0001,1.333,12.6147,0.8605,0.8481,4,1.8222,8,nan,0,0,0
g3scan,rq4graded,8.0,-1.0,eb0482,0.0482,tier0,1,3.2,0,0.42,20000,0.9579,0.0421,0.0,17.419,0.0001,0.5,12.5312,0.7866,0.7666,5,1.8017,8,nan,0,0,0
g3scan,rq4graded,8.0,-1.0,eb0482,0.0482,tier0,1,3.2,0,0.43,20000,0.9579,0.0421,0.0001,17.334,0.0001,0.2,12.4469,0.7762,0.7564,5,1.7811,8,nan,0,0,0
g3scan,rq4graded,8.0,-1.0,eb0482,0.0482,tier0,1,3.2,0,0.44,20000,0.9579,0.0421,0.0001,17.246,0.0001,0.364,12.3584,0.7078,0.6788,6,1.7607,8,nan,0,0,0
g3scan,rq4graded,8.0,-1.0,eb0482,0.0482,tier0,1,3.2,0,0.45,20000,0.9579,0.0421,0.0001,17.16,0.0001,0.235,12.2736,0.6966,0.6679,6,1.7416,8,nan,0,0,0
g3scan,rq4graded,8.0,-1.0,eb0482,0.0482,tier0,1,3.2,0,0.46,20000,0.9579,0.0421,0.0001,17.075,0.0002,0.529,12.1884,0.6873,0.6588,6,1.7238,8,nan,0,0,0
g3scan,rq4graded,8.0,-1.0,eb0482,0.0482,tier0,1,3.2,0,0.47,20000,0.9579,0.0421,0.0001,16.991,0.0003,0.545,12.104,0.6231,0.5801,7,1.7064,8,nan,0,0,0
g3scan,rq4graded,8.0,-1.0,eb0482,0.0482,tier0,1,3.2,0,0.48,20000,0.9579,0.0421,0.0002,16.904,0.0004,0.5,12.0177,0.6145,0.5716,7,1.6893,8,nan,0,0,0
g3scan,rq4graded,8.0,-1.0,eb0482,0.0482,tier0,1,3.2,0,0.49,20000,0.9579,0.0421,0.0002,16.818,0.0005,0.513,11.932,0.6072,0.5647,7,1.6732,8,0.212,0,0,0
g3scan,rq4graded,8.0,-1.0,eb0482,0.0482,tier0,1,3.2,0,0.5,20000,0.9579,0.0421,0.0003,16.734,0.0006,0.407,11.85,0.5993,0.5573,7,1.6579,8,0.2066,0,0,0
g3scan,rq4graded,8.0,-1.0,eb0482,0.0482,tier0,1,3.2,0,0.51,20000,0.9579,0.0421,0.0003,16.65,0.0007,0.384,11.7671,0.592,0.5507,7,1.6431,8,0.2013,0,0,0
g3scan,rq4graded,8.0,-1.0,eb0482,0.0482,tier0,1,3.2,0,0.52,20000,0.9579,0.0421,0.0004,16.565,0.001,0.481,11.6838,0.5853,0.5445,7,1.6283,8,0.1981,0,0,0
g3scan,rq4graded,8.0,-1.0,eb0482,0.0482,tier0,1,4.8,0,0.17,20000,0.9579,0.0421,0.0,17.955,0.0,nan,13.0668,nan,nan,0,2.2954,7,nan,0,0,0
g3scan,rq4graded,8.0,-1.0,eb0482,0.0482,tier0,1,4.8,0,0.18,20000,0.9579,0.0421,0.0,17.774,0.0,nan,12.8849,nan,nan,0,2.1879,7,nan,0,0,0
g3scan,rq4graded,8.0,-1.0,eb0482,0.0482,tier0,1,4.8,0,0.19,20000,0.9579,0.0421,0.0,17.592,0.0,nan,12.7033,nan,nan,0,2.0594,8,nan,0,0,0
g3scan,rq4graded,8.0,-1.0,eb0482,0.0482,tier0,1,4.8,0,0.2,20000,0.9579,0.0421,0.0,17.41,0.0,nan,12.5215,nan,nan,0,1.9751,8,nan,0,0,0
g3scan,rq4graded,8.0,-1.0,eb0482,0.0482,tier0,1,4.8,0,0.21,20000,0.9579,0.0421,0.0,17.231,0.0,nan,12.3427,nan,nan,0,1.9031,8,nan,0,0,0
g3scan,rq4graded,8.0,-1.0,eb0482,0.0482,tier0,1,4.8,0,0.22,20000,0.9579,0.0421,0.0,17.051,0.0,nan,12.1624,1.3278,1.3278,1,1.8361,8,nan,0,0,0
g3scan,rq4graded,8.0,-1.0,eb0482,0.0482,tier0,1,4.8,0,0.23,20000,0.9579,0.0421,0.0,16.871,0.0,nan,11.9824,1.2304,1.2304,1,1.7764,8,nan,0,0,0
g3scan,rq4graded,8.0,-1.0,eb0482,0.0482,tier0,1,4.8,0,0.24,20000,0.9579,0.0421,0.0,16.693,0.0,nan,11.8041,1.1248,1.1231,2,1.7208,8,nan,0,0,0
g3scan,rq4graded,8.0,-1.0,eb0482,0.0482,tier0,1,4.8,0,0.25,20000,0.9579,0.0421,0.0,16.512,0.0,nan,11.6236,1.0674,1.065,2,1.6703,8,nan,0,0,0
g3scan,rq4graded,8.0,-1.0,eb0482,0.0482,tier0,1,4.8,0,0.26,20000,0.9579,0.0421,0.0,16.334,0.0,nan,11.4452,0.9806,0.9758,3,1.6251,8,nan,0,0,0
g3scan,rq4graded,8.0,-1.0,eb0482,0.0482,tier0,1,4.8,0,0.27,20000,0.9579,0.0421,0.0,16.154,0.0,nan,11.265,0.8923,0.8842,4,1.5829,8,nan,0,0,0
g3scan,rq4graded,8.0,-1.0,eb0482,0.0482,tier0,1,4.8,0,0.28,20000,0.9579,0.0421,0.0,15.975,0.0,0.0,11.086,0.859,0.8503,4,1.5444,8,nan,0,0,0
g3scan,rq4graded,8.0,-1.0,eb0482,0.0482,tier0,1,4.8,0,0.29,20000,0.9579,0.0421,0.0,15.794,0.0,0.0,10.9056,0.7784,0.7647,5,1.5086,8,nan,0,0,0
g3scan,rq4graded,8.0,-1.0,eb0482,0.0482,tier0,1,4.8,0,0.3,20000,0.9579,0.0421,0.0,15.614,0.0001,1.0,10.725,0.7538,0.74,5,1.4752,8,nan,0,0,0
g3scan,rq4graded,8.0,-1.0,eb0482,0.0482,tier0,1,4.8,0,0.31,20000,0.9579,0.0421,0.0,15.436,0.0001,1.0,10.5472,0.6816,0.6603,6,1.4433,8,nan,0,0,0
g3scan,rq4graded,8.0,-1.0,eb0482,0.0482,tier0,1,4.8,0,0.32,20000,0.9579,0.0421,0.0,15.258,0.0001,0.308,10.3695,0.6612,0.6402,6,1.4139,8,nan,0,0,0
g3scan,rq4graded,8.0,-1.0,eb0482,0.0482,tier0,1,4.8,0,0.33,20000,0.9579,0.0421,0.0,15.082,0.0002,0.286,10.194,0.5939,0.5615,7,1.3867,8,nan,0,0,0
g3scan,rq4graded,8.0,-1.0,eb0482,0.0482,tier0,1,4.8,0,0.34,20000,0.9579,0.0421,0.0001,14.906,0.0003,0.278,10.0182,0.5779,0.5451,7,1.3612,8,nan,0,0,0
g3scan,rq4graded,8.0,-1.0,eb0482,0.0482,tier0,1,4.8,0,0.35,20000,0.9579,0.0421,0.0001,14.726,0.0005,0.29,9.8385,0.5623,0.5298,7,1.3368,8,nan,0,0,0
g3scan,rq4graded,8.0,-1.0,eb0482,0.0482,tier0,1,4.8,0,0.36,20000,0.9579,0.0421,0.0001,14.549,0.0008,0.287,9.662,0.5489,0.5172,7,1.3137,8,0.2093,0,0,0
g3scan,rq4graded,8.0,-1.0,eb0482,0.0482,tier0,1,4.8,0,0.37,20000,0.9579,0.0421,0.0002,14.373,0.0013,0.329,9.4871,0.5355,0.5043,7,1.292,8,0.2015,0,0,0
g3scan,rq4graded,8.0,-1.0,eb0482,0.0482,tier0,1,4.8,0,0.38,20000,0.9579,0.0421,0.0004,14.199,0.002,0.376,9.316,0.5239,0.4933,7,1.2715,8,0.1925,0,0,0
g3scan,rq4graded,8.0,-1.0,eb0482,0.0482,tier0,1,4.8,0,0.39,20000,0.9579,0.0421,0.0006,14.022,0.0031,0.45,9.1414,0.5122,0.4821,7,1.2515,8,0.1887,0,0,0
g3scan,rq4graded,8.0,-1.0,eb0482,0.0482,tier0,1,4.8,0,0.4,20000,0.9579,0.0421,0.0009,13.845,0.0047,0.547,8.9686,0.5012,0.4714,7,1.2326,8,0.1844,0,0,0
g3scan,rq4graded,8.0,-1.0,eb0482,0.0482,tier0,1,4.8,0,0.41,20000,0.9579,0.0421,0.0015,13.676,0.0061,0.604,8.8077,0.4913,0.462,7,1.2155,8,0.1802,0,0,0
g3scan,rq4graded,8.0,-1.0,eb0482,0.0482,tier0,1,4.8,0,0.42,20000,0.9579,0.0421,0.0022,13.502,0.008,0.67,8.6433,0.4813,0.4523,7,1.1985,8,0.1775,0,0,0
g3scan,rq4graded,8.0,-1.0,eb0482,0.0482,tier0,1,4.8,0,0.43,20000,0.9579,0.0421,0.0034,13.332,0.0101,0.742,8.4888,0.4723,0.4435,7,1.1819,8,0.1733,0,0,0
g3scan,rq4graded,8.0,-1.0,eb0482,0.0482,tier0,1,4.8,0,0.44,20000,0.9579,0.0421,0.0049,13.164,0.0118,0.71,8.3398,0.464,0.4353,7,1.1671,8,0.1702,0,0,0
g3scan,rq4graded,8.0,-1.0,eb0482,0.0482,tier0,1,4.8,0,0.45,20000,0.9579,0.0421,0.0067,12.995,0.0139,0.711,8.1945,0.4557,0.4273,7,1.1523,8,0.1669,0,0,0
g3scan,rq4graded,8.0,-1.0,eb0482,0.0482,tier0,1,4.8,0,0.46,20000,0.9579,0.0421,0.0089,12.83,0.0162,0.743,8.056,0.4483,0.4203,7,1.1378,8,0.1626,0,0,0
g3scan,rq4graded,8.0,-1.0,eb0482,0.0482,tier0,1,4.8,0,0.47,20000,0.9579,0.0421,0.0109,12.666,0.0197,0.826,7.9168,0.4411,0.4133,7,1.1244,8,0.1594,0,0,0
g3scan,rq4graded,8.0,-1.0,eb0482,0.0482,tier0,1,4.8,0,0.48,20000,0.9579,0.0421,0.0144,12.504,0.0219,0.818,7.7975,0.4342,0.4066,7,1.1112,8,0.1559,0,0,0
g3scan,rq4graded,8.0,-1.0,eb0482,0.0482,tier0,1,4.8,0,0.49,20000,0.9579,0.0421,0.0173,12.342,0.0258,0.926,7.6701,0.4275,0.4002,7,1.0979,8,0.1531,0,0,0
g3scan,rq4graded,8.0,-1.0,eb0482,0.0482,tier0,1,4.8,0,0.5,20000,0.9579,0.0421,0.0208,12.183,0.0279,0.914,7.5533,0.4211,0.3941,7,1.0857,8,0.1504,0,0,0
g3scan,rq4graded,8.0,-1.0,eb0482,0.0482,tier0,1,4.8,0,0.51,20000,0.9579,0.0421,0.0248,12.031,0.0314,0.978,7.4487,0.4151,0.3884,7,1.0737,8,0.1481,0,0,0
g3scan,rq4graded,8.0,-1.0,eb0482,0.0482,tier0,1,4.8,0,0.52,20000,0.9579,0.0421,0.0294,11.879,0.0349,1.071,7.3492,0.4094,0.3829,7,1.0624,8,0.1454,0,0,0
g3scan,rq4graded,8.0,-1.0,eb0482,0.0482,tier0,1,6.4,0,0.17,20000,0.9579,0.0421,0.0,16.426,0.0,nan,11.5375,nan,nan,0,1.7644,8,nan,0,0,0
g3scan,rq4graded,8.0,-1.0,eb0482,0.0482,tier0,1,6.4,0,0.18,20000,0.9579,0.0421,0.0,16.159,0.0,nan,11.2705,nan,nan,0,1.67,8,nan,0,0,0
g3scan,rq4graded,8.0,-1.0,eb0482,0.0482,tier0,1,6.4,0,0.19,20000,0.9579,0.0421,0.0,15.892,0.0,nan,11.0034,1.2792,1.2792,1,1.586,8,nan,0,0,0
g3scan,rq4graded,8.0,-1.0,eb0482,0.0482,tier0,1,6.4,0,0.2,20000,0.9579,0.0421,0.0,15.628,0.0,nan,10.7394,1.1462,1.1454,2,1.5127,8,nan,0,0,0
g3scan,rq4graded,8.0,-1.0,eb0482,0.0482,tier0,1,6.4,0,0.21,20000,0.9579,0.0421,0.0,15.362,0.0,nan,10.473,1.0621,1.0604,2,1.448,8,nan,0,0,0
g3scan,rq4graded,8.0,-1.0,eb0482,0.0482,tier0,1,6.4,0,0.22,20000,0.9579,0.0421,0.0,15.091,0.0,nan,10.2028,0.9609,0.9578,3,1.39,8,nan,0,0,0
g3scan,rq4graded,8.0,-1.0,eb0482,0.0482,tier0,1,6.4,0,0.23,20000,0.9579,0.0421,0.0,14.826,0.0,nan,9.9378,0.8657,0.8605,4,1.3395,8,nan,0,0,0
g3scan,rq4graded,8.0,-1.0,eb0482,0.0482,tier0,1,6.4,0,0.24,20000,0.9579,0.0421,0.0,14.562,0.0,nan,9.6738,0.8173,0.8114,4,1.2928,8,nan,0,0,0
g3scan,rq4graded,8.0,-1.0,eb0482,0.0482,tier0,1,6.4,0,0.25,20000,0.9579,0.0421,0.0,14.296,0.0,0.0,9.4071,0.735,0.7254,5,1.2506,8,nan,0,0,0
g3scan,rq4graded,8.0,-1.0,eb0482,0.0482,tier0,1,6.4,0,0.26,20000,0.9579,0.0421,0.0,14.031,0.0,0.0,9.1425,0.6591,0.6437,6,1.2118,8,nan,0,0,0
g3scan,rq4graded,8.0,-1.0,eb0482,0.0482,tier0,1,6.4,0,0.27,20000,0.9579,0.0421,0.0,13.763,0.0001,0.3,8.8748,0.6282,0.6124,6,1.1761,8,nan,0,0,0
g3scan,rq4graded,8.0,-1.0,eb0482,0.0482,tier0,1,6.4,0,0.28,20000,0.9579,0.0421,0.0,13.501,0.0001,0.167,8.6127,0.5605,0.5357,7,1.144,8,nan,0,0,0
g3scan,rq4graded,8.0,-1.0,eb0482,0.0482,tier0,1,6.4,0,0.29,20000,0.9579,0.0421,0.0,13.237,0.0003,0.189,8.3483,0.5371,0.5122,7,1.114,8,nan,0,0,0
g3scan,rq4graded,8.0,-1.0,eb0482,0.0482,tier0,1,6.4,0,0.3,20000,0.9579,0.0421,0.0001,12.973,0.0005,0.179,8.085,0.5165,0.4918,7,1.0854,8,0.2151,0,0,0
g3scan,rq4graded,8.0,-1.0,eb0482,0.0482,tier0,1,6.4,0,0.31,20000,0.9579,0.0421,0.0001,12.712,0.0012,0.205,7.8243,0.498,0.4739,7,1.0595,8,0.2033,0,0,0
g3scan,rq4graded,8.0,-1.0,eb0482,0.0482,tier0,1,6.4,0,0.32,20000,0.9579,0.0421,0.0002,12.45,0.0028,0.331,7.5635,0.4812,0.4576,7,1.0349,8,0.1936,0,0,0
g3scan,rq4graded,8.0,-1.0,eb0482,0.0482,tier0,1,6.4,0,0.33,20000,0.9579,0.0421,0.0005,12.188,0.005,0.415,7.3054,0.4658,0.4424,7,1.0119,8,0.1858,0,0,0
g3scan,rq4graded,8.0,-1.0,eb0482,0.0482,tier0,1,6.4,0,0.34,20000,0.9579,0.0421,0.0009,11.934,0.0083,0.508,7.056,0.4515,0.4283,7,0.9904,8,0.1801,0,0,0
g3scan,rq4graded,8.0,-1.0,eb0482,0.0482,tier0,1,6.4,0,0.35,20000,0.9579,0.0421,0.0021,11.679,0.0121,0.571,6.814,0.4382,0.4152,7,0.9698,8,0.1744,0,0,0
g3scan,rq4graded,8.0,-1.0,eb0482,0.0482,tier0,1,6.4,0,0.36,20000,0.9579,0.0421,0.0038,11.428,0.0162,0.598,6.5829,0.4261,0.4034,7,0.9508,8,0.169,0,0,0
g3scan,rq4graded,8.0,-1.0,eb0482,0.0482,tier0,1,6.4,0,0.37,20000,0.9579,0.0421,0.0067,11.182,0.0209,0.634,6.3687,0.415,0.3926,7,0.9323,8,0.1628,0,0,0
g3scan,rq4graded,8.0,-1.0,eb0482,0.0482,tier0,1,6.4,0,0.38,20000,0.9579,0.0421,0.0102,10.938,0.0273,0.737,6.1619,0.4045,0.3823,7,0.9151,8,0.1574,0,0,0
g3scan,rq4graded,8.0,-1.0,eb0482,0.0482,tier0,1,6.4,0,0.39,20000,0.9579,0.0421,0.015,10.698,0.0333,0.806,5.9722,0.3947,0.3728,7,0.8983,8,0.1526,0,0,0
g3scan,rq4graded,8.0,-1.0,eb0482,0.0482,tier0,1,6.4,0,0.4,20000,0.9579,0.0421,0.0203,10.464,0.0411,0.943,5.7921,0.3856,0.364,7,0.8827,8,0.1479,0,0,0
g3scan,rq4graded,8.0,-1.0,eb0482,0.0482,tier0,1,6.4,0,0.41,20000,0.9579,0.0421,0.0271,10.234,0.0473,0.998,5.6303,0.3771,0.3557,7,0.8674,8,0.1441,0,0,0
g3scan,rq4graded,8.0,-1.0,eb0482,0.0482,tier0,1,6.4,0,0.42,20000,0.9579,0.0421,0.0359,10.009,0.0527,1.044,5.4935,0.369,0.3479,7,0.8531,8,0.1405,0,0,0
g3scan,rq4graded,8.0,-1.0,eb0482,0.0482,tier0,1,6.4,0,0.43,20000,0.9579,0.0421,0.0456,9.791,0.057,1.061,5.3701,0.3614,0.3405,7,0.8397,8,0.137,0,0,0
g3scan,rq4graded,8.0,-1.0,eb0482,0.0482,tier0,1,6.4,0,0.44,20000,0.9579,0.0421,0.0558,9.578,0.0624,1.105,5.2557,0.3543,0.3336,7,0.8269,8,0.1337,0,0,0
g3scan,rq4graded,8.0,-1.0,eb0482,0.0482,tier0,1,6.4,0,0.45,20000,0.9579,0.0421,0.0679,9.373,0.066,1.148,5.1672,0.3476,0.3271,7,0.8149,8,0.1305,0,0,0
g3scan,rq4graded,8.0,-1.0,eb0482,0.0482,tier0,1,6.4,0,0.46,20000,0.9579,0.0421,0.0793,9.168,0.0715,1.221,5.0682,0.3409,0.3207,7,0.8028,8,0.1274,0,0,0
g3scan,rq4graded,8.0,-1.0,eb0482,0.0482,tier0,1,6.4,0,0.47,20000,0.9579,0.0421,0.0917,8.975,0.0748,1.232,4.9923,0.3349,0.3149,7,0.7915,8,0.1245,0,0,0
g3scan,rq4graded,8.0,-1.0,eb0482,0.0482,tier0,1,6.4,0,0.48,20000,0.9579,0.0421,0.1041,8.785,0.0784,1.269,4.9172,0.3291,0.3094,7,0.7807,8,0.1219,0,0,0
g3scan,rq4graded,8.0,-1.0,eb0482,0.0482,tier0,1,6.4,0,0.49,20000,0.9579,0.0421,0.1177,8.601,0.0802,1.25,4.8592,0.3234,0.3039,7,0.7705,8,0.1194,0,0,0
g3scan,rq4graded,8.0,-1.0,eb0482,0.0482,tier0,1,6.4,0,0.5,20000,0.9579,0.0421,0.1311,8.422,0.0829,1.29,4.8037,0.3183,0.299,7,0.7598,8,0.117,0,0,0
g3scan,rq4graded,8.0,-1.0,eb0482,0.0482,tier0,1,6.4,0,0.51,20000,0.9579,0.0421,0.1449,8.247,0.0854,1.323,4.7564,0.313,0.294,7,0.7499,8,0.1147,0,0,0
g3scan,rq4graded,8.0,-1.0,eb0482,0.0482,tier0,1,6.4,0,0.52,20000,0.9579,0.0421,0.1579,8.079,0.0879,1.347,4.706,0.3081,0.2893,7,0.7406,8,0.1125,0,0,0
g3scan,rq4graded,8.0,-1.0,eb0482,0.0482,tier0,1,9.6,1,0.17,20000,0.9579,0.0421,0.0,13.99,0.0,nan,9.1016,1.1283,1.1282,2,1.1806,8,nan,0,0,0
g3scan,rq4graded,8.0,-1.0,eb0482,0.0482,tier0,1,9.6,1,0.18,20000,0.9579,0.0421,0.0,13.584,0.0,nan,8.6949,1.0054,1.0048,2,1.1021,8,nan,0,0,0
g3scan,rq4graded,8.0,-1.0,eb0482,0.0482,tier0,1,9.6,1,0.19,20000,0.9579,0.0421,0.0,13.175,0.0,nan,8.2867,0.8892,0.8882,3,1.0347,8,nan,0,0,0
g3scan,rq4graded,8.0,-1.0,eb0482,0.0482,tier0,1,9.6,1,0.2,20000,0.9579,0.0421,0.0,12.771,0.0,nan,7.8827,0.7874,0.7853,4,0.9775,8,nan,0,0,0
g3scan,rq4graded,8.0,-1.0,eb0482,0.0482,tier0,1,9.6,1,0.21,20000,0.9579,0.0421,0.0,12.364,0.0,nan,7.4755,0.6942,0.69,5,0.9262,8,nan,0,0,0
g3scan,rq4graded,8.0,-1.0,eb0482,0.0482,tier0,1,9.6,1,0.22,20000,0.9579,0.0421,0.0,11.958,0.0,0.0,7.069,0.6391,0.6343,5,0.8811,8,nan,0,0,0
g3scan,rq4graded,8.0,-1.0,eb0482,0.0482,tier0,1,9.6,1,0.23,20000,0.9579,0.0421,0.0,11.551,0.0,0.0,6.6627,0.5636,0.5552,6,0.841,8,nan,0,0,0
g3scan,rq4graded,8.0,-1.0,eb0482,0.0482,tier0,1,9.6,1,0.24,20000,0.9579,0.0421,0.0,11.146,0.0001,0.097,6.2578,0.4951,0.4806,7,0.8042,8,nan,0,0,0
g3scan,rq4graded,8.0,-1.0,eb0482,0.0482,tier0,1,9.6,1,0.25,20000,0.9579,0.0421,0.0,10.746,0.0003,0.07,5.859,0.4635,0.4487,7,0.7712,8,nan,0,0,0
g3scan,rq4graded,8.0,-1.0,eb0482,0.0482,tier0,1,9.6,1,0.26,20000,0.9579,0.0421,0.0,10.346,0.001,0.102,5.4608,0.4363,0.4216,7,0.7413,8,0.2119,0,0,0
g3scan,rq4graded,8.0,-1.0,eb0482,0.0482,tier0,1,9.6,1,0.27,20000,0.9579,0.0421,0.0001,9.951,0.0038,0.189,5.068,0.413,0.3984,7,0.7132,8,0.1918,0,0,0
g3scan,rq4graded,8.0,-1.0,eb0482,0.0482,tier0,1,9.6,1,0.28,20000,0.9579,0.0421,0.0004,9.56,0.0101,0.303,4.6811,0.392,0.3773,7,0.6877,8,0.18,0,0,0
g3scan,rq4graded,8.0,-1.0,eb0482,0.0482,tier0,1,9.6,1,0.29,20000,0.9579,0.0421,0.0013,9.179,0.0202,0.424,4.3083,0.3733,0.3588,7,0.6647,8,0.1704,0,0,0
g3scan,rq4graded,8.0,-1.0,eb0482,0.0482,tier0,1,9.6,1,0.3,20000,0.9579,0.0421,0.0042,8.808,0.0342,0.577,3.9634,0.3568,0.3424,7,0.6436,8,0.1602,0,0,0
g3scan,rq4graded,8.0,-1.0,eb0482,0.0482,tier0,1,9.6,1,0.31,20000,0.9579,0.0421,0.0102,8.443,0.0513,0.75,3.6488,0.3417,0.3276,7,0.6234,8,0.1512,0,0,0
g3scan,rq4graded,8.0,-1.0,eb0482,0.0482,tier0,1,9.6,1,0.32,20000,0.9579,0.0421,0.0194,8.089,0.0685,0.893,3.3687,0.3281,0.3141,7,0.6039,8,0.1438,0,0,0
g3scan,rq4graded,8.0,-1.0,eb0482,0.0482,tier0,1,9.6,1,0.33,20000,0.9579,0.0421,0.0336,7.75,0.0833,1.008,3.1398,0.3158,0.302,7,0.5865,8,0.1371,0,0,0
g3scan,rq4graded,8.0,-1.0,eb0482,0.0482,tier0,1,9.6,1,0.34,20000,0.9579,0.0421,0.0519,7.423,0.098,1.139,2.9494,0.3045,0.2909,7,0.5695,8,0.1307,0,0,0
g3scan,rq4graded,8.0,-1.0,eb0482,0.0482,tier0,1,9.6,1,0.35,20000,0.9579,0.0421,0.0745,7.107,0.108,1.197,2.8008,0.2941,0.2808,7,0.5542,8,0.1251,0,0,0
g3scan,rq4graded,8.0,-1.0,eb0482,0.0482,tier0,1,9.6,1,0.36,20000,0.9579,0.0421,0.0986,6.806,0.1173,1.266,2.6753,0.2843,0.2713,7,0.539,8,0.1198,0,1,0
g3scan,rq4graded,8.0,-1.0,eb0482,0.0482,tier0,1,9.6,1,0.37,20000,0.9579,0.0421,0.1247,6.519,0.1254,1.339,2.5746,0.2753,0.2625,7,0.5249,8,0.1151,0,1,0
g3scan,rq4graded,8.0,-1.0,eb0482,0.0482,tier0,1,9.6,1,0.38,20000,0.9579,0.0421,0.152,6.248,0.1312,1.382,2.4958,0.267,0.2544,7,0.5121,8,0.111,0,1,0
g3scan,rq4graded,8.0,-1.0,eb0482,0.0482,tier0,1,9.6,1,0.39,20000,0.9579,0.0421,0.1791,5.992,0.1361,1.387,2.4282,0.2595,0.2471,7,0.4987,8,0.1071,0,1,0
g3scan,rq4graded,8.0,-1.0,eb0482,0.0482,tier0,1,9.6,1,0.4,20000,0.9579,0.0421,0.2064,5.746,0.1396,1.398,2.3722,0.2523,0.24,7,0.4861,8,0.1036,0,1,0
g3scan,rq4graded,8.0,-1.0,eb0482,0.0482,tier0,1,9.6,1,0.41,20000,0.9579,0.0421,0.2336,5.514,0.1418,1.391,2.3279,0.2454,0.2334,7,0.4742,8,0.1002,0,1,0
g3scan,rq4graded,8.0,-1.0,eb0482,0.0482,tier0,1,9.6,1,0.42,20000,0.9579,0.0421,0.2591,5.299,0.1463,1.462,2.2863,0.2393,0.2274,7,0.4639,8,0.097,0,1,0
g3scan,rq4graded,8.0,-1.0,eb0482,0.0482,tier0,1,9.6,1,0.43,20000,0.9579,0.0421,0.2845,5.092,0.1494,1.487,2.2515,0.2334,0.2216,7,0.4543,8,0.0941,0,1,0
g3scan,rq4graded,8.0,-1.0,eb0482,0.0482,tier0,1,9.6,1,0.44,20000,0.9579,0.0421,0.3086,4.898,0.1523,1.534,2.2185,0.228,0.2163,7,0.4442,8,0.0916,0,1,0
g3scan,rq4graded,8.0,-1.0,eb0482,0.0482,tier0,1,9.6,1,0.45,20000,0.9579,0.0421,0.3318,4.713,0.154,1.544,2.1891,0.2227,0.2112,7,0.4343,8,0.089,0,1,0
g3scan,rq4graded,8.0,-1.0,eb0482,0.0482,tier0,1,9.6,1,0.46,20000,0.9579,0.0421,0.3545,4.538,0.1551,1.557,2.1669,0.2174,0.2061,7,0.4243,8,0.0867,0,1,0
g3scan,rq4graded,8.0,-1.0,eb0482,0.0482,tier0,1,9.6,1,0.47,20000,0.9579,0.0421,0.3773,4.372,0.1539,1.505,2.1575,0.2126,0.2015,7,0.4162,8,0.0846,0,0,0
g3scan,rq4graded,8.0,-1.0,eb0482,0.0482,tier0,1,9.6,1,0.48,20000,0.9579,0.0421,0.3976,4.217,0.1542,1.486,2.1393,0.2083,0.1973,7,0.4076,8,0.0824,0,0,0
g3scan,rq4graded,8.0,-1.0,eb0482,0.0482,tier0,1,9.6,1,0.49,20000,0.9579,0.0421,0.418,4.067,0.1539,1.472,2.129,0.204,0.1931,7,0.3994,8,0.0804,0,0,0
g3scan,rq4graded,8.0,-1.0,eb0482,0.0482,tier0,1,9.6,1,0.5,20000,0.9579,0.0421,0.4362,3.926,0.1566,1.524,2.1082,0.2001,0.1893,7,0.3914,8,0.0785,0,0,0
g3scan,rq4graded,8.0,-1.0,eb0482,0.0482,tier0,1,9.6,1,0.51,20000,0.9579,0.0421,0.4544,3.792,0.1572,1.535,2.0986,0.1962,0.1856,7,0.3849,8,0.0765,0,0,0
g3scan,rq4graded,8.0,-1.0,eb0482,0.0482,tier0,1,9.6,1,0.52,20000,0.9579,0.0421,0.4712,3.665,0.1583,1.539,2.0813,0.1923,0.182,7,0.3778,8,0.0748,0,0,0
g3scan,rq4graded,8.0,-1.0,eb0482,0.0482,tier0,1,12.8,1,0.17,20000,0.9579,0.0421,0.0,12.221,0.0,nan,7.3413,0.9115,0.9115,3,0.8419,8,nan,0,0,0
g3scan,rq4graded,8.0,-1.0,eb0482,0.0482,tier0,1,12.8,1,0.18,20000,0.9579,0.0421,0.0,11.711,0.0,nan,6.8373,0.7895,0.7893,4,0.7757,8,nan,0,0,0
g3scan,rq4graded,8.0,-1.0,eb0482,0.0482,tier0,1,12.8,1,0.19,20000,0.9579,0.0421,0.0,11.203,0.0,nan,6.3345,0.6927,0.6919,4,0.7194,8,nan,0,0,0
g3scan,rq4graded,8.0,-1.0,eb0482,0.0482,tier0,1,12.8,1,0.2,20000,0.9579,0.0421,0.0,10.694,0.0,nan,5.8295,0.6044,0.6025,5,0.6704,8,nan,0,0,0
g3scan,rq4graded,8.0,-1.0,eb0482,0.0482,tier0,1,12.8,1,0.21,20000,0.9579,0.0421,0.0,10.184,0.0,0.0,5.3214,0.5241,0.5198,6,0.6275,8,nan,0,0,0
g3scan,rq4graded,8.0,-1.0,eb0482,0.0482,tier0,1,12.8,1,0.22,20000,0.9579,0.0421,0.0,9.676,0.0,0.0,4.8168,0.4546,0.4468,7,0.5894,8,nan,0,0,0
g3scan,rq4graded,8.0,-1.0,eb0482,0.0482,tier0,1,12.8,1,0.23,20000,0.9579,0.0421,0.0,9.17,0.0002,0.026,4.3196,0.4143,0.4053,7,0.5557,8,nan,0,0,0
g3scan,rq4graded,8.0,-1.0,eb0482,0.0482,tier0,1,12.8,1,0.24,20000,0.9579,0.0421,0.0,8.676,0.0013,0.065,3.8308,0.3826,0.3737,7,0.5265,8,0.2082,0,0,0
g3scan,rq4graded,8.0,-1.0,eb0482,0.0482,tier0,1,12.8,1,0.25,20000,0.9579,0.0421,0.0001,8.186,0.0073,0.169,3.3467,0.3553,0.3462,7,0.4988,8,0.1847,0,0,0
g3scan,rq4graded,8.0,-1.0,eb0482,0.0482,tier0,1,12.8,1,0.26,20000,0.9579,0.0421,0.0004,7.713,0.022,0.314,2.8843,0.3316,0.3225,7,0.4749,8,0.1709,0,0,0
g3scan,rq4graded,8.0,-1.0,eb0482,0.0482,tier0,1,12.8,1,0.27,20000,0.9579,0.0421,0.0025,7.253,0.0474,0.517,2.4493,0.3113,0.3021,7,0.4527,8,0.1577,0,0,0
g3scan,rq4graded,8.0,-1.0,eb0482,0.0482,tier0,1,12.8,1,0.28,20000,0.9579,0.0421,0.0102,6.81,0.0793,0.763,2.0684,0.2934,0.2843,7,0.432,8,0.146,0,1,0
g3scan,rq4graded,8.0,-1.0,eb0482,0.0482,tier0,1,12.8,1,0.29,20000,0.9579,0.0421,0.0257,6.387,0.1101,0.979,1.758,0.2775,0.2685,7,0.4135,8,0.1361,0,1,0
g3scan,rq4graded,8.0,-1.0,eb0482,0.0482,tier0,1,12.8,1,0.3,20000,0.9579,0.0421,0.0516,5.983,0.1354,1.158,1.5227,0.2635,0.2546,7,0.3971,8,0.1272,0,1,0
g3scan,rq4graded,8.0,-1.0,eb0482,0.0482,tier0,1,12.8,1,0.31,20000,0.9579,0.0421,0.0868,5.6,0.1538,1.286,1.3609,0.2512,0.2424,7,0.3817,8,0.1192,0,1,0
g3scan,rq4graded,8.0,-1.0,eb0482,0.0482,tier0,1,12.8,1,0.32,20000,0.9579,0.0421,0.1258,5.239,0.1679,1.362,1.2375,0.2398,0.231,7,0.3674,8,0.1124,0,1,0
g3scan,rq4graded,8.0,-1.0,eb0482,0.0482,tier0,1,12.8,1,0.33,20000,0.9579,0.0421,0.169,4.902,0.1766,1.404,1.1572,0.2294,0.2208,7,0.3536,8,0.1062,0,1,0
g3scan,rq4graded,8.0,-1.0,eb0482,0.0482,tier0,1,12.8,1,0.34,20000,0.9579,0.0421,0.2108,4.591,0.1854,1.477,1.0906,0.22,0.2116,7,0.3423,8,0.1008,0,1,0
g3scan,rq4graded,8.0,-1.0,eb0482,0.0482,tier0,1,12.8,1,0.35,20000,0.9579,0.0421,0.2535,4.303,0.1914,1.543,1.0526,0.2114,0.2031,7,0.3324,8,0.0957,1,0,0
g3scan,rq4graded,8.0,-1.0,eb0482,0.0482,tier0,1,12.8,1,0.36,20000,0.9579,0.0421,0.293,4.038,0.1964,1.581,1.0135,0.2034,0.1953,7,0.3221,8,0.0914,1,0,0
g3scan,rq4graded,8.0,-1.0,eb0482,0.0482,tier0,1,12.8,1,0.37,20000,0.9579,0.0421,0.3309,3.792,0.2006,1.611,0.9823,0.1961,0.1881,7,0.3141,8,0.0875,1,0,0
g3scan,rq4graded,8.0,-1.0,eb0482,0.0482,tier0,1,12.8,1,0.38,20000,0.9579,0.0421,0.3675,3.567,0.2013,1.584,0.9679,0.1893,0.1815,7,0.3059,8,0.0838,1,0,0
g3scan,rq4graded,8.0,-1.0,eb0482,0.0482,tier0,1,12.8,1,0.39,20000,0.9579,0.0421,0.4024,3.357,0.2022,1.591,0.9584,0.1827,0.1751,7,0.2996,8,0.0804,1,0,0
g3scan,rq4graded,8.0,-1.0,eb0482,0.0482,tier0,1,12.8,1,0.4,20000,0.9579,0.0421,0.4341,3.162,0.2037,1.595,0.9452,0.1765,0.1692,7,0.2934,8,0.0772,1,0,0
g3scan,rq4graded,8.0,-1.0,eb0482,0.0482,tier0,1,12.8,1,0.41,20000,0.9579,0.0421,0.4638,2.983,0.2058,1.633,0.937,0.171,0.1638,7,0.2874,8,0.0743,1,0,0
g3scan,rq4graded,8.0,-1.0,eb0482,0.0482,tier0,1,12.8,1,0.42,20000,0.9579,0.0421,0.4904,2.818,0.2073,1.66,0.9214,0.1657,0.1587,7,0.2822,8,0.0717,1,0,0
g3scan,rq4graded,8.0,-1.0,eb0482,0.0482,tier0,1,12.8,1,0.43,20000,0.9579,0.0421,0.516,2.663,0.2096,1.698,0.9107,0.1607,0.1539,7,0.2744,8,0.0693,1,0,0
g3scan,rq4graded,8.0,-1.0,eb0482,0.0482,tier0,1,12.8,1,0.44,20000,0.9579,0.0421,0.5408,2.52,0.2085,1.669,0.9104,0.1561,0.1495,7,0.2608,7,0.067,1,0,0
g3scan,rq4graded,8.0,-1.0,eb0482,0.0482,tier0,1,12.8,1,0.45,20000,0.9579,0.0421,0.5642,2.387,0.205,1.574,0.9104,0.1521,0.1455,7,0.2549,7,0.0648,1,0,0
g3scan,rq4graded,8.0,-1.0,eb0482,0.0482,tier0,1,12.8,1,0.46,20000,0.9579,0.0421,0.585,2.263,0.2046,1.534,0.903,0.1478,0.1414,7,0.2498,7,0.0628,1,0,0
g3scan,rq4graded,8.0,-1.0,eb0482,0.0482,tier0,1,12.8,1,0.47,20000,0.9579,0.0421,0.6042,2.149,0.2037,1.488,0.9014,0.1438,0.1376,7,0.2461,7,0.061,1,0,0
g3scan,rq4graded,8.0,-1.0,eb0482,0.0482,tier0,1,12.8,1,0.48,20000,0.9579,0.0421,0.6229,2.038,0.2084,1.579,0.8992,0.1399,0.1339,7,0.2423,7,0.059,1,0,0
g3scan,rq4graded,8.0,-1.0,eb0482,0.0482,tier0,1,12.8,1,0.49,20000,0.9579,0.0421,0.6396,1.936,0.2109,1.583,0.8864,0.1364,0.1305,7,0.2389,7,0.0575,1,0,0
g3scan,rq4graded,8.0,-1.0,eb0482,0.0482,tier0,1,12.8,1,0.5,20000,0.9579,0.0421,0.6547,1.843,0.2158,1.663,0.8722,0.1331,0.1272,7,0.237,7,0.0563,1,0,0
g3scan,rq4graded,8.0,-1.0,eb0482,0.0482,tier0,1,12.8,1,0.51,20000,0.9579,0.0421,0.6698,1.755,0.2177,1.672,0.8642,0.1298,0.124,7,0.2343,7,0.0548,1,0,0
g3scan,rq4graded,8.0,-1.0,eb0482,0.0482,tier0,1,12.8,1,0.52,20000,0.9579,0.0421,0.6832,1.673,0.2196,1.705,0.8536,0.1265,0.1209,7,0.2328,7,0.0536,1,0,0
g3scan,rq4graded,8.0,-1.0,eb1168,0.11675778353879479,tier0,0,2.4,0,0.17,20000,0.6396,0.3604,0.0,20.175,0.0,nan,15.2866,nan,nan,0,3.659,2,nan,0,0,0
g3scan,rq4graded,8.0,-1.0,eb1168,0.11675778353879479,tier0,0,2.4,0,0.18,20000,0.6396,0.3604,0.0,20.112,0.0,nan,15.2239,nan,nan,0,3.561,2,nan,0,0,0
g3scan,rq4graded,8.0,-1.0,eb1168,0.11675778353879479,tier0,0,2.4,0,0.19,20000,0.6396,0.3604,0.0,20.051,0.0,nan,15.1626,nan,nan,0,3.5202,3,nan,0,0,0
g3scan,rq4graded,8.0,-1.0,eb1168,0.11675778353879479,tier0,0,2.4,0,0.2,20000,0.6396,0.3604,0.0,19.991,0.0,nan,15.1027,nan,nan,0,3.4084,3,nan,0,0,0
g3scan,rq4graded,8.0,-1.0,eb1168,0.11675778353879479,tier0,0,2.4,0,0.21,20000,0.6396,0.3604,0.0,19.929,0.0,nan,15.0401,nan,nan,0,3.3232,3,nan,0,0,0
g3scan,rq4graded,8.0,-1.0,eb1168,0.11675778353879479,tier0,0,2.4,0,0.22,20000,0.6396,0.3604,0.0,19.871,0.0,nan,14.9819,nan,nan,0,3.2652,4,nan,0,0,0
g3scan,rq4graded,8.0,-1.0,eb1168,0.11675778353879479,tier0,0,2.4,0,0.23,20000,0.6396,0.3604,0.0,19.809,0.0,nan,14.9205,nan,nan,0,3.1824,4,nan,0,0,0
g3scan,rq4graded,8.0,-1.0,eb1168,0.11675778353879479,tier0,0,2.4,0,0.24,20000,0.6396,0.3604,0.0,19.75,0.0,nan,14.8618,nan,nan,0,3.1191,4,nan,0,0,0
g3scan,rq4graded,8.0,-1.0,eb1168,0.11675778353879479,tier0,0,2.4,0,0.25,20000,0.6396,0.3604,0.0,19.69,0.0,nan,14.8014,nan,nan,0,3.0507,4,nan,0,0,0
g3scan,rq4graded,8.0,-1.0,eb1168,0.11675778353879479,tier0,0,2.4,0,0.26,20000,0.6396,0.3604,0.0,19.628,0.0,nan,14.7397,nan,nan,0,2.9313,5,nan,0,0,0
g3scan,rq4graded,8.0,-1.0,eb1168,0.11675778353879479,tier0,0,2.4,0,0.27,20000,0.6396,0.3604,0.0,19.57,0.0,nan,14.6813,nan,nan,0,2.8757,5,nan,0,0,0
g3scan,rq4graded,8.0,-1.0,eb1168,0.11675778353879479,tier0,0,2.4,0,0.28,20000,0.6396,0.3604,0.0,19.512,0.0,nan,14.6234,nan,nan,0,2.8264,5,nan,0,0,0
g3scan,rq4graded,8.0,-1.0,eb1168,0.11675778353879479,tier0,0,2.4,0,0.29,20000,0.6396,0.3604,0.0,19.452,0.0,nan,14.5633,nan,nan,0,2.7789,5,nan,0,0,0
g3scan,rq4graded,8.0,-1.0,eb1168,0.11675778353879479,tier0,0,2.4,0,0.3,20000,0.6396,0.3604,0.0,19.393,0.0,nan,14.5041,nan,nan,0,2.7442,5,nan,0,0,0
g3scan,rq4graded,8.0,-1.0,eb1168,0.11675778353879479,tier0,0,2.4,0,0.31,20000,0.6396,0.3604,0.0,19.336,0.0,nan,14.4473,nan,nan,0,2.629,6,nan,0,0,0
g3scan,rq4graded,8.0,-1.0,eb1168,0.11675778353879479,tier0,0,2.4,0,0.32,20000,0.6396,0.3604,0.0,19.277,0.0,nan,14.3886,nan,nan,0,2.5879,6,nan,0,0,0
g3scan,rq4graded,8.0,-1.0,eb1168,0.11675778353879479,tier0,0,2.4,0,0.33,20000,0.6396,0.3604,0.0,19.219,0.0,nan,14.3304,nan,nan,0,2.5478,6,nan,0,0,0
g3scan,rq4graded,8.0,-1.0,eb1168,0.11675778353879479,tier0,0,2.4,0,0.34,20000,0.6396,0.3604,0.0,19.158,0.0,nan,14.2695,nan,nan,0,2.4321,7,nan,0,0,0
g3scan,rq4graded,8.0,-1.0,eb1168,0.11675778353879479,tier0,0,2.4,0,0.35,20000,0.6396,0.3604,0.0,19.103,0.0,nan,14.2144,nan,nan,0,2.4011,7,nan,0,0,0
g3scan,rq4graded,8.0,-1.0,eb1168,0.11675778353879479,tier0,0,2.4,0,0.36,20000,0.6396,0.3604,0.0,19.044,0.0,nan,14.1555,nan,nan,0,2.3689,7,nan,0,0,0
g3scan,rq4graded,8.0,-1.0,eb1168,0.11675778353879479,tier0,0,2.4,0,0.37,20000,0.6396,0.3604,0.0,18.984,0.0,nan,14.0953,nan,nan,0,2.3418,7,nan,0,0,0
g3scan,rq4graded,8.0,-1.0,eb1168,0.11675778353879479,tier0,0,2.4,0,0.38,20000,0.6396,0.3604,0.0,18.926,0.0,nan,14.0371,nan,nan,0,2.2235,8,nan,0,0,0
g3scan,rq4graded,8.0,-1.0,eb1168,0.11675778353879479,tier0,0,2.4,0,0.39,20000,0.6396,0.3604,0.0,18.869,0.0,nan,13.9804,nan,nan,0,2.1989,8,nan,0,0,0
g3scan,rq4graded,8.0,-1.0,eb1168,0.11675778353879479,tier0,0,2.4,0,0.4,20000,0.6396,0.3604,0.0,18.811,0.0,nan,13.9226,nan,nan,0,2.1767,8,nan,0,0,0
g3scan,rq4graded,8.0,-1.0,eb1168,0.11675778353879479,tier0,0,2.4,0,0.41,20000,0.6396,0.3604,0.0,18.752,0.0,nan,13.8635,nan,nan,0,2.1534,8,nan,0,0,0
g3scan,rq4graded,8.0,-1.0,eb1168,0.11675778353879479,tier0,0,2.4,0,0.42,20000,0.6396,0.3604,0.0,18.692,0.0,nan,13.803,nan,nan,0,2.1306,8,nan,0,0,0
g3scan,rq4graded,8.0,-1.0,eb1168,0.11675778353879479,tier0,0,2.4,0,0.43,20000,0.6396,0.3604,0.0,18.633,0.0,nan,13.7447,nan,nan,0,2.108,8,nan,0,0,0
g3scan,rq4graded,8.0,-1.0,eb1168,0.11675778353879479,tier0,0,2.4,0,0.44,20000,0.6396,0.3604,0.0,18.577,0.0,nan,13.688,nan,nan,0,2.0898,8,nan,0,0,0
g3scan,rq4graded,8.0,-1.0,eb1168,0.11675778353879479,tier0,0,2.4,0,0.45,20000,0.6396,0.3604,0.0,18.519,0.0,0.0,13.6303,nan,nan,0,2.0701,8,nan,0,0,0
g3scan,rq4graded,8.0,-1.0,eb1168,0.11675778353879479,tier0,0,2.4,0,0.46,20000,0.6396,0.3604,0.0,18.462,0.0,0.0,13.5736,1.1074,1.1074,1,2.0513,8,nan,0,0,0
g3scan,rq4graded,8.0,-1.0,eb1168,0.11675778353879479,tier0,0,2.4,0,0.47,20000,0.6396,0.3604,0.0,18.402,0.0,0.0,13.5132,1.1044,1.1044,1,2.0324,8,nan,0,0,0
g3scan,rq4graded,8.0,-1.0,eb1168,0.11675778353879479,tier0,0,2.4,0,0.48,20000,0.6396,0.3604,0.0,18.344,0.0,0.5,13.4559,1.0843,1.0843,1,2.0133,8,nan,0,0,0
g3scan,rq4graded,8.0,-1.0,eb1168,0.11675778353879479,tier0,0,2.4,0,0.49,20000,0.6396,0.3604,0.0,18.286,0.0001,1.0,13.3979,1.0678,1.0678,1,1.9953,8,nan,0,0,0
g3scan,rq4graded,8.0,-1.0,eb1168,0.11675778353879479,tier0,0,2.4,0,0.5,20000,0.6396,0.3604,0.0,18.228,0.0001,3.0,13.3392,0.982,0.9793,2,1.9776,8,nan,0,0,0
g3scan,rq4graded,8.0,-1.0,eb1168,0.11675778353879479,tier0,0,2.4,0,0.51,20000,0.6396,0.3604,0.0,18.174,0.0001,3.0,13.2852,0.9754,0.9727,2,1.963,8,nan,0,0,0
g3scan,rq4graded,8.0,-1.0,eb1168,0.11675778353879479,tier0,0,2.4,0,0.52,20000,0.6396,0.3604,0.0,18.118,0.0001,3.0,13.2289,0.9692,0.9655,2,1.9479,8,nan,0,0,0
g3scan,rq4graded,8.0,-1.0,eb1168,0.11675778353879479,tier0,0,3.2,0,0.17,20000,0.6396,0.3604,0.0,19.182,0.0,nan,14.2929,nan,nan,0,3.0095,4,nan,0,0,0
g3scan,rq4graded,8.0,-1.0,eb1168,0.11675778353879479,tier0,0,3.2,0,0.18,20000,0.6396,0.3604,0.0,19.061,0.0,nan,14.1725,nan,nan,0,2.8699,5,nan,0,0,0
g3scan,rq4graded,8.0,-1.0,eb1168,0.11675778353879479,tier0,0,3.2,0,0.19,20000,0.6396,0.3604,0.0,18.945,0.0,nan,14.0564,nan,nan,0,2.7793,5,nan,0,0,0
g3scan,rq4graded,8.0,-1.0,eb1168,0.11675778353879479,tier0,0,3.2,0,0.2,20000,0.6396,0.3604,0.0,18.827,0.0,nan,13.9381,nan,nan,0,2.6866,5,nan,0,0,0
g3scan,rq4graded,8.0,-1.0,eb1168,0.11675778353879479,tier0,0,3.2,0,0.21,20000,0.6396,0.3604,0.0,18.714,0.0,nan,13.825,nan,nan,0,2.5741,6,nan,0,0,0
g3scan,rq4graded,8.0,-1.0,eb1168,0.11675778353879479,tier0,0,3.2,0,0.22,20000,0.6396,0.3604,0.0,18.595,0.0,nan,13.7068,nan,nan,0,2.4963,6,nan,0,0,0
g3scan,rq4graded,8.0,-1.0,eb1168,0.11675778353879479,tier0,0,3.2,0,0.23,20000,0.6396,0.3604,0.0,18.485,0.0,nan,13.5967,nan,nan,0,2.4298,6,nan,0,0,0
g3scan,rq4graded,8.0,-1.0,eb1168,0.11675778353879479,tier0,0,3.2,0,0.24,20000,0.6396,0.3604,0.0,18.37,0.0,nan,13.4818,nan,nan,0,2.3103,7,nan,0,0,0
g3scan,rq4graded,8.0,-1.0,eb1168,0.11675778353879479,tier0,0,3.2,0,0.25,20000,0.6396,0.3604,0.0,18.255,0.0,nan,13.3663,nan,nan,0,2.253,7,nan,0,0,0
g3scan,rq4graded,8.0,-1.0,eb1168,0.11675778353879479,tier0,0,3.2,0,0.26,20000,0.6396,0.3604,0.0,18.141,0.0,nan,13.2525,nan,nan,0,2.2023,7,nan,0,0,0
g3scan,rq4graded,8.0,-1.0,eb1168,0.11675778353879479,tier0,0,3.2,0,0.27,20000,0.6396,0.3604,0.0,18.028,0.0,nan,13.1389,nan,nan,0,2.0905,8,nan,0,0,0
g3scan,rq4graded,8.0,-1.0,eb1168,0.11675778353879479,tier0,0,3.2,0,0.28,20000,0.6396,0.3604,0.0,17.916,0.0,nan,13.0272,nan,nan,0,2.0435,8,nan,0,0,0
g3scan,rq4graded,8.0,-1.0,eb1168,0.11675778353879479,tier0,0,3.2,0,0.29,20000,0.6396,0.3604,0.0,17.802,0.0,nan,12.9138,nan,nan,0,2.0062,8,nan,0,0,0
g3scan,rq4graded,8.0,-1.0,eb1168,0.11675778353879479,tier0,0,3.2,0,0.3,20000,0.6396,0.3604,0.0,17.691,0.0,nan,12.8022,nan,nan,0,1.9696,8,nan,0,0,0
g3scan,rq4graded,8.0,-1.0,eb1168,0.11675778353879479,tier0,0,3.2,0,0.31,20000,0.6396,0.3604,0.0,17.578,0.0,nan,12.6896,nan,nan,0,1.935,8,nan,0,0,0
g3scan,rq4graded,8.0,-1.0,eb1168,0.11675778353879479,tier0,0,3.2,0,0.32,20000,0.6396,0.3604,0.0,17.467,0.0,nan,12.5784,1.1378,1.1378,1,1.9015,8,nan,0,0,0
g3scan,rq4graded,8.0,-1.0,eb1168,0.11675778353879479,tier0,0,3.2,0,0.33,20000,0.6396,0.3604,0.0,17.355,0.0,nan,12.4666,1.1041,1.1041,1,1.8693,8,nan,0,0,0
g3scan,rq4graded,8.0,-1.0,eb1168,0.11675778353879479,tier0,0,3.2,0,0.34,20000,0.6396,0.3604,0.0,17.244,0.0,nan,12.3555,1.0727,1.0727,1,1.8407,8,nan,0,0,0
g3scan,rq4graded,8.0,-1.0,eb1168,0.11675778353879479,tier0,0,3.2,0,0.35,20000,0.6396,0.3604,0.0,17.13,0.0,nan,12.2417,0.9864,0.9838,2,1.811,8,nan,0,0,0
g3scan,rq4graded,8.0,-1.0,eb1168,0.11675778353879479,tier0,0,3.2,0,0.36,20000,0.6396,0.3604,0.0,17.021,0.0,0.0,12.1328,0.9748,0.9712,2,1.7849,8,nan,0,0,0
g3scan,rq4graded,8.0,-1.0,eb1168,0.11675778353879479,tier0,0,3.2,0,0.37,20000,0.6396,0.3604,0.0,16.911,0.0,0.0,12.0221,0.8969,0.8909,3,1.7578,8,nan,0,0,0
g3scan,rq4graded,8.0,-1.0,eb1168,0.11675778353879479,tier0,0,3.2,0,0.38,20000,0.6396,0.3604,0.0,16.799,0.0,0.333,11.9103,0.8781,0.8716,3,1.7329,8,nan,0,0,0
g3scan,rq4graded,8.0,-1.0,eb1168,0.11675778353879479,tier0,0,3.2,0,0.39,20000,0.6396,0.3604,0.0,16.693,0.0001,3.0,11.804,0.8688,0.8622,3,1.7083,8,nan,0,0,0
g3scan,rq4graded,8.0,-1.0,eb1168,0.11675778353879479,tier0,0,3.2,0,0.4,20000,0.6396,0.3604,0.0,16.582,0.0001,3.0,11.6932,0.7975,0.7857,4,1.6876,8,nan,0,0,0
g3scan,rq4graded,8.0,-1.0,eb1168,0.11675778353879479,tier0,0,3.2,0,0.41,20000,0.6396,0.3604,0.0,16.468,0.0002,2.0,11.5798,0.7867,0.775,4,1.6655,8,nan,0,0,0
g3scan,rq4graded,8.0,-1.0,eb1168,0.11675778353879479,tier0,0,3.2,0,0.42,20000,0.6396,0.3604,0.0,16.358,0.0001,1.0,11.4699,0.7768,0.765,4,1.6457,8,nan,0,0,0
g3scan,rq4graded,8.0,-1.0,eb1168,0.11675778353879479,tier0,0,3.2,0,0.43,20000,0.6396,0.3604,0.0001,16.247,0.0001,0.222,11.3593,0.7096,0.6907,5,1.6269,8,nan,0,0,0
g3scan,rq4graded,8.0,-1.0,eb1168,0.11675778353879479,tier0,0,3.2,0,0.44,20000,0.6396,0.3604,0.0001,16.139,0.0001,0.3,11.252,0.7006,0.682,5,1.6081,8,nan,0,0,0
g3scan,rq4graded,8.0,-1.0,eb1168,0.11675778353879479,tier0,0,3.2,0,0.45,20000,0.6396,0.3604,0.0002,16.029,0.0001,0.231,11.1428,0.6388,0.6112,6,1.59,8,nan,0,0,0
g3scan,rq4graded,8.0,-1.0,eb1168,0.11675778353879479,tier0,0,3.2,0,0.46,20000,0.6396,0.3604,0.0002,15.92,0.0002,0.353,11.0337,0.6289,0.6022,6,1.5724,8,nan,0,0,0
g3scan,rq4graded,8.0,-1.0,eb1168,0.11675778353879479,tier0,0,3.2,0,0.47,20000,0.6396,0.3604,0.0002,15.812,0.0004,0.529,10.9255,0.6217,0.5954,6,1.5557,8,nan,0,0,0
g3scan,rq4graded,8.0,-1.0,eb1168,0.11675778353879479,tier0,0,3.2,0,0.48,20000,0.6396,0.3604,0.0002,15.703,0.0005,0.636,10.8167,0.564,0.5245,7,1.5399,8,nan,0,0,0
g3scan,rq4graded,8.0,-1.0,eb1168,0.11675778353879479,tier0,0,3.2,0,0.49,20000,0.6396,0.3604,0.0002,15.595,0.0006,0.5,10.7095,0.5567,0.5173,7,1.5252,8,nan,0,0,0
g3scan,rq4graded,8.0,-1.0,eb1168,0.11675778353879479,tier0,0,3.2,0,0.5,20000,0.6396,0.3604,0.0003,15.486,0.0008,0.553,10.6013,0.5502,0.5111,7,1.5104,8,0.1923,0,0,0
g3scan,rq4graded,8.0,-1.0,eb1168,0.11675778353879479,tier0,0,3.2,0,0.51,20000,0.6396,0.3604,0.0004,15.375,0.0009,0.451,10.4928,0.5436,0.5048,7,1.4961,8,0.1865,0,0,0
g3scan,rq4graded,8.0,-1.0,eb1168,0.11675778353879479,tier0,0,3.2,0,0.52,20000,0.6396,0.3604,0.0005,15.268,0.0011,0.394,10.3866,0.5369,0.4988,7,1.4824,8,0.1821,0,0,0
g3scan,rq4graded,8.0,-1.0,eb1168,0.11675778353879479,tier0,0,4.8,0,0.17,20000,0.6396,0.3604,0.0,17.139,0.0,nan,12.2505,nan,nan,0,2.1031,7,nan,0,0,0
g3scan,rq4graded,8.0,-1.0,eb1168,0.11675778353879479,tier0,0,4.8,0,0.18,20000,0.6396,0.3604,0.0,16.912,0.0,nan,12.023,nan,nan,0,2.0004,7,nan,0,0,0
g3scan,rq4graded,8.0,-1.0,eb1168,0.11675778353879479,tier0,0,4.8,0,0.19,20000,0.6396,0.3604,0.0,16.69,0.0,nan,11.8015,nan,nan,0,1.8863,8,nan,0,0,0
g3scan,rq4graded,8.0,-1.0,eb1168,0.11675778353879479,tier0,0,4.8,0,0.2,20000,0.6396,0.3604,0.0,16.463,0.0,nan,11.5741,nan,nan,0,1.8043,8,nan,0,0,0
g3scan,rq4graded,8.0,-1.0,eb1168,0.11675778353879479,tier0,0,4.8,0,0.21,20000,0.6396,0.3604,0.0,16.239,0.0,nan,11.3502,nan,nan,0,1.7372,8,nan,0,0,0
g3scan,rq4graded,8.0,-1.0,eb1168,0.11675778353879479,tier0,0,4.8,0,0.22,20000,0.6396,0.3604,0.0,16.017,0.0,nan,11.128,1.2208,1.2208,1,1.6768,8,nan,0,0,0
g3scan,rq4graded,8.0,-1.0,eb1168,0.11675778353879479,tier0,0,4.8,0,0.23,20000,0.6396,0.3604,0.0,15.792,0.0,nan,10.9029,1.1339,1.1339,1,1.6196,8,nan,0,0,0
g3scan,rq4graded,8.0,-1.0,eb1168,0.11675778353879479,tier0,0,4.8,0,0.24,20000,0.6396,0.3604,0.0,15.57,0.0,nan,10.681,1.0294,1.0286,2,1.5677,8,nan,0,0,0
g3scan,rq4graded,8.0,-1.0,eb1168,0.11675778353879479,tier0,0,4.8,0,0.25,20000,0.6396,0.3604,0.0,15.345,0.0,nan,10.4567,0.9792,0.9775,2,1.519,8,nan,0,0,0
g3scan,rq4graded,8.0,-1.0,eb1168,0.11675778353879479,tier0,0,4.8,0,0.26,20000,0.6396,0.3604,0.0,15.126,0.0,nan,10.2374,0.8959,0.8919,3,1.4756,8,nan,0,0,0
g3scan,rq4graded,8.0,-1.0,eb1168,0.11675778353879479,tier0,0,4.8,0,0.27,20000,0.6396,0.3604,0.0,14.904,0.0,nan,10.0151,0.8615,0.8566,3,1.4368,8,nan,0,0,0
g3scan,rq4graded,8.0,-1.0,eb1168,0.11675778353879479,tier0,0,4.8,0,0.28,20000,0.6396,0.3604,0.0,14.679,0.0,0.0,9.7903,0.7867,0.7785,4,1.398,8,nan,0,0,0
g3scan,rq4graded,8.0,-1.0,eb1168,0.11675778353879479,tier0,0,4.8,0,0.29,20000,0.6396,0.3604,0.0,14.456,0.0,0.0,9.568,0.7579,0.7496,4,1.3629,8,nan,0,0,0
g3scan,rq4graded,8.0,-1.0,eb1168,0.11675778353879479,tier0,0,4.8,0,0.3,20000,0.6396,0.3604,0.0,14.234,0.0,0.333,9.3491,0.6902,0.6771,5,1.3308,8,nan,0,0,0
g3scan,rq4graded,8.0,-1.0,eb1168,0.11675778353879479,tier0,0,4.8,0,0.31,20000,0.6396,0.3604,0.0,14.015,0.0001,0.75,9.1307,0.6257,0.6062,6,1.3013,8,nan,0,0,0
g3scan,rq4graded,8.0,-1.0,eb1168,0.11675778353879479,tier0,0,4.8,0,0.32,20000,0.6396,0.3604,0.0,13.795,0.0002,0.4,8.9121,0.6064,0.5864,6,1.2722,8,nan,0,0,0
g3scan,rq4graded,8.0,-1.0,eb1168,0.11675778353879479,tier0,0,4.8,0,0.33,20000,0.6396,0.3604,0.0,13.571,0.0002,0.316,8.6889,0.5889,0.5692,6,1.2445,8,nan,0,0,0
g3scan,rq4graded,8.0,-1.0,eb1168,0.11675778353879479,tier0,0,4.8,0,0.34,20000,0.6396,0.3604,0.0001,13.351,0.0003,0.269,8.4705,0.53,0.5001,7,1.2184,8,nan,0,0,0
g3scan,rq4graded,8.0,-1.0,eb1168,0.11675778353879479,tier0,0,4.8,0,0.35,20000,0.6396,0.3604,0.0002,13.128,0.0005,0.311,8.2488,0.5175,0.4875,7,1.1942,8,nan,0,0,0
g3scan,rq4graded,8.0,-1.0,eb1168,0.11675778353879479,tier0,0,4.8,0,0.36,20000,0.6396,0.3604,0.0002,12.905,0.0009,0.282,8.0259,0.5039,0.474,7,1.1714,8,0.1931,0,0,0
g3scan,rq4graded,8.0,-1.0,eb1168,0.11675778353879479,tier0,0,4.8,0,0.37,20000,0.6396,0.3604,0.0003,12.692,0.0014,0.308,7.8148,0.4932,0.4642,7,1.1505,8,0.1844,0,0,0
g3scan,rq4graded,8.0,-1.0,eb1168,0.11675778353879479,tier0,0,4.8,0,0.38,20000,0.6396,0.3604,0.0005,12.469,0.0023,0.337,7.5942,0.4815,0.4529,7,1.13,8,0.1762,0,0,0
g3scan,rq4graded,8.0,-1.0,eb1168,0.11675778353879479,tier0,0,4.8,0,0.39,20000,0.6396,0.3604,0.0007,12.249,0.0038,0.453,7.3766,0.4712,0.4432,7,1.1104,8,0.1717,0,0,0
g3scan,rq4graded,8.0,-1.0,eb1168,0.11675778353879479,tier0,0,4.8,0,0.4,20000,0.6396,0.3604,0.0011,12.036,0.0052,0.516,7.1685,0.4612,0.4339,7,1.0928,8,0.1689,0,0,0
g3scan,rq4graded,8.0,-1.0,eb1168,0.11675778353879479,tier0,0,4.8,0,0.41,20000,0.6396,0.3604,0.0016,11.817,0.0076,0.606,6.957,0.4514,0.4245,7,1.0756,8,0.1645,0,0,0
g3scan,rq4graded,8.0,-1.0,eb1168,0.11675778353879479,tier0,0,4.8,0,0.42,20000,0.6396,0.3604,0.0026,11.607,0.0096,0.652,6.7585,0.4428,0.4162,7,1.0594,8,0.1619,0,0,0
g3scan,rq4graded,8.0,-1.0,eb1168,0.11675778353879479,tier0,0,4.8,0,0.43,20000,0.6396,0.3604,0.0039,11.39,0.0119,0.688,6.5599,0.4339,0.4076,7,1.0411,8,0.1598,0,0,0
g3scan,rq4graded,8.0,-1.0,eb1168,0.11675778353879479,tier0,0,4.8,0,0.44,20000,0.6396,0.3604,0.0056,11.183,0.0151,0.781,6.3727,0.4259,0.3997,7,1.0267,8,0.156,0,0,0
g3scan,rq4graded,8.0,-1.0,eb1168,0.11675778353879479,tier0,0,4.8,0,0.45,20000,0.6396,0.3604,0.0081,10.974,0.0169,0.716,6.1924,0.4182,0.3925,7,1.012,8,0.1535,0,0,0
g3scan,rq4graded,8.0,-1.0,eb1168,0.11675778353879479,tier0,0,4.8,0,0.46,20000,0.6396,0.3604,0.0105,10.767,0.02,0.745,6.0115,0.4106,0.3853,7,0.9977,8,0.1505,0,0,0
g3scan,rq4graded,8.0,-1.0,eb1168,0.11675778353879479,tier0,0,4.8,0,0.47,20000,0.6396,0.3604,0.0139,10.563,0.0229,0.752,5.8439,0.404,0.379,7,0.9854,8,0.1465,0,0,0
g3scan,rq4graded,8.0,-1.0,eb1168,0.11675778353879479,tier0,0,4.8,0,0.48,20000,0.6396,0.3604,0.0165,10.363,0.0271,0.834,5.6704,0.3973,0.3729,7,0.9723,8,0.1432,0,0,0
g3scan,rq4graded,8.0,-1.0,eb1168,0.11675778353879479,tier0,0,4.8,0,0.49,20000,0.6396,0.3604,0.0213,10.161,0.0302,0.842,5.5173,0.3911,0.3667,7,0.9599,8,0.1407,0,0,0
g3scan,rq4graded,8.0,-1.0,eb1168,0.11675778353879479,tier0,0,4.8,0,0.5,20000,0.6396,0.3604,0.0252,9.962,0.0352,0.91,5.3552,0.3852,0.3609,7,0.947,8,0.1383,0,0,0
g3scan,rq4graded,8.0,-1.0,eb1168,0.11675778353879479,tier0,0,4.8,0,0.51,20000,0.6396,0.3604,0.0302,9.773,0.0391,0.953,5.2135,0.3793,0.3554,7,0.9348,8,0.1359,0,0,0
g3scan,rq4graded,8.0,-1.0,eb1168,0.11675778353879479,tier0,0,4.8,0,0.52,20000,0.6396,0.3604,0.0357,9.581,0.0425,0.978,5.0733,0.3737,0.3502,7,0.9248,8,0.1337,0,0,0
g3scan,rq4graded,8.0,-1.0,eb1168,0.11675778353879479,tier0,0,6.4,0,0.17,20000,0.6396,0.3604,0.0,15.398,0.0,nan,10.5173,nan,nan,0,1.604,8,nan,0,0,0
g3scan,rq4graded,8.0,-1.0,eb1168,0.11675778353879479,tier0,0,6.4,0,0.18,20000,0.6396,0.3604,0.0,15.072,0.0,nan,10.192,nan,nan,0,1.5141,8,nan,0,0,0
g3scan,rq4graded,8.0,-1.0,eb1168,0.11675778353879479,tier0,0,6.4,0,0.19,20000,0.6396,0.3604,0.0,14.75,0.0,nan,9.8702,1.1809,1.1809,1,1.434,8,nan,0,0,0
g3scan,rq4graded,8.0,-1.0,eb1168,0.11675778353879479,tier0,0,6.4,0,0.2,20000,0.6396,0.3604,0.0,14.427,0.0,nan,9.549,1.0735,1.0735,1,1.3626,8,nan,0,0,0
g3scan,rq4graded,8.0,-1.0,eb1168,0.11675778353879479,tier0,0,6.4,0,0.21,20000,0.6396,0.3604,0.0,14.105,0.0,nan,9.2339,0.9737,0.9724,2,1.3014,8,nan,0,0,0
g3scan,rq4graded,8.0,-1.0,eb1168,0.11675778353879479,tier0,0,6.4,0,0.22,20000,0.6396,0.3604,0.0,13.779,0.0,nan,8.9121,0.8848,0.8821,3,1.2452,8,nan,0,0,0
g3scan,rq4graded,8.0,-1.0,eb1168,0.11675778353879479,tier0,0,6.4,0,0.23,20000,0.6396,0.3604,0.0,13.46,0.0,nan,8.5969,0.8285,0.8253,3,1.1956,8,nan,0,0,0
g3scan,rq4graded,8.0,-1.0,eb1168,0.11675778353879479,tier0,0,6.4,0,0.24,20000,0.6396,0.3604,0.0,13.137,0.0,nan,8.2757,0.7495,0.744,4,1.1511,8,nan,0,0,0
g3scan,rq4graded,8.0,-1.0,eb1168,0.11675778353879479,tier0,0,6.4,0,0.25,20000,0.6396,0.3604,0.0,12.817,0.0,0.0,7.956,0.6762,0.6675,5,1.1092,8,nan,0,0,0
g3scan,rq4graded,8.0,-1.0,eb1168,0.11675778353879479,tier0,0,6.4,0,0.26,20000,0.6396,0.3604,0.0,12.491,0.0,0.0,7.6303,0.641,0.6315,5,1.0726,8,nan,0,0,0
g3scan,rq4graded,8.0,-1.0,eb1168,0.11675778353879479,tier0,0,6.4,0,0.27,20000,0.6396,0.3604,0.0,12.17,0.0001,0.429,7.3192,0.5771,0.5622,6,1.0416,8,nan,0,0,0
g3scan,rq4graded,8.0,-1.0,eb1168,0.11675778353879479,tier0,0,6.4,0,0.28,20000,0.6396,0.3604,0.0,11.846,0.0002,0.211,7.0026,0.5528,0.5379,6,1.0127,8,nan,0,0,0
g3scan,rq4graded,8.0,-1.0,eb1168,0.11675778353879479,tier0,0,6.4,0,0.29,20000,0.6396,0.3604,0.0,11.525,0.0003,0.163,6.6865,0.4933,0.4702,7,0.9895,8,nan,0,0,0
g3scan,rq4graded,8.0,-1.0,eb1168,0.11675778353879479,tier0,0,6.4,0,0.3,20000,0.6396,0.3604,0.0001,11.205,0.0006,0.155,6.3715,0.4743,0.4514,7,0.9687,8,nan,0,0,0
g3scan,rq4graded,8.0,-1.0,eb1168,0.11675778353879479,tier0,0,6.4,0,0.31,20000,0.6396,0.3604,0.0002,10.889,0.0013,0.18,6.0585,0.4571,0.4349,7,0.9515,8,0.1869,0,0,0
g3scan,rq4graded,8.0,-1.0,eb1168,0.11675778353879479,tier0,0,6.4,0,0.32,20000,0.6396,0.3604,0.0003,10.57,0.003,0.274,5.7437,0.4415,0.4199,7,0.9376,8,0.1764,0,0,0
g3scan,rq4graded,8.0,-1.0,eb1168,0.11675778353879479,tier0,0,6.4,0,0.33,20000,0.6396,0.3604,0.0006,10.257,0.0056,0.354,5.446,0.427,0.4059,7,0.9284,8,0.1704,0,0,0
g3scan,rq4graded,8.0,-1.0,eb1168,0.11675778353879479,tier0,0,6.4,0,0.34,20000,0.6396,0.3604,0.0012,9.943,0.0096,0.477,5.1476,0.4136,0.3929,7,0.9189,8,0.1638,0,0,0
g3scan,rq4graded,8.0,-1.0,eb1168,0.11675778353879479,tier0,0,6.4,0,0.35,20000,0.6396,0.3604,0.0024,9.633,0.0139,0.528,4.8585,0.4012,0.3806,7,0.9126,8,0.1604,0,0,0
g3scan,rq4graded,8.0,-1.0,eb1168,0.11675778353879479,tier0,0,6.4,0,0.36,20000,0.6396,0.3604,0.0046,9.329,0.0198,0.6,4.5797,0.3898,0.3695,7,0.9069,8,0.1553,0,0,0
g3scan,rq4graded,8.0,-1.0,eb1168,0.11675778353879479,tier0,0,6.4,0,0.37,20000,0.6396,0.3604,0.008,9.03,0.0257,0.653,4.3144,0.3792,0.3593,7,0.9,8,0.1501,0,0,0
g3scan,rq4graded,8.0,-1.0,eb1168,0.11675778353879479,tier0,0,6.4,0,0.38,20000,0.6396,0.3604,0.0122,8.732,0.0335,0.702,4.0682,0.3691,0.3495,7,0.8943,8,0.1449,0,0,0
g3scan,rq4graded,8.0,-1.0,eb1168,0.11675778353879479,tier0,0,6.4,0,0.39,20000,0.6396,0.3604,0.0178,8.443,0.0419,0.809,3.839,0.3599,0.3405,7,0.8898,8,0.1404,0,0,0
g3scan,rq4graded,8.0,-1.0,eb1168,0.11675778353879479,tier0,0,6.4,0,0.4,20000,0.6396,0.3604,0.0248,8.158,0.0493,0.842,3.6198,0.3509,0.332,7,0.8892,8,0.1363,0,0,0
g3scan,rq4graded,8.0,-1.0,eb1168,0.11675778353879479,tier0,0,6.4,0,0.41,20000,0.6396,0.3604,0.0331,7.88,0.0599,0.996,3.4139,0.343,0.3243,7,0.891,8,0.1321,0,0,0
g3scan,rq4graded,8.0,-1.0,eb1168,0.11675778353879479,tier0,0,6.4,0,0.42,20000,0.6396,0.3604,0.0431,7.609,0.0678,1.036,3.2292,0.3353,0.3169,7,0.8865,8,0.1287,0,0,0
g3scan,rq4graded,8.0,-1.0,eb1168,0.11675778353879479,tier0,0,6.4,0,0.43,20000,0.6396,0.3604,0.0554,7.342,0.0745,1.075,3.0701,0.3279,0.3096,7,0.8915,8,0.1259,0,0,0
g3scan,rq4graded,8.0,-1.0,eb1168,0.11675778353879479,tier0,0,6.4,0,0.44,20000,0.6396,0.3604,0.0687,7.087,0.081,1.078,2.9247,0.3212,0.303,7,0.8887,8,0.1231,0,1,0
g3scan,rq4graded,8.0,-1.0,eb1168,0.11675778353879479,tier0,0,6.4,0,0.45,20000,0.6396,0.3604,0.0828,6.838,0.0866,1.104,2.7845,0.3148,0.2968,7,0.885,8,0.1205,0,1,0
g3scan,rq4graded,8.0,-1.0,eb1168,0.11675778353879479,tier0,0,6.4,0,0.46,20000,0.6396,0.3604,0.099,6.59,0.0923,1.134,2.6559,0.3084,0.2906,7,0.8809,8,0.1179,0,1,0
g3scan,rq4graded,8.0,-1.0,eb1168,0.11675778353879479,tier0,0,6.4,0,0.47,20000,0.6396,0.3604,0.1142,6.361,0.0999,1.22,2.5427,0.3028,0.2852,7,0.7942,7,0.115,0,1,0
g3scan,rq4graded,8.0,-1.0,eb1168,0.11675778353879479,tier0,0,6.4,0,0.48,20000,0.6396,0.3604,0.131,6.13,0.1051,1.237,2.44,0.2968,0.2797,7,0.7988,7,0.1118,0,1,0
g3scan,rq4graded,8.0,-1.0,eb1168,0.11675778353879479,tier0,0,6.4,0,0.49,20000,0.6396,0.3604,0.1474,5.909,0.1111,1.285,2.3364,0.2917,0.2746,7,0.8007,7,0.1094,0,1,0
g3scan,rq4graded,8.0,-1.0,eb1168,0.11675778353879479,tier0,0,6.4,0,0.5,20000,0.6396,0.3604,0.164,5.699,0.116,1.305,2.2409,0.2865,0.2697,7,0.8053,7,0.1072,0,1,0
g3scan,rq4graded,8.0,-1.0,eb1168,0.11675778353879479,tier0,0,6.4,0,0.51,20000,0.6396,0.3604,0.1819,5.494,0.119,1.293,2.1587,0.2815,0.265,7,0.8076,7,0.1049,0,1,0
g3scan,rq4graded,8.0,-1.0,eb1168,0.11675778353879479,tier0,0,6.4,0,0.52,20000,0.6396,0.3604,0.2004,5.292,0.1227,1.289,2.0878,0.2764,0.2603,7,0.809,7,0.1029,0,1,0
g3scan,rq4graded,8.0,-1.0,eb1168,0.11675778353879479,tier0,0,9.6,1,0.17,20000,0.6396,0.3604,0.0,12.786,0.0,nan,7.9888,1.0445,1.0445,1,1.1218,8,nan,0,0,0
g3scan,rq4graded,8.0,-1.0,eb1168,0.11675778353879479,tier0,0,9.6,1,0.18,20000,0.6396,0.3604,0.0,12.308,0.0,nan,7.5237,0.9224,0.9217,2,1.0742,8,nan,0,0,0
g3scan,rq4graded,8.0,-1.0,eb1168,0.11675778353879479,tier0,0,9.6,1,0.19,20000,0.6396,0.3604,0.0,11.835,0.0,nan,7.0627,0.8153,0.8142,3,1.0364,8,nan,0,0,0
g3scan,rq4graded,8.0,-1.0,eb1168,0.11675778353879479,tier0,0,9.6,1,0.2,20000,0.6396,0.3604,0.0,11.356,0.0,nan,6.6192,0.7228,0.7208,4,1.0022,8,nan,0,0,0
g3scan,rq4graded,8.0,-1.0,eb1168,0.11675778353879479,tier0,0,9.6,1,0.21,20000,0.6396,0.3604,0.0,10.88,0.0,nan,6.1663,0.6377,0.6338,5,0.9807,8,nan,0,0,0
g3scan,rq4graded,8.0,-1.0,eb1168,0.11675778353879479,tier0,0,9.6,1,0.22,20000,0.6396,0.3604,0.0,10.407,0.0,0.0,5.7201,0.5866,0.5821,5,0.8921,7,nan,0,0,0
g3scan,rq4graded,8.0,-1.0,eb1168,0.11675778353879479,tier0,0,9.6,1,0.23,20000,0.6396,0.3604,0.0,9.93,0.0,0.0,5.2851,0.5172,0.5095,6,0.8747,7,nan,0,0,0
g3scan,rq4graded,8.0,-1.0,eb1168,0.11675778353879479,tier0,0,9.6,1,0.24,20000,0.6396,0.3604,0.0,9.457,0.0001,0.115,4.8385,0.4538,0.4408,7,0.8725,7,nan,0,0,0
g3scan,rq4graded,8.0,-1.0,eb1168,0.11675778353879479,tier0,0,9.6,1,0.25,20000,0.6396,0.3604,0.0,8.984,0.0003,0.059,4.424,0.424,0.4105,7,0.8594,7,nan,0,0,0
g3scan,rq4graded,8.0,-1.0,eb1168,0.11675778353879479,tier0,0,9.6,1,0.26,20000,0.6396,0.3604,0.0,8.518,0.0012,0.095,3.9992,0.3988,0.3856,7,0.851,7,0.1974,0,0,0
g3scan,rq4graded,8.0,-1.0,eb1168,0.11675778353879479,tier0,0,9.6,1,0.27,20000,0.6396,0.3604,0.0002,8.054,0.0047,0.196,3.5904,0.3768,0.364,7,0.7662,6,0.1737,0,0,0
g3scan,rq4graded,8.0,-1.0,eb1168,0.11675778353879479,tier0,0,9.6,1,0.28,20000,0.6396,0.3604,0.0005,7.596,0.0124,0.313,3.2,0.3569,0.3442,7,0.7667,6,0.1641,0,0,0
g3scan,rq4graded,8.0,-1.0,eb1168,0.11675778353879479,tier0,0,9.6,1,0.29,20000,0.6396,0.3604,0.0014,7.151,0.0247,0.426,2.8218,0.3393,0.3267,7,0.778,6,0.1564,0,0,0
g3scan,rq4graded,8.0,-1.0,eb1168,0.11675778353879479,tier0,0,9.6,1,0.3,20000,0.6396,0.3604,0.005,6.715,0.0421,0.558,2.4889,0.3236,0.3113,7,0.6741,5,0.1471,0,1,0
g3scan,rq4graded,8.0,-1.0,eb1168,0.11675778353879479,tier0,0,9.6,1,0.31,20000,0.6396,0.3604,0.0122,6.294,0.0617,0.691,2.1883,0.3091,0.2971,7,0.6853,5,0.1394,0,1,0
g3scan,rq4graded,8.0,-1.0,eb1168,0.11675778353879479,tier0,0,9.6,1,0.32,20000,0.6396,0.3604,0.024,5.885,0.0853,0.847,1.9398,0.2957,0.2841,7,0.6991,5,0.1314,0,1,0
g3scan,rq4graded,8.0,-1.0,eb1168,0.11675778353879479,tier0,0,9.6,1,0.33,20000,0.6396,0.3604,0.0402,5.493,0.1074,0.969,1.7258,0.2836,0.2721,7,0.7147,5,0.1264,0,1,0
g3scan,rq4graded,8.0,-1.0,eb1168,0.11675778353879479,tier0,0,9.6,1,0.34,20000,0.6396,0.3604,0.0648,5.114,0.1251,1.063,1.5738,0.2721,0.261,7,0.6018,4,0.1203,0,1,0
g3scan,rq4graded,8.0,-1.0,eb1168,0.11675778353879479,tier0,0,9.6,1,0.35,20000,0.6396,0.3604,0.0931,4.756,0.1426,1.169,1.4466,0.2614,0.2508,7,0.6201,4,0.1149,0,1,0
g3scan,rq4graded,8.0,-1.0,eb1168,0.11675778353879479,tier0,0,9.6,1,0.36,20000,0.6396,0.3604,0.1235,4.412,0.1585,1.228,1.3527,0.2516,0.2414,7,0.6429,4,0.11,0,1,0
g3scan,rq4graded,8.0,-1.0,eb1168,0.11675778353879479,tier0,0,9.6,1,0.37,20000,0.6396,0.3604,0.1565,4.094,0.172,1.303,1.2818,0.2429,0.233,7,0.6549,4,0.1053,0,0,0
g3scan,rq4graded,8.0,-1.0,eb1168,0.11675778353879479,tier0,0,9.6,1,0.38,20000,0.6396,0.3604,0.1923,3.788,0.1841,1.365,1.241,0.2343,0.2248,7,0.6674,4,0.101,0,0,0
g3scan,rq4graded,8.0,-1.0,eb1168,0.11675778353879479,tier0,0,9.6,1,0.39,20000,0.6396,0.3604,0.2288,3.502,0.1954,1.421,1.2025,0.2262,0.217,7,0.5959,3,0.0975,1,0,0
g3scan,rq4graded,8.0,-1.0,eb1168,0.11675778353879479,tier0,0,9.6,1,0.4,20000,0.6396,0.3604,0.2655,3.24,0.202,1.419,1.2027,0.2191,0.2101,7,0.6136,3,0.0941,1,0,0
g3scan,rq4graded,8.0,-1.0,eb1168,0.11675778353879479,tier0,0,9.6,1,0.41,20000,0.6396,0.3604,0.3001,2.989,0.2114,1.42,1.1967,0.2125,0.2036,7,0.6347,3,0.0911,1,0,0
g3scan,rq4graded,8.0,-1.0,eb1168,0.11675778353879479,tier0,0,9.6,1,0.42,20000,0.6396,0.3604,0.3357,2.756,0.2184,1.416,1.2162,0.2061,0.1973,7,0.6615,3,0.0883,1,0,0
g3scan,rq4graded,8.0,-1.0,eb1168,0.11675778353879479,tier0,0,9.6,1,0.43,20000,0.6396,0.3604,0.3711,2.543,0.2242,1.421,1.2385,0.1999,0.1915,7,0.6827,3,0.0852,1,0,0
g3scan,rq4graded,8.0,-1.0,eb1168,0.11675778353879479,tier0,0,9.6,1,0.44,20000,0.6396,0.3604,0.4021,2.339,0.237,1.492,1.2709,0.1944,0.186,7,0.6143,2,0.0828,1,0,0
g3scan,rq4graded,8.0,-1.0,eb1168,0.11675778353879479,tier0,0,9.6,1,0.45,20000,0.6396,0.3604,0.4341,2.15,0.2464,1.541,1.3182,0.1897,0.1813,7,0.641,2,0.0803,1,0,0
g3scan,rq4graded,8.0,-1.0,eb1168,0.11675778353879479,tier0,0,9.6,1,0.46,20000,0.6396,0.3604,0.4643,1.981,0.2537,1.548,1.3739,0.1853,0.1767,7,0.6401,2,0.0781,1,0,0
g3scan,rq4graded,8.0,-1.0,eb1168,0.11675778353879479,tier0,0,9.6,1,0.47,20000,0.6396,0.3604,0.4932,1.816,0.2626,1.572,1.4462,0.1814,0.1726,7,0.6603,2,0.076,1,0,0
g3scan,rq4graded,8.0,-1.0,eb1168,0.11675778353879479,tier0,0,9.6,1,0.48,20000,0.6396,0.3604,0.5207,1.668,0.2701,1.592,1.5138,0.1796,0.17,7,0.6057,1,0.0739,1,0,0
g3scan,rq4graded,8.0,-1.0,eb1168,0.11675778353879479,tier0,0,9.6,1,0.49,20000,0.6396,0.3604,0.5484,1.531,0.2751,1.568,1.572,0.1786,0.1678,7,0.6201,1,0.0722,1,0,0
g3scan,rq4graded,8.0,-1.0,eb1168,0.11675778353879479,tier0,0,9.6,1,0.5,20000,0.6396,0.3604,0.5761,1.401,0.2808,1.577,1.6434,0.1796,0.1666,7,0.6033,1,0.0701,1,0,0
g3scan,rq4graded,8.0,-1.0,eb1168,0.11675778353879479,tier0,0,9.6,1,0.51,20000,0.6396,0.3604,0.5998,1.282,0.2884,1.544,1.7286,0.1811,0.1658,7,0.6195,1,0.0682,1,0,0
g3scan,rq4graded,8.0,-1.0,eb1168,0.11675778353879479,tier0,0,9.6,1,0.52,20000,0.6396,0.3604,0.6236,1.172,0.2941,1.528,1.8075,0.1827,0.1653,7,0.6223,1,0.0664,1,0,0
g3scan,rq4graded,8.0,-1.0,eb1168,0.11675778353879479,tier0,0,12.8,1,0.17,20000,0.6396,0.3604,0.0,10.991,0.0,nan,6.38,0.837,0.837,3,0.936,7,nan,0,0,0
g3scan,rq4graded,8.0,-1.0,eb1168,0.11675778353879479,tier0,0,12.8,1,0.18,20000,0.6396,0.3604,0.0,10.413,0.0,nan,5.8582,0.7297,0.7295,3,0.8366,6,nan,0,0,0
g3scan,rq4graded,8.0,-1.0,eb1168,0.11675778353879479,tier0,0,12.8,1,0.19,20000,0.6396,0.3604,0.0,9.832,0.0,nan,5.3444,0.6349,0.6342,4,0.8133,6,nan,0,0,0
g3scan,rq4graded,8.0,-1.0,eb1168,0.11675778353879479,tier0,0,12.8,1,0.2,20000,0.6396,0.3604,0.0,9.249,0.0,nan,4.8425,0.5528,0.5511,5,0.8003,6,nan,0,0,0
g3scan,rq4graded,8.0,-1.0,eb1168,0.11675778353879479,tier0,0,12.8,1,0.21,20000,0.6396,0.3604,0.0,8.671,0.0,0.0,4.3397,0.4797,0.4759,6,0.7127,5,nan,0,0,0
g3scan,rq4graded,8.0,-1.0,eb1168,0.11675778353879479,tier0,0,12.8,1,0.22,20000,0.6396,0.3604,0.0,8.09,0.0,0.0,3.8674,0.4154,0.4087,7,0.7131,5,nan,0,0,0
g3scan,rq4graded,8.0,-1.0,eb1168,0.11675778353879479,tier0,0,12.8,1,0.23,20000,0.6396,0.3604,0.0,7.512,0.0002,0.023,3.3903,0.3774,0.3698,7,0.7166,5,nan,0,0,0
g3scan,rq4graded,8.0,-1.0,eb1168,0.11675778353879479,tier0,0,12.8,1,0.24,20000,0.6396,0.3604,0.0,6.945,0.0013,0.055,2.9596,0.3476,0.3401,7,0.6231,4,0.1952,0,1,0
g3scan,rq4graded,8.0,-1.0,eb1168,0.11675778353879479,tier0,0,12.8,1,0.25,20000,0.6396,0.3604,0.0001,6.395,0.0089,0.168,2.5599,0.3215,0.3141,7,0.6427,4,0.1687,0,1,0
g3scan,rq4graded,8.0,-1.0,eb1168,0.11675778353879479,tier0,0,12.8,1,0.26,20000,0.6396,0.3604,0.0005,5.854,0.0267,0.304,2.1733,0.2981,0.2909,7,0.6643,4,0.1569,0,1,0
g3scan,rq4graded,8.0,-1.0,eb1168,0.11675778353879479,tier0,0,12.8,1,0.27,20000,0.6396,0.3604,0.003,5.336,0.059,0.507,1.8627,0.2781,0.2711,7,0.5922,3,0.1448,0,1,0
g3scan,rq4graded,8.0,-1.0,eb1168,0.11675778353879479,tier0,0,12.8,1,0.28,20000,0.6396,0.3604,0.0122,4.838,0.0994,0.722,1.6236,0.2602,0.2535,7,0.62,3,0.1337,0,1,0
g3scan,rq4graded,8.0,-1.0,eb1168,0.11675778353879479,tier0,0,12.8,1,0.29,20000,0.6396,0.3604,0.031,4.372,0.1406,0.937,1.4639,0.2444,0.238,7,0.5482,2,0.125,0,0,0
g3scan,rq4graded,8.0,-1.0,eb1168,0.11675778353879479,tier0,0,12.8,1,0.3,20000,0.6396,0.3604,0.0644,3.922,0.1767,1.104,1.3897,0.2307,0.2243,7,0.6031,2,0.1167,0,0,0
g3scan,rq4graded,8.0,-1.0,eb1168,0.11675778353879479,tier0,0,12.8,1,0.31,20000,0.6396,0.3604,0.108,3.504,0.2071,1.255,1.3825,0.2182,0.212,7,0.6336,2,0.1095,1,0,0
g3scan,rq4graded,8.0,-1.0,eb1168,0.11675778353879479,tier0,0,12.8,1,0.32,20000,0.6396,0.3604,0.158,3.117,0.2327,1.369,1.4423,0.2073,0.2013,7,0.5852,1,0.1025,1,0,0
g3scan,rq4graded,8.0,-1.0,eb1168,0.11675778353879479,tier0,0,12.8,1,0.33,20000,0.6396,0.3604,0.2152,2.76,0.2507,1.404,1.5373,0.1982,0.1919,7,0.6096,1,0.0967,1,0,0
g3scan,rq4graded,8.0,-1.0,eb1168,0.11675778353879479,tier0,0,12.8,1,0.34,20000,0.6396,0.3604,0.2708,2.436,0.2699,1.461,1.6292,0.1924,0.1851,7,0.6079,1,0.0915,1,0,0
g3scan,rq4graded,8.0,-1.0,eb1168,0.11675778353879479,tier0,0,12.8,1,0.35,20000,0.6396,0.3604,0.3274,2.145,0.2839,1.475,1.7524,0.19,0.1805,7,0.617,1,0.0868,1,0,0
g3scan,rq4graded,8.0,-1.0,eb1168,0.11675778353879479,tier0,0,12.8,1,0.36,20000,0.6396,0.3604,0.3818,1.878,0.3033,1.567,1.8649,0.192,0.1783,7,nan,0,0.0826,0,0,0
g3scan,rq4graded,8.0,-1.0,eb1168,0.11675778353879479,tier0,0,12.8,1,0.37,20000,0.6396,0.3604,0.4328,1.644,0.3184,1.599,1.99,0.1939,0.1764,7,nan,0,0.0789,0,0,0
g3scan,rq4graded,8.0,-1.0,eb1168,0.11675778353879479,tier0,0,12.8,1,0.38,20000,0.6396,0.3604,0.4808,1.434,0.3356,1.644,2.1273,0.1989,0.1765,7,nan,0,0.0752,0,0,0
g3scan,rq4graded,8.0,-1.0,eb1168,0.11675778353879479,tier0,0,12.8,1,0.39,20000,0.6396,0.3604,0.5273,1.244,0.3512,1.645,2.258,0.2021,0.1761,7,nan,0,0.0721,0,0,0
g3scan,rq4graded,8.0,-1.0,eb1168,0.11675778353879479,tier0,0,12.8,1,0.4,20000,0.6396,0.3604,0.5727,1.079,0.3614,1.618,2.3644,0.2053,0.1762,7,nan,0,0.0689,0,0,0
g3scan,rq4graded,8.0,-1.0,eb1168,0.11675778353879479,tier0,0,12.8,1,0.41,20000,0.6396,0.3604,0.6118,0.931,0.3805,1.627,2.4892,0.2115,0.1783,7,nan,0,0.0659,0,0,0
g3scan,rq4graded,8.0,-1.0,eb1168,0.11675778353879479,tier0,0,12.8,1,0.42,20000,0.6396,0.3604,0.6501,0.798,0.3997,1.663,2.6072,0.1791,0.1552,6,nan,0,0.0632,0,0,0
g3scan,rq4graded,8.0,-1.0,eb1168,0.11675778353879479,tier0,0,12.8,1,0.43,20000,0.6396,0.3604,0.6844,0.688,0.4185,1.67,2.7083,0.1829,0.1574,6,nan,0,0.0602,0,0,0
g3scan,rq4graded,8.0,-1.0,eb1168,0.11675778353879479,tier0,0,12.8,1,0.44,20000,0.6396,0.3604,0.7166,0.587,0.4461,1.764,2.8178,0.1883,0.1604,6,nan,0,0.0577,0,0,0
g3scan,rq4graded,8.0,-1.0,eb1168,0.11675778353879479,tier0,0,12.8,1,0.45,20000,0.6396,0.3604,0.7462,0.498,0.472,1.805,2.9265,0.1611,0.1401,5,nan,0,0.0555,0,0,0
g3scan,rq4graded,8.0,-1.0,eb1168,0.11675778353879479,tier0,0,12.8,1,0.46,20000,0.6396,0.3604,0.7737,0.423,0.502,1.896,3.0185,0.1649,0.1431,5,nan,0,0.0535,0,0,0
g3scan,rq4graded,8.0,-1.0,eb1168,0.11675778353879479,tier0,0,12.8,1,0.47,20000,0.6396,0.3604,0.801,0.355,0.5257,1.953,3.1027,0.1705,0.1474,5,nan,0,0.0515,0,0,0
g3scan,rq4graded,8.0,-1.0,eb1168,0.11675778353879479,tier0,0,12.8,1,0.48,20000,0.6396,0.3604,0.8244,0.297,0.5639,2.138,3.1953,0.1441,0.1273,4,nan,0,0.0501,0,0,0
g3scan,rq4graded,8.0,-1.0,eb1168,0.11675778353879479,tier0,0,12.8,1,0.49,20000,0.6396,0.3604,0.8478,0.248,0.5932,2.322,3.259,0.1481,0.1309,4,nan,0,0.0486,0,0,0
g3scan,rq4graded,8.0,-1.0,eb1168,0.11675778353879479,tier0,0,12.8,1,0.5,20000,0.6396,0.3604,0.8679,0.205,0.6279,2.546,3.3347,0.1533,0.1363,4,nan,0,0.0467,0,0,0
g3scan,rq4graded,8.0,-1.0,eb1168,0.11675778353879479,tier0,0,12.8,1,0.51,20000,0.6396,0.3604,0.8869,0.168,0.6581,2.728,3.4013,0.129,0.1177,3,nan,0,0.0457,0,0,0
g3scan,rq4graded,8.0,-1.0,eb1168,0.11675778353879479,tier0,0,12.8,1,0.52,20000,0.6396,0.3604,0.9035,0.139,0.6966,3.301,3.4524,0.1302,0.1197,3,nan,0,0.0452,0,0,0
g3scan,rq4graded,8.0,-1.0,eb154,0.154,tier0,1,2.4,0,0.17,20000,0.451,0.549,0.0,19.954,0.0,nan,15.0656,nan,nan,0,3.4904,2,nan,0,0,0
g3scan,rq4graded,8.0,-1.0,eb154,0.154,tier0,1,2.4,0,0.18,20000,0.451,0.549,0.0,19.878,0.0,nan,14.9893,nan,nan,0,3.3971,2,nan,0,0,0
g3scan,rq4graded,8.0,-1.0,eb154,0.154,tier0,1,2.4,0,0.19,20000,0.451,0.549,0.0,19.802,0.0,nan,14.9137,nan,nan,0,3.3662,3,nan,0,0,0
g3scan,rq4graded,8.0,-1.0,eb154,0.154,tier0,1,2.4,0,0.2,20000,0.451,0.549,0.0,19.724,0.0,nan,14.8355,nan,nan,0,3.2508,3,nan,0,0,0
g3scan,rq4graded,8.0,-1.0,eb154,0.154,tier0,1,2.4,0,0.21,20000,0.451,0.549,0.0,19.652,0.0,nan,14.763,nan,nan,0,3.1733,3,nan,0,0,0
g3scan,rq4graded,8.0,-1.0,eb154,0.154,tier0,1,2.4,0,0.22,20000,0.451,0.549,0.0,19.576,0.0,nan,14.6871,nan,nan,0,3.1097,3,nan,0,0,0
g3scan,rq4graded,8.0,-1.0,eb154,0.154,tier0,1,2.4,0,0.23,20000,0.451,0.549,0.0,19.5,0.0,nan,14.6111,nan,nan,0,3.0476,4,nan,0,0,0
g3scan,rq4graded,8.0,-1.0,eb154,0.154,tier0,1,2.4,0,0.24,20000,0.451,0.549,0.0,19.425,0.0,nan,14.5359,nan,nan,0,2.9802,4,nan,0,0,0
g3scan,rq4graded,8.0,-1.0,eb154,0.154,tier0,1,2.4,0,0.25,20000,0.451,0.549,0.0,19.351,0.0,nan,14.4623,nan,nan,0,2.9218,4,nan,0,0,0
g3scan,rq4graded,8.0,-1.0,eb154,0.154,tier0,1,2.4,0,0.26,20000,0.451,0.549,0.0,19.276,0.0,nan,14.387,nan,nan,0,2.8701,4,nan,0,0,0
g3scan,rq4graded,8.0,-1.0,eb154,0.154,tier0,1,2.4,0,0.27,20000,0.451,0.549,0.0,19.199,0.0,nan,14.3105,nan,nan,0,2.7493,5,nan,0,0,0
g3scan,rq4graded,8.0,-1.0,eb154,0.154,tier0,1,2.4,0,0.28,20000,0.451,0.549,0.0,19.126,0.0,nan,14.2376,nan,nan,0,2.7113,5,nan,0,0,0
g3scan,rq4graded,8.0,-1.0,eb154,0.154,tier0,1,2.4,0,0.29,20000,0.451,0.549,0.0,19.049,0.0,nan,14.1608,nan,nan,0,2.6637,5,nan,0,0,0
g3scan,rq4graded,8.0,-1.0,eb154,0.154,tier0,1,2.4,0,0.3,20000,0.451,0.549,0.0,18.979,0.0,nan,14.0905,nan,nan,0,2.628,5,nan,0,0,0
g3scan,rq4graded,8.0,-1.0,eb154,0.154,tier0,1,2.4,0,0.31,20000,0.451,0.549,0.0,18.905,0.0,nan,14.0168,nan,nan,0,2.5169,6,nan,0,0,0
g3scan,rq4graded,8.0,-1.0,eb154,0.154,tier0,1,2.4,0,0.32,20000,0.451,0.549,0.0,18.835,0.0,nan,13.9463,nan,nan,0,2.4888,6,nan,0,0,0
g3scan,rq4graded,8.0,-1.0,eb154,0.154,tier0,1,2.4,0,0.33,20000,0.451,0.549,0.0,18.763,0.0,nan,13.8741,nan,nan,0,2.4483,6,nan,0,0,0
g3scan,rq4graded,8.0,-1.0,eb154,0.154,tier0,1,2.4,0,0.34,20000,0.451,0.549,0.0,18.69,0.0,nan,13.8018,nan,nan,0,2.4193,6,nan,0,0,0
g3scan,rq4graded,8.0,-1.0,eb154,0.154,tier0,1,2.4,0,0.35,20000,0.451,0.549,0.0,18.617,0.0,nan,13.7287,nan,nan,0,2.303,7,nan,0,0,0
g3scan,rq4graded,8.0,-1.0,eb154,0.154,tier0,1,2.4,0,0.36,20000,0.451,0.549,0.0,18.546,0.0,nan,13.6575,nan,nan,0,2.2775,7,nan,0,0,0
g3scan,rq4graded,8.0,-1.0,eb154,0.154,tier0,1,2.4,0,0.37,20000,0.451,0.549,0.0,18.475,0.0,nan,13.5867,nan,nan,0,2.2532,7,nan,0,0,0
g3scan,rq4graded,8.0,-1.0,eb154,0.154,tier0,1,2.4,0,0.38,20000,0.451,0.549,0.0,18.404,0.0,nan,13.5149,nan,nan,0,2.1409,8,nan,0,0,0
g3scan,rq4graded,8.0,-1.0,eb154,0.154,tier0,1,2.4,0,0.39,20000,0.451,0.549,0.0,18.331,0.0,nan,13.4426,nan,nan,0,2.1165,8,nan,0,0,0
g3scan,rq4graded,8.0,-1.0,eb154,0.154,tier0,1,2.4,0,0.4,20000,0.451,0.549,0.0,18.262,0.0,nan,13.3737,nan,nan,0,2.0969,8,nan,0,0,0
g3scan,rq4graded,8.0,-1.0,eb154,0.154,tier0,1,2.4,0,0.41,20000,0.451,0.549,0.0,18.19,0.0,nan,13.3012,nan,nan,0,2.0767,8,nan,0,0,0
g3scan,rq4graded,8.0,-1.0,eb154,0.154,tier0,1,2.4,0,0.42,20000,0.451,0.549,0.0,18.122,0.0,nan,13.2333,nan,nan,0,2.0552,8,nan,0,0,0
g3scan,rq4graded,8.0,-1.0,eb154,0.154,tier0,1,2.4,0,0.43,20000,0.451,0.549,0.0,18.048,0.0,nan,13.1598,nan,nan,0,2.0367,8,nan,0,0,0
g3scan,rq4graded,8.0,-1.0,eb154,0.154,tier0,1,2.4,0,0.44,20000,0.451,0.549,0.0,17.978,0.0,nan,13.0896,nan,nan,0,2.0183,8,nan,0,0,0
g3scan,rq4graded,8.0,-1.0,eb154,0.154,tier0,1,2.4,0,0.45,20000,0.451,0.549,0.0,17.908,0.0,0.0,13.0196,nan,nan,0,2.0021,8,nan,0,0,0
g3scan,rq4graded,8.0,-1.0,eb154,0.154,tier0,1,2.4,0,0.46,20000,0.451,0.549,0.0,17.838,0.0,0.0,12.9489,nan,nan,0,1.9847,8,nan,0,0,0
g3scan,rq4graded,8.0,-1.0,eb154,0.154,tier0,1,2.4,0,0.47,20000,0.451,0.549,0.0,17.77,0.0,0.0,12.8809,1.0512,1.0512,1,1.968,8,nan,0,0,0
g3scan,rq4graded,8.0,-1.0,eb154,0.154,tier0,1,2.4,0,0.48,20000,0.451,0.549,0.0,17.701,0.0,0.0,12.812,1.0414,1.0414,1,1.952,8,nan,0,0,0
g3scan,rq4graded,8.0,-1.0,eb154,0.154,tier0,1,2.4,0,0.49,20000,0.451,0.549,0.0,17.633,0.0001,0.333,12.7441,1.0234,1.0234,1,1.9357,8,nan,0,0,0
g3scan,rq4graded,8.0,-1.0,eb154,0.154,tier0,1,2.4,0,0.5,20000,0.451,0.549,0.0,17.562,0.0001,1.0,12.6735,0.9252,0.9219,2,1.9195,8,nan,0,0,0
g3scan,rq4graded,8.0,-1.0,eb154,0.154,tier0,1,2.4,0,0.51,20000,0.451,0.549,0.0,17.489,0.0002,3.0,12.6004,0.9271,0.9247,2,1.905,8,nan,0,0,0
g3scan,rq4graded,8.0,-1.0,eb154,0.154,tier0,1,2.4,0,0.52,20000,0.451,0.549,0.0,17.418,0.0002,3.0,12.5297,0.9187,0.916,2,1.8911,8,nan,0,0,0
g3scan,rq4graded,8.0,-1.0,eb154,0.154,tier0,1,3.2,0,0.17,20000,0.451,0.549,0.0,18.762,0.0,nan,13.8734,nan,nan,0,2.8833,4,nan,0,0,0
g3scan,rq4graded,8.0,-1.0,eb154,0.154,tier0,1,3.2,0,0.18,20000,0.451,0.549,0.0,18.629,0.0,nan,13.7399,nan,nan,0,2.7873,4,nan,0,0,0
g3scan,rq4graded,8.0,-1.0,eb154,0.154,tier0,1,3.2,0,0.19,20000,0.451,0.549,0.0,18.494,0.0,nan,13.6056,nan,nan,0,2.6756,5,nan,0,0,0
g3scan,rq4graded,8.0,-1.0,eb154,0.154,tier0,1,3.2,0,0.2,20000,0.451,0.549,0.0,18.362,0.0,nan,13.4731,nan,nan,0,2.5867,5,nan,0,0,0
g3scan,rq4graded,8.0,-1.0,eb154,0.154,tier0,1,3.2,0,0.21,20000,0.451,0.549,0.0,18.224,0.0,nan,13.3356,nan,nan,0,2.4736,6,nan,0,0,0
g3scan,rq4graded,8.0,-1.0,eb154,0.154,tier0,1,3.2,0,0.22,20000,0.451,0.549,0.0,18.091,0.0,nan,13.2024,nan,nan,0,2.4019,6,nan,0,0,0
g3scan,rq4graded,8.0,-1.0,eb154,0.154,tier0,1,3.2,0,0.23,20000,0.451,0.549,0.0,17.958,0.0,nan,13.0695,nan,nan,0,2.3422,6,nan,0,0,0
g3scan,rq4graded,8.0,-1.0,eb154,0.154,tier0,1,3.2,0,0.24,20000,0.451,0.549,0.0,17.83,0.0,nan,12.9409,nan,nan,0,2.2285,7,nan,0,0,0
g3scan,rq4graded,8.0,-1.0,eb154,0.154,tier0,1,3.2,0,0.25,20000,0.451,0.549,0.0,17.695,0.0,nan,12.8069,nan,nan,0,2.1756,7,nan,0,0,0
g3scan,rq4graded,8.0,-1.0,eb154,0.154,tier0,1,3.2,0,0.26,20000,0.451,0.549,0.0,17.563,0.0,nan,12.6747,nan,nan,0,2.1271,7,nan,0,0,0
g3scan,rq4graded,8.0,-1.0,eb154,0.154,tier0,1,3.2,0,0.27,20000,0.451,0.549,0.0,17.432,0.0,nan,12.5432,nan,nan,0,2.0195,8,nan,0,0,0
g3scan,rq4graded,8.0,-1.0,eb154,0.154,tier0,1,3.2,0,0.28,20000,0.451,0.549,0.0,17.298,0.0,nan,12.4093,nan,nan,0,1.9824,8,nan,0,0,0
g3scan,rq4graded,8.0,-1.0,eb154,0.154,tier0,1,3.2,0,0.29,20000,0.451,0.549,0.0,17.169,0.0,nan,12.2807,nan,nan,0,1.9431,8,nan,0,0,0
g3scan,rq4graded,8.0,-1.0,eb154,0.154,tier0,1,3.2,0,0.3,20000,0.451,0.549,0.0,17.034,0.0,nan,12.1457,nan,nan,0,1.912,8,nan,0,0,0
g3scan,rq4graded,8.0,-1.0,eb154,0.154,tier0,1,3.2,0,0.31,20000,0.451,0.549,0.0,16.902,0.0,nan,12.0136,nan,nan,0,1.8809,8,nan,0,0,0
g3scan,rq4graded,8.0,-1.0,eb154,0.154,tier0,1,3.2,0,0.32,20000,0.451,0.549,0.0,16.775,0.0,nan,11.8861,nan,nan,0,1.851,8,nan,0,0,0
g3scan,rq4graded,8.0,-1.0,eb154,0.154,tier0,1,3.2,0,0.33,20000,0.451,0.549,0.0,16.644,0.0,nan,11.7553,1.0615,1.0615,1,1.8234,8,nan,0,0,0
g3scan,rq4graded,8.0,-1.0,eb154,0.154,tier0,1,3.2,0,0.34,20000,0.451,0.549,0.0,16.511,0.0,nan,11.622,1.0212,1.0212,1,1.7969,8,nan,0,0,0
g3scan,rq4graded,8.0,-1.0,eb154,0.154,tier0,1,3.2,0,0.35,20000,0.451,0.549,0.0,16.379,0.0,nan,11.4903,0.937,0.9341,2,1.7711,8,nan,0,0,0
g3scan,rq4graded,8.0,-1.0,eb154,0.154,tier0,1,3.2,0,0.36,20000,0.451,0.549,0.0,16.248,0.0,0.0,11.3596,0.9257,0.9228,2,1.7469,8,nan,0,0,0
g3scan,rq4graded,8.0,-1.0,eb154,0.154,tier0,1,3.2,0,0.37,20000,0.451,0.549,0.0,16.118,0.0,0.0,11.2289,0.9097,0.9062,2,1.7243,8,nan,0,0,0
g3scan,rq4graded,8.0,-1.0,eb154,0.154,tier0,1,3.2,0,0.38,20000,0.451,0.549,0.0,15.987,0.0,0.0,11.0979,0.8358,0.8295,3,1.7018,8,nan,0,0,0
g3scan,rq4graded,8.0,-1.0,eb154,0.154,tier0,1,3.2,0,0.39,20000,0.451,0.549,0.0,15.854,0.0001,1.0,10.9651,0.8257,0.8195,3,1.6802,8,nan,0,0,0
g3scan,rq4graded,8.0,-1.0,eb154,0.154,tier0,1,3.2,0,0.4,20000,0.451,0.549,0.0,15.726,0.0002,3.0,10.837,0.8148,0.808,3,1.6598,8,nan,0,0,0
g3scan,rq4graded,8.0,-1.0,eb154,0.154,tier0,1,3.2,0,0.41,20000,0.451,0.549,0.0,15.597,0.0002,2.0,10.7087,0.7508,0.7389,4,1.6418,8,nan,0,0,0
g3scan,rq4graded,8.0,-1.0,eb154,0.154,tier0,1,3.2,0,0.42,20000,0.451,0.549,0.0,15.472,0.0002,1.333,10.5831,0.7396,0.728,4,1.6241,8,nan,0,0,0
g3scan,rq4graded,8.0,-1.0,eb154,0.154,tier0,1,3.2,0,0.43,20000,0.451,0.549,0.0001,15.339,0.0001,0.333,10.452,0.678,0.6592,5,1.6073,8,nan,0,0,0
g3scan,rq4graded,8.0,-1.0,eb154,0.154,tier0,1,3.2,0,0.44,20000,0.451,0.549,0.0002,15.207,0.0001,0.25,10.3206,0.6692,0.6509,5,1.5908,8,nan,0,0,0
g3scan,rq4graded,8.0,-1.0,eb154,0.154,tier0,1,3.2,0,0.45,20000,0.451,0.549,0.0002,15.082,0.0002,0.364,10.1959,0.6615,0.6437,5,1.575,8,nan,0,0,0
g3scan,rq4graded,8.0,-1.0,eb154,0.154,tier0,1,3.2,0,0.46,20000,0.451,0.549,0.0002,14.953,0.0002,0.267,10.0675,0.6024,0.5758,6,1.5599,8,nan,0,0,0
g3scan,rq4graded,8.0,-1.0,eb154,0.154,tier0,1,3.2,0,0.47,20000,0.451,0.549,0.0002,14.822,0.0005,0.6,9.937,0.5939,0.5683,6,1.5455,8,nan,0,0,0
g3scan,rq4graded,8.0,-1.0,eb154,0.154,tier0,1,3.2,0,0.48,20000,0.451,0.549,0.0002,14.693,0.0007,0.667,9.8075,0.5882,0.5628,6,1.5303,8,nan,0,0,0
g3scan,rq4graded,8.0,-1.0,eb154,0.154,tier0,1,3.2,0,0.49,20000,0.451,0.549,0.0003,14.56,0.0007,0.462,9.6758,0.5331,0.4948,7,1.5165,8,nan,0,0,0
g3scan,rq4graded,8.0,-1.0,eb154,0.154,tier0,1,3.2,0,0.5,20000,0.451,0.549,0.0004,14.434,0.001,0.514,9.5511,0.5266,0.4888,7,1.5046,8,nan,0,0,0
g3scan,rq4graded,8.0,-1.0,eb154,0.154,tier0,1,3.2,0,0.51,20000,0.451,0.549,0.0004,14.308,0.0012,0.524,9.4257,0.5211,0.4833,7,1.4922,8,0.1776,0,0,0
g3scan,rq4graded,8.0,-1.0,eb154,0.154,tier0,1,3.2,0,0.52,20000,0.451,0.549,0.0007,14.178,0.0012,0.362,9.2991,0.5156,0.4779,7,1.4798,8,0.1729,0,0,0
g3scan,rq4graded,8.0,-1.0,eb154,0.154,tier0,1,4.8,0,0.17,20000,0.451,0.549,0.0,16.572,0.0,nan,11.6841,nan,nan,0,2.0455,7,nan,0,0,0
g3scan,rq4graded,8.0,-1.0,eb154,0.154,tier0,1,4.8,0,0.18,20000,0.451,0.549,0.0,16.31,0.0,nan,11.4253,nan,nan,0,1.9491,7,nan,0,0,0
g3scan,rq4graded,8.0,-1.0,eb154,0.154,tier0,1,4.8,0,0.19,20000,0.451,0.549,0.0,16.056,0.0,nan,11.1726,nan,nan,0,1.8413,8,nan,0,0,0
g3scan,rq4graded,8.0,-1.0,eb154,0.154,tier0,1,4.8,0,0.2,20000,0.451,0.549,0.0,15.801,0.0,nan,10.9196,nan,nan,0,1.7663,8,nan,0,0,0
g3scan,rq4graded,8.0,-1.0,eb154,0.154,tier0,1,4.8,0,0.21,20000,0.451,0.549,0.0,15.543,0.0,nan,10.6622,nan,nan,0,1.7077,8,nan,0,0,0
g3scan,rq4graded,8.0,-1.0,eb154,0.154,tier0,1,4.8,0,0.22,20000,0.451,0.549,0.0,15.291,0.0,nan,10.4107,nan,nan,0,1.6542,8,nan,0,0,0
g3scan,rq4graded,8.0,-1.0,eb154,0.154,tier0,1,4.8,0,0.23,20000,0.451,0.549,0.0,15.034,0.0,nan,10.1538,1.0682,1.0682,1,1.6032,8,nan,0,0,0
g3scan,rq4graded,8.0,-1.0,eb154,0.154,tier0,1,4.8,0,0.24,20000,0.451,0.549,0.0,14.783,0.0,nan,9.9031,0.9763,0.9756,2,1.5608,8,nan,0,0,0
g3scan,rq4graded,8.0,-1.0,eb154,0.154,tier0,1,4.8,0,0.25,20000,0.451,0.549,0.0,14.528,0.0,nan,9.6527,0.9324,0.9306,2,1.5191,8,nan,0,0,0
g3scan,rq4graded,8.0,-1.0,eb154,0.154,tier0,1,4.8,0,0.26,20000,0.451,0.549,0.0,14.275,0.0,nan,9.4026,0.8524,0.8487,3,1.4813,8,nan,0,0,0
g3scan,rq4graded,8.0,-1.0,eb154,0.154,tier0,1,4.8,0,0.27,20000,0.451,0.549,0.0,14.021,0.0,nan,9.1519,0.8238,0.8193,3,1.4504,8,nan,0,0,0
g3scan,rq4graded,8.0,-1.0,eb154,0.154,tier0,1,4.8,0,0.28,20000,0.451,0.549,0.0,13.766,0.0,0.0,8.8999,0.7511,0.7428,4,1.4205,8,nan,0,0,0
g3scan,rq4graded,8.0,-1.0,eb154,0.154,tier0,1,4.8,0,0.29,20000,0.451,0.549,0.0,13.513,0.0,0.0,8.6488,0.7279,0.7198,4,1.3928,8,nan,0,0,0
g3scan,rq4graded,8.0,-1.0,eb154,0.154,tier0,1,4.8,0,0.3,20000,0.451,0.549,0.0,13.259,0.0001,0.333,8.3963,0.7041,0.6963,4,1.3707,8,nan,0,0,0
g3scan,rq4graded,8.0,-1.0,eb154,0.154,tier0,1,4.8,0,0.31,20000,0.451,0.549,0.0,13.003,0.0002,0.75,8.1412,0.6414,0.6283,5,1.3498,8,nan,0,0,0
g3scan,rq4graded,8.0,-1.0,eb154,0.154,tier0,1,4.8,0,0.32,20000,0.451,0.549,0.0,12.751,0.0002,0.444,7.8936,0.5808,0.5608,6,1.3311,8,nan,0,0,0
g3scan,rq4graded,8.0,-1.0,eb154,0.154,tier0,1,4.8,0,0.33,20000,0.451,0.549,0.0,12.496,0.0003,0.294,7.6452,0.5649,0.5453,6,1.3146,8,nan,0,0,0
g3scan,rq4graded,8.0,-1.0,eb154,0.154,tier0,1,4.8,0,0.34,20000,0.451,0.549,0.0002,12.243,0.0003,0.2,7.3991,0.5087,0.479,7,1.3023,8,nan,0,0,0
g3scan,rq4graded,8.0,-1.0,eb154,0.154,tier0,1,4.8,0,0.35,20000,0.451,0.549,0.0002,11.995,0.0007,0.286,7.1558,0.4967,0.4672,7,1.2897,8,nan,0,0,0
g3scan,rq4graded,8.0,-1.0,eb154,0.154,tier0,1,4.8,0,0.36,20000,0.451,0.549,0.0002,11.74,0.0012,0.333,6.9038,0.4856,0.4555,7,1.2791,8,0.1812,0,0,0
g3scan,rq4graded,8.0,-1.0,eb154,0.154,tier0,1,4.8,0,0.37,20000,0.451,0.549,0.0003,11.486,0.0016,0.267,6.6533,0.4754,0.4463,7,1.2709,8,0.1769,0,0,0
g3scan,rq4graded,8.0,-1.0,eb154,0.154,tier0,1,4.8,0,0.38,20000,0.451,0.549,0.0006,11.24,0.0028,0.34,6.4124,0.4658,0.4369,7,1.2655,8,0.1698,0,0,0
g3scan,rq4graded,8.0,-1.0,eb154,0.154,tier0,1,4.8,0,0.39,20000,0.451,0.549,0.0009,10.985,0.0043,0.417,6.1678,0.4561,0.4279,7,1.2576,8,0.1626,0,0,0
g3scan,rq4graded,8.0,-1.0,eb154,0.154,tier0,1,4.8,0,0.4,20000,0.451,0.549,0.0015,10.738,0.0063,0.483,5.9371,0.4474,0.4196,7,1.2531,8,0.1595,0,0,0
g3scan,rq4graded,8.0,-1.0,eb154,0.154,tier0,1,4.8,0,0.41,20000,0.451,0.549,0.0019,10.496,0.0097,0.626,5.7055,0.439,0.4115,7,1.25,8,0.1565,0,0,0
g3scan,rq4graded,8.0,-1.0,eb154,0.154,tier0,1,4.8,0,0.42,20000,0.451,0.549,0.0033,10.25,0.0118,0.626,5.4805,0.4306,0.4037,7,1.2462,8,0.1532,0,0,0
g3scan,rq4graded,8.0,-1.0,eb154,0.154,tier0,1,4.8,0,0.43,20000,0.451,0.549,0.0048,10.01,0.0155,0.735,5.2604,0.4236,0.3966,7,1.2411,8,0.1518,0,0,0
g3scan,rq4graded,8.0,-1.0,eb154,0.154,tier0,1,4.8,0,0.44,20000,0.451,0.549,0.007,9.766,0.0179,0.713,5.0407,0.4159,0.3892,7,1.2355,8,0.1498,0,0,0
g3scan,rq4graded,8.0,-1.0,eb154,0.154,tier0,1,4.8,0,0.45,20000,0.451,0.549,0.0096,9.524,0.0223,0.804,4.8302,0.4087,0.3822,7,1.2342,8,0.1468,0,0,0
g3scan,rq4graded,8.0,-1.0,eb154,0.154,tier0,1,4.8,0,0.46,20000,0.451,0.549,0.0134,9.297,0.0246,0.751,4.651,0.4024,0.3763,7,1.2354,8,0.1443,0,0,0
g3scan,rq4graded,8.0,-1.0,eb154,0.154,tier0,1,4.8,0,0.47,20000,0.451,0.549,0.0166,9.061,0.0291,0.77,4.4529,0.3964,0.3704,7,1.2307,8,0.1414,0,0,0
g3scan,rq4graded,8.0,-1.0,eb154,0.154,tier0,1,4.8,0,0.48,20000,0.451,0.549,0.0213,8.83,0.0333,0.8,4.2712,0.3902,0.365,7,1.2304,8,0.1372,0,0,0
g3scan,rq4graded,8.0,-1.0,eb154,0.154,tier0,1,4.8,0,0.49,20000,0.451,0.549,0.026,8.606,0.038,0.859,4.0944,0.385,0.3599,7,1.2312,8,0.1352,0,0,0
g3scan,rq4graded,8.0,-1.0,eb154,0.154,tier0,1,4.8,0,0.5,20000,0.451,0.549,0.032,8.385,0.0426,0.872,3.9269,0.3796,0.3547,7,1.2325,8,0.1325,0,0,0
g3scan,rq4graded,8.0,-1.0,eb154,0.154,tier0,1,4.8,0,0.51,20000,0.451,0.549,0.0376,8.161,0.0491,0.937,3.7564,0.3742,0.3495,7,1.2305,8,0.1306,0,0,0
g3scan,rq4graded,8.0,-1.0,eb154,0.154,tier0,1,4.8,0,0.52,20000,0.451,0.549,0.0445,7.949,0.0543,0.978,3.6128,0.3698,0.345,7,1.2295,8,0.129,0,0,0
g3scan,rq4graded,8.0,-1.0,eb154,0.154,tier0,1,6.4,0,0.17,20000,0.451,0.549,0.0,14.746,0.0,nan,9.8858,nan,nan,0,1.6067,8,nan,0,0,0
g3scan,rq4graded,8.0,-1.0,eb154,0.154,tier0,1,6.4,0,0.18,20000,0.451,0.549,0.0,14.385,0.0,nan,9.5313,nan,nan,0,1.5363,8,nan,0,0,0
g3scan,rq4graded,8.0,-1.0,eb154,0.154,tier0,1,6.4,0,0.19,20000,0.451,0.549,0.0,14.031,0.0,nan,9.1886,1.1243,1.1243,1,1.4795,8,nan,0,0,0
g3scan,rq4graded,8.0,-1.0,eb154,0.154,tier0,1,6.4,0,0.2,20000,0.451,0.549,0.0,13.665,0.0,nan,8.8301,1.0245,1.0245,1,1.4331,8,nan,0,0,0
g3scan,rq4graded,8.0,-1.0,eb154,0.154,tier0,1,6.4,0,0.21,20000,0.451,0.549,0.0,13.306,0.0,nan,8.4756,0.9257,0.9246,2,1.3976,8,nan,0,0,0
g3scan,rq4graded,8.0,-1.0,eb154,0.154,tier0,1,6.4,0,0.22,20000,0.451,0.549,0.0,12.945,0.0,nan,8.12,0.8451,0.8427,3,1.3708,8,nan,0,0,0
g3scan,rq4graded,8.0,-1.0,eb154,0.154,tier0,1,6.4,0,0.23,20000,0.451,0.549,0.0,12.584,0.0,nan,7.7782,0.7921,0.7885,3,1.3472,8,nan,0,0,0
g3scan,rq4graded,8.0,-1.0,eb154,0.154,tier0,1,6.4,0,0.24,20000,0.451,0.549,0.0,12.223,0.0,nan,7.4282,0.7157,0.7099,4,1.3247,8,nan,0,0,0
g3scan,rq4graded,8.0,-1.0,eb154,0.154,tier0,1,6.4,0,0.25,20000,0.451,0.549,0.0,11.865,0.0,0.0,7.0779,0.6469,0.6378,5,1.3072,8,nan,0,0,0
g3scan,rq4graded,8.0,-1.0,eb154,0.154,tier0,1,6.4,0,0.26,20000,0.451,0.549,0.0,11.507,0.0,0.0,6.7315,0.616,0.6063,5,1.2938,8,nan,0,0,0
g3scan,rq4graded,8.0,-1.0,eb154,0.154,tier0,1,6.4,0,0.27,20000,0.451,0.549,0.0,11.146,0.0002,0.75,6.3967,0.5562,0.5414,6,1.2841,8,nan,0,0,0
g3scan,rq4graded,8.0,-1.0,eb154,0.154,tier0,1,6.4,0,0.28,20000,0.451,0.549,0.0,10.784,0.0002,0.25,6.054,0.5328,0.5174,6,1.2754,8,nan,0,0,0
g3scan,rq4graded,8.0,-1.0,eb154,0.154,tier0,1,6.4,0,0.29,20000,0.451,0.549,0.0,10.429,0.0004,0.194,5.7103,0.4766,0.4527,7,1.2679,8,nan,0,0,0
g3scan,rq4graded,8.0,-1.0,eb154,0.154,tier0,1,6.4,0,0.3,20000,0.451,0.549,0.0002,10.069,0.0008,0.182,5.3782,0.4592,0.4354,7,1.2601,8,nan,0,0,0
g3scan,rq4graded,8.0,-1.0,eb154,0.154,tier0,1,6.4,0,0.31,20000,0.451,0.549,0.0002,9.712,0.0016,0.19,5.0531,0.4442,0.421,7,1.1659,7,0.1785,0,0,0
g3scan,rq4graded,8.0,-1.0,eb154,0.154,tier0,1,6.4,0,0.32,20000,0.451,0.549,0.0004,9.358,0.0035,0.267,4.7217,0.4298,0.4074,7,1.1622,7,0.1681,0,0,0
g3scan,rq4graded,8.0,-1.0,eb154,0.154,tier0,1,6.4,0,0.33,20000,0.451,0.549,0.0008,9.011,0.0068,0.349,4.4033,0.4172,0.395,7,1.1628,7,0.1618,0,0,0
g3scan,rq4graded,8.0,-1.0,eb154,0.154,tier0,1,6.4,0,0.34,20000,0.451,0.549,0.0016,8.655,0.0122,0.493,4.0973,0.4048,0.3831,7,1.1626,7,0.1559,0,0,0
g3scan,rq4graded,8.0,-1.0,eb154,0.154,tier0,1,6.4,0,0.35,20000,0.451,0.549,0.003,8.319,0.0178,0.554,3.8041,0.3939,0.3723,7,1.1636,7,0.1523,0,0,0
g3scan,rq4graded,8.0,-1.0,eb154,0.154,tier0,1,6.4,0,0.36,20000,0.451,0.549,0.0055,7.973,0.0253,0.631,3.5046,0.3835,0.362,7,1.1666,7,0.1487,0,0,0
g3scan,rq4graded,8.0,-1.0,eb154,0.154,tier0,1,6.4,0,0.37,20000,0.451,0.549,0.0093,7.642,0.0326,0.634,3.253,0.3742,0.353,7,1.1614,7,0.1441,0,0,0
g3scan,rq4graded,8.0,-1.0,eb154,0.154,tier0,1,6.4,0,0.38,20000,0.451,0.549,0.0151,7.321,0.0411,0.709,3.016,0.3657,0.3449,7,1.0645,6,0.1389,0,0,0
g3scan,rq4graded,8.0,-1.0,eb154,0.154,tier0,1,6.4,0,0.39,20000,0.451,0.549,0.022,6.995,0.0514,0.756,2.7714,0.3574,0.3367,7,1.0697,6,0.1349,0,1,0
g3scan,rq4graded,8.0,-1.0,eb154,0.154,tier0,1,6.4,0,0.4,20000,0.451,0.549,0.0315,6.683,0.0633,0.873,2.577,0.35,0.3293,7,1.0734,6,0.1311,0,1,0
g3scan,rq4graded,8.0,-1.0,eb154,0.154,tier0,1,6.4,0,0.41,20000,0.451,0.549,0.0412,6.38,0.0735,0.915,2.3857,0.343,0.3225,7,1.0787,6,0.1278,0,1,0
g3scan,rq4graded,8.0,-1.0,eb154,0.154,tier0,1,6.4,0,0.42,20000,0.451,0.549,0.0539,6.081,0.086,1.031,2.2013,0.3359,0.3158,7,1.0835,6,0.1247,0,1,0
g3scan,rq4graded,8.0,-1.0,eb154,0.154,tier0,1,6.4,0,0.43,20000,0.451,0.549,0.0688,5.794,0.096,1.067,2.0674,0.3297,0.3098,7,1.0905,6,0.1215,0,1,0
g3scan,rq4graded,8.0,-1.0,eb154,0.154,tier0,1,6.4,0,0.44,20000,0.451,0.549,0.0855,5.515,0.1061,1.126,1.9366,0.3235,0.3037,7,0.9873,5,0.1193,0,1,0
g3scan,rq4graded,8.0,-1.0,eb154,0.154,tier0,1,6.4,0,0.45,20000,0.451,0.549,0.1023,5.245,0.1153,1.129,1.8006,0.3179,0.2981,7,0.9944,5,0.1168,0,1,0
g3scan,rq4graded,8.0,-1.0,eb154,0.154,tier0,1,6.4,0,0.46,20000,0.451,0.549,0.1227,4.988,0.1211,1.126,1.7242,0.3127,0.2931,7,1.0053,5,0.1148,0,1,0
g3scan,rq4graded,8.0,-1.0,eb154,0.154,tier0,1,6.4,0,0.47,20000,0.451,0.549,0.1442,4.736,0.1295,1.157,1.6391,0.3078,0.2882,7,1.0098,5,0.1125,0,1,0
g3scan,rq4graded,8.0,-1.0,eb154,0.154,tier0,1,6.4,0,0.48,20000,0.451,0.549,0.1642,4.491,0.1401,1.234,1.5476,0.3027,0.2833,7,1.018,5,0.1103,0,1,0
g3scan,rq4graded,8.0,-1.0,eb154,0.154,tier0,1,6.4,0,0.49,20000,0.451,0.549,0.1863,4.262,0.149,1.307,1.4913,0.2985,0.2792,7,1.0244,5,0.1076,0,0,0
g3scan,rq4graded,8.0,-1.0,eb154,0.154,tier0,1,6.4,0,0.5,20000,0.451,0.549,0.2076,4.044,0.1557,1.306,1.4363,0.2942,0.2751,7,0.9219,4,0.1054,0,0,0
g3scan,rq4graded,8.0,-1.0,eb154,0.154,tier0,1,6.4,0,0.51,20000,0.451,0.549,0.2288,3.828,0.1655,1.352,1.3734,0.29,0.271,7,0.9331,4,0.1036,0,0,0
g3scan,rq4graded,8.0,-1.0,eb154,0.154,tier0,1,6.4,0,0.52,20000,0.451,0.549,0.2526,3.626,0.1695,1.335,1.3506,0.2867,0.2677,7,0.9402,4,0.1014,0,0,0
g3scan,rq4graded,8.0,-1.0,eb154,0.154,tier0,1,9.6,1,0.17,20000,0.451,0.549,0.0,12.103,0.0,nan,7.4012,0.9967,0.9967,1,1.276,7,nan,0,0,0
g3scan,rq4graded,8.0,-1.0,eb154,0.154,tier0,1,9.6,1,0.18,20000,0.451,0.549,0.0,11.586,0.0,nan,6.9462,0.8798,0.8789,2,1.2451,7,nan,0,0,0
g3scan,rq4graded,8.0,-1.0,eb154,0.154,tier0,1,9.6,1,0.19,20000,0.451,0.549,0.0,11.073,0.0,nan,6.4687,0.781,0.7798,3,1.2196,7,nan,0,0,0
g3scan,rq4graded,8.0,-1.0,eb154,0.154,tier0,1,9.6,1,0.2,20000,0.451,0.549,0.0,10.556,0.0,nan,6.0134,0.6922,0.6899,4,1.1069,6,nan,0,0,0
g3scan,rq4graded,8.0,-1.0,eb154,0.154,tier0,1,9.6,1,0.21,20000,0.451,0.549,0.0,10.044,0.0,nan,5.5593,0.6124,0.6078,5,1.1019,6,nan,0,0,0
g3scan,rq4graded,8.0,-1.0,eb154,0.154,tier0,1,9.6,1,0.22,20000,0.451,0.549,0.0,9.523,0.0,0.0,5.1088,0.5663,0.5612,5,1.0958,6,nan,0,0,0
g3scan,rq4graded,8.0,-1.0,eb154,0.154,tier0,1,9.6,1,0.23,20000,0.451,0.549,0.0,9.013,0.0,0.0,4.674,0.5012,0.4926,6,0.989,5,nan,0,0,0
g3scan,rq4graded,8.0,-1.0,eb154,0.154,tier0,1,9.6,1,0.24,20000,0.451,0.549,0.0,8.498,0.0002,0.125,4.245,0.4411,0.4269,7,0.9917,5,nan,0,0,0
g3scan,rq4graded,8.0,-1.0,eb154,0.154,tier0,1,9.6,1,0.25,20000,0.451,0.549,0.0,7.984,0.0004,0.067,3.8258,0.4141,0.3993,7,0.9985,5,nan,0,0,0
g3scan,rq4graded,8.0,-1.0,eb154,0.154,tier0,1,9.6,1,0.26,20000,0.451,0.549,0.0,7.479,0.0016,0.102,3.4278,0.3923,0.3773,7,1.0019,5,0.189,0,0,0
g3scan,rq4graded,8.0,-1.0,eb154,0.154,tier0,1,9.6,1,0.27,20000,0.451,0.549,0.0002,6.976,0.0056,0.186,3.043,0.3726,0.3582,7,0.9043,4,0.1654,0,1,0
g3scan,rq4graded,8.0,-1.0,eb154,0.154,tier0,1,9.6,1,0.28,20000,0.451,0.549,0.0006,6.487,0.015,0.299,2.6981,0.3551,0.3406,7,0.9198,4,0.1563,0,1,0
g3scan,rq4graded,8.0,-1.0,eb154,0.154,tier0,1,9.6,1,0.29,20000,0.451,0.549,0.0018,6.011,0.0309,0.433,2.3612,0.3399,0.3253,7,0.9342,4,0.1496,0,1,0
g3scan,rq4graded,8.0,-1.0,eb154,0.154,tier0,1,9.6,1,0.3,20000,0.451,0.549,0.0064,5.547,0.0508,0.524,2.0969,0.3262,0.3117,7,0.858,3,0.1411,0,1,0
g3scan,rq4graded,8.0,-1.0,eb154,0.154,tier0,1,9.6,1,0.31,20000,0.451,0.549,0.0151,5.096,0.079,0.699,1.8635,0.3138,0.2994,7,0.8774,3,0.1343,0,1,0
g3scan,rq4graded,8.0,-1.0,eb154,0.154,tier0,1,9.6,1,0.32,20000,0.451,0.549,0.0301,4.664,0.108,0.85,1.6911,0.304,0.2893,7,0.8946,3,0.127,0,1,0
g3scan,rq4graded,8.0,-1.0,eb154,0.154,tier0,1,9.6,1,0.33,20000,0.451,0.549,0.0501,4.253,0.1379,0.976,1.5723,0.2942,0.2793,7,0.822,2,0.1221,0,0,0
g3scan,rq4graded,8.0,-1.0,eb154,0.154,tier0,1,9.6,1,0.34,20000,0.451,0.549,0.0792,3.863,0.1622,1.054,1.5109,0.2869,0.2714,7,0.8318,2,0.1173,0,0,0
g3scan,rq4graded,8.0,-1.0,eb154,0.154,tier0,1,9.6,1,0.35,20000,0.451,0.549,0.1145,3.494,0.1887,1.176,1.4949,0.2812,0.2648,7,0.8308,2,0.1125,0,0,0
g3scan,rq4graded,8.0,-1.0,eb154,0.154,tier0,1,9.6,1,0.36,20000,0.451,0.549,0.1551,3.147,0.2103,1.241,1.5359,0.2786,0.2602,7,0.8381,2,0.1084,1,0,0
g3scan,rq4graded,8.0,-1.0,eb154,0.154,tier0,1,9.6,1,0.37,20000,0.451,0.549,0.1976,2.826,0.2318,1.292,1.6069,0.2773,0.2568,7,0.7617,1,0.1038,1,0,0
g3scan,rq4graded,8.0,-1.0,eb154,0.154,tier0,1,9.6,1,0.38,20000,0.451,0.549,0.243,2.531,0.2505,1.36,1.7006,0.2784,0.2548,7,0.7655,1,0.1002,1,0,0
g3scan,rq4graded,8.0,-1.0,eb154,0.154,tier0,1,9.6,1,0.39,20000,0.451,0.549,0.2901,2.252,0.2689,1.405,1.799,0.28,0.2535,7,0.7655,1,0.0965,1,0,0
g3scan,rq4graded,8.0,-1.0,eb154,0.154,tier0,1,9.6,1,0.4,20000,0.451,0.549,0.3368,2.0,0.289,1.468,1.9163,0.2812,0.2523,7,nan,0,0.0934,1,0,0
g3scan,rq4graded,8.0,-1.0,eb154,0.154,tier0,1,9.6,1,0.41,20000,0.451,0.549,0.3817,1.774,0.3046,1.475,2.0303,0.2837,0.2523,7,nan,0,0.091,0,0,0
g3scan,rq4graded,8.0,-1.0,eb154,0.154,tier0,1,9.6,1,0.42,20000,0.451,0.549,0.4256,1.569,0.3236,1.526,2.1567,0.2861,0.2526,7,nan,0,0.0885,0,0,0
g3scan,rq4graded,8.0,-1.0,eb154,0.154,tier0,1,9.6,1,0.43,20000,0.451,0.549,0.4701,1.377,0.3407,1.512,2.2895,0.2879,0.2527,7,nan,0,0.0863,0,0,0
g3scan,rq4graded,8.0,-1.0,eb154,0.154,tier0,1,9.6,1,0.44,20000,0.451,0.549,0.5126,1.207,0.3579,1.508,2.4129,0.2907,0.2539,7,nan,0,0.084,0,0,0
g3scan,rq4graded,8.0,-1.0,eb154,0.154,tier0,1,9.6,1,0.45,20000,0.451,0.549,0.5522,1.057,0.3791,1.555,2.5274,0.2934,0.2552,7,nan,0,0.0821,0,0,0
g3scan,rq4graded,8.0,-1.0,eb154,0.154,tier0,1,9.6,1,0.46,20000,0.451,0.549,0.5895,0.923,0.4023,1.598,2.641,0.2962,0.2571,7,nan,0,0.0801,0,0,0
g3scan,rq4graded,8.0,-1.0,eb154,0.154,tier0,1,9.6,1,0.47,20000,0.451,0.549,0.6265,0.798,0.428,1.663,2.7509,0.2576,0.2288,6,nan,0,0.078,0,0,0
g3scan,rq4graded,8.0,-1.0,eb154,0.154,tier0,1,9.6,1,0.48,20000,0.451,0.549,0.6617,0.689,0.4581,1.783,2.8511,0.2604,0.2309,6,nan,0,0.0765,0,0,0
g3scan,rq4graded,8.0,-1.0,eb154,0.154,tier0,1,9.6,1,0.49,20000,0.451,0.549,0.6933,0.596,0.4806,1.8,2.9454,0.2638,0.234,6,nan,0,0.075,0,0,0
g3scan,rq4graded,8.0,-1.0,eb154,0.154,tier0,1,9.6,1,0.5,20000,0.451,0.549,0.7242,0.512,0.5107,1.918,3.0335,0.2292,0.2076,5,nan,0,0.0736,0,0,0
g3scan,rq4graded,8.0,-1.0,eb154,0.154,tier0,1,9.6,1,0.51,20000,0.451,0.549,0.7542,0.437,0.5417,2.072,3.1112,0.2316,0.2099,5,nan,0,0.0723,0,0,0
g3scan,rq4graded,8.0,-1.0,eb154,0.154,tier0,1,9.6,1,0.52,20000,0.451,0.549,0.7829,0.371,0.5688,2.199,3.1792,0.2336,0.2122,5,nan,0,0.0714,0,0,0
g3scan,rq4graded,8.0,-1.0,eb154,0.154,tier0,1,12.8,1,0.17,20000,0.451,0.549,0.0,10.348,0.0,nan,5.9553,0.8041,0.804,3,1.0239,5,nan,0,0,0
g3scan,rq4graded,8.0,-1.0,eb154,0.154,tier0,1,12.8,1,0.18,20000,0.451,0.549,0.0,9.729,0.0,nan,5.4389,0.7018,0.7013,3,1.011,5,nan,0,0,0
g3scan,rq4graded,8.0,-1.0,eb154,0.154,tier0,1,12.8,1,0.19,20000,0.451,0.549,0.0,9.112,0.0,nan,4.9451,0.6146,0.6135,4,0.8991,4,nan,0,0,0
g3scan,rq4graded,8.0,-1.0,eb154,0.154,tier0,1,12.8,1,0.2,20000,0.451,0.549,0.0,8.49,0.0,nan,4.43,0.5365,0.5342,5,0.9099,4,nan,0,0,0
g3scan,rq4graded,8.0,-1.0,eb154,0.154,tier0,1,12.8,1,0.21,20000,0.451,0.549,0.0,7.875,0.0,0.0,3.9888,0.468,0.4632,6,0.9151,4,nan,0,0,0
g3scan,rq4graded,8.0,-1.0,eb154,0.154,tier0,1,12.8,1,0.22,20000,0.451,0.549,0.0,7.256,0.0,0.0,3.5406,0.4077,0.3995,7,0.8429,3,nan,0,0,0
g3scan,rq4graded,8.0,-1.0,eb154,0.154,tier0,1,12.8,1,0.23,20000,0.451,0.549,0.0,6.644,0.0002,0.027,3.0979,0.3739,0.3645,7,0.8672,3,nan,0,1,0
g3scan,rq4graded,8.0,-1.0,eb154,0.154,tier0,1,12.8,1,0.24,20000,0.451,0.549,0.0,6.045,0.0018,0.06,2.7331,0.3477,0.338,7,0.8006,2,0.1848,0,1,0
g3scan,rq4graded,8.0,-1.0,eb154,0.154,tier0,1,12.8,1,0.25,20000,0.451,0.549,0.0002,5.455,0.011,0.167,2.3991,0.326,0.3159,7,0.8276,2,0.1607,0,1,0
g3scan,rq4graded,8.0,-1.0,eb154,0.154,tier0,1,12.8,1,0.26,20000,0.451,0.549,0.0007,4.892,0.0336,0.302,2.1021,0.309,0.2979,7,0.8257,2,0.1499,0,1,0
g3scan,rq4graded,8.0,-1.0,eb154,0.154,tier0,1,12.8,1,0.27,20000,0.451,0.549,0.0035,4.354,0.073,0.495,1.897,0.2974,0.2846,7,0.7647,1,0.1389,0,0,0
g3scan,rq4graded,8.0,-1.0,eb154,0.154,tier0,1,12.8,1,0.28,20000,0.451,0.549,0.0151,3.841,0.1256,0.716,1.7878,0.2914,0.2753,7,0.7671,1,0.129,0,0,0
g3scan,rq4graded,8.0,-1.0,eb154,0.154,tier0,1,12.8,1,0.29,20000,0.451,0.549,0.0388,3.363,0.1787,0.923,1.8136,0.2896,0.269,7,nan,0,0.1212,0,0,0
g3scan,rq4graded,8.0,-1.0,eb154,0.154,tier0,1,12.8,1,0.3,20000,0.451,0.549,0.0789,2.914,0.2303,1.116,1.9173,0.2891,0.2644,7,nan,0,0.114,1,0,0
g3scan,rq4graded,8.0,-1.0,eb154,0.154,tier0,1,12.8,1,0.31,20000,0.451,0.549,0.1354,2.497,0.2735,1.253,2.0742,0.2894,0.2612,7,nan,0,0.1073,1,0,0
g3scan,rq4graded,8.0,-1.0,eb154,0.154,tier0,1,12.8,1,0.32,20000,0.451,0.549,0.1997,2.125,0.3125,1.374,2.2333,0.2915,0.2599,7,nan,0,0.1011,0,0,0
g3scan,rq4graded,8.0,-1.0,eb154,0.154,tier0,1,12.8,1,0.33,20000,0.451,0.549,0.2704,1.789,0.3509,1.497,2.4367,0.2936,0.2592,7,nan,0,0.0959,0,0,0
g3scan,rq4graded,8.0,-1.0,eb154,0.154,tier0,1,12.8,1,0.34,20000,0.451,0.549,0.3443,1.494,0.3812,1.534,2.6103,0.2551,0.2296,6,nan,0,0.0915,0,0,0
g3scan,rq4graded,8.0,-1.0,eb154,0.154,tier0,1,12.8,1,0.35,20000,0.451,0.549,0.4156,1.234,0.4161,1.572,2.7762,0.2584,0.2307,6,nan,0,0.0877,0,0,0
g3scan,rq4graded,8.0,-1.0,eb154,0.154,tier0,1,12.8,1,0.36,20000,0.451,0.549,0.4846,1.016,0.452,1.65,2.9179,0.2246,0.2042,5,nan,0,0.0842,0,0,0
g3scan,rq4graded,8.0,-1.0,eb154,0.154,tier0,1,12.8,1,0.37,20000,0.451,0.549,0.5504,0.825,0.4935,1.759,3.0536,0.2283,0.2069,5,nan,0,0.0807,0,0,0
g3scan,rq4graded,8.0,-1.0,eb154,0.154,tier0,1,12.8,1,0.38,20000,0.451,0.549,0.6115,0.665,0.5414,1.951,3.1774,0.2313,0.2095,5,nan,0,0.0777,0,0,0
g3scan,rq4graded,8.0,-1.0,eb154,0.154,tier0,1,12.8,1,0.39,20000,0.451,0.549,0.6684,0.531,0.5867,2.125,3.2866,0.1996,0.1844,4,nan,0,0.075,0,0,0
g3scan,rq4graded,8.0,-1.0,eb154,0.154,tier0,1,12.8,1,0.4,20000,0.451,0.549,0.7214,0.418,0.639,2.464,3.3871,0.2028,0.1879,4,nan,0,0.0731,0,0,0
g3scan,rq4graded,8.0,-1.0,eb154,0.154,tier0,1,12.8,1,0.41,20000,0.451,0.549,0.7708,0.325,0.6865,2.896,3.4697,0.1738,0.1646,3,nan,0,0.0713,0,0,0
g3scan,rq4graded,8.0,-1.0,eb154,0.154,tier0,1,12.8,1,0.42,20000,0.451,0.549,0.8165,0.247,0.7363,3.626,3.54,0.1759,0.1677,3,nan,0,0.07,0,0,0
g3scan,rq4graded,8.0,-1.0,eb154,0.154,tier0,1,12.8,1,0.43,20000,0.451,0.549,0.8541,0.187,0.7899,4.962,3.6094,0.1795,0.1722,3,nan,0,0.0698,0,0,0
g3scan,rq4graded,8.0,-1.0,eb154,0.154,tier0,1,12.8,1,0.44,20000,0.451,0.549,0.8886,0.137,0.8243,6.273,3.6542,0.1512,0.1481,2,nan,0,0.0706,0,0,0
g3scan,rq4graded,8.0,-1.0,eb154,0.154,tier0,1,12.8,1,0.45,20000,0.451,0.549,0.9177,0.1,0.841,7.131,3.675,0.1527,0.1499,2,nan,0,0.0718,0,0,0
g3scan,rq4graded,8.0,-1.0,eb154,0.154,tier0,1,12.8,1,0.46,20000,0.451,0.549,0.941,0.071,0.8469,7.102,3.6915,0.153,0.1502,2,nan,0,0.0747,0,0,0
g3scan,rq4graded,8.0,-1.0,eb154,0.154,tier0,1,12.8,1,0.47,20000,0.451,0.549,0.9584,0.05,0.8495,7.169,3.6956,0.1245,0.1245,1,nan,0,0.0773,0,0,0
g3scan,rq4graded,8.0,-1.0,eb154,0.154,tier0,1,12.8,1,0.48,20000,0.451,0.549,0.9724,0.033,0.8494,7.293,3.6939,0.1243,0.1243,1,nan,0,0.0812,0,0,0
g3scan,rq4graded,8.0,-1.0,eb154,0.154,tier0,1,12.8,1,0.49,20000,0.451,0.549,0.9819,0.022,0.8405,7.026,3.6831,0.1241,0.1241,1,nan,0,0.084,0,0,0
g3scan,rq4graded,8.0,-1.0,eb154,0.154,tier0,1,12.8,1,0.5,20000,0.451,0.549,0.9874,0.015,0.8502,7.148,3.7036,0.1258,0.1258,1,nan,0,0.0845,0,0,0
g3scan,rq4graded,8.0,-1.0,eb154,0.154,tier0,1,12.8,1,0.51,20000,0.451,0.549,0.991,0.011,0.865,8.812,3.7169,nan,nan,0,nan,0,0.0848,0,0,0
g3scan,rq4graded,8.0,-1.0,eb154,0.154,tier0,1,12.8,1,0.52,20000,0.451,0.549,0.9933,0.008,0.8667,8.0,3.7303,nan,nan,0,nan,0,0.0847,0,0,0
g3scan,rq4graded,9.0,-1.0,eb0482,0.0482,tier0,1,2.4,0,0.17,20000,0.9573,0.0427,0.0,20.569,0.0,nan,15.6805,nan,nan,0,3.8096,1,nan,0,0,0
g3scan,rq4graded,9.0,-1.0,eb0482,0.0482,tier0,1,2.4,0,0.18,20000,0.9573,0.0427,0.0,20.535,0.0,nan,15.6462,nan,nan,0,3.8146,2,nan,0,0,0
g3scan,rq4graded,9.0,-1.0,eb0482,0.0482,tier0,1,2.4,0,0.19,20000,0.9573,0.0427,0.0,20.5,0.0,nan,15.6109,nan,nan,0,3.7489,2,nan,0,0,0
g3scan,rq4graded,9.0,-1.0,eb0482,0.0482,tier0,1,2.4,0,0.2,20000,0.9573,0.0427,0.0,20.464,0.0,nan,15.5753,nan,nan,0,3.6623,2,nan,0,0,0
g3scan,rq4graded,9.0,-1.0,eb0482,0.0482,tier0,1,2.4,0,0.21,20000,0.9573,0.0427,0.0,20.43,0.0,nan,15.5409,nan,nan,0,3.5894,2,nan,0,0,0
g3scan,rq4graded,9.0,-1.0,eb0482,0.0482,tier0,1,2.4,0,0.22,20000,0.9573,0.0427,0.0,20.394,0.0,nan,15.5049,nan,nan,0,3.535,2,nan,0,0,0
g3scan,rq4graded,9.0,-1.0,eb0482,0.0482,tier0,1,2.4,0,0.23,20000,0.9573,0.0427,0.0,20.358,0.0,nan,15.4697,nan,nan,0,3.4847,3,nan,0,0,0
g3scan,rq4graded,9.0,-1.0,eb0482,0.0482,tier0,1,2.4,0,0.24,20000,0.9573,0.0427,0.0,20.325,0.0,nan,15.4361,nan,nan,0,3.4,3,nan,0,0,0
g3scan,rq4graded,9.0,-1.0,eb0482,0.0482,tier0,1,2.4,0,0.25,20000,0.9573,0.0427,0.0,20.29,0.0,nan,15.4018,nan,nan,0,3.3532,3,nan,0,0,0
g3scan,rq4graded,9.0,-1.0,eb0482,0.0482,tier0,1,2.4,0,0.26,20000,0.9573,0.0427,0.0,20.256,0.0,nan,15.3677,nan,nan,0,3.2975,3,nan,0,0,0
g3scan,rq4graded,9.0,-1.0,eb0482,0.0482,tier0,1,2.4,0,0.27,20000,0.9573,0.0427,0.0,20.222,0.0,nan,15.3333,nan,nan,0,3.2185,4,nan,0,0,0
g3scan,rq4graded,9.0,-1.0,eb0482,0.0482,tier0,1,2.4,0,0.28,20000,0.9573,0.0427,0.0,20.188,0.0,nan,15.2996,nan,nan,0,3.1703,4,nan,0,0,0
g3scan,rq4graded,9.0,-1.0,eb0482,0.0482,tier0,1,2.4,0,0.29,20000,0.9573,0.0427,0.0,20.154,0.0,nan,15.2652,nan,nan,0,3.1307,4,nan,0,0,0
g3scan,rq4graded,9.0,-1.0,eb0482,0.0482,tier0,1,2.4,0,0.3,20000,0.9573,0.0427,0.0,20.121,0.0,nan,15.2319,nan,nan,0,3.0891,4,nan,0,0,0
g3scan,rq4graded,9.0,-1.0,eb0482,0.0482,tier0,1,2.4,0,0.31,20000,0.9573,0.0427,0.0,20.086,0.0,nan,15.1969,nan,nan,0,3.0529,4,nan,0,0,0
g3scan,rq4graded,9.0,-1.0,eb0482,0.0482,tier0,1,2.4,0,0.32,20000,0.9573,0.0427,0.0,20.051,0.0,nan,15.1625,nan,nan,0,2.919,5,nan,0,0,0
g3scan,rq4graded,9.0,-1.0,eb0482,0.0482,tier0,1,2.4,0,0.33,20000,0.9573,0.0427,0.0,20.018,0.0,nan,15.129,nan,nan,0,2.8875,5,nan,0,0,0
g3scan,rq4graded,9.0,-1.0,eb0482,0.0482,tier0,1,2.4,0,0.34,20000,0.9573,0.0427,0.0,19.984,0.0,nan,15.0951,nan,nan,0,2.8521,5,nan,0,0,0
g3scan,rq4graded,9.0,-1.0,eb0482,0.0482,tier0,1,2.4,0,0.35,20000,0.9573,0.0427,0.0,19.951,0.0,nan,15.0619,nan,nan,0,2.821,5,nan,0,0,0
g3scan,rq4graded,9.0,-1.0,eb0482,0.0482,tier0,1,2.4,0,0.36,20000,0.9573,0.0427,0.0,19.917,0.0,nan,15.0288,nan,nan,0,2.7972,5,nan,0,0,0
g3scan,rq4graded,9.0,-1.0,eb0482,0.0482,tier0,1,2.4,0,0.37,20000,0.9573,0.0427,0.0,19.884,0.0,nan,14.9952,nan,nan,0,2.6727,6,nan,0,0,0
g3scan,rq4graded,9.0,-1.0,eb0482,0.0482,tier0,1,2.4,0,0.38,20000,0.9573,0.0427,0.0,19.852,0.0,nan,14.9633,nan,nan,0,2.6479,6,nan,0,0,0
g3scan,rq4graded,9.0,-1.0,eb0482,0.0482,tier0,1,2.4,0,0.39,20000,0.9573,0.0427,0.0,19.819,0.0,nan,14.9299,nan,nan,0,2.624,6,nan,0,0,0
g3scan,rq4graded,9.0,-1.0,eb0482,0.0482,tier0,1,2.4,0,0.4,20000,0.9573,0.0427,0.0,19.785,0.0,nan,14.8968,nan,nan,0,2.5974,6,nan,0,0,0
g3scan,rq4graded,9.0,-1.0,eb0482,0.0482,tier0,1,2.4,0,0.41,20000,0.9573,0.0427,0.0,19.751,0.0,nan,14.8626,nan,nan,0,2.5749,6,nan,0,0,0
g3scan,rq4graded,9.0,-1.0,eb0482,0.0482,tier0,1,2.4,0,0.42,20000,0.9573,0.0427,0.0,19.717,0.0,nan,14.8287,nan,nan,0,2.4488,7,nan,0,0,0
g3scan,rq4graded,9.0,-1.0,eb0482,0.0482,tier0,1,2.4,0,0.43,20000,0.9573,0.0427,0.0,19.685,0.0,nan,14.7963,nan,nan,0,2.4299,7,nan,0,0,0
g3scan,rq4graded,9.0,-1.0,eb0482,0.0482,tier0,1,2.4,0,0.44,20000,0.9573,0.0427,0.0,19.651,0.0,nan,14.762,nan,nan,0,2.4115,7,nan,0,0,0
g3scan,rq4graded,9.0,-1.0,eb0482,0.0482,tier0,1,2.4,0,0.45,20000,0.9573,0.0427,0.0,19.616,0.0,nan,14.7278,nan,nan,0,2.3924,7,nan,0,0,0
g3scan,rq4graded,9.0,-1.0,eb0482,0.0482,tier0,1,2.4,0,0.46,20000,0.9573,0.0427,0.0,19.583,0.0,nan,14.6947,nan,nan,0,2.3731,7,nan,0,0,0
g3scan,rq4graded,9.0,-1.0,eb0482,0.0482,tier0,1,2.4,0,0.47,20000,0.9573,0.0427,0.0,19.55,0.0,nan,14.6609,nan,nan,0,2.252,8,nan,0,0,0
g3scan,rq4graded,9.0,-1.0,eb0482,0.0482,tier0,1,2.4,0,0.48,20000,0.9573,0.0427,0.0,19.517,0.0,nan,14.6288,nan,nan,0,2.2373,8,nan,0,0,0
g3scan,rq4graded,9.0,-1.0,eb0482,0.0482,tier0,1,2.4,0,0.49,20000,0.9573,0.0427,0.0,19.484,0.0,nan,14.5956,nan,nan,0,2.222,8,nan,0,0,0
g3scan,rq4graded,9.0,-1.0,eb0482,0.0482,tier0,1,2.4,0,0.5,20000,0.9573,0.0427,0.0,19.45,0.0,nan,14.5613,nan,nan,0,2.2059,8,nan,0,0,0
g3scan,rq4graded,9.0,-1.0,eb0482,0.0482,tier0,1,2.4,0,0.51,20000,0.9573,0.0427,0.0,19.416,0.0,nan,14.5272,nan,nan,0,2.1906,8,nan,0,0,0
g3scan,rq4graded,9.0,-1.0,eb0482,0.0482,tier0,1,2.4,0,0.52,20000,0.9573,0.0427,0.0,19.383,0.0,nan,14.4941,nan,nan,0,2.1741,8,nan,0,0,0
g3scan,rq4graded,9.0,-1.0,eb0482,0.0482,tier0,1,3.2,0,0.17,20000,0.9573,0.0427,0.0,19.927,0.0,nan,15.0381,nan,nan,0,3.2583,3,nan,0,0,0
g3scan,rq4graded,9.0,-1.0,eb0482,0.0482,tier0,1,3.2,0,0.18,20000,0.9573,0.0427,0.0,19.854,0.0,nan,14.9656,nan,nan,0,3.1693,4,nan,0,0,0
g3scan,rq4graded,9.0,-1.0,eb0482,0.0482,tier0,1,3.2,0,0.19,20000,0.9573,0.0427,0.0,19.783,0.0,nan,14.8946,nan,nan,0,3.0871,4,nan,0,0,0
g3scan,rq4graded,9.0,-1.0,eb0482,0.0482,tier0,1,3.2,0,0.2,20000,0.9573,0.0427,0.0,19.71,0.0,nan,14.8218,nan,nan,0,3.0031,4,nan,0,0,0
g3scan,rq4graded,9.0,-1.0,eb0482,0.0482,tier0,1,3.2,0,0.21,20000,0.9573,0.0427,0.0,19.638,0.0,nan,14.7497,nan,nan,0,2.8701,5,nan,0,0,0
g3scan,rq4graded,9.0,-1.0,eb0482,0.0482,tier0,1,3.2,0,0.22,20000,0.9573,0.0427,0.0,19.568,0.0,nan,14.6792,nan,nan,0,2.8052,5,nan,0,0,0
g3scan,rq4graded,9.0,-1.0,eb0482,0.0482,tier0,1,3.2,0,0.23,20000,0.9573,0.0427,0.0,19.496,0.0,nan,14.607,nan,nan,0,2.7415,5,nan,0,0,0
g3scan,rq4graded,9.0,-1.0,eb0482,0.0482,tier0,1,3.2,0,0.24,20000,0.9573,0.0427,0.0,19.425,0.0,nan,14.5367,nan,nan,0,2.6193,6,nan,0,0,0
g3scan,rq4graded,9.0,-1.0,eb0482,0.0482,tier0,1,3.2,0,0.25,20000,0.9573,0.0427,0.0,19.356,0.0,nan,14.4673,nan,nan,0,2.5657,6,nan,0,0,0
g3scan,rq4graded,9.0,-1.0,eb0482,0.0482,tier0,1,3.2,0,0.26,20000,0.9573,0.0427,0.0,19.285,0.0,nan,14.3968,nan,nan,0,2.5179,6,nan,0,0,0
g3scan,rq4graded,9.0,-1.0,eb0482,0.0482,tier0,1,3.2,0,0.27,20000,0.9573,0.0427,0.0,19.219,0.0,nan,14.3301,nan,nan,0,2.3946,7,nan,0,0,0
g3scan,rq4graded,9.0,-1.0,eb0482,0.0482,tier0,1,3.2,0,0.28,20000,0.9573,0.0427,0.0,19.148,0.0,nan,14.2591,nan,nan,0,2.3499,7,nan,0,0,0
g3scan,rq4graded,9.0,-1.0,eb0482,0.0482,tier0,1,3.2,0,0.29,20000,0.9573,0.0427,0.0,19.078,0.0,nan,14.1891,nan,nan,0,2.3091,7,nan,0,0,0
g3scan,rq4graded,9.0,-1.0,eb0482,0.0482,tier0,1,3.2,0,0.3,20000,0.9573,0.0427,0.0,19.009,0.0,nan,14.1203,nan,nan,0,2.2729,7,nan,0,0,0
g3scan,rq4graded,9.0,-1.0,eb0482,0.0482,tier0,1,3.2,0,0.31,20000,0.9573,0.0427,0.0,18.938,0.0,nan,14.049,nan,nan,0,2.1562,8,nan,0,0,0
g3scan,rq4graded,9.0,-1.0,eb0482,0.0482,tier0,1,3.2,0,0.32,20000,0.9573,0.0427,0.0,18.871,0.0,nan,13.9821,nan,nan,0,2.1261,8,nan,0,0,0
g3scan,rq4graded,9.0,-1.0,eb0482,0.0482,tier0,1,3.2,0,0.33,20000,0.9573,0.0427,0.0,18.799,0.0,nan,13.9101,nan,nan,0,2.093,8,nan,0,0,0
g3scan,rq4graded,9.0,-1.0,eb0482,0.0482,tier0,1,3.2,0,0.34,20000,0.9573,0.0427,0.0,18.73,0.0,nan,13.841,nan,nan,0,2.066,8,nan,0,0,0
g3scan,rq4graded,9.0,-1.0,eb0482,0.0482,tier0,1,3.2,0,0.35,20000,0.9573,0.0427,0.0,18.659,0.0,nan,13.77,nan,nan,0,2.0394,8,nan,0,0,0
g3scan,rq4graded,9.0,-1.0,eb0482,0.0482,tier0,1,3.2,0,0.36,20000,0.9573,0.0427,0.0,18.589,0.0,nan,13.7008,nan,nan,0,2.0136,8,nan,0,0,0
g3scan,rq4graded,9.0,-1.0,eb0482,0.0482,tier0,1,3.2,0,0.37,20000,0.9573,0.0427,0.0,18.52,0.0,nan,13.6316,1.1045,1.1045,1,1.9877,8,nan,0,0,0
g3scan,rq4graded,9.0,-1.0,eb0482,0.0482,tier0,1,3.2,0,0.38,20000,0.9573,0.0427,0.0,18.451,0.0,nan,13.5625,1.0846,1.0846,1,1.9639,8,nan,0,0,0
g3scan,rq4graded,9.0,-1.0,eb0482,0.0482,tier0,1,3.2,0,0.39,20000,0.9573,0.0427,0.0,18.381,0.0,nan,13.4928,1.0646,1.0646,1,1.9408,8,nan,0,0,0
g3scan,rq4graded,9.0,-1.0,eb0482,0.0482,tier0,1,3.2,0,0.4,20000,0.9573,0.0427,0.0,18.312,0.0,0.0,13.4238,0.9766,0.9733,2,1.9188,8,nan,0,0,0
g3scan,rq4graded,9.0,-1.0,eb0482,0.0482,tier0,1,3.2,0,0.41,20000,0.9573,0.0427,0.0,18.242,0.0,0.0,13.3536,0.9643,0.9611,2,1.8967,8,nan,0,0,0
g3scan,rq4graded,9.0,-1.0,eb0482,0.0482,tier0,1,3.2,0,0.42,20000,0.9573,0.0427,0.0,18.176,0.0,0.0,13.2874,0.9588,0.9549,2,1.8769,8,nan,0,0,0
g3scan,rq4graded,9.0,-1.0,eb0482,0.0482,tier0,1,3.2,0,0.43,20000,0.9573,0.0427,0.0,18.107,0.0,0.333,13.218,0.9458,0.9423,2,1.8567,8,nan,0,0,0
g3scan,rq4graded,9.0,-1.0,eb0482,0.0482,tier0,1,3.2,0,0.44,20000,0.9573,0.0427,0.0,18.038,0.0001,3.0,13.149,0.869,0.8616,3,1.8375,8,nan,0,0,0
g3scan,rq4graded,9.0,-1.0,eb0482,0.0482,tier0,1,3.2,0,0.45,20000,0.9573,0.0427,0.0,17.968,0.0001,3.0,13.0798,0.8623,0.8548,3,1.8183,8,nan,0,0,0
g3scan,rq4graded,9.0,-1.0,eb0482,0.0482,tier0,1,3.2,0,0.46,20000,0.9573,0.0427,0.0,17.9,0.0001,nan,13.0118,0.8534,0.846,3,1.8009,8,nan,0,0,0
g3scan,rq4graded,9.0,-1.0,eb0482,0.0482,tier0,1,3.2,0,0.47,20000,0.9573,0.0427,0.0,17.832,0.0001,2.0,12.9438,0.7852,0.7721,4,1.7836,8,nan,0,0,0
g3scan,rq4graded,9.0,-1.0,eb0482,0.0482,tier0,1,3.2,0,0.48,20000,0.9573,0.0427,0.0001,17.763,0.0001,0.667,12.8758,0.778,0.7649,4,1.7666,8,nan,0,0,0
g3scan,rq4graded,9.0,-1.0,eb0482,0.0482,tier0,1,3.2,0,0.49,20000,0.9573,0.0427,0.0001,17.696,0.0,0.167,12.8085,0.7719,0.7589,4,1.7512,8,nan,0,0,0
g3scan,rq4graded,9.0,-1.0,eb0482,0.0482,tier0,1,3.2,0,0.5,20000,0.9573,0.0427,0.0001,17.626,0.0001,0.25,12.7385,0.7066,0.6859,5,1.7362,8,nan,0,0,0
g3scan,rq4graded,9.0,-1.0,eb0482,0.0482,tier0,1,3.2,0,0.51,20000,0.9573,0.0427,0.0001,17.558,0.0001,0.333,12.6711,0.7013,0.681,5,1.7216,8,nan,0,0,0
g3scan,rq4graded,9.0,-1.0,eb0482,0.0482,tier0,1,3.2,0,0.52,20000,0.9573,0.0427,0.0001,17.49,0.0001,0.231,12.6032,0.6411,0.6108,6,1.7073,8,nan,0,0,0
g3scan,rq4graded,9.0,-1.0,eb0482,0.0482,tier0,1,4.8,0,0.17,20000,0.9573,0.0427,0.0,18.416,0.0,nan,13.5276,nan,nan,0,2.3686,6,nan,0,0,0
g3scan,rq4graded,9.0,-1.0,eb0482,0.0482,tier0,1,4.8,0,0.18,20000,0.9573,0.0427,0.0,18.263,0.0,nan,13.3746,nan,nan,0,2.2754,6,nan,0,0,0
g3scan,rq4graded,9.0,-1.0,eb0482,0.0482,tier0,1,4.8,0,0.19,20000,0.9573,0.0427,0.0,18.106,0.0,nan,13.2173,nan,nan,0,2.1498,7,nan,0,0,0
g3scan,rq4graded,9.0,-1.0,eb0482,0.0482,tier0,1,4.8,0,0.2,20000,0.9573,0.0427,0.0,17.951,0.0,nan,13.0621,nan,nan,0,2.0741,7,nan,0,0,0
g3scan,rq4graded,9.0,-1.0,eb0482,0.0482,tier0,1,4.8,0,0.21,20000,0.9573,0.0427,0.0,17.797,0.0,nan,12.908,nan,nan,0,1.9571,8,nan,0,0,0
g3scan,rq4graded,9.0,-1.0,eb0482,0.0482,tier0,1,4.8,0,0.22,20000,0.9573,0.0427,0.0,17.642,0.0,nan,12.7531,nan,nan,0,1.8953,8,nan,0,0,0
g3scan,rq4graded,9.0,-1.0,eb0482,0.0482,tier0,1,4.8,0,0.23,20000,0.9573,0.0427,0.0,17.486,0.0,nan,12.597,nan,nan,0,1.8415,8,nan,0,0,0
g3scan,rq4graded,9.0,-1.0,eb0482,0.0482,tier0,1,4.8,0,0.24,20000,0.9573,0.0427,0.0,17.333,0.0,nan,12.444,nan,nan,0,1.7918,8,nan,0,0,0
g3scan,rq4graded,9.0,-1.0,eb0482,0.0482,tier0,1,4.8,0,0.25,20000,0.9573,0.0427,0.0,17.178,0.0,nan,12.2893,1.1107,1.1107,1,1.7433,8,nan,0,0,0
g3scan,rq4graded,9.0,-1.0,eb0482,0.0482,tier0,1,4.8,0,0.26,20000,0.9573,0.0427,0.0,17.026,0.0,nan,12.137,1.0664,1.0664,1,1.7006,8,nan,0,0,0
g3scan,rq4graded,9.0,-1.0,eb0482,0.0482,tier0,1,4.8,0,0.27,20000,0.9573,0.0427,0.0,16.872,0.0,nan,11.9838,0.9796,0.9771,2,1.6594,8,nan,0,0,0
g3scan,rq4graded,9.0,-1.0,eb0482,0.0482,tier0,1,4.8,0,0.28,20000,0.9573,0.0427,0.0,16.718,0.0,nan,11.8298,0.95,0.9472,2,1.6202,8,nan,0,0,0
g3scan,rq4graded,9.0,-1.0,eb0482,0.0482,tier0,1,4.8,0,0.29,20000,0.9573,0.0427,0.0,16.568,0.0,nan,11.6793,0.8726,0.8668,3,1.5853,8,nan,0,0,0
g3scan,rq4graded,9.0,-1.0,eb0482,0.0482,tier0,1,4.8,0,0.3,20000,0.9573,0.0427,0.0,16.414,0.0,0.0,11.5251,0.8508,0.8447,3,1.5527,8,nan,0,0,0
g3scan,rq4graded,9.0,-1.0,eb0482,0.0482,tier0,1,4.8,0,0.31,20000,0.9573,0.0427,0.0,16.261,0.0,0.0,11.3727,0.7789,0.7685,4,1.5212,8,nan,0,0,0
g3scan,rq4graded,9.0,-1.0,eb0482,0.0482,tier0,1,4.8,0,0.32,20000,0.9573,0.0427,0.0,16.111,0.0,0.0,11.2219,0.7604,0.7502,4,1.4924,8,nan,0,0,0
g3scan,rq4graded,9.0,-1.0,eb0482,0.0482,tier0,1,4.8,0,0.33,20000,0.9573,0.0427,0.0,15.958,0.0001,1.0,11.0689,0.6929,0.6769,5,1.4649,8,nan,0,0,0
g3scan,rq4graded,9.0,-1.0,eb0482,0.0482,tier0,1,4.8,0,0.34,20000,0.9573,0.0427,0.0,15.805,0.0001,1.333,10.9167,0.6306,0.6071,6,1.4395,8,nan,0,0,0
g3scan,rq4graded,9.0,-1.0,eb0482,0.0482,tier0,1,4.8,0,0.35,20000,0.9573,0.0427,0.0,15.65,0.0001,0.444,10.7609,0.6158,0.592,6,1.4144,8,nan,0,0,0
g3scan,rq4graded,9.0,-1.0,eb0482,0.0482,tier0,1,4.8,0,0.36,20000,0.9573,0.0427,0.0,15.498,0.0001,0.267,10.6093,0.604,0.5809,6,1.3909,8,nan,0,0,0
g3scan,rq4graded,9.0,-1.0,eb0482,0.0482,tier0,1,4.8,0,0.37,20000,0.9573,0.0427,0.0001,15.343,0.0001,0.227,10.4554,0.5442,0.5092,7,1.3682,8,nan,0,0,0
g3scan,rq4graded,9.0,-1.0,eb0482,0.0482,tier0,1,4.8,0,0.38,20000,0.9573,0.0427,0.0001,15.195,0.0003,0.294,10.3078,0.5339,0.499,7,1.3475,8,nan,0,0,0
g3scan,rq4graded,9.0,-1.0,eb0482,0.0482,tier0,1,4.8,0,0.39,20000,0.9573,0.0427,0.0001,15.043,0.0005,0.353,10.1564,0.5243,0.4899,7,1.3276,8,nan,0,0,0
g3scan,rq4graded,9.0,-1.0,eb0482,0.0482,tier0,1,4.8,0,0.4,20000,0.9573,0.0427,0.0002,14.892,0.0006,0.282,10.0053,0.5144,0.4807,7,1.3083,8,0.182,0,0,0
g3scan,rq4graded,9.0,-1.0,eb0482,0.0482,tier0,1,4.8,0,0.41,20000,0.9573,0.0427,0.0002,14.745,0.001,0.354,9.8589,0.5058,0.473,7,1.2903,8,0.1768,0,0,0
g3scan,rq4graded,9.0,-1.0,eb0482,0.0482,tier0,1,4.8,0,0.42,20000,0.9573,0.0427,0.0003,14.593,0.0015,0.367,9.7095,0.4969,0.4646,7,1.273,8,0.1716,0,0,0
g3scan,rq4graded,9.0,-1.0,eb0482,0.0482,tier0,1,4.8,0,0.43,20000,0.9573,0.0427,0.0005,14.443,0.0024,0.484,9.5608,0.4886,0.4568,7,1.2561,8,0.1688,0,0,0
g3scan,rq4graded,9.0,-1.0,eb0482,0.0482,tier0,1,4.8,0,0.44,20000,0.9573,0.0427,0.0007,14.294,0.0031,0.483,9.4161,0.4808,0.4495,7,1.2403,8,0.1663,0,0,0
g3scan,rq4graded,9.0,-1.0,eb0482,0.0482,tier0,1,4.8,0,0.45,20000,0.9573,0.0427,0.001,14.146,0.0045,0.6,9.271,0.473,0.4421,7,1.2249,8,0.164,0,0,0
g3scan,rq4graded,9.0,-1.0,eb0482,0.0482,tier0,1,4.8,0,0.46,20000,0.9573,0.0427,0.0016,13.996,0.0054,0.601,9.1294,0.4658,0.4354,7,1.2101,8,0.1615,0,0,0
g3scan,rq4graded,9.0,-1.0,eb0482,0.0482,tier0,1,4.8,0,0.47,20000,0.9573,0.0427,0.0022,13.849,0.0069,0.696,8.9906,0.4588,0.4287,7,1.1956,8,0.1599,0,0,0
g3scan,rq4graded,9.0,-1.0,eb0482,0.0482,tier0,1,4.8,0,0.48,20000,0.9573,0.0427,0.0031,13.704,0.0077,0.646,8.8587,0.4522,0.4223,7,1.1821,8,0.1581,0,0,0
g3scan,rq4graded,9.0,-1.0,eb0482,0.0482,tier0,1,4.8,0,0.49,20000,0.9573,0.0427,0.004,13.558,0.0101,0.787,8.7239,0.4455,0.4159,7,1.1691,8,0.1555,0,0,0
g3scan,rq4graded,9.0,-1.0,eb0482,0.0482,tier0,1,4.8,0,0.5,20000,0.9573,0.0427,0.0056,13.415,0.0111,0.725,8.6009,0.4393,0.4101,7,1.1562,8,0.1536,0,0,0
g3scan,rq4graded,9.0,-1.0,eb0482,0.0482,tier0,1,4.8,0,0.51,20000,0.9573,0.0427,0.0069,13.272,0.0128,0.735,8.476,0.4336,0.4046,7,1.144,8,0.1516,0,0,0
g3scan,rq4graded,9.0,-1.0,eb0482,0.0482,tier0,1,4.8,0,0.52,20000,0.9573,0.0427,0.0087,13.131,0.0147,0.743,8.3574,0.4279,0.3991,7,1.1326,8,0.1491,0,0,0
g3scan,rq4graded,9.0,-1.0,eb0482,0.0482,tier0,1,6.4,0,0.17,20000,0.9573,0.0427,0.0,16.955,0.0,nan,12.0659,nan,nan,0,1.8207,8,nan,0,0,0
g3scan,rq4graded,9.0,-1.0,eb0482,0.0482,tier0,1,6.4,0,0.18,20000,0.9573,0.0427,0.0,16.718,0.0,nan,11.8293,nan,nan,0,1.7305,8,nan,0,0,0
g3scan,rq4graded,9.0,-1.0,eb0482,0.0482,tier0,1,6.4,0,0.19,20000,0.9573,0.0427,0.0,16.48,0.0,nan,11.5909,nan,nan,0,1.6534,8,nan,0,0,0
g3scan,rq4graded,9.0,-1.0,eb0482,0.0482,tier0,1,6.4,0,0.2,20000,0.9573,0.0427,0.0,16.244,0.0,nan,11.3553,1.1602,1.1602,1,1.5849,8,nan,0,0,0
g3scan,rq4graded,9.0,-1.0,eb0482,0.0482,tier0,1,6.4,0,0.21,20000,0.9573,0.0427,0.0,16.007,0.0,nan,11.1185,1.0863,1.0863,1,1.5212,8,nan,0,0,0
g3scan,rq4graded,9.0,-1.0,eb0482,0.0482,tier0,1,6.4,0,0.22,20000,0.9573,0.0427,0.0,15.77,0.0,nan,10.881,0.9898,0.9884,2,1.464,8,nan,0,0,0
g3scan,rq4graded,9.0,-1.0,eb0482,0.0482,tier0,1,6.4,0,0.23,20000,0.9573,0.0427,0.0,15.536,0.0,nan,10.6476,0.9408,0.9384,2,1.4132,8,nan,0,0,0
g3scan,rq4graded,9.0,-1.0,eb0482,0.0482,tier0,1,6.4,0,0.24,20000,0.9573,0.0427,0.0,15.299,0.0,nan,10.4107,0.8566,0.852,3,1.366,8,nan,0,0,0
g3scan,rq4graded,9.0,-1.0,eb0482,0.0482,tier0,1,6.4,0,0.25,20000,0.9573,0.0427,0.0,15.063,0.0,nan,10.1746,0.7782,0.771,4,1.3233,8,nan,0,0,0
g3scan,rq4graded,9.0,-1.0,eb0482,0.0482,tier0,1,6.4,0,0.26,20000,0.9573,0.0427,0.0,14.827,0.0,nan,9.9387,0.7473,0.7399,4,1.2846,8,nan,0,0,0
g3scan,rq4graded,9.0,-1.0,eb0482,0.0482,tier0,1,6.4,0,0.27,20000,0.9573,0.0427,0.0,14.593,0.0,0.0,9.704,0.6769,0.6647,5,1.2484,8,nan,0,0,0
g3scan,rq4graded,9.0,-1.0,eb0482,0.0482,tier0,1,6.4,0,0.28,20000,0.9573,0.0427,0.0,14.358,0.0,0.0,9.4689,0.651,0.6389,5,1.2153,8,nan,0,0,0
g3scan,rq4graded,9.0,-1.0,eb0482,0.0482,tier0,1,6.4,0,0.29,20000,0.9573,0.0427,0.0,14.124,0.0001,0.429,9.2358,0.5887,0.5701,6,1.1847,8,nan,0,0,0
g3scan,rq4graded,9.0,-1.0,eb0482,0.0482,tier0,1,6.4,0,0.3,20000,0.9573,0.0427,0.0,13.887,0.0001,0.222,8.9984,0.5692,0.5509,6,1.1551,8,nan,0,0,0
g3scan,rq4graded,9.0,-1.0,eb0482,0.0482,tier0,1,6.4,0,0.31,20000,0.9573,0.0427,0.0,13.654,0.0002,0.206,8.7653,0.5104,0.4823,7,1.1281,8,nan,0,0,0
g3scan,rq4graded,9.0,-1.0,eb0482,0.0482,tier0,1,6.4,0,0.32,20000,0.9573,0.0427,0.0001,13.421,0.0003,0.186,8.5331,0.4947,0.4669,7,1.1033,8,nan,0,0,0
g3scan,rq4graded,9.0,-1.0,eb0482,0.0482,tier0,1,6.4,0,0.33,20000,0.9573,0.0427,0.0001,13.188,0.0007,0.2,8.3005,0.4808,0.454,7,1.0796,8,0.1824,0,0,0
g3scan,rq4graded,9.0,-1.0,eb0482,0.0482,tier0,1,6.4,0,0.34,20000,0.9573,0.0427,0.0002,12.954,0.0014,0.255,8.0676,0.4674,0.4413,7,1.0572,8,0.1757,0,0,0
g3scan,rq4graded,9.0,-1.0,eb0482,0.0482,tier0,1,6.4,0,0.35,20000,0.9573,0.0427,0.0003,12.726,0.0027,0.343,7.8414,0.4554,0.4299,7,1.0361,8,0.1691,0,0,0
g3scan,rq4graded,9.0,-1.0,eb0482,0.0482,tier0,1,6.4,0,0.36,20000,0.9573,0.0427,0.0006,12.494,0.0046,0.424,7.6129,0.4437,0.4187,7,1.0162,8,0.1652,0,0,0
g3scan,rq4graded,9.0,-1.0,eb0482,0.0482,tier0,1,6.4,0,0.37,20000,0.9573,0.0427,0.0009,12.266,0.007,0.502,7.3879,0.4331,0.4085,7,0.997,8,0.1619,0,0,0
g3scan,rq4graded,9.0,-1.0,eb0482,0.0482,tier0,1,6.4,0,0.38,20000,0.9573,0.0427,0.0019,12.039,0.0097,0.558,7.1728,0.4228,0.3985,7,0.9791,8,0.1585,0,0,0
g3scan,rq4graded,9.0,-1.0,eb0482,0.0482,tier0,1,6.4,0,0.39,20000,0.9573,0.0427,0.0033,11.816,0.0131,0.6,6.9657,0.4132,0.3892,7,0.9618,8,0.1551,0,0,0
g3scan,rq4graded,9.0,-1.0,eb0482,0.0482,tier0,1,6.4,0,0.4,20000,0.9573,0.0427,0.0054,11.595,0.0166,0.637,6.7694,0.4041,0.3805,7,0.9458,8,0.1513,0,0,0
g3scan,rq4graded,9.0,-1.0,eb0482,0.0482,tier0,1,6.4,0,0.41,20000,0.9573,0.0427,0.0078,11.379,0.0209,0.678,6.5802,0.3958,0.3725,7,0.9308,8,0.1473,0,0,0
g3scan,rq4graded,9.0,-1.0,eb0482,0.0482,tier0,1,6.4,0,0.42,20000,0.9573,0.0427,0.0108,11.164,0.0263,0.768,6.3976,0.3879,0.3648,7,0.9155,8,0.1437,0,0,0
g3scan,rq4graded,9.0,-1.0,eb0482,0.0482,tier0,1,6.4,0,0.43,20000,0.9573,0.0427,0.0153,10.952,0.0311,0.833,6.2342,0.3802,0.3575,7,0.9012,8,0.1403,0,0,0
g3scan,rq4graded,9.0,-1.0,eb0482,0.0482,tier0,1,6.4,0,0.44,20000,0.9573,0.0427,0.0199,10.745,0.0366,0.904,6.0743,0.3731,0.3506,7,0.8876,8,0.1373,0,0,0
g3scan,rq4graded,9.0,-1.0,eb0482,0.0482,tier0,1,6.4,0,0.45,20000,0.9573,0.0427,0.0257,10.539,0.0424,1.01,5.928,0.3662,0.3441,7,0.8744,8,0.1343,0,0,0
g3scan,rq4graded,9.0,-1.0,eb0482,0.0482,tier0,1,6.4,0,0.46,20000,0.9573,0.0427,0.0325,10.338,0.0465,1.02,5.7967,0.3598,0.3379,7,0.8616,8,0.1317,0,0,0
g3scan,rq4graded,9.0,-1.0,eb0482,0.0482,tier0,1,6.4,0,0.47,20000,0.9573,0.0427,0.0403,10.141,0.0511,1.053,5.6778,0.3535,0.3318,7,0.8495,8,0.1293,0,0,0
g3scan,rq4graded,9.0,-1.0,eb0482,0.0482,tier0,1,6.4,0,0.48,20000,0.9573,0.0427,0.0481,9.946,0.0553,1.08,5.5603,0.3477,0.3262,7,0.8373,8,0.127,0,0,0
g3scan,rq4graded,9.0,-1.0,eb0482,0.0482,tier0,1,6.4,0,0.49,20000,0.9573,0.0427,0.0577,9.759,0.0591,1.112,5.4678,0.342,0.3208,7,0.8265,8,0.1245,0,0,0
g3scan,rq4graded,9.0,-1.0,eb0482,0.0482,tier0,1,6.4,0,0.5,20000,0.9573,0.0427,0.0679,9.577,0.0618,1.127,5.3859,0.3368,0.3158,7,0.8159,8,0.1223,0,0,0
g3scan,rq4graded,9.0,-1.0,eb0482,0.0482,tier0,1,6.4,0,0.51,20000,0.9573,0.0427,0.0774,9.399,0.0667,1.215,5.2981,0.3317,0.3109,7,0.8056,8,0.1201,0,0,0
g3scan,rq4graded,9.0,-1.0,eb0482,0.0482,tier0,1,6.4,0,0.52,20000,0.9573,0.0427,0.088,9.224,0.0691,1.216,5.2254,0.3266,0.3061,7,0.796,8,0.1177,0,0,0
g3scan,rq4graded,9.0,-1.0,eb0482,0.0482,tier0,1,9.6,1,0.17,20000,0.9573,0.0427,0.0,14.539,0.0,nan,9.65,1.1186,1.1186,1,1.2467,8,nan,0,0,0
g3scan,rq4graded,9.0,-1.0,eb0482,0.0482,tier0,1,9.6,1,0.18,20000,0.9573,0.0427,0.0,14.17,0.0,nan,9.2812,0.9888,0.9881,2,1.1693,8,nan,0,0,0
g3scan,rq4graded,9.0,-1.0,eb0482,0.0482,tier0,1,9.6,1,0.19,20000,0.9573,0.0427,0.0,13.795,0.0,nan,8.9067,0.9152,0.914,2,1.101,8,nan,0,0,0
g3scan,rq4graded,9.0,-1.0,eb0482,0.0482,tier0,1,9.6,1,0.2,20000,0.9573,0.0427,0.0,13.42,0.0,nan,8.5316,0.8142,0.8119,3,1.0411,8,nan,0,0,0
g3scan,rq4graded,9.0,-1.0,eb0482,0.0482,tier0,1,9.6,1,0.21,20000,0.9573,0.0427,0.0,13.045,0.0,nan,8.1566,0.7279,0.724,4,0.9884,8,nan,0,0,0
g3scan,rq4graded,9.0,-1.0,eb0482,0.0482,tier0,1,9.6,1,0.22,20000,0.9573,0.0427,0.0,12.674,0.0,nan,7.7854,0.6479,0.6411,5,0.9424,8,nan,0,0,0
g3scan,rq4graded,9.0,-1.0,eb0482,0.0482,tier0,1,9.6,1,0.23,20000,0.9573,0.0427,0.0,12.299,0.0,0.0,7.41,0.6067,0.5998,5,0.9004,8,nan,0,0,0
g3scan,rq4graded,9.0,-1.0,eb0482,0.0482,tier0,1,9.6,1,0.24,20000,0.9573,0.0427,0.0,11.926,0.0,0.0,7.0372,0.5396,0.5285,6,0.8625,8,nan,0,0,0
g3scan,rq4graded,9.0,-1.0,eb0482,0.0482,tier0,1,9.6,1,0.25,20000,0.9573,0.0427,0.0,11.554,0.0001,0.143,6.6655,0.476,0.4575,7,0.8286,8,nan,0,0,0
g3scan,rq4graded,9.0,-1.0,eb0482,0.0482,tier0,1,9.6,1,0.26,20000,0.9573,0.0427,0.0,11.18,0.0002,0.077,6.2914,0.4508,0.4326,7,0.7966,8,nan,0,0,0
g3scan,rq4graded,9.0,-1.0,eb0482,0.0482,tier0,1,9.6,1,0.27,20000,0.9573,0.0427,0.0,10.811,0.0006,0.104,5.9229,0.4287,0.4112,7,0.768,8,0.1892,0,0,0
g3scan,rq4graded,9.0,-1.0,eb0482,0.0482,tier0,1,9.6,1,0.28,20000,0.9573,0.0427,0.0001,10.446,0.0019,0.153,5.5607,0.4092,0.3923,7,0.7413,8,0.1734,0,0,0
g3scan,rq4graded,9.0,-1.0,eb0482,0.0482,tier0,1,9.6,1,0.29,20000,0.9573,0.0427,0.0002,10.084,0.0056,0.275,5.2009,0.3912,0.3747,7,0.7166,8,0.1658,0,0,0
g3scan,rq4graded,9.0,-1.0,eb0482,0.0482,tier0,1,9.6,1,0.3,20000,0.9573,0.0427,0.0007,9.724,0.0115,0.358,4.8467,0.3749,0.3587,7,0.6934,8,0.1593,0,0,0
g3scan,rq4graded,9.0,-1.0,eb0482,0.0482,tier0,1,9.6,1,0.31,20000,0.9573,0.0427,0.0019,9.373,0.0201,0.452,4.5071,0.3602,0.3442,7,0.6719,8,0.1533,0,0,0
g3scan,rq4graded,9.0,-1.0,eb0482,0.0482,tier0,1,9.6,1,0.32,20000,0.9573,0.0427,0.005,9.028,0.0317,0.58,4.1918,0.3466,0.3309,7,0.6521,8,0.1462,0,0,0
g3scan,rq4graded,9.0,-1.0,eb0482,0.0482,tier0,1,9.6,1,0.33,20000,0.9573,0.0427,0.0102,8.694,0.0456,0.722,3.9025,0.3341,0.3188,7,0.6342,8,0.1401,0,0,0
g3scan,rq4graded,9.0,-1.0,eb0482,0.0482,tier0,1,9.6,1,0.34,20000,0.9573,0.0427,0.0182,8.367,0.0602,0.851,3.6404,0.3226,0.3076,7,0.6173,8,0.1342,0,0,0
g3scan,rq4graded,9.0,-1.0,eb0482,0.0482,tier0,1,9.6,1,0.35,20000,0.9573,0.0427,0.0294,8.047,0.0737,0.961,3.4093,0.3119,0.2971,7,0.6001,8,0.1296,0,0,0
g3scan,rq4graded,9.0,-1.0,eb0482,0.0482,tier0,1,9.6,1,0.36,20000,0.9573,0.0427,0.045,7.742,0.0855,1.059,3.2273,0.3022,0.2877,7,0.5844,8,0.1246,0,0,0
g3scan,rq4graded,9.0,-1.0,eb0482,0.0482,tier0,1,9.6,1,0.37,20000,0.9573,0.0427,0.0633,7.445,0.0965,1.143,3.0679,0.293,0.2788,7,0.57,8,0.1201,0,0,0
g3scan,rq4graded,9.0,-1.0,eb0482,0.0482,tier0,1,9.6,1,0.38,20000,0.9573,0.0427,0.0833,7.162,0.1057,1.218,2.9333,0.2845,0.2706,7,0.5561,8,0.1159,0,0,0
g3scan,rq4graded,9.0,-1.0,eb0482,0.0482,tier0,1,9.6,1,0.39,20000,0.9573,0.0427,0.1049,6.888,0.1138,1.279,2.8167,0.2766,0.2629,7,0.5428,8,0.112,0,1,0
g3scan,rq4graded,9.0,-1.0,eb0482,0.0482,tier0,1,9.6,1,0.4,20000,0.9573,0.0427,0.1283,6.627,0.1206,1.334,2.7261,0.269,0.2556,7,0.5298,8,0.1085,0,1,0
g3scan,rq4graded,9.0,-1.0,eb0482,0.0482,tier0,1,9.6,1,0.41,20000,0.9573,0.0427,0.1525,6.38,0.1251,1.351,2.6537,0.2618,0.2487,7,0.5181,8,0.1053,0,1,0
g3scan,rq4graded,9.0,-1.0,eb0482,0.0482,tier0,1,9.6,1,0.42,20000,0.9573,0.0427,0.177,6.141,0.1294,1.37,2.5883,0.2552,0.2423,7,0.5065,8,0.1022,0,1,0
g3scan,rq4graded,9.0,-1.0,eb0482,0.0482,tier0,1,9.6,1,0.43,20000,0.9573,0.0427,0.2004,5.916,0.1335,1.374,2.527,0.2492,0.2364,7,0.4953,8,0.0993,0,1,0
g3scan,rq4graded,9.0,-1.0,eb0482,0.0482,tier0,1,9.6,1,0.44,20000,0.9573,0.0427,0.2244,5.7,0.1364,1.392,2.4784,0.2433,0.2307,7,0.4844,8,0.0966,0,1,0
g3scan,rq4graded,9.0,-1.0,eb0482,0.0482,tier0,1,9.6,1,0.45,20000,0.9573,0.0427,0.2487,5.493,0.1381,1.403,2.4429,0.2375,0.2253,7,0.4737,8,0.094,0,1,0
g3scan,rq4graded,9.0,-1.0,eb0482,0.0482,tier0,1,9.6,1,0.46,20000,0.9573,0.0427,0.2703,5.3,0.1431,1.471,2.3968,0.2325,0.2203,7,0.464,8,0.0916,0,1,0
g3scan,rq4graded,9.0,-1.0,eb0482,0.0482,tier0,1,9.6,1,0.47,20000,0.9573,0.0427,0.2926,5.115,0.1451,1.475,2.3647,0.2276,0.2156,7,0.4552,8,0.0894,0,1,0
g3scan,rq4graded,9.0,-1.0,eb0482,0.0482,tier0,1,9.6,1,0.48,20000,0.9573,0.0427,0.3135,4.941,0.1484,1.54,2.3325,0.223,0.2111,7,0.4468,8,0.0874,0,1,0
g3scan,rq4graded,9.0,-1.0,eb0482,0.0482,tier0,1,9.6,1,0.49,20000,0.9573,0.0427,0.3339,4.776,0.1496,1.534,2.3047,0.2187,0.2069,7,0.4383,8,0.0853,0,1,0
g3scan,rq4graded,9.0,-1.0,eb0482,0.0482,tier0,1,9.6,1,0.5,20000,0.9573,0.0427,0.3541,4.615,0.1505,1.556,2.281,0.2142,0.2025,7,0.4296,8,0.0835,0,1,0
g3scan,rq4graded,9.0,-1.0,eb0482,0.0482,tier0,1,9.6,1,0.51,20000,0.9573,0.0427,0.3743,4.463,0.1502,1.508,2.2683,0.2099,0.1985,7,0.4213,8,0.0817,0,1,0
g3scan,rq4graded,9.0,-1.0,eb0482,0.0482,tier0,1,9.6,1,0.52,20000,0.9573,0.0427,0.3931,4.318,0.1494,1.491,2.2515,0.206,0.1948,7,0.4134,8,0.08,0,0,0
g3scan,rq4graded,9.0,-1.0,eb0482,0.0482,tier0,1,12.8,1,0.17,20000,0.9573,0.0427,0.0,12.751,0.0,nan,7.8712,0.9084,0.9079,2,0.8995,8,nan,0,0,0
g3scan,rq4graded,9.0,-1.0,eb0482,0.0482,tier0,1,12.8,1,0.18,20000,0.9573,0.0427,0.0,12.275,0.0,nan,7.3951,0.798,0.7971,3,0.8319,8,nan,0,0,0
g3scan,rq4graded,9.0,-1.0,eb0482,0.0482,tier0,1,12.8,1,0.19,20000,0.9573,0.0427,0.0,11.793,0.0,nan,6.9158,0.7001,0.6983,4,0.7728,8,nan,0,0,0
g3scan,rq4graded,9.0,-1.0,eb0482,0.0482,tier0,1,12.8,1,0.2,20000,0.9573,0.0427,0.0,11.317,0.0,nan,6.447,0.6133,0.6099,5,0.7225,8,nan,0,0,0
g3scan,rq4graded,9.0,-1.0,eb0482,0.0482,tier0,1,12.8,1,0.21,20000,0.9573,0.0427,0.0,10.84,0.0,nan,5.9733,0.5608,0.5572,5,0.6781,8,nan,0,0,0
g3scan,rq4graded,9.0,-1.0,eb0482,0.0482,tier0,1,12.8,1,0.22,20000,0.9573,0.0427,0.0,10.361,0.0,0.0,5.4972,0.4917,0.4852,6,0.6379,8,nan,0,0,0
g3scan,rq4graded,9.0,-1.0,eb0482,0.0482,tier0,1,12.8,1,0.23,20000,0.9573,0.0427,0.0,9.886,0.0001,0.065,5.0243,0.4288,0.4172,7,0.6023,8,nan,0,0,0
g3scan,rq4graded,9.0,-1.0,eb0482,0.0482,tier0,1,12.8,1,0.24,20000,0.9573,0.0427,0.0,9.41,0.0002,0.034,4.5528,0.3982,0.3866,7,0.5703,8,nan,0,0,0
g3scan,rq4graded,9.0,-1.0,eb0482,0.0482,tier0,1,12.8,1,0.25,20000,0.9573,0.0427,0.0,8.944,0.0011,0.07,4.0942,0.3724,0.3613,7,0.5416,8,0.1812,0,0,0
g3scan,rq4graded,9.0,-1.0,eb0482,0.0482,tier0,1,12.8,1,0.26,20000,0.9573,0.0427,0.0001,8.484,0.006,0.173,3.6406,0.3493,0.3385,7,0.516,8,0.1656,0,0,0
g3scan,rq4graded,9.0,-1.0,eb0482,0.0482,tier0,1,12.8,1,0.27,20000,0.9573,0.0427,0.0004,8.03,0.0169,0.294,3.193,0.3288,0.3182,7,0.492,8,0.1569,0,0,0
g3scan,rq4graded,9.0,-1.0,eb0482,0.0482,tier0,1,12.8,1,0.28,20000,0.9573,0.0427,0.0019,7.595,0.0364,0.468,2.7765,0.3109,0.3005,7,0.4708,8,0.1474,0,0,0
g3scan,rq4graded,9.0,-1.0,eb0482,0.0482,tier0,1,12.8,1,0.29,20000,0.9573,0.0427,0.0072,7.171,0.0625,0.674,2.3977,0.2947,0.2846,7,0.4511,8,0.1384,0,0,0
g3scan,rq4graded,9.0,-1.0,eb0482,0.0482,tier0,1,12.8,1,0.3,20000,0.9573,0.0427,0.0181,6.762,0.0888,0.859,2.0711,0.2803,0.2703,7,0.4317,8,0.1308,0,1,0
g3scan,rq4graded,9.0,-1.0,eb0482,0.0482,tier0,1,12.8,1,0.31,20000,0.9573,0.0427,0.0369,6.371,0.1145,1.041,1.8115,0.2672,0.2575,7,0.4152,8,0.1236,0,1,0
g3scan,rq4graded,9.0,-1.0,eb0482,0.0482,tier0,1,12.8,1,0.32,20000,0.9573,0.0427,0.0643,5.997,0.1332,1.169,1.616,0.2554,0.2459,7,0.3998,8,0.1171,0,1,0
g3scan,rq4graded,9.0,-1.0,eb0482,0.0482,tier0,1,12.8,1,0.33,20000,0.9573,0.0427,0.0961,5.643,0.1504,1.3,1.4602,0.2449,0.2355,7,0.3856,8,0.111,0,1,0
g3scan,rq4graded,9.0,-1.0,eb0482,0.0482,tier0,1,12.8,1,0.34,20000,0.9573,0.0427,0.1326,5.309,0.1616,1.349,1.3502,0.2352,0.2259,7,0.3723,8,0.1057,0,1,0
g3scan,rq4graded,9.0,-1.0,eb0482,0.0482,tier0,1,12.8,1,0.35,20000,0.9573,0.0427,0.171,4.996,0.1705,1.404,1.2691,0.2261,0.2171,7,0.36,8,0.1008,0,1,0
g3scan,rq4graded,9.0,-1.0,eb0482,0.0482,tier0,1,12.8,1,0.36,20000,0.9573,0.0427,0.2087,4.704,0.1775,1.44,1.2011,0.2177,0.2089,7,0.3474,8,0.0966,0,1,0
g3scan,rq4graded,9.0,-1.0,eb0482,0.0482,tier0,1,12.8,1,0.37,20000,0.9573,0.0427,0.2478,4.43,0.1843,1.522,1.1539,0.2102,0.2015,7,0.3377,8,0.0922,0,1,0
g3scan,rq4graded,9.0,-1.0,eb0482,0.0482,tier0,1,12.8,1,0.38,20000,0.9573,0.0427,0.2835,4.18,0.1896,1.566,1.1129,0.203,0.1944,7,0.329,8,0.0887,0,0,0
g3scan,rq4graded,9.0,-1.0,eb0482,0.0482,tier0,1,12.8,1,0.39,20000,0.9573,0.0427,0.3182,3.943,0.193,1.568,1.0776,0.1963,0.1879,7,0.3201,8,0.0854,1,0,0
g3scan,rq4graded,9.0,-1.0,eb0482,0.0482,tier0,1,12.8,1,0.4,20000,0.9573,0.0427,0.3518,3.725,0.1952,1.568,1.0532,0.1901,0.1819,7,0.3122,8,0.0822,1,0,0
g3scan,rq4graded,9.0,-1.0,eb0482,0.0482,tier0,1,12.8,1,0.41,20000,0.9573,0.0427,0.3854,3.522,0.194,1.54,1.0507,0.1843,0.1763,7,0.3055,8,0.0793,1,0,0
g3scan,rq4graded,9.0,-1.0,eb0482,0.0482,tier0,1,12.8,1,0.42,20000,0.9573,0.0427,0.4152,3.331,0.1974,1.583,1.0278,0.1786,0.1708,7,0.2982,8,0.0764,1,0,0
g3scan,rq4graded,9.0,-1.0,eb0482,0.0482,tier0,1,12.8,1,0.43,20000,0.9573,0.0427,0.4425,3.157,0.2001,1.603,1.0037,0.1732,0.1657,7,0.2943,8,0.0739,1,0,0
g3scan,rq4graded,9.0,-1.0,eb0482,0.0482,tier0,1,12.8,1,0.44,20000,0.9573,0.0427,0.4696,2.991,0.2007,1.612,0.9973,0.1684,0.161,7,0.2897,8,0.0714,1,0,0
g3scan,rq4graded,9.0,-1.0,eb0482,0.0482,tier0,1,12.8,1,0.45,20000,0.9573,0.0427,0.4937,2.841,0.2022,1.649,0.9855,0.1637,0.1565,7,0.2854,8,0.0693,1,0,0
g3scan,rq4graded,9.0,-1.0,eb0482,0.0482,tier0,1,12.8,1,0.46,20000,0.9573,0.0427,0.5165,2.696,0.2055,1.698,0.9659,0.1591,0.1521,7,0.2798,8,0.0672,1,0,0
g3scan,rq4graded,9.0,-1.0,eb0482,0.0482,tier0,1,12.8,1,0.47,20000,0.9573,0.0427,0.5393,2.562,0.2046,1.672,0.9679,0.1551,0.1482,7,0.2624,7,0.0653,1,0,0
g3scan,rq4graded,9.0,-1.0,eb0482,0.0482,tier0,1,12.8,1,0.48,20000,0.9573,0.0427,0.5604,2.436,0.2026,1.593,0.9631,0.1513,0.1445,7,0.2576,7,0.0633,1,0,0
g3scan,rq4graded,9.0,-1.0,eb0482,0.0482,tier0,1,12.8,1,0.49,20000,0.9573,0.0427,0.5797,2.32,0.2011,1.538,0.9532,0.1477,0.141,7,0.253,7,0.0616,1,0,0
g3scan,rq4graded,9.0,-1.0,eb0482,0.0482,tier0,1,12.8,1,0.5,20000,0.9573,0.0427,0.5977,2.212,0.2019,1.524,0.9423,0.1441,0.1376,7,0.2491,7,0.06,1,0,0
g3scan,rq4graded,9.0,-1.0,eb0482,0.0482,tier0,1,12.8,1,0.51,20000,0.9573,0.0427,0.6155,2.107,0.2011,1.508,0.9468,0.1405,0.1342,7,0.2453,7,0.0584,1,0,0
g3scan,rq4graded,9.0,-1.0,eb0482,0.0482,tier0,1,12.8,1,0.52,20000,0.9573,0.0427,0.6315,2.008,0.2064,1.592,0.9354,0.1372,0.131,7,0.2411,7,0.0568,1,0,0
g3scan,rq4graded,9.0,-1.0,eb1168,0.11675778353879479,tier0,0,2.4,0,0.17,20000,0.6136,0.3864,0.0,20.442,0.0,nan,15.5529,nan,nan,0,3.3944,1,nan,0,0,0
g3scan,rq4graded,9.0,-1.0,eb1168,0.11675778353879479,tier0,0,2.4,0,0.18,20000,0.6136,0.3864,0.0,20.396,0.0,nan,15.5078,nan,nan,0,3.3574,1,nan,0,0,0
g3scan,rq4graded,9.0,-1.0,eb1168,0.11675778353879479,tier0,0,2.4,0,0.19,20000,0.6136,0.3864,0.0,20.351,0.0,nan,15.4624,nan,nan,0,3.3803,2,nan,0,0,0
g3scan,rq4graded,9.0,-1.0,eb1168,0.11675778353879479,tier0,0,2.4,0,0.2,20000,0.6136,0.3864,0.0,20.305,0.0,nan,15.4164,nan,nan,0,3.3057,2,nan,0,0,0
g3scan,rq4graded,9.0,-1.0,eb1168,0.11675778353879479,tier0,0,2.4,0,0.21,20000,0.6136,0.3864,0.0,20.26,0.0,nan,15.3709,nan,nan,0,3.24,2,nan,0,0,0
g3scan,rq4graded,9.0,-1.0,eb1168,0.11675778353879479,tier0,0,2.4,0,0.22,20000,0.6136,0.3864,0.0,20.213,0.0,nan,15.3243,nan,nan,0,3.1845,2,nan,0,0,0
g3scan,rq4graded,9.0,-1.0,eb1168,0.11675778353879479,tier0,0,2.4,0,0.23,20000,0.6136,0.3864,0.0,20.167,0.0,nan,15.2786,nan,nan,0,3.1201,3,nan,0,0,0
g3scan,rq4graded,9.0,-1.0,eb1168,0.11675778353879479,tier0,0,2.4,0,0.24,20000,0.6136,0.3864,0.0,20.124,0.0,nan,15.235,nan,nan,0,3.0852,3,nan,0,0,0
g3scan,rq4graded,9.0,-1.0,eb1168,0.11675778353879479,tier0,0,2.4,0,0.25,20000,0.6136,0.3864,0.0,20.077,0.0,nan,15.1881,nan,nan,0,3.0246,3,nan,0,0,0
g3scan,rq4graded,9.0,-1.0,eb1168,0.11675778353879479,tier0,0,2.4,0,0.26,20000,0.6136,0.3864,0.0,20.031,0.0,nan,15.1426,nan,nan,0,2.9896,3,nan,0,0,0
g3scan,rq4graded,9.0,-1.0,eb1168,0.11675778353879479,tier0,0,2.4,0,0.27,20000,0.6136,0.3864,0.0,19.986,0.0,nan,15.0976,nan,nan,0,2.9348,3,nan,0,0,0
g3scan,rq4graded,9.0,-1.0,eb1168,0.11675778353879479,tier0,0,2.4,0,0.28,20000,0.6136,0.3864,0.0,19.942,0.0,nan,15.0529,nan,nan,0,2.8689,4,nan,0,0,0
g3scan,rq4graded,9.0,-1.0,eb1168,0.11675778353879479,tier0,0,2.4,0,0.29,20000,0.6136,0.3864,0.0,19.896,0.0,nan,15.0078,nan,nan,0,2.8275,4,nan,0,0,0
g3scan,rq4graded,9.0,-1.0,eb1168,0.11675778353879479,tier0,0,2.4,0,0.3,20000,0.6136,0.3864,0.0,19.85,0.0,nan,14.9616,nan,nan,0,2.7955,4,nan,0,0,0
g3scan,rq4graded,9.0,-1.0,eb1168,0.11675778353879479,tier0,0,2.4,0,0.31,20000,0.6136,0.3864,0.0,19.806,0.0,nan,14.9169,nan,nan,0,2.7639,4,nan,0,0,0
g3scan,rq4graded,9.0,-1.0,eb1168,0.11675778353879479,tier0,0,2.4,0,0.32,20000,0.6136,0.3864,0.0,19.762,0.0,nan,14.8733,nan,nan,0,2.7268,4,nan,0,0,0
g3scan,rq4graded,9.0,-1.0,eb1168,0.11675778353879479,tier0,0,2.4,0,0.33,20000,0.6136,0.3864,0.0,19.718,0.0,nan,14.8294,nan,nan,0,2.613,5,nan,0,0,0
g3scan,rq4graded,9.0,-1.0,eb1168,0.11675778353879479,tier0,0,2.4,0,0.34,20000,0.6136,0.3864,0.0,19.673,0.0,nan,14.7842,nan,nan,0,2.5852,5,nan,0,0,0
g3scan,rq4graded,9.0,-1.0,eb1168,0.11675778353879479,tier0,0,2.4,0,0.35,20000,0.6136,0.3864,0.0,19.628,0.0,nan,14.7397,nan,nan,0,2.5617,5,nan,0,0,0
g3scan,rq4graded,9.0,-1.0,eb1168,0.11675778353879479,tier0,0,2.4,0,0.36,20000,0.6136,0.3864,0.0,19.58,0.0,nan,14.6917,nan,nan,0,2.525,5,nan,0,0,0
g3scan,rq4graded,9.0,-1.0,eb1168,0.11675778353879479,tier0,0,2.4,0,0.37,20000,0.6136,0.3864,0.0,19.535,0.0,nan,14.6468,nan,nan,0,2.5044,5,nan,0,0,0
g3scan,rq4graded,9.0,-1.0,eb1168,0.11675778353879479,tier0,0,2.4,0,0.38,20000,0.6136,0.3864,0.0,19.493,0.0,nan,14.604,nan,nan,0,2.488,5,nan,0,0,0
g3scan,rq4graded,9.0,-1.0,eb1168,0.11675778353879479,tier0,0,2.4,0,0.39,20000,0.6136,0.3864,0.0,19.451,0.0,nan,14.5624,nan,nan,0,2.375,6,nan,0,0,0
g3scan,rq4graded,9.0,-1.0,eb1168,0.11675778353879479,tier0,0,2.4,0,0.4,20000,0.6136,0.3864,0.0,19.404,0.0,nan,14.5157,nan,nan,0,2.3602,6,nan,0,0,0
g3scan,rq4graded,9.0,-1.0,eb1168,0.11675778353879479,tier0,0,2.4,0,0.41,20000,0.6136,0.3864,0.0,19.363,0.0,nan,14.474,nan,nan,0,2.3387,6,nan,0,0,0
g3scan,rq4graded,9.0,-1.0,eb1168,0.11675778353879479,tier0,0,2.4,0,0.42,20000,0.6136,0.3864,0.0,19.319,0.0,nan,14.4307,nan,nan,0,2.3198,6,nan,0,0,0
g3scan,rq4graded,9.0,-1.0,eb1168,0.11675778353879479,tier0,0,2.4,0,0.43,20000,0.6136,0.3864,0.0,19.275,0.0,nan,14.3865,nan,nan,0,2.2081,7,nan,0,0,0
g3scan,rq4graded,9.0,-1.0,eb1168,0.11675778353879479,tier0,0,2.4,0,0.44,20000,0.6136,0.3864,0.0,19.231,0.0,nan,14.3425,nan,nan,0,2.1888,7,nan,0,0,0
g3scan,rq4graded,9.0,-1.0,eb1168,0.11675778353879479,tier0,0,2.4,0,0.45,20000,0.6136,0.3864,0.0,19.187,0.0,nan,14.2986,nan,nan,0,2.173,7,nan,0,0,0
g3scan,rq4graded,9.0,-1.0,eb1168,0.11675778353879479,tier0,0,2.4,0,0.46,20000,0.6136,0.3864,0.0,19.145,0.0,nan,14.2566,nan,nan,0,2.1579,7,nan,0,0,0
g3scan,rq4graded,9.0,-1.0,eb1168,0.11675778353879479,tier0,0,2.4,0,0.47,20000,0.6136,0.3864,0.0,19.1,0.0,nan,14.2118,nan,nan,0,2.1425,7,nan,0,0,0
g3scan,rq4graded,9.0,-1.0,eb1168,0.11675778353879479,tier0,0,2.4,0,0.48,20000,0.6136,0.3864,0.0,19.057,0.0,nan,14.1683,nan,nan,0,2.0337,8,nan,0,0,0
g3scan,rq4graded,9.0,-1.0,eb1168,0.11675778353879479,tier0,0,2.4,0,0.49,20000,0.6136,0.3864,0.0,19.013,0.0,nan,14.1241,nan,nan,0,2.0178,8,nan,0,0,0
g3scan,rq4graded,9.0,-1.0,eb1168,0.11675778353879479,tier0,0,2.4,0,0.5,20000,0.6136,0.3864,0.0,18.971,0.0,nan,14.0819,nan,nan,0,2.0051,8,nan,0,0,0
g3scan,rq4graded,9.0,-1.0,eb1168,0.11675778353879479,tier0,0,2.4,0,0.51,20000,0.6136,0.3864,0.0,18.928,0.0,nan,14.0397,nan,nan,0,1.9939,8,nan,0,0,0
g3scan,rq4graded,9.0,-1.0,eb1168,0.11675778353879479,tier0,0,2.4,0,0.52,20000,0.6136,0.3864,0.0,18.882,0.0,nan,13.9937,nan,nan,0,1.9796,8,nan,0,0,0
g3scan,rq4graded,9.0,-1.0,eb1168,0.11675778353879479,tier0,0,3.2,0,0.17,20000,0.6136,0.3864,0.0,19.581,0.0,nan,14.6926,nan,nan,0,2.9523,3,nan,0,0,0
g3scan,rq4graded,9.0,-1.0,eb1168,0.11675778353879479,tier0,0,3.2,0,0.18,20000,0.6136,0.3864,0.0,19.487,0.0,nan,14.5984,nan,nan,0,2.8705,3,nan,0,0,0
g3scan,rq4graded,9.0,-1.0,eb1168,0.11675778353879479,tier0,0,3.2,0,0.19,20000,0.6136,0.3864,0.0,19.391,0.0,nan,14.502,nan,nan,0,2.7993,4,nan,0,0,0
g3scan,rq4graded,9.0,-1.0,eb1168,0.11675778353879479,tier0,0,3.2,0,0.2,20000,0.6136,0.3864,0.0,19.297,0.0,nan,14.4082,nan,nan,0,2.7206,4,nan,0,0,0
g3scan,rq4graded,9.0,-1.0,eb1168,0.11675778353879479,tier0,0,3.2,0,0.21,20000,0.6136,0.3864,0.0,19.202,0.0,nan,14.3132,nan,nan,0,2.6584,4,nan,0,0,0
g3scan,rq4graded,9.0,-1.0,eb1168,0.11675778353879479,tier0,0,3.2,0,0.22,20000,0.6136,0.3864,0.0,19.107,0.0,nan,14.2188,nan,nan,0,2.55,5,nan,0,0,0
g3scan,rq4graded,9.0,-1.0,eb1168,0.11675778353879479,tier0,0,3.2,0,0.23,20000,0.6136,0.3864,0.0,19.016,0.0,nan,14.1271,nan,nan,0,2.4908,5,nan,0,0,0
g3scan,rq4graded,9.0,-1.0,eb1168,0.11675778353879479,tier0,0,3.2,0,0.24,20000,0.6136,0.3864,0.0,18.92,0.0,nan,14.0316,nan,nan,0,2.4409,5,nan,0,0,0
g3scan,rq4graded,9.0,-1.0,eb1168,0.11675778353879479,tier0,0,3.2,0,0.25,20000,0.6136,0.3864,0.0,18.826,0.0,nan,13.9369,nan,nan,0,2.3318,6,nan,0,0,0
g3scan,rq4graded,9.0,-1.0,eb1168,0.11675778353879479,tier0,0,3.2,0,0.26,20000,0.6136,0.3864,0.0,18.729,0.0,nan,13.8408,nan,nan,0,2.2864,6,nan,0,0,0
g3scan,rq4graded,9.0,-1.0,eb1168,0.11675778353879479,tier0,0,3.2,0,0.27,20000,0.6136,0.3864,0.0,18.638,0.0,nan,13.7495,nan,nan,0,2.2466,6,nan,0,0,0
g3scan,rq4graded,9.0,-1.0,eb1168,0.11675778353879479,tier0,0,3.2,0,0.28,20000,0.6136,0.3864,0.0,18.546,0.0,nan,13.6577,nan,nan,0,2.2131,6,nan,0,0,0
g3scan,rq4graded,9.0,-1.0,eb1168,0.11675778353879479,tier0,0,3.2,0,0.29,20000,0.6136,0.3864,0.0,18.458,0.0,nan,13.5698,nan,nan,0,2.1042,7,nan,0,0,0
g3scan,rq4graded,9.0,-1.0,eb1168,0.11675778353879479,tier0,0,3.2,0,0.3,20000,0.6136,0.3864,0.0,18.365,0.0,nan,13.4768,nan,nan,0,2.0705,7,nan,0,0,0
g3scan,rq4graded,9.0,-1.0,eb1168,0.11675778353879479,tier0,0,3.2,0,0.31,20000,0.6136,0.3864,0.0,18.272,0.0,nan,13.3832,nan,nan,0,2.0383,7,nan,0,0,0
g3scan,rq4graded,9.0,-1.0,eb1168,0.11675778353879479,tier0,0,3.2,0,0.32,20000,0.6136,0.3864,0.0,18.182,0.0,nan,13.2934,nan,nan,0,1.9336,8,nan,0,0,0
g3scan,rq4graded,9.0,-1.0,eb1168,0.11675778353879479,tier0,0,3.2,0,0.33,20000,0.6136,0.3864,0.0,18.091,0.0,nan,13.202,nan,nan,0,1.9093,8,nan,0,0,0
g3scan,rq4graded,9.0,-1.0,eb1168,0.11675778353879479,tier0,0,3.2,0,0.34,20000,0.6136,0.3864,0.0,18.002,0.0,nan,13.1134,nan,nan,0,1.8814,8,nan,0,0,0
g3scan,rq4graded,9.0,-1.0,eb1168,0.11675778353879479,tier0,0,3.2,0,0.35,20000,0.6136,0.3864,0.0,17.911,0.0,nan,13.0223,nan,nan,0,1.8582,8,nan,0,0,0
g3scan,rq4graded,9.0,-1.0,eb1168,0.11675778353879479,tier0,0,3.2,0,0.36,20000,0.6136,0.3864,0.0,17.817,0.0,nan,12.9285,nan,nan,0,1.8356,8,nan,0,0,0
g3scan,rq4graded,9.0,-1.0,eb1168,0.11675778353879479,tier0,0,3.2,0,0.37,20000,0.6136,0.3864,0.0,17.728,0.0,nan,12.8391,nan,nan,0,1.8157,8,nan,0,0,0
g3scan,rq4graded,9.0,-1.0,eb1168,0.11675778353879479,tier0,0,3.2,0,0.38,20000,0.6136,0.3864,0.0,17.638,0.0,nan,12.7493,0.9825,0.9825,1,1.7939,8,nan,0,0,0
g3scan,rq4graded,9.0,-1.0,eb1168,0.11675778353879479,tier0,0,3.2,0,0.39,20000,0.6136,0.3864,0.0,17.55,0.0,nan,12.6613,0.9665,0.9665,1,1.7741,8,nan,0,0,0
g3scan,rq4graded,9.0,-1.0,eb1168,0.11675778353879479,tier0,0,3.2,0,0.4,20000,0.6136,0.3864,0.0,17.46,0.0,nan,12.5714,0.9377,0.9377,1,1.7541,8,nan,0,0,0
g3scan,rq4graded,9.0,-1.0,eb1168,0.11675778353879479,tier0,0,3.2,0,0.41,20000,0.6136,0.3864,0.0,17.371,0.0,0.0,12.482,0.8604,0.8578,2,1.7367,8,nan,0,0,0
g3scan,rq4graded,9.0,-1.0,eb1168,0.11675778353879479,tier0,0,3.2,0,0.42,20000,0.6136,0.3864,0.0,17.279,0.0,0.0,12.3906,0.8497,0.847,2,1.7173,8,nan,0,0,0
g3scan,rq4graded,9.0,-1.0,eb1168,0.11675778353879479,tier0,0,3.2,0,0.43,20000,0.6136,0.3864,0.0,17.19,0.0,0.0,12.3014,0.8464,0.8431,2,1.6994,8,nan,0,0,0
g3scan,rq4graded,9.0,-1.0,eb1168,0.11675778353879479,tier0,0,3.2,0,0.44,20000,0.6136,0.3864,0.0,17.104,0.0001,1.0,12.2155,0.8391,0.8357,2,1.6824,8,nan,0,0,0
g3scan,rq4graded,9.0,-1.0,eb1168,0.11675778353879479,tier0,0,3.2,0,0.45,20000,0.6136,0.3864,0.0,17.013,0.0001,3.0,12.1247,0.7711,0.7641,3,1.6646,8,nan,0,0,0
g3scan,rq4graded,9.0,-1.0,eb1168,0.11675778353879479,tier0,0,3.2,0,0.46,20000,0.6136,0.3864,0.0,16.927,0.0001,3.0,12.0381,0.7663,0.7596,3,1.6494,8,nan,0,0,0
g3scan,rq4graded,9.0,-1.0,eb1168,0.11675778353879479,tier0,0,3.2,0,0.47,20000,0.6136,0.3864,0.0,16.838,0.0002,nan,11.9489,0.7622,0.7554,3,1.6338,8,nan,0,0,0
g3scan,rq4graded,9.0,-1.0,eb1168,0.11675778353879479,tier0,0,3.2,0,0.48,20000,0.6136,0.3864,0.0,16.745,0.0002,2.0,11.8559,0.6971,0.6842,4,1.6171,8,nan,0,0,0
g3scan,rq4graded,9.0,-1.0,eb1168,0.11675778353879479,tier0,0,3.2,0,0.49,20000,0.6136,0.3864,0.0001,16.658,0.0001,0.667,11.7707,0.6954,0.6827,4,1.603,8,nan,0,0,0
g3scan,rq4graded,9.0,-1.0,eb1168,0.11675778353879479,tier0,0,3.2,0,0.5,20000,0.6136,0.3864,0.0001,16.574,0.0,0.167,11.6871,0.69,0.6777,4,1.5902,8,nan,0,0,0
g3scan,rq4graded,9.0,-1.0,eb1168,0.11675778353879479,tier0,0,3.2,0,0.51,20000,0.6136,0.3864,0.0001,16.485,0.0001,0.25,11.5983,0.6309,0.6108,5,1.5765,8,nan,0,0,0
g3scan,rq4graded,9.0,-1.0,eb1168,0.11675778353879479,tier0,0,3.2,0,0.52,20000,0.6136,0.3864,0.0002,16.397,0.0001,0.333,11.5107,0.6278,0.6085,5,1.5636,8,nan,0,0,0
g3scan,rq4graded,9.0,-1.0,eb1168,0.11675778353879479,tier0,0,4.8,0,0.17,20000,0.6136,0.3864,0.0,17.67,0.0,nan,12.7818,nan,nan,0,2.1553,6,nan,0,0,0
g3scan,rq4graded,9.0,-1.0,eb1168,0.11675778353879479,tier0,0,4.8,0,0.18,20000,0.6136,0.3864,0.0,17.474,0.0,nan,12.5857,nan,nan,0,2.0718,6,nan,0,0,0
g3scan,rq4graded,9.0,-1.0,eb1168,0.11675778353879479,tier0,0,4.8,0,0.19,20000,0.6136,0.3864,0.0,17.281,0.0,nan,12.3923,nan,nan,0,1.96,7,nan,0,0,0
g3scan,rq4graded,9.0,-1.0,eb1168,0.11675778353879479,tier0,0,4.8,0,0.2,20000,0.6136,0.3864,0.0,17.083,0.0,nan,12.1948,nan,nan,0,1.8884,7,nan,0,0,0
g3scan,rq4graded,9.0,-1.0,eb1168,0.11675778353879479,tier0,0,4.8,0,0.21,20000,0.6136,0.3864,0.0,16.888,0.0,nan,11.9995,nan,nan,0,1.7845,8,nan,0,0,0
g3scan,rq4graded,9.0,-1.0,eb1168,0.11675778353879479,tier0,0,4.8,0,0.22,20000,0.6136,0.3864,0.0,16.697,0.0,nan,11.808,nan,nan,0,1.7279,8,nan,0,0,0
g3scan,rq4graded,9.0,-1.0,eb1168,0.11675778353879479,tier0,0,4.8,0,0.23,20000,0.6136,0.3864,0.0,16.502,0.0,nan,11.6138,nan,nan,0,1.6794,8,nan,0,0,0
g3scan,rq4graded,9.0,-1.0,eb1168,0.11675778353879479,tier0,0,4.8,0,0.24,20000,0.6136,0.3864,0.0,16.305,0.0,nan,11.4168,nan,nan,0,1.6347,8,nan,0,0,0
g3scan,rq4graded,9.0,-1.0,eb1168,0.11675778353879479,tier0,0,4.8,0,0.25,20000,0.6136,0.3864,0.0,16.115,0.0,nan,11.2265,1.0151,1.0151,1,1.5945,8,nan,0,0,0
g3scan,rq4graded,9.0,-1.0,eb1168,0.11675778353879479,tier0,0,4.8,0,0.26,20000,0.6136,0.3864,0.0,15.923,0.0,nan,11.0345,0.9718,0.9718,1,1.554,8,nan,0,0,0
g3scan,rq4graded,9.0,-1.0,eb1168,0.11675778353879479,tier0,0,4.8,0,0.27,20000,0.6136,0.3864,0.0,15.731,0.0,nan,10.8428,0.8815,0.8801,2,1.5182,8,nan,0,0,0
g3scan,rq4graded,9.0,-1.0,eb1168,0.11675778353879479,tier0,0,4.8,0,0.28,20000,0.6136,0.3864,0.0,15.538,0.0,nan,10.6491,0.8567,0.8547,2,1.4823,8,nan,0,0,0
g3scan,rq4graded,9.0,-1.0,eb1168,0.11675778353879479,tier0,0,4.8,0,0.29,20000,0.6136,0.3864,0.0,15.347,0.0,nan,10.4581,0.8317,0.8288,2,1.4488,8,nan,0,0,0
g3scan,rq4graded,9.0,-1.0,eb1168,0.11675778353879479,tier0,0,4.8,0,0.3,20000,0.6136,0.3864,0.0,15.155,0.0,nan,10.2666,0.7699,0.7646,3,1.4181,8,nan,0,0,0
g3scan,rq4graded,9.0,-1.0,eb1168,0.11675778353879479,tier0,0,4.8,0,0.31,20000,0.6136,0.3864,0.0,14.964,0.0,0.0,10.0758,0.7495,0.7434,3,1.3908,8,nan,0,0,0
g3scan,rq4graded,9.0,-1.0,eb1168,0.11675778353879479,tier0,0,4.8,0,0.32,20000,0.6136,0.3864,0.0,14.773,0.0,0.0,9.8856,0.6885,0.6787,4,1.3631,8,nan,0,0,0
g3scan,rq4graded,9.0,-1.0,eb1168,0.11675778353879479,tier0,0,4.8,0,0.33,20000,0.6136,0.3864,0.0,14.581,0.0001,1.0,9.6949,0.6722,0.6623,4,1.3369,8,nan,0,0,0
g3scan,rq4graded,9.0,-1.0,eb1168,0.11675778353879479,tier0,0,4.8,0,0.34,20000,0.6136,0.3864,0.0,14.392,0.0001,1.0,9.5072,0.6125,0.5972,5,1.3133,8,nan,0,0,0
g3scan,rq4graded,9.0,-1.0,eb1168,0.11675778353879479,tier0,0,4.8,0,0.35,20000,0.6136,0.3864,0.0,14.197,0.0002,0.667,9.3126,0.5588,0.5367,6,1.2895,8,nan,0,0,0
g3scan,rq4graded,9.0,-1.0,eb1168,0.11675778353879479,tier0,0,4.8,0,0.36,20000,0.6136,0.3864,0.0,14.006,0.0002,0.333,9.1226,0.5472,0.5249,6,1.2677,8,nan,0,0,0
g3scan,rq4graded,9.0,-1.0,eb1168,0.11675778353879479,tier0,0,4.8,0,0.37,20000,0.6136,0.3864,0.0001,13.817,0.0002,0.222,8.935,0.5371,0.5153,6,1.2459,8,nan,0,0,0
g3scan,rq4graded,9.0,-1.0,eb1168,0.11675778353879479,tier0,0,4.8,0,0.38,20000,0.6136,0.3864,0.0001,13.626,0.0003,0.364,8.7452,0.4848,0.4525,7,1.2252,8,nan,0,0,0
g3scan,rq4graded,9.0,-1.0,eb1168,0.11675778353879479,tier0,0,4.8,0,0.39,20000,0.6136,0.3864,0.0002,13.434,0.0005,0.316,8.5541,0.476,0.4443,7,1.2057,8,nan,0,0,0
g3scan,rq4graded,9.0,-1.0,eb1168,0.11675778353879479,tier0,0,4.8,0,0.4,20000,0.6136,0.3864,0.0002,13.245,0.0009,0.368,8.3651,0.468,0.4364,7,1.1872,8,0.1626,0,0,0
g3scan,rq4graded,9.0,-1.0,eb1168,0.11675778353879479,tier0,0,4.8,0,0.41,20000,0.6136,0.3864,0.0003,13.054,0.0011,0.299,8.1765,0.461,0.4296,7,1.1703,8,0.1605,0,0,0
g3scan,rq4graded,9.0,-1.0,eb1168,0.11675778353879479,tier0,0,4.8,0,0.42,20000,0.6136,0.3864,0.0004,12.865,0.0017,0.376,7.9892,0.4541,0.4235,7,1.1534,8,0.155,0,0,0
g3scan,rq4graded,9.0,-1.0,eb1168,0.11675778353879479,tier0,0,4.8,0,0.43,20000,0.6136,0.3864,0.0006,12.678,0.0024,0.382,7.8055,0.4472,0.4171,7,1.1371,8,0.151,0,0,0
g3scan,rq4graded,9.0,-1.0,eb1168,0.11675778353879479,tier0,0,4.8,0,0.44,20000,0.6136,0.3864,0.0009,12.488,0.0037,0.514,7.6192,0.4398,0.4102,7,1.1219,8,0.1482,0,0,0
g3scan,rq4graded,9.0,-1.0,eb1168,0.11675778353879479,tier0,0,4.8,0,0.45,20000,0.6136,0.3864,0.0012,12.301,0.0047,0.509,7.4357,0.4334,0.4043,7,1.1059,8,0.1468,0,0,0
g3scan,rq4graded,9.0,-1.0,eb1168,0.11675778353879479,tier0,0,4.8,0,0.46,20000,0.6136,0.3864,0.0016,12.118,0.0066,0.641,7.2573,0.4271,0.3985,7,1.0917,8,0.1451,0,0,0
g3scan,rq4graded,9.0,-1.0,eb1168,0.11675778353879479,tier0,0,4.8,0,0.47,20000,0.6136,0.3864,0.0024,11.932,0.008,0.638,7.0837,0.4207,0.3924,7,1.0785,8,0.1432,0,0,0
g3scan,rq4graded,9.0,-1.0,eb1168,0.11675778353879479,tier0,0,4.8,0,0.48,20000,0.6136,0.3864,0.0034,11.747,0.0098,0.708,6.9121,0.4145,0.3868,7,1.0652,8,0.1422,0,0,0
g3scan,rq4graded,9.0,-1.0,eb1168,0.11675778353879479,tier0,0,4.8,0,0.49,20000,0.6136,0.3864,0.0047,11.563,0.0115,0.722,6.7455,0.409,0.3814,7,1.0525,8,0.1412,0,0,0
g3scan,rq4graded,9.0,-1.0,eb1168,0.11675778353879479,tier0,0,4.8,0,0.5,20000,0.6136,0.3864,0.0059,11.382,0.014,0.779,6.5789,0.4031,0.3759,7,1.0413,8,0.1394,0,0,0
g3scan,rq4graded,9.0,-1.0,eb1168,0.11675778353879479,tier0,0,4.8,0,0.51,20000,0.6136,0.3864,0.0081,11.199,0.0157,0.788,6.4214,0.3974,0.3704,7,1.0297,8,0.1381,0,0,0
g3scan,rq4graded,9.0,-1.0,eb1168,0.11675778353879479,tier0,0,4.8,0,0.52,20000,0.6136,0.3864,0.0103,11.023,0.0174,0.75,6.2708,0.3927,0.3659,7,1.0194,8,0.1361,0,0,0
g3scan,rq4graded,9.0,-1.0,eb1168,0.11675778353879479,tier0,0,6.4,0,0.17,20000,0.6136,0.3864,0.0,15.977,0.0,nan,11.0951,nan,nan,0,1.6544,8,nan,0,0,0
g3scan,rq4graded,9.0,-1.0,eb1168,0.11675778353879479,tier0,0,6.4,0,0.18,20000,0.6136,0.3864,0.0,15.69,0.0,nan,10.8087,nan,nan,0,1.5752,8,nan,0,0,0
g3scan,rq4graded,9.0,-1.0,eb1168,0.11675778353879479,tier0,0,6.4,0,0.19,20000,0.6136,0.3864,0.0,15.397,0.0,nan,10.5167,nan,nan,0,1.5054,8,nan,0,0,0
g3scan,rq4graded,9.0,-1.0,eb1168,0.11675778353879479,tier0,0,6.4,0,0.2,20000,0.6136,0.3864,0.0,15.108,0.0,nan,10.2287,nan,nan,0,1.4428,8,nan,0,0,0
g3scan,rq4graded,9.0,-1.0,eb1168,0.11675778353879479,tier0,0,6.4,0,0.21,20000,0.6136,0.3864,0.0,14.821,0.0,nan,9.9414,0.9809,0.9809,1,1.386,8,nan,0,0,0
g3scan,rq4graded,9.0,-1.0,eb1168,0.11675778353879479,tier0,0,6.4,0,0.22,20000,0.6136,0.3864,0.0,14.532,0.0,nan,9.6556,0.8894,0.8885,2,1.3322,8,nan,0,0,0
g3scan,rq4graded,9.0,-1.0,eb1168,0.11675778353879479,tier0,0,6.4,0,0.23,20000,0.6136,0.3864,0.0,14.244,0.0,nan,9.3742,0.8464,0.8445,2,1.2838,8,nan,0,0,0
g3scan,rq4graded,9.0,-1.0,eb1168,0.11675778353879479,tier0,0,6.4,0,0.24,20000,0.6136,0.3864,0.0,13.955,0.0,nan,9.0895,0.7742,0.7702,3,1.2402,8,nan,0,0,0
g3scan,rq4graded,9.0,-1.0,eb1168,0.11675778353879479,tier0,0,6.4,0,0.25,20000,0.6136,0.3864,0.0,13.665,0.0,nan,8.8008,0.7438,0.7388,3,1.1997,8,nan,0,0,0
g3scan,rq4graded,9.0,-1.0,eb1168,0.11675778353879479,tier0,0,6.4,0,0.26,20000,0.6136,0.3864,0.0,13.374,0.0,nan,8.5115,0.6754,0.6681,4,1.1643,8,nan,0,0,0
g3scan,rq4graded,9.0,-1.0,eb1168,0.11675778353879479,tier0,0,6.4,0,0.27,20000,0.6136,0.3864,0.0,13.089,0.0,0.0,8.2275,0.6137,0.6024,5,1.132,8,nan,0,0,0
g3scan,rq4graded,9.0,-1.0,eb1168,0.11675778353879479,tier0,0,6.4,0,0.28,20000,0.6136,0.3864,0.0,12.802,0.0,0.0,7.9412,0.5912,0.5796,5,1.1004,8,nan,0,0,0
g3scan,rq4graded,9.0,-1.0,eb1168,0.11675778353879479,tier0,0,6.4,0,0.29,20000,0.6136,0.3864,0.0,12.512,0.0001,0.75,7.6572,0.5341,0.5169,6,1.0731,8,nan,0,0,0
g3scan,rq4graded,9.0,-1.0,eb1168,0.11675778353879479,tier0,0,6.4,0,0.3,20000,0.6136,0.3864,0.0,12.223,0.0002,0.333,7.3758,0.518,0.5002,6,1.0495,8,nan,0,0,0
g3scan,rq4graded,9.0,-1.0,eb1168,0.11675778353879479,tier0,0,6.4,0,0.31,20000,0.6136,0.3864,0.0,11.938,0.0002,0.25,7.0971,0.4655,0.4389,7,1.0292,8,nan,0,0,0
g3scan,rq4graded,9.0,-1.0,eb1168,0.11675778353879479,tier0,0,6.4,0,0.32,20000,0.6136,0.3864,0.0001,11.651,0.0004,0.208,6.816,0.4517,0.4253,7,1.0112,8,nan,0,0,0
g3scan,rq4graded,9.0,-1.0,eb1168,0.11675778353879479,tier0,0,6.4,0,0.33,20000,0.6136,0.3864,0.0002,11.361,0.0009,0.221,6.5302,0.4392,0.4135,7,0.995,8,0.1626,0,0,0
g3scan,rq4graded,9.0,-1.0,eb1168,0.11675778353879479,tier0,0,6.4,0,0.34,20000,0.6136,0.3864,0.0002,11.078,0.0015,0.222,6.2495,0.4278,0.4027,7,0.9824,8,0.1588,0,0,0
g3scan,rq4graded,9.0,-1.0,eb1168,0.11675778353879479,tier0,0,6.4,0,0.35,20000,0.6136,0.3864,0.0003,10.792,0.003,0.322,5.9673,0.4167,0.3927,7,0.9688,8,0.1515,0,0,0
g3scan,rq4graded,9.0,-1.0,eb1168,0.11675778353879479,tier0,0,6.4,0,0.36,20000,0.6136,0.3864,0.0007,10.509,0.005,0.385,5.6997,0.4065,0.383,7,0.9611,8,0.1481,0,0,0
g3scan,rq4graded,9.0,-1.0,eb1168,0.11675778353879479,tier0,0,6.4,0,0.37,20000,0.6136,0.3864,0.0012,10.231,0.0082,0.499,5.4364,0.3965,0.3738,7,0.9568,8,0.1448,0,0,0
g3scan,rq4graded,9.0,-1.0,eb1168,0.11675778353879479,tier0,0,6.4,0,0.38,20000,0.6136,0.3864,0.0021,9.953,0.012,0.587,5.1738,0.3871,0.3647,7,0.9509,8,0.1426,0,0,0
g3scan,rq4graded,9.0,-1.0,eb1168,0.11675778353879479,tier0,0,6.4,0,0.39,20000,0.6136,0.3864,0.0036,9.679,0.0157,0.614,4.9192,0.3786,0.3564,7,0.9444,8,0.1404,0,0,0
g3scan,rq4graded,9.0,-1.0,eb1168,0.11675778353879479,tier0,0,6.4,0,0.4,20000,0.6136,0.3864,0.0058,9.405,0.0203,0.643,4.6704,0.3703,0.3486,7,0.9374,8,0.1377,0,0,0
g3scan,rq4graded,9.0,-1.0,eb1168,0.11675778353879479,tier0,0,6.4,0,0.41,20000,0.6136,0.3864,0.0093,9.137,0.025,0.662,4.4438,0.3627,0.3413,7,0.9339,8,0.1345,0,0,0
g3scan,rq4graded,9.0,-1.0,eb1168,0.11675778353879479,tier0,0,6.4,0,0.42,20000,0.6136,0.3864,0.0132,8.871,0.0307,0.714,4.2252,0.3552,0.3344,7,0.9307,8,0.1307,0,0,0
g3scan,rq4graded,9.0,-1.0,eb1168,0.11675778353879479,tier0,0,6.4,0,0.43,20000,0.6136,0.3864,0.0175,8.612,0.0379,0.778,4.0145,0.3482,0.3275,7,0.9263,8,0.1281,0,0,0
g3scan,rq4graded,9.0,-1.0,eb1168,0.11675778353879479,tier0,0,6.4,0,0.44,20000,0.6136,0.3864,0.0239,8.356,0.0452,0.874,3.8201,0.3417,0.3211,7,0.924,8,0.1251,0,0,0
g3scan,rq4graded,9.0,-1.0,eb1168,0.11675778353879479,tier0,0,6.4,0,0.45,20000,0.6136,0.3864,0.0304,8.103,0.0514,0.893,3.6243,0.3352,0.3151,7,0.924,8,0.1228,0,0,0
g3scan,rq4graded,9.0,-1.0,eb1168,0.11675778353879479,tier0,0,6.4,0,0.46,20000,0.6136,0.3864,0.0384,7.853,0.0603,1.026,3.4421,0.3291,0.3094,7,0.9273,8,0.1201,0,0,0
g3scan,rq4graded,9.0,-1.0,eb1168,0.11675778353879479,tier0,0,6.4,0,0.47,20000,0.6136,0.3864,0.048,7.619,0.0657,1.054,3.2966,0.3237,0.3043,7,0.9247,8,0.1175,0,0,0
g3scan,rq4graded,9.0,-1.0,eb1168,0.11675778353879479,tier0,0,6.4,0,0.48,20000,0.6136,0.3864,0.0581,7.382,0.0722,1.087,3.1491,0.318,0.2987,7,0.9214,8,0.1159,0,0,0
g3scan,rq4graded,9.0,-1.0,eb1168,0.11675778353879479,tier0,0,6.4,0,0.49,20000,0.6136,0.3864,0.07,7.147,0.0775,1.1,3.0128,0.3129,0.2936,7,0.9205,8,0.1141,0,0,0
g3scan,rq4graded,9.0,-1.0,eb1168,0.11675778353879479,tier0,0,6.4,0,0.5,20000,0.6136,0.3864,0.0813,6.927,0.0828,1.099,2.8809,0.3078,0.2887,7,0.9241,8,0.1126,0,1,0
g3scan,rq4graded,9.0,-1.0,eb1168,0.11675778353879479,tier0,0,6.4,0,0.51,20000,0.6136,0.3864,0.0962,6.708,0.0864,1.116,2.7726,0.303,0.2842,7,0.9232,8,0.1105,0,1,0
g3scan,rq4graded,9.0,-1.0,eb1168,0.11675778353879479,tier0,0,6.4,0,0.52,20000,0.6136,0.3864,0.1089,6.491,0.0918,1.123,2.6567,0.2983,0.2797,7,0.924,8,0.1091,0,1,0
g3scan,rq4graded,9.0,-1.0,eb1168,0.11675778353879479,tier0,0,9.6,1,0.17,20000,0.6136,0.3864,0.0,13.363,0.0,nan,8.5379,1.0043,1.0043,1,1.1741,8,nan,0,0,0
g3scan,rq4graded,9.0,-1.0,eb1168,0.11675778353879479,tier0,0,9.6,1,0.18,20000,0.6136,0.3864,0.0,12.92,0.0,nan,8.1224,0.9199,0.9199,1,1.133,8,nan,0,0,0
g3scan,rq4graded,9.0,-1.0,eb1168,0.11675778353879479,tier0,0,9.6,1,0.19,20000,0.6136,0.3864,0.0,12.481,0.0,nan,7.6975,0.8241,0.8226,2,1.0975,8,nan,0,0,0
g3scan,rq4graded,9.0,-1.0,eb1168,0.11675778353879479,tier0,0,9.6,1,0.2,20000,0.6136,0.3864,0.0,12.039,0.0,nan,7.2619,0.7397,0.7376,3,1.0571,8,nan,0,0,0
g3scan,rq4graded,9.0,-1.0,eb1168,0.11675778353879479,tier0,0,9.6,1,0.21,20000,0.6136,0.3864,0.0,11.597,0.0,nan,6.8546,0.6601,0.6564,4,1.032,8,nan,0,0,0
g3scan,rq4graded,9.0,-1.0,eb1168,0.11675778353879479,tier0,0,9.6,1,0.22,20000,0.6136,0.3864,0.0,11.157,0.0,nan,6.4377,0.6199,0.6158,4,1.018,8,nan,0,0,0
g3scan,rq4graded,9.0,-1.0,eb1168,0.11675778353879479,tier0,0,9.6,1,0.23,20000,0.6136,0.3864,0.0,10.713,0.0,0.0,6.0077,0.5524,0.5452,5,0.9241,7,nan,0,0,0
g3scan,rq4graded,9.0,-1.0,eb1168,0.11675778353879479,tier0,0,9.6,1,0.24,20000,0.6136,0.3864,0.0,10.273,0.0,0.0,5.6141,0.4921,0.4811,6,0.9097,7,nan,0,0,0
g3scan,rq4graded,9.0,-1.0,eb1168,0.11675778353879479,tier0,0,9.6,1,0.25,20000,0.6136,0.3864,0.0,9.832,0.0001,0.2,5.2044,0.4656,0.4553,6,0.9012,7,nan,0,0,0
g3scan,rq4graded,9.0,-1.0,eb1168,0.11675778353879479,tier0,0,9.6,1,0.26,20000,0.6136,0.3864,0.0,9.392,0.0002,0.089,4.7943,0.4117,0.3946,7,0.8981,7,nan,0,0,0
g3scan,rq4graded,9.0,-1.0,eb1168,0.11675778353879479,tier0,0,9.6,1,0.27,20000,0.6136,0.3864,0.0,8.956,0.0007,0.108,4.4114,0.392,0.3754,7,0.8929,7,nan,0,0,0
g3scan,rq4graded,9.0,-1.0,eb1168,0.11675778353879479,tier0,0,9.6,1,0.28,20000,0.6136,0.3864,0.0001,8.519,0.0021,0.144,4.0163,0.3743,0.3585,7,0.7965,6,0.1576,0,0,0
g3scan,rq4graded,9.0,-1.0,eb1168,0.11675778353879479,tier0,0,9.6,1,0.29,20000,0.6136,0.3864,0.0002,8.093,0.006,0.243,3.6466,0.358,0.3429,7,0.7927,6,0.1496,0,0,0
g3scan,rq4graded,9.0,-1.0,eb1168,0.11675778353879479,tier0,0,9.6,1,0.3,20000,0.6136,0.3864,0.0007,7.67,0.0138,0.363,3.2828,0.3431,0.3282,7,0.8058,6,0.1435,0,0,0
g3scan,rq4graded,9.0,-1.0,eb1168,0.11675778353879479,tier0,0,9.6,1,0.31,20000,0.6136,0.3864,0.0021,7.259,0.024,0.45,2.9348,0.3295,0.315,7,0.804,6,0.1391,0,0,0
g3scan,rq4graded,9.0,-1.0,eb1168,0.11675778353879479,tier0,0,9.6,1,0.32,20000,0.6136,0.3864,0.0055,6.847,0.0377,0.538,2.6249,0.3171,0.3029,7,0.8148,6,0.133,0,1,0
g3scan,rq4graded,9.0,-1.0,eb1168,0.11675778353879479,tier0,0,9.6,1,0.33,20000,0.6136,0.3864,0.0119,6.452,0.0565,0.7,2.3322,0.3053,0.2915,7,0.7139,5,0.1278,0,1,0
g3scan,rq4graded,9.0,-1.0,eb1168,0.11675778353879479,tier0,0,9.6,1,0.34,20000,0.6136,0.3864,0.022,6.068,0.0756,0.828,2.1008,0.2947,0.2812,7,0.7331,5,0.1222,0,1,0
g3scan,rq4graded,9.0,-1.0,eb1168,0.11675778353879479,tier0,0,9.6,1,0.35,20000,0.6136,0.3864,0.0349,5.699,0.0947,0.923,1.8754,0.2845,0.2714,7,0.7349,5,0.118,0,1,0
g3scan,rq4graded,9.0,-1.0,eb1168,0.11675778353879479,tier0,0,9.6,1,0.36,20000,0.6136,0.3864,0.0533,5.343,0.1116,1.004,1.7152,0.275,0.2622,7,0.746,5,0.1145,0,1,0
g3scan,rq4graded,9.0,-1.0,eb1168,0.11675778353879479,tier0,0,9.6,1,0.37,20000,0.6136,0.3864,0.0755,4.998,0.1287,1.108,1.5716,0.266,0.2536,7,0.7585,5,0.1105,0,1,0
g3scan,rq4graded,9.0,-1.0,eb1168,0.11675778353879479,tier0,0,9.6,1,0.38,20000,0.6136,0.3864,0.1034,4.666,0.1426,1.172,1.4728,0.2576,0.2456,7,0.6638,4,0.1067,0,1,0
g3scan,rq4graded,9.0,-1.0,eb1168,0.11675778353879479,tier0,0,9.6,1,0.39,20000,0.6136,0.3864,0.1315,4.357,0.1566,1.239,1.3866,0.2498,0.2381,7,0.679,4,0.1029,0,0,0
g3scan,rq4graded,9.0,-1.0,eb1168,0.11675778353879479,tier0,0,9.6,1,0.4,20000,0.6136,0.3864,0.1614,4.06,0.1687,1.283,1.3192,0.2421,0.2309,7,0.6925,4,0.0994,0,0,0
g3scan,rq4graded,9.0,-1.0,eb1168,0.11675778353879479,tier0,0,9.6,1,0.41,20000,0.6136,0.3864,0.1934,3.781,0.1803,1.348,1.2845,0.2352,0.2244,7,0.7084,4,0.0962,0,0,0
g3scan,rq4graded,9.0,-1.0,eb1168,0.11675778353879479,tier0,0,9.6,1,0.42,20000,0.6136,0.3864,0.2268,3.514,0.1892,1.373,1.2466,0.2289,0.2183,7,0.7232,4,0.0933,0,0,0
g3scan,rq4graded,9.0,-1.0,eb1168,0.11675778353879479,tier0,0,9.6,1,0.43,20000,0.6136,0.3864,0.2602,3.264,0.1965,1.38,1.2418,0.2222,0.212,7,0.6511,3,0.0906,1,0,0
g3scan,rq4graded,9.0,-1.0,eb1168,0.11675778353879479,tier0,0,9.6,1,0.44,20000,0.6136,0.3864,0.2908,3.032,0.2071,1.433,1.2352,0.2158,0.206,7,0.6682,3,0.0885,1,0,0
g3scan,rq4graded,9.0,-1.0,eb1168,0.11675778353879479,tier0,0,9.6,1,0.45,20000,0.6136,0.3864,0.3233,2.812,0.2135,1.405,1.2418,0.2102,0.2007,7,0.6875,3,0.0862,1,0,0
g3scan,rq4graded,9.0,-1.0,eb1168,0.11675778353879479,tier0,0,9.6,1,0.46,20000,0.6136,0.3864,0.3549,2.605,0.2209,1.385,1.2637,0.2062,0.1964,7,0.7063,3,0.0841,1,0,0
g3scan,rq4graded,9.0,-1.0,eb1168,0.11675778353879479,tier0,0,9.6,1,0.47,20000,0.6136,0.3864,0.3866,2.41,0.2279,1.413,1.2956,0.2023,0.1922,7,0.7137,3,0.0817,1,0,0
g3scan,rq4graded,9.0,-1.0,eb1168,0.11675778353879479,tier0,0,9.6,1,0.48,20000,0.6136,0.3864,0.4153,2.232,0.2371,1.434,1.3332,0.1988,0.1885,7,0.6529,2,0.0799,1,0,0
g3scan,rq4graded,9.0,-1.0,eb1168,0.11675778353879479,tier0,0,9.6,1,0.49,20000,0.6136,0.3864,0.4433,2.063,0.2477,1.492,1.3852,0.1954,0.1848,7,0.66,2,0.078,1,0,0
g3scan,rq4graded,9.0,-1.0,eb1168,0.11675778353879479,tier0,0,9.6,1,0.5,20000,0.6136,0.3864,0.4705,1.904,0.2572,1.533,1.453,0.1924,0.1815,7,0.6612,2,0.0762,1,0,0
g3scan,rq4graded,9.0,-1.0,eb1168,0.11675778353879479,tier0,0,9.6,1,0.51,20000,0.6136,0.3864,0.4969,1.76,0.2652,1.552,1.5131,0.1912,0.1793,7,0.6655,2,0.0743,1,0,0
g3scan,rq4graded,9.0,-1.0,eb1168,0.11675778353879479,tier0,0,9.6,1,0.52,20000,0.6136,0.3864,0.5233,1.622,0.2731,1.561,1.5694,0.1902,0.1773,7,0.6684,2,0.0729,1,0,0
g3scan,rq4graded,9.0,-1.0,eb1168,0.11675778353879479,tier0,0,12.8,1,0.17,20000,0.6136,0.3864,0.0,11.528,0.0,nan,6.8813,0.8195,0.8187,2,0.9866,7,nan,0,0,0
g3scan,rq4graded,9.0,-1.0,eb1168,0.11675778353879479,tier0,0,12.8,1,0.18,20000,0.6136,0.3864,0.0,10.976,0.0,nan,6.3717,0.7232,0.7223,3,0.8813,6,nan,0,0,0
g3scan,rq4graded,9.0,-1.0,eb1168,0.11675778353879479,tier0,0,12.8,1,0.19,20000,0.6136,0.3864,0.0,10.427,0.0,nan,5.8828,0.6375,0.6356,4,0.8611,6,nan,0,0,0
g3scan,rq4graded,9.0,-1.0,eb1168,0.11675778353879479,tier0,0,12.8,1,0.2,20000,0.6136,0.3864,0.0,9.877,0.0,nan,5.3958,0.5807,0.5787,4,0.8406,6,nan,0,0,0
g3scan,rq4graded,9.0,-1.0,eb1168,0.11675778353879479,tier0,0,12.8,1,0.21,20000,0.6136,0.3864,0.0,9.329,0.0,nan,4.9206,0.511,0.5073,5,0.8379,6,nan,0,0,0
g3scan,rq4graded,9.0,-1.0,eb1168,0.11675778353879479,tier0,0,12.8,1,0.22,20000,0.6136,0.3864,0.0,8.782,0.0,0.0,4.4526,0.4485,0.4419,6,0.7426,5,nan,0,0,0
g3scan,rq4graded,9.0,-1.0,eb1168,0.11675778353879479,tier0,0,12.8,1,0.23,20000,0.6136,0.3864,0.0,8.233,0.0,0.038,3.9996,0.3914,0.3807,7,0.7422,5,nan,0,0,0
g3scan,rq4graded,9.0,-1.0,eb1168,0.11675778353879479,tier0,0,12.8,1,0.24,20000,0.6136,0.3864,0.0,7.689,0.0002,0.043,3.5471,0.3634,0.3525,7,0.7504,5,nan,0,0,0
g3scan,rq4graded,9.0,-1.0,eb1168,0.11675778353879479,tier0,0,12.8,1,0.25,20000,0.6136,0.3864,0.0,7.151,0.0013,0.068,3.1426,0.3402,0.3299,7,0.6542,4,0.165,0,0,0
g3scan,rq4graded,9.0,-1.0,eb1168,0.11675778353879479,tier0,0,12.8,1,0.26,20000,0.6136,0.3864,0.0002,6.619,0.0064,0.153,2.7336,0.3191,0.3092,7,0.6715,4,0.1496,0,1,0
g3scan,rq4graded,9.0,-1.0,eb1168,0.11675778353879479,tier0,0,12.8,1,0.27,20000,0.6136,0.3864,0.0005,6.107,0.0205,0.29,2.3758,0.2999,0.2904,7,0.686,4,0.1413,0,1,0
g3scan,rq4graded,9.0,-1.0,eb1168,0.11675778353879479,tier0,0,12.8,1,0.28,20000,0.6136,0.3864,0.0021,5.606,0.043,0.429,2.0569,0.2827,0.2738,7,0.6109,3,0.1336,0,1,0
g3scan,rq4graded,9.0,-1.0,eb1168,0.11675778353879479,tier0,0,12.8,1,0.29,20000,0.6136,0.3864,0.0085,5.127,0.0753,0.613,1.7859,0.2669,0.2584,7,0.6478,3,0.1263,0,1,0
g3scan,rq4graded,9.0,-1.0,eb1168,0.11675778353879479,tier0,0,12.8,1,0.3,20000,0.6136,0.3864,0.022,4.665,0.1127,0.813,1.5894,0.2528,0.2446,7,0.6626,3,0.1193,0,1,0
g3scan,rq4graded,9.0,-1.0,eb1168,0.11675778353879479,tier0,0,12.8,1,0.31,20000,0.6136,0.3864,0.0435,4.231,0.1489,0.993,1.4684,0.24,0.2321,7,0.6906,3,0.1136,0,0,0
g3scan,rq4graded,9.0,-1.0,eb1168,0.11675778353879479,tier0,0,12.8,1,0.32,20000,0.6136,0.3864,0.0764,3.814,0.181,1.134,1.417,0.2283,0.2208,7,0.6447,2,0.1075,0,0,0
g3scan,rq4graded,9.0,-1.0,eb1168,0.11675778353879479,tier0,0,12.8,1,0.33,20000,0.6136,0.3864,0.1196,3.425,0.2058,1.244,1.4249,0.2189,0.2113,7,0.6569,2,0.1021,1,0,0
g3scan,rq4graded,9.0,-1.0,eb1168,0.11675778353879479,tier0,0,12.8,1,0.34,20000,0.6136,0.3864,0.1664,3.065,0.2297,1.352,1.479,0.2113,0.2033,7,0.6676,2,0.0966,1,0,0
g3scan,rq4graded,9.0,-1.0,eb1168,0.11675778353879479,tier0,0,12.8,1,0.35,20000,0.6136,0.3864,0.2187,2.73,0.2489,1.412,1.5724,0.2048,0.1962,7,0.6091,1,0.0922,1,0,0
g3scan,rq4graded,9.0,-1.0,eb1168,0.11675778353879479,tier0,0,12.8,1,0.36,20000,0.6136,0.3864,0.2702,2.423,0.2658,1.42,1.6578,0.2016,0.1914,7,0.6198,1,0.0883,1,0,0
g3scan,rq4graded,9.0,-1.0,eb1168,0.11675778353879479,tier0,0,12.8,1,0.37,20000,0.6136,0.3864,0.3216,2.145,0.2825,1.467,1.7817,0.2023,0.1889,7,0.6209,1,0.0845,1,0,0
g3scan,rq4graded,9.0,-1.0,eb1168,0.11675778353879479,tier0,0,12.8,1,0.38,20000,0.6136,0.3864,0.3731,1.894,0.2982,1.51,1.8914,0.2038,0.1869,7,nan,0,0.0811,1,0,0
g3scan,rq4graded,9.0,-1.0,eb1168,0.11675778353879479,tier0,0,12.8,1,0.39,20000,0.6136,0.3864,0.4208,1.665,0.3177,1.577,2.0146,0.2051,0.1852,7,nan,0,0.078,0,0,0
g3scan,rq4graded,9.0,-1.0,eb1168,0.11675778353879479,tier0,0,12.8,1,0.4,20000,0.6136,0.3864,0.467,1.462,0.3338,1.616,2.1465,0.2086,0.1851,7,nan,0,0.075,0,0,0
g3scan,rq4graded,9.0,-1.0,eb1168,0.11675778353879479,tier0,0,12.8,1,0.41,20000,0.6136,0.3864,0.5116,1.278,0.3488,1.634,2.2723,0.2119,0.1851,7,nan,0,0.0723,0,0,0
g3scan,rq4graded,9.0,-1.0,eb1168,0.11675778353879479,tier0,0,12.8,1,0.42,20000,0.6136,0.3864,0.5538,1.115,0.3644,1.633,2.3892,0.2153,0.1856,7,nan,0,0.0696,0,0,0
g3scan,rq4graded,9.0,-1.0,eb1168,0.11675778353879479,tier0,0,12.8,1,0.43,20000,0.6136,0.3864,0.595,0.966,0.3797,1.638,2.5043,0.219,0.1871,7,nan,0,0.067,0,0,0
g3scan,rq4graded,9.0,-1.0,eb1168,0.11675778353879479,tier0,0,12.8,1,0.44,20000,0.6136,0.3864,0.6319,0.838,0.3967,1.628,2.6127,0.2214,0.1878,7,nan,0,0.0648,0,0,0
g3scan,rq4graded,9.0,-1.0,eb1168,0.11675778353879479,tier0,0,12.8,1,0.45,20000,0.6136,0.3864,0.6666,0.722,0.4159,1.642,2.7223,0.1913,0.166,6,nan,0,0.0623,0,0,0
g3scan,rq4graded,9.0,-1.0,eb1168,0.11675778353879479,tier0,0,12.8,1,0.46,20000,0.6136,0.3864,0.6989,0.62,0.4425,1.717,2.8303,0.1949,0.1681,6,nan,0,0.0598,0,0,0
g3scan,rq4graded,9.0,-1.0,eb1168,0.11675778353879479,tier0,0,12.8,1,0.47,20000,0.6136,0.3864,0.7294,0.532,0.4624,1.715,2.923,0.1969,0.1699,6,nan,0,0.0576,0,0,0
g3scan,rq4graded,9.0,-1.0,eb1168,0.11675778353879479,tier0,0,12.8,1,0.48,20000,0.6136,0.3864,0.7568,0.454,0.4941,1.832,3.0203,0.1713,0.1507,5,nan,0,0.0558,0,0,0
g3scan,rq4graded,9.0,-1.0,eb1168,0.11675778353879479,tier0,0,12.8,1,0.49,20000,0.6136,0.3864,0.7832,0.386,0.5242,1.921,3.1102,0.1751,0.1537,5,nan,0,0.0543,0,0,0
g3scan,rq4graded,9.0,-1.0,eb1168,0.11675778353879479,tier0,0,12.8,1,0.5,20000,0.6136,0.3864,0.8074,0.326,0.5579,2.038,3.1983,0.1772,0.1561,5,nan,0,0.0524,0,0,0
g3scan,rq4graded,9.0,-1.0,eb1168,0.11675778353879479,tier0,0,12.8,1,0.51,20000,0.6136,0.3864,0.8318,0.273,0.5858,2.142,3.2678,0.1822,0.1607,5,nan,0,0.0508,0,0,0
g3scan,rq4graded,9.0,-1.0,eb1168,0.11675778353879479,tier0,0,12.8,1,0.52,20000,0.6136,0.3864,0.8518,0.229,0.6267,2.444,3.3458,0.1563,0.1413,4,nan,0,0.0495,0,0,0
g3scan,rq4graded,9.0,-1.0,eb154,0.154,tier0,1,2.4,0,0.17,20000,0.4067,0.5934,0.0,20.272,0.0,nan,15.3835,nan,nan,0,3.2147,1,nan,0,0,0
g3scan,rq4graded,9.0,-1.0,eb154,0.154,tier0,1,2.4,0,0.18,20000,0.4067,0.5934,0.0,20.214,0.0,nan,15.3254,nan,nan,0,3.1538,1,nan,0,0,0
g3scan,rq4graded,9.0,-1.0,eb154,0.154,tier0,1,2.4,0,0.19,20000,0.4067,0.5934,0.0,20.153,0.0,nan,15.2641,nan,nan,0,3.1699,2,nan,0,0,0
g3scan,rq4graded,9.0,-1.0,eb154,0.154,tier0,1,2.4,0,0.2,20000,0.4067,0.5934,0.0,20.095,0.0,nan,15.2063,nan,nan,0,3.1196,2,nan,0,0,0
g3scan,rq4graded,9.0,-1.0,eb154,0.154,tier0,1,2.4,0,0.21,20000,0.4067,0.5934,0.0,20.037,0.0,nan,15.1479,nan,nan,0,3.0443,2,nan,0,0,0
g3scan,rq4graded,9.0,-1.0,eb154,0.154,tier0,1,2.4,0,0.22,20000,0.4067,0.5934,0.0,19.979,0.0,nan,15.09,nan,nan,0,3.0024,2,nan,0,0,0
g3scan,rq4graded,9.0,-1.0,eb154,0.154,tier0,1,2.4,0,0.23,20000,0.4067,0.5934,0.0,19.92,0.0,nan,15.0313,nan,nan,0,2.968,2,nan,0,0,0
g3scan,rq4graded,9.0,-1.0,eb154,0.154,tier0,1,2.4,0,0.24,20000,0.4067,0.5934,0.0,19.861,0.0,nan,14.972,nan,nan,0,2.928,3,nan,0,0,0
g3scan,rq4graded,9.0,-1.0,eb154,0.154,tier0,1,2.4,0,0.25,20000,0.4067,0.5934,0.0,19.802,0.0,nan,14.9133,nan,nan,0,2.8705,3,nan,0,0,0
g3scan,rq4graded,9.0,-1.0,eb154,0.154,tier0,1,2.4,0,0.26,20000,0.4067,0.5934,0.0,19.744,0.0,nan,14.8552,nan,nan,0,2.8341,3,nan,0,0,0
g3scan,rq4graded,9.0,-1.0,eb154,0.154,tier0,1,2.4,0,0.27,20000,0.4067,0.5934,0.0,19.687,0.0,nan,14.7982,nan,nan,0,2.7884,3,nan,0,0,0
g3scan,rq4graded,9.0,-1.0,eb154,0.154,tier0,1,2.4,0,0.28,20000,0.4067,0.5934,0.0,19.627,0.0,nan,14.7384,nan,nan,0,2.7183,4,nan,0,0,0
g3scan,rq4graded,9.0,-1.0,eb154,0.154,tier0,1,2.4,0,0.29,20000,0.4067,0.5934,0.0,19.571,0.0,nan,14.6819,nan,nan,0,2.6868,4,nan,0,0,0
g3scan,rq4graded,9.0,-1.0,eb154,0.154,tier0,1,2.4,0,0.3,20000,0.4067,0.5934,0.0,19.514,0.0,nan,14.6251,nan,nan,0,2.6562,4,nan,0,0,0
g3scan,rq4graded,9.0,-1.0,eb154,0.154,tier0,1,2.4,0,0.31,20000,0.4067,0.5934,0.0,19.455,0.0,nan,14.5665,nan,nan,0,2.6357,4,nan,0,0,0
g3scan,rq4graded,9.0,-1.0,eb154,0.154,tier0,1,2.4,0,0.32,20000,0.4067,0.5934,0.0,19.399,0.0,nan,14.5106,nan,nan,0,2.6043,4,nan,0,0,0
g3scan,rq4graded,9.0,-1.0,eb154,0.154,tier0,1,2.4,0,0.33,20000,0.4067,0.5934,0.0,19.344,0.0,nan,14.4553,nan,nan,0,2.5793,4,nan,0,0,0
g3scan,rq4graded,9.0,-1.0,eb154,0.154,tier0,1,2.4,0,0.34,20000,0.4067,0.5934,0.0,19.289,0.0,nan,14.4,nan,nan,0,2.5647,4,nan,0,0,0
g3scan,rq4graded,9.0,-1.0,eb154,0.154,tier0,1,2.4,0,0.35,20000,0.4067,0.5934,0.0,19.235,0.0,nan,14.346,nan,nan,0,2.4423,5,nan,0,0,0
g3scan,rq4graded,9.0,-1.0,eb154,0.154,tier0,1,2.4,0,0.36,20000,0.4067,0.5934,0.0,19.176,0.0,nan,14.2873,nan,nan,0,2.4258,5,nan,0,0,0
g3scan,rq4graded,9.0,-1.0,eb154,0.154,tier0,1,2.4,0,0.37,20000,0.4067,0.5934,0.0,19.116,0.0,nan,14.2269,nan,nan,0,2.3952,5,nan,0,0,0
g3scan,rq4graded,9.0,-1.0,eb154,0.154,tier0,1,2.4,0,0.38,20000,0.4067,0.5934,0.0,19.059,0.0,nan,14.17,nan,nan,0,2.3766,5,nan,0,0,0
g3scan,rq4graded,9.0,-1.0,eb154,0.154,tier0,1,2.4,0,0.39,20000,0.4067,0.5934,0.0,19.003,0.0,nan,14.1147,nan,nan,0,2.3667,5,nan,0,0,0
g3scan,rq4graded,9.0,-1.0,eb154,0.154,tier0,1,2.4,0,0.4,20000,0.4067,0.5934,0.0,18.948,0.0,nan,14.0592,nan,nan,0,2.2498,6,nan,0,0,0
g3scan,rq4graded,9.0,-1.0,eb154,0.154,tier0,1,2.4,0,0.41,20000,0.4067,0.5934,0.0,18.891,0.0,nan,14.0024,nan,nan,0,2.24,6,nan,0,0,0
g3scan,rq4graded,9.0,-1.0,eb154,0.154,tier0,1,2.4,0,0.42,20000,0.4067,0.5934,0.0,18.835,0.0,nan,13.9459,nan,nan,0,2.2239,6,nan,0,0,0
g3scan,rq4graded,9.0,-1.0,eb154,0.154,tier0,1,2.4,0,0.43,20000,0.4067,0.5934,0.0,18.78,0.0,nan,13.8915,nan,nan,0,2.2108,6,nan,0,0,0
g3scan,rq4graded,9.0,-1.0,eb154,0.154,tier0,1,2.4,0,0.44,20000,0.4067,0.5934,0.0,18.725,0.0,nan,13.8364,nan,nan,0,2.0961,7,nan,0,0,0
g3scan,rq4graded,9.0,-1.0,eb154,0.154,tier0,1,2.4,0,0.45,20000,0.4067,0.5934,0.0,18.668,0.0,nan,13.7793,nan,nan,0,2.0834,7,nan,0,0,0
g3scan,rq4graded,9.0,-1.0,eb154,0.154,tier0,1,2.4,0,0.46,20000,0.4067,0.5934,0.0,18.615,0.0,nan,13.7265,nan,nan,0,2.0721,7,nan,0,0,0
g3scan,rq4graded,9.0,-1.0,eb154,0.154,tier0,1,2.4,0,0.47,20000,0.4067,0.5934,0.0,18.561,0.0,nan,13.6721,nan,nan,0,2.0601,7,nan,0,0,0
g3scan,rq4graded,9.0,-1.0,eb154,0.154,tier0,1,2.4,0,0.48,20000,0.4067,0.5934,0.0,18.506,0.0,nan,13.6173,nan,nan,0,2.0474,7,nan,0,0,0
g3scan,rq4graded,9.0,-1.0,eb154,0.154,tier0,1,2.4,0,0.49,20000,0.4067,0.5934,0.0,18.455,0.0,nan,13.5664,nan,nan,0,1.9399,8,nan,0,0,0
g3scan,rq4graded,9.0,-1.0,eb154,0.154,tier0,1,2.4,0,0.5,20000,0.4067,0.5934,0.0,18.401,0.0,nan,13.512,nan,nan,0,1.9278,8,nan,0,0,0
g3scan,rq4graded,9.0,-1.0,eb154,0.154,tier0,1,2.4,0,0.51,20000,0.4067,0.5934,0.0,18.346,0.0,nan,13.4575,nan,nan,0,1.9172,8,nan,0,0,0
g3scan,rq4graded,9.0,-1.0,eb154,0.154,tier0,1,2.4,0,0.52,20000,0.4067,0.5934,0.0,18.291,0.0,nan,13.4023,nan,nan,0,1.9081,8,nan,0,0,0
g3scan,rq4graded,9.0,-1.0,eb154,0.154,tier0,1,3.2,0,0.17,20000,0.4067,0.5934,0.0,19.198,0.0,nan,14.3094,nan,nan,0,2.8026,3,nan,0,0,0
g3scan,rq4graded,9.0,-1.0,eb154,0.154,tier0,1,3.2,0,0.18,20000,0.4067,0.5934,0.0,19.084,0.0,nan,14.195,nan,nan,0,2.7345,3,nan,0,0,0
g3scan,rq4graded,9.0,-1.0,eb154,0.154,tier0,1,3.2,0,0.19,20000,0.4067,0.5934,0.0,18.971,0.0,nan,14.0822,nan,nan,0,2.6696,4,nan,0,0,0
g3scan,rq4graded,9.0,-1.0,eb154,0.154,tier0,1,3.2,0,0.2,20000,0.4067,0.5934,0.0,18.857,0.0,nan,13.9682,nan,nan,0,2.5971,4,nan,0,0,0
g3scan,rq4graded,9.0,-1.0,eb154,0.154,tier0,1,3.2,0,0.21,20000,0.4067,0.5934,0.0,18.748,0.0,nan,13.8594,nan,nan,0,2.5383,4,nan,0,0,0
g3scan,rq4graded,9.0,-1.0,eb154,0.154,tier0,1,3.2,0,0.22,20000,0.4067,0.5934,0.0,18.637,0.0,nan,13.7485,nan,nan,0,2.4356,5,nan,0,0,0
g3scan,rq4graded,9.0,-1.0,eb154,0.154,tier0,1,3.2,0,0.23,20000,0.4067,0.5934,0.0,18.53,0.0,nan,13.6416,nan,nan,0,2.3857,5,nan,0,0,0
g3scan,rq4graded,9.0,-1.0,eb154,0.154,tier0,1,3.2,0,0.24,20000,0.4067,0.5934,0.0,18.424,0.0,nan,13.5349,nan,nan,0,2.3497,5,nan,0,0,0
g3scan,rq4graded,9.0,-1.0,eb154,0.154,tier0,1,3.2,0,0.25,20000,0.4067,0.5934,0.0,18.317,0.0,nan,13.4285,nan,nan,0,2.236,6,nan,0,0,0
g3scan,rq4graded,9.0,-1.0,eb154,0.154,tier0,1,3.2,0,0.26,20000,0.4067,0.5934,0.0,18.207,0.0,nan,13.3184,nan,nan,0,2.1977,6,nan,0,0,0
g3scan,rq4graded,9.0,-1.0,eb154,0.154,tier0,1,3.2,0,0.27,20000,0.4067,0.5934,0.0,18.094,0.0,nan,13.2058,nan,nan,0,2.1666,6,nan,0,0,0
g3scan,rq4graded,9.0,-1.0,eb154,0.154,tier0,1,3.2,0,0.28,20000,0.4067,0.5934,0.0,17.987,0.0,nan,13.0988,nan,nan,0,2.1317,6,nan,0,0,0
g3scan,rq4graded,9.0,-1.0,eb154,0.154,tier0,1,3.2,0,0.29,20000,0.4067,0.5934,0.0,17.88,0.0,nan,12.9914,nan,nan,0,2.0274,7,nan,0,0,0
g3scan,rq4graded,9.0,-1.0,eb154,0.154,tier0,1,3.2,0,0.3,20000,0.4067,0.5934,0.0,17.774,0.0,nan,12.8849,nan,nan,0,2.0029,7,nan,0,0,0
g3scan,rq4graded,9.0,-1.0,eb154,0.154,tier0,1,3.2,0,0.31,20000,0.4067,0.5934,0.0,17.662,0.0,nan,12.7737,nan,nan,0,1.9718,7,nan,0,0,0
g3scan,rq4graded,9.0,-1.0,eb154,0.154,tier0,1,3.2,0,0.32,20000,0.4067,0.5934,0.0,17.555,0.0,nan,12.6666,nan,nan,0,1.9507,7,nan,0,0,0
g3scan,rq4graded,9.0,-1.0,eb154,0.154,tier0,1,3.2,0,0.33,20000,0.4067,0.5934,0.0,17.449,0.0,nan,12.5605,nan,nan,0,1.8475,8,nan,0,0,0
g3scan,rq4graded,9.0,-1.0,eb154,0.154,tier0,1,3.2,0,0.34,20000,0.4067,0.5934,0.0,17.34,0.0,nan,12.4515,nan,nan,0,1.8267,8,nan,0,0,0
g3scan,rq4graded,9.0,-1.0,eb154,0.154,tier0,1,3.2,0,0.35,20000,0.4067,0.5934,0.0,17.23,0.0,nan,12.3417,nan,nan,0,1.8073,8,nan,0,0,0
g3scan,rq4graded,9.0,-1.0,eb154,0.154,tier0,1,3.2,0,0.36,20000,0.4067,0.5934,0.0,17.123,0.0,nan,12.2348,nan,nan,0,1.7885,8,nan,0,0,0
g3scan,rq4graded,9.0,-1.0,eb154,0.154,tier0,1,3.2,0,0.37,20000,0.4067,0.5934,0.0,17.017,0.0,nan,12.1287,nan,nan,0,1.7713,8,nan,0,0,0
g3scan,rq4graded,9.0,-1.0,eb154,0.154,tier0,1,3.2,0,0.38,20000,0.4067,0.5934,0.0,16.911,0.0,nan,12.0228,nan,nan,0,1.7557,8,nan,0,0,0
g3scan,rq4graded,9.0,-1.0,eb154,0.154,tier0,1,3.2,0,0.39,20000,0.4067,0.5934,0.0,16.801,0.0,nan,11.9127,0.8889,0.8889,1,1.7374,8,nan,0,0,0
g3scan,rq4graded,9.0,-1.0,eb154,0.154,tier0,1,3.2,0,0.4,20000,0.4067,0.5934,0.0,16.696,0.0,nan,11.8075,0.8927,0.8927,1,1.7201,8,nan,0,0,0
g3scan,rq4graded,9.0,-1.0,eb154,0.154,tier0,1,3.2,0,0.41,20000,0.4067,0.5934,0.0,16.595,0.0,0.0,11.7063,0.8741,0.8741,1,1.7052,8,nan,0,0,0
g3scan,rq4graded,9.0,-1.0,eb154,0.154,tier0,1,3.2,0,0.42,20000,0.4067,0.5934,0.0,16.487,0.0,0.0,11.5982,0.7975,0.7947,2,1.691,8,nan,0,0,0
g3scan,rq4graded,9.0,-1.0,eb154,0.154,tier0,1,3.2,0,0.43,20000,0.4067,0.5934,0.0,16.378,0.0,0.0,11.4895,0.7931,0.7909,2,1.6761,8,nan,0,0,0
g3scan,rq4graded,9.0,-1.0,eb154,0.154,tier0,1,3.2,0,0.44,20000,0.4067,0.5934,0.0,16.271,0.0001,0.333,11.3826,0.7943,0.7906,2,1.6608,8,nan,0,0,0
g3scan,rq4graded,9.0,-1.0,eb154,0.154,tier0,1,3.2,0,0.45,20000,0.4067,0.5934,0.0,16.163,0.0001,1.0,11.2743,0.7864,0.7825,2,1.6469,8,nan,0,0,0
g3scan,rq4graded,9.0,-1.0,eb154,0.154,tier0,1,3.2,0,0.46,20000,0.4067,0.5934,0.0,16.064,0.0002,3.0,11.175,0.7219,0.7148,3,1.6337,8,nan,0,0,0
g3scan,rq4graded,9.0,-1.0,eb154,0.154,tier0,1,3.2,0,0.47,20000,0.4067,0.5934,0.0,15.96,0.0002,3.0,11.0713,0.7176,0.711,3,1.6204,8,nan,0,0,0
g3scan,rq4graded,9.0,-1.0,eb154,0.154,tier0,1,3.2,0,0.48,20000,0.4067,0.5934,0.0,15.846,0.0002,2.0,10.9573,0.7134,0.7067,3,1.6077,8,nan,0,0,0
g3scan,rq4graded,9.0,-1.0,eb154,0.154,tier0,1,3.2,0,0.49,20000,0.4067,0.5934,0.0001,15.74,0.0002,1.0,10.8518,0.6545,0.6419,4,1.5942,8,nan,0,0,0
g3scan,rq4graded,9.0,-1.0,eb154,0.154,tier0,1,3.2,0,0.5,20000,0.4067,0.5934,0.0002,15.634,0.0001,0.25,10.7485,0.6536,0.6413,4,1.5827,8,nan,0,0,0
g3scan,rq4graded,9.0,-1.0,eb154,0.154,tier0,1,3.2,0,0.51,20000,0.4067,0.5934,0.0002,15.529,0.0001,0.143,10.6437,0.6522,0.6398,4,1.5725,8,nan,0,0,0
g3scan,rq4graded,9.0,-1.0,eb154,0.154,tier0,1,3.2,0,0.52,20000,0.4067,0.5934,0.0002,15.428,0.0002,0.429,10.542,0.5919,0.5721,5,1.5623,8,nan,0,0,0
g3scan,rq4graded,9.0,-1.0,eb154,0.154,tier0,1,4.8,0,0.17,20000,0.4067,0.5934,0.0,17.129,0.0,nan,12.2403,nan,nan,0,2.0915,6,nan,0,0,0
g3scan,rq4graded,9.0,-1.0,eb154,0.154,tier0,1,4.8,0,0.18,20000,0.4067,0.5934,0.0,16.902,0.0,nan,12.0132,nan,nan,0,2.0163,6,nan,0,0,0
g3scan,rq4graded,9.0,-1.0,eb154,0.154,tier0,1,4.8,0,0.19,20000,0.4067,0.5934,0.0,16.677,0.0,nan,11.7887,nan,nan,0,1.9109,7,nan,0,0,0
g3scan,rq4graded,9.0,-1.0,eb154,0.154,tier0,1,4.8,0,0.2,20000,0.4067,0.5934,0.0,16.455,0.0,nan,11.5692,nan,nan,0,1.8515,7,nan,0,0,0
g3scan,rq4graded,9.0,-1.0,eb154,0.154,tier0,1,4.8,0,0.21,20000,0.4067,0.5934,0.0,16.229,0.0,nan,11.3439,nan,nan,0,1.7463,8,nan,0,0,0
g3scan,rq4graded,9.0,-1.0,eb154,0.154,tier0,1,4.8,0,0.22,20000,0.4067,0.5934,0.0,16.007,0.0,nan,11.1234,nan,nan,0,1.6996,8,nan,0,0,0
g3scan,rq4graded,9.0,-1.0,eb154,0.154,tier0,1,4.8,0,0.23,20000,0.4067,0.5934,0.0,15.785,0.0,nan,10.9025,nan,nan,0,1.6571,8,nan,0,0,0
g3scan,rq4graded,9.0,-1.0,eb154,0.154,tier0,1,4.8,0,0.24,20000,0.4067,0.5934,0.0,15.565,0.0,nan,10.6825,nan,nan,0,1.6214,8,nan,0,0,0
g3scan,rq4graded,9.0,-1.0,eb154,0.154,tier0,1,4.8,0,0.25,20000,0.4067,0.5934,0.0,15.34,0.0,nan,10.4592,0.9633,0.9633,1,1.5884,8,nan,0,0,0
g3scan,rq4graded,9.0,-1.0,eb154,0.154,tier0,1,4.8,0,0.26,20000,0.4067,0.5934,0.0,15.122,0.0,nan,10.2413,0.9001,0.9001,1,1.5548,8,nan,0,0,0
g3scan,rq4graded,9.0,-1.0,eb154,0.154,tier0,1,4.8,0,0.27,20000,0.4067,0.5934,0.0,14.895,0.0,nan,10.0146,0.8219,0.8208,2,1.5251,8,nan,0,0,0
g3scan,rq4graded,9.0,-1.0,eb154,0.154,tier0,1,4.8,0,0.28,20000,0.4067,0.5934,0.0,14.675,0.0,nan,9.7968,0.8055,0.8026,2,1.4957,8,nan,0,0,0
g3scan,rq4graded,9.0,-1.0,eb154,0.154,tier0,1,4.8,0,0.29,20000,0.4067,0.5934,0.0,14.454,0.0,nan,9.5784,0.7842,0.7809,2,1.4688,8,nan,0,0,0
g3scan,rq4graded,9.0,-1.0,eb154,0.154,tier0,1,4.8,0,0.3,20000,0.4067,0.5934,0.0,14.235,0.0,nan,9.3632,0.7236,0.7179,3,1.4461,8,nan,0,0,0
g3scan,rq4graded,9.0,-1.0,eb154,0.154,tier0,1,4.8,0,0.31,20000,0.4067,0.5934,0.0,14.011,0.0,0.0,9.142,0.7113,0.7045,3,1.4252,8,nan,0,0,0
g3scan,rq4graded,9.0,-1.0,eb154,0.154,tier0,1,4.8,0,0.32,20000,0.4067,0.5934,0.0,13.791,0.0,0.0,8.9241,0.6534,0.6431,4,1.4061,8,nan,0,0,0
g3scan,rq4graded,9.0,-1.0,eb154,0.154,tier0,1,4.8,0,0.33,20000,0.4067,0.5934,0.0,13.565,0.0001,0.333,8.7001,0.6405,0.63,4,1.3879,8,nan,0,0,0
g3scan,rq4graded,9.0,-1.0,eb154,0.154,tier0,1,4.8,0,0.34,20000,0.4067,0.5934,0.0,13.344,0.0002,1.5,8.4794,0.5824,0.5668,5,1.3717,8,nan,0,0,0
g3scan,rq4graded,9.0,-1.0,eb154,0.154,tier0,1,4.8,0,0.35,20000,0.4067,0.5934,0.0,13.124,0.0002,1.333,8.2604,0.5332,0.5115,6,1.3593,8,nan,0,0,0
g3scan,rq4graded,9.0,-1.0,eb154,0.154,tier0,1,4.8,0,0.36,20000,0.4067,0.5934,0.0,12.906,0.0002,0.444,8.0431,0.5226,0.4996,6,1.3481,8,nan,0,0,0
g3scan,rq4graded,9.0,-1.0,eb154,0.154,tier0,1,4.8,0,0.37,20000,0.4067,0.5934,0.0001,12.682,0.0002,0.286,7.8277,0.5145,0.4921,6,1.3378,8,nan,0,0,0
g3scan,rq4graded,9.0,-1.0,eb154,0.154,tier0,1,4.8,0,0.38,20000,0.4067,0.5934,0.0002,12.466,0.0003,0.227,7.6178,0.4647,0.4315,7,1.3306,8,nan,0,0,0
g3scan,rq4graded,9.0,-1.0,eb154,0.154,tier0,1,4.8,0,0.39,20000,0.4067,0.5934,0.0002,12.241,0.0007,0.393,7.3986,0.4567,0.4239,7,1.3201,8,nan,0,0,0
g3scan,rq4graded,9.0,-1.0,eb154,0.154,tier0,1,4.8,0,0.4,20000,0.4067,0.5934,0.0002,12.02,0.0011,0.439,7.1805,0.4502,0.4182,7,1.3121,8,nan,0,0,0
g3scan,rq4graded,9.0,-1.0,eb154,0.154,tier0,1,4.8,0,0.41,20000,0.4067,0.5934,0.0004,11.807,0.0014,0.354,6.9712,0.4435,0.4116,7,1.3077,8,0.1514,0,0,0
g3scan,rq4graded,9.0,-1.0,eb154,0.154,tier0,1,4.8,0,0.42,20000,0.4067,0.5934,0.0005,11.586,0.002,0.359,6.7543,0.4378,0.4066,7,1.3047,8,0.1457,0,0,0
g3scan,rq4graded,9.0,-1.0,eb154,0.154,tier0,1,4.8,0,0.43,20000,0.4067,0.5934,0.0008,11.362,0.003,0.393,6.5362,0.4324,0.4015,7,1.2991,8,0.1435,0,0,0
g3scan,rq4graded,9.0,-1.0,eb154,0.154,tier0,1,4.8,0,0.44,20000,0.4067,0.5934,0.0011,11.145,0.0042,0.42,6.3273,0.4275,0.3971,7,1.2962,8,0.1386,0,0,0
g3scan,rq4graded,9.0,-1.0,eb154,0.154,tier0,1,4.8,0,0.45,20000,0.4067,0.5934,0.0017,10.932,0.006,0.548,6.1278,0.4214,0.3913,7,1.2944,8,0.137,0,0,0
g3scan,rq4graded,9.0,-1.0,eb154,0.154,tier0,1,4.8,0,0.46,20000,0.4067,0.5934,0.002,10.714,0.0077,0.561,5.9197,0.4156,0.386,7,1.2899,8,0.1382,0,0,0
g3scan,rq4graded,9.0,-1.0,eb154,0.154,tier0,1,4.8,0,0.47,20000,0.4067,0.5934,0.003,10.505,0.0102,0.66,5.7258,0.4112,0.3819,7,1.288,8,0.1359,0,0,0
g3scan,rq4graded,9.0,-1.0,eb154,0.154,tier0,1,4.8,0,0.48,20000,0.4067,0.5934,0.0041,10.289,0.0124,0.666,5.5264,0.4063,0.3771,7,1.2847,8,0.1342,0,0,0
g3scan,rq4graded,9.0,-1.0,eb154,0.154,tier0,1,4.8,0,0.49,20000,0.4067,0.5934,0.0057,10.078,0.0149,0.742,5.3339,0.4013,0.3726,7,1.2818,8,0.1338,0,0,0
g3scan,rq4graded,9.0,-1.0,eb154,0.154,tier0,1,4.8,0,0.5,20000,0.4067,0.5934,0.0077,9.866,0.017,0.735,5.1459,0.3964,0.368,7,1.2781,8,0.1331,0,0,0
g3scan,rq4graded,9.0,-1.0,eb154,0.154,tier0,1,4.8,0,0.51,20000,0.4067,0.5934,0.0097,9.661,0.0204,0.804,4.9685,0.3921,0.3636,7,1.2804,8,0.1309,0,0,0
g3scan,rq4graded,9.0,-1.0,eb154,0.154,tier0,1,4.8,0,0.52,20000,0.4067,0.5934,0.0128,9.451,0.023,0.83,4.7975,0.3877,0.3593,7,1.2782,8,0.1306,0,0,0
g3scan,rq4graded,9.0,-1.0,eb154,0.154,tier0,1,6.4,0,0.17,20000,0.4067,0.5934,0.0,15.346,0.0,nan,10.4817,nan,nan,0,1.6833,7,nan,0,0,0
g3scan,rq4graded,9.0,-1.0,eb154,0.154,tier0,1,6.4,0,0.18,20000,0.4067,0.5934,0.0,15.018,0.0,nan,10.1555,nan,nan,0,1.5806,8,nan,0,0,0
g3scan,rq4graded,9.0,-1.0,eb154,0.154,tier0,1,6.4,0,0.19,20000,0.4067,0.5934,0.0,14.698,0.0,nan,9.8365,nan,nan,0,1.531,8,nan,0,0,0
g3scan,rq4graded,9.0,-1.0,eb154,0.154,tier0,1,6.4,0,0.2,20000,0.4067,0.5934,0.0,14.366,0.0,nan,9.5138,nan,nan,0,1.4889,8,nan,0,0,0
g3scan,rq4graded,9.0,-1.0,eb154,0.154,tier0,1,6.4,0,0.21,20000,0.4067,0.5934,0.0,14.041,0.0,nan,9.1991,0.9296,0.9296,1,1.4555,8,nan,0,0,0
g3scan,rq4graded,9.0,-1.0,eb154,0.154,tier0,1,6.4,0,0.22,20000,0.4067,0.5934,0.0,13.717,0.0,nan,8.8802,0.8761,0.8761,1,1.4268,8,nan,0,0,0
g3scan,rq4graded,9.0,-1.0,eb154,0.154,tier0,1,6.4,0,0.23,20000,0.4067,0.5934,0.0,13.391,0.0,nan,8.559,0.8003,0.7987,2,1.4048,8,nan,0,0,0
g3scan,rq4graded,9.0,-1.0,eb154,0.154,tier0,1,6.4,0,0.24,20000,0.4067,0.5934,0.0,13.068,0.0,nan,8.2383,0.7345,0.7302,3,1.3862,8,nan,0,0,0
g3scan,rq4graded,9.0,-1.0,eb154,0.154,tier0,1,6.4,0,0.25,20000,0.4067,0.5934,0.0,12.74,0.0,nan,7.9264,0.7068,0.7017,3,1.3681,8,nan,0,0,0
g3scan,rq4graded,9.0,-1.0,eb154,0.154,tier0,1,6.4,0,0.26,20000,0.4067,0.5934,0.0,12.418,0.0,nan,7.6173,0.6441,0.6367,4,1.3542,8,nan,0,0,0
g3scan,rq4graded,9.0,-1.0,eb154,0.154,tier0,1,6.4,0,0.27,20000,0.4067,0.5934,0.0,12.093,0.0,0.0,7.3014,0.6228,0.6146,4,1.3424,8,nan,0,0,0
g3scan,rq4graded,9.0,-1.0,eb154,0.154,tier0,1,6.4,0,0.28,20000,0.4067,0.5934,0.0,11.771,0.0,0.0,6.9848,0.5666,0.5539,5,1.3261,8,nan,0,0,0
g3scan,rq4graded,9.0,-1.0,eb154,0.154,tier0,1,6.4,0,0.29,20000,0.4067,0.5934,0.0,11.443,0.0002,0.75,6.6796,0.5114,0.493,6,1.3198,8,nan,0,0,0
g3scan,rq4graded,9.0,-1.0,eb154,0.154,tier0,1,6.4,0,0.3,20000,0.4067,0.5934,0.0,11.112,0.0002,0.364,6.3693,0.4976,0.4795,6,1.3115,8,nan,0,0,0
g3scan,rq4graded,9.0,-1.0,eb154,0.154,tier0,1,6.4,0,0.31,20000,0.4067,0.5934,0.0,10.797,0.0003,0.217,6.0655,0.448,0.4201,7,1.3094,8,nan,0,0,0
g3scan,rq4graded,9.0,-1.0,eb154,0.154,tier0,1,6.4,0,0.32,20000,0.4067,0.5934,0.0001,10.468,0.0006,0.225,5.7487,0.4366,0.4088,7,1.3036,8,nan,0,0,0
g3scan,rq4graded,9.0,-1.0,eb154,0.154,tier0,1,6.4,0,0.33,20000,0.4067,0.5934,0.0002,10.147,0.001,0.216,5.4581,0.4264,0.3989,7,1.2979,8,nan,0,0,0
g3scan,rq4graded,9.0,-1.0,eb154,0.154,tier0,1,6.4,0,0.34,20000,0.4067,0.5934,0.0002,9.823,0.0018,0.236,5.1604,0.417,0.3908,7,1.2059,7,0.1488,0,0,0
g3scan,rq4graded,9.0,-1.0,eb154,0.154,tier0,1,6.4,0,0.35,20000,0.4067,0.5934,0.0004,9.504,0.0034,0.28,4.8648,0.4078,0.3819,7,1.2048,7,0.1448,0,0,0
g3scan,rq4graded,9.0,-1.0,eb154,0.154,tier0,1,6.4,0,0.36,20000,0.4067,0.5934,0.0009,9.185,0.0063,0.384,4.5709,0.3991,0.3739,7,1.2071,7,0.1391,0,0,0
g3scan,rq4graded,9.0,-1.0,eb154,0.154,tier0,1,6.4,0,0.37,20000,0.4067,0.5934,0.0016,8.875,0.0102,0.469,4.3046,0.391,0.3662,7,1.2025,7,0.1371,0,0,0
g3scan,rq4graded,9.0,-1.0,eb154,0.154,tier0,1,6.4,0,0.38,20000,0.4067,0.5934,0.0025,8.56,0.0148,0.554,4.0277,0.3833,0.359,7,1.2032,7,0.1345,0,0,0
g3scan,rq4graded,9.0,-1.0,eb154,0.154,tier0,1,6.4,0,0.39,20000,0.4067,0.5934,0.0044,8.248,0.0201,0.614,3.7573,0.3755,0.3515,7,1.2056,7,0.1335,0,0,0
g3scan,rq4graded,9.0,-1.0,eb154,0.154,tier0,1,6.4,0,0.4,20000,0.4067,0.5934,0.0075,7.947,0.0263,0.66,3.5193,0.3689,0.345,7,1.2088,7,0.1312,0,0,0
g3scan,rq4graded,9.0,-1.0,eb154,0.154,tier0,1,6.4,0,0.41,20000,0.4067,0.5934,0.0113,7.647,0.0321,0.678,3.291,0.3624,0.3389,7,1.2098,7,0.129,0,0,0
g3scan,rq4graded,9.0,-1.0,eb154,0.154,tier0,1,6.4,0,0.42,20000,0.4067,0.5934,0.0164,7.35,0.0393,0.712,3.0653,0.3564,0.3333,7,1.1091,6,0.1258,0,0,0
g3scan,rq4graded,9.0,-1.0,eb154,0.154,tier0,1,6.4,0,0.43,20000,0.4067,0.5934,0.0228,7.063,0.047,0.752,2.8538,0.3504,0.3275,7,1.1136,6,0.1228,0,1,0
g3scan,rq4graded,9.0,-1.0,eb154,0.154,tier0,1,6.4,0,0.44,20000,0.4067,0.5934,0.0304,6.775,0.0564,0.808,2.6743,0.3449,0.3222,7,1.1155,6,0.1208,0,1,0
g3scan,rq4graded,9.0,-1.0,eb154,0.154,tier0,1,6.4,0,0.45,20000,0.4067,0.5934,0.0386,6.498,0.0675,0.912,2.4913,0.3395,0.3169,7,1.12,6,0.1189,0,1,0
g3scan,rq4graded,9.0,-1.0,eb154,0.154,tier0,1,6.4,0,0.46,20000,0.4067,0.5934,0.0486,6.225,0.0755,0.93,2.318,0.3349,0.3126,7,1.1276,6,0.1165,0,1,0
g3scan,rq4graded,9.0,-1.0,eb154,0.154,tier0,1,6.4,0,0.47,20000,0.4067,0.5934,0.0602,5.962,0.0869,1.033,2.1781,0.3304,0.3083,7,1.1285,6,0.1147,0,1,0
g3scan,rq4graded,9.0,-1.0,eb154,0.154,tier0,1,6.4,0,0.48,20000,0.4067,0.5934,0.0741,5.705,0.0952,1.078,2.0543,0.3258,0.3038,7,1.1319,6,0.1128,0,1,0
g3scan,rq4graded,9.0,-1.0,eb154,0.154,tier0,1,6.4,0,0.49,20000,0.4067,0.5934,0.0879,5.455,0.1035,1.09,1.9258,0.3213,0.2996,7,1.1365,6,0.111,0,1,0
g3scan,rq4graded,9.0,-1.0,eb154,0.154,tier0,1,6.4,0,0.5,20000,0.4067,0.5934,0.1046,5.211,0.1118,1.139,1.8282,0.3165,0.2951,7,1.0425,5,0.1095,0,1,0
g3scan,rq4graded,9.0,-1.0,eb154,0.154,tier0,1,6.4,0,0.51,20000,0.4067,0.5934,0.1201,4.977,0.1199,1.145,1.7383,0.3129,0.2915,7,1.0485,5,0.1084,0,1,0
g3scan,rq4graded,9.0,-1.0,eb154,0.154,tier0,1,6.4,0,0.52,20000,0.4067,0.5934,0.139,4.747,0.1249,1.119,1.657,0.3083,0.2874,7,1.0598,5,0.1071,0,1,0
g3scan,rq4graded,9.0,-1.0,eb154,0.154,tier0,1,9.6,1,0.17,20000,0.4067,0.5934,0.0,12.683,0.0,nan,7.9615,0.9498,0.9498,1,1.3294,7,nan,0,0,0
g3scan,rq4graded,9.0,-1.0,eb154,0.154,tier0,1,9.6,1,0.18,20000,0.4067,0.5934,0.0,12.196,0.0,nan,7.4909,0.8724,0.8724,1,1.2916,7,nan,0,0,0
g3scan,rq4graded,9.0,-1.0,eb154,0.154,tier0,1,9.6,1,0.19,20000,0.4067,0.5934,0.0,11.721,0.0,nan,7.0713,0.7788,0.7769,2,1.2671,7,nan,0,0,0
g3scan,rq4graded,9.0,-1.0,eb154,0.154,tier0,1,9.6,1,0.2,20000,0.4067,0.5934,0.0,11.234,0.0,nan,6.6203,0.7005,0.6977,3,1.2525,7,nan,0,0,0
g3scan,rq4graded,9.0,-1.0,eb154,0.154,tier0,1,9.6,1,0.21,20000,0.4067,0.5934,0.0,10.756,0.0,nan,6.1937,0.6307,0.6264,4,1.1463,6,nan,0,0,0
g3scan,rq4graded,9.0,-1.0,eb154,0.154,tier0,1,9.6,1,0.22,20000,0.4067,0.5934,0.0,10.271,0.0,nan,5.77,0.5949,0.5899,4,1.1358,6,nan,0,0,0
g3scan,rq4graded,9.0,-1.0,eb154,0.154,tier0,1,9.6,1,0.23,20000,0.4067,0.5934,0.0,9.791,0.0,0.0,5.3368,0.5336,0.5254,5,1.1301,6,nan,0,0,0
g3scan,rq4graded,9.0,-1.0,eb154,0.154,tier0,1,9.6,1,0.24,20000,0.4067,0.5934,0.0,9.313,0.0,0.0,4.9432,0.477,0.4645,6,1.128,6,nan,0,0,0
g3scan,rq4graded,9.0,-1.0,eb154,0.154,tier0,1,9.6,1,0.25,20000,0.4067,0.5934,0.0,8.83,0.0002,0.231,4.5168,0.4544,0.442,6,1.0274,5,nan,0,0,0
g3scan,rq4graded,9.0,-1.0,eb154,0.154,tier0,1,9.6,1,0.26,20000,0.4067,0.5934,0.0,8.353,0.0002,0.089,4.1457,0.4034,0.3837,7,1.0278,5,nan,0,0,0
g3scan,rq4graded,9.0,-1.0,eb154,0.154,tier0,1,9.6,1,0.27,20000,0.4067,0.5934,0.0,7.876,0.001,0.124,3.7436,0.3871,0.3679,7,1.035,5,nan,0,0,0
g3scan,rq4graded,9.0,-1.0,eb154,0.154,tier0,1,9.6,1,0.28,20000,0.4067,0.5934,0.0002,7.403,0.0025,0.13,3.3961,0.3723,0.3536,7,1.0401,5,0.1472,0,0,0
g3scan,rq4graded,9.0,-1.0,eb154,0.154,tier0,1,9.6,1,0.29,20000,0.4067,0.5934,0.0003,6.938,0.0076,0.24,3.0286,0.3591,0.3411,7,0.9491,4,0.1396,0,1,0
g3scan,rq4graded,9.0,-1.0,eb154,0.154,tier0,1,9.6,1,0.3,20000,0.4067,0.5934,0.001,6.48,0.0169,0.354,2.7179,0.3466,0.3287,7,0.9569,4,0.1353,0,1,0
g3scan,rq4graded,9.0,-1.0,eb154,0.154,tier0,1,9.6,1,0.31,20000,0.4067,0.5934,0.0025,6.026,0.0314,0.455,2.3995,0.3348,0.3173,7,0.9714,4,0.1323,0,1,0
g3scan,rq4graded,9.0,-1.0,eb154,0.154,tier0,1,9.6,1,0.32,20000,0.4067,0.5934,0.0071,5.594,0.0481,0.527,2.1598,0.3245,0.3073,7,0.9034,3,0.1275,0,1,0
g3scan,rq4graded,9.0,-1.0,eb154,0.154,tier0,1,9.6,1,0.33,20000,0.4067,0.5934,0.0154,5.174,0.0701,0.65,1.935,0.3151,0.298,7,0.9119,3,0.1229,0,1,0
g3scan,rq4graded,9.0,-1.0,eb154,0.154,tier0,1,9.6,1,0.34,20000,0.4067,0.5934,0.0268,4.767,0.0956,0.784,1.7669,0.3065,0.2896,7,0.9247,3,0.1187,0,1,0
g3scan,rq4graded,9.0,-1.0,eb154,0.154,tier0,1,9.6,1,0.35,20000,0.4067,0.5934,0.0446,4.376,0.1235,0.926,1.6451,0.2987,0.2819,7,0.9273,3,0.1144,0,0,0
g3scan,rq4graded,9.0,-1.0,eb154,0.154,tier0,1,9.6,1,0.36,20000,0.4067,0.5934,0.0669,4.0,0.1494,1.012,1.5503,0.2934,0.2758,7,0.8556,2,0.1117,0,0,0
g3scan,rq4graded,9.0,-1.0,eb154,0.154,tier0,1,9.6,1,0.37,20000,0.4067,0.5934,0.0973,3.648,0.1707,1.064,1.5381,0.2899,0.271,7,0.8553,2,0.1083,0,0,0
g3scan,rq4graded,9.0,-1.0,eb154,0.154,tier0,1,9.6,1,0.38,20000,0.4067,0.5934,0.1306,3.314,0.1945,1.175,1.5492,0.2886,0.2676,7,0.846,2,0.1056,1,0,0
g3scan,rq4graded,9.0,-1.0,eb154,0.154,tier0,1,9.6,1,0.39,20000,0.4067,0.5934,0.1691,2.999,0.2159,1.242,1.5933,0.2876,0.2649,7,0.8436,2,0.1026,1,0,0
g3scan,rq4graded,9.0,-1.0,eb154,0.154,tier0,1,9.6,1,0.4,20000,0.4067,0.5934,0.2089,2.703,0.2385,1.323,1.6825,0.29,0.2639,7,0.7611,1,0.0994,1,0,0
g3scan,rq4graded,9.0,-1.0,eb154,0.154,tier0,1,9.6,1,0.41,20000,0.4067,0.5934,0.2497,2.434,0.2551,1.314,1.761,0.2922,0.2633,7,0.7809,1,0.0967,1,0,0
g3scan,rq4graded,9.0,-1.0,eb154,0.154,tier0,1,9.6,1,0.42,20000,0.4067,0.5934,0.2927,2.182,0.2753,1.383,1.8734,0.294,0.2627,7,0.7722,1,0.094,1,0,0
g3scan,rq4graded,9.0,-1.0,eb154,0.154,tier0,1,9.6,1,0.43,20000,0.4067,0.5934,0.3387,1.948,0.2905,1.404,1.983,0.2966,0.263,7,0.7722,1,0.0918,1,0,0
g3scan,rq4graded,9.0,-1.0,eb154,0.154,tier0,1,9.6,1,0.44,20000,0.4067,0.5934,0.381,1.736,0.3118,1.477,2.085,0.2987,0.2631,7,nan,0,0.0898,0,0,0
g3scan,rq4graded,9.0,-1.0,eb154,0.154,tier0,1,9.6,1,0.45,20000,0.4067,0.5934,0.422,1.544,0.3315,1.513,2.2182,0.2984,0.2625,7,nan,0,0.0881,0,0,0
g3scan,rq4graded,9.0,-1.0,eb154,0.154,tier0,1,9.6,1,0.46,20000,0.4067,0.5934,0.4642,1.366,0.3481,1.53,2.3388,0.3018,0.2641,7,nan,0,0.0862,0,0,0
g3scan,rq4graded,9.0,-1.0,eb154,0.154,tier0,1,9.6,1,0.47,20000,0.4067,0.5934,0.5045,1.204,0.3677,1.555,2.4592,0.3027,0.2646,7,nan,0,0.0847,0,0,0
g3scan,rq4graded,9.0,-1.0,eb154,0.154,tier0,1,9.6,1,0.48,20000,0.4067,0.5934,0.5429,1.062,0.3896,1.592,2.5645,0.3051,0.2661,7,nan,0,0.0832,0,0,0
g3scan,rq4graded,9.0,-1.0,eb154,0.154,tier0,1,9.6,1,0.49,20000,0.4067,0.5934,0.5822,0.929,0.4055,1.569,2.6647,0.3076,0.2682,7,nan,0,0.0816,0,0,0
g3scan,rq4graded,9.0,-1.0,eb154,0.154,tier0,1,9.6,1,0.5,20000,0.4067,0.5934,0.616,0.815,0.4321,1.641,2.7662,0.3087,0.2694,7,nan,0,0.0799,0,0,0
g3scan,rq4graded,9.0,-1.0,eb154,0.154,tier0,1,9.6,1,0.51,20000,0.4067,0.5934,0.6499,0.71,0.455,1.653,2.8605,0.2701,0.241,6,nan,0,0.0783,0,0,0
g3scan,rq4graded,9.0,-1.0,eb154,0.154,tier0,1,9.6,1,0.52,20000,0.4067,0.5934,0.683,0.617,0.482,1.772,2.9427,0.273,0.2435,6,nan,0,0.0773,0,0,0
g3scan,rq4graded,9.0,-1.0,eb154,0.154,tier0,1,12.8,1,0.17,20000,0.4067,0.5934,0.0,10.872,0.0,nan,6.4099,0.7775,0.7763,2,1.1581,6,nan,0,0,0
g3scan,rq4graded,9.0,-1.0,eb154,0.154,tier0,1,12.8,1,0.18,20000,0.4067,0.5934,0.0,10.284,0.0,nan,5.9189,0.6884,0.6869,3,1.0483,5,nan,0,0,0
g3scan,rq4graded,9.0,-1.0,eb154,0.154,tier0,1,12.8,1,0.19,20000,0.4067,0.5934,0.0,9.698,0.0,nan,5.414,0.6118,0.6092,4,1.0447,5,nan,0,0,0
g3scan,rq4graded,9.0,-1.0,eb154,0.154,tier0,1,12.8,1,0.2,20000,0.4067,0.5934,0.0,9.107,0.0,nan,4.9566,0.5635,0.5605,4,0.9388,4,nan,0,0,0
g3scan,rq4graded,9.0,-1.0,eb154,0.154,tier0,1,12.8,1,0.21,20000,0.4067,0.5934,0.0,8.521,0.0,nan,4.471,0.4985,0.4932,5,0.9355,4,nan,0,0,0
g3scan,rq4graded,9.0,-1.0,eb154,0.154,tier0,1,12.8,1,0.22,20000,0.4067,0.5934,0.0,7.931,0.0,0.0,4.0443,0.44,0.4314,6,0.9536,4,nan,0,0,0
g3scan,rq4graded,9.0,-1.0,eb154,0.154,tier0,1,12.8,1,0.23,20000,0.4067,0.5934,0.0,7.344,0.0,0.0,3.6194,0.387,0.3734,7,0.8771,3,nan,0,0,0
g3scan,rq4graded,9.0,-1.0,eb154,0.154,tier0,1,12.8,1,0.24,20000,0.4067,0.5934,0.0,6.765,0.0003,0.042,3.203,0.3632,0.3491,7,0.901,3,nan,0,1,0
g3scan,rq4graded,9.0,-1.0,eb154,0.154,tier0,1,12.8,1,0.25,20000,0.4067,0.5934,0.0,6.19,0.0017,0.072,2.8501,0.3437,0.3304,7,0.913,3,0.1567,0,1,0
g3scan,rq4graded,9.0,-1.0,eb154,0.154,tier0,1,12.8,1,0.26,20000,0.4067,0.5934,0.0002,5.63,0.0081,0.153,2.5163,0.3267,0.3134,7,0.8449,2,0.1407,0,1,0
g3scan,rq4graded,9.0,-1.0,eb154,0.154,tier0,1,12.8,1,0.27,20000,0.4067,0.5934,0.0006,5.086,0.0248,0.277,2.2083,0.3134,0.2996,7,0.8492,2,0.135,0,1,0
g3scan,rq4graded,9.0,-1.0,eb154,0.154,tier0,1,12.8,1,0.28,20000,0.4067,0.5934,0.0025,4.562,0.0546,0.42,2.0004,0.3045,0.289,7,0.7712,1,0.1278,0,1,0
g3scan,rq4graded,9.0,-1.0,eb154,0.154,tier0,1,12.8,1,0.29,20000,0.4067,0.5934,0.01,4.063,0.0979,0.613,1.8661,0.3003,0.2817,7,0.7704,1,0.1218,0,0,0
g3scan,rq4graded,9.0,-1.0,eb154,0.154,tier0,1,12.8,1,0.3,20000,0.4067,0.5934,0.0266,3.59,0.1475,0.804,1.8265,0.3002,0.2773,7,0.7764,1,0.1153,0,0,0
g3scan,rq4graded,9.0,-1.0,eb154,0.154,tier0,1,12.8,1,0.31,20000,0.4067,0.5934,0.0551,3.15,0.1953,0.971,1.8967,0.3009,0.2738,7,nan,0,0.1109,1,0,0
g3scan,rq4graded,9.0,-1.0,eb154,0.154,tier0,1,12.8,1,0.32,20000,0.4067,0.5934,0.099,2.732,0.2417,1.121,1.9934,0.3013,0.2711,7,nan,0,0.1058,1,0,0
g3scan,rq4graded,9.0,-1.0,eb154,0.154,tier0,1,12.8,1,0.33,20000,0.4067,0.5934,0.1539,2.351,0.2851,1.261,2.1599,0.301,0.2688,7,nan,0,0.1015,1,0,0
g3scan,rq4graded,9.0,-1.0,eb154,0.154,tier0,1,12.8,1,0.34,20000,0.4067,0.5934,0.2157,2.01,0.3222,1.365,2.3259,0.3033,0.2685,7,nan,0,0.0971,0,0,0
g3scan,rq4graded,9.0,-1.0,eb154,0.154,tier0,1,12.8,1,0.35,20000,0.4067,0.5934,0.2821,1.702,0.3593,1.458,2.5177,0.3044,0.2683,7,nan,0,0.0931,0,0,0
g3scan,rq4graded,9.0,-1.0,eb154,0.154,tier0,1,12.8,1,0.36,20000,0.4067,0.5934,0.352,1.427,0.3959,1.549,2.6868,0.2654,0.2384,6,nan,0,0.0899,0,0,0
g3scan,rq4graded,9.0,-1.0,eb154,0.154,tier0,1,12.8,1,0.37,20000,0.4067,0.5934,0.4207,1.189,0.4322,1.629,2.8368,0.2695,0.2411,6,nan,0,0.0868,0,0,0
g3scan,rq4graded,9.0,-1.0,eb154,0.154,tier0,1,12.8,1,0.38,20000,0.4067,0.5934,0.4873,0.984,0.4677,1.666,2.9687,0.2705,0.2416,6,nan,0,0.0842,0,0,0
g3scan,rq4graded,9.0,-1.0,eb154,0.154,tier0,1,12.8,1,0.39,20000,0.4067,0.5934,0.552,0.802,0.5079,1.756,3.0981,0.2377,0.2161,5,nan,0,0.0814,0,0,0
g3scan,rq4graded,9.0,-1.0,eb154,0.154,tier0,1,12.8,1,0.4,20000,0.4067,0.5934,0.6126,0.652,0.5507,1.908,3.2067,0.2392,0.2182,5,nan,0,0.079,0,0,0
g3scan,rq4graded,9.0,-1.0,eb154,0.154,tier0,1,12.8,1,0.41,20000,0.4067,0.5934,0.6683,0.524,0.6047,2.271,3.3101,0.2071,0.1925,4,nan,0,0.0769,0,0,0
g3scan,rq4graded,9.0,-1.0,eb154,0.154,tier0,1,12.8,1,0.42,20000,0.4067,0.5934,0.7207,0.413,0.6623,2.743,3.4099,0.2111,0.1969,4,nan,0,0.0746,0,0,0
g3scan,rq4graded,9.0,-1.0,eb154,0.154,tier0,1,12.8,1,0.43,20000,0.4067,0.5934,0.7678,0.326,0.7109,3.36,3.4854,0.2125,0.1998,4,nan,0,0.073,0,0,0
g3scan,rq4graded,9.0,-1.0,eb154,0.154,tier0,1,12.8,1,0.44,20000,0.4067,0.5934,0.8108,0.255,0.7453,3.882,3.5404,0.1819,0.1746,3,nan,0,0.073,0,0,0
g3scan,rq4graded,9.0,-1.0,eb154,0.154,tier0,1,12.8,1,0.45,20000,0.4067,0.5934,0.8522,0.192,0.7845,4.924,3.5883,0.1853,0.1785,3,nan,0,0.0726,0,0,0
g3scan,rq4graded,9.0,-1.0,eb154,0.154,tier0,1,12.8,1,0.46,20000,0.4067,0.5934,0.8868,0.143,0.8115,5.836,3.623,0.1845,0.1786,3,nan,0,0.074,0,0,0
g3scan,rq4graded,9.0,-1.0,eb154,0.154,tier0,1,12.8,1,0.47,20000,0.4067,0.5934,0.9153,0.105,0.8257,6.282,3.6439,0.1561,0.1539,2,nan,0,0.0766,0,0,0
g3scan,rq4graded,9.0,-1.0,eb154,0.154,tier0,1,12.8,1,0.48,20000,0.4067,0.5934,0.9388,0.075,0.8404,7.278,3.6607,0.1563,0.1538,2,nan,0,0.0806,0,0,0
g3scan,rq4graded,9.0,-1.0,eb154,0.154,tier0,1,12.8,1,0.49,20000,0.4067,0.5934,0.9554,0.055,0.8347,7.047,3.6503,0.1556,0.1529,2,nan,0,0.0822,0,0,0
g3scan,rq4graded,9.0,-1.0,eb154,0.154,tier0,1,12.8,1,0.5,20000,0.4067,0.5934,0.969,0.039,0.8396,7.439,3.6471,0.1264,0.1264,1,nan,0,0.0857,0,0,0
g3scan,rq4graded,9.0,-1.0,eb154,0.154,tier0,1,12.8,1,0.51,20000,0.4067,0.5934,0.9785,0.027,0.84,7.737,3.6401,0.1248,0.1248,1,nan,0,0.0881,0,0,0
g3scan,rq4graded,9.0,-1.0,eb154,0.154,tier0,1,12.8,1,0.52,20000,0.4067,0.5934,0.9846,0.019,0.824,6.242,3.6366,0.1254,0.1254,1,nan,0,0.0886,0,0,0
g3scan,rq4graded,10.0,-1.0,eb0482,0.0482,tier0,1,2.4,0,0.17,20000,0.9571,0.0429,0.0,20.632,0.0,nan,15.7436,nan,nan,0,3.8556,1,nan,0,0,0
g3scan,rq4graded,10.0,-1.0,eb0482,0.0482,tier0,1,2.4,0,0.18,20000,0.9571,0.0429,0.0,20.601,0.0,nan,15.7126,nan,nan,0,3.7344,1,nan,0,0,0
g3scan,rq4graded,10.0,-1.0,eb0482,0.0482,tier0,1,2.4,0,0.19,20000,0.9571,0.0429,0.0,20.572,0.0,nan,15.683,nan,nan,0,3.6846,1,nan,0,0,0
g3scan,rq4graded,10.0,-1.0,eb0482,0.0482,tier0,1,2.4,0,0.2,20000,0.9571,0.0429,0.0,20.541,0.0,nan,15.6523,nan,nan,0,3.6926,2,nan,0,0,0
g3scan,rq4graded,10.0,-1.0,eb0482,0.0482,tier0,1,2.4,0,0.21,20000,0.9571,0.0429,0.0,20.509,0.0,nan,15.6209,nan,nan,0,3.6303,2,nan,0,0,0
g3scan,rq4graded,10.0,-1.0,eb0482,0.0482,tier0,1,2.4,0,0.22,20000,0.9571,0.0429,0.0,20.477,0.0,nan,15.5887,nan,nan,0,3.5545,2,nan,0,0,0
g3scan,rq4graded,10.0,-1.0,eb0482,0.0482,tier0,1,2.4,0,0.23,20000,0.9571,0.0429,0.0,20.447,0.0,nan,15.5584,nan,nan,0,3.4975,2,nan,0,0,0
g3scan,rq4graded,10.0,-1.0,eb0482,0.0482,tier0,1,2.4,0,0.24,20000,0.9571,0.0429,0.0,20.415,0.0,nan,15.5267,nan,nan,0,3.4502,2,nan,0,0,0
g3scan,rq4graded,10.0,-1.0,eb0482,0.0482,tier0,1,2.4,0,0.25,20000,0.9571,0.0429,0.0,20.384,0.0,nan,15.4955,nan,nan,0,3.3953,3,nan,0,0,0
g3scan,rq4graded,10.0,-1.0,eb0482,0.0482,tier0,1,2.4,0,0.26,20000,0.9571,0.0429,0.0,20.353,0.0,nan,15.4643,nan,nan,0,3.3286,3,nan,0,0,0
g3scan,rq4graded,10.0,-1.0,eb0482,0.0482,tier0,1,2.4,0,0.27,20000,0.9571,0.0429,0.0,20.323,0.0,nan,15.4346,nan,nan,0,3.2844,3,nan,0,0,0
g3scan,rq4graded,10.0,-1.0,eb0482,0.0482,tier0,1,2.4,0,0.28,20000,0.9571,0.0429,0.0,20.293,0.0,nan,15.4048,nan,nan,0,3.2423,3,nan,0,0,0
g3scan,rq4graded,10.0,-1.0,eb0482,0.0482,tier0,1,2.4,0,0.29,20000,0.9571,0.0429,0.0,20.262,0.0,nan,15.3733,nan,nan,0,3.2033,3,nan,0,0,0
g3scan,rq4graded,10.0,-1.0,eb0482,0.0482,tier0,1,2.4,0,0.3,20000,0.9571,0.0429,0.0,20.232,0.0,nan,15.3436,nan,nan,0,3.1226,4,nan,0,0,0
g3scan,rq4graded,10.0,-1.0,eb0482,0.0482,tier0,1,2.4,0,0.31,20000,0.9571,0.0429,0.0,20.201,0.0,nan,15.3121,nan,nan,0,3.085,4,nan,0,0,0
g3scan,rq4graded,10.0,-1.0,eb0482,0.0482,tier0,1,2.4,0,0.32,20000,0.9571,0.0429,0.0,20.171,0.0,nan,15.2819,nan,nan,0,3.0489,4,nan,0,0,0
g3scan,rq4graded,10.0,-1.0,eb0482,0.0482,tier0,1,2.4,0,0.33,20000,0.9571,0.0429,0.0,20.141,0.0,nan,15.252,nan,nan,0,3.0148,4,nan,0,0,0
g3scan,rq4graded,10.0,-1.0,eb0482,0.0482,tier0,1,2.4,0,0.34,20000,0.9571,0.0429,0.0,20.112,0.0,nan,15.2233,nan,nan,0,2.9835,4,nan,0,0,0
g3scan,rq4graded,10.0,-1.0,eb0482,0.0482,tier0,1,2.4,0,0.35,20000,0.9571,0.0429,0.0,20.079,0.0,nan,15.1908,nan,nan,0,2.8548,5,nan,0,0,0
g3scan,rq4graded,10.0,-1.0,eb0482,0.0482,tier0,1,2.4,0,0.36,20000,0.9571,0.0429,0.0,20.049,0.0,nan,15.1607,nan,nan,0,2.8264,5,nan,0,0,0
g3scan,rq4graded,10.0,-1.0,eb0482,0.0482,tier0,1,2.4,0,0.37,20000,0.9571,0.0429,0.0,20.02,0.0,nan,15.1309,nan,nan,0,2.8007,5,nan,0,0,0
g3scan,rq4graded,10.0,-1.0,eb0482,0.0482,tier0,1,2.4,0,0.38,20000,0.9571,0.0429,0.0,19.989,0.0,nan,15.1004,nan,nan,0,2.7712,5,nan,0,0,0
g3scan,rq4graded,10.0,-1.0,eb0482,0.0482,tier0,1,2.4,0,0.39,20000,0.9571,0.0429,0.0,19.96,0.0,nan,15.0713,nan,nan,0,2.7477,5,nan,0,0,0
g3scan,rq4graded,10.0,-1.0,eb0482,0.0482,tier0,1,2.4,0,0.4,20000,0.9571,0.0429,0.0,19.93,0.0,nan,15.0416,nan,nan,0,2.7286,5,nan,0,0,0
g3scan,rq4graded,10.0,-1.0,eb0482,0.0482,tier0,1,2.4,0,0.41,20000,0.9571,0.0429,0.0,19.9,0.0,nan,15.011,nan,nan,0,2.6054,6,nan,0,0,0
g3scan,rq4graded,10.0,-1.0,eb0482,0.0482,tier0,1,2.4,0,0.42,20000,0.9571,0.0429,0.0,19.871,0.0,nan,14.9826,nan,nan,0,2.5863,6,nan,0,0,0
g3scan,rq4graded,10.0,-1.0,eb0482,0.0482,tier0,1,2.4,0,0.43,20000,0.9571,0.0429,0.0,19.843,0.0,nan,14.9539,nan,nan,0,2.5661,6,nan,0,0,0
g3scan,rq4graded,10.0,-1.0,eb0482,0.0482,tier0,1,2.4,0,0.44,20000,0.9571,0.0429,0.0,19.813,0.0,nan,14.9242,nan,nan,0,2.5434,6,nan,0,0,0
g3scan,rq4graded,10.0,-1.0,eb0482,0.0482,tier0,1,2.4,0,0.45,20000,0.9571,0.0429,0.0,19.783,0.0,nan,14.8942,nan,nan,0,2.5247,6,nan,0,0,0
g3scan,rq4graded,10.0,-1.0,eb0482,0.0482,tier0,1,2.4,0,0.46,20000,0.9571,0.0429,0.0,19.752,0.0,nan,14.8637,nan,nan,0,2.401,7,nan,0,0,0
g3scan,rq4graded,10.0,-1.0,eb0482,0.0482,tier0,1,2.4,0,0.47,20000,0.9571,0.0429,0.0,19.723,0.0,nan,14.8344,nan,nan,0,2.3866,7,nan,0,0,0
g3scan,rq4graded,10.0,-1.0,eb0482,0.0482,tier0,1,2.4,0,0.48,20000,0.9571,0.0429,0.0,19.694,0.0,nan,14.8049,nan,nan,0,2.3693,7,nan,0,0,0
g3scan,rq4graded,10.0,-1.0,eb0482,0.0482,tier0,1,2.4,0,0.49,20000,0.9571,0.0429,0.0,19.664,0.0,nan,14.7758,nan,nan,0,2.3525,7,nan,0,0,0
g3scan,rq4graded,10.0,-1.0,eb0482,0.0482,tier0,1,2.4,0,0.5,20000,0.9571,0.0429,0.0,19.633,0.0,nan,14.7447,nan,nan,0,2.338,7,nan,0,0,0
g3scan,rq4graded,10.0,-1.0,eb0482,0.0482,tier0,1,2.4,0,0.51,20000,0.9571,0.0429,0.0,19.603,0.0,nan,14.7148,nan,nan,0,2.2184,8,nan,0,0,0
g3scan,rq4graded,10.0,-1.0,eb0482,0.0482,tier0,1,2.4,0,0.52,20000,0.9571,0.0429,0.0,19.574,0.0,nan,14.6849,nan,nan,0,2.2032,8,nan,0,0,0
g3scan,rq4graded,10.0,-1.0,eb0482,0.0482,tier0,1,3.2,0,0.17,20000,0.9571,0.0429,0.0,20.032,0.0,nan,15.1435,nan,nan,0,3.295,3,nan,0,0,0
g3scan,rq4graded,10.0,-1.0,eb0482,0.0482,tier0,1,3.2,0,0.18,20000,0.9571,0.0429,0.0,19.966,0.0,nan,15.0772,nan,nan,0,3.2059,3,nan,0,0,0
g3scan,rq4graded,10.0,-1.0,eb0482,0.0482,tier0,1,3.2,0,0.19,20000,0.9571,0.0429,0.0,19.899,0.0,nan,15.0106,nan,nan,0,3.1239,3,nan,0,0,0
g3scan,rq4graded,10.0,-1.0,eb0482,0.0482,tier0,1,3.2,0,0.2,20000,0.9571,0.0429,0.0,19.832,0.0,nan,14.9438,nan,nan,0,3.0451,4,nan,0,0,0
g3scan,rq4graded,10.0,-1.0,eb0482,0.0482,tier0,1,3.2,0,0.21,20000,0.9571,0.0429,0.0,19.768,0.0,nan,14.8796,nan,nan,0,2.9677,4,nan,0,0,0
g3scan,rq4graded,10.0,-1.0,eb0482,0.0482,tier0,1,3.2,0,0.22,20000,0.9571,0.0429,0.0,19.703,0.0,nan,14.8139,nan,nan,0,2.9063,4,nan,0,0,0
g3scan,rq4graded,10.0,-1.0,eb0482,0.0482,tier0,1,3.2,0,0.23,20000,0.9571,0.0429,0.0,19.635,0.0,nan,14.7463,nan,nan,0,2.7819,5,nan,0,0,0
g3scan,rq4graded,10.0,-1.0,eb0482,0.0482,tier0,1,3.2,0,0.24,20000,0.9571,0.0429,0.0,19.571,0.0,nan,14.6823,nan,nan,0,2.7199,5,nan,0,0,0
g3scan,rq4graded,10.0,-1.0,eb0482,0.0482,tier0,1,3.2,0,0.25,20000,0.9571,0.0429,0.0,19.504,0.0,nan,14.6153,nan,nan,0,2.6686,5,nan,0,0,0
g3scan,rq4graded,10.0,-1.0,eb0482,0.0482,tier0,1,3.2,0,0.26,20000,0.9571,0.0429,0.0,19.439,0.0,nan,14.5507,nan,nan,0,2.5485,6,nan,0,0,0
g3scan,rq4graded,10.0,-1.0,eb0482,0.0482,tier0,1,3.2,0,0.27,20000,0.9571,0.0429,0.0,19.376,0.0,nan,14.4876,nan,nan,0,2.5063,6,nan,0,0,0
g3scan,rq4graded,10.0,-1.0,eb0482,0.0482,tier0,1,3.2,0,0.28,20000,0.9571,0.0429,0.0,19.312,0.0,nan,14.4229,nan,nan,0,2.4632,6,nan,0,0,0
g3scan,rq4graded,10.0,-1.0,eb0482,0.0482,tier0,1,3.2,0,0.29,20000,0.9571,0.0429,0.0,19.249,0.0,nan,14.3607,nan,nan,0,2.4271,6,nan,0,0,0
g3scan,rq4graded,10.0,-1.0,eb0482,0.0482,tier0,1,3.2,0,0.3,20000,0.9571,0.0429,0.0,19.187,0.0,nan,14.2987,nan,nan,0,2.307,7,nan,0,0,0
g3scan,rq4graded,10.0,-1.0,eb0482,0.0482,tier0,1,3.2,0,0.31,20000,0.9571,0.0429,0.0,19.122,0.0,nan,14.2332,nan,nan,0,2.2717,7,nan,0,0,0
g3scan,rq4graded,10.0,-1.0,eb0482,0.0482,tier0,1,3.2,0,0.32,20000,0.9571,0.0429,0.0,19.058,0.0,nan,14.1696,nan,nan,0,2.2388,7,nan,0,0,0
g3scan,rq4graded,10.0,-1.0,eb0482,0.0482,tier0,1,3.2,0,0.33,20000,0.9571,0.0429,0.0,18.995,0.0,nan,14.1059,nan,nan,0,2.2111,7,nan,0,0,0
g3scan,rq4graded,10.0,-1.0,eb0482,0.0482,tier0,1,3.2,0,0.34,20000,0.9571,0.0429,0.0,18.93,0.0,nan,14.0418,nan,nan,0,2.0971,8,nan,0,0,0
g3scan,rq4graded,10.0,-1.0,eb0482,0.0482,tier0,1,3.2,0,0.35,20000,0.9571,0.0429,0.0,18.868,0.0,nan,13.9789,nan,nan,0,2.0698,8,nan,0,0,0
g3scan,rq4graded,10.0,-1.0,eb0482,0.0482,tier0,1,3.2,0,0.36,20000,0.9571,0.0429,0.0,18.803,0.0,nan,13.9147,nan,nan,0,2.0452,8,nan,0,0,0
g3scan,rq4graded,10.0,-1.0,eb0482,0.0482,tier0,1,3.2,0,0.37,20000,0.9571,0.0429,0.0,18.74,0.0,nan,13.8517,nan,nan,0,2.0225,8,nan,0,0,0
g3scan,rq4graded,10.0,-1.0,eb0482,0.0482,tier0,1,3.2,0,0.38,20000,0.9571,0.0429,0.0,18.675,0.0,nan,13.7864,nan,nan,0,1.9994,8,nan,0,0,0
g3scan,rq4graded,10.0,-1.0,eb0482,0.0482,tier0,1,3.2,0,0.39,20000,0.9571,0.0429,0.0,18.611,0.0,nan,13.7225,nan,nan,0,1.9769,8,nan,0,0,0
g3scan,rq4graded,10.0,-1.0,eb0482,0.0482,tier0,1,3.2,0,0.4,20000,0.9571,0.0429,0.0,18.549,0.0,nan,13.6599,1.0528,1.0528,1,1.9542,8,nan,0,0,0
g3scan,rq4graded,10.0,-1.0,eb0482,0.0482,tier0,1,3.2,0,0.41,20000,0.9571,0.0429,0.0,18.485,0.0,nan,13.596,1.044,1.044,1,1.9336,8,nan,0,0,0
g3scan,rq4graded,10.0,-1.0,eb0482,0.0482,tier0,1,3.2,0,0.42,20000,0.9571,0.0429,0.0,18.421,0.0,nan,13.5323,1.0305,1.0305,1,1.9131,8,nan,0,0,0
g3scan,rq4graded,10.0,-1.0,eb0482,0.0482,tier0,1,3.2,0,0.43,20000,0.9571,0.0429,0.0,18.358,0.0,0.0,13.4697,0.9444,0.9413,2,1.8942,8,nan,0,0,0
g3scan,rq4graded,10.0,-1.0,eb0482,0.0482,tier0,1,3.2,0,0.44,20000,0.9571,0.0429,0.0,18.293,0.0,0.0,13.4042,0.9336,0.9305,2,1.8743,8,nan,0,0,0
g3scan,rq4graded,10.0,-1.0,eb0482,0.0482,tier0,1,3.2,0,0.45,20000,0.9571,0.0429,0.0,18.231,0.0,0.0,13.3426,0.9314,0.9275,2,1.8565,8,nan,0,0,0
g3scan,rq4graded,10.0,-1.0,eb0482,0.0482,tier0,1,3.2,0,0.46,20000,0.9571,0.0429,0.0,18.169,0.0,0.333,13.2804,0.9228,0.9191,2,1.8392,8,nan,0,0,0
g3scan,rq4graded,10.0,-1.0,eb0482,0.0482,tier0,1,3.2,0,0.47,20000,0.9571,0.0429,0.0,18.106,0.0001,3.0,13.2178,0.8451,0.8376,3,1.8221,8,nan,0,0,0
g3scan,rq4graded,10.0,-1.0,eb0482,0.0482,tier0,1,3.2,0,0.48,20000,0.9571,0.0429,0.0,18.043,0.0001,3.0,13.1539,0.8401,0.833,3,1.8053,8,nan,0,0,0
g3scan,rq4graded,10.0,-1.0,eb0482,0.0482,tier0,1,3.2,0,0.49,20000,0.9571,0.0429,0.0,17.98,0.0001,3.0,13.0914,0.8354,0.8281,3,1.7886,8,nan,0,0,0
g3scan,rq4graded,10.0,-1.0,eb0482,0.0482,tier0,1,3.2,0,0.5,20000,0.9571,0.0429,0.0,17.917,0.0001,2.0,13.0286,0.7661,0.7527,4,1.7735,8,nan,0,0,0
g3scan,rq4graded,10.0,-1.0,eb0482,0.0482,tier0,1,3.2,0,0.51,20000,0.9571,0.0429,0.0,17.855,0.0001,1.0,12.9671,0.7611,0.7478,4,1.7586,8,nan,0,0,0
g3scan,rq4graded,10.0,-1.0,eb0482,0.0482,tier0,1,3.2,0,0.52,20000,0.9571,0.0429,0.0001,17.792,0.0,0.25,12.9046,0.7557,0.7427,4,1.7435,8,nan,0,0,0
g3scan,rq4graded,10.0,-1.0,eb0482,0.0482,tier0,1,4.8,0,0.17,20000,0.9571,0.0429,0.0,18.571,0.0,nan,13.6821,nan,nan,0,2.4368,5,nan,0,0,0
g3scan,rq4graded,10.0,-1.0,eb0482,0.0482,tier0,1,4.8,0,0.18,20000,0.9571,0.0429,0.0,18.425,0.0,nan,13.5366,nan,nan,0,2.3105,6,nan,0,0,0
g3scan,rq4graded,10.0,-1.0,eb0482,0.0482,tier0,1,4.8,0,0.19,20000,0.9571,0.0429,0.0,18.281,0.0,nan,13.3922,nan,nan,0,2.2301,6,nan,0,0,0
g3scan,rq4graded,10.0,-1.0,eb0482,0.0482,tier0,1,4.8,0,0.2,20000,0.9571,0.0429,0.0,18.135,0.0,nan,13.2463,nan,nan,0,2.1069,7,nan,0,0,0
g3scan,rq4graded,10.0,-1.0,eb0482,0.0482,tier0,1,4.8,0,0.21,20000,0.9571,0.0429,0.0,17.988,0.0,nan,13.099,nan,nan,0,2.0424,7,nan,0,0,0
g3scan,rq4graded,10.0,-1.0,eb0482,0.0482,tier0,1,4.8,0,0.22,20000,0.9571,0.0429,0.0,17.842,0.0,nan,12.9533,nan,nan,0,1.9284,8,nan,0,0,0
g3scan,rq4graded,10.0,-1.0,eb0482,0.0482,tier0,1,4.8,0,0.23,20000,0.9571,0.0429,0.0,17.694,0.0,nan,12.8057,nan,nan,0,1.8716,8,nan,0,0,0
g3scan,rq4graded,10.0,-1.0,eb0482,0.0482,tier0,1,4.8,0,0.24,20000,0.9571,0.0429,0.0,17.549,0.0,nan,12.66,nan,nan,0,1.8248,8,nan,0,0,0
g3scan,rq4graded,10.0,-1.0,eb0482,0.0482,tier0,1,4.8,0,0.25,20000,0.9571,0.0429,0.0,17.404,0.0,nan,12.5155,nan,nan,0,1.7786,8,nan,0,0,0
g3scan,rq4graded,10.0,-1.0,eb0482,0.0482,tier0,1,4.8,0,0.26,20000,0.9571,0.0429,0.0,17.261,0.0,nan,12.3722,1.0874,1.0874,1,1.7359,8,nan,0,0,0
g3scan,rq4graded,10.0,-1.0,eb0482,0.0482,tier0,1,4.8,0,0.27,20000,0.9571,0.0429,0.0,17.115,0.0,nan,12.2264,1.0421,1.0421,1,1.695,8,nan,0,0,0
g3scan,rq4graded,10.0,-1.0,eb0482,0.0482,tier0,1,4.8,0,0.28,20000,0.9571,0.0429,0.0,16.97,0.0,nan,12.0817,0.9564,0.9543,2,1.6568,8,nan,0,0,0
g3scan,rq4graded,10.0,-1.0,eb0482,0.0482,tier0,1,4.8,0,0.29,20000,0.9571,0.0429,0.0,16.825,0.0,nan,11.9366,0.9313,0.9287,2,1.6207,8,nan,0,0,0
g3scan,rq4graded,10.0,-1.0,eb0482,0.0482,tier0,1,4.8,0,0.3,20000,0.9571,0.0429,0.0,16.682,0.0,nan,11.7931,0.9112,0.9084,2,1.5868,8,nan,0,0,0
g3scan,rq4graded,10.0,-1.0,eb0482,0.0482,tier0,1,4.8,0,0.31,20000,0.9571,0.0429,0.0,16.54,0.0,nan,11.6511,0.8382,0.8321,3,1.5561,8,nan,0,0,0
g3scan,rq4graded,10.0,-1.0,eb0482,0.0482,tier0,1,4.8,0,0.32,20000,0.9571,0.0429,0.0,16.394,0.0,0.0,11.5056,0.8207,0.8143,3,1.5265,8,nan,0,0,0
g3scan,rq4graded,10.0,-1.0,eb0482,0.0482,tier0,1,4.8,0,0.33,20000,0.9571,0.0429,0.0,16.251,0.0,0.0,11.3623,0.7509,0.7402,4,1.4988,8,nan,0,0,0
g3scan,rq4graded,10.0,-1.0,eb0482,0.0482,tier0,1,4.8,0,0.34,20000,0.9571,0.0429,0.0,16.11,0.0,0.333,11.221,0.7342,0.7239,4,1.4729,8,nan,0,0,0
g3scan,rq4graded,10.0,-1.0,eb0482,0.0482,tier0,1,4.8,0,0.35,20000,0.9571,0.0429,0.0,15.965,0.0001,1.0,11.0764,0.6711,0.6548,5,1.4479,8,nan,0,0,0
g3scan,rq4graded,10.0,-1.0,eb0482,0.0482,tier0,1,4.8,0,0.36,20000,0.9571,0.0429,0.0,15.823,0.0001,1.0,10.934,0.6108,0.5865,6,1.425,8,nan,0,0,0
g3scan,rq4graded,10.0,-1.0,eb0482,0.0482,tier0,1,4.8,0,0.37,20000,0.9571,0.0429,0.0,15.675,0.0001,0.364,10.7866,0.5985,0.5742,6,1.4022,8,nan,0,0,0
g3scan,rq4graded,10.0,-1.0,eb0482,0.0482,tier0,1,4.8,0,0.38,20000,0.9571,0.0429,0.0001,15.533,0.0001,0.235,10.6449,0.5882,0.5646,6,1.3807,8,nan,0,0,0
g3scan,rq4graded,10.0,-1.0,eb0482,0.0482,tier0,1,4.8,0,0.39,20000,0.9571,0.0429,0.0001,15.386,0.0002,0.318,10.4987,0.5308,0.4954,7,1.36,8,nan,0,0,0
g3scan,rq4graded,10.0,-1.0,eb0482,0.0482,tier0,1,4.8,0,0.4,20000,0.9571,0.0429,0.0001,15.248,0.0003,0.306,10.3607,0.5215,0.4865,7,1.3411,8,nan,0,0,0
g3scan,rq4graded,10.0,-1.0,eb0482,0.0482,tier0,1,4.8,0,0.41,20000,0.9571,0.0429,0.0001,15.104,0.0005,0.321,10.2174,0.5133,0.4786,7,1.3221,8,nan,0,0,0
g3scan,rq4graded,10.0,-1.0,eb0482,0.0482,tier0,1,4.8,0,0.42,20000,0.9571,0.0429,0.0002,14.961,0.0006,0.282,10.0746,0.5049,0.4708,7,1.3044,8,0.1756,0,0,0
g3scan,rq4graded,10.0,-1.0,eb0482,0.0482,tier0,1,4.8,0,0.43,20000,0.9571,0.0429,0.0002,14.822,0.001,0.345,9.9363,0.4972,0.464,7,1.2873,8,0.17,0,0,0
g3scan,rq4graded,10.0,-1.0,eb0482,0.0482,tier0,1,4.8,0,0.44,20000,0.9571,0.0429,0.0003,14.681,0.0015,0.373,9.7973,0.4894,0.4567,7,1.2713,8,0.1663,0,0,0
g3scan,rq4graded,10.0,-1.0,eb0482,0.0482,tier0,1,4.8,0,0.45,20000,0.9571,0.0429,0.0005,14.539,0.0021,0.445,9.657,0.4818,0.4497,7,1.2557,8,0.1636,0,0,0
g3scan,rq4graded,10.0,-1.0,eb0482,0.0482,tier0,1,4.8,0,0.46,20000,0.9571,0.0429,0.0007,14.4,0.0028,0.455,9.5213,0.4748,0.4431,7,1.2408,8,0.1615,0,0,0
g3scan,rq4graded,10.0,-1.0,eb0482,0.0482,tier0,1,4.8,0,0.47,20000,0.9571,0.0429,0.0009,14.259,0.004,0.595,9.3835,0.4679,0.4368,7,1.2263,8,0.16,0,0,0
g3scan,rq4graded,10.0,-1.0,eb0482,0.0482,tier0,1,4.8,0,0.48,20000,0.9571,0.0429,0.0014,14.118,0.0051,0.629,9.2493,0.461,0.4302,7,1.2124,8,0.1577,0,0,0
g3scan,rq4graded,10.0,-1.0,eb0482,0.0482,tier0,1,4.8,0,0.49,20000,0.9571,0.0429,0.0019,13.979,0.0061,0.654,9.1174,0.4549,0.4245,7,1.1988,8,0.1563,0,0,0
g3scan,rq4graded,10.0,-1.0,eb0482,0.0482,tier0,1,4.8,0,0.5,20000,0.9571,0.0429,0.0026,13.841,0.0075,0.714,8.9893,0.4487,0.4186,7,1.1856,8,0.1547,0,0,0
g3scan,rq4graded,10.0,-1.0,eb0482,0.0482,tier0,1,4.8,0,0.51,20000,0.9571,0.0429,0.0035,13.703,0.0087,0.722,8.8628,0.4426,0.4128,7,1.1733,8,0.1528,0,0,0
g3scan,rq4graded,10.0,-1.0,eb0482,0.0482,tier0,1,4.8,0,0.52,20000,0.9571,0.0429,0.0047,13.568,0.0103,0.779,8.7431,0.437,0.4074,7,1.1611,8,0.1509,0,0,0
g3scan,rq4graded,10.0,-1.0,eb0482,0.0482,tier0,1,6.4,0,0.17,20000,0.9571,0.0429,0.0,17.137,0.0,nan,12.2484,nan,nan,0,1.8794,7,nan,0,0,0
g3scan,rq4graded,10.0,-1.0,eb0482,0.0482,tier0,1,6.4,0,0.18,20000,0.9571,0.0429,0.0,16.909,0.0,nan,12.0203,nan,nan,0,1.7619,8,nan,0,0,0
g3scan,rq4graded,10.0,-1.0,eb0482,0.0482,tier0,1,6.4,0,0.19,20000,0.9571,0.0429,0.0,16.683,0.0,nan,11.794,nan,nan,0,1.6857,8,nan,0,0,0
g3scan,rq4graded,10.0,-1.0,eb0482,0.0482,tier0,1,6.4,0,0.2,20000,0.9571,0.0429,0.0,16.455,0.0,nan,11.5668,nan,nan,0,1.6167,8,nan,0,0,0
g3scan,rq4graded,10.0,-1.0,eb0482,0.0482,tier0,1,6.4,0,0.21,20000,0.9571,0.0429,0.0,16.231,0.0,nan,11.3426,1.1109,1.1109,1,1.5556,8,nan,0,0,0
g3scan,rq4graded,10.0,-1.0,eb0482,0.0482,tier0,1,6.4,0,0.22,20000,0.9571,0.0429,0.0,16.004,0.0,nan,11.1149,1.038,1.038,1,1.4974,8,nan,0,0,0
g3scan,rq4graded,10.0,-1.0,eb0482,0.0482,tier0,1,6.4,0,0.23,20000,0.9571,0.0429,0.0,15.777,0.0,nan,10.8888,0.9459,0.944,2,1.4453,8,nan,0,0,0
g3scan,rq4graded,10.0,-1.0,eb0482,0.0482,tier0,1,6.4,0,0.24,20000,0.9571,0.0429,0.0,15.553,0.0,nan,10.6646,0.9098,0.9075,2,1.3988,8,nan,0,0,0
g3scan,rq4graded,10.0,-1.0,eb0482,0.0482,tier0,1,6.4,0,0.25,20000,0.9571,0.0429,0.0,15.327,0.0,nan,10.4387,0.8301,0.8254,3,1.355,8,nan,0,0,0
g3scan,rq4graded,10.0,-1.0,eb0482,0.0482,tier0,1,6.4,0,0.26,20000,0.9571,0.0429,0.0,15.104,0.0,nan,10.2151,0.7555,0.7479,4,1.3155,8,nan,0,0,0
g3scan,rq4graded,10.0,-1.0,eb0482,0.0482,tier0,1,6.4,0,0.27,20000,0.9571,0.0429,0.0,14.877,0.0,0.0,9.9883,0.728,0.72,4,1.2791,8,nan,0,0,0
g3scan,rq4graded,10.0,-1.0,eb0482,0.0482,tier0,1,6.4,0,0.28,20000,0.9571,0.0429,0.0,14.651,0.0,0.0,9.7621,0.6605,0.6478,5,1.245,8,nan,0,0,0
g3scan,rq4graded,10.0,-1.0,eb0482,0.0482,tier0,1,6.4,0,0.29,20000,0.9571,0.0429,0.0,14.428,0.0,0.0,9.5395,0.638,0.6253,5,1.214,8,nan,0,0,0
g3scan,rq4graded,10.0,-1.0,eb0482,0.0482,tier0,1,6.4,0,0.3,20000,0.9571,0.0429,0.0,14.207,0.0001,0.429,9.3183,0.5778,0.5586,6,1.1849,8,nan,0,0,0
g3scan,rq4graded,10.0,-1.0,eb0482,0.0482,tier0,1,6.4,0,0.31,20000,0.9571,0.0429,0.0,13.981,0.0001,0.25,9.0919,0.56,0.5411,6,1.1571,8,nan,0,0,0
g3scan,rq4graded,10.0,-1.0,eb0482,0.0482,tier0,1,6.4,0,0.32,20000,0.9571,0.0429,0.0,13.756,0.0002,0.259,8.8672,0.5034,0.4748,7,1.1311,8,nan,0,0,0
g3scan,rq4graded,10.0,-1.0,eb0482,0.0482,tier0,1,6.4,0,0.33,20000,0.9571,0.0429,0.0001,13.531,0.0003,0.19,8.6436,0.4886,0.4602,7,1.1069,8,nan,0,0,0
g3scan,rq4graded,10.0,-1.0,eb0482,0.0482,tier0,1,6.4,0,0.34,20000,0.9571,0.0429,0.0001,13.31,0.0006,0.216,8.4226,0.476,0.4484,7,1.0843,8,0.177,0,0,0
g3scan,rq4graded,10.0,-1.0,eb0482,0.0482,tier0,1,6.4,0,0.35,20000,0.9571,0.0429,0.0001,13.09,0.0012,0.238,8.2033,0.4639,0.4371,7,1.0634,8,0.1705,0,0,0
g3scan,rq4graded,10.0,-1.0,eb0482,0.0482,tier0,1,6.4,0,0.36,20000,0.9571,0.0429,0.0003,12.868,0.0022,0.305,7.9829,0.4524,0.4263,7,1.0426,8,0.165,0,0,0
g3scan,rq4graded,10.0,-1.0,eb0482,0.0482,tier0,1,6.4,0,0.37,20000,0.9571,0.0429,0.0005,12.648,0.0037,0.376,7.765,0.4417,0.416,7,1.0233,8,0.1624,0,0,0
g3scan,rq4graded,10.0,-1.0,eb0482,0.0482,tier0,1,6.4,0,0.38,20000,0.9571,0.0429,0.0008,12.429,0.006,0.494,7.5497,0.4316,0.4065,7,1.0051,8,0.1582,0,0,0
g3scan,rq4graded,10.0,-1.0,eb0482,0.0482,tier0,1,6.4,0,0.39,20000,0.9571,0.0429,0.0015,12.211,0.0083,0.549,7.3405,0.4222,0.3974,7,0.9873,8,0.1555,0,0,0
g3scan,rq4graded,10.0,-1.0,eb0482,0.0482,tier0,1,6.4,0,0.4,20000,0.9571,0.0429,0.0025,11.996,0.0116,0.621,7.138,0.413,0.3885,7,0.9708,8,0.1528,0,0,0
g3scan,rq4graded,10.0,-1.0,eb0482,0.0482,tier0,1,6.4,0,0.41,20000,0.9571,0.0429,0.0041,11.783,0.0145,0.612,6.9426,0.4045,0.3803,7,0.9547,8,0.1496,0,0,0
g3scan,rq4graded,10.0,-1.0,eb0482,0.0482,tier0,1,6.4,0,0.42,20000,0.9571,0.0429,0.0065,11.574,0.0178,0.658,6.7609,0.3962,0.3726,7,0.9399,8,0.1461,0,0,0
g3scan,rq4graded,10.0,-1.0,eb0482,0.0482,tier0,1,6.4,0,0.43,20000,0.9571,0.0429,0.0093,11.367,0.0224,0.718,6.5844,0.3888,0.3653,7,0.9257,8,0.1426,0,0,0
g3scan,rq4graded,10.0,-1.0,eb0482,0.0482,tier0,1,6.4,0,0.44,20000,0.9571,0.0429,0.0124,11.163,0.0273,0.794,6.4146,0.3816,0.3584,7,0.9115,8,0.1397,0,0,0
g3scan,rq4graded,10.0,-1.0,eb0482,0.0482,tier0,1,6.4,0,0.45,20000,0.9571,0.0429,0.0163,10.961,0.0318,0.84,6.2546,0.3746,0.3518,7,0.8981,8,0.1368,0,0,0
g3scan,rq4graded,10.0,-1.0,eb0482,0.0482,tier0,1,6.4,0,0.46,20000,0.9571,0.0429,0.021,10.763,0.037,0.918,6.1057,0.3682,0.3456,7,0.8852,8,0.134,0,0,0
g3scan,rq4graded,10.0,-1.0,eb0482,0.0482,tier0,1,6.4,0,0.47,20000,0.9571,0.0429,0.0266,10.569,0.0424,1.019,5.9692,0.3618,0.3396,7,0.873,8,0.1314,0,0,0
g3scan,rq4graded,10.0,-1.0,eb0482,0.0482,tier0,1,6.4,0,0.48,20000,0.9571,0.0429,0.0331,10.376,0.0464,1.031,5.8434,0.3558,0.3338,7,0.8609,8,0.129,0,0,0
g3scan,rq4graded,10.0,-1.0,eb0482,0.0482,tier0,1,6.4,0,0.49,20000,0.9571,0.0429,0.0408,10.188,0.0502,1.052,5.7333,0.3501,0.3283,7,0.8494,8,0.1268,0,0,0
g3scan,rq4graded,10.0,-1.0,eb0482,0.0482,tier0,1,6.4,0,0.5,20000,0.9571,0.0429,0.0481,10.004,0.0542,1.071,5.6214,0.3448,0.3232,7,0.8382,8,0.1248,0,0,0
g3scan,rq4graded,10.0,-1.0,eb0482,0.0482,tier0,1,6.4,0,0.51,20000,0.9571,0.0429,0.0572,9.822,0.0576,1.098,5.5285,0.3395,0.3181,7,0.8273,8,0.1224,0,0,0
g3scan,rq4graded,10.0,-1.0,eb0482,0.0482,tier0,1,6.4,0,0.52,20000,0.9571,0.0429,0.0667,9.651,0.0605,1.121,5.4513,0.3346,0.3135,7,0.8173,8,0.1206,0,0,0
g3scan,rq4graded,10.0,-1.0,eb0482,0.0482,tier0,1,9.6,1,0.17,20000,0.9571,0.0429,0.0,14.735,0.0,nan,9.8467,1.1249,1.1249,1,1.2762,8,nan,0,0,0
g3scan,rq4graded,10.0,-1.0,eb0482,0.0482,tier0,1,9.6,1,0.18,20000,0.9571,0.0429,0.0,14.373,0.0,nan,9.484,1.0289,1.0289,1,1.1971,8,nan,0,0,0
g3scan,rq4graded,10.0,-1.0,eb0482,0.0482,tier0,1,9.6,1,0.19,20000,0.9571,0.0429,0.0,14.013,0.0,nan,9.1244,0.9186,0.9172,2,1.1286,8,nan,0,0,0
g3scan,rq4graded,10.0,-1.0,eb0482,0.0482,tier0,1,9.6,1,0.2,20000,0.9571,0.0429,0.0,13.649,0.0,nan,8.7608,0.8241,0.8218,3,1.0677,8,nan,0,0,0
g3scan,rq4graded,10.0,-1.0,eb0482,0.0482,tier0,1,9.6,1,0.21,20000,0.9571,0.0429,0.0,13.286,0.0,nan,8.397,0.7705,0.7683,3,1.0141,8,nan,0,0,0
g3scan,rq4graded,10.0,-1.0,eb0482,0.0482,tier0,1,9.6,1,0.22,20000,0.9571,0.0429,0.0,12.923,0.0,nan,8.0344,0.6884,0.6838,4,0.9667,8,nan,0,0,0
g3scan,rq4graded,10.0,-1.0,eb0482,0.0482,tier0,1,9.6,1,0.23,20000,0.9571,0.0429,0.0,12.564,0.0,nan,7.6752,0.6158,0.6083,5,0.9247,8,nan,0,0,0
g3scan,rq4graded,10.0,-1.0,eb0482,0.0482,tier0,1,9.6,1,0.24,20000,0.9571,0.0429,0.0,12.201,0.0,0.0,7.3122,0.5479,0.5359,6,0.8856,8,nan,0,0,0
g3scan,rq4graded,10.0,-1.0,eb0482,0.0482,tier0,1,9.6,1,0.25,20000,0.9571,0.0429,0.0,11.838,0.0,0.0,6.949,0.5183,0.5065,6,0.8508,8,nan,0,0,0
g3scan,rq4graded,10.0,-1.0,eb0482,0.0482,tier0,1,9.6,1,0.26,20000,0.9571,0.0429,0.0,11.48,0.0001,0.133,6.591,0.4591,0.44,7,0.819,8,nan,0,0,0
g3scan,rq4graded,10.0,-1.0,eb0482,0.0482,tier0,1,9.6,1,0.27,20000,0.9571,0.0429,0.0,11.115,0.0003,0.094,6.2266,0.4368,0.4182,7,0.7889,8,nan,0,0,0
g3scan,rq4graded,10.0,-1.0,eb0482,0.0482,tier0,1,9.6,1,0.28,20000,0.9571,0.0429,0.0001,10.759,0.0008,0.106,5.8715,0.4173,0.3993,7,0.762,8,0.1764,0,0,0
g3scan,rq4graded,10.0,-1.0,eb0482,0.0482,tier0,1,9.6,1,0.29,20000,0.9571,0.0429,0.0001,10.406,0.0028,0.207,5.5206,0.3996,0.3824,7,0.7367,8,0.1654,0,0,0
g3scan,rq4graded,10.0,-1.0,eb0482,0.0482,tier0,1,9.6,1,0.3,20000,0.9571,0.0429,0.0003,10.056,0.0066,0.295,5.1746,0.3832,0.3664,7,0.7135,8,0.159,0,0,0
g3scan,rq4graded,10.0,-1.0,eb0482,0.0482,tier0,1,9.6,1,0.31,20000,0.9571,0.0429,0.0008,9.708,0.0134,0.404,4.8317,0.3683,0.3517,7,0.6913,8,0.1539,0,0,0
g3scan,rq4graded,10.0,-1.0,eb0482,0.0482,tier0,1,9.6,1,0.32,20000,0.9571,0.0429,0.0024,9.368,0.0218,0.481,4.5075,0.3547,0.3384,7,0.6706,8,0.1482,0,0,0
g3scan,rq4graded,10.0,-1.0,eb0482,0.0482,tier0,1,9.6,1,0.33,20000,0.9571,0.0429,0.0058,9.035,0.0333,0.615,4.2054,0.3421,0.3262,7,0.6517,8,0.142,0,0,0
g3scan,rq4graded,10.0,-1.0,eb0482,0.0482,tier0,1,9.6,1,0.34,20000,0.9571,0.0429,0.0108,8.711,0.0467,0.746,3.9251,0.3304,0.3148,7,0.6344,8,0.1366,0,0,0
g3scan,rq4graded,10.0,-1.0,eb0482,0.0482,tier0,1,9.6,1,0.35,20000,0.9571,0.0429,0.0191,8.394,0.0602,0.862,3.6764,0.3196,0.3044,7,0.618,8,0.1313,0,0,0
g3scan,rq4graded,10.0,-1.0,eb0482,0.0482,tier0,1,9.6,1,0.36,20000,0.9571,0.0429,0.0304,8.086,0.0726,0.959,3.459,0.3096,0.2946,7,0.6022,8,0.127,0,0,0
g3scan,rq4graded,10.0,-1.0,eb0482,0.0482,tier0,1,9.6,1,0.37,20000,0.9571,0.0429,0.0452,7.789,0.0841,1.058,3.2769,0.3005,0.2858,7,0.5865,8,0.1225,0,0,0
g3scan,rq4graded,10.0,-1.0,eb0482,0.0482,tier0,1,9.6,1,0.38,20000,0.9571,0.0429,0.0628,7.501,0.0943,1.133,3.123,0.2917,0.2773,7,0.5728,8,0.1183,0,0,0
g3scan,rq4graded,10.0,-1.0,eb0482,0.0482,tier0,1,9.6,1,0.39,20000,0.9571,0.0429,0.0819,7.224,0.1037,1.202,2.9879,0.2835,0.2694,7,0.5592,8,0.1145,0,0,0
g3scan,rq4graded,10.0,-1.0,eb0482,0.0482,tier0,1,9.6,1,0.4,20000,0.9571,0.0429,0.1024,6.96,0.1112,1.259,2.8746,0.2761,0.2622,7,0.5458,8,0.1108,0,1,0
g3scan,rq4graded,10.0,-1.0,eb0482,0.0482,tier0,1,9.6,1,0.41,20000,0.9571,0.0429,0.1248,6.705,0.1177,1.314,2.7839,0.2688,0.2552,7,0.534,8,0.1075,0,1,0
g3scan,rq4graded,10.0,-1.0,eb0482,0.0482,tier0,1,9.6,1,0.42,20000,0.9571,0.0429,0.1481,6.46,0.1234,1.369,2.7074,0.2619,0.2486,7,0.5219,8,0.1044,0,1,0
g3scan,rq4graded,10.0,-1.0,eb0482,0.0482,tier0,1,9.6,1,0.43,20000,0.9571,0.0429,0.1714,6.228,0.1264,1.362,2.6424,0.2555,0.2424,7,0.5109,8,0.1016,0,1,0
g3scan,rq4graded,10.0,-1.0,eb0482,0.0482,tier0,1,9.6,1,0.44,20000,0.9571,0.0429,0.1939,6.008,0.1307,1.365,2.5807,0.2496,0.2367,7,0.5,8,0.0988,0,1,0
g3scan,rq4graded,10.0,-1.0,eb0482,0.0482,tier0,1,9.6,1,0.45,20000,0.9571,0.0429,0.2174,5.795,0.1327,1.362,2.5342,0.2439,0.2312,7,0.4891,8,0.0963,0,1,0
g3scan,rq4graded,10.0,-1.0,eb0482,0.0482,tier0,1,9.6,1,0.46,20000,0.9571,0.0429,0.2399,5.593,0.1358,1.379,2.4876,0.2384,0.226,7,0.479,8,0.0939,0,1,0
g3scan,rq4graded,10.0,-1.0,eb0482,0.0482,tier0,1,9.6,1,0.47,20000,0.9571,0.0429,0.2614,5.402,0.1401,1.438,2.445,0.2334,0.2211,7,0.4692,8,0.0916,0,1,0
g3scan,rq4graded,10.0,-1.0,eb0482,0.0482,tier0,1,9.6,1,0.48,20000,0.9571,0.0429,0.283,5.218,0.1438,1.492,2.41,0.2288,0.2166,7,0.4601,8,0.0893,0,1,0
g3scan,rq4graded,10.0,-1.0,eb0482,0.0482,tier0,1,9.6,1,0.49,20000,0.9571,0.0429,0.3033,5.045,0.1458,1.503,2.3756,0.2243,0.2122,7,0.4521,8,0.0874,0,1,0
g3scan,rq4graded,10.0,-1.0,eb0482,0.0482,tier0,1,9.6,1,0.5,20000,0.9571,0.0429,0.3235,4.881,0.1475,1.528,2.3489,0.2199,0.2079,7,0.444,8,0.0855,0,1,0
g3scan,rq4graded,10.0,-1.0,eb0482,0.0482,tier0,1,9.6,1,0.51,20000,0.9571,0.0429,0.3427,4.724,0.1483,1.524,2.3215,0.2159,0.204,7,0.4358,8,0.0837,0,1,0
g3scan,rq4graded,10.0,-1.0,eb0482,0.0482,tier0,1,9.6,1,0.52,20000,0.9571,0.0429,0.3629,4.57,0.148,1.516,2.3091,0.2116,0.2,7,0.4274,8,0.0819,0,1,0
g3scan,rq4graded,10.0,-1.0,eb0482,0.0482,tier0,1,12.8,1,0.17,20000,0.9571,0.0429,0.0,12.941,0.0,nan,8.0614,0.9165,0.9159,2,0.9236,8,nan,0,0,0
g3scan,rq4graded,10.0,-1.0,eb0482,0.0482,tier0,1,12.8,1,0.18,20000,0.9571,0.0429,0.0,12.47,0.0,nan,7.5905,0.8063,0.8053,3,0.8534,8,nan,0,0,0
g3scan,rq4graded,10.0,-1.0,eb0482,0.0482,tier0,1,12.8,1,0.19,20000,0.9571,0.0429,0.0,12.006,0.0,nan,7.1265,0.7324,0.7313,3,0.7944,8,nan,0,0,0
g3scan,rq4graded,10.0,-1.0,eb0482,0.0482,tier0,1,12.8,1,0.2,20000,0.9571,0.0429,0.0,11.539,0.0,nan,6.6651,0.6471,0.645,4,0.7425,8,nan,0,0,0
g3scan,rq4graded,10.0,-1.0,eb0482,0.0482,tier0,1,12.8,1,0.21,20000,0.9571,0.0429,0.0,11.072,0.0,nan,6.2028,0.5694,0.5652,5,0.6971,8,nan,0,0,0
g3scan,rq4graded,10.0,-1.0,eb0482,0.0482,tier0,1,12.8,1,0.22,20000,0.9571,0.0429,0.0,10.607,0.0,0.0,5.741,0.4999,0.4926,6,0.6566,8,nan,0,0,0
g3scan,rq4graded,10.0,-1.0,eb0482,0.0482,tier0,1,12.8,1,0.23,20000,0.9571,0.0429,0.0,10.139,0.0,0.0,5.276,0.4639,0.4569,6,0.6204,8,nan,0,0,0
g3scan,rq4graded,10.0,-1.0,eb0482,0.0482,tier0,1,12.8,1,0.24,20000,0.9571,0.0429,0.0,9.676,0.0001,0.04,4.8141,0.4057,0.3932,7,0.5876,8,nan,0,0,0
g3scan,rq4graded,10.0,-1.0,eb0482,0.0482,tier0,1,12.8,1,0.25,20000,0.9571,0.0429,0.0,9.214,0.0006,0.058,4.3593,0.3801,0.3682,7,0.5582,8,0.1831,0,0,0
g3scan,rq4graded,10.0,-1.0,eb0482,0.0482,tier0,1,12.8,1,0.26,20000,0.9571,0.0429,0.0001,8.763,0.003,0.125,3.915,0.3571,0.3457,7,0.5317,8,0.1655,0,0,0
g3scan,rq4graded,10.0,-1.0,eb0482,0.0482,tier0,1,12.8,1,0.27,20000,0.9571,0.0429,0.0002,8.314,0.0103,0.232,3.4725,0.3366,0.3255,7,0.5073,8,0.1571,0,0,0
g3scan,rq4graded,10.0,-1.0,eb0482,0.0482,tier0,1,12.8,1,0.28,20000,0.9571,0.0429,0.0008,7.881,0.0243,0.367,3.0485,0.3186,0.3077,7,0.4845,8,0.1487,0,0,0
g3scan,rq4graded,10.0,-1.0,eb0482,0.0482,tier0,1,12.8,1,0.29,20000,0.9571,0.0429,0.0037,7.459,0.0458,0.545,2.6558,0.3022,0.2916,7,0.465,8,0.1405,0,0,0
g3scan,rq4graded,10.0,-1.0,eb0482,0.0482,tier0,1,12.8,1,0.3,20000,0.9571,0.0429,0.0108,7.051,0.0722,0.752,2.3053,0.2874,0.2771,7,0.4461,8,0.1326,0,1,0
g3scan,rq4graded,10.0,-1.0,eb0482,0.0482,tier0,1,12.8,1,0.31,20000,0.9571,0.0429,0.0242,6.657,0.0976,0.935,2.0078,0.2742,0.264,7,0.4281,8,0.1258,0,1,0
g3scan,rq4graded,10.0,-1.0,eb0482,0.0482,tier0,1,12.8,1,0.32,20000,0.9571,0.0429,0.0458,6.279,0.12,1.093,1.7789,0.262,0.2522,7,0.4121,8,0.1193,0,1,0
g3scan,rq4graded,10.0,-1.0,eb0482,0.0482,tier0,1,12.8,1,0.33,20000,0.9571,0.0429,0.0738,5.92,0.1371,1.206,1.6001,0.2511,0.2414,7,0.3976,8,0.1135,0,1,0
g3scan,rq4graded,10.0,-1.0,eb0482,0.0482,tier0,1,12.8,1,0.34,20000,0.9571,0.0429,0.1058,5.581,0.1524,1.327,1.4586,0.2413,0.2318,7,0.384,8,0.108,0,1,0
g3scan,rq4graded,10.0,-1.0,eb0482,0.0482,tier0,1,12.8,1,0.35,20000,0.9571,0.0429,0.1427,5.257,0.1618,1.347,1.3613,0.2321,0.2227,7,0.3711,8,0.1031,0,1,0
g3scan,rq4graded,10.0,-1.0,eb0482,0.0482,tier0,1,12.8,1,0.36,20000,0.9571,0.0429,0.1788,4.958,0.1703,1.395,1.2799,0.2235,0.2143,7,0.3593,8,0.0987,0,1,0
g3scan,rq4graded,10.0,-1.0,eb0482,0.0482,tier0,1,12.8,1,0.37,20000,0.9571,0.0429,0.2164,4.675,0.1766,1.442,1.2206,0.2156,0.2066,7,0.3476,8,0.0946,0,1,0
g3scan,rq4graded,10.0,-1.0,eb0482,0.0482,tier0,1,12.8,1,0.38,20000,0.9571,0.0429,0.2532,4.412,0.1827,1.507,1.1728,0.2085,0.1997,7,0.3376,8,0.0907,0,1,0
g3scan,rq4graded,10.0,-1.0,eb0482,0.0482,tier0,1,12.8,1,0.39,20000,0.9571,0.0429,0.2875,4.17,0.1886,1.566,1.1303,0.2016,0.1929,7,0.3292,8,0.0874,0,0,0
g3scan,rq4graded,10.0,-1.0,eb0482,0.0482,tier0,1,12.8,1,0.4,20000,0.9571,0.0429,0.3209,3.941,0.1922,1.572,1.0946,0.1952,0.1867,7,0.3209,8,0.0843,1,0,0
g3scan,rq4graded,10.0,-1.0,eb0482,0.0482,tier0,1,12.8,1,0.41,20000,0.9571,0.0429,0.3536,3.729,0.1939,1.564,1.072,0.1892,0.1809,7,0.3125,8,0.0813,1,0,0
g3scan,rq4graded,10.0,-1.0,eb0482,0.0482,tier0,1,12.8,1,0.42,20000,0.9571,0.0429,0.386,3.531,0.1925,1.531,1.0687,0.1836,0.1755,7,0.3059,8,0.0785,1,0,0
g3scan,rq4graded,10.0,-1.0,eb0482,0.0482,tier0,1,12.8,1,0.43,20000,0.9571,0.0429,0.4149,3.345,0.1963,1.578,1.0461,0.1783,0.1704,7,0.2995,8,0.0758,1,0,0
g3scan,rq4graded,10.0,-1.0,eb0482,0.0482,tier0,1,12.8,1,0.44,20000,0.9571,0.0429,0.441,3.175,0.1991,1.593,1.0193,0.173,0.1654,7,0.294,8,0.0734,1,0,0
g3scan,rq4graded,10.0,-1.0,eb0482,0.0482,tier0,1,12.8,1,0.45,20000,0.9571,0.0429,0.4676,3.013,0.1999,1.617,1.0103,0.1683,0.1608,7,0.2899,8,0.071,1,0,0
g3scan,rq4graded,10.0,-1.0,eb0482,0.0482,tier0,1,12.8,1,0.46,20000,0.9571,0.0429,0.4909,2.864,0.2022,1.654,0.9945,0.1637,0.1565,7,0.2859,8,0.069,1,0,0
g3scan,rq4graded,10.0,-1.0,eb0482,0.0482,tier0,1,12.8,1,0.47,20000,0.9571,0.0429,0.5132,2.724,0.2043,1.693,0.9795,0.1594,0.1523,7,0.2827,8,0.067,1,0,0
g3scan,rq4graded,10.0,-1.0,eb0482,0.0482,tier0,1,12.8,1,0.48,20000,0.9571,0.0429,0.536,2.592,0.203,1.682,0.9845,0.1554,0.1484,7,0.2782,8,0.0651,1,0,0
g3scan,rq4graded,10.0,-1.0,eb0482,0.0482,tier0,1,12.8,1,0.49,20000,0.9571,0.0429,0.5563,2.468,0.2019,1.6,0.9784,0.1517,0.1448,7,0.2593,7,0.0633,1,0,0
g3scan,rq4graded,10.0,-1.0,eb0482,0.0482,tier0,1,12.8,1,0.5,20000,0.9571,0.0429,0.5755,2.352,0.2001,1.547,0.9692,0.1483,0.1416,7,0.2539,7,0.0615,1,0,0
g3scan,rq4graded,10.0,-1.0,eb0482,0.0482,tier0,1,12.8,1,0.51,20000,0.9571,0.0429,0.5935,2.243,0.2001,1.509,0.959,0.1446,0.138,7,0.2506,7,0.06,1,0,0
g3scan,rq4graded,10.0,-1.0,eb0482,0.0482,tier0,1,12.8,1,0.52,20000,0.9571,0.0429,0.6103,2.142,0.2014,1.511,0.9502,0.1414,0.135,7,0.2468,7,0.0585,1,0,0
g3scan,rq4graded,10.0,-1.0,eb1168,0.11675778353879479,tier0,0,2.4,0,0.17,20000,0.6073,0.3927,0.0,20.527,0.0,nan,15.6382,nan,nan,0,3.4523,1,nan,0,0,0
g3scan,rq4graded,10.0,-1.0,eb1168,0.11675778353879479,tier0,0,2.4,0,0.18,20000,0.6073,0.3927,0.0,20.485,0.0,nan,15.5961,nan,nan,0,3.3888,1,nan,0,0,0
g3scan,rq4graded,10.0,-1.0,eb1168,0.11675778353879479,tier0,0,2.4,0,0.19,20000,0.6073,0.3927,0.0,20.444,0.0,nan,15.5557,nan,nan,0,3.2644,1,nan,0,0,0
g3scan,rq4graded,10.0,-1.0,eb1168,0.11675778353879479,tier0,0,2.4,0,0.2,20000,0.6073,0.3927,0.0,20.404,0.0,nan,15.5154,nan,nan,0,3.2261,1,nan,0,0,0
g3scan,rq4graded,10.0,-1.0,eb1168,0.11675778353879479,tier0,0,2.4,0,0.21,20000,0.6073,0.3927,0.0,20.365,0.0,nan,15.4761,nan,nan,0,3.2506,2,nan,0,0,0
g3scan,rq4graded,10.0,-1.0,eb1168,0.11675778353879479,tier0,0,2.4,0,0.22,20000,0.6073,0.3927,0.0,20.325,0.0,nan,15.4365,nan,nan,0,3.1859,2,nan,0,0,0
g3scan,rq4graded,10.0,-1.0,eb1168,0.11675778353879479,tier0,0,2.4,0,0.23,20000,0.6073,0.3927,0.0,20.283,0.0,nan,15.3945,nan,nan,0,3.1378,2,nan,0,0,0
g3scan,rq4graded,10.0,-1.0,eb1168,0.11675778353879479,tier0,0,2.4,0,0.24,20000,0.6073,0.3927,0.0,20.243,0.0,nan,15.354,nan,nan,0,3.0918,2,nan,0,0,0
g3scan,rq4graded,10.0,-1.0,eb1168,0.11675778353879479,tier0,0,2.4,0,0.25,20000,0.6073,0.3927,0.0,20.201,0.0,nan,15.3127,nan,nan,0,3.0511,2,nan,0,0,0
g3scan,rq4graded,10.0,-1.0,eb1168,0.11675778353879479,tier0,0,2.4,0,0.26,20000,0.6073,0.3927,0.0,20.162,0.0,nan,15.2731,nan,nan,0,3.0091,3,nan,0,0,0
g3scan,rq4graded,10.0,-1.0,eb1168,0.11675778353879479,tier0,0,2.4,0,0.27,20000,0.6073,0.3927,0.0,20.122,0.0,nan,15.233,nan,nan,0,2.9516,3,nan,0,0,0
g3scan,rq4graded,10.0,-1.0,eb1168,0.11675778353879479,tier0,0,2.4,0,0.28,20000,0.6073,0.3927,0.0,20.079,0.0,nan,15.1905,nan,nan,0,2.9172,3,nan,0,0,0
g3scan,rq4graded,10.0,-1.0,eb1168,0.11675778353879479,tier0,0,2.4,0,0.29,20000,0.6073,0.3927,0.0,20.04,0.0,nan,15.1509,nan,nan,0,2.8815,3,nan,0,0,0
g3scan,rq4graded,10.0,-1.0,eb1168,0.11675778353879479,tier0,0,2.4,0,0.3,20000,0.6073,0.3927,0.0,19.999,0.0,nan,15.1108,nan,nan,0,2.8432,3,nan,0,0,0
g3scan,rq4graded,10.0,-1.0,eb1168,0.11675778353879479,tier0,0,2.4,0,0.31,20000,0.6073,0.3927,0.0,19.96,0.0,nan,15.0713,nan,nan,0,2.7768,4,nan,0,0,0
g3scan,rq4graded,10.0,-1.0,eb1168,0.11675778353879479,tier0,0,2.4,0,0.32,20000,0.6073,0.3927,0.0,19.92,0.0,nan,15.0316,nan,nan,0,2.7436,4,nan,0,0,0
g3scan,rq4graded,10.0,-1.0,eb1168,0.11675778353879479,tier0,0,2.4,0,0.33,20000,0.6073,0.3927,0.0,19.879,0.0,nan,14.99,nan,nan,0,2.7164,4,nan,0,0,0
g3scan,rq4graded,10.0,-1.0,eb1168,0.11675778353879479,tier0,0,2.4,0,0.34,20000,0.6073,0.3927,0.0,19.838,0.0,nan,14.9495,nan,nan,0,2.6926,4,nan,0,0,0
g3scan,rq4graded,10.0,-1.0,eb1168,0.11675778353879479,tier0,0,2.4,0,0.35,20000,0.6073,0.3927,0.0,19.798,0.0,nan,14.9091,nan,nan,0,2.6625,4,nan,0,0,0
g3scan,rq4graded,10.0,-1.0,eb1168,0.11675778353879479,tier0,0,2.4,0,0.36,20000,0.6073,0.3927,0.0,19.76,0.0,nan,14.8714,nan,nan,0,2.6419,4,nan,0,0,0
g3scan,rq4graded,10.0,-1.0,eb1168,0.11675778353879479,tier0,0,2.4,0,0.37,20000,0.6073,0.3927,0.0,19.72,0.0,nan,14.8315,nan,nan,0,2.6245,4,nan,0,0,0
g3scan,rq4graded,10.0,-1.0,eb1168,0.11675778353879479,tier0,0,2.4,0,0.38,20000,0.6073,0.3927,0.0,19.68,0.0,nan,14.7917,nan,nan,0,2.5042,5,nan,0,0,0
g3scan,rq4graded,10.0,-1.0,eb1168,0.11675778353879479,tier0,0,2.4,0,0.39,20000,0.6073,0.3927,0.0,19.641,0.0,nan,14.7525,nan,nan,0,2.486,5,nan,0,0,0
g3scan,rq4graded,10.0,-1.0,eb1168,0.11675778353879479,tier0,0,2.4,0,0.4,20000,0.6073,0.3927,0.0,19.601,0.0,nan,14.7121,nan,nan,0,2.4553,5,nan,0,0,0
g3scan,rq4graded,10.0,-1.0,eb1168,0.11675778353879479,tier0,0,2.4,0,0.41,20000,0.6073,0.3927,0.0,19.559,0.0,nan,14.6702,nan,nan,0,2.439,5,nan,0,0,0
g3scan,rq4graded,10.0,-1.0,eb1168,0.11675778353879479,tier0,0,2.4,0,0.42,20000,0.6073,0.3927,0.0,19.519,0.0,nan,14.6299,nan,nan,0,2.4255,5,nan,0,0,0
g3scan,rq4graded,10.0,-1.0,eb1168,0.11675778353879479,tier0,0,2.4,0,0.43,20000,0.6073,0.3927,0.0,19.479,0.0,nan,14.5902,nan,nan,0,2.3117,6,nan,0,0,0
g3scan,rq4graded,10.0,-1.0,eb1168,0.11675778353879479,tier0,0,2.4,0,0.44,20000,0.6073,0.3927,0.0,19.442,0.0,nan,14.5531,nan,nan,0,2.3014,6,nan,0,0,0
g3scan,rq4graded,10.0,-1.0,eb1168,0.11675778353879479,tier0,0,2.4,0,0.45,20000,0.6073,0.3927,0.0,19.403,0.0,nan,14.5147,nan,nan,0,2.287,6,nan,0,0,0
g3scan,rq4graded,10.0,-1.0,eb1168,0.11675778353879479,tier0,0,2.4,0,0.46,20000,0.6073,0.3927,0.0,19.363,0.0,nan,14.4747,nan,nan,0,2.2717,6,nan,0,0,0
g3scan,rq4graded,10.0,-1.0,eb1168,0.11675778353879479,tier0,0,2.4,0,0.47,20000,0.6073,0.3927,0.0,19.327,0.0,nan,14.438,nan,nan,0,2.2555,6,nan,0,0,0
g3scan,rq4graded,10.0,-1.0,eb1168,0.11675778353879479,tier0,0,2.4,0,0.48,20000,0.6073,0.3927,0.0,19.286,0.0,nan,14.3978,nan,nan,0,2.1419,7,nan,0,0,0
g3scan,rq4graded,10.0,-1.0,eb1168,0.11675778353879479,tier0,0,2.4,0,0.49,20000,0.6073,0.3927,0.0,19.249,0.0,nan,14.3601,nan,nan,0,2.1302,7,nan,0,0,0
g3scan,rq4graded,10.0,-1.0,eb1168,0.11675778353879479,tier0,0,2.4,0,0.5,20000,0.6073,0.3927,0.0,19.208,0.0,nan,14.3192,nan,nan,0,2.1175,7,nan,0,0,0
g3scan,rq4graded,10.0,-1.0,eb1168,0.11675778353879479,tier0,0,2.4,0,0.51,20000,0.6073,0.3927,0.0,19.17,0.0,nan,14.2811,nan,nan,0,2.1058,7,nan,0,0,0
g3scan,rq4graded,10.0,-1.0,eb1168,0.11675778353879479,tier0,0,2.4,0,0.52,20000,0.6073,0.3927,0.0,19.131,0.0,nan,14.2425,nan,nan,0,2.0926,7,nan,0,0,0
g3scan,rq4graded,10.0,-1.0,eb1168,0.11675778353879479,tier0,0,3.2,0,0.17,20000,0.6073,0.3927,0.0,19.719,0.0,nan,14.8299,nan,nan,0,2.9649,3,nan,0,0,0
g3scan,rq4graded,10.0,-1.0,eb1168,0.11675778353879479,tier0,0,3.2,0,0.18,20000,0.6073,0.3927,0.0,19.63,0.0,nan,14.7414,nan,nan,0,2.8886,3,nan,0,0,0
g3scan,rq4graded,10.0,-1.0,eb1168,0.11675778353879479,tier0,0,3.2,0,0.19,20000,0.6073,0.3927,0.0,19.543,0.0,nan,14.6544,nan,nan,0,2.8155,3,nan,0,0,0
g3scan,rq4graded,10.0,-1.0,eb1168,0.11675778353879479,tier0,0,3.2,0,0.2,20000,0.6073,0.3927,0.0,19.456,0.0,nan,14.5675,nan,nan,0,2.7378,4,nan,0,0,0
g3scan,rq4graded,10.0,-1.0,eb1168,0.11675778353879479,tier0,0,3.2,0,0.21,20000,0.6073,0.3927,0.0,19.368,0.0,nan,14.4798,nan,nan,0,2.675,4,nan,0,0,0
g3scan,rq4graded,10.0,-1.0,eb1168,0.11675778353879479,tier0,0,3.2,0,0.22,20000,0.6073,0.3927,0.0,19.282,0.0,nan,14.3931,nan,nan,0,2.6228,4,nan,0,0,0
g3scan,rq4graded,10.0,-1.0,eb1168,0.11675778353879479,tier0,0,3.2,0,0.23,20000,0.6073,0.3927,0.0,19.196,0.0,nan,14.3076,nan,nan,0,2.5765,4,nan,0,0,0
g3scan,rq4graded,10.0,-1.0,eb1168,0.11675778353879479,tier0,0,3.2,0,0.24,20000,0.6073,0.3927,0.0,19.11,0.0,nan,14.221,nan,nan,0,2.4639,5,nan,0,0,0
g3scan,rq4graded,10.0,-1.0,eb1168,0.11675778353879479,tier0,0,3.2,0,0.25,20000,0.6073,0.3927,0.0,19.024,0.0,nan,14.1356,nan,nan,0,2.4201,5,nan,0,0,0
g3scan,rq4graded,10.0,-1.0,eb1168,0.11675778353879479,tier0,0,3.2,0,0.26,20000,0.6073,0.3927,0.0,18.938,0.0,nan,14.0493,nan,nan,0,2.3776,5,nan,0,0,0
g3scan,rq4graded,10.0,-1.0,eb1168,0.11675778353879479,tier0,0,3.2,0,0.27,20000,0.6073,0.3927,0.0,18.852,0.0,nan,13.9629,nan,nan,0,2.2711,6,nan,0,0,0
g3scan,rq4graded,10.0,-1.0,eb1168,0.11675778353879479,tier0,0,3.2,0,0.28,20000,0.6073,0.3927,0.0,18.765,0.0,nan,13.8761,nan,nan,0,2.2348,6,nan,0,0,0
g3scan,rq4graded,10.0,-1.0,eb1168,0.11675778353879479,tier0,0,3.2,0,0.29,20000,0.6073,0.3927,0.0,18.676,0.0,nan,13.7873,nan,nan,0,2.2004,6,nan,0,0,0
g3scan,rq4graded,10.0,-1.0,eb1168,0.11675778353879479,tier0,0,3.2,0,0.3,20000,0.6073,0.3927,0.0,18.593,0.0,nan,13.7045,nan,nan,0,2.169,6,nan,0,0,0
g3scan,rq4graded,10.0,-1.0,eb1168,0.11675778353879479,tier0,0,3.2,0,0.31,20000,0.6073,0.3927,0.0,18.509,0.0,nan,13.6205,nan,nan,0,2.0628,7,nan,0,0,0
g3scan,rq4graded,10.0,-1.0,eb1168,0.11675778353879479,tier0,0,3.2,0,0.32,20000,0.6073,0.3927,0.0,18.429,0.0,nan,13.54,nan,nan,0,2.0366,7,nan,0,0,0
g3scan,rq4graded,10.0,-1.0,eb1168,0.11675778353879479,tier0,0,3.2,0,0.33,20000,0.6073,0.3927,0.0,18.343,0.0,nan,13.454,nan,nan,0,2.0064,7,nan,0,0,0
g3scan,rq4graded,10.0,-1.0,eb1168,0.11675778353879479,tier0,0,3.2,0,0.34,20000,0.6073,0.3927,0.0,18.258,0.0,nan,13.3697,nan,nan,0,1.9842,7,nan,0,0,0
g3scan,rq4graded,10.0,-1.0,eb1168,0.11675778353879479,tier0,0,3.2,0,0.35,20000,0.6073,0.3927,0.0,18.176,0.0,nan,13.2871,nan,nan,0,1.8806,8,nan,0,0,0
g3scan,rq4graded,10.0,-1.0,eb1168,0.11675778353879479,tier0,0,3.2,0,0.36,20000,0.6073,0.3927,0.0,18.093,0.0,nan,13.2046,nan,nan,0,1.859,8,nan,0,0,0
g3scan,rq4graded,10.0,-1.0,eb1168,0.11675778353879479,tier0,0,3.2,0,0.37,20000,0.6073,0.3927,0.0,18.008,0.0,nan,13.1191,nan,nan,0,1.8379,8,nan,0,0,0
g3scan,rq4graded,10.0,-1.0,eb1168,0.11675778353879479,tier0,0,3.2,0,0.38,20000,0.6073,0.3927,0.0,17.927,0.0,nan,13.038,nan,nan,0,1.8189,8,nan,0,0,0
g3scan,rq4graded,10.0,-1.0,eb1168,0.11675778353879479,tier0,0,3.2,0,0.39,20000,0.6073,0.3927,0.0,17.844,0.0,nan,12.955,nan,nan,0,1.8,8,nan,0,0,0
g3scan,rq4graded,10.0,-1.0,eb1168,0.11675778353879479,tier0,0,3.2,0,0.4,20000,0.6073,0.3927,0.0,17.759,0.0,nan,12.8707,nan,nan,0,1.7824,8,nan,0,0,0
g3scan,rq4graded,10.0,-1.0,eb1168,0.11675778353879479,tier0,0,3.2,0,0.41,20000,0.6073,0.3927,0.0,17.677,0.0,nan,12.7881,0.932,0.932,1,1.7646,8,nan,0,0,0
g3scan,rq4graded,10.0,-1.0,eb1168,0.11675778353879479,tier0,0,3.2,0,0.42,20000,0.6073,0.3927,0.0,17.596,0.0,nan,12.7073,0.932,0.932,1,1.7471,8,nan,0,0,0
g3scan,rq4graded,10.0,-1.0,eb1168,0.11675778353879479,tier0,0,3.2,0,0.43,20000,0.6073,0.3927,0.0,17.515,0.0,0.0,12.6263,0.9045,0.9045,1,1.7297,8,nan,0,0,0
g3scan,rq4graded,10.0,-1.0,eb1168,0.11675778353879479,tier0,0,3.2,0,0.44,20000,0.6073,0.3927,0.0,17.433,0.0,0.0,12.5441,0.8969,0.8969,1,1.7138,8,nan,0,0,0
g3scan,rq4graded,10.0,-1.0,eb1168,0.11675778353879479,tier0,0,3.2,0,0.45,20000,0.6073,0.3927,0.0,17.35,0.0,0.0,12.4614,0.8254,0.8226,2,1.6992,8,nan,0,0,0
g3scan,rq4graded,10.0,-1.0,eb1168,0.11675778353879479,tier0,0,3.2,0,0.46,20000,0.6073,0.3927,0.0,17.266,0.0,0.0,12.3774,0.8187,0.8159,2,1.6822,8,nan,0,0,0
g3scan,rq4graded,10.0,-1.0,eb1168,0.11675778353879479,tier0,0,3.2,0,0.47,20000,0.6073,0.3927,0.0,17.184,0.0001,1.0,12.2951,0.8186,0.8149,2,1.6666,8,nan,0,0,0
g3scan,rq4graded,10.0,-1.0,eb1168,0.11675778353879479,tier0,0,3.2,0,0.48,20000,0.6073,0.3927,0.0,17.104,0.0001,3.0,12.2156,0.8083,0.8047,2,1.6527,8,nan,0,0,0
g3scan,rq4graded,10.0,-1.0,eb1168,0.11675778353879479,tier0,0,3.2,0,0.49,20000,0.6073,0.3927,0.0,17.024,0.0001,3.0,12.1354,0.7417,0.735,3,1.6375,8,nan,0,0,0
g3scan,rq4graded,10.0,-1.0,eb1168,0.11675778353879479,tier0,0,3.2,0,0.5,20000,0.6073,0.3927,0.0,16.944,0.0002,nan,12.0552,0.7383,0.7311,3,1.6243,8,nan,0,0,0
g3scan,rq4graded,10.0,-1.0,eb1168,0.11675778353879479,tier0,0,3.2,0,0.51,20000,0.6073,0.3927,0.0,16.862,0.0002,2.0,11.9731,0.7347,0.7274,3,1.6106,8,nan,0,0,0
g3scan,rq4graded,10.0,-1.0,eb1168,0.11675778353879479,tier0,0,3.2,0,0.52,20000,0.6073,0.3927,0.0001,16.779,0.0001,0.667,11.8917,0.6739,0.6616,4,1.597,8,nan,0,0,0
g3scan,rq4graded,10.0,-1.0,eb1168,0.11675778353879479,tier0,0,4.8,0,0.17,20000,0.6073,0.3927,0.0,17.859,0.0,nan,12.9706,nan,nan,0,2.2121,5,nan,0,0,0
g3scan,rq4graded,10.0,-1.0,eb1168,0.11675778353879479,tier0,0,4.8,0,0.18,20000,0.6073,0.3927,0.0,17.674,0.0,nan,12.7853,nan,nan,0,2.1005,6,nan,0,0,0
g3scan,rq4graded,10.0,-1.0,eb1168,0.11675778353879479,tier0,0,4.8,0,0.19,20000,0.6073,0.3927,0.0,17.49,0.0,nan,12.6018,nan,nan,0,2.0276,6,nan,0,0,0
g3scan,rq4graded,10.0,-1.0,eb1168,0.11675778353879479,tier0,0,4.8,0,0.2,20000,0.6073,0.3927,0.0,17.309,0.0,nan,12.4201,nan,nan,0,1.9197,7,nan,0,0,0
g3scan,rq4graded,10.0,-1.0,eb1168,0.11675778353879479,tier0,0,4.8,0,0.21,20000,0.6073,0.3927,0.0,17.123,0.0,nan,12.2341,nan,nan,0,1.8574,7,nan,0,0,0
g3scan,rq4graded,10.0,-1.0,eb1168,0.11675778353879479,tier0,0,4.8,0,0.22,20000,0.6073,0.3927,0.0,16.939,0.0,nan,12.0507,nan,nan,0,1.7552,8,nan,0,0,0
g3scan,rq4graded,10.0,-1.0,eb1168,0.11675778353879479,tier0,0,4.8,0,0.23,20000,0.6073,0.3927,0.0,16.755,0.0,nan,11.8668,nan,nan,0,1.7064,8,nan,0,0,0
g3scan,rq4graded,10.0,-1.0,eb1168,0.11675778353879479,tier0,0,4.8,0,0.24,20000,0.6073,0.3927,0.0,16.573,0.0,nan,11.6841,nan,nan,0,1.6613,8,nan,0,0,0
g3scan,rq4graded,10.0,-1.0,eb1168,0.11675778353879479,tier0,0,4.8,0,0.25,20000,0.6073,0.3927,0.0,16.391,0.0,nan,11.502,nan,nan,0,1.6219,8,nan,0,0,0
g3scan,rq4graded,10.0,-1.0,eb1168,0.11675778353879479,tier0,0,4.8,0,0.26,20000,0.6073,0.3927,0.0,16.207,0.0,nan,11.3184,0.992,0.992,1,1.5863,8,nan,0,0,0
g3scan,rq4graded,10.0,-1.0,eb1168,0.11675778353879479,tier0,0,4.8,0,0.27,20000,0.6073,0.3927,0.0,16.027,0.0,nan,11.138,0.9336,0.9336,1,1.5497,8,nan,0,0,0
g3scan,rq4graded,10.0,-1.0,eb1168,0.11675778353879479,tier0,0,4.8,0,0.28,20000,0.6073,0.3927,0.0,15.846,0.0,nan,10.9576,0.856,0.8551,2,1.5163,8,nan,0,0,0
g3scan,rq4graded,10.0,-1.0,eb1168,0.11675778353879479,tier0,0,4.8,0,0.29,20000,0.6073,0.3927,0.0,15.664,0.0,nan,10.7758,0.8316,0.8293,2,1.4844,8,nan,0,0,0
g3scan,rq4graded,10.0,-1.0,eb1168,0.11675778353879479,tier0,0,4.8,0,0.3,20000,0.6073,0.3927,0.0,15.482,0.0,nan,10.5936,0.8132,0.8103,2,1.4536,8,nan,0,0,0
g3scan,rq4graded,10.0,-1.0,eb1168,0.11675778353879479,tier0,0,4.8,0,0.31,20000,0.6073,0.3927,0.0,15.302,0.0,nan,10.4133,0.7469,0.741,3,1.4249,8,nan,0,0,0
g3scan,rq4graded,10.0,-1.0,eb1168,0.11675778353879479,tier0,0,4.8,0,0.32,20000,0.6073,0.3927,0.0,15.122,0.0,0.0,10.2335,0.7376,0.7316,3,1.398,8,nan,0,0,0
g3scan,rq4graded,10.0,-1.0,eb1168,0.11675778353879479,tier0,0,4.8,0,0.33,20000,0.6073,0.3927,0.0,14.942,0.0,0.0,10.0536,0.724,0.7178,3,1.3734,8,nan,0,0,0
g3scan,rq4graded,10.0,-1.0,eb1168,0.11675778353879479,tier0,0,4.8,0,0.34,20000,0.6073,0.3927,0.0,14.76,0.0,0.0,9.8713,0.6636,0.6538,4,1.3485,8,nan,0,0,0
g3scan,rq4graded,10.0,-1.0,eb1168,0.11675778353879479,tier0,0,4.8,0,0.35,20000,0.6073,0.3927,0.0,14.583,0.0001,3.0,9.6961,0.6502,0.6401,4,1.3256,8,nan,0,0,0
g3scan,rq4graded,10.0,-1.0,eb1168,0.11675778353879479,tier0,0,4.8,0,0.36,20000,0.6073,0.3927,0.0,14.402,0.0002,1.333,9.5157,0.5934,0.5784,5,1.3041,8,nan,0,0,0
g3scan,rq4graded,10.0,-1.0,eb1168,0.11675778353879479,tier0,0,4.8,0,0.37,20000,0.6073,0.3927,0.0,14.219,0.0002,0.5,9.3334,0.541,0.5184,6,1.2831,8,nan,0,0,0
g3scan,rq4graded,10.0,-1.0,eb1168,0.11675778353879479,tier0,0,4.8,0,0.38,20000,0.6073,0.3927,0.0,14.034,0.0001,0.231,9.1503,0.5313,0.5086,6,1.2625,8,nan,0,0,0
g3scan,rq4graded,10.0,-1.0,eb1168,0.11675778353879479,tier0,0,4.8,0,0.39,20000,0.6073,0.3927,0.0001,13.861,0.0002,0.211,8.9789,0.5229,0.5006,6,1.2437,8,nan,0,0,0
g3scan,rq4graded,10.0,-1.0,eb1168,0.11675778353879479,tier0,0,4.8,0,0.4,20000,0.6073,0.3927,0.0002,13.678,0.0004,0.429,8.797,0.4725,0.4394,7,1.2237,8,nan,0,0,0
g3scan,rq4graded,10.0,-1.0,eb1168,0.11675778353879479,tier0,0,4.8,0,0.41,20000,0.6073,0.3927,0.0002,13.498,0.0005,0.316,8.6177,0.4646,0.4325,7,1.206,8,nan,0,0,0
g3scan,rq4graded,10.0,-1.0,eb1168,0.11675778353879479,tier0,0,4.8,0,0.42,20000,0.6073,0.3927,0.0002,13.32,0.0009,0.389,8.4399,0.4578,0.4258,7,1.189,8,0.1556,0,0,0
g3scan,rq4graded,10.0,-1.0,eb1168,0.11675778353879479,tier0,0,4.8,0,0.43,20000,0.6073,0.3927,0.0003,13.14,0.001,0.301,8.2614,0.4515,0.4197,7,1.1731,8,0.1546,0,0,0
g3scan,rq4graded,10.0,-1.0,eb1168,0.11675778353879479,tier0,0,4.8,0,0.44,20000,0.6073,0.3927,0.0004,12.962,0.0016,0.384,8.0856,0.4456,0.4145,7,1.1577,8,0.1491,0,0,0
g3scan,rq4graded,10.0,-1.0,eb1168,0.11675778353879479,tier0,0,4.8,0,0.45,20000,0.6073,0.3927,0.0006,12.784,0.0022,0.379,7.9104,0.44,0.4092,7,1.1427,8,0.1461,0,0,0
g3scan,rq4graded,10.0,-1.0,eb1168,0.11675778353879479,tier0,0,4.8,0,0.46,20000,0.6073,0.3927,0.0008,12.608,0.003,0.438,7.7375,0.4339,0.4038,7,1.1288,8,0.1428,0,0,0
g3scan,rq4graded,10.0,-1.0,eb1168,0.11675778353879479,tier0,0,4.8,0,0.47,20000,0.6073,0.3927,0.0012,12.426,0.0043,0.525,7.5598,0.4276,0.3981,7,1.114,8,0.1415,0,0,0
g3scan,rq4graded,10.0,-1.0,eb1168,0.11675778353879479,tier0,0,4.8,0,0.48,20000,0.6073,0.3927,0.0014,12.254,0.0056,0.596,7.3899,0.4222,0.3931,7,1.1004,8,0.1413,0,0,0
g3scan,rq4graded,10.0,-1.0,eb1168,0.11675778353879479,tier0,0,4.8,0,0.49,20000,0.6073,0.3927,0.0021,12.077,0.0073,0.645,7.2226,0.4166,0.3878,7,1.0873,8,0.1395,0,0,0
g3scan,rq4graded,10.0,-1.0,eb1168,0.11675778353879479,tier0,0,4.8,0,0.5,20000,0.6073,0.3927,0.0029,11.904,0.0087,0.673,7.0608,0.4112,0.3829,7,1.0752,8,0.1382,0,0,0
g3scan,rq4graded,10.0,-1.0,eb1168,0.11675778353879479,tier0,0,4.8,0,0.51,20000,0.6073,0.3927,0.0039,11.732,0.0106,0.754,6.9021,0.4055,0.3776,7,1.0631,8,0.1375,0,0,0
g3scan,rq4graded,10.0,-1.0,eb1168,0.11675778353879479,tier0,0,4.8,0,0.52,20000,0.6073,0.3927,0.0052,11.559,0.0117,0.714,6.7454,0.401,0.3732,7,1.0519,8,0.1371,0,0,0
g3scan,rq4graded,10.0,-1.0,eb1168,0.11675778353879479,tier0,0,6.4,0,0.17,20000,0.6073,0.3927,0.0,16.191,0.0,nan,11.3079,nan,nan,0,1.7102,7,nan,0,0,0
g3scan,rq4graded,10.0,-1.0,eb1168,0.11675778353879479,tier0,0,6.4,0,0.18,20000,0.6073,0.3927,0.0,15.913,0.0,nan,11.0311,nan,nan,0,1.6032,8,nan,0,0,0
g3scan,rq4graded,10.0,-1.0,eb1168,0.11675778353879479,tier0,0,6.4,0,0.19,20000,0.6073,0.3927,0.0,15.635,0.0,nan,10.7542,nan,nan,0,1.5337,8,nan,0,0,0
g3scan,rq4graded,10.0,-1.0,eb1168,0.11675778353879479,tier0,0,6.4,0,0.2,20000,0.6073,0.3927,0.0,15.357,0.0,nan,10.4763,nan,nan,0,1.4738,8,nan,0,0,0
g3scan,rq4graded,10.0,-1.0,eb1168,0.11675778353879479,tier0,0,6.4,0,0.21,20000,0.6073,0.3927,0.0,15.082,0.0,nan,10.2013,0.9847,0.9847,1,1.4184,8,nan,0,0,0
g3scan,rq4graded,10.0,-1.0,eb1168,0.11675778353879479,tier0,0,6.4,0,0.22,20000,0.6073,0.3927,0.0,14.807,0.0,nan,9.9267,0.9358,0.9358,1,1.367,8,nan,0,0,0
g3scan,rq4graded,10.0,-1.0,eb1168,0.11675778353879479,tier0,0,6.4,0,0.23,20000,0.6073,0.3927,0.0,14.529,0.0,nan,9.6522,0.8505,0.8493,2,1.3186,8,nan,0,0,0
g3scan,rq4graded,10.0,-1.0,eb1168,0.11675778353879479,tier0,0,6.4,0,0.24,20000,0.6073,0.3927,0.0,14.255,0.0,nan,9.3836,0.8127,0.8104,2,1.2747,8,nan,0,0,0
g3scan,rq4graded,10.0,-1.0,eb1168,0.11675778353879479,tier0,0,6.4,0,0.25,20000,0.6073,0.3927,0.0,13.978,0.0,nan,9.11,0.7468,0.7426,3,1.2346,8,nan,0,0,0
g3scan,rq4graded,10.0,-1.0,eb1168,0.11675778353879479,tier0,0,6.4,0,0.26,20000,0.6073,0.3927,0.0,13.7,0.0,nan,8.8344,0.7201,0.7148,3,1.1968,8,nan,0,0,0
g3scan,rq4graded,10.0,-1.0,eb1168,0.11675778353879479,tier0,0,6.4,0,0.27,20000,0.6073,0.3927,0.0,13.423,0.0,nan,8.5598,0.6553,0.6476,4,1.1639,8,nan,0,0,0
g3scan,rq4graded,10.0,-1.0,eb1168,0.11675778353879479,tier0,0,6.4,0,0.28,20000,0.6073,0.3927,0.0,13.148,0.0,0.0,8.2853,0.5965,0.5843,5,1.1341,8,nan,0,0,0
g3scan,rq4graded,10.0,-1.0,eb1168,0.11675778353879479,tier0,0,6.4,0,0.29,20000,0.6073,0.3927,0.0,12.873,0.0,0.0,8.012,0.5774,0.5653,5,1.1057,8,nan,0,0,0
g3scan,rq4graded,10.0,-1.0,eb1168,0.11675778353879479,tier0,0,6.4,0,0.3,20000,0.6073,0.3927,0.0,12.597,0.0001,0.75,7.7388,0.5223,0.5044,6,1.08,8,nan,0,0,0
g3scan,rq4graded,10.0,-1.0,eb1168,0.11675778353879479,tier0,0,6.4,0,0.31,20000,0.6073,0.3927,0.0,12.322,0.0002,0.333,7.4731,0.5082,0.4901,6,1.0567,8,nan,0,0,0
g3scan,rq4graded,10.0,-1.0,eb1168,0.11675778353879479,tier0,0,6.4,0,0.32,20000,0.6073,0.3927,0.0,12.045,0.0002,0.273,7.2017,0.4572,0.4296,7,1.0367,8,nan,0,0,0
g3scan,rq4graded,10.0,-1.0,eb1168,0.11675778353879479,tier0,0,6.4,0,0.33,20000,0.6073,0.3927,0.0001,11.772,0.0004,0.238,6.9339,0.4451,0.4179,7,1.0191,8,nan,0,0,0
g3scan,rq4graded,10.0,-1.0,eb1168,0.11675778353879479,tier0,0,6.4,0,0.34,20000,0.6073,0.3927,0.0002,11.498,0.0007,0.218,6.6642,0.4339,0.4071,7,1.0044,8,nan,0,0,0
g3scan,rq4graded,10.0,-1.0,eb1168,0.11675778353879479,tier0,0,6.4,0,0.35,20000,0.6073,0.3927,0.0002,11.224,0.0012,0.234,6.3923,0.4235,0.398,7,0.9908,8,0.1537,0,0,0
g3scan,rq4graded,10.0,-1.0,eb1168,0.11675778353879479,tier0,0,6.4,0,0.36,20000,0.6073,0.3927,0.0003,10.952,0.0023,0.279,6.1237,0.4138,0.3888,7,0.9785,8,0.1492,0,0,0
g3scan,rq4graded,10.0,-1.0,eb1168,0.11675778353879479,tier0,0,6.4,0,0.37,20000,0.6073,0.3927,0.0006,10.68,0.0041,0.366,5.8611,0.4042,0.3801,7,0.9695,8,0.1434,0,0,0
g3scan,rq4graded,10.0,-1.0,eb1168,0.11675778353879479,tier0,0,6.4,0,0.38,20000,0.6073,0.3927,0.001,10.41,0.0066,0.439,5.6065,0.3955,0.3718,7,0.959,8,0.1409,0,0,0
g3scan,rq4graded,10.0,-1.0,eb1168,0.11675778353879479,tier0,0,6.4,0,0.39,20000,0.6073,0.3927,0.0015,10.142,0.0097,0.533,5.3518,0.3866,0.3636,7,0.9571,8,0.1388,0,0,0
g3scan,rq4graded,10.0,-1.0,eb1168,0.11675778353879479,tier0,0,6.4,0,0.4,20000,0.6073,0.3927,0.0027,9.881,0.0134,0.599,5.1089,0.3782,0.3555,7,0.9546,8,0.1375,0,0,0
g3scan,rq4graded,10.0,-1.0,eb1168,0.11675778353879479,tier0,0,6.4,0,0.41,20000,0.6073,0.3927,0.0047,9.616,0.0176,0.642,4.8683,0.3706,0.3483,7,0.9519,8,0.1351,0,0,0
g3scan,rq4graded,10.0,-1.0,eb1168,0.11675778353879479,tier0,0,6.4,0,0.42,20000,0.6073,0.3927,0.007,9.356,0.0217,0.655,4.6317,0.3634,0.3414,7,0.9509,8,0.1327,0,0,0
g3scan,rq4graded,10.0,-1.0,eb1168,0.11675778353879479,tier0,0,6.4,0,0.43,20000,0.6073,0.3927,0.0105,9.103,0.0263,0.69,4.4202,0.3566,0.335,7,0.9455,8,0.13,0,0,0
g3scan,rq4graded,10.0,-1.0,eb1168,0.11675778353879479,tier0,0,6.4,0,0.44,20000,0.6073,0.3927,0.0147,8.848,0.0314,0.728,4.2142,0.35,0.3288,7,0.9408,8,0.1266,0,0,0
g3scan,rq4graded,10.0,-1.0,eb1168,0.11675778353879479,tier0,0,6.4,0,0.45,20000,0.6073,0.3927,0.0191,8.601,0.0384,0.789,4.0158,0.3437,0.3227,7,0.9388,8,0.1244,0,0,0
g3scan,rq4graded,10.0,-1.0,eb1168,0.11675778353879479,tier0,0,6.4,0,0.46,20000,0.6073,0.3927,0.0252,8.355,0.0452,0.874,3.8292,0.3377,0.3169,7,0.9349,8,0.1219,0,0,0
g3scan,rq4graded,10.0,-1.0,eb1168,0.11675778353879479,tier0,0,6.4,0,0.47,20000,0.6073,0.3927,0.0313,8.116,0.0511,0.89,3.6437,0.332,0.3116,7,0.9324,8,0.1198,0,0,0
g3scan,rq4graded,10.0,-1.0,eb1168,0.11675778353879479,tier0,0,6.4,0,0.48,20000,0.6073,0.3927,0.0389,7.878,0.0594,1.013,3.4692,0.3263,0.3063,7,0.9338,8,0.1176,0,0,0
g3scan,rq4graded,10.0,-1.0,eb1168,0.11675778353879479,tier0,0,6.4,0,0.49,20000,0.6073,0.3927,0.0479,7.651,0.065,1.05,3.3259,0.3212,0.3015,7,0.9351,8,0.1153,0,0,0
g3scan,rq4graded,10.0,-1.0,eb1168,0.11675778353879479,tier0,0,6.4,0,0.5,20000,0.6073,0.3927,0.0576,7.423,0.0706,1.068,3.1857,0.316,0.2965,7,0.9365,8,0.1136,0,0,0
g3scan,rq4graded,10.0,-1.0,eb1168,0.11675778353879479,tier0,0,6.4,0,0.51,20000,0.6073,0.3927,0.069,7.203,0.0754,1.092,3.0582,0.3113,0.2918,7,0.937,8,0.1122,0,0,0
g3scan,rq4graded,10.0,-1.0,eb1168,0.11675778353879479,tier0,0,6.4,0,0.52,20000,0.6073,0.3927,0.0791,6.986,0.0816,1.108,2.9214,0.3063,0.2871,7,0.9376,8,0.1109,0,1,0
g3scan,rq4graded,10.0,-1.0,eb1168,0.11675778353879479,tier0,0,9.6,1,0.17,20000,0.6073,0.3927,0.0,13.582,0.0,nan,8.7551,nan,nan,0,1.1972,8,nan,0,0,0
g3scan,rq4graded,10.0,-1.0,eb1168,0.11675778353879479,tier0,0,9.6,1,0.18,20000,0.6073,0.3927,0.0,13.15,0.0,nan,8.3393,0.9129,0.9129,1,1.1444,8,nan,0,0,0
g3scan,rq4graded,10.0,-1.0,eb1168,0.11675778353879479,tier0,0,9.6,1,0.19,20000,0.6073,0.3927,0.0,12.725,0.0,nan,7.9342,0.825,0.8237,2,1.1165,8,nan,0,0,0
g3scan,rq4graded,10.0,-1.0,eb1168,0.11675778353879479,tier0,0,9.6,1,0.2,20000,0.6073,0.3927,0.0,12.294,0.0,nan,7.5122,0.7411,0.7387,3,1.0843,8,nan,0,0,0
g3scan,rq4graded,10.0,-1.0,eb1168,0.11675778353879479,tier0,0,9.6,1,0.21,20000,0.6073,0.3927,0.0,11.87,0.0,nan,7.1043,0.6946,0.6918,3,1.054,8,nan,0,0,0
g3scan,rq4graded,10.0,-1.0,eb1168,0.11675778353879479,tier0,0,9.6,1,0.22,20000,0.6073,0.3927,0.0,11.437,0.0,nan,6.7039,0.6239,0.6195,4,1.0285,8,nan,0,0,0
g3scan,rq4graded,10.0,-1.0,eb1168,0.11675778353879479,tier0,0,9.6,1,0.23,20000,0.6073,0.3927,0.0,11.012,0.0,nan,6.2984,0.5592,0.5515,5,1.0161,8,nan,0,0,0
g3scan,rq4graded,10.0,-1.0,eb1168,0.11675778353879479,tier0,0,9.6,1,0.24,20000,0.6073,0.3927,0.0,10.58,0.0,0.0,5.8872,0.5288,0.5213,5,0.9318,7,nan,0,0,0
g3scan,rq4graded,10.0,-1.0,eb1168,0.11675778353879479,tier0,0,9.6,1,0.25,20000,0.6073,0.3927,0.0,10.153,0.0,0.0,5.5016,0.4718,0.46,6,0.9192,7,nan,0,0,0
g3scan,rq4graded,10.0,-1.0,eb1168,0.11675778353879479,tier0,0,9.6,1,0.26,20000,0.6073,0.3927,0.0,9.725,0.0002,0.167,5.1027,0.4182,0.3997,7,0.9064,7,nan,0,0,0
g3scan,rq4graded,10.0,-1.0,eb1168,0.11675778353879479,tier0,0,9.6,1,0.27,20000,0.6073,0.3927,0.0,9.296,0.0003,0.086,4.712,0.3985,0.3804,7,0.9069,7,nan,0,0,0
g3scan,rq4graded,10.0,-1.0,eb1168,0.11675778353879479,tier0,0,9.6,1,0.28,20000,0.6073,0.3927,0.0,8.877,0.001,0.116,4.3387,0.3814,0.3642,7,0.9049,7,0.1588,0,0,0
g3scan,rq4graded,10.0,-1.0,eb1168,0.11675778353879479,tier0,0,9.6,1,0.29,20000,0.6073,0.3927,0.0002,8.454,0.0028,0.17,3.9538,0.3658,0.3494,7,0.8088,6,0.1475,0,0,0
g3scan,rq4graded,10.0,-1.0,eb1168,0.11675778353879479,tier0,0,9.6,1,0.3,20000,0.6073,0.3927,0.0003,8.04,0.0077,0.29,3.6006,0.351,0.3354,7,0.8099,6,0.1424,0,0,0
g3scan,rq4graded,10.0,-1.0,eb1168,0.11675778353879479,tier0,0,9.6,1,0.31,20000,0.6073,0.3927,0.001,7.631,0.0151,0.377,3.2505,0.3376,0.3222,7,0.8104,6,0.1383,0,0,0
g3scan,rq4graded,10.0,-1.0,eb1168,0.11675778353879479,tier0,0,9.6,1,0.32,20000,0.6073,0.3927,0.0025,7.23,0.0258,0.473,2.917,0.325,0.3101,7,0.8214,6,0.1341,0,0,0
g3scan,rq4graded,10.0,-1.0,eb1168,0.11675778353879479,tier0,0,9.6,1,0.33,20000,0.6073,0.3927,0.0062,6.835,0.0393,0.562,2.6181,0.3137,0.2991,7,0.8285,6,0.1287,0,1,0
g3scan,rq4graded,10.0,-1.0,eb1168,0.11675778353879479,tier0,0,9.6,1,0.34,20000,0.6073,0.3927,0.0128,6.452,0.0569,0.706,2.3368,0.3027,0.2886,7,0.7297,5,0.1243,0,1,0
g3scan,rq4graded,10.0,-1.0,eb1168,0.11675778353879479,tier0,0,9.6,1,0.35,20000,0.6073,0.3927,0.0228,6.08,0.0749,0.823,2.1129,0.2932,0.2793,7,0.7398,5,0.1193,0,1,0
g3scan,rq4graded,10.0,-1.0,eb1168,0.11675778353879479,tier0,0,9.6,1,0.36,20000,0.6073,0.3927,0.0353,5.717,0.0932,0.914,1.8949,0.2836,0.27,7,0.7516,5,0.1156,0,1,0
g3scan,rq4graded,10.0,-1.0,eb1168,0.11675778353879479,tier0,0,9.6,1,0.37,20000,0.6073,0.3927,0.0531,5.372,0.1095,0.993,1.7374,0.2744,0.2613,7,0.7636,5,0.1125,0,1,0
g3scan,rq4graded,10.0,-1.0,eb1168,0.11675778353879479,tier0,0,9.6,1,0.38,20000,0.6073,0.3927,0.0748,5.039,0.1252,1.094,1.6002,0.2662,0.2534,7,0.771,5,0.1087,0,1,0
g3scan,rq4graded,10.0,-1.0,eb1168,0.11675778353879479,tier0,0,9.6,1,0.39,20000,0.6073,0.3927,0.1005,4.715,0.1406,1.179,1.4923,0.2585,0.246,7,0.6724,4,0.1053,0,1,0
g3scan,rq4graded,10.0,-1.0,eb1168,0.11675778353879479,tier0,0,9.6,1,0.4,20000,0.6073,0.3927,0.1276,4.411,0.1544,1.246,1.4094,0.2508,0.2387,7,0.6942,4,0.102,0,1,0
g3scan,rq4graded,10.0,-1.0,eb1168,0.11675778353879479,tier0,0,9.6,1,0.41,20000,0.6073,0.3927,0.156,4.122,0.1645,1.252,1.3341,0.2434,0.2319,7,0.7056,4,0.0986,0,0,0
g3scan,rq4graded,10.0,-1.0,eb1168,0.11675778353879479,tier0,0,9.6,1,0.42,20000,0.6073,0.3927,0.1869,3.846,0.1751,1.309,1.2982,0.2369,0.2257,7,0.7237,4,0.0956,0,0,0
g3scan,rq4graded,10.0,-1.0,eb1168,0.11675778353879479,tier0,0,9.6,1,0.43,20000,0.6073,0.3927,0.2186,3.584,0.1847,1.343,1.2627,0.2309,0.2199,7,0.732,4,0.0928,0,0,0
g3scan,rq4graded,10.0,-1.0,eb1168,0.11675778353879479,tier0,0,9.6,1,0.44,20000,0.6073,0.3927,0.2501,3.336,0.1961,1.412,1.2399,0.2249,0.2142,7,0.6655,3,0.0904,1,0,0
g3scan,rq4graded,10.0,-1.0,eb1168,0.11675778353879479,tier0,0,9.6,1,0.45,20000,0.6073,0.3927,0.2811,3.107,0.2027,1.399,1.2402,0.2188,0.2085,7,0.6795,3,0.0881,1,0,0
g3scan,rq4graded,10.0,-1.0,eb1168,0.11675778353879479,tier0,0,9.6,1,0.46,20000,0.6073,0.3927,0.312,2.889,0.2112,1.421,1.239,0.2129,0.203,7,0.6984,3,0.086,1,0,0
g3scan,rq4graded,10.0,-1.0,eb1168,0.11675778353879479,tier0,0,9.6,1,0.47,20000,0.6073,0.3927,0.343,2.685,0.2177,1.405,1.2561,0.2083,0.1985,7,0.7073,3,0.0839,1,0,0
g3scan,rq4graded,10.0,-1.0,eb1168,0.11675778353879479,tier0,0,9.6,1,0.48,20000,0.6073,0.3927,0.3723,2.493,0.2257,1.418,1.2773,0.2043,0.1943,7,0.7223,3,0.082,1,0,0
g3scan,rq4graded,10.0,-1.0,eb1168,0.11675778353879479,tier0,0,9.6,1,0.49,20000,0.6073,0.3927,0.4021,2.31,0.2317,1.415,1.3248,0.2011,0.1908,7,0.6682,2,0.08,1,0,0
g3scan,rq4graded,10.0,-1.0,eb1168,0.11675778353879479,tier0,0,9.6,1,0.5,20000,0.6073,0.3927,0.4289,2.143,0.2432,1.46,1.3568,0.1982,0.1874,7,0.6782,2,0.0783,1,0,0
g3scan,rq4graded,10.0,-1.0,eb1168,0.11675778353879479,tier0,0,9.6,1,0.51,20000,0.6073,0.3927,0.457,1.984,0.2517,1.499,1.4181,0.1967,0.1849,7,0.6895,2,0.0767,1,0,0
g3scan,rq4graded,10.0,-1.0,eb1168,0.11675778353879479,tier0,0,9.6,1,0.52,20000,0.6073,0.3927,0.4829,1.836,0.2599,1.52,1.4831,0.1944,0.1822,7,0.6905,2,0.0751,1,0,0
g3scan,rq4graded,10.0,-1.0,eb1168,0.11675778353879479,tier0,0,12.8,1,0.17,20000,0.6073,0.3927,0.0,11.731,0.0,nan,7.0556,0.8215,0.8206,2,1.0084,7,nan,0,0,0
g3scan,rq4graded,10.0,-1.0,eb1168,0.11675778353879479,tier0,0,12.8,1,0.18,20000,0.6073,0.3927,0.0,11.194,0.0,nan,6.5771,0.7251,0.7239,3,0.9683,7,nan,0,0,0
g3scan,rq4graded,10.0,-1.0,eb1168,0.11675778353879479,tier0,0,12.8,1,0.19,20000,0.6073,0.3927,0.0,10.66,0.0,nan,6.0781,0.6631,0.6616,3,0.8815,6,nan,0,0,0
g3scan,rq4graded,10.0,-1.0,eb1168,0.11675778353879479,tier0,0,12.8,1,0.2,20000,0.6073,0.3927,0.0,10.12,0.0,nan,5.6145,0.5867,0.5841,4,0.8593,6,nan,0,0,0
g3scan,rq4graded,10.0,-1.0,eb1168,0.11675778353879479,tier0,0,12.8,1,0.21,20000,0.6073,0.3927,0.0,9.585,0.0,nan,5.1277,0.5183,0.514,5,0.8422,6,nan,0,0,0
g3scan,rq4graded,10.0,-1.0,eb1168,0.11675778353879479,tier0,0,12.8,1,0.22,20000,0.6073,0.3927,0.0,9.044,0.0,0.0,4.6804,0.4553,0.4482,6,0.76,5,nan,0,0,0
g3scan,rq4graded,10.0,-1.0,eb1168,0.11675778353879479,tier0,0,12.8,1,0.23,20000,0.6073,0.3927,0.0,8.509,0.0,0.0,4.214,0.4232,0.4162,6,0.7521,5,nan,0,0,0
g3scan,rq4graded,10.0,-1.0,eb1168,0.11675778353879479,tier0,0,12.8,1,0.24,20000,0.6073,0.3927,0.0,7.977,0.0002,0.06,3.7923,0.3705,0.3583,7,0.7518,5,nan,0,0,0
g3scan,rq4graded,10.0,-1.0,eb1168,0.11675778353879479,tier0,0,12.8,1,0.25,20000,0.6073,0.3927,0.0,7.446,0.0007,0.057,3.3584,0.3473,0.3359,7,0.7665,5,nan,0,0,0
g3scan,rq4graded,10.0,-1.0,eb1168,0.11675778353879479,tier0,0,12.8,1,0.26,20000,0.6073,0.3927,0.0001,6.923,0.0033,0.115,2.9626,0.327,0.3163,7,0.6712,4,0.1476,0,1,0
g3scan,rq4graded,10.0,-1.0,eb1168,0.11675778353879479,tier0,0,12.8,1,0.27,20000,0.6073,0.3927,0.0002,6.409,0.012,0.223,2.5901,0.3082,0.298,7,0.6857,4,0.1402,0,1,0
g3scan,rq4graded,10.0,-1.0,eb1168,0.11675778353879479,tier0,0,12.8,1,0.28,20000,0.6073,0.3927,0.001,5.912,0.0288,0.347,2.2356,0.2911,0.2812,7,0.7145,4,0.1343,0,1,0
g3scan,rq4graded,10.0,-1.0,eb1168,0.11675778353879479,tier0,0,12.8,1,0.29,20000,0.6073,0.3927,0.0041,5.433,0.0553,0.516,1.9569,0.2755,0.2663,7,0.6353,3,0.1274,0,1,0
g3scan,rq4graded,10.0,-1.0,eb1168,0.11675778353879479,tier0,0,12.8,1,0.3,20000,0.6073,0.3927,0.0127,4.967,0.0896,0.701,1.7212,0.2611,0.2523,7,0.6654,3,0.1205,0,1,0
g3scan,rq4graded,10.0,-1.0,eb1168,0.11675778353879479,tier0,0,12.8,1,0.31,20000,0.6073,0.3927,0.0285,4.526,0.1242,0.876,1.5459,0.2482,0.2398,7,0.6915,3,0.115,0,1,0
g3scan,rq4graded,10.0,-1.0,eb1168,0.11675778353879479,tier0,0,12.8,1,0.32,20000,0.6073,0.3927,0.0537,4.106,0.1574,1.029,1.4459,0.2365,0.2284,7,0.6245,2,0.1096,0,0,0
g3scan,rq4graded,10.0,-1.0,eb1168,0.11675778353879479,tier0,0,12.8,1,0.33,20000,0.6073,0.3927,0.0892,3.705,0.1875,1.174,1.4174,0.2257,0.2179,7,0.6557,2,0.1042,0,0,0
g3scan,rq4graded,10.0,-1.0,eb1168,0.11675778353879479,tier0,0,12.8,1,0.34,20000,0.6073,0.3927,0.1319,3.332,0.2111,1.267,1.4386,0.2174,0.2095,7,0.69,2,0.0991,1,0,0
g3scan,rq4graded,10.0,-1.0,eb1168,0.11675778353879479,tier0,0,12.8,1,0.35,20000,0.6073,0.3927,0.1788,2.987,0.2332,1.357,1.5007,0.2113,0.2026,7,0.6882,2,0.0944,1,0,0
g3scan,rq4graded,10.0,-1.0,eb1168,0.11675778353879479,tier0,0,12.8,1,0.36,20000,0.6073,0.3927,0.2294,2.665,0.2508,1.398,1.5946,0.2058,0.1963,7,0.6364,1,0.0903,1,0,0
g3scan,rq4graded,10.0,-1.0,eb1168,0.11675778353879479,tier0,0,12.8,1,0.37,20000,0.6073,0.3927,0.2799,2.372,0.2671,1.411,1.6817,0.2019,0.1912,7,0.6264,1,0.0867,1,0,0
g3scan,rq4graded,10.0,-1.0,eb1168,0.11675778353879479,tier0,0,12.8,1,0.38,20000,0.6073,0.3927,0.3292,2.105,0.2844,1.467,1.8021,0.2019,0.1886,7,0.6359,1,0.0833,1,0,0
g3scan,rq4graded,10.0,-1.0,eb1168,0.11675778353879479,tier0,0,12.8,1,0.39,20000,0.6073,0.3927,0.3795,1.862,0.2996,1.503,1.9089,0.2068,0.1884,7,nan,0,0.0801,1,0,0
g3scan,rq4graded,10.0,-1.0,eb1168,0.11675778353879479,tier0,0,12.8,1,0.4,20000,0.6073,0.3927,0.4257,1.641,0.3204,1.595,2.0314,0.2108,0.1879,7,nan,0,0.0772,0,0,0
g3scan,rq4graded,10.0,-1.0,eb1168,0.11675778353879479,tier0,0,12.8,1,0.41,20000,0.6073,0.3927,0.4709,1.445,0.3341,1.597,2.1575,0.2124,0.187,7,nan,0,0.0745,0,0,0
g3scan,rq4graded,10.0,-1.0,eb1168,0.11675778353879479,tier0,0,12.8,1,0.42,20000,0.6073,0.3927,0.514,1.266,0.3517,1.648,2.2833,0.2173,0.1883,7,nan,0,0.0719,0,0,0
g3scan,rq4graded,10.0,-1.0,eb1168,0.11675778353879479,tier0,0,12.8,1,0.43,20000,0.6073,0.3927,0.5549,1.108,0.3675,1.662,2.4003,0.2211,0.1888,7,nan,0,0.0697,0,0,0
g3scan,rq4graded,10.0,-1.0,eb1168,0.11675778353879479,tier0,0,12.8,1,0.44,20000,0.6073,0.3927,0.5954,0.962,0.382,1.642,2.5103,0.2235,0.1895,7,nan,0,0.0671,0,0,0
g3scan,rq4graded,10.0,-1.0,eb1168,0.11675778353879479,tier0,0,12.8,1,0.45,20000,0.6073,0.3927,0.6318,0.837,0.3975,1.643,2.6151,0.1907,0.1665,6,nan,0,0.0646,0,0,0
g3scan,rq4graded,10.0,-1.0,eb1168,0.11675778353879479,tier0,0,12.8,1,0.46,20000,0.6073,0.3927,0.6662,0.724,0.414,1.609,2.7184,0.1953,0.1686,6,nan,0,0.0624,0,0,0
g3scan,rq4graded,10.0,-1.0,eb1168,0.11675778353879479,tier0,0,12.8,1,0.47,20000,0.6073,0.3927,0.6969,0.626,0.4428,1.729,2.8226,0.1981,0.1705,6,nan,0,0.0604,0,0,0
g3scan,rq4graded,10.0,-1.0,eb1168,0.11675778353879479,tier0,0,12.8,1,0.48,20000,0.6073,0.3927,0.7274,0.537,0.4625,1.714,2.9188,0.1705,0.1498,5,nan,0,0.0583,0,0,0
g3scan,rq4graded,10.0,-1.0,eb1168,0.11675778353879479,tier0,0,12.8,1,0.49,20000,0.6073,0.3927,0.755,0.46,0.4947,1.847,3.0116,0.1749,0.1527,5,nan,0,0.0563,0,0,0
g3scan,rq4graded,10.0,-1.0,eb1168,0.11675778353879479,tier0,0,12.8,1,0.5,20000,0.6073,0.3927,0.7803,0.392,0.5251,1.93,3.1019,0.1774,0.1554,5,nan,0,0.0546,0,0,0
g3scan,rq4graded,10.0,-1.0,eb1168,0.11675778353879479,tier0,0,12.8,1,0.51,20000,0.6073,0.3927,0.8039,0.334,0.5568,2.045,3.1876,0.1816,0.1592,5,nan,0,0.0533,0,0,0
g3scan,rq4graded,10.0,-1.0,eb1168,0.11675778353879479,tier0,0,12.8,1,0.52,20000,0.6073,0.3927,0.8282,0.281,0.5883,2.216,3.2548,0.157,0.1401,4,nan,0,0.0513,0,0,0
g3scan,rq4graded,10.0,-1.0,eb154,0.154,tier0,1,2.4,0,0.17,20000,0.3931,0.6069,0.0,20.38,0.0,nan,15.4911,nan,nan,0,3.2625,1,nan,0,0,0
g3scan,rq4graded,10.0,-1.0,eb154,0.154,tier0,1,2.4,0,0.18,20000,0.3931,0.6069,0.0,20.325,0.0,nan,15.4362,nan,nan,0,3.1418,1,nan,0,0,0
g3scan,rq4graded,10.0,-1.0,eb154,0.154,tier0,1,2.4,0,0.19,20000,0.3931,0.6069,0.0,20.267,0.0,nan,15.3786,nan,nan,0,3.0672,1,nan,0,0,0
g3scan,rq4graded,10.0,-1.0,eb154,0.154,tier0,1,2.4,0,0.2,20000,0.3931,0.6069,0.0,20.216,0.0,nan,15.3278,nan,nan,0,3.0313,1,nan,0,0,0
g3scan,rq4graded,10.0,-1.0,eb154,0.154,tier0,1,2.4,0,0.21,20000,0.3931,0.6069,0.0,20.163,0.0,nan,15.2746,nan,nan,0,3.0336,2,nan,0,0,0
g3scan,rq4graded,10.0,-1.0,eb154,0.154,tier0,1,2.4,0,0.22,20000,0.3931,0.6069,0.0,20.109,0.0,nan,15.2201,nan,nan,0,3.0062,2,nan,0,0,0
g3scan,rq4graded,10.0,-1.0,eb154,0.154,tier0,1,2.4,0,0.23,20000,0.3931,0.6069,0.0,20.057,0.0,nan,15.1679,nan,nan,0,2.9372,2,nan,0,0,0
g3scan,rq4graded,10.0,-1.0,eb154,0.154,tier0,1,2.4,0,0.24,20000,0.3931,0.6069,0.0,20.005,0.0,nan,15.1161,nan,nan,0,2.9179,2,nan,0,0,0
g3scan,rq4graded,10.0,-1.0,eb154,0.154,tier0,1,2.4,0,0.25,20000,0.3931,0.6069,0.0,19.952,0.0,nan,15.0633,nan,nan,0,2.8775,2,nan,0,0,0
g3scan,rq4graded,10.0,-1.0,eb154,0.154,tier0,1,2.4,0,0.26,20000,0.3931,0.6069,0.0,19.898,0.0,nan,15.0092,nan,nan,0,2.8538,2,nan,0,0,0
g3scan,rq4graded,10.0,-1.0,eb154,0.154,tier0,1,2.4,0,0.27,20000,0.3931,0.6069,0.0,19.845,0.0,nan,14.9568,nan,nan,0,2.8009,3,nan,0,0,0
g3scan,rq4graded,10.0,-1.0,eb154,0.154,tier0,1,2.4,0,0.28,20000,0.3931,0.6069,0.0,19.793,0.0,nan,14.9041,nan,nan,0,2.758,3,nan,0,0,0
g3scan,rq4graded,10.0,-1.0,eb154,0.154,tier0,1,2.4,0,0.29,20000,0.3931,0.6069,0.0,19.738,0.0,nan,14.8498,nan,nan,0,2.739,3,nan,0,0,0
g3scan,rq4graded,10.0,-1.0,eb154,0.154,tier0,1,2.4,0,0.3,20000,0.3931,0.6069,0.0,19.686,0.0,nan,14.7971,nan,nan,0,2.6981,3,nan,0,0,0
g3scan,rq4graded,10.0,-1.0,eb154,0.154,tier0,1,2.4,0,0.31,20000,0.3931,0.6069,0.0,19.635,0.0,nan,14.7468,nan,nan,0,2.6254,4,nan,0,0,0
g3scan,rq4graded,10.0,-1.0,eb154,0.154,tier0,1,2.4,0,0.32,20000,0.3931,0.6069,0.0,19.583,0.0,nan,14.6944,nan,nan,0,2.6566,3,nan,0,0,0
g3scan,rq4graded,10.0,-1.0,eb154,0.154,tier0,1,2.4,0,0.33,20000,0.3931,0.6069,0.0,19.532,0.0,nan,14.6432,nan,nan,0,2.5734,4,nan,0,0,0
g3scan,rq4graded,10.0,-1.0,eb154,0.154,tier0,1,2.4,0,0.34,20000,0.3931,0.6069,0.0,19.481,0.0,nan,14.5927,nan,nan,0,2.5594,4,nan,0,0,0
g3scan,rq4graded,10.0,-1.0,eb154,0.154,tier0,1,2.4,0,0.35,20000,0.3931,0.6069,0.0,19.428,0.0,nan,14.5395,nan,nan,0,2.5385,4,nan,0,0,0
g3scan,rq4graded,10.0,-1.0,eb154,0.154,tier0,1,2.4,0,0.36,20000,0.3931,0.6069,0.0,19.378,0.0,nan,14.4898,nan,nan,0,2.5113,4,nan,0,0,0
g3scan,rq4graded,10.0,-1.0,eb154,0.154,tier0,1,2.4,0,0.37,20000,0.3931,0.6069,0.0,19.329,0.0,nan,14.44,nan,nan,0,2.4986,4,nan,0,0,0
g3scan,rq4graded,10.0,-1.0,eb154,0.154,tier0,1,2.4,0,0.38,20000,0.3931,0.6069,0.0,19.279,0.0,nan,14.3904,nan,nan,0,2.4899,4,nan,0,0,0
g3scan,rq4graded,10.0,-1.0,eb154,0.154,tier0,1,2.4,0,0.39,20000,0.3931,0.6069,0.0,19.228,0.0,nan,14.3395,nan,nan,0,2.3683,5,nan,0,0,0
g3scan,rq4graded,10.0,-1.0,eb154,0.154,tier0,1,2.4,0,0.4,20000,0.3931,0.6069,0.0,19.18,0.0,nan,14.2917,nan,nan,0,2.3562,5,nan,0,0,0
g3scan,rq4graded,10.0,-1.0,eb154,0.154,tier0,1,2.4,0,0.41,20000,0.3931,0.6069,0.0,19.128,0.0,nan,14.2394,nan,nan,0,2.3311,5,nan,0,0,0
g3scan,rq4graded,10.0,-1.0,eb154,0.154,tier0,1,2.4,0,0.42,20000,0.3931,0.6069,0.0,19.075,0.0,nan,14.1862,nan,nan,0,2.3135,5,nan,0,0,0
g3scan,rq4graded,10.0,-1.0,eb154,0.154,tier0,1,2.4,0,0.43,20000,0.3931,0.6069,0.0,19.023,0.0,nan,14.1343,nan,nan,0,2.3042,5,nan,0,0,0
g3scan,rq4graded,10.0,-1.0,eb154,0.154,tier0,1,2.4,0,0.44,20000,0.3931,0.6069,0.0,18.973,0.0,nan,14.0848,nan,nan,0,2.1919,6,nan,0,0,0
g3scan,rq4graded,10.0,-1.0,eb154,0.154,tier0,1,2.4,0,0.45,20000,0.3931,0.6069,0.0,18.924,0.0,nan,14.0358,nan,nan,0,2.185,6,nan,0,0,0
g3scan,rq4graded,10.0,-1.0,eb154,0.154,tier0,1,2.4,0,0.46,20000,0.3931,0.6069,0.0,18.873,0.0,nan,13.9845,nan,nan,0,2.1724,6,nan,0,0,0
g3scan,rq4graded,10.0,-1.0,eb154,0.154,tier0,1,2.4,0,0.47,20000,0.3931,0.6069,0.0,18.822,0.0,nan,13.9333,nan,nan,0,2.1613,6,nan,0,0,0
g3scan,rq4graded,10.0,-1.0,eb154,0.154,tier0,1,2.4,0,0.48,20000,0.3931,0.6069,0.0,18.77,0.0,nan,13.8817,nan,nan,0,2.1508,6,nan,0,0,0
g3scan,rq4graded,10.0,-1.0,eb154,0.154,tier0,1,2.4,0,0.49,20000,0.3931,0.6069,0.0,18.723,0.0,nan,13.8343,nan,nan,0,2.14,6,nan,0,0,0
g3scan,rq4graded,10.0,-1.0,eb154,0.154,tier0,1,2.4,0,0.5,20000,0.3931,0.6069,0.0,18.673,0.0,nan,13.7847,nan,nan,0,2.0297,7,nan,0,0,0
g3scan,rq4graded,10.0,-1.0,eb154,0.154,tier0,1,2.4,0,0.51,20000,0.3931,0.6069,0.0,18.625,0.0,nan,13.7361,nan,nan,0,2.0209,7,nan,0,0,0
g3scan,rq4graded,10.0,-1.0,eb154,0.154,tier0,1,2.4,0,0.52,20000,0.3931,0.6069,0.0,18.576,0.0,nan,13.6871,nan,nan,0,2.0123,7,nan,0,0,0
g3scan,rq4graded,10.0,-1.0,eb154,0.154,tier0,1,3.2,0,0.17,20000,0.3931,0.6069,0.0,19.35,0.0,nan,14.4609,nan,nan,0,2.8242,2,nan,0,0,0
g3scan,rq4graded,10.0,-1.0,eb154,0.154,tier0,1,3.2,0,0.18,20000,0.3931,0.6069,0.0,19.239,0.0,nan,14.35,nan,nan,0,2.7372,3,nan,0,0,0
g3scan,rq4graded,10.0,-1.0,eb154,0.154,tier0,1,3.2,0,0.19,20000,0.3931,0.6069,0.0,19.135,0.0,nan,14.2465,nan,nan,0,2.6747,3,nan,0,0,0
g3scan,rq4graded,10.0,-1.0,eb154,0.154,tier0,1,3.2,0,0.2,20000,0.3931,0.6069,0.0,19.028,0.0,nan,14.1396,nan,nan,0,2.6274,3,nan,0,0,0
g3scan,rq4graded,10.0,-1.0,eb154,0.154,tier0,1,3.2,0,0.21,20000,0.3931,0.6069,0.0,18.927,0.0,nan,14.0385,nan,nan,0,2.5654,4,nan,0,0,0
g3scan,rq4graded,10.0,-1.0,eb154,0.154,tier0,1,3.2,0,0.22,20000,0.3931,0.6069,0.0,18.822,0.0,nan,13.933,nan,nan,0,2.5024,4,nan,0,0,0
g3scan,rq4graded,10.0,-1.0,eb154,0.154,tier0,1,3.2,0,0.23,20000,0.3931,0.6069,0.0,18.725,0.0,nan,13.8362,nan,nan,0,2.4529,4,nan,0,0,0
g3scan,rq4graded,10.0,-1.0,eb154,0.154,tier0,1,3.2,0,0.24,20000,0.3931,0.6069,0.0,18.623,0.0,nan,13.7341,nan,nan,0,2.3548,5,nan,0,0,0
g3scan,rq4graded,10.0,-1.0,eb154,0.154,tier0,1,3.2,0,0.25,20000,0.3931,0.6069,0.0,18.52,0.0,nan,13.6318,nan,nan,0,2.3156,5,nan,0,0,0
g3scan,rq4graded,10.0,-1.0,eb154,0.154,tier0,1,3.2,0,0.26,20000,0.3931,0.6069,0.0,18.423,0.0,nan,13.5341,nan,nan,0,2.2867,5,nan,0,0,0
g3scan,rq4graded,10.0,-1.0,eb154,0.154,tier0,1,3.2,0,0.27,20000,0.3931,0.6069,0.0,18.325,0.0,nan,13.4362,nan,nan,0,2.2495,5,nan,0,0,0
g3scan,rq4graded,10.0,-1.0,eb154,0.154,tier0,1,3.2,0,0.28,20000,0.3931,0.6069,0.0,18.225,0.0,nan,13.3361,nan,nan,0,2.145,6,nan,0,0,0
g3scan,rq4graded,10.0,-1.0,eb154,0.154,tier0,1,3.2,0,0.29,20000,0.3931,0.6069,0.0,18.123,0.0,nan,13.234,nan,nan,0,2.1208,6,nan,0,0,0
g3scan,rq4graded,10.0,-1.0,eb154,0.154,tier0,1,3.2,0,0.3,20000,0.3931,0.6069,0.0,18.021,0.0,nan,13.1319,nan,nan,0,2.0922,6,nan,0,0,0
g3scan,rq4graded,10.0,-1.0,eb154,0.154,tier0,1,3.2,0,0.31,20000,0.3931,0.6069,0.0,17.92,0.0,nan,13.0312,nan,nan,0,1.9866,7,nan,0,0,0
g3scan,rq4graded,10.0,-1.0,eb154,0.154,tier0,1,3.2,0,0.32,20000,0.3931,0.6069,0.0,17.821,0.0,nan,12.9325,nan,nan,0,1.9664,7,nan,0,0,0
g3scan,rq4graded,10.0,-1.0,eb154,0.154,tier0,1,3.2,0,0.33,20000,0.3931,0.6069,0.0,17.725,0.0,nan,12.8365,nan,nan,0,1.9482,7,nan,0,0,0
g3scan,rq4graded,10.0,-1.0,eb154,0.154,tier0,1,3.2,0,0.34,20000,0.3931,0.6069,0.0,17.619,0.0,nan,12.7305,nan,nan,0,1.921,7,nan,0,0,0
g3scan,rq4graded,10.0,-1.0,eb154,0.154,tier0,1,3.2,0,0.35,20000,0.3931,0.6069,0.0,17.519,0.0,nan,12.6307,nan,nan,0,1.821,8,nan,0,0,0
g3scan,rq4graded,10.0,-1.0,eb154,0.154,tier0,1,3.2,0,0.36,20000,0.3931,0.6069,0.0,17.42,0.0,nan,12.5314,nan,nan,0,1.8056,8,nan,0,0,0
g3scan,rq4graded,10.0,-1.0,eb154,0.154,tier0,1,3.2,0,0.37,20000,0.3931,0.6069,0.0,17.325,0.0,nan,12.4359,nan,nan,0,1.7871,8,nan,0,0,0
g3scan,rq4graded,10.0,-1.0,eb154,0.154,tier0,1,3.2,0,0.38,20000,0.3931,0.6069,0.0,17.225,0.0,nan,12.3361,nan,nan,0,1.7714,8,nan,0,0,0
g3scan,rq4graded,10.0,-1.0,eb154,0.154,tier0,1,3.2,0,0.39,20000,0.3931,0.6069,0.0,17.127,0.0,nan,12.2379,nan,nan,0,1.7576,8,nan,0,0,0
g3scan,rq4graded,10.0,-1.0,eb154,0.154,tier0,1,3.2,0,0.4,20000,0.3931,0.6069,0.0,17.022,0.0,nan,12.1332,nan,nan,0,1.7416,8,nan,0,0,0
g3scan,rq4graded,10.0,-1.0,eb154,0.154,tier0,1,3.2,0,0.41,20000,0.3931,0.6069,0.0,16.924,0.0,nan,12.035,nan,nan,0,1.7285,8,nan,0,0,0
g3scan,rq4graded,10.0,-1.0,eb154,0.154,tier0,1,3.2,0,0.42,20000,0.3931,0.6069,0.0,16.827,0.0,nan,11.9386,0.8542,0.8542,1,1.716,8,nan,0,0,0
g3scan,rq4graded,10.0,-1.0,eb154,0.154,tier0,1,3.2,0,0.43,20000,0.3931,0.6069,0.0,16.727,0.0,nan,11.8382,0.8602,0.8602,1,1.6996,8,nan,0,0,0
g3scan,rq4graded,10.0,-1.0,eb154,0.154,tier0,1,3.2,0,0.44,20000,0.3931,0.6069,0.0,16.628,0.0,0.0,11.7396,0.8394,0.8394,1,1.685,8,nan,0,0,0
g3scan,rq4graded,10.0,-1.0,eb154,0.154,tier0,1,3.2,0,0.45,20000,0.3931,0.6069,0.0,16.533,0.0,0.0,11.6443,0.8329,0.8329,1,1.6745,8,nan,0,0,0
g3scan,rq4graded,10.0,-1.0,eb154,0.154,tier0,1,3.2,0,0.46,20000,0.3931,0.6069,0.0,16.436,0.0,0.0,11.5476,0.7668,0.7635,2,1.6622,8,nan,0,0,0
g3scan,rq4graded,10.0,-1.0,eb154,0.154,tier0,1,3.2,0,0.47,20000,0.3931,0.6069,0.0,16.336,0.0001,0.333,11.4479,0.7671,0.7643,2,1.6502,8,nan,0,0,0
g3scan,rq4graded,10.0,-1.0,eb154,0.154,tier0,1,3.2,0,0.48,20000,0.3931,0.6069,0.0,16.237,0.0001,1.0,11.3479,0.7673,0.7632,2,1.6373,8,nan,0,0,0
g3scan,rq4graded,10.0,-1.0,eb154,0.154,tier0,1,3.2,0,0.49,20000,0.3931,0.6069,0.0,16.138,0.0002,3.0,11.2493,0.7587,0.7547,2,1.6253,8,nan,0,0,0
g3scan,rq4graded,10.0,-1.0,eb154,0.154,tier0,1,3.2,0,0.5,20000,0.3931,0.6069,0.0,16.043,0.0002,3.0,11.1544,0.6964,0.6896,3,1.614,8,nan,0,0,0
g3scan,rq4graded,10.0,-1.0,eb154,0.154,tier0,1,3.2,0,0.51,20000,0.3931,0.6069,0.0,15.95,0.0003,nan,11.0613,0.6924,0.6855,3,1.6033,8,nan,0,0,0
g3scan,rq4graded,10.0,-1.0,eb154,0.154,tier0,1,3.2,0,0.52,20000,0.3931,0.6069,0.0001,15.853,0.0002,1.5,10.9658,0.6883,0.6814,3,1.5931,8,nan,0,0,0
g3scan,rq4graded,10.0,-1.0,eb154,0.154,tier0,1,4.8,0,0.17,20000,0.3931,0.6069,0.0,17.326,0.0,nan,12.4375,nan,nan,0,2.1437,5,nan,0,0,0
g3scan,rq4graded,10.0,-1.0,eb154,0.154,tier0,1,4.8,0,0.18,20000,0.3931,0.6069,0.0,17.114,0.0,nan,12.2258,nan,nan,0,2.0401,6,nan,0,0,0
g3scan,rq4graded,10.0,-1.0,eb154,0.154,tier0,1,4.8,0,0.19,20000,0.3931,0.6069,0.0,16.897,0.0,nan,12.0087,nan,nan,0,1.9741,6,nan,0,0,0
g3scan,rq4graded,10.0,-1.0,eb154,0.154,tier0,1,4.8,0,0.2,20000,0.3931,0.6069,0.0,16.682,0.0,nan,11.7929,nan,nan,0,1.8735,7,nan,0,0,0
g3scan,rq4graded,10.0,-1.0,eb154,0.154,tier0,1,4.8,0,0.21,20000,0.3931,0.6069,0.0,16.476,0.0,nan,11.589,nan,nan,0,1.824,7,nan,0,0,0
g3scan,rq4graded,10.0,-1.0,eb154,0.154,tier0,1,4.8,0,0.22,20000,0.3931,0.6069,0.0,16.261,0.0,nan,11.3762,nan,nan,0,1.7216,8,nan,0,0,0
g3scan,rq4graded,10.0,-1.0,eb154,0.154,tier0,1,4.8,0,0.23,20000,0.3931,0.6069,0.0,16.047,0.0,nan,11.163,nan,nan,0,1.6782,8,nan,0,0,0
g3scan,rq4graded,10.0,-1.0,eb154,0.154,tier0,1,4.8,0,0.24,20000,0.3931,0.6069,0.0,15.84,0.0,nan,10.957,nan,nan,0,1.6426,8,nan,0,0,0
g3scan,rq4graded,10.0,-1.0,eb154,0.154,tier0,1,4.8,0,0.25,20000,0.3931,0.6069,0.0,15.629,0.0,nan,10.7471,nan,nan,0,1.6129,8,nan,0,0,0
g3scan,rq4graded,10.0,-1.0,eb154,0.154,tier0,1,4.8,0,0.26,20000,0.3931,0.6069,0.0,15.423,0.0,nan,10.5409,nan,nan,0,1.582,8,nan,0,0,0
g3scan,rq4graded,10.0,-1.0,eb154,0.154,tier0,1,4.8,0,0.27,20000,0.3931,0.6069,0.0,15.208,0.0,nan,10.3264,0.8684,0.8684,1,1.5543,8,nan,0,0,0
g3scan,rq4graded,10.0,-1.0,eb154,0.154,tier0,1,4.8,0,0.28,20000,0.3931,0.6069,0.0,14.996,0.0,nan,10.1148,0.8515,0.8515,1,1.5261,8,nan,0,0,0
g3scan,rq4graded,10.0,-1.0,eb154,0.154,tier0,1,4.8,0,0.29,20000,0.3931,0.6069,0.0,14.785,0.0,nan,9.9048,0.7797,0.7775,2,1.5014,8,nan,0,0,0
g3scan,rq4graded,10.0,-1.0,eb154,0.154,tier0,1,4.8,0,0.3,20000,0.3931,0.6069,0.0,14.575,0.0,nan,9.6973,0.7687,0.7663,2,1.4774,8,nan,0,0,0
g3scan,rq4graded,10.0,-1.0,eb154,0.154,tier0,1,4.8,0,0.31,20000,0.3931,0.6069,0.0,14.364,0.0,nan,9.4904,0.7513,0.7479,2,1.4546,8,nan,0,0,0
g3scan,rq4graded,10.0,-1.0,eb154,0.154,tier0,1,4.8,0,0.32,20000,0.3931,0.6069,0.0,14.156,0.0,0.0,9.2858,0.6938,0.6881,3,1.4349,8,nan,0,0,0
g3scan,rq4graded,10.0,-1.0,eb154,0.154,tier0,1,4.8,0,0.33,20000,0.3931,0.6069,0.0,13.944,0.0,0.0,9.0765,0.6831,0.6764,3,1.4165,8,nan,0,0,0
g3scan,rq4graded,10.0,-1.0,eb154,0.154,tier0,1,4.8,0,0.34,20000,0.3931,0.6069,0.0,13.739,0.0,0.0,8.8724,0.6284,0.6174,4,1.4009,8,nan,0,0,0
g3scan,rq4graded,10.0,-1.0,eb154,0.154,tier0,1,4.8,0,0.35,20000,0.3931,0.6069,0.0,13.526,0.0001,1.0,8.6615,0.6183,0.6074,4,1.385,8,nan,0,0,0
g3scan,rq4graded,10.0,-1.0,eb154,0.154,tier0,1,4.8,0,0.36,20000,0.3931,0.6069,0.0,13.311,0.0002,1.0,8.4465,0.5633,0.5475,5,1.3713,8,nan,0,0,0
g3scan,rq4graded,10.0,-1.0,eb154,0.154,tier0,1,4.8,0,0.37,20000,0.3931,0.6069,0.0,13.108,0.0003,0.667,8.2449,0.5558,0.5403,5,1.3602,8,nan,0,0,0
g3scan,rq4graded,10.0,-1.0,eb154,0.154,tier0,1,4.8,0,0.38,20000,0.3931,0.6069,0.0,12.894,0.0003,0.364,8.0336,0.507,0.4833,6,1.3508,8,nan,0,0,0
g3scan,rq4graded,10.0,-1.0,eb154,0.154,tier0,1,4.8,0,0.39,20000,0.3931,0.6069,0.0002,12.684,0.0002,0.188,7.8319,0.5003,0.4775,6,1.3432,8,nan,0,0,0
g3scan,rq4graded,10.0,-1.0,eb154,0.154,tier0,1,4.8,0,0.4,20000,0.3931,0.6069,0.0002,12.476,0.0004,0.35,7.6269,0.4531,0.4191,7,1.3357,8,nan,0,0,0
g3scan,rq4graded,10.0,-1.0,eb154,0.154,tier0,1,4.8,0,0.41,20000,0.3931,0.6069,0.0003,12.27,0.0007,0.423,7.4257,0.4464,0.4129,7,1.3285,8,nan,0,0,0
g3scan,rq4graded,10.0,-1.0,eb154,0.154,tier0,1,4.8,0,0.42,20000,0.3931,0.6069,0.0003,12.059,0.001,0.39,7.2177,0.4403,0.4078,7,1.324,8,nan,0,0,0
g3scan,rq4graded,10.0,-1.0,eb154,0.154,tier0,1,4.8,0,0.43,20000,0.3931,0.6069,0.0004,11.85,0.0014,0.361,7.0133,0.4349,0.4021,7,1.32,8,0.1452,0,0,0
g3scan,rq4graded,10.0,-1.0,eb154,0.154,tier0,1,4.8,0,0.44,20000,0.3931,0.6069,0.0004,11.647,0.0018,0.315,6.8131,0.4298,0.3979,7,1.3145,8,0.141,0,0,0
g3scan,rq4graded,10.0,-1.0,eb154,0.154,tier0,1,4.8,0,0.45,20000,0.3931,0.6069,0.0008,11.437,0.0027,0.413,6.6111,0.4252,0.3939,7,1.3108,8,0.1387,0,0,0
g3scan,rq4graded,10.0,-1.0,eb154,0.154,tier0,1,4.8,0,0.46,20000,0.3931,0.6069,0.0011,11.231,0.0039,0.445,6.4091,0.421,0.39,7,1.3071,8,0.1345,0,0,0
g3scan,rq4graded,10.0,-1.0,eb154,0.154,tier0,1,4.8,0,0.47,20000,0.3931,0.6069,0.0015,11.022,0.0054,0.525,6.2119,0.4165,0.3855,7,1.3012,8,0.1332,0,0,0
g3scan,rq4graded,10.0,-1.0,eb154,0.154,tier0,1,4.8,0,0.48,20000,0.3931,0.6069,0.0019,10.82,0.0067,0.522,6.0199,0.4114,0.3809,7,1.2991,8,0.133,0,0,0
g3scan,rq4graded,10.0,-1.0,eb154,0.154,tier0,1,4.8,0,0.49,20000,0.3931,0.6069,0.0025,10.613,0.0089,0.626,5.8278,0.4066,0.3769,7,1.2983,8,0.132,0,0,0
g3scan,rq4graded,10.0,-1.0,eb154,0.154,tier0,1,4.8,0,0.5,20000,0.3931,0.6069,0.0037,10.416,0.0112,0.676,5.6475,0.403,0.3733,7,1.2944,8,0.13,0,0,0
g3scan,rq4graded,10.0,-1.0,eb154,0.154,tier0,1,4.8,0,0.51,20000,0.3931,0.6069,0.0049,10.215,0.013,0.685,5.4618,0.3989,0.3694,7,1.2919,8,0.1293,0,0,0
g3scan,rq4graded,10.0,-1.0,eb154,0.154,tier0,1,4.8,0,0.52,20000,0.3931,0.6069,0.0064,10.008,0.0159,0.773,5.2719,0.3946,0.3653,7,1.2917,8,0.1293,0,0,0
g3scan,rq4graded,10.0,-1.0,eb154,0.154,tier0,1,6.4,0,0.17,20000,0.3931,0.6069,0.0,15.559,0.0,nan,10.6922,nan,nan,0,1.7054,7,nan,0,0,0
g3scan,rq4graded,10.0,-1.0,eb154,0.154,tier0,1,6.4,0,0.18,20000,0.3931,0.6069,0.0,15.243,0.0,nan,10.3791,nan,nan,0,1.6014,8,nan,0,0,0
g3scan,rq4graded,10.0,-1.0,eb154,0.154,tier0,1,6.4,0,0.19,20000,0.3931,0.6069,0.0,14.934,0.0,nan,10.0719,nan,nan,0,1.549,8,nan,0,0,0
g3scan,rq4graded,10.0,-1.0,eb154,0.154,tier0,1,6.4,0,0.2,20000,0.3931,0.6069,0.0,14.625,0.0,nan,9.7641,nan,nan,0,1.5099,8,nan,0,0,0
g3scan,rq4graded,10.0,-1.0,eb154,0.154,tier0,1,6.4,0,0.21,20000,0.3931,0.6069,0.0,14.306,0.0,nan,9.4548,nan,nan,0,1.4754,8,nan,0,0,0
g3scan,rq4graded,10.0,-1.0,eb154,0.154,tier0,1,6.4,0,0.22,20000,0.3931,0.6069,0.0,13.992,0.0,nan,9.1493,0.8688,0.8688,1,1.4457,8,nan,0,0,0
g3scan,rq4graded,10.0,-1.0,eb154,0.154,tier0,1,6.4,0,0.23,20000,0.3931,0.6069,0.0,13.679,0.0,nan,8.8441,0.7969,0.7958,2,1.4228,8,nan,0,0,0
g3scan,rq4graded,10.0,-1.0,eb154,0.154,tier0,1,6.4,0,0.24,20000,0.3931,0.6069,0.0,13.37,0.0,nan,8.5388,0.7666,0.7648,2,1.4074,8,nan,0,0,0
g3scan,rq4graded,10.0,-1.0,eb154,0.154,tier0,1,6.4,0,0.25,20000,0.3931,0.6069,0.0,13.06,0.0,nan,8.2313,0.7062,0.7017,3,1.389,8,nan,0,0,0
g3scan,rq4graded,10.0,-1.0,eb154,0.154,tier0,1,6.4,0,0.26,20000,0.3931,0.6069,0.0,12.742,0.0,nan,7.9298,0.6839,0.6785,3,1.3721,8,nan,0,0,0
g3scan,rq4graded,10.0,-1.0,eb154,0.154,tier0,1,6.4,0,0.27,20000,0.3931,0.6069,0.0,12.431,0.0,nan,7.6307,0.6235,0.6154,4,1.3551,8,nan,0,0,0
g3scan,rq4graded,10.0,-1.0,eb154,0.154,tier0,1,6.4,0,0.28,20000,0.3931,0.6069,0.0,12.119,0.0,0.0,7.3256,0.6059,0.5974,4,1.3455,8,nan,0,0,0
g3scan,rq4graded,10.0,-1.0,eb154,0.154,tier0,1,6.4,0,0.29,20000,0.3931,0.6069,0.0,11.808,0.0,0.0,7.0207,0.5519,0.5383,5,1.3384,8,nan,0,0,0
g3scan,rq4graded,10.0,-1.0,eb154,0.154,tier0,1,6.4,0,0.3,20000,0.3931,0.6069,0.0,11.493,0.0002,1.0,6.7272,0.4992,0.4798,6,1.3267,8,nan,0,0,0
g3scan,rq4graded,10.0,-1.0,eb154,0.154,tier0,1,6.4,0,0.31,20000,0.3931,0.6069,0.0,11.187,0.0003,0.444,6.4386,0.4876,0.4688,6,1.3194,8,nan,0,0,0
g3scan,rq4graded,10.0,-1.0,eb154,0.154,tier0,1,6.4,0,0.32,20000,0.3931,0.6069,0.0,10.873,0.0003,0.19,6.1394,0.4392,0.4098,7,1.3141,8,nan,0,0,0
g3scan,rq4graded,10.0,-1.0,eb154,0.154,tier0,1,6.4,0,0.33,20000,0.3931,0.6069,0.0001,10.559,0.0004,0.182,5.8382,0.4307,0.4021,7,1.3077,8,nan,0,0,0
g3scan,rq4graded,10.0,-1.0,eb154,0.154,tier0,1,6.4,0,0.34,20000,0.3931,0.6069,0.0003,10.25,0.0009,0.23,5.5576,0.4208,0.3924,7,1.3047,8,nan,0,0,0
g3scan,rq4graded,10.0,-1.0,eb154,0.154,tier0,1,6.4,0,0.35,20000,0.3931,0.6069,0.0003,9.94,0.0017,0.252,5.2737,0.413,0.3854,7,1.3057,8,0.1439,0,0,0
g3scan,rq4graded,10.0,-1.0,eb154,0.154,tier0,1,6.4,0,0.36,20000,0.3931,0.6069,0.0004,9.632,0.003,0.285,4.9857,0.4048,0.3778,7,1.2154,7,0.1395,0,0,0
g3scan,rq4graded,10.0,-1.0,eb154,0.154,tier0,1,6.4,0,0.37,20000,0.3931,0.6069,0.0008,9.325,0.005,0.356,4.6989,0.3974,0.3712,7,1.2073,7,0.1334,0,0,0
g3scan,rq4graded,10.0,-1.0,eb154,0.154,tier0,1,6.4,0,0.38,20000,0.3931,0.6069,0.0013,9.022,0.0079,0.429,4.4405,0.3898,0.3642,7,1.2094,7,0.1334,0,0,0
g3scan,rq4graded,10.0,-1.0,eb154,0.154,tier0,1,6.4,0,0.39,20000,0.3931,0.6069,0.002,8.721,0.0126,0.53,4.1768,0.3828,0.3577,7,1.209,7,0.1311,0,0,0
g3scan,rq4graded,10.0,-1.0,eb154,0.154,tier0,1,6.4,0,0.4,20000,0.3931,0.6069,0.0034,8.418,0.0169,0.59,3.9121,0.3761,0.3514,7,1.2125,7,0.1293,0,0,0
g3scan,rq4graded,10.0,-1.0,eb154,0.154,tier0,1,6.4,0,0.41,20000,0.3931,0.6069,0.0057,8.125,0.0213,0.597,3.661,0.3695,0.3449,7,1.2098,7,0.1293,0,0,0
g3scan,rq4graded,10.0,-1.0,eb154,0.154,tier0,1,6.4,0,0.42,20000,0.3931,0.6069,0.0086,7.836,0.0285,0.688,3.4422,0.3636,0.3391,7,1.2141,7,0.1269,0,0,0
g3scan,rq4graded,10.0,-1.0,eb154,0.154,tier0,1,6.4,0,0.43,20000,0.3931,0.6069,0.0133,7.547,0.0338,0.681,3.2255,0.358,0.3339,7,1.2166,7,0.1248,0,0,0
g3scan,rq4graded,10.0,-1.0,eb154,0.154,tier0,1,6.4,0,0.44,20000,0.3931,0.6069,0.0181,7.263,0.0411,0.734,3.0061,0.3528,0.3291,7,1.1133,6,0.122,0,0,0
g3scan,rq4graded,10.0,-1.0,eb154,0.154,tier0,1,6.4,0,0.45,20000,0.3931,0.6069,0.0245,6.984,0.0482,0.762,2.8162,0.3478,0.3242,7,1.1209,6,0.1194,0,1,0
g3scan,rq4graded,10.0,-1.0,eb154,0.154,tier0,1,6.4,0,0.46,20000,0.3931,0.6069,0.0323,6.717,0.057,0.811,2.6445,0.3428,0.3195,7,1.1227,6,0.1179,0,1,0
g3scan,rq4graded,10.0,-1.0,eb154,0.154,tier0,1,6.4,0,0.47,20000,0.3931,0.6069,0.0399,6.448,0.0685,0.926,2.4662,0.338,0.3148,7,1.1241,6,0.1162,0,1,0
g3scan,rq4graded,10.0,-1.0,eb154,0.154,tier0,1,6.4,0,0.48,20000,0.3931,0.6069,0.0492,6.188,0.0752,0.917,2.2988,0.3334,0.3106,7,1.1267,6,0.1141,0,1,0
g3scan,rq4graded,10.0,-1.0,eb154,0.154,tier0,1,6.4,0,0.49,20000,0.3931,0.6069,0.0604,5.938,0.0857,1.002,2.1721,0.3296,0.307,7,1.1302,6,0.1127,0,1,0
g3scan,rq4graded,10.0,-1.0,eb154,0.154,tier0,1,6.4,0,0.5,20000,0.3931,0.6069,0.0734,5.686,0.0951,1.081,2.0472,0.3254,0.303,7,1.0418,5,0.1109,0,1,0
g3scan,rq4graded,10.0,-1.0,eb154,0.154,tier0,1,6.4,0,0.51,20000,0.3931,0.6069,0.0871,5.447,0.103,1.117,1.9259,0.3218,0.2994,7,1.0432,5,0.1092,0,1,0
g3scan,rq4graded,10.0,-1.0,eb154,0.154,tier0,1,6.4,0,0.52,20000,0.3931,0.6069,0.1035,5.211,0.1089,1.096,1.8384,0.3177,0.2955,7,1.0464,5,0.108,0,1,0
g3scan,rq4graded,10.0,-1.0,eb154,0.154,tier0,1,9.6,1,0.17,20000,0.3931,0.6069,0.0,12.896,0.0,nan,8.16,nan,nan,0,1.4169,8,nan,0,0,0
g3scan,rq4graded,10.0,-1.0,eb154,0.154,tier0,1,9.6,1,0.18,20000,0.3931,0.6069,0.0,12.424,0.0,nan,7.7124,0.8551,0.8551,1,1.3055,7,nan,0,0,0
g3scan,rq4graded,10.0,-1.0,eb154,0.154,tier0,1,9.6,1,0.19,20000,0.3931,0.6069,0.0,11.953,0.0,nan,7.278,0.775,0.7736,2,1.2812,7,nan,0,0,0
g3scan,rq4graded,10.0,-1.0,eb154,0.154,tier0,1,9.6,1,0.2,20000,0.3931,0.6069,0.0,11.489,0.0,nan,6.8605,0.6999,0.6966,3,1.2638,7,nan,0,0,0
g3scan,rq4graded,10.0,-1.0,eb154,0.154,tier0,1,9.6,1,0.21,20000,0.3931,0.6069,0.0,11.016,0.0,nan,6.4115,0.6609,0.6574,3,1.2441,7,nan,0,0,0
g3scan,rq4graded,10.0,-1.0,eb154,0.154,tier0,1,9.6,1,0.22,20000,0.3931,0.6069,0.0,10.551,0.0,nan,6.0232,0.596,0.5905,4,1.1493,6,nan,0,0,0
g3scan,rq4graded,10.0,-1.0,eb154,0.154,tier0,1,9.6,1,0.23,20000,0.3931,0.6069,0.0,10.082,0.0,nan,5.597,0.5376,0.5288,5,1.1399,6,nan,0,0,0
g3scan,rq4graded,10.0,-1.0,eb154,0.154,tier0,1,9.6,1,0.24,20000,0.3931,0.6069,0.0,9.611,0.0,0.0,5.2022,0.5128,0.5038,5,1.13,6,nan,0,0,0
g3scan,rq4graded,10.0,-1.0,eb154,0.154,tier0,1,9.6,1,0.25,20000,0.3931,0.6069,0.0,9.146,0.0,0.0,4.8035,0.4595,0.4458,6,1.134,6,nan,0,0,0
g3scan,rq4graded,10.0,-1.0,eb154,0.154,tier0,1,9.6,1,0.26,20000,0.3931,0.6069,0.0,8.674,0.0003,0.19,4.402,0.4079,0.3864,7,1.0318,5,nan,0,0,0
g3scan,rq4graded,10.0,-1.0,eb154,0.154,tier0,1,9.6,1,0.27,20000,0.3931,0.6069,0.0,8.208,0.0004,0.111,4.0358,0.3924,0.3715,7,1.0376,5,nan,0,0,0
g3scan,rq4graded,10.0,-1.0,eb154,0.154,tier0,1,9.6,1,0.28,20000,0.3931,0.6069,0.0,7.744,0.0014,0.129,3.6496,0.3783,0.3582,7,1.0416,5,0.1505,0,0,0
g3scan,rq4graded,10.0,-1.0,eb154,0.154,tier0,1,9.6,1,0.29,20000,0.3931,0.6069,0.0003,7.287,0.0036,0.168,3.3131,0.3654,0.346,7,1.0578,5,0.1396,0,0,0
g3scan,rq4graded,10.0,-1.0,eb154,0.154,tier0,1,9.6,1,0.3,20000,0.3931,0.6069,0.0004,6.835,0.0089,0.255,2.9691,0.3538,0.335,7,0.9523,4,0.1345,0,1,0
g3scan,rq4graded,10.0,-1.0,eb154,0.154,tier0,1,9.6,1,0.31,20000,0.3931,0.6069,0.0013,6.389,0.0194,0.385,2.6666,0.343,0.3243,7,0.9644,4,0.1299,0,1,0
g3scan,rq4graded,10.0,-1.0,eb154,0.154,tier0,1,9.6,1,0.32,20000,0.3931,0.6069,0.0031,5.955,0.0336,0.474,2.372,0.3321,0.3139,7,0.9726,4,0.1279,0,1,0
g3scan,rq4graded,10.0,-1.0,eb154,0.154,tier0,1,9.6,1,0.33,20000,0.3931,0.6069,0.0079,5.533,0.0499,0.535,2.1355,0.3225,0.3047,7,0.9023,3,0.1236,0,1,0
g3scan,rq4graded,10.0,-1.0,eb154,0.154,tier0,1,9.6,1,0.34,20000,0.3931,0.6069,0.0165,5.122,0.0716,0.663,1.9342,0.3148,0.2969,7,0.9192,3,0.1196,0,1,0
g3scan,rq4graded,10.0,-1.0,eb154,0.154,tier0,1,9.6,1,0.35,20000,0.3931,0.6069,0.0283,4.727,0.0954,0.772,1.7641,0.307,0.2893,7,0.9219,3,0.116,0,1,0
g3scan,rq4graded,10.0,-1.0,eb154,0.154,tier0,1,9.6,1,0.36,20000,0.3931,0.6069,0.0453,4.345,0.124,0.927,1.651,0.3004,0.2826,7,0.8579,2,0.1122,0,0,0
g3scan,rq4graded,10.0,-1.0,eb154,0.154,tier0,1,9.6,1,0.37,20000,0.3931,0.6069,0.0667,3.981,0.1485,0.995,1.5665,0.2949,0.2766,7,0.8447,2,0.1099,0,0,0
g3scan,rq4graded,10.0,-1.0,eb154,0.154,tier0,1,9.6,1,0.38,20000,0.3931,0.6069,0.096,3.638,0.1698,1.064,1.5499,0.2916,0.2722,7,0.8437,2,0.107,0,0,0
g3scan,rq4graded,10.0,-1.0,eb154,0.154,tier0,1,9.6,1,0.39,20000,0.3931,0.6069,0.1276,3.317,0.1927,1.148,1.5621,0.2911,0.2695,7,0.8328,2,0.1043,1,0,0
g3scan,rq4graded,10.0,-1.0,eb154,0.154,tier0,1,9.6,1,0.4,20000,0.3931,0.6069,0.1661,2.999,0.2157,1.252,1.6101,0.2922,0.2677,7,0.7672,1,0.1017,1,0,0
g3scan,rq4graded,10.0,-1.0,eb154,0.154,tier0,1,9.6,1,0.41,20000,0.3931,0.6069,0.2043,2.716,0.2351,1.278,1.6932,0.2932,0.2663,7,0.7716,1,0.099,1,0,0
g3scan,rq4graded,10.0,-1.0,eb154,0.154,tier0,1,9.6,1,0.42,20000,0.3931,0.6069,0.2433,2.451,0.2547,1.314,1.7688,0.2951,0.2657,7,0.7639,1,0.0964,1,0,0
g3scan,rq4graded,10.0,-1.0,eb154,0.154,tier0,1,9.6,1,0.43,20000,0.3931,0.6069,0.2861,2.2,0.2737,1.362,1.8806,0.2979,0.2657,7,0.7449,1,0.0942,1,0,0
g3scan,rq4graded,10.0,-1.0,eb154,0.154,tier0,1,9.6,1,0.44,20000,0.3931,0.6069,0.3287,1.971,0.2936,1.438,1.9859,0.2986,0.2651,7,nan,0,0.0919,1,0,0
g3scan,rq4graded,10.0,-1.0,eb154,0.154,tier0,1,9.6,1,0.45,20000,0.3931,0.6069,0.3708,1.761,0.3122,1.465,2.0905,0.3002,0.2652,7,nan,0,0.0901,0,0,0
g3scan,rq4graded,10.0,-1.0,eb154,0.154,tier0,1,9.6,1,0.46,20000,0.3931,0.6069,0.4136,1.567,0.3312,1.512,2.216,0.3028,0.2662,7,nan,0,0.0883,0,0,0
g3scan,rq4graded,10.0,-1.0,eb154,0.154,tier0,1,9.6,1,0.47,20000,0.3931,0.6069,0.4528,1.391,0.3505,1.538,2.346,0.3031,0.266,7,nan,0,0.087,0,0,0
g3scan,rq4graded,10.0,-1.0,eb154,0.154,tier0,1,9.6,1,0.48,20000,0.3931,0.6069,0.4926,1.236,0.367,1.544,2.4528,0.3042,0.2667,7,nan,0,0.0851,0,0,0
g3scan,rq4graded,10.0,-1.0,eb154,0.154,tier0,1,9.6,1,0.49,20000,0.3931,0.6069,0.5331,1.089,0.3875,1.588,2.5568,0.3061,0.268,7,nan,0,0.0838,0,0,0
g3scan,rq4graded,10.0,-1.0,eb154,0.154,tier0,1,9.6,1,0.5,20000,0.3931,0.6069,0.5701,0.956,0.4099,1.639,2.6644,0.3058,0.2684,7,nan,0,0.0823,0,0,0
g3scan,rq4graded,10.0,-1.0,eb154,0.154,tier0,1,9.6,1,0.51,20000,0.3931,0.6069,0.6072,0.84,0.4274,1.62,2.7496,0.2696,0.2406,6,nan,0,0.081,0,0,0
g3scan,rq4graded,10.0,-1.0,eb154,0.154,tier0,1,9.6,1,0.52,20000,0.3931,0.6069,0.6404,0.735,0.4533,1.686,2.8432,0.2724,0.2433,6,nan,0,0.0794,0,0,0
g3scan,rq4graded,10.0,-1.0,eb154,0.154,tier0,1,12.8,1,0.17,20000,0.3931,0.6069,0.0,11.065,0.0,nan,6.5875,0.7768,0.7759,2,1.1716,6,nan,0,0,0
g3scan,rq4graded,10.0,-1.0,eb154,0.154,tier0,1,12.8,1,0.18,20000,0.3931,0.6069,0.0,10.491,0.0,nan,6.0867,0.7146,0.7135,2,1.0591,5,nan,0,0,0
g3scan,rq4graded,10.0,-1.0,eb154,0.154,tier0,1,12.8,1,0.19,20000,0.3931,0.6069,0.0,9.914,0.0,nan,5.6089,0.6377,0.6359,3,1.0532,5,nan,0,0,0
g3scan,rq4graded,10.0,-1.0,eb154,0.154,tier0,1,12.8,1,0.2,20000,0.3931,0.6069,0.0,9.337,0.0,nan,5.1383,0.5666,0.5627,4,1.0435,5,nan,0,0,0
g3scan,rq4graded,10.0,-1.0,eb154,0.154,tier0,1,12.8,1,0.21,20000,0.3931,0.6069,0.0,8.761,0.0,nan,4.6727,0.5039,0.498,5,0.9465,4,nan,0,0,0
g3scan,rq4graded,10.0,-1.0,eb154,0.154,tier0,1,12.8,1,0.22,20000,0.3931,0.6069,0.0,8.184,0.0,0.0,4.2439,0.4451,0.4356,6,0.9495,4,nan,0,0,0
g3scan,rq4graded,10.0,-1.0,eb154,0.154,tier0,1,12.8,1,0.23,20000,0.3931,0.6069,0.0,7.612,0.0,0.0,3.7953,0.4197,0.4104,6,0.879,3,nan,0,0,0
g3scan,rq4graded,10.0,-1.0,eb154,0.154,tier0,1,12.8,1,0.24,20000,0.3931,0.6069,0.0,7.034,0.0003,0.074,3.4127,0.3696,0.3542,7,0.8936,3,nan,0,1,0
g3scan,rq4graded,10.0,-1.0,eb154,0.154,tier0,1,12.8,1,0.25,20000,0.3931,0.6069,0.0,6.468,0.0009,0.06,3.0334,0.3504,0.3353,7,0.9038,3,nan,0,1,0
g3scan,rq4graded,10.0,-1.0,eb154,0.154,tier0,1,12.8,1,0.26,20000,0.3931,0.6069,0.0001,5.91,0.0038,0.104,2.6699,0.3341,0.3197,7,0.8522,2,0.1408,0,1,0
g3scan,rq4graded,10.0,-1.0,eb154,0.154,tier0,1,12.8,1,0.27,20000,0.3931,0.6069,0.0003,5.367,0.0155,0.231,2.3874,0.3202,0.3057,7,0.8474,2,0.1322,0,1,0
g3scan,rq4graded,10.0,-1.0,eb154,0.154,tier0,1,12.8,1,0.28,20000,0.3931,0.6069,0.0013,4.84,0.0373,0.349,2.1329,0.3093,0.2939,7,0.8446,2,0.1281,0,1,0
g3scan,rq4graded,10.0,-1.0,eb154,0.154,tier0,1,12.8,1,0.29,20000,0.3931,0.6069,0.0052,4.338,0.0713,0.5,1.9417,0.3042,0.2865,7,0.7673,1,0.1219,0,0,0
g3scan,rq4graded,10.0,-1.0,eb154,0.154,tier0,1,12.8,1,0.3,20000,0.3931,0.6069,0.0163,3.861,0.114,0.67,1.8412,0.3036,0.2816,7,0.7531,1,0.1168,0,0,0
g3scan,rq4graded,10.0,-1.0,eb154,0.154,tier0,1,12.8,1,0.31,20000,0.3931,0.6069,0.0368,3.406,0.1638,0.854,1.8402,0.3023,0.2771,7,nan,0,0.1115,0,0,0
g3scan,rq4graded,10.0,-1.0,eb154,0.154,tier0,1,12.8,1,0.32,20000,0.3931,0.6069,0.068,2.991,0.2106,1.012,1.9472,0.303,0.2744,7,nan,0,0.1077,1,0,0
g3scan,rq4graded,10.0,-1.0,eb154,0.154,tier0,1,12.8,1,0.33,20000,0.3931,0.6069,0.1145,2.59,0.2578,1.174,2.069,0.3031,0.2719,7,nan,0,0.1032,1,0,0
g3scan,rq4graded,10.0,-1.0,eb154,0.154,tier0,1,12.8,1,0.34,20000,0.3931,0.6069,0.1719,2.227,0.297,1.271,2.2266,0.3022,0.2698,7,nan,0,0.0994,1,0,0
g3scan,rq4graded,10.0,-1.0,eb154,0.154,tier0,1,12.8,1,0.35,20000,0.3931,0.6069,0.2334,1.906,0.334,1.373,2.4024,0.3038,0.2695,7,nan,0,0.0954,0,0,0
g3scan,rq4graded,10.0,-1.0,eb154,0.154,tier0,1,12.8,1,0.36,20000,0.3931,0.6069,0.2994,1.613,0.373,1.482,2.5864,0.2662,0.2402,6,nan,0,0.0919,0,0,0
g3scan,rq4graded,10.0,-1.0,eb154,0.154,tier0,1,12.8,1,0.37,20000,0.3931,0.6069,0.369,1.352,0.4098,1.567,2.746,0.2681,0.241,6,nan,0,0.089,0,0,0
g3scan,rq4graded,10.0,-1.0,eb154,0.154,tier0,1,12.8,1,0.38,20000,0.3931,0.6069,0.436,1.129,0.4461,1.65,2.8876,0.2679,0.2412,6,nan,0,0.0862,0,0,0
g3scan,rq4graded,10.0,-1.0,eb154,0.154,tier0,1,12.8,1,0.39,20000,0.3931,0.6069,0.5016,0.93,0.4849,1.718,3.023,0.2364,0.2158,5,nan,0,0.0838,0,0,0
g3scan,rq4graded,10.0,-1.0,eb154,0.154,tier0,1,12.8,1,0.4,20000,0.3931,0.6069,0.5658,0.761,0.5237,1.793,3.1353,0.2384,0.2176,5,nan,0,0.0813,0,0,0
g3scan,rq4graded,10.0,-1.0,eb154,0.154,tier0,1,12.8,1,0.41,20000,0.3931,0.6069,0.6257,0.617,0.5675,2.001,3.2402,0.2391,0.2193,5,nan,0,0.0788,0,0,0
g3scan,rq4graded,10.0,-1.0,eb154,0.154,tier0,1,12.8,1,0.42,20000,0.3931,0.6069,0.6788,0.497,0.6226,2.373,3.3425,0.2094,0.1951,4,nan,0,0.0773,0,0,0
g3scan,rq4graded,10.0,-1.0,eb154,0.154,tier0,1,12.8,1,0.43,20000,0.3931,0.6069,0.7305,0.396,0.6732,2.929,3.4207,0.2098,0.1967,4,nan,0,0.0753,0,0,0
g3scan,rq4graded,10.0,-1.0,eb154,0.154,tier0,1,12.8,1,0.44,20000,0.3931,0.6069,0.7772,0.307,0.7285,3.72,3.5084,0.1814,0.1738,3,nan,0,0.0741,0,0,0
g3scan,rq4graded,10.0,-1.0,eb154,0.154,tier0,1,12.8,1,0.45,20000,0.3931,0.6069,0.8205,0.239,0.7634,4.425,3.5581,0.1829,0.1768,3,nan,0,0.0733,0,0,0
g3scan,rq4graded,10.0,-1.0,eb154,0.154,tier0,1,12.8,1,0.46,20000,0.3931,0.6069,0.8577,0.184,0.7903,5.2,3.594,0.1811,0.176,3,nan,0,0.074,0,0,0
g3scan,rq4graded,10.0,-1.0,eb154,0.154,tier0,1,12.8,1,0.47,20000,0.3931,0.6069,0.8931,0.136,0.8013,5.367,3.6168,0.1562,0.154,2,nan,0,0.0753,0,0,0
g3scan,rq4graded,10.0,-1.0,eb154,0.154,tier0,1,12.8,1,0.48,20000,0.3931,0.6069,0.922,0.098,0.8183,6.198,3.6344,0.1556,0.1532,2,nan,0,0.0774,0,0,0
g3scan,rq4graded,10.0,-1.0,eb154,0.154,tier0,1,12.8,1,0.49,20000,0.3931,0.6069,0.9424,0.072,0.8179,6.175,3.6326,0.154,0.1517,2,nan,0,0.0813,0,0,0
g3scan,rq4graded,10.0,-1.0,eb154,0.154,tier0,1,12.8,1,0.5,20000,0.3931,0.6069,0.9589,0.051,0.822,6.398,3.6394,0.153,0.1508,2,nan,0,0.0854,0,0,0
g3scan,rq4graded,10.0,-1.0,eb154,0.154,tier0,1,12.8,1,0.51,20000,0.3931,0.6069,0.97,0.037,0.8369,7.453,3.6556,0.1234,0.1234,1,nan,0,0.0874,0,0,0
g3scan,rq4graded,10.0,-1.0,eb154,0.154,tier0,1,12.8,1,0.52,20000,0.3931,0.6069,0.9777,0.028,0.8348,7.513,3.6522,0.1248,0.1248,1,nan,0,0.0881,0,0,0
g3scan,rq4graded,3.5,-1.0,eb0482,0.0482,diagnostic,1,2.4,0,0.17,20000,1.0,0.0,0.0,16.069,0.0,nan,11.1806,nan,nan,0,24.6183,6,nan,0,0,0
g3scan,rq4graded,3.5,-1.0,eb0482,0.0482,diagnostic,1,2.4,0,0.18,20000,1.0,0.0,0.0,15.786,0.0,nan,10.8976,nan,nan,0,23.1653,7,nan,0,0,0
g3scan,rq4graded,3.5,-1.0,eb0482,0.0482,diagnostic,1,2.4,0,0.19,20000,1.0,0.0,0.0,15.501,0.0,nan,10.6127,nan,nan,0,22.9594,7,nan,0,0,0
g3scan,rq4graded,3.5,-1.0,eb0482,0.0482,diagnostic,1,2.4,0,0.2,20000,1.0,0.0,0.0,15.215,0.0,nan,10.3259,nan,nan,0,21.5916,8,nan,0,0,0
g3scan,rq4graded,3.5,-1.0,eb0482,0.0482,diagnostic,1,2.4,0,0.21,20000,1.0,0.0,0.0,14.934,0.0,nan,10.0451,nan,nan,0,21.4185,8,nan,0,0,0
g3scan,rq4graded,3.5,-1.0,eb0482,0.0482,diagnostic,1,2.4,0,0.22,20000,1.0,0.0,0.0,14.652,0.0,nan,9.7631,nan,nan,0,21.2527,8,nan,0,0,0
g3scan,rq4graded,3.5,-1.0,eb0482,0.0482,diagnostic,1,2.4,0,0.23,20000,1.0,0.0,0.0,14.365,0.0,nan,9.4766,nan,nan,0,21.091,8,nan,0,0,0
g3scan,rq4graded,3.5,-1.0,eb0482,0.0482,diagnostic,1,2.4,0,0.24,20000,1.0,0.0,0.0,14.08,0.0,nan,9.1916,9.4232,9.4232,1,20.9358,8,nan,0,0,0
g3scan,rq4graded,3.5,-1.0,eb0482,0.0482,diagnostic,1,2.4,0,0.25,20000,1.0,0.0,0.0,13.8,0.0,nan,8.9111,9.3565,9.3565,1,20.7899,8,nan,0,0,0
g3scan,rq4graded,3.5,-1.0,eb0482,0.0482,diagnostic,1,2.4,0,0.26,20000,1.0,0.0,0.0,13.516,0.0,nan,8.6269,8.5119,8.4748,2,20.6477,8,nan,0,0,0
g3scan,rq4graded,3.5,-1.0,eb0482,0.0482,diagnostic,1,2.4,0,0.27,20000,1.0,0.0,0.0,13.231,0.0,nan,8.3422,8.4588,8.4214,2,20.5097,8,nan,0,0,0
g3scan,rq4graded,3.5,-1.0,eb0482,0.0482,diagnostic,1,2.4,0,0.28,20000,1.0,0.0,0.0,12.95,0.0,nan,8.0616,7.7501,7.6671,3,20.3805,8,nan,0,0,0
g3scan,rq4graded,3.5,-1.0,eb0482,0.0482,diagnostic,1,2.4,0,0.29,20000,1.0,0.0,0.0,12.664,0.0,nan,7.7753,7.7066,7.6239,3,20.253,8,nan,0,0,0
g3scan,rq4graded,3.5,-1.0,eb0482,0.0482,diagnostic,1,2.4,0,0.3,20000,1.0,0.0,0.0,12.384,0.0,nan,7.4957,7.06,6.9147,4,20.1328,8,nan,0,0,0
g3scan,rq4graded,3.5,-1.0,eb0482,0.0482,diagnostic,1,2.4,0,0.31,20000,1.0,0.0,0.0,12.099,0.0,nan,7.2118,7.0228,6.8782,4,20.0138,8,nan,0,0,0
g3scan,rq4graded,3.5,-1.0,eb0482,0.0482,diagnostic,1,2.4,0,0.32,20000,1.0,0.0,0.0,11.813,0.0,0.0,6.9272,6.4215,6.1945,5,19.8965,8,nan,0,0,0
g3scan,rq4graded,3.5,-1.0,eb0482,0.0482,diagnostic,1,2.4,0,0.33,20000,1.0,0.0,0.0,11.533,0.0,0.0,6.6475,6.3895,6.1636,5,19.7894,8,nan,0,0,0
g3scan,rq4graded,3.5,-1.0,eb0482,0.0482,diagnostic,1,2.4,0,0.34,20000,1.0,0.0,0.0,11.252,0.0,0.0,6.367,5.8289,5.4976,6,19.6861,8,nan,0,0,0
g3scan,rq4graded,3.5,-1.0,eb0482,0.0482,diagnostic,1,2.4,0,0.35,20000,1.0,0.0,0.0,10.968,0.0001,0.3,6.0833,5.8015,5.4719,6,19.5821,8,nan,0,0,0
g3scan,rq4graded,3.5,-1.0,eb0482,0.0482,diagnostic,1,2.4,0,0.36,20000,1.0,0.0,0.0,10.684,0.0001,0.16,5.7998,5.261,4.7781,7,19.4797,8,nan,0,0,0
g3scan,rq4graded,3.5,-1.0,eb0482,0.0482,diagnostic,1,2.4,0,0.37,20000,1.0,0.0,0.0,10.404,0.0002,0.119,5.5204,5.2376,4.7573,7,19.3824,8,nan,0,0,0
g3scan,rq4graded,3.5,-1.0,eb0482,0.0482,diagnostic,1,2.4,0,0.38,20000,1.0,0.0,0.0,10.123,0.0004,0.126,5.2415,5.2147,4.7367,7,19.2881,8,nan,0,0,0
g3scan,rq4graded,3.5,-1.0,eb0482,0.0482,diagnostic,1,2.4,0,0.39,20000,1.0,0.0,0.0001,9.841,0.0007,0.108,4.9627,5.1924,4.7167,7,19.1938,8,1.4906,0,0,0
g3scan,rq4graded,3.5,-1.0,eb0482,0.0482,diagnostic,1,2.4,0,0.4,20000,1.0,0.0,0.0001,9.562,0.0016,0.15,4.6847,5.1705,4.6971,7,19.1073,8,1.4841,0,0,0
g3scan,rq4graded,3.5,-1.0,eb0482,0.0482,diagnostic,1,2.4,0,0.41,20000,1.0,0.0,0.0002,9.285,0.0033,0.211,4.4095,5.1492,4.6782,7,19.0193,8,1.4788,0,0,0
g3scan,rq4graded,3.5,-1.0,eb0482,0.0482,diagnostic,1,2.4,0,0.42,20000,1.0,0.0,0.0003,9.011,0.0063,0.276,4.1385,5.1284,4.6594,7,18.9359,8,1.4736,0,0,0
g3scan,rq4graded,3.5,-1.0,eb0482,0.0482,diagnostic,1,2.4,0,0.43,20000,1.0,0.0,0.0007,8.739,0.01,0.314,3.8725,5.108,4.6412,7,18.8558,8,1.469,0,0,0
g3scan,rq4graded,3.5,-1.0,eb0482,0.0482,diagnostic,1,2.4,0,0.44,20000,1.0,0.0,0.0014,8.47,0.0157,0.376,3.612,5.0881,4.6233,7,18.7743,8,1.4641,0,0,0
g3scan,rq4graded,3.5,-1.0,eb0482,0.0482,diagnostic,1,2.4,0,0.45,20000,1.0,0.0,0.0027,8.207,0.0226,0.445,3.3628,5.0689,4.606,7,18.6951,8,1.459,0,0,0
g3scan,rq4graded,3.5,-1.0,eb0482,0.0482,diagnostic,1,2.4,0,0.46,20000,1.0,0.0,0.0049,7.946,0.0318,0.537,3.1214,5.05,4.589,7,18.615,8,1.454,0,0,0
g3scan,rq4graded,3.5,-1.0,eb0482,0.0482,diagnostic,1,2.4,0,0.47,20000,1.0,0.0,0.0081,7.688,0.0416,0.613,2.8897,5.0312,4.5722,7,18.5404,8,1.4493,0,0,0
g3scan,rq4graded,3.5,-1.0,eb0482,0.0482,diagnostic,1,2.4,0,0.48,20000,1.0,0.0,0.0127,7.436,0.0537,0.711,2.6736,5.013,4.5557,7,18.4707,8,1.4444,0,0,0
g3scan,rq4graded,3.5,-1.0,eb0482,0.0482,diagnostic,1,2.4,0,0.49,20000,1.0,0.0,0.0184,7.193,0.0659,0.801,2.4735,4.9955,4.5399,7,18.4014,8,1.44,0,0,0
g3scan,rq4graded,3.5,-1.0,eb0482,0.0482,diagnostic,1,2.4,0,0.5,20000,1.0,0.0,0.0259,6.951,0.0772,0.871,2.2856,4.978,4.5241,7,18.3286,8,1.4358,0,1,0
g3scan,rq4graded,3.5,-1.0,eb0482,0.0482,diagnostic,1,2.4,0,0.51,20000,1.0,0.0,0.0363,6.713,0.0883,0.94,2.1224,4.9607,4.5086,7,18.2612,8,1.4312,0,1,0
g3scan,rq4graded,3.5,-1.0,eb0482,0.0482,diagnostic,1,2.4,0,0.52,20000,1.0,0.0,0.0477,6.483,0.1001,1.022,1.9701,4.9438,4.4934,7,18.1961,8,1.4268,0,1,0
g3scan,rq4graded,3.5,-1.0,eb0482,0.0482,diagnostic,1,3.2,0,0.17,20000,1.0,0.0,0.0,14.22,0.0,nan,9.3372,nan,nan,0,20.9008,8,nan,0,0,0
g3scan,rq4graded,3.5,-1.0,eb0482,0.0482,diagnostic,1,3.2,0,0.18,20000,1.0,0.0,0.0,13.831,0.0,nan,8.9485,nan,nan,0,20.6329,8,nan,0,0,0
g3scan,rq4graded,3.5,-1.0,eb0482,0.0482,diagnostic,1,3.2,0,0.19,20000,1.0,0.0,0.0,13.436,0.0,nan,8.5578,nan,nan,0,20.3754,8,nan,0,0,0
g3scan,rq4graded,3.5,-1.0,eb0482,0.0482,diagnostic,1,3.2,0,0.2,20000,1.0,0.0,0.0,13.046,0.0,nan,8.1713,9.4149,9.4149,1,20.1339,8,nan,0,0,0
g3scan,rq4graded,3.5,-1.0,eb0482,0.0482,diagnostic,1,3.2,0,0.21,20000,1.0,0.0,0.0,12.656,0.0,nan,7.7845,9.324,9.324,1,19.9036,8,nan,0,0,0
g3scan,rq4graded,3.5,-1.0,eb0482,0.0482,diagnostic,1,3.2,0,0.22,20000,1.0,0.0,0.0,12.263,0.0,nan,7.3935,8.4639,8.4279,2,19.6834,8,nan,0,0,0
g3scan,rq4graded,3.5,-1.0,eb0482,0.0482,diagnostic,1,3.2,0,0.23,20000,1.0,0.0,0.0,11.873,0.0,nan,7.0118,7.7372,7.6574,3,19.4722,8,nan,0,0,0
g3scan,rq4graded,3.5,-1.0,eb0482,0.0482,diagnostic,1,3.2,0,0.24,20000,1.0,0.0,0.0,11.48,0.0,nan,6.6236,7.6725,7.5933,3,19.273,8,nan,0,0,0
g3scan,rq4graded,3.5,-1.0,eb0482,0.0482,diagnostic,1,3.2,0,0.25,20000,1.0,0.0,0.0,11.09,0.0,nan,6.2384,7.0145,6.8757,4,19.0837,8,nan,0,0,0
g3scan,rq4graded,3.5,-1.0,eb0482,0.0482,diagnostic,1,3.2,0,0.26,20000,1.0,0.0,0.0,10.7,0.0,nan,5.8547,6.9573,6.8196,4,18.8995,8,nan,0,0,0
g3scan,rq4graded,3.5,-1.0,eb0482,0.0482,diagnostic,1,3.2,0,0.27,20000,1.0,0.0,0.0,10.307,0.0,nan,5.4726,6.3501,6.1337,5,18.7238,8,nan,0,0,0
g3scan,rq4graded,3.5,-1.0,eb0482,0.0482,diagnostic,1,3.2,0,0.28,20000,1.0,0.0,0.0,9.916,0.0,0.0,5.0909,5.7813,5.4633,6,18.5517,8,nan,0,0,0
g3scan,rq4graded,3.5,-1.0,eb0482,0.0482,diagnostic,1,3.2,0,0.29,20000,1.0,0.0,0.0,9.527,0.0,0.0,4.7175,5.7378,5.4229,6,18.3964,8,nan,0,0,0
g3scan,rq4graded,3.5,-1.0,eb0482,0.0482,diagnostic,1,3.2,0,0.3,20000,1.0,0.0,0.0,9.138,0.0001,0.111,4.3426,5.193,4.7303,7,18.2381,8,nan,0,0,0
g3scan,rq4graded,3.5,-1.0,eb0482,0.0482,diagnostic,1,3.2,0,0.31,20000,1.0,0.0,0.0,8.745,0.0001,0.051,3.9738,5.1553,4.6964,7,18.0792,8,nan,0,0,0
g3scan,rq4graded,3.5,-1.0,eb0482,0.0482,diagnostic,1,3.2,0,0.32,20000,1.0,0.0,0.0,8.361,0.0005,0.057,3.6105,5.1193,4.6644,7,17.9397,8,nan,0,0,0
g3scan,rq4graded,3.5,-1.0,eb0482,0.0482,diagnostic,1,3.2,0,0.33,20000,1.0,0.0,0.0001,7.977,0.0015,0.084,3.2575,5.0844,4.6334,7,17.8011,8,1.4852,0,0,0
g3scan,rq4graded,3.5,-1.0,eb0482,0.0482,diagnostic,1,3.2,0,0.34,20000,1.0,0.0,0.0001,7.6,0.0051,0.158,2.9119,5.0504,4.6028,7,17.6632,8,1.4761,0,0,0
g3scan,rq4graded,3.5,-1.0,eb0482,0.0482,diagnostic,1,3.2,0,0.35,20000,1.0,0.0,0.0003,7.227,0.0121,0.232,2.5777,5.017,4.5728,7,17.5342,8,1.4684,0,0,0
g3scan,rq4graded,3.5,-1.0,eb0482,0.0482,diagnostic,1,3.2,0,0.36,20000,1.0,0.0,0.0008,6.865,0.0232,0.322,2.2611,4.9846,4.5441,7,17.4098,8,1.4611,0,1,0
g3scan,rq4graded,3.5,-1.0,eb0482,0.0482,diagnostic,1,3.2,0,0.37,20000,1.0,0.0,0.0025,6.511,0.0411,0.45,1.9681,4.9538,4.5161,7,17.2899,8,1.4532,0,1,0
g3scan,rq4graded,3.5,-1.0,eb0482,0.0482,diagnostic,1,3.2,0,0.38,20000,1.0,0.0,0.0066,6.169,0.0631,0.596,1.7012,4.9235,4.4888,7,17.1756,8,1.4456,0,1,0
g3scan,rq4graded,3.5,-1.0,eb0482,0.0482,diagnostic,1,3.2,0,0.39,20000,1.0,0.0,0.0139,5.832,0.0869,0.731,1.4725,4.8937,4.462,7,17.0536,8,1.4384,0,1,0
g3scan,rq4graded,3.5,-1.0,eb0482,0.0482,diagnostic,1,3.2,0,0.4,20000,1.0,0.0,0.025,5.509,0.1135,0.899,1.277,4.8649,4.436,7,16.9403,8,1.4312,0,1,0
g3scan,rq4graded,3.5,-1.0,eb0482,0.0482,diagnostic,1,3.2,0,0.41,20000,1.0,0.0,0.0428,5.197,0.1356,1.016,1.1215,4.8368,4.4106,7,16.8304,8,1.424,0,1,0
g3scan,rq4graded,3.5,-1.0,eb0482,0.0482,diagnostic,1,3.2,0,0.42,20000,1.0,0.0,0.0657,4.896,0.1564,1.129,1.0041,4.8097,4.386,7,16.7121,8,1.4168,0,1,0
g3scan,rq4graded,3.5,-1.0,eb0482,0.0482,diagnostic,1,3.2,0,0.43,20000,1.0,0.0,0.0924,4.611,0.1741,1.209,0.9123,4.7831,4.362,7,16.6091,8,1.4098,0,1,0
g3scan,rq4graded,3.5,-1.0,eb0482,0.0482,diagnostic,1,3.2,0,0.44,20000,1.0,0.0,0.1227,4.336,0.1895,1.286,0.8413,4.7566,4.3381,7,16.512,8,1.4029,0,0,0
g3scan,rq4graded,3.5,-1.0,eb0482,0.0482,diagnostic,1,3.2,0,0.45,20000,1.0,0.0,0.1568,4.077,0.2018,1.349,0.7977,4.7317,4.3156,7,16.4025,8,1.3959,1,0,0
g3scan,rq4graded,3.5,-1.0,eb0482,0.0482,diagnostic,1,3.2,0,0.46,20000,1.0,0.0,0.1908,3.834,0.2151,1.442,0.7557,4.707,4.2932,7,16.3226,8,1.389,1,0,0
g3scan,rq4graded,3.5,-1.0,eb0482,0.0482,diagnostic,1,3.2,0,0.47,20000,1.0,0.0,0.2262,3.6,0.2251,1.492,0.732,4.6822,4.2708,7,16.2402,8,1.3824,1,0,0
g3scan,rq4graded,3.5,-1.0,eb0482,0.0482,diagnostic,1,3.2,0,0.48,20000,1.0,0.0,0.2615,3.386,0.2329,1.514,0.7142,4.6596,4.2501,7,16.1517,8,1.3759,1,0,0
g3scan,rq4graded,3.5,-1.0,eb0482,0.0482,diagnostic,1,3.2,0,0.49,20000,1.0,0.0,0.2959,3.184,0.2397,1.545,0.7112,4.6366,4.2294,7,16.0552,8,1.3696,1,0,0
g3scan,rq4graded,3.5,-1.0,eb0482,0.0482,diagnostic,1,3.2,0,0.5,20000,1.0,0.0,0.3296,2.991,0.245,1.551,0.7075,4.6132,4.2083,7,15.9666,8,1.3634,1,0,0
g3scan,rq4graded,3.5,-1.0,eb0482,0.0482,diagnostic,1,3.2,0,0.51,20000,1.0,0.0,0.3644,2.813,0.2498,1.596,0.7075,4.5913,4.1885,7,15.8753,8,1.357,1,0,0
g3scan,rq4graded,3.5,-1.0,eb0482,0.0482,diagnostic,1,3.2,0,0.52,20000,1.0,0.0,0.3962,2.65,0.2557,1.658,0.7117,4.5707,4.1698,7,15.7884,8,1.3509,1,0,0
g3scan,rq4graded,3.5,-1.0,eb0482,0.0482,diagnostic,1,4.8,0,0.17,20000,1.0,0.0,0.0,11.606,0.0,nan,6.8452,9.349,9.349,1,18.4679,8,nan,0,0,0
g3scan,rq4graded,3.5,-1.0,eb0482,0.0482,diagnostic,1,4.8,0,0.18,20000,1.0,0.0,0.0,11.064,0.0,nan,6.3383,8.4564,8.4234,2,18.0855,8,nan,0,0,0
g3scan,rq4graded,3.5,-1.0,eb0482,0.0482,diagnostic,1,4.8,0,0.19,20000,1.0,0.0,0.0,10.517,0.0,nan,5.8312,8.3265,8.2939,2,17.7082,8,nan,0,0,0
g3scan,rq4graded,3.5,-1.0,eb0482,0.0482,diagnostic,1,4.8,0,0.2,20000,1.0,0.0,0.0,9.974,0.0,nan,5.3456,7.5859,7.5135,3,17.3492,8,nan,0,0,0
g3scan,rq4graded,3.5,-1.0,eb0482,0.0482,diagnostic,1,4.8,0,0.21,20000,1.0,0.0,0.0,9.43,0.0,nan,4.8531,6.9092,6.7825,4,17.0456,8,nan,0,0,0
g3scan,rq4graded,3.5,-1.0,eb0482,0.0482,diagnostic,1,4.8,0,0.22,20000,1.0,0.0,0.0,8.888,0.0,nan,4.3892,6.2801,6.081,5,16.7339,8,nan,0,0,0
g3scan,rq4graded,3.5,-1.0,eb0482,0.0482,diagnostic,1,4.8,0,0.23,20000,1.0,0.0,0.0,8.339,0.0,nan,3.9246,6.1908,5.9959,5,16.4373,8,nan,0,0,0
g3scan,rq4graded,3.5,-1.0,eb0482,0.0482,diagnostic,1,4.8,0,0.24,20000,1.0,0.0,0.0,7.798,0.0,0.0,3.4759,5.6136,5.326,6,16.1543,8,nan,0,0,0
g3scan,rq4graded,3.5,-1.0,eb0482,0.0482,diagnostic,1,4.8,0,0.25,20000,1.0,0.0,0.0,7.254,0.0,0.0,3.05,5.0582,4.6348,7,15.8916,8,nan,0,0,0
g3scan,rq4graded,3.5,-1.0,eb0482,0.0482,diagnostic,1,4.8,0,0.26,20000,1.0,0.0,0.0,6.717,0.0001,0.012,2.6527,4.9922,4.5751,7,15.6753,8,nan,0,1,0
g3scan,rq4graded,3.5,-1.0,eb0482,0.0482,diagnostic,1,4.8,0,0.27,20000,1.0,0.0,0.0,6.19,0.0009,0.026,2.2818,4.9288,4.519,7,15.0574,7,1.4916,0,1,0
g3scan,rq4graded,3.5,-1.0,eb0482,0.0482,diagnostic,1,4.8,0,0.28,20000,1.0,0.0,0.0,5.681,0.0071,0.09,1.9442,4.8679,4.4645,7,14.8292,7,1.4742,0,1,0
g3scan,rq4graded,3.5,-1.0,eb0482,0.0482,diagnostic,1,4.8,0,0.29,20000,1.0,0.0,0.0001,5.189,0.0272,0.205,1.665,4.8085,4.4114,7,14.6184,7,1.4603,0,1,0
g3scan,rq4graded,3.5,-1.0,eb0482,0.0482,diagnostic,1,4.8,0,0.3,20000,1.0,0.0,0.001,4.72,0.0711,0.415,1.4468,4.7521,4.3604,7,14.4148,7,1.4472,0,1,0
g3scan,rq4graded,3.5,-1.0,eb0482,0.0482,diagnostic,1,4.8,0,0.31,20000,1.0,0.0,0.0066,4.275,0.1309,0.691,1.3149,4.6969,4.3106,7,14.2373,7,1.4347,0,0,0
g3scan,rq4graded,3.5,-1.0,eb0482,0.0482,diagnostic,1,4.8,0,0.32,20000,1.0,0.0,0.0232,3.853,0.192,0.967,1.3043,4.6431,4.262,7,14.0471,7,1.4226,1,0,0
g3scan,rq4graded,3.5,-1.0,eb0482,0.0482,diagnostic,1,4.8,0,0.33,20000,1.0,0.0,0.0596,3.457,0.242,1.207,1.3688,4.5922,4.2157,7,13.353,6,1.4099,1,0,0
g3scan,rq4graded,3.5,-1.0,eb0482,0.0482,diagnostic,1,4.8,0,0.34,20000,1.0,0.0,0.1121,3.086,0.2835,1.425,1.4671,4.5425,4.1707,7,13.1973,6,1.3968,1,0,0
g3scan,rq4graded,3.5,-1.0,eb0482,0.0482,diagnostic,1,4.8,0,0.35,20000,1.0,0.0,0.1763,2.742,0.3127,1.578,1.5598,4.4946,4.1271,7,13.0405,6,1.3839,0,0,0
g3scan,rq4graded,3.5,-1.0,eb0482,0.0482,diagnostic,1,4.8,0,0.36,20000,1.0,0.0,0.2464,2.433,0.332,1.685,1.6606,4.4488,4.0856,7,12.8754,6,1.3711,0,0,0
g3scan,rq4graded,3.5,-1.0,eb0482,0.0482,diagnostic,1,4.8,0,0.37,20000,1.0,0.0,0.315,2.15,0.3502,1.767,1.7496,4.4032,4.0441,7,12.7349,6,1.3586,0,0,0
g3scan,rq4graded,3.5,-1.0,eb0482,0.0482,diagnostic,1,4.8,0,0.38,20000,1.0,0.0,0.3826,1.901,0.3631,1.825,1.8104,4.3601,4.0049,7,12.5934,6,1.3461,0,0,0
g3scan,rq4graded,3.5,-1.0,eb0482,0.0482,diagnostic,1,4.8,0,0.39,20000,1.0,0.0,0.4448,1.684,0.3688,1.829,1.8556,4.3178,3.9668,7,11.897,5,1.3343,0,0,0
g3scan,rq4graded,3.5,-1.0,eb0482,0.0482,diagnostic,1,4.8,0,0.4,20000,1.0,0.0,0.5014,1.488,0.3819,1.916,1.9049,4.2769,3.9294,7,11.7892,5,1.3224,0,0,0
g3scan,rq4graded,3.5,-1.0,eb0482,0.0482,diagnostic,1,4.8,0,0.41,20000,1.0,0.0,0.5532,1.319,0.3902,2.004,1.9366,4.2383,3.894,7,11.6517,5,1.3109,0,0,0
g3scan,rq4graded,3.5,-1.0,eb0482,0.0482,diagnostic,1,4.8,0,0.42,20000,1.0,0.0,0.6001,1.169,0.3948,2.008,1.9657,4.198,3.8578,7,11.5206,5,1.2999,0,0,0
g3scan,rq4graded,3.5,-1.0,eb0482,0.0482,diagnostic,1,4.8,0,0.43,20000,1.0,0.0,0.6396,1.04,0.4055,2.103,2.0039,4.1614,3.8242,7,11.4016,5,1.2895,0,0,0
g3scan,rq4graded,3.5,-1.0,eb0482,0.0482,diagnostic,1,4.8,0,0.44,20000,1.0,0.0,0.6787,0.923,0.4054,2.058,2.0148,4.1257,3.7915,7,10.6469,4,1.279,0,0,0
g3scan,rq4graded,3.5,-1.0,eb0482,0.0482,diagnostic,1,4.8,0,0.45,20000,1.0,0.0,0.7125,0.823,0.4064,2.103,2.0265,4.0887,3.7584,7,10.5612,4,1.2687,0,0,0
g3scan,rq4graded,3.5,-1.0,eb0482,0.0482,diagnostic,1,4.8,0,0.46,20000,1.0,0.0,0.7425,0.734,0.408,2.092,2.0377,4.0555,3.7278,7,10.4521,4,1.2587,0,0,0
g3scan,rq4graded,3.5,-1.0,eb0482,0.0482,diagnostic,1,4.8,0,0.47,20000,1.0,0.0,0.7682,0.656,0.4143,2.166,2.0585,4.0208,3.6966,7,10.3375,4,1.2489,0,0,0
g3scan,rq4graded,3.5,-1.0,eb0482,0.0482,diagnostic,1,4.8,0,0.48,20000,1.0,0.0,0.7927,0.585,0.4135,2.127,2.0682,3.9865,3.6654,7,10.2213,4,1.2391,0,0,0
g3scan,rq4graded,3.5,-1.0,eb0482,0.0482,diagnostic,1,4.8,0,0.49,20000,1.0,0.0,0.8126,0.527,0.413,2.093,2.0774,3.9561,3.6375,7,9.6543,3,1.2303,0,0,0
g3scan,rq4graded,3.5,-1.0,eb0482,0.0482,diagnostic,1,4.8,0,0.5,20000,1.0,0.0,0.8313,0.474,0.412,2.091,2.0821,3.9254,3.6095,7,9.5776,3,1.2212,0,0,0
g3scan,rq4graded,3.5,-1.0,eb0482,0.0482,diagnostic,1,4.8,0,0.51,20000,1.0,0.0,0.8472,0.426,0.4162,2.104,2.1022,3.8937,3.5808,7,9.4897,3,1.2123,0,0,0
g3scan,rq4graded,3.5,-1.0,eb0482,0.0482,diagnostic,1,4.8,0,0.52,20000,1.0,0.0,0.8623,0.382,0.4198,2.135,2.1138,3.8631,3.5531,7,8.8063,2,1.2031,0,0,0
g3scan,rq4graded,3.5,-1.0,eb0482,0.0482,diagnostic,1,6.4,0,0.17,20000,1.0,0.0,0.0,9.907,0.0,nan,5.4538,8.3138,8.2832,2,16.0111,7,nan,0,0,0
g3scan,rq4graded,3.5,-1.0,eb0482,0.0482,diagnostic,1,6.4,0,0.18,20000,1.0,0.0,0.0,9.261,0.0,nan,4.9098,7.5449,7.4781,3,15.529,7,nan,0,0,0
g3scan,rq4graded,3.5,-1.0,eb0482,0.0482,diagnostic,1,6.4,0,0.19,20000,1.0,0.0,0.0,8.616,0.0,nan,4.3794,6.8428,6.7266,4,15.0796,7,nan,0,0,0
g3scan,rq4graded,3.5,-1.0,eb0482,0.0482,diagnostic,1,6.4,0,0.2,20000,1.0,0.0,0.0,7.975,0.0,nan,3.8977,6.1926,6.0109,5,14.6996,7,nan,0,0,0
g3scan,rq4graded,3.5,-1.0,eb0482,0.0482,diagnostic,1,6.4,0,0.21,20000,1.0,0.0,0.0,7.328,0.0,nan,3.4335,6.0636,5.8878,5,13.94,6,nan,0,0,0
g3scan,rq4graded,3.5,-1.0,eb0482,0.0482,diagnostic,1,6.4,0,0.22,20000,1.0,0.0,0.0,6.684,0.0,0.0,2.9911,5.4732,5.2132,6,13.5888,6,nan,0,1,0
g3scan,rq4graded,3.5,-1.0,eb0482,0.0482,diagnostic,1,6.4,0,0.23,20000,1.0,0.0,0.0,6.045,0.0,0.0,2.5869,4.9089,4.5235,7,13.2543,6,nan,0,1,0
g3scan,rq4graded,3.5,-1.0,eb0482,0.0482,diagnostic,1,6.4,0,0.24,20000,1.0,0.0,0.0,5.422,0.0002,0.006,2.2298,4.8151,4.4401,7,12.9805,6,nan,0,1,0
g3scan,rq4graded,3.5,-1.0,eb0482,0.0482,diagnostic,1,6.4,0,0.25,20000,1.0,0.0,0.0,4.826,0.0034,0.032,1.9606,4.7245,4.3597,7,12.2099,5,1.4804,0,1,0
g3scan,rq4graded,3.5,-1.0,eb0482,0.0482,diagnostic,1,6.4,0,0.26,20000,1.0,0.0,0.0,4.265,0.0301,0.152,1.7912,4.6391,4.2829,7,11.9396,5,1.4594,0,0,0
g3scan,rq4graded,3.5,-1.0,eb0482,0.0482,diagnostic,1,6.4,0,0.27,20000,1.0,0.0,0.0004,3.731,0.1055,0.423,1.7607,4.5554,4.2075,7,11.7078,5,1.4412,0,0,0
g3scan,rq4graded,3.5,-1.0,eb0482,0.0482,diagnostic,1,6.4,0,0.28,20000,1.0,0.0,0.0066,3.246,0.2124,0.834,1.8171,4.4773,4.1364,7,10.8787,4,1.4246,1,0,0
g3scan,rq4graded,3.5,-1.0,eb0482,0.0482,diagnostic,1,6.4,0,0.29,20000,1.0,0.0,0.0382,2.794,0.3084,1.261,1.9876,4.3994,4.0657,7,10.6891,4,1.4077,0,0,0
g3scan,rq4graded,3.5,-1.0,eb0482,0.0482,diagnostic,1,6.4,0,0.3,20000,1.0,0.0,0.1113,2.377,0.3767,1.644,2.2136,4.3273,3.9998,7,10.488,4,1.3891,0,0,0
g3scan,rq4graded,3.5,-1.0,eb0482,0.0482,diagnostic,1,6.4,0,0.31,20000,1.0,0.0,0.2119,1.992,0.4187,1.868,2.3616,4.2553,3.9345,7,10.2723,4,1.3699,0,0,0
g3scan,rq4graded,3.5,-1.0,eb0482,0.0482,diagnostic,1,6.4,0,0.32,20000,1.0,0.0,0.3177,1.66,0.4456,2.02,2.4552,4.1893,3.874,7,9.6543,3,1.351,0,0,0
g3scan,rq4graded,3.5,-1.0,eb0482,0.0482,diagnostic,1,6.4,0,0.33,20000,1.0,0.0,0.4199,1.374,0.4653,2.167,2.5194,4.1234,3.8141,7,9.5163,3,1.332,0,0,0
g3scan,rq4graded,3.5,-1.0,eb0482,0.0482,diagnostic,1,6.4,0,0.34,20000,1.0,0.0,0.5103,1.136,0.4806,2.279,2.5698,4.0603,3.7566,7,9.3241,3,1.3138,0,0,0
g3scan,rq4graded,3.5,-1.0,eb0482,0.0482,diagnostic,1,6.4,0,0.35,20000,1.0,0.0,0.5886,0.938,0.4921,2.349,2.608,4.0005,3.7016,7,8.6823,2,1.2961,0,0,0
g3scan,rq4graded,3.5,-1.0,eb0482,0.0482,diagnostic,1,6.4,0,0.36,20000,1.0,0.0,0.6529,0.78,0.5018,2.449,2.642,3.9393,3.6466,7,8.5662,2,1.2796,0,0,0
g3scan,rq4graded,3.5,-1.0,eb0482,0.0482,diagnostic,1,6.4,0,0.37,20000,1.0,0.0,0.7113,0.646,0.5027,2.439,2.6516,3.8849,3.5966,7,8.4227,2,1.2628,0,0,0
g3scan,rq4graded,3.5,-1.0,eb0482,0.0482,diagnostic,1,6.4,0,0.38,20000,1.0,0.0,0.758,0.536,0.5082,2.478,2.6739,3.8302,3.5462,7,8.2694,2,1.2467,0,0,0
g3scan,rq4graded,3.5,-1.0,eb0482,0.0482,diagnostic,1,6.4,0,0.39,20000,1.0,0.0,0.7974,0.448,0.5061,2.43,2.6775,3.78,3.4999,7,7.74,1,1.2311,0,0,0
g3scan,rq4graded,3.5,-1.0,eb0482,0.0482,diagnostic,1,6.4,0,0.4,20000,1.0,0.0,0.8288,0.375,0.5122,2.471,2.7004,3.727,3.4519,7,7.6057,1,1.216,0,0,0
g3scan,rq4graded,3.5,-1.0,eb0482,0.0482,diagnostic,1,6.4,0,0.41,20000,1.0,0.0,0.8558,0.314,0.5139,2.448,2.7126,3.673,3.404,7,nan,0,1.2012,0,0,0
g3scan,rq4graded,3.5,-1.0,eb0482,0.0482,diagnostic,1,6.4,0,0.42,20000,1.0,0.0,0.8784,0.264,0.5152,2.484,2.7168,3.63,3.3634,7,nan,0,1.1865,0,0,0
g3scan,rq4graded,3.5,-1.0,eb0482,0.0482,diagnostic,1,6.4,0,0.43,20000,1.0,0.0,0.8956,0.224,0.5229,2.487,2.7428,3.5859,3.3222,7,nan,0,1.1734,0,0,0
g3scan,rq4graded,3.5,-1.0,eb0482,0.0482,diagnostic,1,6.4,0,0.44,20000,1.0,0.0,0.9114,0.189,0.5268,2.577,2.7551,3.5356,3.2775,7,nan,0,1.1597,0,0,0
g3scan,rq4graded,3.5,-1.0,eb0482,0.0482,diagnostic,1,6.4,0,0.45,20000,1.0,0.0,0.9245,0.161,0.5273,2.545,2.7615,3.4927,3.2383,7,nan,0,1.1468,0,0,0
g3scan,rq4graded,3.5,-1.0,eb0482,0.0482,diagnostic,1,6.4,0,0.46,20000,1.0,0.0,0.9355,0.137,0.5277,2.532,2.7647,3.4545,3.2027,7,nan,0,1.1342,0,0,0
g3scan,rq4graded,3.5,-1.0,eb0482,0.0482,diagnostic,1,6.4,0,0.47,20000,1.0,0.0,0.9448,0.116,0.5353,2.627,2.7885,3.4058,3.1586,7,nan,0,1.1216,0,0,0
g3scan,rq4graded,3.5,-1.0,eb0482,0.0482,diagnostic,1,6.4,0,0.48,20000,1.0,0.0,0.9528,0.099,0.5326,2.624,2.7837,3.043,2.8589,6,nan,0,1.1095,0,0,0
g3scan,rq4graded,3.5,-1.0,eb0482,0.0482,diagnostic,1,6.4,0,0.49,20000,1.0,0.0,0.9594,0.086,0.5339,2.668,2.7803,3.0128,2.8304,6,nan,0,1.0977,0,0,0
g3scan,rq4graded,3.5,-1.0,eb0482,0.0482,diagnostic,1,6.4,0,0.5,20000,1.0,0.0,0.9647,0.073,0.5382,2.667,2.8079,2.9791,2.7979,6,nan,0,1.0867,0,0,0
g3scan,rq4graded,3.5,-1.0,eb0482,0.0482,diagnostic,1,6.4,0,0.51,20000,1.0,0.0,0.9694,0.063,0.5425,2.688,2.8282,2.6502,2.5183,5,nan,0,1.0757,0,0,0
g3scan,rq4graded,3.5,-1.0,eb0482,0.0482,diagnostic,1,6.4,0,0.52,20000,1.0,0.0,0.974,0.054,0.5293,2.528,2.8012,2.6261,2.495,5,nan,0,1.0642,0,0,0
g3scan,rq4graded,3.5,-1.0,eb0482,0.0482,diagnostic,1,9.6,1,0.17,20000,1.0,0.0,0.0,7.863,0.0,nan,4.1599,6.7604,6.6627,4,12.2856,5,nan,0,0,0
g3scan,rq4graded,3.5,-1.0,eb0482,0.0482,diagnostic,1,9.6,1,0.18,20000,1.0,0.0,0.0,7.1,0.0,nan,3.6657,6.5258,6.4351,4,11.3408,4,nan,0,1,0
g3scan,rq4graded,3.5,-1.0,eb0482,0.0482,diagnostic,1,9.6,1,0.19,20000,1.0,0.0,0.0,6.338,0.0,nan,3.217,5.8527,5.7101,5,10.8363,4,nan,0,1,0
g3scan,rq4graded,3.5,-1.0,eb0482,0.0482,diagnostic,1,9.6,1,0.2,20000,1.0,0.0,0.0,5.572,0.0,nan,2.8133,5.2318,5.0205,6,10.1196,3,nan,0,1,0
g3scan,rq4graded,3.5,-1.0,eb0482,0.0482,diagnostic,1,9.6,1,0.21,20000,1.0,0.0,0.0,4.819,0.0,0.0,2.4944,4.6452,4.3287,7,9.7003,3,nan,0,1,0
g3scan,rq4graded,3.5,-1.0,eb0482,0.0482,diagnostic,1,9.6,1,0.22,20000,1.0,0.0,0.0,4.121,0.0001,0.001,2.315,4.4966,4.1962,7,9.3472,3,nan,0,0,0
g3scan,rq4graded,3.5,-1.0,eb0482,0.0482,diagnostic,1,9.6,1,0.23,20000,1.0,0.0,0.0,3.474,0.014,0.049,2.3073,4.3558,4.0702,7,8.6045,2,1.468,0,0,0
g3scan,rq4graded,3.5,-1.0,eb0482,0.0482,diagnostic,1,9.6,1,0.24,20000,1.0,0.0,0.0,2.873,0.1341,0.36,2.3686,4.2202,3.9476,7,8.3157,2,1.437,0,0,0
g3scan,rq4graded,3.5,-1.0,eb0482,0.0482,diagnostic,1,9.6,1,0.25,20000,1.0,0.0,0.0019,2.342,0.3317,1.016,2.5426,4.0914,3.8301,7,7.6962,1,1.413,0,0,0
g3scan,rq4graded,3.5,-1.0,eb0482,0.0482,diagnostic,1,9.6,1,0.26,20000,1.0,0.0,0.0486,1.885,0.4934,1.867,2.9072,3.9727,3.7199,7,7.4037,1,1.3885,0,0,0
g3scan,rq4graded,3.5,-1.0,eb0482,0.0482,diagnostic,1,9.6,1,0.27,20000,1.0,0.0,0.1997,1.446,0.5721,2.463,3.0823,3.8505,3.6093,7,nan,0,1.3586,0,0,0
g3scan,rq4graded,3.5,-1.0,eb0482,0.0482,diagnostic,1,9.6,1,0.28,20000,1.0,0.0,0.3828,1.061,0.6145,2.915,3.1689,3.7439,3.5104,7,nan,0,1.3265,0,0,0
g3scan,rq4graded,3.5,-1.0,eb0482,0.0482,diagnostic,1,9.6,1,0.29,20000,1.0,0.0,0.5419,0.765,0.6361,3.158,3.2177,3.6343,3.4104,7,nan,0,1.2952,0,0,0
g3scan,rq4graded,3.5,-1.0,eb0482,0.0482,diagnostic,1,9.6,1,0.3,20000,1.0,0.0,0.6639,0.55,0.6509,3.319,3.2514,3.5358,3.3195,7,nan,0,1.2653,0,0,0
g3scan,rq4graded,3.5,-1.0,eb0482,0.0482,diagnostic,1,9.6,1,0.31,20000,1.0,0.0,0.7582,0.392,0.6566,3.373,3.2685,3.4401,3.2309,7,nan,0,1.2354,0,0,0
g3scan,rq4graded,3.5,-1.0,eb0482,0.0482,diagnostic,1,9.6,1,0.32,20000,1.0,0.0,0.8248,0.281,0.662,3.413,3.2823,3.0699,2.9117,6,nan,0,1.207,0,0,0
g3scan,rq4graded,3.5,-1.0,eb0482,0.0482,diagnostic,1,9.6,1,0.33,20000,1.0,0.0,0.8731,0.202,0.6681,3.49,3.2997,2.9856,2.8335,6,nan,0,1.1793,0,0,0
g3scan,rq4graded,3.5,-1.0,eb0482,0.0482,diagnostic,1,9.6,1,0.34,20000,1.0,0.0,0.9058,0.148,0.6743,3.562,3.315,2.6606,2.5471,5,nan,0,1.1543,0,0,0
g3scan,rq4graded,3.5,-1.0,eb0482,0.0482,diagnostic,1,9.6,1,0.35,20000,1.0,0.0,0.9312,0.107,0.68,3.671,3.3278,2.5962,2.4856,5,nan,0,1.1288,0,0,0
g3scan,rq4graded,3.5,-1.0,eb0482,0.0482,diagnostic,1,9.6,1,0.36,20000,1.0,0.0,0.9495,0.079,0.68,3.667,3.3308,2.2867,2.2111,4,nan,0,1.1048,0,0,0
g3scan,rq4graded,3.5,-1.0,eb0482,0.0482,diagnostic,1,9.6,1,0.37,20000,1.0,0.0,0.9626,0.058,0.682,3.57,3.3409,2.2337,2.1604,4,nan,0,1.0815,0,0,0
g3scan,rq4graded,3.5,-1.0,eb0482,0.0482,diagnostic,1,9.6,1,0.38,20000,1.0,0.0,0.9724,0.042,0.6851,3.537,3.3529,1.9431,1.8986,3,nan,0,1.0583,0,0,0
g3scan,rq4graded,3.5,-1.0,eb0482,0.0482,diagnostic,1,9.6,1,0.39,20000,1.0,0.0,0.9791,0.032,0.6814,3.491,3.3545,1.8987,1.8566,3,nan,0,1.0376,0,0,0
g3scan,rq4graded,3.5,-1.0,eb0482,0.0482,diagnostic,1,9.6,1,0.4,20000,1.0,0.0,0.9843,0.024,0.6997,3.876,3.3791,1.6279,1.6079,2,nan,0,1.015,0,0,0
g3scan,rq4graded,3.5,-1.0,eb0482,0.0482,diagnostic,1,9.6,1,0.41,20000,1.0,0.0,0.988,0.018,0.7193,4.436,3.3938,1.5955,1.5753,2,nan,0,0.9951,0,0,0
g3scan,rq4graded,3.5,-1.0,eb0482,0.0482,diagnostic,1,9.6,1,0.42,20000,1.0,0.0,0.9909,0.014,0.7131,4.21,3.4023,1.5584,1.5392,2,nan,0,0.9774,0,0,0
g3scan,rq4graded,3.5,-1.0,eb0482,0.0482,diagnostic,1,9.6,1,0.43,20000,1.0,0.0,0.993,0.01,0.6975,3.698,3.4011,1.5263,1.5083,2,nan,0,0.9606,0,0,0
g3scan,rq4graded,3.5,-1.0,eb0482,0.0482,diagnostic,1,9.6,1,0.44,20000,1.0,0.0,0.9947,0.008,0.7183,4.636,3.4051,1.499,1.4806,2,nan,0,0.9414,0,0,0
g3scan,rq4graded,3.5,-1.0,eb0482,0.0482,diagnostic,1,9.6,1,0.45,20000,1.0,0.0,0.9961,0.006,0.6774,3.387,3.3661,1.2428,1.2428,1,nan,0,0.9231,0,0,0
g3scan,rq4graded,3.5,-1.0,eb0482,0.0482,diagnostic,1,9.6,1,0.46,20000,1.0,0.0,0.9971,0.004,0.6842,3.25,3.3799,1.2109,1.2109,1,nan,0,0.9009,0,0,0
g3scan,rq4graded,3.5,-1.0,eb0482,0.0482,diagnostic,1,9.6,1,0.47,20000,1.0,0.0,0.9976,0.004,0.7041,3.45,3.4192,1.1919,1.1919,1,nan,0,0.8892,0,0,0
g3scan,rq4graded,3.5,-1.0,eb0482,0.0482,diagnostic,1,9.6,1,0.48,20000,1.0,0.0,0.9982,0.003,0.7123,3.714,3.4229,nan,nan,0,nan,0,0.87,0,0,0
g3scan,rq4graded,3.5,-1.0,eb0482,0.0482,diagnostic,1,9.6,1,0.49,20000,1.0,0.0,0.9985,0.002,0.7119,3.5,3.431,nan,nan,0,nan,0,0.8561,0,0,0
g3scan,rq4graded,3.5,-1.0,eb0482,0.0482,diagnostic,1,9.6,1,0.5,20000,1.0,0.0,0.9988,0.002,0.7755,6.333,3.4805,nan,nan,0,nan,0,0.8413,0,0,0
g3scan,rq4graded,3.5,-1.0,eb0482,0.0482,diagnostic,1,9.6,1,0.51,20000,1.0,0.0,0.9991,0.001,0.75,3.857,3.472,nan,nan,0,nan,0,0.8251,0,0,0
g3scan,rq4graded,3.5,-1.0,eb0482,0.0482,diagnostic,1,9.6,1,0.52,20000,1.0,0.0,0.9993,0.001,0.7586,4.4,3.4748,nan,nan,0,nan,0,0.8131,0,0,0
g3scan,rq4graded,3.5,-1.0,eb0482,0.0482,diagnostic,1,12.8,1,0.17,20000,1.0,0.0,0.0,6.694,0.0,nan,3.6433,6.3837,6.3106,4,9.7543,3,nan,0,1,0
g3scan,rq4graded,3.5,-1.0,eb0482,0.0482,diagnostic,1,12.8,1,0.18,20000,1.0,0.0,0.0,5.861,0.0,nan,3.2046,5.6696,5.5555,5,8.8951,2,nan,0,1,0
g3scan,rq4graded,3.5,-1.0,eb0482,0.0482,diagnostic,1,12.8,1,0.19,20000,1.0,0.0,0.0,5.027,0.0,nan,2.8463,5.0169,4.8474,6,8.3777,2,nan,0,1,0
g3scan,rq4graded,3.5,-1.0,eb0482,0.0482,diagnostic,1,12.8,1,0.2,20000,1.0,0.0,0.0,4.218,0.0,0.0,2.606,4.4079,4.1513,7,7.6495,1,nan,0,0,0
g3scan,rq4graded,3.5,-1.0,eb0482,0.0482,diagnostic,1,12.8,1,0.21,20000,1.0,0.0,0.0,3.485,0.0001,0.001,2.5713,4.2059,3.9702,7,7.2671,1,nan,0,0,0
g3scan,rq4graded,3.5,-1.0,eb0482,0.0482,diagnostic,1,12.8,1,0.22,20000,1.0,0.0,0.0,2.839,0.0311,0.069,2.6079,4.0173,3.8004,7,nan,0,1.4591,0,0,0
g3scan,rq4graded,3.5,-1.0,eb0482,0.0482,diagnostic,1,12.8,1,0.23,20000,1.0,0.0,0.0,2.218,0.27,0.625,2.7518,3.8403,3.6376,7,nan,0,1.4202,1,0,0
g3scan,rq4graded,3.5,-1.0,eb0482,0.0482,diagnostic,1,12.8,1,0.24,20000,1.0,0.0,0.0056,1.726,0.5364,1.822,3.1531,3.6649,3.4765,7,nan,0,1.3915,0,0,0
g3scan,rq4graded,3.5,-1.0,eb0482,0.0482,diagnostic,1,12.8,1,0.25,20000,1.0,0.0,0.14,1.287,0.6802,3.271,3.392,3.2476,3.1051,6,nan,0,1.3568,0,0,0
g3scan,rq4graded,3.5,-1.0,eb0482,0.0482,diagnostic,1,12.8,1,0.26,20000,1.0,0.0,0.3984,0.849,0.7307,4.089,3.4777,3.1057,2.9727,6,nan,0,1.313,0,0,0
g3scan,rq4graded,3.5,-1.0,eb0482,0.0482,diagnostic,1,12.8,1,0.27,20000,1.0,0.0,0.6119,0.534,0.7512,4.498,3.5134,2.7507,2.6513,5,nan,0,1.2691,0,0,0
g3scan,rq4graded,3.5,-1.0,eb0482,0.0482,diagnostic,1,12.8,1,0.28,20000,1.0,0.0,0.7583,0.328,0.7617,4.684,3.5328,2.6436,2.5494,5,nan,0,1.2259,0,0,0
g3scan,rq4graded,3.5,-1.0,eb0482,0.0482,diagnostic,1,12.8,1,0.29,20000,1.0,0.0,0.8497,0.201,0.7703,4.933,3.5492,2.3194,2.2539,4,nan,0,1.1846,0,0,0
g3scan,rq4graded,3.5,-1.0,eb0482,0.0482,diagnostic,1,12.8,1,0.3,20000,1.0,0.0,0.9056,0.125,0.779,5.167,3.5627,2.2334,2.1715,4,nan,0,1.1455,0,0,0
g3scan,rq4graded,3.5,-1.0,eb0482,0.0482,diagnostic,1,12.8,1,0.31,20000,1.0,0.0,0.9411,0.077,0.7832,5.044,3.5772,1.9363,1.8982,3,nan,0,1.108,0,0,0
g3scan,rq4graded,3.5,-1.0,eb0482,0.0482,diagnostic,1,12.8,1,0.32,20000,1.0,0.0,0.963,0.048,0.7863,5.311,3.579,1.8705,1.8346,3,nan,0,1.0719,0,0,0
g3scan,rq4graded,3.5,-1.0,eb0482,0.0482,diagnostic,1,12.8,1,0.33,20000,1.0,0.0,0.9764,0.031,0.7947,5.482,3.5945,1.598,1.5812,2,nan,0,1.0376,0,0,0
g3scan,rq4graded,3.5,-1.0,eb0482,0.0482,diagnostic,1,12.8,1,0.34,20000,1.0,0.0,0.9851,0.019,0.8141,6.312,3.6206,1.5351,1.5187,2,nan,0,1.003,0,0,0
g3scan,rq4graded,3.5,-1.0,eb0482,0.0482,diagnostic,1,12.8,1,0.35,20000,1.0,0.0,0.99,0.013,0.8116,6.094,3.6223,1.2734,1.2734,1,nan,0,0.9751,0,0,0
g3scan,rq4graded,3.5,-1.0,eb0482,0.0482,diagnostic,1,12.8,1,0.36,20000,1.0,0.0,0.9935,0.008,0.8038,5.359,3.6233,1.2324,1.2324,1,nan,0,0.9474,0,0,0
g3scan,rq4graded,3.5,-1.0,eb0482,0.0482,diagnostic,1,12.8,1,0.37,20000,1.0,0.0,0.9961,0.005,0.7949,4.96,3.613,1.1928,1.1928,1,nan,0,0.9148,0,0,0
g3scan,rq4graded,3.5,-1.0,eb0482,0.0482,diagnostic,1,12.8,1,0.38,20000,1.0,0.0,0.9974,0.003,0.8095,5.667,3.6124,nan,nan,0,nan,0,0.8859,0,0,0
g3scan,rq4graded,3.5,-1.0,eb0482,0.0482,diagnostic,1,12.8,1,0.39,20000,1.0,0.0,0.9982,0.002,0.8472,6.778,3.6803,nan,nan,0,nan,0,0.8596,0,0,0
g3scan,rq4graded,3.5,-1.0,eb0482,0.0482,diagnostic,1,12.8,1,0.4,20000,1.0,0.0,0.9987,0.002,0.8627,8.8,3.673,nan,nan,0,nan,0,0.8376,0,0,0
g3scan,rq4graded,3.5,-1.0,eb0482,0.0482,diagnostic,1,12.8,1,0.41,20000,1.0,0.0,0.9992,0.001,0.8438,9.0,3.6386,nan,nan,0,nan,0,0.813,0,0,0
g3scan,rq4graded,3.5,-1.0,eb0482,0.0482,diagnostic,1,12.8,1,0.42,20000,1.0,0.0,0.9994,0.001,0.9091,20.0,3.7068,nan,nan,0,nan,0,0.789,0,0,0
g3scan,rq4graded,3.5,-1.0,eb0482,0.0482,diagnostic,1,12.8,1,0.43,20000,1.0,0.0,0.9997,0.0,0.8333,10.0,3.5553,nan,nan,0,nan,0,nan,0,0,0
g3scan,rq4graded,3.5,-1.0,eb0482,0.0482,diagnostic,1,12.8,1,0.44,20000,1.0,0.0,0.9998,0.0,0.7143,5.0,3.4601,nan,nan,0,nan,0,nan,0,0,0
g3scan,rq4graded,3.5,-1.0,eb0482,0.0482,diagnostic,1,12.8,1,0.45,20000,1.0,0.0,0.9999,0.0,0.8,nan,3.4886,nan,nan,0,nan,0,nan,0,0,0
g3scan,rq4graded,3.5,-1.0,eb0482,0.0482,diagnostic,1,12.8,1,0.46,20000,1.0,0.0,0.9999,0.0,0.8,nan,3.4886,nan,nan,0,nan,0,nan,0,0,0
g3scan,rq4graded,3.5,-1.0,eb0482,0.0482,diagnostic,1,12.8,1,0.47,20000,1.0,0.0,1.0,0.0,0.5,1.0,3.3886,nan,nan,0,nan,0,nan,0,0,0
g3scan,rq4graded,3.5,-1.0,eb0482,0.0482,diagnostic,1,12.8,1,0.48,20000,1.0,0.0,1.0,0.0,0.5,1.0,3.3886,nan,nan,0,nan,0,nan,0,0,0
g3scan,rq4graded,3.5,-1.0,eb0482,0.0482,diagnostic,1,12.8,1,0.49,20000,1.0,0.0,1.0,0.0,0.5,1.0,3.3886,nan,nan,0,nan,0,nan,0,0,0
g3scan,rq4graded,3.5,-1.0,eb0482,0.0482,diagnostic,1,12.8,1,0.5,20000,1.0,0.0,1.0,0.0,0.0,0.0,3.5093,nan,nan,0,nan,0,nan,0,0,0
g3scan,rq4graded,3.5,-1.0,eb0482,0.0482,diagnostic,1,12.8,1,0.51,20000,1.0,0.0,1.0,0.0,1.0,nan,3.8886,nan,nan,0,nan,0,nan,0,0,0
g3scan,rq4graded,3.5,-1.0,eb0482,0.0482,diagnostic,1,12.8,1,0.52,20000,1.0,0.0,1.0,0.0,1.0,nan,3.8886,nan,nan,0,nan,0,nan,0,0,0
g3scan,rq4graded,3.5,-1.0,eb1168,0.11675778353879479,diagnostic,0,2.4,0,0.17,20000,1.0,0.0,0.0,16.083,0.0,nan,11.1947,nan,nan,0,23.8724,6,nan,0,0,0
g3scan,rq4graded,3.5,-1.0,eb1168,0.11675778353879479,diagnostic,0,2.4,0,0.18,20000,1.0,0.0,0.0,15.801,0.0,nan,10.9125,nan,nan,0,22.4627,7,nan,0,0,0
g3scan,rq4graded,3.5,-1.0,eb1168,0.11675778353879479,diagnostic,0,2.4,0,0.19,20000,1.0,0.0,0.0,15.517,0.0,nan,10.6283,nan,nan,0,22.2574,7,nan,0,0,0
g3scan,rq4graded,3.5,-1.0,eb1168,0.11675778353879479,diagnostic,0,2.4,0,0.2,20000,1.0,0.0,0.0,15.231,0.0,nan,10.3421,nan,nan,0,20.9311,8,nan,0,0,0
g3scan,rq4graded,3.5,-1.0,eb1168,0.11675778353879479,diagnostic,0,2.4,0,0.21,20000,1.0,0.0,0.0,14.95,0.0,nan,10.0616,nan,nan,0,20.7569,8,nan,0,0,0
g3scan,rq4graded,3.5,-1.0,eb1168,0.11675778353879479,diagnostic,0,2.4,0,0.22,20000,1.0,0.0,0.0,14.67,0.0,nan,9.7811,nan,nan,0,20.5914,8,nan,0,0,0
g3scan,rq4graded,3.5,-1.0,eb1168,0.11675778353879479,diagnostic,0,2.4,0,0.23,20000,1.0,0.0,0.0,14.383,0.0,nan,9.4947,nan,nan,0,20.4299,8,nan,0,0,0
g3scan,rq4graded,3.5,-1.0,eb1168,0.11675778353879479,diagnostic,0,2.4,0,0.24,20000,1.0,0.0,0.0,14.1,0.0,nan,9.2115,9.1593,9.1593,1,20.2757,8,nan,0,0,0
g3scan,rq4graded,3.5,-1.0,eb1168,0.11675778353879479,diagnostic,0,2.4,0,0.25,20000,1.0,0.0,0.0,13.82,0.0,nan,8.9312,9.0923,9.0923,1,20.1293,8,nan,0,0,0
g3scan,rq4graded,3.5,-1.0,eb1168,0.11675778353879479,diagnostic,0,2.4,0,0.26,20000,1.0,0.0,0.0,13.536,0.0,nan,8.6472,8.2708,8.2348,2,19.9872,8,nan,0,0,0
g3scan,rq4graded,3.5,-1.0,eb1168,0.11675778353879479,diagnostic,0,2.4,0,0.27,20000,1.0,0.0,0.0,13.252,0.0,nan,8.363,8.2178,8.1817,2,19.849,8,nan,0,0,0
g3scan,rq4graded,3.5,-1.0,eb1168,0.11675778353879479,diagnostic,0,2.4,0,0.28,20000,1.0,0.0,0.0,12.971,0.0,nan,8.0828,7.5297,7.4497,3,19.7199,8,nan,0,0,0
g3scan,rq4graded,3.5,-1.0,eb1168,0.11675778353879479,diagnostic,0,2.4,0,0.29,20000,1.0,0.0,0.0,12.687,0.0,nan,7.7982,7.4846,7.4046,3,19.5931,8,nan,0,0,0
g3scan,rq4graded,3.5,-1.0,eb1168,0.11675778353879479,diagnostic,0,2.4,0,0.3,20000,1.0,0.0,0.0,12.408,0.0,nan,7.5198,6.8575,6.7172,4,19.4739,8,nan,0,0,0
g3scan,rq4graded,3.5,-1.0,eb1168,0.11675778353879479,diagnostic,0,2.4,0,0.31,20000,1.0,0.0,0.0,12.123,0.0,nan,7.2359,6.8192,6.6794,4,19.3542,8,nan,0,0,0
g3scan,rq4graded,3.5,-1.0,eb1168,0.11675778353879479,diagnostic,0,2.4,0,0.32,20000,1.0,0.0,0.0,11.838,0.0,0.0,6.9515,6.2355,6.016,5,19.2367,8,nan,0,0,0
g3scan,rq4graded,3.5,-1.0,eb1168,0.11675778353879479,diagnostic,0,2.4,0,0.33,20000,1.0,0.0,0.0,11.558,0.0,0.0,6.6726,6.2037,5.9851,5,19.1288,8,nan,0,0,0
g3scan,rq4graded,3.5,-1.0,eb1168,0.11675778353879479,diagnostic,0,2.4,0,0.34,20000,1.0,0.0,0.0,11.277,0.0,0.0,6.3925,5.6591,5.3387,6,19.026,8,nan,0,0,0
g3scan,rq4graded,3.5,-1.0,eb1168,0.11675778353879479,diagnostic,0,2.4,0,0.35,20000,1.0,0.0,0.0,10.995,0.0001,0.3,6.1108,5.6317,5.3128,6,18.9232,8,nan,0,0,0
g3scan,rq4graded,3.5,-1.0,eb1168,0.11675778353879479,diagnostic,0,2.4,0,0.36,20000,1.0,0.0,0.0,10.714,0.0001,0.167,5.8295,5.1067,4.6392,7,18.8216,8,nan,0,0,0
g3scan,rq4graded,3.5,-1.0,eb1168,0.11675778353879479,diagnostic,0,2.4,0,0.37,20000,1.0,0.0,0.0,10.431,0.0002,0.13,5.5474,5.0831,4.6182,7,18.7223,8,nan,0,0,0
g3scan,rq4graded,3.5,-1.0,eb1168,0.11675778353879479,diagnostic,0,2.4,0,0.38,20000,1.0,0.0,0.0,10.153,0.0004,0.125,5.2714,5.0603,4.5977,7,18.6311,8,nan,0,0,0
g3scan,rq4graded,3.5,-1.0,eb1168,0.11675778353879479,diagnostic,0,2.4,0,0.39,20000,1.0,0.0,0.0001,9.871,0.0007,0.113,4.9925,5.0379,4.5776,7,18.5357,8,1.4484,0,0,0
g3scan,rq4graded,3.5,-1.0,eb1168,0.11675778353879479,diagnostic,0,2.4,0,0.4,20000,1.0,0.0,0.0001,9.591,0.0014,0.142,4.7141,5.0161,4.5581,7,18.4477,8,1.4427,0,0,0
g3scan,rq4graded,3.5,-1.0,eb1168,0.11675778353879479,diagnostic,0,2.4,0,0.41,20000,1.0,0.0,0.0001,9.316,0.0032,0.211,4.4408,4.995,4.5393,7,18.3605,8,1.4369,0,0,0
g3scan,rq4graded,3.5,-1.0,eb1168,0.11675778353879479,diagnostic,0,2.4,0,0.42,20000,1.0,0.0,0.0003,9.042,0.006,0.281,4.1695,4.974,4.5204,7,18.2777,8,1.4314,0,0,0
g3scan,rq4graded,3.5,-1.0,eb1168,0.11675778353879479,diagnostic,0,2.4,0,0.43,20000,1.0,0.0,0.0006,8.77,0.0097,0.312,3.9026,4.9536,4.502,7,18.1964,8,1.4269,0,0,0
g3scan,rq4graded,3.5,-1.0,eb1168,0.11675778353879479,diagnostic,0,2.4,0,0.44,20000,1.0,0.0,0.0012,8.504,0.015,0.375,3.6442,4.934,4.4845,7,18.1165,8,1.4221,0,0,0
g3scan,rq4graded,3.5,-1.0,eb1168,0.11675778353879479,diagnostic,0,2.4,0,0.45,20000,1.0,0.0,0.0024,8.239,0.022,0.444,3.3926,4.9146,4.4671,7,18.0368,8,1.417,0,0,0
g3scan,rq4graded,3.5,-1.0,eb1168,0.11675778353879479,diagnostic,0,2.4,0,0.46,20000,1.0,0.0,0.0046,7.979,0.0306,0.525,3.1509,4.8958,4.4501,7,17.9577,8,1.412,0,0,0
g3scan,rq4graded,3.5,-1.0,eb1168,0.11675778353879479,diagnostic,0,2.4,0,0.47,20000,1.0,0.0,0.0075,7.722,0.0405,0.603,2.9181,4.8771,4.4333,7,17.8832,8,1.4073,0,0,0
g3scan,rq4graded,3.5,-1.0,eb1168,0.11675778353879479,diagnostic,0,2.4,0,0.48,20000,1.0,0.0,0.0118,7.469,0.0526,0.703,2.6991,4.8589,4.4168,7,17.8121,8,1.4024,0,0,0
g3scan,rq4graded,3.5,-1.0,eb1168,0.11675778353879479,diagnostic,0,2.4,0,0.49,20000,1.0,0.0,0.0176,7.224,0.064,0.781,2.4983,4.8413,4.401,7,17.7423,8,1.398,0,0,0
g3scan,rq4graded,3.5,-1.0,eb1168,0.11675778353879479,diagnostic,0,2.4,0,0.5,20000,1.0,0.0,0.025,6.985,0.0756,0.867,2.3131,4.824,4.3854,7,17.6723,8,1.3936,0,1,0
g3scan,rq4graded,3.5,-1.0,eb1168,0.11675778353879479,diagnostic,0,2.4,0,0.51,20000,1.0,0.0,0.0348,6.746,0.0871,0.939,2.1451,4.8067,4.3699,7,17.6026,8,1.3891,0,1,0
g3scan,rq4graded,3.5,-1.0,eb1168,0.11675778353879479,diagnostic,0,2.4,0,0.52,20000,1.0,0.0,0.046,6.516,0.099,1.027,1.9915,4.7898,4.3547,7,17.5375,8,1.3847,0,1,0
g3scan,rq4graded,3.5,-1.0,eb1168,0.11675778353879479,diagnostic,0,3.2,0,0.17,20000,1.0,0.0,0.0,14.234,0.0,nan,9.3504,nan,nan,0,20.2395,8,nan,0,0,0
g3scan,rq4graded,3.5,-1.0,eb1168,0.11675778353879479,diagnostic,0,3.2,0,0.18,20000,1.0,0.0,0.0,13.847,0.0,nan,8.9644,nan,nan,0,19.9734,8,nan,0,0,0
g3scan,rq4graded,3.5,-1.0,eb1168,0.11675778353879479,diagnostic,0,3.2,0,0.19,20000,1.0,0.0,0.0,13.451,0.0,nan,8.5727,nan,nan,0,19.7146,8,nan,0,0,0
g3scan,rq4graded,3.5,-1.0,eb1168,0.11675778353879479,diagnostic,0,3.2,0,0.2,20000,1.0,0.0,0.0,13.063,0.0,nan,8.1879,9.1586,9.1586,1,19.4745,8,nan,0,0,0
g3scan,rq4graded,3.5,-1.0,eb1168,0.11675778353879479,diagnostic,0,3.2,0,0.21,20000,1.0,0.0,0.0,12.673,0.0,nan,7.8013,9.0575,9.0575,1,19.2449,8,nan,0,0,0
g3scan,rq4graded,3.5,-1.0,eb1168,0.11675778353879479,diagnostic,0,3.2,0,0.22,20000,1.0,0.0,0.0,12.28,0.0,nan,7.4106,8.2226,8.1879,2,19.0235,8,nan,0,0,0
g3scan,rq4graded,3.5,-1.0,eb1168,0.11675778353879479,diagnostic,0,3.2,0,0.23,20000,1.0,0.0,0.0,11.892,0.0,nan,7.0297,7.5166,7.4397,3,18.8134,8,nan,0,0,0
g3scan,rq4graded,3.5,-1.0,eb1168,0.11675778353879479,diagnostic,0,3.2,0,0.24,20000,1.0,0.0,0.0,11.499,0.0,nan,6.6427,7.4511,7.3747,3,18.6128,8,nan,0,0,0
g3scan,rq4graded,3.5,-1.0,eb1168,0.11675778353879479,diagnostic,0,3.2,0,0.25,20000,1.0,0.0,0.0,11.109,0.0,nan,6.2575,6.8112,6.6771,4,18.4251,8,nan,0,0,0
g3scan,rq4graded,3.5,-1.0,eb1168,0.11675778353879479,diagnostic,0,3.2,0,0.26,20000,1.0,0.0,0.0,10.721,0.0,nan,5.8758,6.7543,6.6214,4,18.241,8,nan,0,0,0
g3scan,rq4graded,3.5,-1.0,eb1168,0.11675778353879479,diagnostic,0,3.2,0,0.27,20000,1.0,0.0,0.0,10.329,0.0,nan,5.4937,6.1642,5.9551,5,18.0639,8,nan,0,0,0
g3scan,rq4graded,3.5,-1.0,eb1168,0.11675778353879479,diagnostic,0,3.2,0,0.28,20000,1.0,0.0,0.0,9.939,0.0,0.0,5.1121,5.6114,5.3041,6,17.8938,8,nan,0,0,0
g3scan,rq4graded,3.5,-1.0,eb1168,0.11675778353879479,diagnostic,0,3.2,0,0.29,20000,1.0,0.0,0.0,9.55,0.0,0.0,4.74,5.5678,5.2635,6,17.7369,8,nan,0,0,0
g3scan,rq4graded,3.5,-1.0,eb1168,0.11675778353879479,diagnostic,0,3.2,0,0.3,20000,1.0,0.0,0.0,9.162,0.0001,0.111,4.3655,5.0385,4.5911,7,17.5804,8,nan,0,0,0
g3scan,rq4graded,3.5,-1.0,eb1168,0.11675778353879479,diagnostic,0,3.2,0,0.31,20000,1.0,0.0,0.0,8.77,0.0001,0.055,3.9968,5.0008,4.5573,7,17.4216,8,nan,0,0,0
g3scan,rq4graded,3.5,-1.0,eb1168,0.11675778353879479,diagnostic,0,3.2,0,0.32,20000,1.0,0.0,0.0,8.386,0.0004,0.057,3.6339,4.965,4.5254,7,17.2814,8,nan,0,0,0
g3scan,rq4graded,3.5,-1.0,eb1168,0.11675778353879479,diagnostic,0,3.2,0,0.33,20000,1.0,0.0,0.0001,8.003,0.0015,0.088,3.281,4.9301,4.4943,7,17.1428,8,1.4435,0,0,0
g3scan,rq4graded,3.5,-1.0,eb1168,0.11675778353879479,diagnostic,0,3.2,0,0.34,20000,1.0,0.0,0.0001,7.627,0.0048,0.155,2.9366,4.8963,4.4639,7,17.0038,8,1.4342,0,0,0
g3scan,rq4graded,3.5,-1.0,eb1168,0.11675778353879479,diagnostic,0,3.2,0,0.35,20000,1.0,0.0,0.0003,7.256,0.0112,0.221,2.6021,4.8629,4.434,7,16.8761,8,1.4266,0,0,0
g3scan,rq4graded,3.5,-1.0,eb1168,0.11675778353879479,diagnostic,0,3.2,0,0.36,20000,1.0,0.0,0.0008,6.892,0.0224,0.317,2.2831,4.8305,4.4052,7,16.7546,8,1.419,0,1,0
g3scan,rq4graded,3.5,-1.0,eb1168,0.11675778353879479,diagnostic,0,3.2,0,0.37,20000,1.0,0.0,0.0024,6.537,0.0399,0.445,1.9887,4.7996,4.3772,7,16.6313,8,1.4111,0,1,0
g3scan,rq4graded,3.5,-1.0,eb1168,0.11675778353879479,diagnostic,0,3.2,0,0.38,20000,1.0,0.0,0.0063,6.195,0.0614,0.586,1.7204,4.7696,4.3501,7,16.5177,8,1.4034,0,1,0
g3scan,rq4graded,3.5,-1.0,eb1168,0.11675778353879479,diagnostic,0,3.2,0,0.39,20000,1.0,0.0,0.0134,5.86,0.085,0.723,1.4912,4.7398,4.3233,7,16.3988,8,1.3963,0,1,0
g3scan,rq4graded,3.5,-1.0,eb1168,0.11675778353879479,diagnostic,0,3.2,0,0.4,20000,1.0,0.0,0.0239,5.536,0.1113,0.88,1.2895,4.711,4.2973,7,16.2879,8,1.3891,0,1,0
g3scan,rq4graded,3.5,-1.0,eb1168,0.11675778353879479,diagnostic,0,3.2,0,0.41,20000,1.0,0.0,0.0416,5.222,0.1337,1.005,1.1343,4.6829,4.2719,7,16.1741,8,1.3819,0,1,0
g3scan,rq4graded,3.5,-1.0,eb1168,0.11675778353879479,diagnostic,0,3.2,0,0.42,20000,1.0,0.0,0.0637,4.923,0.1545,1.12,1.0117,4.6558,4.2474,7,16.0613,8,1.3748,0,1,0
g3scan,rq4graded,3.5,-1.0,eb1168,0.11675778353879479,diagnostic,0,3.2,0,0.43,20000,1.0,0.0,0.0899,4.637,0.173,1.207,0.9188,4.6294,4.2235,7,15.9516,8,1.3678,0,1,0
g3scan,rq4graded,3.5,-1.0,eb1168,0.11675778353879479,diagnostic,0,3.2,0,0.44,20000,1.0,0.0,0.1201,4.361,0.1885,1.283,0.8468,4.6028,4.1996,7,15.8552,8,1.3609,0,0,0
g3scan,rq4graded,3.5,-1.0,eb1168,0.11675778353879479,diagnostic,0,3.2,0,0.45,20000,1.0,0.0,0.1536,4.101,0.2012,1.347,0.7997,4.5779,4.177,7,15.7502,8,1.3539,1,0,0
g3scan,rq4graded,3.5,-1.0,eb1168,0.11675778353879479,diagnostic,0,3.2,0,0.46,20000,1.0,0.0,0.1879,3.857,0.2138,1.439,0.7579,4.5533,4.1548,7,15.6678,8,1.347,1,0,0
g3scan,rq4graded,3.5,-1.0,eb1168,0.11675778353879479,diagnostic,0,3.2,0,0.47,20000,1.0,0.0,0.2234,3.622,0.2236,1.479,0.7342,4.5288,4.1325,7,15.583,8,1.3404,1,0,0
g3scan,rq4graded,3.5,-1.0,eb1168,0.11675778353879479,diagnostic,0,3.2,0,0.48,20000,1.0,0.0,0.2579,3.408,0.2319,1.509,0.7157,4.5058,4.1117,7,15.4931,8,1.334,1,0,0
g3scan,rq4graded,3.5,-1.0,eb1168,0.11675778353879479,diagnostic,0,3.2,0,0.49,20000,1.0,0.0,0.2929,3.206,0.2379,1.532,0.7115,4.4831,4.0911,7,15.4058,8,1.3277,1,0,0
g3scan,rq4graded,3.5,-1.0,eb1168,0.11675778353879479,diagnostic,0,3.2,0,0.5,20000,1.0,0.0,0.3266,3.011,0.244,1.548,0.7071,4.4599,4.0701,7,15.3163,8,1.3215,1,0,0
g3scan,rq4graded,3.5,-1.0,eb1168,0.11675778353879479,diagnostic,0,3.2,0,0.51,20000,1.0,0.0,0.3611,2.831,0.2491,1.588,0.7063,4.4376,4.0501,7,15.2193,8,1.3151,1,0,0
g3scan,rq4graded,3.5,-1.0,eb1168,0.11675778353879479,diagnostic,0,3.2,0,0.52,20000,1.0,0.0,0.3924,2.668,0.2555,1.655,0.7106,4.417,4.0313,7,15.1362,8,1.3091,1,0,0
g3scan,rq4graded,3.5,-1.0,eb1168,0.11675778353879479,diagnostic,0,4.8,0,0.17,20000,1.0,0.0,0.0,11.62,0.0,nan,6.8586,9.0861,9.0861,1,17.8071,8,nan,0,0,0
g3scan,rq4graded,3.5,-1.0,eb1168,0.11675778353879479,diagnostic,0,4.8,0,0.18,20000,1.0,0.0,0.0,11.078,0.0,nan,6.3505,8.217,8.1853,2,17.4279,8,nan,0,0,0
g3scan,rq4graded,3.5,-1.0,eb1168,0.11675778353879479,diagnostic,0,4.8,0,0.19,20000,1.0,0.0,0.0,10.531,0.0,nan,5.8446,8.0841,8.0526,2,17.0501,8,nan,0,0,0
g3scan,rq4graded,3.5,-1.0,eb1168,0.11675778353879479,diagnostic,0,4.8,0,0.2,20000,1.0,0.0,0.0,9.989,0.0,nan,5.3593,7.3646,7.2949,3,16.7,8,nan,0,0,0
g3scan,rq4graded,3.5,-1.0,eb1168,0.11675778353879479,diagnostic,0,4.8,0,0.21,20000,1.0,0.0,0.0,9.445,0.0,nan,4.8662,6.7058,6.5836,4,16.387,8,nan,0,0,0
g3scan,rq4graded,3.5,-1.0,eb1168,0.11675778353879479,diagnostic,0,4.8,0,0.22,20000,1.0,0.0,0.0,8.904,0.0,nan,4.4028,6.0942,5.9024,5,16.0799,8,nan,0,0,0
g3scan,rq4graded,3.5,-1.0,eb1168,0.11675778353879479,diagnostic,0,4.8,0,0.23,20000,1.0,0.0,0.0,8.357,0.0,nan,3.9385,6.005,5.8172,5,15.7846,8,nan,0,0,0
g3scan,rq4graded,3.5,-1.0,eb1168,0.11675778353879479,diagnostic,0,4.8,0,0.24,20000,1.0,0.0,0.0,7.816,0.0,0.0,3.4887,5.4438,5.1667,6,15.4946,8,nan,0,0,0
g3scan,rq4graded,3.5,-1.0,eb1168,0.11675778353879479,diagnostic,0,4.8,0,0.25,20000,1.0,0.0,0.0,7.273,0.0,0.0,3.0647,4.904,4.4958,7,15.2294,8,nan,0,0,0
g3scan,rq4graded,3.5,-1.0,eb1168,0.11675778353879479,diagnostic,0,4.8,0,0.26,20000,1.0,0.0,0.0,6.737,0.0001,0.013,2.6664,4.8383,4.4363,7,15.0207,8,nan,0,1,0
g3scan,rq4graded,3.5,-1.0,eb1168,0.11675778353879479,diagnostic,0,4.8,0,0.27,20000,1.0,0.0,0.0,6.209,0.0008,0.026,2.2925,4.7747,4.38,7,14.4406,7,1.4499,0,1,0
g3scan,rq4graded,3.5,-1.0,eb1168,0.11675778353879479,diagnostic,0,4.8,0,0.28,20000,1.0,0.0,0.0,5.701,0.0068,0.088,1.9534,4.714,4.3256,7,14.2194,7,1.4322,0,1,0
g3scan,rq4graded,3.5,-1.0,eb1168,0.11675778353879479,diagnostic,0,4.8,0,0.29,20000,1.0,0.0,0.0001,5.209,0.026,0.198,1.6755,4.6546,4.2726,7,14.0085,7,1.4183,0,1,0
g3scan,rq4graded,3.5,-1.0,eb1168,0.11675778353879479,diagnostic,0,4.8,0,0.3,20000,1.0,0.0,0.0008,4.739,0.0692,0.406,1.4538,4.5984,4.2217,7,13.8013,7,1.4051,0,1,0
g3scan,rq4graded,3.5,-1.0,eb1168,0.11675778353879479,diagnostic,0,4.8,0,0.31,20000,1.0,0.0,0.0063,4.293,0.1279,0.675,1.3212,4.543,4.1719,7,13.6214,7,1.3926,0,0,0
g3scan,rq4graded,3.5,-1.0,eb1168,0.11675778353879479,diagnostic,0,4.8,0,0.32,20000,1.0,0.0,0.0221,3.872,0.1897,0.956,1.2994,4.4894,4.1235,7,13.4318,7,1.3805,0,0,0
g3scan,rq4graded,3.5,-1.0,eb1168,0.11675778353879479,diagnostic,0,4.8,0,0.33,20000,1.0,0.0,0.0572,3.476,0.2406,1.204,1.365,4.4388,4.0774,7,12.7831,6,1.3678,1,0,0
g3scan,rq4graded,3.5,-1.0,eb1168,0.11675778353879479,diagnostic,0,4.8,0,0.34,20000,1.0,0.0,0.1093,3.103,0.2821,1.417,1.4609,4.3893,4.0324,7,12.6242,6,1.3548,1,0,0
g3scan,rq4graded,3.5,-1.0,eb1168,0.11675778353879479,diagnostic,0,4.8,0,0.35,20000,1.0,0.0,0.1735,2.759,0.311,1.565,1.551,4.3414,3.9889,7,12.4701,6,1.3419,0,0,0
g3scan,rq4graded,3.5,-1.0,eb1168,0.11675778353879479,diagnostic,0,4.8,0,0.36,20000,1.0,0.0,0.2432,2.449,0.3305,1.675,1.6529,4.2955,3.9474,7,12.3127,6,1.3292,0,0,0
g3scan,rq4graded,3.5,-1.0,eb1168,0.11675778353879479,diagnostic,0,4.8,0,0.37,20000,1.0,0.0,0.3113,2.165,0.3498,1.772,1.7447,4.2503,3.9061,7,12.1607,6,1.3167,0,0,0
g3scan,rq4graded,3.5,-1.0,eb1168,0.11675778353879479,diagnostic,0,4.8,0,0.38,20000,1.0,0.0,0.3793,1.915,0.3621,1.824,1.804,4.2075,3.8671,7,12.0192,6,1.3042,0,0,0
g3scan,rq4graded,3.5,-1.0,eb1168,0.11675778353879479,diagnostic,0,4.8,0,0.39,20000,1.0,0.0,0.4413,1.696,0.3688,1.83,1.8537,4.1645,3.8285,7,11.3637,5,1.2925,0,0,0
g3scan,rq4graded,3.5,-1.0,eb1168,0.11675778353879479,diagnostic,0,4.8,0,0.4,20000,1.0,0.0,0.4976,1.5,0.3818,1.913,1.9033,4.1239,3.7913,7,11.2662,5,1.2806,0,0,0
g3scan,rq4graded,3.5,-1.0,eb1168,0.11675778353879479,diagnostic,0,4.8,0,0.41,20000,1.0,0.0,0.5506,1.328,0.3893,1.989,1.9345,4.0848,3.7556,7,11.1208,5,1.2691,0,0,0
g3scan,rq4graded,3.5,-1.0,eb1168,0.11675778353879479,diagnostic,0,4.8,0,0.42,20000,1.0,0.0,0.5974,1.178,0.3947,2.016,1.9621,4.045,3.72,7,10.9898,5,1.2581,0,0,0
g3scan,rq4graded,3.5,-1.0,eb1168,0.11675778353879479,diagnostic,0,4.8,0,0.43,20000,1.0,0.0,0.6372,1.048,0.4043,2.094,1.9992,4.0086,3.6865,7,10.8799,5,1.2477,0,0,0
g3scan,rq4graded,3.5,-1.0,eb1168,0.11675778353879479,diagnostic,0,4.8,0,0.44,20000,1.0,0.0,0.6764,0.931,0.4046,2.05,2.0108,3.9729,3.6537,7,10.1691,4,1.2372,0,0,0
g3scan,rq4graded,3.5,-1.0,eb1168,0.11675778353879479,diagnostic,0,4.8,0,0.45,20000,1.0,0.0,0.7106,0.829,0.4064,2.099,2.0241,3.9363,3.6207,7,10.0776,4,1.2269,0,0,0
g3scan,rq4graded,3.5,-1.0,eb1168,0.11675778353879479,diagnostic,0,4.8,0,0.46,20000,1.0,0.0,0.7406,0.74,0.4081,2.09,2.0359,3.9026,3.5899,7,9.9691,4,1.2169,0,0,0
g3scan,rq4graded,3.5,-1.0,eb1168,0.11675778353879479,diagnostic,0,4.8,0,0.47,20000,1.0,0.0,0.7667,0.662,0.4123,2.165,2.0496,3.869,3.5595,7,9.8614,4,1.2072,0,0,0
g3scan,rq4graded,3.5,-1.0,eb1168,0.11675778353879479,diagnostic,0,4.8,0,0.48,20000,1.0,0.0,0.7911,0.59,0.4135,2.133,2.0655,3.8338,3.5277,7,9.7568,4,1.1974,0,0,0
g3scan,rq4graded,3.5,-1.0,eb1168,0.11675778353879479,diagnostic,0,4.8,0,0.49,20000,1.0,0.0,0.8111,0.532,0.4127,2.099,2.074,3.8038,3.5001,7,9.6841,4,1.1886,0,0,0
g3scan,rq4graded,3.5,-1.0,eb1168,0.11675778353879479,diagnostic,0,4.8,0,0.5,20000,1.0,0.0,0.8297,0.478,0.4127,2.088,2.083,3.7722,3.4714,7,9.133,3,1.1795,0,0,0
g3scan,rq4graded,3.5,-1.0,eb1168,0.11675778353879479,diagnostic,0,4.8,0,0.51,20000,1.0,0.0,0.8461,0.43,0.4142,2.082,2.0962,3.7415,3.4434,7,9.0564,3,1.1706,0,0,0
g3scan,rq4graded,3.5,-1.0,eb1168,0.11675778353879479,diagnostic,0,4.8,0,0.52,20000,1.0,0.0,0.8609,0.386,0.4199,2.132,2.1147,3.7102,3.4152,7,8.9434,3,1.1616,0,0,0
g3scan,rq4graded,3.5,-1.0,eb1168,0.11675778353879479,diagnostic,0,6.4,0,0.17,20000,1.0,0.0,0.0,9.918,0.0,nan,5.4626,8.071,8.0415,2,15.3962,7,nan,0,0,0
g3scan,rq4graded,3.5,-1.0,eb1168,0.11675778353879479,diagnostic,0,6.4,0,0.18,20000,1.0,0.0,0.0,9.273,0.0,nan,4.9183,7.323,7.2588,3,14.913,7,nan,0,0,0
g3scan,rq4graded,3.5,-1.0,eb1168,0.11675778353879479,diagnostic,0,6.4,0,0.19,20000,1.0,0.0,0.0,8.629,0.0,nan,4.3901,6.6401,6.5287,4,14.471,7,nan,0,0,0
g3scan,rq4graded,3.5,-1.0,eb1168,0.11675778353879479,diagnostic,0,6.4,0,0.2,20000,1.0,0.0,0.0,7.988,0.0,nan,3.9074,6.0069,5.8324,5,14.0867,7,nan,0,0,0
g3scan,rq4graded,3.5,-1.0,eb1168,0.11675778353879479,diagnostic,0,6.4,0,0.21,20000,1.0,0.0,0.0,7.341,0.0,nan,3.4425,5.8777,5.709,5,13.3699,6,nan,0,0,0
g3scan,rq4graded,3.5,-1.0,eb1168,0.11675778353879479,diagnostic,0,6.4,0,0.22,20000,1.0,0.0,0.0,6.699,0.0,0.0,2.9994,5.3038,5.054,6,13.0144,6,nan,0,1,0
g3scan,rq4graded,3.5,-1.0,eb1168,0.11675778353879479,diagnostic,0,6.4,0,0.23,20000,1.0,0.0,0.0,6.06,0.0,0.0,2.5935,4.7549,4.3845,7,12.6779,6,nan,0,1,0
g3scan,rq4graded,3.5,-1.0,eb1168,0.11675778353879479,diagnostic,0,6.4,0,0.24,20000,1.0,0.0,0.0,5.437,0.0001,0.005,2.2341,4.6613,4.3011,7,12.408,6,nan,0,1,0
g3scan,rq4graded,3.5,-1.0,eb1168,0.11675778353879479,diagnostic,0,6.4,0,0.25,20000,1.0,0.0,0.0,4.842,0.0032,0.031,1.9636,4.5708,4.2209,7,11.685,5,1.4386,0,1,0
g3scan,rq4graded,3.5,-1.0,eb1168,0.11675778353879479,diagnostic,0,6.4,0,0.26,20000,1.0,0.0,0.0,4.28,0.0286,0.146,1.7924,4.4855,4.1443,7,11.4112,5,1.4175,0,0,0
g3scan,rq4graded,3.5,-1.0,eb1168,0.11675778353879479,diagnostic,0,6.4,0,0.27,20000,1.0,0.0,0.0004,3.746,0.1029,0.414,1.7581,4.402,4.069,7,11.1766,5,1.3991,0,0,0
g3scan,rq4graded,3.5,-1.0,eb1168,0.11675778353879479,diagnostic,0,6.4,0,0.28,20000,1.0,0.0,0.0063,3.26,0.209,0.819,1.8105,4.3241,3.998,7,10.4042,4,1.3825,1,0,0
g3scan,rq4graded,3.5,-1.0,eb1168,0.11675778353879479,diagnostic,0,6.4,0,0.29,20000,1.0,0.0,0.0366,2.808,0.3059,1.248,1.9828,4.2461,3.9273,7,10.2039,4,1.3656,0,0,0
g3scan,rq4graded,3.5,-1.0,eb1168,0.11675778353879479,diagnostic,0,6.4,0,0.3,20000,1.0,0.0,0.1086,2.39,0.3749,1.633,2.2075,4.1737,3.8612,7,10.0063,4,1.3471,0,0,0
g3scan,rq4graded,3.5,-1.0,eb1168,0.11675778353879479,diagnostic,0,6.4,0,0.31,20000,1.0,0.0,0.2084,2.004,0.4175,1.864,2.3569,4.1024,3.7964,7,9.7919,4,1.3279,0,0,0
g3scan,rq4graded,3.5,-1.0,eb1168,0.11675778353879479,diagnostic,0,6.4,0,0.32,20000,1.0,0.0,0.3145,1.671,0.4445,2.017,2.4509,4.0361,3.7357,7,9.2137,3,1.3091,0,0,0
g3scan,rq4graded,3.5,-1.0,eb1168,0.11675778353879479,diagnostic,0,6.4,0,0.33,20000,1.0,0.0,0.4169,1.384,0.4631,2.134,2.5151,3.9701,3.6758,7,9.0727,3,1.2902,0,0,0
g3scan,rq4graded,3.5,-1.0,eb1168,0.11675778353879479,diagnostic,0,6.4,0,0.34,20000,1.0,0.0,0.5076,1.144,0.4792,2.262,2.5653,3.9073,3.6185,7,8.8807,3,1.2719,0,0,0
g3scan,rq4graded,3.5,-1.0,eb1168,0.11675778353879479,diagnostic,0,6.4,0,0.35,20000,1.0,0.0,0.5856,0.945,0.4923,2.348,2.6075,3.8482,3.5638,7,8.2763,2,1.2543,0,0,0
g3scan,rq4graded,3.5,-1.0,eb1168,0.11675778353879479,diagnostic,0,6.4,0,0.36,20000,1.0,0.0,0.6506,0.786,0.5011,2.446,2.639,3.7866,3.5086,7,8.1608,2,1.2378,0,0,0
g3scan,rq4graded,3.5,-1.0,eb1168,0.11675778353879479,diagnostic,0,6.4,0,0.37,20000,1.0,0.0,0.7096,0.651,0.5021,2.447,2.6483,3.7317,3.4584,7,8.0135,2,1.221,0,0,0
g3scan,rq4graded,3.5,-1.0,eb1168,0.11675778353879479,diagnostic,0,6.4,0,0.38,20000,1.0,0.0,0.7563,0.54,0.5083,2.489,2.6714,3.6788,3.4091,7,7.8586,2,1.2049,0,0,0
g3scan,rq4graded,3.5,-1.0,eb1168,0.11675778353879479,diagnostic,0,6.4,0,0.39,20000,1.0,0.0,0.7958,0.452,0.5062,2.426,2.6772,3.6267,3.3615,7,7.3606,1,1.1893,0,0,0
g3scan,rq4graded,3.5,-1.0,eb1168,0.11675778353879479,diagnostic,0,6.4,0,0.4,20000,1.0,0.0,0.8277,0.378,0.5094,2.427,2.6953,3.5744,3.3141,7,7.2262,1,1.1743,0,0,0
g3scan,rq4graded,3.5,-1.0,eb1168,0.11675778353879479,diagnostic,0,6.4,0,0.41,20000,1.0,0.0,0.8544,0.317,0.5139,2.445,2.7126,3.5221,3.2671,7,nan,0,1.1596,0,0,0
g3scan,rq4graded,3.5,-1.0,eb1168,0.11675778353879479,diagnostic,0,6.4,0,0.42,20000,1.0,0.0,0.8774,0.266,0.5147,2.478,2.7152,3.477,3.2253,7,nan,0,1.1448,0,0,0
g3scan,rq4graded,3.5,-1.0,eb1168,0.11675778353879479,diagnostic,0,6.4,0,0.43,20000,1.0,0.0,0.8947,0.226,0.5239,2.522,2.74,3.4341,3.185,7,nan,0,1.1316,0,0,0
g3scan,rq4graded,3.5,-1.0,eb1168,0.11675778353879479,diagnostic,0,6.4,0,0.44,20000,1.0,0.0,0.9106,0.191,0.5284,2.61,2.757,3.3818,3.1389,7,nan,0,1.1181,0,0,0
g3scan,rq4graded,3.5,-1.0,eb1168,0.11675778353879479,diagnostic,0,6.4,0,0.45,20000,1.0,0.0,0.9239,0.162,0.5268,2.561,2.7588,3.3387,3.0996,7,nan,0,1.1051,0,0,0
g3scan,rq4graded,3.5,-1.0,eb1168,0.11675778353879479,diagnostic,0,6.4,0,0.46,20000,1.0,0.0,0.9347,0.138,0.5278,2.519,2.7672,3.301,3.0641,7,nan,0,1.0928,0,0,0
g3scan,rq4graded,3.5,-1.0,eb1168,0.11675778353879479,diagnostic,0,6.4,0,0.47,20000,1.0,0.0,0.9443,0.117,0.5357,2.665,2.7855,3.2531,3.021,7,nan,0,1.08,0,0,0
g3scan,rq4graded,3.5,-1.0,eb1168,0.11675778353879479,diagnostic,0,6.4,0,0.48,20000,1.0,0.0,0.952,0.101,0.537,2.689,2.7917,2.9083,2.735,6,nan,0,1.0682,0,0,0
g3scan,rq4graded,3.5,-1.0,eb1168,0.11675778353879479,diagnostic,0,6.4,0,0.49,20000,1.0,0.0,0.9589,0.087,0.5338,2.658,2.7815,2.8784,2.7067,6,nan,0,1.0563,0,0,0
g3scan,rq4graded,3.5,-1.0,eb1168,0.11675778353879479,diagnostic,0,6.4,0,0.5,20000,1.0,0.0,0.9644,0.074,0.5369,2.634,2.8036,2.8462,2.6754,6,nan,0,1.045,0,0,0
g3scan,rq4graded,3.5,-1.0,eb1168,0.11675778353879479,diagnostic,0,6.4,0,0.51,20000,1.0,0.0,0.9691,0.064,0.5437,2.721,2.8288,2.5317,2.4074,5,nan,0,1.0341,0,0,0
g3scan,rq4graded,3.5,-1.0,eb1168,0.11675778353879479,diagnostic,0,6.4,0,0.52,20000,1.0,0.0,0.9737,0.055,0.529,2.539,2.8011,2.5072,2.3838,5,nan,0,1.0227,0,0,0
g3scan,rq4graded,3.5,-1.0,eb1168,0.11675778353879479,diagnostic,0,9.6,1,0.17,20000,1.0,0.0,0.0,7.873,0.0,nan,4.1664,6.5577,6.4645,4,11.7556,5,nan,0,0,0
g3scan,rq4graded,3.5,-1.0,eb1168,0.11675778353879479,diagnostic,0,9.6,1,0.18,20000,1.0,0.0,0.0,7.11,0.0,nan,3.6713,6.3231,6.2367,4,10.8671,4,nan,0,0,0
g3scan,rq4graded,3.5,-1.0,eb1168,0.11675778353879479,diagnostic,0,9.6,1,0.19,20000,1.0,0.0,0.0,6.348,0.0,nan,3.2208,5.667,5.5313,5,10.3572,4,nan,0,1,0
g3scan,rq4graded,3.5,-1.0,eb1168,0.11675778353879479,diagnostic,0,9.6,1,0.2,20000,1.0,0.0,0.0,5.583,0.0,nan,2.8176,5.0626,4.8612,6,9.6765,3,nan,0,1,0
g3scan,rq4graded,3.5,-1.0,eb1168,0.11675778353879479,diagnostic,0,9.6,1,0.21,20000,1.0,0.0,0.0,4.831,0.0,0.0,2.4974,4.4916,4.1898,7,9.2554,3,nan,0,1,0
g3scan,rq4graded,3.5,-1.0,eb1168,0.11675778353879479,diagnostic,0,9.6,1,0.22,20000,1.0,0.0,0.0,4.132,0.0001,0.001,2.3147,4.3431,4.0572,7,8.8972,3,nan,0,0,0
g3scan,rq4graded,3.5,-1.0,eb1168,0.11675778353879479,diagnostic,0,9.6,1,0.23,20000,1.0,0.0,0.0,3.484,0.0135,0.047,2.3053,4.2023,3.9312,7,8.1923,2,1.4259,0,0,0
g3scan,rq4graded,3.5,-1.0,eb1168,0.11675778353879479,diagnostic,0,9.6,1,0.24,20000,1.0,0.0,0.0,2.883,0.1311,0.352,2.3641,4.0667,3.8087,7,7.9038,2,1.3949,0,0,0
g3scan,rq4graded,3.5,-1.0,eb1168,0.11675778353879479,diagnostic,0,9.6,1,0.25,20000,1.0,0.0,0.0018,2.351,0.3283,1.003,2.5333,3.9386,3.6917,7,7.3167,1,1.3708,0,0,0
g3scan,rq4graded,3.5,-1.0,eb1168,0.11675778353879479,diagnostic,0,9.6,1,0.26,20000,1.0,0.0,0.0467,1.894,0.4915,1.856,2.9024,3.8198,3.5814,7,7.0238,1,1.3464,0,0,0
g3scan,rq4graded,3.5,-1.0,eb1168,0.11675778353879479,diagnostic,0,9.6,1,0.27,20000,1.0,0.0,0.1966,1.454,0.5707,2.452,3.0786,3.6978,3.471,7,nan,0,1.3167,0,0,0
g3scan,rq4graded,3.5,-1.0,eb1168,0.11675778353879479,diagnostic,0,9.6,1,0.28,20000,1.0,0.0,0.3795,1.068,0.6138,2.908,3.1676,3.59,3.3711,7,nan,0,1.2846,0,0,0
g3scan,rq4graded,3.5,-1.0,eb1168,0.11675778353879479,diagnostic,0,9.6,1,0.29,20000,1.0,0.0,0.539,0.771,0.6359,3.158,3.2169,3.4814,3.2718,7,nan,0,1.2533,0,0,0
g3scan,rq4graded,3.5,-1.0,eb1168,0.11675778353879479,diagnostic,0,9.6,1,0.3,20000,1.0,0.0,0.6617,0.554,0.651,3.33,3.2496,3.3863,3.1834,7,nan,0,1.2234,0,0,0
g3scan,rq4graded,3.5,-1.0,eb1168,0.11675778353879479,diagnostic,0,9.6,1,0.31,20000,1.0,0.0,0.7564,0.395,0.6545,3.328,3.2658,3.2878,3.0929,7,nan,0,1.1938,0,0,0
g3scan,rq4graded,3.5,-1.0,eb1168,0.11675778353879479,diagnostic,0,9.6,1,0.32,20000,1.0,0.0,0.8236,0.283,0.661,3.391,3.2812,2.9341,2.7866,6,nan,0,1.1652,0,0,0
g3scan,rq4graded,3.5,-1.0,eb1168,0.11675778353879479,diagnostic,0,9.6,1,0.33,20000,1.0,0.0,0.872,0.203,0.6691,3.529,3.2994,2.85,2.7087,6,nan,0,1.1375,0,0,0
g3scan,rq4graded,3.5,-1.0,eb1168,0.11675778353879479,diagnostic,0,9.6,1,0.34,20000,1.0,0.0,0.9053,0.149,0.6727,3.516,3.3143,2.5406,2.4348,5,nan,0,1.1125,0,0,0
g3scan,rq4graded,3.5,-1.0,eb1168,0.11675778353879479,diagnostic,0,9.6,1,0.35,20000,1.0,0.0,0.9306,0.108,0.6804,3.717,3.3258,2.4777,2.3749,5,nan,0,1.0871,0,0,0
g3scan,rq4graded,3.5,-1.0,eb1168,0.11675778353879479,diagnostic,0,9.6,1,0.36,20000,1.0,0.0,0.9488,0.08,0.6815,3.681,3.3342,2.1822,2.1117,4,nan,0,1.0633,0,0,0
g3scan,rq4graded,3.5,-1.0,eb1168,0.11675778353879479,diagnostic,0,9.6,1,0.37,20000,1.0,0.0,0.9623,0.059,0.6812,3.582,3.3373,2.1335,2.0646,4,nan,0,1.0398,0,0,0
g3scan,rq4graded,3.5,-1.0,eb1168,0.11675778353879479,diagnostic,0,9.6,1,0.38,20000,1.0,0.0,0.972,0.043,0.6854,3.535,3.3533,1.8544,1.8128,3,nan,0,1.0169,0,0,0
g3scan,rq4graded,3.5,-1.0,eb1168,0.11675778353879479,diagnostic,0,9.6,1,0.39,20000,1.0,0.0,0.9788,0.033,0.6843,3.543,3.3551,1.8123,1.7726,3,nan,0,0.9963,0,0,0
g3scan,rq4graded,3.5,-1.0,eb1168,0.11675778353879479,diagnostic,0,9.6,1,0.4,20000,1.0,0.0,0.9841,0.024,0.697,3.828,3.3737,1.5544,1.5358,2,nan,0,0.9742,0,0,0
g3scan,rq4graded,3.5,-1.0,eb1168,0.11675778353879479,diagnostic,0,9.6,1,0.41,20000,1.0,0.0,0.9878,0.018,0.7187,4.43,3.3938,1.521,1.5023,2,nan,0,0.9537,0,0,0
g3scan,rq4graded,3.5,-1.0,eb1168,0.11675778353879479,diagnostic,0,9.6,1,0.42,20000,1.0,0.0,0.9908,0.014,0.7147,4.242,3.3995,1.485,1.4668,2,nan,0,0.9354,0,0,0
g3scan,rq4graded,3.5,-1.0,eb1168,0.11675778353879479,diagnostic,0,9.6,1,0.43,20000,1.0,0.0,0.9929,0.01,0.6996,3.736,3.4045,1.4502,1.4336,2,nan,0,0.9186,0,0,0
g3scan,rq4graded,3.5,-1.0,eb1168,0.11675778353879479,diagnostic,0,9.6,1,0.44,20000,1.0,0.0,0.9946,0.008,0.7209,4.697,3.4096,1.4229,1.4059,2,nan,0,0.8995,0,0,0
g3scan,rq4graded,3.5,-1.0,eb1168,0.11675778353879479,diagnostic,0,9.6,1,0.45,20000,1.0,0.0,0.9961,0.006,0.6731,3.281,3.363,1.1822,1.1822,1,nan,0,0.8817,0,0,0
g3scan,rq4graded,3.5,-1.0,eb1168,0.11675778353879479,diagnostic,0,9.6,1,0.46,20000,1.0,0.0,0.9971,0.004,0.681,3.16,3.38,1.1509,1.1509,1,nan,0,0.8601,0,0,0
g3scan,rq4graded,3.5,-1.0,eb1168,0.11675778353879479,diagnostic,0,9.6,1,0.47,20000,1.0,0.0,0.9975,0.004,0.7071,3.684,3.4139,nan,nan,0,nan,0,0.8474,0,0,0
g3scan,rq4graded,3.5,-1.0,eb1168,0.11675778353879479,diagnostic,0,9.6,1,0.48,20000,1.0,0.0,0.9981,0.003,0.7027,3.467,3.4157,nan,nan,0,nan,0,0.8293,0,0,0
g3scan,rq4graded,3.5,-1.0,eb1168,0.11675778353879479,diagnostic,0,9.6,1,0.49,20000,1.0,0.0,0.9985,0.002,0.7167,3.583,3.4386,nan,nan,0,nan,0,0.8146,0,0,0
g3scan,rq4graded,3.5,-1.0,eb1168,0.11675778353879479,diagnostic,0,9.6,1,0.5,20000,1.0,0.0,0.9988,0.002,0.78,6.5,3.4886,nan,nan,0,nan,0,0.7998,0,0,0
g3scan,rq4graded,3.5,-1.0,eb1168,0.11675778353879479,diagnostic,0,9.6,1,0.51,20000,1.0,0.0,0.9991,0.001,0.7568,4.0,3.4832,nan,nan,0,nan,0,0.784,0,0,0
g3scan,rq4graded,3.5,-1.0,eb1168,0.11675778353879479,diagnostic,0,9.6,1,0.52,20000,1.0,0.0,0.9992,0.001,0.7667,4.6,3.4886,nan,nan,0,nan,0,0.7721,0,0,0
g3scan,rq4graded,3.5,-1.0,eb1168,0.11675778353879479,diagnostic,0,12.8,1,0.17,20000,1.0,0.0,0.0,6.702,0.0,nan,3.646,6.1813,6.1122,4,9.3115,3,nan,0,1,0
g3scan,rq4graded,3.5,-1.0,eb1168,0.11675778353879479,diagnostic,0,12.8,1,0.18,20000,1.0,0.0,0.0,5.869,0.0,nan,3.2077,5.4842,5.3766,5,8.4981,2,nan,0,1,0
g3scan,rq4graded,3.5,-1.0,eb1168,0.11675778353879479,diagnostic,0,12.8,1,0.19,20000,1.0,0.0,0.0,5.036,0.0,nan,2.8474,4.848,4.688,6,7.9673,2,nan,0,1,0
g3scan,rq4graded,3.5,-1.0,eb1168,0.11675778353879479,diagnostic,0,12.8,1,0.2,20000,1.0,0.0,0.0,4.227,0.0,0.0,2.6049,4.2546,4.0123,7,7.2699,1,nan,0,0,0
g3scan,rq4graded,3.5,-1.0,eb1168,0.11675778353879479,diagnostic,0,12.8,1,0.21,20000,1.0,0.0,0.0,3.493,0.0001,0.001,2.5688,4.0532,3.8313,7,6.8871,1,nan,0,0,0
g3scan,rq4graded,3.5,-1.0,eb1168,0.11675778353879479,diagnostic,0,12.8,1,0.22,20000,1.0,0.0,0.0,2.846,0.03,0.067,2.6034,3.8644,3.6614,7,nan,0,1.4169,0,0,0
g3scan,rq4graded,3.5,-1.0,eb1168,0.11675778353879479,diagnostic,0,12.8,1,0.23,20000,1.0,0.0,0.0,2.226,0.2662,0.614,2.751,3.6882,3.4991,7,nan,0,1.378,1,0,0
g3scan,rq4graded,3.5,-1.0,eb1168,0.11675778353879479,diagnostic,0,12.8,1,0.24,20000,1.0,0.0,0.0053,1.731,0.5338,1.805,3.1482,3.5126,3.3378,7,nan,0,1.3493,0,0,0
g3scan,rq4graded,3.5,-1.0,eb1168,0.11675778353879479,diagnostic,0,12.8,1,0.25,20000,1.0,0.0,0.1375,1.293,0.6787,3.253,3.3894,3.113,2.9805,6,nan,0,1.3147,0,0,0
g3scan,rq4graded,3.5,-1.0,eb1168,0.11675778353879479,diagnostic,0,12.8,1,0.26,20000,1.0,0.0,0.3942,0.855,0.7302,4.087,3.4765,2.97,2.8474,6,nan,0,1.2713,0,0,0
g3scan,rq4graded,3.5,-1.0,eb1168,0.11675778353879479,diagnostic,0,12.8,1,0.27,20000,1.0,0.0,0.6096,0.538,0.7501,4.473,3.5113,2.6363,2.5431,5,nan,0,1.2274,0,0,0
g3scan,rq4graded,3.5,-1.0,eb1168,0.11675778353879479,diagnostic,0,12.8,1,0.28,20000,1.0,0.0,0.7566,0.33,0.7611,4.669,3.5323,2.5237,2.4369,5,nan,0,1.1842,0,0,0
g3scan,rq4graded,3.5,-1.0,eb1168,0.11675778353879479,diagnostic,0,12.8,1,0.29,20000,1.0,0.0,0.8483,0.203,0.7704,4.93,3.5494,2.2163,2.1555,4,nan,0,1.1429,0,0,0
g3scan,rq4graded,3.5,-1.0,eb1168,0.11675778353879479,diagnostic,0,12.8,1,0.3,20000,1.0,0.0,0.9049,0.126,0.7784,5.15,3.5619,2.1296,2.0727,4,nan,0,1.1039,0,0,0
g3scan,rq4graded,3.5,-1.0,eb1168,0.11675778353879479,diagnostic,0,12.8,1,0.31,20000,1.0,0.0,0.9406,0.078,0.7833,5.046,3.5773,1.8478,1.8124,3,nan,0,1.0663,0,0,0
g3scan,rq4graded,3.5,-1.0,eb1168,0.11675778353879479,diagnostic,0,12.8,1,0.32,20000,1.0,0.0,0.9627,0.049,0.7859,5.275,3.5792,1.7806,1.7476,3,nan,0,1.0302,0,0,0
g3scan,rq4graded,3.5,-1.0,eb1168,0.11675778353879479,diagnostic,0,12.8,1,0.33,20000,1.0,0.0,0.9762,0.031,0.7954,5.533,3.5938,1.5244,1.5087,2,nan,0,0.9958,0,0,0
g3scan,rq4graded,3.5,-1.0,eb1168,0.11675778353879479,diagnostic,0,12.8,1,0.34,20000,1.0,0.0,0.9849,0.019,0.8129,6.295,3.6171,1.4632,1.4479,2,nan,0,0.9616,0,0,0
g3scan,rq4graded,3.5,-1.0,eb1168,0.11675778353879479,diagnostic,0,12.8,1,0.35,20000,1.0,0.0,0.99,0.013,0.808,5.891,3.6193,1.2135,1.2135,1,nan,0,0.9336,0,0,0
g3scan,rq4graded,3.5,-1.0,eb1168,0.11675778353879479,diagnostic,0,12.8,1,0.36,20000,1.0,0.0,0.9935,0.008,0.8046,5.385,3.6204,1.1707,1.1707,1,nan,0,0.9053,0,0,0
g3scan,rq4graded,3.5,-1.0,eb1168,0.11675778353879479,diagnostic,0,12.8,1,0.37,20000,1.0,0.0,0.996,0.005,0.8025,5.2,3.6232,1.131,1.131,1,nan,0,0.8745,0,0,0
g3scan,rq4graded,3.5,-1.0,eb1168,0.11675778353879479,diagnostic,0,12.8,1,0.38,20000,1.0,0.0,0.9974,0.003,0.8095,5.667,3.6124,nan,nan,0,nan,0,0.8436,0,0,0
g3scan,rq4graded,3.5,-1.0,eb1168,0.11675778353879479,diagnostic,0,12.8,1,0.39,20000,1.0,0.0,0.9982,0.002,0.8333,6.0,3.6664,nan,nan,0,nan,0,0.8183,0,0,0
g3scan,rq4graded,3.5,-1.0,eb1168,0.11675778353879479,diagnostic,0,12.8,1,0.4,20000,1.0,0.0,0.9987,0.002,0.8627,8.8,3.673,nan,nan,0,nan,0,0.7953,0,0,0
g3scan,rq4graded,3.5,-1.0,eb1168,0.11675778353879479,diagnostic,0,12.8,1,0.41,20000,1.0,0.0,0.9992,0.001,0.8438,9.0,3.6386,nan,nan,0,nan,0,0.7707,0,0,0
g3scan,rq4graded,3.5,-1.0,eb1168,0.11675778353879479,diagnostic,0,12.8,1,0.42,20000,1.0,0.0,0.9994,0.001,0.9091,20.0,3.7068,nan,nan,0,nan,0,0.7467,0,0,0
g3scan,rq4graded,3.5,-1.0,eb1168,0.11675778353879479,diagnostic,0,12.8,1,0.43,20000,1.0,0.0,0.9997,0.0,0.8333,10.0,3.5553,nan,nan,0,nan,0,nan,0,0,0
g3scan,rq4graded,3.5,-1.0,eb1168,0.11675778353879479,diagnostic,0,12.8,1,0.44,20000,1.0,0.0,0.9998,0.0,0.7778,7.0,3.5553,nan,nan,0,nan,0,nan,0,0,0
g3scan,rq4graded,3.5,-1.0,eb1168,0.11675778353879479,diagnostic,0,12.8,1,0.45,20000,1.0,0.0,0.9999,0.0,0.8,nan,3.4886,nan,nan,0,nan,0,nan,0,0,0
g3scan,rq4graded,3.5,-1.0,eb1168,0.11675778353879479,diagnostic,0,12.8,1,0.46,20000,1.0,0.0,0.9999,0.0,0.8,nan,3.4886,nan,nan,0,nan,0,nan,0,0,0
g3scan,rq4graded,3.5,-1.0,eb1168,0.11675778353879479,diagnostic,0,12.8,1,0.47,20000,1.0,0.0,1.0,0.0,0.5,1.0,3.3886,nan,nan,0,nan,0,nan,0,0,0
g3scan,rq4graded,3.5,-1.0,eb1168,0.11675778353879479,diagnostic,0,12.8,1,0.48,20000,1.0,0.0,1.0,0.0,0.5,1.0,3.3886,nan,nan,0,nan,0,nan,0,0,0
g3scan,rq4graded,3.5,-1.0,eb1168,0.11675778353879479,diagnostic,0,12.8,1,0.49,20000,1.0,0.0,1.0,0.0,0.5,1.0,3.3886,nan,nan,0,nan,0,nan,0,0,0
g3scan,rq4graded,3.5,-1.0,eb1168,0.11675778353879479,diagnostic,0,12.8,1,0.5,20000,1.0,0.0,1.0,0.0,0.0,0.0,3.5093,nan,nan,0,nan,0,nan,0,0,0
g3scan,rq4graded,3.5,-1.0,eb1168,0.11675778353879479,diagnostic,0,12.8,1,0.51,20000,1.0,0.0,1.0,0.0,1.0,nan,3.8886,nan,nan,0,nan,0,nan,0,0,0
g3scan,rq4graded,3.5,-1.0,eb1168,0.11675778353879479,diagnostic,0,12.8,1,0.52,20000,1.0,0.0,1.0,0.0,1.0,nan,3.8886,nan,nan,0,nan,0,nan,0,0,0
g3scan,rq4graded,3.5,-1.0,eb154,0.154,diagnostic,1,2.4,0,0.17,20000,1.0,0.0,0.0,16.09,0.0,nan,11.2014,nan,nan,0,23.4667,6,nan,0,0,0
g3scan,rq4graded,3.5,-1.0,eb154,0.154,diagnostic,1,2.4,0,0.18,20000,1.0,0.0,0.0,15.809,0.0,nan,10.9208,nan,nan,0,22.0815,7,nan,0,0,0
g3scan,rq4graded,3.5,-1.0,eb154,0.154,diagnostic,1,2.4,0,0.19,20000,1.0,0.0,0.0,15.524,0.0,nan,10.6354,nan,nan,0,21.8747,7,nan,0,0,0
g3scan,rq4graded,3.5,-1.0,eb154,0.154,diagnostic,1,2.4,0,0.2,20000,1.0,0.0,0.0,15.239,0.0,nan,10.35,nan,nan,0,20.5711,8,nan,0,0,0
g3scan,rq4graded,3.5,-1.0,eb154,0.154,diagnostic,1,2.4,0,0.21,20000,1.0,0.0,0.0,14.959,0.0,nan,10.0704,nan,nan,0,20.3973,8,nan,0,0,0
g3scan,rq4graded,3.5,-1.0,eb154,0.154,diagnostic,1,2.4,0,0.22,20000,1.0,0.0,0.0,14.678,0.0,nan,9.7894,nan,nan,0,20.2316,8,nan,0,0,0
g3scan,rq4graded,3.5,-1.0,eb154,0.154,diagnostic,1,2.4,0,0.23,20000,1.0,0.0,0.0,14.394,0.0,nan,9.5051,nan,nan,0,20.0713,8,nan,0,0,0
g3scan,rq4graded,3.5,-1.0,eb154,0.154,diagnostic,1,2.4,0,0.24,20000,1.0,0.0,0.0,14.111,0.0,nan,9.2219,9.016,9.016,1,19.9168,8,nan,0,0,0
g3scan,rq4graded,3.5,-1.0,eb154,0.154,diagnostic,1,2.4,0,0.25,20000,1.0,0.0,0.0,13.831,0.0,nan,8.9421,8.9475,8.9475,1,19.7702,8,nan,0,0,0
g3scan,rq4graded,3.5,-1.0,eb154,0.154,diagnostic,1,2.4,0,0.26,20000,1.0,0.0,0.0,13.547,0.0,nan,8.6583,8.139,8.1037,2,19.6283,8,nan,0,0,0
g3scan,rq4graded,3.5,-1.0,eb154,0.154,diagnostic,1,2.4,0,0.27,20000,1.0,0.0,0.0,13.263,0.0,nan,8.3744,8.0861,8.0506,2,19.4902,8,nan,0,0,0
g3scan,rq4graded,3.5,-1.0,eb154,0.154,diagnostic,1,2.4,0,0.28,20000,1.0,0.0,0.0,12.984,0.0,nan,8.0955,7.4091,7.3305,3,19.3618,8,nan,0,0,0
g3scan,rq4graded,3.5,-1.0,eb154,0.154,diagnostic,1,2.4,0,0.29,20000,1.0,0.0,0.0,12.7,0.0,nan,7.8111,7.3647,7.2863,3,19.2347,8,nan,0,0,0
g3scan,rq4graded,3.5,-1.0,eb154,0.154,diagnostic,1,2.4,0,0.3,20000,1.0,0.0,0.0,12.42,0.0,nan,7.5321,6.7474,6.6097,4,19.1155,8,nan,0,0,0
g3scan,rq4graded,3.5,-1.0,eb154,0.154,diagnostic,1,2.4,0,0.31,20000,1.0,0.0,0.0,12.137,0.0,nan,7.2499,6.7092,6.5721,4,18.9964,8,nan,0,0,0
g3scan,rq4graded,3.5,-1.0,eb154,0.154,diagnostic,1,2.4,0,0.32,20000,1.0,0.0,0.0,11.85,0.0,0.0,6.9641,6.1344,5.9189,5,18.8786,8,nan,0,0,0
g3scan,rq4graded,3.5,-1.0,eb154,0.154,diagnostic,1,2.4,0,0.33,20000,1.0,0.0,0.0,11.571,0.0,0.0,6.6856,6.1028,5.8882,5,18.7697,8,nan,0,0,0
g3scan,rq4graded,3.5,-1.0,eb154,0.154,diagnostic,1,2.4,0,0.34,20000,1.0,0.0,0.0,11.293,0.0,0.0,6.4081,5.567,5.2524,6,18.6686,8,nan,0,0,0
g3scan,rq4graded,3.5,-1.0,eb154,0.154,diagnostic,1,2.4,0,0.35,20000,1.0,0.0,0.0,11.011,0.0001,0.3,6.1267,5.5395,5.2264,6,18.5652,8,nan,0,0,0
g3scan,rq4graded,3.5,-1.0,eb154,0.154,diagnostic,1,2.4,0,0.36,20000,1.0,0.0,0.0,10.729,0.0001,0.174,5.8449,5.0228,4.5637,7,18.4639,8,nan,0,0,0
g3scan,rq4graded,3.5,-1.0,eb154,0.154,diagnostic,1,2.4,0,0.37,20000,1.0,0.0,0.0,10.446,0.0001,0.109,5.5625,4.9991,4.5425,7,18.3647,8,nan,0,0,0
g3scan,rq4graded,3.5,-1.0,eb154,0.154,diagnostic,1,2.4,0,0.38,20000,1.0,0.0,0.0,10.169,0.0003,0.108,5.2869,4.9763,4.5221,7,18.2738,8,nan,0,0,0
g3scan,rq4graded,3.5,-1.0,eb154,0.154,diagnostic,1,2.4,0,0.39,20000,1.0,0.0,0.0001,9.888,0.0006,0.107,5.0086,4.9541,4.5022,7,18.1775,8,1.4261,0,0,0
g3scan,rq4graded,3.5,-1.0,eb154,0.154,diagnostic,1,2.4,0,0.4,20000,1.0,0.0,0.0001,9.609,0.0014,0.148,4.7314,4.9323,4.4827,7,18.0901,8,1.4197,0,0,0
g3scan,rq4graded,3.5,-1.0,eb154,0.154,diagnostic,1,2.4,0,0.41,20000,1.0,0.0,0.0001,9.334,0.0031,0.206,4.458,4.9112,4.4637,7,18.0033,8,1.4141,0,0,0
g3scan,rq4graded,3.5,-1.0,eb154,0.154,diagnostic,1,2.4,0,0.42,20000,1.0,0.0,0.0003,9.06,0.0059,0.281,4.1874,4.8903,4.4449,7,17.9202,8,1.4085,0,0,0
g3scan,rq4graded,3.5,-1.0,eb154,0.154,diagnostic,1,2.4,0,0.43,20000,1.0,0.0,0.0006,8.789,0.0094,0.311,3.9214,4.8699,4.4266,7,17.8391,8,1.404,0,0,0
g3scan,rq4graded,3.5,-1.0,eb154,0.154,diagnostic,1,2.4,0,0.44,20000,1.0,0.0,0.0011,8.523,0.0148,0.375,3.6613,4.8502,4.409,7,17.7611,8,1.3993,0,0,0
g3scan,rq4graded,3.5,-1.0,eb154,0.154,diagnostic,1,2.4,0,0.45,20000,1.0,0.0,0.0024,8.257,0.0214,0.436,3.4093,4.8309,4.3916,7,17.6782,8,1.3943,0,0,0
g3scan,rq4graded,3.5,-1.0,eb154,0.154,diagnostic,1,2.4,0,0.46,20000,1.0,0.0,0.0044,7.997,0.0299,0.516,3.1677,4.812,4.3746,7,17.6005,8,1.3892,0,0,0
g3scan,rq4graded,3.5,-1.0,eb154,0.154,diagnostic,1,2.4,0,0.47,20000,1.0,0.0,0.0074,7.74,0.0395,0.592,2.9351,4.7934,4.3579,7,17.5255,8,1.3844,0,0,0
g3scan,rq4graded,3.5,-1.0,eb154,0.154,diagnostic,1,2.4,0,0.48,20000,1.0,0.0,0.0116,7.487,0.0517,0.697,2.7155,4.7752,4.3415,7,17.4551,8,1.3796,0,0,0
g3scan,rq4graded,3.5,-1.0,eb154,0.154,diagnostic,1,2.4,0,0.49,20000,1.0,0.0,0.0171,7.242,0.0631,0.772,2.513,4.7576,4.3255,7,17.3848,8,1.3752,0,0,0
g3scan,rq4graded,3.5,-1.0,eb154,0.154,diagnostic,1,2.4,0,0.5,20000,1.0,0.0,0.0246,7.003,0.0747,0.862,2.3283,4.7403,4.31,7,17.3158,8,1.3707,0,1,0
g3scan,rq4graded,3.5,-1.0,eb154,0.154,diagnostic,1,2.4,0,0.51,20000,1.0,0.0,0.034,6.765,0.086,0.928,2.1579,4.723,4.2945,7,17.2448,8,1.3663,0,1,0
g3scan,rq4graded,3.5,-1.0,eb154,0.154,diagnostic,1,2.4,0,0.52,20000,1.0,0.0,0.0455,6.533,0.0979,1.015,2.0052,4.7062,4.2794,7,17.1801,8,1.3618,0,1,0
g3scan,rq4graded,3.5,-1.0,eb154,0.154,diagnostic,1,3.2,0,0.17,20000,1.0,0.0,0.0,14.242,0.0,nan,9.3582,nan,nan,0,19.8807,8,nan,0,0,0
g3scan,rq4graded,3.5,-1.0,eb154,0.154,diagnostic,1,3.2,0,0.18,20000,1.0,0.0,0.0,13.855,0.0,nan,8.9722,nan,nan,0,19.6147,8,nan,0,0,0
g3scan,rq4graded,3.5,-1.0,eb154,0.154,diagnostic,1,3.2,0,0.19,20000,1.0,0.0,0.0,13.459,0.0,nan,8.5812,nan,nan,0,19.3561,8,nan,0,0,0
g3scan,rq4graded,3.5,-1.0,eb154,0.154,diagnostic,1,3.2,0,0.2,20000,1.0,0.0,0.0,13.071,0.0,nan,8.1963,9.0138,9.0138,1,19.1157,8,nan,0,0,0
g3scan,rq4graded,3.5,-1.0,eb154,0.154,diagnostic,1,3.2,0,0.21,20000,1.0,0.0,0.0,12.683,0.0,nan,7.8107,8.913,8.913,1,18.8867,8,nan,0,0,0
g3scan,rq4graded,3.5,-1.0,eb154,0.154,diagnostic,1,3.2,0,0.22,20000,1.0,0.0,0.0,12.29,0.0,nan,7.4206,8.0918,8.0578,2,18.6651,8,nan,0,0,0
g3scan,rq4graded,3.5,-1.0,eb154,0.154,diagnostic,1,3.2,0,0.23,20000,1.0,0.0,0.0,11.901,0.0,nan,7.0382,7.3961,7.3206,3,18.4553,8,nan,0,0,0
g3scan,rq4graded,3.5,-1.0,eb154,0.154,diagnostic,1,3.2,0,0.24,20000,1.0,0.0,0.0,11.51,0.0,nan,6.6533,7.3303,7.2554,3,18.2551,8,nan,0,0,0
g3scan,rq4graded,3.5,-1.0,eb154,0.154,diagnostic,1,3.2,0,0.25,20000,1.0,0.0,0.0,11.12,0.0,nan,6.2677,6.701,6.5696,4,18.0677,8,nan,0,0,0
g3scan,rq4graded,3.5,-1.0,eb154,0.154,diagnostic,1,3.2,0,0.26,20000,1.0,0.0,0.0,10.732,0.0,nan,5.8864,6.6439,6.5135,4,17.8835,8,nan,0,0,0
g3scan,rq4graded,3.5,-1.0,eb154,0.154,diagnostic,1,3.2,0,0.27,20000,1.0,0.0,0.0,10.341,0.0,nan,5.5048,6.0628,5.8577,5,17.7059,8,nan,0,0,0
g3scan,rq4graded,3.5,-1.0,eb154,0.154,diagnostic,1,3.2,0,0.28,20000,1.0,0.0,0.0,9.951,0.0,0.0,5.1234,5.5194,5.2179,6,17.5361,8,nan,0,0,0
g3scan,rq4graded,3.5,-1.0,eb154,0.154,diagnostic,1,3.2,0,0.29,20000,1.0,0.0,0.0,9.563,0.0,0.0,4.7523,5.4754,5.1768,6,17.38,8,nan,0,0,0
g3scan,rq4graded,3.5,-1.0,eb154,0.154,diagnostic,1,3.2,0,0.3,20000,1.0,0.0,0.0,9.175,0.0001,0.12,4.3779,4.9547,4.5157,7,17.2224,8,nan,0,0,0
g3scan,rq4graded,3.5,-1.0,eb154,0.154,diagnostic,1,3.2,0,0.31,20000,1.0,0.0,0.0,8.783,0.0001,0.046,4.0092,4.9171,4.4819,7,17.0648,8,nan,0,0,0
g3scan,rq4graded,3.5,-1.0,eb154,0.154,diagnostic,1,3.2,0,0.32,20000,1.0,0.0,0.0,8.4,0.0004,0.06,3.6468,4.8812,4.4499,7,16.9244,8,nan,0,0,0
g3scan,rq4graded,3.5,-1.0,eb154,0.154,diagnostic,1,3.2,0,0.33,20000,1.0,0.0,0.0001,8.018,0.0015,0.088,3.2944,4.8463,4.4188,7,16.7854,8,1.4207,0,0,0
g3scan,rq4graded,3.5,-1.0,eb154,0.154,diagnostic,1,3.2,0,0.34,20000,1.0,0.0,0.0001,7.642,0.0046,0.151,2.9497,4.8125,4.3885,7,16.6498,8,1.4115,0,0,0
g3scan,rq4graded,3.5,-1.0,eb154,0.154,diagnostic,1,3.2,0,0.35,20000,1.0,0.0,0.0003,7.272,0.0109,0.219,2.6159,4.7794,4.3587,7,16.5188,8,1.4038,0,0,0
g3scan,rq4graded,3.5,-1.0,eb154,0.154,diagnostic,1,3.2,0,0.36,20000,1.0,0.0,0.0008,6.907,0.0217,0.309,2.2959,4.7468,4.3297,7,16.3981,8,1.3962,0,1,0
g3scan,rq4graded,3.5,-1.0,eb154,0.154,diagnostic,1,3.2,0,0.37,20000,1.0,0.0,0.0023,6.552,0.0393,0.444,2.0009,4.716,4.3019,7,16.2752,8,1.3881,0,1,0
g3scan,rq4graded,3.5,-1.0,eb154,0.154,diagnostic,1,3.2,0,0.38,20000,1.0,0.0,0.0062,6.209,0.0604,0.578,1.7304,4.6859,4.2747,7,16.1642,8,1.3805,0,1,0
g3scan,rq4graded,3.5,-1.0,eb154,0.154,diagnostic,1,3.2,0,0.39,20000,1.0,0.0,0.0129,5.875,0.0838,0.712,1.5003,4.6562,4.248,7,16.0466,8,1.3735,0,1,0
g3scan,rq4graded,3.5,-1.0,eb154,0.154,diagnostic,1,3.2,0,0.4,20000,1.0,0.0,0.0236,5.552,0.1099,0.871,1.2986,4.6276,4.2221,7,15.9318,8,1.3663,0,1,0
g3scan,rq4graded,3.5,-1.0,eb154,0.154,diagnostic,1,3.2,0,0.41,20000,1.0,0.0,0.0407,5.237,0.1328,1.004,1.1413,4.5994,4.1967,7,15.8163,8,1.3591,0,1,0
g3scan,rq4graded,3.5,-1.0,eb154,0.154,diagnostic,1,3.2,0,0.42,20000,1.0,0.0,0.0626,4.938,0.1537,1.12,1.0171,4.5723,4.1722,7,15.7065,8,1.3519,0,1,0
g3scan,rq4graded,3.5,-1.0,eb154,0.154,diagnostic,1,3.2,0,0.43,20000,1.0,0.0,0.0887,4.65,0.1727,1.211,0.9224,4.5458,4.1482,7,15.5992,8,1.3449,0,1,0
g3scan,rq4graded,3.5,-1.0,eb154,0.154,diagnostic,1,3.2,0,0.44,20000,1.0,0.0,0.1187,4.374,0.1875,1.277,0.8501,4.5193,4.1243,7,15.4979,8,1.3381,0,0,0
g3scan,rq4graded,3.5,-1.0,eb154,0.154,diagnostic,1,3.2,0,0.45,20000,1.0,0.0,0.1521,4.115,0.2001,1.341,0.8023,4.4944,4.1018,7,15.3952,8,1.3311,1,0,0
g3scan,rq4graded,3.5,-1.0,eb154,0.154,diagnostic,1,3.2,0,0.46,20000,1.0,0.0,0.1861,3.871,0.2133,1.434,0.7592,4.47,4.0797,7,15.3101,8,1.3242,1,0,0
g3scan,rq4graded,3.5,-1.0,eb154,0.154,diagnostic,1,3.2,0,0.47,20000,1.0,0.0,0.2211,3.635,0.2227,1.468,0.7345,4.4453,4.0573,7,15.2244,8,1.3177,1,0,0
g3scan,rq4graded,3.5,-1.0,eb154,0.154,diagnostic,1,3.2,0,0.48,20000,1.0,0.0,0.2566,3.42,0.2309,1.505,0.7184,4.4225,4.0366,7,15.1352,8,1.3112,1,0,0
g3scan,rq4graded,3.5,-1.0,eb154,0.154,diagnostic,1,3.2,0,0.49,20000,1.0,0.0,0.2908,3.217,0.2383,1.537,0.7085,4.3999,4.016,7,15.0542,8,1.3049,1,0,0
g3scan,rq4graded,3.5,-1.0,eb154,0.154,diagnostic,1,3.2,0,0.5,20000,1.0,0.0,0.3248,3.023,0.2435,1.546,0.707,4.3765,3.995,7,14.9601,8,1.2987,1,0,0
g3scan,rq4graded,3.5,-1.0,eb154,0.154,diagnostic,1,3.2,0,0.51,20000,1.0,0.0,0.3589,2.843,0.2491,1.596,0.7062,4.3543,3.975,7,14.8615,8,1.2924,1,0,0
g3scan,rq4graded,3.5,-1.0,eb154,0.154,diagnostic,1,3.2,0,0.52,20000,1.0,0.0,0.3906,2.678,0.2555,1.659,0.7089,4.3336,3.9562,7,14.7801,8,1.2863,1,0,0
g3scan,rq4graded,3.5,-1.0,eb154,0.154,diagnostic,1,4.8,0,0.17,20000,1.0,0.0,0.0,11.627,0.0,nan,6.8652,8.9411,8.9411,1,17.4509,8,nan,0,0,0
g3scan,rq4graded,3.5,-1.0,eb154,0.154,diagnostic,1,4.8,0,0.18,20000,1.0,0.0,0.0,11.086,0.0,nan,6.3578,8.0874,8.0565,2,17.0734,8,nan,0,0,0
g3scan,rq4graded,3.5,-1.0,eb154,0.154,diagnostic,1,4.8,0,0.19,20000,1.0,0.0,0.0,10.541,0.0,nan,5.853,7.9529,7.9221,2,16.6945,8,nan,0,0,0
g3scan,rq4graded,3.5,-1.0,eb154,0.154,diagnostic,1,4.8,0,0.2,20000,1.0,0.0,0.0,9.997,0.0,nan,5.3659,7.2439,7.1756,3,16.3416,8,nan,0,0,0
g3scan,rq4graded,3.5,-1.0,eb154,0.154,diagnostic,1,4.8,0,0.21,20000,1.0,0.0,0.0,9.454,0.0,nan,4.8731,6.5956,6.476,4,16.0299,8,nan,0,0,0
g3scan,rq4graded,3.5,-1.0,eb154,0.154,diagnostic,1,4.8,0,0.22,20000,1.0,0.0,0.0,8.913,0.0,nan,4.4105,5.9935,5.8056,5,15.7228,8,nan,0,0,0
g3scan,rq4graded,3.5,-1.0,eb154,0.154,diagnostic,1,4.8,0,0.23,20000,1.0,0.0,0.0,8.367,0.0,nan,3.9462,5.904,5.7202,5,15.4257,8,nan,0,0,0
g3scan,rq4graded,3.5,-1.0,eb154,0.154,diagnostic,1,4.8,0,0.24,20000,1.0,0.0,0.0,7.827,0.0,0.0,3.4961,5.3517,5.0802,6,15.136,8,nan,0,0,0
g3scan,rq4graded,3.5,-1.0,eb154,0.154,diagnostic,1,4.8,0,0.25,20000,1.0,0.0,0.0,7.283,0.0,0.0,3.073,4.8202,4.4203,7,14.8698,8,nan,0,0,0
g3scan,rq4graded,3.5,-1.0,eb154,0.154,diagnostic,1,4.8,0,0.26,20000,1.0,0.0,0.0,6.747,0.0001,0.014,2.6744,4.7546,4.3609,7,14.6616,8,nan,0,1,0
g3scan,rq4graded,3.5,-1.0,eb154,0.154,diagnostic,1,4.8,0,0.27,20000,1.0,0.0,0.0,6.22,0.0008,0.025,2.2992,4.691,4.3045,7,14.1054,7,1.4276,0,1,0
g3scan,rq4graded,3.5,-1.0,eb154,0.154,diagnostic,1,4.8,0,0.28,20000,1.0,0.0,0.0,5.712,0.0066,0.086,1.9585,4.6304,4.2502,7,13.8847,7,1.4094,0,1,0
g3scan,rq4graded,3.5,-1.0,eb154,0.154,diagnostic,1,4.8,0,0.29,20000,1.0,0.0,0.0001,5.22,0.0255,0.196,1.6812,4.5711,4.1973,7,13.6725,7,1.3955,0,1,0
g3scan,rq4graded,3.5,-1.0,eb154,0.154,diagnostic,1,4.8,0,0.3,20000,1.0,0.0,0.0008,4.749,0.068,0.402,1.4585,4.5148,4.1463,7,13.4639,7,1.3822,0,1,0
g3scan,rq4graded,3.5,-1.0,eb154,0.154,diagnostic,1,4.8,0,0.31,20000,1.0,0.0,0.0062,4.305,0.1262,0.669,1.3242,4.4596,4.0966,7,13.2897,7,1.3697,0,0,0
g3scan,rq4graded,3.5,-1.0,eb154,0.154,diagnostic,1,4.8,0,0.32,20000,1.0,0.0,0.0216,3.883,0.188,0.946,1.2966,4.406,4.0483,7,13.0976,7,1.3576,0,0,0
g3scan,rq4graded,3.5,-1.0,eb154,0.154,diagnostic,1,4.8,0,0.33,20000,1.0,0.0,0.056,3.487,0.2397,1.203,1.3633,4.3555,4.0023,7,12.4714,6,1.345,1,0,0
g3scan,rq4graded,3.5,-1.0,eb154,0.154,diagnostic,1,4.8,0,0.34,20000,1.0,0.0,0.1077,3.113,0.281,1.411,1.4581,4.3058,3.9572,7,12.3148,6,1.332,1,0,0
g3scan,rq4graded,3.5,-1.0,eb154,0.154,diagnostic,1,4.8,0,0.35,20000,1.0,0.0,0.1716,2.768,0.3105,1.566,1.5469,4.2581,3.9138,7,12.1622,6,1.3191,0,0,0
g3scan,rq4graded,3.5,-1.0,eb154,0.154,diagnostic,1,4.8,0,0.36,20000,1.0,0.0,0.2416,2.457,0.3297,1.67,1.6492,4.2121,3.8722,7,12.0046,6,1.3064,0,0,0
g3scan,rq4graded,3.5,-1.0,eb154,0.154,diagnostic,1,4.8,0,0.37,20000,1.0,0.0,0.3094,2.173,0.3498,1.781,1.7421,4.1669,3.831,7,11.8482,6,1.2939,0,0,0
g3scan,rq4graded,3.5,-1.0,eb154,0.154,diagnostic,1,4.8,0,0.38,20000,1.0,0.0,0.3775,1.921,0.3615,1.817,1.8021,4.1241,3.7919,7,11.7082,6,1.2815,0,0,0
g3scan,rq4graded,3.5,-1.0,eb154,0.154,diagnostic,1,4.8,0,0.39,20000,1.0,0.0,0.4395,1.702,0.3685,1.826,1.852,4.0813,3.7534,7,11.078,5,1.2698,0,0,0
g3scan,rq4graded,3.5,-1.0,eb154,0.154,diagnostic,1,4.8,0,0.4,20000,1.0,0.0,0.4959,1.506,0.3806,1.896,1.9012,4.0406,3.7163,7,10.9814,5,1.258,0,0,0
g3scan,rq4graded,3.5,-1.0,eb154,0.154,diagnostic,1,4.8,0,0.41,20000,1.0,0.0,0.549,1.334,0.3887,1.982,1.9321,4.0016,3.6806,7,10.8338,5,1.2464,0,0,0
g3scan,rq4graded,3.5,-1.0,eb154,0.154,diagnostic,1,4.8,0,0.42,20000,1.0,0.0,0.5959,1.184,0.3945,2.014,1.9597,3.9622,3.6452,7,10.7006,5,1.2354,0,0,0
g3scan,rq4graded,3.5,-1.0,eb154,0.154,diagnostic,1,4.8,0,0.43,20000,1.0,0.0,0.6359,1.053,0.4045,2.093,1.9976,3.9256,3.6116,7,10.5938,5,1.2249,0,0,0
g3scan,rq4graded,3.5,-1.0,eb154,0.154,diagnostic,1,4.8,0,0.44,20000,1.0,0.0,0.675,0.936,0.4045,2.056,2.0097,3.8897,3.5788,7,9.9067,4,1.2146,0,0,0
g3scan,rq4graded,3.5,-1.0,eb154,0.154,diagnostic,1,4.8,0,0.45,20000,1.0,0.0,0.7097,0.832,0.4063,2.1,2.0219,3.853,3.5457,7,9.8122,4,1.2041,0,0,0
g3scan,rq4graded,3.5,-1.0,eb154,0.154,diagnostic,1,4.8,0,0.46,20000,1.0,0.0,0.7397,0.743,0.4073,2.091,2.0324,3.8192,3.5148,7,9.7055,4,1.1942,0,0,0
g3scan,rq4graded,3.5,-1.0,eb154,0.154,diagnostic,1,4.8,0,0.47,20000,1.0,0.0,0.7655,0.666,0.4126,2.175,2.0493,3.7857,3.4845,7,9.5959,4,1.1846,0,0,0
g3scan,rq4graded,3.5,-1.0,eb154,0.154,diagnostic,1,4.8,0,0.48,20000,1.0,0.0,0.7903,0.593,0.4134,2.134,2.063,3.7512,3.4531,7,9.4922,4,1.1747,0,0,0
g3scan,rq4graded,3.5,-1.0,eb154,0.154,diagnostic,1,4.8,0,0.49,20000,1.0,0.0,0.8103,0.534,0.4124,2.099,2.0731,3.7203,3.4249,7,8.9702,3,1.1659,0,0,0
g3scan,rq4graded,3.5,-1.0,eb154,0.154,diagnostic,1,4.8,0,0.5,20000,1.0,0.0,0.8288,0.48,0.4135,2.106,2.0824,3.6894,3.3968,7,8.8927,3,1.1569,0,0,0
g3scan,rq4graded,3.5,-1.0,eb154,0.154,diagnostic,1,4.8,0,0.51,20000,1.0,0.0,0.8454,0.432,0.4137,2.076,2.094,3.6586,3.3687,7,8.8197,3,1.148,0,0,0
g3scan,rq4graded,3.5,-1.0,eb154,0.154,diagnostic,1,4.8,0,0.52,20000,1.0,0.0,0.8601,0.388,0.419,2.117,2.1135,3.6273,3.3405,7,8.6992,3,1.1391,0,0,0
g3scan,rq4graded,3.5,-1.0,eb154,0.154,diagnostic,1,6.4,0,0.17,20000,1.0,0.0,0.0,9.924,0.0,nan,5.4678,7.9396,7.9107,2,15.0594,7,nan,0,0,0
g3scan,rq4graded,3.5,-1.0,eb154,0.154,diagnostic,1,6.4,0,0.18,20000,1.0,0.0,0.0,9.28,0.0,nan,4.9235,7.2024,7.1396,3,14.58,7,nan,0,0,0
g3scan,rq4graded,3.5,-1.0,eb154,0.154,diagnostic,1,6.4,0,0.19,20000,1.0,0.0,0.0,8.637,0.0,nan,4.3967,6.53,6.4211,4,14.135,7,nan,0,0,0
g3scan,rq4graded,3.5,-1.0,eb154,0.154,diagnostic,1,6.4,0,0.2,20000,1.0,0.0,0.0,7.996,0.0,nan,3.9135,5.9064,5.736,5,13.7505,7,nan,0,0,0
g3scan,rq4graded,3.5,-1.0,eb154,0.154,diagnostic,1,6.4,0,0.21,20000,1.0,0.0,0.0,7.349,0.0,nan,3.4478,5.7768,5.6119,5,13.0568,6,nan,0,0,0
g3scan,rq4graded,3.5,-1.0,eb154,0.154,diagnostic,1,6.4,0,0.22,20000,1.0,0.0,0.0,6.707,0.0,0.0,3.0036,5.2116,4.9675,6,12.7026,6,nan,0,1,0
g3scan,rq4graded,3.5,-1.0,eb154,0.154,diagnostic,1,6.4,0,0.23,20000,1.0,0.0,0.0,6.068,0.0,0.0,2.5972,4.6713,4.3092,7,12.3648,6,nan,0,1,0
g3scan,rq4graded,3.5,-1.0,eb154,0.154,diagnostic,1,6.4,0,0.24,20000,1.0,0.0,0.0,5.446,0.0001,0.004,2.238,4.5777,4.2257,7,12.1011,6,nan,0,1,0
g3scan,rq4graded,3.5,-1.0,eb154,0.154,diagnostic,1,6.4,0,0.25,20000,1.0,0.0,0.0,4.851,0.0031,0.031,1.9645,4.4875,4.1456,7,11.4012,5,1.4157,0,1,0
g3scan,rq4graded,3.5,-1.0,eb154,0.154,diagnostic,1,6.4,0,0.26,20000,1.0,0.0,0.0,4.288,0.0278,0.142,1.792,4.4022,4.0689,7,11.1271,5,1.3947,0,0,0
g3scan,rq4graded,3.5,-1.0,eb154,0.154,diagnostic,1,6.4,0,0.27,20000,1.0,0.0,0.0004,3.754,0.1017,0.41,1.7567,4.3185,3.9936,7,10.8897,5,1.3761,0,0,0
g3scan,rq4graded,3.5,-1.0,eb154,0.154,diagnostic,1,6.4,0,0.28,20000,1.0,0.0,0.0062,3.267,0.2074,0.814,1.8066,4.2406,3.9227,7,10.1434,4,1.3595,1,0,0
g3scan,rq4graded,3.5,-1.0,eb154,0.154,diagnostic,1,6.4,0,0.29,20000,1.0,0.0,0.0357,2.816,0.3047,1.243,1.9797,4.163,3.8522,7,9.9406,4,1.3428,0,0,0
g3scan,rq4graded,3.5,-1.0,eb154,0.154,diagnostic,1,6.4,0,0.3,20000,1.0,0.0,0.1069,2.398,0.3741,1.629,2.204,4.0906,3.7862,7,9.7456,4,1.3243,0,0,0
g3scan,rq4graded,3.5,-1.0,eb154,0.154,diagnostic,1,6.4,0,0.31,20000,1.0,0.0,0.2069,2.01,0.417,1.86,2.3544,4.019,3.7211,7,9.5289,4,1.3051,0,0,0
g3scan,rq4graded,3.5,-1.0,eb154,0.154,diagnostic,1,6.4,0,0.32,20000,1.0,0.0,0.3127,1.677,0.4438,2.014,2.4483,3.9531,3.6607,7,8.9758,3,1.2863,0,0,0
g3scan,rq4graded,3.5,-1.0,eb154,0.154,diagnostic,1,6.4,0,0.33,20000,1.0,0.0,0.4153,1.389,0.4627,2.134,2.5128,3.8876,3.6011,7,8.8295,3,1.2674,0,0,0
g3scan,rq4graded,3.5,-1.0,eb154,0.154,diagnostic,1,6.4,0,0.34,20000,1.0,0.0,0.5057,1.149,0.4791,2.264,2.564,3.8247,3.5439,7,8.6371,3,1.2492,0,0,0
g3scan,rq4graded,3.5,-1.0,eb154,0.154,diagnostic,1,6.4,0,0.35,20000,1.0,0.0,0.5839,0.95,0.4924,2.357,2.6065,3.7654,3.4891,7,8.0564,2,1.2316,0,0,0
g3scan,rq4graded,3.5,-1.0,eb154,0.154,diagnostic,1,6.4,0,0.36,20000,1.0,0.0,0.6492,0.789,0.5008,2.435,2.6383,3.7038,3.4338,7,7.9361,2,1.2151,0,0,0
g3scan,rq4graded,3.5,-1.0,eb154,0.154,diagnostic,1,6.4,0,0.37,20000,1.0,0.0,0.7085,0.654,0.501,2.433,2.6463,3.6485,3.3833,7,7.7908,2,1.1983,0,0,0
g3scan,rq4graded,3.5,-1.0,eb154,0.154,diagnostic,1,6.4,0,0.38,20000,1.0,0.0,0.7553,0.543,0.5078,2.484,2.6704,3.5956,3.334,7,7.2501,1,1.1822,0,0,0
g3scan,rq4graded,3.5,-1.0,eb154,0.154,diagnostic,1,6.4,0,0.39,20000,1.0,0.0,0.7952,0.453,0.5062,2.433,2.6762,3.5433,3.2863,7,7.1545,1,1.1666,0,0,0
g3scan,rq4graded,3.5,-1.0,eb154,0.154,diagnostic,1,6.4,0,0.4,20000,1.0,0.0,0.827,0.38,0.5085,2.419,2.6933,3.4912,3.2391,7,7.0201,1,1.1517,0,0,0
g3scan,rq4graded,3.5,-1.0,eb154,0.154,diagnostic,1,6.4,0,0.41,20000,1.0,0.0,0.8537,0.319,0.5138,2.446,2.711,3.4402,3.193,7,nan,0,1.137,0,0,0
g3scan,rq4graded,3.5,-1.0,eb154,0.154,diagnostic,1,6.4,0,0.42,20000,1.0,0.0,0.877,0.267,0.514,2.459,2.7151,3.3939,3.1501,7,nan,0,1.1222,0,0,0
g3scan,rq4graded,3.5,-1.0,eb154,0.154,diagnostic,1,6.4,0,0.43,20000,1.0,0.0,0.8943,0.227,0.5238,2.531,2.7385,3.3515,3.1103,7,nan,0,1.1089,0,0,0
g3scan,rq4graded,3.5,-1.0,eb154,0.154,diagnostic,1,6.4,0,0.44,20000,1.0,0.0,0.9101,0.192,0.5295,2.639,2.755,3.2996,3.0647,7,nan,0,1.0954,0,0,0
g3scan,rq4graded,3.5,-1.0,eb154,0.154,diagnostic,1,6.4,0,0.45,20000,1.0,0.0,0.9237,0.163,0.5262,2.557,2.7563,3.2556,3.0245,7,nan,0,1.0824,0,0,0
g3scan,rq4graded,3.5,-1.0,eb154,0.154,diagnostic,1,6.4,0,0.46,20000,1.0,0.0,0.9342,0.14,0.5289,2.524,2.769,3.2202,2.9907,7,nan,0,1.0704,0,0,0
g3scan,rq4graded,3.5,-1.0,eb154,0.154,diagnostic,1,6.4,0,0.47,20000,1.0,0.0,0.944,0.118,0.5355,2.667,2.7833,2.8721,2.7015,6,nan,0,1.0574,0,0,0
g3scan,rq4graded,3.5,-1.0,eb154,0.154,diagnostic,1,6.4,0,0.48,20000,1.0,0.0,0.9519,0.101,0.5351,2.661,2.7873,2.8362,2.6684,6,nan,0,1.0456,0,0,0
g3scan,rq4graded,3.5,-1.0,eb154,0.154,diagnostic,1,6.4,0,0.49,20000,1.0,0.0,0.9587,0.087,0.5348,2.663,2.7852,2.8051,2.639,6,nan,0,1.0337,0,0,0
g3scan,rq4graded,3.5,-1.0,eb154,0.154,diagnostic,1,6.4,0,0.5,20000,1.0,0.0,0.9643,0.075,0.5332,2.61,2.797,2.7731,2.6084,6,nan,0,1.0226,0,0,0
g3scan,rq4graded,3.5,-1.0,eb154,0.154,diagnostic,1,6.4,0,0.51,20000,1.0,0.0,0.9689,0.064,0.5446,2.734,2.83,2.4677,2.3475,5,nan,0,1.0116,0,0,0
g3scan,rq4graded,3.5,-1.0,eb154,0.154,diagnostic,1,6.4,0,0.52,20000,1.0,0.0,0.9736,0.055,0.5275,2.509,2.8006,2.4423,2.3232,5,nan,0,1.0001,0,0,0
g3scan,rq4graded,3.5,-1.0,eb154,0.154,diagnostic,1,9.6,1,0.17,20000,1.0,0.0,0.0,7.878,0.0,nan,4.1698,6.4482,6.3575,4,11.4682,5,nan,0,0,0
g3scan,rq4graded,3.5,-1.0,eb154,0.154,diagnostic,1,9.6,1,0.18,20000,1.0,0.0,0.0,7.115,0.0,nan,3.6746,6.2129,6.1289,4,10.6037,4,nan,0,0,0
g3scan,rq4graded,3.5,-1.0,eb154,0.154,diagnostic,1,9.6,1,0.19,20000,1.0,0.0,0.0,6.353,0.0,nan,3.2231,5.5663,5.4342,5,10.0943,4,nan,0,1,0
g3scan,rq4graded,3.5,-1.0,eb154,0.154,diagnostic,1,9.6,1,0.2,20000,1.0,0.0,0.0,5.589,0.0,nan,2.8186,4.9707,4.7747,6,9.4359,3,nan,0,1,0
g3scan,rq4graded,3.5,-1.0,eb154,0.154,diagnostic,1,9.6,1,0.21,20000,1.0,0.0,0.0,4.836,0.0,0.0,2.4987,4.4082,4.1142,7,9.0163,3,nan,0,1,0
g3scan,rq4graded,3.5,-1.0,eb154,0.154,diagnostic,1,9.6,1,0.22,20000,1.0,0.0,0.0,4.137,0.0001,0.001,2.3156,4.2595,3.9815,7,8.659,3,nan,0,0,0
g3scan,rq4graded,3.5,-1.0,eb154,0.154,diagnostic,1,9.6,1,0.23,20000,1.0,0.0,0.0,3.489,0.013,0.046,2.3041,4.1189,3.8557,7,7.9798,2,1.4031,0,0,0
g3scan,rq4graded,3.5,-1.0,eb154,0.154,diagnostic,1,9.6,1,0.24,20000,1.0,0.0,0.0,2.889,0.1293,0.347,2.3621,3.9836,3.7333,7,7.6809,2,1.372,0,0,0
g3scan,rq4graded,3.5,-1.0,eb154,0.154,diagnostic,1,9.6,1,0.25,20000,1.0,0.0,0.0016,2.356,0.3267,0.997,2.5287,3.8555,3.6164,7,7.1269,1,1.3479,0,0,0
g3scan,rq4graded,3.5,-1.0,eb154,0.154,diagnostic,1,9.6,1,0.26,20000,1.0,0.0,0.0459,1.898,0.4902,1.845,2.8994,3.737,3.5063,7,6.8175,1,1.3235,0,0,0
g3scan,rq4graded,3.5,-1.0,eb154,0.154,diagnostic,1,9.6,1,0.27,20000,1.0,0.0,0.1947,1.459,0.5703,2.449,3.0774,3.6145,3.3956,7,nan,0,1.2939,0,0,0
g3scan,rq4graded,3.5,-1.0,eb154,0.154,diagnostic,1,9.6,1,0.28,20000,1.0,0.0,0.3778,1.071,0.6135,2.907,3.1665,3.5083,3.2968,7,nan,0,1.2619,0,0,0
g3scan,rq4graded,3.5,-1.0,eb154,0.154,diagnostic,1,9.6,1,0.29,20000,1.0,0.0,0.5377,0.773,0.6358,3.159,3.216,3.3989,3.1969,7,nan,0,1.2306,0,0,0
g3scan,rq4graded,3.5,-1.0,eb154,0.154,diagnostic,1,9.6,1,0.3,20000,1.0,0.0,0.6602,0.557,0.6513,3.339,3.25,3.3023,3.1074,7,nan,0,1.2008,0,0,0
g3scan,rq4graded,3.5,-1.0,eb154,0.154,diagnostic,1,9.6,1,0.31,20000,1.0,0.0,0.7554,0.397,0.6541,3.328,3.265,3.2039,3.017,7,nan,0,1.1712,0,0,0
g3scan,rq4graded,3.5,-1.0,eb154,0.154,diagnostic,1,9.6,1,0.32,20000,1.0,0.0,0.8226,0.285,0.6611,3.391,3.2805,2.8615,2.7197,6,nan,0,1.1427,0,0,0
g3scan,rq4graded,3.5,-1.0,eb154,0.154,diagnostic,1,9.6,1,0.33,20000,1.0,0.0,0.8714,0.204,0.6695,3.54,3.299,2.7776,2.6419,6,nan,0,1.1149,0,0,0
g3scan,rq4graded,3.5,-1.0,eb154,0.154,diagnostic,1,9.6,1,0.34,20000,1.0,0.0,0.9047,0.15,0.6731,3.515,3.3147,2.4771,2.3751,5,nan,0,1.09,0,0,0
g3scan,rq4graded,3.5,-1.0,eb154,0.154,diagnostic,1,9.6,1,0.35,20000,1.0,0.0,0.9304,0.109,0.6798,3.71,3.3231,2.4157,2.3165,5,nan,0,1.0643,0,0,0
g3scan,rq4graded,3.5,-1.0,eb154,0.154,diagnostic,1,9.6,1,0.36,20000,1.0,0.0,0.9486,0.08,0.6816,3.694,3.3326,2.1273,2.0592,4,nan,0,1.0405,0,0,0
g3scan,rq4graded,3.5,-1.0,eb154,0.154,diagnostic,1,9.6,1,0.37,20000,1.0,0.0,0.962,0.059,0.6805,3.562,3.3353,2.079,2.0126,4,nan,0,1.0173,0,0,0
g3scan,rq4graded,3.5,-1.0,eb154,0.154,diagnostic,1,9.6,1,0.38,20000,1.0,0.0,0.9718,0.043,0.6876,3.581,3.3568,1.8059,1.7659,3,nan,0,0.9945,0,0,0
g3scan,rq4graded,3.5,-1.0,eb154,0.154,diagnostic,1,9.6,1,0.39,20000,1.0,0.0,0.9787,0.033,0.6862,3.573,3.3559,1.7657,1.7272,3,nan,0,0.9736,0,0,0
g3scan,rq4graded,3.5,-1.0,eb154,0.154,diagnostic,1,9.6,1,0.4,20000,1.0,0.0,0.984,0.024,0.6973,3.887,3.3707,1.5155,1.4975,2,nan,0,0.9516,0,0,0
g3scan,rq4graded,3.5,-1.0,eb154,0.154,diagnostic,1,9.6,1,0.41,20000,1.0,0.0,0.9878,0.018,0.7204,4.468,3.3968,1.4798,1.4617,2,nan,0,0.931,0,0,0
g3scan,rq4graded,3.5,-1.0,eb154,0.154,diagnostic,1,9.6,1,0.42,20000,1.0,0.0,0.9907,0.014,0.7166,4.254,3.4047,1.444,1.4266,2,nan,0,0.9133,0,0,0
g3scan,rq4graded,3.5,-1.0,eb154,0.154,diagnostic,1,9.6,1,0.43,20000,1.0,0.0,0.9929,0.011,0.7018,3.846,3.4009,1.4121,1.3959,2,nan,0,0.896,0,0,0
g3scan,rq4graded,3.5,-1.0,eb154,0.154,diagnostic,1,9.6,1,0.44,20000,1.0,0.0,0.9946,0.008,0.7176,4.559,3.3979,1.1712,1.1712,1,nan,0,0.8771,0,0,0
g3scan,rq4graded,3.5,-1.0,eb154,0.154,diagnostic,1,9.6,1,0.45,20000,1.0,0.0,0.996,0.006,0.6813,3.516,3.3636,1.1504,1.1504,1,nan,0,0.8599,0,0,0
g3scan,rq4graded,3.5,-1.0,eb154,0.154,diagnostic,1,9.6,1,0.46,20000,1.0,0.0,0.997,0.004,0.6891,3.28,3.3928,1.1173,1.1173,1,nan,0,0.8385,0,0,0
g3scan,rq4graded,3.5,-1.0,eb154,0.154,diagnostic,1,9.6,1,0.47,20000,1.0,0.0,0.9975,0.004,0.71,3.737,3.4186,nan,nan,0,nan,0,0.8249,0,0,0
g3scan,rq4graded,3.5,-1.0,eb154,0.154,diagnostic,1,9.6,1,0.48,20000,1.0,0.0,0.9981,0.003,0.7105,3.6,3.4281,nan,nan,0,nan,0,0.8076,0,0,0
g3scan,rq4graded,3.5,-1.0,eb154,0.154,diagnostic,1,9.6,1,0.49,20000,1.0,0.0,0.9985,0.002,0.7167,3.583,3.4386,nan,nan,0,nan,0,0.7917,0,0,0
g3scan,rq4graded,3.5,-1.0,eb154,0.154,diagnostic,1,9.6,1,0.5,20000,1.0,0.0,0.9988,0.002,0.78,6.5,3.4886,nan,nan,0,nan,0,0.7769,0,0,0
g3scan,rq4graded,3.5,-1.0,eb154,0.154,diagnostic,1,9.6,1,0.51,20000,1.0,0.0,0.9991,0.001,0.7568,4.667,3.4562,nan,nan,0,nan,0,0.761,0,0,0
g3scan,rq4graded,3.5,-1.0,eb154,0.154,diagnostic,1,9.6,1,0.52,20000,1.0,0.0,0.9992,0.001,0.7742,4.8,3.5015,nan,nan,0,nan,0,0.7504,0,0,0
g3scan,rq4graded,3.5,-1.0,eb154,0.154,diagnostic,1,12.8,1,0.17,20000,1.0,0.0,0.0,6.707,0.0,nan,3.6481,6.0714,6.0045,4,9.0686,3,nan,0,1,0
g3scan,rq4graded,3.5,-1.0,eb154,0.154,diagnostic,1,12.8,1,0.18,20000,1.0,0.0,0.0,5.874,0.0,nan,3.2093,5.3838,5.2797,5,8.2841,2,nan,0,1,0
g3scan,rq4graded,3.5,-1.0,eb154,0.154,diagnostic,1,12.8,1,0.19,20000,1.0,0.0,0.0,5.04,0.0,nan,2.8486,4.7558,4.6011,6,7.7442,2,nan,0,1,0
g3scan,rq4graded,3.5,-1.0,eb154,0.154,diagnostic,1,12.8,1,0.2,20000,1.0,0.0,0.0,4.231,0.0,0.0,2.6049,4.1711,3.9364,7,7.0637,1,nan,0,0,0
g3scan,rq4graded,3.5,-1.0,eb154,0.154,diagnostic,1,12.8,1,0.21,20000,1.0,0.0,0.0,3.497,0.0001,0.001,2.5679,3.9702,3.7558,7,6.693,1,nan,0,0,0
g3scan,rq4graded,3.5,-1.0,eb154,0.154,diagnostic,1,12.8,1,0.22,20000,1.0,0.0,0.0,2.85,0.0293,0.065,2.6005,3.7813,3.5857,7,nan,0,1.3941,0,0,0
g3scan,rq4graded,3.5,-1.0,eb154,0.154,diagnostic,1,12.8,1,0.23,20000,1.0,0.0,0.0,2.23,0.2645,0.609,2.7506,3.6052,3.4236,7,nan,0,1.3551,1,0,0
g3scan,rq4graded,3.5,-1.0,eb154,0.154,diagnostic,1,12.8,1,0.24,20000,1.0,0.0,0.0052,1.735,0.5319,1.793,3.1448,3.4298,3.2624,7,nan,0,1.3264,0,0,0
g3scan,rq4graded,3.5,-1.0,eb154,0.154,diagnostic,1,12.8,1,0.25,20000,1.0,0.0,0.1357,1.297,0.6775,3.233,3.3876,3.2737,3.1167,7,nan,0,1.292,0,0,0
g3scan,rq4graded,3.5,-1.0,eb154,0.154,diagnostic,1,12.8,1,0.26,20000,1.0,0.0,0.3923,0.859,0.7295,4.073,3.4754,2.8968,2.7796,6,nan,0,1.2486,0,0,0
g3scan,rq4graded,3.5,-1.0,eb154,0.154,diagnostic,1,12.8,1,0.27,20000,1.0,0.0,0.6086,0.539,0.7495,4.462,3.5104,2.5715,2.4824,5,nan,0,1.2046,0,0,0
g3scan,rq4graded,3.5,-1.0,eb154,0.154,diagnostic,1,12.8,1,0.28,20000,1.0,0.0,0.7556,0.331,0.7616,4.688,3.5326,2.4609,2.3776,5,nan,0,1.1615,0,0,0
g3scan,rq4graded,3.5,-1.0,eb154,0.154,diagnostic,1,12.8,1,0.29,20000,1.0,0.0,0.8479,0.204,0.7702,4.932,3.5488,2.16,2.1019,4,nan,0,1.1201,0,0,0
g3scan,rq4graded,3.5,-1.0,eb154,0.154,diagnostic,1,12.8,1,0.3,20000,1.0,0.0,0.9044,0.127,0.778,5.12,3.5618,2.0733,2.019,4,nan,0,1.0813,0,0,0
g3scan,rq4graded,3.5,-1.0,eb154,0.154,diagnostic,1,12.8,1,0.31,20000,1.0,0.0,0.9402,0.078,0.7846,5.112,3.5783,1.7994,1.7656,3,nan,0,1.0437,0,0,0
g3scan,rq4graded,3.5,-1.0,eb154,0.154,diagnostic,1,12.8,1,0.32,20000,1.0,0.0,0.9625,0.049,0.7848,5.236,3.5775,1.7323,1.701,3,nan,0,1.0078,0,0,0
g3scan,rq4graded,3.5,-1.0,eb154,0.154,diagnostic,1,12.8,1,0.33,20000,1.0,0.0,0.9761,0.031,0.7929,5.414,3.5916,1.4836,1.4686,2,nan,0,0.9733,0,0,0
g3scan,rq4graded,3.5,-1.0,eb154,0.154,diagnostic,1,12.8,1,0.34,20000,1.0,0.0,0.9848,0.019,0.8141,6.429,3.6173,1.4236,1.4089,2,nan,0,0.939,0,0,0
g3scan,rq4graded,3.5,-1.0,eb154,0.154,diagnostic,1,12.8,1,0.35,20000,1.0,0.0,0.9899,0.013,0.8045,5.804,3.6139,1.1828,1.1828,1,nan,0,0.9114,0,0,0
g3scan,rq4graded,3.5,-1.0,eb154,0.154,diagnostic,1,12.8,1,0.36,20000,1.0,0.0,0.9934,0.008,0.8061,5.436,3.6225,1.1371,1.1371,1,nan,0,0.8827,0,0,0
g3scan,rq4graded,3.5,-1.0,eb154,0.154,diagnostic,1,12.8,1,0.37,20000,1.0,0.0,0.9959,0.005,0.8037,5.24,3.6248,1.0975,1.0975,1,nan,0,0.8518,0,0,0
g3scan,rq4graded,3.5,-1.0,eb154,0.154,diagnostic,1,12.8,1,0.38,20000,1.0,0.0,0.9973,0.003,0.8113,5.733,3.6151,nan,nan,0,nan,0,0.8212,0,0,0
g3scan,rq4graded,3.5,-1.0,eb154,0.154,diagnostic,1,12.8,1,0.39,20000,1.0,0.0,0.9982,0.002,0.8333,6.0,3.6664,nan,nan,0,nan,0,0.7954,0,0,0
g3scan,rq4graded,3.5,-1.0,eb154,0.154,diagnostic,1,12.8,1,0.4,20000,1.0,0.0,0.9987,0.002,0.8627,8.8,3.673,nan,nan,0,nan,0,0.7723,0,0,0
g3scan,rq4graded,3.5,-1.0,eb154,0.154,diagnostic,1,12.8,1,0.41,20000,1.0,0.0,0.9992,0.001,0.8438,9.0,3.6386,nan,nan,0,nan,0,0.7477,0,0,0
g3scan,rq4graded,3.5,-1.0,eb154,0.154,diagnostic,1,12.8,1,0.42,20000,1.0,0.0,0.9994,0.001,0.8636,9.5,3.6614,nan,nan,0,nan,0,nan,0,0,0
g3scan,rq4graded,3.5,-1.0,eb154,0.154,diagnostic,1,12.8,1,0.43,20000,1.0,0.0,0.9997,0.0,0.8462,11.0,3.5809,nan,nan,0,nan,0,nan,0,0,0
g3scan,rq4graded,3.5,-1.0,eb154,0.154,diagnostic,1,12.8,1,0.44,20000,1.0,0.0,0.9998,0.0,0.7778,7.0,3.5553,nan,nan,0,nan,0,nan,0,0,0
g3scan,rq4graded,3.5,-1.0,eb154,0.154,diagnostic,1,12.8,1,0.45,20000,1.0,0.0,0.9999,0.0,0.8,nan,3.4886,nan,nan,0,nan,0,nan,0,0,0
g3scan,rq4graded,3.5,-1.0,eb154,0.154,diagnostic,1,12.8,1,0.46,20000,1.0,0.0,0.9999,0.0,0.8,nan,3.4886,nan,nan,0,nan,0,nan,0,0,0
g3scan,rq4graded,3.5,-1.0,eb154,0.154,diagnostic,1,12.8,1,0.47,20000,1.0,0.0,1.0,0.0,0.5,1.0,3.3886,nan,nan,0,nan,0,nan,0,0,0
g3scan,rq4graded,3.5,-1.0,eb154,0.154,diagnostic,1,12.8,1,0.48,20000,1.0,0.0,1.0,0.0,0.5,1.0,3.3886,nan,nan,0,nan,0,nan,0,0,0
g3scan,rq4graded,3.5,-1.0,eb154,0.154,diagnostic,1,12.8,1,0.49,20000,1.0,0.0,1.0,0.0,0.5,1.0,3.3886,nan,nan,0,nan,0,nan,0,0,0
g3scan,rq4graded,3.5,-1.0,eb154,0.154,diagnostic,1,12.8,1,0.5,20000,1.0,0.0,1.0,0.0,0.0,0.0,3.5093,nan,nan,0,nan,0,nan,0,0,0
g3scan,rq4graded,3.5,-1.0,eb154,0.154,diagnostic,1,12.8,1,0.51,20000,1.0,0.0,1.0,0.0,1.0,nan,3.8886,nan,nan,0,nan,0,nan,0,0,0
g3scan,rq4graded,3.5,-1.0,eb154,0.154,diagnostic,1,12.8,1,0.52,20000,1.0,0.0,1.0,0.0,1.0,nan,3.8886,nan,nan,0,nan,0,nan,0,0,0
g3scan,rq4graded,4.25,-1.0,eb0482,0.0482,diagnostic,1,2.4,0,0.17,20000,1.0,0.0,0.0,16.363,0.0,nan,11.4742,nan,nan,0,21.2411,6,nan,0,0,0
g3scan,rq4graded,4.25,-1.0,eb0482,0.0482,diagnostic,1,2.4,0,0.18,20000,1.0,0.0,0.0,16.093,0.0,nan,11.2042,nan,nan,0,20.861,6,nan,0,0,0
g3scan,rq4graded,4.25,-1.0,eb0482,0.0482,diagnostic,1,2.4,0,0.19,20000,1.0,0.0,0.0,15.831,0.0,nan,10.9419,nan,nan,0,19.6323,7,nan,0,0,0
g3scan,rq4graded,4.25,-1.0,eb0482,0.0482,diagnostic,1,2.4,0,0.2,20000,1.0,0.0,0.0,15.561,0.0,nan,10.6723,nan,nan,0,19.3101,7,nan,0,0,0
g3scan,rq4graded,4.25,-1.0,eb0482,0.0482,diagnostic,1,2.4,0,0.21,20000,1.0,0.0,0.0,15.291,0.0,nan,10.4021,nan,nan,0,18.1487,8,nan,0,0,0
g3scan,rq4graded,4.25,-1.0,eb0482,0.0482,diagnostic,1,2.4,0,0.22,20000,1.0,0.0,0.0,15.024,0.0,nan,10.1352,nan,nan,0,17.8738,8,nan,0,0,0
g3scan,rq4graded,4.25,-1.0,eb0482,0.0482,diagnostic,1,2.4,0,0.23,20000,1.0,0.0,0.0,14.76,0.0,nan,9.8717,nan,nan,0,17.618,8,nan,0,0,0
g3scan,rq4graded,4.25,-1.0,eb0482,0.0482,diagnostic,1,2.4,0,0.24,20000,1.0,0.0,0.0,14.491,0.0,nan,9.6027,nan,nan,0,17.3653,8,nan,0,0,0
g3scan,rq4graded,4.25,-1.0,eb0482,0.0482,diagnostic,1,2.4,0,0.25,20000,1.0,0.0,0.0,14.223,0.0,nan,9.3344,8.5681,8.5681,1,17.125,8,nan,0,0,0
g3scan,rq4graded,4.25,-1.0,eb0482,0.0482,diagnostic,1,2.4,0,0.26,20000,1.0,0.0,0.0,13.958,0.0,nan,9.0696,7.7799,7.7494,2,16.8976,8,nan,0,0,0
g3scan,rq4graded,4.25,-1.0,eb0482,0.0482,diagnostic,1,2.4,0,0.27,20000,1.0,0.0,0.0,13.692,0.0,nan,8.8037,7.7016,7.6711,2,16.6793,8,nan,0,0,0
g3scan,rq4graded,4.25,-1.0,eb0482,0.0482,diagnostic,1,2.4,0,0.28,20000,1.0,0.0,0.0,13.425,0.0,nan,8.5368,7.0491,6.9813,3,16.4682,8,nan,0,0,0
g3scan,rq4graded,4.25,-1.0,eb0482,0.0482,diagnostic,1,2.4,0,0.29,20000,1.0,0.0,0.0,13.158,0.0,nan,8.2698,6.9784,6.9114,3,16.2613,8,nan,0,0,0
g3scan,rq4graded,4.25,-1.0,eb0482,0.0482,diagnostic,1,2.4,0,0.3,20000,1.0,0.0,0.0,12.889,0.0,nan,8.0008,6.3865,6.2685,4,16.0633,8,nan,0,0,0
g3scan,rq4graded,4.25,-1.0,eb0482,0.0482,diagnostic,1,2.4,0,0.31,20000,1.0,0.0,0.0,12.624,0.0,nan,7.7357,6.3247,6.2077,4,15.8763,8,nan,0,0,0
g3scan,rq4graded,4.25,-1.0,eb0482,0.0482,diagnostic,1,2.4,0,0.32,20000,1.0,0.0,0.0,12.363,0.0,nan,7.4744,5.7774,5.5922,5,15.7015,8,nan,0,0,0
g3scan,rq4graded,4.25,-1.0,eb0482,0.0482,diagnostic,1,2.4,0,0.33,20000,1.0,0.0,0.0,12.094,0.0,0.0,7.2058,5.7234,5.5403,5,15.5271,8,nan,0,0,0
g3scan,rq4graded,4.25,-1.0,eb0482,0.0482,diagnostic,1,2.4,0,0.34,20000,1.0,0.0,0.0,11.828,0.0,0.0,6.9398,5.2141,4.9434,6,15.3567,8,nan,0,0,0
g3scan,rq4graded,4.25,-1.0,eb0482,0.0482,diagnostic,1,2.4,0,0.35,20000,1.0,0.0,0.0,11.56,0.0001,0.4,6.671,5.1682,4.9005,6,15.1918,8,nan,0,0,0
g3scan,rq4graded,4.25,-1.0,eb0482,0.0482,diagnostic,1,2.4,0,0.36,20000,1.0,0.0,0.0,11.294,0.0001,0.286,6.4057,5.1227,4.8577,6,15.0351,8,nan,0,0,0
g3scan,rq4graded,4.25,-1.0,eb0482,0.0482,diagnostic,1,2.4,0,0.37,20000,1.0,0.0,0.0,11.031,0.0001,0.121,6.142,4.6391,4.2467,7,14.8786,8,nan,0,0,0
g3scan,rq4graded,4.25,-1.0,eb0482,0.0482,diagnostic,1,2.4,0,0.38,20000,1.0,0.0,0.0,10.763,0.0003,0.13,5.8743,4.5999,4.2109,7,14.7284,8,nan,0,0,0
g3scan,rq4graded,4.25,-1.0,eb0482,0.0482,diagnostic,1,2.4,0,0.39,20000,1.0,0.0,0.0001,10.501,0.0005,0.115,5.6127,4.5626,4.1775,7,14.5916,8,nan,0,0,0
g3scan,rq4graded,4.25,-1.0,eb0482,0.0482,diagnostic,1,2.4,0,0.4,20000,1.0,0.0,0.0001,10.236,0.0009,0.127,5.3486,4.5262,4.1451,7,14.4501,8,1.3624,0,0,0
g3scan,rq4graded,4.25,-1.0,eb0482,0.0482,diagnostic,1,2.4,0,0.41,20000,1.0,0.0,0.0001,9.974,0.002,0.183,5.0863,4.4907,4.1129,7,14.3179,8,1.353,0,0,0
g3scan,rq4graded,4.25,-1.0,eb0482,0.0482,diagnostic,1,2.4,0,0.42,20000,1.0,0.0,0.0002,9.715,0.0038,0.244,4.8281,4.4565,4.0824,7,14.1882,8,1.3444,0,0,0
g3scan,rq4graded,4.25,-1.0,eb0482,0.0482,diagnostic,1,2.4,0,0.43,20000,1.0,0.0,0.0005,9.456,0.0066,0.307,4.5717,4.4226,4.0518,7,14.0614,8,1.3355,0,0,0
g3scan,rq4graded,4.25,-1.0,eb0482,0.0482,diagnostic,1,2.4,0,0.44,20000,1.0,0.0,0.0008,9.2,0.0105,0.352,4.3186,4.3896,4.0219,7,13.9341,8,1.3279,0,0,0
g3scan,rq4graded,4.25,-1.0,eb0482,0.0482,diagnostic,1,2.4,0,0.45,20000,1.0,0.0,0.0015,8.949,0.0154,0.414,4.0742,4.3576,3.9931,7,13.8112,8,1.32,0,0,0
g3scan,rq4graded,4.25,-1.0,eb0482,0.0482,diagnostic,1,2.4,0,0.46,20000,1.0,0.0,0.003,8.696,0.0217,0.473,3.8334,4.3257,3.9644,7,13.6913,8,1.3114,0,0,0
g3scan,rq4graded,4.25,-1.0,eb0482,0.0482,diagnostic,1,2.4,0,0.47,20000,1.0,0.0,0.0052,8.448,0.0291,0.541,3.6041,4.295,3.9366,7,13.5779,8,1.3031,0,0,0
g3scan,rq4graded,4.25,-1.0,eb0482,0.0482,diagnostic,1,2.4,0,0.48,20000,1.0,0.0,0.0082,8.21,0.0379,0.625,3.3891,4.2654,3.91,7,13.4674,8,1.2953,0,0,0
g3scan,rq4graded,4.25,-1.0,eb0482,0.0482,diagnostic,1,2.4,0,0.49,20000,1.0,0.0,0.0124,7.973,0.0483,0.719,3.1844,4.2363,3.8834,7,13.3581,8,1.2871,0,0,0
g3scan,rq4graded,4.25,-1.0,eb0482,0.0482,diagnostic,1,2.4,0,0.5,20000,1.0,0.0,0.0175,7.738,0.0584,0.793,2.987,4.2071,3.8571,7,13.2541,8,1.2799,0,0,0
g3scan,rq4graded,4.25,-1.0,eb0482,0.0482,diagnostic,1,2.4,0,0.51,20000,1.0,0.0,0.0244,7.509,0.0685,0.865,2.8081,4.1794,3.8321,7,13.1478,8,1.2727,0,0,0
g3scan,rq4graded,4.25,-1.0,eb0482,0.0482,diagnostic,1,2.4,0,0.52,20000,1.0,0.0,0.0328,7.283,0.0787,0.941,2.643,4.1522,3.8073,7,13.0425,8,1.2653,0,0,0
g3scan,rq4graded,4.25,-1.0,eb0482,0.0482,diagnostic,1,3.2,0,0.17,20000,1.0,0.0,0.0,14.54,0.0,nan,9.6517,nan,nan,0,17.3204,8,nan,0,0,0
g3scan,rq4graded,4.25,-1.0,eb0482,0.0482,diagnostic,1,3.2,0,0.18,20000,1.0,0.0,0.0,14.166,0.0,nan,9.277,nan,nan,0,16.8812,8,nan,0,0,0
g3scan,rq4graded,4.25,-1.0,eb0482,0.0482,diagnostic,1,3.2,0,0.19,20000,1.0,0.0,0.0,13.798,0.0,nan,8.9092,nan,nan,0,16.4784,8,nan,0,0,0
g3scan,rq4graded,4.25,-1.0,eb0482,0.0482,diagnostic,1,3.2,0,0.2,20000,1.0,0.0,0.0,13.421,0.0,nan,8.5325,8.6618,8.6618,1,16.0879,8,nan,0,0,0
g3scan,rq4graded,4.25,-1.0,eb0482,0.0482,diagnostic,1,3.2,0,0.21,20000,1.0,0.0,0.0,13.049,0.0,nan,8.162,8.5082,8.5082,1,15.7214,8,nan,0,0,0
g3scan,rq4graded,4.25,-1.0,eb0482,0.0482,diagnostic,1,3.2,0,0.22,20000,1.0,0.0,0.0,12.678,0.0,nan,7.7919,7.7071,7.6788,2,15.3751,8,nan,0,0,0
g3scan,rq4graded,4.25,-1.0,eb0482,0.0482,diagnostic,1,3.2,0,0.23,20000,1.0,0.0,0.0,12.304,0.0,nan,7.4183,7.5773,7.5496,2,15.0439,8,nan,0,0,0
g3scan,rq4graded,4.25,-1.0,eb0482,0.0482,diagnostic,1,3.2,0,0.24,20000,1.0,0.0,0.0,11.933,0.0,nan,7.048,6.9188,6.8575,3,14.7293,8,nan,0,0,0
g3scan,rq4graded,4.25,-1.0,eb0482,0.0482,diagnostic,1,3.2,0,0.25,20000,1.0,0.0,0.0,11.561,0.0,nan,6.6788,6.3104,6.2025,4,14.4362,8,nan,0,0,0
g3scan,rq4graded,4.25,-1.0,eb0482,0.0482,diagnostic,1,3.2,0,0.26,20000,1.0,0.0,0.0,11.186,0.0,nan,6.3061,6.2147,6.1088,4,14.1445,8,nan,0,0,0
g3scan,rq4graded,4.25,-1.0,eb0482,0.0482,diagnostic,1,3.2,0,0.27,20000,1.0,0.0,0.0,10.812,0.0,nan,5.9342,5.6571,5.489,5,13.8711,8,nan,0,0,0
g3scan,rq4graded,4.25,-1.0,eb0482,0.0482,diagnostic,1,3.2,0,0.28,20000,1.0,0.0,0.0,10.444,0.0,0.0,5.5678,5.1329,4.883,6,13.6183,8,nan,0,0,0
g3scan,rq4graded,4.25,-1.0,eb0482,0.0482,diagnostic,1,3.2,0,0.29,20000,1.0,0.0,0.0,10.07,0.0,0.0,5.1983,5.0602,4.8153,6,13.3731,8,nan,0,0,0
g3scan,rq4graded,4.25,-1.0,eb0482,0.0482,diagnostic,1,3.2,0,0.3,20000,1.0,0.0,0.0,9.697,0.0001,0.167,4.8303,4.9898,4.7495,6,13.1328,8,nan,0,0,0
g3scan,rq4graded,4.25,-1.0,eb0482,0.0482,diagnostic,1,3.2,0,0.31,20000,1.0,0.0,0.0,9.328,0.0001,0.061,4.4649,4.5018,4.1434,7,12.8982,8,nan,0,0,0
g3scan,rq4graded,4.25,-1.0,eb0482,0.0482,diagnostic,1,3.2,0,0.32,20000,1.0,0.0,0.0,8.959,0.0003,0.062,4.1014,4.4413,4.0889,7,12.6873,8,nan,0,0,0
g3scan,rq4graded,4.25,-1.0,eb0482,0.0482,diagnostic,1,3.2,0,0.33,20000,1.0,0.0,0.0,8.591,0.0009,0.072,3.7411,4.3833,4.0372,7,12.4768,8,1.3668,0,0,0
g3scan,rq4graded,4.25,-1.0,eb0482,0.0482,diagnostic,1,3.2,0,0.34,20000,1.0,0.0,0.0001,8.229,0.003,0.138,3.3917,4.3269,3.9866,7,12.2763,8,1.3482,0,0,0
g3scan,rq4graded,4.25,-1.0,eb0482,0.0482,diagnostic,1,3.2,0,0.35,20000,1.0,0.0,0.0002,7.87,0.0077,0.208,3.045,4.2723,3.9373,7,12.082,8,1.3353,0,0,0
g3scan,rq4graded,4.25,-1.0,eb0482,0.0482,diagnostic,1,3.2,0,0.36,20000,1.0,0.0,0.0006,7.518,0.0155,0.282,2.7147,4.2194,3.8894,7,11.885,8,1.3228,0,0,0
g3scan,rq4graded,4.25,-1.0,eb0482,0.0482,diagnostic,1,3.2,0,0.37,20000,1.0,0.0,0.0015,7.178,0.0282,0.394,2.3986,4.1684,3.8434,7,11.7117,8,1.3096,0,0,0
g3scan,rq4graded,4.25,-1.0,eb0482,0.0482,diagnostic,1,3.2,0,0.38,20000,1.0,0.0,0.004,6.837,0.0449,0.506,2.1029,4.1176,3.7975,7,11.5237,8,1.297,0,1,0
g3scan,rq4graded,4.25,-1.0,eb0482,0.0482,diagnostic,1,3.2,0,0.39,20000,1.0,0.0,0.0091,6.511,0.0651,0.65,1.8325,4.07,3.7542,7,11.3553,8,1.2843,0,1,0
g3scan,rq4graded,4.25,-1.0,eb0482,0.0482,diagnostic,1,3.2,0,0.4,20000,1.0,0.0,0.0168,6.194,0.0866,0.779,1.5933,4.0234,3.7118,7,11.1977,8,1.2725,0,1,0
g3scan,rq4graded,4.25,-1.0,eb0482,0.0482,diagnostic,1,3.2,0,0.41,20000,1.0,0.0,0.0289,5.885,0.1092,0.932,1.3855,3.9773,3.6699,7,11.0408,8,1.2603,0,1,0
g3scan,rq4graded,4.25,-1.0,eb0482,0.0482,diagnostic,1,3.2,0,0.42,20000,1.0,0.0,0.0457,5.592,0.1286,1.043,1.2173,3.9335,3.63,7,10.8917,8,1.2486,0,1,0
g3scan,rq4graded,4.25,-1.0,eb0482,0.0482,diagnostic,1,3.2,0,0.43,20000,1.0,0.0,0.0679,5.303,0.1452,1.135,1.0823,3.8904,3.5908,7,10.7398,8,1.2367,0,1,0
g3scan,rq4graded,4.25,-1.0,eb0482,0.0482,diagnostic,1,3.2,0,0.44,20000,1.0,0.0,0.0924,5.026,0.1619,1.231,0.9667,3.8481,3.5523,7,10.5909,8,1.225,0,1,0
g3scan,rq4graded,4.25,-1.0,eb0482,0.0482,diagnostic,1,3.2,0,0.45,20000,1.0,0.0,0.1201,4.769,0.1743,1.29,0.8798,3.8081,3.5159,7,10.4508,8,1.2138,0,1,0
g3scan,rq4graded,4.25,-1.0,eb0482,0.0482,diagnostic,1,3.2,0,0.46,20000,1.0,0.0,0.1504,4.518,0.1842,1.33,0.8147,3.7686,3.4799,7,10.3052,8,1.2026,0,1,0
g3scan,rq4graded,4.25,-1.0,eb0482,0.0482,diagnostic,1,3.2,0,0.47,20000,1.0,0.0,0.1811,4.277,0.1947,1.394,0.7497,3.7286,3.4437,7,10.1711,8,1.1915,1,0,0
g3scan,rq4graded,4.25,-1.0,eb0482,0.0482,diagnostic,1,3.2,0,0.48,20000,1.0,0.0,0.2129,4.055,0.2041,1.467,0.7034,3.692,3.4102,7,10.0425,8,1.1805,1,0,0
g3scan,rq4graded,4.25,-1.0,eb0482,0.0482,diagnostic,1,3.2,0,0.49,20000,1.0,0.0,0.2454,3.845,0.2108,1.493,0.6685,3.6559,3.377,7,9.9213,8,1.1698,1,0,0
g3scan,rq4graded,4.25,-1.0,eb0482,0.0482,diagnostic,1,3.2,0,0.5,20000,1.0,0.0,0.2761,3.643,0.2175,1.52,0.6316,3.6192,3.3436,7,9.8015,8,1.1597,1,0,0
g3scan,rq4graded,4.25,-1.0,eb0482,0.0482,diagnostic,1,3.2,0,0.51,20000,1.0,0.0,0.3063,3.457,0.2224,1.54,0.6075,3.5843,3.3121,7,9.6813,8,1.1498,1,0,0
g3scan,rq4graded,4.25,-1.0,eb0482,0.0482,diagnostic,1,3.2,0,0.52,20000,1.0,0.0,0.3365,3.281,0.2264,1.555,0.5886,3.5507,3.2815,7,9.5632,8,1.14,1,0,0
g3scan,rq4graded,4.25,-1.0,eb0482,0.0482,diagnostic,1,4.8,0,0.17,20000,1.0,0.0,0.0,11.927,0.0,nan,7.0995,8.5428,8.5428,1,13.5312,8,nan,0,0,0
g3scan,rq4graded,4.25,-1.0,eb0482,0.0482,diagnostic,1,4.8,0,0.18,20000,1.0,0.0,0.0,11.399,0.0,nan,6.5923,7.705,7.6818,2,12.9301,8,nan,0,0,0
g3scan,rq4graded,4.25,-1.0,eb0482,0.0482,diagnostic,1,4.8,0,0.19,20000,1.0,0.0,0.0,10.877,0.0,nan,6.094,7.472,7.4486,2,12.388,8,nan,0,0,0
g3scan,rq4graded,4.25,-1.0,eb0482,0.0482,diagnostic,1,4.8,0,0.2,20000,1.0,0.0,0.0,10.347,0.0,nan,5.5968,6.7713,6.7203,3,11.8782,8,nan,0,0,0
g3scan,rq4graded,4.25,-1.0,eb0482,0.0482,diagnostic,1,4.8,0,0.21,20000,1.0,0.0,0.0,9.824,0.0,nan,5.1083,6.133,6.0436,4,11.3904,8,nan,0,0,0
g3scan,rq4graded,4.25,-1.0,eb0482,0.0482,diagnostic,1,4.8,0,0.22,20000,1.0,0.0,0.0,9.297,0.0,nan,4.634,5.5399,5.3987,5,10.9601,8,nan,0,0,0
g3scan,rq4graded,4.25,-1.0,eb0482,0.0482,diagnostic,1,4.8,0,0.23,20000,1.0,0.0,0.0,8.773,0.0,nan,4.1656,5.3903,5.2549,5,10.5333,8,nan,0,0,0
g3scan,rq4graded,4.25,-1.0,eb0482,0.0482,diagnostic,1,4.8,0,0.24,20000,1.0,0.0,0.0,8.245,0.0,0.0,3.7003,4.8538,4.6512,6,10.1359,8,nan,0,0,0
g3scan,rq4graded,4.25,-1.0,eb0482,0.0482,diagnostic,1,4.8,0,0.25,20000,1.0,0.0,0.0,7.723,0.0,0.0,3.2621,4.3411,4.0368,7,9.757,8,nan,0,0,0
g3scan,rq4graded,4.25,-1.0,eb0482,0.0482,diagnostic,1,4.8,0,0.26,20000,1.0,0.0,0.0,7.199,0.0001,0.019,2.8345,4.2312,3.9373,7,9.4072,8,nan,0,0,0
g3scan,rq4graded,4.25,-1.0,eb0482,0.0482,diagnostic,1,4.8,0,0.27,20000,1.0,0.0,0.0,6.689,0.0006,0.029,2.433,4.1288,3.8453,7,9.0682,8,1.3738,0,1,0
g3scan,rq4graded,4.25,-1.0,eb0482,0.0482,diagnostic,1,4.8,0,0.28,20000,1.0,0.0,0.0,6.188,0.0045,0.076,2.0618,4.028,3.7546,7,8.7755,8,1.345,0,1,0
g3scan,rq4graded,4.25,-1.0,eb0482,0.0482,diagnostic,1,4.8,0,0.29,20000,1.0,0.0,0.0001,5.707,0.0183,0.174,1.7431,3.9336,3.669,7,8.4907,8,1.3216,0,1,0
g3scan,rq4graded,4.25,-1.0,eb0482,0.0482,diagnostic,1,4.8,0,0.3,20000,1.0,0.0,0.0007,5.241,0.0502,0.346,1.4637,3.8409,3.5849,7,8.1901,8,1.2991,0,1,0
g3scan,rq4graded,4.25,-1.0,eb0482,0.0482,diagnostic,1,4.8,0,0.31,20000,1.0,0.0,0.004,4.8,0.099,0.584,1.2483,3.7535,3.505,7,7.9124,8,1.2781,0,1,0
g3scan,rq4graded,4.25,-1.0,eb0482,0.0482,diagnostic,1,4.8,0,0.32,20000,1.0,0.0,0.0155,4.377,0.1544,0.855,1.1185,3.6687,3.4273,7,7.6524,8,1.2572,0,0,0
g3scan,rq4graded,4.25,-1.0,eb0482,0.0482,diagnostic,1,4.8,0,0.33,20000,1.0,0.0,0.0417,3.979,0.2048,1.108,1.0831,3.5872,3.3527,7,7.4117,8,1.236,1,0,0
g3scan,rq4graded,4.25,-1.0,eb0482,0.0482,diagnostic,1,4.8,0,0.34,20000,1.0,0.0,0.0836,3.604,0.2425,1.296,1.1371,3.5081,3.2806,7,7.1853,8,1.215,1,0,0
g3scan,rq4graded,4.25,-1.0,eb0482,0.0482,diagnostic,1,4.8,0,0.35,20000,1.0,0.0,0.1386,3.252,0.273,1.464,1.1885,3.4339,3.2122,7,6.9763,8,1.1933,1,0,0
g3scan,rq4graded,4.25,-1.0,eb0482,0.0482,diagnostic,1,4.8,0,0.36,20000,1.0,0.0,0.199,2.929,0.2958,1.594,1.2607,3.3621,3.146,7,6.7643,8,1.1723,1,0,0
g3scan,rq4graded,4.25,-1.0,eb0482,0.0482,diagnostic,1,4.8,0,0.37,20000,1.0,0.0,0.262,2.636,0.3105,1.674,1.3176,3.292,3.0817,7,6.5415,8,1.1519,0,0,0
g3scan,rq4graded,4.25,-1.0,eb0482,0.0482,diagnostic,1,4.8,0,0.38,20000,1.0,0.0,0.3244,2.37,0.3247,1.765,1.3807,3.2247,3.0201,7,6.3443,8,1.1315,0,0,0
g3scan,rq4graded,4.25,-1.0,eb0482,0.0482,diagnostic,1,4.8,0,0.39,20000,1.0,0.0,0.3845,2.129,0.3335,1.791,1.4289,3.1598,2.9601,7,6.4133,7,1.1118,0,0,0
g3scan,rq4graded,4.25,-1.0,eb0482,0.0482,diagnostic,1,4.8,0,0.4,20000,1.0,0.0,0.4395,1.92,0.338,1.774,1.4631,3.0981,2.9035,7,6.2373,7,1.0931,0,0,0
g3scan,rq4graded,4.25,-1.0,eb0482,0.0482,diagnostic,1,4.8,0,0.41,20000,1.0,0.0,0.4893,1.731,0.346,1.839,1.4992,3.0363,2.847,7,6.0935,7,1.0747,0,0,0
g3scan,rq4graded,4.25,-1.0,eb0482,0.0482,diagnostic,1,4.8,0,0.42,20000,1.0,0.0,0.5375,1.561,0.3511,1.861,1.5139,2.9795,2.7941,7,5.9393,7,1.0561,0,0,0
g3scan,rq4graded,4.25,-1.0,eb0482,0.0482,diagnostic,1,4.8,0,0.43,20000,1.0,0.0,0.579,1.411,0.3597,1.966,1.5363,2.9223,2.7416,7,5.7975,7,1.0386,0,0,0
g3scan,rq4graded,4.25,-1.0,eb0482,0.0482,diagnostic,1,4.8,0,0.44,20000,1.0,0.0,0.6169,1.278,0.3621,1.967,1.5523,2.8666,2.6905,7,5.6255,7,1.0221,0,0,0
g3scan,rq4graded,4.25,-1.0,eb0482,0.0482,diagnostic,1,4.8,0,0.45,20000,1.0,0.0,0.6502,1.163,0.3674,2.018,1.5652,2.815,2.6431,7,5.4355,7,1.0063,0,0,0
g3scan,rq4graded,4.25,-1.0,eb0482,0.0482,diagnostic,1,4.8,0,0.46,20000,1.0,0.0,0.6828,1.056,0.3668,2.015,1.5613,2.7647,2.5962,7,5.4409,6,0.9904,0,0,0
g3scan,rq4graded,4.25,-1.0,eb0482,0.0482,diagnostic,1,4.8,0,0.47,20000,1.0,0.0,0.7118,0.96,0.3645,1.96,1.5572,2.7143,2.5498,7,5.3241,6,0.9749,0,0,0
g3scan,rq4graded,4.25,-1.0,eb0482,0.0482,diagnostic,1,4.8,0,0.48,20000,1.0,0.0,0.7375,0.875,0.364,1.97,1.5536,2.6635,2.5038,7,5.2142,6,0.9597,0,0,0
g3scan,rq4graded,4.25,-1.0,eb0482,0.0482,diagnostic,1,4.8,0,0.49,20000,1.0,0.0,0.7597,0.801,0.3662,2.016,1.5564,2.6186,2.4618,7,5.0949,6,0.9452,0,0,0
g3scan,rq4graded,4.25,-1.0,eb0482,0.0482,diagnostic,1,4.8,0,0.5,20000,1.0,0.0,0.7803,0.733,0.366,2.024,1.5513,2.5738,2.4203,7,4.9666,6,0.9309,0,0,0
g3scan,rq4graded,4.25,-1.0,eb0482,0.0482,diagnostic,1,4.8,0,0.51,20000,1.0,0.0,0.7988,0.671,0.3693,2.084,1.5518,2.5277,2.378,7,4.8575,6,0.9165,0,0,0
g3scan,rq4graded,4.25,-1.0,eb0482,0.0482,diagnostic,1,4.8,0,0.52,20000,1.0,0.0,0.8145,0.618,0.3676,2.031,1.5569,2.4846,2.3383,7,4.7065,6,0.9041,0,0,0
g3scan,rq4graded,4.25,-1.0,eb0482,0.0482,diagnostic,1,6.4,0,0.17,20000,1.0,0.0,0.0,10.202,0.0,nan,5.6117,7.4499,7.4297,2,10.2469,8,nan,0,0,0
g3scan,rq4graded,4.25,-1.0,eb0482,0.0482,diagnostic,1,6.4,0,0.18,20000,1.0,0.0,0.0,9.575,0.0,nan,5.0704,6.7033,6.6603,3,9.6057,8,nan,0,0,0
g3scan,rq4graded,4.25,-1.0,eb0482,0.0482,diagnostic,1,6.4,0,0.19,20000,1.0,0.0,0.0,8.948,0.0,nan,4.5404,6.0237,5.9504,4,8.9329,8,nan,0,0,0
g3scan,rq4graded,4.25,-1.0,eb0482,0.0482,diagnostic,1,6.4,0,0.2,20000,1.0,0.0,0.0,8.318,0.0,nan,4.02,5.3933,5.2776,5,8.3628,8,nan,0,0,0
g3scan,rq4graded,4.25,-1.0,eb0482,0.0482,diagnostic,1,6.4,0,0.21,20000,1.0,0.0,0.0,7.694,0.0,nan,3.5385,5.1806,5.073,5,7.8383,8,nan,0,0,0
g3scan,rq4graded,4.25,-1.0,eb0482,0.0482,diagnostic,1,6.4,0,0.22,20000,1.0,0.0,0.0,7.068,0.0,0.0,3.0856,4.6249,4.4619,6,7.3541,8,nan,0,1,0
g3scan,rq4graded,4.25,-1.0,eb0482,0.0482,diagnostic,1,6.4,0,0.23,20000,1.0,0.0,0.0,6.44,0.0,0.0,2.6515,4.0971,3.8493,7,6.9117,8,nan,0,1,0
g3scan,rq4graded,4.25,-1.0,eb0482,0.0482,diagnostic,1,6.4,0,0.24,20000,1.0,0.0,0.0,5.831,0.0001,0.006,2.2717,3.9452,3.7121,7,6.4825,8,nan,0,1,0
g3scan,rq4graded,4.25,-1.0,eb0482,0.0482,diagnostic,1,6.4,0,0.25,20000,1.0,0.0,0.0,5.245,0.0021,0.026,1.9476,3.8012,3.5817,7,6.5547,7,1.3558,0,1,0
g3scan,rq4graded,4.25,-1.0,eb0482,0.0482,diagnostic,1,6.4,0,0.26,20000,1.0,0.0,0.0,4.683,0.02,0.123,1.7095,3.6627,3.456,7,6.2049,7,1.3204,0,1,0
g3scan,rq4graded,4.25,-1.0,eb0482,0.0482,diagnostic,1,6.4,0,0.27,20000,1.0,0.0,0.0003,4.155,0.0786,0.357,1.5746,3.5329,3.3371,7,6.1221,6,1.2882,0,0,0
g3scan,rq4graded,4.25,-1.0,eb0482,0.0482,diagnostic,1,6.4,0,0.28,20000,1.0,0.0,0.004,3.657,0.1703,0.717,1.586,3.407,3.2211,7,5.8137,6,1.2601,0,0,0
g3scan,rq4graded,4.25,-1.0,eb0482,0.0482,diagnostic,1,6.4,0,0.29,20000,1.0,0.0,0.0254,3.205,0.262,1.127,1.6967,3.2887,3.112,7,5.5175,6,1.2319,1,0,0
g3scan,rq4graded,4.25,-1.0,eb0482,0.0482,diagnostic,1,6.4,0,0.3,20000,1.0,0.0,0.0831,2.776,0.33,1.483,1.8608,3.1752,3.0069,7,5.274,6,1.2013,0,0,0
g3scan,rq4graded,4.25,-1.0,eb0482,0.0482,diagnostic,1,6.4,0,0.31,20000,1.0,0.0,0.1685,2.387,0.3726,1.743,2.0174,3.0689,2.9086,7,5.1599,5,1.1702,0,0,0
g3scan,rq4graded,4.25,-1.0,eb0482,0.0482,diagnostic,1,6.4,0,0.32,20000,1.0,0.0,0.2647,2.033,0.4015,1.897,2.1242,2.9646,2.812,7,4.8923,5,1.1389,0,0,0
g3scan,rq4graded,4.25,-1.0,eb0482,0.0482,diagnostic,1,6.4,0,0.33,20000,1.0,0.0,0.3611,1.73,0.4165,1.975,2.1817,2.8687,2.7228,7,4.686,5,1.1085,0,0,0
g3scan,rq4graded,4.25,-1.0,eb0482,0.0482,diagnostic,1,6.4,0,0.34,20000,1.0,0.0,0.4482,1.468,0.4309,2.077,2.2276,2.7733,2.6347,7,4.4889,5,1.0785,0,0,0
g3scan,rq4graded,4.25,-1.0,eb0482,0.0482,diagnostic,1,6.4,0,0.35,20000,1.0,0.0,0.5252,1.248,0.4431,2.188,2.2598,2.6846,2.552,7,4.3914,4,1.0499,0,0,0
g3scan,rq4graded,4.25,-1.0,eb0482,0.0482,diagnostic,1,6.4,0,0.36,20000,1.0,0.0,0.5929,1.064,0.449,2.231,2.2744,2.6012,2.4744,7,4.1309,4,1.0224,0,0,0
g3scan,rq4graded,4.25,-1.0,eb0482,0.0482,diagnostic,1,6.4,0,0.37,20000,1.0,0.0,0.6486,0.91,0.4567,2.296,2.2993,2.5163,2.3955,7,3.9635,4,0.9968,0,0,0
g3scan,rq4graded,4.25,-1.0,eb0482,0.0482,diagnostic,1,6.4,0,0.38,20000,1.0,0.0,0.6999,0.78,0.4556,2.32,2.288,2.4391,2.3241,7,3.8187,4,0.9711,0,0,0
g3scan,rq4graded,4.25,-1.0,eb0482,0.0482,diagnostic,1,6.4,0,0.39,20000,1.0,0.0,0.7425,0.67,0.4556,2.308,2.2869,2.3622,2.2528,7,3.6698,4,0.9463,0,0,0
g3scan,rq4graded,4.25,-1.0,eb0482,0.0482,diagnostic,1,6.4,0,0.4,20000,1.0,0.0,0.7781,0.577,0.457,2.312,2.2874,2.2915,2.1862,7,3.5513,3,0.9225,0,0,0
g3scan,rq4graded,4.25,-1.0,eb0482,0.0482,diagnostic,1,6.4,0,0.41,20000,1.0,0.0,0.8077,0.502,0.4527,2.267,2.2772,2.2245,2.1236,7,3.4135,3,0.9003,0,0,0
g3scan,rq4graded,4.25,-1.0,eb0482,0.0482,diagnostic,1,6.4,0,0.42,20000,1.0,0.0,0.833,0.436,0.4538,2.287,2.2793,2.1521,2.0571,7,3.2922,3,0.8781,0,0,0
g3scan,rq4graded,4.25,-1.0,eb0482,0.0482,diagnostic,1,6.4,0,0.43,20000,1.0,0.0,0.8545,0.381,0.457,2.318,2.2719,2.0908,1.9998,7,3.1578,3,0.8563,0,0,0
g3scan,rq4graded,4.25,-1.0,eb0482,0.0482,diagnostic,1,6.4,0,0.44,20000,1.0,0.0,0.8741,0.332,0.4502,2.229,2.2552,2.0289,1.9415,7,3.0222,3,0.8349,0,0,0
g3scan,rq4graded,4.25,-1.0,eb0482,0.0482,diagnostic,1,6.4,0,0.45,20000,1.0,0.0,0.8884,0.292,0.4538,2.243,2.2669,1.9687,1.8852,7,2.9106,2,0.8161,0,0,0
g3scan,rq4graded,4.25,-1.0,eb0482,0.0482,diagnostic,1,6.4,0,0.46,20000,1.0,0.0,0.9016,0.258,0.4605,2.381,2.2653,1.9115,1.832,7,2.8113,2,0.7967,0,0,0
g3scan,rq4graded,4.25,-1.0,eb0482,0.0482,diagnostic,1,6.4,0,0.47,20000,1.0,0.0,0.9134,0.228,0.4603,2.401,2.258,1.8565,1.7804,7,2.7057,2,0.778,0,0,0
g3scan,rq4graded,4.25,-1.0,eb0482,0.0482,diagnostic,1,6.4,0,0.48,20000,1.0,0.0,0.9238,0.202,0.4557,2.285,2.2423,1.8065,1.7327,7,2.639,1,0.7599,0,0,0
g3scan,rq4graded,4.25,-1.0,eb0482,0.0482,diagnostic,1,6.4,0,0.49,20000,1.0,0.0,0.9322,0.18,0.4568,2.358,2.234,1.7534,1.6833,7,2.5503,1,0.743,0,0,0
g3scan,rq4graded,4.25,-1.0,eb0482,0.0482,diagnostic,1,6.4,0,0.5,20000,1.0,0.0,0.9398,0.161,0.4522,2.3,2.2162,1.7069,1.6394,7,nan,0,0.7266,0,0,0
g3scan,rq4graded,4.25,-1.0,eb0482,0.0482,diagnostic,1,6.4,0,0.51,20000,1.0,0.0,0.9468,0.143,0.4504,2.303,2.2003,1.6498,1.5877,7,2.3301,1,0.7092,0,0,0
g3scan,rq4graded,4.25,-1.0,eb0482,0.0482,diagnostic,1,6.4,0,0.52,20000,1.0,0.0,0.9522,0.128,0.4571,2.408,2.2045,1.6042,1.5446,7,nan,0,0.6938,0,0,0
g3scan,rq4graded,4.25,-1.0,eb0482,0.0482,diagnostic,1,9.6,1,0.17,20000,1.0,0.0,0.0,8.107,0.0,nan,4.2114,6.2241,6.1999,3,6.6578,6,nan,0,0,0
g3scan,rq4graded,4.25,-1.0,eb0482,0.0482,diagnostic,1,9.6,1,0.18,20000,1.0,0.0,0.0,7.361,0.0,nan,3.689,5.4988,5.4584,4,5.8885,6,nan,0,0,0
g3scan,rq4graded,4.25,-1.0,eb0482,0.0482,diagnostic,1,9.6,1,0.19,20000,1.0,0.0,0.0,6.609,0.0,nan,3.2069,4.8373,4.7728,5,5.6799,5,nan,0,1,0
g3scan,rq4graded,4.25,-1.0,eb0482,0.0482,diagnostic,1,9.6,1,0.2,20000,1.0,0.0,0.0,5.859,0.0,nan,2.7896,4.2362,4.1373,6,5.0533,5,nan,0,1,0
g3scan,rq4graded,4.25,-1.0,eb0482,0.0482,diagnostic,1,9.6,1,0.21,20000,1.0,0.0,0.0,5.118,0.0,0.0,2.4315,3.6788,3.5223,7,4.4958,5,nan,0,1,0
g3scan,rq4graded,4.25,-1.0,eb0482,0.0482,diagnostic,1,9.6,1,0.22,20000,1.0,0.0,0.0,4.419,0.0001,0.001,2.1945,3.4441,3.3075,7,4.3258,4,nan,0,1,0
g3scan,rq4graded,4.25,-1.0,eb0482,0.0482,diagnostic,1,9.6,1,0.23,20000,1.0,0.0,0.0,3.771,0.0091,0.038,2.1243,3.2257,3.107,7,3.8984,4,1.3342,0,0,0
g3scan,rq4graded,4.25,-1.0,eb0482,0.0482,diagnostic,1,9.6,1,0.24,20000,1.0,0.0,0.0,3.17,0.1007,0.293,2.1536,3.0222,2.9178,7,3.7336,3,1.2813,0,0,0
g3scan,rq4graded,4.25,-1.0,eb0482,0.0482,diagnostic,1,9.6,1,0.25,20000,1.0,0.0,0.0011,2.619,0.2784,0.869,2.3305,2.8261,2.7341,7,3.3567,3,1.2393,1,0,0
g3scan,rq4graded,4.25,-1.0,eb0482,0.0482,diagnostic,1,9.6,1,0.26,20000,1.0,0.0,0.0335,2.153,0.4368,1.64,2.6609,2.6453,2.5642,7,3.0463,3,1.199,0,0,0
g3scan,rq4graded,4.25,-1.0,eb0482,0.0482,diagnostic,1,9.6,1,0.27,20000,1.0,0.0,0.159,1.705,0.5218,2.23,2.8618,2.4803,2.4076,7,2.8729,2,1.1501,0,0,0
g3scan,rq4graded,4.25,-1.0,eb0482,0.0482,diagnostic,1,9.6,1,0.28,20000,1.0,0.0,0.3246,1.306,0.5633,2.621,2.955,2.3168,2.2539,7,2.6359,2,1.0984,0,0,0
g3scan,rq4graded,4.25,-1.0,eb0482,0.0482,diagnostic,1,9.6,1,0.29,20000,1.0,0.0,0.4785,0.986,0.5851,2.869,2.9977,2.1756,2.1193,7,2.484,1,1.0474,0,0,0
g3scan,rq4graded,4.25,-1.0,eb0482,0.0482,diagnostic,1,9.6,1,0.3,20000,1.0,0.0,0.6042,0.741,0.5939,2.962,3.0173,2.0359,1.9864,7,2.272,1,0.9987,0,0,0
g3scan,rq4graded,4.25,-1.0,eb0482,0.0482,diagnostic,1,9.6,1,0.31,20000,1.0,0.0,0.7,0.56,0.6,3.066,3.0216,1.9093,1.866,7,2.097,1,0.9526,0,0,0
g3scan,rq4graded,4.25,-1.0,eb0482,0.0482,diagnostic,1,9.6,1,0.32,20000,1.0,0.0,0.7731,0.425,0.596,2.977,3.0161,1.7797,1.7434,7,nan,0,0.9085,0,0,0
g3scan,rq4graded,4.25,-1.0,eb0482,0.0482,diagnostic,1,9.6,1,0.33,20000,1.0,0.0,0.8272,0.325,0.5976,3.033,3.0083,1.677,1.644,7,nan,0,0.8658,0,0,0
g3scan,rq4graded,4.25,-1.0,eb0482,0.0482,diagnostic,1,9.6,1,0.34,20000,1.0,0.0,0.8674,0.25,0.5977,3.001,3.0058,1.561,1.5336,7,nan,0,0.8252,0,0,0
g3scan,rq4graded,4.25,-1.0,eb0482,0.0482,diagnostic,1,9.6,1,0.35,20000,1.0,0.0,0.8966,0.196,0.5993,3.09,2.9967,1.4626,1.4392,7,nan,0,0.7879,0,0,0
g3scan,rq4graded,4.25,-1.0,eb0482,0.0482,diagnostic,1,9.6,1,0.36,20000,1.0,0.0,0.9199,0.153,0.593,3.011,2.9767,1.3725,1.352,7,nan,0,0.7516,0,0,0
g3scan,rq4graded,4.25,-1.0,eb0482,0.0482,diagnostic,1,9.6,1,0.37,20000,1.0,0.0,0.9365,0.121,0.5984,3.14,2.9788,1.2553,1.2374,6,nan,0,0.7178,0,0,0
g3scan,rq4graded,4.25,-1.0,eb0482,0.0482,diagnostic,1,9.6,1,0.38,20000,1.0,0.0,0.9499,0.097,0.5919,3.11,2.9511,1.1863,1.1701,6,nan,0,0.6852,0,0,0
g3scan,rq4graded,4.25,-1.0,eb0482,0.0482,diagnostic,1,9.6,1,0.39,20000,1.0,0.0,0.9603,0.077,0.5865,3.006,2.9402,1.1082,1.0943,6,nan,0,0.6537,0,0,0
g3scan,rq4graded,4.25,-1.0,eb0482,0.0482,diagnostic,1,9.6,1,0.4,20000,1.0,0.0,0.9677,0.063,0.5879,3.085,2.9328,1.0143,1.0022,5,nan,0,0.6252,0,0,0
g3scan,rq4graded,4.25,-1.0,eb0482,0.0482,diagnostic,1,9.6,1,0.41,20000,1.0,0.0,0.9743,0.051,0.5702,2.882,2.8916,0.9558,0.9454,5,nan,0,0.5959,0,0,0
g3scan,rq4graded,4.25,-1.0,eb0482,0.0482,diagnostic,1,9.6,1,0.42,20000,1.0,0.0,0.9789,0.042,0.5789,2.905,2.8898,0.8707,0.8613,4,nan,0,0.5683,0,0,0
g3scan,rq4graded,4.25,-1.0,eb0482,0.0482,diagnostic,1,9.6,1,0.43,20000,1.0,0.0,0.9828,0.035,0.5656,2.587,2.8653,0.816,0.8086,4,nan,0,0.5423,0,0,0
g3scan,rq4graded,4.25,-1.0,eb0482,0.0482,diagnostic,1,9.6,1,0.44,20000,1.0,0.0,0.9858,0.029,0.5459,2.323,2.8303,0.7374,0.7318,3,nan,0,0.5188,0,0,0
g3scan,rq4graded,4.25,-1.0,eb0482,0.0482,diagnostic,1,9.6,1,0.45,20000,1.0,0.0,0.988,0.024,0.5774,2.875,2.8552,0.6448,0.6424,2,nan,0,0.4933,0,0,0
g3scan,rq4graded,4.25,-1.0,eb0482,0.0482,diagnostic,1,9.6,1,0.46,20000,1.0,0.0,0.9899,0.021,0.5806,3.25,2.8216,0.6555,0.652,3,nan,0,0.472,0,0,0
g3scan,rq4graded,4.25,-1.0,eb0482,0.0482,diagnostic,1,9.6,1,0.47,20000,1.0,0.0,0.9917,0.017,0.5891,3.75,2.7829,0.5871,0.5843,2,nan,0,0.4477,0,0,0
g3scan,rq4graded,4.25,-1.0,eb0482,0.0482,diagnostic,1,9.6,1,0.48,20000,1.0,0.0,0.9929,0.015,0.6028,4.048,2.8177,0.5453,0.5426,2,nan,0,0.4281,0,0,0
g3scan,rq4graded,4.25,-1.0,eb0482,0.0482,diagnostic,1,9.6,1,0.49,20000,1.0,0.0,0.9939,0.013,0.5702,3.067,2.7688,0.5152,0.5134,2,nan,0,0.4146,0,0,0
g3scan,rq4graded,4.25,-1.0,eb0482,0.0482,diagnostic,1,9.6,1,0.5,20000,1.0,0.0,0.995,0.011,0.5274,2.465,2.6747,0.4536,0.4536,1,nan,0,0.3976,0,0,0
g3scan,rq4graded,4.25,-1.0,eb0482,0.0482,diagnostic,1,9.6,1,0.51,20000,1.0,0.0,0.9957,0.01,0.5294,2.903,2.6357,0.4341,0.4341,1,nan,0,0.3769,0,0,0
g3scan,rq4graded,4.25,-1.0,eb0482,0.0482,diagnostic,1,9.6,1,0.52,20000,1.0,0.0,0.9964,0.008,0.5245,2.679,2.6299,0.4026,0.4026,1,nan,0,0.356,0,0,0
g3scan,rq4graded,4.25,-1.0,eb0482,0.0482,diagnostic,1,12.8,1,0.17,20000,1.0,0.0,0.0,6.898,0.0,nan,3.6279,5.2685,5.2468,4,4.6954,4,nan,0,1,0
g3scan,rq4graded,4.25,-1.0,eb0482,0.0482,diagnostic,1,12.8,1,0.18,20000,1.0,0.0,0.0,6.076,0.0,nan,3.1826,4.5449,4.511,5,3.8924,4,nan,0,1,0
g3scan,rq4graded,4.25,-1.0,eb0482,0.0482,diagnostic,1,12.8,1,0.19,20000,1.0,0.0,0.0,5.259,0.0,nan,2.7996,3.9013,3.8477,6,3.6491,3,nan,0,1,0
g3scan,rq4graded,4.25,-1.0,eb0482,0.0482,diagnostic,1,12.8,1,0.2,20000,1.0,0.0,0.0,4.448,0.0,0.0,2.5034,3.3131,3.2235,7,3.0819,3,nan,0,1,0
g3scan,rq4graded,4.25,-1.0,eb0482,0.0482,diagnostic,1,12.8,1,0.21,20000,1.0,0.0,0.0,3.718,0.0001,0.001,2.4144,3.0084,2.9391,7,2.8611,2,nan,0,0,0
g3scan,rq4graded,4.25,-1.0,eb0482,0.0482,diagnostic,1,12.8,1,0.22,20000,1.0,0.0,0.0,3.06,0.0208,0.052,2.4699,2.7249,2.6735,7,2.3581,2,1.3196,0,0,0
g3scan,rq4graded,4.25,-1.0,eb0482,0.0482,diagnostic,1,12.8,1,0.23,20000,1.0,0.0,0.0,2.44,0.2208,0.528,2.628,2.4625,2.4237,7,2.2419,1,1.2516,1,0,0
g3scan,rq4graded,4.25,-1.0,eb0482,0.0482,diagnostic,1,12.8,1,0.24,20000,1.0,0.0,0.0033,1.923,0.474,1.548,2.9589,2.2287,2.1981,7,1.8749,1,1.2024,0,0,0
g3scan,rq4graded,4.25,-1.0,eb0482,0.0482,diagnostic,1,12.8,1,0.25,20000,1.0,0.0,0.1058,1.481,0.6232,2.765,3.2326,1.9991,1.9767,7,nan,0,1.1468,0,0,0
g3scan,rq4graded,4.25,-1.0,eb0482,0.0482,diagnostic,1,12.8,1,0.26,20000,1.0,0.0,0.3384,1.033,0.6805,3.597,3.328,1.8072,1.7897,7,nan,0,1.0756,0,0,0
g3scan,rq4graded,4.25,-1.0,eb0482,0.0482,diagnostic,1,12.8,1,0.27,20000,1.0,0.0,0.5498,0.689,0.6986,3.897,3.3575,1.6129,1.6002,7,nan,0,1.0044,0,0,0
g3scan,rq4graded,4.25,-1.0,eb0482,0.0482,diagnostic,1,12.8,1,0.28,20000,1.0,0.0,0.7002,0.457,0.7025,3.966,3.3624,1.4549,1.4448,7,nan,0,0.937,0,0,0
g3scan,rq4graded,4.25,-1.0,eb0482,0.0482,diagnostic,1,12.8,1,0.29,20000,1.0,0.0,0.8013,0.304,0.7028,4.012,3.3566,1.3097,1.3019,6,nan,0,0.8722,0,0,0
g3scan,rq4graded,4.25,-1.0,eb0482,0.0482,diagnostic,1,12.8,1,0.3,20000,1.0,0.0,0.867,0.205,0.7028,4.045,3.3494,1.1906,1.1843,6,nan,0,0.8111,0,0,0
g3scan,rq4graded,4.25,-1.0,eb0482,0.0482,diagnostic,1,12.8,1,0.31,20000,1.0,0.0,0.9088,0.141,0.7052,4.194,3.3445,1.0648,1.0599,5,nan,0,0.7552,0,0,0
g3scan,rq4graded,4.25,-1.0,eb0482,0.0482,diagnostic,1,12.8,1,0.32,20000,1.0,0.0,0.9372,0.098,0.699,4.074,3.3273,0.9728,0.9686,5,nan,0,0.703,0,0,0
g3scan,rq4graded,4.25,-1.0,eb0482,0.0482,diagnostic,1,12.8,1,0.33,20000,1.0,0.0,0.9566,0.069,0.6907,4.01,3.3034,0.8617,0.8588,4,nan,0,0.6528,0,0,0
g3scan,rq4graded,4.25,-1.0,eb0482,0.0482,diagnostic,1,12.8,1,0.34,20000,1.0,0.0,0.9689,0.05,0.6811,3.671,3.2798,0.7939,0.7912,4,nan,0,0.6085,0,0,0
g3scan,rq4graded,4.25,-1.0,eb0482,0.0482,diagnostic,1,12.8,1,0.35,20000,1.0,0.0,0.9779,0.036,0.6757,3.485,3.2753,0.6883,0.6869,3,nan,0,0.5627,0,0,0
g3scan,rq4graded,4.25,-1.0,eb0482,0.0482,diagnostic,1,12.8,1,0.36,20000,1.0,0.0,0.9837,0.027,0.6769,3.894,3.2333,0.6415,0.6403,3,nan,0,0.522,0,0,0
g3scan,rq4graded,4.25,-1.0,eb0482,0.0482,diagnostic,1,12.8,1,0.37,20000,1.0,0.0,0.988,0.02,0.6938,4.44,3.2491,0.559,0.5581,2,nan,0,0.4812,0,0,0
g3scan,rq4graded,4.25,-1.0,eb0482,0.0482,diagnostic,1,12.8,1,0.38,20000,1.0,0.0,0.9911,0.015,0.693,4.731,3.2182,0.5049,0.504,2,nan,0,0.4454,0,0,0
g3scan,rq4graded,4.25,-1.0,eb0482,0.0482,diagnostic,1,12.8,1,0.39,20000,1.0,0.0,0.9932,0.012,0.6484,3.54,3.145,0.4687,0.4682,2,nan,0,0.4195,0,0,0
g3scan,rq4graded,4.25,-1.0,eb0482,0.0482,diagnostic,1,12.8,1,0.4,20000,1.0,0.0,0.9949,0.009,0.652,3.694,3.1484,0.3987,0.3987,1,nan,0,0.3853,0,0,0
g3scan,rq4graded,4.25,-1.0,eb0482,0.0482,diagnostic,1,12.8,1,0.41,20000,1.0,0.0,0.9963,0.007,0.6149,3.37,3.0373,0.3655,0.3655,1,nan,0,0.3512,0,0,0
g3scan,rq4graded,4.25,-1.0,eb0482,0.0482,diagnostic,1,12.8,1,0.42,20000,1.0,0.0,0.9972,0.005,0.5625,2.739,2.969,0.3408,0.3408,1,nan,0,0.3208,0,0,0
g3scan,rq4graded,4.25,-1.0,eb0482,0.0482,diagnostic,1,12.8,1,0.43,20000,1.0,0.0,0.9975,0.005,0.6263,3.444,3.0604,nan,nan,0,nan,0,0.2988,0,0,0
g3scan,rq4graded,4.25,-1.0,eb0482,0.0482,diagnostic,1,12.8,1,0.44,20000,1.0,0.0,0.998,0.004,0.6076,3.2,3.0279,nan,nan,0,nan,0,0.2761,0,0,0
g3scan,rq4graded,4.25,-1.0,eb0482,0.0482,diagnostic,1,12.8,1,0.45,20000,1.0,0.0,0.9984,0.003,0.5806,2.4,3.0015,nan,nan,0,nan,0,0.2503,0,0,0
g3scan,rq4graded,4.25,-1.0,eb0482,0.0482,diagnostic,1,12.8,1,0.46,20000,1.0,0.0,0.9987,0.002,0.5962,2.818,2.9848,nan,nan,0,nan,0,0.2282,0,0,0
g3scan,rq4graded,4.25,-1.0,eb0482,0.0482,diagnostic,1,12.8,1,0.47,20000,1.0,0.0,0.9989,0.002,0.5714,2.667,2.9601,nan,nan,0,nan,0,0.2081,0,0,0
g3scan,rq4graded,4.25,-1.0,eb0482,0.0482,diagnostic,1,12.8,1,0.48,20000,1.0,0.0,0.9991,0.002,0.5429,1.9,2.9172,nan,nan,0,nan,0,nan,0,0,0
g3scan,rq4graded,4.25,-1.0,eb0482,0.0482,diagnostic,1,12.8,1,0.49,20000,1.0,0.0,0.9992,0.001,0.6333,3.8,2.9553,nan,nan,0,nan,0,nan,0,0,0
g3scan,rq4graded,4.25,-1.0,eb0482,0.0482,diagnostic,1,12.8,1,0.5,20000,1.0,0.0,0.9993,0.001,0.6154,4.0,2.9271,nan,nan,0,nan,0,nan,0,0,0
g3scan,rq4graded,4.25,-1.0,eb0482,0.0482,diagnostic,1,12.8,1,0.51,20000,1.0,0.0,0.9995,0.001,0.619,3.25,2.9363,nan,nan,0,nan,0,nan,0,0,0
g3scan,rq4graded,4.25,-1.0,eb0482,0.0482,diagnostic,1,12.8,1,0.52,20000,1.0,0.0,0.9995,0.001,0.6842,6.5,2.9939,nan,nan,0,nan,0,nan,0,0,0
g3scan,rq4graded,4.25,-1.0,eb1168,0.11675778353879479,diagnostic,0,2.4,0,0.17,20000,1.0,0.0001,0.0,16.379,0.0,nan,11.4901,nan,nan,0,20.5065,6,nan,0,0,0
g3scan,rq4graded,4.25,-1.0,eb1168,0.11675778353879479,diagnostic,0,2.4,0,0.18,20000,1.0,0.0001,0.0,16.111,0.0,nan,11.2221,nan,nan,0,20.1274,6,nan,0,0,0
g3scan,rq4graded,4.25,-1.0,eb1168,0.11675778353879479,diagnostic,0,2.4,0,0.19,20000,1.0,0.0001,0.0,15.849,0.0,nan,10.9602,nan,nan,0,18.941,7,nan,0,0,0
g3scan,rq4graded,4.25,-1.0,eb1168,0.11675778353879479,diagnostic,0,2.4,0,0.2,20000,1.0,0.0001,0.0,15.58,0.0,nan,10.6911,nan,nan,0,18.6179,7,nan,0,0,0
g3scan,rq4graded,4.25,-1.0,eb1168,0.11675778353879479,diagnostic,0,2.4,0,0.21,20000,1.0,0.0001,0.0,15.311,0.0,nan,10.4222,nan,nan,0,17.4983,8,nan,0,0,0
g3scan,rq4graded,4.25,-1.0,eb1168,0.11675778353879479,diagnostic,0,2.4,0,0.22,20000,1.0,0.0001,0.0,15.045,0.0,nan,10.1564,nan,nan,0,17.2228,8,nan,0,0,0
g3scan,rq4graded,4.25,-1.0,eb1168,0.11675778353879479,diagnostic,0,2.4,0,0.23,20000,1.0,0.0001,0.0,14.782,0.0,nan,9.8935,nan,nan,0,16.9678,8,nan,0,0,0
g3scan,rq4graded,4.25,-1.0,eb1168,0.11675778353879479,diagnostic,0,2.4,0,0.24,20000,1.0,0.0001,0.0,14.513,0.0,nan,9.6242,nan,nan,0,16.7144,8,nan,0,0,0
g3scan,rq4graded,4.25,-1.0,eb1168,0.11675778353879479,diagnostic,0,2.4,0,0.25,20000,1.0,0.0001,0.0,14.247,0.0,nan,9.3584,8.3088,8.3088,1,16.4767,8,nan,0,0,0
g3scan,rq4graded,4.25,-1.0,eb1168,0.11675778353879479,diagnostic,0,2.4,0,0.26,20000,1.0,0.0001,0.0,13.982,0.0,nan,9.0937,8.2066,8.2066,1,16.2483,8,nan,0,0,0
g3scan,rq4graded,4.25,-1.0,eb1168,0.11675778353879479,diagnostic,0,2.4,0,0.27,20000,1.0,0.0001,0.0,13.718,0.0,nan,8.8296,7.4677,7.4384,2,16.0303,8,nan,0,0,0
g3scan,rq4graded,4.25,-1.0,eb1168,0.11675778353879479,diagnostic,0,2.4,0,0.28,20000,1.0,0.0001,0.0,13.451,0.0,nan,8.5626,6.83,6.7648,3,15.8187,8,nan,0,0,0
g3scan,rq4graded,4.25,-1.0,eb1168,0.11675778353879479,diagnostic,0,2.4,0,0.29,20000,1.0,0.0001,0.0,13.186,0.0,nan,8.2972,6.7599,6.6957,3,15.6132,8,nan,0,0,0
g3scan,rq4graded,4.25,-1.0,eb1168,0.11675778353879479,diagnostic,0,2.4,0,0.3,20000,1.0,0.0001,0.0,12.918,0.0,nan,8.0298,6.1864,6.0731,4,15.4163,8,nan,0,0,0
g3scan,rq4graded,4.25,-1.0,eb1168,0.11675778353879479,diagnostic,0,2.4,0,0.31,20000,1.0,0.0001,0.0,12.653,0.0,nan,7.7646,6.1241,6.0118,4,15.2289,8,nan,0,0,0
g3scan,rq4graded,4.25,-1.0,eb1168,0.11675778353879479,diagnostic,0,2.4,0,0.32,20000,1.0,0.0001,0.0,12.393,0.0,nan,7.5049,5.5941,5.4164,5,15.0558,8,nan,0,0,0
g3scan,rq4graded,4.25,-1.0,eb1168,0.11675778353879479,diagnostic,0,2.4,0,0.33,20000,1.0,0.0001,0.0,12.126,0.0,0.0,7.2373,5.5397,5.3637,5,14.8802,8,nan,0,0,0
g3scan,rq4graded,4.25,-1.0,eb1168,0.11675778353879479,diagnostic,0,2.4,0,0.34,20000,1.0,0.0001,0.0,11.859,0.0,0.0,6.9708,5.0454,4.7851,6,14.7103,8,nan,0,0,0
g3scan,rq4graded,4.25,-1.0,eb1168,0.11675778353879479,diagnostic,0,2.4,0,0.35,20000,1.0,0.0001,0.0,11.593,0.0001,0.4,6.7046,5.0002,4.7427,6,14.5454,8,nan,0,0,0
g3scan,rq4graded,4.25,-1.0,eb1168,0.11675778353879479,diagnostic,0,2.4,0,0.36,20000,1.0,0.0001,0.0,11.328,0.0001,0.286,6.4397,4.955,4.7003,6,14.389,8,nan,0,0,0
g3scan,rq4graded,4.25,-1.0,eb1168,0.11675778353879479,diagnostic,0,2.4,0,0.37,20000,1.0,0.0001,0.0,11.066,0.0001,0.133,6.177,4.487,4.1096,7,14.2344,8,nan,0,0,0
g3scan,rq4graded,4.25,-1.0,eb1168,0.11675778353879479,diagnostic,0,2.4,0,0.38,20000,1.0,0.0001,0.0,10.799,0.0002,0.108,5.9103,4.4476,4.0738,7,14.0839,8,nan,0,0,0
g3scan,rq4graded,4.25,-1.0,eb1168,0.11675778353879479,diagnostic,0,2.4,0,0.39,20000,1.0,0.0001,0.0001,10.535,0.0004,0.113,5.647,4.4102,4.0405,7,13.9455,8,nan,0,0,0
g3scan,rq4graded,4.25,-1.0,eb1168,0.11675778353879479,diagnostic,0,2.4,0,0.4,20000,1.0,0.0001,0.0001,10.272,0.0008,0.114,5.3847,4.374,4.0079,7,13.8058,8,1.3222,0,0,0
g3scan,rq4graded,4.25,-1.0,eb1168,0.11675778353879479,diagnostic,0,2.4,0,0.41,20000,1.0,0.0001,0.0001,10.012,0.0019,0.18,5.1246,4.3385,3.9758,7,13.6748,8,1.3115,0,0,0
g3scan,rq4graded,4.25,-1.0,eb1168,0.11675778353879479,diagnostic,0,2.4,0,0.42,20000,1.0,0.0001,0.0002,9.754,0.0035,0.234,4.867,4.3043,3.9453,7,13.5442,8,1.3032,0,0,0
g3scan,rq4graded,4.25,-1.0,eb1168,0.11675778353879479,diagnostic,0,2.4,0,0.43,20000,1.0,0.0001,0.0004,9.496,0.0063,0.304,4.6107,4.2707,3.9148,7,13.4154,8,1.294,0,0,0
g3scan,rq4graded,4.25,-1.0,eb1168,0.11675778353879479,diagnostic,0,2.4,0,0.44,20000,1.0,0.0001,0.0008,9.241,0.0097,0.341,4.3593,4.2378,3.8851,7,13.292,8,1.2866,0,0,0
g3scan,rq4graded,4.25,-1.0,eb1168,0.11675778353879479,diagnostic,0,2.4,0,0.45,20000,1.0,0.0001,0.0015,8.988,0.0146,0.405,4.1128,4.2055,3.8559,7,13.1677,8,1.2784,0,0,0
g3scan,rq4graded,4.25,-1.0,eb1168,0.11675778353879479,diagnostic,0,2.4,0,0.46,20000,1.0,0.0001,0.0029,8.737,0.0205,0.456,3.8734,4.1739,3.8274,7,13.0478,8,1.27,0,0,0
g3scan,rq4graded,4.25,-1.0,eb1168,0.11675778353879479,diagnostic,0,2.4,0,0.47,20000,1.0,0.0001,0.0048,8.491,0.028,0.532,3.6429,4.1432,3.7999,7,12.9365,8,1.2618,0,0,0
g3scan,rq4graded,4.25,-1.0,eb1168,0.11675778353879479,diagnostic,0,2.4,0,0.48,20000,1.0,0.0001,0.0075,8.252,0.0371,0.629,3.4257,4.1137,3.7731,7,12.8234,8,1.2537,0,0,0
g3scan,rq4graded,4.25,-1.0,eb1168,0.11675778353879479,diagnostic,0,2.4,0,0.49,20000,1.0,0.0001,0.0115,8.015,0.0472,0.72,3.2201,4.0848,3.7468,7,12.7165,8,1.2457,0,0,0
g3scan,rq4graded,4.25,-1.0,eb1168,0.11675778353879479,diagnostic,0,2.4,0,0.5,20000,1.0,0.0001,0.0167,7.78,0.057,0.788,3.0238,4.0556,3.7205,7,12.6099,8,1.2384,0,0,0
g3scan,rq4graded,4.25,-1.0,eb1168,0.11675778353879479,diagnostic,0,2.4,0,0.51,20000,1.0,0.0001,0.0232,7.55,0.067,0.854,2.841,4.0277,3.6951,7,12.5072,8,1.2312,0,0,0
g3scan,rq4graded,4.25,-1.0,eb1168,0.11675778353879479,diagnostic,0,2.4,0,0.52,20000,1.0,0.0001,0.0315,7.325,0.0767,0.924,2.6754,4.0005,3.6706,7,12.4029,8,1.2239,0,0,0
g3scan,rq4graded,4.25,-1.0,eb1168,0.11675778353879479,diagnostic,0,3.2,0,0.17,20000,1.0,0.0001,0.0,14.557,0.0,nan,9.6686,nan,nan,0,16.6705,8,nan,0,0,0
g3scan,rq4graded,4.25,-1.0,eb1168,0.11675778353879479,diagnostic,0,3.2,0,0.18,20000,1.0,0.0001,0.0,14.184,0.0,nan,9.2955,nan,nan,0,16.2328,8,nan,0,0,0
g3scan,rq4graded,4.25,-1.0,eb1168,0.11675778353879479,diagnostic,0,3.2,0,0.19,20000,1.0,0.0001,0.0,13.817,0.0,nan,8.9281,nan,nan,0,15.8285,8,nan,0,0,0
g3scan,rq4graded,4.25,-1.0,eb1168,0.11675778353879479,diagnostic,0,3.2,0,0.2,20000,1.0,0.0001,0.0,13.441,0.0,nan,8.5521,8.3982,8.3982,1,15.4388,8,nan,0,0,0
g3scan,rq4graded,4.25,-1.0,eb1168,0.11675778353879479,diagnostic,0,3.2,0,0.21,20000,1.0,0.0001,0.0,13.069,0.0,nan,8.1817,8.2466,8.2466,1,15.0723,8,nan,0,0,0
g3scan,rq4graded,4.25,-1.0,eb1168,0.11675778353879479,diagnostic,0,3.2,0,0.22,20000,1.0,0.0001,0.0,12.7,0.0,nan,7.8139,7.4703,7.4432,2,14.7274,8,nan,0,0,0
g3scan,rq4graded,4.25,-1.0,eb1168,0.11675778353879479,diagnostic,0,3.2,0,0.23,20000,1.0,0.0001,0.0,12.326,0.0,nan,7.4408,7.3387,7.3122,2,14.3962,8,nan,0,0,0
g3scan,rq4graded,4.25,-1.0,eb1168,0.11675778353879479,diagnostic,0,3.2,0,0.24,20000,1.0,0.0001,0.0,11.956,0.0,nan,7.0709,6.6996,6.6408,3,14.0824,8,nan,0,0,0
g3scan,rq4graded,4.25,-1.0,eb1168,0.11675778353879479,diagnostic,0,3.2,0,0.25,20000,1.0,0.0001,0.0,11.586,0.0,nan,6.7029,6.1095,6.0062,4,13.7884,8,nan,0,0,0
g3scan,rq4graded,4.25,-1.0,eb1168,0.11675778353879479,diagnostic,0,3.2,0,0.26,20000,1.0,0.0001,0.0,11.212,0.0,nan,6.332,6.0139,5.9124,4,13.5008,8,nan,0,0,0
g3scan,rq4graded,4.25,-1.0,eb1168,0.11675778353879479,diagnostic,0,3.2,0,0.27,20000,1.0,0.0001,0.0,10.84,0.0,nan,5.9611,5.4735,5.3125,5,13.2263,8,nan,0,0,0
g3scan,rq4graded,4.25,-1.0,eb1168,0.11675778353879479,diagnostic,0,3.2,0,0.28,20000,1.0,0.0001,0.0,10.472,0.0,0.0,5.5954,5.3905,5.2326,5,12.9729,8,nan,0,0,0
g3scan,rq4graded,4.25,-1.0,eb1168,0.11675778353879479,diagnostic,0,3.2,0,0.29,20000,1.0,0.0001,0.0,10.1,0.0,0.0,5.228,4.8927,4.6578,6,12.7295,8,nan,0,0,0
g3scan,rq4graded,4.25,-1.0,eb1168,0.11675778353879479,diagnostic,0,3.2,0,0.3,20000,1.0,0.0001,0.0,9.727,0.0001,0.125,4.8589,4.8222,4.5922,6,12.4933,8,nan,0,0,0
g3scan,rq4graded,4.25,-1.0,eb1168,0.11675778353879479,diagnostic,0,3.2,0,0.31,20000,1.0,0.0001,0.0,9.36,0.0001,0.069,4.4955,4.3498,4.0064,7,12.2567,8,nan,0,0,0
g3scan,rq4graded,4.25,-1.0,eb1168,0.11675778353879479,diagnostic,0,3.2,0,0.32,20000,1.0,0.0001,0.0,8.99,0.0003,0.066,4.1311,4.2891,3.9516,7,12.0445,8,nan,0,0,0
g3scan,rq4graded,4.25,-1.0,eb1168,0.11675778353879479,diagnostic,0,3.2,0,0.33,20000,1.0,0.0001,0.0,8.624,0.0008,0.072,3.7728,4.2315,3.9002,7,11.8361,8,1.3257,0,0,0
g3scan,rq4graded,4.25,-1.0,eb1168,0.11675778353879479,diagnostic,0,3.2,0,0.34,20000,1.0,0.0001,0.0001,8.262,0.0028,0.135,3.4223,4.1751,3.8496,7,11.6358,8,1.3067,0,0,0
g3scan,rq4graded,4.25,-1.0,eb1168,0.11675778353879479,diagnostic,0,3.2,0,0.35,20000,1.0,0.0001,0.0002,7.903,0.0073,0.202,3.0758,4.1205,3.8002,7,11.4386,8,1.2937,0,0,0
g3scan,rq4graded,4.25,-1.0,eb1168,0.11675778353879479,diagnostic,0,3.2,0,0.36,20000,1.0,0.0001,0.0005,7.551,0.015,0.282,2.7436,4.0677,3.7524,7,11.2465,8,1.281,0,0,0
g3scan,rq4graded,4.25,-1.0,eb1168,0.11675778353879479,diagnostic,0,3.2,0,0.37,20000,1.0,0.0001,0.0014,7.211,0.0265,0.375,2.4269,4.0169,3.7067,7,11.07,8,1.2685,0,0,0
g3scan,rq4graded,4.25,-1.0,eb1168,0.11675778353879479,diagnostic,0,3.2,0,0.38,20000,1.0,0.0001,0.0036,6.872,0.0431,0.495,2.1302,3.9662,3.6609,7,10.8879,8,1.2557,0,1,0
g3scan,rq4graded,4.25,-1.0,eb1168,0.11675778353879479,diagnostic,0,3.2,0,0.39,20000,1.0,0.0001,0.0085,6.546,0.0635,0.64,1.8583,3.9187,3.6175,7,10.7195,8,1.2427,0,1,0
g3scan,rq4graded,4.25,-1.0,eb1168,0.11675778353879479,diagnostic,0,3.2,0,0.4,20000,1.0,0.0001,0.0159,6.23,0.0847,0.77,1.6188,3.8723,3.5754,7,10.562,8,1.2309,0,1,0
g3scan,rq4graded,4.25,-1.0,eb1168,0.11675778353879479,diagnostic,0,3.2,0,0.41,20000,1.0,0.0001,0.0274,5.919,0.107,0.912,1.4025,3.8256,3.5331,7,10.4026,8,1.219,0,1,0
g3scan,rq4graded,4.25,-1.0,eb1168,0.11675778353879479,diagnostic,0,3.2,0,0.42,20000,1.0,0.0001,0.0444,5.626,0.1266,1.034,1.2376,3.7825,3.4937,7,10.2537,8,1.207,0,1,0
g3scan,rq4graded,4.25,-1.0,eb1168,0.11675778353879479,diagnostic,0,3.2,0,0.43,20000,1.0,0.0001,0.0657,5.338,0.1432,1.126,1.0977,3.7396,3.4547,7,10.1038,8,1.1953,0,1,0
g3scan,rq4graded,4.25,-1.0,eb1168,0.11675778353879479,diagnostic,0,3.2,0,0.44,20000,1.0,0.0001,0.0897,5.06,0.16,1.221,0.978,3.6968,3.4158,7,9.9575,8,1.1837,0,1,0
g3scan,rq4graded,4.25,-1.0,eb1168,0.11675778353879479,diagnostic,0,3.2,0,0.45,20000,1.0,0.0001,0.1169,4.801,0.173,1.28,0.888,3.657,3.3795,7,9.8136,8,1.1725,0,1,0
g3scan,rq4graded,4.25,-1.0,eb1168,0.11675778353879479,diagnostic,0,3.2,0,0.46,20000,1.0,0.0001,0.1472,4.55,0.183,1.329,0.8235,3.6179,3.3438,7,9.6719,8,1.1612,0,1,0
g3scan,rq4graded,4.25,-1.0,eb1168,0.11675778353879479,diagnostic,0,3.2,0,0.47,20000,1.0,0.0001,0.1777,4.309,0.193,1.378,0.7586,3.5783,3.3078,7,9.5305,8,1.1502,1,0,0
g3scan,rq4graded,4.25,-1.0,eb1168,0.11675778353879479,diagnostic,0,3.2,0,0.48,20000,1.0,0.0001,0.21,4.084,0.2027,1.458,0.7106,3.541,3.2739,7,9.4082,8,1.139,1,0,0
g3scan,rq4graded,4.25,-1.0,eb1168,0.11675778353879479,diagnostic,0,3.2,0,0.49,20000,1.0,0.0001,0.2418,3.873,0.2099,1.49,0.6732,3.5051,3.2409,7,9.2816,8,1.1285,1,0,0
g3scan,rq4graded,4.25,-1.0,eb1168,0.11675778353879479,diagnostic,0,3.2,0,0.5,20000,1.0,0.0001,0.2723,3.673,0.2162,1.515,0.6357,3.4687,3.2077,7,9.1634,8,1.1185,1,0,0
g3scan,rq4graded,4.25,-1.0,eb1168,0.11675778353879479,diagnostic,0,3.2,0,0.51,20000,1.0,0.0001,0.3027,3.484,0.2216,1.541,0.6111,3.4338,3.1761,7,9.0456,8,1.1085,1,0,0
g3scan,rq4graded,4.25,-1.0,eb1168,0.11675778353879479,diagnostic,0,3.2,0,0.52,20000,1.0,0.0001,0.3325,3.308,0.2256,1.549,0.5892,3.4002,3.1455,7,8.9308,8,1.0988,1,0,0
g3scan,rq4graded,4.25,-1.0,eb1168,0.11675778353879479,diagnostic,0,4.8,0,0.17,20000,1.0,0.0001,0.0,11.944,0.0,nan,7.1157,8.2855,8.2855,1,12.8873,8,nan,0,0,0
g3scan,rq4graded,4.25,-1.0,eb1168,0.11675778353879479,diagnostic,0,4.8,0,0.18,20000,1.0,0.0001,0.0,11.416,0.0,nan,6.6073,7.4647,7.4424,2,12.2893,8,nan,0,0,0
g3scan,rq4graded,4.25,-1.0,eb1168,0.11675778353879479,diagnostic,0,4.8,0,0.19,20000,1.0,0.0001,0.0,10.895,0.0,nan,6.1099,7.2336,7.2114,2,11.7457,8,nan,0,0,0
g3scan,rq4graded,4.25,-1.0,eb1168,0.11675778353879479,diagnostic,0,4.8,0,0.2,20000,1.0,0.0001,0.0,10.366,0.0,nan,5.6137,6.5531,6.5047,3,11.2361,8,nan,0,0,0
g3scan,rq4graded,4.25,-1.0,eb1168,0.11675778353879479,diagnostic,0,4.8,0,0.21,20000,1.0,0.0001,0.0,9.845,0.0,nan,5.1271,5.9323,5.8472,4,10.7505,8,nan,0,0,0
g3scan,rq4graded,4.25,-1.0,eb1168,0.11675778353879479,diagnostic,0,4.8,0,0.22,20000,1.0,0.0001,0.0,9.319,0.0,nan,4.6514,5.3556,5.2213,5,10.3268,8,nan,0,0,0
g3scan,rq4graded,4.25,-1.0,eb1168,0.11675778353879479,diagnostic,0,4.8,0,0.23,20000,1.0,0.0001,0.0,8.796,0.0,nan,4.1832,5.2071,5.0784,5,9.9132,8,nan,0,0,0
g3scan,rq4graded,4.25,-1.0,eb1168,0.11675778353879479,diagnostic,0,4.8,0,0.24,20000,1.0,0.0001,0.0,8.268,0.0,0.0,3.7194,4.6867,4.494,6,9.5028,8,nan,0,0,0
g3scan,rq4graded,4.25,-1.0,eb1168,0.11675778353879479,diagnostic,0,4.8,0,0.25,20000,1.0,0.0001,0.0,7.748,0.0,0.0,3.2805,4.1896,3.9002,7,9.1342,8,nan,0,0,0
g3scan,rq4graded,4.25,-1.0,eb1168,0.11675778353879479,diagnostic,0,4.8,0,0.26,20000,1.0,0.0001,0.0,7.224,0.0001,0.02,2.8506,4.0795,3.8,7,8.7772,8,nan,0,0,0
g3scan,rq4graded,4.25,-1.0,eb1168,0.11675778353879479,diagnostic,0,4.8,0,0.27,20000,1.0,0.0001,0.0,6.715,0.0006,0.027,2.4486,3.9773,3.7083,7,8.4286,8,1.3338,0,1,0
g3scan,rq4graded,4.25,-1.0,eb1168,0.11675778353879479,diagnostic,0,4.8,0,0.28,20000,1.0,0.0001,0.0,6.215,0.004,0.071,2.0792,3.8769,3.6178,7,8.1498,8,1.3042,0,1,0
g3scan,rq4graded,4.25,-1.0,eb1168,0.11675778353879479,diagnostic,0,4.8,0,0.29,20000,1.0,0.0001,0.0001,5.733,0.0174,0.17,1.7569,3.7826,3.5323,7,7.8554,8,1.28,0,1,0
g3scan,rq4graded,4.25,-1.0,eb1168,0.11675778353879479,diagnostic,0,4.8,0,0.3,20000,1.0,0.0001,0.0006,5.267,0.0484,0.339,1.4745,3.6899,3.4482,7,7.5727,8,1.2574,0,1,0
g3scan,rq4graded,4.25,-1.0,eb1168,0.11675778353879479,diagnostic,0,4.8,0,0.31,20000,1.0,0.0001,0.0037,4.825,0.0965,0.573,1.2551,3.6026,3.3684,7,7.2768,8,1.2365,0,1,0
g3scan,rq4graded,4.25,-1.0,eb1168,0.11675778353879479,diagnostic,0,4.8,0,0.32,20000,1.0,0.0001,0.0148,4.402,0.1519,0.846,1.1219,3.518,3.2909,7,7.0336,8,1.2155,0,1,0
g3scan,rq4graded,4.25,-1.0,eb1168,0.11675778353879479,diagnostic,0,4.8,0,0.33,20000,1.0,0.0001,0.0397,4.006,0.2018,1.091,1.0806,3.4371,3.2167,7,6.8007,8,1.1947,1,0,0
g3scan,rq4graded,4.25,-1.0,eb1168,0.11675778353879479,diagnostic,0,4.8,0,0.34,20000,1.0,0.0001,0.0809,3.627,0.241,1.295,1.1312,3.3576,3.1441,7,6.5712,8,1.1735,1,0,0
g3scan,rq4graded,4.25,-1.0,eb1168,0.11675778353879479,diagnostic,0,4.8,0,0.35,20000,1.0,0.0001,0.1353,3.274,0.272,1.463,1.179,3.2833,3.0758,7,6.3514,8,1.1519,1,0,0
g3scan,rq4graded,4.25,-1.0,eb1168,0.11675778353879479,diagnostic,0,4.8,0,0.36,20000,1.0,0.0001,0.1953,2.951,0.2944,1.588,1.2528,3.2118,3.0099,7,6.1592,8,1.1311,1,0,0
g3scan,rq4graded,4.25,-1.0,eb1168,0.11675778353879479,diagnostic,0,4.8,0,0.37,20000,1.0,0.0001,0.2581,2.656,0.3095,1.667,1.3101,3.142,2.9458,7,5.9396,8,1.1107,0,0,0
g3scan,rq4graded,4.25,-1.0,eb1168,0.11675778353879479,diagnostic,0,4.8,0,0.38,20000,1.0,0.0001,0.3199,2.391,0.3239,1.77,1.3728,3.0748,2.8843,7,6.0359,7,1.0905,0,0,0
g3scan,rq4graded,4.25,-1.0,eb1168,0.11675778353879479,diagnostic,0,4.8,0,0.39,20000,1.0,0.0001,0.3807,2.148,0.3318,1.775,1.4206,3.01,2.8243,7,5.8364,7,1.0707,0,0,0
g3scan,rq4graded,4.25,-1.0,eb1168,0.11675778353879479,diagnostic,0,4.8,0,0.4,20000,1.0,0.0001,0.436,1.938,0.3377,1.783,1.453,2.949,2.7682,7,5.659,7,1.0518,0,0,0
g3scan,rq4graded,4.25,-1.0,eb1168,0.11675778353879479,diagnostic,0,4.8,0,0.41,20000,1.0,0.0001,0.4862,1.747,0.3439,1.819,1.4881,2.8876,2.712,7,5.5053,7,1.0336,0,0,0
g3scan,rq4graded,4.25,-1.0,eb1168,0.11675778353879479,diagnostic,0,4.8,0,0.42,20000,1.0,0.0001,0.5338,1.576,0.3515,1.877,1.508,2.8302,2.6587,7,5.3536,7,1.0151,0,0,0
g3scan,rq4graded,4.25,-1.0,eb1168,0.11675778353879479,diagnostic,0,4.8,0,0.43,20000,1.0,0.0001,0.576,1.426,0.3572,1.935,1.5264,2.7738,2.6069,7,5.2025,7,0.9977,0,0,0
g3scan,rq4graded,4.25,-1.0,eb1168,0.11675778353879479,diagnostic,0,4.8,0,0.44,20000,1.0,0.0001,0.6142,1.291,0.3603,1.953,1.5411,2.7176,2.5554,7,5.0673,7,0.981,0,0,0
g3scan,rq4graded,4.25,-1.0,eb1168,0.11675778353879479,diagnostic,0,4.8,0,0.45,20000,1.0,0.0001,0.6474,1.174,0.3662,2.006,1.5602,2.665,2.5071,7,5.0511,6,0.9653,0,0,0
g3scan,rq4graded,4.25,-1.0,eb1168,0.11675778353879479,diagnostic,0,4.8,0,0.46,20000,1.0,0.0001,0.6801,1.067,0.3666,2.018,1.5544,2.6162,2.4614,7,4.9105,6,0.9494,0,0,0
g3scan,rq4graded,4.25,-1.0,eb1168,0.11675778353879479,diagnostic,0,4.8,0,0.47,20000,1.0,0.0001,0.7096,0.971,0.3616,1.926,1.5466,2.5657,2.415,7,4.7776,6,0.934,0,0,0
g3scan,rq4graded,4.25,-1.0,eb1168,0.11675778353879479,diagnostic,0,4.8,0,0.48,20000,1.0,0.0001,0.735,0.885,0.3648,1.981,1.55,2.5149,2.3687,7,4.6595,6,0.9187,0,0,0
g3scan,rq4graded,4.25,-1.0,eb1168,0.11675778353879479,diagnostic,0,4.8,0,0.49,20000,1.0,0.0001,0.7576,0.809,0.3651,2.007,1.5517,2.4686,2.3259,7,4.5491,6,0.9043,0,0,0
g3scan,rq4graded,4.25,-1.0,eb1168,0.11675778353879479,diagnostic,0,4.8,0,0.5,20000,1.0,0.0001,0.7783,0.742,0.3651,2.012,1.5444,2.4252,2.2854,7,4.4247,6,0.8901,0,0,0
g3scan,rq4graded,4.25,-1.0,eb1168,0.11675778353879479,diagnostic,0,4.8,0,0.51,20000,1.0,0.0001,0.7971,0.68,0.3673,2.097,1.5385,2.3799,2.244,7,4.3067,6,0.8756,0,0,0
g3scan,rq4graded,4.25,-1.0,eb1168,0.11675778353879479,diagnostic,0,4.8,0,0.52,20000,1.0,0.0001,0.813,0.625,0.3671,2.056,1.5462,2.3348,2.2027,7,4.1912,6,0.8629,0,0,0
g3scan,rq4graded,4.25,-1.0,eb1168,0.11675778353879479,diagnostic,0,6.4,0,0.17,20000,1.0,0.0001,0.0,10.215,0.0,nan,5.6233,7.2095,7.1904,2,9.6084,8,nan,0,0,0
g3scan,rq4graded,4.25,-1.0,eb1168,0.11675778353879479,diagnostic,0,6.4,0,0.18,20000,1.0,0.0001,0.0,9.59,0.0,nan,5.0826,6.4851,6.4447,3,8.9785,8,nan,0,0,0
g3scan,rq4graded,4.25,-1.0,eb1168,0.11675778353879479,diagnostic,0,6.4,0,0.19,20000,1.0,0.0001,0.0,8.965,0.0,nan,4.5513,5.8228,5.7536,4,8.3201,8,nan,0,0,0
g3scan,rq4graded,4.25,-1.0,eb1168,0.11675778353879479,diagnostic,0,6.4,0,0.2,20000,1.0,0.0001,0.0,8.336,0.0,nan,4.0306,5.2101,5.1009,5,7.7329,8,nan,0,0,0
g3scan,rq4graded,4.25,-1.0,eb1168,0.11675778353879479,diagnostic,0,6.4,0,0.21,20000,1.0,0.0001,0.0,7.712,0.0,nan,3.5515,4.9973,4.8961,5,7.2181,8,nan,0,0,0
g3scan,rq4graded,4.25,-1.0,eb1168,0.11675778353879479,diagnostic,0,6.4,0,0.22,20000,1.0,0.0001,0.0,7.087,0.0,0.0,3.0974,4.458,4.3046,6,6.7415,8,nan,0,1,0
g3scan,rq4graded,4.25,-1.0,eb1168,0.11675778353879479,diagnostic,0,6.4,0,0.23,20000,1.0,0.0001,0.0,6.46,0.0,0.0,2.6619,3.9459,3.7124,7,6.2871,8,nan,0,1,0
g3scan,rq4graded,4.25,-1.0,eb1168,0.11675778353879479,diagnostic,0,6.4,0,0.24,20000,1.0,0.0001,0.0,5.852,0.0001,0.006,2.2802,3.7944,3.575,7,6.3498,7,nan,0,1,0
g3scan,rq4graded,4.25,-1.0,eb1168,0.11675778353879479,diagnostic,0,6.4,0,0.25,20000,1.0,0.0001,0.0,5.264,0.0018,0.024,1.9529,3.6499,3.4443,7,5.9626,7,1.3152,0,1,0
g3scan,rq4graded,4.25,-1.0,eb1168,0.11675778353879479,diagnostic,0,6.4,0,0.26,20000,1.0,0.0001,0.0,4.704,0.019,0.119,1.7119,3.5123,3.3192,7,5.6223,7,1.2789,0,1,0
g3scan,rq4graded,4.25,-1.0,eb1168,0.11675778353879479,diagnostic,0,6.4,0,0.27,20000,1.0,0.0001,0.0003,4.174,0.0764,0.35,1.5748,3.3821,3.2,7,5.2477,7,1.2464,0,0,0
g3scan,rq4graded,4.25,-1.0,eb1168,0.11675778353879479,diagnostic,0,6.4,0,0.28,20000,1.0,0.0001,0.0037,3.677,0.1674,0.707,1.5814,3.2569,3.0845,7,4.9068,7,1.2183,0,0,0
g3scan,rq4graded,4.25,-1.0,eb1168,0.11675778353879479,diagnostic,0,6.4,0,0.29,20000,1.0,0.0001,0.0245,3.225,0.2588,1.115,1.6854,3.1389,2.9758,7,4.9986,6,1.1903,1,0,0
g3scan,rq4graded,4.25,-1.0,eb1168,0.11675778353879479,diagnostic,0,6.4,0,0.3,20000,1.0,0.0001,0.0804,2.795,0.3276,1.472,1.8489,3.0257,2.8708,7,4.745,6,1.1599,0,0,0
g3scan,rq4graded,4.25,-1.0,eb1168,0.11675778353879479,diagnostic,0,6.4,0,0.31,20000,1.0,0.0001,0.1654,2.405,0.3709,1.736,2.0074,2.9196,2.7725,7,4.4529,6,1.1287,0,0,0
g3scan,rq4graded,4.25,-1.0,eb1168,0.11675778353879479,diagnostic,0,6.4,0,0.32,20000,1.0,0.0001,0.2611,2.05,0.3997,1.887,2.1143,2.8161,2.6766,7,4.423,5,1.0976,0,0,0
g3scan,rq4graded,4.25,-1.0,eb1168,0.11675778353879479,diagnostic,0,6.4,0,0.33,20000,1.0,0.0001,0.3569,1.743,0.4163,1.979,2.1778,2.7182,2.5858,7,4.1844,5,1.0673,0,0,0
g3scan,rq4graded,4.25,-1.0,eb1168,0.11675778353879479,diagnostic,0,6.4,0,0.34,20000,1.0,0.0001,0.4446,1.481,0.4296,2.062,2.2213,2.6245,2.499,7,3.9956,5,1.0374,0,0,0
g3scan,rq4graded,4.25,-1.0,eb1168,0.11675778353879479,diagnostic,0,6.4,0,0.35,20000,1.0,0.0001,0.5219,1.26,0.4421,2.181,2.2536,2.5359,2.4163,7,3.8094,5,1.0088,0,0,0
g3scan,rq4graded,4.25,-1.0,eb1168,0.11675778353879479,diagnostic,0,6.4,0,0.36,20000,1.0,0.0001,0.5898,1.075,0.4476,2.222,2.2682,2.4527,2.3389,7,3.6918,4,0.9814,0,0,0
g3scan,rq4graded,4.25,-1.0,eb1168,0.11675778353879479,diagnostic,0,6.4,0,0.37,20000,1.0,0.0001,0.6459,0.919,0.455,2.269,2.2932,2.368,2.2601,7,3.5178,4,0.9559,0,0,0
g3scan,rq4graded,4.25,-1.0,eb1168,0.11675778353879479,diagnostic,0,6.4,0,0.38,20000,1.0,0.0001,0.6976,0.789,0.4534,2.297,2.2789,2.2923,2.1898,7,3.3717,4,0.9302,0,0,0
g3scan,rq4graded,4.25,-1.0,eb1168,0.11675778353879479,diagnostic,0,6.4,0,0.39,20000,1.0,0.0001,0.7401,0.677,0.4553,2.323,2.2827,2.2144,2.1175,7,3.2112,4,0.9054,0,0,0
g3scan,rq4graded,4.25,-1.0,eb1168,0.11675778353879479,diagnostic,0,6.4,0,0.4,20000,1.0,0.0001,0.7759,0.584,0.4574,2.324,2.2843,2.1435,2.0508,7,3.1362,3,0.8816,0,0,0
g3scan,rq4graded,4.25,-1.0,eb1168,0.11675778353879479,diagnostic,0,6.4,0,0.41,20000,1.0,0.0001,0.8059,0.508,0.452,2.262,2.2725,2.076,1.9879,7,2.9987,3,0.8594,0,0,0
g3scan,rq4graded,4.25,-1.0,eb1168,0.11675778353879479,diagnostic,0,6.4,0,0.42,20000,1.0,0.0001,0.8315,0.441,0.449,2.21,2.2694,2.0055,1.9227,7,2.8791,3,0.8376,0,0,0
g3scan,rq4graded,4.25,-1.0,eb1168,0.11675778353879479,diagnostic,0,6.4,0,0.43,20000,1.0,0.0001,0.8532,0.385,0.4565,2.329,2.2658,1.9443,1.8654,7,2.8138,2,0.8154,0,0,0
g3scan,rq4graded,4.25,-1.0,eb1168,0.11675778353879479,diagnostic,0,6.4,0,0.44,20000,1.0,0.0001,0.8725,0.336,0.4498,2.225,2.2504,1.8831,1.8079,7,2.6064,3,0.7945,0,0,0
g3scan,rq4graded,4.25,-1.0,eb1168,0.11675778353879479,diagnostic,0,6.4,0,0.45,20000,1.0,0.0001,0.887,0.297,0.4557,2.279,2.2653,1.8238,1.7519,7,2.5444,2,0.7755,0,0,0
g3scan,rq4graded,4.25,-1.0,eb1168,0.11675778353879479,diagnostic,0,6.4,0,0.46,20000,1.0,0.0001,0.9006,0.262,0.4594,2.39,2.2562,1.766,1.6984,7,2.4182,2,0.7559,0,0,0
g3scan,rq4graded,4.25,-1.0,eb1168,0.11675778353879479,diagnostic,0,6.4,0,0.47,20000,1.0,0.0001,0.9124,0.232,0.4556,2.338,2.245,1.7106,1.6468,7,2.3487,2,0.7379,0,0,0
g3scan,rq4graded,4.25,-1.0,eb1168,0.11675778353879479,diagnostic,0,6.4,0,0.48,20000,1.0,0.0001,0.923,0.204,0.4539,2.283,2.2372,1.6573,1.596,7,2.3114,1,0.7192,0,0,0
g3scan,rq4graded,4.25,-1.0,eb1168,0.11675778353879479,diagnostic,0,6.4,0,0.49,20000,1.0,0.0001,0.9316,0.182,0.456,2.386,2.224,1.6084,1.5502,7,2.1692,2,0.7022,0,0,0
g3scan,rq4graded,4.25,-1.0,eb1168,0.11675778353879479,diagnostic,0,6.4,0,0.5,20000,1.0,0.0001,0.939,0.163,0.4498,2.276,2.2142,1.5592,1.5039,7,2.0637,1,0.6864,0,0,0
g3scan,rq4graded,4.25,-1.0,eb1168,0.11675778353879479,diagnostic,0,6.4,0,0.51,20000,1.0,0.0001,0.9462,0.145,0.4482,2.29,2.189,1.5111,1.4589,7,1.968,1,0.6687,0,0,0
g3scan,rq4graded,4.25,-1.0,eb1168,0.11675778353879479,diagnostic,0,6.4,0,0.52,20000,1.0,0.0001,0.9516,0.13,0.4574,2.418,2.1941,1.4609,1.4123,7,nan,0,0.6531,0,0,0
g3scan,rq4graded,4.25,-1.0,eb1168,0.11675778353879479,diagnostic,0,9.6,1,0.17,20000,1.0,0.0001,0.0,8.121,0.0,nan,4.2183,6.0066,5.9845,3,6.125,6,nan,0,0,0
g3scan,rq4graded,4.25,-1.0,eb1168,0.11675778353879479,diagnostic,0,9.6,1,0.18,20000,1.0,0.0001,0.0,7.374,0.0,nan,3.6934,5.299,5.2621,4,5.3418,6,nan,0,0,0
g3scan,rq4graded,4.25,-1.0,eb1168,0.11675778353879479,diagnostic,0,9.6,1,0.19,20000,1.0,0.0001,0.0,6.621,0.0,nan,3.2147,4.6544,4.5956,5,5.1932,5,nan,0,1,0
g3scan,rq4graded,4.25,-1.0,eb1168,0.11675778353879479,diagnostic,0,9.6,1,0.2,20000,1.0,0.0001,0.0,5.871,0.0,nan,2.7961,4.0693,3.9788,6,4.5345,5,nan,0,1,0
g3scan,rq4graded,4.25,-1.0,eb1168,0.11675778353879479,diagnostic,0,9.6,1,0.21,20000,1.0,0.0001,0.0,5.132,0.0,0.0,2.4378,3.5282,3.3843,7,4.0308,5,nan,0,1,0
g3scan,rq4graded,4.25,-1.0,eb1168,0.11675778353879479,diagnostic,0,9.6,1,0.22,20000,1.0,0.0001,0.0,4.433,0.0001,0.001,2.1971,3.2936,3.1692,7,3.8608,4,nan,0,1,0
g3scan,rq4graded,4.25,-1.0,eb1168,0.11675778353879479,diagnostic,0,9.6,1,0.23,20000,1.0,0.0001,0.0,3.784,0.0087,0.036,2.1184,3.0762,2.9693,7,3.4699,4,1.2927,0,0,0
g3scan,rq4graded,4.25,-1.0,eb1168,0.11675778353879479,diagnostic,0,9.6,1,0.24,20000,1.0,0.0001,0.0,3.184,0.0982,0.286,2.1522,2.8728,2.7799,7,3.299,3,1.2395,0,0,0
g3scan,rq4graded,4.25,-1.0,eb1168,0.11675778353879479,diagnostic,0,9.6,1,0.25,20000,1.0,0.0001,0.001,2.632,0.2747,0.856,2.3251,2.6777,2.597,7,2.9523,3,1.1975,1,0,0
g3scan,rq4graded,4.25,-1.0,eb1168,0.11675778353879479,diagnostic,0,9.6,1,0.26,20000,1.0,0.0001,0.0321,2.165,0.434,1.626,2.6519,2.498,2.4276,7,2.6238,3,1.1573,0,0,0
g3scan,rq4graded,4.25,-1.0,eb1168,0.11675778353879479,diagnostic,0,9.6,1,0.27,20000,1.0,0.0001,0.1551,1.717,0.5205,2.222,2.8562,2.3323,2.2704,7,2.4991,2,1.1088,0,0,0
g3scan,rq4graded,4.25,-1.0,eb1168,0.11675778353879479,diagnostic,0,9.6,1,0.28,20000,1.0,0.0001,0.3204,1.317,0.5622,2.614,2.9505,2.1696,2.117,7,2.266,2,1.0573,0,0,0
g3scan,rq4graded,4.25,-1.0,eb1168,0.11675778353879479,diagnostic,0,9.6,1,0.29,20000,1.0,0.0001,0.4751,0.995,0.5835,2.856,2.9923,2.0277,1.9816,7,2.0098,2,1.0063,0,0,0
g3scan,rq4graded,4.25,-1.0,eb1168,0.11675778353879479,diagnostic,0,9.6,1,0.3,20000,1.0,0.0001,0.6009,0.748,0.5936,2.966,3.0143,1.8896,1.8497,7,1.9242,1,0.9577,0,0,0
g3scan,rq4graded,4.25,-1.0,eb1168,0.11675778353879479,diagnostic,0,9.6,1,0.31,20000,1.0,0.0001,0.6978,0.566,0.5983,3.046,3.0169,1.762,1.7281,7,1.7559,1,0.9116,0,0,0
g3scan,rq4graded,4.25,-1.0,eb1168,0.11675778353879479,diagnostic,0,9.6,1,0.32,20000,1.0,0.0001,0.7707,0.43,0.5935,2.92,3.013,1.6334,1.6058,7,nan,0,0.8681,0,0,0
g3scan,rq4graded,4.25,-1.0,eb1168,0.11675778353879479,diagnostic,0,9.6,1,0.33,20000,1.0,0.0001,0.8255,0.329,0.5953,2.988,3.004,1.5316,1.507,7,nan,0,0.8251,0,0,0
g3scan,rq4graded,4.25,-1.0,eb1168,0.11675778353879479,diagnostic,0,9.6,1,0.34,20000,1.0,0.0001,0.8659,0.253,0.5983,3.032,3.0031,1.424,1.4034,7,nan,0,0.7844,0,0,0
g3scan,rq4graded,4.25,-1.0,eb1168,0.11675778353879479,diagnostic,0,9.6,1,0.35,20000,1.0,0.0001,0.8951,0.198,0.6,3.104,2.9985,1.3171,1.3009,7,nan,0,0.7475,0,0,0
g3scan,rq4graded,4.25,-1.0,eb1168,0.11675778353879479,diagnostic,0,9.6,1,0.36,20000,1.0,0.0001,0.9187,0.156,0.5909,2.96,2.9748,1.2297,1.2158,7,nan,0,0.7117,0,0,0
g3scan,rq4graded,4.25,-1.0,eb1168,0.11675778353879479,diagnostic,0,9.6,1,0.37,20000,1.0,0.0001,0.9358,0.123,0.5974,3.143,2.9751,1.1295,1.1171,6,nan,0,0.6772,0,0,0
g3scan,rq4graded,4.25,-1.0,eb1168,0.11675778353879479,diagnostic,0,9.6,1,0.38,20000,1.0,0.0001,0.9494,0.098,0.5891,3.067,2.9444,1.0583,1.0477,6,nan,0,0.6448,0,0,0
g3scan,rq4graded,4.25,-1.0,eb1168,0.11675778353879479,diagnostic,0,9.6,1,0.39,20000,1.0,0.0001,0.9597,0.079,0.585,2.965,2.9376,0.9725,0.9623,5,nan,0,0.6136,0,0,0
g3scan,rq4graded,4.25,-1.0,eb1168,0.11675778353879479,diagnostic,0,9.6,1,0.4,20000,1.0,0.0001,0.9674,0.064,0.584,3.032,2.9247,0.9025,0.8947,5,nan,0,0.5846,0,0,0
g3scan,rq4graded,4.25,-1.0,eb1168,0.11675778353879479,diagnostic,0,9.6,1,0.41,20000,1.0,0.0001,0.974,0.052,0.5679,2.837,2.879,0.8489,0.842,5,nan,0,0.5557,0,0,0
g3scan,rq4graded,4.25,-1.0,eb1168,0.11675778353879479,diagnostic,0,9.6,1,0.42,20000,1.0,0.0001,0.9785,0.043,0.5751,2.872,2.8956,0.7713,0.7653,4,nan,0,0.529,0,0,0
g3scan,rq4graded,4.25,-1.0,eb1168,0.11675778353879479,diagnostic,0,9.6,1,0.43,20000,1.0,0.0001,0.9824,0.035,0.5733,2.76,2.8758,0.6953,0.6907,3,nan,0,0.5026,0,0,0
g3scan,rq4graded,4.25,-1.0,eb1168,0.11675778353879479,diagnostic,0,9.6,1,0.44,20000,1.0,0.0001,0.9856,0.03,0.5556,2.5,2.8279,0.6566,0.6526,3,nan,0,0.478,0,0,0
g3scan,rq4graded,4.25,-1.0,eb1168,0.11675778353879479,diagnostic,0,9.6,1,0.45,20000,1.0,0.0001,0.9879,0.025,0.567,2.67,2.8474,0.5756,0.574,2,nan,0,0.4542,0,0,0
g3scan,rq4graded,4.25,-1.0,eb1168,0.11675778353879479,diagnostic,0,9.6,1,0.46,20000,1.0,0.0001,0.9897,0.021,0.5839,3.288,2.8424,0.5721,0.5701,3,nan,0,0.432,0,0,0
g3scan,rq4graded,4.25,-1.0,eb1168,0.11675778353879479,diagnostic,0,9.6,1,0.47,20000,1.0,0.0001,0.9915,0.018,0.5799,3.439,2.794,0.5179,0.5162,2,nan,0,0.4091,0,0,0
g3scan,rq4graded,4.25,-1.0,eb1168,0.11675778353879479,diagnostic,0,9.6,1,0.48,20000,1.0,0.0001,0.9928,0.015,0.5889,3.596,2.7946,0.4807,0.479,2,nan,0,0.3894,0,0,0
g3scan,rq4graded,4.25,-1.0,eb1168,0.11675778353879479,diagnostic,0,9.6,1,0.49,20000,1.0,0.0001,0.9937,0.013,0.5873,3.364,2.8251,0.4431,0.442,2,nan,0,0.3754,0,0,0
g3scan,rq4graded,4.25,-1.0,eb1168,0.11675778353879479,diagnostic,0,9.6,1,0.5,20000,1.0,0.0001,0.9949,0.011,0.5317,2.595,2.7081,0.4225,0.4217,2,nan,0,0.3579,0,0,0
g3scan,rq4graded,4.25,-1.0,eb1168,0.11675778353879479,diagnostic,0,9.6,1,0.51,20000,1.0,0.0001,0.9957,0.01,0.5146,2.588,2.6313,0.4015,0.4008,2,nan,0,0.3378,0,0,0
g3scan,rq4graded,4.25,-1.0,eb1168,0.11675778353879479,diagnostic,0,9.6,1,0.52,20000,1.0,0.0001,0.9964,0.008,0.5105,2.517,2.6089,0.3482,0.3482,1,nan,0,0.3161,0,0,0
g3scan,rq4graded,4.25,-1.0,eb1168,0.11675778353879479,diagnostic,0,12.8,1,0.17,20000,1.0,0.0001,0.0,6.909,0.0,nan,3.6339,5.0691,5.0501,4,4.2443,4,nan,0,1,0
g3scan,rq4graded,4.25,-1.0,eb1168,0.11675778353879479,diagnostic,0,12.8,1,0.18,20000,1.0,0.0001,0.0,6.087,0.0,nan,3.1888,4.3634,4.3339,5,3.4635,4,nan,0,1,0
g3scan,rq4graded,4.25,-1.0,eb1168,0.11675778353879479,diagnostic,0,12.8,1,0.19,20000,1.0,0.0001,0.0,5.269,0.0,nan,2.8039,3.7352,3.6882,6,3.2529,3,nan,0,1,0
g3scan,rq4graded,4.25,-1.0,eb1168,0.11675778353879479,diagnostic,0,12.8,1,0.2,20000,1.0,0.0001,0.0,4.459,0.0,0.0,2.507,3.1634,3.0841,7,2.6524,3,nan,0,1,0
g3scan,rq4graded,4.25,-1.0,eb1168,0.11675778353879479,diagnostic,0,12.8,1,0.21,20000,1.0,0.0001,0.0,3.729,0.0001,0.001,2.4097,2.8585,2.7987,7,2.4598,2,nan,0,0,0
g3scan,rq4graded,4.25,-1.0,eb1168,0.11675778353879479,diagnostic,0,12.8,1,0.22,20000,1.0,0.0001,0.0,3.069,0.0198,0.05,2.4689,2.5751,2.5323,7,2.041,2,1.2781,0,0,0
g3scan,rq4graded,4.25,-1.0,eb1168,0.11675778353879479,diagnostic,0,12.8,1,0.23,20000,1.0,0.0001,0.0,2.449,0.2171,0.518,2.6257,2.3142,2.283,7,1.8727,1,1.2098,1,0,0
g3scan,rq4graded,4.25,-1.0,eb1168,0.11675778353879479,diagnostic,0,12.8,1,0.24,20000,1.0,0.0001,0.0031,1.932,0.4704,1.528,2.9506,2.0825,2.0587,7,1.506,1,1.1606,0,0,0
g3scan,rq4graded,4.25,-1.0,eb1168,0.11675778353879479,diagnostic,0,12.8,1,0.25,20000,1.0,0.0001,0.1027,1.49,0.6212,2.746,3.2279,1.8523,1.8354,7,nan,0,1.1054,0,0,0
g3scan,rq4graded,4.25,-1.0,eb1168,0.11675778353879479,diagnostic,0,12.8,1,0.26,20000,1.0,0.0001,0.3344,1.041,0.6788,3.568,3.3241,1.6654,1.6524,7,nan,0,1.0346,0,0,0
g3scan,rq4graded,4.25,-1.0,eb1168,0.11675778353879479,diagnostic,0,12.8,1,0.27,20000,1.0,0.0001,0.5466,0.696,0.6971,3.878,3.354,1.4708,1.461,7,nan,0,0.9634,0,0,0
g3scan,rq4graded,4.25,-1.0,eb1168,0.11675778353879479,diagnostic,0,12.8,1,0.28,20000,1.0,0.0001,0.6979,0.462,0.7008,3.934,3.3579,1.3228,1.315,7,nan,0,0.8961,0,0,0
g3scan,rq4graded,4.25,-1.0,eb1168,0.11675778353879479,diagnostic,0,12.8,1,0.29,20000,1.0,0.0001,0.7996,0.308,0.7016,3.994,3.3534,1.1847,1.1792,6,nan,0,0.8312,0,0,0
g3scan,rq4graded,4.25,-1.0,eb1168,0.11675778353879479,diagnostic,0,12.8,1,0.3,20000,1.0,0.0001,0.8654,0.207,0.7025,4.057,3.3483,1.0646,1.0601,6,nan,0,0.7705,0,0,0
g3scan,rq4graded,4.25,-1.0,eb1168,0.11675778353879479,diagnostic,0,12.8,1,0.31,20000,1.0,0.0001,0.9072,0.143,0.7067,4.25,3.3469,0.9538,0.951,5,nan,0,0.7151,0,0,0
g3scan,rq4graded,4.25,-1.0,eb1168,0.11675778353879479,diagnostic,0,12.8,1,0.32,20000,1.0,0.0001,0.9364,0.099,0.6977,4.043,3.3257,0.8604,0.8582,5,nan,0,0.6626,0,0,0
g3scan,rq4graded,4.25,-1.0,eb1168,0.11675778353879479,diagnostic,0,12.8,1,0.33,20000,1.0,0.0001,0.9559,0.07,0.6892,3.971,3.3038,0.7669,0.7655,4,nan,0,0.6128,0,0,0
g3scan,rq4graded,4.25,-1.0,eb1168,0.11675778353879479,diagnostic,0,12.8,1,0.34,20000,1.0,0.0001,0.9684,0.051,0.682,3.716,3.2818,0.6949,0.6937,4,nan,0,0.5682,0,0,0
g3scan,rq4graded,4.25,-1.0,eb1168,0.11675778353879479,diagnostic,0,12.8,1,0.35,20000,1.0,0.0001,0.9776,0.036,0.6752,3.517,3.2737,0.6098,0.6091,3,nan,0,0.5227,0,0,0
g3scan,rq4graded,4.25,-1.0,eb1168,0.11675778353879479,diagnostic,0,12.8,1,0.36,20000,1.0,0.0001,0.9836,0.027,0.6743,3.819,3.2402,0.5531,0.5528,3,nan,0,0.4816,0,0,0
g3scan,rq4graded,4.25,-1.0,eb1168,0.11675778353879479,diagnostic,0,12.8,1,0.37,20000,1.0,0.0001,0.9877,0.02,0.6878,4.11,3.2499,0.4852,0.485,2,nan,0,0.4423,0,0,0
g3scan,rq4graded,4.25,-1.0,eb1168,0.11675778353879479,diagnostic,0,12.8,1,0.38,20000,1.0,0.0001,0.9909,0.015,0.6959,4.792,3.2421,0.4353,0.435,2,nan,0,0.4064,0,0,0
g3scan,rq4graded,4.25,-1.0,eb1168,0.11675778353879479,diagnostic,0,12.8,1,0.39,20000,1.0,0.0001,0.993,0.012,0.6559,3.812,3.1682,0.3985,0.3984,2,nan,0,0.3794,0,0,0
g3scan,rq4graded,4.25,-1.0,eb1168,0.11675778353879479,diagnostic,0,12.8,1,0.4,20000,1.0,0.0001,0.9947,0.009,0.6635,4.0,3.1872,0.3416,0.3416,1,nan,0,0.3462,0,0,0
g3scan,rq4graded,4.25,-1.0,eb1168,0.11675778353879479,diagnostic,0,12.8,1,0.41,20000,1.0,0.0001,0.9962,0.007,0.6209,3.276,3.0847,0.3067,0.3067,1,nan,0,0.3135,0,0,0
g3scan,rq4graded,4.25,-1.0,eb1168,0.11675778353879479,diagnostic,0,12.8,1,0.42,20000,1.0,0.0001,0.997,0.006,0.5847,2.875,3.0242,0.2803,0.2803,1,nan,0,0.2846,0,0,0
g3scan,rq4graded,4.25,-1.0,eb1168,0.11675778353879479,diagnostic,0,12.8,1,0.43,20000,1.0,0.0001,0.9975,0.004,0.64,4.0,3.1286,nan,nan,0,nan,0,0.2578,0,0,0
g3scan,rq4graded,4.25,-1.0,eb1168,0.11675778353879479,diagnostic,0,12.8,1,0.44,20000,1.0,0.0001,0.9979,0.004,0.6265,3.714,3.0935,nan,nan,0,nan,0,0.239,0,0,0
g3scan,rq4graded,4.25,-1.0,eb1168,0.11675778353879479,diagnostic,0,12.8,1,0.45,20000,1.0,0.0001,0.9984,0.003,0.5645,2.917,2.9693,nan,nan,0,nan,0,0.2121,0,0,0
g3scan,rq4graded,4.25,-1.0,eb1168,0.11675778353879479,diagnostic,0,12.8,1,0.46,20000,1.0,0.0001,0.9987,0.002,0.5769,2.5,3.0617,nan,nan,0,nan,0,0.1904,0,0,0
g3scan,rq4graded,4.25,-1.0,eb1168,0.11675778353879479,diagnostic,0,12.8,1,0.47,20000,1.0,0.0001,0.9989,0.002,0.6,3.0,3.0664,nan,nan,0,nan,0,0.1739,0,0,0
g3scan,rq4graded,4.25,-1.0,eb1168,0.11675778353879479,diagnostic,0,12.8,1,0.48,20000,1.0,0.0001,0.9991,0.002,0.5833,2.625,3.0553,nan,nan,0,nan,0,0.1517,0,0,0
g3scan,rq4graded,4.25,-1.0,eb1168,0.11675778353879479,diagnostic,0,12.8,1,0.49,20000,1.0,0.0001,0.9992,0.001,0.6667,4.0,3.1886,nan,nan,0,nan,0,0.1284,0,0,0
g3scan,rq4graded,4.25,-1.0,eb1168,0.11675778353879479,diagnostic,0,12.8,1,0.5,20000,1.0,0.0001,0.9993,0.001,0.6538,4.25,3.1194,nan,nan,0,nan,0,nan,0,0,0
g3scan,rq4graded,4.25,-1.0,eb1168,0.11675778353879479,diagnostic,0,12.8,1,0.51,20000,1.0,0.0001,0.9994,0.001,0.6364,4.667,3.0705,nan,nan,0,nan,0,nan,0,0,0
g3scan,rq4graded,4.25,-1.0,eb1168,0.11675778353879479,diagnostic,0,12.8,1,0.52,20000,1.0,0.0001,0.9995,0.001,0.6111,2.75,3.1109,nan,nan,0,nan,0,nan,0,0,0
g3scan,rq4graded,4.25,-1.0,eb154,0.154,diagnostic,1,2.4,0,0.17,20000,0.9999,0.0001,0.0,16.387,0.0,nan,11.4986,nan,nan,0,20.1079,6,nan,0,0,0
g3scan,rq4graded,4.25,-1.0,eb154,0.154,diagnostic,1,2.4,0,0.18,20000,0.9999,0.0001,0.0,16.12,0.0,nan,11.2317,nan,nan,0,19.7293,6,nan,0,0,0
g3scan,rq4graded,4.25,-1.0,eb154,0.154,diagnostic,1,2.4,0,0.19,20000,0.9999,0.0001,0.0,15.859,0.0,nan,10.9706,nan,nan,0,18.5659,7,nan,0,0,0
g3scan,rq4graded,4.25,-1.0,eb154,0.154,diagnostic,1,2.4,0,0.2,20000,0.9999,0.0001,0.0,15.59,0.0,nan,10.701,nan,nan,0,18.2417,7,nan,0,0,0
g3scan,rq4graded,4.25,-1.0,eb154,0.154,diagnostic,1,2.4,0,0.21,20000,0.9999,0.0001,0.0,15.321,0.0,nan,10.4328,nan,nan,0,17.1446,8,nan,0,0,0
g3scan,rq4graded,4.25,-1.0,eb154,0.154,diagnostic,1,2.4,0,0.22,20000,0.9999,0.0001,0.0,15.057,0.0,nan,10.1685,nan,nan,0,16.8701,8,nan,0,0,0
g3scan,rq4graded,4.25,-1.0,eb154,0.154,diagnostic,1,2.4,0,0.23,20000,0.9999,0.0001,0.0,14.793,0.0,nan,9.9042,nan,nan,0,16.6135,8,nan,0,0,0
g3scan,rq4graded,4.25,-1.0,eb154,0.154,diagnostic,1,2.4,0,0.24,20000,0.9999,0.0001,0.0,14.526,0.0,nan,9.6376,nan,nan,0,16.3626,8,nan,0,0,0
g3scan,rq4graded,4.25,-1.0,eb154,0.154,diagnostic,1,2.4,0,0.25,20000,0.9999,0.0001,0.0,14.261,0.0,nan,9.3722,8.1662,8.1662,1,16.1249,8,nan,0,0,0
g3scan,rq4graded,4.25,-1.0,eb154,0.154,diagnostic,1,2.4,0,0.26,20000,0.9999,0.0001,0.0,13.997,0.0,nan,9.1079,8.0654,8.0654,1,15.8956,8,nan,0,0,0
g3scan,rq4graded,4.25,-1.0,eb154,0.154,diagnostic,1,2.4,0,0.27,20000,0.9999,0.0001,0.0,13.731,0.0,nan,8.8426,7.3367,7.3081,2,15.677,8,nan,0,0,0
g3scan,rq4graded,4.25,-1.0,eb154,0.154,diagnostic,1,2.4,0,0.28,20000,0.9999,0.0001,0.0,13.466,0.0,nan,8.5778,7.2554,7.2271,2,15.4672,8,nan,0,0,0
g3scan,rq4graded,4.25,-1.0,eb154,0.154,diagnostic,1,2.4,0,0.29,20000,0.9999,0.0001,0.0,13.201,0.0,nan,8.3121,6.6413,6.5785,3,15.262,8,nan,0,0,0
g3scan,rq4graded,4.25,-1.0,eb154,0.154,diagnostic,1,2.4,0,0.3,20000,0.9999,0.0001,0.0,12.933,0.0,nan,8.0448,6.0776,5.9666,4,15.0638,8,nan,0,0,0
g3scan,rq4graded,4.25,-1.0,eb154,0.154,diagnostic,1,2.4,0,0.31,20000,0.9999,0.0001,0.0,12.67,0.0,nan,7.7809,6.0151,5.9054,4,14.8777,8,nan,0,0,0
g3scan,rq4graded,4.25,-1.0,eb154,0.154,diagnostic,1,2.4,0,0.32,20000,0.9999,0.0001,0.0,12.409,0.0,nan,7.5206,5.4941,5.3202,5,14.7035,8,nan,0,0,0
g3scan,rq4graded,4.25,-1.0,eb154,0.154,diagnostic,1,2.4,0,0.33,20000,0.9999,0.0001,0.0,12.142,0.0,0.0,7.2533,5.4397,5.2675,5,14.5278,8,nan,0,0,0
g3scan,rq4graded,4.25,-1.0,eb154,0.154,diagnostic,1,2.4,0,0.34,20000,0.9999,0.0001,0.0,11.877,0.0,0.0,6.9883,4.9543,4.6997,6,14.3601,8,nan,0,0,0
g3scan,rq4graded,4.25,-1.0,eb154,0.154,diagnostic,1,2.4,0,0.35,20000,0.9999,0.0001,0.0,11.611,0.0,0.167,6.7222,4.9088,4.657,6,14.1953,8,nan,0,0,0
g3scan,rq4graded,4.25,-1.0,eb154,0.154,diagnostic,1,2.4,0,0.36,20000,0.9999,0.0001,0.0,11.348,0.0001,0.308,6.459,4.8642,4.615,6,14.0381,8,nan,0,0,0
g3scan,rq4graded,4.25,-1.0,eb154,0.154,diagnostic,1,2.4,0,0.37,20000,0.9999,0.0001,0.0,11.085,0.0001,0.138,6.1963,4.4042,4.035,7,13.8857,8,nan,0,0,0
g3scan,rq4graded,4.25,-1.0,eb154,0.154,diagnostic,1,2.4,0,0.38,20000,0.9999,0.0001,0.0,10.819,0.0002,0.099,5.9308,4.3652,3.9997,7,13.7343,8,nan,0,0,0
g3scan,rq4graded,4.25,-1.0,eb154,0.154,diagnostic,1,2.4,0,0.39,20000,0.9999,0.0001,0.0001,10.556,0.0004,0.116,5.6674,4.3276,3.9659,7,13.5948,8,nan,0,0,0
g3scan,rq4graded,4.25,-1.0,eb154,0.154,diagnostic,1,2.4,0,0.4,20000,0.9999,0.0001,0.0001,10.293,0.0008,0.119,5.4056,4.2916,3.9336,7,13.4562,8,1.2993,0,0,0
g3scan,rq4graded,4.25,-1.0,eb154,0.154,diagnostic,1,2.4,0,0.41,20000,0.9999,0.0001,0.0001,10.034,0.0017,0.173,5.1462,4.2561,3.9017,7,13.3251,8,1.2895,0,0,0
g3scan,rq4graded,4.25,-1.0,eb154,0.154,diagnostic,1,2.4,0,0.42,20000,0.9999,0.0001,0.0002,9.775,0.0034,0.232,4.8884,4.2217,3.8708,7,13.1937,8,1.2806,0,0,0
g3scan,rq4graded,4.25,-1.0,eb154,0.154,diagnostic,1,2.4,0,0.43,20000,0.9999,0.0001,0.0004,9.518,0.0061,0.307,4.6328,4.1884,3.8406,7,13.066,8,1.2713,0,0,0
g3scan,rq4graded,4.25,-1.0,eb154,0.154,diagnostic,1,2.4,0,0.44,20000,0.9999,0.0001,0.0007,9.263,0.0095,0.343,4.381,4.1553,3.8106,7,12.9441,8,1.2639,0,0,0
g3scan,rq4graded,4.25,-1.0,eb154,0.154,diagnostic,1,2.4,0,0.45,20000,0.9999,0.0001,0.0014,9.011,0.0144,0.408,4.1341,4.1231,3.7816,7,12.8182,8,1.2559,0,0,0
g3scan,rq4graded,4.25,-1.0,eb154,0.154,diagnostic,1,2.4,0,0.46,20000,0.9999,0.0001,0.0026,8.761,0.0202,0.456,3.895,4.0916,3.7532,7,12.7003,8,1.2476,0,0,0
g3scan,rq4graded,4.25,-1.0,eb154,0.154,diagnostic,1,2.4,0,0.47,20000,0.9999,0.0001,0.0046,8.514,0.0275,0.527,3.6643,4.0609,3.7256,7,12.587,8,1.2393,0,0,0
g3scan,rq4graded,4.25,-1.0,eb154,0.154,diagnostic,1,2.4,0,0.48,20000,0.9999,0.0001,0.0074,8.275,0.0364,0.622,3.4484,4.0315,3.6989,7,12.4762,8,1.2311,0,0,0
g3scan,rq4graded,4.25,-1.0,eb154,0.154,diagnostic,1,2.4,0,0.49,20000,0.9999,0.0001,0.0112,8.038,0.0461,0.708,3.2406,4.0025,3.6726,7,12.368,8,1.2233,0,0,0
g3scan,rq4graded,4.25,-1.0,eb154,0.154,diagnostic,1,2.4,0,0.5,20000,0.9999,0.0001,0.0162,7.803,0.0562,0.78,3.0425,3.9734,3.6463,7,12.2608,8,1.2158,0,0,0
g3scan,rq4graded,4.25,-1.0,eb154,0.154,diagnostic,1,2.4,0,0.51,20000,0.9999,0.0001,0.0225,7.574,0.0665,0.856,2.8596,3.9455,3.621,7,12.1605,8,1.2086,0,0,0
g3scan,rq4graded,4.25,-1.0,eb154,0.154,diagnostic,1,2.4,0,0.52,20000,0.9999,0.0001,0.0309,7.35,0.0753,0.91,2.6964,3.9184,3.5966,7,12.0542,8,1.2014,0,0,0
g3scan,rq4graded,4.25,-1.0,eb154,0.154,diagnostic,1,3.2,0,0.17,20000,0.9999,0.0001,0.0,14.568,0.0,nan,9.679,nan,nan,0,16.3192,8,nan,0,0,0
g3scan,rq4graded,4.25,-1.0,eb154,0.154,diagnostic,1,3.2,0,0.18,20000,0.9999,0.0001,0.0,14.194,0.0,nan,9.305,nan,nan,0,15.8791,8,nan,0,0,0
g3scan,rq4graded,4.25,-1.0,eb154,0.154,diagnostic,1,3.2,0,0.19,20000,0.9999,0.0001,0.0,13.827,0.0,nan,8.9383,nan,nan,0,15.4763,8,nan,0,0,0
g3scan,rq4graded,4.25,-1.0,eb154,0.154,diagnostic,1,3.2,0,0.2,20000,0.9999,0.0001,0.0,13.452,0.0,nan,8.5633,8.2536,8.2536,1,15.0873,8,nan,0,0,0
g3scan,rq4graded,4.25,-1.0,eb154,0.154,diagnostic,1,3.2,0,0.21,20000,0.9999,0.0001,0.0,13.081,0.0,nan,8.1938,8.1039,8.1039,1,14.7227,8,nan,0,0,0
g3scan,rq4graded,4.25,-1.0,eb154,0.154,diagnostic,1,3.2,0,0.22,20000,0.9999,0.0001,0.0,12.711,0.0,nan,7.8249,7.3409,7.3145,2,14.3753,8,nan,0,0,0
g3scan,rq4graded,4.25,-1.0,eb154,0.154,diagnostic,1,3.2,0,0.23,20000,0.9999,0.0001,0.0,12.339,0.0,nan,7.4538,7.2092,7.1833,2,14.046,8,nan,0,0,0
g3scan,rq4graded,4.25,-1.0,eb154,0.154,diagnostic,1,3.2,0,0.24,20000,0.9999,0.0001,0.0,11.969,0.0,nan,7.0846,6.5813,6.5241,3,13.733,8,nan,0,0,0
g3scan,rq4graded,4.25,-1.0,eb154,0.154,diagnostic,1,3.2,0,0.25,20000,0.9999,0.0001,0.0,11.599,0.0,nan,6.7158,6.0012,5.9003,4,13.4375,8,nan,0,0,0
g3scan,rq4graded,4.25,-1.0,eb154,0.154,diagnostic,1,3.2,0,0.26,20000,0.9999,0.0001,0.0,11.227,0.0,nan,6.3465,5.9047,5.8056,4,13.1517,8,nan,0,0,0
g3scan,rq4graded,4.25,-1.0,eb154,0.154,diagnostic,1,3.2,0,0.27,20000,0.9999,0.0001,0.0,10.856,0.0,nan,5.9769,5.3737,5.2165,5,12.8781,8,nan,0,0,0
g3scan,rq4graded,4.25,-1.0,eb154,0.154,diagnostic,1,3.2,0,0.28,20000,0.9999,0.0001,0.0,10.487,0.0,0.0,5.6105,5.2911,5.137,5,12.6244,8,nan,0,0,0
g3scan,rq4graded,4.25,-1.0,eb154,0.154,diagnostic,1,3.2,0,0.29,20000,0.9999,0.0001,0.0,10.117,0.0,0.0,5.2438,4.8019,4.5728,6,12.3809,8,nan,0,0,0
g3scan,rq4graded,4.25,-1.0,eb154,0.154,diagnostic,1,3.2,0,0.3,20000,0.9999,0.0001,0.0,9.745,0.0001,0.125,4.8762,4.7314,4.5068,6,12.1455,8,nan,0,0,0
g3scan,rq4graded,4.25,-1.0,eb154,0.154,diagnostic,1,3.2,0,0.31,20000,0.9999,0.0001,0.0,9.377,0.0001,0.07,4.5123,4.2671,3.9318,7,11.9117,8,nan,0,0,0
g3scan,rq4graded,4.25,-1.0,eb154,0.154,diagnostic,1,3.2,0,0.32,20000,0.9999,0.0001,0.0,9.006,0.0003,0.062,4.1472,4.2065,3.877,7,11.6951,8,nan,0,0,0
g3scan,rq4graded,4.25,-1.0,eb154,0.154,diagnostic,1,3.2,0,0.33,20000,0.9999,0.0001,0.0,8.642,0.0008,0.076,3.7896,4.1491,3.8259,7,11.4881,8,1.3046,0,0,0
g3scan,rq4graded,4.25,-1.0,eb154,0.154,diagnostic,1,3.2,0,0.34,20000,0.9999,0.0001,0.0001,8.28,0.0028,0.135,3.4388,4.0926,3.775,7,11.2869,8,1.284,0,0,0
g3scan,rq4graded,4.25,-1.0,eb154,0.154,diagnostic,1,3.2,0,0.35,20000,0.9999,0.0001,0.0002,7.922,0.007,0.197,3.0943,4.0383,3.726,7,11.0897,8,1.2712,0,0,0
g3scan,rq4graded,4.25,-1.0,eb154,0.154,diagnostic,1,3.2,0,0.36,20000,0.9999,0.0001,0.0005,7.57,0.0147,0.281,2.7602,3.9853,3.678,7,10.8994,8,1.2584,0,0,0
g3scan,rq4graded,4.25,-1.0,eb154,0.154,diagnostic,1,3.2,0,0.37,20000,0.9999,0.0001,0.0014,7.23,0.0259,0.371,2.4441,3.9346,3.6324,7,10.7227,8,1.2458,0,0,0
g3scan,rq4graded,4.25,-1.0,eb154,0.154,diagnostic,1,3.2,0,0.38,20000,0.9999,0.0001,0.0036,6.892,0.0424,0.492,2.1471,3.8841,3.5868,7,10.5421,8,1.233,0,1,0
g3scan,rq4graded,4.25,-1.0,eb154,0.154,diagnostic,1,3.2,0,0.39,20000,0.9999,0.0001,0.0083,6.565,0.0624,0.632,1.8732,3.8362,3.5432,7,10.3748,8,1.2201,0,1,0
g3scan,rq4graded,4.25,-1.0,eb154,0.154,diagnostic,1,3.2,0,0.4,20000,0.9999,0.0001,0.0156,6.25,0.0836,0.766,1.6332,3.7903,3.5013,7,10.2164,8,1.2083,0,1,0
g3scan,rq4graded,4.25,-1.0,eb154,0.154,diagnostic,1,3.2,0,0.41,20000,0.9999,0.0001,0.0267,5.939,0.1058,0.903,1.4152,3.7438,3.4592,7,10.0581,8,1.1965,0,1,0
g3scan,rq4graded,4.25,-1.0,eb154,0.154,diagnostic,1,3.2,0,0.42,20000,0.9999,0.0001,0.0435,5.644,0.1254,1.027,1.2484,3.7005,3.4197,7,9.9113,8,1.1844,0,1,0
g3scan,rq4graded,4.25,-1.0,eb154,0.154,diagnostic,1,3.2,0,0.43,20000,0.9999,0.0001,0.0646,5.356,0.1424,1.122,1.1056,3.6575,3.3806,7,9.7545,8,1.1727,0,1,0
g3scan,rq4graded,4.25,-1.0,eb154,0.154,diagnostic,1,3.2,0,0.44,20000,0.9999,0.0001,0.0884,5.079,0.1585,1.211,0.9868,3.6148,3.3419,7,9.614,8,1.1613,0,1,0
g3scan,rq4graded,4.25,-1.0,eb154,0.154,diagnostic,1,3.2,0,0.45,20000,0.9999,0.0001,0.1154,4.819,0.1718,1.272,0.8942,3.5753,3.3057,7,9.4709,8,1.15,0,1,0
g3scan,rq4graded,4.25,-1.0,eb154,0.154,diagnostic,1,3.2,0,0.46,20000,0.9999,0.0001,0.1452,4.568,0.1826,1.326,0.8262,3.5361,3.2698,7,9.3267,8,1.1388,0,1,0
g3scan,rq4graded,4.25,-1.0,eb154,0.154,diagnostic,1,3.2,0,0.47,20000,0.9999,0.0001,0.1757,4.327,0.1924,1.374,0.7628,3.4965,3.2339,7,9.1869,8,1.1278,1,0,0
g3scan,rq4graded,4.25,-1.0,eb154,0.154,diagnostic,1,3.2,0,0.48,20000,0.9999,0.0001,0.2078,4.101,0.2027,1.465,0.713,3.4591,3.1999,7,9.0689,8,1.1166,1,0,0
g3scan,rq4graded,4.25,-1.0,eb154,0.154,diagnostic,1,3.2,0,0.49,20000,0.9999,0.0001,0.2401,3.889,0.2092,1.491,0.6765,3.4233,3.1671,7,8.9386,8,1.106,1,0,0
g3scan,rq4graded,4.25,-1.0,eb154,0.154,diagnostic,1,3.2,0,0.5,20000,0.9999,0.0001,0.2703,3.689,0.2158,1.516,0.6389,3.3872,3.1341,7,8.8185,8,1.096,1,0,0
g3scan,rq4graded,4.25,-1.0,eb154,0.154,diagnostic,1,3.2,0,0.51,20000,0.9999,0.0001,0.3007,3.5,0.221,1.542,0.613,3.3521,3.1023,7,8.6983,8,1.0861,1,0,0
g3scan,rq4graded,4.25,-1.0,eb154,0.154,diagnostic,1,3.2,0,0.52,20000,0.9999,0.0001,0.3303,3.323,0.2256,1.558,0.5898,3.3183,3.0715,7,8.5898,8,1.0764,1,0,0
g3scan,rq4graded,4.25,-1.0,eb154,0.154,diagnostic,1,4.8,0,0.17,20000,0.9999,0.0001,0.0,11.953,0.0,nan,7.1244,8.1422,8.1422,1,12.5425,8,nan,0,0,0
g3scan,rq4graded,4.25,-1.0,eb154,0.154,diagnostic,1,4.8,0,0.18,20000,0.9999,0.0001,0.0,11.425,0.0,nan,6.6149,7.337,7.3155,2,11.9408,8,nan,0,0,0
g3scan,rq4graded,4.25,-1.0,eb154,0.154,diagnostic,1,4.8,0,0.19,20000,0.9999,0.0001,0.0,10.905,0.0,nan,6.1196,7.1041,7.0825,2,11.3989,8,nan,0,0,0
g3scan,rq4graded,4.25,-1.0,eb154,0.154,diagnostic,1,4.8,0,0.2,20000,0.9999,0.0001,0.0,10.378,0.0,nan,5.6237,6.435,6.3879,3,10.8948,8,nan,0,0,0
g3scan,rq4graded,4.25,-1.0,eb154,0.154,diagnostic,1,4.8,0,0.21,20000,0.9999,0.0001,0.0,9.856,0.0,nan,5.1373,5.8242,5.7417,4,10.4032,8,nan,0,0,0
g3scan,rq4graded,4.25,-1.0,eb154,0.154,diagnostic,1,4.8,0,0.22,20000,0.9999,0.0001,0.0,9.331,0.0,nan,4.6615,5.2559,5.1253,5,9.9825,8,nan,0,0,0
g3scan,rq4graded,4.25,-1.0,eb154,0.154,diagnostic,1,4.8,0,0.23,20000,0.9999,0.0001,0.0,8.808,0.0,nan,4.1928,5.1077,4.9827,5,9.5672,8,nan,0,0,0
g3scan,rq4graded,4.25,-1.0,eb154,0.154,diagnostic,1,4.8,0,0.24,20000,0.9999,0.0001,0.0,8.28,0.0,0.0,3.7297,4.5959,4.4086,6,9.1684,8,nan,0,0,0
g3scan,rq4graded,4.25,-1.0,eb154,0.154,diagnostic,1,4.8,0,0.25,20000,0.9999,0.0001,0.0,7.761,0.0,0.0,3.29,4.1071,3.8255,7,8.7956,8,nan,0,0,0
g3scan,rq4graded,4.25,-1.0,eb154,0.154,diagnostic,1,4.8,0,0.26,20000,0.9999,0.0001,0.0,7.237,0.0001,0.022,2.8602,3.9972,3.7256,7,8.4319,8,nan,0,0,0
g3scan,rq4graded,4.25,-1.0,eb154,0.154,diagnostic,1,4.8,0,0.27,20000,0.9999,0.0001,0.0,6.729,0.0006,0.027,2.457,3.8951,3.6338,7,8.0979,8,1.311,0,1,0
g3scan,rq4graded,4.25,-1.0,eb154,0.154,diagnostic,1,4.8,0,0.28,20000,0.9999,0.0001,0.0,6.229,0.0039,0.07,2.0885,3.7949,3.5435,7,7.8149,8,1.2816,0,1,0
g3scan,rq4graded,4.25,-1.0,eb154,0.154,diagnostic,1,4.8,0,0.29,20000,0.9999,0.0001,0.0001,5.747,0.0169,0.166,1.7637,3.7003,3.4577,7,7.5187,8,1.2575,0,1,0
g3scan,rq4graded,4.25,-1.0,eb154,0.154,diagnostic,1,4.8,0,0.3,20000,0.9999,0.0001,0.0006,5.281,0.0472,0.331,1.4811,3.6083,3.3742,7,7.2326,8,1.2349,0,1,0
g3scan,rq4graded,4.25,-1.0,eb154,0.154,diagnostic,1,4.8,0,0.31,20000,0.9999,0.0001,0.0036,4.839,0.0953,0.569,1.2594,3.5208,3.2943,7,6.9497,8,1.2138,0,1,0
g3scan,rq4graded,4.25,-1.0,eb154,0.154,diagnostic,1,4.8,0,0.32,20000,0.9999,0.0001,0.0144,4.417,0.1502,0.84,1.1238,3.4366,3.2171,7,6.6952,8,1.1929,0,1,0
g3scan,rq4graded,4.25,-1.0,eb154,0.154,diagnostic,1,4.8,0,0.33,20000,0.9999,0.0001,0.0387,4.019,0.2007,1.086,1.0786,3.3554,3.1427,7,6.4473,8,1.1722,1,0,0
g3scan,rq4graded,4.25,-1.0,eb154,0.154,diagnostic,1,4.8,0,0.34,20000,0.9999,0.0001,0.0794,3.641,0.24,1.291,1.1277,3.2762,3.0704,7,6.2209,8,1.1511,1,0,0
g3scan,rq4graded,4.25,-1.0,eb154,0.154,diagnostic,1,4.8,0,0.35,20000,0.9999,0.0001,0.1334,3.287,0.2715,1.468,1.1729,3.202,3.002,7,6.0328,8,1.1294,1,0,0
g3scan,rq4graded,4.25,-1.0,eb154,0.154,diagnostic,1,4.8,0,0.36,20000,0.9999,0.0001,0.1933,2.964,0.2933,1.581,1.2483,3.1304,2.9361,7,5.8211,8,1.1087,1,0,0
g3scan,rq4graded,4.25,-1.0,eb154,0.154,diagnostic,1,4.8,0,0.37,20000,0.9999,0.0001,0.2566,2.666,0.3087,1.666,1.3053,3.06,2.8715,7,5.5895,8,1.0881,0,0,0
g3scan,rq4graded,4.25,-1.0,eb154,0.154,diagnostic,1,4.8,0,0.38,20000,0.9999,0.0001,0.3179,2.402,0.3234,1.77,1.3674,2.9936,2.8107,7,5.7268,7,1.068,0,0,0
g3scan,rq4graded,4.25,-1.0,eb154,0.154,diagnostic,1,4.8,0,0.39,20000,0.9999,0.0001,0.3785,2.159,0.331,1.776,1.4146,2.9287,2.7507,7,5.5387,7,1.0484,0,0,0
g3scan,rq4graded,4.25,-1.0,eb154,0.154,diagnostic,1,4.8,0,0.4,20000,0.9999,0.0001,0.4341,1.947,0.337,1.774,1.4485,2.8679,2.6946,7,5.3384,7,1.0295,0,0,0
g3scan,rq4graded,4.25,-1.0,eb154,0.154,diagnostic,1,4.8,0,0.41,20000,0.9999,0.0001,0.4841,1.756,0.3436,1.816,1.4848,2.8062,2.6382,7,5.1863,7,1.0113,0,0,0
g3scan,rq4graded,4.25,-1.0,eb154,0.154,diagnostic,1,4.8,0,0.42,20000,0.9999,0.0001,0.5319,1.585,0.3506,1.872,1.503,2.7492,2.5854,7,5.0582,7,0.9928,0,0,0
g3scan,rq4graded,4.25,-1.0,eb154,0.154,diagnostic,1,4.8,0,0.43,20000,0.9999,0.0001,0.5741,1.433,0.357,1.939,1.5231,2.6926,2.5332,7,4.8937,7,0.9754,0,0,0
g3scan,rq4graded,4.25,-1.0,eb154,0.154,diagnostic,1,4.8,0,0.44,20000,0.9999,0.0001,0.6126,1.298,0.3598,1.946,1.5371,2.6371,2.4823,7,4.751,7,0.9588,0,0,0
g3scan,rq4graded,4.25,-1.0,eb154,0.154,diagnostic,1,4.8,0,0.45,20000,0.9999,0.0001,0.6458,1.18,0.3662,2.011,1.557,2.5839,2.4335,7,4.7784,6,0.943,0,0,0
g3scan,rq4graded,4.25,-1.0,eb154,0.154,diagnostic,1,4.8,0,0.46,20000,0.9999,0.0001,0.6788,1.073,0.3658,2.015,1.5494,2.5352,2.3879,7,4.6193,6,0.9271,0,0,0
g3scan,rq4graded,4.25,-1.0,eb154,0.154,diagnostic,1,4.8,0,0.47,20000,0.9999,0.0001,0.7083,0.977,0.3618,1.943,1.5405,2.4854,2.3422,7,4.4913,6,0.9117,0,0,0
g3scan,rq4graded,4.25,-1.0,eb154,0.154,diagnostic,1,4.8,0,0.48,20000,0.9999,0.0001,0.7336,0.89,0.3645,1.972,1.5486,2.4343,2.2954,7,4.3682,6,0.8966,0,0,0
g3scan,rq4graded,4.25,-1.0,eb154,0.154,diagnostic,1,4.8,0,0.49,20000,0.9999,0.0001,0.7563,0.814,0.3652,2.016,1.5479,2.3882,2.2528,7,4.2541,6,0.8821,0,0,0
g3scan,rq4graded,4.25,-1.0,eb154,0.154,diagnostic,1,4.8,0,0.5,20000,0.9999,0.0001,0.7771,0.746,0.3656,2.024,1.5407,2.3447,2.2124,7,4.1344,6,0.8678,0,0,0
g3scan,rq4graded,4.25,-1.0,eb154,0.154,diagnostic,1,4.8,0,0.51,20000,0.9999,0.0001,0.796,0.684,0.3667,2.094,1.5352,2.2993,2.1709,7,4.0231,6,0.8535,0,0,0
g3scan,rq4graded,4.25,-1.0,eb154,0.154,diagnostic,1,4.8,0,0.52,20000,0.9999,0.0001,0.812,0.629,0.3677,2.076,1.5405,2.2561,2.131,7,3.9048,6,0.8407,0,0,0
g3scan,rq4graded,4.25,-1.0,eb154,0.154,diagnostic,1,6.4,0,0.17,20000,0.9999,0.0001,0.0,10.224,0.0,nan,5.6304,7.079,7.0605,2,9.2626,8,nan,0,0,0
g3scan,rq4graded,4.25,-1.0,eb154,0.154,diagnostic,1,6.4,0,0.18,20000,0.9999,0.0001,0.0,9.598,0.0,nan,5.0891,6.3666,6.3276,3,8.6321,8,nan,0,0,0
g3scan,rq4graded,4.25,-1.0,eb154,0.154,diagnostic,1,6.4,0,0.19,20000,0.9999,0.0001,0.0,8.974,0.0,nan,4.5584,5.7141,5.6471,4,7.9908,8,nan,0,0,0
g3scan,rq4graded,4.25,-1.0,eb154,0.154,diagnostic,1,6.4,0,0.2,20000,0.9999,0.0001,0.0,8.346,0.0,nan,4.0379,5.111,5.0054,5,7.4003,8,nan,0,0,0
g3scan,rq4graded,4.25,-1.0,eb154,0.154,diagnostic,1,6.4,0,0.21,20000,0.9999,0.0001,0.0,7.722,0.0,nan,3.5582,4.898,4.8002,5,6.8869,8,nan,0,0,0
g3scan,rq4graded,4.25,-1.0,eb154,0.154,diagnostic,1,6.4,0,0.22,20000,0.9999,0.0001,0.0,7.098,0.0,0.0,3.1037,4.3674,4.2192,6,6.418,8,nan,0,1,0
g3scan,rq4graded,4.25,-1.0,eb154,0.154,diagnostic,1,6.4,0,0.23,20000,0.9999,0.0001,0.0,6.472,0.0,0.0,2.6684,3.8639,3.6379,7,5.9562,8,nan,0,1,0
g3scan,rq4graded,4.25,-1.0,eb154,0.154,diagnostic,1,6.4,0,0.24,20000,0.9999,0.0001,0.0,5.864,0.0001,0.006,2.2848,3.7127,3.5007,7,6.0301,7,nan,0,1,0
g3scan,rq4graded,4.25,-1.0,eb154,0.154,diagnostic,1,6.4,0,0.25,20000,0.9999,0.0001,0.0,5.275,0.0018,0.024,1.956,3.568,3.3698,7,5.6541,7,1.2929,0,1,0
g3scan,rq4graded,4.25,-1.0,eb154,0.154,diagnostic,1,6.4,0,0.26,20000,0.9999,0.0001,0.0,4.714,0.0185,0.116,1.7133,3.4301,3.2445,7,5.3001,7,1.2563,0,1,0
g3scan,rq4graded,4.25,-1.0,eb154,0.154,diagnostic,1,6.4,0,0.27,20000,0.9999,0.0001,0.0003,4.185,0.075,0.344,1.5747,3.3006,3.1258,7,4.9383,7,1.2238,0,0,0
g3scan,rq4graded,4.25,-1.0,eb154,0.154,diagnostic,1,6.4,0,0.28,20000,0.9999,0.0001,0.0036,3.687,0.1654,0.698,1.579,3.1751,3.01,7,4.9762,6,1.1957,0,0,0
g3scan,rq4graded,4.25,-1.0,eb154,0.154,diagnostic,1,6.4,0,0.29,20000,0.9999,0.0001,0.0237,3.236,0.2572,1.108,1.6805,3.0576,2.9017,7,4.6941,6,1.1677,1,0,0
g3scan,rq4graded,4.25,-1.0,eb154,0.154,diagnostic,1,6.4,0,0.3,20000,0.9999,0.0001,0.079,2.806,0.3265,1.469,1.8424,2.9444,2.7967,7,4.4426,6,1.1374,0,0,0
g3scan,rq4graded,4.25,-1.0,eb154,0.154,diagnostic,1,6.4,0,0.31,20000,0.9999,0.0001,0.1636,2.414,0.3696,1.726,2.0023,2.8383,2.6984,7,4.1541,6,1.1063,0,0,0
g3scan,rq4graded,4.25,-1.0,eb154,0.154,diagnostic,1,6.4,0,0.32,20000,0.9999,0.0001,0.2589,2.059,0.399,1.881,2.1106,2.7351,2.6028,7,4.1606,5,1.0753,0,0,0
g3scan,rq4graded,4.25,-1.0,eb154,0.154,diagnostic,1,6.4,0,0.33,20000,0.9999,0.0001,0.3544,1.752,0.4161,1.978,2.1749,2.6378,2.5124,7,3.9106,5,1.045,0,0,0
g3scan,rq4graded,4.25,-1.0,eb154,0.154,diagnostic,1,6.4,0,0.34,20000,0.9999,0.0001,0.4424,1.489,0.4291,2.059,2.219,2.544,2.4253,7,3.7145,5,1.0152,0,0,0
g3scan,rq4graded,4.25,-1.0,eb154,0.154,diagnostic,1,6.4,0,0.35,20000,0.9999,0.0001,0.5198,1.267,0.4425,2.196,2.2504,2.4556,2.343,7,3.5403,5,0.9864,0,0,0
g3scan,rq4graded,4.25,-1.0,eb154,0.154,diagnostic,1,6.4,0,0.36,20000,0.9999,0.0001,0.5879,1.081,0.4471,2.223,2.2654,2.372,2.2651,7,3.457,4,0.9592,0,0,0
g3scan,rq4graded,4.25,-1.0,eb154,0.154,diagnostic,1,6.4,0,0.37,20000,0.9999,0.0001,0.644,0.925,0.4547,2.267,2.291,2.2876,2.1866,7,3.2761,4,0.9337,0,0,0
g3scan,rq4graded,4.25,-1.0,eb154,0.154,diagnostic,1,6.4,0,0.38,20000,0.9999,0.0001,0.696,0.794,0.4531,2.298,2.2784,2.2114,2.1159,7,3.118,4,0.9081,0,0,0
g3scan,rq4graded,4.25,-1.0,eb154,0.154,diagnostic,1,6.4,0,0.39,20000,0.9999,0.0001,0.7391,0.681,0.4543,2.312,2.2783,2.1346,2.0444,7,2.9691,4,0.8831,0,0,0
g3scan,rq4graded,4.25,-1.0,eb154,0.154,diagnostic,1,6.4,0,0.4,20000,0.9999,0.0001,0.7748,0.587,0.4569,2.325,2.2814,2.0633,1.9774,7,2.7956,4,0.8594,0,0,0
g3scan,rq4graded,4.25,-1.0,eb154,0.154,diagnostic,1,6.4,0,0.41,20000,0.9999,0.0001,0.8051,0.511,0.4501,2.239,2.2681,1.9954,1.9141,7,2.7861,3,0.8373,0,0,0
g3scan,rq4graded,4.25,-1.0,eb154,0.154,diagnostic,1,6.4,0,0.42,20000,0.9999,0.0001,0.8307,0.444,0.448,2.203,2.2647,1.9281,1.8513,7,2.643,3,0.8154,0,0,0
g3scan,rq4graded,4.25,-1.0,eb154,0.154,diagnostic,1,6.4,0,0.43,20000,0.9999,0.0001,0.8522,0.388,0.4569,2.33,2.2658,1.8639,1.7916,7,2.5319,3,0.7933,0,0,0
g3scan,rq4graded,4.25,-1.0,eb154,0.154,diagnostic,1,6.4,0,0.44,20000,0.9999,0.0001,0.8716,0.339,0.4498,2.241,2.2492,1.8026,1.7342,7,2.4705,2,0.7726,0,0,0
g3scan,rq4graded,4.25,-1.0,eb154,0.154,diagnostic,1,6.4,0,0.45,20000,0.9999,0.0001,0.8862,0.299,0.4553,2.281,2.2631,1.7434,1.6783,7,2.3651,2,0.7535,0,0,0
g3scan,rq4graded,4.25,-1.0,eb154,0.154,diagnostic,1,6.4,0,0.46,20000,0.9999,0.0001,0.9001,0.264,0.4586,2.374,2.2517,1.6873,1.626,7,2.2297,2,0.7338,0,0,0
g3scan,rq4graded,4.25,-1.0,eb154,0.154,diagnostic,1,6.4,0,0.47,20000,0.9999,0.0001,0.9118,0.234,0.4549,2.345,2.2369,1.6337,1.5758,7,2.14,2,0.7159,0,0,0
g3scan,rq4graded,4.25,-1.0,eb154,0.154,diagnostic,1,6.4,0,0.48,20000,0.9999,0.0001,0.9226,0.205,0.4544,2.294,2.2341,1.5782,1.5233,7,2.1286,1,0.6969,0,0,0
g3scan,rq4graded,4.25,-1.0,eb154,0.154,diagnostic,1,6.4,0,0.49,20000,0.9999,0.0001,0.931,0.184,0.4551,2.379,2.2223,1.53,1.4781,7,2.0313,1,0.6805,0,0,0
g3scan,rq4graded,4.25,-1.0,eb154,0.154,diagnostic,1,6.4,0,0.5,20000,0.9999,0.0001,0.9387,0.164,0.4494,2.267,2.2112,1.481,1.4316,7,nan,0,0.6643,0,0,0
g3scan,rq4graded,4.25,-1.0,eb154,0.154,diagnostic,1,6.4,0,0.51,20000,0.9999,0.0001,0.9458,0.146,0.4453,2.244,2.19,1.4306,1.3846,7,nan,0,0.6471,0,0,0
g3scan,rq4graded,4.25,-1.0,eb154,0.154,diagnostic,1,6.4,0,0.52,20000,0.9999,0.0001,0.9511,0.132,0.4591,2.46,2.1979,1.3828,1.3402,7,nan,0,0.6314,0,0,0
g3scan,rq4graded,4.25,-1.0,eb154,0.154,diagnostic,1,9.6,1,0.17,20000,0.9999,0.0001,0.0,8.127,0.0,nan,4.2216,5.8878,5.8667,3,5.8238,6,nan,0,0,0
g3scan,rq4graded,4.25,-1.0,eb154,0.154,diagnostic,1,9.6,1,0.18,20000,0.9999,0.0001,0.0,7.38,0.0,nan,3.6963,5.1905,5.1556,4,5.0647,6,nan,0,0,0
g3scan,rq4graded,4.25,-1.0,eb154,0.154,diagnostic,1,9.6,1,0.19,20000,0.9999,0.0001,0.0,6.628,0.0,nan,3.2189,4.5552,4.4994,5,4.9146,5,nan,0,1,0
g3scan,rq4graded,4.25,-1.0,eb154,0.154,diagnostic,1,9.6,1,0.2,20000,0.9999,0.0001,0.0,5.879,0.0,nan,2.8,3.979,3.893,6,4.2759,5,nan,0,1,0
g3scan,rq4graded,4.25,-1.0,eb154,0.154,diagnostic,1,9.6,1,0.21,20000,0.9999,0.0001,0.0,5.139,0.0,0.0,2.4409,3.4461,3.3089,7,3.7688,5,nan,0,1,0
g3scan,rq4graded,4.25,-1.0,eb154,0.154,diagnostic,1,9.6,1,0.22,20000,0.9999,0.0001,0.0,4.441,0.0001,0.002,2.1995,3.212,3.0941,7,3.6277,4,nan,0,1,0
g3scan,rq4graded,4.25,-1.0,eb154,0.154,diagnostic,1,9.6,1,0.23,20000,0.9999,0.0001,0.0,3.792,0.0083,0.035,2.1151,2.9955,2.8947,7,3.2188,4,1.2702,0,0,0
g3scan,rq4graded,4.25,-1.0,eb154,0.154,diagnostic,1,9.6,1,0.24,20000,0.9999,0.0001,0.0,3.192,0.0966,0.283,2.152,2.7914,2.7048,7,3.0847,3,1.2169,0,0,0
g3scan,rq4graded,4.25,-1.0,eb154,0.154,diagnostic,1,9.6,1,0.25,20000,0.9999,0.0001,0.0009,2.639,0.2727,0.849,2.3226,2.5966,2.5219,7,2.7298,3,1.1748,1,0,0
g3scan,rq4graded,4.25,-1.0,eb154,0.154,diagnostic,1,9.6,1,0.26,20000,0.9999,0.0001,0.0313,2.171,0.4329,1.62,2.6476,2.4178,2.3531,7,2.441,3,1.1346,0,0,0
g3scan,rq4graded,4.25,-1.0,eb154,0.154,diagnostic,1,9.6,1,0.27,20000,0.9999,0.0001,0.1533,1.723,0.5194,2.216,2.8531,2.2514,2.1952,7,2.2979,2,1.0864,0,0,0
g3scan,rq4graded,4.25,-1.0,eb154,0.154,diagnostic,1,9.6,1,0.28,20000,0.9999,0.0001,0.3182,1.323,0.561,2.597,2.9483,2.0888,2.0417,7,2.054,2,1.035,0,0,0
g3scan,rq4graded,4.25,-1.0,eb154,0.154,diagnostic,1,9.6,1,0.29,20000,0.9999,0.0001,0.4729,1.001,0.5824,2.842,2.9897,1.9481,1.9071,7,2.0022,1,0.9842,0,0,0
g3scan,rq4graded,4.25,-1.0,eb154,0.154,diagnostic,1,9.6,1,0.3,20000,0.9999,0.0001,0.599,0.753,0.5926,2.957,3.0121,1.8107,1.7757,7,1.716,1,0.9356,0,0,0
g3scan,rq4graded,4.25,-1.0,eb154,0.154,diagnostic,1,9.6,1,0.31,20000,0.9999,0.0001,0.696,0.569,0.5992,3.072,3.0162,1.6853,1.6557,7,1.5475,1,0.8894,0,0,0
g3scan,rq4graded,4.25,-1.0,eb154,0.154,diagnostic,1,9.6,1,0.32,20000,0.9999,0.0001,0.7694,0.433,0.5936,2.926,3.0121,1.555,1.5315,7,nan,0,0.846,0,0,0
g3scan,rq4graded,4.25,-1.0,eb154,0.154,diagnostic,1,9.6,1,0.33,20000,0.9999,0.0001,0.8245,0.331,0.5951,2.989,3.0034,1.4524,1.4319,7,nan,0,0.8031,0,0,0
g3scan,rq4graded,4.25,-1.0,eb154,0.154,diagnostic,1,9.6,1,0.34,20000,0.9999,0.0001,0.865,0.255,0.5979,3.023,3.0023,1.3491,1.332,7,nan,0,0.7626,0,0,0
g3scan,rq4graded,4.25,-1.0,eb154,0.154,diagnostic,1,9.6,1,0.35,20000,0.9999,0.0001,0.8944,0.199,0.6004,3.107,2.9992,1.2369,1.224,7,nan,0,0.7254,0,0,0
g3scan,rq4graded,4.25,-1.0,eb154,0.154,diagnostic,1,9.6,1,0.36,20000,0.9999,0.0001,0.9182,0.157,0.5903,2.941,2.9736,1.1566,1.1453,7,nan,0,0.6898,0,0,0
g3scan,rq4graded,4.25,-1.0,eb154,0.154,diagnostic,1,9.6,1,0.37,20000,0.9999,0.0001,0.9354,0.123,0.5981,3.153,2.9765,1.0639,1.0554,7,nan,0,0.6549,0,0,0
g3scan,rq4graded,4.25,-1.0,eb154,0.154,diagnostic,1,9.6,1,0.38,20000,0.9999,0.0001,0.9489,0.099,0.5893,3.087,2.9464,0.9873,0.9793,6,nan,0,0.6231,0,0,0
g3scan,rq4graded,4.25,-1.0,eb154,0.154,diagnostic,1,9.6,1,0.39,20000,0.9999,0.0001,0.9594,0.079,0.586,3.048,2.9355,0.9142,0.9061,5,nan,0,0.5915,0,0,0
g3scan,rq4graded,4.25,-1.0,eb154,0.154,diagnostic,1,9.6,1,0.4,20000,0.9999,0.0001,0.9672,0.064,0.5831,3.024,2.9245,0.8438,0.8379,5,nan,0,0.5628,0,0,0
g3scan,rq4graded,4.25,-1.0,eb154,0.154,diagnostic,1,9.6,1,0.41,20000,0.9999,0.0001,0.9738,0.053,0.5669,2.921,2.8714,0.7913,0.7863,5,nan,0,0.5339,0,0,0
g3scan,rq4graded,4.25,-1.0,eb154,0.154,diagnostic,1,9.6,1,0.42,20000,0.9999,0.0001,0.9784,0.043,0.5724,2.889,2.8933,0.7159,0.7118,4,nan,0,0.5071,0,0,0
g3scan,rq4graded,4.25,-1.0,eb154,0.154,diagnostic,1,9.6,1,0.43,20000,0.9999,0.0001,0.9823,0.036,0.5694,2.772,2.8731,0.6687,0.6653,4,nan,0,0.4807,0,0,0
g3scan,rq4graded,4.25,-1.0,eb154,0.154,diagnostic,1,9.6,1,0.44,20000,0.9999,0.0001,0.9854,0.03,0.559,2.575,2.8425,0.6117,0.6087,3,nan,0,0.457,0,0,0
g3scan,rq4graded,4.25,-1.0,eb154,0.154,diagnostic,1,9.6,1,0.45,20000,0.9999,0.0001,0.9878,0.025,0.5665,2.638,2.8477,0.5674,0.565,3,nan,0,0.4326,0,0,0
g3scan,rq4graded,4.25,-1.0,eb154,0.154,diagnostic,1,9.6,1,0.46,20000,0.9999,0.0001,0.9897,0.021,0.5811,3.243,2.8475,0.5107,0.5095,2,nan,0,0.4102,0,0,0
g3scan,rq4graded,4.25,-1.0,eb154,0.154,diagnostic,1,9.6,1,0.47,20000,0.9999,0.0001,0.9915,0.018,0.5865,3.571,2.8183,0.4776,0.4763,2,nan,0,0.387,0,0,0
g3scan,rq4graded,4.25,-1.0,eb154,0.154,diagnostic,1,9.6,1,0.48,20000,0.9999,0.0001,0.9927,0.015,0.5931,3.583,2.8162,0.4423,0.4409,2,nan,0,0.3677,0,0,0
g3scan,rq4graded,4.25,-1.0,eb154,0.154,diagnostic,1,9.6,1,0.49,20000,0.9999,0.0001,0.9936,0.013,0.5922,3.432,2.8416,0.406,0.4052,2,nan,0,0.3537,0,0,0
g3scan,rq4graded,4.25,-1.0,eb154,0.154,diagnostic,1,9.6,1,0.5,20000,0.9999,0.0001,0.9948,0.011,0.5455,2.78,2.7451,0.3839,0.3834,2,nan,0,0.3364,0,0,0
g3scan,rq4graded,4.25,-1.0,eb154,0.154,diagnostic,1,9.6,1,0.51,20000,0.9999,0.0001,0.9957,0.01,0.5145,2.472,2.6632,0.346,0.346,1,nan,0,0.3171,0,0,0
g3scan,rq4graded,4.25,-1.0,eb154,0.154,diagnostic,1,9.6,1,0.52,20000,0.9999,0.0001,0.9964,0.008,0.5105,2.433,2.6369,0.3159,0.3159,1,nan,0,0.2942,0,0,0
g3scan,rq4graded,4.25,-1.0,eb154,0.154,diagnostic,1,12.8,1,0.17,20000,0.9999,0.0001,0.0,6.914,0.0,nan,3.6377,4.9611,4.9436,4,3.9952,4,nan,0,1,0
g3scan,rq4graded,4.25,-1.0,eb154,0.154,diagnostic,1,12.8,1,0.18,20000,0.9999,0.0001,0.0,6.093,0.0,nan,3.1917,4.2649,4.2377,5,3.2217,4,nan,0,1,0
g3scan,rq4graded,4.25,-1.0,eb154,0.154,diagnostic,1,12.8,1,0.19,20000,0.9999,0.0001,0.0,5.276,0.0,nan,2.8061,3.6456,3.6021,6,3.0249,3,nan,0,1,0
g3scan,rq4graded,4.25,-1.0,eb154,0.154,diagnostic,1,12.8,1,0.2,20000,0.9999,0.0001,0.0,4.465,0.0,0.0,2.5093,3.0815,3.0078,7,2.426,3,nan,0,1,0
g3scan,rq4graded,4.25,-1.0,eb154,0.154,diagnostic,1,12.8,1,0.21,20000,0.9999,0.0001,0.0,3.735,0.0001,0.001,2.4072,2.7775,2.7226,7,2.2732,2,nan,0,0,0
g3scan,rq4graded,4.25,-1.0,eb154,0.154,diagnostic,1,12.8,1,0.22,20000,0.9999,0.0001,0.0,3.075,0.0192,0.048,2.4686,2.4937,2.4553,7,1.8282,2,1.2556,0,0,0
g3scan,rq4graded,4.25,-1.0,eb154,0.154,diagnostic,1,12.8,1,0.23,20000,0.9999,0.0001,0.0,2.455,0.2149,0.512,2.6243,2.2342,2.2067,7,1.7136,1,1.1871,1,0,0
g3scan,rq4graded,4.25,-1.0,eb154,0.154,diagnostic,1,12.8,1,0.24,20000,0.9999,0.0001,0.0031,1.937,0.4683,1.517,2.9459,2.0021,1.9817,7,1.3465,1,1.1378,0,0,0
g3scan,rq4graded,4.25,-1.0,eb154,0.154,diagnostic,1,12.8,1,0.25,20000,0.9999,0.0001,0.1013,1.495,0.6196,2.725,3.2249,1.775,1.7604,7,nan,0,1.083,0,0,0
g3scan,rq4graded,4.25,-1.0,eb154,0.154,diagnostic,1,12.8,1,0.26,20000,0.9999,0.0001,0.332,1.046,0.6783,3.559,3.3228,1.5885,1.5774,7,nan,0,1.0122,0,0,0
g3scan,rq4graded,4.25,-1.0,eb154,0.154,diagnostic,1,12.8,1,0.27,20000,0.9999,0.0001,0.5444,0.7,0.6966,3.875,3.3528,1.3933,1.3844,7,nan,0,0.9412,0,0,0
g3scan,rq4graded,4.25,-1.0,eb154,0.154,diagnostic,1,12.8,1,0.28,20000,0.9999,0.0001,0.696,0.465,0.7009,3.932,3.3587,1.2413,1.2336,7,nan,0,0.8741,0,0,0
g3scan,rq4graded,4.25,-1.0,eb154,0.154,diagnostic,1,12.8,1,0.29,20000,0.9999,0.0001,0.7985,0.309,0.7011,3.973,3.3532,1.1142,1.1092,6,nan,0,0.8092,0,0,0
g3scan,rq4graded,4.25,-1.0,eb154,0.154,diagnostic,1,12.8,1,0.3,20000,0.9999,0.0001,0.8647,0.209,0.702,4.037,3.346,0.9996,0.9951,6,nan,0,0.7484,0,0,0
g3scan,rq4graded,4.25,-1.0,eb154,0.154,diagnostic,1,12.8,1,0.31,20000,0.9999,0.0001,0.9066,0.144,0.7061,4.221,3.3469,0.8935,0.8913,5,nan,0,0.6932,0,0,0
g3scan,rq4graded,4.25,-1.0,eb154,0.154,diagnostic,1,12.8,1,0.32,20000,0.9999,0.0001,0.9361,0.1,0.6959,3.996,3.3243,0.801,0.7991,5,nan,0,0.6405,0,0,0
g3scan,rq4graded,4.25,-1.0,eb154,0.154,diagnostic,1,12.8,1,0.33,20000,0.9999,0.0001,0.9556,0.07,0.6894,4.063,3.3035,0.7132,0.7123,4,nan,0,0.5908,0,0,0
g3scan,rq4graded,4.25,-1.0,eb154,0.154,diagnostic,1,12.8,1,0.34,20000,0.9999,0.0001,0.9682,0.051,0.6816,3.689,3.2864,0.639,0.6381,4,nan,0,0.5462,0,0,0
g3scan,rq4graded,4.25,-1.0,eb154,0.154,diagnostic,1,12.8,1,0.35,20000,0.9999,0.0001,0.9774,0.037,0.6751,3.511,3.2732,0.564,0.5636,3,nan,0,0.5012,0,0,0
g3scan,rq4graded,4.25,-1.0,eb154,0.154,diagnostic,1,12.8,1,0.36,20000,0.9999,0.0001,0.9833,0.027,0.6712,3.725,3.2445,0.5112,0.511,3,nan,0,0.461,0,0,0
g3scan,rq4graded,4.25,-1.0,eb154,0.154,diagnostic,1,12.8,1,0.37,20000,0.9999,0.0001,0.9876,0.02,0.6842,4.122,3.2409,0.4546,0.4545,2,nan,0,0.4211,0,0,0
g3scan,rq4graded,4.25,-1.0,eb154,0.154,diagnostic,1,12.8,1,0.38,20000,0.9999,0.0001,0.9908,0.015,0.6992,4.778,3.2572,0.3972,0.397,2,nan,0,0.3848,0,0,0
g3scan,rq4graded,4.25,-1.0,eb154,0.154,diagnostic,1,12.8,1,0.39,20000,0.9999,0.0001,0.993,0.012,0.6571,3.833,3.1708,0.3612,0.3612,2,nan,0,0.3572,0,0,0
g3scan,rq4graded,4.25,-1.0,eb154,0.154,diagnostic,1,12.8,1,0.4,20000,0.9999,0.0001,0.9947,0.009,0.6557,3.658,3.1858,0.3122,0.3122,1,nan,0,0.3254,0,0,0
g3scan,rq4graded,4.25,-1.0,eb154,0.154,diagnostic,1,12.8,1,0.41,20000,0.9999,0.0001,0.996,0.007,0.6415,3.643,3.1402,0.2749,0.2749,1,nan,0,0.294,0,0,0
g3scan,rq4graded,4.25,-1.0,eb154,0.154,diagnostic,1,12.8,1,0.42,20000,0.9999,0.0001,0.997,0.006,0.5932,3.043,3.0242,0.2489,0.2489,1,nan,0,0.2622,0,0,0
g3scan,rq4graded,4.25,-1.0,eb154,0.154,diagnostic,1,12.8,1,0.43,20000,0.9999,0.0001,0.9975,0.004,0.62,3.263,3.1286,nan,nan,0,nan,0,0.2383,0,0,0
g3scan,rq4graded,4.25,-1.0,eb154,0.154,diagnostic,1,12.8,1,0.44,20000,0.9999,0.0001,0.9979,0.004,0.622,3.643,3.1081,nan,nan,0,nan,0,0.2171,0,0,0
g3scan,rq4graded,4.25,-1.0,eb154,0.154,diagnostic,1,12.8,1,0.45,20000,0.9999,0.0001,0.9984,0.003,0.5938,3.167,3.0449,nan,nan,0,nan,0,0.1926,0,0,0
g3scan,rq4graded,4.25,-1.0,eb154,0.154,diagnostic,1,12.8,1,0.46,20000,0.9999,0.0001,0.9986,0.002,0.5556,2.0,3.1109,nan,nan,0,nan,0,0.1768,0,0,0
g3scan,rq4graded,4.25,-1.0,eb154,0.154,diagnostic,1,12.8,1,0.47,20000,0.9999,0.0001,0.9988,0.002,0.6304,3.222,3.1495,nan,nan,0,nan,0,0.1536,0,0,0
g3scan,rq4graded,4.25,-1.0,eb154,0.154,diagnostic,1,12.8,1,0.48,20000,0.9999,0.0001,0.9991,0.002,0.5429,2.111,3.0029,nan,nan,0,nan,0,nan,0,0,0
g3scan,rq4graded,4.25,-1.0,eb154,0.154,diagnostic,1,12.8,1,0.49,20000,0.9999,0.0001,0.9992,0.001,0.5333,1.6,3.122,nan,nan,0,nan,0,nan,0,0,0
g3scan,rq4graded,4.25,-1.0,eb154,0.154,diagnostic,1,12.8,1,0.5,20000,0.9999,0.0001,0.9993,0.001,0.6538,3.4,3.1963,nan,nan,0,nan,0,nan,0,0,0
g3scan,rq4graded,4.25,-1.0,eb154,0.154,diagnostic,1,12.8,1,0.51,20000,0.9999,0.0001,0.9994,0.001,0.6667,4.0,3.222,nan,nan,0,nan,0,nan,0,0,0
g3scan,rq4graded,4.25,-1.0,eb154,0.154,diagnostic,1,12.8,1,0.52,20000,0.9999,0.0001,0.9996,0.001,0.5882,2.5,3.1239,nan,nan,0,nan,0,nan,0,0,0
