{
  "a": 14.555626399148123,
  "b": 2.0534044239692157,
  "a_err": 0.10511703213281397,
  "b_err": 0.011814029900355367,
  "meff_amu": 202.953908
}