time,cleaned_SG,IMF_cleaned
2.67,4.941823728767045,4.671971122084195
2.671,4.9411911774535255,4.676194208427295
2.672,4.940558626140006,4.680163723452813
2.673,4.939926074826486,4.683870989895991
2.674,4.939293523512967,4.687330776943
2.675,4.938660972199448,4.690544763144522
2.676,4.938028420885928,4.693507058303157
2.677,4.937395869572408,4.696228229079237
2.678,4.936763318258889,4.698729409206447
2.679,4.936130766945369,4.701027429824889
2.68,4.935498215631849,4.703156566956945
2.681,4.93486566431833,4.7050994630895895
2.682,4.934233113004811,4.706861598609725
2.683,4.933600561691291,4.708483965998187
2.684,4.932968010377771,4.709972715319599
2.685,4.932335459064252,4.711331458708406
2.686,4.931702907750732,4.712576947494726
2.687,4.931070356437212,4.713720044020706
2.688,4.930437805123693,4.714777240890515
2.689,4.929805253810174,4.715723401425081
2.69,4.929172702496654,4.716568623424811
2.691,4.928540151183134,4.717310480298584
2.692,4.927907599869615,4.717960748803762
2.693,4.927275048556095,4.718552726538722
2.694,4.926642497242575,4.719053730787763
2.695,4.926009945929056,4.719458231400527
2.696,4.925377394615537,4.719779100297809
2.697,4.924744843302017,4.720038490159388
2.698,4.924112291988497,4.720235987304142
2.699,4.923479740674978,4.72037512338037
2.7,4.922847189361458,4.720491198317334
2.701,4.922214638047938,4.720590080508196
2.702,4.921582086734419,4.720662851967705
2.703,4.9209495354209,4.7207205995492485
2.704,4.92031698410738,4.720758879644499
2.705,4.9196844327938605,4.720785128528936
2.706,4.919051881480341,4.720804050158935
2.707,4.918419330166821,4.720845451896297
2.708,4.917786778853301,4.72090703005237
2.709,4.917154227539782,4.720960368379487
2.71,4.916521676226262,4.7210303318280324
2.711,4.915889124912743,4.721128309243213
2.712,4.9152565735992235,4.721235334298263
2.713,4.914624022285704,4.721358584968068
2.714,4.913991470972184,4.721488601942869
2.715,4.9133589196586644,4.72161689530291
2.716,4.912726368345145,4.721750798037376
2.717,4.912093817031625,4.721895409483267
2.718,4.911461265718106,4.722047737737493
2.719,4.910828714404587,4.722189613573189
2.72,4.910196163091067,4.722320393230234
2.721,4.909563611777547,4.72244000909478
2.722,4.9089310604640275,4.72254450250751
2.723,4.908298509150508,4.722646153513974
2.724,4.907665957836988,4.722748299482184
2.725,4.907033406523469,4.72285094600203
2.726,4.90640085520995,4.722970130855882
2.727,4.90576830389643,4.723100985343328
2.728,4.90513575258291,4.723223724844507
2.729,4.9045032012693905,4.723337576019959
2.73,4.903870649955871,4.723446908630988
2.731,4.903238098642351,4.723546587044807
2.732,4.902605547328832,4.723638769764462
2.733,4.901972996015313,4.723726141030603
2.734,4.901340444701793,4.7238132337522085
2.735,4.900707893388273,4.723885351652932
2.736,4.900075342074754,4.72395002645652
2.737,4.899442790761234,4.723999602272821
2.738,4.898810239447714,4.724037459198638
2.739,4.8981776881341945,4.72406807589994
2.74,4.897545136820676,4.724074464482788
2.741,4.896912585507156,4.724062833982378
2.742,4.896280034193636,4.7240432170091875
2.743,4.895647482880117,4.724018345000416
2.744,4.895014931566597,4.7239923597942655
2.745,4.894382380253077,4.723955734945451
2.746,4.893749828939558,4.723914265024193
2.747,4.893117277626039,4.723883090837912
2.748,4.892484726312519,4.723850139261308
2.749,4.891852174998999,4.723814016372129
2.75,4.89121962368548,4.7237749894953405
2.751,4.89058707237196,4.723750096200375
2.752,4.88995452105844,4.72373898774151
2.753,4.889321969744921,4.723729564281176
2.754,4.888689418431402,4.723723642880562
2.755,4.888056867117882,4.723723170838515
2.756,4.887424315804362,4.723732511772146
2.757,4.886791764490843,4.723764309514363
2.758,4.886159213177323,4.723797622783024
2.759,4.885526661863803,4.723832574424588
2.76,4.884894110550284,4.723865474867464
2.761,4.884261559236764,4.723898429384163
2.762,4.883629007923245,4.723916804820459
2.763,4.8829964566097255,4.723930868355219
2.764,4.882363905296206,4.723947755062488
2.765,4.881731353982686,4.723963488068784
2.766,4.881098802669166,4.723960119838891
2.767,4.880466251355647,4.723950111052302
2.768,4.879833700042127,4.723940716817566
2.769,4.879201148728608,4.723935466482179
2.77,4.8785685974150885,4.723936293762911
2.771,4.877936046101569,4.723927349933354
2.772,4.877303494788049,4.723907369907526
2.773,4.8766709434745295,4.723871826768047
2.774,4.87603839216101,4.723829727811221
2.775,4.87540584084749,4.723771714234129
2.776,4.874773289533971,4.723720725911258
2.777,4.874140738220452,4.723683166250797
2.778,4.873508186906932,4.7236490131505375
2.779,4.872875635593412,4.723628339792315
2.78,4.8722430842798925,4.7236249185659425
2.781,4.871610532966373,4.72364048138491
2.782,4.870977981652853,4.723672432379323
2.783,4.870345430339334,4.723740424290182
2.784,4.869712879025815,4.723834502566064
2.785,4.869080327712295,4.723932903077641
2.786,4.868447776398775,4.724026550879084
2.787,4.8678152250852555,4.724122437141879
2.788,4.867182673771736,4.7242101432455215
2.789,4.866550122458216,4.724297086661076
2.79,4.8659175711446965,4.724365134429081
2.791,4.865285019831178,4.724404189743294
2.792,4.864652468517658,4.724444092554632
2.793,4.864019917204138,4.724474529465001
2.794,4.863387365890619,4.724496283349956
2.795,4.862754814577099,4.724511716252992
2.796,4.862122263263579,4.7245188299890595
2.797,4.8614897119500595,4.72451628772183
2.798,4.860857160636541,4.724530147609164
2.799,4.860224609323021,4.724539342777995
2.8,4.859592058009501,4.724538089959046
2.801,4.858959506695982,4.724544568242897
2.802,4.858326955382462,4.72453955679797
2.803,4.857694404068942,4.724527800937127
2.804,4.857061852755423,4.724528954554689
2.805,4.856429301441904,4.724542435217085
2.806,4.855796750128384,4.724558770378076
2.807,4.855164198814864,4.7245536581305565
2.808,4.854531647501345,4.724542920307409
2.809,4.853899096187825,4.724537932089404
2.81,4.853266544874305,4.724527929533012
2.811,4.852633993560786,4.7245230243739815
2.812,4.852001442247266,4.724537154319509
2.813,4.851368890933747,4.724550758954264
2.814,4.850736339620227,4.724547996183887
2.815,4.850103788306708,4.724535656502283
2.816,4.849471236993188,4.724528260276848
2.817,4.848838685679668,4.724540124139943
2.818,4.848206134366149,4.724561478394623
2.819,4.847573583052629,4.724582977538162
2.82,4.84694103173911,4.724604295156225
2.821,4.8463084804255905,4.724636751747112
2.822,4.845675929112071,4.724666516268223
2.823,4.845043377798551,4.724678625297448
2.824,4.844410826485031,4.724686491963873
2.825,4.843778275171512,4.724692501168919
2.826,4.843145723857992,4.724707077663989
2.827,4.842513172544473,4.724720167786542
2.828,4.8418806212309535,4.724744951044092
2.829,4.841248069917434,4.724772907012775
2.83,4.840615518603914,4.724808390512837
2.831,4.8399829672903945,4.724819899761871
2.832,4.839350415976875,4.724808669052586
2.833,4.838717864663355,4.724794680807642
2.834,4.838085313349836,4.724776436222345
2.835,4.837452762036317,4.724732301662152
2.836,4.836820210722797,4.72466185270498
2.837,4.836187659409277,4.724578821373984
2.838,4.8355551080957575,4.724497033155508
2.839,4.834922556782238,4.724412444076446
2.84,4.834290005468718,4.724325107876824
2.841,4.833657454155198,4.724254045149285
2.842,4.83302490284168,4.724188712238389
2.843,4.83239235152816,4.7241270254232255
2.844,4.83175980021464,4.7240780315957425
2.845,4.8311272489011206,4.724043267287609
2.846,4.830494697587601,4.724019721345125
2.847,4.829862146274081,4.7239959706290175
2.848,4.8292295949605615,4.723965616679379
2.849,4.828597043647043,4.723932228415793
2.85,4.827964492333523,4.723904688811468
2.851,4.827331941020003,4.723859739233413
2.852,4.826699389706484,4.723810864244821
2.853,4.826066838392964,4.723775865316136
2.854,4.825434287079444,4.723722811344696
2.855,4.8248017357659245,4.723651298034679
2.856,4.824169184452406,4.723590341656043
2.857,4.823536633138886,4.723548077827104
2.858,4.822904081825366,4.723506690296656
2.859,4.822271530511847,4.723458755375118
2.86,4.821638979198327,4.723392131034805
2.861,4.821006427884807,4.723327365450724
2.862,4.820373876571288,4.723254128049972
2.863,4.819741325257768,4.723156784597669
2.864,4.819108773944249,4.7230477756726
2.865,4.818476222630729,4.722954238188968
2.866,4.81784367131721,4.722899530210804
2.867,4.81721112000369,4.7228666734775375
2.868,4.81657856869017,4.722817892986139
2.869,4.815946017376651,4.72274523565581
2.87,4.815313466063131,4.72266225571139
2.871,4.814680914749612,4.722581220783403
2.872,4.814048363436092,4.722505121516877
2.873,4.813415812122573,4.722421986277648
2.874,4.812783260809053,4.722305247010456
2.875,4.812150709495533,4.7221814657724375
2.876,4.811518158182014,4.722065155584717
2.877,4.810885606868494,4.721955092565789
2.878,4.810253055554975,4.7218784069230475
2.879,4.8096205042414555,4.72179823532651
2.88,4.808987952927936,4.721688423419396
2.881,4.808355401614416,4.721584587923335
2.882,4.807722850300896,4.721528043970079
2.883,4.807090298987377,4.721510880044763
2.884,4.806457747673857,4.721466005042982
2.885,4.805825196360338,4.721378766283636
2.886,4.8051926450468185,4.721259474545119
2.887,4.804560093733299,4.721160733743022
2.888,4.803927542419779,4.72106981116483
2.889,4.8032949911062595,4.720991804237819
2.89,4.80266243979274,4.7208912266886385
2.891,4.80202988847922,4.720755242405613
2.892,4.801397337165701,4.720628228741974
2.893,4.800764785852182,4.720539106283086
2.894,4.800132234538662,4.720457615903223
2.895,4.799499683225142,4.720344688187005
2.896,4.7988671319116225,4.720221861042203
2.897,4.798234580598103,4.7200914538720875
2.898,4.797602029284583,4.719986150879204
2.899,4.796969477971063,4.719932065230771
2.9,4.796336926657545,4.719909126981535
2.901,4.795704375344025,4.719885904191234
2.902,4.795071824030505,4.719838790930136
2.903,4.794439272716986,4.719769041943894
2.904,4.793806721403466,4.7196876764440345
2.905,4.793174170089946,4.719609049089279
2.906,4.7925416187764265,4.719521918621899
2.907,4.791909067462908,4.71940497542402
2.908,4.791276516149388,4.719283304640888
2.909,4.790643964835868,4.7191667891247775
2.91,4.790011413522349,4.719052562164081
2.911,4.789378862208829,4.718927391191851
2.912,4.788746310895309,4.71876326763887
2.913,4.7881137595817895,4.718594076570439
2.914,4.78748120826827,4.718452920645834
2.915,4.786848656954751,4.718301818739723
2.916,4.786216105641231,4.718144867028282
2.917,4.785583554327712,4.717984799746063
2.918,4.784951003014192,4.717816979099007
2.919,4.784318451700672,4.717638599025708
2.92,4.783685900387153,4.717445848052294
2.921,4.783053349073633,4.7172701267061505
2.922,4.782420797760114,4.717100819598017
2.923,4.781788246446594,4.716953638269071
2.924,4.781155695133075,4.716847838086102
2.925,4.780523143819555,4.716773201058874
2.926,4.779890592506035,4.716674169588831
2.927,4.779258041192516,4.716550707532447
2.928,4.778625489878996,4.716401621020324
2.929,4.777992938565477,4.716231295798101
2.93,4.777360387251957,4.71606705950303
2.931,4.776727835938438,4.715927758547135
2.932,4.776095284624918,4.715809145895112
2.933,4.775462733311398,4.715673499113214
2.934,4.774830181997879,4.71553975270699
2.935,4.774197630684359,4.715399994367848
2.936,4.77356507937084,4.715243935930398
2.937,4.7729325280573205,4.7151090976890355
2.938,4.772299976743801,4.7149798798672995
2.939,4.771667425430281,4.714841437063841
2.94,4.771034874116761,4.714715187696005
2.941,4.770402322803242,4.714604548430193
2.942,4.769769771489722,4.714529788470698
2.943,4.769137220176203,4.714440374238525
2.944,4.7685046688626835,4.714315768457782
2.945,4.767872117549164,4.7141823580109685
2.946,4.767239566235644,4.714083085645638
2.947,4.7666070149221245,4.714008541387417
2.948,4.765974463608605,4.713934214559884
2.949,4.765341912295085,4.713840170222968
2.95,4.764709360981565,4.713732062219674
2.951,4.764076809668047,4.713622080239023
2.952,4.763444258354527,4.713535590878672
2.953,4.762811707041007,4.713446007612951
2.954,4.7621791557274875,4.713337519705023
2.955,4.761546604413968,4.713222658544249
2.956,4.760914053100448,4.713099482241588
2.957,4.760281501786928,4.712947375138249
2.958,4.75964895047341,4.71278719406853
2.959,4.75901639915989,4.712624283018278
2.96,4.75838384784637,4.712460478413403
2.961,4.757751296532851,4.712311751717858
2.962,4.757118745219331,4.712157117616615
2.963,4.756486193905811,4.711979664179943
2.964,4.7558536425922915,4.71180039999662
2.965,4.755221091278772,4.711617675749748
2.966,4.754588539965253,4.711428648233054
2.967,4.753955988651733,4.711261960773533
2.968,4.753323437338214,4.711085150362971
2.969,4.752690886024694,4.7108611055007685
2.97,4.752058334711174,4.710626273337422
2.971,4.7514257833976545,4.710406723391827
2.972,4.750793232084135,4.71021230368074
2.973,4.750160680770616,4.71004482177439
2.974,4.749528129457096,4.70987710171035
2.975,4.748895578143577,4.7096989055391285
2.976,4.748263026830057,4.709531890569116
2.977,4.747630475516537,4.709360669267614
2.978,4.746997924203018,4.7091976366846575
2.979,4.746365372889498,4.709072344957856
2.98,4.745732821575979,4.70895010521059
2.981,4.745100270262459,4.708796238362388
2.982,4.74446771894894,4.708650673958918
2.983,4.74383516763542,4.708502099083618
2.984,4.7432026163219,4.708366057516036
2.985,4.742570065008381,4.70824708856019
2.986,4.741937513694861,4.708129243385148
2.987,4.741304962381342,4.708013778029284
2.988,4.7406724110678224,4.707895278497718
2.989,4.740039859754303,4.707767540590215
2.99,4.739407308440783,4.707622103291612
2.991,4.738774757127263,4.707453512333087
2.992,4.738142205813744,4.707274374165523
2.993,4.737509654500224,4.707104425875448
2.994,4.736877103186705,4.706941924333383
2.995,4.7362445518731855,4.706766844718841
2.996,4.735612000559666,4.70656995920425
2.997,4.734979449246146,4.706394147499817
2.998,4.734346897932626,4.706227892393306
2.999,4.733714346619107,4.706044732684088
3.0,4.733081795305587,4.705841627770552
3.001,4.732449243992067,4.705663945843777
3.002,4.7318166926785485,4.705479257224205
3.003,4.731184141365029,4.705279376208443
3.004,4.730551590051509,4.705061935704998
3.005,4.7299190387379895,4.704838766876084
3.006,4.72928648742447,4.7046197568847195
3.007,4.72865393611095,4.704419029658415
3.008,4.72802138479743,4.704211514456404
3.009,4.727388833483912,4.704009326827529
3.01,4.726756282170392,4.703814749183444
3.011,4.726123730856872,4.703606351028163
3.012,4.7254911795433525,4.7033886013278385
3.013,4.724858628229833,4.703186915985079
3.014,4.724226076916313,4.703000000596099
3.015,4.723593525602793,4.702824245403868
3.016,4.722960974289275,4.702639962124096
3.017,4.722328422975755,4.702443734914526
3.018,4.721695871662235,4.702255712948477
3.019,4.721063320348716,4.7020640600987
3.02,4.720430769035196,4.701856564749155
3.021,4.719798217721676,4.701652255862607
3.022,4.7191656664081565,4.701441042429359
3.023,4.718533115094637,4.7012336651703395
3.024,4.717900563781118,4.701045056290185
3.025,4.717268012467598,4.700881803630697
3.026,4.716635461154079,4.7007146506165
3.027,4.716002909840559,4.700561698422475
3.028,4.715370358527039,4.7004158455557645
3.029,4.7147378072135195,4.700276240025353
3.03,4.7141052559,4.700154373957023
3.031,4.713472704586481,4.7000102298468205
3.032,4.712840153272961,4.699855170209265
3.033,4.712207601959442,4.6997012031360335
3.034,4.711575050645922,4.699536655152311
3.035,4.710942499332402,4.699359038456944
3.036,4.710309948018883,4.699172707315207
3.037,4.709677396705363,4.698996796830069
3.038,4.709044845391844,4.698818162688606
3.039,4.708412294078324,4.698628744800252
3.04,4.707779742764805,4.698421393816939
3.041,4.707147191451285,4.6981693755518865
3.042,4.706514640137765,4.697889100611579
3.043,4.705882088824246,4.697602640354841
3.044,4.705249537510726,4.69733906424424
3.045,4.704616986197207,4.6970847180819755
3.046,4.7039844348836874,4.696836198613509
3.047,4.703351883570168,4.696585658991306
3.048,4.702719332256648,4.696329496503349
3.049,4.702086780943128,4.696067159718683
3.05,4.701454229629609,4.695809345576921
3.051,4.700821678316089,4.695547611759572
3.052,4.700189127002569,4.695288812365541
3.053,4.6995565756890505,4.695041007545452
3.054,4.698924024375531,4.6948187737827105
3.055,4.698291473062011,4.6946269831565
3.056,4.697658921748491,4.694437380849048
3.057,4.697026370434972,4.694236074253922
3.058,4.696393819121452,4.694028106977754
3.059,4.695761267807932,4.693800244673129
3.06,4.6951287164944135,4.6935685863298175
3.061,4.694496165180894,4.693344302249059
3.062,4.693863613867374,4.693129896663401
3.063,4.6932310625538545,4.6929310318104624
3.064,4.692598511240335,4.692742873206503
3.065,4.691965959926815,4.6925483967850905
3.066,4.691333408613295,4.692345956475733
3.067,4.690700857299776,4.692127299622543
3.068,4.690068305986257,4.691904529314387
3.069,4.689435754672737,4.691678355226922
3.07,4.6888032033592175,4.6914417563608435
3.071,4.688170652045698,4.691187586395422
3.072,4.687538100732178,4.69092587386651
3.073,4.6869055494186584,4.6906736403400044
3.074,4.686272998105139,4.6904571217192945
3.075,4.68564044679162,4.690237690684594
3.076,4.6850078954781,4.690000066429895
3.077,4.684375344164581,4.689768271851333
3.078,4.683742792851061,4.689523725981328
3.079,4.683110241537541,4.689250640066432
3.08,4.6824776902240215,4.688979857013789
3.081,4.681845138910502,4.6887333550442545
3.082,4.681212587596983,4.688509415444742
3.083,4.680580036283463,4.688296395962424
3.084,4.679947484969944,4.688084443460128
3.085,4.679314933656424,4.68788430859011
3.086,4.678682382342904,4.687673150953016
3.087,4.6780498310293845,4.687436021044119
3.088,4.677417279715865,4.687194499089622
3.089,4.676784728402346,4.686955593955415
3.09,4.676152177088826,4.686732523454461
3.091,4.675519625775307,4.686524585546516
3.092,4.674887074461787,4.686304684902525
3.093,4.674254523148267,4.68605996050301
3.094,4.673621971834748,4.685784799571531
3.095,4.672989420521228,4.685528339471382
3.096,4.672356869207709,4.685288491938732
3.097,4.671724317894189,4.685044907332832
3.098,4.67109176658067,4.684773969906513
3.099,4.67045921526715,4.684484706801672
3.1,4.66982666395363,4.684173922676477
3.101,4.669194112640111,4.6838580706659005
3.102,4.668561561326591,4.683540758835345
3.103,4.667929010013071,4.683226428023273
3.104,4.6672964586995525,4.682928051024003
3.105,4.666663907386033,4.6826219739782955
3.106,4.666031356072513,4.682324543095359
3.107,4.665398804758993,4.682031230842135
3.108,4.664766253445474,4.681750425138891
3.109,4.664133702131954,4.681484408013234
3.11,4.663501150818434,4.681202829035849
3.111,4.6628685995049155,4.680911257746084
3.112,4.662236048191396,4.680617546823546
3.113,4.661603496877876,4.680336090390169
3.114,4.660970945564356,4.680061773830366
3.115,4.660338394250837,4.679797491992108
3.116,4.659705842937317,4.679523334056643
3.117,4.659073291623797,4.679228743234445
3.118,4.658440740310278,4.678932593240439
3.119,4.657808188996759,4.67865301043849
3.12,4.657175637683239,4.678382659106079
3.121,4.6565430863697195,4.678123062046805
3.122,4.6559105350562,4.677854338467911
3.123,4.65527798374268,4.677573302050742
3.124,4.65464543242916,4.677309639937143
3.125,4.654012881115641,4.6770535168499885
3.126,4.653380329802122,4.676786717286857
3.127,4.652747778488602,4.67651206931238
3.128,4.6521152271750825,4.676236675616871
3.129,4.651482675861563,4.675963684512831
3.13,4.650850124548043,4.675687451136674
3.131,4.6502175732345234,4.6753776546094015
3.132,4.649585021921004,4.675045598014727
3.133,4.648952470607485,4.674741375293085
3.134,4.648319919293965,4.674457768636765
3.135,4.647687367980446,4.674172374015528
3.136,4.647054816666926,4.673911475844414
3.137,4.646422265353406,4.673680332649118
3.138,4.6457897140398865,4.673436454748
3.139,4.645157162726367,4.673167239445024
3.14,4.644524611412848,4.672900768990254
3.141,4.643892060099328,4.672619657181936
3.142,4.643259508785809,4.672332609561829
3.143,4.642626957472289,4.67206713050327
3.144,4.641994406158769,4.671786054150969
3.145,4.6413618548452495,4.671484338984086
3.146,4.64072930353173,4.671194622435281
3.147,4.640096752218211,4.67091136432504
3.148,4.639464200904691,4.670646298023128
3.149,4.638831649591172,4.670367746615399
3.15,4.638199098277652,4.670055468750662
3.151,4.637566546964132,4.669711110455658
3.152,4.636933995650613,4.669355787913072
3.153,4.636301444337093,4.669026119032427
3.154,4.635668893023573,4.668690799637025
3.155,4.635036341710054,4.668353372695647
3.156,4.634403790396535,4.668015197734608
3.157,4.633771239083015,4.667696160295285
3.158,4.633138687769495,4.667385199063383
3.159,4.632506136455976,4.667061590119403
3.16,4.631873585142456,4.666735045302898
3.161,4.631241033828936,4.6663914936240865
3.162,4.6306084825154175,4.666058660406835
3.163,4.629975931201898,4.665735107069151
3.164,4.629343379888378,4.665417013420476
3.165,4.628710828574858,4.665114645613628
3.166,4.628078277261339,4.664839800484394
3.167,4.627445725947819,4.664553647208937
3.168,4.626813174634299,4.664249847657422
3.169,4.62618062332078,4.6639429132831545
3.17,4.625548072007261,4.6636545682611406
3.171,4.624915520693741,4.6633661100234125
3.172,4.624282969380221,4.663068240367996
3.173,4.623650418066702,4.662787341437767
3.174,4.623017866753182,4.662492715310945
3.175,4.622385315439662,4.6621824301640595
3.176,4.621752764126143,4.661897485055535
3.177,4.621120212812624,4.661626876564976
3.178,4.620487661499104,4.661354304313651
3.179,4.6198551101855845,4.66106873896699
3.18,4.619222558872065,4.660767521973775
3.181,4.618590007558545,4.660450855015495
3.182,4.617957456245025,4.660125528285407
3.183,4.617324904931506,4.659790387872347
3.184,4.616692353617987,4.659448310244975
3.185,4.616059802304467,4.659099467477266
3.186,4.6154272509909475,4.658736280202733
3.187,4.614794699677428,4.658390327670014
3.188,4.614162148363908,4.65806622206188
3.189,4.6135295970503885,4.6577290153988455
3.19,4.612897045736869,4.657378232662324
3.191,4.61226449442335,4.657024944301149
3.192,4.61163194310983,4.656674812223312
3.193,4.610999391796311,4.6563345970141485
3.194,4.610366840482791,4.656030584921334
3.195,4.609734289169271,4.655753477943062
3.196,4.6091017378557515,4.655469463271194
3.197,4.608469186542232,4.655155659808217
3.198,4.607836635228713,4.6548118979543105
3.199,4.607204083915193,4.654430676382634
3.2,4.606571532601674,4.6540291232738795
3.201,4.605938981288154,4.6536246933357805
3.202,4.605306429974634,4.6532158028849535
3.203,4.6046738786611145,4.652807237528417
3.204,4.604041327347595,4.652418318207579
3.205,4.603408776034076,4.652047705287635
3.206,4.602776224720556,4.651669034235973
3.207,4.602143673407037,4.651308349529334
3.208,4.601511122093517,4.650984874727165
3.209,4.600878570779997,4.650667686253908
3.21,4.600246019466478,4.650319719098013
3.211,4.599613468152958,4.649950652444555
3.212,4.598980916839438,4.64958045819186
3.213,4.598348365525919,4.649209621933711
3.214,4.5977158142124,4.648840281679907
3.215,4.59708326289888,4.648483385790254
3.216,4.59645071158536,4.648134145522928
3.217,4.595818160271841,4.647816528619421
3.218,4.595185608958321,4.647492217438071
3.219,4.594553057644801,4.647169767984553
3.22,4.593920506331282,4.646830956430369
3.221,4.593287955017763,4.646496613946734
3.222,4.592655403704243,4.646150751422251
3.223,4.592022852390723,4.645801805889481
3.224,4.591390301077204,4.645450182808797
3.225,4.590757749763684,4.645114494152128
3.226,4.590125198450164,4.64477495566303
3.227,4.589492647136645,4.64442278658179
3.228,4.588860095823126,4.644057822944722
3.229,4.588227544509606,4.643722063184647
3.23,4.587594993196086,4.643405188926025
3.231,4.586962441882567,4.643092121060973
3.232,4.586329890569047,4.64278110112612
3.233,4.585697339255527,4.642444554688611
3.234,4.585064787942008,4.642106431038138
3.235,4.584432236628489,4.641788406896587
3.236,4.583799685314969,4.641474142804672
3.237,4.5831671340014495,4.6411644346764325
3.238,4.58253458268793,4.640832949524359
3.239,4.58190203137441,4.640471733090777
3.24,4.58126948006089,4.6401052613747495
3.241,4.580636928747371,4.639742990671694
3.242,4.580004377433852,4.639368585388567
3.243,4.579371826120332,4.638938320243201
3.244,4.5787392748068125,4.638472810593712
3.245,4.578106723493293,4.638002343380528
3.246,4.577474172179773,4.637563774815059
3.247,4.5768416208662535,4.637149472412225
3.248,4.576209069552734,4.636751187130607
3.249,4.575576518239215,4.63635996285241
3.25,4.574943966925695,4.635961883603467
3.251,4.574311415612176,4.635559801227267
3.252,4.573678864298656,4.635170151280462
3.253,4.573046312985136,4.634810855919542
3.254,4.5724137616716165,4.634471559104454
3.255,4.571781210358097,4.634118309164566
3.256,4.571148659044578,4.633746466922222
3.257,4.570516107731058,4.633373743779796
3.258,4.569883556417539,4.633033617543251
3.259,4.569251005104019,4.632695511771965
3.26,4.568618453790499,4.632345694233432
3.261,4.5679859024769796,4.631990885627931
3.262,4.56735335116346,4.631652482832899
3.263,4.56672079984994,4.6313014493008335
3.264,4.566088248536421,4.6309275237863945
3.265,4.565455697222902,4.6305578499390245
3.266,4.564823145909382,4.63018782902362
3.267,4.564190594595862,4.6298111697879785
3.268,4.563558043282343,4.629431875817213
3.269,4.562925491968823,4.629037812488685
3.27,4.562292940655303,4.628642342486139
3.271,4.561660389341784,4.628215779166377
3.272,4.561027838028265,4.627751178174542
3.273,4.560395286714745,4.627283574843127
3.274,4.559762735401225,4.626837842493251
3.275,4.559130184087706,4.626421677882828
3.276,4.558497632774186,4.626011508432442
3.277,4.557865081460666,4.625590535536646
3.278,4.557232530147147,4.6251667988465215
3.279,4.556599978833628,4.624744125416017
3.28,4.555967427520108,4.624334915035702
3.281,4.555334876206588,4.623948714139926
3.282,4.554702324893069,4.623562773978526
3.283,4.554069773579549,4.623174995910991
3.284,4.553437222266029,4.622787666288377
3.285,4.55280467095251,4.622384805331916
3.286,4.552172119638991,4.621972763743859
3.287,4.551539568325471,4.621568057651834
3.288,4.550907017011951,4.621160703138393
3.289,4.550274465698432,4.6207696211717
3.29,4.549641914384912,4.620397161052183
3.291,4.549009363071392,4.6200456807827175
3.292,4.548376811757873,4.619695974880927
3.293,4.547744260444354,4.619338533439708
3.294,4.547111709130834,4.618968570200428
3.295,4.5464791578173145,4.6185783737718
3.296,4.545846606503795,4.618170268869491
3.297,4.545214055190275,4.6177448522460285
3.298,4.544581503876755,4.617309531964957
3.299,4.543948952563236,4.6168896872493885
3.3,4.543316401249717,4.616476725446097
3.301,4.542683849936197,4.6160559385944095
3.302,4.5420512986226775,4.615631395700832
3.303,4.541418747309158,4.615204779638114
3.304,4.540786195995638,4.614764650162931
3.305,4.5401536446821185,4.614312148671083
3.306,4.539521093368599,4.6138766019922155
3.307,4.53888854205508,4.61345632864818
3.308,4.53825599074156,4.613041045095982
3.309,4.537623439428041,4.612617216199043
3.31,4.536990888114521,4.612176355767067
3.311,4.536358336801001,4.611724182233186
3.312,4.5357257854874815,4.6112583245569345
3.313,4.535093234173962,4.610786291395713
3.314,4.534460682860442,4.610334567480282
3.315,4.533828131546923,4.609896175149223
3.316,4.533195580233404,4.609473756753138
3.317,4.532563028919884,4.609064795257705
3.318,4.531930477606364,4.6086757608132265
3.319,4.531297926292845,4.6083019355369705
3.32,4.530665374979325,4.607922606167262
3.321,4.530032823665805,4.6075397121418735
3.322,4.529400272352286,4.607152033992287
3.323,4.528767721038767,4.606765105299627
3.324,4.528135169725247,4.606382020078034
3.325,4.527502618411727,4.605976128316382
3.326,4.526870067098208,4.605533377964374
3.327,4.526237515784688,4.605058137227017
3.328,4.525604964471168,4.604574690307713
3.329,4.5249724131576485,4.604090693155545
3.33,4.52433986184413,4.603621632047819
3.331,4.52370731053061,4.603176265743746
3.332,4.52307475921709,4.602727831726529
3.333,4.522442207903571,4.602266657786966
3.334,4.521809656590051,4.601809038875549
3.335,4.521177105276531,4.6013327774248305
3.336,4.520544553963012,4.600839335151409
3.337,4.519912002649493,4.600347817983944
3.338,4.519279451335973,4.599861272208957
3.339,4.518646900022453,4.599370886335331
3.34,4.518014348708934,4.598886775420365
3.341,4.517381797395414,4.598406034973681
3.342,4.516749246081894,4.597934468439722
3.343,4.516116694768375,4.597482259259883
3.344,4.515484143454856,4.597029999701382
3.345,4.514851592141336,4.596568997349374
3.346,4.514219040827816,4.596124840354214
3.347,4.513586489514297,4.595705568122794
3.348,4.512953938200777,4.595300860205418
3.349,4.512321386887257,4.594888469753933
3.35,4.511688835573738,4.594479501569288
3.351,4.511056284260219,4.594084984554931
3.352,4.510423732946699,4.593704019086631
3.353,4.5097911816331795,4.593333642822679
3.354,4.50915863031966,4.592978223558947
3.355,4.50852607900614,4.592602477698125
3.356,4.50789352769262,4.592194572098539
3.357,4.507260976379101,4.591773769011852
3.358,4.506628425065582,4.591360757273604
3.359,4.505995873752062,4.590942291793646
3.36,4.5053633224385425,4.590508171814266
3.361,4.504730771125023,4.59003249103046
3.362,4.504098219811503,4.589537401535621
3.363,4.5034656684979835,4.589055862542274
3.364,4.502833117184464,4.588586541942062
3.365,4.502200565870944,4.5881140686172905
3.366,4.501568014557425,4.587610478238998
3.367,4.500935463243906,4.587084144775082
3.368,4.500302911930386,4.586550146545535
3.369,4.499670360616866,4.586011140975395
3.37,4.4990378093033465,4.585466536087122
3.371,4.498405257989827,4.5849216344025425
3.372,4.497772706676307,4.58439558853544
3.373,4.497140155362788,4.583904824890178
3.374,4.496507604049269,4.583435105579989
3.375,4.495875052735749,4.5829816990865995
3.376,4.495242501422229,4.582518481642497
3.377,4.49460995010871,4.58205127553802
3.378,4.49397739879519,4.581577505937578
3.379,4.49334484748167,4.581113849211884
3.38,4.4927122961681505,4.580656263513733
3.381,4.492079744854632,4.5801901801713125
3.382,4.491447193541112,4.57971436758054
3.383,4.490814642227592,4.579246406147471
3.384,4.490182090914073,4.578800534143746
3.385,4.489549539600553,4.578379165031428
3.386,4.488916988287033,4.5779188303694855
3.387,4.4882844369735135,4.577434538696841
3.388,4.487651885659995,4.5769486253725065
3.389,4.487019334346475,4.576458238449777
3.39,4.486386783032955,4.5759623688478115
3.391,4.485754231719436,4.5754620759003615
3.392,4.485121680405916,4.574979739254686
3.393,4.484489129092396,4.574488140178195
3.394,4.483856577778877,4.573994086959638
3.395,4.483224026465358,4.573503551473909
3.396,4.482591475151838,4.572992638644618
3.397,4.481958923838318,4.572468923102059
3.398,4.481326372524799,4.571952428956696
3.399,4.480693821211279,4.571414990749439
3.4,4.480061269897759,4.570870541090603
3.401,4.47942871858424,4.570323549437067
3.402,4.478796167270721,4.569787127508437
3.403,4.478163615957201,4.569282054344571
3.404,4.4775310646436814,4.56881373295578
3.405,4.476898513330162,4.568361654533814
3.406,4.476265962016642,4.5679137149186095
3.407,4.475633410703122,4.567470162049376
3.408,4.475000859389603,4.567035388545232
3.409,4.474368308076084,4.566584071371466
3.41,4.473735756762564,4.566133729581333
3.411,4.4731032054490445,4.565676745752302
3.412,4.472470654135525,4.56521621440704
3.413,4.471838102822005,4.564742162674164
3.414,4.471205551508485,4.564236813445128
3.415,4.470573000194966,4.563717764803346
3.416,4.469940448881446,4.563201704755281
3.417,4.469307897567927,4.562678575808805
3.418,4.4686753462544075,4.562148066945462
3.419,4.468042794940888,4.561594769362657
3.42,4.467410243627368,4.561048759291311
3.421,4.4667776923138485,4.560513296925546
3.422,4.466145141000329,4.559982449376168
3.423,4.465512589686809,4.559464436666014
3.424,4.46488003837329,4.558966082160845
3.425,4.464247487059771,4.558464887340035
3.426,4.463614935746251,4.557955541376058
3.427,4.462982384432731,4.557450130963417
3.428,4.4623498331192115,4.556951742875283
3.429,4.461717281805692,4.556434945863948
3.43,4.461084730492172,4.555930177775144
3.431,4.460452179178652,4.555423721711751
3.432,4.459819627865134,4.554925498303841
3.433,4.459187076551614,4.5544457138068974
3.434,4.458554525238094,4.553958188030575
3.435,4.457921973924575,4.553445769280254
3.436,4.457289422611055,4.552921179089241
3.437,4.456656871297535,4.552388455747318
3.438,4.4560243199840155,4.5518656801178095
3.439,4.455391768670497,4.551339269003627
3.44,4.454759217356977,4.550788859729352
3.441,4.454126666043457,4.550226339264057
3.442,4.453494114729938,4.549655705253813
3.443,4.452861563416418,4.549098712559302
3.444,4.452229012102898,4.5485552813562515
3.445,4.4515964607893785,4.548012974264839
3.446,4.45096390947586,4.547476587717413
3.447,4.45033135816234,4.546937364438071
3.448,4.44969880684882,4.546403173987772
3.449,4.449066255535301,4.545875541764604
3.45,4.448433704221781,4.545354145564313
3.451,4.447801152908261,4.544837675524448
3.452,4.447168601594742,4.544328601282174
3.453,4.446536050281223,4.5438208998517995
3.454,4.445903498967703,4.543306473517946
3.455,4.445270947654183,4.542810502051588
3.456,4.444638396340664,4.542324170738221
3.457,4.444005845027144,4.541828662483635
3.458,4.443373293713624,4.541319679431482
3.459,4.442740742400105,4.540796748461652
3.46,4.442108191086586,4.540260893050804
3.461,4.441475639773066,4.539728478133827
3.462,4.4408430884595465,4.539182223277314
3.463,4.440210537146027,4.53860142513907
3.464,4.439577985832507,4.53800935343967
3.465,4.438945434518987,4.537431359761448
3.466,4.438312883205468,4.536855861818153
3.467,4.437680331891949,4.536268748316742
3.468,4.437047780578429,4.535682659859265
3.469,4.4364152292649095,4.535115413187339
3.47,4.43578267795139,4.534556140418179
3.471,4.43515012663787,4.533990685248332
3.472,4.43451757532435,4.533435704849338
3.473,4.433885024010831,4.532894156167676
3.474,4.433252472697311,4.53234343946178
3.475,4.432619921383791,4.531802712898465
3.476,4.4319873700702725,4.531286797092212
3.477,4.431354818756753,4.530797624206133
3.478,4.430722267443233,4.530331463973794
3.479,4.4300897161297135,4.529861709333006
3.48,4.429457164816194,4.529393996654933
3.481,4.428824613502674,4.528919564132276
3.482,4.428192062189154,4.528443683757317
3.483,4.427559510875636,4.52795350436383
3.484,4.426926959562116,4.527452359086165
3.485,4.426294408248596,4.526907833751998
3.486,4.4256618569350765,4.526332733345439
3.487,4.425029305621557,4.525753893244759
3.488,4.424396754308037,4.525161723285442
3.489,4.4237642029945174,4.524570786876532
3.49,4.423131651680999,4.523976390470216
3.491,4.422499100367479,4.5233658680943165
3.492,4.421866549053959,4.522748538171869
3.493,4.42123399774044,4.522136690204145
3.494,4.42060144642692,4.521539571438675
3.495,4.4199688951134,4.5209404706972025
3.496,4.4193363437998805,4.520340069631041
3.497,4.418703792486362,4.519744427855472
3.498,4.418071241172842,4.519155618047178
3.499,4.417438689859322,4.518574156703078
3.5,4.416806138545803,4.517996698320945
3.501,4.416173587232283,4.517422727551181
3.502,4.415541035918763,4.516834424543346
3.503,4.4149084846052435,4.516243921253714
3.504,4.414275933291725,4.515646493512677
3.505,4.413643381978205,4.515042453174048
3.506,4.413010830664685,4.514449058519871
3.507,4.412378279351166,4.513860984921855
3.508,4.411745728037646,4.513265258975266
3.509,4.411113176724126,4.512679350270704
3.51,4.410480625410607,4.512090042891504
3.511,4.409848074097088,4.5115046530810465
3.512,4.409215522783568,4.5109311161079555
3.513,4.408582971470048,4.510364025055298
3.514,4.407950420156529,4.509811688636097
3.515,4.407317868843009,4.509250513826801
3.516,4.406685317529489,4.508680854654795
3.517,4.40605276621597,4.508108592721954
3.518,4.405420214902451,4.507549209409489
3.519,4.404787663588931,4.5069852761041815
3.52,4.4041551122754115,4.5064147850086425
3.521,4.403522560961892,4.505843624176919
3.522,4.402890009648372,4.505281355159611
3.523,4.402257458334852,4.504707617866676
3.524,4.401624907021333,4.504122875676092
3.525,4.400992355707813,4.50353796959375
3.526,4.400359804394293,4.502958372575777
3.527,4.3997272530807745,4.502389139065276
3.528,4.399094701767255,4.50181434521531
3.529,4.398462150453735,4.50124186616307
3.53,4.397829599140215,4.500664378851162
3.531,4.397197047826696,4.500081604718483
3.532,4.396564496513176,4.499478267136868
3.533,4.395931945199656,4.498850750143629
3.534,4.3952993938861376,4.498230613241382
3.535,4.394666842572618,4.497614206625582
3.536,4.394034291259098,4.4969794342652
3.537,4.3934017399455785,4.496355124727214
3.538,4.392769188632059,4.495741775690104
3.539,4.392136637318539,4.495132801290138
3.54,4.391504086005019,4.494527650538628
3.541,4.390871534691501,4.493915804791032
3.542,4.390238983377981,4.493286474427089
3.543,4.389606432064461,4.492659695748157
3.544,4.3889738807509415,4.492050418258304
3.545,4.388341329437422,4.491442119075279
3.546,4.387708778123902,4.490835389813049
3.547,4.3870762268103825,4.49025669563259
3.548,4.386443675496864,4.48968639823412
3.549,4.385811124183344,4.489109567364429
3.55,4.385178572869824,4.488544801255701
3.551,4.384546021556305,4.4879736410552065
3.552,4.383913470242785,4.4873784421308685
3.553,4.383280918929265,4.4867680875062295
3.554,4.3826483676157455,4.4861489135465575
3.555,4.382015816302227,4.485515691806906
3.556,4.381383264988707,4.4848648477241495
3.557,4.380750713675187,4.484211762834514
3.558,4.380118162361668,4.483568754055819
3.559,4.379485611048148,4.482932246294267
3.56,4.378853059734628,4.482291574585857
3.561,4.3782205084211085,4.481648947717897
3.562,4.37758795710759,4.481032382405172
3.563,4.37695540579407,4.480425444977945
3.564,4.37632285448055,4.479830861315328
3.565,4.375690303167031,4.47924307133994
3.566,4.375057751853511,4.478645640989309
3.567,4.374425200539991,4.4780560405725325
3.568,4.373792649226472,4.477465527766448
3.569,4.373160097912953,4.476869664117121
3.57,4.372527546599433,4.4762662693144835
3.571,4.371894995285913,4.475655561197803
3.572,4.371262443972394,4.475051704399067
3.573,4.370629892658874,4.474438640791133
3.574,4.369997341345354,4.473817130742313
3.575,4.369364790031835,4.473182299741394
3.576,4.368732238718315,4.4725515336690815
3.577,4.368099687404795,4.471920902714919
3.578,4.3674671360912765,4.4712847961863815
3.579,4.366834584777757,4.47064474993641
3.58,4.366202033464237,4.47000233584315
3.581,4.365569482150717,4.469364917394682
3.582,4.364936930837198,4.468718911437401
3.583,4.364304379523678,4.468071647191639
3.584,4.363671828210158,4.467442834213892
3.585,4.3630392768966395,4.4668172027576505
3.586,4.36240672558312,4.466186316147841
3.587,4.3617741742696,4.465542019420059
3.588,4.36114162295608,4.464900203712128
3.589,4.360509071642561,4.464267733870776
3.59,4.359876520329041,4.463643557908993
3.591,4.359243969015521,4.463014931423622
3.592,4.3586114177020026,4.462380804382851
3.593,4.357978866388483,4.461749935315808
3.594,4.357346315074963,4.461110721324262
3.595,4.3567137637614435,4.460464624809253
3.596,4.356081212447924,4.459799494963055
3.597,4.355448661134404,4.4591281530267795
3.598,4.354816109820884,4.458464717328893
3.599,4.354183558507366,4.457800613201432
3.6,4.353551007193846,4.457139085153375
3.601,4.352918455880326,4.456473428752673
3.602,4.3522859045668065,4.455797033707281
3.603,4.351653353253287,4.455127428606146
3.604,4.351020801939767,4.454469746471408
3.605,4.3503882506262475,4.453814540730522
3.606,4.349755699312729,4.453166442066271
3.607,4.349123147999209,4.452519814945641
3.608,4.348490596685689,4.451865410793303
3.609,4.34785804537217,4.451195130834076
3.61,4.34722549405865,4.450521801110418
3.611,4.34659294274513,4.449862114659997
3.612,4.3459603914316105,4.44920997016363
3.613,4.345327840118092,4.448544298930114
3.614,4.344695288804572,4.447883255940625
3.615,4.344062737491052,4.447231042872758
3.616,4.343430186177533,4.446589017600389
3.617,4.342797634864013,4.445943156874244
3.618,4.342165083550493,4.445299197554681
3.619,4.3415325322369736,4.444651232344256
3.62,4.340899980923455,4.444003722722504
3.621,4.340267429609935,4.443361547213111
3.622,4.339634878296415,4.442718149486006
3.623,4.339002326982896,4.442052239664217
3.624,4.338369775669376,4.441374657825081
3.625,4.337737224355856,4.440701172948013
3.626,4.337104673042337,4.440031094110151
3.627,4.336472121728817,4.439368133707511
3.628,4.335839570415297,4.438683136473714
3.629,4.335207019101778,4.437980365402136
3.63,4.334574467788259,4.437271220637267
3.631,4.333941916474739,4.436570147107096
3.632,4.333309365161219,4.4358825482063695
3.633,4.3326768138477,4.435202610771019
3.634,4.33204426253418,4.434510843541894
3.635,4.33141171122066,4.433804513701604
3.636,4.3307791599071415,4.433101793946655
3.637,4.330146608593622,4.43242636147632
3.638,4.329514057280102,4.43176788997205
3.639,4.328881505966582,4.431110544353081
3.64,4.328248954653063,4.430439945679953
3.641,4.327616403339543,4.42976900272479
3.642,4.326983852026023,4.429086060856362
3.643,4.3263513007125045,4.428411297508597
3.644,4.325718749398985,4.427740595646166
3.645,4.325086198085465,4.4270760135429965
3.646,4.324453646771945,4.426423445226705
3.647,4.323821095458426,4.425780025828193
3.648,4.323188544144906,4.425127601806762
3.649,4.322555992831386,4.424465559238068
3.65,4.321923441517868,4.423803622770763
3.651,4.321290890204348,4.423147787240821
3.652,4.320658338890828,4.422482942175719
3.653,4.3200257875773085,4.421812283962566
3.654,4.319393236263789,4.421138193853801
3.655,4.318760684950269,4.420458139973801
3.656,4.318128133636749,4.41975875148398
3.657,4.317495582323231,4.419058615113375
3.658,4.316863031009711,4.41835869047107
3.659,4.316230479696191,4.417646553967553
3.66,4.3155979283826715,4.416939116611633
3.661,4.314965377069152,4.4162381366911925
3.662,4.314332825755632,4.415552048923923
3.663,4.3137002744421125,4.414869112084829
3.664,4.313067723128594,4.414189564297902
3.665,4.312435171815074,4.413496423072126
3.666,4.311802620501554,4.4127822670576675
3.667,4.311170069188035,4.412068170165546
3.668,4.310537517874515,4.411351185753099
3.669,4.309904966560995,4.410618977606318
3.67,4.3092724152474755,4.40987662159066
3.671,4.308639863933957,4.409137176456405
3.672,4.308007312620437,4.408395780994862
3.673,4.307374761306917,4.407648084750527
3.674,4.306742209993398,4.4069009568805
3.675,4.306109658679878,4.406155324433221
3.676,4.305477107366358,4.4054246227404406
3.677,4.3048445560528386,4.404711674522869
3.678,4.304212004739319,4.404003350567579
3.679,4.3035794534258,4.403301156623717
3.68,4.30294690211228,4.402596204936706
3.681,4.302314350798761,4.401885234398362
3.682,4.301681799485241,4.401167780641863
3.683,4.301049248171721,4.400451179862415
3.684,4.300416696858202,4.399733036369225
3.685,4.299784145544682,4.39902203667128
3.686,4.299151594231162,4.398322277684767
3.687,4.298519042917643,4.397614490887251
3.688,4.297886491604124,4.39690271714535
3.689,4.297253940290604,4.396205387915813
3.69,4.296621388977084,4.395515537215281
3.691,4.295988837663565,4.394817689645788
3.692,4.295356286350045,4.394119448949294
3.693,4.294723735036525,4.393426545205966
3.694,4.2940911837230065,4.3927308100864915
3.695,4.293458632409487,4.392028334041193
3.696,4.292826081095967,4.391318770592858
3.697,4.292193529782447,4.390604074767313
3.698,4.291560978468928,4.389882118092674
3.699,4.290928427155408,4.389165515905366
3.7,4.290295875841888,4.388443021462167
3.701,4.2896633245283695,4.38771302600314
3.702,4.28903077321485,4.38697801894044
3.703,4.28839822190133,4.386247227121768
3.704,4.28776567058781,4.385518087712024
3.705,4.287133119274291,4.384790737018323
3.706,4.286500567960771,4.3840643855177905
3.707,4.285868016647251,4.38333325711687
3.708,4.285235465333733,4.382583443792558
3.709,4.284602914020213,4.381833761914737
3.71,4.283970362706693,4.381087013420756
3.711,4.2833378113931735,4.3803476587873025
3.712,4.282705260079654,4.379605254368018
3.713,4.282072708766134,4.378857260989036
3.714,4.281440157452614,4.378106118015436
3.715,4.280807606139096,4.377378826934984
3.716,4.280175054825576,4.376652726536667
3.717,4.279542503512056,4.3759222574387895
3.718,4.2789099521985365,4.375182757590121
3.719,4.278277400885017,4.374435394379598
3.72,4.277644849571497,4.373668666478916
3.721,4.2770122982579775,4.372906265429595
3.722,4.276379746944459,4.372162936178558
3.723,4.275747195630939,4.3714235221542515
3.724,4.275114644317419,4.370672436211798
3.725,4.2744820930039,4.369924822829641
3.726,4.27384954169038,4.3691765972987024
3.727,4.27321699037686,4.3684283249068425
3.728,4.2725844390633405,4.367688815830143
3.729,4.271951887749821,4.366939232853792
3.73,4.271319336436302,4.366182968155418
3.731,4.270686785122782,4.365423567113978
3.732,4.270054233809263,4.364670758272446
3.733,4.269421682495743,4.363926167360969
3.734,4.268789131182223,4.3631826846532045
3.735,4.268156579868704,4.362431795250054
3.736,4.267524028555184,4.361666499040684
3.737,4.266891477241664,4.360898590026091
3.738,4.266258925928145,4.3601410070841435
3.739,4.265626374614626,4.35939998302255
3.74,4.264993823301106,4.358655820820708
3.741,4.264361271987586,4.357905716592631
3.742,4.263728720674067,4.35715090182595
3.743,4.263096169360547,4.356387449323832
3.744,4.262463618047027,4.355627348478454
3.745,4.261831066733508,4.354869331195806
3.746,4.261198515419989,4.354103207804155
3.747,4.260565964106469,4.353334505251527
3.748,4.259933412792949,4.3525616760340275
3.749,4.25930086147943,4.351784798918625
3.75,4.25866831016591,4.350995501010212
3.751,4.25803575885239,4.350207726152352
3.752,4.2574032075388715,4.349419517521604
3.753,4.256770656225352,4.348630493788635
3.754,4.256138104911832,4.34784102169151
3.755,4.255505553598312,4.3470634651353945
3.756,4.254873002284793,4.3462918979427805
3.757,4.254240450971273,4.345511574993213
3.758,4.253607899657753,4.344724040321699
3.759,4.2529753483442345,4.34394357970838
3.76,4.252342797030715,4.343166579310244
3.761,4.251710245717195,4.342377992269634
3.762,4.2510776944036754,4.341585696756978
3.763,4.250445143090156,4.34079771025232
3.764,4.249812591776636,4.340013966078753
3.765,4.249180040463116,4.339240651572773
3.766,4.248547489149598,4.3384664255678915
3.767,4.247914937836078,4.337688506333069
3.768,4.247282386522558,4.336908835869847
3.769,4.2466498352090385,4.336124966053329
3.77,4.246017283895519,4.335347668516638
3.771,4.245384732581999,4.334575695968794
3.772,4.244752181268479,4.333801403167148
3.773,4.244119629954961,4.333040804334022
3.774,4.243487078641441,4.332281951350073
3.775,4.242854527327921,4.33150078493272
3.776,4.2422219760144015,4.330711773141685
3.777,4.241589424700882,4.329928415922188
3.778,4.240956873387362,4.329150368962931
3.779,4.2403243220738425,4.328371449762373
3.78,4.239691770760323,4.32758468946736
3.781,4.239059219446804,4.326795728224724
3.782,4.238426668133284,4.326009308812168
3.783,4.237794116819765,4.325222307866944
3.784,4.237161565506245,4.324429915162784
3.785,4.236529014192725,4.32364330397255
3.786,4.2358964628792055,4.3228498121025805
3.787,4.235263911565686,4.322062721816678
3.788,4.234631360252166,4.321288358022002
3.789,4.233998808938647,4.32051050270437
3.79,4.233366257625128,4.319723136805495
3.791,4.232733706311608,4.318935206172437
3.792,4.232101154998088,4.318142548949481
3.793,4.231468603684569,4.317346831082183
3.794,4.230836052371049,4.316562398996883
3.795,4.230203501057529,4.315780164082054
3.796,4.22957094974401,4.314999321544865
3.797,4.228938398430491,4.314211750168273
3.798,4.228305847116971,4.313411294505062
3.799,4.227673295803451,4.312594733489311
3.8,4.227040744489932,4.311760339128362
3.801,4.226408193176412,4.310918163275951
3.802,4.225775641862892,4.31007580646105
3.803,4.225143090549373,4.309233255282798
3.804,4.224510539235854,4.308389818541918
3.805,4.223877987922334,4.307547632609049
3.806,4.223245436608814,4.306706331979523
3.807,4.222612885295295,4.305874440660506
3.808,4.221980333981775,4.30504245701161
3.809,4.221347782668255,4.304206375599517
3.81,4.2207152313547365,4.303379453229629
3.811,4.220082680041217,4.302552617639433
3.812,4.219450128727697,4.301724682940097
3.813,4.218817577414177,4.300908405596972
3.814,4.218185026100658,4.300105679929404
3.815,4.217552474787138,4.299303146431586
3.816,4.216919923473618,4.2985056782519475
3.817,4.2162873721600995,4.297711522797166
3.818,4.21565482084658,4.296922474907084
3.819,4.21502226953306,4.29612907234982
3.82,4.2143897182195404,4.295331098728993
3.821,4.213757166906021,4.294550550422323
3.822,4.213124615592501,4.293765241478998
3.823,4.212492064278981,4.292971760994401
3.824,4.211859512965463,4.292178168132942
3.825,4.211226961651943,4.291388937291165
3.826,4.210594410338423,4.290597609280116
3.827,4.2099618590249035,4.289802709529516
3.828,4.209329307711384,4.288999791618373
3.829,4.208696756397864,4.288191076731675
3.83,4.208064205084344,4.287373310583876
3.831,4.207431653770826,4.286556162673302
3.832,4.206799102457306,4.285750113174055
3.833,4.206166551143786,4.28494454101123
3.834,4.2055339998302665,4.284145021803206
3.835,4.204901448516747,4.283344737191909
3.836,4.204268897203227,4.282541284715233
3.837,4.2036363458897075,4.281733463081472
3.838,4.203003794576188,4.280929827035587
3.839,4.202371243262668,4.2801310578580445
3.84,4.201738691949149,4.279331257143987
3.841,4.20110614063563,4.27852461724235
3.842,4.20047358932211,4.277706768754232
3.843,4.19984103800859,4.276877238091498
3.844,4.1992084866950705,4.2760372070375245
3.845,4.198575935381551,4.275184077362118
3.846,4.197943384068031,4.274325490799864
3.847,4.197310832754512,4.273463102154535
3.848,4.196678281440993,4.272596727037536
3.849,4.196045730127473,4.271743762455737
3.85,4.195413178813953,4.270907124354984
3.851,4.194780627500434,4.270071330449829
3.852,4.194148076186914,4.2692302605902555
3.853,4.193515524873394,4.268375272517592
3.854,4.192882973559875,4.267519856620953
3.855,4.192250422246356,4.266653369590752
3.856,4.191617870932836,4.265777284335915
3.857,4.190985319619316,4.264913001251341
3.858,4.190352768305797,4.264053621067478
3.859,4.189720216992277,4.263201962564779
3.86,4.189087665678757,4.262357586086248
3.861,4.188455114365238,4.261503230984718
3.862,4.187822563051719,4.260644948251605
3.863,4.187190011738199,4.259791721303522
3.864,4.186557460424679,4.2589270864579145
3.865,4.18592490911116,4.258047632024621
3.866,4.18529235779764,4.257169996881599
3.867,4.18465980648412,4.2562885118453275
3.868,4.1840272551706015,4.25539905309013
3.869,4.183394703857082,4.254518721965975
3.87,4.182762152543562,4.253644587895372
3.871,4.182129601230042,4.252784114685024
3.872,4.181497049916523,4.251958610311003
3.873,4.180864498603003,4.251143538357033
3.874,4.180231947289483,4.250289246664071
3.875,4.1795993959759645,4.249421124336621
3.876,4.178966844662445,4.248558963638642
3.877,4.178334293348925,4.247706688637328
3.878,4.1777017420354055,4.246869312100816
3.879,4.177069190721886,4.24602830012758
3.88,4.176436639408366,4.245183576166656
3.881,4.175804088094846,4.2443534007408275
3.882,4.175171536781328,4.243533968501023
3.883,4.174538985467808,4.242711639019071
3.884,4.173906434154288,4.241884039367591
3.885,4.1732738828407685,4.241062771169402
3.886,4.172641331527249,4.240241651514217
3.887,4.172008780213729,4.239393806233391
3.888,4.171376228900209,4.2385411734942915
3.889,4.17074367758669,4.237693931762386
3.89,4.17011112627317,4.236853198379022
3.891,4.169478574959651,4.236012859475116
3.892,4.1688460236461315,4.235168029372161
3.893,4.168213472332612,4.234309778559302
3.894,4.167580921019092,4.233444288639995
3.895,4.1669483697055725,4.2325916262443055
3.896,4.166315818392053,4.231754618814047
3.897,4.165683267078533,4.230932401396721
3.898,4.165050715765014,4.230109569938514
3.899,4.164418164451495,4.229295392363198
3.9,4.163785613137975,4.228491695082357
3.901,4.163153061824455,4.227680234262743
3.902,4.1625205105109355,4.226864563287649
3.903,4.161887959197416,4.226034489290892
3.904,4.161255407883896,4.225196760580505
3.905,4.160622856570377,4.224346834372362
3.906,4.159990305256858,4.2234778312332475
3.907,4.159357753943338,4.22261139592285
3.908,4.158725202629818,4.221734119401029
3.909,4.158092651316299,4.220829129585628
3.91,4.157460100002779,4.219886207425538
3.911,4.156827548689259,4.218954324929235
3.912,4.15619499737574,4.218047334896655
3.913,4.155562446062221,4.217143385671835
3.914,4.154929894748701,4.21623044347795
3.915,4.154297343435181,4.215304823107201
3.916,4.153664792121662,4.214381782183018
3.917,4.153032240808142,4.213456082969135
3.918,4.152399689494622,4.212525757184106
3.919,4.151767138181103,4.211602891407901
3.92,4.151134586867586,4.21069136803029
3.921,4.150616520918877,4.209793936945971
3.922,4.150096598457042,4.2089015136411225
3.923,4.1495749259408585,4.208006810280122
3.924,4.149051605969744,4.20711905952899
3.925,4.148526755479845,4.2062512202812075
3.926,4.1480004930494365,4.205381923191961
3.927,4.1474729099638195,4.204485056621515
3.928,4.1469440886817175,4.2035844629907215
3.929,4.146414120868873,4.202685919046556
3.93,4.1458830970868,4.20181386349079
3.931,4.145351090795505,4.200966452761225
3.932,4.1448181875082994,4.200125509799631
3.933,4.144284469795592,4.199278214919686
3.934,4.1437500004617345,4.198413354335428
3.935,4.143214829261642,4.197523920490063
3.936,4.142678998535633,4.196645777949381
3.937,4.142142548026476,4.195785185501375
3.938,4.141605513427706,4.194931737501637
3.939,4.141067925628183,4.194084973402675
3.94,4.140529813127456,4.1932558600971435
3.941,4.139991196898881,4.192406247466697
3.942,4.13945209768144,4.191528763670341
3.943,4.13891254186464,4.190649747859019
3.944,4.138372567063219,4.189762598740598
3.945,4.1378322077171585,4.188843119816036
3.946,4.137291512479738,4.187909822131141
3.947,4.136750520056287,4.186980467292384
3.948,4.136209253735416,4.186033719675393
3.949,4.135667739053596,4.185107308981607
3.95,4.135126009385867,4.184197297577405
3.951,4.134584064210994,4.183262510713189
3.952,4.134041892908998,4.182338187859096
3.953,4.133499511558267,4.181449328599813
3.954,4.1329569250770355,4.180592697282749
3.955,4.132414143583144,4.179753174555799
3.956,4.131871161686002,4.178925686656442
3.957,4.1313280046404985,4.178128551180833
3.958,4.130784677483818,4.177337351904339
3.959,4.13024117044578,4.176524904626681
3.96,4.129697489556932,4.1756832043662655
3.961,4.129153631341187,4.174817494994781
3.962,4.1286096063325965,4.173967129806975
3.963,4.128065413961641,4.173095352185228
3.964,4.127521047712301,4.172177909647089
3.965,4.12697651848407,4.171235425295616
3.966,4.126431829897444,4.170290707407984
3.967,4.125886959941519,4.169330287134479
3.968,4.125341886092234,4.1683606308666885
3.969,4.124796600783907,4.1674152832843205
3.97,4.1242510975283,4.166501368088859
3.971,4.123705391240077,4.165624271240069
3.972,4.123159486193895,4.16476160519617
3.973,4.122613378058537,4.163912762671807
3.974,4.122067061829892,4.163053164425091
3.975,4.121520536507995,4.1622048452213996
3.976,4.120973808542839,4.1613666804942495
3.977,4.1204268898121965,4.160485166027709
3.978,4.119879785689137,4.159583947144357
3.979,4.119332487366077,4.158660488984509
3.98,4.118784997029777,4.157721571387072
3.981,4.118237299947377,4.156785266833391
3.982,4.117689399866221,4.155828521959936
3.983,4.117141314508304,4.154863553287488
3.984,4.1165930570747635,4.153936610076534
3.985,4.116044604468727,4.153058388173646
3.986,4.115495939991888,4.1521580727244
3.987,4.114947071402051,4.151231869417523
3.988,4.114398004722845,4.150296108921402
3.989,4.113848751332445,4.149342480479668
3.99,4.11329933861937,4.148369548203231
3.991,4.1127498003467995,4.147398571281395
3.992,4.112200145192372,4.146442417093269
3.993,4.111650359938245,4.145497742877528
3.994,4.111100446415035,4.14454503816394
3.995,4.110550432581362,4.143625200466765
3.996,4.110000333121451,4.1427457467366215
3.997,4.109450143728604,4.1419029832920815
3.998,4.1088998521237095,4.141080263051185
3.999,4.108349452457791,4.1402796269548405
4.0,4.107798952729032,4.139495222949764
4.001,4.107248348581365,4.138682728904586
4.002,4.106697624032604,4.137826050963988
4.003,4.106146762219632,4.1369456981636255
4.004,4.105595766580059,4.136081525908665
4.005,4.10504464682681,4.1352130879475695
4.006,4.104493391668866,4.134302658703866
4.007,4.103942003901758,4.133358475215964
4.008,4.1033904781095965,4.132382674997022
4.009,4.102838799673408,4.131432051961362
4.01,4.102286945504969,4.130501156385536
4.011,4.101734934911528,4.129582967955778
4.012,4.10118277290016,4.12867601415706
4.013,4.100630457599098,4.127745154151874
4.014,4.100077983296638,4.126823214572202
4.015,4.099525350802205,4.125919557640266
4.016,4.098972554529421,4.1249974281001185
4.017,4.098419586617178,4.124057651259533
4.018,4.097866465655465,4.1231629095780455
4.019,4.0973132044802,4.122309658157735
4.02,4.096759813726819,4.121434986035862
4.021,4.0962062974933415,4.120554353289092
4.022,4.095652667737408,4.119643629399635
4.023,4.095098939869386,4.118705842958061
4.024,4.094545124904761,4.117785643693419
4.025,4.0939912260484315,4.116883440000783
4.026,4.093437228663381,4.115970333659215
4.027,4.092883134101289,4.1150450103917535
4.028,4.092328941223778,4.114114308394285
4.029,4.0917746470444225,4.113183894937531
4.03,4.091220249794033,4.1122846256851995
4.031,4.090665752937666,4.1113702960207945
4.032,4.090111159356033,4.110452901481843
4.033,4.089556455316079,4.109575133336068
4.034,4.089001625367306,4.1087043380137915
4.035,4.088446652033429,4.107820499534474
4.036,4.087891534032871,4.106958316429597
4.037,4.0873362770160115,4.106108564201096
4.038,4.086780865518501,4.105270755763132
4.039,4.086225290912198,4.104403288355052
4.04,4.085669547978156,4.103514677289156
4.041,4.085113654528463,4.1026287432582205
4.042,4.084557645834797,4.101733367531966
4.043,4.084001522259261,4.10081008134594
4.044,4.083445272213468,4.099872851306487
4.045,4.082888886678498,4.098887959698099
4.046,4.082332363881468,4.097888756462618
4.047,4.081775718258191,4.096972006956113
4.048,4.081218960911918,4.096128789634697
4.049,4.080662088798583,4.09527326890883
4.05,4.080105091201291,4.094376131156684
4.051,4.079547968932157,4.093455075795669
4.052,4.0789907030038774,4.092484676514838
4.053,4.0784332868370585,4.091503587561473
4.054,4.07787573279385,4.090552267380078
4.055,4.077318055995066,4.089610620316543
4.056,4.076760247145575,4.088659882681869
4.057,4.076202290726575,4.087699154685908
4.058,4.0756441998705855,4.0868007397814115
4.059,4.075085989002946,4.085940922744274
4.06,4.074527663662005,4.085053840761374
4.061,4.073969229028736,4.084170416394293
4.062,4.073410680433734,4.083262309029578
4.063,4.0728520081199,4.082303371527682
4.064,4.07229321292149,4.081297144760861
4.065,4.071734305436779,4.0803301006143515
4.066,4.071175300617845,4.079392813670768
4.067,4.070616208965324,4.078480718371152
4.068,4.070057027746509,4.077619709005196
4.069,4.069497748756556,4.076808842525282
4.07,4.068938356398547,4.0759710775792755
4.071,4.068378860209334,4.075083141637124
4.072,4.067819251480139,4.074174091463998
4.073,4.067259528611726,4.073233341250705
4.074,4.066699708803392,4.072294987042746
4.075,4.066139783923292,4.07134233013365
4.076,4.065579731215581,4.070401518205237
4.077,4.065019538236629,4.0694807347582005
4.078,4.064459208709767,4.068590283620177
4.079,4.063898754592046,4.06768934704561
4.08,4.063338205674566,4.066772419132442
4.081,4.062777564818895,4.0658918173600025
4.082,4.062216823764656,4.065000277859202
4.083,4.061655971224518,4.064077349058339
4.084,4.061095015361832,4.063150893314817
4.085,4.060533969785519,4.062280370571367
4.086,4.05997284724577,4.061372029100795
4.087,4.059411662099726,4.060432623228859
4.088,4.05885041594349,4.059515701162569
4.089,4.058289090540764,4.0586001440584925
4.09,4.057727687422047,4.057710635355327
4.091,4.057166226229271,4.0568361012111716
4.092,4.056604710619602,4.055930980942793
4.093,4.0560431289036885,4.054982550446648
4.094,4.055481477081004,4.054041241358244
4.095,4.054919764740721,4.053144992449101
4.096,4.05435799471217,4.052273612929483
4.097,4.053796150606797,4.051387068227863
4.098,4.053234230330241,4.0504758525627675
4.099,4.05267223420936,4.049585977680485
4.1,4.05211015510188,4.048743093953072
4.101,4.051547988390271,4.047878686113623
4.102,4.050985737993194,4.047023046787057
4.103,4.050423396281023,4.046113235153876
4.104,4.0498609580691785,4.045211587594707
4.105,4.049298442592463,4.0443264970747075
4.106,4.048735868153933,4.0434494206518075
4.107,4.048173224350149,4.042587369385296
4.108,4.047610514776176,4.04172189763806
4.109,4.047047741846774,4.040825799949779
4.11,4.04648490920785,4.039879867543057
4.111,4.045922033469003,4.03891470082652
4.112,4.045359121742973,4.037966848174675
4.113,4.044796170278371,4.037010960539433
4.114,4.044233181230797,4.036013619012137
4.115,4.043670157675136,4.034981475529182
4.116,4.043107084617572,4.0339707637647395
4.117,4.042543946110355,4.033019317634149
4.118,4.041980745192828,4.032107460511948
4.119,4.0414174861230245,4.031202042451711
4.12,4.040854177812522,4.0302912386558285
4.121,4.040290821328066,4.0293953212415206
4.122,4.039727428861574,4.028544921259808
4.123,4.0391639954939365,4.027689047004139
4.124,4.038600516934817,4.026818243583744
4.125,4.038037002791408,4.025932210174673
4.126,4.037473456297536,4.0250403511053445
4.127,4.036909881528772,4.024099606010147
4.128,4.036346267724316,4.023156763526946
4.129,4.035782607576964,4.022251973197222
4.13,4.0352189053405985,4.021350317983326
4.131,4.034655169326698,4.020477593603826
4.132,4.034091407250668,4.019619533175559
4.133,4.033527604067949,4.018743129037331
4.134,4.032963743321972,4.017894864913511
4.135,4.032399834626293,4.017052411563538
4.136,4.031835887919876,4.016211793776889
4.137,4.031271904912937,4.015334564438119
4.138,4.030707888447247,4.014465057426169
4.139,4.030143841147309,4.013615863802725
4.14,4.029579761225876,4.012753443167858
4.141,4.029015656181373,4.011867392456047
4.142,4.028451536636617,4.010961392570264
4.143,4.027887409756311,4.010018456662659
4.144,4.027323263806867,4.009066465771466
4.145,4.026759093428869,4.008139134217562
4.146,4.026194913011973,4.00722269658152
4.147,4.025630719866987,4.0063303857770745
4.148,4.025066521446574,4.00543667352495
4.149,4.024502310162593,4.0045378379642536
4.15,4.0239380562536535,4.003632435900317
4.151,4.023373736025351,4.0027174125613225
4.152,4.022809355764503,4.001804637581827
4.153,4.022244932887645,4.000891213282323
4.154,4.021680479422164,3.999968110755342
4.155,4.021115986346368,3.9990671237711943
4.156,4.020551454065105,3.998196696238339
4.157,4.01998688772671,3.997361474682846
4.158,4.019422307399794,3.9965286119330488
4.159,4.0188577251129605,3.9956817293111766
4.16,4.0182931405400915,3.9948137384825424
4.161,4.017728548705006,3.9939188854469836
4.162,4.017163940850651,3.9930031212665953
4.163,4.016599329781268,3.9920786884287707
4.164,4.016034717262845,3.991173350119728
4.165,4.015470092847563,3.9902713965291263
4.166,4.014905477602773,3.9893626227382972
4.167,4.014340887721998,3.9884684670693384
4.168,4.0137763395528925,3.9875659501191154
4.169,4.013211836595069,3.9866521047830763
4.17,4.012647382021381,3.9857222513265835
4.171,4.012082967895645,3.9847971803906685
4.172,4.011518573758817,3.983888863999666
4.173,4.010954199767816,3.9829700766781437
4.174,4.010389842411205,3.9820438954683213
4.175,4.009825478959557,3.981143000264491
4.176,4.009261100814295,3.980243364692664
4.177,4.00869672039166,3.979360290678379
4.178,4.008132349972122,3.978487420151489
4.179,4.007567990737816,3.9776139102131314
4.18,4.0070036511103835,3.9767485246000684
4.181,4.0064393318595215,3.975880974917399
4.182,4.005875028381048,3.9750101385529426
4.183,4.005310737968135,3.9741628659236174
4.184,4.004746479136812,3.973338530015886
4.185,4.004182247016461,3.9725105734018755
4.186,4.003618038452451,3.971679075187059
4.187,4.003053855656524,3.9708404508501203
4.188,4.002489684993743,3.9700029832878867
4.189,4.001925523071129,3.969146425759356
4.19,4.001361376278623,3.96826746142612
4.191,4.000797226115016,3.9673750045090985
4.192,4.000233066216764,3.9664842315801594
4.193,3.999668889024461,3.965596243548502
4.194,3.9991047046126322,3.964714863585256
4.195,3.998540523268388,3.9638355745329235
4.196,3.9979763499672156,3.962940315436413
4.197,3.9974121770185533,3.9620282291748103
4.198,3.9968480001688613,3.961134167969081
4.199,3.9962838190705714,3.960236457737858
4.2,3.995719643978119,3.9593498613510314
4.201,3.9951554815548778,3.958470564643231
4.202,3.9945913307402297,3.95761606134237
4.203,3.994027186945606,3.9567576225792425
4.204,3.9934630526928134,3.955876830388936
4.205,3.992898936802376,3.9549702031242058
4.206,3.9923348392274023,3.95406081591462
4.207,3.9917707652527117,3.9531499484353883
4.208,3.9912067291723687,3.952262452509174
4.209,3.9906427330557377,3.951396989155783
4.21,3.9900787757606224,3.9505348671761267
4.211,3.989514863920764,3.949660144468043
4.212,3.9889509921631117,3.9487984437258032
4.213,3.98838716245645,3.9479513241353548
4.214,3.9878233838994155,3.9471183698281416
4.215,3.987259655021624,3.9462868416524697
4.216,3.9866959786096006,3.945424725390475
4.217,3.9861323620599274,3.944563342820182
4.218,3.985568810363799,3.9437164657809163
4.219,3.9850053191234105,3.9428743813949483
4.22,3.9844419010608316,3.9420357582373455
4.221,3.98387856500466,3.941203005957007
4.222,3.98331530749968,3.9403597380766593
4.223,3.9827521186601595,3.939510232315547
4.224,3.982188988948622,3.938661369112674
4.225,3.9816259253796873,3.937798742141128
4.226,3.981062936735662,3.936952837598777
4.227,3.9805000221826354,3.9361108649450096
4.228,3.979937176495684,3.9352481031293967
4.229,3.979374397331631,3.9343918986726996
4.23,3.9788116672232148,3.933527909181737
4.231,3.978248977142752,3.93266861466256
4.232,3.9776863328781005,3.931813816319545
4.233,3.977123730616954,3.9309728112042848
4.234,3.976561175556401,3.9301326108182897
4.235,3.9759986664854643,3.9292872963561574
4.236,3.9754361983180613,3.9284366236248975
4.237,3.97487377070002,3.9275797388718425
4.238,3.974311381923495,3.9267123582691332
4.239,3.9737490256619443,3.9258621197100596
4.24,3.973186698832338,3.92501119495492
4.241,3.9726244140673788,3.924152684198926
4.242,3.9720621941369196,3.9232931954738466
4.243,3.9715000451449805,3.922448436351064
4.244,3.970937968184734,3.921609572293259
4.245,3.9703759566969015,3.9207641046648423
4.246,3.9698140113039817,3.9199315440945064
4.247,3.9692521342717555,3.9191026205789683
4.248,3.9686903125016237,3.9182783663223364
4.249,3.96812854301425,3.9174515996579107
4.25,3.9675668360059064,3.9166170231936173
4.251,3.9670052110076037,3.915767843663602
4.252,3.9664436682728232,3.914923997266513
4.253,3.965882211014968,3.9140687137216954
4.254,3.9653208402609654,3.913208617552192
4.255,3.9647595584579935,3.912320217134086
4.256,3.9641983662826545,3.9114114067600343
4.257,3.963637269549009,3.910509455674877
4.258,3.9630762709218854,3.909627005224648
4.259,3.9625153756254368,3.908743621551738
4.26,3.9619545801783635,3.9078610076884837
4.261,3.961393884230267,3.9069886986150455
4.262,3.9608332925444643,3.9061220216841934
4.263,3.960272810685951,3.9052747516660236
4.264,3.959712441587858,3.9044462187394586
4.265,3.959152175489776,3.9036259732431033
4.266,3.958592004419447,3.9028114816612174
4.267,3.9580319314845336,3.9019994436067194
4.268,3.957471954061652,3.901215381648043
4.269,3.956912065675187,3.9004340727686873
4.27,3.956352267139733,3.8996480359060497
4.271,3.955792559828554,3.8988509868930876
4.272,3.9552329448678885,3.8980537385475214
4.273,3.954673420235595,3.8972555410622642
4.274,3.954113985831864,3.8964601678384927
4.275,3.953554636571614,3.8956704945743423
4.276,3.9529953592816893,3.894868595002021
4.277,3.95243616591046,3.8940698799443876
4.278,3.9518770576202296,3.893276634955709
4.279,3.951318032303384,3.892462444681901
4.28,3.950759083801578,3.891636261848919
4.281,3.950200210149011,3.89081435703307
4.282,3.949641421648987,3.8900004501305143
4.283,3.949082715137657,3.8891850231522516
4.284,3.9485240986932144,3.888372829665394
4.285,3.947965574847817,3.8875539482635864
4.286,3.947407146284794,3.886737220557679
4.287,3.946848815312664,3.8859070762590666
4.288,3.946290577476081,3.8850876449558123
4.289,3.945732432535107,3.884269250052146
4.29,3.9451743890206186,3.883440182954336
4.291,3.944616456880487,3.882605704099789
4.292,3.9440586542708456,3.8817887289498647
4.293,3.94350099256279,3.88098669306485
4.294,3.9429434762335025,3.8801694925016905
4.295,3.9423860939767277,3.879347806663991
4.296,3.9418288472133285,3.878539182460116
4.297,3.941271740379985,3.8777480919468856
4.298,3.940714770142974,3.876969407866724
4.299,3.9401579358665235,3.8761992365058924
4.3,3.9396012409293246,3.875427066852443
4.301,3.9390446881813763,3.874650702171104
4.302,3.9384882779558956,3.8738721147471127
4.303,3.9379320073963617,3.873081232600891
4.304,3.937375868532918,3.8722688058718857
4.305,3.93681985531003,3.8714506288734145
4.306,3.9362639523964393,3.870632390747953
4.307,3.935708165337409,3.8698373509206716
4.308,3.9351525051560814,3.8690469039160513
4.309,3.9345969716390936,3.868244975392307
4.31,3.9340415623889413,3.867447017045845
4.311,3.933486276099609,3.8666432529950625
4.312,3.9329311132929945,3.8658252317247643
4.313,3.932376079364765,3.8650133277195318
4.314,3.9318211770754634,3.864220614437653
4.315,3.9312664094049423,3.8634253573606427
4.316,3.930711777423199,3.862639928665721
4.317,3.9301572788820973,3.861846214505887
4.318,3.9296029170247393,3.8610346577670662
4.319,3.9290486905174262,3.860229755813593
4.32,3.9284946031400603,3.8594377398894464
4.321,3.927940657993144,3.8586463436511225
4.322,3.9273868603218496,3.857847209702334
4.323,3.926833212470851,3.857046835615362
4.324,3.926279713564219,3.856242078035563
4.325,3.9257263459062606,3.855423410750179
4.326,3.9251731065514743,3.854601661736603
4.327,3.9246200088732692,3.8537822980787433
4.328,3.9240670565994336,3.852955475614317
4.329,3.923514251213833,3.8521439073054244
4.33,3.9229616104749567,3.851348215574428
4.331,3.9224091377877044,3.8505637050741055
4.332,3.921856827815033,3.849793835299105
4.333,3.9213046709020842,3.8490197328569296
4.334,3.9207526658093714,3.8482356900826713
4.335,3.920200808022052,3.8474608302853732
4.336,3.919649092357433,3.846694975571683
4.337,3.919097520262556,3.845928523947143
4.338,3.9185461045375076,3.845155596753429
4.339,3.917994846322183,3.8443762140684394
4.34,3.9174437370060984,3.8436008762618057
4.341,3.916892762959242,3.842832163066878
4.342,3.916341920493103,3.8420666456960872
4.343,3.91579121753161,3.8412966669554205
4.344,3.915240666135336,3.8405172086314763
4.345,3.9146902809305675,3.8397347710815533
4.346,3.9141400570663523,3.838953916332123
4.347,3.913589984634785,3.8381872222335307
4.348,3.9130400630089968,3.837437675338602
4.349,3.9124903025664457,3.8366971511137953
4.35,3.9119407111451325,3.8359592431240586
4.351,3.9113913085689145,3.8352267989711626
4.352,3.910842095838886,3.8345049457195612
4.353,3.9102930742605433,3.8337716771721646
4.354,3.9097442465489003,3.833037349154257
4.355,3.909195605981644,3.8323114774922566
4.356,3.908647157566196,3.831581889043285
4.357,3.9080988952399767,3.8308466795819736
4.358,3.9075508207244205,3.8300935392415214
4.359,3.907002929170041,3.829352610794795
4.36,3.90645522031627,3.828618947221101
4.361,3.9059077070391206,3.8278745472723354
4.362,3.9053603876697602,3.8271365871242677
4.363,3.9048132670957365,3.826407249478723
4.364,3.904266339068784,3.825683159548303
4.365,3.903719603429585,3.824962838273081
4.366,3.903173050092996,3.824226183784913
4.367,3.902626680376289,3.823478393445166
4.368,3.9020805010648583,3.822726492615032
4.369,3.901534507989973,3.8219682876186614
4.37,3.900988699939594,3.821205296161582
4.371,3.900443074458586,3.820452245689553
4.372,3.8998976304005515,3.819697087238629
4.373,3.8993523706574074,3.818924843492851
4.374,3.898807303648472,3.818149731051415
4.375,3.8982624145333737,3.8173851723629695
4.376,3.897717698796597,3.8166199840227413
4.377,3.89717316017605,3.8158572792310794
4.378,3.8966287989607107,3.8151016923424
4.379,3.8960846109773217,3.8143466995598354
4.38,3.8955405985459954,3.813571676679205
4.381,3.89499677520198,3.8127744384023905
4.382,3.894453161658095,3.811994841379717
4.383,3.8939097667358165,3.811217316159457
4.384,3.8933665740054484,3.810423492644808
4.385,3.892823568540793,3.809621867188676
4.386,3.892280753435598,3.808825456186102
4.387,3.891738128055304,3.808039062163382
4.388,3.8911956814471074,3.8072522975886725
4.389,3.8906534109830617,3.806477266871188
4.39,3.8901113256460835,3.8057205754399153
4.391,3.8895694285915154,3.8049755103383327
4.392,3.8890277308385364,3.8042464874395843
4.393,3.888486245105933,3.803527896935344
4.394,3.8879449637449115,3.802820608237539
4.395,3.8874038835363467,3.802129883481988
4.396,3.886863013204113,3.8014485020476783
4.397,3.8863223553598587,3.8007774163992964
4.398,3.885781915530811,3.8001220618397635
4.399,3.8852416796797393,3.799479591500147
4.4,3.8847016552566704,3.798833672709598
4.401,3.8841618609164317,3.798178436709107
4.402,3.8836223084327233,3.797507402396014
4.403,3.8830830070865616,3.796835803340872
4.404,3.8825439411032328,3.7961522434796273
4.405,3.88200510710934,3.7954601886657215
4.406,3.881466504024018,3.794767511610004
4.407,3.8809281293935247,3.794072234914151
4.408,3.880389967747812,3.793374680710997
4.409,3.8798520198917137,3.792681382451146
4.41,3.8793142966237646,3.7919750170057087
4.411,3.87877679637823,3.791257405113218
4.412,3.8782395231447384,3.7905586963437297
4.413,3.877702472102646,3.789864012865208
4.414,3.877165637748737,3.7891538951643544
4.415,3.8766290208917553,3.788415996722092
4.416,3.8760926213491858,3.787668030061056
4.417,3.8755564266521607,3.786930827795167
4.418,3.875020446656555,3.786187519180579
4.419,3.874484684284424,3.785446756192115
4.42,3.8739491456865207,3.7847058992802665
4.421,3.873413824516409,3.7839499522407904
4.422,3.8728787184684728,3.783190398207204
4.423,3.872343830601136,3.782452999619207
4.424,3.8718091569679127,3.781743052242523
4.425,3.871274703204828,3.7810203790543873
4.426,3.8707404780254393,3.7802840252284886
4.427,3.870206466766484,3.7795604713762274
4.428,3.86967265916287,3.778828394100068
4.429,3.8691390582081935,3.778085900799438
4.43,3.868605671438507,3.777385091191826
4.431,3.868072507565226,3.7767023037905987
4.432,3.8675395753466755,3.776026576606897
4.433,3.8670068782092297,3.775362265258951
4.434,3.8664744182548287,3.7746960721189784
4.435,3.8659422056939694,3.7740107235758997
4.436,3.8654102513914674,3.7733339989749255
4.437,3.864878561931206,3.772655253452721
4.438,3.864347130589632,3.7719875676439316
4.439,3.8638159470950937,3.7713443561911464
4.44,3.8632850174870557,3.7707086918446118
4.441,3.862754343738219,3.770082381025672
4.442,3.8622239243581955,3.769445146405261
4.443,3.8616937595116143,3.7687849893887226
4.444,3.8611638511743482,3.7680834318568333
4.445,3.86063418194196,3.76736255470956
4.446,3.8601047385354734,3.7666501731439497
4.447,3.8595755188770697,3.765932962876289
4.448,3.859046530789705,3.76522718311407
4.449,3.858517787332608,3.764532466475581
4.45,3.857989305848107,3.7638600995523848
4.451,3.8574610991906564,3.763205870716637
4.452,3.8569331707363306,3.7625566983483107
4.453,3.856405523138277,3.7619259527865294
4.454,3.855878153079121,3.7612972738982466
4.455,3.8553510552761736,3.760673587272801
4.456,3.8548242227298997,3.760048067904677
4.457,3.854297653712789,3.75938842798845
4.458,3.8537713436436847,3.758707991224019
4.459,3.8532452838121034,3.7580215967323563
4.46,3.852719473489389,3.757318414334944
4.461,3.852193917522847,3.7565938559386423
4.462,3.8516686229088704,3.7558570675405996
4.463,3.8511435912861143,3.755108134862017
4.464,3.85061881476472,3.7543611280165305
4.465,3.8500942913800973,3.7536195890322657
4.466,3.8495700190205886,3.7529121574749915
4.467,3.849046000530268,3.752230797724349
4.468,3.848522225702302,3.751549422358145
4.469,3.8479986901498533,3.750859526258183
4.47,3.8474753972268108,3.750180541806185
4.471,3.846952360600348,3.749524382756613
4.472,3.8464295794933867,3.7488718278878843
4.473,3.845907058752577,3.7482211515043202
4.474,3.8453847988801213,3.747576027722682
4.475,3.844862801551767,3.746923685321669
4.476,3.8443410655527144,3.74626257250911
4.477,3.8438195964223585,3.7455943922926416
4.478,3.8432983990199445,3.7449237811622673
4.479,3.8427774857274466,3.744253317649839
4.48,3.8422568472229552,3.743564783211991
4.481,3.8417364726706085,3.74287326626889
4.482,3.8412163611187204,3.7421827772723426
4.483,3.8406965153336756,3.741495919001322
4.484,3.840176944882065,3.7408118218260578
4.485,3.839657652172273,3.7401488392019595
4.486,3.839138629540062,3.7394966335196056
4.487,3.8386198711265993,3.738848063101086
4.488,3.8381013760333937,3.7382042518208096
4.489,3.83758314851167,3.737566019098597
4.49,3.83706519528343,3.7369263777802932
4.491,3.836547520292583,3.736277471571163
4.492,3.8360301243560655,3.735620193234468
4.493,3.8355130088240985,3.7349659380828117
4.494,3.834996195614268,3.7343109494978406
4.495,3.8344796945133623,3.7336591461056194
4.496,3.8339635057820143,3.733005417616601
4.497,3.8334476205519774,3.7323640172080705
4.498,3.832932035497575,3.7317205572522307
4.499,3.8324167459116705,3.7310701349209237
4.5,3.8319017539588303,3.730420052100738
4.501,3.831387061509697,3.7297723040118194
4.502,3.830872669207933,3.7291277329371564
4.503,3.8303585735168926,3.728481653183385
4.504,3.8298447592197316,3.7278314506178436
4.505,3.8293312140056113,3.727202000983563
4.506,3.828817943211558,3.726578330889182
4.507,3.8283049642930242,3.7259443979931133
4.508,3.8277922820518797,3.725317595738205
4.509,3.827279881750074,3.7247000018407874
4.51,3.8267677561458533,3.72407242127924
4.511,3.826255910416224,3.723435422442252
4.512,3.8257443460788663,3.722809182900552
4.513,3.82523305333993,3.7221987762352353
4.514,3.824722036024588,3.7215982653044417
4.515,3.8242113076347604,3.7209948445792125
4.516,3.8237008627922107,3.7203747554237596
4.517,3.8231906982191552,3.719760161773704
4.518,3.822680815784508,3.719152986657399
4.519,3.8221712225525195,3.7185466550213175
4.52,3.8216619319967586,3.71793378362994
4.521,3.821152947001861,3.7173029078917095
4.522,3.8206442848934827,3.7166726702910857
4.523,3.820135963758948,3.716044182531901
4.524,3.819627981357674,3.715401242926888
4.525,3.819120323741667,3.714756492425575
4.526,3.8186129743750836,3.714108609360166
4.527,3.8181059337164953,3.7134512348735114
4.528,3.817599210056578,3.712796337759385
4.529,3.8170928046913026,3.7121319804988113
4.53,3.816586718653021,3.7114634155061657
4.531,3.8160809490550327,3.710800982443881
4.532,3.815575488239686,3.7101384167877285
4.533,3.8150703322829416,3.7094716341067375
4.534,3.8145654732944676,3.70881798310091
4.535,3.814060904176275,3.708192749817027
4.536,3.8135566347929157,3.707580044699554
4.537,3.8130526729136953,3.7069715913702286
4.538,3.8125490175912735,3.7063747110596528
4.539,3.8120456696268485,3.7057723092940598
4.54,3.8115426224103874,3.7051634737885757
4.541,3.811039873783107,3.7045536104842514
4.542,3.810537423810533,3.7039507955952926
4.543,3.8100352734821556,3.7033395334950505
4.544,3.8095334198912374,3.7027249251591905
4.545,3.809031866930176,3.70211063939602
4.546,3.8085306239663006,3.701496826832917
4.547,3.808029700276877,3.700877876368405
4.548,3.8075291064488423,3.700247576148449
4.549,3.8070288488292876,3.6996092878367226
4.55,3.8065289261358557,3.6989658919978217
4.551,3.8060293350233945,3.6983205703051483
4.552,3.8055300781420778,3.697673629069668
4.553,3.8050311545251656,3.697032998690914
4.554,3.804532565119523,3.696401035706705
4.555,3.804034317455034,3.695772100048243
4.556,3.803536418396533,3.695139315619223
4.557,3.8030388586188013,3.694510837130924
4.558,3.8025416255860898,3.6938986983476427
4.559,3.8020447159149025,3.693288180596038
4.56,3.8015481380594314,3.6926863917140555
4.561,3.8010519071960984,3.6920867997912943
4.562,3.800556030397146,3.691472003113694
4.563,3.8000605066572835,3.690856912347364
4.564,3.799565331080071,3.6902402788070194
4.565,3.7990704926597836,3.6896211694510144
4.566,3.798575987715208,3.689008443292116
4.567,3.798081809773553,3.688404744626518
4.568,3.797587951937598,3.6878002937986247
4.569,3.797094402490119,3.6872015879077
4.57,3.796601147244817,3.686603234675152
4.571,3.7961081868898288,3.6860096580585338
4.572,3.795615528170863,3.685421844000984
4.573,3.7951231807993158,3.684816506191232
4.574,3.794631148957367,3.684206490486365
4.575,3.7941394333718232,3.683607483003686
4.576,3.7936480454283443,3.6830133556778955
4.577,3.793157002066928,3.6824250315484646
4.578,3.7926663230601094,3.6818328336624266
4.579,3.7921760162067826,3.6812255847000674
4.58,3.791686081662459,3.6806079131722202
4.581,3.791196512343731,3.6799837430819298
4.582,3.790707295638627,3.6793434692680607
4.583,3.790218427276089,3.67871292925233
4.584,3.7897299089419767,3.6780919112045485
4.585,3.7892417402193073,3.6774775167899585
4.586,3.7887539277795845,3.6768718580588375
4.587,3.7882664768150387,3.676270353088707
4.588,3.7877793837366567,3.6756763281623495
4.589,3.7872926465124954,3.675086354487977
4.59,3.786806268021976,3.6744945845481576
4.591,3.7863202431324465,3.6739121391982654
4.592,3.7858345691570454,3.673322024653323
4.593,3.7853492440594327,3.67272437627774
4.594,3.784864267427079,3.6721270179356997
4.595,3.784379643034201,3.6715357164428473
4.596,3.783895376848802,3.670959895742276
4.597,3.7834114633492066,3.6703990103576007
4.598,3.78292788973631,3.66984085064795
4.599,3.782444650866386,3.6692812481533355
4.6,3.7819617488301374,3.668723241918621
4.601,3.781479184143398,3.6681733489409405
4.602,3.780996955231407,3.6676133635394863
4.603,3.7805150573519373,3.6670418607443573
4.604,3.7800334865570533,3.666464540056551
4.605,3.77955223432045,3.6658850609967866
4.606,3.7790713054801937,3.6653026958142347
4.607,3.778590716323738,3.6647091909962337
4.608,3.778110475174717,3.6641132289424494
4.609,3.7776305778996577,3.663510546735391
4.61,3.777151027182927,3.6629058561327694
4.611,3.7766718306523144,3.6623030892373793
4.612,3.776193004651486,3.6617038683060614
4.613,3.775714558594774,3.6611079184806603
4.614,3.775236487918278,3.6605147783728045
4.615,3.774758789749962,3.6599189784869566
4.616,3.7742814680834393,3.6593292682347056
4.617,3.7738045345444498,3.6587331208955005
4.618,3.7733279953479224,3.658122143213457
4.619,3.772851853371979,3.6575036647647656
4.62,3.7723761071527093,3.6568921507957013
4.621,3.7719007550946024,3.6562903630435653
4.622,3.7714257980008217,3.6556928122004764
4.623,3.770951229438973,3.655093006962052
4.624,3.770477035524095,3.6545039666747345
4.625,3.770003210399679,3.653918674230759
4.626,3.7695297473746963,3.6533289849898876
4.627,3.769056646054934,3.6527370789798828
4.628,3.7685839072176095,3.6521454001734828
4.629,3.768111534820725,3.6515636819815978
4.63,3.7676395241284797,3.650993684088093
4.631,3.7671678718497823,3.6504240449706815
4.632,3.766696585345896,3.6498580439683956
4.633,3.7662256717761506,3.649298811134595
4.634,3.7657551285790003,3.648742713649074
4.635,3.765284944143023,3.6481871177245178
4.636,3.764815110491986,3.6476266231767656
4.637,3.764345648674245,3.6470640343085323
4.638,3.7638765690835676,3.646502816184071
4.639,3.7634078719619706,3.645940784439354
4.64,3.7629395590470542,3.645367457021942
4.641,3.7624716312263184,3.6447886035550527
4.642,3.7620040894278683,3.6441971533371724
4.643,3.7615369286467537,3.6436017143146726
4.644,3.7610701535711613,3.6430128433241302
4.645,3.760603763323103,3.642438516197042
4.646,3.7601377537496505,3.641882195650488
4.647,3.7596721277348153,3.6413211758969344
4.648,3.7592068927650186,3.640750225890222
4.649,3.758742049697489,3.6401846676057508
4.65,3.7582776090752437,3.6396141912427398
4.651,3.757813575812247,3.6390471198049275
4.652,3.75734995063271,3.638478317178997
4.653,3.756886727076146,3.6379071029444883
4.654,3.7564238950406237,3.6373386931738056
4.655,3.7559614403997257,3.636773890173277
4.656,3.755499359649157,3.636214186985209
4.657,3.755037649472559,3.6356577083296844
4.658,3.754576307445298,3.635101986062274
4.659,3.7541153346691085,3.634530668236447
4.66,3.7536547422813347,3.6339464699810233
4.661,3.7531945328985308,3.6333618581749016
4.662,3.7527347097403534,3.632794539515771
4.663,3.752275270403482,3.6322363264309594
4.664,3.7518162196933567,3.6316719262861015
4.665,3.7513575736355773,3.6310989948647774
4.666,3.7508993395922023,3.630531512694066
4.667,3.750441513042215,3.6299753450569434
4.668,3.749984092657194,3.6294160589786237
4.669,3.7495270792265405,3.628853107847464
4.67,3.7490704806796793,3.6282973500533346
4.671,3.7486142905775934,3.6277348486535512
4.672,3.748158505011712,3.6271642886852002
4.673,3.7477031248170456,3.626596605224456
4.674,3.747248140633972,3.62603451556773
4.675,3.7467935453235075,3.625464283894143
4.676,3.7463393425229006,3.624891340665062
4.677,3.745885536818567,3.6243205904246847
4.678,3.7454321263127714,3.6237427199935963
4.679,3.744979108054261,3.6231562343161916
4.68,3.7445264887296026,3.6225710397285056
4.681,3.7440742641488343,3.621987482847637
4.682,3.743622434356515,3.6214072053778055
4.683,3.7431709928323955,3.6208266674025915
4.684,3.74271993296824,3.6202439004639357
4.685,3.7422692599675456,3.619671166050631
4.686,3.7418189871405807,3.619099116612134
4.687,3.741369119979654,3.618530340366163
4.688,3.7409196609988875,3.617960325311014
4.689,3.740470607543838,3.6173863144900995
4.69,3.740021964770885,3.616825906022241
4.691,3.7395737441253982,3.6162693754701207
4.692,3.7391259484062123,3.6157145678793903
4.693,3.7386785787541,3.6151566759281595
4.694,3.7382316307046692,3.6145971089519016
4.695,3.7377851010782055,3.6140372202139632
4.696,3.7373389910534502,3.6134838145423513
4.697,3.736893295812332,3.6129441421879385
4.698,3.7364480161017015,3.612410949594317
4.699,3.736003149692511,3.6118775129268594
4.7,3.73555869383904,3.6113430826825392
4.701,3.735114649739536,3.610799226846389
4.702,3.7346710159436136,3.6102508482783198
4.703,3.734227786831936,3.609708701207852
4.704,3.73378496162682,3.609166557639435
4.705,3.733342545734177,3.608606484358281
4.706,3.7329005343370025,3.6080497556970283
4.707,3.7324589229410416,3.6074894835302116
4.708,3.732017717380854,3.606922987977529
4.709,3.731576924697902,3.6063599204101178
4.71,3.731136550860552,3.6057954105773744
4.711,3.730696600101864,3.6052276441881967
4.712,3.7302570718471273,3.6046495703330064
4.713,3.729817969170931,3.6040734970827497
4.714,3.729379305056921,3.603500604077019
4.715,3.728941082956476,3.6029268895899706
4.716,3.7285032957729536,3.602356558282848
4.717,3.7280659396162417,3.6017945709606196
4.718,3.72762901749088,3.6012263559188398
4.719,3.727192527601211,3.6006487511692837
4.72,3.726756462469181,3.600073392201521
4.721,3.7263208166464237,3.599514986909971
4.722,3.7258855902130006,3.5989588770926106
4.723,3.725450779588553,3.598398577646482
4.724,3.725016379127693,3.5978306289477078
4.725,3.7245823930926636,3.597262493097477
4.726,3.724148818979494,3.5966973121916546
4.727,3.7237156479971336,3.596135073377391
4.728,3.7232828711081645,3.5955734522415472
4.729,3.722850479061466,3.5950057034199205
4.73,3.7224184768188087,3.594435065133991
4.731,3.721986869806035,3.5938575172508065
4.732,3.721555664397538,3.5932808176390636
4.733,3.721124867890933,3.592709211298967
4.734,3.7206944929538417,3.592135955772833
4.735,3.7202645476127283,3.591561084368623
4.736,3.71983505661927,3.5909917657038224
4.737,3.7194060422086084,3.590432296311994
4.738,3.7189775184091314,3.589872201115241
4.739,3.718549501695278,3.5893148784685125
4.74,3.718122004205167,3.5887644546904665
4.741,3.717695041920166,3.5882284792540986
4.742,3.7172686384448026,3.5876896200676867
4.743,3.716842812754197,3.587152463800184
4.744,3.7164175743646233,3.5866257002842135
4.745,3.7159929301082486,3.586100385921991
4.746,3.715568900189061,3.5855817455350207
4.747,3.7151455030458065,3.585068656636553
4.748,3.7147227522958093,3.5845559348358127
4.749,3.714300659427361,3.58404847629547
4.75,3.713879232653442,3.583534535237816
4.751,3.7133756894785783,3.5830140472974796
4.752,3.712872146303716,3.582480709633966
4.753,3.7123686031288536,3.581934988338658
4.754,3.7118650599539915,3.5813885471413096
4.755,3.711361516779129,3.5808359936165552
4.756,3.710857973604267,3.580277682017063
4.757,3.7103544304294043,3.5797197442992954
4.758,3.709850887254542,3.579160652197023
4.759,3.7093473440796796,3.578605795053428
4.76,3.7088438009048175,3.5780541561023917
4.761,3.708340257729955,3.5775035185733324
4.762,3.707836714555093,3.5769515089329222
4.763,3.70733317138023,3.576407942345214
4.764,3.706829628205368,3.5758593007641473
4.765,3.7063260850305055,3.575306201673186
4.766,3.7058225418556434,3.5747596545251112
4.767,3.705318998680781,3.5742106200768684
4.768,3.7048154555059187,3.5736647698953785
4.769,3.704311912331056,3.5731175945335965
4.77,3.703808369156194,3.572565466004546
4.771,3.7033048259813315,3.572018666975382
4.772,3.7028012828064694,3.5714754467562257
4.773,3.702297739631607,3.570930381879266
4.774,3.7017941964567447,3.5703834633233664
4.775,3.701290653281882,3.5698382623439304
4.776,3.70078711010702,3.56930145300683
4.777,3.7002835669321574,3.5687642067862337
4.778,3.6997800237572953,3.568219386928787
4.779,3.6992764805824327,3.567674752773579
4.78,3.6987729374075706,3.56712379643938
4.781,3.6982693942327085,3.566570672887967
4.782,3.697765851057846,3.566020230384107
4.783,3.6972623078829834,3.5654749936037233
4.784,3.6967587647081213,3.56492964425287
4.785,3.696255221533259,3.564385325154789
4.786,3.6957516783583966,3.5638385153001555
4.787,3.695248135183534,3.5632859834183837
4.788,3.694744592008672,3.562734293758365
4.789,3.6942410488338098,3.5621995944860454
4.79,3.693737505658947,3.561668695913642
4.791,3.6932339624840846,3.5611231857526495
4.792,3.6927304193092225,3.560584466366375
4.793,3.6922268761343604,3.56005400944013
4.794,3.691723332959498,3.559526904292004
4.795,3.6912197897846353,3.558994126872827
4.796,3.690716246609773,3.558464326003666
4.797,3.690212703434911,3.557947518657935
4.798,3.6897091602600485,3.5574271335671392
4.799,3.689205617085186,3.556896091975144
4.8,3.688702073910324,3.5563576837864
4.801,3.6881985307354617,3.5558182585293743
4.802,3.687694987560599,3.5552732973347445
4.803,3.6871914443857365,3.554726841334336
4.804,3.6866879012108744,3.5541844514104666
4.805,3.6861843580360123,3.5536476016025786
4.806,3.6856808148611497,3.553114373237051
4.807,3.685177271686287,3.5525854118717053
4.808,3.684673728511425,3.5520616417544915
4.809,3.684170185336563,3.5515338511573744
4.81,3.6836666421617004,3.550996678602721
4.811,3.683163098986838,3.550458191018976
4.812,3.6826595558119757,3.5499244515194297
4.813,3.6821560126371136,3.54938759761535
4.814,3.681652469462251,3.5488475506534582
4.815,3.6811489262873884,3.5482963353135637
4.816,3.6806453831125263,3.5477530359053224
4.817,3.680141839937664,3.5472113171501563
4.818,3.6796382967628016,3.5466670098360686
4.819,3.679134753587939,3.546122085072342
4.82,3.678631210413077,3.545586371689246
4.821,3.678127667238215,3.545056337438552
4.822,3.6776241240633523,3.5445327782783465
4.823,3.6771205808884897,3.54401781047455
4.824,3.6766170377136276,3.543501958021539
4.825,3.6761134945387655,3.542975612675965
4.826,3.675609951363903,3.54244733907434
4.827,3.6751064081890408,3.541923655322798
4.828,3.674602865014178,3.5413995334461013
4.829,3.674099321839316,3.540876572540607
4.83,3.6735957786644535,3.540352057535064
4.831,3.6730922354895914,3.53982124918902
4.832,3.672588692314729,3.5392869988846787
4.833,3.6720851491398667,3.5387412509251313
4.834,3.671581605965004,3.5381908036272813
4.835,3.671078062790142,3.537642547649128
4.836,3.6705745196152795,3.537105754517259
4.837,3.6700709764404174,3.536581583786217
4.838,3.669567433265555,3.53604649287782
4.839,3.6690638900906927,3.535500342591605
4.84,3.66856034691583,3.5349581063503708
4.841,3.668056803740968,3.5344177172953524
4.842,3.6675532605661054,3.53387272109283
4.843,3.6670497173912433,3.5333374112094833
4.844,3.6665461742163807,3.5328075220740938
4.845,3.6660426310415186,3.5322784435214998
4.846,3.665539087866656,3.5317481659445
4.847,3.665035544691794,3.531219643250324
4.848,3.6645320015169314,3.530696582567253
4.849,3.6640284583420692,3.5301717119608775
4.85,3.6635249151672067,3.529643227932925
4.851,3.6630213719923446,3.529112527057753
4.852,3.662517828817482,3.528579845774389
4.853,3.66201428564262,3.5280428603799456
4.854,3.6615107424677573,3.5274995546462318
4.855,3.661007199292895,3.526955388502929
4.856,3.6605036561180326,3.526414366197492
4.857,3.6600001129431705,3.5258688949547747
4.858,3.659496569768308,3.5253271835152193
4.859,3.658993026593446,3.5247993218150504
4.86,3.6584894834185833,3.524269476542769
4.861,3.657985940243721,3.523732691535188
4.862,3.6574823970688586,3.523197840553219
4.863,3.6569788538939965,3.5226699992919723
4.864,3.656475310719134,3.522162724820089
4.865,3.6559717675442718,3.521663451165342
4.866,3.655468224369409,3.52116305824333
4.867,3.654964681194547,3.520656045949136
4.868,3.6544611380196845,3.520149624098135
4.869,3.6539575948448224,3.51964031217829
4.87,3.65345405166996,3.5191219174485697
4.871,3.6529505084950977,3.5185947725432443
4.872,3.652446965320235,3.518076744799619
4.873,3.651943422145373,3.5175680140090813
4.874,3.6514398789705105,3.517061168527333
4.875,3.6509363357956484,3.516542854630922
4.876,3.6504327926207862,3.5160268842083493
4.877,3.6499292494459237,3.5155135570153035
4.878,3.649425706271061,3.5150001148317567
4.879,3.648922163096199,3.5144901623173768
4.88,3.648418619921337,3.5139797135825837
4.881,3.6479150767464743,3.513475171314588
4.882,3.6474115335716117,3.5129736819867943
4.883,3.6469079903967496,3.512462815104084
4.884,3.6464044472218875,3.5119427868430804
4.885,3.645900904047025,3.511421643351869
4.886,3.6453973608721624,3.5108947715154355
4.887,3.6448938176973003,3.5103624540289498
4.888,3.644390274522438,3.5098323384339256
4.889,3.6438867313475756,3.509307191559617
4.89,3.643383188172713,3.5087818340334143
4.891,3.642879644997851,3.5082560673415926
4.892,3.6423761018229888,3.50772714890439
4.893,3.641872558648126,3.507190539606162
4.894,3.6413690154732636,3.5066468683049217
4.895,3.6408654722984015,3.5061111779142062
4.896,3.6403619291235394,3.50556990591125
4.897,3.639858385948677,3.505028659523897
4.898,3.6393548427738143,3.5044948478618783
4.899,3.638851299598952,3.5039644025325964
4.9,3.63834775642409,3.5034303919546876
4.901,3.6378442132492275,3.5028921842196774
4.902,3.637340670074365,3.502351879504333
4.903,3.636837126899503,3.501806885867167
4.904,3.6363335837246407,3.501265779289607
4.905,3.635830040549778,3.5007338566200557
4.906,3.6353264973749155,3.5002093210188407
4.907,3.6348229542000534,3.4996867790303927
4.908,3.6343194110251913,3.4991662739178615
4.909,3.6338158678503287,3.4986563136956947
4.91,3.633312324675466,3.4981512147344445
4.911,3.632808781500604,3.4976525070458493
4.912,3.632305238325742,3.497156834784291
4.913,3.6318016951508794,3.4966743699731433
4.914,3.631298151976017,3.496206764416101
4.915,3.6307946088011547,3.495745292479566
4.916,3.6302910656262926,3.495286396459935
4.917,3.62978752245143,3.4948250848259317
4.918,3.6292839792765674,3.4943614272520547
4.919,3.6287804361017053,3.4938889435839613
4.92,3.628276892926843,3.4934161134925126
4.921,3.6277733497519806,3.4929405833702365
4.922,3.6272698065771185,3.492452649254682
4.923,3.626766263402256,3.491949086965649
4.924,3.626262720227394,3.4914492426910466
4.925,3.6257591770525313,3.4909444002458763
4.926,3.625255633877669,3.490434188684728
4.927,3.6247520907028066,3.489925802965077
4.928,3.6242485475279445,3.489424729846635
4.929,3.623745004353082,3.4889285461372066
4.93,3.6232414611782198,3.4884334402263297
4.931,3.622737918003357,3.4879361584135675
4.932,3.622234374828495,3.4874314016605337
4.933,3.6217308316536325,3.4869197982276594
4.934,3.6212272884787704,3.486405006319754
4.935,3.620723745303908,3.4858956783340207
4.936,3.6202202021290457,3.485381740093278
4.937,3.619716658954183,3.484860220874255
4.938,3.619213115779321,3.4843467377493873
4.939,3.6187095726044585,3.483835564427915
4.94,3.6182060294295963,3.4833239789681043
4.941,3.617702486254734,3.482819282424915
4.942,3.6171989430798717,3.4823128667307954
4.943,3.616695399905009,3.4818136801264834
4.944,3.616191856730147,3.48132230427008
4.945,3.6156883135552844,3.480827529589156
4.946,3.6151847703804223,3.480327009805369
4.947,3.6146812272055597,3.4798217792501425
4.948,3.6141776840306976,3.4793123365337437
4.949,3.613674140855835,3.4787989750080524
4.95,3.613170597680973,3.4782854802452667
4.951,3.6126670545061104,3.477764617794456
4.952,3.6121635113312482,3.477232244545141
4.953,3.6116599681563857,3.476702485790458
4.954,3.6111564249815236,3.4761755623379442
4.955,3.610652881806661,3.4756507309000773
4.956,3.610149338631799,3.475128431145843
4.957,3.6096457954569363,3.474609657933891
4.958,3.609142252282074,3.4740983657769235
4.959,3.6086387091072116,3.473587871599272
4.96,3.6081351659323495,3.4730806385435686
4.961,3.607631622757487,3.472579890399496
4.962,3.607128079582625,3.472078329300323
4.963,3.6066245364077623,3.4715768609921107
4.964,3.6061209932329,3.4710786462566854
4.965,3.6056174500580376,3.470594584733694
4.966,3.6051139068831755,3.470123709326954
4.967,3.6046103637083133,3.4696520226886887
4.968,3.6041068205334508,3.4691780230345497
4.969,3.603603277358588,3.468710883532037
4.97,3.603099734183726,3.4682559784488722
4.971,3.602596191008864,3.4677994962145604
4.972,3.6020926478340014,3.467338138309318
4.973,3.601589104659139,3.4668686384084206
4.974,3.6010855614842767,3.466397349766961
4.975,3.6005820183094146,3.4659360624804885
4.976,3.600078475134552,3.465466872333127
4.977,3.5995749319596895,3.4650026964321805
4.978,3.5990713887848274,3.464542391127079
4.979,3.5985678456099652,3.4640842597407873
4.98,3.5980643024351027,3.463618536493674
4.981,3.59756075926024,3.4631488241923565
4.982,3.597057216085378,3.46267678320639
4.983,3.596553672910516,3.4622081634870003
4.984,3.5960501297356533,3.461737668698319
4.985,3.5955465865607907,3.4612625703956432
4.986,3.5950430433859286,3.460784224117811
4.987,3.5945395002110665,3.460300356368682
4.988,3.594035957036204,3.459804575769278
4.989,3.5935324138613414,3.4593040900957392
4.99,3.5930288706864792,3.458801965781605
4.991,3.592525327511617,3.4582980166269643
4.992,3.5920217843367546,3.45779837583309
4.993,3.591518241161892,3.45730772832697
4.994,3.59101469798703,3.45681091123569
4.995,3.5905111548121678,3.456300931154349
4.996,3.590007611637305,3.4557919304805074
4.997,3.5895040684624426,3.455298122711129
4.998,3.5890005252875805,3.4548126200661358
4.999,3.5884969821127184,3.4543436987579446
5.0,3.587993438937856,3.4538784509762133
5.001,3.5874898957629933,3.453408636962013
5.002,3.586986352588131,3.4529397552785146
5.003,3.586482809413269,3.4524740916229413
5.004,3.5859792662384065,3.452015589531138
5.005,3.585475723063544,3.451568886041284
5.006,3.5849721798886818,3.4511165469578207
5.007,3.5844686367138197,3.4506514506346946
5.008,3.583965093538957,3.4501786413718634
5.009,3.5834615503640945,3.449713005146171
5.01,3.5829580071892324,3.449232930994239
5.011,3.5824544640143703,3.448733151882271
5.012,3.5819509208395077,3.448225726554051
5.013,3.5814473776646456,3.4477198045900237
5.014,3.580943834489783,3.4472063460734894
5.015,3.580440291314921,3.446707408168751
5.016,3.5799367481400584,3.4462129501189036
5.017,3.5794332049651962,3.4457164778619385
5.018,3.5789296617903337,3.445214872882974
5.019,3.5784261186154716,3.4446990315056683
5.02,3.577922575440609,3.444179902648036
5.021,3.577419032265747,3.4436608833568187
5.022,3.5769154890908843,3.443139705881277
5.023,3.576411945916022,3.4426123254320835
5.024,3.5759084027411596,3.44207787127692
5.025,3.5754048595662975,3.4415519807928425
5.026,3.574901316391435,3.441050102996877
5.027,3.574397773216573,3.4405634359703114
5.028,3.5738942300417103,3.440077668083839
5.029,3.573390686866848,3.439594967854134
5.03,3.5728871436919856,3.439114512372951
5.031,3.5723836005171234,3.438636016598714
5.032,3.571880057342261,3.4381635616857182
5.033,3.5713765141673988,3.437696566322219
5.034,3.570872970992536,3.4372395534004117
5.035,3.570369427817674,3.4367900773946367
5.036,3.5698658846428115,3.436351208388266
5.037,3.5693623414679494,3.4359198150684858
5.038,3.568858798293087,3.4354934938386794
5.039,3.5683552551182247,3.4350694122124525
5.04,3.567851711943362,3.434636990536579
5.041,3.5673481687685,3.4342068376905757
5.042,3.5668446255936375,3.4337773324719967
5.043,3.5663410824187753,3.43334043381959
5.044,3.565837539243913,3.4329129328571755
5.045,3.5653339960690507,3.432482118979345
5.046,3.564830452894188,3.4320462960623668
5.047,3.564326909719326,3.4316010177899985
5.048,3.5638233665444634,3.431132172979418
5.049,3.5633198233696013,3.430646201734379
5.05,3.5628162801947387,3.430156034346051
5.051,3.5623127370198766,3.429671669839326
5.052,3.561809193845014,3.4291933996494475
5.053,3.561305650670152,3.4287174106833453
5.054,3.5608021074952894,3.4282484101238264
5.055,3.5602985643204272,3.427780342456157
5.056,3.5597950211455647,3.427314392280666
5.057,3.5592914779707026,3.426856206475249
5.058,3.55878793479584,3.4264184914794926
5.059,3.558284391620978,3.4259943657265794
5.06,3.5577808484461153,3.4255603341888428
5.061,3.557277305271253,3.4251281665052344
5.062,3.556773762096391,3.4247013698460598
5.063,3.5562702189215285,3.424266374989251
5.064,3.555766675746666,3.423819507202215
5.065,3.555263132571804,3.423367895936745
5.066,3.5547595893969417,3.4229091182439375
5.067,3.554256046222079,3.4224485184098037
5.068,3.5537525030472166,3.421989257174318
5.069,3.5532489598723545,3.421523085096337
5.07,3.5527454166974923,3.4210530483175807
5.071,3.5522418735226298,3.420563691334845
5.072,3.551738330347767,3.4200552069948156
5.073,3.551234787172905,3.419547434105554
5.074,3.550731243998043,3.4190455297772746
5.075,3.5502277008231804,3.418563669729874
5.076,3.549724157648318,3.4180872464818672
5.077,3.5492206144734557,3.4176133010820653
5.078,3.5487170712985936,3.417123867470932
5.079,3.548213528123731,3.4166351730644386
5.08,3.5477099849488685,3.4161418931817846
5.081,3.5472064417740063,3.4156412992624987
5.082,3.5467028985991442,3.415136975315028
5.083,3.5461993554242817,3.4146021593499944
5.084,3.545695812249419,3.414032038520867
5.085,3.545192269074557,3.413491272503909
5.086,3.544688725899695,3.4130093673007535
5.087,3.5441851827248323,3.4125468104799768
5.088,3.5436816395499697,3.4120751365844297
5.089,3.5431780963751076,3.411617580340948
5.09,3.5426745532002455,3.411197608562576
5.091,3.542171010025383,3.4107874634135005
5.092,3.5416674668505204,3.4103529770023457
5.093,3.5411639236756582,3.4098990525302226
5.094,3.540660380500796,3.4094645378120885
5.095,3.5401568373259336,3.4090654571216032
5.096,3.539653294151071,3.40867697939278
5.097,3.539149750976209,3.4082706646807126
5.098,3.5386462078013468,3.407871673391502
5.099,3.538142664626484,3.4074857737936024
5.1,3.5376391214516216,3.4070904876020798
5.101,3.5371355782767595,3.406686604598182
5.102,3.5366320351018974,3.4062705363882
5.103,3.536128491927035,3.4058366021510045
5.104,3.5356249487521723,3.4053857582819567
5.105,3.53512140557731,3.4049396681912683
5.106,3.534617862402448,3.404507539731198
5.107,3.5341143192275855,3.404084157257472
5.108,3.5336107760527233,3.4036593901134817
5.109,3.5331072328778608,3.4032225556313764
5.11,3.5326036897029987,3.4027757519908994
5.111,3.532100146528136,3.40233518321507
5.112,3.531596603353274,3.401900370466378
5.113,3.5310930601784114,3.401474825255616
5.114,3.5305895170035493,3.401062755447969
5.115,3.5300859738286867,3.400666564601889
5.116,3.5295824306538246,3.4002434792066762
5.117,3.529078887478962,3.399782124990516
5.118,3.5285753443041,3.3993296546708116
5.119,3.5280718011292374,3.398886962174298
5.12,3.5275682579543752,3.398443006386207
5.121,3.5270647147795127,3.398007009150684
5.122,3.5265611716046505,3.397551873746374
5.123,3.526057628429788,3.397071953530846
5.124,3.525554085254926,3.3966089584372625
5.125,3.5250505420800633,3.396177317463176
5.126,3.524546998905201,3.3957745217236552
5.127,3.5240434557303386,3.395411712945138
5.128,3.5235399125554765,3.395071047827548
5.129,3.523036369380614,3.394716581629525
5.13,3.522532826205752,3.3943462968218046
5.131,3.5220292830308892,3.393934933341093
5.132,3.521525739856027,3.3935085332861004
5.133,3.5210221966811646,3.393064195769026
5.134,3.5205186535063024,3.3926273946941334
5.135,3.52001511033144,3.3922040855644155
5.136,3.5195115671565778,3.391746799182175
5.137,3.519008023981715,3.3912753742940147
5.138,3.518504480806853,3.390805474056869
5.139,3.5180009376319905,3.3903246864028604
5.14,3.5174973944571284,3.3898342281727953
5.141,3.516993851282266,3.3893939465970306
5.142,3.5164903081074037,3.3889899255175435
5.143,3.515986764932541,3.3885829539676604
5.144,3.515483221757679,3.3881591119237533
5.145,3.5149796785828165,3.387750420387102
5.146,3.5144761354079543,3.3873358382493906
5.147,3.5139725922330918,3.3868781474311644
5.148,3.5134690490582297,3.3863819240990862
5.149,3.512965505883367,3.3858820175421447
5.15,3.512461962708505,3.385385102866951
5.151,3.5119584195336424,3.384873806799049
5.152,3.5114548763587803,3.3843646543711925
5.153,3.510951333183918,3.3838969228249414
5.154,3.5104477900090556,3.3834746653328374
5.155,3.509944246834193,3.383087041657367
5.156,3.509440703659331,3.3827083877271917
5.157,3.508937160484469,3.3823627124089923
5.158,3.5084336173096062,3.382030828034895
5.159,3.5079300741347437,3.381666590230224
5.16,3.5074265309598815,3.381252969314782
5.161,3.5069229877850194,3.380842143641504
5.162,3.506419444610157,3.380437051977003
5.163,3.5059159014352943,3.380005722944358
5.164,3.505412358260432,3.379538938748888
5.165,3.50490881508557,3.3790565932264953
5.166,3.5044052719107075,3.378589792976687
5.167,3.503901728735845,3.3781610828636457
5.168,3.503398185560983,3.37770193207291
5.169,3.5028946423861207,3.3772343394104007
5.17,3.502391099211258,3.3767466423368186
5.171,3.5018875560363956,3.376288184367885
5.172,3.5013840128615334,3.375868131365487
5.173,3.5008804696866713,3.3754607604817206
5.174,3.5003769265118088,3.375047742161055
5.175,3.499873383336946,3.374679701706664
5.176,3.499369840162084,3.374362424687954
5.177,3.498866296987222,3.3740217611682954
5.178,3.4983627538123594,3.3736462025366123
5.179,3.497859210637497,3.373279909290765
5.18,3.4973556674626347,3.372936950865148
5.181,3.4968521242877726,3.3726088324096084
5.182,3.49634858111291,3.3723083417886204
5.183,3.4958450379380475,3.372033599128613
5.184,3.4953414947631853,3.3717761620152884
5.185,3.494837951588323,3.3715095439214418
5.186,3.4943344084134607,3.3712188129421494
5.187,3.493830865238598,3.3709142240867473
5.188,3.493327322063736,3.370596512486306
5.189,3.492823778888874,3.3702701543031353
5.19,3.4923202357140113,3.369904037109159
5.191,3.4918166925391487,3.369489435739365
5.192,3.4913131493642866,3.3690233375057788
5.193,3.4908096061894245,3.368531650982928
5.194,3.490306063014562,3.3680757481637458
5.195,3.4898025198396994,3.367615006300347
5.196,3.4892989766648372,3.367179442613978
5.197,3.488795433489975,3.366757049246444
5.198,3.4882918903151126,3.366331421675267
5.199,3.4877883471402504,3.3659077680605756
5.2,3.487284803965388,3.365509224393395
5.201,3.4867812607905257,3.365086315953776
5.202,3.486277717615663,3.36461965421519
5.203,3.485774174440801,3.3641670937985566
5.204,3.4852706312659385,3.3637118099797547
5.205,3.4847670880910764,3.3632623634246768
5.206,3.484263544916214,3.3627874037863634
5.207,3.4837600017413517,3.362368279341772
5.208,3.483256458566489,3.3619842330407095
5.209,3.482752915391627,3.361595927918065
5.21,3.4822493722167644,3.3612144653629272
5.211,3.4817458290419023,3.3608409342545524
5.212,3.4812422858670398,3.36052176275392
5.213,3.4807387426921776,3.360210214538823
5.214,3.480235199517315,3.3598985953799003
5.215,3.479731656342453,3.3596210021258
5.216,3.4792281131675904,3.3593507401688623
5.217,3.4787245699927283,3.3590310382397766
5.218,3.4782210268178657,3.3586657124381336
5.219,3.4777174836430036,3.358289181627473
5.22,3.477213940468141,3.3578859712727684
5.221,3.476710397293279,3.35750896639506
5.222,3.4762068541184163,3.3571314885973598
5.223,3.4757033109435542,3.35672805596778
5.224,3.4751997677686917,3.356309265682617
5.225,3.4746962245938295,3.3558884694220152
5.226,3.474192681418967,3.3554843051519505
5.227,3.473689138244105,3.3551263855088966
5.228,3.4731855950692423,3.354793573583187
5.229,3.47268205189438,3.3544306188635344
5.23,3.4721785087195176,3.3540642449150275
5.231,3.4716749655446555,3.353656505566912
5.232,3.471171422369793,3.3532484840670587
5.233,3.470667879194931,3.3528772896155945
5.234,3.4701643360200682,3.3525342997415937
5.235,3.469660792845206,3.3521332660417817
5.236,3.4691572496703436,3.3516754951006047
5.237,3.4686537064954814,3.3512296832782753
5.238,3.468150163320619,3.3507838375670858
5.239,3.4676466201457568,3.350354729808588
5.24,3.467143076970894,3.34998688051084
5.241,3.466639533796032,3.349679244774748
5.242,3.4661359906211695,3.3493752927615805
5.243,3.4656324474463074,3.3490302964342757
5.244,3.465128904271445,3.3486846234493908
5.245,3.4646253610965827,3.3484077617840784
5.246,3.46412181792172,3.3481569856999225
5.247,3.463618274746858,3.3478905935174432
5.248,3.463114731571996,3.3476037869975968
5.249,3.4626111883971333,3.347300574779567
5.25,3.4621076452222708,3.3470141947605714
5.251,3.4616041020474086,3.34671401619031
5.252,3.4611005588725465,3.3463879997304784
5.253,3.460597015697684,3.34603359350609
5.254,3.4600934725228214,3.3456894697210124
5.255,3.4595899293479593,3.3453731399914335
5.256,3.459086386173097,3.345034020820665
5.257,3.4585828429982346,3.3447117062501115
5.258,3.458079299823372,3.344398303313032
5.259,3.45757575664851,3.3440498538694468
5.26,3.457072213473648,3.3436452991536116
5.261,3.4565686702987852,3.3432869806828336
5.262,3.4560651271239227,3.342941238938887
5.263,3.4555615839490605,3.3425762368930174
5.264,3.4550580407741984,3.3421926378778983
5.265,3.454554497599336,3.3418138865053244
5.266,3.4540509544244733,3.3414200098101197
5.267,3.453547411249611,3.3409873713206366
5.268,3.453043868074749,3.340594585829939
5.269,3.4525403248998865,3.340234517467345
5.27,3.452036781725024,3.339905192291654
5.271,3.451533238550162,3.3395921938221838
5.272,3.4510296953752997,3.339299330358213
5.273,3.450526152200437,3.3390339719675612
5.274,3.4500226090255746,3.338780600238961
5.275,3.4495190658507124,3.3385286881170138
5.276,3.4490155226758503,3.338224254251212
5.277,3.4485119795009878,3.3379302261087433
5.278,3.448008436326125,3.3376467795936513
5.279,3.447504893151263,3.337359270594217
5.28,3.447001349976401,3.3370808165526893
5.281,3.4464978068015384,3.336828280797277
5.282,3.445994263626676,3.3366019337194746
5.283,3.4454907204518137,3.336357628459675
5.284,3.4449871772769516,3.33611072241279
5.285,3.444483634102089,3.335846194535984
5.286,3.4439800909272265,3.3355827836787757
5.287,3.4434765477523643,3.3353287517287664
5.288,3.442973004577502,3.335038281848146
5.289,3.4424694614026397,3.3347180528828586
5.29,3.441965918227777,3.33438400863579
5.291,3.441462375052915,3.3340756167322256
5.292,3.440958831878053,3.3338264468907743
5.293,3.4404552887031903,3.3335790301302453
5.294,3.439951745528328,3.333293164945707
5.295,3.4394482023534656,3.3329760603811347
5.296,3.4389446591786035,3.3326482008988445
5.297,3.438441116003741,3.332348126160679
5.298,3.437937572828879,3.33206616470071
5.299,3.4374340296540162,3.331792992165986
5.3,3.436930486479154,3.3314883519416023
5.301,3.4364269433042915,3.3311752948624584
5.302,3.4359234001294294,3.3308224816360323
5.303,3.435419856954567,3.3304417235673784
5.304,3.4349163137797047,3.3300851388572887
5.305,3.434412770604842,3.3297792807959876
5.306,3.43390922742998,3.329462502641509
5.307,3.4334056842551175,3.329109766465775
5.308,3.4329021410802554,3.328768427300323
5.309,3.432398597905393,3.328457540345258
5.31,3.4318950547305307,3.328166254406695
5.311,3.431391511555668,3.327882911700075
5.312,3.430887968380806,3.3275929882702706
5.313,3.4303844252059434,3.327297697427231
5.314,3.4298808820310813,3.3270039677288197
5.315,3.4293773388562188,3.3267203769215814
5.316,3.4288737956813566,3.3264646043599067
5.317,3.428370252506494,3.326240037316954
5.318,3.427866709331632,3.3260278958947285
5.319,3.4273631661567694,3.325804724499456
5.32,3.4268596229819073,3.325542690172212
5.321,3.4263560798070447,3.3253043259260497
5.322,3.4258525366321826,3.3250553200331545
5.323,3.42534899345732,3.324799622366708
5.324,3.424845450282458,3.3245692846595682
5.325,3.4243419071075953,3.324314366829081
5.326,3.423838363932733,3.324000679196019
5.327,3.4233348207578707,3.3236644373045015
5.328,3.4228312775830085,3.323336021083742
5.329,3.422327734408146,3.323049202622017
5.33,3.421824191233284,3.322840064405925
5.331,3.4213206480584213,3.322645610464812
5.332,3.420817104883559,3.3224065231250672
5.333,3.4203135617086966,3.3221164661607507
5.334,3.4198100185338345,3.3218440682440904
5.335,3.419306475358972,3.3216014498625634
5.336,3.41880293218411,3.3213648297432457
5.337,3.4182993890092472,3.3211378024554903
5.338,3.417795845834385,3.320902184619456
5.339,3.417292302659523,3.320622200931257
5.34,3.4167887594846604,3.3203432441624234
5.341,3.416285216309798,3.320110664752408
5.342,3.4157816731349357,3.319903505379665
5.343,3.4152781299600736,3.319672840718019
5.344,3.414774586785211,3.3194358169213043
5.345,3.4142710436103485,3.319235468529503
5.346,3.4137675004354864,3.3190564258843134
5.347,3.4132639572606243,3.318847613815422
5.348,3.4127604140857617,3.31863335895969
5.349,3.412256870910899,3.318413318345258
5.35,3.411753327736037,3.3181723806006507
5.351,3.411249784561175,3.317925743085349
5.352,3.4107462413863123,3.3176714961405236
5.353,3.4102426982114498,3.317394242102062
5.354,3.4097391550365876,3.317117897497182
5.355,3.4092356118617255,3.3168716040651307
5.356,3.408732068686863,3.3166526273011048
5.357,3.4082285255120004,3.316418188377919
5.358,3.4077249823371383,3.3162114333235317
5.359,3.407221439162276,3.3160115938628465
5.36,3.4067178959874136,3.315814325424557
5.361,3.406214352812551,3.3156399081691226
5.362,3.405710809637689,3.3154851386675106
5.363,3.405207266462827,3.315312515070547
5.364,3.4047037232879642,3.315121176606253
5.365,3.4042001801131017,3.314925862972261
5.366,3.4036966369382395,3.314708521223499
5.367,3.4031930937633774,3.314490123664184
5.368,3.402689550588515,3.3143011787294734
5.369,3.4021860074136523,3.3141069594249917
5.37,3.40168246423879,3.313911151076768
5.371,3.401178921063928,3.3137076880684098
5.372,3.4006753778890655,3.3135366621029347
5.373,3.400171834714203,3.313358269070095
5.374,3.399668291539341,3.313162109891958
5.375,3.3991647483644787,3.312956374376592
5.376,3.398661205189616,3.312751684582969
5.377,3.3981576620147536,3.312564658915697
5.378,3.3976541188398914,3.312356967612372
5.379,3.3971505756650293,3.312164378397588
5.38,3.3966470324901668,3.3119789421938246
5.381,3.396143489315304,3.311784652658022
5.382,3.395639946140442,3.311615635740597
5.383,3.39513640296558,3.311456284006412
5.384,3.3946328597907174,3.311295154361225
5.385,3.394129316615855,3.3111303571490067
5.386,3.3936257734409927,3.3109480535310416
5.387,3.3931222302661306,3.310737974193131
5.388,3.392618687091268,3.3105555530615396
5.389,3.392115143916406,3.310387514008909
5.39,3.3916116007415433,3.3102279207292598
5.391,3.391108057566681,3.3100645103691173
5.392,3.3906045143918186,3.309892260987692
5.393,3.3901009712169565,3.3097469010952034
5.394,3.389597428042094,3.3096100867354004
5.395,3.389093884867232,3.3094675005105647
5.396,3.3885903416923693,3.309329465534122
5.397,3.388086798517507,3.3091748054366272
5.398,3.3875832553426446,3.3090312044191226
5.399,3.3870797121677825,3.308893729642344
5.4,3.38657616899292,3.3087330389735885
5.401,3.386072625818058,3.3085442359880775
5.402,3.3855690826431952,3.3083708718151597
5.403,3.385065539468333,3.3082171759079575
5.404,3.3845619962934705,3.308070924784271
5.405,3.3840584531186084,3.3078904938751057
5.406,3.383554909943746,3.3077138136576583
5.407,3.3830513667688837,3.3075415062918174
5.408,3.382547823594021,3.307389577811922
5.409,3.382044280419159,3.307263005256031
5.41,3.3815407372442965,3.30714077238038
5.411,3.3810371940694344,3.307008382614272
5.412,3.380533650894572,3.306843147463869
5.413,3.3800301077197097,3.3066709831061845
5.414,3.379526564544847,3.3064981679940653
5.415,3.379023021369985,3.306327258002805
5.416,3.3785194781951224,3.3061990915362998
5.417,3.3780159350202603,3.3061055751885546
5.418,3.3775123918453978,3.306049828849477
5.419,3.3770088486705356,3.3059950815709707
5.42,3.376505305495673,3.3059377102202023
5.421,3.376001762320811,3.3058461195898703
5.422,3.3754982191459484,3.305720390510021
5.423,3.3749946759710863,3.305601468100712
5.424,3.3744911327962237,3.305495889401463
5.425,3.3739875896213616,3.3053748455020915
5.426,3.373484046446499,3.3052634597621315
5.427,3.372980503271637,3.305158732590525
5.428,3.3724769600967743,3.3050602882493654
5.429,3.371973416921912,3.3049391760144275
5.43,3.3714698737470497,3.3048178876095156
5.431,3.3709663305721875,3.304704613101157
5.432,3.370462787397325,3.3046047588711334
5.433,3.369959244222463,3.3045188231939058
5.434,3.3694557010476007,3.3044621619785914
5.435,3.368952157872738,3.304395219712199
5.436,3.3684486146978756,3.304314375778561
5.437,3.3679450715230135,3.3042227633194488
5.438,3.3674415283481514,3.3041182700696208
5.439,3.366937985173289,3.304010911413875
5.44,3.3664344419984262,3.3039103089849795
5.441,3.365930898823564,3.303775628537152
5.442,3.365427355648702,3.3036406428930207
5.443,3.3649238124738394,3.3035226305270973
5.444,3.364420269298977,3.303415160256756
5.445,3.3639167261241147,3.30329822649383
5.446,3.3634131829492526,3.303184931787361
5.447,3.36290963977439,3.3030865410331596
5.448,3.3624060965995275,3.30300224030133
5.449,3.3619025534246654,3.302917287751172
5.45,3.3613990102498033,3.302838264006608
5.451,3.3608954670749407,3.30276184168173
5.452,3.360391923900078,3.302680892796771
5.453,3.359888380725216,3.3026119605441693
5.454,3.359384837550354,3.3025462413635958
5.455,3.3588812943754913,3.302483677724295
5.456,3.3583777512006288,3.3024146235285414
5.457,3.3578742080257666,3.302350471545401
5.458,3.3573706648509045,3.302293138205819
5.459,3.356867121676042,3.3022329063623737
5.46,3.3563635785011794,3.302167087940729
5.461,3.3558600353263173,3.3021169669366492
5.462,3.355356492151455,3.3020684858140124
5.463,3.3548529489765926,3.3020190212653904
5.464,3.35434940580173,3.3019694930442025
5.465,3.353845862626868,3.3019144766386863
5.466,3.353342319452006,3.301862969272252
5.467,3.352838776277143,3.301823657514032
5.468,3.3523352331022807,3.3018191687385574
5.469,3.3518316899274185,3.3017935581588826
5.47,3.3513281467525564,3.30175253098782
5.471,3.350824603577694,3.3017227968343343
5.472,3.3503210604028313,3.3016997034532447
5.473,3.349817517227969,3.301677016035481
5.474,3.349313974053107,3.3016574132310863
5.475,3.3488104308782445,3.3016551158050955
5.476,3.348306887703382,3.301664306830033
5.477,3.34780334452852,3.3016825934399274
5.478,3.3472998013536577,3.3016836062061046
5.479,3.346796258178795,3.30168694738697
5.48,3.346292715003933,3.3016843438143666
5.481,3.3457891718290704,3.3016622139617673
5.482,3.3452856286542083,3.3016229324805213
5.483,3.3447820854793457,3.3015824188190432
5.484,3.3442785423044836,3.301551892659785
5.485,3.343774999129621,3.3015308710962503
5.486,3.343271455954759,3.3015142018799324
5.487,3.3427679127798964,3.301497770676233
5.488,3.342264369605034,3.3014794479416882
5.489,3.3417608264301717,3.301442268337615
5.49,3.3412572832553096,3.301388139745598
5.491,3.340753740080447,3.301347906121298
5.492,3.3402501969055844,3.3013414662631844
5.493,3.3397466537307223,3.3013397453295528
5.494,3.33924311055586,3.301349948302872
5.495,3.3387395673809976,3.301351193257914
5.496,3.338236024206135,3.3013414170410043
5.497,3.337732481031273,3.3013155016006013
5.498,3.337228937856411,3.301277900403892
5.499,3.3367253946815483,3.301242404472049
5.5,3.3362218515066857,3.3012155048018323
5.501,3.3357183083318236,3.3012175070267853
5.502,3.3352147651569615,3.301245566160111
5.503,3.334711221982099,3.3012746553323207
5.504,3.334207678807237,3.3012911204312347
5.505,3.3337041356323747,3.3012961464790402
5.506,3.333200592457512,3.301297136365047
5.507,3.3326970492826495,3.301316826033437
5.508,3.3321935061077874,3.301361463222334
5.509,3.3316899629329253,3.301412378032472
5.51,3.3311864197580627,3.301459913706126
5.511,3.3306828765832,3.3015141829846555
5.512,3.330179333408338,3.301566544833375
5.513,3.329675790233476,3.3016234731991103
5.514,3.3291722470586134,3.3017038016506888
5.515,3.328668703883751,3.301774489282727
5.516,3.3281651607088887,3.3018363985094976
5.517,3.3276616175340266,3.3018975519017375
5.518,3.327158074359164,3.30194020030191
5.519,3.3266545311843014,3.301974858391371
5.52,3.3261509880094393,3.3020079229349037
5.521,3.325647444834577,3.302028579492862
5.522,3.3251439016597146,3.3020552392385922
5.523,3.324640358484852,3.302069937057329
5.524,3.32413681530999,3.3020882214310676
5.525,3.323633272135128,3.3021125564169855
5.526,3.3231297289602653,3.3021293015463353
5.527,3.3226261857854027,3.302172029153699
5.528,3.3221226426105406,3.302231864550785
5.529,3.3216190994356785,3.30229352812905
5.53,3.321115556260816,3.3023460370133275
5.531,3.3206120130859533,3.302411368884825
5.532,3.320108469911091,3.302480191282542
5.533,3.319604926736229,3.302530185380315
5.534,3.3191013835613665,3.3026014755862163
5.535,3.318597840386504,3.3026685178018136
5.536,3.318094297211642,3.3027292023341546
5.537,3.3175907540367797,3.30278694603035
5.538,3.317087210861917,3.3028439675407015
5.539,3.3165836676870546,3.302897665301512
5.54,3.3160801245121925,3.302961915069321
5.541,3.3155765813373304,3.3030331113576876
5.542,3.315073038162468,3.303105048822472
5.543,3.3145694949876052,3.3031771687785763
5.544,3.314065951812743,3.303254300805259
5.545,3.313562408637881,3.303326040036614
5.546,3.3130588654630184,3.3034105628254036
5.547,3.312555322288156,3.303512008422259
5.548,3.3120517791132937,3.3036030962123135
5.549,3.3115482359384316,3.303686971111229
5.55,3.311044692763569,3.3037731217848383
5.551,3.3105411495887065,3.303870922965416
5.552,3.3100376064138444,3.303965637826327
5.553,3.3095340632389822,3.3040561429672444
5.554,3.3090305200641197,3.304137710079299
5.555,3.308526976889257,3.304229703340323
5.556,3.308023433714395,3.30431379626079
5.557,3.307519890539533,3.3044139462180424
5.558,3.3070163473646703,3.3045299607231016
5.559,3.3065128041898078,3.304638781024062
5.56,3.3060092610149456,3.30472171004688
5.561,3.3055057178400835,3.3047975767018545
5.562,3.305002174665221,3.3048821228965766
5.563,3.3044986314903584,3.304990042178951
5.564,3.3039950883154963,3.3051204062607966
5.565,3.303491545140634,3.3052689292386477
5.566,3.3029880019657716,3.3054138104399073
5.567,3.302484458790909,3.305545105178744
5.568,3.301980915616047,3.305668294364217
5.569,3.3014773724411848,3.305784034535092
5.57,3.300973829266322,3.305905824412728
5.571,3.3004702860914596,3.3060249439482186
5.572,3.2999667429165975,3.306139610473264
5.573,3.2994631997417354,3.3062525985220943
5.574,3.298959656566873,3.306372874874303
5.575,3.2984561133920103,3.30648460914098
5.576,3.297952570217148,3.306586064375146
5.577,3.297449027042286,3.306702773237147
5.578,3.2969454838674235,3.3068346349746016
5.579,3.296441940692561,3.306957456614587
5.58,3.295938397517699,3.307096152128987
5.581,3.2954348543428367,3.3072456661915703
5.582,3.294931311167974,3.3074061133918615
5.583,3.2944277679931115,3.307564976193455
5.584,3.2939242248182494,3.307731659059793
5.585,3.2934206816433873,3.3078881173836683
5.586,3.2929171384685247,3.308043431372068
5.587,3.292413595293662,3.3081913416730933
5.588,3.2919100521188,3.3083452926903405
5.589,3.291406508943938,3.3084977025489777
5.59,3.2909029657690754,3.3086311944347764
5.591,3.290399422594213,3.308746432265057
5.592,3.2898958794193507,3.3088675777226015
5.593,3.2893923362444886,3.3089965782205604
5.594,3.288888793069626,3.3091309184090454
5.595,3.288385249894764,3.309271402466002
5.596,3.2878817067199018,3.3094184550486063
5.597,3.287378163545039,3.3095573406103322
5.598,3.2868746203701766,3.3096909212376264
5.599,3.2863710771953145,3.309823103055962
5.6,3.2858675340204524,3.309956562114804
5.601,3.28536399084559,3.310118079552793
5.602,3.2848604476707273,3.3102770328838798
5.603,3.284356904495865,3.310437791401141
5.604,3.283853361321003,3.310608321190879
5.605,3.2833498181461405,3.3107779923264355
5.606,3.282846274971278,3.3109524869188633
5.607,3.282342731796416,3.3111204652260557
5.608,3.2818391886215537,3.3112968674451424
5.609,3.281335645446691,3.311473647620478
5.61,3.2808321022718285,3.3116645647546212
5.611,3.2803285590969664,3.311872122886324
5.612,3.2798250159221043,3.312065514989951
5.613,3.2793214727472417,3.312268991161655
5.614,3.278817929572379,3.3124690949939786
5.615,3.278314386397517,3.3126759401885453
5.616,3.277810843222655,3.312867597176395
5.617,3.2773073000477924,3.3130526725749974
5.618,3.27680375687293,3.3132342853490337
5.619,3.2763002136980677,3.3134039129445596
5.62,3.2757966705232056,3.3135870764439144
5.621,3.275293127348343,3.313773331128012
5.622,3.2747895841734804,3.313967472884565
5.623,3.2742860409986183,3.3141597208630835
5.624,3.273782497823756,3.314360712719062
5.625,3.2732789546488936,3.314541963060604
5.626,3.272775411474031,3.3147194591787335
5.627,3.272271868299169,3.314895627283501
5.628,3.271768325124307,3.315064669742225
5.629,3.2712647819494443,3.315222529171838
5.63,3.2707612387745817,3.3153885937621146
5.631,3.2702576955997196,3.3155852677653415
5.632,3.2697541524248575,3.315800181355972
5.633,3.269250609249995,3.316014897386782
5.634,3.2687470660751323,3.316216356649516
5.635,3.26824352290027,3.31640110153782
5.636,3.267739979725408,3.3165917959246816
5.637,3.2672364365505455,3.3168053997217326
5.638,3.266732893375683,3.3170213655559646
5.639,3.266229350200821,3.3172180241507303
5.64,3.2657258070259587,3.31741181166407
5.641,3.265222263851096,3.3176162355356644
5.642,3.2647187206762336,3.3178335769572422
5.643,3.2642151775013715,3.318076792327471
5.644,3.2637116343265093,3.318322446590051
5.645,3.263208091151647,3.3185444525449035
5.646,3.262704547976784,3.318767638045555
5.647,3.262201004801922,3.319009353971046
5.648,3.26169746162706,3.319271351878584
5.649,3.2611939184521974,3.3195164344726846
5.65,3.260690375277335,3.319766664525446
5.651,3.2601868321024727,3.320029823808978
5.652,3.2596832889276106,3.3202903487373776
5.653,3.259179745752748,3.3205631211334445
5.654,3.2586762025778855,3.3208220947440172
5.655,3.2581726594030234,3.321066980898498
5.656,3.2576691162281612,3.321307056299491
5.657,3.2571655730532987,3.3215402468847977
5.658,3.256662029878436,3.321753884354517
5.659,3.256158486703574,3.321977610979551
5.66,3.255654943528712,3.322215696962562
5.661,3.2551514003538493,3.3224469312156373
5.662,3.2546478571789867,3.32267113666759
5.663,3.2541443140041246,3.3228940041324617
5.664,3.2536407708292625,3.3231123879469147
5.665,3.2531372276544,3.323338254125654
5.666,3.2526336844795374,3.323579389630605
5.667,3.2521301413046753,3.3238168632317104
5.668,3.251626598129813,3.3240676782042318
5.669,3.2511230549549506,3.3243081549452147
5.67,3.250619511780088,3.324560879921983
5.671,3.250115968605226,3.3248163218078757
5.672,3.2496124254303638,3.325065884155763
5.673,3.249108882255501,3.325313684148534
5.674,3.2486053390806386,3.325568584749911
5.675,3.2481017959057765,3.3258238538336427
5.676,3.2475982527309144,3.3260852565146175
5.677,3.247094709556052,3.3263353263975537
5.678,3.2465911663811893,3.3265740599473426
5.679,3.246087623206327,3.3268183166526684
5.68,3.245584080031465,3.327068427983807
5.681,3.2450805368566025,3.3273246748842555
5.682,3.24457699368174,3.3275873764329233
5.683,3.244073450506878,3.3278499875540777
5.684,3.2435699073320157,3.3281080419163582
5.685,3.243066364157153,3.3283846955258625
5.686,3.2425628209822905,3.328681756915572
5.687,3.2420592778074284,3.328980940074301
5.688,3.2415557346325663,3.329280542390468
5.689,3.2410521914577037,3.329576302235992
5.69,3.2405486482828416,3.3298740656861368
5.691,3.2400451051079795,3.33016318681936
5.692,3.239541561933117,3.33044607487638
5.693,3.2390380187582544,3.3307325309428517
5.694,3.2385344755833922,3.3310338454882866
5.695,3.23803093240853,3.3313278347151583
5.696,3.2375273892336676,3.3316155183193223
5.697,3.237023846058805,3.3318910975966674
5.698,3.236520302883943,3.3321564533180323
5.699,3.2360167597090808,3.332424511760188
5.7,3.235513216534218,3.332698483665058
5.701,3.2350096733593556,3.332984272978147
5.702,3.2345061301844935,3.333275629073127
5.703,3.2340025870096314,3.333569160124907
5.704,3.233499043834769,3.333854719599465
5.705,3.2329955006599063,3.3341467130240945
5.706,3.232491957485044,3.3344395070621466
5.707,3.231988414310182,3.3347199224426207
5.708,3.2314848711353195,3.335006866689929
5.709,3.230981327960457,3.335309235936564
5.71,3.2304777847855948,3.335616069152469
5.711,3.2299742416107327,3.335904246782201
5.712,3.22947069843587,3.336188822898361
5.713,3.2289671552610075,3.336476369664358
5.714,3.2284636120861454,3.336743541940098
5.715,3.2279600689112833,3.3370072967211413
5.716,3.2274565257364207,3.3372782146562816
5.717,3.226952982561558,3.3375639012514453
5.718,3.226449439386696,3.3378556838599334
5.719,3.225945896211834,3.338129800789406
5.72,3.2254423530369714,3.338414167434731
5.721,3.224938809862109,3.3387163536576385
5.722,3.2244352666872467,3.3390210654286245
5.723,3.2239317235123846,3.3393263786588943
5.724,3.223428180337522,3.3396298648747096
5.725,3.2229246371626594,3.3399348645918248
5.726,3.2224210939877973,3.3402527605385743
5.727,3.221917550812935,3.340580660625374
5.728,3.2214140076380726,3.3409080831497415
5.729,3.22091046446321,3.3412536783867774
5.73,3.220406921288348,3.341605163462187
5.731,3.219903378113486,3.3419484335025507
5.732,3.2193998349386233,3.342293129811868
5.733,3.2188962917637607,3.3426467927143384
5.734,3.2183927485888986,3.342998855208496
5.735,3.2178892054140364,3.3433553638680835
5.736,3.217385662239174,3.343712803721783
5.737,3.2168821190643113,3.3440593507408223
5.738,3.216378575889449,3.344408206563546
5.739,3.215875032714587,3.3447459176968137
5.74,3.2153714895397245,3.3450707092510505
5.741,3.214867946364862,3.3454001092677506
5.742,3.21436440319,3.345735753443112
5.743,3.2138608600151377,3.3460626399323763
5.744,3.213357316840275,3.3463884824685928
5.745,3.2128537736654126,3.3467035572436177
5.746,3.2123502304905505,3.3470143262607124
5.747,3.2118466873156883,3.3473348144815507
5.748,3.211343144140826,3.347671251369249
5.749,3.210839600965963,3.3480119327848006
5.75,3.210336057791101,3.3483650887880336
5.751,3.209832514616239,3.348716068326341
5.752,3.2093289714413764,3.34906465451443
5.753,3.208825428266514,3.3494168279855208
5.754,3.2083218850916517,3.3497612987094825
5.755,3.2078183419167896,3.350094978598082
5.756,3.207314798741927,3.350428053243481
5.757,3.2068112555670645,3.350786191672425
5.758,3.2063077123922024,3.351155458676261
5.759,3.2058041692173402,3.3515204627317674
5.76,3.2053006260424777,3.3518693755956366
5.761,3.204797082867615,3.352219524440782
5.762,3.204293539692753,3.352568477886857
5.763,3.203789996517891,3.352909342785153
5.764,3.2032864533430283,3.3532471436116835
5.765,3.2027829101681657,3.353595820835989
5.766,3.2022793669933036,3.353935298715488
5.767,3.2017758238184415,3.354266231814887
5.768,3.201272280643579,3.3545952007101962
5.769,3.2007687374687164,3.3549392026377105
5.77,3.2002651942938543,3.355302132514777
5.771,3.199761651118992,3.3556708702637046
5.772,3.1992581079441296,3.3560518460923174
5.773,3.198754564769267,3.3564400207167218
5.774,3.198251021594405,3.356819589256277
5.775,3.1977474784195428,3.357186144869608
5.776,3.19724393524468,3.3575409120499007
5.777,3.1967403920698176,3.357902821300332
5.778,3.1962368488949555,3.358274662083883
5.779,3.1957333057200934,3.3586469803105845
5.78,3.195229762545231,3.3590229436432018
5.781,3.1947262193703687,3.3594051504888878
5.782,3.1942226761955066,3.3597912149623603
5.783,3.193719133020644,3.3601677261733687
5.784,3.1932155898457815,3.3605226657226765
5.785,3.1927120466709193,3.360860301679643
5.786,3.1922085034960572,3.361207077545915
5.787,3.1917049603211947,3.361564103816132
5.788,3.191201417146332,3.3619260962807638
5.789,3.19069787397147,3.3622874440992363
5.79,3.190194330796608,3.362648532823004
5.791,3.1896907876217453,3.363022844226562
5.792,3.1891872444468827,3.3634182993661823
5.793,3.1886837012720206,3.3638180035978484
5.794,3.1881801580971585,3.364202702550837
5.795,3.187676614922296,3.364584614594062
5.796,3.1871730717474334,3.3649697211317777
5.797,3.1866695285725712,3.3653601215995264
5.798,3.186165985397709,3.3657596883419147
5.799,3.1856624422228466,3.3661652254568017
5.8,3.185158899047984,3.3665830309839113
5.801,3.184655355873122,3.366999353177914
5.802,3.1841518126982598,3.3674144784266375
5.803,3.183648269523397,3.3678234297942176
5.804,3.1831447263485346,3.3682326761312935
5.805,3.1826411831736725,3.368647241282366
5.806,3.1821376399988104,3.3690666033480614
5.807,3.181634096823948,3.3694795978911136
5.808,3.1811305536490853,3.3698765138391833
5.809,3.180627010474223,3.3702699574538
5.81,3.180123467299361,3.370675999649768
5.811,3.1796199241244985,3.3711029665736616
5.812,3.179116380949636,3.371536308059575
5.813,3.1786128377747738,3.3719534511699973
5.814,3.1781092945999116,3.3723521727785584
5.815,3.177605751425049,3.3727436783354823
5.816,3.1771022082501865,3.373139308774308
5.817,3.1765986650753244,3.3735347246750256
5.818,3.1760951219004623,3.3739263475313366
5.819,3.1755915787255997,3.3743085926771887
5.82,3.175088035550737,3.37467056702616
5.821,3.174584492375875,3.37502875833026
5.822,3.174080949201013,3.375400256015098
5.823,3.1735774060261503,3.3757912577619886
5.824,3.173073862851288,3.376193468603667
5.825,3.1725703196764257,3.376601340592127
5.826,3.1720667765015635,3.377014881693561
5.827,3.171563233326701,3.377433931058509
5.828,3.1710596901518384,3.3778699411726656
5.829,3.1705561469769763,3.378317250147651
5.83,3.170052603802114,3.37876439780015
5.831,3.1695490606272516,3.3792087658871335
5.832,3.169045517452389,3.379645286308376
5.833,3.168541974277527,3.3800680570091726
5.834,3.168038431102665,3.380482304184022
5.835,3.1675348879278022,3.380899063470628
5.836,3.1670313447529397,3.38131386567039
5.837,3.1665278015780776,3.3817244728234344
5.838,3.1660242584032154,3.38212802895359
5.839,3.165520715228353,3.38253147459243
5.84,3.1650171720534903,3.382938281546984
5.841,3.164513628878628,3.3833385267028917
5.842,3.164010085703766,3.3837354224865326
5.843,3.1635065425289035,3.384136399316148
5.844,3.163002999354041,3.384555701744537
5.845,3.162499456179179,3.384984393112851
5.846,3.1619959130043167,3.385419267664091
5.847,3.161492369829454,3.385857177865881
5.848,3.1609888266545916,3.386287962262893
5.849,3.1604852834797295,3.3867204465366414
5.85,3.1599817403048673,3.387150477104176
5.851,3.1594781971300048,3.387585220018757
5.852,3.158974653955142,3.388030475676847
5.853,3.15847111078028,3.3884774225128176
5.854,3.157967567605418,3.388925084832521
5.855,3.1574640244305554,3.3893663798229987
5.856,3.156960481255693,3.389799448209842
5.857,3.1564569380808307,3.390241091794359
5.858,3.1559533949059686,3.390690655319895
5.859,3.155449851731106,3.3911376723485116
5.86,3.1549463085562435,3.3915859492344427
5.861,3.1544427653813814,3.392037648757655
5.862,3.1539392222065192,3.3924886629659547
5.863,3.1534356790316567,3.39294381370401
5.864,3.152932135856794,3.393401100622227
5.865,3.152428592681932,3.393863422980134
5.866,3.15192504950707,3.3943325806529043
5.867,3.1514215063322073,3.3947996972201415
5.868,3.1509179631573447,3.395259614260244
5.869,3.1504144199824826,3.3957190647195543
5.87,3.1499108768076205,3.3961698465861474
5.871,3.149407333632758,3.396611038742668
5.872,3.1489037904578954,3.3970539428517332
5.873,3.1484002472830332,3.3974996153596613
5.874,3.147896704108171,3.3979458437813257
5.875,3.1473931609333086,3.39839846939175
5.876,3.1468896177584464,3.398850673624987
5.877,3.1463860745835843,3.3992920809318146
5.878,3.1458825314087218,3.399731443368326
5.879,3.145378988233859,3.4001741413367887
5.88,3.144875445058997,3.4006151079048523
5.881,3.144371901884135,3.4010539144962837
5.882,3.1438683587092724,3.4015026339556513
5.883,3.14336481553441,3.4019595296420047
5.884,3.1428612723595477,3.402417870079651
5.885,3.1423577291846856,3.4028692597578134
5.886,3.141854186009823,3.4033252037821513
5.887,3.1413506428349605,3.403794824197934
5.888,3.1408470996600983,3.4042664824227695
5.889,3.140343556485236,3.4047371242698787
5.89,3.1398400133103737,3.4052076382394527
5.891,3.139336470135511,3.4056748891642687
5.892,3.138832926960649,3.4061400379947693
5.893,3.138329383785787,3.4066106256875623
5.894,3.1378258406109243,3.4070836761205148
5.895,3.1373222974360617,3.4075520765622693
5.896,3.1368187542611996,3.4080136082775114
5.897,3.1363152110863375,3.4084619755441734
5.898,3.135811667911475,3.408916263638675
5.899,3.1353081247366124,3.4093799170619583
5.9,3.1348045815617502,3.4098489945113784
5.901,3.134301038386888,3.410323350326588
5.902,3.1337974952120256,3.410796975421095
5.903,3.133293952037163,3.411265012539887
5.904,3.132790408862301,3.411739133514336
5.905,3.1322868656874387,3.4122146760653984
5.906,3.131783322512576,3.4126976973602474
5.907,3.1312797793377136,3.413176563237564
5.908,3.1307762361628515,3.4136537518914523
5.909,3.1302726929879894,3.4141424752862197
5.91,3.129769149813127,3.4146425095422805
5.911,3.1292656066382643,3.415150063177827
5.912,3.128762063463402,3.4156590271710305
5.913,3.12825852028854,3.416158432888107
5.914,3.1277549771136774,3.416656336643483
5.915,3.127251433938815,3.417163022938993
5.916,3.1267478907639528,3.4176744223360638
5.917,3.1262443475890906,3.418177503237746
5.918,3.125740804414228,3.418670192841588
5.919,3.1252372612393655,3.4191574768964883
5.92,3.1247337180645034,3.4196418036844887
5.921,3.1242301748896413,3.4201173139347874
5.922,3.1237266317147787,3.420593596673656
5.923,3.123223088539916,3.421076582532681
5.924,3.122719545365054,3.4215489947926856
5.925,3.122216002190192,3.422023210697899
5.926,3.1217124590153293,3.422503683002064
5.927,3.121208915840467,3.422987474832545
5.928,3.1207053726656047,3.4234704559819273
5.929,3.1202018294907425,3.42395307833389
5.93,3.11969828631588,3.4244340148925643
5.931,3.1191947431410174,3.424916501262871
5.932,3.1186911999661553,3.425397411139213
5.933,3.118187656791293,3.4258702464932007
5.934,3.1176841136164306,3.4263449935454684
5.935,3.117180570441568,3.4268250132834708
5.936,3.116677027266706,3.4273134290405296
5.937,3.116173484091844,3.4278034096158905
5.938,3.1156699409169812,3.4282915448509885
5.939,3.1151663977421187,3.428782989030756
5.94,3.1146628545672566,3.4292836938501523
5.941,3.1141593113923944,3.4297890253717616
5.942,3.113655768217532,3.430289245578128
5.943,3.1131522250426693,3.4307842053413293
5.944,3.112648681867807,3.4312816409123443
5.945,3.112145138692945,3.43178468557346
5.946,3.1116415955180825,3.4322918023379367
5.947,3.11113805234322,3.4327927896948567
5.948,3.110634509168358,3.4332928081596443
5.949,3.1101309659934957,3.4337922845892037
5.95,3.109627422818633,3.4342914522480443
5.951,3.1091238796437706,3.4347998527076427
5.952,3.1086203364689085,3.435309551914737
5.953,3.1081167932940463,3.4358125929765437
5.954,3.1076132501191838,3.436315061860456
5.955,3.107109706944321,3.4368243260123883
5.956,3.106606163769459,3.4373399977195964
5.957,3.106102620594597,3.43785406941211
5.958,3.1055990774197344,3.438373556470561
5.959,3.105095534244872,3.4388971793803775
5.96,3.1045919910700097,3.439421781233079
5.961,3.1040884478951476,3.4399440455729517
5.962,3.103584904720285,3.440468313039853
5.963,3.1030813615454225,3.4409864301187647
5.964,3.1025778183705603,3.4415024759797013
5.965,3.1020742751956982,3.4420158802352807
5.966,3.1015707320208357,3.4425256137903464
5.967,3.1010671888459735,3.443028113875783
5.968,3.1005636456711114,3.443526512785841
5.969,3.100060102496249,3.4440214457952334
5.97,3.0995565593213863,3.4445165179765254
5.971,3.099053016146524,3.4450059377065188
5.972,3.098549472971662,3.44548937524313
5.973,3.0980459297967995,3.4459743331296258
5.974,3.097542386621937,3.446458603541879
5.975,3.097038843447075,3.4469443658567958
5.976,3.0965353002722127,3.44743385585055
5.977,3.09603175709735,3.44792617022358
5.978,3.0955282139224876,3.4484226248676437
5.979,3.0950246707476254,3.448918955208788
5.98,3.0945211275727633,3.4494241004350434
5.981,3.0940175843979008,3.4499448577110052
5.982,3.093514041223038,3.4504748374921785
5.983,3.093010498048176,3.4510216207213924
5.984,3.092506954873314,3.4515857866988435
5.985,3.0920034116984514,3.4521590609637207
5.986,3.091499868523589,3.4527508591224687
5.987,3.0909963253487267,3.4533676922883574
5.988,3.0904927821738646,3.4540158707447044
5.989,3.089989238999002,3.454691921956949
5.99,3.0894856958241395,3.455399564085432
5.991,3.0889821526492773,3.456143715679359
5.992,3.088478609474415,3.4569307762224963
5.993,3.0879750662995527,3.4577584859745283
5.994,3.08747152312469,3.458615477875049
5.995,3.086967979949828,3.4595042862380154
5.996,3.086464436774966,3.4604416427975684
5.997,3.0859608936001033,3.46142381436379
5.998,3.0854573504252407,3.462444802105541
5.999,3.0849538072503786,3.4635013540705413
6.0,3.0844502640755165,3.46458579512927
