t_ps,v_spline_Aps,F_drag_amuAps2
2.67,4.928756553409064,333.7979092932263
2.671,4.928128767169618,333.7927856466766
2.672,4.9275009816748945,333.78762905533034
2.673,4.926873196923089,333.7824384666344
2.674,4.926245412912405,333.7772124969259
2.675,4.925617629641044,333.77195011061895
2.676,4.924989847107205,333.76665008336715
2.677,4.924362065309091,333.76131093462857
2.678,4.9237342842449,333.75593173906327
2.679,4.9231065039128366,333.75051158948884
2.68,4.922478724311097,333.74504917195156
2.681,4.921850945437886,333.73954296216414
2.682,4.921223167291402,333.7339914415633
2.683,4.920595389869849,333.72839348277057
2.684,4.9199676131714245,333.7227471479432
2.685,4.919339837194331,333.7170504959549
2.686,4.918712061936768,333.7113021246058
2.687,4.918084287396938,333.7055007035026
2.688,4.917456513573038,333.69964460091893
2.689,4.916828740463277,333.69373273808964
2.69,4.916200968065846,333.68776429965453
2.691,4.915573196378952,333.6817379613657
2.692,4.914945425400797,333.6756521570711
2.693,4.914317655129577,333.6695051669539
2.694,4.913689885563495,333.6632954240673
2.695,4.913062116700751,333.6570212851051
2.696,4.91243434853955,333.65068142948496
2.697,4.911806581078087,333.64427487936996
2.698,4.911178814314566,333.6378005911233
2.699,4.910551048247187,333.6312571743646
2.7,4.909923282874152,333.6246431288224
2.701,4.909295518193661,333.6179573913483
2.702,4.908667754203912,333.61119891868606
2.703,4.908039990903111,333.60436647449336
2.704,4.907412228289457,333.5974586350372
2.705,4.906784466361148,333.59047415035235
2.706,4.9061567051163895,333.58341185392317
2.707,4.905528944553379,333.5762704540077
2.708,4.904901184670317,333.56904840684814
2.709,4.904273425465408,333.56174437379605
2.71,4.903645666936849,333.55435715785825
2.711,4.903017909082842,333.54688552467485
2.712,4.902390151901588,333.5393280218191
2.713,4.901762395391289,333.53168338200743
2.714,4.901134639550145,333.5239507794506
2.715,4.900506884376356,333.5161296163428
2.716,4.899879129868123,333.5082190062989
2.717,4.899251376023647,333.50021782671377
2.718,4.898623622841131,333.4921249433582
2.719,4.8979958703187725,333.4839391373475
2.72,4.897368118454774,333.475659408586
2.721,4.896740367247339,333.467284582341
2.722,4.896112616694662,333.45881371062865
2.723,4.895484866794949,333.4502457382992
2.724,4.894857117546398,333.44157952995846
2.725,4.894229368947212,333.4328140348765
2.726,4.893601620995591,333.4239484962262
2.727,4.892973873689737,333.4149821585615
2.728,4.892346127027847,333.4059139742967
2.729,4.8917183810081255,333.39674283887183
2.73,4.891090635628771,333.3874680246325
2.731,4.890462890887987,333.3780889030018
2.732,4.889835146783972,333.36860465555367
2.733,4.889207403314929,333.3590145824144
2.734,4.888579660479057,333.349317760769
2.735,4.887951918274556,333.33951342045225
2.736,4.88732417669963,333.3296008963061
2.737,4.886696435752477,333.31957954164574
2.738,4.886068695431299,333.30944905344325
2.739,4.8854409557343,333.29920948501274
2.74,4.884813216659673,333.28886073009295
2.741,4.884185478205626,333.2784026645828
2.742,4.883557740370357,333.2678348469296
2.743,4.882930003152066,333.2571569295245
2.744,4.8823022665489555,333.24636888479506
2.745,4.881674530559226,333.2354706627575
2.746,4.881046795181079,333.2244616061132
2.747,4.880419060412713,333.2133413895095
2.748,4.879791326252331,333.2021097864066
2.749,4.879163592698133,333.19076662297226
2.75,4.878535859748319,333.17931194314366
2.751,4.877908127401092,333.1677458231446
2.752,4.877280395654652,333.15606821541274
2.753,4.8766526645071995,333.14427884788
2.754,4.876024933956935,333.1323776707805
2.755,4.875397204002058,333.12036487146463
2.756,4.874769474640774,333.10824072209994
2.757,4.874141745871278,333.0960053082758
2.758,4.873514017691776,333.0836586802643
2.759,4.872886290100466,333.07120045993486
2.76,4.8722585630955475,333.0586305168072
2.761,4.871630836675226,333.04594885625625
2.762,4.871003110837697,333.03315569655103
2.763,4.870375385581167,333.0202511412979
2.764,4.8697476609038315,333.0072349156866
2.765,4.8691199368038935,332.9941067942349
2.766,4.868492213279555,332.98086659569026
2.767,4.867864490329015,332.96751409873224
2.768,4.867236767950475,332.95404888988213
2.769,4.866609046142135,332.9404704596622
2.77,4.865981324902198,332.92677840066114
2.771,4.865353604228862,332.91297244910317
2.772,4.864725884120333,332.89905231932914
2.773,4.864098164574804,332.8850177692598
2.774,4.863470445590483,332.87086862516315
2.775,4.8628427271655665,332.856604801131
2.776,4.862215009298258,332.84222593169505
2.777,4.861587291986756,332.82773164890165
2.778,4.860959575229263,332.81312185408905
2.779,4.860331859023979,332.7983963423359
2.78,4.859704143369105,332.78355496720167
2.781,4.859076428262842,332.76859734225945
2.782,4.858448713703391,332.7535232738712
2.783,4.857820999688953,332.73833289821886
2.784,4.857193286217727,332.7230263370941
2.785,4.856565573287918,332.7076035696606
2.786,4.855937860897722,332.6920641864802
2.787,4.855310149045343,332.67640790027644
2.788,4.8546824377289814,332.6606347786655
2.789,4.854054726946835,332.64474473830626
2.79,4.8534270166971085,332.62873751361496
2.791,4.852799306978002,332.61261319216976
2.792,4.852171597787715,332.596371676345
2.793,4.851543889124449,332.58001276767277
2.794,4.850916180986405,332.5635364618131
2.795,4.8502884733717835,332.5469425251734
2.796,4.8496607662787845,332.530230843903
2.797,4.849033059705612,332.51340124457545
2.798,4.848405353650464,332.49645352850735
2.799,4.847777648111541,332.47938776543657
2.8,4.847149943087046,332.4622041259062
2.801,4.84652223857518,332.44490286178086
2.802,4.84589453457414,332.42748443852906
2.803,4.84526683108213,332.4099495076813
2.804,4.844639128097351,332.3922984939917
2.805,4.844011425618001,332.37453177693925
2.806,4.843383723642286,332.3566495252649
2.807,4.842756022168402,332.33865189279317
2.808,4.842128321194552,332.32053929278163
2.809,4.841500620718937,332.30231204800083
2.81,4.840872920739756,332.2839704172674
2.811,4.840245221255213,332.26551471743494
2.812,4.839617522263504,332.2469451849086
2.813,4.838989823762835,332.2282618770709
2.814,4.838362125751403,332.2094650580502
2.815,4.837734428227413,332.1905550844798
2.816,4.837106731189061,332.1715325068912
2.817,4.83647903463455,332.1523979482679
2.818,4.835851338562083,332.133151692743
2.819,4.835223642969858,332.1137940863625
2.82,4.834595947856076,332.09432546145706
2.821,4.83396825321894,332.0747461535873
2.822,4.833340559056646,332.05505636747296
2.823,4.8327128653674,332.0352566717512
2.824,4.8320851721494025,332.0153476124842
2.825,4.831457479400852,331.9953295331868
2.826,4.830829787119949,331.9752029244928
2.827,4.830202095304897,331.95496837382393
2.828,4.829574403953894,331.93462642757413
2.829,4.828946713065143,331.91417762436856
2.83,4.828319022636844,331.89362255097944
2.831,4.8276913326671975,331.8729617827989
2.832,4.827063643154404,331.8521960466272
2.833,4.8264359540966675,331.83132590349953
2.834,4.825808265492184,331.8103519061973
2.835,4.825180577339157,331.78927462755496
2.836,4.824552889635787,331.76809443147465
2.837,4.823925202380275,331.74681149973617
2.838,4.8232975155708235,331.72542613799624
2.839,4.82266982920563,331.70393880949905
2.84,4.822042143282897,331.68234989462934
2.841,4.821414457800826,331.66065977183314
2.842,4.820786772757616,331.63886897033535
2.843,4.8201590881514695,331.6169775740717
2.844,4.819531403980586,331.594985663518
2.845,4.818903720243169,331.57289345372214
2.846,4.818276036937415,331.55070126172495
2.847,4.81764835406153,331.52840965763704
2.848,4.817020671613709,331.5060188841365
2.849,4.816392989592158,331.48352908823534
2.85,4.8157653079950755,331.46094014611566
2.851,4.81513762682066,331.4382523055436
2.852,4.81450994606712,331.41546575550126
2.853,4.813882265732648,331.39258055958237
2.854,4.813254585815448,331.3695969511032
2.855,4.812626906313722,331.3465152600603
2.856,4.811999227225669,331.3233357567911
2.857,4.811371548549491,331.30005861215875
2.858,4.810743870283389,331.27668408970777
2.859,4.810116192425562,331.25321254184496
2.86,4.809488514974214,331.2296441833097
2.861,4.808860837927544,331.205979245732
2.862,4.808233161283751,331.1822181513762
2.863,4.807605485041039,331.15836140490353
2.864,4.806977809197607,331.1344093752687
2.865,4.806350133751656,331.1103620862192
2.866,4.805722458701388,331.08621953366685
2.867,4.805094784045003,331.0619818961054
2.868,4.804467109780702,331.03764923981
2.869,4.803839435906684,331.013221602841
2.87,4.803211762421153,330.98869900500375
2.871,4.802584089322309,330.96408119953145
2.872,4.801956416608351,330.9393680072659
2.873,4.801328744277481,330.9145592130271
2.874,4.800701072327901,330.8896544216718
2.875,4.80007340075781,330.8646532165974
2.876,4.799445729565409,330.83955518178885
2.877,4.7988180587489,330.8143596903212
2.878,4.798190388306484,330.7890663068655
2.879,4.79756271823636,330.76367449030664
2.88,4.79693504853673,330.73818352742154
2.881,4.796307379205796,330.71259278255263
2.882,4.795679710241756,330.68690183331364
2.883,4.795052041642814,330.6611101760349
2.884,4.794424373407168,330.63521721772935
2.885,4.79379670553302,330.60922205162876
2.886,4.79316903801857,330.5831240028258
2.887,4.792541370862022,330.55692239525
2.888,4.7919137040615745,330.5306167388304
2.889,4.791286037615427,330.50420633088794
2.89,4.790658371521782,330.477690663678
2.891,4.790030705778841,330.4510691639158
2.892,4.789403040384804,330.4243409623898
2.893,4.788775375337872,330.3975055566029
2.894,4.788147710636245,330.37056219486385
2.895,4.787520046278124,330.34350987760945
2.896,4.786892382261711,330.3163481178963
2.897,4.786264718585207,330.2890761982659
2.898,4.78563705524681,330.2616933253098
2.899,4.785009392244724,330.2341986748954
2.9,4.78438172957715,330.2065913871337
2.901,4.783754067242286,330.178870622258
2.902,4.783126405238335,330.1510352861656
2.903,4.782498743563496,330.12308429112795
2.904,4.781871082215971,330.0950168264361
2.905,4.781243421193962,330.0668320033248
2.906,4.780615760495667,330.0385290366871
2.907,4.779988100119291,330.01010704477375
2.908,4.779360440063031,329.9815651021496
2.909,4.778732780325089,329.9529023888783
2.91,4.778105120903668,329.9241181840752
2.911,4.777477461796965,329.89521177958335
2.912,4.7768498030031825,329.8661824425514
2.913,4.776222144520523,329.83702908426204
2.914,4.775594486347185,329.8077509248138
2.915,4.774966828481371,329.7783476146732
2.916,4.774339170921278,329.7488185968192
2.917,4.773711513665114,329.7191632574055
2.918,4.773083856711073,329.6893810641794
2.919,4.772456200057361,329.65947146979283
2.92,4.771828543702174,329.6294335321199
2.921,4.771200887643717,329.59926680829875
2.922,4.770573231880189,329.5689707889936
2.923,4.769945576409791,329.5385449098918
2.924,4.769317921230723,329.5079882879658
2.925,4.768690266341187,329.4773001921973
2.926,4.768062611739383,329.4464800778117
2.927,4.767434957423513,329.4155271982218
2.928,4.766807303391776,329.3844404655856
2.929,4.766179649642376,329.3532191021164
2.93,4.765551996173509,329.3218623752083
2.931,4.76492434298338,329.29036921306556
2.932,4.76429669007019,329.2587385485764
2.933,4.763669037432137,329.2269693444999
2.934,4.763041385067422,329.1950605232303
2.935,4.762413732974249,329.16301149721494
2.936,4.761786081150817,329.1308211843204
2.937,4.761158429595325,329.09848845877343
2.938,4.760530778305976,329.066012595188
2.939,4.759903127280971,329.0333928119737
2.94,4.759275476518509,329.0006281462895
2.941,4.7586478260167935,328.96771798928677
2.942,4.758020175774024,328.9346614901399
2.943,4.7573925257884,328.90145784870197
2.944,4.756764876058124,328.8681065016267
2.945,4.756137226581397,328.83460626044706
2.946,4.755509577356418,328.80095633937066
2.947,4.75488192838139,328.76715577126106
2.948,4.754254279654514,328.7332039364418
2.949,4.7536266311739865,328.6991001266068
2.95,4.7529989829380135,328.66484389728794
2.951,4.752371334944794,328.6304347848466
2.952,4.75174368719253,328.59587237913024
2.953,4.7511160396794185,328.56115606375795
2.954,4.750488392403663,328.526285293606
2.955,4.749860745363466,328.4912591732068
2.956,4.749233098557026,328.4560768413963
2.957,4.748605451982545,328.4207376530609
2.958,4.7479778056382225,328.3852408044994
2.959,4.747350159522261,328.3495854489204
2.96,4.746722513632859,328.31377077538275
2.961,4.74609486796822,328.27779616370316
2.962,4.745467222526543,328.24166097750077
2.963,4.744839577306029,328.20536430560446
2.964,4.74421193230488,328.1689052018655
2.965,4.743584287521298,328.1322833593541
2.966,4.742956642953478,328.0954979031933
2.967,4.7423289985996275,328.05854791130247
2.968,4.741701354457945,328.021432952416
2.969,4.74107371052663,327.9841527730031
2.97,4.740446066803884,327.9467072108624
2.971,4.739818423287908,327.90909598087893
2.972,4.739190779976903,327.87131877362896
2.973,4.738563136869071,327.83337508734223
2.974,4.737935493962612,327.79526472932594
2.975,4.737307851255726,327.756987265814
2.976,4.7366802087466136,327.7185426519924
2.977,4.736052566433476,327.6799307125082
2.978,4.735424924314515,327.6411513111493
2.979,4.734797282387931,327.60220451260534
2.98,4.734169640651926,327.56309003513115
2.981,4.733541999104698,327.52380755812004
2.982,4.732914357744449,327.48435682207906
2.983,4.732286716569382,327.444737993751
2.984,4.731659075577696,327.4049510189912
2.985,4.731031434767589,327.36499599487587
2.986,4.730403794137268,327.3248727713729
2.987,4.729776153684929,327.28458143466656
2.988,4.7291485134087745,327.2441221798265
2.989,4.728520873307006,327.2034951673411
2.99,4.727893233377822,327.1627005802909
2.991,4.7272655936194266,327.1217385721046
2.992,4.726637954030019,327.0806091484243
2.993,4.7260103146078,327.03931272532907
2.994,4.725382675350968,326.99784909887677
2.995,4.724755036257728,326.9562184633627
2.996,4.72412739732628,326.9144204967463
2.997,4.723499758554823,326.87245455608837
2.998,4.722872119941559,326.83032051704697
2.999,4.7222444814846884,326.78801839808517
3.0,4.721616843182412,326.7455480483936
3.001,4.720989205032932,326.7029094248911
3.002,4.720361567034447,326.6601025619297
3.003,4.7197339291851605,326.6171273473225
3.004,4.7191062914832695,326.57398384175826
3.005,4.71847865392698,326.53067211086807
3.006,4.717851016514488,326.48719140163894
3.007,4.717223379243999,326.44354169203086
3.008,4.716595742113707,326.39972291842685
3.009,4.71596810512182,326.3557349509406
3.01,4.715340468266534,326.3115779562552
3.011,4.714712831546053,326.26725228030045
3.012,4.714085194958575,326.22275749557343
3.013,4.713457558502305,326.1780938948071
3.014,4.712829922175438,326.1332621829397
3.015,4.712202285976181,326.0882626522367
3.016,4.7115746499027304,326.04309549597974
3.017,4.710947013953289,325.99776123479296
3.018,4.710319378126057,325.9522598657782
3.019,4.709691742419235,325.9065915745184
3.02,4.709064106831024,325.860756736809
3.021,4.708436471359628,325.81475572330373
3.022,4.707808836003242,325.7685888446946
3.023,4.707181200760068,325.7222560320876
3.024,4.706553565628311,325.6757573973288
3.025,4.70592593060617,325.6290928544764
3.026,4.705298295691844,325.5822624375299
3.027,4.7046706608835365,325.53526633304233
3.028,4.704043026179445,325.4881046088547
3.029,4.703415391577774,325.4407772955391
3.03,4.702787757076722,325.39328466383574
3.031,4.70216012267449,325.3456264580643
3.032,4.70153248836928,325.2978025165267
3.033,4.700904854159292,325.2498128186229
3.034,4.700277220042726,325.20165716894337
3.035,4.699649586017786,325.15333563909644
3.036,4.699021952082668,325.10484807329965
3.037,4.698394318235577,325.0561942112892
3.038,4.697766684474712,325.00737366374165
3.039,4.697139050798276,324.95838635356677
3.04,4.696511417204465,324.90923204898235
3.041,4.6958837836914835,324.85991036505806
3.042,4.695256150257533,324.81042126278606
3.043,4.694628516900811,324.7607642203325
3.044,4.694000883619522,324.7109386736588
3.045,4.693373250411865,324.66094421392756
3.046,4.6927456172760404,324.6107802360356
3.047,4.692117984210251,324.5604464850295
3.048,4.691490351212694,324.5099424688778
3.049,4.690862718281574,324.4592676527918
3.05,4.6902350854150905,324.4084216891029
3.051,4.689607452611444,324.35740350486634
3.052,4.688979819868835,324.306212280714
3.053,4.688352187185465,324.2548474429794
3.054,4.687724554559535,324.2033088435577
3.055,4.687096921989246,324.15159623877076
3.056,4.6864692894727975,324.09970925077374
3.057,4.6858416570083925,324.04764755884855
3.058,4.68521402459423,323.9954111418014
3.059,4.68458639222851,323.9429999342093
3.06,4.683958759909437,323.89041358983314
3.061,4.683331127635208,323.8376513592826
3.062,4.682703495404026,323.78471326911335
3.063,4.6820758632140915,323.7315990505204
3.064,4.681448231063604,323.67830819293533
3.065,4.680820598950767,323.62484040054596
3.066,4.68019296687378,323.57119512352756
3.067,4.6795653348308415,323.51737221046864
3.068,4.678937702820157,323.4633714925084
3.069,4.678310070839923,323.40919283761616
3.07,4.677682438888342,323.3548357580589
3.071,4.677054806963615,323.3003002178473
3.072,4.676427175063944,323.24558614423387
3.073,4.675799543187528,323.190693356387
3.074,4.675171911332568,323.1356220156505
3.075,4.674544279497265,323.08037185805256
3.076,4.673916647679823,323.0249422370046
3.077,4.673289015878437,322.9693330669392
3.078,4.672661384091312,322.91354472401827
3.079,4.672033752316647,322.85757738808263
3.08,4.6714061205526445,322.80143150199865
3.081,4.670778488797503,322.7451069941146
3.082,4.670150857049427,322.6886036958973
3.083,4.6695232253066115,322.6319225110493
3.084,4.668895593567264,322.57506367846435
3.085,4.66826796182958,322.51802736593027
3.086,4.667640330091764,322.46081384040673
3.087,4.667012698352015,322.403423302767
3.088,4.666385066608534,322.34585573932355
3.089,4.665757434859523,322.28811124304667
3.09,4.665129803103181,322.23019030034203
3.091,4.664502171337709,322.1720932911354
3.092,4.663874539561309,322.11382042737523
3.093,4.663246907772183,322.05537225595816
3.094,4.662619275968529,321.99674925446965
3.095,4.661991644148549,321.937951783299
3.096,4.661364012310444,321.87898031377006
3.097,4.660736380452415,321.81983565629344
3.098,4.660108748572662,321.76051867864123
3.099,4.659481116669388,321.7010301482458
3.1,4.658853484740791,321.64137075889255
3.101,4.658225852785073,321.58154111769915
3.102,4.657598220800434,321.5215413055038
3.103,4.656970588785078,321.46137190988475
3.104,4.656342956737202,321.40103393654005
3.105,4.65571532465501,321.34052773608875
3.106,4.6550876925367,321.2798536428887
3.107,4.654460060380474,321.21901179971593
3.108,4.653832428184534,321.1580021807672
3.109,4.653204795947079,321.0968250903226
3.11,4.652577163666312,321.03548099967895
3.111,4.6519495313404295,320.97397035690256
3.112,4.6513218989676375,320.9122935212655
3.113,4.650694266546135,320.85045035728115
3.114,4.650066634074121,320.78844107366365
3.115,4.649439001549799,320.72626591650237
3.116,4.648811368971368,320.6639249330246
3.117,4.648183736337029,320.60141844193015
3.118,4.647556103644986,320.5387467070198
3.119,4.646928470893435,320.47590995768223
3.12,4.64630083808058,320.4129084454272
3.121,4.645673205204621,320.34974224811583
3.122,4.645045572263757,320.286411400274
3.123,4.644417939256192,320.22291624618833
3.124,4.643790306180124,320.15925686010246
3.125,4.643162673033756,320.0954332330229
3.126,4.6425350398152885,320.0314456904439
3.127,4.641907406522921,319.9672946489468
3.128,4.641279773154856,319.9029806767863
3.129,4.640652139709293,319.83850400006327
3.13,4.640024506184435,319.77386403708323
3.131,4.63939687257848,319.7090608287755
3.132,4.63876923888963,319.64409554666446
3.133,4.638141605116085,319.57896863815074
3.134,4.637513971256049,319.51368005522875
3.135,4.636886337307721,319.44823016369145
3.136,4.6362587032692995,319.3826195164683
3.137,4.635631069138985,319.3168482441122
3.138,4.635003434914984,319.2509162881594
3.139,4.634375800595494,319.1848240249459
3.14,4.633748166178715,319.1185716617218
3.141,4.633120531662849,319.0521599515815
3.142,4.632492897046096,318.98558910071245
3.143,4.631865262326656,318.91885907229647
3.144,4.631237627502734,318.85197045987263
3.145,4.630609992572525,318.7849239979007
3.146,4.629982357534235,318.71772001182114
3.147,4.629354722386062,318.6503588138
3.148,4.628727087126207,318.5828405079464
3.149,4.628099451752872,318.5151652233592
3.15,4.627471816264258,318.44733420763134
3.151,4.626844180658564,318.37934807782545
3.152,4.626216544933991,318.3112074353182
3.153,4.625588909088741,318.24291281515497
3.154,4.6249612731210155,318.17446454464226
3.155,4.6243336370290145,318.1058632255369
3.156,4.623706000810937,318.03710909419283
3.157,4.623078364464987,317.9682022418219
3.158,4.622450727989363,317.899143194698
3.159,4.621823091382268,317.8299326418629
3.16,4.621195454641899,317.7605711066194
3.161,4.620567817766462,317.6910594659819
3.162,4.619940180754155,317.6213982954797
3.163,4.6193125436031774,317.55158776624
3.164,4.618684906311733,317.48162838598466
3.165,4.618057268878021,317.4115200086952
3.166,4.617429631300244,317.34126297445346
3.167,4.616801993576599,317.27085761638904
3.168,4.61617435570529,317.2003043412311
3.169,4.615546717684516,317.1296040606588
3.17,4.614919079512482,317.0587573003071
3.171,4.614291441187385,316.98776403495674
3.172,4.613663802707424,316.91662489475436
3.173,4.613036164070804,316.8453403651522
3.174,4.6124085252757245,316.7739106109747
3.175,4.6117808863203855,316.7023364673081
3.176,4.611153247202989,316.63061807758527
3.177,4.610525607921735,316.55875540447596
3.178,4.609897968474826,316.4867487287644
3.179,4.609270328860459,316.41459850605395
3.18,4.608642689076839,316.34230522401776
3.181,4.608015049122165,316.2698696575561
3.182,4.607387408994637,316.1972924613961
3.183,4.606759768692458,316.1245746981864
3.184,4.606132128213827,316.0517166779814
3.185,4.605504487556946,315.978718856715
3.186,4.604876846720016,315.90558221646035
3.187,4.604249205701236,315.83230758331706
3.188,4.603621564498807,315.7588956856531
3.189,4.602993923110933,315.6853471272593
3.19,4.6023662815358115,315.6116630419489
3.191,4.601738639771645,315.5378444908321
3.192,4.601110997816632,315.4638918270535
3.193,4.6004833556689775,315.3898059294662
3.194,4.59985571332688,315.31558735949295
3.195,4.59922807078854,315.2412362278928
3.196,4.598600428052157,315.1667528673544
3.197,4.597972785115935,315.09213839651426
3.198,4.597345141978074,315.0173939920411
3.199,4.5967174986367745,314.9425209856248
3.2,4.596089855090235,314.86752078822616
3.201,4.5954622113366606,314.79239429237487
3.202,4.594834567374248,314.7171427185931
3.203,4.5942069232012015,314.6417670524993
3.204,4.593579278815719,314.5662678927484
3.205,4.5929516342160035,314.4906458995801
3.206,4.592323989400255,314.4149021394595
3.207,4.591696344366675,314.33903742254074
3.208,4.591068699113463,314.2630519860116
3.209,4.590441053638822,314.18694598300124
3.21,4.58981340794095,314.11072016841695
3.211,4.589185762018049,314.03437569783586
3.212,4.58855811586832,313.9579130950767
3.213,4.587930469489966,313.88133282537
3.214,4.587302822881184,313.80463517455604
3.215,4.586675176040178,313.72782063417566
3.216,4.586047528965145,313.6508892213563
3.217,4.585419881654291,313.57384080311044
3.218,4.584792234105814,313.49667541599143
3.219,4.584164586317913,313.419393367455
3.22,4.583536938288792,313.3419947538252
3.221,4.582909290016651,313.2644795995745
3.222,4.582281641499689,313.18684775934116
3.223,4.58165399273611,313.10909927808905
3.224,4.581026343724112,313.03123448963123
3.225,4.580398694461898,312.9532535748505
3.226,4.579771044947669,312.8751565134935
3.227,4.579143395179622,312.7969435752061
3.228,4.578515745155961,312.7186150832822
3.229,4.577888094874886,312.6401712962417
3.23,4.5772604443346,312.5616120648483
3.231,4.576632793533301,312.4829373247445
3.232,4.576005142469192,312.40414733078273
3.233,4.575377491140472,312.325242811673
3.234,4.574749839545343,312.24622447944074
3.235,4.574122187682004,312.1670923403873
3.236,4.573494535548658,312.0878463467112
3.237,4.572866883143505,312.0084865445382
3.238,4.572239230464747,311.92901322603296
3.239,4.571611577510582,311.84942724481084
3.24,4.570983924279213,311.76972896392107
3.241,4.5703562707688405,311.6899187908722
3.242,4.569728616977667,311.6099972726615
3.243,4.569100962903889,311.52996575309993
3.244,4.568473308545711,311.44982580375023
3.245,4.567845653901332,311.3695780025565
3.246,4.567217998968955,311.2892224535953
3.247,4.566590343746779,311.2087594838145
3.248,4.5659626882330056,311.1281894470876
3.249,4.565335032425835,311.0475128743334
3.25,4.564707376323468,310.9667303441494
3.251,4.564079719924106,310.88584240597464
3.252,4.56345206322595,310.80484950383885
3.253,4.5628244062272,310.7237518062277
3.254,4.562196748926058,310.64254897115467
3.255,4.561569091320723,310.5612413253036
3.256,4.560941433409397,310.479829991787
3.257,4.560313775190282,310.3983158903134
3.258,4.5596861166615765,310.3166989021074
3.259,4.559058457821484,310.2349788695971
3.26,4.558430798668203,310.1531558925094
3.261,4.557803139199935,310.07123029722595
3.262,4.557175479414882,309.98920261405397
3.263,4.556547819311242,309.9070731316648
3.264,4.555920158887219,309.8248420183434
3.265,4.555292498141011,309.7425094046704
3.266,4.554664837070822,309.6600754248963
3.267,4.554037175674851,309.5775400744015
3.268,4.553409513951299,309.4949031098452
3.269,4.5527818518983665,309.41216457086335
3.27,4.552154189514256,309.3293248566978
3.271,4.551526526797165,309.2463844002061
3.272,4.550898863745298,309.16334406559145
3.273,4.550271200356853,309.08020421529613
3.274,4.5496435366300325,308.9969644725728
3.275,4.549015872563038,308.913624519823
3.276,4.548388208154067,308.8301844319962
3.277,4.547760543401325,308.74664430676086
3.278,4.547132878303009,308.66300414288
3.279,4.546505212857323,308.5792643224053
3.28,4.545877547062464,308.49542510443325
3.281,4.545249880916636,308.4114860467367
3.282,4.5446222144180375,308.32744713566194
3.283,4.543994547564871,308.24330871589416
3.284,4.543366880355338,308.15907121829764
3.285,4.542739212787637,308.07473456930774
3.286,4.5421115448599725,307.9902986476852
3.287,4.541483876570542,307.90576354602155
3.288,4.540856207917546,307.8211295667686
3.289,4.5402285388991865,307.7363967028038
3.29,4.539600869513666,307.65156490154857
3.291,4.538973199759184,307.5666343528011
3.292,4.53834552963394,307.4816052455109
3.293,4.537717859136135,307.3964780337214
3.294,4.5370901882639725,307.3112535046904
3.295,4.536462517015652,307.2259326295159
3.296,4.535834845389372,307.1405162464292
3.297,4.535207173383338,307.0550049625662
3.298,4.534579500995745,306.96939951849964
3.299,4.533951828224801,306.88370038178124
3.3,4.5333241550687005,306.79790779930795
3.301,4.532696481525646,306.71202252852174
3.302,4.53206880759384,306.626045819373
3.303,4.531441133271483,306.53997863971665
3.304,4.530813458556774,306.45382145279814
3.305,4.530185783447916,306.36757506920713
3.306,4.529558107943108,306.2812404241723
3.307,4.528930432040553,306.1948177025381
3.308,4.52830275573845,306.10830701882776
3.309,4.527675079034999,306.021709091464
3.31,4.527047401928405,305.93502474347616
3.311,4.526419724416863,305.8482552428112
3.312,4.525792046498578,305.7614019022102
3.313,4.525164368171751,305.67446557065307
3.314,4.52453668943458,305.5874463254846
3.315,4.523909010285269,305.50034435094864
3.316,4.523281330722016,305.4131605209379
3.317,4.522653650743024,305.3258953525891
3.318,4.522025970346492,305.2385489828681
3.319,4.521398289530623,305.15112185252195
3.32,4.520770608293615,305.0636145680925
3.321,4.520142926633671,304.9760277868461
3.322,4.519515244548992,304.8883626060139
3.323,4.518887562037778,304.8006199421827
3.324,4.51825987909823,304.71280015088763
3.325,4.517632195728549,304.62490415120556
3.326,4.517004511926935,304.53693339599886
3.327,4.51637682769159,304.44888879450104
3.328,4.515749143020714,304.3607711378859
3.329,4.515121457912507,304.2725812248883
3.33,4.514493772365173,304.1843195765531
3.331,4.513866086376909,304.0959868113812
3.332,4.513238399945919,304.0075839687571
3.333,4.512610713070402,303.9191120478438
3.334,4.5119830257485605,303.83057124343065
3.335,4.511355337978593,303.74196233675843
3.336,4.510727649758702,303.65328679556984
3.337,4.510099961087087,303.56454567068533
3.338,4.50947227196195,303.4757397114446
3.339,4.508844582381492,303.3868696769563
3.34,4.508216892343913,303.29793609336065
3.341,4.507589201847415,303.2089395949937
3.342,4.506961510890198,303.11988146041466
3.343,4.506333819470461,303.0307626900858
3.344,4.505706127586409,302.94158383557766
3.345,4.505078435236239,302.8523457459888
3.346,4.504450742418154,302.7630491228123
3.347,4.503823049130355,302.67369408598336
3.348,4.503195355371042,302.58428118312696
3.349,4.502567661138414,302.4948117797262
3.35,4.501939966430676,302.4052869811235
3.351,4.501312271246024,302.31570725736555
3.352,4.500684575582665,302.2260731970718
3.353,4.500056879438794,302.13638575710706
3.354,4.499429182812614,302.0466456889876
3.355,4.498801485702327,301.95685411124447
3.356,4.498173788106133,301.86701244672344
3.357,4.49754609002223,301.7771214639959
3.358,4.496918391448824,301.6871817389678
3.359,4.496290692384113,301.59719428642427
3.36,4.495662992826298,301.50716032887016
3.361,4.495035292773579,301.41708118860697
3.362,4.494407592224158,301.32695830174765
3.363,4.493779891176237,301.2367927248168
3.364,4.493152189628015,301.1465848092679
3.365,4.4925244875776915,301.05633543235786
3.366,4.491896785023471,300.96604600470636
3.367,4.491269081963552,300.8757178338757
3.368,4.490641378396138,300.78535189904926
3.369,4.4900136743194246,300.6949494738957
3.37,4.489385969731617,300.60451187549495
3.371,4.488758264630914,300.51404000470484
3.372,4.488130559015517,300.4235347597035
3.373,4.487502852883629,300.33299664712763
3.374,4.486875146233448,300.2424259975842
3.375,4.486247439063174,300.15182343285363
3.376,4.4856197313710116,300.06118985691865
3.377,4.484992023155159,299.97052649439826
3.378,4.484364314413817,299.8798341003927
3.379,4.483736605145188,299.78911342204833
3.38,4.483108895347471,299.6983654066555
3.381,4.482481185018869,299.60759112052835
3.382,4.48185347415758,299.51679139811165
3.383,4.481225762761808,299.425967252933
3.384,4.480598050829751,299.3351197466744
3.385,4.479970338359611,299.24424959892247
3.386,4.47934262534959,299.1533577060627
3.387,4.478714911797887,299.06244585670595
3.388,4.478087197702704,298.9715155016634
3.389,4.4774594830622405,298.88056762434735
3.39,4.4768317678747,298.78960297437504
3.391,4.47620405213828,298.69862297678384
3.392,4.4755763358511835,298.6076291739892
3.393,4.474948619011612,298.5166227361845
3.394,4.474320901617762,298.4256046446371
3.395,4.47369318366784,298.3345763641258
3.396,4.473065465160044,298.24353970464546
3.397,4.472437746092575,298.1524960273799
3.398,4.471810026463634,298.0614460341961
3.399,4.471182306271421,297.9703908126816
3.4,4.470554585514138,297.87933180086145
3.401,4.469926864189986,297.7882701264986
3.402,4.4692991422971655,297.69720618657124
3.403,4.468671419833877,297.60614037441087
3.404,4.46804369679832,297.5150735115972
3.405,4.467415973188698,297.42400624305026
3.406,4.466788249003211,297.33293903215895
3.407,4.466160524240061,297.2418725897033
3.408,4.465532798897446,297.15080778214985
3.409,4.4649050729735675,297.05974565550156
3.41,4.464277346466626,296.96868713083603
3.411,4.463649619374826,296.8776329615278
3.412,4.463021891696364,296.78658410075553
3.413,4.462394163429444,296.6955414254585
3.414,4.461766434572263,296.60450619831397
3.415,4.461138705123028,296.5134797501852
3.416,4.4605109750799325,296.42246297809817
3.417,4.4598832444411824,296.3314568631009
3.418,4.459255513204976,296.24046281930856
3.419,4.4586277813695165,296.1494820331887
3.42,4.458000048933004,296.05851546521126
3.421,4.457372315893637,295.96756417179637
3.422,4.456744582249618,295.8766293803158
3.423,4.456116847999148,295.7857124500481
3.424,4.455489113140429,295.6948145587553
3.425,4.45486137767166,295.6039366228017
3.426,4.454233641591042,295.5130795834755
3.427,4.4536059048967775,295.4222445635757
3.428,4.452978167587066,295.33143315113165
3.429,4.4523504296601075,295.2406468596189
3.43,4.451722691114103,295.1498868870564
3.431,4.4510949519472565,295.05915444812535
3.432,4.450467212157765,294.96845079087814
3.433,4.4498394717438305,294.87777687125356
3.434,4.449211730703655,294.78713403240386
3.435,4.448583989035438,294.69652382955684
3.436,4.447956246737381,294.60594778275913
3.437,4.447328503807685,294.5154070534154
3.438,4.44670076024455,294.42490257834845
3.439,4.446073016046177,294.3344351652322
3.44,4.445445271210767,294.2440061304569
3.441,4.444817525736522,294.15361675203576
3.442,4.444189779621642,294.0632681578981
3.443,4.443562032864326,293.9729612234081
3.444,4.44293428546278,293.8826963770447
3.445,4.442306537415198,293.7924743369404
3.446,4.441678788719785,293.70229578472004
3.447,4.4410510393747415,293.6121612854852
3.448,4.440423289378268,293.52207141231474
3.449,4.439795538728565,293.4320265253811
3.45,4.439167787423833,293.3420271314778
3.451,4.438540035462274,293.2520735799569
3.452,4.437912282842088,293.1621662053519
3.453,4.437284529561476,293.0723054713552
3.454,4.436656775618639,292.9824919743067
3.455,4.436029021011778,292.8927262696417
3.456,4.4354012657390935,292.8030089018382
3.457,4.434773509798786,292.71334035442544
3.458,4.434145753189057,292.62372145020504
3.459,4.433517995908107,292.5341528158358
3.46,4.432890237954138,292.44463507949206
3.461,4.432262479325349,292.35516881526576
3.462,4.43163472001994,292.2657546291353
3.463,4.4310069600361155,292.1763934771402
3.464,4.430379199372075,292.0870861824098
3.465,4.429751438026016,291.9978330661704
3.466,4.429123675996142,291.90863458745025
3.467,4.428495913280655,291.81949146082206
3.468,4.427868149877756,291.7304041475112
3.469,4.427240385785643,291.6413728292461
3.47,4.426612621002518,291.5523977077685
3.471,4.425984855526583,291.4634793826737
3.472,4.425357089356037,291.3746184828642
3.473,4.424729322489084,291.2858153994968
3.474,4.42410155492392,291.19707061582204
3.475,4.423473786658749,291.1083846126246
3.476,4.422846017691773,291.0197577780811
3.477,4.42221824802119,290.93119043373576
3.478,4.421590477645202,290.8426827899186
3.479,4.42096270656201,290.75423512303405
3.48,4.420334934769814,290.66584795676414
3.481,4.419707162266817,290.5775217956039
3.482,4.419079389051216,290.4892573253777
3.483,4.418451615121217,290.4010552610811
3.484,4.417823840475017,290.3129160887261
3.485,4.417196065110818,290.2248405811588
3.486,4.41656828902682,290.13682971664423
3.487,4.4159405122212245,290.0488842291166
3.488,4.4153127346922325,289.9610046983813
3.489,4.4146849564380455,289.8731915769268
3.49,4.414057177456863,289.7854453738928
3.491,4.413429397746888,289.69776658557356
3.492,4.412801617306318,289.6101554749334
3.493,4.412173836133356,289.5226121734179
3.494,4.411546054226201,289.4351367465673
3.495,4.410918271583057,289.34772915067504
3.496,4.410290488202124,289.260389304181
3.497,4.4096627040816,289.17311708715533
3.498,4.409034919219688,289.0859125888021
3.499,4.40840713361459,288.9987758857913
3.5,4.407779347264503,288.9117067684265
3.501,4.407151560167632,288.8247049654983
3.502,4.406523772322176,288.73777043662915
3.503,4.405895983726336,288.6509032483352
3.504,4.405268194385883,288.5640987363518
3.505,4.404640404336862,288.4773523117249
3.506,4.404012613622894,288.39066372465925
3.507,4.403384822287592,288.30403259418887
3.508,4.402757030374577,288.2174587836636
3.509,4.402129237927463,288.1309421815872
3.51,4.401501444989869,288.0444826503685
3.511,4.400873651605411,287.9580802576162
3.512,4.400245857817707,287.87173479347587
3.513,4.399618063670375,287.78544592739354
3.514,4.3989902692070295,287.69921342044336
3.515,4.3983624744712895,287.6130373108717
3.516,4.3977346795067715,287.52691754013847
3.517,4.397106884357093,287.44085385833523
3.518,4.3964790890658705,287.35484607888606
3.519,4.395851293676722,287.2688941225335
3.52,4.395223498233262,287.1829978981572
3.521,4.394595702779112,287.097156987358
3.522,4.393967907357886,287.01137095948667
3.523,4.3933401120132,286.9256396907004
3.524,4.392712316788675,286.8399630594412
3.525,4.3920845217279245,286.7543408715393
3.526,4.391456726874569,286.66877283482177
3.527,4.390828932272223,286.5832584682787
3.528,4.390201137964504,286.497797432754
3.529,4.38957334399503,286.41238924532377
3.53,4.388945550407418,286.32703350107965
3.531,4.388317757245284,286.2417299939535
3.532,4.387689964552245,286.15647846617355
3.533,4.38706217237192,286.07127878028587
3.534,4.386434380747924,285.9861309053989
3.535,4.385806589723876,285.9010345004425
3.536,4.385178799343392,285.8159893937069
3.537,4.38455100965009,285.73099502924987
3.538,4.383923220687586,285.6460505832826
3.539,4.383295432499497,285.5611554871224
3.54,4.38266764512944,285.4763093429764
3.541,4.382039858621034,285.3915117246015
3.542,4.381412073017895,285.30676219039486
3.543,4.380784288363639,285.2220602608118
3.544,4.380156504701885,285.1374053528932
3.545,4.379528722076248,285.05279713935676
3.546,4.378900940530348,284.96823545566167
3.547,4.378273160107799,284.88371967282626
3.548,4.377645380852219,284.79924913176603
3.549,4.377017602807227,284.7148233820504
3.55,4.376389826016438,284.63044200064087
3.551,4.37576205052347,284.54610464668315
3.552,4.37513427637194,284.4618111691993
3.553,4.374506503605465,284.37756156449893
3.554,4.373878732267662,284.29335562724873
3.555,4.373250962402149,284.20919311208036
3.556,4.372623194052542,284.12507376162114
3.557,4.3719954272624575,284.04099722307507
3.558,4.371367662075515,283.9569630144142
3.559,4.370739898535329,283.8729705320976
3.56,4.370112136685518,283.78901922685657
3.561,4.369484376569699,283.70510873397063
3.562,4.368856618231489,283.6212387009765
3.563,4.368228861714505,283.5374088045116
3.564,4.367601107062365,283.45361869260836
3.565,4.366973354318685,283.36986813299234
3.566,4.366345603527081,283.2861571340482
3.567,4.365717854731172,283.2024855283027
3.568,4.3650901079745745,283.11885304550555
3.569,4.364462363300908,283.0352594148899
3.57,4.363834620753787,282.9517045279986
3.571,4.3632068803768265,282.8681884296123
3.572,4.362579142213646,282.784710955993
3.573,4.361951406307864,282.70127213009937
3.574,4.361323672703097,282.61787216955514
3.575,4.36069594144296,282.5345113496138
3.576,4.360068212571074,282.45118985125623
3.577,4.35944048613105,282.3679077086772
3.578,4.358812762166511,282.2846650469439
3.579,4.358185040721072,282.2014620161533
3.58,4.357557321838348,282.11829888353594
3.581,4.356929605561959,282.03517586511856
3.582,4.356301891935522,281.95209320853036
3.583,4.355674181002652,281.8690511896963
3.584,4.3550464728069676,281.78605013769754
3.585,4.354418767392086,281.7030904241103
3.586,4.353791064801623,281.62017230283607
3.587,4.353163365079198,281.53729629539635
3.588,4.352535668268426,281.454462981428
3.589,4.351907974412924,281.3716728366074
3.59,4.351280283556313,281.2889262749689
3.591,4.350652595742204,281.2062238244256
3.592,4.350024911014219,281.12356609306346
3.593,4.349397229415972,281.0409535419029
3.594,4.348769550991082,280.958386639039
3.595,4.348141875783165,280.8758658587391
3.596,4.347514203835839,280.7933917996611
3.597,4.346886535192721,280.71096493700486
3.598,4.3462588698974285,280.62858541281264
3.599,4.345631207993576,280.5462534317179
3.6,4.345003549524784,280.4639693049441
3.601,4.344375894534668,280.3817331749625
3.602,4.3437482430668455,280.2995453420338
3.603,4.343120595164931,280.2174060670885
3.604,4.342492950872547,280.1353154006548
3.605,4.341865310233308,280.0532734791609
3.606,4.341237673290829,279.97128037773155
3.607,4.340610040088729,279.889336067222
3.608,4.339982410670624,279.8074406625193
3.609,4.339354785080133,279.72559433467495
3.61,4.338727163360871,279.64379711833993
3.611,4.338099545556457,279.5620488243944
3.612,4.337471931710508,279.4803494062685
3.613,4.336844321866639,279.3986988879243
3.614,4.3362167160684715,279.3170972224344
3.615,4.335589114359617,279.23554431026236
3.616,4.334961516783696,279.15404012550823
3.617,4.334333923384324,279.0725845108272
3.618,4.33370633420512,278.99117732425594
3.619,4.333078749289699,278.9098184123975
3.62,4.33245116868168,278.8285077769209
3.621,4.331823592424679,278.7472452667842
3.622,4.331196020562314,278.6660308640493
3.623,4.3305684531382,278.5848645701938
3.624,4.329940890195957,278.5037464321489
3.625,4.3293133317792005,278.4226761778681
3.626,4.328685777931549,278.3416536742325
3.627,4.328058228696616,278.2606787641041
3.628,4.3274306841180215,278.17975134939246
3.629,4.326803144239383,278.09887147742927
3.63,4.326175609104316,278.0180391717773
3.631,4.325548078756439,277.9372542160824
3.632,4.3249205532393695,277.8565161737701
3.633,4.324293032596722,277.77582460840847
3.634,4.323665516872116,277.6951790949895
3.635,4.323038006109166,277.6145795681985
3.636,4.322410500351493,277.5340257900805
3.637,4.321782999642711,277.45351721448446
3.638,4.321155504026438,277.3730532984115
3.639,4.320528013546292,277.2926335339451
3.64,4.3199005282458875,277.21225765515976
3.641,4.319273048168846,277.13192539754886
3.642,4.31864557335878,277.05163657378284
3.643,4.31801810385931,276.9713909050091
3.644,4.317390639714051,276.8911879566016
3.645,4.31676318096662,276.8110273875091
3.646,4.316135727660636,276.7309086654603
3.647,4.315508279839715,276.65083138388223
3.648,4.314880837547474,276.57079534656737
3.649,4.314253400827531,276.4908004616485
3.65,4.3136259697235015,276.41084655617243
3.651,4.312998544279004,276.33093336943955
3.652,4.312371124537654,276.25106069987163
3.653,4.3117437105430705,276.1712285244097
3.654,4.3111163023388706,276.0914366965592
3.655,4.31048889996867,276.0116850731006
3.656,4.309861503476085,275.93197362534596
3.657,4.309234112904736,275.8523024139036
3.658,4.308606728298238,275.77267141685735
3.659,4.307979349700207,275.693080580558
3.66,4.307351977154263,275.613529851234
3.661,4.306724610704021,275.534019033699
3.662,4.306097250393098,275.4545478963018
3.663,4.305469896265112,275.37511611791206
3.664,4.3048425483636805,275.29572351915465
3.665,4.304215206732419,275.21637001213116
3.666,4.303587871414948,275.13705560424853
3.667,4.30296054245488,275.0577802848228
3.668,4.302333219895834,274.97854385264463
3.669,4.3017059037814285,274.8993462265894
3.67,4.301078594155279,274.8201873998024
3.671,4.3004512910610035,274.7410672266566
3.672,4.299823994542217,274.6619855223944
3.673,4.299196704642541,274.58294216260595
3.674,4.298569421405589,274.50393703479574
3.675,4.297942144874979,274.424969994705
3.676,4.297314875094327,274.3460408056397
3.677,4.296687612107252,274.26714908416204
3.678,4.296060355957371,274.18829451129403
3.679,4.2954331066883,274.1094768344801
3.68,4.294805864343657,274.03069596970096
3.681,4.2941786289670585,273.951951864065
3.682,4.293551400602121,273.873244438912
3.683,4.292924179292463,273.7945737130158
3.684,4.292296965081701,273.715939539484
3.685,4.291669758013452,273.6373418620254
3.686,4.291042558131334,273.5587804006884
3.687,4.290415365478961,273.4802550484209
3.688,4.289788180099954,273.40176579420734
3.689,4.289161002037929,273.3233124661618
3.69,4.288533831336503,273.2448947444658
3.691,4.287906668039293,273.1665124614026
3.692,4.287279512189913,273.0881655268307
3.693,4.286652363831985,273.0098537322285
3.694,4.2860252230091245,272.93157694690257
3.695,4.285398089764946,272.8533349396298
3.696,4.284770964143071,272.7751276513728
3.697,4.2841438461871135,272.6969550934965
3.698,4.283516735940692,272.61881730954644
3.699,4.282889633447423,272.5407142665603
3.7,4.282262538750923,272.4626458391546
3.701,4.28163545189481,272.38461208059124
3.702,4.2810083729227015,272.30661315739985
3.703,4.280381301878214,272.2286491656987
3.704,4.279754238804964,272.1507201474331
3.705,4.279127183746569,272.07282603757704
3.706,4.278500136746648,271.99496688805755
3.707,4.277873097848816,271.9171427364378
3.708,4.277246067096689,271.8393536996865
3.709,4.276619044533886,271.76159986821216
3.71,4.2759920302040255,271.6838812662361
3.711,4.275365024150721,271.60619783976193
3.712,4.27473802629129,271.5286265895284
3.713,4.274111036037834,271.45124453847535
3.714,4.273484052676153,271.3740517804274
3.715,4.272857075492052,271.29704829529265
3.716,4.272230103771325,271.22023425107744
3.717,4.271603136799778,271.1436099170905
3.718,4.270976173863208,271.06717548377503
3.719,4.270349214247418,270.9909310137894
3.72,4.269722257238207,270.91487669633887
3.721,4.269095302121377,270.83901269416293
3.722,4.2684683481827275,270.7633390082184
3.723,4.26784139470806,270.68785563755154
3.724,4.267214440983174,270.6125627356149
3.725,4.2665874862938695,270.5374604313427
3.726,4.265960529925949,270.4625488608933
3.727,4.265333571165212,270.3878281974603
3.728,4.264706609297459,270.31329848474195
3.729,4.2640796436084925,270.2389597757383
3.73,4.26345267338411,270.16481231391003
3.731,4.262825697910113,270.09085619247827
3.732,4.262198716472304,270.01709139742104
3.733,4.261571728356482,269.94351794708274
3.734,4.260944732848447,269.87013589712797
3.735,4.260317729234001,269.79694540718265
3.736,4.259690716798943,269.72394670517764
3.737,4.259063694829075,269.65114004043227
3.738,4.258436662610198,269.57852549862434
3.739,4.257809619428111,269.5061029329141
3.74,4.257182564568616,269.43387230264113
3.741,4.256555497317511,269.36183370087673
3.742,4.2559284169606,269.28998721544406
3.743,4.255301322783682,269.21833311394823
3.744,4.2546742140725575,269.1468715792697
3.745,4.254047090113026,269.0756027178131
3.746,4.253419950190892,269.00452676521195
3.747,4.25279279359195,268.9336439727515
3.748,4.252165619602006,268.86295451493834
3.749,4.251538427506858,268.79245844524166
3.75,4.250911216592306,268.72215600259324
3.751,4.2502839861441535,268.6520473843677
3.752,4.249656735448198,268.58213265160003
3.753,4.249029463790242,268.512411942121
3.754,4.248402170456085,268.44288540261266
3.755,4.247774854731528,268.3735531135288
3.756,4.2471475159023715,268.30441495282037
3.757,4.246520153254416,268.23547095684506
3.758,4.245892766073464,268.16672105791577
3.759,4.245265353645314,268.098165041344
3.76,4.244637915255764,268.02980271325845
3.761,4.244010450190619,267.9616339729399
3.762,4.24338295773568,267.8936586747831
3.763,4.2427554371767435,267.82587658346154
3.764,4.242127887799612,267.7582875680368
3.765,4.241500308890087,267.69089140977775
3.766,4.240872699733969,267.6236879866678
3.767,4.240245059617057,267.556677179246
3.768,4.239617387825153,267.48985884028997
3.769,4.238989683644057,267.4232327950498
3.77,4.23836194635957,267.3567989653321
3.771,4.237734175257492,267.29055710326975
3.772,4.237106369623625,267.2245072244658
3.773,4.236478528743767,267.1586491733459
3.774,4.23585065190372,267.0929827130955
3.775,4.235222738389285,267.02750785116916
3.776,4.234594787486263,266.96222467455493
3.777,4.233966798480453,266.8971331059945
3.778,4.2333387706576575,266.83223291853716
3.779,4.232710703303674,266.76752396803533
3.78,4.2320825957043064,266.7030061252428
3.781,4.231454447145352,266.6386793330575
3.782,4.230826256912616,266.5745435430353
3.783,4.230198024291894,266.5105985436004
3.784,4.2295697485689905,266.4468443412264
3.785,4.228941429029703,266.38328091658684
3.786,4.228313064959836,266.31990820117505
3.787,4.227684655645186,266.2567261981434
3.788,4.227056200371555,266.19373484067927
3.789,4.226427698424744,266.13093411752027
3.79,4.225799149090553,266.0683241306558
3.791,4.225170551654783,266.00590492487163
3.792,4.2245419054032345,265.9436766262724
3.793,4.223913209621708,265.88163940966456
3.794,4.223284463596006,265.8197933078932
3.795,4.222655666611924,265.7581383430994
3.796,4.222026817955269,265.6966747105004
3.797,4.221397916911837,265.6354026540759
3.798,4.220768962767429,265.5743223770334
3.799,4.220139954807848,265.51343413271434
3.8,4.219510892318892,265.4527382107369
3.801,4.218881774586364,265.3922347379661
3.802,4.218252600896062,265.33192378369534
3.803,4.217623370533789,265.2718053827444
3.804,4.2169940827853445,265.21187958531505
3.805,4.216364736936529,265.1521463633863
3.806,4.215735332273143,265.0926056978659
3.807,4.215105868080987,265.0332575677324
3.808,4.214476343645862,264.97410174794663
3.809,4.213846758253569,264.91513812015626
3.81,4.213217111189907,264.8563664980224
3.811,4.212587401740677,264.7977865867819
3.812,4.211957629191681,264.73939816422035
3.813,4.211327792828719,264.6812009354581
3.814,4.210697891937592,264.6231944941695
3.815,4.210067925804098,264.5653785116763
3.816,4.209437894240957,264.5074319014036
3.817,4.208807799168547,264.4490334724164
3.818,4.208177643034162,264.3901829589753
3.819,4.207547428285101,264.3308800870958
3.82,4.206917157368658,264.2711245842653
3.821,4.20628683273213,264.2109162176327
3.822,4.205656456822811,264.1502548365191
3.823,4.205026032087999,264.0891403013379
3.824,4.204395560974987,264.0275724641758
3.825,4.203765045931072,263.9655511660138
3.826,4.203134489403551,263.9030761547077
3.827,4.202503893839717,263.8401471465815
3.828,4.20187326168687,263.77676401782384
3.829,4.201242595392301,263.71292672280015
3.83,4.2006118974033075,263.64863536457165
3.831,4.199981170167186,263.58388994423854
3.832,4.199350416131233,263.5186904288026
3.833,4.198719637742742,263.4530368587881
3.834,4.198088837449008,263.38692946071535
3.835,4.197458017697331,263.32036844856356
3.836,4.196827180935003,263.25335399793727
3.837,4.196196329609321,263.1858863254752
3.838,4.19556546616758,263.11796560242885
3.839,4.194934593057078,263.0495920296783
3.84,4.194303712725109,262.9807658679893
3.841,4.193672827618968,262.91148742612256
3.842,4.193041940185952,262.8417569042989
3.843,4.192411052873356,262.7715746531726
3.844,4.191780168128476,262.70094113793704
3.845,4.191149288398609,262.62985665918006
3.846,4.190518416131049,262.55832155869626
3.847,4.189887553773092,262.48633611675314
3.848,4.189256703772034,262.41390061477614
3.849,4.188625868575171,262.3410152601706
3.85,4.187995050629798,262.2676800684992
3.851,4.187364252383213,262.1938951487805
3.852,4.186733476282708,262.1196607026256
3.853,4.186102724775581,262.04497705764345
3.854,4.185472000309127,261.9698444603408
3.855,4.184841305330643,261.8942632652718
3.856,4.184210642287424,261.8182338041048
3.857,4.183580013626766,261.7417561916459
3.858,4.182949421795964,261.6648305280551
3.859,4.182318869242313,261.58745697003275
3.86,4.181688358413112,261.509635610751
3.861,4.181057891755653,261.4313665632157
3.862,4.180427471717236,261.35264995972966
3.863,4.179797100745151,261.27348598012924
3.864,4.179166781286697,261.1938747727751
3.865,4.178536515789171,261.1138164850811
3.866,4.177906306699867,261.03331133259485
3.867,4.17727615646608,260.95235945957893
3.868,4.1766460737492075,260.86717748794456
3.869,4.1760160920670355,260.77398198560036
3.87,4.175386251151453,260.6727729964981
3.871,4.174756590734349,260.56355053372164
3.872,4.174127150547611,260.44631441897343
3.873,4.173497970323125,260.3210645340351
3.874,4.172869089792783,260.1878009946264
3.875,4.17224054868847,260.04652403485886
3.876,4.171612386742077,259.8972336055022
3.877,4.170984643685488,259.7399295575009
3.878,4.170357359250594,259.57461173899594
3.879,4.169730573169281,259.4012799444164
3.88,4.169104325173439,259.2199340394372
3.881,4.1684786549949555,259.03057383478176
3.882,4.1678536023657164,258.8331990793166
3.883,4.167229207017614,258.6278096455112
3.884,4.166605508682532,258.4144054218794
3.885,4.165982547092362,258.1929862177621
3.886,4.16536036197899,257.963551888801
3.887,4.164738993074302,257.7261024198024
3.888,4.164118480110191,257.4806379535673
3.889,4.1634988628185425,257.2271583936426
3.89,4.162880180931242,256.9656637858551
3.891,4.1622624741801815,256.6961541657292
3.892,4.161645782297247,256.41862954622985
3.893,4.161030145014327,256.13309013502527
3.894,4.16041560206331,255.83953623916216
3.895,4.159802193176083,255.53796805516103
3.896,4.159189958084536,255.2283857068861
3.897,4.158578936520554,254.91078929754127
3.898,4.157969168216027,254.58517908849484
3.899,4.157360692902844,254.25155544111897
3.9,4.15675355031289,253.9099187471079
3.901,4.156147780178056,253.56026947188326
3.902,4.155543422230228,253.20260815369608
3.903,4.154940516201296,252.83693532490918
3.904,4.154339101823146,252.46325154941513
3.905,4.153739218827667,252.08155739904683
3.906,4.153140906946747,251.69185364659023
3.907,4.152544205912273,251.2941409800388
3.908,4.151949155456134,250.8884199580526
3.909,4.15135579531022,250.47469127231778
3.91,4.150764165206415,250.0529557757326
3.911,4.150174304876609,249.62321425475676
3.912,4.149586254052692,249.18546713990165
3.913,4.1490000524665485,248.73971489241842
3.914,4.148415739850069,248.28595815909796
3.915,4.14783335593514,247.82419752339734
3.916,4.147252940453651,247.35443360844715
3.917,4.146674533137489,246.87666689953457
3.918,4.146098173718542,246.39089784924232
3.919,4.145523901928699,245.89712687755232
3.92,4.144951744924305,245.40301107124287
3.921,4.144381679559551,244.9162074678669
3.922,4.1438136701130786,244.43671634463894
3.923,4.143247680863535,243.96453809985843
3.924,4.1426836760895664,243.4996730839959
3.925,4.142121620069818,243.0421215773431
3.926,4.141561477082939,242.5918838853288
3.927,4.141003211407569,242.1489605454864
3.928,4.140446787322361,241.71335191213237
3.929,4.1398921691059565,241.28505821382322
3.93,4.139339321037001,240.8640796057532
3.931,4.138788207394143,240.4504161198977
3.932,4.138238792456026,240.04406784614258
3.933,4.137691040501298,239.64503492971403
3.934,4.137144915808602,239.2533177626106
3.935,4.136600382656589,238.8689167974367
3.936,4.136057405323899,238.4918323782873
3.937,4.135515948089183,238.1220645382873
3.938,4.1349759752310815,237.75961339960048
3.939,4.134437451028246,237.40447930995776
3.94,4.133900339759319,237.0566625704107
3.941,4.133364605702948,236.71616346634792
3.942,4.132830213137777,236.38298255942038
3.943,4.132297126342452,236.05712036721104
3.944,4.1317653095956235,235.7385772564349
3.945,4.131234727175931,235.42735369920004
3.946,4.1307053404933,235.12519701004678
3.947,4.13017709948276,234.83385412110061
3.948,4.12964995121061,234.55332538922136
3.949,4.1291238427431605,234.2836111485111
3.95,4.1285987211467114,234.0247115685537
3.951,4.128074533487569,233.77662723471718
3.952,4.127551226832037,233.5393587125492
3.953,4.12702874824642,233.3129062291771
3.954,4.126507044797021,233.09726995146337
3.955,4.125986063550147,232.89245023921183
3.956,4.125465751572099,232.69844757324736
3.957,4.124946055929184,232.51526231459945
3.958,4.124426923687705,232.3428948017755
3.959,4.123908301913967,232.18134586821498
3.96,4.123390137674272,232.03061640773637
3.961,4.122872378034927,231.89070731959166
3.962,4.1223549700622355,231.76161937408028
3.963,4.121837860822502,231.6433533090934
3.964,4.121320997382029,231.53591032161057
3.965,4.120804326807125,231.43929153196075
3.966,4.120287796164088,231.35349772765193
3.967,4.119771352519229,231.2785295842926
3.968,4.119254942938847,231.21438791214402
3.969,4.11873851448925,231.16107346853735
3.97,4.118222014236737,231.11858687080527
3.971,4.117705389247621,231.0869286717089
3.972,4.1171885950687335,231.06093599634588
3.973,4.116671621169056,231.0354460657454
3.974,4.1161544654981,231.0104595909449
3.975,4.1156371260053835,230.98597744652852
3.976,4.115119600640416,230.96200048353225
3.977,4.114601887352712,230.9385301125058
3.978,4.114083984091784,230.91556783166894
3.979,4.113565888807148,230.89311478871423
3.98,4.113047599448317,230.87117209887708
3.981,4.112529113964802,230.84974079192835
3.982,4.112010430306119,230.8288219715589
3.983,4.111491546421779,230.8084168455552
3.984,4.110972460261299,230.78852616534647
3.985,4.11045316977419,230.7691503837039
3.986,4.109933672909966,230.75029012477614
3.987,4.109413967618139,230.73194638477435
3.988,4.108894051848226,230.71412009829066
3.989,4.108373923549737,230.69681218591774
3.99,4.107853580672189,230.6800238054902
3.991,4.107333021165092,230.66375612218684
3.992,4.106812242977961,230.6480099829586
3.993,4.10629124406031,230.63278620175868
3.994,4.105770022361652,230.61808575212677
3.995,4.1052485758314985,230.60390962385856
3.996,4.104726902419367,230.59025817052282
3.997,4.104205000074768,230.57713158542532
3.998,4.103682866747216,230.56453052358398
3.999,4.103160500386225,230.55245588843985
4.0,4.102637898941309,230.5409084912797
4.001,4.102115060361977,230.52988943533995
4.002,4.101591982597748,230.5193999296268
4.003,4.1010686635981335,230.50944112081316
4.004,4.100545101312647,230.50001405879138
4.005,4.100021293690799,230.49111954868349
4.006,4.099497238682108,230.48275854753138
4.007,4.098972934236086,230.4749318786094
4.008,4.098448378302243,230.467640307331
4.009,4.097923568830097,230.46088454126937
4.01,4.09739850376916,230.45466519643037
4.011,4.096873181068944,230.44898276461015
4.012,4.096347598678966,230.44383775659364
4.013,4.0958217545487345,230.4392310163573
4.014,4.0952956466277675,230.43516342732445
4.015,4.094769272865575,230.4316356152836
4.016,4.094242631211673,230.42864814533084
4.017,4.093715719615575,230.42620170645685
4.018,4.093188536026792,230.42429686987418
4.019,4.09266107839484,230.42293389397662
4.02,4.092133344669231,230.42211343043562
4.021,4.09160533279948,230.42183628916345
4.022,4.0910770407351,230.42210327062926
4.023,4.090548466425601,230.4229152562557
4.024,4.090019608630094,230.4237801277294
4.025,4.089490469346043,230.4242056869067
4.026,4.088961051380515,230.42419272953254
4.027,4.088431357540569,230.4237419325163
4.028,4.087901390633267,230.4228539599964
4.029,4.087371153465669,230.4215296743718
4.03,4.086840648844837,230.41976954679282
4.031,4.0863098795778345,230.417574316684
4.032,4.085778848471722,230.41494495683145
4.033,4.085247558333559,230.41188215757467
4.034,4.084716011970409,230.4083865824645
4.035,4.084184212189333,230.4044588280807
4.036,4.083652161797394,230.4000997855199
4.037,4.0831198636016515,230.39531034879866
4.038,4.082587320409167,230.39009134105157
4.039,4.082054535027003,230.38444362018538
4.04,4.081521510262221,230.37836840491343
4.041,4.080988248921883,230.37186690561958
4.042,4.080454753813048,230.36494019049232
4.043,4.079921027742781,230.3575895952709
4.044,4.0793870735181414,230.34981627163734
4.045,4.078852893946189,230.34162125459517
4.046,4.07831849183399,230.3330057219032
4.047,4.077783869988603,230.32397027516186
4.048,4.077249031217089,230.31451527245883
4.049,4.07671397832651,230.30464139466034
4.05,4.076178714123929,230.29434982946935
4.051,4.075643241416405,230.28364183662143
4.052,4.075107563011001,230.27251875386006
4.053,4.07457168171478,230.2609818262932
4.054,4.074035600334802,230.24903203264563
4.055,4.073499321678128,230.23667007634614
4.056,4.0729628485518194,230.22389678859338
4.057,4.072426183762936,230.21071288659954
4.058,4.071889330118544,230.19711882933805
4.059,4.071352290425702,230.18311482032738
4.06,4.070815067491473,230.1687016062478
4.061,4.070277664122917,230.1538799980916
4.062,4.069740083127095,230.13865059381538
4.063,4.06920232731107,230.12301425707153
4.064,4.068664399481902,230.10697200768402
4.065,4.068126302446656,230.0905243840139
4.066,4.067588039012389,230.07367164936605
4.067,4.067049611986166,230.05641400541026
4.068,4.066511024175046,230.0387516914247
4.069,4.065972278386092,230.02068488263302
4.07,4.0654333774263645,230.00221406648092
4.071,4.0648943241029265,229.98334035674617
4.072,4.06435512122284,229.9640647399413
4.073,4.063815771593163,229.9443879134501
4.074,4.063276278020958,229.92431036153317
4.075,4.062736643313289,229.90383267296608
4.076,4.062196870277217,229.88295525914145
4.077,4.061656961719803,229.86167817750112
4.078,4.061116920448106,229.84000132237816
4.079,4.060576749269193,229.81792502413583
4.08,4.060036450990118,229.79545008946525
4.081,4.059496028417949,229.77257686710252
4.082,4.058955484359744,229.74930539064707
4.083,4.058414821622568,229.72563598841816
4.084,4.057874043013479,229.70156891848592
4.085,4.057333151339542,229.67710436314763
4.086,4.056792149407814,229.65224260470063
4.087,4.056251040025359,229.62698422672403
4.088,4.055709825999237,229.60132940737478
4.089,4.055168510136514,229.57527810104335
4.09,4.054627095244247,229.54883023286374
4.091,4.054085584129497,229.52198573809483
4.092,4.053543979599328,229.49474493258464
4.093,4.053002284460803,229.46710834735944
4.094,4.052460501520981,229.43907633619222
4.095,4.051918633586922,229.41064882600608
4.096,4.051376683465691,229.38182544449194
4.097,4.050834653964348,229.352605987525
4.098,4.050292547889954,229.3229903843494
4.099,4.049750368049571,229.2929785763446
4.1,4.04920811725026,229.26256983474593
4.101,4.0486657982990835,229.23176401009266
4.102,4.0481234140031015,229.2005613235575
4.103,4.047580967169377,229.16896201519054
4.104,4.0470384606049725,229.13696609209572
4.105,4.046495897116946,229.1045731801895
4.106,4.045953279512363,229.07178290366232
4.107,4.045410610598282,229.03859487991343
4.108,4.044867893181766,229.00500875840936
4.109,4.044325130069875,228.97102439297936
4.11,4.043782324069673,228.9366418385598
4.111,4.0432394779882195,228.90186118913752
4.112,4.0426965946325755,228.8666818415997
4.113,4.042153676809805,228.8311033042499
4.114,4.041610727326968,228.79512559679216
4.115,4.041067748991126,228.75874873403515
4.116,4.040524744609342,228.7219722844796
4.117,4.039981716988674,228.6847955026288
4.118,4.039438668936186,228.647217504605
4.119,4.038895603258941,228.6092377582787
4.12,4.038352522763997,228.57085583464402
4.121,4.037809430258417,228.53207132321327
4.122,4.037266328549264,228.49288343996824
4.123,4.036723220443598,228.453291456868
4.124,4.03618010874848,228.4132948709365
4.125,4.0356369962709735,228.37289334837888
4.126,4.035093885818138,228.33208651842517
4.127,4.034550780197035,228.29087379703248
4.128,4.034007681932546,228.24942635288573
4.129,4.033464592420815,228.20791519002455
4.13,4.032921512775807,228.16633956913034
4.131,4.032378444111486,228.12469901108855
4.132,4.0318353875418165,228.08299288132287
4.133,4.0312923441807635,228.04122068648468
4.134,4.030749315142288,227.9993816518441
4.135,4.030206301540359,227.95747520365327
4.136,4.0296633044889365,227.91550093672657
4.137,4.029120325101987,227.87345841112085
4.138,4.028577364493472,227.8313472685373
4.139,4.028034423777358,227.78916701823718
4.14,4.027491504067609,227.74691743809421
4.141,4.0269486064781885,227.70459834599603
4.142,4.026405732123061,227.66220948450461
4.143,4.025862882116191,227.61975078728614
4.144,4.025320057571541,227.57722198827773
4.145,4.024777259603077,227.53462261329219
4.146,4.024234489324763,227.49195217005854
4.147,4.0236917478505605,227.44921005940844
4.148,4.023149036294438,227.40639569629087
4.149,4.022606355770357,227.36350889630404
4.15,4.02206370739228,227.3205492924571
4.151,4.021521092274175,227.27751661471174
4.152,4.020978511530004,227.23441066970736
4.153,4.020435966273731,227.19123105933517
4.154,4.019893457619318,227.1479774624578
4.155,4.019350986680736,227.10464933164644
4.156,4.018808554571943,227.06124606532836
4.157,4.0182661624069045,227.01776693688566
4.158,4.017723811299587,226.97421116868423
4.159,4.01718150236395,226.93057844467296
4.16,4.016639236713963,226.88686850591415
4.161,4.016097015463585,226.84308089783826
4.162,4.015554839726784,226.79921522152338
4.163,4.015012710617523,226.755270986104
4.164,4.014470629249766,226.7112476236494
4.165,4.013928596737477,226.6671444861717
4.166,4.013386614194619,226.6229609674255
4.167,4.012844682735159,226.57869633695483
4.168,4.012302803473061,226.53435008396477
4.169,4.011760977522284,226.48992164531938
4.17,4.011219205996798,226.4454103931268
4.171,4.010677490010564,226.40081574947544
4.172,4.010135830677548,226.35613713971105
4.173,4.009594229111712,226.31137396638272
4.174,4.009052686427023,226.26652590523526
4.175,4.008511203737442,226.2215923032582
4.176,4.007969782156936,226.1765725925239
4.177,4.007428422799467,226.13146615271665
4.178,4.0068871267790005,226.08627230354713
4.179,4.0063458952095,226.04099051038727
4.18,4.00580472920493,225.99562020172365
4.181,4.005263629879254,225.95016099813455
4.182,4.004722598346436,225.90461229811137
4.183,4.004181635720441,225.85897328310108
4.184,4.003640743115233,225.81324325652696
4.185,4.003099921644777,225.76742160527914
4.186,4.002559172423035,225.72150775122262
4.187,4.002018496563971,225.6755010507607
4.188,4.001477895181552,225.6294009678157
4.189,4.0009373693897405,225.58320702898925
4.19,4.0003969203025,225.5369189008483
4.191,3.999856549033796,225.49053609331128
4.192,3.9993162566975915,225.44405787473073
4.193,3.9987760444078515,225.39748341230978
4.194,3.998235913278539,225.35081186418628
4.195,3.99769586442362,225.30404235965403
4.196,3.997155898957056,225.25717418046077
4.197,3.9966160179928134,225.2102063758366
4.198,3.9960762226448563,225.16313807388366
4.199,3.9955365140271484,225.11596843322826
4.2,3.9949968932536524,225.06869662786215
4.201,3.994457361438335,225.02132169416592
4.202,3.9939179196951566,224.97384274465918
4.203,3.993378569138086,224.9262591706751
4.204,3.992839310881084,224.87857026827555
4.205,3.9923001460381164,224.83077527241574
4.206,3.991761075723146,224.78287330294523
4.207,3.9912221010501376,224.73486354570386
4.208,3.990683223133057,224.6867450114749
4.209,3.9901444430858657,224.63851673663748
4.21,3.989605762022529,224.59017804472614
4.211,3.9890671810570106,224.54172838661736
4.212,3.9885287013032755,224.4931669147232
4.213,3.9879903238752883,224.4444925794724
4.214,3.98745204988701,224.3957044930854
4.215,3.9869138804524074,224.346801771867
4.216,3.9863758166854453,224.29778354476053
4.217,3.9858378597000867,224.24864910468705
4.218,3.985300010610295,224.19939765265318
4.219,3.9847622705300356,224.1500284863847
4.22,3.984224640573272,224.1005407664876
4.221,3.9836871218539693,224.0509334102424
4.222,3.9831497154860895,224.0012055257198
4.223,3.9826124225835975,223.9513565265891
4.224,3.98207524426046,223.90138577613357
4.225,3.9815381816306377,223.85129265147987
4.226,3.9810012358080975,223.8010764680335
4.227,3.980464407906801,223.75073644856346
4.228,3.979927699040715,223.70027174452537
4.229,3.9793911103238013,223.6496814354711
4.23,3.978854642870025,223.5989648190056
4.231,3.9783182977933507,223.5481211436413
4.232,3.977782076207741,223.4971495669503
4.233,3.9772459792271624,223.4460492000906
4.234,3.9767100079655764,223.3948191281986
4.235,3.9761741635369496,223.34345858092573
4.236,3.975638447055245,223.29196704985827
4.237,3.975102859634426,223.240343847649
4.238,3.974567402388458,223.18858827582548
4.239,3.9740320764313055,223.13669970848866
4.24,3.9734968828769293,223.0846773641783
4.241,3.9729618228392996,223.03252041349265
4.242,3.972426897432374,222.98022846186794
4.243,3.971892107770121,222.92780107042228
4.244,3.971357454966502,222.87523734946572
4.245,3.9708229401354838,222.8225366145719
4.246,3.9702885643910295,222.7696982802181
4.247,3.969754328847103,222.71672169662702
4.248,3.9692202346176675,222.66360626847595
4.249,3.968686282816689,222.61035134844082
4.25,3.96815247455813,222.5569564483488
4.251,3.967618810955955,222.50342127410252
4.252,3.9670852931241294,222.4497453556799
4.253,3.966551922176617,222.39592823031063
4.254,3.9660186992273805,222.34196948994503
4.255,3.965485625390385,222.287868836155
4.256,3.964952701779595,222.2336261822087
4.257,3.9644199295089746,222.17924137858944
4.258,3.9638873096924856,222.12471428441833
4.259,3.963354843444096,222.07004461240936
4.26,3.9628225318777672,222.01523198685567
4.261,3.9622903761074646,221.9602759125426
4.262,3.9617583772471523,221.9051758444591
4.263,3.961226536410794,221.84993120381847
4.264,3.960694854712353,221.79454157994473
4.265,3.960163333265795,221.7390065308736
4.266,3.9596319731850826,221.6833255745512
4.267,3.959100775584182,221.62749835361026
4.268,3.9585697415770564,221.57152463805377
4.269,3.9580388722776694,221.51540405631437
4.27,3.9575081687999853,221.45913624940926
4.271,3.956977632257968,221.4027206697731
4.272,3.9564472637655825,221.34615703601722
4.273,3.9559170644367923,221.28944527177816
4.274,3.955387035385562,221.2325851774949
4.275,3.954857177725856,221.17557635678259
4.276,3.954327492571638,221.11841838636497
4.277,3.9537979810368706,221.06111086697055
4.278,3.953268644235521,221.00365341737083
4.279,3.952739483281551,220.94604575659966
4.28,3.952210499288925,220.8882876786394
4.281,3.951681693371609,220.83037879221638
4.282,3.9511530666435646,220.77231856238654
4.283,3.950624620218758,220.7141066380977
4.284,3.9500963552111523,220.65574271234595
4.285,3.9495682727347114,220.5972264497544
4.286,3.949040373903401,220.53855764292308
4.287,3.9485126598311826,220.4797360173922
4.288,3.9479851316320227,220.42076121940858
4.289,3.9474577904198846,220.36163288018395
4.29,3.9469306373087316,220.30235065267624
4.291,3.946403673412529,220.24291432225408
4.292,3.945876899845241,220.18332354181712
4.293,3.9453503177208313,220.12357763574101
4.294,3.9448239281532644,220.0636761527121
4.295,3.9442977322565036,220.00361868197794
4.296,3.943771731144514,219.9434047714433
4.297,3.943245925931259,219.8830337638846
4.298,3.9427203177307035,219.82250492744873
4.299,3.9421949076568104,219.76181788989857
4.3,3.9416696968235456,219.70097201001988
4.301,3.941144686344872,219.63996672286453
4.302,3.940619877334754,219.57880141111787
4.303,3.9400952709071566,219.51747542522327
4.304,3.9395708681760415,219.45598813846368
4.305,3.9390466702553755,219.39433906278472
4.306,3.9385226782591216,219.33252756089595
4.307,3.937998893301244,219.27055306747656
4.308,3.9374753164957066,219.20841494248697
4.309,3.936951948956475,219.1461125701957
4.31,3.936428791797511,219.0836452524056
4.311,3.93590584613278,219.02101227362576
4.312,3.935383113076247,218.9582131670973
4.313,3.934860593741875,218.89524743693968
4.314,3.9343382892436276,218.8321146478035
4.315,3.9338162006954702,218.7688142709797
4.316,3.933294329211366,218.7053458382605
4.317,3.9327726759052792,218.6417089478313
4.318,3.9322512418911755,218.57790330756148
4.319,3.9317300282830168,218.51392851723088
4.32,3.9312090361947694,218.4497840476335
4.321,3.930688266740395,218.3854694015547
4.322,3.9301677210338606,218.32098410397367
4.323,3.9296474001891273,218.25632775637825
4.324,3.9291273053201627,218.1914999473981
4.325,3.9286074375409283,218.12650020348147
4.326,3.9280877979653885,218.0613281569074
4.327,3.927568387707508,217.99598348351947
4.328,3.927049207881251,217.9304657997924
4.329,3.9265302596005816,217.86477460862457
4.33,3.926011543979464,217.79890941113752
4.331,3.9254930621318618,217.73286967379232
4.332,3.9249748151717396,217.66665511114508
4.333,3.9244568042130608,217.60026527214768
4.334,3.923939030369792,217.53369954666644
4.335,3.923421494755894,217.46695730768568
4.336,3.922904198319085,217.4001393163499
4.337,3.922387141342093,217.3333462715534
4.338,3.921870323941398,217.26657757275524
4.339,3.9213537462334784,217.19983273981455
4.34,3.920837408334815,217.13311121284386
4.341,3.9203213103618872,217.0664123526633
4.342,3.919805452431176,216.99973559995834
4.343,3.91928983465916,216.93308046636372
4.344,3.918774457162319,216.86644645072732
4.345,3.9182593200571345,216.79983306245265
4.346,3.9177444234600847,216.73323983424459
4.347,3.91722976748765,216.66666631685717
4.348,3.916715352256311,216.60011192090803
4.349,3.9162011778825456,216.53357605618814
4.35,3.9156872444828363,216.4670583101019
4.351,3.9151735521736626,216.40055823641745
4.352,3.914660101071502,216.33407527510872
4.353,3.914146891292837,216.267608959082
4.354,3.913633922954146,216.20115899557157
4.355,3.9131211961719097,216.13472494432742
4.356,3.9126087110626067,216.06830626643892
4.357,3.912096467742719,216.00190263349248
4.358,3.911584466328724,215.93551371384808
4.359,3.911072706937103,215.86913902755734
4.36,3.910561189684337,215.8027781323285
4.361,3.910049914686903,215.73643064503466
4.362,3.9095388820612835,215.67009591852369
4.363,3.9090280919239566,215.60377342196244
4.364,3.908517544391404,215.5374625823651
4.365,3.908007239580104,215.4711628020126
4.366,3.9074971776065373,215.40487354942763
4.367,3.9069873585871835,215.338594412769
4.368,3.9064777826385217,215.27232500945752
4.369,3.9059684498770353,215.20606512219754
4.37,3.905459360419199,215.13981436816243
4.371,3.904950514381494,215.0735723617252
4.372,3.9044419118804043,215.00733887918813
4.373,3.9039335530324055,214.94111349510663
4.374,3.9034254379539797,214.8748958019014
4.375,3.9029175667616047,214.8086855175397
4.376,3.9024099395717617,214.74248247978906
4.377,3.9019025565009313,214.6762865214664
4.378,3.9013954176655914,214.61009742538252
4.379,3.9008885231822243,214.54391490467066
4.38,3.9003818731673072,214.47773887410065
4.381,3.8998754677373233,214.41156923925956
4.382,3.8993693070087496,214.34540581896007
4.383,3.8988633910980672,214.27924828445614
4.384,3.898357720121755,214.21309629774424
4.385,3.897852294196295,214.14694972654712
4.386,3.8973471134381645,214.08080850650526
4.387,3.8968421779638454,214.0146723517277
4.388,3.8963374878898165,213.94854085657227
4.389,3.895833043332558,213.8824137757336
4.39,3.8953288444085494,213.8162908889567
4.391,3.894824891234273,213.75017202721688
4.392,3.8943211839262037,213.6840569672463
4.393,3.8938177226008257,213.61794545465713
4.394,3.893314507374619,213.55183722716842
4.395,3.8928115383640596,213.48573215577
4.396,3.8923088156856314,213.41963006277786
4.397,3.891806339455811,213.35353061724516
4.398,3.891304109791081,213.2874334330657
4.399,3.8908021268079205,213.22133817056306
4.4,3.8903003906228086,213.1552444553648
4.401,3.8897989013522265,213.08915216806847
4.402,3.8892976591126533,213.023060931841
4.403,3.888796664020568,212.9569705012795
4.404,3.888295916192452,212.8908804910697
4.405,3.8877954157447845,212.82479055258077
4.406,3.8872951627940457,212.7587004583536
4.407,3.886795157456714,212.6926098293793
4.408,3.886295399849272,212.6265182617782
4.409,3.8857958900881973,212.5604253788262
4.41,3.8852966282899715,212.49433081256853
4.411,3.8847976145710725,212.428234278343
4.412,3.884298849047981,212.36213538116587
4.413,3.8838003318371785,212.29603367259847
4.414,3.8833020630551434,212.22992877001985
4.415,3.8828040428183535,212.16382030923648
4.416,3.882306271243293,212.09770783312752
4.417,3.881808748446439,212.0315910294476
4.418,3.8813114745442725,211.96546960245843
4.419,3.880814449653273,211.8993431917932
4.42,3.88031767388992,211.83321146795663
4.421,3.879821147370693,211.7670740079513
4.422,3.8793248702120744,211.70093044509917
4.423,3.878828842530541,211.63478042311738
4.424,3.8783330644425744,211.56862353010393
4.425,3.8778375360646535,211.5024594674507
4.426,3.8773422575132592,211.43628791597325
4.427,3.8768472289048708,211.37010852474344
4.428,3.8763524503559688,211.3039210097103
4.429,3.875857921983032,211.23772511294862
4.43,3.875363643902541,211.1715206081105
4.431,3.874869616230975,211.10530717995982
4.432,3.8743758390848155,211.039084677723
4.433,3.873882312580542,210.97285285075827
4.434,3.873389036834632,210.9066114596902
4.435,3.8728960119635683,210.8403603548881
4.436,3.8724032380838285,210.77409934791126
4.437,3.871910715311893,210.70782831489979
4.438,3.8714184437642443,210.64154717846296
4.439,3.8709264235573597,210.57525606675534
4.44,3.8704346548077186,210.50895500100768
4.441,3.8699431376318034,210.44264388890687
4.442,3.8694518721460915,210.37632261489873
4.443,3.868960858467065,210.30999113610835
4.444,3.868470096711201,210.24364945184112
4.445,3.8679795869949816,210.1772975062682
4.446,3.867489329434887,210.1109351012659
4.447,3.866999324147394,210.04456208094996
4.448,3.8665095712489865,209.97817815521418
4.449,3.8660200708561407,209.91178312454673
4.45,3.865530823085339,209.84537679760328
4.451,3.8650418280530623,209.77895889188852
4.452,3.864553085875787,209.71252934927486
4.453,3.864064596669995,209.64608803563078
4.454,3.863576360552166,209.57963468007966
4.455,3.8630883776387797,209.51316913791845
4.456,3.8626006480463175,209.44669128736626
4.457,3.8621131718912562,209.38020090863128
4.458,3.8616259492900777,209.3136976602305
4.459,3.861138980359262,209.24718123711335
4.46,3.860652265215288,209.18065145855832
4.461,3.860165803974635,209.11410818390823
4.462,3.8596795967537862,209.04755120068714
4.463,3.8591936436692187,208.98098038790891
4.464,3.858707944837413,208.9143955708381
4.465,3.8582225003748487,208.84779662581406
4.466,3.857737310398005,208.7811834670333
4.467,3.8572523750233634,208.71455584548244
4.468,3.8567676943674036,208.64791351779112
4.469,3.8562832685466044,208.58125648042824
4.47,3.8557990976774468,208.51458456746946
4.471,3.855315181876411,208.44789765799624
4.472,3.8548315212599746,208.38119543373352
4.473,3.8543481159446196,208.31447758313186
4.474,3.853864966046825,208.24774393599205
4.475,3.853382071683072,208.18099427481565
4.476,3.8528994329698376,208.11422832262264
4.477,3.8524170500236035,208.04744599980242
4.478,3.8519349229608513,207.98064712152933
4.479,3.8514530518980568,207.91383145688857
4.48,3.8509714369517045,207.84699887927786
4.481,3.850490078238271,207.78014912982064
4.482,3.8500089758742364,207.7132819723364
4.483,3.849528129976083,207.646397278393
4.484,3.849047540660288,207.5794948712438
4.485,3.8485672080433324,207.51257453910716
4.486,3.848087132241697,207.44563612445825
4.487,3.84760731337186,207.3786793288877
4.488,3.847127751550302,207.31170384415532
4.489,3.846648446893503,207.24470952741052
4.49,3.846169399517943,207.1776961651396
4.491,3.8456906095401013,207.11066367861847
4.492,3.845212077076459,207.04361200961284
4.493,3.8447338022434936,206.9765410614743
4.494,3.8442557851576886,206.9094507123952
4.495,3.84377802593552,206.84234088602065
4.496,3.8433005246934697,206.77521137772237
4.497,3.842823281548018,206.7080619354747
4.498,3.8423462966156436,206.64089252083193
4.499,3.8418695700128276,206.5737030910572
4.5,3.841393101856048,206.5064934060784
4.501,3.8409168922617867,206.43926323543067
4.502,3.8404409413465244,206.3720123418347
4.503,3.8399652492267373,206.3047404576917
4.504,3.839489816018909,206.23744744485344
4.505,3.8390146418395155,206.17013315538247
4.506,3.8385397268050396,206.1027973361206
4.507,3.8380650710319615,206.03543970526908
4.508,3.8375906746367603,205.9680600429201
4.509,3.837116537735915,205.90065817369828
4.51,3.8366426604459063,205.8332339213777
4.511,3.8361690428832143,205.765787031645
4.512,3.8356956851643185,205.69831729490141
4.513,3.835222587405698,205.6308244759894
4.514,3.8347497497238345,205.56330840260975
4.515,3.8342771722352063,205.4957688956851
4.516,3.833804855056294,205.4282058500832
4.517,3.8333327983035774,205.36061915653704
4.518,3.832861002093537,205.29300845462296
4.519,3.832389466542651,205.2253735074022
4.52,3.831918191767401,205.15771423126972
4.521,3.8314471778842654,205.0900305329593
4.522,3.830976425009726,205.0223221920894
4.523,3.830505933260261,204.95458896875436
4.524,3.830035702752351,204.88683070799954
4.525,3.829565733602476,204.8190472931896
4.526,3.8290960259271145,204.75123839194887
4.527,3.8286265798427497,204.6834037342844
4.528,3.8281573954658574,204.61554316865687
4.529,3.8276884729129197,204.54765648341547
4.53,3.8272198123004175,204.4797433762584
4.531,3.8267514137448284,204.4118036238935
4.532,3.8262832773626325,204.34383705880776
4.533,3.8258154032703118,204.27584334313215
4.534,3.8253477915843446,204.20782201525944
4.535,3.8248804424212097,204.13977270293447
4.536,3.8244133558973905,204.07169507141325
4.537,3.823946532129362,204.0035889595973
4.538,3.823479971233608,203.93545422766414
4.539,3.823013673326608,203.86729063737516
4.54,3.8225476385248407,203.7990979806787
4.541,3.822081866944785,203.7308760500265
4.542,3.8216163587029244,203.6626245852182
4.543,3.821151113915735,203.59434324416455
4.544,3.8206861326996977,203.52603178347607
4.545,3.8202214153653045,203.45757190113105
4.546,3.8197569629990946,203.3888453680439
4.547,3.8192927768816123,203.31985200965056
4.548,3.818828858293411,203.25059149157727
4.549,3.818365208515035,203.18106345872457
4.55,3.817901828827038,203.11126778924185
4.551,3.817438720509966,203.04120438323775
4.552,3.8169758848443687,202.97087302819182
4.553,3.8165133231107946,202.90027345167192
4.554,3.8160510365897933,202.82940540374761
4.555,3.8155890265619115,202.75826868246486
4.556,3.8151272943077004,202.68686310252997
4.557,3.8146658411077086,202.61518848603646
4.558,3.8142046682424846,202.5432446330218
4.559,3.8137437769925757,202.47103131635805
4.56,3.8132831686385336,202.398548449925
4.561,3.812822844460905,202.32579592820633
4.562,3.8123628057402392,202.25277360302397
4.563,3.811903053757086,202.17948122748456
4.564,3.811443589791993,202.10591852325564
4.565,3.810984415125511,202.03208532759055
4.566,3.810525531038185,201.95798154298805
4.567,3.810066938810568,201.88360700827377
4.568,3.809608639723208,201.80896157117712
4.569,3.8091506350566515,201.73404507585985
4.57,3.80869292609145,201.658857266148
4.571,3.808235514108152,201.58339786040156
4.572,3.8077784003873036,201.50766664932422
4.573,3.807321586209457,201.4316635152042
4.574,3.8068650728551607,201.3553882106669
4.575,3.8064088616049605,201.2788404663999
4.576,3.805952953739409,201.202020095735
4.577,3.8054973505390532,201.12492697097824
4.578,3.8050420532844407,201.04756095102016
4.579,3.8045870632561236,200.96992173837566
4.58,3.8041323817346497,200.89200907116862
4.581,3.803678010000564,200.81382268403024
4.582,3.8032239493344213,200.7353623773088
4.583,3.802770201016767,200.65662808454042
4.584,3.8023167663281505,200.57761958560417
4.585,3.801863646549122,200.49833660549515
4.586,3.8014108429602285,200.41877897930064
4.587,3.80095835684202,200.33894656540335
4.588,3.8005061894750436,200.2588392164128
4.589,3.8000543421398505,200.17845684571088
4.59,3.799602816116988,200.09779947542881
4.591,3.7991516126870053,200.01686705155512
4.592,3.798700733130452,199.93565950254137
4.593,3.798250178727877,199.85417672152144
4.594,3.797799950759828,199.77241852656886
4.595,3.7973500505068545,199.69038478930668
4.596,3.796900479249505,199.6080754931919
4.597,3.7964512382683298,199.5254906808545
4.598,3.796002328843876,199.44263033449403
4.599,3.7955537522566924,199.35949447352567
4.6,3.7951055097873296,199.27608308455876
4.601,3.7946576027163346,199.19239615416984
4.602,3.7942100323242562,199.10843373588804
4.603,3.793762799891646,199.02419591060487
4.604,3.79331590669905,198.93968283237885
4.605,3.7928693540270184,198.85489460864738
4.606,3.7924231431560997,198.76983128230145
4.607,3.791977275366843,198.6844928753394
4.608,3.791531751939796,198.59887938591538
4.609,3.7910865741555093,198.51299083583626
4.61,3.7906417432945307,198.4268273471987
4.611,3.7901972606374095,198.3403890285743
4.612,3.7897531274646945,198.25367590829794
4.613,3.7893093450569326,198.1666880154313
4.614,3.7888659146946773,198.07942552134966
4.615,3.788422837658473,197.99188868566557
4.616,3.7879801152288706,197.9040778356233
4.617,3.787537748686419,197.81599319611536
4.618,3.7870957393116655,197.7276350139138
4.619,3.7866540883851605,197.63900337861918
4.62,3.786212797187453,197.55009842303232
4.621,3.7857718669990916,197.46092040949588
4.622,3.7853312991006245,197.37146964333812
4.623,3.784891094772601,197.2817463687146
4.624,3.784451255295569,197.19175071012754
4.625,3.7840117819500785,197.10148286228335
4.626,3.7835726760166786,197.0109430193149
4.627,3.783133938775918,196.92013149317944
4.628,3.782695571508345,196.8290485898196
4.629,3.782257575494508,196.7376945068828
4.63,3.781819952014957,196.64606947650316
4.631,3.78138270235024,196.5541738395318
4.632,3.780945827780907,196.462007836712
4.633,3.780509329587506,196.36957166872642
4.634,3.7800732090505855,196.2768654892184
4.635,3.779637467450696,196.18388945698103
4.636,3.779202106068384,196.09064375821424
4.637,3.7787671261841997,195.99712864264984
4.638,3.778332529078692,195.90334421122228
4.639,3.77789831603241,195.8092905072446
4.64,3.7774644883259016,195.7149676664836
4.641,3.7770310472397157,195.62037575016728
4.642,3.776597994054403,195.52551482671024
4.643,3.77616533005051,195.430385071433
4.644,3.775733056508588,195.3349866242874
4.645,3.775301174709183,195.23931960195122
4.646,3.7748696859328454,195.14338402239997
4.647,3.7744385914601235,195.0471798655301
4.648,3.774007892571569,194.95070703274817
4.649,3.7735775901254818,194.85422266957914
4.65,3.7731476832911883,194.75798397460903
4.651,3.772718170815767,194.661990984914
4.652,3.7722890514462994,194.56624378073764
4.653,3.7718603239298636,194.47074238577966
4.654,3.771431987013541,194.37548688677282
4.655,3.771004039444409,194.28047732725423
4.656,3.7705764799695487,194.18571380011892
4.657,3.770149307336038,194.09119648501212
4.658,3.769722520290959,193.99692550092755
4.659,3.769296117581389,193.9029008603202
4.66,3.7688700979544087,193.809122508936
4.661,3.768444460157099,193.71559045840024
4.662,3.768019202936537,193.62230473725964
4.663,3.7675943250398043,193.5292654545018
4.664,3.7671698252139794,193.4364727626243
4.665,3.7667457022061424,193.34392666488262
4.666,3.7663219547633715,193.2516272303094
4.667,3.7658985816327486,193.15957458569022
4.668,3.7654755815613514,193.06776879393152
4.669,3.765052953296262,192.97620990489565
4.67,3.7646306955845574,192.88489801472204
4.671,3.7642088071733184,192.7938331853504
4.672,3.7637872868096243,192.7030154206817
4.673,3.763366133240554,192.6124448033371
4.674,3.762945345213189,192.52212139940752
4.675,3.7625249214746086,192.43204531799122
4.676,3.76210486077189,192.34221664411893
4.677,3.761685161852116,192.25263538807582
4.678,3.761265823462364,192.1633016386648
4.679,3.7608468443497136,192.07421564154492
4.68,3.7604282232612456,191.98537757186776
4.681,3.760009958944039,191.89678749936326
4.682,3.759592050145175,191.80844551880318
4.683,3.75917449561173,191.72035174978492
4.684,3.7587572940907865,191.63250636714938
4.685,3.758340444329422,191.54490947226708
4.686,3.757923945074718,191.4575611236585
4.687,3.757507795073753,191.37046137415467
4.688,3.7570919930736073,191.28361033239585
4.689,3.756676537821359,191.1970080706369
4.69,3.7562614280640894,191.11065468879653
4.691,3.7558466625488776,191.02455033288177
4.692,3.7554322400228024,190.93869499741103
4.693,3.7550181592329457,190.853088722249
4.694,3.7546044189263834,190.76773156173908
4.695,3.7541910178501987,190.68262357555648
4.696,3.75377795475147,190.59776471636837
4.697,3.753365228377276,190.51315498819963
4.698,3.7529528374746963,190.42879445425558
4.699,3.752540780790812,190.34468321774682
4.7,3.752129057072702,190.26082137909236
4.701,3.7517176598885054,190.18036228448625
4.702,3.751306562090592,190.10645924100209
4.703,3.750895731352394,190.03911229975742
4.704,3.750485135347343,189.9783215103493
4.705,3.7500747417488705,189.9240869976996
4.706,3.749664518230405,189.87640892660335
4.707,3.7492544324653787,189.83528735695194
4.708,3.7488444521272224,189.80072232347243
4.709,3.7484345448893674,189.77271394461056
4.71,3.748024678425243,189.7512623994631
4.711,3.747614820408282,189.7363678418948
4.712,3.7472049385119144,189.72803037233655
4.713,3.7467950004095707,189.7262500472324
4.714,3.746384973774683,189.73102690968824
4.715,3.7459748262806816,189.74236115254405
4.716,3.745564525600996,189.76025292691548
4.717,3.7451540394090586,189.78470233421206
4.718,3.7447433353783,189.81570949772487
4.719,3.7443323811821507,189.85327459022162
4.72,3.7439211444940423,189.89739771690358
4.721,3.743509592987406,189.9480789667195
4.722,3.7430976943356717,190.00531835896084
4.723,3.742685416212269,190.06911600306725
4.724,3.7422727262906315,190.1394719728175
4.725,3.7418595922441886,190.21638634129351
4.726,3.74144598174637,190.29985919108458
4.727,3.74103186247061,190.38989064658847
4.728,3.7406172020903368,190.48648078206304
4.729,3.7402019682789818,190.5896295222335
4.73,3.7397861287099765,190.69933684457664
4.731,3.739369651056751,190.81560276487107
4.732,3.7389525029927353,190.93842725738074
4.733,3.7385346521913623,191.06781029743965
4.734,3.738116066326062,191.20375189737504
4.735,3.7376967130702656,191.34625204249355
4.736,3.737276560097404,191.49531067730453
4.737,3.7368555750809076,191.65092773413568
4.738,3.736433725694206,191.81310321276962
4.739,3.7360109796107324,191.98183704943898
4.74,3.735587304503917,192.15712922755523
4.741,3.7351626680471908,192.33897964320104
4.742,3.7347370379139835,192.52738817190817
4.743,3.734310381777728,192.7223547198585
4.744,3.7338826673118524,192.92387919507263
4.745,3.733453862189789,193.1319615167769
4.746,3.73302393408497,193.3466016033658
4.747,3.7325928506708244,193.56779932526075
4.748,3.7321605796207837,193.79555463566183
4.749,3.731727088608279,194.02986756674443
4.75,3.7312923453067417,194.27073817086546
4.751,3.7308563173896014,194.5181664247532
4.752,3.730418972530289,194.77215229426005
4.753,3.7299802880224004,195.02683851632696
4.754,3.7295402796401844,195.27636779381336
4.755,3.7290989727780524,195.52074013337287
4.756,3.7286563928304184,195.7599555760403
4.757,3.7282125651916953,195.99401424180093
4.758,3.727767515256295,196.22291623443374
4.759,3.727321268418633,196.44666164623453
4.76,3.726873850073119,196.66525060566042
4.761,3.7264252856141673,196.8786831423232
4.762,3.72597560043619,197.08695930621758
4.763,3.7255248199336015,197.2900791539057
4.764,3.725072969500814,197.48804273605418
4.765,3.7246200745322393,197.68085003586344
4.766,3.724166160422291,197.86850104840056
4.767,3.723711252565382,198.05099582884048
4.768,3.723255376355926,198.22833434159708
4.769,3.7227985571883333,198.40051657788945
4.77,3.7223408204570196,198.56754252247296
4.771,3.721882191556396,198.72941216966444
4.772,3.721422695880876,198.88612555022118
4.773,3.7209623588248726,199.0376826633635
4.774,3.7205012057827975,199.1840834235491
4.775,3.7200392621490663,199.32532779337987
4.776,3.7195765533180882,199.4614157501669
4.777,3.7191131046842787,199.5923472787032
4.778,3.71864894164205,199.7181222992562
4.779,3.718184089585814,199.83874077884644
4.78,3.7177185739099836,199.9542026456167
4.781,3.7172524200089745,200.06450783942637
4.782,3.7167856532771957,200.16965637516589
4.783,3.716318299109063,200.26964819046896
4.784,3.7158503828989877,200.36448325607213
4.785,3.7153819300413824,200.45416152625148
4.786,3.71491296593066,200.5386829817603
4.787,3.7144435159612352,200.6180475607298
4.788,3.713973605527519,200.6922552100126
4.789,3.7135032600239244,200.7613059544222
4.79,3.7130325048448647,200.82519980448922
4.791,3.712561365384753,200.88393675539058
4.792,3.712089867038002,200.9375167642266
4.793,3.7116180351990242,200.9859397148728
4.794,3.711145895262233,201.02920553919128
4.795,3.7106734726220396,201.0673141916093
4.796,3.710200792672859,201.10026559608087
4.797,3.709727880809104,201.12805965051075
4.798,3.709254762425185,201.15069635349045
4.799,3.7087814629155176,201.16817564533494
4.8,3.708308007674513,201.1804974374185
4.801,3.707834422096585,201.18766158343476
4.802,3.7073607315761463,201.18966791426507
4.803,3.706886961507609,201.18651632289482
4.804,3.706413137285385,201.1782067185536
4.805,3.7059392802989217,201.1671775147887
4.806,3.70546539591778,201.15586709559372
4.807,3.7049914855065587,201.14427529562644
4.808,3.704517550429853,201.13240197222996
4.809,3.7040435920522574,201.1202469986343
4.81,3.7035696117383714,201.10781029849215
4.811,3.7030956108527877,201.0950917634174
4.812,3.7026215907601028,201.08209126027964
4.813,3.702147552824914,201.0688086646111
4.814,3.701673498411815,201.0552438850455
4.815,3.7011994288854044,201.04139680405802
4.816,3.700725345610276,201.02726730524202
4.817,3.700251249951028,201.01285526253713
4.818,3.6997771432722537,200.99816055488526
4.819,3.699303026938552,200.98318300084543
4.82,3.698828902314516,200.96792246724772
4.821,3.6983547707647433,200.95237885634631
4.822,3.6978806336538286,200.93655200368073
4.823,3.69740649234637,200.92044179706824
4.824,3.696932348206962,200.9040481423899
4.825,3.6964582026001995,200.8873709424111
4.826,3.6959840568906817,200.8704100877184
4.827,3.695509912443001,200.8531654498572
4.828,3.6950357706217556,200.8356369551716
4.829,3.694561632791541,200.81782456539952
4.83,3.694087500316952,200.79972816713052
4.831,3.693613374562586,200.78134776754206
4.832,3.6931392568930392,200.76268335918058
4.833,3.692665148672906,200.7437348495643
4.834,3.6921910512667835,200.72450217254914
4.835,3.6917169660392664,200.70498527311207
4.836,3.6912428943549522,200.68518412800293
4.837,3.690768837578437,200.66509867870224
4.838,3.6902947970743147,200.64472883075587
4.839,3.689820774207184,200.62407451776266
4.84,3.6893467703416385,200.60313566166604
4.841,3.6888727868422753,200.58191209808786
4.842,3.6883988250736905,200.5604037313708
4.843,3.6879248864004786,200.53861048917506
4.844,3.6874509721872375,200.51653223920536
4.845,3.686977083798563,200.49416882081294
4.846,3.6865032225990495,200.4715200481346
4.847,3.686029389953293,200.44858571846692
4.848,3.6855555872258914,200.42536562948334
4.849,3.685081815781439,200.4018595714454
4.85,3.6846080769845333,200.3780673391701
4.851,3.684134372199768,200.35398874026208
4.852,3.6836607027917414,200.3296236161441
4.853,3.683187070125048,200.3049717571359
4.854,3.6827134755642836,200.2800329925143
4.855,3.682239920474046,200.25480712189025
4.856,3.6817664062189284,200.22929394715888
4.857,3.681292933859791,200.20367813418875
4.858,3.6808195032425415,200.17814446639318
4.859,3.6803461139093496,200.15269280157423
4.86,3.679872765402386,200.1273229946308
4.861,3.67939945726382,200.10203484894367
4.862,3.6789261890358227,200.0768281832863
4.863,3.678452960260563,200.051702884919
4.864,3.6779797704802135,200.02665889798936
4.865,3.6775066192369414,200.0016961616621
4.866,3.6770335060729193,199.97681457325606
4.867,3.6765604305303152,199.9520140594171
4.868,3.676087392151301,199.92729452795078
4.869,3.675614390478047,199.90265591079202
4.87,3.6751414250527223,199.87809814033767
4.871,3.674668495417497,199.85362112927373
4.872,3.6741956011145414,199.8292248883201
4.873,3.673722741686027,199.80490942111408
4.874,3.673249916674123,199.7806746493759
4.875,3.6727771256209993,199.75652055315186
4.876,3.6723043680688265,199.73244716291634
4.877,3.6718316435597735,199.70845447259026
4.878,3.671358951636013,199.68454252254799
4.879,3.670886291839713,199.66071128575504
4.88,3.670413663713045,199.63696069483916
4.881,3.6699410667981778,199.61329068223026
4.882,3.669468500637283,199.58970123608842
4.883,3.6689959647725296,199.5661923664655
4.884,3.668523458746089,199.54276399170845
4.885,3.66805098210013,199.51941607941458
4.886,3.667578534376825,199.49614865314578
4.887,3.6671061151183406,199.47296175716883
4.888,3.666633723866851,199.44985545238393
4.889,3.6661613601645233,199.4268296846173
4.89,3.6656890235535284,199.40388443060812
4.891,3.6652167135760365,199.38101966792559
4.892,3.6647444297742195,199.35823545337615
4.893,3.664272171690246,199.33553183654402
4.894,3.6637999388662856,199.312908880438
4.895,3.6633277308445096,199.29036660278166
4.896,3.6628555471670885,199.267905009271
4.897,3.6623833873761913,199.24552412517113
4.898,3.6619112510139886,199.22322402536912
4.899,3.6614391376226503,199.20100478849065
4.9,3.6609670467443474,199.17886639256636
4.901,3.6604949779212492,199.15680884057718
4.902,3.6600229306955265,199.13483218477757
4.903,3.65955090460935,199.11293649961948
4.904,3.659078899204888,199.09112185589555
4.905,3.6586069140243125,199.06938829471778
4.906,3.6581349486097925,199.0477358524774
4.907,3.657663002503499,199.02616458474012
4.908,3.657191075247602,199.00467459660427
4.909,3.656719166384271,198.98326594070448
4.91,3.6562472754556774,198.96193871128233
4.911,3.6557754020039908,198.940692991143
4.912,3.65530354557138,198.91952888418513
4.913,3.6548317057000164,198.89844651708466
4.914,3.6543598819320713,198.87744597071304
4.915,3.6538880738097124,198.85652734325967
4.916,3.6534162808751125,198.83569070367415
4.917,3.6529445026704397,198.81493616828283
4.918,3.652472738737866,198.79426385552614
4.919,3.6520009886195597,198.77367389985233
4.92,3.6515292518576925,198.75316638046587
4.921,3.6510575279944324,198.73274142750552
4.922,3.6505858165719522,198.71239903562645
4.923,3.6501141171324223,198.69213925468142
4.924,3.649642429218009,198.67196214936877
4.925,3.6491707523708854,198.6518677421439
4.926,3.648699086133222,198.63185604117587
4.927,3.6482274300471893,198.61192706011587
4.928,3.647755783654955,198.59208083783716
4.929,3.64728414649869,198.5723174127069
4.93,3.646812518120567,198.55263681960818
4.931,3.6463408980627534,198.53303903691847
4.932,3.64586928586742,198.51352403746378
4.933,3.6453976810767386,198.4940918183848
4.934,3.6449260832328765,198.47474238132696
4.935,3.644454491878007,198.4554757008219
4.936,3.6439829065542972,198.43629176787064
4.937,3.64351132680392,198.41719056290884
4.938,3.6430397521690434,198.39817200901413
4.939,3.6425681821918396,198.3792360639414
4.94,3.6420966164144764,198.3603826635618
4.941,3.6416250543791264,198.3416117553428
4.942,3.6411534956279574,198.3229232087752
4.943,3.6406819397031427,198.30431690738476
4.944,3.6402103861468493,198.28579273414664
4.945,3.6397388345012485,198.26735060354414
4.946,3.6392672843085117,198.24899036518786
4.947,3.6387957351108073,198.2307118533069
4.948,3.638324186450306,198.21251488943386
4.949,3.6378526378691802,198.19439933174388
4.95,3.6373810889095957,198.17636501262632
4.951,3.6369095391137267,198.15841170444003
4.952,3.63643798802374,198.14053922167946
4.953,3.635966435181808,198.12274741183415
4.954,3.635494880130101,198.10503607367428
4.955,3.635023322410788,198.08740504384275
4.956,3.63455176156604,198.06985420013712
4.957,3.6340801971380263,198.05238339909974
4.958,3.6336086286689198,198.03499256579312
4.959,3.633137055700886,198.01768158672343
4.96,3.6326654777760985,198.00045036126323
4.961,3.6321938945177648,197.9832494062573
4.962,3.6317223058732413,197.96602928405252
4.963,3.6312507118709227,197.94878989577418
4.964,3.6307791125392064,197.93153114960634
4.965,3.630307507906485,197.9142530074212
4.966,3.629835898001155,197.89695539705144
4.967,3.6293642828516117,197.87963829623294
4.968,3.6288926624862476,197.86230171956407
4.969,3.6284210369334615,197.8449456377164
4.97,3.6279494062216466,197.82756997257516
4.971,3.6274777703791967,197.81017465268897
4.972,3.627006129434509,197.79275969027663
4.973,3.626534483415979,197.77532509832076
4.974,3.626062832352,197.75787088796733
4.975,3.625591176270967,197.74039702060986
4.976,3.6251195152012765,197.72290345080114
4.977,3.624647849171323,197.70539018423807
4.978,3.624176178209501,197.6878572139133
4.979,3.6237045023442067,197.67030456112602
4.98,3.6232328216038336,197.65273223499997
4.981,3.6227611360167784,197.63514019830038
4.982,3.6222894456114356,197.61752846466564
4.983,3.6218177504162004,197.59989706844635
4.984,3.6213460504594677,197.58224603614897
4.985,3.620874345769632,197.5645754204708
4.986,3.620402636375089,197.54688524280908
4.987,3.6199309223042335,197.52917553517625
4.988,3.619459203585461,197.51144632328214
4.989,3.618987480247167,197.49369760192843
4.99,3.6185157523177462,197.47592934719546
4.991,3.6180440198255925,197.45814154006774
4.992,3.617572282799102,197.44033418271596
4.993,3.6171005412666695,197.4225072614032
4.994,3.6166287952566916,197.40466075006526
4.995,3.6161570447975606,197.3867946724744
4.996,3.615685289917674,197.36890902464455
4.997,3.6152135306454265,197.35100371937352
4.998,3.614741767009211,197.33307870261393
4.999,3.614269999037425,197.31513391713582
5.0,3.6137982267584636,197.2971693416282
5.001,3.61332645020072,197.27918491214314
5.002,3.6128546693925903,197.26118052795994
5.003,3.61238288436247,197.24315609538982
5.004,3.611911095138754,197.2251115395727
5.005,3.611439301749837,197.20704686484666
5.006,3.610967504224113,197.18896201788246
5.007,3.610495702589981,197.1708569625667
5.008,3.610023896875832,197.1527316963448
5.009,3.6095520871100626,197.1345862694409
5.01,3.609080273321068,197.11642072881483
5.011,3.608608455537243,197.0982350944151
5.012,3.6081366337869833,197.08002927608038
5.013,3.607664808098682,197.06180319194448
5.014,3.6071929785007377,197.0435567538083
5.015,3.6067211450215417,197.02528991483476
5.016,3.6062493076894917,197.00700267931558
5.017,3.605777466532982,196.98869502813335
5.018,3.6053056215804076,196.97036693035852
5.019,3.6048337728601627,196.95201839184668
5.02,3.604361920400643,196.93364939031142
5.021,3.6038900642302454,196.9152598677664
5.022,3.603418204377362,196.89684977611768
5.023,3.60294634087039,196.87841909714496
5.024,3.6024744737377237,196.85996780649742
5.025,3.602002603007758,196.84149590162292
5.026,3.6015307287088887,196.8230034131248
5.027,3.6010588508695096,196.8044903457494
5.028,3.6005869695180173,196.78595669368843
5.029,3.6001150846828063,196.76740246650343
5.03,3.599643196392271,196.74882770284808
5.031,3.5991713046748073,196.73023236736827
5.032,3.5986994095588103,196.71161649873977
5.033,3.5982275110726745,196.69298010423722
5.034,3.597755609244795,196.6743232117073
5.035,3.5972837041035666,196.65564581847963
5.036,3.5968117956773864,196.63694798807933
5.037,3.596339883994648,196.61822974435864
5.038,3.5958679690837454,196.59949108213988
5.039,3.5953960509730765,196.58073203966381
5.04,3.5949241296910324,196.56195267549248
5.041,3.594452205266012,196.54315303006854
5.042,3.5939802777264087,196.52433318097667
5.043,3.593508347100617,196.50549321514052
5.044,3.593036413417034,196.4866332077894
5.045,3.5925644767040525,196.46775321832774
5.046,3.592092536990068,196.4488532756813
5.047,3.5916205943034782,196.42993345362086
5.048,3.5911486486726742,196.41099381526024
5.049,3.5906767001260524,196.392034429105
5.05,3.590204748692011,196.3730553421235
5.051,3.5897327943989414,196.35405656707402
5.052,3.589260837275241,196.33503812740628
5.053,3.588788877349302,196.31600006541376
5.054,3.5883169146495213,196.29694238370803
5.055,3.5878449492042956,196.2778651916746
5.056,3.587372981042017,196.25876857570174
5.057,3.586901010191082,196.23965259003896
5.058,3.586429036679886,196.22051727368228
5.059,3.5859570605368227,196.2013626925975
5.06,3.5854850817902895,196.18218897244475
5.061,3.5850131004686796,196.1629961259411
5.062,3.584541116600388,196.14378416243864
5.063,3.5840691302138112,196.12455312710355
5.064,3.5835971413373424,196.10530308990275
5.065,3.583125149999378,196.08603410287577
5.066,3.582653156228314,196.0667462344449
5.067,3.582181160052543,196.0474395934931
5.068,3.581709161500462,196.02811430257725
5.069,3.5812371606004656,196.00877046649418
5.07,3.5807651573809482,195.98940819638108
5.071,3.5802931518703063,195.97002756162905
5.072,3.579821144096934,195.95062868216456
5.073,3.5793491340892247,195.9312116411444
5.074,3.5788771218755775,195.91177651195585
5.075,3.578405107484384,195.8923233704863
5.076,3.577933090944041,195.8728523197263
5.077,3.5774610722829427,195.85336340167808
5.078,3.5769890515294858,195.83385663814823
5.079,3.576517028712063,195.81433211365263
5.08,3.576045003859071,195.79478992137393
5.081,3.575572976998904,195.7752300881042
5.082,3.575100948159959,195.7556526931126
5.083,3.5746289173706276,195.73605787227365
5.084,3.5741568846593075,195.71644571451503
5.085,3.5736848500543945,195.69681623399956
5.086,3.5732128135842807,195.67716946730297
5.087,3.5727407752773632,195.65750544637473
5.088,3.5722687351620372,195.63782420182432
5.089,3.5717966932666974,195.61812579330788
5.09,3.5713246496197386,195.59841025751328
5.091,3.5708526042495565,195.57867763133845
5.092,3.5703805571845453,195.55892795448324
5.093,3.5699085084531,195.53916134617904
5.094,3.5694364580836173,195.519377809594
5.095,3.5689644061044907,195.49957732170066
5.096,3.568492352544115,195.47975989496223
5.097,3.5680202974308872,195.45992553597677
5.098,3.5675482407932018,195.44007427403483
5.099,3.5670761826594517,195.42020613161952
5.1,3.566604123058035,195.40032116834396
5.101,3.5661320620173447,195.38041942709765
5.102,3.5656599995657774,195.36050093722093
5.103,3.5651879357317258,195.34056574352698
5.104,3.564715870543588,195.3206140529773
5.105,3.5642438040297564,195.30064600265794
5.106,3.563771736218628,195.2806616740785
5.107,3.563299667138598,195.26066116351492
5.108,3.562827596818059,195.24064463608323
5.109,3.562355525285409,195.2206123089935
5.11,3.56188345256904,195.2005643522026
5.111,3.5614113786973514,195.18050097512872
5.112,3.5609393036987345,195.1604223546987
5.113,3.560467227601586,195.14032868353564
5.114,3.5599951504343,195.12022015137222
5.115,3.5595230722252733,195.10009698541595
5.116,3.5590509930028995,195.07995939017366
5.117,3.558578912795574,195.0598075964544
5.118,3.5581068316316924,195.0396417762666
5.119,3.5576347495396483,195.0194620547784
5.12,3.5571626665478386,194.99926862559374
5.121,3.5566905826846584,194.97906174503396
5.122,3.556218497978502,194.95884160466068
5.123,3.5557464124577627,194.93860844904873
5.124,3.5552743261508386,194.91836249829294
5.125,3.554802239086123,194.89810399800228
5.126,3.5543301512920125,194.8778331656782
5.127,3.5538580627969005,194.85755032814473
5.128,3.553385973629183,194.83725567951615
5.129,3.5529138838172556,194.81694950262468
5.13,3.5524417933895123,194.79663210503588
5.131,3.551969702374348,194.77630386500596
5.132,3.5514976108001592,194.75596507691114
5.133,3.551025518695339,194.73561596697039
5.134,3.5505534260882836,194.71525680438094
5.135,3.5500813330073897,194.694887773158
5.136,3.549609239481049,194.67450913607308
5.137,3.5491371455376606,194.65412121092024
5.138,3.5486650512056155,194.633724308355
5.139,3.5481929565133106,194.61331867461772
5.14,3.5477208614891413,194.59290458445014
5.141,3.5472487661615033,194.57248228522792
5.142,3.546776670558789,194.5520519899478
5.143,3.5463045747093966,194.5316139695336
5.144,3.5458324786417195,194.51116850580848
5.145,3.5453603823841537,194.4907158122796
5.146,3.544888285965092,194.47025609758603
5.147,3.544416189412933,194.44978960062787
5.148,3.543944092756069,194.4293165425084
5.149,3.543471996022896,194.40883713263113
5.15,3.54299989924181,194.38835150096463
5.151,3.542527802441205,194.36785978395116
5.152,3.5420557056494753,194.34736215482155
5.153,3.541583608895017,194.3268586056296
5.154,3.541111512206227,194.30634916375283
5.155,3.5406394156114973,194.2858338716279
5.156,3.540167319139224,194.26531270508002
5.157,3.5396952228178025,194.2447857211294
5.158,3.5392231266756276,194.22425293127804
5.159,3.5387510307410954,194.20371441400295
5.16,3.538278935042599,194.18317024389538
5.161,3.537806839608536,194.16262045836504
5.162,3.5373347444672985,194.14206503544023
5.163,3.5368626496472846,194.12150397607127
5.164,3.5363905551768875,194.10093733104299
5.165,3.5359184610845027,194.08036511883103
5.166,3.5354463673985252,194.05978739176038
5.167,3.534974274147351,194.03920418976716
5.168,3.5345021813593736,194.0186155670541
5.169,3.534030089058061,193.9980246333382
5.17,3.5335579972471622,193.9774344725064
5.171,3.533085905925502,193.95684518031828
5.172,3.5326138150919015,193.936256835724
5.173,3.532141724745184,193.91566954473723
5.174,3.531669634884171,193.8950834077824
5.175,3.531197545507686,193.87449851171397
5.176,3.53072545661455,193.85391485060467
5.177,3.5302533682035877,193.8333325247197
5.178,3.5297812802736193,193.81275165532148
5.179,3.529309192823468,193.7921724033699
5.18,3.528837105851957,193.77159482923014
5.181,3.528365019357908,193.75101900669733
5.182,3.527892933340145,193.73044499605058
5.183,3.5274208477974875,193.7098728431278
5.184,3.52694876272876,193.68930262002607
5.185,3.526476678132785,193.66873439619218
5.186,3.526004594008385,193.64816823077274
5.187,3.525532510354381,193.62760422083687
5.188,3.5250604271695978,193.60704245313394
5.189,3.5245883444528556,193.58648299725678
5.19,3.5241162622029774,193.56592598044207
5.191,3.523644180418788,193.54537154149915
5.192,3.523172099099106,193.52481980735345
5.193,3.522700018242757,193.50427095926787
5.194,3.522227937848561,193.4837251282645
5.195,3.521755857915343,193.46318236885142
5.196,3.5212837784419238,193.44264284123565
5.197,3.5208116994271266,193.4221065904979
5.198,3.5203396208697733,193.40157374733147
5.199,3.519867542768687,193.38104440934916
5.2,3.5193954651226877,193.36051860604329
5.201,3.5189233879306023,193.33999637398222
5.202,3.5184513111912508,193.31947780978572
5.203,3.5179792349034544,193.29896297034685
5.204,3.5175071590660387,193.278452016539
5.205,3.5170350836778224,193.25794504099775
5.206,3.5165630087376303,193.23744225451787
5.207,3.5160909342442856,193.21694376060515
5.208,3.515618860196609,193.19644963612143
5.209,3.5151467865934247,193.1759599036724
5.21,3.514674713433553,193.15547463001508
5.211,3.514202640715818,193.13499385274392
5.212,3.5137305684390405,193.1145176533703
5.213,3.5132584966020453,193.0940461058532
5.214,3.5127864252036534,193.07357929219293
5.215,3.512314354242687,193.0531172401868
5.216,3.5118422837179692,193.03265994600739
5.217,3.511370213628324,193.01220760188528
5.218,3.5108981439725704,192.99176031036717
5.219,3.510426074749533,192.9713180859929
5.22,3.509954005958034,192.95088092762256
5.221,3.509481937596897,192.93044886648124
5.222,3.509009869664942,192.9100219268448
5.223,3.5085378021609923,192.88960011821237
5.224,3.508065735083872,192.86918346584292
5.225,3.507593668432402,192.84877189783265
5.226,3.5071216022054044,192.82836530959307
5.227,3.5066495364017034,192.80796355792114
5.228,3.50617747102012,192.7875665155421
5.229,3.5057054060594774,192.76717408822108
5.23,3.5052333415185974,192.74678618880645
5.231,3.5047612773963035,192.72640269523856
5.232,3.5042892136914165,192.70602350005657
5.233,3.5038171504027615,192.68564852756322
5.234,3.5033450875291576,192.6652776291927
5.235,3.50287302506943,192.6449107649766
5.236,3.5024009630224,192.62454788785425
5.237,3.50192890138689,192.6041888470324
5.238,3.5014568401617225,192.5838335275182
5.239,3.5009847793457207,192.5634817533496
5.24,3.5005127189377063,192.54313332236399
5.241,3.5000406589365034,192.5227880916811
5.242,3.4995685993409307,192.50244601271476
5.243,3.4990965401498135,192.48210711448542
5.244,3.4986244813619747,192.46177144733258
5.245,3.498152422976235,192.44143891946732
5.246,3.4976803649914183,192.42110951295155
5.247,3.4972083074063467,192.40078318180701
5.248,3.496736250219842,192.3804599582671
5.249,3.4962641934307275,192.36013988643018
5.25,3.4957921370378244,192.33982300641466
5.251,3.495320081039957,192.31950929427222
5.252,3.494848025435946,192.2991986922214
5.253,3.4943759702246155,192.2788911941313
5.254,3.4939039154047866,192.25858701088993
5.255,3.4934318609752824,192.2382862696926
5.256,3.4929598069349246,192.21798907039363
5.257,3.4924877532825382,192.1976954599265
5.258,3.4920157000169425,192.17740551639042
5.259,3.49154364713696,192.1571193912198
5.26,3.4910715946414164,192.1368372807715
5.261,3.4905995425291314,192.11655931117429
5.262,3.4901274907989284,192.09628545180624
5.263,3.4896554394496295,192.07601570240405
5.264,3.4891833884800576,192.05575006474876
5.265,3.488711337889035,192.03548851146348
5.266,3.488239287675383,192.01523109821005
5.267,3.4877672378379265,191.99497787138557
5.268,3.4872951883754864,191.9747287524977
5.269,3.486823139286885,191.95448341140582
5.27,3.4863510905709454,191.93424164074773
5.271,3.48587904222649,191.91400330032616
5.272,3.4854069942523407,191.89376824145444
5.273,3.4849349466473196,191.87353630888828
5.274,3.484462899410251,191.85330732540422
5.275,3.4839908525399563,191.8330810917734
5.276,3.4835188060352573,191.8128574537401
5.277,3.4830467598949775,191.79263628628183
5.278,3.4825747141179386,191.77241734007717
5.279,3.4821026687029635,191.75220045577163
5.28,3.4816306236488748,191.73198552582915
5.281,3.4811585789544948,191.7117724268981
5.282,3.4806865346186453,191.69156114506535
5.283,3.480214490640151,191.671351594369
5.284,3.4797424470178315,191.65114368824356
5.285,3.47927040375051,191.63093736333505
5.286,3.47879836083701,191.61073261008684
5.287,3.478326318276154,191.59052944194406
5.288,3.477854276066763,191.57032792455018
5.289,3.477382234207661,191.55012815075986
5.29,3.4769101926976695,191.52993012269178
5.291,3.476438151535611,191.509733771848
5.292,3.475966110720309,191.4895390452932
5.293,3.4754940702505857,191.46934593951426
5.294,3.475022030125262,191.44915444837181
5.295,3.474549990343161,191.4289646183835
5.296,3.4740779509031063,191.408776413875
5.297,3.4736059118039204,191.38858981835023
5.298,3.473133873044424,191.36840478917807
5.299,3.4726618346234406,191.34822126188203
5.3,3.4721897965397934,191.32803917918363
5.301,3.471717758792304,191.30785852610398
5.302,3.471245721379795,191.2876793517343
5.303,3.4707736843010877,191.26750165327547
5.304,3.470301647555007,191.24732538170235
5.305,3.4698296111403737,191.22715039821313
5.306,3.469357575056011,191.20697665805312
5.307,3.4688855393007394,191.1868041029839
5.308,3.468413503873386,191.16663252420642
5.309,3.467941468772768,191.14646189023296
5.31,3.4674694339977106,191.12629215575055
5.311,3.4669973995470356,191.1061231704772
5.312,3.466525365419566,191.08595481911738
5.313,3.4660533316141238,191.06578708803443
5.314,3.465581298129531,191.04561987243716
5.315,3.4651092649646107,191.02545297949132
5.316,3.4646372321181858,191.00528624357315
5.317,3.464165199589078,190.98511941805964
5.318,3.4636931673761104,190.96495243624977
5.319,3.463221135478105,190.94478521947707
5.32,3.4627491038938842,190.924617581546
5.321,3.4622770726222702,190.90444931562237
5.322,3.4618050416620862,190.88428030243654
5.323,3.4613330110121536,190.86411045827617
5.324,3.4608609806712978,190.84393962871343
5.325,3.4603889506383365,190.8237677097303
5.326,3.459916920912097,190.80359462340675
5.327,3.459444891491398,190.7834203158997
5.328,3.4589728623750635,190.76324483749036
5.329,3.458500833561917,190.7430680538211
5.33,3.4580288050507786,190.72288975230703
5.331,3.4575567768404727,190.70270977860008
5.332,3.457084748929821,190.68252802093605
5.333,3.456612721317645,190.66234449084
5.334,3.45614069400277,190.64215904924487
5.335,3.4556686669840158,190.6219715821373
5.336,3.4551966402602057,190.6017818999291
5.337,3.454724613830163,190.58158980295275
5.338,3.4542525876927086,190.56139519228688
5.339,3.4537805618466657,190.54119807982556
5.34,3.4533085362908573,190.52099838900426
5.341,3.4528365110241053,190.50079602830345
5.342,3.4523644860452314,190.48059081952294
5.343,3.4518924613530597,190.46038266549567
5.344,3.4514204369464117,190.440171536637
5.345,3.450948412824111,190.41995728755955
5.346,3.450476388984978,190.39973967583046
5.347,3.450004365427836,190.37951856161925
5.348,3.449532342151509,190.35929394038706
5.349,3.449060319154817,190.33906571190442
5.35,3.4485882964365855,190.31883382876077
5.351,3.448116273995633,190.29859821713157
5.352,3.447644251830784,190.27835882633306
5.353,3.447172229940863,190.25811560995206
5.354,3.446700208324689,190.23786861513446
5.355,3.4462281869810862,190.21761779739344
5.356,3.445756165908877,190.1973629845834
5.357,3.4452841451068843,190.17710417959364
5.358,3.444812124573929,190.1568414009557
5.359,3.444340104308835,190.1365745411309
5.36,3.443868084310424,190.11630354900453
5.361,3.44339606457752,190.09602845107221
5.362,3.442924045108943,190.0757491731659
5.363,3.442452025903517,190.05546568059802
5.364,3.441980006960064,190.03517804497426
5.365,3.4415079882774067,190.01488631212084
5.366,3.4410359698543673,189.99459057141172
5.367,3.4405639516897693,189.9742909092834
5.368,3.4400919337824334,189.9539872723006
5.369,3.439619916131184,189.93367969113677
5.37,3.439147898734841,189.91336829856186
5.371,3.438675881592229,189.89305312575533
5.372,3.43820386470217,189.87273414577837
5.373,3.437731848063487,189.85241143579455
5.374,3.4372598316750014,189.83208513042325
5.375,3.436787815535536,189.8117552691246
5.376,3.436315799643912,189.7914218063009
5.377,3.4358437839989553,189.77108469646063
5.378,3.435371768599485,189.75074393444697
5.379,3.4348997534443253,189.73039961641297
5.38,3.4344277385322974,189.71005168631234
5.381,3.4339557238622254,189.68970014423684
5.382,3.433483709432931,189.669344923432
5.383,3.4330116952432355,189.6489860468549
5.384,3.4325396812919635,189.6286235849795
5.385,3.4320676675779365,189.60825764102015
5.386,3.4315956540999766,189.587888148334
5.387,3.4311236408569057,189.56751520522056
5.388,3.430651627847548,189.5471388809376
5.389,3.430179615070725,189.52675919826146
5.39,3.4297076025252586,189.50637619761514
5.391,3.4292355902099723,189.48598999960706
5.392,3.428763578123688,189.46560069757624
5.393,3.4282915662652282,189.4452082374756
5.394,3.427819554633416,189.424812535591
5.395,3.427347543227073,189.40441358129783
5.396,3.426875532045022,189.3840114709032
5.397,3.426403521086086,189.36360621005724
5.398,3.425931510349086,189.34319778950334
5.399,3.4254594998328454,189.3227861850519
5.4,3.424987489536188,189.3023714895629
5.401,3.4245154794579338,189.28195385404518
5.402,3.424043469596906,189.26153331279778
5.403,3.4235714599519285,189.24110984020564
5.404,3.423099450521822,189.22068342873854
5.405,3.42262744130541,189.20025420490694
5.406,3.4221554323015146,189.17982228696917
5.407,3.4216834235089584,189.15938767578405
5.408,3.4212114149265638,189.13895031872448
5.409,3.420739406553153,189.11851020057856
5.41,3.4202673983875482,189.09806730727422
5.411,3.419795390428574,189.07762169197918
5.412,3.41932338267505,189.057173502157
5.413,3.4188513751257994,189.03672286325857
5.414,3.4183793677796466,189.01626986666207
5.415,3.4179073606354113,188.995814538353
5.416,3.417435353691918,188.97535671060263
5.417,3.4169633469479885,188.95489634379692
5.418,3.4164913404024446,188.93443337460582
5.419,3.4160193340541105,188.9139678183135
5.42,3.415547327901806,188.89349976525125
5.421,3.4150753219443555,188.87302933881148
5.422,3.4146033161805818,188.85255671456406
5.423,3.4141313106093065,188.83208197226108
5.424,3.4136593052293516,188.8116051298137
5.425,3.4131873000395396,188.79112623620085
5.426,3.4127152950386956,188.7706452519001
5.427,3.412243290225639,188.7501621653485
5.428,3.411771285599193,188.72967695467662
5.429,3.41129928115818,188.70918968430163
5.43,3.410827276901424,188.688700405683
5.431,3.4103552728277435,188.6682090972547
5.432,3.409883268935966,188.64771566985291
5.433,3.409411265224912,188.62722001716904
5.434,3.408939261693403,188.60672199851274
5.435,3.4084672583402615,188.58622154605135
5.436,3.407995255164311,188.565718700538
5.437,3.4075232521643732,188.5452134018709
5.438,3.4070512493392715,188.5247056554952
5.439,3.4065792466878273,188.50419541380825
5.44,3.406107244208864,188.48368258624038
5.441,3.405635241901204,188.46316714820068
5.442,3.4051632397636675,188.44264912762296
5.443,3.40469123779508,188.422128397285
5.444,3.4042192359942627,188.4016047726269
5.445,3.4037472343600377,188.38107809679184
5.446,3.403275232891229,188.36054830962453
5.447,3.402803231586658,188.3400152360948
5.448,3.4023312304451454,188.31947876457096
5.449,3.4018592294655163,188.29893878447507
5.45,3.401387228646592,188.27839512592237
5.451,3.400915227987196,188.2578476210611
5.452,3.400443227486149,188.23729613820603
5.453,3.399971227142276,188.2167405858679
5.454,3.3994992269543958,188.1961808443442
5.455,3.3990272269213344,188.17561676825682
5.456,3.398555227041913,188.155048219938
5.457,3.398083227314953,188.13447512812138
5.458,3.3976112277392785,188.11389736483275
5.459,3.397139228313711,188.0933148651449
5.46,3.3966672290370727,188.07272757546264
5.461,3.396195229908187,188.05213535623267
5.462,3.3957232309258756,188.03153808097574
5.463,3.3952512320889614,188.01093566897134
5.464,3.3947792333962665,187.9903281167758
5.465,3.3943072348466146,187.96971538987827
5.466,3.393835236438827,187.94909745407483
5.467,3.3933632381717262,187.92847423332498
5.468,3.3928912400441344,187.90784559603213
5.469,3.3924192420548738,187.88721144522543
5.47,3.391947244202769,187.86657177498944
5.471,3.39147524648664,187.84592649107958
5.472,3.39100324890531,187.82527546031284
5.473,3.390531251457603,187.80461852443176
5.474,3.3900592541423396,187.7839556051467
5.475,3.3895872569583427,187.7632866595194
5.476,3.3891152599044347,187.7426116162665
5.477,3.388643262979438,187.72193039980328
5.478,3.3881712661821766,187.70124293072996
5.479,3.3876992695114705,187.68054920278118
5.48,3.3872272729661437,187.6598491998543
5.481,3.386755276545019,187.63914293048327
5.482,3.3862832802469174,187.61843048042664
5.483,3.3858112840706633,187.59771183275438
5.484,3.385339288015076,187.5769869257876
5.485,3.3848672920789817,187.55625569029456
5.486,3.3843952962612,187.53551810522794
5.487,3.383923300560555,187.51477413830833
5.488,3.3834513049758694,187.49402369630684
5.489,3.382979309505964,187.4732668413149
5.49,3.382507314149662,187.45250370150052
5.491,3.3820353189057877,187.43173437177083
5.492,3.38156332377316,187.41095875029288
5.493,3.381091328750604,187.39017683387755
5.494,3.380619333836943,187.36938856712112
5.495,3.3801473390309953,187.34859391540272
5.496,3.379675344331587,187.32779295231276
5.497,3.37920334973754,187.30698582397014
5.498,3.3787313552476768,187.28617264500903
5.499,3.378259360860819,187.26535340488113
5.5,3.377787366575789,187.2445281310647
5.501,3.3773153723914104,187.22369670888335
5.502,3.376843378306504,187.20285901289452
5.503,3.3763713843198926,187.18201506114838
5.504,3.3758993904304013,187.16116492525822
5.505,3.375427396636849,187.14030867717582
5.506,3.374955402938061,187.11944639985933
5.507,3.374483409332858,187.09857814637306
5.508,3.374011415820063,187.07770392674308
5.509,3.3735394223984976,187.05682377268124
5.51,3.373067429066986,187.03593775865772
5.511,3.3725954358243495,187.01504598835703
5.512,3.3721234426694107,186.99414857816305
5.513,3.3716514496009924,186.97324553943002
5.514,3.371179456617917,186.95233691237516
5.515,3.3707074637190058,186.93142278412077
5.516,3.370235470903083,186.9105033211893
5.517,3.3697634781689705,186.88957859510163
5.518,3.3692914855154905,186.8686486979943
5.519,3.3688194929414657,186.84771375318593
5.52,3.368347500445719,186.8267738107014
5.521,3.367875508027071,186.80582891921438
5.522,3.367403515684346,186.78487915103295
5.523,3.366931523416366,186.7639245489516
5.524,3.3664595312219534,186.74296516097715
5.525,3.3659875390999305,186.72200096088076
5.526,3.36551554704912,186.70103191096376
5.527,3.365043555068344,186.68005802309176
5.528,3.3645715631564257,186.65907933668734
5.529,3.3640995713121864,186.6380958405731
5.53,3.3636275795344495,186.61710753450248
5.531,3.363155587822038,186.59611443750268
5.532,3.362683596173773,186.57511650984057
5.533,3.3622116045884773,186.5541137433309
5.534,3.361739613064975,186.53310614726925
5.535,3.3612676216020856,186.5120936755289
5.536,3.360795630198634,186.49107630212956
5.537,3.360323638853441,186.47005397993215
5.538,3.35985164756533,186.4490266581186
5.539,3.359379656333124,186.4279943395376
5.54,3.358907665155645,186.40695695408084
5.541,3.3584356740317136,186.38591443066161
5.542,3.357963682960156,186.36486669025481
5.543,3.3574916919397917,186.3438137164742
5.544,3.357019700969444,186.32275545339814
5.545,3.356547710047935,186.30169183559548
5.546,3.3560757191740884,186.28062281152398
5.547,3.3556037283467255,186.25954833172474
5.548,3.35513173756467,186.23846829274387
5.549,3.354659746826741,186.21738257535947
5.55,3.354187756131766,186.19629115449092
5.551,3.353715765478564,186.1751940197874
5.552,3.3532437748659585,186.15409104271595
5.553,3.352771784292772,186.1329821881219
5.554,3.352299793757826,186.11186751548354
5.555,3.3518278032599444,186.0907469777344
5.556,3.351355812797949,186.0696205012218
5.557,3.3508838223706614,186.04848807064408
5.558,3.350411831976906,186.02734972448076
5.559,3.349939841615504,186.00620544867087
5.56,3.3494678512852785,185.98505527916242
5.561,3.3489958609850516,185.96389925349592
5.562,3.3485238707136444,185.9427373878441
5.563,3.348051880469881,185.9215696778586
5.564,3.347579890252584,185.90039605639708
5.565,3.3471079000605757,185.8792164939744
5.566,3.346635909892678,185.85803101754425
5.567,3.3461639197477138,185.836839687154
5.568,3.345691929624506,185.81564254055544
5.569,3.345219939521875,185.79443955660452
5.57,3.3447479494386454,185.77323072830882
5.571,3.3442759593736398,185.75201605157758
5.572,3.3438039693256774,185.73079547268586
5.573,3.3433319792935854,185.70956884350113
5.574,3.342859989276184,185.68833614407157
5.575,3.3423879992722942,185.66709739656835
5.576,3.341916009280741,185.64585260343796
5.577,3.341444019300346,185.6246017468638
5.578,3.3409720293299303,185.60334479955793
5.579,3.340500039368318,185.58208177338582
5.58,3.340028049414331,185.56081260568425
5.581,3.3395560594667915,185.53953723309064
5.582,3.339084069524524,185.51825559670323
5.583,3.3386120795863468,185.49696760146986
5.584,3.338140089651087,185.4756731473997
5.585,3.3376680997175634,185.45437216364348
5.586,3.3371961097846,185.43306465293352
5.587,3.33672411985102,185.41175056570722
5.588,3.336252129915645,185.39042980266487
5.589,3.335780139977297,185.3691022845719
5.59,3.3353081500347996,185.34776797301768
5.591,3.3348361600869745,185.32642682837508
5.592,3.3343641701326434,185.30507883032521
5.593,3.333892180170631,185.28372391089755
5.594,3.3334201901997575,185.26236195256
5.595,3.3329482002188473,185.2409928275028
5.596,3.3324762102267207,185.21961649306365
5.597,3.332004220222202,185.19823288631738
5.598,3.3315322302041133,185.17684191433676
5.599,3.3310602401712766,185.15544349964065
5.6,3.3305882501225152,185.1340375307335
5.601,3.3301162600566494,185.1126238932891
5.602,3.329644269972504,185.09120246953677
5.603,3.3291722798689,185.06977314024635
5.604,3.3287002897446607,185.04833578155836
5.605,3.328228299598609,185.02689028657025
5.606,3.3277563094295664,185.0054365022948
5.607,3.3272843192363557,184.98397429368237
5.608,3.326812329017799,184.9625035108192
5.609,3.3263403387727193,184.94102401260886
5.61,3.32586834849994,184.91953571001892
5.611,3.3253963581982813,184.89803847462179
5.612,3.3249243678665668,184.87653215541815
5.613,3.3244523775036185,184.85501663215655
5.614,3.3239803871082603,184.83349179601623
5.615,3.323508396679313,184.81195750733235
5.616,3.323036406215601,184.7904136661304
5.617,3.322564415715944,184.76886013233914
5.618,3.3220924251791666,184.74729672128535
5.619,3.3216204346040907,184.72572328626597
5.62,3.3211484439895393,184.70413966978927
5.621,3.3206764533343334,184.68254565749777
5.622,3.3202044626372964,184.660941075967
5.623,3.319732471897251,184.63932579316224
5.624,3.3192604811130195,184.61769969434837
5.625,3.318788490283424,184.59606262849346
5.626,3.3183164994072873,184.57441445192285
5.627,3.3178445084834323,184.55275499259398
5.628,3.31737251751068,184.53108410356467
5.629,3.316900526487854,184.5094016387202
5.63,3.3164285354137775,184.4877074440444
5.631,3.3159565442872716,184.4660013671629
5.632,3.3154845531071575,184.44428326914442
5.633,3.315012561872261,184.42255302747418
5.634,3.314540570581403,184.40081052081908
5.635,3.314068579233405,184.37905563407378
5.636,3.3135965878270914,184.35728830309358
5.637,3.313124596361283,184.3355084860171
5.638,3.312652604834803,184.31371614795813
5.639,3.312180613246473,184.29191122938403
5.64,3.3117086215951175,184.27009370680645
5.641,3.3112366298795566,184.24826345048365
5.642,3.3107646380986138,184.22642038986186
5.643,3.3102926462511126,184.2045644854781
5.644,3.3098206543358737,184.18269568184505
5.645,3.30934866235172,184.1608139911126
5.646,3.3088766702974755,184.13891939962377
5.647,3.30840467817196,184.11701188492984
5.648,3.3079326859739986,184.09509141180757
5.649,3.307460693702412,184.0731579590871
5.65,3.3069887013560226,184.0512115715721
5.651,3.306516708933655,184.02925229055734
5.652,3.306044716434129,184.0072802163749
5.653,3.305572723856269,183.9852954547686
5.654,3.305100731198896,183.96329808578233
5.655,3.304628738460833,183.94128825480414
5.656,3.3041567456409044,183.91926609252954
5.657,3.3036847527379285,183.8972317039798
5.658,3.303212759750732,183.87518521064646
5.659,3.3027407666781343,183.85312671079845
5.66,3.3022687735189593,183.83105629573976
5.661,3.3017967802720296,183.80897402948244
5.662,3.301324786936168,183.78688002960115
5.663,3.3008527935101943,183.76477440527447
5.664,3.3003807999929338,183.74265722353078
5.665,3.299908806383208,183.72052860175478
5.666,3.29943681267984,183.69838864888231
5.667,3.298964818881652,183.6762374707294
5.668,3.2984928249874654,183.6540751400494
5.669,3.298020830996104,183.63190168836616
5.67,3.297548836906389,183.60971716667615
5.671,3.2970768427171437,183.58752157872559
5.672,3.296604848427191,183.5653149723693
5.673,3.2961328540353536,183.54309738923007
5.674,3.295660859540451,183.52086883280342
5.675,3.2951888649413097,183.49862931367676
5.676,3.294716870236749,183.4763788482902
5.677,3.2942448754255937,183.4541174467002
5.678,3.2937728805066646,183.4318451395257
5.679,3.2933008854787853,183.4095619340279
5.68,3.292828890340778,183.38726784118063
5.681,3.2923568950914635,183.36496288307404
5.682,3.2918848997296664,183.34264707783285
5.683,3.291412904254209,183.32032040364982
5.684,3.2909409086639125,183.29798290557272
5.685,3.290468912957601,183.2756346099681
5.686,3.289996917134095,183.2532755222148
5.687,3.2895249211922177,183.230905654933
5.688,3.2890529251307936,183.20852499917237
5.689,3.288580928948642,183.18613357262356
5.69,3.2881089326445863,183.16373139415242
5.691,3.287636936217451,183.14131849779787
5.692,3.2871649396660563,183.1188949412259
5.693,3.2866929429892253,183.09646072228645
5.694,3.2862209461857805,183.07401581774283
5.695,3.2857489492545446,183.05156020998868
5.696,3.28527695219434,183.02909390967153
5.697,3.284804955003989,183.006616910094
5.698,3.284332957682314,182.98412920140288
5.699,3.2838609602281372,182.9616308290838
5.7,3.283388962640282,182.93912181192908
5.701,3.28291696491757,182.91660210904476
5.702,3.2824449670588245,182.89407168347935
5.703,3.281972969062867,182.87153055589346
5.704,3.2815009709285206,182.84897875125154
5.705,3.2810289726546067,182.82641626357412
5.706,3.2805569742399494,182.80384308671847
5.707,3.2800849756833705,182.78125927102764
5.708,3.2796129769836924,182.75866489241588
5.709,3.2791409781397376,182.73605992649428
5.71,3.278668979150327,182.713444334089
5.711,3.278196980014285,182.69081811709245
5.712,3.277724980730435,182.66818125867368
5.713,3.277252981297597,182.64553375850795
5.714,3.276780981714595,182.62287564346678
5.715,3.276308981980251,182.60020691893698
5.716,3.275836982093387,182.57752755668204
5.717,3.2753649820528263,182.55483749170244
5.718,3.274892981857391,182.53213667027427
5.719,3.274420981505903,182.50942507651524
5.72,3.2739489809971856,182.48670271290138
5.721,3.2734769803300616,182.46396961520634
5.722,3.2730049795033516,182.44122580247168
5.723,3.27253297851588,182.41847130749744
5.724,3.2720609773664693,182.39570617404667
5.725,3.2715889760539403,182.3729304597802
5.726,3.271116974577116,182.3501441967095
5.727,3.2706449729348197,182.32734736319006
5.728,3.2701729711258736,182.30454000394792
5.729,3.2697009691491004,182.2817221497512
5.73,3.269228967003321,182.25889384535594
5.731,3.2687569646873604,182.2360551221252
5.732,3.268284962200039,182.21320610556074
5.733,3.2678129595401804,182.1903468737459
5.734,3.2673409567066054,182.16747747341338
5.735,3.2668689536981383,182.14459798236106
5.736,3.266396950513602,182.12170851580993
5.737,3.2659249471518166,182.09880924679408
5.738,3.265452943611606,182.07590030885072
5.739,3.2649809398917924,182.05298186492047
5.74,3.2645089359911985,182.03005407564547
5.741,3.264036931908648,182.00711710089905
5.742,3.2635649276429604,181.98417108500365
5.743,3.2630929231929597,181.96121617490894
5.744,3.262620918557469,181.93825248793718
5.745,3.2621489137353104,181.91528016455766
5.746,3.261676908725306,181.89229935222727
5.747,3.261204903526279,181.86931017744078
5.748,3.26073289813705,181.8463127394373
5.749,3.2602608925564436,181.82330713796532
5.75,3.2597888867832823,181.8002934939825
5.751,3.259316880816386,181.77727198219816
5.752,3.258844874654579,181.75424277188426
5.753,3.258372868296685,181.7312060488272
5.754,3.2579008617415237,181.7081619496201
5.755,3.257428854987919,181.68511060079587
5.756,3.2569568480346947,181.66205208761718
5.757,3.2564848408806712,181.63898655972366
5.758,3.2560128335246716,181.61591418877083
5.759,3.2555408259655176,181.59283510169132
5.76,3.2550688182020338,181.5697493642928
5.761,3.25459681023304,181.54665709894294
5.762,3.254124802057361,181.52355845829413
5.763,3.2536527936738175,181.50045355328587
5.764,3.2531807850812333,181.47734244355803
5.765,3.25270877627843,181.4542252141328
5.766,3.25223676726423,181.43110196792094
5.767,3.2517647580374573,181.40797284186365
5.768,3.251292748596932,181.38483790953768
5.769,3.2508207389414783,181.36169722964632
5.77,3.2503487290699185,181.33855085767163
5.771,3.2498767189810738,181.31539889900728
5.772,3.249404708673768,181.29224144549633
5.773,3.248932698146824,181.2690785553048
5.774,3.248460687399061,181.2459103000716
5.775,3.247988676429305,181.22273673432227
5.776,3.247516665236378,181.19955791737397
5.777,3.2470446538191013,181.17637395740485
5.778,3.2465726421762975,181.153184885337
5.779,3.2461006303067896,181.12999072206946
5.78,3.2456286182094,181.10679155488478
5.781,3.245156605882951,181.08358746147525
5.782,3.244684593326265,181.06037854024464
5.783,3.2442125805381643,181.0371648481347
5.784,3.243740567517472,181.01394643748273
5.785,3.2432685542630098,180.9907234123441
5.786,3.2427965407736004,180.9674958903962
5.787,3.242324527048067,180.94426390282553
5.788,3.241852513085231,180.92102746170556
5.789,3.241380498883915,180.8977866114346
5.79,3.2409084844429428,180.87454139089186
5.791,3.2404364697611348,180.85129183610346
5.792,3.239964454837316,180.82803795772122
5.793,3.2394924396703058,180.80477975001116
5.794,3.2390204242589293,180.78151729007732
5.795,3.238548408602007,180.75825068023317
5.796,3.2380763926983627,180.73497991652815
5.797,3.2376043765468188,180.71170499128777
5.798,3.2371323601461963,180.68842589344098
5.799,3.23666034349532,180.66514261815615
5.8,3.2361883265930107,180.64185518175532
5.801,3.2357163094380907,180.61856359623263
5.802,3.2352442920293836,180.59526791653565
5.803,3.2347722743657115,180.57196817730784
5.804,3.2343002564458962,180.54866437457173
5.805,3.233828238268761,180.52535648358526
5.806,3.2333562198331274,180.50204449289959
5.807,3.2328842011378196,180.4787284281285
5.808,3.2324121821816583,180.4554083269323
5.809,3.2319401629634665,180.4320842077023
5.81,3.2314681434820676,180.40875604659163
5.811,3.230996123736282,180.3854237730395
5.812,3.2305241037249335,180.3620873665485
5.813,3.230052083446845,180.33874690984592
5.814,3.229580062900838,180.3154024480574
5.815,3.229108042085736,180.2920539893389
5.816,3.2286360210003604,180.26870152580062
5.817,3.228163999643534,180.24534503044558
5.818,3.2276919780140796,180.22198450776193
5.819,3.2272199561108197,180.19861993161655
5.82,3.2267479339325758,180.17525135661276
5.821,3.2262759114781723,180.15187883841327
5.822,3.2258038887464284,180.12850235825772
5.823,3.2253318657361705,180.10512186660003
5.824,3.2248598424462185,180.08173731468696
5.825,3.224387818875395,180.05834869723665
5.826,3.223915795022524,180.03495601508942
5.827,3.2234437708864263,180.01155926892764
5.828,3.222971746465925,179.98815844026586
5.829,3.222499721759843,179.96475348149627
5.83,3.222027696767002,179.94134440735112
5.831,3.221555671486225,179.9179312084941
5.832,3.2210836459163343,179.89451392426804
5.833,3.2206116200561516,179.87109262573398
5.834,3.220139593904501,179.84766735290972
5.835,3.219667567460203,179.82423814657088
5.836,3.2191955407220822,179.80080500355328
5.837,3.21872351368896,179.77736795017466
5.838,3.2182514863596587,179.75392708950423
5.839,3.2177794587329993,179.73048249165194
5.84,3.217307430807809,179.70703424211123
5.841,3.216835402582905,179.68358237662684
5.842,3.216363374057112,179.66012695752383
5.843,3.2158913452292532,179.6366680758022
5.844,3.2154193160981492,179.61320579875462
5.845,3.214947286662624,179.589740139512
5.846,3.2144752569214994,179.5662711444022
5.847,3.2140032268735985,179.5427988753538
5.848,3.213531196517743,179.519323432395
5.849,3.2130591658527554,179.49584491574427
5.85,3.2125871348774595,179.47236342079754
5.851,3.212115103590675,179.44887904821957
5.852,3.211643071991227,179.42539187866288
5.853,3.211171040077937,179.40190196987086
5.854,3.2106990078496276,179.378409439432
5.855,3.210226975305121,179.3549143703671
5.856,3.20975494244324,179.33141689584906
5.857,3.209282909262807,179.30791710304084
5.858,3.2088108757626435,179.2844150941358
5.859,3.208338841941573,179.26091093644462
5.86,3.207866807798418,179.23740470298057
5.861,3.207394773332001,179.21389642924154
5.862,3.2069227385411434,179.19038620452324
5.863,3.2064507034246685,179.1668741220442
5.864,3.2059786679814004,179.14336027478458
5.865,3.2055066322101577,179.1198447593701
5.866,3.2050345961097673,179.09632761089802
5.867,3.2045625596790472,179.07280885142498
5.868,3.2040905229168235,179.04928852445462
5.869,3.2036184858219166,179.0257666836502
5.87,3.20314644839315,179.00224340043246
5.871,3.2026744106293448,178.97871873660517
5.872,3.2022023725293254,178.95519271866493
5.873,3.2017303340919128,178.9316653014606
5.874,3.20125829531593,178.90813650447706
5.875,3.2007862562001996,178.88460634115916
5.876,3.2003142167435437,178.86107478906922
5.877,3.1998421769447853,178.8375418401293
5.878,3.199370136802747,178.81400753492636
5.879,3.19889809631625,178.7904718677616
5.88,3.1984260554841173,178.7669348256111
5.881,3.1979540143051715,178.74339640087538
5.882,3.197481972778236,178.71985654625945
5.883,3.197009930902132,178.6963151956612
5.884,3.196537888675682,178.672772306126
5.885,3.196065846097709,178.64922790224472
5.886,3.1955938031670357,178.62568199436177
5.887,3.1951217598824844,178.6021345633289
5.888,3.194649716242877,178.57858559519858
5.889,3.194177672247036,178.5550351071155
5.89,3.1937056278937854,178.53148313293678
5.891,3.1932335831819447,178.50792966690557
5.892,3.1927615381103385,178.4843747268976
5.893,3.1922894926777903,178.4608182643372
5.894,3.1918174468831193,178.43726023150643
5.895,3.1913454007251514,178.4137006447504
5.896,3.1908733542027066,178.39013954446443
5.897,3.190401307314608,178.3665769861364
5.898,3.1899292600596794,178.34301298123455
5.899,3.1894572124367406,178.31944750530582
5.9,3.1889851644446163,178.2958805571726
5.901,3.1885131160821283,178.2723121767155
5.902,3.1880410673480992,178.24874240334236
5.903,3.1875690182413514,178.22517131801652
5.904,3.1870969687607076,178.20159895511637
5.905,3.1866249189049896,178.17802538101063
5.906,3.18615286867302,178.1544506370609
5.907,3.185680818063621,178.13087476559468
5.908,3.1852087670756157,178.10729785814695
5.909,3.1847367157078272,178.08371999539207
5.91,3.1842646639590764,178.06014124247753
5.911,3.183792611828187,178.0365616486559
5.912,3.1833205593139806,178.01298125882715
5.913,3.1828485064152803,177.98940018273737
5.914,3.1823764531309084,177.9658185257985
5.915,3.181904399459687,177.94223638427707
5.916,3.1814323454004385,177.9186538111885
5.917,3.1809602909519867,177.89507090622914
5.918,3.1804882361131526,177.87148776269612
5.919,3.1800161808827587,177.84790449329694
5.92,3.1795441252596284,177.824321174915
5.921,3.179072069242583,177.80073790844176
5.922,3.1786000128304464,177.7771547986826
5.923,3.17812795602204,177.75357192437005
5.924,3.1776558988161865,177.72998934894153
5.925,3.1771838412117086,177.70640713576358
5.926,3.1767117832074274,177.68282533709032
5.927,3.176239724802169,177.65924399788815
5.928,3.175767665994752,177.63566321891363
5.929,3.1752956067839992,177.61208307423146
5.93,3.1748235471687356,177.58850364246928
5.931,3.1743514871477814,177.56492503869302
5.932,3.1738794267199606,177.54134736380152
5.933,3.1734073658840947,177.51777069717528
5.934,3.1729353046390063,177.49419511209766
5.935,3.172463242983518,177.4706206714297
5.936,3.171991180916452,177.4470474228867
5.937,3.1715191184366303,177.4234754314462
5.938,3.1710470555428776,177.39990477407
5.939,3.1705749922340134,177.3763355125333
5.94,3.170102928508862,177.35276765349658
5.941,3.1696308643662467,177.32920122454507
5.942,3.169158799804987,177.30563626263714
5.943,3.1686867348239085,177.28207283011827
5.944,3.1682146694218307,177.2585109340813
5.945,3.1677426035975786,177.23495056526596
5.946,3.1672705373499737,177.2113917018212
5.947,3.166798470677838,177.18783437167593
5.948,3.166326403579994,177.1642785662522
5.949,3.1658543360552653,177.14072427208407
5.95,3.1653822681024733,177.1171714780936
5.951,3.164910199720441,177.09362015756554
5.952,3.1644381309079903,177.07007028254344
5.953,3.163966061663944,177.046521829578
5.954,3.1634939919871257,177.02297481013966
5.955,3.163021921876355,176.99942918075595
5.956,3.162549851330456,176.97588488285035
5.957,3.1620777803482527,176.952341863505
5.958,3.1616057089285654,176.9288001112106
5.959,3.161133637070218,176.90525958889307
5.96,3.1606615647720315,176.88172029546655
5.961,3.160189492032829,176.85818224055788
5.962,3.159717418851434,176.83464539309156
5.963,3.1592453452266676,176.8111097819558
5.964,3.1587732711573517,176.78757546221388
5.965,3.158301196642311,176.764042477817
5.966,3.1578291216803667,176.74051088053824
5.967,3.157357046270341,176.7169807276397
5.968,3.1568849704110566,176.69345208530518
5.969,3.1564128941013356,176.66992499713047
5.97,3.155940817340002,176.646399515123
5.971,3.155468740125875,176.62287573275918
5.972,3.154996662457781,176.59935374519546
5.973,3.1545245843345406,176.57583364547258
5.974,3.154052505754976,176.5523155165972
5.975,3.153580426717911,176.52879943335745
5.976,3.1531083472221657,176.50528547297824
5.977,3.152636267266564,176.48177367499923
5.978,3.1521641868499293,176.45826410658435
5.979,3.151692105971082,176.43475685495702
5.98,3.151220024628846,176.4112520185612
5.981,3.1507479428220444,176.38774967766176
5.982,3.1502758605494967,176.3642498996635
5.983,3.1498037778100296,176.34075274382127
5.984,3.149331694602461,176.31725827402306
5.985,3.1488596109256166,176.2937665874455
5.986,3.1483875267783192,176.27027774968917
5.987,3.1479154421593885,176.24679180863114
5.988,3.1474433570676488,176.2233087913752
5.989,3.146971271501922,176.1998287461651
5.99,3.146499185461032,176.1763517221887
5.991,3.146027098943798,176.15287774775624
5.992,3.145555011949045,176.12940683458442
5.993,3.1450829244755956,176.10593901846187
5.994,3.144610836522272,176.08247435373607
5.995,3.1441387480878955,176.05901292062768
5.996,3.143666659171289,176.03555475328722
5.997,3.1431945697712766,176.01209985684648
5.998,3.142722479886678,175.98864825684385
5.999,3.1422503895163194,175.9651999775234
6.0,3.141778298659019,175.9417550101278
