{
  "a": 13.86008622590066,
  "b": 2.580892215523068,
  "a_err": 0.14739275746887415,
  "b_err": 0.010224186060014743,
  "meff_amu": 202.953908
}