{
  "gamma": 6.152338073275304,
  "n": 2.5958214790765806,
  "meff_amu": 202.953908
}