# Tier-1a MD ensemble-mean trajectory. run_tag=tier1a_anchored_continuous_t9.0, scenario=anchored_discrete, t_star_ps=9.0, N=50, ion_steps=3000.
# time_ps,mean_distance_A,mean_speed_I1_Aps,mean_speed_I2_Aps
0.000000000000000000e+00,8.999995317870384426e+00,4.504273944159927477e-04,4.504273944159927477e-04
1.000000000000000021e-02,9.000797999679265970e+00,8.071135116635864970e-02,8.071135116635864970e-02
2.000000000000000042e-02,9.003223769886698591e+00,1.618437497544594761e-01,1.618437497544594761e-01
2.999999999999999889e-02,9.007271741986704328e+00,2.429169212120028121e-01,2.429169212120028121e-01
4.000000000000000083e-02,9.012940429640815765e+00,3.239007583960282211e-01,3.239007583960282211e-01
5.000000000000000278e-02,9.020227742092169265e+00,4.047649552822813468e-01,4.047649552822813468e-01
6.000000000000000472e-02,9.029130980810261775e+00,4.854790687810959793e-01,4.854790687810959793e-01
7.000000000000000666e-02,9.039646837377553368e+00,5.660125809878034930e-01,5.660125809878034930e-01
8.000000000000000167e-02,9.051771392624091916e+00,6.463349615880003007e-01,6.463349615880003007e-01
8.999999999999999667e-02,9.065500117010097725e+00,7.264157301382412335e-01,7.264157301382412335e-01
9.999999999999999167e-02,9.080827872251397537e+00,8.062245179449861743e-01,8.062245179449861743e-01
1.099999999999999867e-01,9.097748914176751356e+00,8.857311292675107417e-01,8.857311292675107417e-01
1.199999999999999817e-01,9.116256896800850384e+00,9.649056015803770814e-01,9.649056015803770814e-01
1.299999999999999767e-01,9.136344877591509928e+00,1.043718264637796045e+00,1.043718264637796045e+00
1.399999999999999856e-01,9.158005323904525596e+00,1.122139798093415797e+00,1.122139798093415797e+00
1.499999999999999944e-01,9.181230120554907614e+00,1.200141287442591187e+00,1.200141287442591187e+00
1.600000000000000033e-01,9.206010578488593055e+00,1.277694278067772249e+00,1.277694278067772249e+00
1.700000000000000122e-01,9.232337444514570279e+00,1.354770827183629178e+00,1.354770827183629178e+00
1.800000000000000211e-01,9.260200912053454303e+00,1.431343553495149301e+00,1.431343553495149301e+00
1.900000000000000300e-01,9.289590632854983099e+00,1.507385684400472936e+00,1.507385684400472936e+00
2.000000000000000389e-01,9.320495729633671900e+00,1.582871100588580937e+00,1.582871100588580937e+00
2.100000000000000477e-01,9.352904809569182021e+00,1.657774377901308993e+00,1.657774377901308993e+00
2.200000000000000566e-01,9.386805978615397450e+00,1.732070826349308090e+00,1.732070826349308090e+00
2.300000000000000655e-01,9.422186856560410106e+00,1.805736526190983682e+00,1.805736526190983682e+00
2.400000000000000744e-01,9.459034592777703310e+00,1.878748361003340195e+00,1.878748361003340195e+00
2.500000000000000555e-01,9.497335882607906399e+00,1.951084047693818491e+00,1.951084047693818491e+00
2.600000000000000644e-01,9.537076984309482697e+00,2.022722163420114683e+00,2.022722163420114683e+00
2.700000000000000733e-01,9.578243736516276030e+00,2.093642169404715592e+00,2.093642169404715592e+00
2.800000000000000822e-01,9.620821576139828579e+00,2.163824431648821101e+00,2.163824431648821101e+00
2.900000000000000910e-01,9.664795556654611985e+00,2.233250238565950507e+00,2.233250238565950507e+00
3.000000000000000999e-01,9.710150366704793257e+00,2.301901815572719112e+00,2.301901815572719112e+00
3.100000000000001088e-01,9.756870348972311646e+00,2.369762336689000382e+00,2.369762336689000382e+00
3.200000000000001177e-01,9.804939519246925528e+00,2.436815933213419605e+00,2.436815933213419605e+00
3.300000000000001266e-01,9.854341585640602474e+00,2.503047699551889327e+00,2.503047699551889327e+00
3.400000000000001354e-01,9.905059967890096573e+00,2.568443696289611999e+00,2.568443696289611999e+00
3.500000000000001443e-01,9.957077816693630012e+00,2.632990950606460601e+00,2.632990950606460601e+00
3.600000000000001532e-01,1.001037803302966012e+01,2.696677454143825425e+00,2.696677454143825425e+00
3.700000000000001621e-01,1.006494328740776112e+01,2.759492158439476484e+00,2.759492158439476484e+00
3.800000000000001710e-01,1.012075603900442466e+01,2.821424968052690385e+00,2.821424968052690385e+00
3.900000000000001799e-01,1.017779855463869865e+01,2.882466731507518976e+00,2.882466731507518976e+00
4.000000000000001887e-01,1.023605292754546525e+01,2.942609230185398328e+00,2.942609230185398328e+00
4.100000000000001976e-01,1.029550109590663887e+01,3.001845165301548324e+00,3.001845165301548324e+00
4.200000000000002065e-01,1.035612486110339958e+01,3.060168143101506644e+00,3.060168143101506644e+00
4.300000000000002154e-01,1.041790590565518926e+01,3.117572658414340836e+00,3.117572658414340836e+00
4.400000000000002243e-01,1.048082581081411568e+01,3.174054076699717175e+00,3.174054076699717175e+00
4.500000000000002331e-01,1.054486607378591145e+01,3.229608614724355675e+00,3.229608614724355675e+00
4.600000000000002420e-01,1.061000812455148612e+01,3.284233320002091450e+00,3.284233320002091450e+00
4.700000000000002509e-01,1.067623334226567344e+01,3.337926049129416040e+00,3.337926049129416040e+00
4.800000000000002598e-01,1.074352307121239924e+01,3.390685445144931531e+00,3.390685445144931531e+00
4.900000000000002687e-01,1.081185863629805688e+01,3.442510914037954617e+00,3.442510914037954617e+00
5.000000000000002220e-01,1.088122135806731450e+01,3.493402600527201862e+00,3.493402600527201862e+00
5.100000000000002309e-01,1.095159256722793373e+01,3.543361363226287253e+00,3.543361363226287253e+00
5.200000000000002398e-01,1.102295361867351708e+01,3.592388749307730222e+00,3.592388749307730222e+00
5.300000000000002487e-01,1.109528590499527745e+01,3.640486968772511212e+00,3.640486968772511212e+00
5.400000000000002576e-01,1.116857086947594979e+01,3.687658868426426206e+00,3.687658868426426206e+00
5.500000000000002665e-01,1.124279001856098681e+01,3.733907905659302529e+00,3.733907905659302529e+00
5.600000000000002753e-01,1.131792493380403997e+01,3.779238122117933862e+00,3.779238122117933862e+00
5.700000000000002842e-01,1.139395728328551449e+01,3.823654117357597304e+00,3.823654117357597304e+00
5.800000000000002931e-01,1.147086883250453404e+01,3.867161022551782512e+00,3.867161022551782512e+00
5.900000000000003020e-01,1.154864145474628678e+01,3.909764474333639495e+00,3.909764474333639495e+00
6.000000000000003109e-01,1.162725714092808182e+01,3.951470588837636466e+00,3.951470588837636466e+00
6.100000000000003197e-01,1.170669800892878776e+01,3.992285936004579483e+00,3.992285936004579483e+00
6.200000000000003286e-01,1.178694631240750290e+01,4.032217514207471432e+00,4.032217514207471432e+00
6.300000000000003375e-01,1.186798444911845607e+01,4.071272725250762115e+00,4.071272725250762115e+00
6.400000000000003464e-01,1.194979496873002311e+01,4.109459349790117955e+00,4.109459349790117955e+00
6.500000000000003553e-01,1.203236058015682630e+01,4.146785523215934077e+00,4.146785523215934077e+00
6.600000000000003642e-01,1.211566415841448574e+01,4.183259712038188916e+00,4.183259712038188916e+00
6.700000000000003730e-01,1.219968875100744121e+01,4.218890690805957355e+00,4.218890690805957355e+00
6.800000000000003819e-01,1.228441758386087912e+01,4.253687519591617061e+00,4.253687519591617061e+00
6.900000000000003908e-01,1.236983406680825581e+01,4.287659522064137363e+00,4.287659522064137363e+00
7.000000000000003997e-01,1.245592179864644855e+01,4.320816264173458876e+00,4.320816264173458876e+00
7.100000000000004086e-01,1.254266457177099880e+01,4.353167533463667027e+00,4.353167533463667027e+00
7.200000000000004174e-01,1.263004637640406358e+01,4.384723319029198763e+00,4.384723319029198763e+00
7.300000000000004263e-01,1.271805140442820203e+01,4.415493792125473327e+00,4.415493792125473327e+00
7.400000000000004352e-01,1.280666405283897369e+01,4.445489287442343063e+00,4.445489287442343063e+00
7.500000000000004441e-01,1.289586892682991959e+01,4.474720285045673762e+00,4.474720285045673762e+00
7.600000000000004530e-01,1.298565084252307322e+01,4.503197392989978454e+00,4.503197392989978454e+00
7.700000000000004619e-01,1.307599482935863300e+01,4.530931330602911089e+00,4.530931330602911089e+00
7.800000000000004707e-01,1.316688613215703896e+01,4.557932912440318063e+00,4.557932912440318063e+00
7.900000000000004796e-01,1.325831021286701628e+01,4.584213032907651808e+00,4.584213032907651808e+00
8.000000000000004885e-01,1.335025275201269856e+01,4.609782651542360554e+00,4.609782651542360554e+00
8.100000000000004974e-01,1.344269964985308974e+01,4.634652778951521945e+00,4.634652778951521945e+00
8.200000000000005063e-01,1.353563702726683715e+01,4.658834463394688541e+00,4.658834463394688541e+00
8.300000000000005151e-01,1.362905122637508626e+01,4.682338778002509194e+00,4.682338778002509194e+00
8.400000000000005240e-01,1.372292881091513905e+01,4.705176808621033935e+00,4.705176808621033935e+00
8.500000000000005329e-01,1.381725656637715005e+01,4.727359642268717188e+00,4.727359642268717188e+00
8.600000000000005418e-01,1.391202149991616999e+01,4.748898356193564041e+00,4.748898356193564041e+00
8.700000000000005507e-01,1.400721084005115280e+01,4.769804007516590616e+00,4.769804007516590616e+00
8.800000000000005596e-01,1.410281203616278667e+01,4.790087623447277565e+00,4.790087623447277565e+00
8.900000000000005684e-01,1.419881275780123531e+01,4.809760192056057981e+00,4.809760192056057981e+00
9.000000000000005773e-01,1.429520089381481007e+01,4.828832653588253088e+00,4.828832653588253088e+00
9.100000000000005862e-01,1.439196455131035002e+01,4.847315892303708296e+00,4.847315892303708296e+00
9.200000000000005951e-01,1.448909205445547954e+01,4.865220728826294305e+00,4.865220728826294305e+00
9.300000000000006040e-01,1.458657194313295591e+01,4.882557912986351667e+00,4.882557912986351667e+00
9.400000000000006128e-01,1.468439297145667588e+01,4.899338117140079163e+00,4.899338117140079163e+00
9.500000000000006217e-01,1.478254410615874725e+01,4.915571929949303254e+00,4.915571929949303254e+00
9.600000000000006306e-01,1.488101452485668830e+01,4.931269850604945937e+00,4.931269850604945937e+00
9.700000000000006395e-01,1.497979361420941125e+01,4.946442283477751722e+00,4.946442283477751722e+00
9.800000000000006484e-01,1.507887096797045423e+01,4.961099533179709198e+00,4.961099533179709198e+00
9.900000000000006573e-01,1.517823638494635574e+01,4.975251800020276782e+00,4.975251800020276782e+00
1.000000000000000666e+00,1.527787986686812616e+01,4.988909175840706922e+00,4.988909175840706922e+00
1.010000000000000675e+00,1.537779161618297152e+01,5.002081640211399893e+00,5.002081640211399893e+00
1.020000000000000684e+00,1.547796203377360591e+01,5.014779056976206739e+00,5.014779056976206739e+00
1.030000000000000693e+00,1.557838171661169291e+01,5.027011171127961475e+00,5.027011171127961475e+00
1.040000000000000702e+00,1.567904145535213800e+01,5.038787606000895813e+00,5.038787606000895813e+00
1.050000000000000711e+00,1.577993223187421634e+01,5.050117860764766320e+00,5.050117860764766320e+00
1.060000000000000719e+00,1.588104521677553294e+01,5.061011308206610160e+00,5.061011308206610160e+00
1.070000000000000728e+00,1.598237176682441429e+01,5.071477192785860844e+00,5.071477192785860844e+00
1.080000000000000737e+00,1.608390342237599668e+01,5.081524628949305900e+00,5.081524628949305900e+00
1.090000000000000746e+00,1.618563190475714819e+01,5.091162599692443891e+00,5.091162599692443891e+00
1.100000000000000755e+00,1.628754911362500479e+01,5.100399955354600223e+00,5.100399955354600223e+00
1.110000000000000764e+00,1.638964712430362525e+01,5.109245412635072370e+00,5.109245412635072370e+00
1.120000000000000773e+00,1.649191818510309560e+01,5.117707553818306110e+00,5.117707553818306110e+00
1.130000000000000782e+00,1.659435471462516176e+01,5.125794826196457876e+00,5.125794826196457876e+00
1.140000000000000790e+00,1.669694929905920944e+01,5.133515541678049132e+00,5.133515541678049132e+00
1.150000000000000799e+00,1.679969468947214040e+01,5.140877876571608773e+00,5.140877876571608773e+00
1.160000000000000808e+00,1.690258379909566600e+01,5.147889871533959827e+00,5.147889871533959827e+00
1.170000000000000817e+00,1.700560970061407318e+01,5.154559431673225056e+00,5.154559431673225056e+00
1.180000000000000826e+00,1.710876562345557517e+01,5.160894326796417353e+00,5.160894326796417353e+00
1.190000000000000835e+00,1.721204495108996468e+01,5.166902191792602572e+00,5.166902191792602572e+00
1.200000000000000844e+00,1.731544121833517380e+01,5.172590527142589600e+00,5.172590527142589600e+00
1.210000000000000853e+00,1.741894810867533749e+01,5.177966699546612261e+00,5.177966699546612261e+00
1.220000000000000862e+00,1.752255945159238237e+01,5.183037942661653297e+00,5.183037942661653297e+00
1.230000000000000870e+00,1.762626921991355999e+01,5.187811357940713464e+00,5.187811357940713464e+00
1.240000000000000879e+00,1.773007152717652701e+01,5.192293915566434492e+00,5.192293915566434492e+00
1.250000000000000888e+00,1.783396062501416424e+01,5.196492455471940275e+00,5.196492455471940275e+00
1.260000000000000897e+00,1.793793090056053785e+01,5.200413688442047544e+00,5.200413688442047544e+00
1.270000000000000906e+00,1.804197687387965843e+01,5.204064197288276183e+00,5.204064197288276183e+00
1.280000000000000915e+00,1.814609319541841259e+01,5.207450438091688838e+00,5.207450438091688838e+00
1.290000000000000924e+00,1.825027464348497830e+01,5.210578741507290168e+00,5.210578741507290168e+00
1.300000000000000933e+00,1.835451612175394231e+01,5.213455314124721518e+00,5.213455314124721518e+00
1.310000000000000941e+00,1.845881265679909689e+01,5.216086239879858866e+00,5.216086239879858866e+00
1.320000000000000950e+00,1.856315939565497430e+01,5.218477481512126204e+00,5.218477481512126204e+00
1.330000000000000959e+00,1.866755160340787967e+01,5.220634882062816118e+00,5.220634882062816118e+00
1.340000000000000968e+00,1.877198466081735617e+01,5.222564166410132103e+00,5.222564166410132103e+00
1.350000000000000977e+00,1.887645406196863007e+01,5.224270942836330534e+00,5.224270942836330534e+00
1.360000000000000986e+00,1.898095541195663216e+01,5.225760704622988584e+00,5.225760704622988584e+00
1.370000000000000995e+00,1.908548442460230987e+01,5.227038831670958174e+00,5.227038831670958174e+00
1.380000000000001004e+00,1.919003692020140761e+01,5.228110592140982504e+00,5.228110592140982504e+00
1.390000000000001013e+00,1.929460882330634064e+01,5.228981144111795487e+00,5.228981144111795487e+00
1.400000000000001021e+00,1.939919616054131168e+01,5.229655537252509312e+00,5.229655537252509312e+00
1.410000000000001030e+00,1.950379505845102202e+01,5.230138714506207265e+00,5.230138714506207265e+00
1.420000000000001039e+00,1.960840174138318304e+01,5.230435513782202506e+00,5.230435513782202506e+00
1.430000000000001048e+00,1.971301252940481064e+01,5.230550669654129514e+00,5.230550669654129514e+00
1.440000000000001057e+00,1.981762383625265400e+01,5.230488815061305807e+00,5.230488815061305807e+00
1.450000000000001066e+00,1.992223216731760971e+01,5.230254483011391287e+00,5.230254483011391287e+00
1.460000000000001075e+00,2.002683411766314237e+01,5.229852108282110557e+00,5.229852108282110557e+00
1.470000000000001084e+00,2.013142637007777935e+01,5.229286029119759149e+00,5.229286029119759149e+00
1.480000000000001092e+00,2.023600569316148778e+01,5.228560488933023720e+00,5.228560488933023720e+00
1.490000000000001101e+00,2.034056893944585909e+01,5.227679637980272354e+00,5.227679637980272354e+00
1.500000000000001110e+00,2.044511304354801240e+01,5.226647535048541293e+00,5.226647535048541293e+00
1.510000000000001119e+00,2.054963502035788636e+01,5.225468149123003947e+00,5.225468149123003947e+00
1.520000000000001128e+00,2.065413196325890510e+01,5.224145361045438918e+00,5.224145361045438918e+00
1.530000000000001137e+00,2.075860104238164183e+01,5.222682965160378998e+00,5.222682965160378998e+00
1.540000000000001146e+00,2.086303950289030240e+01,5.221084670947988116e+00,5.221084670947988116e+00
1.550000000000001155e+00,2.096744466330163092e+01,5.219354104642373926e+00,5.219354104642373926e+00
1.560000000000001164e+00,2.107181391383622682e+01,5.217494810834641505e+00,5.217494810834641505e+00
1.570000000000001172e+00,2.117614471480145255e+01,5.215510254059605444e+00,5.215510254059605444e+00
1.580000000000001181e+00,2.128043459500630519e+01,5.213403820365244634e+00,5.213403820365244634e+00
1.590000000000001190e+00,2.138468115020706151e+01,5.211178818864661721e+00,5.211178818864661721e+00
1.600000000000001199e+00,2.148888204158414439e+01,5.208838483269540909e+00,5.208838483269540909e+00
1.610000000000001208e+00,2.159303499424922279e+01,5.206385973404422884e+00,5.206385973404422884e+00
1.620000000000001217e+00,2.169713779578259505e+01,5.203824376701606802e+00,5.203824376701606802e+00
1.630000000000001226e+00,2.180118829480004194e+01,5.201156709676183709e+00,5.201156709676183709e+00
1.640000000000001235e+00,2.190518439954920638e+01,5.198385919380471343e+00,5.198385919380471343e+00
1.650000000000001243e+00,2.200912407653472513e+01,5.195514884837973746e+00,5.195514884837973746e+00
1.660000000000001252e+00,2.211300534917183214e+01,5.192546418456342572e+00,5.192546418456342572e+00
1.670000000000001261e+00,2.221682629646803875e+01,5.189483267418857793e+00,5.189483267418857793e+00
1.680000000000001270e+00,2.232058505173247909e+01,5.186328115054852361e+00,5.186328115054852361e+00
1.690000000000001279e+00,2.242427980131228082e+01,5.183083582188502625e+00,5.183083582188502625e+00
1.700000000000001288e+00,2.252790878335589397e+01,5.179752228465688724e+00,5.179752228465688724e+00
1.710000000000001297e+00,2.263147028660262450e+01,5.176336553659308670e+00,5.176336553659308670e+00
1.720000000000001306e+00,2.273496264919803878e+01,5.172838998952752121e+00,5.172838998952752121e+00
1.730000000000001315e+00,2.283838425753492984e+01,5.169261948201497425e+00,5.169261948201497425e+00
1.740000000000001323e+00,2.294173354511914198e+01,5.165607729172970508e+00,5.165607729172970508e+00
1.750000000000001332e+00,2.304500899146014348e+01,5.161878614764596307e+00,5.161878614764596307e+00
1.760000000000001341e+00,2.314820912098553407e+01,5.158076824200125365e+00,5.158076824200125365e+00
1.770000000000001350e+00,2.325133250197951540e+01,5.154204524204373250e+00,5.154204524204373250e+00
1.780000000000001359e+00,2.335437774554441503e+01,5.150263830156433187e+00,5.150263830156433187e+00
1.790000000000001368e+00,2.345734350458519302e+01,5.146256807221577745e+00,5.146256807221577745e+00
1.800000000000001377e+00,2.356022847281633759e+01,5.142185471461903745e+00,5.142185471461903745e+00
1.810000000000001386e+00,2.366303138379069537e+01,5.138051790925876716e+00,5.138051790925876716e+00
1.820000000000001394e+00,2.376575100995001932e+01,5.133857686717014701e+00,5.133857686717014701e+00
1.830000000000001403e+00,2.386838616169653449e+01,5.129605034041905931e+00,5.129605034041905931e+00
1.840000000000001412e+00,2.397093568648541861e+01,5.125295663237753097e+00,5.125295663237753097e+00
1.850000000000001421e+00,2.407339846793747284e+01,5.120931360779618302e+00,5.120931360779618302e+00
1.860000000000001430e+00,2.417577342497179771e+01,5.116513870267628050e+00,5.116513870267628050e+00
1.870000000000001439e+00,2.427805951095807657e+01,5.112044893394417144e+00,5.112044893394417144e+00
1.880000000000001448e+00,2.438025571288791937e+01,5.107526090892971382e+00,5.107526090892971382e+00
1.890000000000001457e+00,2.448236105056498957e+01,5.102959083465201218e+00,5.102959083465201218e+00
1.900000000000001465e+00,2.458437457581357322e+01,5.098345452691441793e+00,5.098345452691441793e+00
1.910000000000001474e+00,2.468629537170505017e+01,5.093686741921159111e+00,5.093686741921159111e+00
1.920000000000001483e+00,2.478812255180211110e+01,5.088984457145141249e+00,5.088984457145141249e+00
1.930000000000001492e+00,2.488985525942009147e+01,5.084240067849481015e+00,5.084240067849481015e+00
1.940000000000001501e+00,2.499149266690533366e+01,5.079455007851612081e+00,5.079455007851612081e+00
1.950000000000001510e+00,2.509303397493005505e+01,5.074630676118573547e+00,5.074630676118573547e+00
1.960000000000001519e+00,2.519447841180334891e+01,5.069768437567925723e+00,5.069768437567925723e+00
1.970000000000001528e+00,2.529582523279806239e+01,5.064869623851487646e+00,5.064869623851487646e+00
1.980000000000001537e+00,2.539707371949328873e+01,5.059935534122293355e+00,5.059935534122293355e+00
1.990000000000001545e+00,2.549822317913181280e+01,5.054967435785020946e+00,5.054967435785020946e+00
2.000000000000001332e+00,2.559927294399260234e+01,5.049966565230110227e+00,5.049966565230110227e+00
2.010000000000001119e+00,2.570022237077775529e+01,5.044934128551712860e+00,5.044934128551712860e+00
2.020000000000000906e+00,2.580107084001351225e+01,5.039871302250199747e+00,5.039871302250199747e+00
2.030000000000000693e+00,2.590181775546550114e+01,5.034779233919213226e+00,5.034779233919213226e+00
2.040000000000000480e+00,2.600246254356714104e+01,5.029659042917508316e+00,5.029659042917508316e+00
2.050000000000000266e+00,2.610300465286168503e+01,5.024511821025862801e+00,5.024511821025862801e+00
2.060000000000000053e+00,2.620344355345707754e+01,5.019338633089538426e+00,5.019338633089538426e+00
2.069999999999999840e+00,2.630377873649355891e+01,5.014140517646454853e+00,5.014140517646454853e+00
2.079999999999999627e+00,2.640400971362367599e+01,5.008918487541206943e+00,5.008918487541206943e+00
2.089999999999999414e+00,2.650413601650448570e+01,5.003673530525459157e+00,5.003673530525459157e+00
2.099999999999999201e+00,2.660415719630159970e+01,4.998406609844732174e+00,4.998406609844732174e+00
2.109999999999998987e+00,2.670407282320477549e+01,4.993118664812103980e+00,4.993118664812103980e+00
2.119999999999998774e+00,2.680388248595494716e+01,4.987810611368870717e+00,4.987810611368870717e+00
2.129999999999998561e+00,2.690358579138228734e+01,4.982483342632536782e+00,4.982483342632536782e+00
2.139999999999998348e+00,2.700318236395516536e+01,4.977137729432374869e+00,4.977137729432374869e+00
2.149999999999998135e+00,2.710267184533955032e+01,4.971774620832731806e+00,4.971774620832731806e+00
2.159999999999997922e+00,2.720205389396890894e+01,4.966394844644612228e+00,4.966394844644612228e+00
2.169999999999997708e+00,2.730132818462416111e+01,4.960999207925440579e+00,4.960999207925440579e+00
2.179999999999997495e+00,2.740049440802354042e+01,4.955588497467297238e+00,4.955588497467297238e+00
2.189999999999997282e+00,2.749955227042202921e+01,4.950163480274114569e+00,4.950163480274114569e+00
2.199999999999997069e+00,2.759850149322033630e+01,4.944724904027965273e+00,4.944724904027965273e+00
2.209999999999996856e+00,2.769734181258298733e+01,4.939273497544394154e+00,4.939273497544394154e+00
2.219999999999996643e+00,2.779607297906552077e+01,4.933809971217424817e+00,4.933809971217424817e+00
2.229999999999996430e+00,2.789469475725039516e+01,4.928335017454351430e+00,4.928335017454351430e+00
2.239999999999996216e+00,2.799320692539152944e+01,4.922849311100298664e+00,4.922849311100298664e+00
2.249999999999996003e+00,2.809160927506726324e+01,4.917353509853147564e+00,4.917353509853147564e+00
2.259999999999995790e+00,2.818990161084140667e+01,4.911848254668759850e+00,4.911848254668759850e+00
2.269999999999995577e+00,2.828808374993248265e+01,4.906334170156741337e+00,4.906334170156741337e+00
2.279999999999995364e+00,2.838615552189059699e+01,4.900811864967233866e+00,4.900811864967233866e+00
2.289999999999995151e+00,2.848411676828210659e+01,4.895281932168473737e+00,4.895281932168473737e+00
2.299999999999994937e+00,2.858196734238166670e+01,4.889744949615633551e+00,4.889744949615633551e+00
2.309999999999994724e+00,2.867970710887159314e+01,4.884201480311154420e+00,4.884201480311154420e+00
2.319999999999994511e+00,2.877733594354836555e+01,4.878652072756617386e+00,4.878652072756617386e+00
2.329999999999994298e+00,2.887485373303601577e+01,4.873097261296425842e+00,4.873097261296425842e+00
2.339999999999994085e+00,2.897226037450641201e+01,4.867537566453433051e+00,4.867537566453433051e+00
2.349999999999993872e+00,2.906955577540610136e+01,4.861973495256782130e+00,4.861973495256782130e+00
2.359999999999993658e+00,2.916673985318966089e+01,4.856405541562033079e+00,4.856405541562033079e+00
2.369999999999993445e+00,2.926381253505934765e+01,4.850834186363805145e+00,4.850834186363805145e+00
2.379999999999993232e+00,2.936077375771101217e+01,4.845259898101110352e+00,4.845259898101110352e+00
2.389999999999993019e+00,2.945762346708584900e+01,4.839683132955503453e+00,4.839683132955503453e+00
2.399999999999992806e+00,2.955436161812839657e+01,4.834104335142352937e+00,4.834104335142352937e+00
2.409999999999992593e+00,2.965098817454980562e+01,4.828523937195163818e+00,4.828523937195163818e+00
2.419999999999992379e+00,2.974750310859722902e+01,4.822942360243229309e+00,4.822942360243229309e+00
2.429999999999992166e+00,2.984390640082832391e+01,4.817360014282842329e+00,4.817360014282842329e+00
2.439999999999991953e+00,2.994019803989132100e+01,4.811777298442122763e+00,4.811777298442122763e+00
2.449999999999991740e+00,3.003637802231020615e+01,4.806194601239612396e+00,4.806194601239612396e+00
2.459999999999991527e+00,3.013244635227511381e+01,4.800612300836763602e+00,4.800612300836763602e+00
2.469999999999991314e+00,3.022840304143768364e+01,4.795030765284513663e+00,4.795030765284513663e+00
2.479999999999991100e+00,3.032424810871114573e+01,4.789450352764133889e+00,4.789450352764133889e+00
2.489999999999990887e+00,3.041998158007548980e+01,4.783871411822325115e+00,4.783871411822325115e+00
2.499999999999990674e+00,3.051560348838690473e+01,4.778294281600826032e+00,4.778294281600826032e+00
2.509999999999990461e+00,3.061111387319205690e+01,4.772719292060624063e+00,4.772719292060624063e+00
2.519999999999990248e+00,3.070651278054656785e+01,4.767146764200870912e+00,4.767146764200870912e+00
2.529999999999990035e+00,3.080180026283803230e+01,4.761577010272705301e+00,4.761577010272705301e+00
2.539999999999989821e+00,3.089697637861307200e+01,4.756010333988001548e+00,4.756010333988001548e+00
2.549999999999989608e+00,3.099204119240870270e+01,4.750447030723190522e+00,4.750447030723190522e+00
2.559999999999989395e+00,3.108699477458747396e+01,4.744887387718337735e+00,4.744887387718337735e+00
2.569999999999989182e+00,3.118183720117682611e+01,4.739331684271485656e+00,4.739331684271485656e+00
2.579999999999988969e+00,3.127656855371215983e+01,4.733780191928536496e+00,4.733780191928536496e+00
2.589999999999988756e+00,3.137118891908354357e+01,4.728233174668544869e+00,4.728233174668544869e+00
2.599999999999988542e+00,3.146569838938629005e+01,4.722690889084691257e+00,4.722690889084691257e+00
2.609999999999988329e+00,3.156009706177502139e+01,4.717153584561015300e+00,4.717153584561015300e+00
2.619999999999988116e+00,3.165438503832117334e+01,4.711621503444959558e+00,4.711621503444959558e+00
2.629999999999987903e+00,3.174856242587397759e+01,4.706094881215943992e+00,4.706094881215943992e+00
2.639999999999987690e+00,3.184262933592474099e+01,4.700573946649897472e+00,4.700573946649897472e+00
2.649999999999987477e+00,3.193658588447443947e+01,4.695058921979930133e+00,4.695058921979930133e+00
2.659999999999987264e+00,3.203043219190440283e+01,4.689550023053397076e+00,4.689550023053397076e+00
2.669999999999987050e+00,3.212416838285012233e+01,4.684047459484867559e+00,4.684047459484867559e+00
2.679999999999986837e+00,3.221779458607814917e+01,4.678551434805755527e+00,4.678551434805755527e+00
2.689999999999986624e+00,3.231131093436586355e+01,4.673062146610709178e+00,4.673062146610709178e+00
2.699999999999986411e+00,3.240471756438417117e+01,4.667579786700129851e+00,4.667579786700129851e+00
2.709999999999986198e+00,3.249801461658307744e+01,4.662104541219540543e+00,4.662104541219540543e+00
2.719999999999985985e+00,3.259120223507986225e+01,4.656636590795635300e+00,4.656636590795635300e+00
2.729999999999985771e+00,3.268428056755013245e+01,4.651176110669170249e+00,4.651176110669170249e+00
2.739999999999985558e+00,3.277724976512136834e+01,4.645723270824719364e+00,4.645723270824719364e+00
2.749999999999985345e+00,3.287010998226905656e+01,4.640278236117420185e+00,4.640278236117420185e+00
2.759999999999985132e+00,3.296286137671536665e+01,4.634841166396671319e+00,4.634841166396671319e+00
2.769999999999984919e+00,3.305550410933025773e+01,4.629412216627009968e+00,4.629412216627009968e+00
2.779999999999984706e+00,3.314803834403495131e+01,4.623991537006136632e+00,4.623991537006136632e+00
2.789999999999984492e+00,3.324046424770777719e+01,4.618579273080175795e+00,4.618579273080175795e+00
2.799999999999984279e+00,3.333278199009227194e+01,4.613175565856201032e+00,4.613175565856201032e+00
2.809999999999984066e+00,3.342499174370744441e+01,4.607780551912183498e+00,4.607780551912183498e+00
2.819999999999983853e+00,3.351709368376035059e+01,4.602394363504352270e+00,4.602394363504352270e+00
2.829999999999983640e+00,3.360908798806069342e+01,4.597017128672004738e+00,4.597017128672004738e+00
2.839999999999983427e+00,3.370097483693750462e+01,4.591648971339910901e+00,4.591648971339910901e+00
2.849999999999983213e+00,3.379275441315780881e+01,4.586290011418321377e+00,4.586290011418321377e+00
2.859999999999983000e+00,3.388442690184743356e+01,4.580940364900580875e+00,4.580940364900580875e+00
2.869999999999982787e+00,3.397599249041352465e+01,4.575600143958565624e+00,4.575600143958565624e+00
2.879999999999982574e+00,3.406745136846912203e+01,4.570269457035827543e+00,4.570269457035827543e+00
2.889999999999982361e+00,3.415880372775944096e+01,4.564948408938524160e+00,4.564948408938524160e+00
2.899999999999982148e+00,3.425004976209007168e+01,4.559637100924303965e+00,4.559637100924303965e+00
2.909999999999981934e+00,3.434118966725688438e+01,4.554335630789104528e+00,4.554335630789104528e+00
2.919999999999981721e+00,3.443222364097759680e+01,4.549044092951882057e+00,4.549044092951882057e+00
2.929999999999981508e+00,3.452315188282514669e+01,4.543762578537394070e+00,4.543762578537394070e+00
2.939999999999981295e+00,3.461397459416254918e+01,4.538491175457061821e+00,4.538491175457061821e+00
2.949999999999981082e+00,3.470469197807941697e+01,4.533229968487934691e+00,4.533229968487934691e+00
2.959999999999980869e+00,3.479530423933013594e+01,4.527979039349841806e+00,4.527979039349841806e+00
2.969999999999980655e+00,3.488581158427342643e+01,4.522738466780693578e+00,4.522738466780693578e+00
2.979999999999980442e+00,3.497621422081337528e+01,4.517508326610095715e+00,4.517508326610095715e+00
2.989999999999980229e+00,3.506651235834215186e+01,4.512288691831175313e+00,4.512288691831175313e+00
2.999999999999980016e+00,3.515670620768383259e+01,4.507079632670792257e+00,4.507079632670792257e+00
3.009999999999979803e+00,3.524679598103985967e+01,4.501881216658145668e+00,4.501881216658145668e+00
3.019999999999979590e+00,3.533678189193570063e+01,4.496693508691698149e+00,4.496693508691698149e+00
3.029999999999979376e+00,3.542666415516896450e+01,4.491516571104568811e+00,4.491516571104568811e+00
3.039999999999979163e+00,3.551644298675865485e+01,4.486350463728507876e+00,4.486350463728507876e+00
3.049999999999978950e+00,3.560611860389580130e+01,4.481195243956235252e+00,4.481195243956235252e+00
3.059999999999978737e+00,3.569569122489534863e+01,4.476050966802413100e+00,4.476050966802413100e+00
3.069999999999978524e+00,3.578516106914911887e+01,4.470917684963239935e+00,4.470917684963239935e+00
3.079999999999978311e+00,3.587452835708003818e+01,4.465795448874578355e+00,4.465795448874578355e+00
3.089999999999978098e+00,3.596379331009758573e+01,4.460684306768698981e+00,4.460684306768698981e+00
3.099999999999977884e+00,3.605295615055410252e+01,4.455584304729880429e+00,4.455584304729880429e+00
3.109999999999977671e+00,3.614201710170259219e+01,4.450495486748637042e+00,4.450495486748637042e+00
3.119999999999977458e+00,3.623097638765521822e+01,4.445417894774557510e+00,4.445417894774557510e+00
3.129999999999977245e+00,3.631983423334312278e+01,4.440351568768091006e+00,4.440351568768091006e+00
3.139999999999977032e+00,3.640859086447698445e+01,4.435296546751082758e+00,4.435296546751082758e+00
3.149999999999976819e+00,3.649724650750898292e+01,4.430252864856107031e+00,4.430252864856107031e+00
3.159999999999976605e+00,3.658580138959525385e+01,4.425220557374649921e+00,4.425220557374649921e+00
3.169999999999976392e+00,3.667425573855970811e+01,4.420199656804250310e+00,4.420199656804250310e+00
3.179999999999976179e+00,3.676260978285855430e+01,4.415190193894471982e+00,4.415190193894471982e+00
3.189999999999975966e+00,3.685086375154583038e+01,4.410192197691887195e+00,4.410192197691887195e+00
3.199999999999975753e+00,3.693901787423968130e+01,4.405205695583917169e+00,4.405205695583917169e+00
3.209999999999975540e+00,3.702707238108974508e+01,4.400230713341701794e+00,4.400230713341701794e+00
3.219999999999975326e+00,3.711502750274515705e+01,4.395267275162043852e+00,4.395267275162043852e+00
3.229999999999975113e+00,3.720288347032352050e+01,4.390315403708280328e+00,4.390315403708280328e+00
3.239999999999974900e+00,3.729064051538058067e+01,4.385375120150246886e+00,4.385375120150246886e+00
3.249999999999974687e+00,3.737829886988082961e+01,4.380446444203342615e+00,4.380446444203342615e+00
3.259999999999974474e+00,3.746585876616875055e+01,4.375529394166680852e+00,4.375529394166680852e+00
3.269999999999974261e+00,3.755332043694087929e+01,4.370623986960318952e+00,4.370623986960318952e+00
3.279999999999974047e+00,3.764068411521859048e+01,4.365730238161653176e+00,4.365730238161653176e+00
3.289999999999973834e+00,3.772795003432155880e+01,4.360848162040984910e+00,4.360848162040984910e+00
3.299999999999973621e+00,3.781511842784206578e+01,4.355977771596238668e+00,4.355977771596238668e+00
3.309999999999973408e+00,3.790218952961981103e+01,4.351119078586846101e+00,4.351119078586846101e+00
3.319999999999973195e+00,3.798916357371749797e+01,4.346272093566935446e+00,4.346272093566935446e+00
3.329999999999972982e+00,3.807604079439703781e+01,4.341436825917700304e+00,4.341436825917700304e+00
3.339999999999972768e+00,3.816282142609646399e+01,4.336613283879009906e+00,4.336613283879009906e+00
3.349999999999972555e+00,3.824950570340737244e+01,4.331801474580276867e+00,4.331801474580276867e+00
3.359999999999972342e+00,3.833609386105298000e+01,4.327001404070637491e+00,4.327001404070637491e+00
3.369999999999972129e+00,3.842258613386695032e+01,4.322213077348433075e+00,4.322213077348433075e+00
3.379999999999971916e+00,3.850898275677249671e+01,4.317436498389967348e+00,4.317436498389967348e+00
3.389999999999971703e+00,3.859528396476230938e+01,4.312671670177694594e+00,4.312671670177694594e+00
3.399999999999971489e+00,3.868148999287899414e+01,4.307918594727637718e+00,4.307918594727637718e+00
3.409999999999971276e+00,3.876760107619595885e+01,4.303177273116220114e+00,4.303177273116220114e+00
3.419999999999971063e+00,3.885361744979888243e+01,4.298447705506474037e+00,4.298447705506474037e+00
3.429999999999970850e+00,3.893953934876769551e+01,4.293729891173647673e+00,4.293729891173647673e+00
3.439999999999970637e+00,3.902536700815917925e+01,4.289023828530236671e+00,4.289023828530236671e+00
3.449999999999970424e+00,3.911110066298982701e+01,4.284329515150344214e+00,4.284329515150344214e+00
3.459999999999970210e+00,3.919674054821935982e+01,4.279646947793585454e+00,4.279646947793585454e+00
3.469999999999969997e+00,3.928228689873466806e+01,4.274976122428401304e+00,4.274976122428401304e+00
3.479999999999969784e+00,3.936773994933430032e+01,4.270317034254801136e+00,4.270317034254801136e+00
3.489999999999969571e+00,3.945309993471317256e+01,4.265669677726578790e+00,4.265669677726578790e+00
3.499999999999969358e+00,3.953836708944795930e+01,4.261034046572988565e+00,4.261034046572988565e+00
3.509999999999969145e+00,3.962354164798284728e+01,4.256410133820055286e+00,4.256410133820055286e+00
3.519999999999968932e+00,3.970862384461552352e+01,4.251797931811218234e+00,4.251797931811218234e+00
3.529999999999968718e+00,3.979361391348393084e+01,4.247197432227527436e+00,4.247197432227527436e+00
3.539999999999968505e+00,3.987851208855303753e+01,4.242608626107462477e+00,4.242608626107462477e+00
3.549999999999968292e+00,3.996331860360232469e+01,4.238031503866229954e+00,4.238031503866229954e+00
3.559999999999968079e+00,4.004803369221342280e+01,4.233466055314548449e+00,4.233466055314548449e+00
3.569999999999967866e+00,4.013265758775823855e+01,4.228912269677093327e+00,4.228912269677093327e+00
3.579999999999967653e+00,4.021719052338738720e+01,4.224370135610446830e+00,4.224370135610446830e+00
3.589999999999967439e+00,4.030163273201905128e+01,4.219839641220676896e+00,4.219839641220676896e+00
3.599999999999967226e+00,4.038598444632813766e+01,4.215320774080431931e+00,4.215320774080431931e+00
3.609999999999967013e+00,4.047024589873574030e+01,4.210813521245710511e+00,4.210813521245710511e+00
3.619999999999966800e+00,4.055441732139895095e+01,4.206317869272202969e+00,4.206317869272202969e+00
3.629999999999966587e+00,4.063849894620113901e+01,4.201833804231231539e+00,4.201833804231231539e+00
3.639999999999966374e+00,4.072249100474228101e+01,4.197361311725353872e+00,4.197361311725353872e+00
3.649999999999966160e+00,4.080639372832982303e+01,4.192900376903568649e+00,4.192900376903568649e+00
3.659999999999965947e+00,4.089020734796972789e+01,4.188450984476164152e+00,4.188450984476164152e+00
3.669999999999965734e+00,4.097393209435782069e+01,4.184013118729218661e+00,4.184013118729218661e+00
3.679999999999965521e+00,4.105756819787155365e+01,4.179586763538788219e+00,4.179586763538788219e+00
3.689999999999965308e+00,4.114111588856175672e+01,4.175171902384719580e+00,4.175171902384719580e+00
3.699999999999965095e+00,4.122457539614509159e+01,4.170768518364151412e+00,4.170768518364151412e+00
3.709999999999964881e+00,4.130794694999627836e+01,4.166376594204677097e+00,4.166376594204677097e+00
3.719999999999964668e+00,4.139123077914105409e+01,4.161996112277217108e+00,4.161996112277217108e+00
3.729999999999964455e+00,4.147442711224901046e+01,4.157627054608592942e+00,4.157627054608592942e+00
3.739999999999964242e+00,4.155753617762695029e+01,4.153269402893768003e+00,4.153269402893768003e+00
3.749999999999964029e+00,4.164055820321225809e+01,4.148923138507834452e+00,4.148923138507834452e+00
3.759999999999963816e+00,4.172349341656668287e+01,4.144588242517651011e+00,4.144588242517651011e+00
3.769999999999963602e+00,4.180634204487031980e+01,4.140264695693270269e+00,4.140264695693270269e+00
3.779999999999963389e+00,4.188910431491572695e+01,4.135952478519103970e+00,4.135952478519103970e+00
3.789999999999963176e+00,4.197178045310237593e+01,4.131651571204761453e+00,4.131651571204761453e+00
3.799999999999962963e+00,4.205437068543116652e+01,4.127361953695592334e+00,4.127361953695592334e+00
3.809999999999962750e+00,4.213687523749934627e+01,4.123083605683054209e+00,4.123083605683054209e+00
3.819999999999962537e+00,4.221929433449554381e+01,4.118816506614852102e+00,4.118816506614852102e+00
3.829999999999962323e+00,4.230162820119485900e+01,4.114560635704756386e+00,4.114560635704756386e+00
3.839999999999962110e+00,4.238387706195446469e+01,4.110315971942208435e+00,4.110315971942208435e+00
3.849999999999961897e+00,4.246604114070905922e+01,4.106082494101687352e+00,4.106082494101687352e+00
3.859999999999961684e+00,4.254812066096672396e+01,4.101860180751822682e+00,4.101860180751822682e+00
3.869999999999961471e+00,4.263011584580493718e+01,4.097649010264415637e+00,4.097649010264415637e+00
3.879999999999961258e+00,4.271202691786662342e+01,4.093448960823117488e+00,4.093448960823117488e+00
3.889999999999961044e+00,4.279385409935658657e+01,4.089260010431875259e+00,4.089260010431875259e+00
3.899999999999960831e+00,4.287559761203792164e+01,4.085082136923183782e+00,4.085082136923183782e+00
3.909999999999960618e+00,4.295725767722866095e+01,4.080915317966279154e+00,4.080915317966279154e+00
3.919999999999960405e+00,4.303883451579869757e+01,4.076759531074926279e+00,4.076759531074926279e+00
3.929999999999960192e+00,4.312032834816665883e+01,4.072614753615122041e+00,4.072614753615122041e+00
3.939999999999959979e+00,4.320173939429696475e+01,4.068480962812623503e+00,4.068480962812623503e+00
3.949999999999959766e+00,4.328306787369724873e+01,4.064358135760201662e+00,4.064358135760201662e+00
3.959999999999959552e+00,4.336431400541571435e+01,4.060246249424804610e+00,4.060246249424804610e+00
3.969999999999959339e+00,4.344547800803860582e+01,4.056145280654504859e+00,4.056145280654504859e+00
3.979999999999959126e+00,4.352656009968805506e+01,4.052055206185245062e+00,4.052055206185245062e+00
3.989999999999958913e+00,4.360756049801972267e+01,4.047976002647450500e+00,4.047976002647450500e+00
3.999999999999958700e+00,4.368847942022085817e+01,4.043907646572459491e+00,4.043907646572459491e+00
4.009999999999958931e+00,4.376931708300847390e+01,4.039850114398813474e+00,4.039850114398813474e+00
4.019999999999958717e+00,4.385007370262731285e+01,4.035803382478330370e+00,4.035803382478330370e+00
4.029999999999958504e+00,4.393074949484841341e+01,4.031767427082088240e+00,4.031767427082088240e+00
4.039999999999958291e+00,4.401134467496736136e+01,4.027742224406232197e+00,4.027742224406232197e+00
4.049999999999958078e+00,4.409185945780300386e+01,4.023727750577611673e+00,4.023727750577611673e+00
4.059999999999957865e+00,4.417229405769600703e+01,4.019723981659290679e+00,4.019723981659290679e+00
4.069999999999957652e+00,4.425264868850772615e+01,4.015730893655906186e+00,4.015730893655906186e+00
4.079999999999957438e+00,4.433292356361899778e+01,4.011748462518902159e+00,4.011748462518902159e+00
4.089999999999957225e+00,4.441311889592913786e+01,4.007776664151635693e+00,4.007776664151635693e+00
4.099999999999957012e+00,4.449323489785518149e+01,4.003815474414268216e+00,4.003815474414268216e+00
4.109999999999956799e+00,4.457327178133082413e+01,3.999864869128687328e+00,3.999864869128687328e+00
4.119999999999956586e+00,4.465322975780591719e+01,3.995924824083157301e+00,3.995924824083157301e+00
4.129999999999956373e+00,4.473310903824571483e+01,3.991995315036824810e+00,3.991995315036824810e+00
4.139999999999956160e+00,4.481290983313036946e+01,3.988076317724239317e+00,3.988076317724239317e+00
4.149999999999955946e+00,4.489263235245452677e+01,3.984167807859746890e+00,3.984167807859746890e+00
4.159999999999955733e+00,4.497227680572691355e+01,3.980269761141594032e+00,3.980269761141594032e+00
4.169999999999955520e+00,4.505184340197001092e+01,3.976382153256024399e+00,3.976382153256024399e+00
4.179999999999955307e+00,4.513133234972000452e+01,3.972504959881351105e+00,3.972504959881351105e+00
4.189999999999955094e+00,4.521074385702652876e+01,3.968638156691805641e+00,3.968638156691805641e+00
4.199999999999954881e+00,4.529007813145270234e+01,3.964781719361274881e+00,3.964781719361274881e+00
4.209999999999954667e+00,4.536933538007509270e+01,3.960935623566980368e+00,3.960935623566980368e+00
4.219999999999954454e+00,4.544851580948384395e+01,3.957099844993088755e+00,3.957099844993088755e+00
4.229999999999954241e+00,4.552761962578292554e+01,3.953274359334149501e+00,3.953274359334149501e+00
4.239999999999954028e+00,4.560664703459017488e+01,3.949459142298431757e+00,3.949459142298431757e+00
4.249999999999953815e+00,4.568559824103792977e+01,3.945654169611246598e+00,3.945654169611246598e+00
4.259999999999953602e+00,4.576447344977304965e+01,3.941859417018099165e+00,3.941859417018099165e+00
4.269999999999953388e+00,4.584327286495761911e+01,3.938074860287796852e+00,3.938074860287796852e+00
4.279999999999953175e+00,4.592199669026919651e+01,3.934300475215442461e+00,3.934300475215442461e+00
4.289999999999952962e+00,4.600064512890169510e+01,3.930536237625355866e+00,3.930536237625355866e+00
4.299999999999952749e+00,4.607921838356566724e+01,3.926782123373850020e+00,3.926782123373850020e+00
4.309999999999952536e+00,4.615771665648915700e+01,3.923038108352015385e+00,3.923038108352015385e+00
4.319999999999952323e+00,4.623614014941839656e+01,3.919304168488418227e+00,3.919304168488418227e+00
4.329999999999952109e+00,4.631448906361855933e+01,3.915580279751620374e+00,3.915580279751620374e+00
4.339999999999951896e+00,4.639276359987459131e+01,3.911866418152700309e+00,3.911866418152700309e+00
4.349999999999951683e+00,4.647096395849206374e+01,3.908162559747694331e+00,3.908162559747694331e+00
4.359999999999951470e+00,4.654909033929821760e+01,3.904468680639950673e+00,3.904468680639950673e+00
4.369999999999951257e+00,4.662714294164261730e+01,3.900784756982400125e+00,3.900784756982400125e+00
4.379999999999951044e+00,4.670512196439864283e+01,3.897110764979770270e+00,3.897110764979770270e+00
4.389999999999950830e+00,4.678302760596410792e+01,3.893446680890710443e+00,3.893446680890710443e+00
4.399999999999950617e+00,4.686086006426265271e+01,3.889792481029882065e+00,3.889792481029882065e+00
4.409999999999950404e+00,4.693861953674463905e+01,3.886148141769969033e+00,3.886148141769969033e+00
4.419999999999950191e+00,4.701630622038858576e+01,3.882513639543566875e+00,3.882513639543566875e+00
4.429999999999949978e+00,4.709392031170219184e+01,3.878888950845138961e+00,3.878888950845138961e+00
4.439999999999949765e+00,4.717146200672372913e+01,3.875274052232761779e+00,3.875274052232761779e+00
4.449999999999949551e+00,4.724893150102317918e+01,3.871668920329929708e+00,3.871668920329929708e+00
4.459999999999949338e+00,4.732632898970369695e+01,3.868073531827211031e+00,3.868073531827211031e+00
4.469999999999949125e+00,4.740365466740292533e+01,3.864487863483855090e+00,3.864487863483855090e+00
4.479999999999948912e+00,4.748090872829432385e+01,3.860911892129449186e+00,3.860911892129449186e+00
4.489999999999948699e+00,4.755809136608871057e+01,3.857345594665423150e+00,3.857345594665423150e+00
4.499999999999948486e+00,4.763520277403559788e+01,3.853788948066459774e+00,3.853788948066459774e+00
4.509999999999948272e+00,4.771224314492477703e+01,3.850241929381937656e+00,3.850241929381937656e+00
4.519999999999948059e+00,4.778921267108768944e+01,3.846704515737317198e+00,3.846704515737317198e+00
4.529999999999947846e+00,4.786611154439912497e+01,3.843176684335440463e+00,3.843176684335440463e+00
4.539999999999947633e+00,4.794293995627863580e+01,3.839658412457781278e+00,3.839658412457781278e+00
4.549999999999947420e+00,4.801969809769220632e+01,3.836149677465667374e+00,3.836149677465667374e+00
4.559999999999947207e+00,4.809638615915390858e+01,3.832650456801476313e+00,3.832650456801476313e+00
4.569999999999946994e+00,4.817300433072728794e+01,3.829160727989702195e+00,3.829160727989702195e+00
4.579999999999946780e+00,4.824955280202744490e+01,3.825680468638058329e+00,3.825680468638058329e+00
4.589999999999946567e+00,4.832603176222229280e+01,3.822209656438519065e+00,3.822209656438519065e+00
4.599999999999946354e+00,4.840244140003443363e+01,3.818748269168277254e+00,3.818748269168277254e+00
4.609999999999946141e+00,4.847878190374292728e+01,3.815296284690739448e+00,3.815296284690739448e+00
4.619999999999945928e+00,4.855505346118488319e+01,3.811853680956375445e+00,3.811853680956375445e+00
4.629999999999945715e+00,4.863125625975732191e+01,3.808420436003619791e+00,3.808420436003619791e+00
4.639999999999945501e+00,4.870739048641893731e+01,3.804996527959672026e+00,3.804996527959672026e+00
4.649999999999945288e+00,4.878345632769183027e+01,3.801581935041303595e+00,3.801581935041303595e+00
4.659999999999945075e+00,4.885945396966324239e+01,3.798176635555585712e+00,3.798176635555585712e+00
4.669999999999944862e+00,4.893538359798762372e+01,3.794780607900596792e+00,3.794780607900596792e+00
4.679999999999944649e+00,4.901124539788808931e+01,3.791393830566153866e+00,3.791393830566153866e+00
4.689999999999944436e+00,4.908703955415866460e+01,3.788016282134366364e+00,3.788016282134366364e+00
4.699999999999944222e+00,4.916276625116577037e+01,3.784647941280316008e+00,3.784647941280316008e+00
4.709999999999944009e+00,4.923842567285030469e+01,3.781288786772612820e+00,3.781288786772612820e+00
4.719999999999943796e+00,4.931401800272955427e+01,3.777938797473914256e+00,3.777938797473914256e+00
4.729999999999943583e+00,4.938954342389884289e+01,3.774597952341439466e+00,3.774597952341439466e+00
4.739999999999943370e+00,4.946500211903367727e+01,3.771266230427444910e+00,3.771266230427444910e+00
4.749999999999943157e+00,4.954039427039149501e+01,3.767943610879693317e+00,3.767943610879693317e+00
4.759999999999942943e+00,4.961572005981373934e+01,3.764630072941833827e+00,3.764630072941833827e+00
4.769999999999942730e+00,4.969097966872749339e+01,3.761325595953828316e+00,3.761325595953828316e+00
4.779999999999942517e+00,4.976617327814781788e+01,3.758030159352284905e+00,3.758030159352284905e+00
4.789999999999942304e+00,4.984130106867931431e+01,3.754743742670804796e+00,3.754743742670804796e+00
4.799999999999942091e+00,4.991636322051819974e+01,3.751466325540278479e+00,3.751466325540278479e+00
4.809999999999941878e+00,4.999135991345441710e+01,3.748197887689170837e+00,3.748197887689170837e+00
4.819999999999941664e+00,5.006629132687332628e+01,3.744938408943773389e+00,3.744938408943773389e+00
4.829999999999941451e+00,5.014115763975780027e+01,3.741687869228437435e+00,3.741687869228437435e+00
4.839999999999941238e+00,5.021595903069023592e+01,3.738446248565749475e+00,3.738446248565749475e+00
4.849999999999941025e+00,5.029069567785435879e+01,3.735213527076757245e+00,3.735213527076757245e+00
4.859999999999940812e+00,5.036536775903736896e+01,3.731989684981075861e+00,3.731989684981075861e+00
4.869999999999940599e+00,5.043997545163183815e+01,3.728774702597025925e+00,3.728774702597025925e+00
4.879999999999940385e+00,5.051451893263758564e+01,3.725568560341794289e+00,3.725568560341794289e+00
4.889999999999940172e+00,5.058899837866390214e+01,3.722371238731519760e+00,3.722371238731519760e+00
4.899999999999939959e+00,5.066341396593125523e+01,3.719182718381292219e+00,3.719182718381292219e+00
4.909999999999939746e+00,5.073776587027344220e+01,3.716002980005258749e+00,3.716002980005258749e+00
4.919999999999939533e+00,5.081205426713957252e+01,3.712832004416645848e+00,3.712832004416645848e+00
4.929999999999939320e+00,5.088627933159588679e+01,3.709669772527727005e+00,3.709669772527727005e+00
4.939999999999939106e+00,5.096044123832800921e+01,3.706516265349850237e+00,3.706516265349850237e+00
4.949999999999938893e+00,5.103454016164264573e+01,3.703371463993435864e+00,3.703371463993435864e+00
4.959999999999938680e+00,5.110857627546971571e+01,3.700235349667855278e+00,3.700235349667855278e+00
4.969999999999938467e+00,5.118254975336434853e+01,3.697107903681405627e+00,3.697107903681405627e+00
4.979999999999938254e+00,5.125646076850879496e+01,3.693989107441247643e+00,3.693989107441247643e+00
4.989999999999938041e+00,5.133030949371445928e+01,3.690878942453283074e+00,3.690878942453283074e+00
4.999999999999937828e+00,5.140409610142374675e+01,3.687777390322020565e+00,3.687777390322020565e+00
5.009999999999937614e+00,5.147782076371228044e+01,3.684684432750462868e+00,3.684684432750462868e+00
5.019999999999937401e+00,5.155148365229052843e+01,3.681600051539963392e+00,3.681600051539963392e+00
5.029999999999937188e+00,5.162508493850616986e+01,3.678524228590057010e+00,3.678524228590057010e+00
5.039999999999936975e+00,5.169862479334571503e+01,3.675456945898288197e+00,3.675456945898288197e+00
5.049999999999936762e+00,5.177210338743661566e+01,3.672398185559999195e+00,3.672398185559999195e+00
5.059999999999936549e+00,5.184552089104919759e+01,3.669347929768178584e+00,3.669347929768178584e+00
5.069999999999936335e+00,5.191887747409867870e+01,3.666306160813180615e+00,3.666306160813180615e+00
5.079999999999936122e+00,5.199217330614694532e+01,3.663272861082501830e+00,3.663272861082501830e+00
5.089999999999935909e+00,5.206540855640463406e+01,3.660248013060584782e+00,3.660248013060584782e+00
5.099999999999935696e+00,5.213858339373311424e+01,3.657231599328500948e+00,3.657231599328500948e+00
5.109999999999935483e+00,5.221169798664621453e+01,3.654223602563709150e+00,3.654223602563709150e+00
5.119999999999935270e+00,5.228475250331230484e+01,3.651224005539772222e+00,3.651224005539772222e+00
5.129999999999935056e+00,5.235774711155622896e+01,3.648232791126073238e+00,3.648232791126073238e+00
5.139999999999934843e+00,5.243068197886110227e+01,3.645249942287483336e+00,3.645249942287483336e+00
5.149999999999934630e+00,5.250355727237030834e+01,3.642275442084067727e+00,3.642275442084067727e+00
5.159999999999934417e+00,5.257637315888938190e+01,3.639309273670746858e+00,3.639309273670746858e+00
5.169999999999934204e+00,5.264912980488786332e+01,3.636351420296972670e+00,3.636351420296972670e+00
5.179999999999933991e+00,5.272182737650128104e+01,3.633401865306403078e+00,3.633401865306403078e+00
5.189999999999933777e+00,5.279446603953292794e+01,3.630460592136488085e+00,3.630460592136488085e+00
5.199999999999933564e+00,5.286704595945575136e+01,3.627527584318134934e+00,3.627527584318134934e+00
5.209999999999933351e+00,5.293956730141430000e+01,3.624602825475359502e+00,3.624602825475359502e+00
5.219999999999933138e+00,5.301203023022644345e+01,3.621686299324846203e+00,3.621686299324846203e+00
5.229999999999932925e+00,5.308443491038543272e+01,3.618777989675601159e+00,3.618777989675601159e+00
5.239999999999932712e+00,5.315678150606147057e+01,3.615877880428553404e+00,3.615877880428553404e+00
5.249999999999932498e+00,5.322907018110375077e+01,3.612985955576110797e+00,3.612985955576110797e+00
5.259999999999932285e+00,5.330130109904224156e+01,3.610102199201781659e+00,3.610102199201781659e+00
5.269999999999932072e+00,5.337347442308944778e+01,3.607226595479720022e+00,3.607226595479720022e+00
5.279999999999931859e+00,5.344559031614230094e+01,3.604359128674323731e+00,3.604359128674323731e+00
5.289999999999931646e+00,5.351764894078382895e+01,3.601499783139769928e+00,3.601499783139769928e+00
5.299999999999931433e+00,5.358965045928509596e+01,3.598648543319553195e+00,3.598648543319553195e+00
5.309999999999931219e+00,5.366159503360695737e+01,3.595805393746112522e+00,3.595805393746112522e+00
5.319999999999931006e+00,5.373348282540167986e+01,3.592970319040332594e+00,3.592970319040332594e+00
5.329999999999930793e+00,5.380531399601494513e+01,3.590143303911046413e+00,3.590143303911046413e+00
5.339999999999930580e+00,5.387708870648739179e+01,3.587324333154567668e+00,3.587324333154567668e+00
5.349999999999930367e+00,5.394880711755649827e+01,3.584513391654242209e+00,3.584513391654242209e+00
5.359999999999930154e+00,5.402046938965826683e+01,3.581710464379979530e+00,3.581710464379979530e+00
5.369999999999929940e+00,5.409207568292893598e+01,3.578915536387723861e+00,3.578915536387723861e+00
5.379999999999929727e+00,5.416362615720675677e+01,3.576128592819001195e+00,3.576128592819001195e+00
5.389999999999929514e+00,5.423512097203351345e+01,3.573349618900395708e+00,3.573349618900395708e+00
5.399999999999929301e+00,5.430656028665661239e+01,3.570578599943070586e+00,3.570578599943070586e+00
5.409999999999929088e+00,5.437794426003032555e+01,3.567815521342223128e+00,3.567815521342223128e+00
5.419999999999928875e+00,5.444927305081771607e+01,3.565060368576593142e+00,3.565060368576593142e+00
5.429999999999928662e+00,5.452054681739224407e+01,3.562313127208000196e+00,3.562313127208000196e+00
5.439999999999928448e+00,5.459176571783940801e+01,3.559573782880749437e+00,3.559573782880749437e+00
5.449999999999928235e+00,5.466292990995847845e+01,3.556842321321118661e+00,3.556842321321118661e+00
5.459999999999928022e+00,5.473403955126399723e+01,3.554118728336845390e+00,3.554118728336845390e+00
5.469999999999927809e+00,5.480509479898748282e+01,3.551402989816620170e+00,3.551402989816620170e+00
5.479999999999927596e+00,5.487609581007904325e+01,3.548695091729495044e+00,3.548695091729495044e+00
5.489999999999927383e+00,5.494704274120894638e+01,3.545995020124402153e+00,3.545995020124402153e+00
5.499999999999927169e+00,5.501793574876919735e+01,3.543302761129621281e+00,3.543302761129621281e+00
5.509999999999926956e+00,5.508877498887525093e+01,3.540618300952176778e+00,3.540618300952176778e+00
5.519999999999926743e+00,5.515956061736735450e+01,3.537941625877310425e+00,3.537941625877310425e+00
5.529999999999926530e+00,5.523029278981226753e+01,3.535272722267960077e+00,3.535272722267960077e+00
5.539999999999926317e+00,5.530097166150486032e+01,3.532611576564169020e+00,3.532611576564169020e+00
5.549999999999926104e+00,5.537159738746955639e+01,3.529958175282546851e+00,3.529958175282546851e+00
5.559999999999925890e+00,5.544217012246171095e+01,3.527312505015727684e+00,3.527312505015727684e+00
5.569999999999925677e+00,5.551269002096945115e+01,3.524674552431797725e+00,3.524674552431797725e+00
5.579999999999925464e+00,5.558315723721493384e+01,3.522044304273758364e+00,3.522044304273758364e+00
5.589999999999925251e+00,5.565357192515593709e+01,3.519421747358928876e+00,3.519421747358928876e+00
5.599999999999925038e+00,5.572393423848732397e+01,3.516806868578350453e+00,3.516806868578350453e+00
5.609999999999924825e+00,5.579424433064253463e+01,3.514199654896332792e+00,3.514199654896332792e+00
5.619999999999924611e+00,5.586450235479488668e+01,3.511600093349780849e+00,3.511600093349780849e+00
5.629999999999924398e+00,5.593470846385933015e+01,3.509008171047640179e+00,3.509008171047640179e+00
5.639999999999924185e+00,5.600486281049361281e+01,3.506423875170396887e+00,3.506423875170396887e+00
5.649999999999923972e+00,5.607496554709982917e+01,3.503847192969439028e+00,3.503847192969439028e+00
5.659999999999923759e+00,5.614501682582574915e+01,3.501278111766462864e+00,3.501278111766462864e+00
5.669999999999923546e+00,5.621501679856632450e+01,3.498716618952956825e+00,3.498716618952956825e+00
5.679999999999923332e+00,5.628496561696498190e+01,3.496162701989617982e+00,3.496162701989617982e+00
5.689999999999923119e+00,5.635486343241509388e+01,3.493616348405758298e+00,3.493616348405758298e+00
5.699999999999922906e+00,5.642471039606129324e+01,3.491077545798722870e+00,3.491077545798722870e+00
5.709999999999922693e+00,5.649450665880075917e+01,3.488546281833319718e+00,3.488546281833319718e+00
5.719999999999922480e+00,5.656425237128476624e+01,3.486022544241241583e+00,3.486022544241241583e+00
5.729999999999922267e+00,5.663394768391970757e+01,3.483506320820479285e+00,3.483506320820479285e+00
5.739999999999922053e+00,5.670359274686876461e+01,3.480997599434783041e+00,3.480997599434783041e+00
5.749999999999921840e+00,5.677318771005288767e+01,3.478496368013027418e+00,3.478496368013027418e+00
5.759999999999921627e+00,5.684273272315240888e+01,3.476002614548657998e+00,3.476002614548657998e+00
5.769999999999921414e+00,5.691222793560801563e+01,3.473516327099100742e+00,3.473516327099100742e+00
5.779999999999921201e+00,5.698167349662233505e+01,3.471037493785206429e+00,3.471037493785206429e+00
5.789999999999920988e+00,5.705106955516078671e+01,3.468566102790676453e+00,3.468566102790676453e+00
5.799999999999920774e+00,5.712041625995340155e+01,3.466102142361404681e+00,3.466102142361404681e+00
5.809999999999920561e+00,5.718971375949546854e+01,3.463645600805012936e+00,3.463645600805012936e+00
5.819999999999920348e+00,5.725896220204920439e+01,3.461196466490205736e+00,3.461196466490205736e+00
5.829999999999920135e+00,5.732816173564473416e+01,3.458754727846171662e+00,3.458754727846171662e+00
5.839999999999919922e+00,5.739731250808134888e+01,3.456320373362055776e+00,3.456320373362055776e+00
5.849999999999919709e+00,5.746641466692881295e+01,3.453893391586360107e+00,3.453893391586360107e+00
5.859999999999919496e+00,5.753546835952830207e+01,3.451473771126365442e+00,3.451473771126365442e+00
5.869999999999919282e+00,5.760447373299381724e+01,3.449061500647553125e+00,3.449061500647553125e+00
5.879999999999919069e+00,5.767343093421325051e+01,3.446656568873044169e+00,3.446656568873044169e+00
5.889999999999918856e+00,5.774234010984942955e+01,3.444258964582989080e+00,3.444258964582989080e+00
5.899999999999918643e+00,5.781120140634143922e+01,3.441868676614042055e+00,3.441868676614042055e+00
5.909999999999918430e+00,5.788001496990562345e+01,3.439485693858754356e+00,3.439485693858754356e+00
5.919999999999918217e+00,5.794878094653675049e+01,3.437110005265009427e+00,3.437110005265009427e+00
5.929999999999918003e+00,5.801749948200903617e+01,3.434741599835446024e+00,3.434741599835446024e+00
5.939999999999917790e+00,5.808617072187731623e+01,3.432380466626889337e+00,3.432380466626889337e+00
5.949999999999917577e+00,5.815479481147813345e+01,3.430026594749795876e+00,3.430026594749795876e+00
5.959999999999917364e+00,5.822337189593067563e+01,3.427679973367672162e+00,3.427679973367672162e+00
5.969999999999917151e+00,5.829190212013806871e+01,3.425340591696498294e+00,3.425340591696498294e+00
5.979999999999916938e+00,5.836038562878811575e+01,3.423008439004191050e+00,3.423008439004191050e+00
5.989999999999916724e+00,5.842882256635461147e+01,3.420683504610017689e+00,3.420683504610017689e+00
5.999999999999916511e+00,5.849721307709817353e+01,3.418365777884031509e+00,3.418365777884031509e+00
6.009999999999916298e+00,5.856555730506735813e+01,3.416055248246519849e+00,3.416055248246519849e+00
6.019999999999916085e+00,5.863385539409958369e+01,3.413751905167438316e+00,3.413751905167438316e+00
6.029999999999915872e+00,5.870210748782214694e+01,3.411455738165845464e+00,3.411455738165845464e+00
6.039999999999915659e+00,5.877031372965333844e+01,3.409166736809371656e+00,3.409166736809371656e+00
6.049999999999915445e+00,5.883847426280311055e+01,3.406884890713623548e+00,3.406884890713623548e+00
6.059999999999915232e+00,5.890658923027424265e+01,3.404610189541659615e+00,3.404610189541659615e+00
6.069999999999915019e+00,5.897465877486332886e+01,3.402342623003431044e+00,3.402342623003431044e+00
6.079999999999914806e+00,5.904268303916156668e+01,3.400082180855229286e+00,3.400082180855229286e+00
6.089999999999914593e+00,5.911066216555565944e+01,3.397828852899122065e+00,3.397828852899122065e+00
6.099999999999914380e+00,5.917859629622896023e+01,3.395582628982440454e+00,3.395582628982440454e+00
6.109999999999914166e+00,5.924648557316208297e+01,3.393343498997213104e+00,3.393343498997213104e+00
6.119999999999913953e+00,5.931433013813398247e+01,3.391111452879609800e+00,3.391111452879609800e+00
6.129999999999913740e+00,5.938213013272274310e+01,3.388886480609411223e+00,3.388886480609411223e+00
6.139999999999913527e+00,5.944988569830648828e+01,3.386668572209485362e+00,3.386668572209485362e+00
6.149999999999913314e+00,5.951759697606422606e+01,3.384457717745226191e+00,3.384457717745226191e+00
6.159999999999913101e+00,5.958526410697668041e+01,3.382253907324027864e+00,3.382253907324027864e+00
6.169999999999912887e+00,5.965288723182720787e+01,3.380057131094750922e+00,3.380057131094750922e+00
6.179999999999912674e+00,5.972046649120235173e+01,3.377867379247184054e+00,3.377867379247184054e+00
6.189999999999912461e+00,5.978800202549305709e+01,3.375684642011532954e+00,3.375684642011532954e+00
6.199999999999912248e+00,5.985549397489519663e+01,3.373508909657859434e+00,3.373508909657859434e+00
6.209999999999912035e+00,5.992294247941042329e+01,3.371340172495568943e+00,3.371340172495568943e+00
6.219999999999911822e+00,5.999034767884695896e+01,3.369178420872924740e+00,3.369178420872924740e+00
6.229999999999911608e+00,6.005770971282043291e+01,3.367023645176477675e+00,3.367023645176477675e+00
6.239999999999911395e+00,6.012502872075452842e+01,3.364875835830568818e+00,3.364875835830568818e+00
6.249999999999911182e+00,6.019230484188175012e+01,3.362734983296799651e+00,3.362734983296799651e+00
6.259999999999910969e+00,6.025953821524424825e+01,3.360601078073527148e+00,3.360601078073527148e+00
6.269999999999910756e+00,6.032672897969455050e+01,3.358474110695369053e+00,3.358474110695369053e+00
6.279999999999910543e+00,6.039387727389614469e+01,3.356354071732659428e+00,3.356354071732659428e+00
6.289999999999910330e+00,6.046098323632428873e+01,3.354240951790957492e+00,3.354240951790957492e+00
6.299999999999910116e+00,6.052804700526677095e+01,3.352134741510540916e+00,3.352134741510540916e+00
6.309999999999909903e+00,6.059506871882447143e+01,3.350035431565909327e+00,3.350035431565909327e+00
6.319999999999909690e+00,6.066204851491202277e+01,3.347943012665282936e+00,3.347943012665282936e+00
6.329999999999909477e+00,6.072898653125870538e+01,3.345857475550086058e+00,3.345857475550086058e+00
6.339999999999909264e+00,6.079588290540882412e+01,3.343778810994475048e+00,3.343778810994475048e+00
6.349999999999909051e+00,6.086273777472258928e+01,3.341707009804844031e+00,3.341707009804844031e+00
6.359999999999908837e+00,6.092955127637654300e+01,3.339642062819308865e+00,3.339642062819308865e+00
6.369999999999908624e+00,6.099632354736436923e+01,3.337583960907232417e+00,3.337583960907232417e+00
6.379999999999908411e+00,6.106305472449747640e+01,3.335532694968750711e+00,3.335532694968750711e+00
6.389999999999908198e+00,6.112974494440552320e+01,3.333488255934290212e+00,3.333488255934290212e+00
6.399999999999907985e+00,6.119639434353706520e+01,3.331450634764055341e+00,3.331450634764055341e+00
6.409999999999907772e+00,6.126300305816016589e+01,3.329419822447576838e+00,3.329419822447576838e+00
6.419999999999907558e+00,6.132957122436300779e+01,3.327395810003247245e+00,3.327395810003247245e+00
6.429999999999907345e+00,6.139609897805436134e+01,3.325378588477816422e+00,3.325378588477816422e+00
6.439999999999907132e+00,6.146258645496425999e+01,3.323368148945928802e+00,3.323368148945928802e+00
6.449999999999906919e+00,6.152903379064445488e+01,3.321364482509682858e+00,3.321364482509682858e+00
6.459999999999906706e+00,6.159544112046901176e+01,3.319367580298144826e+00,3.319367580298144826e+00
6.469999999999906493e+00,6.166180857963494333e+01,3.317377433466868197e+00,3.317377433466868197e+00
6.479999999999906279e+00,6.172813630316245792e+01,3.315394033197455403e+00,3.315394033197455403e+00
6.489999999999906066e+00,6.179442442589580509e+01,3.313417370697103070e+00,3.313417370697103070e+00
6.499999999999905853e+00,6.186067308250351715e+01,3.311447437198139720e+00,3.311447437198139720e+00
6.509999999999905640e+00,6.192688240747909845e+01,3.309484223957576354e+00,3.309484223957576354e+00
6.519999999999905427e+00,6.199305253514136638e+01,3.307527722256652591e+00,3.307527722256652591e+00
6.529999999999905214e+00,6.205918359963506248e+01,3.305577923400401019e+00,3.305577923400401019e+00
6.539999999999905000e+00,6.212527573493122901e+01,3.303634818717171129e+00,3.303634818717171129e+00
6.549999999999904787e+00,6.219132907482766370e+01,3.301698399558218977e+00,3.301698399558218977e+00
6.559999999999904574e+00,6.225734375294948109e+01,3.299768657297282193e+00,3.299768657297282193e+00
6.569999999999904361e+00,6.232331990274948907e+01,3.297845583330094588e+00,3.297845583330094588e+00
6.579999999999904148e+00,6.238925765750855135e+01,3.295929169073989584e+00,3.295929169073989584e+00
6.589999999999903935e+00,6.245515715033614157e+01,3.294019405967473446e+00,3.294019405967473446e+00
6.599999999999903721e+00,6.252101851417069867e+01,3.292116285469766535e+00,3.292116285469766535e+00
6.609999999999903508e+00,6.258684188178007446e+01,3.290219799060393857e+00,3.290219799060393857e+00
6.619999999999903295e+00,6.265262738576182500e+01,3.288329938238760519e+00,3.288329938238760519e+00
6.629999999999903082e+00,6.271837515854379319e+01,3.286446694523748935e+00,3.286446694523748935e+00
6.639999999999902869e+00,6.278408533238430067e+01,3.284570059453282731e+00,3.284570059453282731e+00
6.649999999999902656e+00,6.284975803937267358e+01,3.282700024583929288e+00,3.282700024583929288e+00
6.659999999999902442e+00,6.291539341142954811e+01,3.280836581490464532e+00,3.280836581490464532e+00
6.669999999999902229e+00,6.298099158030715472e+01,3.278979721765472366e+00,3.278979721765472366e+00
6.679999999999902016e+00,6.304655267758987947e+01,3.277129437018944547e+00,3.277129437018944547e+00
6.689999999999901803e+00,6.311207683469430663e+01,3.275285718877885888e+00,3.275285718877885888e+00
6.699999999999901590e+00,6.317756418286982978e+01,3.273448558985900814e+00,3.273448558985900814e+00
6.709999999999901377e+00,6.324301485319892180e+01,3.271617949002783909e+00,3.271617949002783909e+00
6.719999999999901164e+00,6.330842897659734092e+01,3.269793880604145997e+00,3.269793880604145997e+00
6.729999999999900950e+00,6.337380668381449311e+01,3.267976345481019784e+00,3.267976345481019784e+00
6.739999999999900737e+00,6.343914810543376603e+01,3.266165335339469067e+00,3.266165335339469067e+00
6.749999999999900524e+00,6.350445337187287009e+01,3.264360841900189047e+00,3.264360841900189047e+00
6.759999999999900311e+00,6.356972261338398056e+01,3.262562856898144847e+00,3.262562856898144847e+00
6.769999999999900098e+00,6.363495596005414967e+01,3.260771372082163388e+00,3.260771372082163388e+00
6.779999999999899885e+00,6.370015354180554823e+01,3.258986379214580342e+00,3.258986379214580342e+00
6.789999999999899671e+00,6.376531548839576402e+01,3.257207870070857325e+00,3.257207870070857325e+00
6.799999999999899458e+00,6.383044192941792261e+01,3.255435836439193764e+00,3.255435836439193764e+00
6.809999999999899245e+00,6.389553299430109945e+01,3.253670270120169405e+00,3.253670270120169405e+00
6.819999999999899032e+00,6.396058881231051885e+01,3.251911162926382826e+00,3.251911162926382826e+00
6.829999999999898819e+00,6.402560951254767474e+01,3.250158506682089499e+00,3.250158506682089499e+00
6.839999999999898606e+00,6.409059522395075703e+01,3.248412293222820768e+00,3.248412293222820768e+00
6.849999999999898392e+00,6.415554607529476527e+01,3.246672514395035680e+00,3.246672514395035680e+00
6.859999999999898179e+00,6.422046219519167209e+01,3.244939162055758164e+00,3.244939162055758164e+00
6.869999999999897966e+00,6.428534371209072162e+01,3.243212228072244407e+00,3.243212228072244407e+00
6.879999999999897753e+00,6.435019075427861424e+01,3.241491704321601830e+00,3.241491704321601830e+00
6.889999999999897540e+00,6.441500344987966287e+01,3.239777582690472890e+00,3.239777582690472890e+00
6.899999999999897327e+00,6.447978192685603460e+01,3.238069855074672265e+00,3.238069855074672265e+00
6.909999999999897113e+00,6.454452631300780752e+01,3.236368513378837797e+00,3.236368513378837797e+00
6.919999999999896900e+00,6.460923673597342543e+01,3.234673549516108526e+00,3.234673549516108526e+00
6.929999999999896687e+00,6.467391332322945630e+01,3.232984955407782302e+00,3.232984955407782302e+00
6.939999999999896474e+00,6.473855620209111805e+01,3.231302722982967612e+00,3.231302722982967612e+00
6.949999999999896261e+00,6.480316549971223594e+01,3.229626844178277612e+00,3.229626844178277612e+00
6.959999999999896048e+00,6.486774134308539885e+01,3.227957310937476176e+00,3.227957310937476176e+00
6.969999999999895834e+00,6.493228385904221511e+01,3.226294115211165270e+00,3.226294115211165270e+00
6.979999999999895621e+00,6.499679317425329828e+01,3.224637248956466973e+00,3.224637248956466973e+00
6.989999999999895408e+00,6.506126941522850871e+01,3.222986704136680647e+00,3.222986704136680647e+00
6.999999999999895195e+00,6.512571270831701042e+01,3.221342472721001826e+00,3.221342472721001826e+00
7.009999999999894982e+00,6.519012317970741321e+01,3.219704546684172275e+00,3.219704546684172275e+00
7.019999999999894769e+00,6.525450095542787210e+01,3.218072918006186001e+00,3.218072918006186001e+00
7.029999999999894555e+00,6.531884616134615840e+01,3.216447578671988605e+00,3.216447578671988605e+00
7.039999999999894342e+00,6.538315892316985867e+01,3.214828520671145107e+00,3.214828520671145107e+00
7.049999999999894129e+00,6.544743936644631788e+01,3.213215735997550837e+00,3.213215735997550837e+00
7.059999999999893916e+00,6.551168761656283834e+01,3.211609216649127241e+00,3.211609216649127241e+00
7.069999999999893703e+00,6.557590379874667974e+01,3.210008954627509237e+00,3.210008954627509237e+00
7.079999999999893490e+00,6.564008803806522963e+01,3.208414941937773879e+00,3.208414941937773879e+00
7.089999999999893276e+00,6.570424045942597502e+01,3.206827170588155695e+00,3.206827170588155695e+00
7.099999999999893063e+00,6.576836118757654503e+01,3.205245632589715843e+00,3.205245632589715843e+00
7.109999999999892850e+00,6.583245034710483878e+01,3.203670319956100965e+00,3.203670319956100965e+00
7.119999999999892637e+00,6.589650806243913905e+01,3.202101224703205684e+00,3.202101224703205684e+00
7.129999999999892424e+00,6.596053445784792757e+01,3.200538338848913700e+00,3.200538338848913700e+00
7.139999999999892211e+00,6.602452965744018343e+01,3.198981654412850872e+00,3.198981654412850872e+00
7.149999999999891998e+00,6.608849378516518414e+01,3.197431163416057487e+00,3.197431163416057487e+00
7.159999999999891784e+00,6.615242696481271878e+01,3.195886857880743115e+00,3.195886857880743115e+00
7.169999999999891571e+00,6.621632932001293170e+01,3.194348729829994404e+00,3.194348729829994404e+00
7.179999999999891358e+00,6.628020097423659251e+01,3.192816771287528610e+00,3.192816771287528610e+00
7.189999999999891145e+00,6.634404205079474082e+01,3.191290974277416037e+00,3.191290974277416037e+00
7.199999999999890932e+00,6.640785267283902726e+01,3.189771330823805151e+00,3.189771330823805151e+00
7.209999999999890719e+00,6.647163296336165672e+01,3.188257832950682324e+00,3.188257832950682324e+00
7.219999999999890505e+00,6.653538304519514668e+01,3.186750472681594726e+00,3.186750472681594726e+00
7.229999999999890292e+00,6.659910304101246936e+01,3.185249242039402073e+00,3.185249242039402073e+00
7.239999999999890079e+00,6.666279307332720805e+01,3.183754133046026613e+00,3.183754133046026613e+00
7.249999999999889866e+00,6.672645326449323022e+01,3.182265137722191994e+00,3.182265137722191994e+00
7.259999999999889653e+00,6.679008373670485810e+01,3.180782248087174580e+00,3.180782248087174580e+00
7.269999999999889440e+00,6.685368461199678336e+01,3.179305456158578735e+00,3.179305456158578735e+00
7.279999999999889226e+00,6.691725601224396769e+01,3.177834753952066826e+00,3.177834753952066826e+00
7.289999999999889013e+00,6.698079805916174223e+01,3.176370133481126956e+00,3.176370133481126956e+00
7.299999999999888800e+00,6.704431087430567970e+01,3.174911586756836712e+00,3.174911586756836712e+00
7.309999999999888587e+00,6.710779457907146650e+01,3.173459105787635348e+00,3.173459105787635348e+00
7.319999999999888374e+00,6.717124929469500216e+01,3.172012682579077314e+00,3.172012682579077314e+00
7.329999999999888161e+00,6.723467514225220043e+01,3.170572309133609323e+00,3.170572309133609323e+00
7.339999999999887947e+00,6.729807224265906029e+01,3.169137977450331878e+00,3.169137977450331878e+00
7.349999999999887734e+00,6.736144071667146704e+01,3.167709679524776778e+00,3.167709679524776778e+00
7.359999999999887521e+00,6.742478068488523490e+01,3.166287407348701066e+00,3.166287407348701066e+00
7.369999999999887308e+00,6.748809226773587966e+01,3.164871152909837448e+00,3.164871152909837448e+00
7.379999999999887095e+00,6.755137558549873233e+01,3.163460908191702448e+00,3.163460908191702448e+00
7.389999999999886882e+00,6.761463075828869762e+01,3.162056665173362369e+00,3.162056665173362369e+00
7.399999999999886668e+00,6.767785790606014018e+01,3.160658415829238344e+00,3.160658415829238344e+00
7.409999999999886455e+00,6.774105714860704097e+01,3.159266152128884730e+00,3.159266152128884730e+00
7.419999999999886242e+00,6.780422860556257092e+01,3.157879866036757299e+00,3.157879866036757299e+00
7.429999999999886029e+00,6.786737239639919039e+01,3.156499549512046254e+00,3.156499549512046254e+00
7.439999999999885816e+00,6.793048864042839341e+01,3.155125194508455966e+00,3.155125194508455966e+00
7.449999999999885603e+00,6.799357745680093501e+01,3.153756792973995360e+00,3.153756792973995360e+00
7.459999999999885389e+00,6.805663896450613493e+01,3.152394336850791401e+00,3.152394336850791401e+00
7.469999999999885176e+00,6.811967328237231811e+01,3.151037818074899466e+00,3.151037818074899466e+00
7.479999999999884963e+00,6.818268052906648791e+01,3.149687228576085740e+00,3.149687228576085740e+00
7.489999999999884750e+00,6.824566082309402759e+01,3.148342560277649138e+00,3.148342560277649138e+00
7.499999999999884537e+00,6.830861428279878567e+01,3.147003805096227680e+00,3.147003805096227680e+00
7.509999999999884324e+00,6.837154102636291952e+01,3.145670954941629738e+00,3.145670954941629738e+00
7.519999999999884110e+00,6.843444117180662545e+01,3.144344001716618653e+00,3.144344001716618653e+00
7.529999999999883897e+00,6.849731483698813861e+01,3.143022937316741316e+00,3.143022937316741316e+00
7.539999999999883684e+00,6.856016213960351990e+01,3.141707753630169631e+00,3.141707753630169631e+00
7.549999999999883471e+00,6.862298319718654227e+01,3.140398442537512658e+00,3.140398442537512658e+00
7.559999999999883258e+00,6.868577812710842068e+01,3.139094995911617669e+00,3.139094995911617669e+00
7.569999999999883045e+00,6.874854704657779791e+01,3.137797405617414270e+00,3.137797405617414270e+00
7.579999999999882832e+00,6.881129007264053143e+01,3.136505663511757191e+00,3.136505663511757191e+00
7.589999999999882618e+00,6.887400732217960808e+01,3.135219761443252651e+00,3.135219761443252651e+00
7.599999999999882405e+00,6.893669891191480303e+01,3.133939691252074944e+00,3.133939691252074944e+00
7.609999999999882192e+00,6.899936495840262296e+01,3.132665444769790586e+00,3.132665444769790586e+00
7.619999999999881979e+00,6.906200557803609286e+01,3.131397013819243291e+00,3.131397013819243291e+00
7.629999999999881766e+00,6.912462088704472762e+01,3.130134390214375451e+00,3.130134390214375451e+00
7.639999999999881553e+00,6.918721100149404890e+01,3.128877565760065149e+00,3.128877565760065149e+00
7.649999999999881339e+00,6.924977603728571296e+01,3.127626532251964520e+00,3.127626532251964520e+00
7.659999999999881126e+00,6.931231611015715544e+01,3.126381281476350082e+00,3.126381281476350082e+00
7.669999999999880913e+00,6.937483133568140659e+01,3.125141805209993517e+00,3.125141805209993517e+00
7.679999999999880700e+00,6.943732182926700602e+01,3.123908095219976033e+00,3.123908095219976033e+00
7.689999999999880487e+00,6.949978770615769008e+01,3.122680143263574237e+00,3.122680143263574237e+00
7.699999999999880274e+00,6.956222908143216443e+01,3.121457941088111809e+00,3.121457941088111809e+00
7.709999999999880060e+00,6.962464607000416095e+01,3.120241480430808512e+00,3.120241480430808512e+00
7.719999999999879847e+00,6.968703878662188345e+01,3.119030753018645186e+00,3.119030753018645186e+00
7.729999999999879634e+00,6.974940734586806457e+01,3.117825750568229193e+00,3.117825750568229193e+00
7.739999999999879421e+00,6.981175186215961048e+01,3.116626464785646977e+00,3.116626464785646977e+00
7.749999999999879208e+00,6.987407244974743037e+01,3.115432887366344605e+00,3.115432887366344605e+00
7.759999999999878995e+00,6.993636922271628009e+01,3.114245009994997204e+00,3.114245009994997204e+00
7.769999999999878781e+00,6.999864229498456325e+01,3.113062824345366852e+00,3.113062824345366852e+00
7.779999999999878568e+00,7.006089178030380538e+01,3.111886322080194223e+00,3.111886322080194223e+00
7.789999999999878355e+00,7.012311779225895236e+01,3.110715494851057361e+00,3.110715494851057361e+00
7.799999999999878142e+00,7.018532044426773098e+01,3.109550334298263774e+00,3.109550334298263774e+00
7.809999999999877929e+00,7.024749984958047833e+01,3.108390832050722974e+00,3.108390832050722974e+00
7.819999999999877716e+00,7.030965612128017028e+01,3.107236979725815917e+00,3.107236979725815917e+00
7.829999999999877502e+00,7.037178937228192410e+01,3.106088768929306632e+00,3.106088768929306632e+00
7.839999999999877289e+00,7.043389971533282790e+01,3.104946191255214760e+00,3.104946191255214760e+00
7.849999999999877076e+00,7.049598726301179852e+01,3.103809238285698324e+00,3.103809238285698324e+00
7.859999999999876863e+00,7.055805212772919788e+01,3.102677901590936926e+00,3.102677901590936926e+00
7.869999999999876650e+00,7.062009442172663398e+01,3.101552172729042933e+00,3.101552172729042933e+00
7.879999999999876437e+00,7.068211425707697515e+01,3.100432043245949565e+00,3.100432043245949565e+00
7.889999999999876223e+00,7.074411174568366789e+01,3.099317504675302093e+00,3.099317504675302093e+00
7.899999999999876010e+00,7.080608699928073690e+01,3.098208548538357476e+00,3.098208548538357476e+00
7.909999999999875797e+00,7.086804012943254349e+01,3.097105166343882221e+00,3.097105166343882221e+00
7.919999999999875584e+00,7.092997124753347293e+01,3.096007349588054680e+00,3.096007349588054680e+00
7.929999999999875371e+00,7.099188046480777814e+01,3.094915089754383786e+00,3.094915089754383786e+00
7.939999999999875158e+00,7.105376789230918178e+01,3.093828378313604688e+00,3.093828378313604688e+00
7.949999999999874944e+00,7.111563364092067729e+01,3.092747206723565956e+00,3.092747206723565956e+00
7.959999999999874731e+00,7.117747782135437262e+01,3.091671566429178952e+00,3.091671566429178952e+00
7.969999999999874518e+00,7.123930054415100699e+01,3.090601448862299261e+00,3.090601448862299261e+00
7.979999999999874305e+00,7.130110191967987987e+01,3.089536845441644974e+00,3.089536845441644974e+00
7.989999999999874092e+00,7.136288205813863783e+01,3.088477747572728305e+00,3.088477747572728305e+00
7.999999999999873879e+00,7.142464106955279135e+01,3.087424146647749890e+00,3.087424146647749890e+00
8.009999999999873666e+00,7.148637906377554430e+01,3.086376034045550387e+00,3.086376034045550387e+00
8.019999999999873452e+00,7.154809615048752391e+01,3.085333401131503006e+00,3.085333401131503006e+00
8.029999999999873239e+00,7.160979243919670978e+01,3.084296239257429129e+00,3.084296239257429129e+00
8.039999999999873026e+00,7.167146803923776588e+01,3.083264539761560563e+00,3.083264539761560563e+00
8.049999999999872813e+00,7.173312305977209746e+01,3.082238293968442289e+00,3.082238293968442289e+00
8.059999999999872600e+00,7.179475760978739629e+01,3.081217493188867174e+00,3.081217493188867174e+00
8.069999999999872387e+00,7.185637179809745589e+01,3.080202128719807142e+00,3.080202128719807142e+00
8.079999999999872173e+00,7.191796573334194420e+01,3.079192191844327908e+00,3.079192191844327908e+00
8.089999999999871960e+00,7.197953952398593458e+01,3.078187673831554783e+00,3.078187673831554783e+00
8.099999999999871747e+00,7.204109327831976373e+01,3.077188565936588738e+00,3.077188565936588738e+00
8.109999999999871534e+00,7.210262710445880430e+01,3.076194859400442461e+00,3.076194859400442461e+00
8.119999999999871321e+00,7.216414111034299594e+01,3.075206545449981732e+00,3.075206545449981732e+00
8.129999999999871108e+00,7.222563540373674584e+01,3.074223615297878354e+00,3.074223615297878354e+00
8.139999999999870894e+00,7.228711009222855921e+01,3.073246060142547975e+00,3.073246060142547975e+00
8.149999999999870681e+00,7.234856528323074087e+01,3.072273871168080372e+00,3.072273871168080372e+00
8.159999999999870468e+00,7.241000108397921053e+01,3.071307039544206141e+00,3.071307039544206141e+00
8.169999999999870255e+00,7.247141760153294854e+01,3.070345556426242517e+00,3.070345556426242517e+00
8.179999999999870042e+00,7.253281494277413799e+01,3.069389412955038754e+00,3.069389412955038754e+00
8.189999999999869829e+00,7.259419321440744000e+01,3.068438600256914839e+00,3.068438600256914839e+00
8.199999999999869615e+00,7.265555252296002209e+01,3.067493109443635735e+00,3.067493109443635735e+00
8.209999999999869402e+00,7.271689297478097558e+01,3.066552931612358091e+00,3.066552931612358091e+00
8.219999999999869189e+00,7.277821467604145766e+01,3.065618057845587607e+00,3.065618057845587607e+00
8.229999999999868976e+00,7.283951773273382457e+01,3.064688479211141736e+00,3.064688479211141736e+00
8.239999999999868763e+00,7.290080225067184472e+01,3.063764186762110153e+00,3.063764186762110153e+00
8.249999999999868550e+00,7.296206833549011606e+01,3.062845171536795696e+00,3.062845171536795696e+00
8.259999999999868336e+00,7.302331609264382450e+01,3.061931424558711257e+00,3.061931424558711257e+00
8.269999999999868123e+00,7.308454562740864446e+01,3.061022936836534036e+00,3.061022936836534036e+00
8.279999999999867910e+00,7.314575704487999985e+01,3.060119699364047374e+00,3.060119699364047374e+00
8.289999999999867697e+00,7.320695044997327727e+01,3.059221703120142077e+00,3.059221703120142077e+00
8.299999999999867484e+00,7.326812594742318652e+01,3.058328939068781338e+00,3.058328939068781338e+00
8.309999999999867271e+00,7.332928364178354741e+01,3.057441398158969204e+00,3.057441398158969204e+00
8.319999999999867057e+00,7.339042363742707664e+01,3.056559071324692844e+00,3.056559071324692844e+00
8.329999999999866844e+00,7.345154603854496145e+01,3.055681949484945648e+00,3.055681949484945648e+00
8.339999999999866631e+00,7.351265094914660381e+01,3.054810023543697461e+00,3.054810023543697461e+00
8.349999999999866418e+00,7.357373847305946413e+01,3.053943284389829316e+00,3.053943284389829316e+00
8.359999999999866205e+00,7.363480871392843596e+01,3.053081722897154737e+00,3.053081722897154737e+00
8.369999999999865992e+00,7.369586177521580339e+01,3.052225329924405095e+00,3.052225329924405095e+00
8.379999999999865778e+00,7.375689776020099941e+01,3.051374096315180307e+00,3.051374096315180307e+00
8.389999999999865565e+00,7.381791677198000912e+01,3.050528012897944397e+00,3.050528012897944397e+00
8.399999999999865352e+00,7.387891891346532702e+01,3.049687070486025497e+00,3.049687070486025497e+00
8.409999999999865139e+00,7.393990428738548815e+01,3.048851259877605635e+00,3.048851259877605635e+00
8.419999999999864926e+00,7.400087299628488324e+01,3.048020571855691419e+00,3.048020571855691419e+00
8.429999999999864713e+00,7.406182514252344617e+01,3.047194997188106491e+00,3.047194997188106491e+00
8.439999999999864500e+00,7.412276082827627022e+01,3.046374526627487089e+00,3.046374526627487089e+00
8.449999999999864286e+00,7.418368015553332384e+01,3.045559150911269608e+00,3.045559150911269608e+00
8.459999999999864073e+00,7.424458322609918071e+01,3.044748860761712361e+00,3.044748860761712361e+00
8.469999999999863860e+00,7.430547014159276387e+01,3.043943646885886700e+00,3.043943646885886700e+00
8.479999999999863647e+00,7.436634100344691944e+01,3.043143499975636157e+00,3.043143499975636157e+00
8.489999999999863434e+00,7.442719591290820347e+01,3.042348410707595541e+00,3.042348410707595541e+00
8.499999999999863221e+00,7.448803497103652660e+01,3.041558369743207813e+00,3.041558369743207813e+00
8.509999999999863007e+00,7.454885827870492676e+01,3.040773367728722754e+00,3.040773367728722754e+00
8.519999999999862794e+00,7.460966593659917123e+01,3.039993395295182310e+00,3.039993395295182310e+00
8.529999999999862581e+00,7.467045804521748664e+01,3.039218443058436137e+00,3.039218443058436137e+00
8.539999999999862368e+00,7.473123470487028897e+01,3.038448501619159359e+00,3.038448501619159359e+00
8.549999999999862155e+00,7.479199601567984246e+01,3.037683561562842360e+00,3.037683561562842360e+00
8.559999999999861942e+00,7.485274207757996123e+01,3.036923613459809435e+00,3.036923613459809435e+00
8.569999999999861728e+00,7.491347299031568241e+01,3.036168647865236547e+00,3.036168647865236547e+00
8.579999999999861515e+00,7.497418885344313821e+01,3.035418655319141568e+00,3.035418655319141568e+00
8.589999999999861302e+00,7.503488976632887386e+01,3.034673626346409137e+00,3.034673626346409137e+00
8.599999999999861089e+00,7.509557582815001808e+01,3.033933551456818645e+00,3.033933551456818645e+00
8.609999999999860876e+00,7.515624713789351574e+01,3.033198421145044676e+00,3.033198421145044676e+00
8.619999999999860663e+00,7.521690379435622731e+01,3.032468225890669888e+00,3.032468225890669888e+00
8.629999999999860449e+00,7.527754589614438885e+01,3.031742956158231639e+00,3.031742956158231639e+00
8.639999999999860236e+00,7.533817354167339886e+01,3.031022602397209553e+00,3.031022602397209553e+00
8.649999999999860023e+00,7.539878682916742036e+01,3.030307155042050837e+00,3.030307155042050837e+00
8.659999999999859810e+00,7.545938585665922460e+01,3.029596604512217795e+00,3.029596604512217795e+00
8.669999999999859597e+00,7.551997072198983574e+01,3.028890941212193155e+00,3.028890941212193155e+00
8.679999999999859384e+00,7.558054152280807614e+01,3.028190155531512495e+00,3.028190155531512495e+00
8.689999999999859170e+00,7.564109835657066583e+01,3.027494237844761127e+00,3.027494237844761127e+00
8.699999999999858957e+00,7.570164132054134143e+01,3.026803178511652703e+00,3.026803178511652703e+00
8.709999999999858744e+00,7.576217051179122564e+01,3.026116967877035879e+00,3.026116967877035879e+00
8.719999999999858531e+00,7.582268602719784667e+01,3.025435596270911631e+00,3.025435596270911631e+00
8.729999999999858318e+00,7.588318796344542250e+01,3.024759054008481662e+00,3.024759054008481662e+00
8.739999999999858105e+00,7.594367641702433502e+01,3.024087331390166611e+00,3.024087331390166611e+00
8.749999999999857891e+00,7.600415148423060430e+01,3.023420418701653567e+00,3.023420418701653567e+00
8.759999999999857678e+00,7.606461326116604482e+01,3.022758306213920054e+00,3.022758306213920054e+00
8.769999999999857465e+00,7.612506184373761187e+01,3.022100984183281991e+00,3.022100984183281991e+00
8.779999999999857252e+00,7.618549732765727356e+01,3.021448442851426552e+00,3.021448442851426552e+00
8.789999999999857039e+00,7.624591980844174088e+01,3.020800672445452140e+00,3.020800672445452140e+00
8.799999999999856826e+00,7.630632938141198451e+01,3.020157663177913676e+00,3.020157663177913676e+00
8.809999999999856612e+00,7.636672614169326323e+01,3.019519405246839039e+00,3.019519405246839039e+00
8.819999999999856399e+00,7.642711018421444180e+01,3.018885888835794784e+00,3.018885888835794784e+00
8.829999999999856186e+00,7.648748160370809046e+01,3.018257104113926559e+00,3.018257104113926559e+00
8.839999999999855973e+00,7.654784049470993068e+01,3.017633041236011948e+00,3.017633041236011948e+00
8.849999999999855760e+00,7.660818695155862201e+01,3.017013690342489340e+00,3.017013690342489340e+00
8.859999999999855547e+00,7.666852106839553471e+01,3.016399041559519212e+00,3.016399041559519212e+00
8.869999999999855333e+00,7.672884293916438025e+01,3.015789084999015657e+00,3.015789084999015657e+00
8.879999999999855120e+00,7.678915265761099818e+01,3.015183810758705896e+00,3.015183810758705896e+00
8.889999999999854907e+00,7.684945031728298659e+01,3.014583208922180901e+00,3.014583208922180901e+00
8.899999999999854694e+00,7.690973601152951744e+01,3.013987269558949578e+00,3.013987269558949578e+00
8.909999999999854481e+00,7.697000983350106651e+01,3.013395982724485389e+00,3.013395982724485389e+00
8.919999999999854268e+00,7.703027187614890181e+01,3.012809338460282760e+00,3.012809338460282760e+00
8.929999999999854055e+00,7.709052223222514044e+01,3.012227326793919246e+00,3.012227326793919246e+00
8.939999999999853841e+00,7.715076099428225120e+01,3.011649937739102612e+00,3.011649937739102612e+00
8.949999999999853628e+00,7.721098825467289828e+01,3.011077161295722782e+00,3.011077161295722782e+00
8.959999999999853415e+00,7.727120410554947227e+01,3.010508987449908691e+00,3.010508987449908691e+00
8.969999999999853202e+00,7.733140863886406180e+01,3.009945406174103333e+00,3.009945406174103333e+00
8.979999999999852989e+00,7.739160194636799872e+01,3.009386407427125931e+00,3.009386407427125931e+00
8.989999999999852776e+00,7.745178411961178710e+01,3.008831981154224788e+00,3.008831981154224788e+00
8.999999999999852562e+00,7.751195524994443531e+01,3.008282117287119029e+00,3.008282117287119029e+00
9.009999999999852349e+00,7.757211542851376862e+01,3.007736805744084307e+00,3.007736805744084307e+00
9.019999999999852136e+00,7.763226474626554818e+01,3.007196036430025643e+00,3.007196036430025643e+00
9.029999999999851923e+00,7.769240329394376943e+01,3.006659799236531594e+00,3.006659799236531594e+00
9.039999999999851710e+00,7.775253116208985205e+01,3.006128084041925330e+00,3.006128084041925330e+00
9.049999999999851497e+00,7.781264844104289580e+01,3.005600880711349454e+00,3.005600880711349454e+00
9.059999999999851283e+00,7.787275522093896996e+01,3.005078179096833946e+00,3.005078179096833946e+00
9.069999999999851070e+00,7.793285159171122700e+01,3.004559969037367662e+00,3.004559969037367662e+00
9.079999999999850857e+00,7.799293764308934840e+01,3.004046240358951181e+00,3.004046240358951181e+00
9.089999999999850644e+00,7.805301346459943090e+01,3.003536982874686956e+00,3.003536982874686956e+00
9.099999999999850431e+00,7.811307914556371657e+01,3.003032186384855695e+00,3.003032186384855695e+00
9.109999999999850218e+00,7.817313477510032271e+01,3.002531840676959884e+00,3.002531840676959884e+00
9.119999999999850004e+00,7.823318044212297195e+01,3.002035935525818822e+00,3.002035935525818822e+00
9.129999999999849791e+00,7.829321623534082164e+01,3.001544460693648997e+00,3.001544460693648997e+00
9.139999999999849578e+00,7.835324224325799491e+01,3.001057405930121824e+00,3.001057405930121824e+00
9.149999999999849365e+00,7.841325855417365176e+01,3.000574760972461785e+00,3.000574760972461785e+00
9.159999999999849152e+00,7.847326525618149162e+01,3.000096515545509046e+00,3.000096515545509046e+00
9.169999999999848939e+00,7.853326243716956867e+01,2.999622659361784294e+00,2.999622659361784294e+00
9.179999999999848725e+00,7.859325018482009284e+01,2.999153182121612637e+00,2.999153182121612637e+00
9.189999999999848512e+00,7.865322858660915983e+01,2.998688073513160912e+00,2.998688073513160912e+00
9.199999999999848299e+00,7.871319772980646690e+01,2.998227323212524720e+00,2.998227323212524720e+00
9.209999999999848086e+00,7.877315770147522755e+01,2.997770920883855439e+00,2.997770920883855439e+00
9.219999999999847873e+00,7.883310858847163161e+01,2.997318856179384206e+00,2.997318856179384206e+00
9.229999999999847660e+00,7.889305047744494459e+01,2.996871118739528050e+00,2.996871118739528050e+00
9.239999999999847446e+00,7.895298345483706726e+01,2.996427698192972056e+00,2.996427698192972056e+00
9.249999999999847233e+00,7.901290760688227977e+01,2.995988584156780821e+00,2.995988584156780821e+00
9.259999999999847020e+00,7.907282293530869310e+01,2.995545357214203452e+00,2.995545357214203452e+00
9.269999999999846807e+00,7.913272944291553301e+01,2.995106502246193347e+00,2.995106502246193347e+00
9.279999999999846594e+00,7.919262721703582031e+01,2.994672008552328624e+00,2.994672008552328624e+00
9.289999999999846381e+00,7.925251634478813401e+01,2.994241865421763737e+00,2.994241865421763737e+00
9.299999999999846167e+00,7.931239691307686712e+01,2.993816062133303202e+00,2.993816062133303202e+00
9.309999999999845954e+00,7.937226900859187140e+01,2.993394587955473973e+00,2.993394587955473973e+00
9.319999999999845741e+00,7.943213271780825835e+01,2.992977432146625816e+00,2.992977432146625816e+00
9.329999999999845528e+00,7.949198812698622874e+01,2.992564583955027224e+00,2.992564583955027224e+00
9.339999999999845315e+00,7.955183532217080256e+01,2.992156032618905392e+00,2.992156032618905392e+00
9.349999999999845102e+00,7.961167438919166273e+01,2.991751767366563897e+00,2.991751767366563897e+00
9.359999999999844889e+00,7.967150541366301297e+01,2.991351777416474178e+00,2.991351777416474178e+00
9.369999999999844675e+00,7.973132848098326519e+01,2.990956051977347929e+00,2.990956051977347929e+00
9.379999999999844462e+00,7.979114367633495419e+01,2.990564580248235238e+00,2.990564580248235238e+00
9.389999999999844249e+00,7.985095108468443925e+01,2.990177351418616958e+00,2.990177351418616958e+00
9.399999999999844036e+00,7.991075079078186150e+01,2.989794354668476206e+00,2.989794354668476206e+00
9.409999999999843823e+00,7.997054287916083126e+01,2.989415579168411163e+00,2.989415579168411163e+00
9.419999999999843610e+00,8.003032743413815808e+01,2.989041014079715897e+00,2.989041014079715897e+00
9.429999999999843396e+00,8.009010453981395017e+01,2.988670648554485165e+00,2.988670648554485165e+00
9.439999999999843183e+00,8.014987428007120229e+01,2.988304471735706791e+00,2.988304471735706791e+00
9.449999999999842970e+00,8.020963673857571052e+01,2.987942472757316281e+00,2.987942472757316281e+00
9.459999999999842757e+00,8.026939199877575959e+01,2.987584640744350040e+00,2.987584640744350040e+00
9.469999999999842544e+00,8.032914014390213708e+01,2.987230964813014644e+00,2.987230964813014644e+00
9.479999999999842331e+00,8.038888125696780662e+01,2.986881434070770780e+00,2.986881434070770780e+00
9.489999999999842117e+00,8.044861542076785099e+01,2.986536037616454919e+00,2.986536037616454919e+00
9.499999999999841904e+00,8.050834271787924479e+01,2.986194764540367697e+00,2.986194764540367697e+00
9.509999999999841691e+00,8.056806323066058440e+01,2.985857603924358727e+00,2.985857603924358727e+00
9.519999999999841478e+00,8.062777704125211642e+01,2.985524544841953620e+00,2.985524544841953620e+00
9.529999999999841265e+00,8.068748423157543925e+01,2.985195576358441016e+00,2.985195576358441016e+00
9.539999999999841052e+00,8.074718488333341782e+01,2.984870687530959188e+00,2.984870687530959188e+00
9.549999999999840838e+00,8.080687907800987091e+01,2.984549867408618606e+00,2.984549867408618606e+00
9.559999999999840625e+00,8.086656689686962807e+01,2.984233105032591205e+00,2.984233105032591205e+00
9.569999999999840412e+00,8.092624842095817428e+01,2.983920389436225840e+00,2.983920389436225840e+00
9.579999999999840199e+00,8.098592373110169262e+01,2.983611709645126009e+00,2.983611709645126009e+00
9.589999999999839986e+00,8.104559290790669479e+01,2.983307054677300840e+00,2.983307054677300840e+00
9.599999999999839773e+00,8.110525603175997844e+01,2.983006413543240587e+00,2.983006413543240587e+00
9.609999999999839559e+00,8.116491318282858458e+01,2.982709775246007222e+00,2.982709775246007222e+00
9.619999999999839346e+00,8.122456444105944229e+01,2.982417128781353455e+00,2.982417128781353455e+00
9.629999999999839133e+00,8.128420988617935450e+01,2.982128463137834640e+00,2.982128463137834640e+00
9.639999999999838920e+00,8.134384959769477064e+01,2.981843767296940229e+00,2.981843767296940229e+00
9.649999999999838707e+00,8.140348365489180082e+01,2.981563030233157274e+00,2.981563030233157274e+00
9.659999999999838494e+00,8.146311213683584640e+01,2.981286240914096553e+00,2.981286240914096553e+00
9.669999999999838280e+00,8.152273512237175623e+01,2.981013388300604028e+00,2.981013388300604028e+00
9.679999999999838067e+00,8.158235269012337199e+01,2.980744461346886975e+00,2.980744461346886975e+00
9.689999999999837854e+00,8.164196491849362758e+01,2.980479449000599246e+00,2.980479449000599246e+00
9.699999999999837641e+00,8.170157188566432183e+01,2.980218340202957172e+00,2.980218340202957172e+00
9.709999999999837428e+00,8.176117366959606159e+01,2.979961123888866137e+00,2.979961123888866137e+00
9.719999999999837215e+00,8.182077034802799176e+01,2.979707788987020045e+00,2.979707788987020045e+00
9.729999999999837001e+00,8.188036199847783791e+01,2.979458324420015902e+00,2.979458324420015902e+00
9.739999999999836788e+00,8.193994869824172156e+01,2.979212719104467499e+00,2.979212719104467499e+00
9.749999999999836575e+00,8.199953052439401802e+01,2.978970961951117769e+00,2.978970961951117769e+00
9.759999999999836362e+00,8.205910750665535147e+01,2.978728349669029107e+00,2.978728349669029107e+00
9.769999999999836149e+00,8.211867967571384952e+01,2.978489640278705330e+00,2.978489640278705330e+00
9.779999999999835936e+00,8.217824710951376233e+01,2.978254822408918479e+00,2.978254822408918479e+00
9.789999999999835723e+00,8.223780988577208007e+01,2.978023884683642653e+00,2.978023884683642653e+00
9.799999999999835509e+00,8.229736808197809239e+01,2.977796815722208112e+00,2.977796815722208112e+00
9.809999999999835296e+00,8.235692177539344527e+01,2.977573604139379881e+00,2.977573604139379881e+00
9.819999999999835083e+00,8.241647104305202731e+01,2.977354238545459442e+00,2.977354238545459442e+00
9.829999999999834870e+00,8.247601596175995553e+01,2.977138707546428620e+00,2.977138707546428620e+00
9.839999999999834657e+00,8.253555660809530536e+01,2.976926999744051283e+00,2.976926999744051283e+00
9.849999999999834444e+00,8.259509305840825277e+01,2.976719103735978145e+00,2.976719103735978145e+00
9.859999999999834230e+00,8.265462538882084687e+01,2.976515008115837801e+00,2.976515008115837801e+00
9.869999999999834017e+00,8.271415367522696727e+01,2.976314701473428581e+00,2.976314701473428581e+00
9.879999999999833804e+00,8.277367799329222464e+01,2.976118172394793593e+00,2.976118172394793593e+00
9.889999999999833591e+00,8.283319841845394649e+01,2.975925409462297111e+00,2.975925409462297111e+00
9.899999999999833378e+00,8.289271502592102081e+01,2.975736401254802654e+00,2.975736401254802654e+00
9.909999999999833165e+00,8.295222789067398139e+01,2.975551136347759584e+00,2.975551136347759584e+00
9.919999999999832951e+00,8.301173708746479463e+01,2.975369603313329669e+00,2.975369603313329669e+00
9.929999999999832738e+00,8.307124269081674584e+01,2.975191790720505658e+00,2.975191790720505658e+00
9.939999999999832525e+00,8.313074477502452453e+01,2.975017687135212086e+00,2.975017687135212086e+00
9.949999999999832312e+00,8.319024341415415336e+01,2.974847281120452269e+00,2.974847281120452269e+00
9.959999999999832099e+00,8.324973868204287442e+01,2.974680561236433984e+00,2.974680561236433984e+00
9.969999999999831886e+00,8.330923065229904978e+01,2.974517516040656950e+00,2.974517516040656950e+00
9.979999999999831672e+00,8.336871939830220413e+01,2.974358134088029182e+00,2.974358134088029182e+00
9.989999999999831459e+00,8.342820499320288263e+01,2.974202403931022864e+00,2.974202403931022864e+00
9.999999999999831246e+00,8.348768750992279308e+01,2.974050314119796035e+00,2.974050314119796035e+00
1.000999999999983103e+01,8.354716702115443638e+01,2.973901853202298717e+00,2.973901853202298717e+00
1.001999999999983082e+01,8.360664359936143342e+01,2.973757009724386613e+00,2.973757009724386613e+00
1.002999999999983061e+01,8.366611731677808450e+01,2.973615772229948551e+00,2.973615772229948551e+00
1.003999999999983039e+01,8.372558824540982414e+01,2.973478129261044600e+00,2.973478129261044600e+00
1.004999999999983018e+01,8.378505645703262417e+01,2.973344069358020203e+00,2.973344069358020203e+00
1.005999999999982997e+01,8.384452202319347691e+01,2.973213581059626520e+00,2.973213581059626520e+00
1.006999999999982975e+01,8.390398501520992625e+01,2.973086652903150995e+00,2.973086652903150995e+00
1.007999999999982954e+01,8.396344550417046548e+01,2.972963273424541253e+00,2.972963273424541253e+00
1.008999999999982933e+01,8.402290356093409684e+01,2.972843431158535221e+00,2.972843431158535221e+00
1.009999999999982911e+01,8.408235925613070094e+01,2.972727114638782364e+00,2.972727114638782364e+00
1.010999999999982890e+01,8.414181266016059624e+01,2.972614312397964920e+00,2.972614312397964920e+00
1.011999999999982869e+01,8.420126384319492274e+01,2.972505012967905813e+00,2.972505012967905813e+00
1.012999999999982847e+01,8.426071287517537201e+01,2.972399204879741852e+00,2.972399204879741852e+00
1.013999999999982826e+01,8.432015982581425817e+01,2.972296876664033416e+00,2.972296876664033416e+00
1.014999999999982805e+01,8.437960476459447534e+01,2.972198016850867930e+00,2.972198016850867930e+00
1.015999999999982784e+01,8.443904776076963969e+01,2.972102613970012186e+00,2.972102613970012186e+00
1.016999999999982762e+01,8.449848888336379105e+01,2.972010656551031360e+00,2.972010656551031360e+00
1.017999999999982741e+01,8.455792820117164865e+01,2.971922133123398257e+00,2.971922133123398257e+00
1.018999999999982720e+01,8.461736578275845488e+01,2.971837032216663843e+00,2.971837032216663843e+00
1.019999999999982698e+01,8.467680169646017418e+01,2.971755342360565155e+00,2.971755342360565155e+00
1.020999999999982677e+01,8.473623601038323727e+01,2.971677052085137660e+00,2.971677052085137660e+00
1.021999999999982656e+01,8.479566879240474009e+01,2.971602149920869795e+00,2.971602149920869795e+00
1.022999999999982634e+01,8.485510011017238696e+01,2.971530624398819320e+00,2.971530624398819320e+00
1.023999999999982613e+01,8.491453003110444797e+01,2.971462464050757646e+00,2.971462464050757646e+00
1.024999999999982592e+01,8.497395862238998632e+01,2.971397657409266202e+00,2.971397657409266202e+00
1.025999999999982570e+01,8.503338595098851727e+01,2.971336193007902526e+00,2.971336193007902526e+00
1.026999999999982549e+01,8.509281208363042026e+01,2.971278059381329051e+00,2.971278059381329051e+00
1.027999999999982528e+01,8.515223708681668313e+01,2.971223245065419238e+00,2.971223245065419238e+00
1.028999999999982506e+01,8.521166102681904420e+01,2.971171738597403245e+00,2.971171738597403245e+00
1.029999999999982485e+01,8.527108396967997805e+01,2.971123528515997592e+00,2.971123528515997592e+00
1.030999999999982464e+01,8.533050598121279506e+01,2.971078603361546389e+00,2.971078603361546389e+00
1.031999999999982442e+01,8.538992712700162713e+01,2.971036951676127913e+00,2.971036951676127913e+00
1.032999999999982421e+01,8.544934747240138506e+01,2.970998562003714927e+00,2.970998562003714927e+00
1.033999999999982400e+01,8.550876708253795755e+01,2.970963422890298133e+00,2.970963422890298133e+00
1.034999999999982379e+01,8.556818602230816850e+01,2.970931522884010967e+00,2.970931522884010967e+00
1.035999999999982357e+01,8.562760435637976286e+01,2.970902850535250828e+00,2.970902850535250828e+00
1.036999999999982336e+01,8.568702214919164817e+01,2.970877394396846505e+00,2.970877394396846505e+00
1.037999999999982315e+01,8.574643946495359614e+01,2.970855143024163425e+00,2.970855143024163425e+00
1.038999999999982293e+01,8.580585636764676849e+01,2.970836084975243097e+00,2.970836084975243097e+00
1.039999999999982272e+01,8.586527292102327635e+01,2.970820208810935004e+00,2.970820208810935004e+00
1.040999999999982251e+01,8.592468918585556992e+01,2.970807247168894882e+00,2.970807247168894882e+00
1.041999999999982229e+01,8.598410522370757292e+01,2.970797508151891808e+00,2.970797508151891808e+00
1.042999999999982208e+01,8.604352109891509315e+01,2.970790980085042055e+00,2.970790980085042055e+00
1.043999999999982187e+01,8.610293687558073827e+01,2.970787651297253529e+00,2.970787651297253529e+00
1.044999999999982165e+01,8.616235261757339003e+01,2.970787510121377206e+00,2.970787510121377206e+00
1.045999999999982144e+01,8.622176838852885794e+01,2.970790544894306162e+00,2.970790544894306162e+00
1.046999999999982123e+01,8.628118425184966611e+01,2.970796743957107022e+00,2.970796743957107022e+00
1.047999999999982101e+01,8.634060027070513854e+01,2.970806095655151413e+00,2.970806095655151413e+00
1.048999999999982080e+01,8.640001650803165489e+01,2.970818588338267840e+00,2.970818588338267840e+00
1.049999999999982059e+01,8.645943302653259366e+01,2.970834210360854488e+00,2.970834210360854488e+00
1.050999999999982037e+01,8.651884988867836057e+01,2.970852950082025767e+00,2.970852950082025767e+00
1.051999999999982016e+01,8.657826715670677231e+01,2.970874795865728224e+00,2.970874795865728224e+00
1.052999999999981995e+01,8.663768489262287176e+01,2.970899736080893305e+00,2.970899736080893305e+00
1.053999999999981974e+01,8.669710315819916957e+01,2.970927759101552823e+00,2.970927759101552823e+00
1.054999999999981952e+01,8.675652201497562999e+01,2.970958853306984171e+00,2.970958853306984171e+00
1.055999999999981931e+01,8.681594152425995503e+01,2.970993007081832005e+00,2.970993007081832005e+00
1.056999999999981910e+01,8.687536174712751347e+01,2.971030208816249463e+00,2.971030208816249463e+00
1.057999999999981888e+01,8.693478274442161080e+01,2.971070446906036278e+00,2.971070446906036278e+00
1.058999999999981867e+01,8.699420457675347507e+01,2.971113709752746246e+00,2.971113709752746246e+00
1.059999999999981846e+01,8.705362730450237052e+01,2.971159985763860423e+00,2.971159985763860423e+00
1.060999999999981824e+01,8.711305098781589606e+01,2.971209263352899477e+00,2.971209263352899477e+00
1.061999999999981803e+01,8.717247568660985735e+01,2.971261530939533380e+00,2.971261530939533380e+00
1.062999999999981782e+01,8.723190146056862204e+01,2.971316776949748828e+00,2.971316776949748828e+00
1.063999999999981760e+01,8.729132836914504878e+01,2.971374989815976253e+00,2.971374989815976253e+00
1.064999999999981739e+01,8.735075647156078560e+01,2.971436157977208836e+00,2.971436157977208836e+00
1.065999999999981718e+01,8.741018582680626992e+01,2.971500269879155720e+00,2.971500269879155720e+00
1.066999999999981696e+01,8.746961649364091329e+01,2.971567313974365909e+00,2.971567313974365909e+00
1.067999999999981675e+01,8.752904853059334300e+01,2.971637278722359277e+00,2.971637278722359277e+00
1.068999999999981654e+01,8.758848199596133099e+01,2.971710152589742027e+00,2.971710152589742027e+00
1.069999999999981632e+01,8.764791694781206388e+01,2.971785924050373673e+00,2.971785924050373673e+00
1.070999999999981611e+01,8.770735344398239874e+01,2.971864581585501153e+00,2.971864581585501153e+00
1.071999999999981590e+01,8.776679154207877787e+01,2.971946113683860080e+00,2.971946113683860080e+00
1.072999999999981569e+01,8.782623129947744189e+01,2.972030508841831953e+00,2.972030508841831953e+00
1.073999999999981547e+01,8.788567277332484196e+01,2.972117755563571606e+00,2.972117755563571606e+00
1.074999999999981526e+01,8.794511602053738386e+01,2.972207842361143992e+00,2.972207842361143992e+00
1.075999999999981505e+01,8.800456109780188285e+01,2.972300757754645861e+00,2.972300757754645861e+00
1.076999999999981483e+01,8.806400806157560623e+01,2.972396490272353642e+00,2.972396490272353642e+00
1.077999999999981462e+01,8.812345696808651496e+01,2.972495028450834909e+00,2.972495028450834909e+00
1.078999999999981441e+01,8.818290787333339154e+01,2.972596360835104257e+00,2.972596360835104257e+00
1.079999999999981419e+01,8.824236083308591105e+01,2.972700475978762302e+00,2.972700475978762302e+00
1.080999999999981398e+01,8.830181590288496807e+01,2.972807362444104484e+00,2.972807362444104484e+00
1.081999999999981377e+01,8.836127313804284711e+01,2.972917008802256067e+00,2.972917008802256067e+00
1.082999999999981355e+01,8.842073259364319426e+01,2.973029403633325796e+00,2.973029403633325796e+00
1.083999999999981334e+01,8.848019432454151456e+01,2.973144535526506704e+00,2.973144535526506704e+00
1.084999999999981313e+01,8.853965838536505828e+01,2.973262393080235988e+00,2.973262393080235988e+00
1.085999999999981291e+01,8.859912483051320464e+01,2.973382964902333558e+00,2.973382964902333558e+00
1.086999999999981270e+01,8.865859371415761814e+01,2.973506239610108182e+00,2.973506239610108182e+00
1.087999999999981249e+01,8.871806509024227694e+01,2.973632205830499586e+00,2.973632205830499586e+00
1.088999999999981227e+01,8.877753901248387081e+01,2.973760852200215243e+00,2.973760852200215243e+00
1.089999999999981206e+01,8.883701553437198584e+01,2.973892167365862704e+00,2.973892167365862704e+00
1.090999999999981185e+01,8.889649470916913288e+01,2.974026139984070838e+00,2.974026139984070838e+00
1.091999999999981164e+01,8.895597658991107437e+01,2.974162758721624833e+00,2.974162758721624833e+00
1.092999999999981142e+01,8.901546122940708017e+01,2.974302012255619854e+00,2.974302012255619854e+00
1.093999999999981121e+01,8.907494868023997014e+01,2.974443889273549857e+00,2.974443889273549857e+00
1.094999999999981100e+01,8.913443899476655474e+01,2.974588378473482564e+00,2.974588378473482564e+00
1.095999999999981078e+01,8.919393222511747865e+01,2.974735468564166041e+00,2.974735468564166041e+00
1.096999999999981057e+01,8.925342842319798820e+01,2.974885148265149049e+00,2.974885148265149049e+00
1.097999999999981036e+01,8.931292764068750500e+01,2.975037406306946242e+00,2.975037406306946242e+00
1.098999999999981014e+01,8.937242992904033656e+01,2.975192231431145196e+00,2.975192231431145196e+00
1.099999999999980993e+01,8.943193533948583251e+01,2.975349612390531195e+00,2.975349612390531195e+00
1.100999999999980972e+01,8.949144392302827100e+01,2.975509537949225791e+00,2.975509537949225791e+00
1.101999999999980950e+01,8.955095573044749813e+01,2.975671996882832460e+00,2.975671996882832460e+00
1.102999999999980929e+01,8.961047081229891376e+01,2.975836977978545406e+00,2.975836977978545406e+00
1.103999999999980908e+01,8.966998921891385521e+01,2.976004470035286342e+00,2.976004470035286342e+00
1.104999999999980886e+01,8.972951100039958305e+01,2.976174461863830611e+00,2.976174461863830611e+00
1.105999999999980865e+01,8.978903620663992058e+01,2.976346942286937303e+00,2.976346942286937303e+00
1.106999999999980844e+01,8.984856488729514012e+01,2.976521900139467824e+00,2.976521900139467824e+00
1.107999999999980822e+01,8.990809709180233256e+01,2.976699324268528457e+00,2.976699324268528457e+00
1.108999999999980801e+01,8.996763286937564885e+01,2.976879203533613349e+00,2.976879203533613349e+00
1.109999999999980780e+01,9.002717226900662695e+01,2.977061526806702219e+00,2.977061526806702219e+00
1.110999999999980759e+01,9.008671533946420595e+01,2.977246282972397573e+00,2.977246282972397573e+00
1.111999999999980737e+01,9.014626212929537985e+01,2.977433460928056608e+00,2.977433460928056608e+00
1.112999999999980716e+01,9.020581268682499854e+01,2.977623049583905779e+00,2.977623049583905779e+00
1.113999999999980695e+01,9.026536706015639311e+01,2.977815037863201564e+00,2.977815037863201564e+00
1.114999999999980673e+01,9.032492529717146112e+01,2.978009414702332158e+00,2.978009414702332158e+00
1.115999999999980652e+01,9.038448744553080871e+01,2.978206169050936492e+00,2.978206169050936492e+00
1.116999999999980631e+01,9.044405355267439006e+01,2.978405289872018358e+00,2.978405289872018358e+00
1.117999999999980609e+01,9.050362366582150742e+01,2.978606766142108953e+00,2.978606766142108953e+00
1.118999999999980588e+01,9.056319783197088213e+01,2.978810586851391218e+00,2.978810586851391218e+00
1.119999999999980567e+01,9.062277609790159261e+01,2.979016741003795765e+00,2.979016741003795765e+00
1.120999999999980545e+01,9.068235855282247826e+01,2.979229497624693135e+00,2.979229497624693135e+00
1.121999999999980524e+01,9.074194528649258018e+01,2.979444612593074915e+00,2.979444612593074915e+00
1.122999999999980503e+01,9.080153634596713630e+01,2.979662074734359845e+00,2.979662074734359845e+00
1.123999999999980481e+01,9.086113177807804675e+01,2.979881872888602068e+00,2.979881872888602068e+00
1.124999999999980460e+01,9.092073162943415809e+01,2.980103995910599934e+00,2.980103995910599934e+00
1.125999999999980439e+01,9.098033594642156174e+01,2.980328432670047878e+00,2.980328432670047878e+00
1.126999999999980417e+01,9.103994477520380713e+01,2.980555172051647883e+00,2.980555172051647883e+00
1.127999999999980396e+01,9.109955816172247012e+01,2.980784202955214734e+00,2.980784202955214734e+00
1.128999999999980375e+01,9.115917615169702515e+01,2.981015514295834112e+00,2.981015514295834112e+00
1.129999999999980353e+01,9.121879879062564100e+01,2.981249095003956739e+00,2.981249095003956739e+00
1.130999999999980332e+01,9.127842612378515241e+01,2.981484934025502742e+00,2.981484934025502742e+00
1.131999999999980311e+01,9.133805819623141531e+01,2.981723020322018414e+00,2.981723020322018414e+00
1.132999999999980290e+01,9.139769505279973316e+01,2.981963342870811662e+00,2.981963342870811662e+00
1.133999999999980268e+01,9.145733673810515540e+01,2.982205890665027948e+00,2.982205890665027948e+00
1.134999999999980247e+01,9.151698329654259112e+01,2.982450652713771522e+00,2.982450652713771522e+00
1.135999999999980226e+01,9.157663477228744853e+01,2.982697618042239984e+00,2.982697618042239984e+00
1.136999999999980204e+01,9.163629120929577709e+01,2.982946775691860175e+00,2.982946775691860175e+00
1.137999999999980183e+01,9.169595265130456596e+01,2.983198114720400973e+00,2.983198114720400973e+00
1.138999999999980162e+01,9.175561914183219869e+01,2.983451624202056784e+00,2.983451624202056784e+00
1.139999999999980140e+01,9.181529072417855275e+01,2.983707293227606083e+00,2.983707293227606083e+00
1.140999999999980119e+01,9.187496744142566740e+01,2.983965110904502893e+00,2.983965110904502893e+00
1.141999999999980098e+01,9.193464933643782899e+01,2.984225066357012235e+00,2.984225066357012235e+00
1.142999999999980076e+01,9.199433645186191200e+01,2.984487148726336692e+00,2.984487148726336692e+00
1.143999999999980055e+01,9.205402883012790483e+01,2.984751347170698121e+00,2.984751347170698121e+00
1.144999999999980034e+01,9.211372651344903772e+01,2.985017650865446459e+00,2.985017650865446459e+00
1.145999999999980012e+01,9.217342954382220910e+01,2.985286049003222697e+00,2.985286049003222697e+00
1.146999999999979991e+01,9.223313796302845446e+01,2.985556530794052588e+00,2.985556530794052588e+00
1.147999999999979970e+01,9.229285181263307436e+01,2.985829085465451893e+00,2.985829085465451893e+00
1.148999999999979948e+01,9.235257113398614592e+01,2.986103702262560056e+00,2.986103702262560056e+00
1.149999999999979927e+01,9.241229596822280712e+01,2.986380370448228572e+00,2.986380370448228572e+00
1.150999999999979906e+01,9.247202635626361200e+01,2.986659079303156439e+00,2.986659079303156439e+00
1.151999999999979885e+01,9.253176233881499968e+01,2.986939818125989632e+00,2.986939818125989632e+00
1.152999999999979863e+01,9.259150395636945063e+01,2.987222576233449001e+00,2.987222576233449001e+00
1.153999999999979842e+01,9.265125124920599831e+01,2.987507342960411538e+00,2.987507342960411538e+00
1.154999999999979821e+01,9.271100425739059858e+01,2.987794107660040055e+00,2.987794107660040055e+00
1.155999999999979799e+01,9.277076302077637138e+01,2.988082859703920402e+00,2.988082859703920402e+00
1.156999999999979778e+01,9.283052757900404117e+01,2.988373588482117871e+00,2.988373588482117871e+00
1.157999999999979757e+01,9.289029797150251966e+01,2.988666283403326851e+00,2.988666283403326851e+00
1.158999999999979735e+01,9.295007423748882047e+01,2.988960933894970307e+00,2.988960933894970307e+00
1.159999999999979714e+01,9.300985641596884079e+01,2.989257529403313463e+00,2.989257529403313463e+00
1.160999999999979693e+01,9.306964454573756029e+01,2.989556059393569498e+00,2.989556059393569498e+00
1.161999999999979671e+01,9.312943866537945325e+01,2.989856513349973266e+00,2.989856513349973266e+00
1.162999999999979650e+01,9.318923881326887226e+01,2.990158880775952266e+00,2.990158880775952266e+00
1.163999999999979629e+01,9.324904502757044611e+01,2.990463151194185265e+00,2.990463151194185265e+00
1.164999999999979607e+01,9.330885734623929295e+01,2.990769314146725755e+00,2.990769314146725755e+00
1.165999999999979586e+01,9.336867580702185876e+01,2.991077359195110752e+00,2.991077359195110752e+00
1.166999999999979565e+01,9.342850044745580362e+01,2.991387275920451838e+00,2.991387275920451838e+00
1.167999999999979543e+01,9.348833130487064125e+01,2.991699053923551954e+00,2.991699053923551954e+00
1.168999999999979522e+01,9.354816841638813685e+01,2.992012682825021752e+00,2.992012682825021752e+00
1.169999999999979501e+01,9.360801181892261980e+01,2.992328152265354646e+00,2.992328152265354646e+00
1.170999999999979480e+01,9.366786154918145257e+01,2.992645451905043608e+00,2.992645451905043608e+00
1.171999999999979458e+01,9.372771764366548553e+01,2.992964571424692632e+00,2.992964571424692632e+00
1.172999999999979437e+01,9.378758013866918475e+01,2.993285500525098897e+00,2.993285500525098897e+00
1.173999999999979416e+01,9.384744907028145633e+01,2.993608228927367776e+00,2.993608228927367776e+00
1.174999999999979394e+01,9.390732447438566055e+01,2.993932746373015874e+00,2.993932746373015874e+00
1.175999999999979373e+01,9.396720638666030823e+01,2.994259042624065170e+00,2.994259042624065170e+00
1.176999999999979352e+01,9.402709484257925965e+01,2.994587107463146936e+00,2.994587107463146936e+00
1.177999999999979330e+01,9.408698987741236408e+01,2.994916930693582557e+00,2.994916930693582557e+00
1.178999999999979309e+01,9.414689152622557344e+01,2.995248502139509661e+00,2.995248502139509661e+00
1.179999999999979288e+01,9.420679982388175233e+01,2.995581811645972259e+00,2.995581811645972259e+00
1.180999999999979266e+01,9.426671480504060696e+01,2.995916849079000688e+00,2.995916849079000688e+00
1.181999999999979245e+01,9.432663650415950940e+01,2.996253604325723519e+00,2.996253604325723519e+00
1.182999999999979224e+01,9.438656495549388126e+01,2.996592067294478134e+00,2.996592067294478134e+00
1.183999999999979202e+01,9.444650019309739264e+01,2.996932227914870239e+00,2.996932227914870239e+00
1.184999999999979181e+01,9.450644225082255900e+01,2.997274076137892873e+00,2.997274076137892873e+00
1.185999999999979160e+01,9.456639116232116749e+01,2.997617601936021448e+00,2.997617601936021448e+00
1.186999999999979138e+01,9.462634696104450427e+01,2.997962795303294570e+00,2.997962795303294570e+00
1.187999999999979117e+01,9.468630968024419303e+01,2.998309646255423733e+00,2.998309646255423733e+00
1.188999999999979096e+01,9.474627935297220915e+01,2.998658144829866146e+00,2.998658144829866146e+00
1.189999999999979075e+01,9.480625601208159026e+01,2.999008281085932648e+00,2.999008281085932648e+00
1.190999999999979053e+01,9.486623969022672043e+01,2.999360045104880967e+00,2.999360045104880967e+00
1.191999999999979032e+01,9.492623041986391286e+01,2.999713426989988108e+00,2.999713426989988108e+00
1.192999999999979011e+01,9.498622823325167985e+01,3.000068416866645826e+00,3.000068416866645826e+00
1.193999999999978989e+01,9.504623316245123021e+01,3.000425004882466329e+00,3.000425004882466329e+00
1.194999999999978968e+01,9.510624523932705188e+01,3.000783181207358652e+00,3.000783181207358652e+00
1.195999999999978947e+01,9.516626449554725298e+01,3.001142936033610376e+00,3.001142936033610376e+00
1.196999999999978925e+01,9.522629096258390291e+01,3.001504259575995093e+00,3.001504259575995093e+00
1.197999999999978904e+01,9.528632467171368603e+01,3.001867142071840355e+00,3.001867142071840355e+00
1.198999999999978883e+01,9.534636565401818586e+01,3.002231573781118268e+00,3.002231573781118268e+00
1.199999999999978861e+01,9.540641394038459566e+01,3.002597544986517875e+00,3.002597544986517875e+00
1.200999999999978840e+01,9.546646963843858202e+01,3.002972749322497581e+00,3.002972749322497581e+00
1.201999999999978819e+01,9.552653285612588263e+01,3.003349504994227814e+00,3.003349504994227814e+00
1.202999999999978797e+01,9.558660362437480273e+01,3.003727802161156646e+00,3.003727802161156646e+00
1.203999999999978776e+01,9.564668197391702620e+01,3.004107631006229795e+00,3.004107631006229795e+00
1.204999999999978755e+01,9.570676793528805604e+01,3.004488981735958131e+00,3.004488981735958131e+00
1.205999999999978733e+01,9.576686153882792496e+01,3.004871844580495832e+00,3.004871844580495832e+00
1.206999999999978712e+01,9.582696281468135169e+01,3.005256209793718103e+00,3.005256209793718103e+00
1.207999999999978691e+01,9.588707179279853676e+01,3.005642067653330418e+00,3.005642067653330418e+00
1.208999999999978670e+01,9.594718850293533308e+01,3.006029408460924923e+00,3.006029408460924923e+00
1.209999999999978648e+01,9.600731297465377168e+01,3.006418222542061258e+00,3.006418222542061258e+00
1.210999999999978627e+01,9.606744523732301388e+01,3.006808500246346494e+00,3.006808500246346494e+00
1.211999999999978606e+01,9.612758532011895340e+01,3.007200231947509295e+00,3.007200231947509295e+00
1.212999999999978584e+01,9.618773325202566582e+01,3.007593408043484295e+00,3.007593408043484295e+00
1.213999999999978563e+01,9.624788906183512438e+01,3.007988018956501364e+00,3.007988018956501364e+00
1.214999999999978542e+01,9.630805277814806686e+01,3.008384055133138890e+00,3.008384055133138890e+00
1.215999999999978520e+01,9.636822442937449296e+01,3.008781507044409942e+00,3.008781507044409942e+00
1.216999999999978499e+01,9.642840404373393426e+01,3.009180365185844863e+00,3.009180365185844863e+00
1.217999999999978478e+01,9.648859164925613641e+01,3.009580620077540569e+00,3.009580620077540569e+00
1.218999999999978456e+01,9.654878727378151382e+01,3.009982262264262687e+00,3.009982262264262687e+00
1.219999999999978435e+01,9.660899094496154760e+01,3.010385282315511279e+00,3.010385282315511279e+00
1.220999999999978414e+01,9.666920269025955292e+01,3.010789670825575026e+00,3.010789670825575026e+00
1.221999999999978392e+01,9.672942253695075010e+01,3.011195418413599167e+00,3.011195418413599167e+00
1.222999999999978371e+01,9.678965051212310300e+01,3.011602515723686313e+00,3.011602515723686313e+00
1.223999999999978350e+01,9.684988664267763170e+01,3.012010953424950621e+00,3.012010953424950621e+00
1.224999999999978328e+01,9.691013095532909460e+01,3.012420722211591517e+00,3.012420722211591517e+00
1.225999999999978307e+01,9.697038347660632951e+01,3.012831812802948761e+00,3.012831812802948761e+00
1.226999999999978286e+01,9.703064423285280782e+01,3.013244215943584159e+00,3.013244215943584159e+00
1.227999999999978264e+01,9.709091325022718877e+01,3.013657922403346401e+00,3.013657922403346401e+00
1.228999999999978243e+01,9.715119055470367471e+01,3.014072922977425684e+00,3.014072922977425684e+00
1.229999999999978222e+01,9.721147617207266478e+01,3.014489208486422100e+00,3.014489208486422100e+00
1.230999999999978201e+01,9.727177012794145128e+01,3.014906769776424245e+00,3.014906769776424245e+00
1.231999999999978179e+01,9.733207244773407751e+01,3.015325597719057171e+00,3.015325597719057171e+00
1.232999999999978158e+01,9.739238315669261681e+01,3.015745683211554340e+00,3.015745683211554340e+00
1.233999999999978137e+01,9.745270227987724354e+01,3.016167017176814902e+00,3.016167017176814902e+00
1.234999999999978115e+01,9.751302984216680159e+01,3.016589590563471202e+00,3.016589590563471202e+00
1.235999999999978094e+01,9.757336586825938696e+01,3.017013394345957611e+00,3.017013394345957611e+00
1.236999999999978073e+01,9.763371038267290203e+01,3.017438419524542059e+00,3.017438419524542059e+00
1.237999999999978051e+01,9.769406340974539660e+01,3.017864657125399308e+00,3.017864657125399308e+00
1.238999999999978030e+01,9.775442497363579264e+01,3.018292098200688667e+00,3.018292098200688667e+00
1.239999999999978009e+01,9.781479509832428221e+01,3.018720733828595737e+00,3.018720733828595737e+00
1.240999999999977987e+01,9.787517380761293850e+01,3.019150555113390588e+00,3.019150555113390588e+00
1.241999999999977966e+01,9.793556112512611378e+01,3.019581553185473499e+00,3.019581553185473499e+00
1.242999999999977945e+01,9.799595707431112146e+01,3.020013719201443791e+00,3.020013719201443791e+00
1.243999999999977923e+01,9.805636167843839246e+01,3.020447044344151788e+00,3.020447044344151788e+00
1.244999999999977902e+01,9.811677496060266890e+01,3.020881519822757877e+00,3.020881519822757877e+00
1.245999999999977881e+01,9.817719694372291883e+01,3.021317136872772480e+00,3.021317136872772480e+00
1.246999999999977859e+01,9.823762765054301838e+01,3.021753886756127994e+00,3.021753886756127994e+00
1.247999999999977838e+01,9.829806710363259015e+01,3.022191760761220536e+00,3.022191760761220536e+00
1.248999999999977817e+01,9.835851532538708852e+01,3.022630750202933481e+00,3.022630750202933481e+00
1.249999999999977796e+01,9.841897233802853862e+01,3.023070846422737823e+00,3.023070846422737823e+00
1.250999999999977774e+01,9.847943816360613312e+01,3.023512040788721933e+00,3.023512040788721933e+00
1.251999999999977753e+01,9.853991282399668705e+01,3.023954324695629747e+00,3.023954324695629747e+00
1.252999999999977732e+01,9.860039634090514937e+01,3.024397689564909619e+00,3.024397689564909619e+00
1.253999999999977710e+01,9.866088873586517138e+01,3.024842126844765389e+00,3.024842126844765389e+00
1.254999999999977689e+01,9.872139003023970361e+01,3.025287628010210117e+00,3.025287628010210117e+00
1.255999999999977668e+01,9.878190024522129420e+01,3.025734184563115825e+00,3.025734184563115825e+00
1.256999999999977646e+01,9.884241940183297004e+01,3.026181788032227260e+00,3.026181788032227260e+00
1.257999999999977625e+01,9.890294752092854935e+01,3.026630429973235614e+00,3.026630429973235614e+00
1.258999999999977604e+01,9.896348462319312489e+01,3.027080101968838477e+00,3.027080101968838477e+00
1.259999999999977582e+01,9.902403072914390236e+01,3.027530795628724736e+00,3.027530795628724736e+00
1.260999999999977561e+01,9.908458585913047045e+01,3.027982502589655400e+00,3.027982502589655400e+00
1.261999999999977540e+01,9.914515003333534082e+01,3.028435214515503571e+00,3.028435214515503571e+00
1.262999999999977518e+01,9.920572327177464445e+01,3.028888923097293961e+00,3.028888923097293961e+00
1.263999999999977497e+01,9.926630559429861478e+01,3.029343620053233987e+00,3.029343620053233987e+00
1.264999999999977476e+01,9.932689702059218462e+01,3.029799297128754620e+00,3.029799297128754620e+00
1.265999999999977454e+01,9.938749757017531294e+01,3.030255946096553910e+00,3.030255946096553910e+00
1.266999999999977433e+01,9.944810726240375232e+01,3.030713558756622739e+00,3.030713558756622739e+00
1.267999999999977412e+01,9.950872611646957466e+01,3.031172126936279909e+00,3.031172126936279909e+00
1.268999999999977391e+01,9.956935415140165446e+01,3.031631642490239198e+00,3.031631642490239198e+00
1.269999999999977369e+01,9.962999138606618033e+01,3.032092097300613798e+00,3.032092097300613798e+00
1.270999999999977348e+01,9.969063783916728028e+01,3.032553483276938078e+00,3.032553483276938078e+00
1.271999999999977327e+01,9.975129352924767545e+01,3.033015792356242635e+00,3.033015792356242635e+00
1.272999999999977305e+01,9.981195847468883642e+01,3.033479016503065395e+00,3.033479016503065395e+00
1.273999999999977284e+01,9.987263269371203478e+01,3.033943147709467159e+00,3.033943147709467159e+00
1.274999999999977263e+01,9.993331620437861318e+01,3.034408177995083111e+00,3.034408177995083111e+00
1.275999999999977241e+01,9.999400902459042584e+01,3.034874099407139258e+00,3.034874099407139258e+00
1.276999999999977220e+01,1.000547111720907196e+02,3.035340904020505270e+00,3.035340904020505270e+00
1.277999999999977199e+01,1.001154226644644893e+02,3.035808583937704697e+00,3.035808583937704697e+00
1.278999999999977177e+01,1.001761435191389893e+02,3.036277131288934061e+00,3.036277131288934061e+00
1.279999999999977156e+01,1.002368737533845007e+02,3.036746538232104609e+00,3.036746538232104609e+00
1.280999999999977135e+01,1.002976134849482293e+02,3.037226865515181728e+00,3.037226865515181728e+00
1.281999999999977113e+01,1.003583628317016831e+02,3.037708054361422771e+00,3.037708054361422771e+00
1.282999999999977092e+01,1.004191218107968382e+02,3.038190096855336808e+00,3.038190096855336808e+00
1.283999999999977071e+01,1.004798904392277592e+02,3.038672985109736047e+00,3.038672985109736047e+00
1.284999999999977049e+01,1.005406687338308416e+02,3.039156711265722954e+00,3.039156711265722954e+00
1.285999999999977028e+01,1.006014567112858344e+02,3.039641267492750210e+00,3.039641267492750210e+00
1.286999999999977007e+01,1.006622543881159686e+02,3.040126645988621590e+00,3.040126645988621590e+00
1.287999999999976986e+01,1.007230617806889086e+02,3.040612838979524390e+00,3.040612838979524390e+00
1.288999999999976964e+01,1.007838789052168806e+02,3.041099838720035642e+00,3.041099838720035642e+00
1.289999999999976943e+01,1.008447057777577385e+02,3.041587637493137208e+00,3.041587637493137208e+00
1.290999999999976922e+01,1.009055424142151054e+02,3.042076227610302386e+00,3.042076227610302386e+00
1.291999999999976900e+01,1.009663888303391275e+02,3.042565601411425291e+00,3.042565601411425291e+00
1.292999999999976879e+01,1.010272450417270704e+02,3.043055751264874598e+00,3.043055751264874598e+00
1.293999999999976858e+01,1.010881110638239591e+02,3.043546669567515295e+00,3.043546669567515295e+00
1.294999999999976836e+01,1.011489869119228899e+02,3.044038348744710021e+00,3.044038348744710021e+00
1.295999999999976815e+01,1.012098726011658130e+02,3.044530781250361251e+00,3.044530781250361251e+00
1.296999999999976794e+01,1.012707681465439435e+02,3.045023959566902860e+00,3.045023959566902860e+00
1.297999999999976772e+01,1.013316735628985725e+02,3.045517876205307228e+00,3.045517876205307228e+00
1.298999999999976751e+01,1.013925888649215494e+02,3.046012523705121211e+00,3.046012523705121211e+00
1.299999999999976730e+01,1.014535140671555524e+02,3.046507894634471914e+00,3.046507894634471914e+00
1.300999999999976708e+01,1.015144491839950689e+02,3.047003981590073796e+00,3.047003981590073796e+00
1.301999999999976687e+01,1.015753942296868075e+02,3.047500777197221122e+00,3.047500777197221122e+00
1.302999999999976666e+01,1.016363492183302100e+02,3.047998274109835926e+00,3.047998274109835926e+00
1.303999999999976644e+01,1.016973141638782039e+02,3.048496465010453349e+00,3.048496465010453349e+00
1.304999999999976623e+01,1.017582890801375441e+02,3.048995342610226089e+00,3.048995342610226089e+00
1.305999999999976602e+01,1.018192739807694096e+02,3.049494899648934609e+00,3.049494899648934609e+00
1.306999999999976581e+01,1.018802688792903268e+02,3.049995128895019558e+00,3.049995128895019558e+00
1.307999999999976559e+01,1.019412737890722411e+02,3.050496023145550240e+00,3.050496023145550240e+00
1.308999999999976538e+01,1.020022887233433551e+02,3.050997575226241487e+00,3.050997575226241487e+00
1.309999999999976517e+01,1.020633136951887110e+02,3.051499777991482976e+00,3.051499777991482976e+00
1.310999999999976495e+01,1.021243487175508733e+02,3.052002624324319235e+00,3.052002624324319235e+00
1.311999999999976474e+01,1.021853938032301272e+02,3.052506107136447877e+00,3.052506107136447877e+00
1.312999999999976453e+01,1.022464489648852890e+02,3.053010219368240019e+00,3.053010219368240019e+00
1.313999999999976431e+01,1.023075142150345869e+02,3.053514953988726077e+00,3.053514953988726077e+00
1.314999999999976410e+01,1.023685895660554337e+02,3.054020303995605978e+00,3.054020303995605978e+00
1.315999999999976389e+01,1.024296750301858197e+02,3.054526262415241167e+00,3.054526262415241167e+00
1.316999999999976367e+01,1.024907706195244401e+02,3.055032822302665263e+00,3.055032822302665263e+00
1.317999999999976346e+01,1.025518763460314204e+02,3.055539976741561858e+00,3.055539976741561858e+00
1.318999999999976325e+01,1.026129922215288275e+02,3.056047718844281391e+00,3.056047718844281391e+00
1.319999999999976303e+01,1.026741182577011955e+02,3.056556041751838926e+00,3.056556041751838926e+00
1.320999999999976282e+01,1.027352544660961939e+02,3.057064938633914597e+00,3.057064938633914597e+00
1.321999999999976261e+01,1.027964008581253665e+02,3.057574402688828297e+00,3.057574402688828297e+00
1.322999999999976239e+01,1.028575574450641739e+02,3.058084427143543671e+00,3.058084427143543671e+00
1.323999999999976218e+01,1.029187242380531160e+02,3.058595005253657018e+00,3.058595005253657018e+00
1.324999999999976197e+01,1.029799012480980736e+02,3.059106130303397286e+00,3.059106130303397286e+00
1.325999999999976176e+01,1.030410884860708194e+02,3.059617795605628743e+00,3.059617795605628743e+00
1.326999999999976154e+01,1.031022859627098001e+02,3.060129994501832762e+00,3.060129994501832762e+00
1.327999999999976133e+01,1.031634936886204770e+02,3.060642720362086067e+00,3.060642720362086067e+00
1.328999999999976112e+01,1.032247116742759374e+02,3.061155966585080712e+00,3.061155966585080712e+00
1.329999999999976090e+01,1.032859399300177046e+02,3.061669726598088559e+00,3.061669726598088559e+00
1.330999999999976069e+01,1.033471784660560076e+02,3.062183993856941289e+00,3.062183993856941289e+00
1.331999999999976048e+01,1.034084272924704919e+02,3.062698761846060158e+00,3.062698761846060158e+00
1.332999999999976026e+01,1.034696864192107881e+02,3.063214024078400044e+00,3.063214024078400044e+00
1.333999999999976005e+01,1.035309558560971368e+02,3.063729774095459657e+00,3.063729774095459657e+00
1.334999999999975984e+01,1.035922356128208293e+02,3.064246005467266887e+00,3.064246005467266887e+00
1.335999999999975962e+01,1.036535256989447902e+02,3.064762711792374361e+00,3.064762711792374361e+00
1.336999999999975941e+01,1.037148261239042739e+02,3.065279886697807044e+00,3.065279886697807044e+00
1.337999999999975920e+01,1.037761368970073761e+02,3.065797523839064009e+00,3.065797523839064009e+00
1.338999999999975898e+01,1.038374580274355310e+02,3.066315616900122443e+00,3.066315616900122443e+00
1.339999999999975877e+01,1.038987895242441510e+02,3.066834159593411879e+00,3.066834159593411879e+00
1.340999999999975856e+01,1.039601313963631810e+02,3.067353145659765357e+00,3.067353145659765357e+00
1.341999999999975834e+01,1.040214836525977091e+02,3.067872568868434513e+00,3.067872568868434513e+00
1.342999999999975813e+01,1.040828463016284928e+02,3.068392423017053172e+00,3.068392423017053172e+00
1.343999999999975792e+01,1.041442193520124277e+02,3.068912701931639120e+00,3.068912701931639120e+00
1.344999999999975770e+01,1.042056028121833009e+02,3.069433399466544365e+00,3.069433399466544365e+00
1.345999999999975749e+01,1.042669966904522028e+02,3.069954509504438711e+00,3.069954509504438711e+00
1.346999999999975728e+01,1.043284009950082520e+02,3.070476025956307975e+00,3.070476025956307975e+00
1.347999999999975707e+01,1.043898157339190647e+02,3.070997942761402477e+00,3.070997942761402477e+00
1.348999999999975685e+01,1.044512409151312085e+02,3.071520253887244589e+00,3.071520253887244589e+00
1.349999999999975664e+01,1.045126765464709422e+02,3.072042953329587434e+00,3.072042953329587434e+00
1.350999999999975643e+01,1.045741226356448124e+02,3.072566035112388239e+00,3.072566035112388239e+00
1.351999999999975621e+01,1.046355791902399801e+02,3.073089493287771479e+00,3.073089493287771479e+00
1.352999999999975600e+01,1.046970462177250880e+02,3.073613321936023102e+00,3.073613321936023102e+00
1.353999999999975579e+01,1.047585237254504875e+02,3.074137515165576318e+00,3.074137515165576318e+00
1.354999999999975557e+01,1.048200117206491058e+02,3.074662067112954755e+00,3.074662067112954755e+00
1.355999999999975536e+01,1.048815102104369004e+02,3.075186971942733827e+00,3.075186971942733827e+00
1.356999999999975515e+01,1.049430192018132431e+02,3.075712223847552274e+00,3.075712223847552274e+00
1.357999999999975493e+01,1.050045387016617866e+02,3.076237817048052658e+00,3.076237817048052658e+00
1.358999999999975472e+01,1.050660687167508627e+02,3.076763745792870708e+00,3.076763745792870708e+00
1.359999999999975451e+01,1.051276092537339650e+02,3.077290004358595787e+00,3.077290004358595787e+00
1.360999999999975429e+01,1.051891604343529281e+02,3.077828108375504801e+00,3.077828108375504801e+00
1.361999999999975408e+01,1.052507223803245182e+02,3.078366537505388134e+00,3.078366537505388134e+00
1.362999999999975387e+01,1.053122950980934007e+02,3.078905285991236251e+00,3.078905285991236251e+00
1.363999999999975365e+01,1.053738785939892608e+02,3.079444348104361850e+00,3.079444348104361850e+00
1.364999999999975344e+01,1.054354728742275853e+02,3.079983718144390092e+00,3.079983718144390092e+00
1.365999999999975323e+01,1.054970779449100320e+02,3.080523390439172449e+00,3.080523390439172449e+00
1.366999999999975302e+01,1.055586938120252114e+02,3.081063359344781816e+00,3.081063359344781816e+00
1.367999999999975280e+01,1.056203204814490562e+02,3.081603619245475656e+00,3.081603619245475656e+00
1.368999999999975259e+01,1.056819579589454889e+02,3.082144164553651144e+00,3.082144164553651144e+00
1.369999999999975238e+01,1.057436062501669340e+02,3.082684989709812307e+00,3.082684989709812307e+00
1.370999999999975216e+01,1.058052653606550280e+02,3.083226089182537599e+00,3.083226089182537599e+00
1.371999999999975195e+01,1.058669352958409036e+02,3.083767457468443496e+00,3.083767457468443496e+00
1.372999999999975174e+01,1.059286160610459575e+02,3.084309089092128975e+00,3.084309089092128975e+00
1.373999999999975152e+01,1.059903076614824045e+02,3.084850978606139993e+00,3.084850978606139993e+00
1.374999999999975131e+01,1.060520101022537318e+02,3.085393120590933513e+00,3.085393120590933513e+00
1.375999999999975110e+01,1.061137233883553392e+02,3.085935509654837539e+00,3.085935509654837539e+00
1.376999999999975088e+01,1.061754475246751213e+02,3.086478140434024908e+00,3.086478140434024908e+00
1.377999999999975067e+01,1.062371825159937657e+02,3.087021007592463118e+00,3.087021007592463118e+00
1.378999999999975046e+01,1.062989283669859333e+02,3.087564105821840599e+00,3.087564105821840599e+00
1.379999999999975024e+01,1.063606850822199164e+02,3.088107429841580931e+00,3.088107429841580931e+00
1.380999999999975003e+01,1.064224526661589323e+02,3.088650974398738036e+00,3.088650974398738036e+00
1.381999999999974982e+01,1.064842311231614644e+02,3.089194734267973086e+00,3.089194734267973086e+00
1.382999999999974960e+01,1.065460204574816032e+02,3.089738704251554946e+00,3.089738704251554946e+00
1.383999999999974939e+01,1.066078206732698277e+02,3.090282879179274467e+00,3.090282879179274467e+00
1.384999999999974918e+01,1.066696317745735882e+02,3.090827253908382310e+00,3.090827253908382310e+00
1.385999999999974897e+01,1.067314537653375339e+02,3.091371823323558310e+00,3.091371823323558310e+00
1.386999999999974875e+01,1.067932866494044930e+02,3.091916582336870167e+00,3.091916582336870167e+00
1.387999999999974854e+01,1.068551304305157146e+02,3.092461525887734375e+00,3.092461525887734375e+00
1.388999999999974833e+01,1.069169851123115080e+02,3.093006648942866477e+00,3.093006648942866477e+00
1.389999999999974811e+01,1.069788506983317120e+02,3.093551946496213567e+00,3.093551946496213567e+00
1.390999999999974790e+01,1.070407271920165613e+02,3.094097413568910770e+00,3.094097413568910770e+00
1.391999999999974769e+01,1.071026145967066583e+02,3.094643045209236831e+00,3.094643045209236831e+00
1.392999999999974747e+01,1.071645129156441953e+02,3.095188836492583917e+00,3.095188836492583917e+00
1.393999999999974726e+01,1.072264221519727840e+02,3.095734782521360362e+00,3.095734782521360362e+00
1.394999999999974705e+01,1.072883423087386490e+02,3.096280878424964911e+00,3.096280878424964911e+00
1.395999999999974683e+01,1.073502733888906704e+02,3.096827119359752967e+00,3.096827119359752967e+00
1.396999999999974662e+01,1.074122153952812937e+02,3.097373500508958433e+00,3.097373500508958433e+00
1.397999999999974641e+01,1.074741683306667142e+02,3.097920017082644861e+00,3.097920017082644861e+00
1.398999999999974619e+01,1.075361321977077154e+02,3.098466664317664154e+00,3.098466664317664154e+00
1.399999999999974598e+01,1.075981069989700813e+02,3.099013437477586841e+00,3.099013437477586841e+00
1.400999999999974577e+01,1.076600927369251934e+02,3.099560331852665662e+00,3.099560331852665662e+00
1.401999999999974555e+01,1.077220894139503429e+02,3.100107342759765849e+00,3.100107342759765849e+00
1.402999999999974534e+01,1.077840970323293845e+02,3.100654465542302951e+00,3.100654465542302951e+00
1.403999999999974513e+01,1.078461155942537033e+02,3.101201695570235284e+00,3.101201695570235284e+00
1.404999999999974492e+01,1.079081451018218445e+02,3.101749028239930261e+00,3.101749028239930261e+00
1.405999999999974470e+01,1.079701855570408782e+02,3.102296458974154625e+00,3.102296458974154625e+00
1.406999999999974449e+01,1.080322369618264560e+02,3.102843983222021151e+00,3.102843983222021151e+00
1.407999999999974428e+01,1.080942993180035643e+02,3.103391596458929591e+00,3.103391596458929591e+00
1.408999999999974406e+01,1.081563726273068085e+02,3.103939294186500941e+00,3.103939294186500941e+00
1.409999999999974385e+01,1.082184568913812228e+02,3.104487071932502396e+00,3.104487071932502396e+00
1.410999999999974364e+01,1.082805521117826117e+02,3.105034925250807376e+00,3.105034925250807376e+00
1.411999999999974342e+01,1.083426582899781891e+02,3.105582849721327143e+00,3.105582849721327143e+00
1.412999999999974321e+01,1.084047754273469195e+02,3.106130840949965055e+00,3.106130840949965055e+00
1.413999999999974300e+01,1.084669035251801574e+02,3.106678894568549509e+00,3.106678894568549509e+00
1.414999999999974278e+01,1.085290425846821876e+02,3.107227006234757560e+00,3.107227006234757560e+00
1.415999999999974257e+01,1.085911926069707647e+02,3.107775171632069178e+00,3.107775171632069178e+00
1.416999999999974236e+01,1.086533535930773695e+02,3.108323386469720173e+00,3.108323386469720173e+00
1.417999999999974214e+01,1.087155255439482460e+02,3.108871646482626261e+00,3.108871646482626261e+00
1.418999999999974193e+01,1.087777084604443587e+02,3.109419947431281361e+00,3.109419947431281361e+00
1.419999999999974172e+01,1.088399023433420609e+02,3.109968285101743390e+00,3.109968285101743390e+00
1.420999999999974150e+01,1.089021071933339186e+02,3.110516655305571199e+00,3.110516655305571199e+00
1.421999999999974129e+01,1.089643230110288954e+02,3.111065053879744191e+00,3.111065053879744191e+00
1.422999999999974108e+01,1.090265497969528639e+02,3.111613476686603708e+00,3.111613476686603708e+00
1.423999999999974087e+01,1.090887875515492453e+02,3.112161919613774863e+00,3.112161919613774863e+00
1.424999999999974065e+01,1.091510362751795356e+02,3.112710378574123471e+00,3.112710378574123471e+00
1.425999999999974044e+01,1.092132959681236741e+02,3.113258849505672110e+00,3.113258849505672110e+00
1.426999999999974023e+01,1.092755666305806130e+02,3.113807328371544170e+00,3.113807328371544170e+00
1.427999999999974001e+01,1.093378482626688140e+02,3.114355811159888798e+00,3.114355811159888798e+00
1.428999999999973980e+01,1.094001408644268167e+02,3.114904293883821396e+00,3.114904293883821396e+00
1.429999999999973959e+01,1.094624444358135804e+02,3.115452772581389418e+00,3.115452772581389418e+00
1.430999999999973937e+01,1.095247589767090943e+02,3.116001243315448477e+00,3.116001243315448477e+00
1.431999999999973916e+01,1.095870844869147902e+02,3.116549702173586400e+00,3.116549702173586400e+00
1.432999999999973895e+01,1.096494209661544659e+02,3.117098145268110798e+00,3.117098145268110798e+00
1.433999999999973873e+01,1.097117684140737595e+02,3.117646568735980672e+00,3.117646568735980672e+00
1.434999999999973852e+01,1.097741268302420536e+02,3.118194968738690065e+00,3.118194968738690065e+00
1.435999999999973831e+01,1.098364962141514809e+02,3.118743341462230756e+00,3.118743341462230756e+00
1.436999999999973809e+01,1.098988765652186288e+02,3.119291683117014102e+00,3.119291683117014102e+00
1.437999999999973788e+01,1.099612678827842984e+02,3.119839989937795544e+00,3.119839989937795544e+00
1.438999999999973767e+01,1.100236701661144139e+02,3.120388258183615093e+00,3.120388258183615093e+00
1.439999999999973745e+01,1.100860834144001075e+02,3.120936484137723621e+00,3.120936484137723621e+00
1.440999999999973724e+01,1.101485076267586436e+02,3.121484664107514018e+00,3.121484664107514018e+00
1.441999999999973703e+01,1.102109428022334328e+02,3.122032794424443036e+00,3.122032794424443036e+00
1.442999999999973681e+01,1.102733889397949838e+02,3.122580871443970896e+00,3.122580871443970896e+00
1.443999999999973660e+01,1.103358460383410176e+02,3.123128891545478236e+00,3.123128891545478236e+00
1.444999999999973639e+01,1.103983140966970922e+02,3.123676851132191068e+00,3.123676851132191068e+00
1.445999999999973618e+01,1.104607931136171288e+02,3.124224746631128369e+00,3.124224746631128369e+00
1.446999999999973596e+01,1.105232830877837245e+02,3.124772574493028365e+00,3.124772574493028365e+00
1.447999999999973575e+01,1.105857840178089049e+02,3.125320331192247725e+00,3.125320331192247725e+00
1.448999999999973554e+01,1.106482959022342385e+02,3.125868013226705155e+00,3.125868013226705155e+00
1.449999999999973532e+01,1.107108187395315468e+02,3.126415617117812129e+00,3.126415617117812129e+00
1.450999999999973511e+01,1.107733525281033451e+02,3.126963139410388060e+00,3.126963139410388060e+00
1.451999999999973490e+01,1.108358972662832826e+02,3.127510576672607012e+00,3.127510576672607012e+00
1.452999999999973468e+01,1.108984529523365268e+02,3.128057925495920877e+00,3.128057925495920877e+00
1.453999999999973447e+01,1.109610195844603311e+02,3.128605182494944792e+00,3.128605182494944792e+00
1.454999999999973426e+01,1.110235971607845897e+02,3.129152344307412292e+00,3.129152344307412292e+00
1.455999999999973404e+01,1.110861856793720222e+02,3.129699407594123350e+00,3.129699407594123350e+00
1.456999999999973383e+01,1.111487851382189547e+02,3.130246369038825360e+00,3.130246369038825360e+00
1.457999999999973362e+01,1.112113955352553489e+02,3.130793225348172282e+00,3.130793225348172282e+00
1.458999999999973340e+01,1.112740168683459103e+02,3.131339973251637154e+00,3.131339973251637154e+00
1.459999999999973319e+01,1.113366491352898748e+02,3.131886609501415286e+00,3.131886609501415286e+00
1.460999999999973298e+01,1.113992923338218333e+02,3.132433130872372740e+00,3.132433130872372740e+00
1.461999999999973276e+01,1.114619464616120439e+02,3.132979534161975277e+00,3.132979534161975277e+00
1.462999999999973255e+01,1.115246115162670719e+02,3.133525816190186220e+00,3.133525816190186220e+00
1.463999999999973234e+01,1.115872874953300027e+02,3.134071973799392286e+00,3.134071973799392286e+00
1.464999999999973213e+01,1.116499743962809958e+02,3.134618003854347634e+00,3.134618003854347634e+00
1.465999999999973191e+01,1.117126722165377828e+02,3.135163903242089489e+00,3.135163903242089489e+00
1.466999999999973170e+01,1.117753809534559508e+02,3.135709668871862199e+00,3.135709668871862199e+00
1.467999999999973149e+01,1.118381006043297390e+02,3.136255297675024423e+00,3.136255297675024423e+00
1.468999999999973127e+01,1.119008311663918676e+02,3.136800786604966973e+00,3.136800786604966973e+00
1.469999999999973106e+01,1.119635726368147033e+02,3.137346132637054641e+00,3.137346132637054641e+00
1.470999999999973085e+01,1.120263250127101458e+02,3.137891332768576458e+00,3.137891332768576458e+00
1.471999999999973063e+01,1.120890882911302242e+02,3.138436384018597813e+00,3.138436384018597813e+00
1.472999999999973042e+01,1.121518624690675807e+02,3.138981283427891178e+00,3.138981283427891178e+00
1.473999999999973021e+01,1.122146475434561239e+02,3.139526028058932550e+00,3.139526028058932550e+00
1.474999999999972999e+01,1.122774435111709153e+02,3.140070614995753573e+00,3.140070614995753573e+00
1.475999999999972978e+01,1.123402503690290786e+02,3.140615041343867819e+00,3.140615041343867819e+00
1.476999999999972957e+01,1.124030681137899563e+02,3.141159304230205507e+00,3.141159304230205507e+00
1.477999999999972935e+01,1.124658967421559339e+02,3.141703400803046442e+00,3.141703400803046442e+00
1.478999999999972914e+01,1.125287362507721696e+02,3.142247328231926318e+00,3.142247328231926318e+00
1.479999999999972893e+01,1.125915866362276176e+02,3.142791083707538125e+00,3.142791083707538125e+00
1.480999999999972871e+01,1.126544478950552843e+02,3.143334664441673088e+00,3.143334664441673088e+00
1.481999999999972850e+01,1.127173200237326398e+02,3.143878067667148279e+00,3.143878067667148279e+00
1.482999999999972829e+01,1.127802030186818598e+02,3.144421290637719135e+00,3.144421290637719135e+00
1.483999999999972808e+01,1.128430968762705930e+02,3.144964330627977755e+00,3.144964330627977755e+00
1.484999999999972786e+01,1.129060015928121032e+02,3.145507184933298284e+00,3.145507184933298284e+00
1.485999999999972765e+01,1.129689171645656955e+02,3.146049850869749420e+00,3.146049850869749420e+00
1.486999999999972744e+01,1.130318435877374270e+02,3.146592325774021592e+00,3.146592325774021592e+00
1.487999999999972722e+01,1.130947808584799930e+02,3.147134607003317264e+00,3.147134607003317264e+00
1.488999999999972701e+01,1.131577289728936222e+02,3.147676691935294979e+00,3.147676691935294979e+00
1.489999999999972680e+01,1.132206879270264324e+02,3.148218577967987208e+00,3.148218577967987208e+00
1.490999999999972658e+01,1.132836577168743162e+02,3.148760262519701758e+00,3.148760262519701758e+00
1.491999999999972637e+01,1.133466383383821778e+02,3.149301743028953382e+00,3.149301743028953382e+00
1.492999999999972616e+01,1.134096297874434498e+02,3.149843016954390063e+00,3.149843016954390063e+00
1.493999999999972594e+01,1.134726320599013860e+02,3.150384081774708633e+00,3.150384081774708633e+00
1.494999999999972573e+01,1.135356451515485929e+02,3.150924934988547754e+00,3.150924934988547754e+00
1.495999999999972552e+01,1.135986690581282232e+02,3.151465574114437729e+00,3.151465574114437729e+00
1.496999999999972530e+01,1.136617037753337058e+02,3.152005996690695255e+00,3.152005996690695255e+00
1.497999999999972509e+01,1.137247492988096269e+02,3.152546200275350152e+00,3.152546200275350152e+00
1.498999999999972488e+01,1.137878056241518294e+02,3.153086182446079633e+00,3.153086182446079633e+00
1.499999999999972466e+01,1.138508727469078678e+02,3.153625940800109717e+00,3.153625940800109717e+00
1.500999999999972445e+01,1.139139506625776619e+02,3.154165472954133076e+00,3.154165472954133076e+00
1.501999999999972424e+01,1.139770393666133685e+02,3.154704776544222877e+00,3.154704776544222877e+00
1.502999999999972403e+01,1.140401388544201495e+02,3.155243849225740860e+00,3.155243849225740860e+00
1.503999999999972381e+01,1.141032491213566260e+02,3.155782688673297809e+00,3.155782688673297809e+00
1.504999999999972360e+01,1.141663701627349639e+02,3.156321292580635873e+00,3.156321292580635873e+00
1.505999999999972339e+01,1.142295019738213711e+02,3.156859658660542411e+00,3.156859658660542411e+00
1.506999999999972317e+01,1.142926445498364956e+02,3.157397784644777605e+00,3.157397784644777605e+00
1.507999999999972296e+01,1.143557978859559938e+02,3.157935668284003405e+00,3.157935668284003405e+00
1.508999999999972275e+01,1.144189619773105022e+02,3.158473307347703596e+00,3.158473307347703596e+00
1.509999999999972253e+01,1.144821368189862909e+02,3.159010699624064333e+00,3.159010699624064333e+00
1.510999999999972232e+01,1.145453224060256474e+02,3.159547842919912419e+00,3.159547842919912419e+00
1.511999999999972211e+01,1.146085187334271893e+02,3.160084735060647798e+00,3.160084735060647798e+00
1.512999999999972189e+01,1.146717257961461058e+02,3.160621373890150299e+00,3.160621373890150299e+00
1.513999999999972168e+01,1.147349435890947973e+02,3.161157757270678825e+00,3.161157757270678825e+00
1.514999999999972147e+01,1.147981721071429604e+02,3.161693883082813183e+00,3.161693883082813183e+00
1.515999999999972125e+01,1.148614113451181424e+02,3.162229749225367037e+00,3.162229749225367037e+00
1.516999999999972104e+01,1.149246612978061250e+02,3.162765353615284436e+00,3.162765353615284436e+00
1.517999999999972083e+01,1.149879219599509952e+02,3.163300694187593187e+00,3.163300694187593187e+00
1.518999999999972061e+01,1.150511933262560120e+02,3.163835768895299161e+00,3.163835768895299161e+00
1.519999999999972040e+01,1.151144753913835075e+02,3.164370575709296585e+00,3.164370575709296585e+00
1.520999999999972019e+01,1.151777681499553125e+02,3.164905112618279670e+00,3.164905112618279670e+00
1.521999999999971998e+01,1.152410715965534251e+02,3.165439377628698647e+00,3.165439377628698647e+00
1.522999999999971976e+01,1.153043857257200386e+02,3.165973368764651408e+00,3.165973368764651408e+00
1.523999999999971955e+01,1.153677105319579823e+02,3.166507084067792910e+00,3.166507084067792910e+00
1.524999999999971934e+01,1.154310460097311193e+02,3.167040521597266345e+00,3.167040521597266345e+00
1.525999999999971912e+01,1.154943921534646734e+02,3.167573679429612099e+00,3.167573679429612099e+00
1.526999999999971891e+01,1.155577489575456269e+02,3.168106555658689150e+00,3.168106555658689150e+00
1.527999999999971870e+01,1.156211164163228631e+02,3.168639148395601346e+00,3.168639148395601346e+00
1.528999999999971848e+01,1.156844945241078193e+02,3.169171455768594825e+00,3.169171455768594825e+00
1.529999999999971827e+01,1.157478832751746296e+02,3.169703475922988289e+00,3.169703475922988289e+00
1.530999999999971806e+01,1.158112826637604513e+02,3.170235207021087742e+00,3.170235207021087742e+00
1.531999999999971784e+01,1.158746926840659199e+02,3.170766647242102110e+00,3.170766647242102110e+00
1.532999999999971763e+01,1.159381133302552769e+02,3.171297794782065971e+00,3.171297794782065971e+00
1.533999999999971742e+01,1.160015445964570233e+02,3.171828647853753402e+00,3.171828647853753402e+00
1.534999999999971720e+01,1.160649864767641333e+02,3.172359204686597600e+00,3.172359204686597600e+00
1.535999999999971699e+01,1.161284389652340678e+02,3.172889463526604281e+00,3.172889463526604281e+00
1.536999999999971678e+01,1.161919020558896420e+02,3.173419422636278409e+00,3.173419422636278409e+00
1.537999999999971656e+01,1.162553757427188970e+02,3.173949080294527381e+00,3.173949080294527381e+00
1.538999999999971635e+01,1.163188600196757250e+02,3.174478434796581094e+00,3.174478434796581094e+00
1.539999999999971614e+01,1.163823548806800829e+02,3.175007484453923112e+00,3.175007484453923112e+00
1.540999999999971593e+01,1.164458603196182054e+02,3.175536227594211169e+00,3.175536227594211169e+00
1.541999999999971571e+01,1.165093763303432013e+02,3.176064662561168372e+00,3.176064662561168372e+00
1.542999999999971550e+01,1.165729029066751394e+02,3.176592787714529909e+00,3.176592787714529909e+00
1.543999999999971529e+01,1.166364400424014889e+02,3.177120601429949343e+00,3.177120601429949343e+00
1.544999999999971507e+01,1.166999877312771901e+02,3.177648102098908023e+00,3.177648102098908023e+00
1.545999999999971486e+01,1.167635459670254363e+02,3.178175288128647580e+00,3.178175288128647580e+00
1.546999999999971465e+01,1.168271147433376598e+02,3.178702157942081996e+00,3.178702157942081996e+00
1.547999999999971443e+01,1.168906940538736876e+02,3.179228709977716782e+00,3.179228709977716782e+00
1.548999999999971422e+01,1.169542838922626089e+02,3.179754942689572150e+00,3.179754942689572150e+00
1.549999999999971401e+01,1.170178842521025331e+02,3.180280854547107960e+00,3.180280854547107960e+00
1.550999999999971379e+01,1.170814951269611441e+02,3.180806444035114922e+00,3.180806444035114922e+00
1.551999999999971358e+01,1.171451165103759990e+02,3.181331709653644424e+00,3.181331709653644424e+00
1.552999999999971337e+01,1.172087483958548546e+02,3.181856649917950364e+00,3.181856649917950364e+00
1.553999999999971315e+01,1.172723907768757243e+02,3.182381263358391443e+00,3.182381263358391443e+00
1.554999999999971294e+01,1.173360436468876884e+02,3.182905548520348571e+00,3.182905548520348571e+00
1.555999999999971273e+01,1.173997069993106521e+02,3.183429503964139151e+00,3.183429503964139151e+00
1.556999999999971251e+01,1.174633808275359144e+02,3.183953128264952248e+00,3.183953128264952248e+00
1.557999999999971230e+01,1.175270651249265228e+02,3.184476420012761544e+00,3.184476420012761544e+00
1.558999999999971209e+01,1.175907598848174018e+02,3.184999377812235188e+00,3.184999377812235188e+00
1.559999999999971187e+01,1.176544651005156936e+02,3.185522000282667854e+00,3.185522000282667854e+00
1.560999999999971166e+01,1.177181807653011276e+02,3.186044286057900798e+00,3.186044286057900798e+00
1.561999999999971145e+01,1.177819068724262195e+02,3.186566233786226832e+00,3.186566233786226832e+00
1.562999999999971124e+01,1.178456434151165126e+02,3.187087842130334359e+00,3.187087842130334359e+00
1.563999999999971102e+01,1.179093903865711752e+02,3.187609109767211013e+00,3.187609109767211013e+00
1.564999999999971081e+01,1.179731477799628721e+02,3.188130035388065942e+00,3.188130035388065942e+00
1.565999999999971060e+01,1.180369155884381627e+02,3.188650617698254308e+00,3.188650617698254308e+00
1.566999999999971038e+01,1.181006938051181123e+02,3.189170855417196915e+00,3.189170855417196915e+00
1.567999999999971017e+01,1.181644824230981783e+02,3.189690747278293159e+00,3.189690747278293159e+00
1.568999999999970996e+01,1.182282814354485936e+02,3.190210292028853090e+00,3.190210292028853090e+00
1.569999999999970974e+01,1.182920908352147080e+02,3.190729488430025018e+00,3.190729488430025018e+00
1.570999999999970953e+01,1.183559106154172156e+02,3.191248335256696933e+00,3.191248335256696933e+00
1.571999999999970932e+01,1.184197407690524955e+02,3.191766831297432994e+00,3.191766831297432994e+00
1.572999999999970910e+01,1.184835812890926690e+02,3.192284975354386933e+00,3.192284975354386933e+00
1.573999999999970889e+01,1.185474321684863810e+02,3.192802766243226564e+00,3.192802766243226564e+00
1.574999999999970868e+01,1.186112934001583170e+02,3.193320202793054285e+00,3.193320202793054285e+00
1.575999999999970846e+01,1.186751649770101693e+02,3.193837283846331587e+00,3.193837283846331587e+00
1.576999999999970825e+01,1.187390468919204807e+02,3.194354008258812883e+00,3.194354008258812883e+00
1.577999999999970804e+01,1.188029391377450708e+02,3.194870374899442922e+00,3.194870374899442922e+00
1.578999999999970782e+01,1.188668417073172492e+02,3.195386382650294621e+00,3.195386382650294621e+00
1.579999999999970761e+01,1.189307545934482562e+02,3.195902030406498451e+00,3.195902030406498451e+00
1.580999999999970740e+01,1.189946777889270777e+02,3.196417317076148290e+00,3.196417317076148290e+00
1.581999999999970719e+01,1.190586112865211561e+02,3.196932241580232592e+00,3.196932241580232592e+00
1.582999999999970697e+01,1.191225550789765322e+02,3.197446802852560221e+00,3.197446802852560221e+00
1.583999999999970676e+01,1.191865091590179446e+02,3.197960999839692064e+00,3.197960999839692064e+00
1.584999999999970655e+01,1.192504735193492280e+02,3.198474831500839777e+00,3.198474831500839777e+00
1.585999999999970633e+01,1.193144481526535259e+02,3.198988296807815601e+00,3.198988296807815601e+00
1.586999999999970612e+01,1.193784330515936887e+02,3.199501394744934224e+00,3.199501394744934224e+00
1.587999999999970591e+01,1.194424282088120748e+02,3.200014124308957708e+00,3.200014124308957708e+00
1.588999999999970569e+01,1.195064336169312611e+02,3.200526484509008895e+00,3.200526484509008895e+00
1.589999999999970548e+01,1.195704492685542562e+02,3.201038474366503905e+00,3.201038474366503905e+00
1.590999999999970527e+01,1.196344751562644291e+02,3.201550092915049994e+00,3.201550092915049994e+00
1.591999999999970505e+01,1.196985112726259786e+02,3.202061339200408696e+00,3.202061339200408696e+00
1.592999999999970484e+01,1.197625576101841887e+02,3.202572212280403008e+00,3.202572212280403008e+00
1.593999999999970463e+01,1.198266141614656561e+02,3.203082711224839230e+00,3.203082711224839230e+00
1.594999999999970441e+01,1.198906809189784184e+02,3.203592835115440352e+00,3.203592835115440352e+00
1.595999999999970420e+01,1.199547578752122945e+02,3.204102583045762564e+00,3.204102583045762564e+00
1.596999999999970399e+01,1.200188450226389989e+02,3.204611954121127315e+00,3.204611954121127315e+00
1.597999999999970377e+01,1.200829423537126814e+02,3.205120947458550695e+00,3.205120947458550695e+00
1.598999999999970356e+01,1.201470498608697568e+02,3.205629562186669723e+00,3.205629562186669723e+00
1.599999999999970335e+01,1.202111675365293877e+02,3.206137797445667292e+00,3.206137797445667292e+00
1.600999999999970314e+01,1.202752953730936980e+02,3.206645652387187351e+00,3.206645652387187351e+00
1.601999999999970470e+01,1.203394333629479291e+02,3.207153126174283830e+00,3.207153126174283830e+00
1.602999999999970626e+01,1.204035814984606816e+02,3.207660217981325168e+00,3.207660217981325168e+00
1.603999999999970782e+01,1.204677397719841849e+02,3.208166926993930801e+00,3.208166926993930801e+00
1.604999999999970939e+01,1.205319081758543831e+02,3.208673252408915655e+00,3.208673252408915655e+00
1.605999999999971095e+01,1.205960867023914744e+02,3.209179193434185340e+00,3.209179193434185340e+00
1.606999999999971251e+01,1.206602753438996842e+02,3.209684749288701955e+00,3.209684749288701955e+00
1.607999999999971408e+01,1.207244740926680606e+02,3.210189919202383280e+00,3.210189919202383280e+00
1.608999999999971564e+01,1.207886829409699629e+02,3.210694702416035273e+00,3.210694702416035273e+00
1.609999999999971720e+01,1.208529018810639144e+02,3.211199098181290346e+00,3.211199098181290346e+00
1.610999999999971877e+01,1.209171309051935879e+02,3.211703105760537191e+00,3.211703105760537191e+00
1.611999999999972033e+01,1.209813700055878911e+02,3.212206724426835525e+00,3.212206724426835525e+00
1.612999999999972189e+01,1.210456191744614216e+02,3.212709953463865897e+00,3.212709953463865897e+00
1.613999999999972346e+01,1.211098784040143386e+02,3.213212792165851539e+00,3.213212792165851539e+00
1.614999999999972502e+01,1.211741476864331304e+02,3.213715239837479754e+00,3.213715239837479754e+00
1.615999999999972658e+01,1.212384270138902309e+02,3.214217295793828200e+00,3.214217295793828200e+00
1.616999999999972815e+01,1.213027163785445879e+02,3.214718959360319595e+00,3.214718959360319595e+00
1.617999999999972971e+01,1.213670157725416203e+02,3.215220229872629343e+00,3.215220229872629343e+00
1.618999999999973127e+01,1.214313251880137585e+02,3.215721106676611374e+00,3.215721106676611374e+00
1.619999999999973284e+01,1.214956446170802877e+02,3.216221589128281266e+00,3.216221589128281266e+00
1.620999999999973440e+01,1.215599740518478598e+02,3.216721676593700341e+00,3.216721676593700341e+00
1.621999999999973596e+01,1.216243134844104077e+02,3.217221368448882846e+00,3.217221368448882846e+00
1.622999999999973753e+01,1.216886629068495864e+02,3.217720664079784409e+00,3.217720664079784409e+00
1.623999999999973909e+01,1.217530223112348295e+02,3.218219562882206120e+00,3.218219562882206120e+00
1.624999999999974065e+01,1.218173916896235482e+02,3.218718064261734568e+00,3.218718064261734568e+00
1.625999999999974222e+01,1.218817710340614155e+02,3.219216167633667691e+00,3.219216167633667691e+00
1.626999999999974378e+01,1.219461603365824942e+02,3.219713872422956147e+00,3.219713872422956147e+00
1.627999999999974534e+01,1.220105595892094641e+02,3.220211178064124269e+00,3.220211178064124269e+00
1.628999999999974690e+01,1.220749687839537216e+02,3.220708084001218108e+00,3.220708084001218108e+00
1.629999999999974847e+01,1.221393879128157209e+02,3.221204589687729491e+00,3.221204589687729491e+00
1.630999999999975003e+01,1.222038169677851158e+02,3.221700694586530744e+00,3.221700694586530744e+00
1.631999999999975159e+01,1.222682559408406036e+02,3.222196398169801412e+00,3.222196398169801412e+00
1.632999999999975316e+01,1.223327048239508770e+02,3.222691699918972308e+00,3.222691699918972308e+00
1.633999999999975472e+01,1.223971636090740560e+02,3.223186599324669555e+00,3.223186599324669555e+00
1.634999999999975628e+01,1.224616322881582278e+02,3.223681095886639536e+00,3.223681095886639536e+00
1.635999999999975785e+01,1.225261108531415317e+02,3.224175189113672069e+00,3.224175189113672069e+00
1.636999999999975941e+01,1.225905992959524582e+02,3.224668878523547555e+00,3.224668878523547555e+00
1.637999999999976097e+01,1.226550976085098910e+02,3.225162163642969038e+00,3.225162163642969038e+00
1.638999999999976254e+01,1.227196057827233915e+02,3.225655044007508465e+00,3.225655044007508465e+00
1.639999999999976410e+01,1.227841238104931705e+02,3.226147519161528532e+00,3.226147519161528532e+00
1.640999999999976566e+01,1.228486516837105569e+02,3.226639588658126723e+00,3.226639588658126723e+00
1.641999999999976723e+01,1.229131893942579836e+02,3.227131252059072697e+00,3.227131252059072697e+00
1.642999999999976879e+01,1.229777369340092434e+02,3.227622508934742118e+00,3.227622508934742118e+00
1.643999999999977035e+01,1.230422942948295741e+02,3.228113358864042048e+00,3.228113358864042048e+00
1.644999999999977192e+01,1.231068614685758433e+02,3.228603801434375864e+00,3.228603801434375864e+00
1.645999999999977348e+01,1.231714384470968184e+02,3.229093836241557547e+00,3.229093836241557547e+00
1.646999999999977504e+01,1.232360252222332804e+02,3.229583462889753509e+00,3.229583462889753509e+00
1.647999999999977661e+01,1.233006217858181515e+02,3.230072680991430634e+00,3.230072680991430634e+00
1.648999999999977817e+01,1.233652281296765949e+02,3.230561490167293659e+00,3.230561490167293659e+00
1.649999999999977973e+01,1.234298442456264411e+02,3.231049890046209239e+00,3.231049890046209239e+00
1.650999999999978129e+01,1.234944701254780313e+02,3.231537880265151319e+00,3.231537880265151319e+00
1.651999999999978286e+01,1.235591057610345871e+02,3.232025460469147848e+00,3.232025460469147848e+00
1.652999999999978442e+01,1.236237511440923527e+02,3.232512630311221713e+00,3.232512630311221713e+00
1.653999999999978598e+01,1.236884062664405803e+02,3.232999389452318351e+00,3.232999389452318351e+00
1.654999999999978755e+01,1.237530711198619997e+02,3.233485737561247131e+00,3.233485737561247131e+00
1.655999999999978911e+01,1.238177456961327181e+02,3.233971674314625844e+00,3.233971674314625844e+00
1.656999999999979067e+01,1.238824299870223200e+02,3.234457199396828742e+00,3.234457199396828742e+00
1.657999999999979224e+01,1.239471239842943930e+02,3.234942312499921258e+00,3.234942312499921258e+00
1.658999999999979380e+01,1.240118276797063004e+02,3.235427013323588508e+00,3.235427013323588508e+00
1.659999999999979536e+01,1.240765410650094367e+02,3.235911301575089993e+00,3.235911301575089993e+00
1.660999999999979693e+01,1.241412641319495265e+02,3.236395176969209420e+00,3.236395176969209420e+00
1.661999999999979849e+01,1.242059968722665104e+02,3.236878639228176979e+00,3.236878639228176979e+00
1.662999999999980005e+01,1.242707392776951423e+02,3.237361688081613398e+00,3.237361688081613398e+00
1.663999999999980162e+01,1.243354913399645341e+02,3.237844323266490409e+00,3.237844323266490409e+00
1.664999999999980318e+01,1.244002530507987530e+02,3.238326544527061035e+00,3.238326544527061035e+00
1.665999999999980474e+01,1.244650244019167644e+02,3.238808351614800962e+00,3.238808351614800962e+00
1.666999999999980631e+01,1.245298053850327165e+02,3.239289744288352590e+00,3.239289744288352590e+00
1.667999999999980787e+01,1.245945959918559538e+02,3.239770722313466411e+00,3.239770722313466411e+00
1.668999999999980943e+01,1.246593962140911884e+02,3.240251285462949937e+00,3.240251285462949937e+00
1.669999999999981100e+01,1.247242060434386843e+02,3.240731433516619298e+00,3.240731433516619298e+00
1.670999999999981256e+01,1.247890254715943428e+02,3.241211166261225518e+00,3.241211166261225518e+00
1.671999999999981412e+01,1.248538544902499439e+02,3.241690483490405672e+00,3.241690483490405672e+00
1.672999999999981569e+01,1.249186930910930471e+02,3.242169385004632254e+00,3.242169385004632254e+00
1.673999999999981725e+01,1.249835412658076592e+02,3.242647870611155003e+00,3.242647870611155003e+00
1.674999999999981881e+01,1.250483990060734669e+02,3.243125940123948503e+00,3.243125940123948503e+00
1.675999999999982037e+01,1.251132663035668457e+02,3.243603593363653115e+00,3.243603593363653115e+00
1.676999999999982194e+01,1.251781431499605901e+02,3.244080830157522133e+00,3.244080830157522133e+00
1.677999999999982350e+01,1.252430295369242117e+02,3.244557650339371602e+00,3.244557650339371602e+00
1.678999999999982506e+01,1.253079254561236695e+02,3.245034053749524805e+00,3.245034053749524805e+00
1.679999999999982663e+01,1.253728308992221372e+02,3.245510040234748317e+00,3.245510040234748317e+00
1.680999999999982819e+01,1.254377458578794347e+02,3.245985609648221804e+00,3.245985609648221804e+00
1.681999999999982975e+01,1.255026703237528665e+02,3.246460761849466969e+00,3.246460761849466969e+00
1.682999999999983132e+01,1.255676042884967387e+02,3.246935496704296042e+00,3.246935496704296042e+00
1.683999999999983288e+01,1.256325477437628564e+02,3.247409814084766033e+00,3.247409814084766033e+00
1.684999999999983444e+01,1.256975006812004523e+02,3.247883713869129441e+00,3.247883713869129441e+00
1.685999999999983601e+01,1.257624630924564428e+02,3.248357195941774744e+00,3.248357195941774744e+00
1.686999999999983757e+01,1.258274349691755418e+02,3.248830260193171338e+00,3.248830260193171338e+00
1.687999999999983913e+01,1.258924163030001182e+02,3.249302906519830447e+00,3.249302906519830447e+00
1.688999999999984070e+01,1.259574070855707930e+02,3.249775134824241629e+00,3.249775134824241629e+00
1.689999999999984226e+01,1.260224073085262120e+02,3.250246945014835021e+00,3.250246945014835021e+00
1.690999999999984382e+01,1.260874169635030313e+02,3.250718337005922720e+00,3.250718337005922720e+00
1.691999999999984539e+01,1.261524360421366566e+02,3.251189310717645498e+00,3.251189310717645498e+00
1.692999999999984695e+01,1.262174645360606320e+02,3.251659866075931937e+00,3.251659866075931937e+00
1.693999999999984851e+01,1.262825024369072509e+02,3.252130003012441151e+00,3.252130003012441151e+00
1.694999999999985008e+01,1.263475497363073003e+02,3.252599721464518367e+00,3.252599721464518367e+00
1.695999999999985164e+01,1.264126064258906439e+02,3.253069021375146086e+00,3.253069021375146086e+00
1.696999999999985320e+01,1.264776724972857664e+02,3.253537902692896555e+00,3.253537902692896555e+00
1.697999999999985477e+01,1.265427479421205561e+02,3.254006365371860277e+00,3.254006365371860277e+00
1.698999999999985633e+01,1.266078327520215367e+02,3.254474409371646448e+00,3.254474409371646448e+00
1.699999999999985789e+01,1.266729269186149054e+02,3.254942034657292371e+00,3.254942034657292371e+00
1.700999999999985945e+01,1.267380304335260917e+02,3.255409241199223036e+00,3.255409241199223036e+00
1.701999999999986102e+01,1.268031432883799283e+02,3.255876028973211600e+00,3.255876028973211600e+00
1.702999999999986258e+01,1.268682654748007792e+02,3.256342397960328316e+00,3.256342397960328316e+00
1.703999999999986414e+01,1.269333969844128518e+02,3.256808348146910781e+00,3.256808348146910781e+00
1.704999999999986571e+01,1.269985378088399983e+02,3.257273879524482663e+00,3.257273879524482663e+00
1.705999999999986727e+01,1.270636879397058578e+02,3.257738992089727947e+00,3.257738992089727947e+00
1.706999999999986883e+01,1.271288473686343821e+02,3.258203685844458519e+00,3.258203685844458519e+00
1.707999999999987040e+01,1.271940160872493237e+02,3.258667960795551100e+00,3.258667960795551100e+00
1.708999999999987196e+01,1.272591940871746914e+02,3.259131816954885519e+00,3.259131816954885519e+00
1.709999999999987352e+01,1.273243813600347920e+02,3.259595254339336279e+00,3.259595254339336279e+00
1.710999999999987509e+01,1.273895778974544015e+02,3.260058272970693505e+00,3.260058272970693505e+00
1.711999999999987665e+01,1.274547836910585801e+02,3.260520872875641185e+00,3.260520872875641185e+00
1.712999999999987821e+01,1.275199987324732263e+02,3.260983054085699440e+00,3.260983054085699440e+00
1.713999999999987978e+01,1.275852230133247360e+02,3.261444816637188993e+00,3.261444816637188993e+00
1.714999999999988134e+01,1.276504565252403154e+02,3.261906160571186319e+00,3.261906160571186319e+00
1.715999999999988290e+01,1.277156992598480798e+02,3.262367085933464583e+00,3.262367085933464583e+00
1.716999999999988447e+01,1.277809512087769832e+02,3.262827592774472762e+00,3.262827592774472762e+00
1.717999999999988603e+01,1.278462123636572727e+02,3.263287681149280584e+00,3.263287681149280584e+00
1.718999999999988759e+01,1.279114827161201902e+02,3.263747351117527895e+00,3.263747351117527895e+00
1.719999999999988916e+01,1.279767622577982138e+02,3.264206602743401575e+00,3.264206602743401575e+00
1.720999999999989072e+01,1.280420509803250866e+02,3.264665436095565809e+00,3.264665436095565809e+00
1.721999999999989228e+01,1.281073488753360721e+02,3.265123851247151876e+00,3.265123851247151876e+00
1.722999999999989384e+01,1.281726559344678833e+02,3.265581848275697308e+00,3.265581848275697308e+00
1.723999999999989541e+01,1.282379721493590239e+02,3.266039427263100592e+00,3.266039427263100592e+00
1.724999999999989697e+01,1.283032975116493901e+02,3.266496588295591863e+00,3.266496588295591863e+00
1.725999999999989853e+01,1.283686320129808394e+02,3.266953331463678278e+00,3.266953331463678278e+00
1.726999999999990010e+01,1.284339756449969627e+02,3.267409656862111600e+00,3.267409656862111600e+00
1.727999999999990166e+01,1.284993283993433124e+02,3.267865564589858440e+00,3.267865564589858440e+00
1.728999999999990322e+01,1.285646902676676007e+02,3.268321054750029653e+00,3.268321054750029653e+00
1.729999999999990479e+01,1.286300612416193587e+02,3.268776127449870561e+00,3.268776127449870561e+00
1.730999999999990635e+01,1.286954413128507042e+02,3.269230782800702784e+00,3.269230782800702784e+00
1.731999999999990791e+01,1.287608304730155453e+02,3.269685020917882934e+00,3.269685020917882934e+00
1.732999999999990948e+01,1.288262287137706323e+02,3.270138841920781303e+00,3.270138841920781303e+00
1.733999999999991104e+01,1.288916360267747336e+02,3.270592245932732123e+00,3.270592245932732123e+00
1.734999999999991260e+01,1.289570524036892891e+02,3.271045233080986492e+00,3.271045233080986492e+00
1.735999999999991417e+01,1.290224778361783819e+02,3.271497803496679513e+00,3.271497803496679513e+00
1.736999999999991573e+01,1.290879123159086248e+02,3.271949957314797430e+00,3.271949957314797430e+00
1.737999999999991729e+01,1.291533558345496999e+02,3.272401694674134109e+00,3.272401694674134109e+00
1.738999999999991886e+01,1.292188083837735064e+02,3.272853015717257286e+00,3.272853015717257286e+00
1.739999999999992042e+01,1.292842699552552688e+02,3.273303920590468596e+00,3.273303920590468596e+00
1.740999999999992198e+01,1.293497405406731957e+02,3.273754409443757396e+00,3.273754409443757396e+00
1.741999999999992355e+01,1.294152201317082245e+02,3.274204482430767449e+00,3.274204482430767449e+00
1.742999999999992511e+01,1.294807087200447029e+02,3.274654139708772060e+00,3.274654139708772060e+00
1.743999999999992667e+01,1.295462062973701052e+02,3.275103381438632777e+00,3.275103381438632777e+00
1.744999999999992824e+01,1.296117128553749467e+02,3.275552207784743430e+00,3.275552207784743430e+00
1.745999999999992980e+01,1.296772283857533523e+02,3.276000618915021700e+00,3.276000618915021700e+00
1.746999999999993136e+01,1.297427528802026018e+02,3.276448615000858045e+00,3.276448615000858045e+00
1.747999999999993292e+01,1.298082863304236412e+02,3.276896196217076174e+00,3.276896196217076174e+00
1.748999999999993449e+01,1.298738287281207420e+02,3.277343362741913957e+00,3.277343362741913957e+00
1.749999999999993605e+01,1.299393800650019557e+02,3.277790114756966577e+00,3.277790114756966577e+00
1.750999999999993761e+01,1.300049403327788866e+02,3.278236452447166549e+00,3.278236452447166549e+00
1.751999999999993918e+01,1.300705095231669759e+02,3.278682376000736642e+00,3.278682376000736642e+00
1.752999999999994074e+01,1.301360876278852743e+02,3.279127885609179227e+00,3.279127885609179227e+00
1.753999999999994230e+01,1.302016746386569253e+02,3.279572981467211434e+00,3.279572981467211434e+00
1.754999999999994387e+01,1.302672705472087955e+02,3.280017663772757164e+00,3.280017663772757164e+00
1.755999999999994543e+01,1.303328753452719013e+02,3.280461932726895125e+00,3.280461932726895125e+00
1.756999999999994699e+01,1.303984890245812664e+02,3.280905788533831302e+00,3.280905788533831302e+00
1.757999999999994856e+01,1.304641115768759789e+02,3.281349231400864319e+00,3.281349231400864319e+00
1.758999999999995012e+01,1.305297429938992479e+02,3.281792261538349909e+00,3.281792261538349909e+00
1.759999999999995168e+01,1.305953832673986881e+02,3.282234879159674268e+00,3.282234879159674268e+00
1.760999999999995325e+01,1.306610323891260919e+02,3.282677084481218976e+00,3.282677084481218976e+00
1.761999999999995481e+01,1.307266903508377140e+02,3.283118877722336570e+00,3.283118877722336570e+00
1.762999999999995637e+01,1.307923571442942148e+02,3.283560259105294143e+00,3.283560259105294143e+00
1.763999999999995794e+01,1.308580327612604037e+02,3.284001228855265353e+00,3.284001228855265353e+00
1.764999999999995950e+01,1.309237171935061781e+02,3.284441787200286011e+00,3.284441787200286011e+00
1.765999999999996106e+01,1.309894104328055846e+02,3.284881934371222556e+00,3.284881934371222556e+00
1.766999999999996263e+01,1.310551124709374164e+02,3.285321670601748512e+00,3.285321670601748512e+00
1.767999999999996419e+01,1.311208232996853553e+02,3.285760996128307632e+00,3.285760996128307632e+00
1.768999999999996575e+01,1.311865429108376588e+02,3.286199911190087253e+00,3.286199911190087253e+00
1.769999999999996732e+01,1.312522712961874731e+02,3.286638416028974774e+00,3.286638416028974774e+00
1.770999999999996888e+01,1.313180084475327476e+02,3.287076510889546554e+00,3.287076510889546554e+00
1.771999999999997044e+01,1.313837543566763486e+02,3.287514196019022172e+00,3.287514196019022172e+00
1.772999999999997200e+01,1.314495090154261732e+02,3.287951471667240000e+00,3.287951471667240000e+00
1.773999999999997357e+01,1.315152724155950921e+02,3.288388338086635887e+00,3.288388338086635887e+00
1.774999999999997513e+01,1.315810445490009499e+02,3.288824795532185430e+00,3.288824795532185430e+00
1.775999999999997669e+01,1.316468254074671904e+02,3.289260844261403971e+00,3.289260844261403971e+00
1.776999999999997826e+01,1.317126149828216626e+02,3.289696484534315069e+00,3.289696484534315069e+00
1.777999999999997982e+01,1.317784132668980988e+02,3.290131716613402091e+00,3.290131716613402091e+00
1.778999999999998138e+01,1.318442202515352335e+02,3.290566540763588677e+00,3.290566540763588677e+00
1.779999999999998295e+01,1.319100359285771162e+02,3.291000957252222747e+00,3.291000957252222747e+00
1.780999999999998451e+01,1.319758602898732249e+02,3.291434966349027658e+00,3.291434966349027658e+00
1.781999999999998607e+01,1.320416933272783808e+02,3.291868568326094202e+00,3.291868568326094202e+00
1.782999999999998764e+01,1.321075350326530611e+02,3.292301763457844643e+00,3.292301763457844643e+00
1.783999999999998920e+01,1.321733853978629725e+02,3.292734552020979422e+00,3.292734552020979422e+00
1.784999999999999076e+01,1.322392444147795629e+02,3.293166934294491810e+00,3.293166934294491810e+00
1.785999999999999233e+01,1.323051120752798795e+02,3.293598910559611070e+00,3.293598910559611070e+00
1.786999999999999389e+01,1.323709883712465967e+02,3.294030481099799346e+00,3.294030481099799346e+00
1.787999999999999545e+01,1.324368732945679881e+02,3.294461646200704141e+00,3.294461646200704141e+00
1.788999999999999702e+01,1.325027668371381253e+02,3.294892406150132125e+00,3.294892406150132125e+00
1.789999999999999858e+01,1.325686689908570202e+02,3.295322761238032694e+00,3.295322761238032694e+00
1.791000000000000014e+01,1.326345797476301982e+02,3.295752711756469999e+00,3.295752711756469999e+00
1.792000000000000171e+01,1.327004990993692672e+02,3.296182257999595411e+00,3.296182257999595411e+00
1.793000000000000327e+01,1.327664270379917753e+02,3.296611400263620872e+00,3.296611400263620872e+00
1.794000000000000483e+01,1.328323635554208408e+02,3.297040138846784707e+00,3.297040138846784707e+00
1.795000000000000639e+01,1.328983086435861480e+02,3.297468474049347620e+00,3.297468474049347620e+00
1.796000000000000796e+01,1.329642622944228947e+02,3.297896406173547845e+00,3.297896406173547845e+00
1.797000000000000952e+01,1.330302244998727019e+02,3.298323935523581607e+00,3.298323935523581607e+00
1.798000000000001108e+01,1.330961952518829321e+02,3.298751062405584467e+00,3.298751062405584467e+00
1.799000000000001265e+01,1.331621745424074561e+02,3.299177787127588690e+00,3.299177787127588690e+00
1.800000000000001421e+01,1.332281623634062271e+02,3.299604109999521473e+00,3.299604109999521473e+00
1.801000000000001577e+01,1.332941587068452236e+02,3.300030031333171188e+00,3.300030031333171188e+00
1.802000000000001734e+01,1.333601635646967907e+02,3.300455551442145641e+00,3.300455551442145641e+00
1.803000000000001890e+01,1.334261769289396398e+02,3.300880670641884063e+00,3.300880670641884063e+00
1.804000000000002046e+01,1.334921987915588488e+02,3.301305389249620248e+00,3.301305389249620248e+00
1.805000000000002203e+01,1.335582291445456065e+02,3.301729707584328377e+00,3.301729707584328377e+00
1.806000000000002359e+01,1.336242679798977235e+02,3.302153625966734563e+00,3.302153625966734563e+00
1.807000000000002515e+01,1.336903152896193490e+02,3.302577144719287983e+00,3.302577144719287983e+00
1.808000000000002672e+01,1.337563710657211402e+02,3.303000264166124467e+00,3.303000264166124467e+00
1.809000000000002828e+01,1.338224353002202349e+02,3.303422984633053616e+00,3.303422984633053616e+00
1.810000000000002984e+01,1.338885079851402509e+02,3.303845306447544150e+00,3.303845306447544150e+00
1.811000000000003141e+01,1.339545891125115133e+02,3.304267229938686157e+00,3.304267229938686157e+00
1.812000000000003297e+01,1.340206786743707994e+02,3.304688755437160452e+00,3.304688755437160452e+00
1.813000000000003453e+01,1.340867766627615936e+02,3.305109883275245686e+00,3.305109883275245686e+00
1.814000000000003610e+01,1.341528830697340311e+02,3.305530613786783256e+00,3.305530613786783256e+00
1.815000000000003766e+01,1.342189978873448979e+02,3.305950947307148891e+00,3.305950947307148891e+00
1.816000000000003922e+01,1.342851211076577158e+02,3.306370884173235325e+00,3.306370884173235325e+00
1.817000000000004079e+01,1.343512527227428563e+02,3.306790424723416777e+00,3.306790424723416777e+00
1.818000000000004235e+01,1.344173927246773417e+02,3.307209569297566709e+00,3.307209569297566709e+00
1.819000000000004391e+01,1.344835411055450152e+02,3.307628318237001430e+00,3.307628318237001430e+00
1.820000000000004547e+01,1.345496978574366835e+02,3.308046671884466772e+00,3.308046671884466772e+00
1.821000000000004704e+01,1.346158629724498894e+02,3.308464630584127431e+00,3.308464630584127431e+00
1.822000000000004860e+01,1.346820364426892809e+02,3.308882194681537658e+00,3.308882194681537658e+00
1.823000000000005016e+01,1.347482182602660430e+02,3.309299364523620390e+00,3.309299364523620390e+00
1.824000000000005173e+01,1.348144084172986368e+02,3.309716140458643707e+00,3.309716140458643707e+00
1.825000000000005329e+01,1.348806069059124866e+02,3.310132522836214175e+00,3.310132522836214175e+00
1.826000000000005485e+01,1.349468137182398948e+02,3.310548512007255972e+00,3.310548512007255972e+00
1.827000000000005642e+01,1.350130288464201840e+02,3.310964108323972699e+00,3.310964108323972699e+00
1.828000000000005798e+01,1.350792522825999242e+02,3.311379312139846487e+00,3.311379312139846487e+00
1.829000000000005954e+01,1.351454840189324784e+02,3.311794123809605583e+00,3.311794123809605583e+00
1.830000000000006111e+01,1.352117240475787412e+02,3.312208543689216800e+00,3.312208543689216800e+00
1.831000000000006267e+01,1.352779723607061726e+02,3.312622572135869081e+00,3.312622572135869081e+00
1.832000000000006423e+01,1.353442289504898781e+02,3.313036209507931318e+00,3.313036209507931318e+00
1.833000000000006580e+01,1.354104938091119266e+02,3.313449456164958562e+00,3.313449456164958562e+00
1.834000000000006736e+01,1.354767669287616343e+02,3.313862312467666715e+00,3.313862312467666715e+00
1.835000000000006892e+01,1.355430483016354799e+02,3.314274778777903663e+00,3.314274778777903663e+00
1.836000000000007049e+01,1.356093379199372180e+02,3.314686855458640391e+00,3.314686855458640391e+00
1.837000000000007205e+01,1.356756357758780211e+02,3.315098542873956333e+00,3.315098542873956333e+00
1.838000000000007361e+01,1.357419418616760822e+02,3.315509841389017165e+00,3.315509841389017165e+00
1.839000000000007518e+01,1.358082561695571542e+02,3.315920751370047270e+00,3.315920751370047270e+00
1.840000000000007674e+01,1.358745786917542091e+02,3.316331273184331518e+00,3.316331273184331518e+00
1.841000000000007830e+01,1.359409094205076087e+02,3.316741407200189062e+00,3.316741407200189062e+00
1.842000000000007987e+01,1.360072483480649623e+02,3.317151153786948470e+00,3.317151153786948470e+00
1.843000000000008143e+01,1.360735954666814678e+02,3.317560513314939286e+00,3.317560513314939286e+00
1.844000000000008299e+01,1.361399507686197694e+02,3.317969486155468495e+00,3.317969486155468495e+00
1.845000000000008455e+01,1.362063142461496170e+02,3.318378072680815194e+00,3.318378072680815194e+00
1.846000000000008612e+01,1.362726858915485479e+02,3.318786273264204834e+00,3.318786273264204834e+00
1.847000000000008768e+01,1.363390656971014891e+02,3.319194088279800781e+00,3.319194088279800781e+00
1.848000000000008924e+01,1.364054536551008141e+02,3.319601518102666127e+00,3.319601518102666127e+00
1.849000000000009081e+01,1.364718497578464280e+02,3.320008563108775235e+00,3.320008563108775235e+00
1.850000000000009237e+01,1.365382539976457394e+02,3.320415223674982652e+00,3.320415223674982652e+00
1.851000000000009393e+01,1.366046663668136318e+02,3.320821500179013785e+00,3.320821500179013785e+00
1.852000000000009550e+01,1.366710868576729183e+02,3.321227392999433814e+00,3.321227392999433814e+00
1.853000000000009706e+01,1.367375154625534606e+02,3.321632902515659680e+00,3.321632902515659680e+00
1.854000000000009862e+01,1.368039521737930215e+02,3.322038029107926782e+00,3.322038029107926782e+00
1.855000000000010019e+01,1.368703969837370096e+02,3.322442773157264995e+00,3.322442773157264995e+00
1.856000000000010175e+01,1.369368498847383648e+02,3.322847135045497780e+00,3.322847135045497780e+00
1.857000000000010331e+01,1.370033108691576444e+02,3.323251115155221758e+00,3.323251115155221758e+00
1.858000000000010488e+01,1.370697799293630510e+02,3.323654713869802269e+00,3.323654713869802269e+00
1.859000000000010644e+01,1.371362570577307451e+02,3.324057931573343616e+00,3.324057931573343616e+00
1.860000000000010800e+01,1.372027422466441067e+02,3.324460768650689513e+00,3.324460768650689513e+00
1.861000000000010957e+01,1.372692354884945587e+02,3.324863225487389329e+00,3.324863225487389329e+00
1.862000000000011113e+01,1.373357367756812266e+02,3.325265302469687878e+00,3.325265302469687878e+00
1.863000000000011269e+01,1.374022461006107676e+02,3.325666999984531635e+00,3.325666999984531635e+00
1.864000000000011426e+01,1.374687634556977400e+02,3.326068318419531877e+00,3.326068318419531877e+00
1.865000000000011582e+01,1.375352888333644614e+02,3.326469258162961573e+00,3.326469258162961573e+00
1.866000000000011738e+01,1.376018222260409800e+02,3.326869819603742950e+00,3.326869819603742950e+00
1.867000000000011894e+01,1.376683636261651316e+02,3.327270003131423959e+00,3.327270003131423959e+00
1.868000000000012051e+01,1.377349130261825394e+02,3.327669809136176937e+00,3.327669809136176937e+00
1.869000000000012207e+01,1.378014704185466428e+02,3.328069238008773301e+00,3.328069238008773301e+00
1.870000000000012363e+01,1.378680357957187823e+02,3.328468290140572883e+00,3.328468290140572883e+00
1.871000000000012520e+01,1.379346091501679155e+02,3.328866965923522603e+00,3.328866965923522603e+00
1.872000000000012676e+01,1.380011904743711568e+02,3.329265265750131153e+00,3.329265265750131153e+00
1.873000000000012832e+01,1.380677797608132664e+02,3.329663190013456120e+00,3.329663190013456120e+00
1.874000000000012989e+01,1.381343770019867634e+02,3.330060739107098211e+00,3.330060739107098211e+00
1.875000000000013145e+01,1.382009821903923807e+02,3.330457913425187044e+00,3.330457913425187044e+00
1.876000000000013301e+01,1.382675953185384401e+02,3.330854713362368713e+00,3.330854713362368713e+00
1.877000000000013458e+01,1.383342163789413348e+02,3.331251139313782250e+00,3.331251139313782250e+00
1.878000000000013614e+01,1.384008453641253311e+02,3.331647191675054298e+00,3.331647191675054298e+00
1.879000000000013770e+01,1.384674822666225111e+02,3.332042870842292004e+00,3.332042870842292004e+00
1.880000000000013927e+01,1.385341270789729151e+02,3.332438177212070585e+00,3.332438177212070585e+00
1.881000000000014083e+01,1.386007797937247403e+02,3.332833111181417785e+00,3.332833111181417785e+00
1.882000000000014239e+01,1.386674404034338011e+02,3.333227673147809877e+00,3.333227673147809877e+00
1.883000000000014396e+01,1.387341089006639834e+02,3.333621863509139249e+00,3.333621863509139249e+00
1.884000000000014552e+01,1.388007852779873303e+02,3.334015682663720614e+00,3.334015682663720614e+00
1.885000000000014708e+01,1.388674695279836726e+02,3.334409131010283467e+00,3.334409131010283467e+00
1.886000000000014865e+01,1.389341616432406852e+02,3.334802208947947211e+00,3.334802208947947211e+00
1.887000000000015021e+01,1.390008616163542570e+02,3.335194916876204729e+00,3.335194916876204729e+00
1.888000000000015177e+01,1.390675694399282634e+02,3.335587255194933043e+00,3.335587255194933043e+00
1.889000000000015334e+01,1.391342851065744242e+02,3.335979224304375101e+00,3.335979224304375101e+00
1.890000000000015490e+01,1.392010086089126162e+02,3.336370824605107366e+00,3.336370824605107366e+00
1.891000000000015646e+01,1.392677399395707027e+02,3.336762056498058016e+00,3.336762056498058016e+00
1.892000000000015802e+01,1.393344790911844484e+02,3.337152920384485189e+00,3.337152920384485189e+00
1.893000000000015959e+01,1.394012260563978032e+02,3.337543416665957441e+00,3.337543416665957441e+00
1.894000000000016115e+01,1.394679808278626751e+02,3.337933545744365293e+00,3.337933545744365293e+00
1.895000000000016271e+01,1.395347433982390157e+02,3.338323308021888813e+00,3.338323308021888813e+00
1.896000000000016428e+01,1.396015137601947629e+02,3.338712703900991396e+00,3.338712703900991396e+00
1.897000000000016584e+01,1.396682919064061537e+02,3.339101733784421544e+00,3.339101733784421544e+00
1.898000000000016740e+01,1.397350778295570990e+02,3.339490398075187549e+00,3.339490398075187549e+00
1.899000000000016897e+01,1.398018715223399511e+02,3.339878697176563271e+00,3.339878697176563271e+00
1.900000000000017053e+01,1.398686729774548496e+02,3.340266631492064153e+00,3.340266631492064153e+00
1.901000000000017209e+01,1.399354821876103188e+02,3.340654201425445446e+00,3.340654201425445446e+00
1.902000000000017366e+01,1.400022991455224144e+02,3.341041407380688444e+00,3.341041407380688444e+00
1.903000000000017522e+01,1.400691238439157189e+02,3.341428249761998259e+00,3.341428249761998259e+00
1.904000000000017678e+01,1.401359562755229433e+02,3.341814728973778514e+00,3.341814728973778514e+00
1.905000000000017835e+01,1.402027964330846714e+02,3.342200845420642885e+00,3.342200845420642885e+00
1.906000000000017991e+01,1.402696443093496157e+02,3.342586599507391565e+00,3.342586599507391565e+00
1.907000000000018147e+01,1.403364998970747024e+02,3.342971991639005491e+00,3.342971991639005491e+00
1.908000000000018304e+01,1.404033631890247875e+02,3.343357022220640129e+00,3.343357022220640129e+00
1.909000000000018460e+01,1.404702341779729409e+02,3.343741691657609927e+00,3.343741691657609927e+00
1.910000000000018616e+01,1.405371128567004746e+02,3.344126000355393646e+00,3.344126000355393646e+00
1.911000000000018773e+01,1.406039992179963747e+02,3.344509948719600168e+00,3.344509948719600168e+00
1.912000000000018929e+01,1.406708932546583526e+02,3.344893537155982699e+00,3.344893537155982699e+00
1.913000000000019085e+01,1.407377949594916231e+02,3.345276766070426344e+00,3.345276766070426344e+00
1.914000000000019241e+01,1.408047043253100412e+02,3.345659635868931225e+00,3.345659635868931225e+00
1.915000000000019398e+01,1.408716213449351073e+02,3.346042146957610708e+00,3.346042146957610708e+00
1.916000000000019554e+01,1.409385460111968769e+02,3.346424299742686070e+00,3.346424299742686070e+00
1.917000000000019710e+01,1.410054783169333064e+02,3.346806094630472295e+00,3.346806094630472295e+00
1.918000000000019867e+01,1.410724182549904810e+02,3.347187532027368295e+00,3.347187532027368295e+00
1.919000000000020023e+01,1.411393658182226432e+02,3.347568612339843597e+00,3.347568612339843597e+00
1.920000000000020179e+01,1.412063209994922488e+02,3.347949335974451657e+00,3.347949335974451657e+00
1.921000000000020336e+01,1.412732837916697690e+02,3.348329703337804997e+00,3.348329703337804997e+00
1.922000000000020492e+01,1.413402541876336613e+02,3.348709714836568097e+00,3.348709714836568097e+00
1.923000000000020648e+01,1.414072321802710235e+02,3.349089370877463168e+00,3.349089370877463168e+00
1.924000000000020805e+01,1.414742177624765134e+02,3.349468671867238623e+00,3.349468671867238623e+00
1.925000000000020961e+01,1.415412109271533438e+02,3.349847618212677514e+00,3.349847618212677514e+00
1.926000000000021117e+01,1.416082116672125153e+02,3.350226210320599307e+00,3.350226210320599307e+00
1.927000000000021274e+01,1.416752199755734978e+02,3.350604448597829244e+00,3.350604448597829244e+00
1.928000000000021430e+01,1.417422358451637194e+02,3.350982333451210771e+00,3.350982333451210771e+00
1.929000000000021586e+01,1.418092592689187939e+02,3.351359865287585560e+00,3.351359865287585560e+00
1.930000000000021743e+01,1.418762902397823495e+02,3.351737044513795727e+00,3.351737044513795727e+00
1.931000000000021899e+01,1.419433287507063426e+02,3.352113871536673173e+00,3.352113871536673173e+00
1.932000000000022055e+01,1.420103747946507724e+02,3.352490346763027151e+00,3.352490346763027151e+00
1.933000000000022212e+01,1.420774283645836817e+02,3.352866470599634940e+00,3.352866470599634940e+00
1.934000000000022368e+01,1.421444894534814978e+02,3.353242243453257831e+00,3.353242243453257831e+00
1.935000000000022524e+01,1.422115580543284636e+02,3.353617665730624697e+00,3.353617665730624697e+00
1.936000000000022681e+01,1.422786341601172069e+02,3.353992737838402682e+00,3.353992737838402682e+00
1.937000000000022837e+01,1.423457177638484552e+02,3.354367460183206529e+00,3.354367460183206529e+00
1.938000000000022993e+01,1.424128088585309797e+02,3.354741833171607013e+00,3.354741833171607013e+00
1.939000000000023149e+01,1.424799074371815664e+02,3.355115857210106078e+00,3.355115857210106078e+00
1.940000000000023306e+01,1.425470134928255277e+02,3.355489532705121736e+00,3.355489532705121736e+00
1.941000000000023462e+01,1.426141270184959353e+02,3.355862860063012487e+00,3.355862860063012487e+00
1.942000000000023618e+01,1.426812480072340179e+02,3.356235839690056011e+00,3.356235839690056011e+00
1.943000000000023775e+01,1.427483764520894169e+02,3.356608471992430953e+00,3.356608471992430953e+00
1.944000000000023931e+01,1.428155123461196183e+02,3.356980757376216484e+00,3.356980757376216484e+00
1.945000000000024087e+01,1.428826556823902081e+02,3.357352696247403845e+00,3.357352696247403845e+00
1.946000000000024244e+01,1.429498064539752136e+02,3.357724289011867036e+00,3.357724289011867036e+00
1.947000000000024400e+01,1.430169646539563360e+02,3.358095536075370369e+00,3.358095536075370369e+00
1.948000000000024556e+01,1.430841302754237461e+02,3.358466437843570684e+00,3.358466437843570684e+00
1.949000000000024713e+01,1.431513033114755444e+02,3.358836994721987601e+00,3.358836994721987601e+00
1.950000000000024869e+01,1.432184837552180170e+02,3.359207207116015947e+00,3.359207207116015947e+00
1.951000000000025025e+01,1.432856715997655499e+02,3.359577075430915993e+00,3.359577075430915993e+00
1.952000000000025182e+01,1.433528668382404589e+02,3.359946600071803680e+00,3.359946600071803680e+00
1.953000000000025338e+01,1.434200694637735580e+02,3.360315781443647953e+00,3.360315781443647953e+00
1.954000000000025494e+01,1.434872794695033065e+02,3.360684619951281427e+00,3.360684619951281427e+00
1.955000000000025651e+01,1.435544968485766049e+02,3.361053115999360408e+00,3.361053115999360408e+00
1.956000000000025807e+01,1.436217215941482266e+02,3.361421269992394656e+00,3.361421269992394656e+00
1.957000000000025963e+01,1.436889536993811589e+02,3.361789082334715850e+00,3.361789082334715850e+00
1.958000000000026120e+01,1.437561931574464609e+02,3.362156553430482919e+00,3.362156553430482919e+00
1.959000000000026276e+01,1.438234399615231496e+02,3.362523683683693143e+00,3.362523683683693143e+00
1.960000000000026432e+01,1.438906941047984276e+02,3.362890473498150179e+00,3.362890473498150179e+00
1.961000000000026589e+01,1.439579555804676545e+02,3.363256923277472943e+00,3.363256923277472943e+00
1.962000000000026745e+01,1.440252243817340911e+02,3.363623033425088060e+00,3.363623033425088060e+00
1.963000000000026901e+01,1.440925005018091269e+02,3.363988804344223649e+00,3.363988804344223649e+00
1.964000000000027057e+01,1.441597839339122800e+02,3.364354236437907097e+00,3.364354236437907097e+00
1.965000000000027214e+01,1.442270746712710263e+02,3.364719330108972617e+00,3.364719330108972617e+00
1.966000000000027370e+01,1.442943727071209139e+02,3.365084085760026156e+00,3.365084085760026156e+00
1.967000000000027526e+01,1.443616780347056476e+02,3.365448503793470714e+00,3.365448503793470714e+00
1.968000000000027683e+01,1.444289906472768337e+02,3.365812584611483693e+00,3.365812584611483693e+00
1.969000000000027839e+01,1.444963105380941784e+02,3.366176328616023561e+00,3.366176328616023561e+00
1.970000000000027995e+01,1.445636377004254882e+02,3.366539736208817413e+00,3.366539736208817413e+00
1.971000000000028152e+01,1.446309721275465847e+02,3.366902807791360086e+00,3.366902807791360086e+00
1.972000000000028308e+01,1.446983138127410768e+02,3.367265543764907498e+00,3.367265543764907498e+00
1.973000000000028464e+01,1.447656627493009864e+02,3.367627944530485529e+00,3.367627944530485529e+00
1.974000000000028621e+01,1.448330189305261229e+02,3.367990010488872699e+00,3.367990010488872699e+00
1.975000000000028777e+01,1.449003823497243673e+02,3.368351742040587293e+00,3.368351742040587293e+00
1.976000000000028933e+01,1.449677530002115020e+02,3.368713139585896243e+00,3.368713139585896243e+00
1.977000000000029090e+01,1.450351308753114665e+02,3.369074203524823119e+00,3.369074203524823119e+00
1.978000000000029246e+01,1.451025159683561299e+02,3.369434934257121927e+00,3.369434934257121927e+00
1.979000000000029402e+01,1.451699082726852623e+02,3.369795332182283776e+00,3.369795332182283776e+00
1.980000000000029559e+01,1.452373077816468765e+02,3.370155397699523547e+00,3.370155397699523547e+00
1.981000000000029715e+01,1.453047144885967157e+02,3.370515131207789228e+00,3.370515131207789228e+00
1.982000000000029871e+01,1.453721283868985950e+02,3.370874533105757465e+00,3.370874533105757465e+00
1.983000000000030028e+01,1.454395494699242875e+02,3.371233603791825573e+00,3.371233603791825573e+00
1.984000000000030184e+01,1.455069777310536097e+02,3.371592343664106650e+00,3.371592343664106650e+00
1.985000000000030340e+01,1.455744131636741656e+02,3.371950753120420252e+00,3.371950753120420252e+00
1.986000000000030496e+01,1.456418557611817164e+02,3.372308832558302161e+00,3.372308832558302161e+00
1.987000000000030653e+01,1.457093055169796685e+02,3.372666582374998168e+00,3.372666582374998168e+00
1.988000000000030809e+01,1.457767624244797844e+02,3.373024002967450308e+00,3.373024002967450308e+00
1.989000000000030965e+01,1.458442264771014436e+02,3.373381094732292862e+00,3.373381094732292862e+00
1.990000000000031122e+01,1.459116976682720974e+02,3.373737858065867901e+00,3.373737858065867901e+00
1.991000000000031278e+01,1.459791759914270699e+02,3.374094293364214181e+00,3.374094293364214181e+00
1.992000000000031434e+01,1.460466614400096148e+02,3.374450401023056045e+00,3.374450401023056045e+00
1.993000000000031591e+01,1.461141540074708587e+02,3.374806181437799424e+00,3.374806181437799424e+00
1.994000000000031747e+01,1.461816536872699999e+02,3.375161635003529614e+00,3.375161635003529614e+00
1.995000000000031903e+01,1.462491604728738537e+02,3.375516762115029934e+00,3.375516762115029934e+00
1.996000000000032060e+01,1.463166743577573925e+02,3.375871563166754186e+00,3.375871563166754186e+00
1.997000000000032216e+01,1.463841953354032626e+02,3.376226038552823550e+00,3.376226038552823550e+00
1.998000000000032372e+01,1.464517233993021819e+02,3.376580188667032356e+00,3.376580188667032356e+00
1.999000000000032529e+01,1.465192585429525707e+02,3.376934013902846310e+00,3.376934013902846310e+00
2.000000000000032685e+01,1.465868007598609211e+02,3.377287514653402933e+00,3.377287514653402933e+00
2.001000000000032841e+01,1.466543500435412852e+02,3.377640691311496912e+00,3.377640691311496912e+00
2.002000000000032998e+01,1.467219063875159293e+02,3.377993544269583648e+00,3.377993544269583648e+00
2.003000000000033154e+01,1.467894697853145658e+02,3.378346073919776593e+00,3.378346073919776593e+00
2.004000000000033310e+01,1.468570402304751212e+02,3.378698280653838815e+00,3.378698280653838815e+00
2.005000000000033467e+01,1.469246177165432243e+02,3.379050164863193206e+00,3.379050164863193206e+00
2.006000000000033623e+01,1.469922022370721209e+02,3.379401726938911388e+00,3.379401726938911388e+00
2.007000000000033779e+01,1.470597937856230999e+02,3.379752967271702602e+00,3.379752967271702602e+00
2.008000000000033936e+01,1.471273923557652950e+02,3.380103886251927037e+00,3.380103886251927037e+00
2.009000000000034092e+01,1.471949979410755134e+02,3.380454484269597160e+00,3.380454484269597160e+00
2.010000000000034248e+01,1.472626105351383501e+02,3.380804761714355067e+00,3.380804761714355067e+00
2.011000000000034404e+01,1.473302301315462728e+02,3.381154718975474260e+00,3.381154718975474260e+00
2.012000000000034561e+01,1.473978567238996220e+02,3.381504356441867643e+00,3.381504356441867643e+00
2.013000000000034717e+01,1.474654903058061279e+02,3.381853674502083518e+00,3.381853674502083518e+00
2.014000000000034873e+01,1.475331308708817630e+02,3.382202673544303373e+00,3.382202673544303373e+00
2.015000000000035030e+01,1.476007784127500315e+02,3.382551353956326778e+00,3.382551353956326778e+00
2.016000000000035186e+01,1.476684329250420831e+02,3.382899716125592704e+00,3.382899716125592704e+00
2.017000000000035342e+01,1.477360944013970538e+02,3.383247760439152430e+00,3.383247760439152430e+00
2.018000000000035499e+01,1.478037628354616686e+02,3.383595487283672210e+00,3.383595487283672210e+00
2.019000000000035655e+01,1.478714382208904112e+02,3.383942897045463472e+00,3.383942897045463472e+00
2.020000000000035811e+01,1.479391205513454111e+02,3.384289990110421531e+00,3.384289990110421531e+00
2.021000000000035968e+01,1.480068098204967271e+02,3.384636766864078883e+00,3.384636766864078883e+00
2.022000000000036124e+01,1.480745060220218932e+02,3.384983227691578112e+00,3.384983227691578112e+00
2.023000000000036280e+01,1.481422091496062308e+02,3.385329372977671891e+00,3.385329372977671891e+00
2.024000000000036437e+01,1.482099191969428205e+02,3.385675203106714548e+00,3.385675203106714548e+00
2.025000000000036593e+01,1.482776361577323030e+02,3.386020718462679824e+00,3.386020718462679824e+00
2.026000000000036749e+01,1.483453600256831351e+02,3.386365919429136451e+00,3.386365919429136451e+00
2.027000000000036906e+01,1.484130907945112199e+02,3.386710806389262807e+00,3.386710806389262807e+00
2.028000000000037062e+01,1.484808284579403903e+02,3.387055379725838034e+00,3.387055379725838034e+00
2.029000000000037218e+01,1.485485730097020109e+02,3.387399639821237596e+00,3.387399639821237596e+00
2.030000000000037375e+01,1.486163244435348929e+02,3.387743587057445271e+00,3.387743587057445271e+00
2.031000000000037531e+01,1.486840827531858906e+02,3.388087221816027839e+00,3.388087221816027839e+00
2.032000000000037687e+01,1.487518479324092198e+02,3.388430544478152839e+00,3.388430544478152839e+00
2.033000000000037844e+01,1.488196199749666562e+02,3.388773555424587691e+00,3.388773555424587691e+00
2.034000000000038000e+01,1.488873988746277917e+02,3.389116255035674374e+00,3.389116255035674374e+00
2.035000000000038156e+01,1.489551846251696077e+02,3.389458643691363182e+00,3.389458643691363182e+00
2.036000000000038312e+01,1.490229772203769016e+02,3.389800721771186964e+00,3.389800721771186964e+00
2.037000000000038469e+01,1.490907766540420027e+02,3.390142489654260682e+00,3.390142489654260682e+00
2.038000000000038625e+01,1.491585829199646014e+02,3.390483947719277857e+00,3.390483947719277857e+00
2.039000000000038781e+01,1.492263960119521755e+02,3.390825096344540324e+00,3.390825096344540324e+00
2.040000000000038938e+01,1.492942159238197917e+02,3.391165935907906714e+00,3.391165935907906714e+00
2.041000000000039094e+01,1.493620426493899629e+02,3.391506466786823548e+00,3.391506466786823548e+00
2.042000000000039250e+01,1.494298761824926771e+02,3.391846689358329670e+00,3.391846689358329670e+00
2.043000000000039407e+01,1.494977165169656530e+02,3.392186603999032268e+00,3.392186603999032268e+00
2.044000000000039563e+01,1.495655636466539988e+02,3.392526211085109988e+00,3.392526211085109988e+00
2.045000000000039719e+01,1.496334175654104115e+02,3.392865510992324030e+00,3.392865510992324030e+00
2.046000000000039876e+01,1.497012782670950344e+02,3.393204504096015039e+00,3.393204504096015039e+00
2.047000000000040032e+01,1.497691457455754858e+02,3.393543190771083129e+00,3.393543190771083129e+00
2.048000000000040188e+01,1.498370199947271146e+02,3.393881571392005192e+00,3.393881571392005192e+00
2.049000000000040345e+01,1.499049010084324038e+02,3.394219646332834905e+00,3.394219646332834905e+00
2.050000000000040501e+01,1.499727887805816238e+02,3.394557415967197844e+00,3.394557415967197844e+00
2.051000000000040657e+01,1.500406833050723492e+02,3.394894880668272386e+00,3.394894880668272386e+00
2.052000000000040814e+01,1.501085845758095729e+02,3.395232040808816798e+00,3.395232040808816798e+00
2.053000000000040970e+01,1.501764925867058764e+02,3.395568896761149702e+00,3.395568896761149702e+00
2.054000000000041126e+01,1.502444073316812023e+02,3.395905448897154510e+00,3.395905448897154510e+00
2.055000000000041283e+01,1.503123288046628829e+02,3.396241697588272768e+00,3.396241697588272768e+00
2.056000000000041439e+01,1.503802569995858676e+02,3.396577643205525465e+00,3.396577643205525465e+00
2.057000000000041595e+01,1.504481919103922110e+02,3.396913286119483733e+00,3.396913286119483733e+00
2.058000000000041751e+01,1.505161335310316986e+02,3.397248626700280827e+00,3.397248626700280827e+00
2.059000000000041908e+01,1.505840818554613065e+02,3.397583665317607249e+00,3.397583665317607249e+00
2.060000000000042064e+01,1.506520368776454859e+02,3.397918402340713850e+00,3.397918402340713850e+00
2.061000000000042220e+01,1.507199985915559921e+02,3.398252838138416720e+00,3.398252838138416720e+00
2.062000000000042377e+01,1.507879669911720271e+02,3.398586973079080309e+00,3.398586973079080309e+00
2.063000000000042533e+01,1.508559420704801823e+02,3.398920807530630750e+00,3.398920807530630750e+00
2.064000000000042689e+01,1.509239238234742402e+02,3.399254341860538098e+00,3.399254341860538098e+00
2.065000000000042846e+01,1.509919122441555430e+02,3.399587576435844749e+00,3.399587576435844749e+00
2.066000000000043002e+01,1.510599073265326524e+02,3.399920511623137021e+00,3.399920511623137021e+00
2.067000000000043158e+01,1.511279090646214627e+02,3.400253147788535379e+00,3.400253147788535379e+00
2.068000000000043315e+01,1.511959174524451441e+02,3.400585485297737520e+00,3.400585485297737520e+00
2.069000000000043471e+01,1.512639324840342852e+02,3.400917524515999713e+00,3.400917524515999713e+00
2.070000000000043627e+01,1.513319541534267216e+02,3.401249265808110600e+00,3.401249265808110600e+00
2.071000000000043784e+01,1.513999824546675654e+02,3.401580709538409852e+00,3.401580709538409852e+00
2.072000000000043940e+01,1.514680173818091191e+02,3.401911856070780171e+00,3.401911856070780171e+00
2.073000000000044096e+01,1.515360589289111317e+02,3.402242705768667719e+00,3.402242705768667719e+00
2.074000000000044253e+01,1.516041070900406567e+02,3.402573258995061689e+00,3.402573258995061689e+00
2.075000000000044409e+01,1.516721618592717391e+02,3.402903516112490312e+00,3.402903516112490312e+00
2.076000000000044565e+01,1.517402232306860128e+02,3.403233477483042169e+00,3.403233477483042169e+00
2.077000000000044722e+01,1.518082911983719612e+02,3.403563143468344876e+00,3.403563143468344876e+00
2.078000000000044878e+01,1.518763657564255425e+02,3.403892514429568195e+00,3.403892514429568195e+00
2.079000000000045034e+01,1.519444468989499057e+02,3.404221590727427582e+00,3.404221590727427582e+00
2.080000000000045191e+01,1.520125346200554191e+02,3.404550372722180640e+00,3.404550372722180640e+00
2.081000000000045347e+01,1.520806289138595844e+02,3.404878860773635552e+00,3.404878860773635552e+00
2.082000000000045503e+01,1.521487297744871228e+02,3.405207055241139535e+00,3.405207055241139535e+00
2.083000000000045659e+01,1.522168371960699460e+02,3.405534956483580178e+00,3.405534956483580178e+00
2.084000000000045816e+01,1.522849511727471565e+02,3.405862564859388542e+00,3.405862564859388542e+00
2.085000000000045972e+01,1.523530716986650191e+02,3.406189880726548047e+00,3.406189880726548047e+00
2.086000000000046128e+01,1.524211987679769322e+02,3.406516904442566496e+00,3.406516904442566496e+00
2.087000000000046285e+01,1.524893323748434568e+02,3.406843636364499162e+00,3.406843636364499162e+00
2.088000000000046441e+01,1.525574725134321739e+02,3.407170076848947460e+00,3.407170076848947460e+00
2.089000000000046597e+01,1.526256191779180824e+02,3.407496226252039406e+00,3.407496226252039406e+00
2.090000000000046754e+01,1.526937723624829459e+02,3.407822084929453599e+00,3.407822084929453599e+00
2.091000000000046910e+01,1.527619320613159175e+02,3.408147653236405450e+00,3.408147653236405450e+00
2.092000000000047066e+01,1.528300982686129998e+02,3.408472931527650740e+00,3.408472931527650740e+00
2.093000000000047223e+01,1.528982709785776706e+02,3.408797920157481176e+00,3.408797920157481176e+00
2.094000000000047379e+01,1.529664501854199443e+02,3.409122619479721283e+00,3.409122619479721283e+00
2.095000000000047535e+01,1.530346358833574527e+02,3.409447029847748389e+00,3.409447029847748389e+00
2.096000000000047692e+01,1.531028280666144497e+02,3.409771151614466422e+00,3.409771151614466422e+00
2.097000000000047848e+01,1.531710267294226355e+02,3.410094985132320122e+00,3.410094985132320122e+00
2.098000000000048004e+01,1.532392318660203330e+02,3.410418530753283939e+00,3.410418530753283939e+00
2.099000000000048161e+01,1.533074434706532827e+02,3.410741788828875798e+00,3.410741788828875798e+00
2.100000000000048317e+01,1.533756615375740466e+02,3.411064759710152217e+00,3.411064759710152217e+00
2.101000000000048473e+01,1.534438860610422068e+02,3.411387443747703863e+00,3.411387443747703863e+00
2.102000000000048630e+01,1.535121170353244793e+02,3.411709841291653333e+00,3.411709841291653333e+00
2.103000000000048786e+01,1.535803544546944863e+02,3.412031952691663150e+00,3.412031952691663150e+00
2.104000000000048942e+01,1.536485983134327284e+02,3.412353778296933982e+00,3.412353778296933982e+00
2.105000000000049099e+01,1.537168486058268400e+02,3.412675318456196205e+00,3.412675318456196205e+00
2.106000000000049255e+01,1.537851053261714185e+02,3.412996573517722787e+00,3.412996573517722787e+00
2.107000000000049411e+01,1.538533684687680818e+02,3.413317543829309297e+00,3.413317543829309297e+00
2.108000000000049567e+01,1.539216380279250984e+02,3.413638229738295227e+00,3.413638229738295227e+00
2.109000000000049724e+01,1.539899139979580696e+02,3.413958631591562654e+00,3.413958631591562654e+00
2.110000000000049880e+01,1.540581963731892472e+02,3.414278749735516261e+00,3.414278749735516261e+00
2.111000000000050036e+01,1.541264851479479603e+02,3.414598584516097990e+00,3.414598584516097990e+00
2.112000000000050193e+01,1.541947803165703874e+02,3.414918136278792371e+00,3.414918136278792371e+00
2.113000000000050349e+01,1.542630818733995852e+02,3.415237405368603874e+00,3.415237405368603874e+00
2.114000000000050505e+01,1.543313898127855737e+02,3.415556392130082664e+00,3.415556392130082664e+00
2.115000000000050662e+01,1.543997041290852508e+02,3.415875096907311725e+00,3.415875096907311725e+00
2.116000000000050818e+01,1.544680248166622505e+02,3.416193520043908638e+00,3.416193520043908638e+00
2.117000000000050974e+01,1.545363518698873975e+02,3.416511661883023798e+00,3.416511661883023798e+00
2.118000000000051131e+01,1.546046852831380534e+02,3.416829522767347527e+00,3.416829522767347527e+00
2.119000000000051287e+01,1.546730250507984863e+02,3.417147103039092748e+00,3.417147103039092748e+00
2.120000000000051443e+01,1.547413711672600130e+02,3.417464403040018084e+00,3.417464403040018084e+00
2.121000000000051600e+01,1.548097236269205155e+02,3.417781423111405648e+00,3.417781423111405648e+00
2.122000000000051756e+01,1.548780824241848961e+02,3.418098163594083694e+00,3.418098163594083694e+00
2.123000000000051912e+01,1.549464475534646510e+02,3.418414624828416404e+00,3.418414624828416404e+00
2.124000000000052069e+01,1.550148190091783533e+02,3.418730807154290563e+00,3.418730807154290563e+00
2.125000000000052225e+01,1.550831967857512268e+02,3.419046710911129772e+00,3.419046710911129772e+00
2.126000000000052381e+01,1.551515808776151744e+02,3.419362336437889560e+00,3.419362336437889560e+00
2.127000000000052538e+01,1.552199712792090622e+02,3.419677684073081370e+00,3.419677684073081370e+00
2.128000000000052694e+01,1.552883679849784357e+02,3.419992754154726367e+00,3.419992754154726367e+00
2.129000000000052850e+01,1.553567709893755762e+02,3.420307547020387418e+00,3.420307547020387418e+00
2.130000000000053006e+01,1.554251802868596428e+02,3.420622063007166869e+00,3.420622063007166869e+00
2.131000000000053163e+01,1.554935958718962183e+02,3.420936302451709210e+00,3.420936302451709210e+00
2.132000000000053319e+01,1.555620177389579908e+02,3.421250265690193970e+00,3.421250265690193970e+00
2.133000000000053475e+01,1.556304458825242136e+02,3.421563953058316621e+00,3.421563953058316621e+00
2.134000000000053632e+01,1.556988802970806489e+02,3.421877364891315221e+00,3.421877364891315221e+00
2.135000000000053788e+01,1.557673209771201925e+02,3.422190501523969086e+00,3.422190501523969086e+00
2.136000000000053944e+01,1.558357679171418795e+02,3.422503363290597456e+00,3.422503363290597456e+00
2.137000000000054101e+01,1.559042211116521628e+02,3.422815950525045281e+00,3.422815950525045281e+00
2.138000000000054257e+01,1.559726805551632083e+02,3.423128263560704099e+00,3.423128263560704099e+00
2.139000000000054413e+01,1.560411462421947419e+02,3.423440302730492490e+00,3.423440302730492490e+00
2.140000000000054570e+01,1.561096181672727710e+02,3.423752068366866297e+00,3.423752068366866297e+00
2.141000000000054726e+01,1.561780963249297827e+02,3.424063560801828388e+00,3.424063560801828388e+00
2.142000000000054882e+01,1.562465807097051140e+02,3.424374780366905568e+00,3.424374780366905568e+00
2.143000000000055039e+01,1.563150713161447243e+02,3.424685727393167678e+00,3.424685727393167678e+00
2.144000000000055195e+01,1.563835681388011380e+02,3.424996402211223590e+00,3.424996402211223590e+00
2.145000000000055351e+01,1.564520711722334170e+02,3.425306805151225209e+00,3.425306805151225209e+00
2.146000000000055508e+01,1.565205804110074155e+02,3.425616936542839941e+00,3.425616936542839941e+00
2.147000000000055664e+01,1.565890958496954113e+02,3.425926796715299538e+00,3.425926796715299538e+00
2.148000000000055820e+01,1.566576174828763328e+02,3.426236385997366796e+00,3.426236385997366796e+00
2.149000000000055977e+01,1.567261453051355318e+02,3.426545704717333329e+00,3.426545704717333329e+00
2.150000000000056133e+01,1.567946793110652663e+02,3.426854753203032899e+00,3.426854753203032899e+00
2.151000000000056289e+01,1.568632194952639338e+02,3.427163531781843631e+00,3.427163531781843631e+00
2.152000000000056446e+01,1.569317658523367811e+02,3.427472040780677354e+00,3.427472040780677354e+00
2.153000000000056602e+01,1.570003183768953363e+02,3.427780280525991596e+00,3.427780280525991596e+00
2.154000000000056758e+01,1.570688770635580056e+02,3.428088251343780701e+00,3.428088251343780701e+00
2.155000000000056914e+01,1.571374419069493911e+02,3.428395953559579379e+00,3.428395953559579379e+00
2.156000000000057071e+01,1.572060129017006318e+02,3.428703387498462707e+00,3.428703387498462707e+00
2.157000000000057227e+01,1.572745900424495744e+02,3.429010553485044799e+00,3.429010553485044799e+00
2.158000000000057383e+01,1.573431733238402330e+02,3.429317451843484132e+00,3.429317451843484132e+00
2.159000000000057540e+01,1.574117627405235282e+02,3.429624082897483550e+00,3.429624082897483550e+00
2.160000000000057696e+01,1.574803582871563492e+02,3.429930446970280933e+00,3.429930446970280933e+00
2.161000000000057852e+01,1.575489599584024916e+02,3.430236544384658082e+00,3.430236544384658082e+00
2.162000000000058009e+01,1.576175677489319469e+02,3.430542375462938498e+00,3.430542375462938498e+00
2.163000000000058165e+01,1.576861816534212153e+02,3.430847940526993156e+00,3.430847940526993156e+00
2.164000000000058321e+01,1.577548016665532202e+02,3.431153239898232510e+00,3.431153239898232510e+00
2.165000000000058478e+01,1.578234277830173369e+02,3.431458273897616706e+00,3.431458273897616706e+00
2.166000000000058634e+01,1.578920599975093069e+02,3.431763042845637379e+00,3.431763042845637379e+00
2.167000000000058790e+01,1.579606983047313804e+02,3.432067547062333634e+00,3.432067547062333634e+00
2.168000000000058947e+01,1.580293426993920320e+02,3.432371786867289387e+00,3.432371786867289387e+00
2.169000000000059103e+01,1.580979931762061881e+02,3.432675762579649348e+00,3.432675762579649348e+00
2.170000000000059259e+01,1.581666497298953118e+02,3.432979474518092378e+00,3.432979474518092378e+00
2.171000000000059416e+01,1.582353123551871192e+02,3.433282923000835929e+00,3.433282923000835929e+00
2.172000000000059572e+01,1.583039810468155508e+02,3.433586108345640486e+00,3.433586108345640486e+00
2.173000000000059728e+01,1.583726557995211124e+02,3.433889030869833103e+00,3.433889030869833103e+00
2.174000000000059885e+01,1.584413366080504773e+02,3.434191690890281201e+00,3.434191690890281201e+00
2.175000000000060041e+01,1.585100234671568558e+02,3.434494088723389904e+00,3.434494088723389904e+00
2.176000000000060197e+01,1.585787163715995973e+02,3.434796224685119359e+00,3.434796224685119359e+00
2.177000000000060353e+01,1.586474153161444747e+02,3.435098099090982515e+00,3.435098099090982515e+00
2.178000000000060510e+01,1.587161202955634280e+02,3.435399712256028248e+00,3.435399712256028248e+00
2.179000000000060666e+01,1.587848313046348210e+02,3.435701064494858681e+00,3.435701064494858681e+00
2.180000000000060822e+01,1.588535483381433266e+02,3.436002156121627404e+00,3.436002156121627404e+00
2.181000000000060979e+01,1.589222713908798141e+02,3.436302987450035484e+00,3.436302987450035484e+00
2.182000000000061135e+01,1.589910004576414622e+02,3.436603558793338120e+00,3.436603558793338120e+00
2.183000000000061291e+01,1.590597355332317306e+02,3.436903870464340205e+00,3.436903870464340205e+00
2.184000000000061448e+01,1.591284766124601617e+02,3.437203922775403875e+00,3.437203922775403875e+00
2.185000000000061604e+01,1.591972236901428914e+02,3.437503716038432966e+00,3.437503716038432966e+00
2.186000000000061760e+01,1.592659767611018538e+02,3.437803250564882784e+00,3.437803250564882784e+00
2.187000000000061917e+01,1.593347358201655766e+02,3.438102526665764547e+00,3.438102526665764547e+00
2.188000000000062073e+01,1.594035008621686416e+02,3.438401544651650266e+00,3.438401544651650266e+00
2.189000000000062229e+01,1.594722718819517695e+02,3.438700304832652321e+00,3.438700304832652321e+00
2.190000000000062386e+01,1.595410488743620476e+02,3.438998807518446998e+00,3.438998807518446998e+00
2.191000000000062542e+01,1.596098318342526454e+02,3.439297053018262940e+00,3.439297053018262940e+00
2.192000000000062698e+01,1.596786207564829283e+02,3.439595041640876705e+00,3.439595041640876705e+00
2.193000000000062855e+01,1.597474156359184008e+02,3.439892773694626982e+00,3.439892773694626982e+00
2.194000000000063011e+01,1.598162164674308485e+02,3.440190249487407037e+00,3.440190249487407037e+00
2.195000000000063167e+01,1.598850232458980543e+02,3.440487469326669157e+00,3.440487469326669157e+00
2.196000000000063324e+01,1.599538359662039966e+02,3.440784433519414875e+00,3.440784433519414875e+00
2.197000000000063480e+01,1.600226546232389069e+02,3.441081142372212298e+00,3.441081142372212298e+00
2.198000000000063636e+01,1.600914792118989567e+02,3.441377596191180555e+00,3.441377596191180555e+00
2.199000000000063793e+01,1.601603097270866840e+02,3.441673795281993797e+00,3.441673795281993797e+00
2.200000000000063949e+01,1.602291461637103964e+02,3.441969739949891860e+00,3.441969739949891860e+00
2.201000000000064105e+01,1.602979885166847396e+02,3.442265430499672707e+00,3.442265430499672707e+00
2.202000000000064261e+01,1.603668367809304698e+02,3.442560867235694211e+00,3.442560867235694211e+00
2.203000000000064418e+01,1.604356909513742835e+02,3.442856050461869710e+00,3.442856050461869710e+00
2.204000000000064574e+01,1.605045510229490162e+02,3.443150980481676893e+00,3.443150980481676893e+00
2.205000000000064730e+01,1.605734169905936426e+02,3.443445657598158682e+00,3.443445657598158682e+00
2.206000000000064887e+01,1.606422888492530205e+02,3.443740082113924572e+00,3.443740082113924572e+00
2.207000000000065043e+01,1.607111665938783176e+02,3.444034254331132416e+00,3.444034254331132416e+00
2.208000000000065199e+01,1.607800502194263288e+02,3.444328174551508415e+00,3.444328174551508415e+00
2.209000000000065356e+01,1.608489397208604430e+02,3.444621843076337342e+00,3.444621843076337342e+00
2.210000000000065512e+01,1.609178350931495629e+02,3.444915260206476759e+00,3.444915260206476759e+00
2.211000000000065668e+01,1.609867363312688155e+02,3.445208426242345023e+00,3.445208426242345023e+00
2.212000000000065825e+01,1.610556434301992397e+02,3.445501341483920843e+00,3.445501341483920843e+00
2.213000000000065981e+01,1.611245563849281837e+02,3.445794006230757489e+00,3.445794006230757489e+00
2.214000000000066137e+01,1.611934751904485665e+02,3.446086420781965476e+00,3.446086420781965476e+00
2.215000000000066294e+01,1.612623998417595885e+02,3.446378585436223663e+00,3.446378585436223663e+00
2.216000000000066450e+01,1.613313303338661626e+02,3.446670500491787692e+00,3.446670500491787692e+00
2.217000000000066606e+01,1.614002666617793125e+02,3.446962166246473558e+00,3.446962166246473558e+00
2.218000000000066763e+01,1.614692088205160871e+02,3.447253582997660271e+00,3.447253582997660271e+00
2.219000000000066919e+01,1.615381568050992485e+02,3.447544751042302291e+00,3.447544751042302291e+00
2.220000000000067075e+01,1.616071106105578679e+02,3.447835670676925091e+00,3.447835670676925091e+00
2.221000000000067232e+01,1.616760702319264169e+02,3.448126342197619376e+00,3.448126342197619376e+00
2.222000000000067388e+01,1.617450356642457905e+02,3.448416765900040204e+00,3.448416765900040204e+00
2.223000000000067544e+01,1.618140069025625110e+02,3.448706942079427407e+00,3.448706942079427407e+00
2.224000000000067701e+01,1.618829839419290693e+02,3.448996871030584721e+00,3.448996871030584721e+00
2.225000000000067857e+01,1.619519667774037543e+02,3.449286553047883785e+00,3.449286553047883785e+00
2.226000000000068013e+01,1.620209554040510511e+02,3.449575988425278350e+00,3.449575988425278350e+00
2.227000000000068169e+01,1.620899498169409298e+02,3.449865177456288290e+00,3.449865177456288290e+00
2.228000000000068326e+01,1.621589500111493862e+02,3.450154120434015592e+00,3.450154120434015592e+00
2.229000000000068482e+01,1.622279559817582992e+02,3.450442817651123928e+00,3.450442817651123928e+00
2.230000000000068638e+01,1.622969677238554596e+02,3.450731269399863077e+00,3.450731269399863077e+00
2.231000000000068795e+01,1.623659852325343707e+02,3.451019475972054718e+00,3.451019475972054718e+00
2.232000000000068951e+01,1.624350085028944193e+02,3.451307437659082655e+00,3.451307437659082655e+00
2.233000000000069107e+01,1.625040375300408186e+02,3.451595154751925243e+00,3.451595154751925243e+00
2.234000000000069264e+01,1.625730723090845231e+02,3.451882627541133175e+00,3.451882627541133175e+00
2.235000000000069420e+01,1.626421128351425125e+02,3.452169856316840146e+00,3.452169856316840146e+00
2.236000000000069576e+01,1.627111591033372804e+02,3.452456841368750862e+00,3.452456841368750862e+00
2.237000000000069733e+01,1.627802111087972889e+02,3.452743582986146809e+00,3.452743582986146809e+00
2.238000000000069889e+01,1.628492688466567415e+02,3.453030081457895140e+00,3.453030081457895140e+00
2.239000000000070045e+01,1.629183323120556679e+02,3.453316337072436237e+00,3.453316337072436237e+00
2.240000000000070202e+01,1.629874015001396685e+02,3.453602350117794373e+00,3.453602350117794373e+00
2.241000000000070358e+01,1.630564764060603977e+02,3.453888120881575041e+00,3.453888120881575041e+00
2.242000000000070514e+01,1.631255570249750519e+02,3.454173649650972511e+00,3.454173649650972511e+00
2.243000000000070671e+01,1.631946433520465121e+02,3.454458936712752504e+00,3.454458936712752504e+00
2.244000000000070827e+01,1.632637353824435991e+02,3.454743982353262854e+00,3.454743982353262854e+00
2.245000000000070983e+01,1.633328331113406762e+02,3.455028786858446832e+00,3.455028786858446832e+00
2.246000000000071140e+01,1.634019365339179615e+02,3.455313350513816495e+00,3.455313350513816495e+00
2.247000000000071296e+01,1.634710456453612721e+02,3.455597673604482889e+00,3.455597673604482889e+00
2.248000000000071452e+01,1.635401604408621949e+02,3.455881756415136508e+00,3.455881756415136508e+00
2.249000000000071608e+01,1.636092809156179158e+02,3.456165599230043295e+00,3.456165599230043295e+00
2.250000000000071765e+01,1.636784070648314469e+02,3.456449202333072179e+00,3.456449202333072179e+00
2.251000000000071921e+01,1.637475388837112575e+02,3.456732566007672869e+00,3.456732566007672869e+00
2.252000000000072077e+01,1.638166763674717856e+02,3.457015690536878960e+00,3.457015690536878960e+00
2.253000000000072234e+01,1.638858195113326985e+02,3.457298576203319929e+00,3.457298576203319929e+00
2.254000000000072390e+01,1.639549683105199165e+02,3.457581223289210026e+00,3.457581223289210026e+00
2.255000000000072546e+01,1.640241227602644756e+02,3.457863632076341176e+00,3.457863632076341176e+00
2.256000000000072703e+01,1.640932828558030394e+02,3.458145802846114503e+00,3.458145802846114503e+00
2.257000000000072859e+01,1.641624485923783823e+02,3.458427735879513243e+00,3.458427735879513243e+00
2.258000000000073015e+01,1.642316199652382522e+02,3.458709431457109407e+00,3.458709431457109407e+00
2.259000000000073172e+01,1.643007969696365649e+02,3.458990889859068218e+00,3.458990889859068218e+00
2.260000000000073328e+01,1.643699796008326359e+02,3.459272111365148117e+00,3.459272111365148117e+00
2.261000000000073484e+01,1.644391678540912380e+02,3.459553096254704307e+00,3.459553096254704307e+00
2.262000000000073641e+01,1.645083617246828851e+02,3.459833844806671443e+00,3.459833844806671443e+00
2.263000000000073797e+01,1.645775612078835479e+02,3.460114357299594712e+00,3.460114357299594712e+00
2.264000000000073953e+01,1.646467662989748817e+02,3.460394634011606296e+00,3.460394634011606296e+00
2.265000000000074110e+01,1.647159769932440270e+02,3.460674675220433816e+00,3.460674675220433816e+00
2.266000000000074266e+01,1.647851932859837802e+02,3.460954481203397659e+00,3.460954481203397659e+00
2.267000000000074422e+01,1.648544151724921960e+02,3.461234052237421199e+00,3.461234052237421199e+00
2.268000000000074579e+01,1.649236426480732689e+02,3.461513388599021912e+00,3.461513388599021912e+00
2.269000000000074735e+01,1.649928757080362232e+02,3.461792490564317148e+00,3.461792490564317148e+00
2.270000000000074891e+01,1.650621143476959105e+02,3.462071358409017918e+00,3.462071358409017918e+00
2.271000000000075048e+01,1.651313585623726112e+02,3.462349992408440880e+00,3.462349992408440880e+00
2.272000000000075204e+01,1.652006083473922331e+02,3.462628392837500346e+00,3.462628392837500346e+00
2.273000000000075360e+01,1.652698636980861124e+02,3.462906559970702514e+00,3.462906559970702514e+00
2.274000000000075516e+01,1.653391246097910710e+02,3.463184494082157006e+00,3.463184494082157006e+00
2.275000000000075673e+01,1.654083910778494158e+02,3.463462195445578651e+00,3.463462195445578651e+00
2.276000000000075829e+01,1.654776630976089393e+02,3.463739664334289259e+00,3.463739664334289259e+00
2.277000000000075985e+01,1.655469406644228059e+02,3.464016901021202965e+00,3.464016901021202965e+00
2.278000000000076142e+01,1.656162237736498639e+02,3.464293905778839999e+00,3.464293905778839999e+00
2.279000000000076298e+01,1.656855124206540211e+02,3.464570678879324905e+00,3.464570678879324905e+00
2.280000000000076454e+01,1.657548066008049830e+02,3.464847220594389654e+00,3.464847220594389654e+00
2.281000000000076611e+01,1.658241063094778553e+02,3.465123531195367867e+00,3.465123531195367867e+00
2.282000000000076767e+01,1.658934115420529167e+02,3.465399610953198373e+00,3.465399610953198373e+00
2.283000000000076923e+01,1.659627222939159878e+02,3.465675460138421649e+00,3.465675460138421649e+00
2.284000000000077080e+01,1.660320385604584601e+02,3.465951079021193593e+00,3.465951079021193593e+00
2.285000000000077236e+01,1.661013603370768692e+02,3.466226467871274863e+00,3.466226467871274863e+00
2.286000000000077392e+01,1.661706876191732931e+02,3.466501626958037541e+00,3.466501626958037541e+00
2.287000000000077549e+01,1.662400204021552099e+02,3.466776556550443811e+00,3.466776556550443811e+00
2.288000000000077705e+01,1.663093586814352989e+02,3.467051256917080160e+00,3.467051256917080160e+00
2.289000000000077861e+01,1.663787024524319236e+02,3.467325728326147605e+00,3.467325728326147605e+00
2.290000000000078018e+01,1.664480517105683646e+02,3.467599971045453700e+00,3.467599971045453700e+00
2.291000000000078174e+01,1.665174064512737004e+02,3.467873985342404985e+00,3.467873985342404985e+00
2.292000000000078330e+01,1.665867666699821257e+02,3.468147771484030972e+00,3.468147771484030972e+00
2.293000000000078487e+01,1.666561323621331496e+02,3.468421329736973480e+00,3.468421329736973480e+00
2.294000000000078643e+01,1.667255035231715965e+02,3.468694660367481752e+00,3.468694660367481752e+00
2.295000000000078799e+01,1.667948801485478043e+02,3.468967763641421342e+00,3.468967763641421342e+00
2.296000000000078956e+01,1.668642622337172838e+02,3.469240639824270556e+00,3.469240639824270556e+00
2.297000000000079112e+01,1.669336497741408607e+02,3.469513289181122229e+00,3.469513289181122229e+00
2.298000000000079268e+01,1.670030427652845901e+02,3.469785711976685061e+00,3.469785711976685061e+00
2.299000000000079424e+01,1.670724412026199275e+02,3.470057908475275621e+00,3.470057908475275621e+00
2.300000000000079581e+01,1.671418450816235861e+02,3.470329878940838331e+00,3.470329878940838331e+00
2.301000000000079737e+01,1.672112543977775090e+02,3.470601623636932143e+00,3.470601623636932143e+00
2.302000000000079893e+01,1.672806691465690960e+02,3.470873142826736313e+00,3.470873142826736313e+00
2.303000000000080050e+01,1.673500893234906357e+02,3.471144436773037523e+00,3.471144436773037523e+00
2.304000000000080206e+01,1.674195149240400440e+02,3.471415505738245866e+00,3.471415505738245866e+00
2.305000000000080362e+01,1.674889459437202390e+02,3.471686349984389963e+00,3.471686349984389963e+00
2.306000000000080519e+01,1.675583823780393402e+02,3.471956969773129842e+00,3.471956969773129842e+00
2.307000000000080675e+01,1.676278242225111228e+02,3.472227365365740059e+00,3.472227365365740059e+00
2.308000000000080831e+01,1.676972714726540516e+02,3.472497537023093273e+00,3.472497537023093273e+00
2.309000000000080988e+01,1.677667241239921054e+02,3.472767485005708199e+00,3.472767485005708199e+00
2.310000000000081144e+01,1.678361821720543219e+02,3.473037209573728301e+00,3.473037209573728301e+00
2.311000000000081300e+01,1.679056456123750536e+02,3.473306710986909351e+00,3.473306710986909351e+00
2.312000000000081457e+01,1.679751144404938259e+02,3.473575989504626538e+00,3.473575989504626538e+00
2.313000000000081613e+01,1.680445886519551948e+02,3.473845045385892227e+00,3.473845045385892227e+00
2.314000000000081769e+01,1.681140682423092301e+02,3.474113878889336426e+00,3.474113878889336426e+00
2.315000000000081926e+01,1.681835532071107764e+02,3.474382490273212554e+00,3.474382490273212554e+00
2.316000000000082082e+01,1.682530435419201353e+02,3.474650879795410763e+00,3.474650879795410763e+00
2.317000000000082238e+01,1.683225392423026392e+02,3.474919047713438403e+00,3.474919047713438403e+00
2.318000000000082395e+01,1.683920403038287361e+02,3.475186994284426234e+00,3.475186994284426234e+00
2.319000000000082551e+01,1.684615467220741039e+02,3.475454719765132872e+00,3.475454719765132872e+00
2.320000000000082707e+01,1.685310584926193371e+02,3.475722224411954553e+00,3.475722224411954553e+00
2.321000000000082863e+01,1.686005756110505160e+02,3.475989508480903378e+00,3.475989508480903378e+00
2.322000000000083020e+01,1.686700980729586092e+02,3.476256572227638397e+00,3.476256572227638397e+00
2.323000000000083176e+01,1.687396258739395876e+02,3.476523415907431414e+00,3.476523415907431414e+00
2.324000000000083332e+01,1.688091590095948789e+02,3.476790039775193186e+00,3.476790039775193186e+00
2.325000000000083489e+01,1.688786974755306005e+02,3.477056444085467213e+00,3.477056444085467213e+00
2.326000000000083645e+01,1.689482412673582417e+02,3.477322629092428841e+00,3.477322629092428841e+00
2.327000000000083801e+01,1.690177903806943789e+02,3.477588595049883935e+00,3.477588595049883935e+00
2.328000000000083958e+01,1.690873448111603636e+02,3.477854342211269323e+00,3.477854342211269323e+00
2.329000000000084114e+01,1.691569045543828054e+02,3.478119870829654126e+00,3.478119870829654126e+00
2.330000000000084270e+01,1.692264696059935432e+02,3.478385181157742423e+00,3.478385181157742423e+00
2.331000000000084427e+01,1.692960399616291340e+02,3.478650273447878583e+00,3.478650273447878583e+00
2.332000000000084583e+01,1.693656156169315068e+02,3.478915147952038378e+00,3.478915147952038378e+00
2.333000000000084739e+01,1.694351965675472229e+02,3.479179804921838759e+00,3.479179804921838759e+00
2.334000000000084896e+01,1.695047828091283009e+02,3.479444244608516978e+00,3.479444244608516978e+00
2.335000000000085052e+01,1.695743743373315624e+02,3.479708467262961236e+00,3.479708467262961236e+00
2.336000000000085208e+01,1.696439711478188599e+02,3.479972473135694688e+00,3.479972473135694688e+00
2.337000000000085365e+01,1.697135732362570479e+02,3.480236262476875453e+00,3.480236262476875453e+00
2.338000000000085521e+01,1.697831805983179834e+02,3.480499835536306819e+00,3.480499835536306819e+00
2.339000000000085677e+01,1.698527932296784968e+02,3.480763192563426145e+00,3.480763192563426145e+00
2.340000000000085834e+01,1.699224111260204495e+02,3.481026333807315076e+00,3.481026333807315076e+00
2.341000000000085990e+01,1.699920342830307618e+02,3.481289259516700429e+00,3.481289259516700429e+00
2.342000000000086146e+01,1.700616626964011573e+02,3.481551969939934210e+00,3.481551969939934210e+00
2.343000000000086303e+01,1.701312963618283902e+02,3.481814465325019370e+00,3.481814465325019370e+00
2.344000000000086459e+01,1.702009352750142455e+02,3.482076745919599592e+00,3.482076745919599592e+00
2.345000000000086615e+01,1.702705794316651406e+02,3.482338811970967729e+00,3.482338811970967729e+00
2.346000000000086771e+01,1.703402288274930356e+02,3.482600663726045820e+00,3.482600663726045820e+00
2.347000000000086928e+01,1.704098834582142103e+02,3.482862301431414842e+00,3.482862301431414842e+00
2.348000000000087084e+01,1.704795433195502596e+02,3.483123725333297838e+00,3.483123725333297838e+00
2.349000000000087240e+01,1.705492084072276100e+02,3.483384935677561689e+00,3.483384935677561689e+00
2.350000000000087397e+01,1.706188787169773775e+02,3.483645932709714899e+00,3.483645932709714899e+00
2.351000000000087553e+01,1.706885542445359931e+02,3.483906716674907145e+00,3.483906716674907145e+00
2.352000000000087709e+01,1.707582349856443784e+02,3.484167287817953262e+00,3.484167287817953262e+00
2.353000000000087866e+01,1.708279209360486561e+02,3.484427646383307042e+00,3.484427646383307042e+00
2.354000000000088022e+01,1.708976120914997239e+02,3.484687792615062119e+00,3.484687792615062119e+00
2.355000000000088178e+01,1.709673084477532257e+02,3.484947726756962627e+00,3.484947726756962627e+00
2.356000000000088335e+01,1.710370100005699783e+02,3.485207449052409867e+00,3.485207449052409867e+00
2.357000000000088491e+01,1.711067167457153460e+02,3.485466959744455195e+00,3.485466959744455195e+00
2.358000000000088647e+01,1.711764286789597804e+02,3.485726259075791589e+00,3.485726259075791589e+00
2.359000000000088804e+01,1.712461457960783946e+02,3.485985347288774516e+00,3.485985347288774516e+00
2.360000000000088960e+01,1.713158680928513320e+02,3.486244224625401511e+00,3.486244224625401511e+00
2.361000000000089116e+01,1.713855955650635110e+02,3.486502891327325493e+00,3.486502891327325493e+00
2.362000000000089273e+01,1.714553282085045112e+02,3.486761347635846331e+00,3.486761347635846331e+00
2.363000000000089429e+01,1.715250660189689142e+02,3.487019593791926386e+00,3.487019593791926386e+00
2.364000000000089585e+01,1.715948089922561621e+02,3.487277630036180742e+00,3.487277630036180742e+00
2.365000000000089742e+01,1.716645571241703578e+02,3.487535456608871876e+00,3.487535456608871876e+00
2.366000000000089898e+01,1.717343104105205214e+02,3.487793073749920314e+00,3.487793073749920314e+00
2.367000000000090054e+01,1.718040688471203907e+02,3.488050481698905969e+00,3.488050481698905969e+00
2.368000000000090211e+01,1.718738324297884503e+02,3.488307680695073909e+00,3.488307680695073909e+00
2.369000000000090367e+01,1.719436011543481300e+02,3.488564670977298388e+00,3.488564670977298388e+00
2.370000000000090523e+01,1.720133750166275490e+02,3.488821452784130361e+00,3.488821452784130361e+00
2.371000000000090679e+01,1.720831540124596017e+02,3.489078026353777062e+00,3.489078026353777062e+00
2.372000000000090836e+01,1.721529381376817298e+02,3.489334391924095335e+00,3.489334391924095335e+00
2.373000000000090992e+01,1.722227273881364908e+02,3.489590549732609404e+00,3.489590549732609404e+00
2.374000000000091148e+01,1.722925217596710468e+02,3.489846500016507758e+00,3.489846500016507758e+00
2.375000000000091305e+01,1.723623212481371638e+02,3.490102243012630279e+00,3.490102243012630279e+00
2.376000000000091461e+01,1.724321258493915821e+02,3.490357778957471346e+00,3.490357778957471346e+00
2.377000000000091617e+01,1.725019355592954753e+02,3.490613108087197602e+00,3.490613108087197602e+00
2.378000000000091774e+01,1.725717503737149627e+02,3.490868230637627079e+00,3.490868230637627079e+00
2.379000000000091930e+01,1.726415702885209953e+02,3.491123146844255842e+00,3.491123146844255842e+00
2.380000000000092086e+01,1.727113952995887587e+02,3.491377856942234015e+00,3.491377856942234015e+00
2.381000000000092243e+01,1.727812254027986683e+02,3.491632361166377763e+00,3.491632361166377763e+00
2.382000000000092399e+01,1.728510605940354310e+02,3.491886659751158195e+00,3.491886659751158195e+00
2.383000000000092555e+01,1.729209008691887277e+02,3.492140752930712466e+00,3.492140752930712466e+00
2.384000000000092712e+01,1.729907462241526730e+02,3.492394640938854877e+00,3.492394640938854877e+00
2.385000000000092868e+01,1.730605966548262700e+02,3.492648324009051564e+00,3.492648324009051564e+00
2.386000000000093024e+01,1.731304521571130408e+02,3.492901802374435150e+00,3.492901802374435150e+00
2.387000000000093181e+01,1.732003127269212825e+02,3.493155076267815851e+00,3.493155076267815851e+00
2.388000000000093337e+01,1.732701783601637828e+02,3.493408145921670815e+00,3.493408145921670815e+00
2.389000000000093493e+01,1.733400490527581610e+02,3.493661011568140573e+00,3.493661011568140573e+00
2.390000000000093650e+01,1.734099248006264986e+02,3.493913673439026812e+00,3.493913673439026812e+00
2.391000000000093806e+01,1.734798055996957089e+02,3.494166131765806149e+00,3.494166131765806149e+00
2.392000000000093962e+01,1.735496914458971105e+02,3.494418386779634123e+00,3.494418386779634123e+00
2.393000000000094118e+01,1.736195823351668821e+02,3.494670438711316773e+00,3.494670438711316773e+00
2.394000000000094275e+01,1.736894782634455510e+02,3.494922287791337734e+00,3.494922287791337734e+00
2.395000000000094431e+01,1.737593792266785044e+02,3.495173934249862224e+00,3.495173934249862224e+00
2.396000000000094587e+01,1.738292852208155921e+02,3.495425378316721066e+00,3.495425378316721066e+00
2.397000000000094744e+01,1.738991962418112109e+02,3.495676620221408459e+00,3.495676620221408459e+00
2.398000000000094900e+01,1.739691122856244192e+02,3.495927660193107300e+00,3.495927660193107300e+00
2.399000000000095056e+01,1.740390333482189362e+02,3.496178498460658979e+00,3.496178498460658979e+00
2.400000000000095213e+01,1.741089594255628583e+02,3.496429135252586029e+00,3.496429135252586029e+00
2.401000000000095369e+01,1.741788905136289998e+02,3.496679570797085024e+00,3.496679570797085024e+00
2.402000000000095525e+01,1.742488266083947508e+02,3.496929805322013696e+00,3.496929805322013696e+00
2.403000000000095682e+01,1.743187677058419354e+02,3.497179839054926465e+00,3.497179839054926465e+00
2.404000000000095838e+01,1.743887138019569818e+02,3.497429672223047348e+00,3.497429672223047348e+00
2.405000000000095994e+01,1.744586648927307806e+02,3.497679305053269960e+00,3.497679305053269960e+00
2.406000000000096151e+01,1.745286209741590255e+02,3.497928737772169949e+00,3.497928737772169949e+00
2.407000000000096307e+01,1.745985820422416737e+02,3.498177970605994336e+00,3.498177970605994336e+00
2.408000000000096463e+01,1.746685480929833147e+02,3.498427003780676614e+00,3.498427003780676614e+00
2.409000000000096620e+01,1.747385191223929723e+02,3.498675837521824761e+00,3.498675837521824761e+00
2.410000000000096776e+01,1.748084951264842175e+02,3.498924472054728785e+00,3.498924472054728785e+00
2.411000000000096932e+01,1.748784761012751119e+02,3.499172907604361171e+00,3.499172907604361171e+00
2.412000000000097089e+01,1.749484620427884067e+02,3.499421144395362226e+00,3.499421144395362226e+00
2.413000000000097245e+01,1.750184529470509460e+02,3.499669182652064947e+00,3.499669182652064947e+00
2.414000000000097401e+01,1.750884488100945191e+02,3.499917022598478589e+00,3.499917022598478589e+00
2.415000000000097558e+01,1.751584496279548659e+02,3.500164664458280228e+00,3.500164664458280228e+00
2.416000000000097714e+01,1.752284553966727856e+02,3.500412108454848958e+00,3.500412108454848958e+00
2.417000000000097870e+01,1.752984661122931129e+02,3.500659354811241020e+00,3.500659354811241020e+00
2.418000000000098026e+01,1.753684817708652588e+02,3.500906403750200901e+00,3.500906403750200901e+00
2.419000000000098183e+01,1.754385023684431815e+02,3.501153255494148908e+00,3.501153255494148908e+00
2.420000000000098339e+01,1.755085279010850741e+02,3.501399910265187820e+00,3.501399910265187820e+00
2.421000000000098495e+01,1.755785583648537056e+02,3.501646368285120658e+00,3.501646368285120658e+00
2.422000000000098652e+01,1.756485937558164778e+02,3.501892629775413823e+00,3.501892629775413823e+00
2.423000000000098808e+01,1.757186340700447147e+02,3.502138694957240173e+00,3.502138694957240173e+00
2.424000000000098964e+01,1.757886793036146855e+02,3.502384564051443494e+00,3.502384564051443494e+00
2.425000000000099121e+01,1.758587294526067808e+02,3.502630237278560710e+00,3.502630237278560710e+00
2.426000000000099277e+01,1.759287845131058816e+02,3.502875714858820988e+00,3.502875714858820988e+00
2.427000000000099433e+01,1.759988444812011608e+02,3.503120997012132420e+00,3.503120997012132420e+00
2.428000000000099590e+01,1.760689093529862532e+02,3.503366083958094901e+00,3.503366083958094901e+00
2.429000000000099746e+01,1.761389791245594836e+02,3.503610975916002346e+00,3.503610975916002346e+00
2.430000000000099902e+01,1.762090537920230133e+02,3.503855673104831592e+00,3.503855673104831592e+00
2.431000000000100059e+01,1.762791333514836936e+02,3.504100175743252610e+00,3.504100175743252610e+00
2.432000000000100215e+01,1.763492177990527523e+02,3.504344484049620956e+00,3.504344484049620956e+00
2.433000000000100371e+01,1.764193071308456524e+02,3.504588598241995090e+00,3.504588598241995090e+00
2.434000000000100528e+01,1.764894013429823474e+02,3.504832518538111064e+00,3.504832518538111064e+00
2.435000000000100684e+01,1.765595004315872529e+02,3.505076245155407832e+00,3.505076245155407832e+00
2.436000000000100840e+01,1.766296043927886501e+02,3.505319778311010381e+00,3.505319778311010381e+00
2.437000000000100997e+01,1.766997132227196516e+02,3.505563118221735053e+00,3.505563118221735053e+00
2.438000000000101153e+01,1.767698269175174914e+02,3.505806265104104646e+00,3.505806265104104646e+00
2.439000000000101309e+01,1.768399454733237519e+02,3.506049219174323106e+00,3.506049219174323106e+00
2.440000000000101466e+01,1.769100688862844493e+02,3.506291980648290618e+00,3.506291980648290618e+00
2.441000000000101622e+01,1.769801971525497493e+02,3.506534549741610274e+00,3.506534549741610274e+00
2.442000000000101778e+01,1.770503302682740809e+02,3.506776926669566752e+00,3.506776926669566752e+00
2.443000000000101934e+01,1.771204682296164776e+02,3.507019111647157850e+00,3.507019111647157850e+00
2.444000000000102091e+01,1.771906110327400654e+02,3.507261104889067838e+00,3.507261104889067838e+00
2.445000000000102247e+01,1.772607586738120915e+02,3.507502906609673676e+00,3.507502906609673676e+00
2.446000000000102403e+01,1.773309111490043790e+02,3.507744517023065889e+00,3.507744517023065889e+00
2.447000000000102560e+01,1.774010684544929859e+02,3.507985936343015254e+00,3.507985936343015254e+00
2.448000000000102716e+01,1.774712305864581481e+02,3.508227164783006558e+00,3.508227164783006558e+00
2.449000000000102872e+01,1.775413975410842511e+02,3.508468202556213722e+00,3.508468202556213722e+00
2.450000000000103029e+01,1.776115693145604837e+02,3.508709049875508690e+00,3.508709049875508690e+00
2.451000000000103185e+01,1.776817459030793600e+02,3.508949706953472969e+00,3.508949706953472969e+00
2.452000000000103341e+01,1.777519273028385669e+02,3.509190174002380314e+00,3.509190174002380314e+00
2.453000000000103498e+01,1.778221135100394861e+02,3.509430451234210935e+00,3.509430451234210935e+00
2.454000000000103654e+01,1.778923045208878762e+02,3.509670538860643951e+00,3.509670538860643951e+00
2.455000000000103810e+01,1.779625003315938443e+02,3.509910437093070712e+00,3.509910437093070712e+00
2.456000000000103967e+01,1.780327009383716472e+02,3.510150146142567706e+00,3.510150146142567706e+00
2.457000000000104123e+01,1.781029063374395491e+02,3.510389666219919214e+00,3.510389666219919214e+00
2.458000000000104279e+01,1.781731165250204185e+02,3.510628997535615525e+00,3.510628997535615525e+00
2.459000000000104436e+01,1.782433314973409608e+02,3.510868140299858275e+00,3.510868140299858275e+00
2.460000000000104592e+01,1.783135512506324005e+02,3.511107094722549338e+00,3.511107094722549338e+00
2.461000000000104748e+01,1.783837757811298843e+02,3.511345861013288605e+00,3.511345861013288605e+00
2.462000000000104905e+01,1.784540050850729358e+02,3.511584439381389977e+00,3.511584439381389977e+00
2.463000000000105061e+01,1.785242391587051713e+02,3.511822830035864484e+00,3.511822830035864484e+00
2.464000000000105217e+01,1.785944779982744137e+02,3.512061033185442938e+00,3.512061033185442938e+00
2.465000000000105373e+01,1.786647216000326068e+02,3.512299049038554166e+00,3.512299049038554166e+00
2.466000000000105530e+01,1.787349699602359010e+02,3.512536877803328128e+00,3.512536877803328128e+00
2.467000000000105686e+01,1.788052230751447098e+02,3.512774519687607011e+00,3.512774519687607011e+00
2.468000000000105842e+01,1.788754809410233690e+02,3.513011974898956780e+00,3.513011974898956780e+00
2.469000000000105999e+01,1.789457435541406483e+02,3.513249243644634312e+00,3.513249243644634312e+00
2.470000000000106155e+01,1.790160109107691824e+02,3.513486326131608717e+00,3.513486326131608717e+00
2.471000000000106311e+01,1.790862830071859264e+02,3.513723222566568882e+00,3.513723222566568882e+00
2.472000000000106468e+01,1.791565598396718144e+02,3.513959933155908821e+00,3.513959933155908821e+00
2.473000000000106624e+01,1.792268414045121858e+02,3.514196458105726784e+00,3.514196458105726784e+00
2.474000000000106780e+01,1.792971276979960749e+02,3.514432797621836357e+00,3.514432797621836357e+00
2.475000000000106937e+01,1.793674187164170633e+02,3.514668951909757144e+00,3.514668951909757144e+00
2.476000000000107093e+01,1.794377144560725128e+02,3.514904921174735186e+00,3.514904921174735186e+00
2.477000000000107249e+01,1.795080149132640486e+02,3.515140705621722539e+00,3.515140705621722539e+00
2.478000000000107406e+01,1.795783200842974168e+02,3.515376305455376826e+00,3.515376305455376826e+00
2.479000000000107562e+01,1.796486299654822574e+02,3.515611720880085223e+00,3.515611720880085223e+00
2.480000000000107718e+01,1.797189445531326157e+02,3.515846952099940470e+00,3.515846952099940470e+00
2.481000000000107875e+01,1.797892638435662320e+02,3.516081999318748430e+00,3.516081999318748430e+00
2.482000000000108031e+01,1.798595878331052802e+02,3.516316862740032523e+00,3.516316862740032523e+00
2.483000000000108187e+01,1.799299165180757996e+02,3.516551542567019517e+00,3.516551542567019517e+00
2.484000000000108344e+01,1.800002498948080074e+02,3.516786039002671505e+00,3.516786039002671505e+00
2.485000000000108500e+01,1.800705879596359580e+02,3.517020352249655701e+00,3.517020352249655701e+00
2.486000000000108656e+01,1.801409307088979688e+02,3.517254482510356883e+00,3.517254482510356883e+00
2.487000000000108813e+01,1.802112781389363931e+02,3.517488429986891596e+00,3.517488429986891596e+00
2.488000000000108969e+01,1.802816302460974498e+02,3.517722194881075737e+00,3.517722194881075737e+00
2.489000000000109125e+01,1.803519870267316207e+02,3.517955777394446315e+00,3.517955777394446315e+00
2.490000000000109281e+01,1.804223484771932533e+02,3.518189177728262340e+00,3.518189177728262340e+00
2.491000000000109438e+01,1.804927145938407307e+02,3.518422396083508374e+00,3.518422396083508374e+00
2.492000000000109594e+01,1.805630853730365857e+02,3.518655432660882543e+00,3.518655432660882543e+00
2.493000000000109750e+01,1.806334608111471312e+02,3.518888287660804082e+00,3.518888287660804082e+00
2.494000000000109907e+01,1.807038409045430285e+02,3.519120961283406235e+00,3.519120961283406235e+00
2.495000000000110063e+01,1.807742256495985202e+02,3.519353453728546022e+00,3.519353453728546022e+00
2.496000000000110219e+01,1.808446150426920838e+02,3.519585765195814897e+00,3.519585765195814897e+00
2.497000000000110376e+01,1.809150090802063744e+02,3.519817895884512993e+00,3.519817895884512993e+00
2.498000000000110532e+01,1.809854077585275718e+02,3.520049845993665993e+00,3.520049845993665993e+00
2.499000000000110688e+01,1.810558110740461188e+02,3.520281615722024693e+00,3.520281615722024693e+00
2.500000000000110845e+01,1.811262190231563807e+02,3.520513205268069434e+00,3.520513205268069434e+00
2.501000000000111001e+01,1.811966316022568151e+02,3.520744614829997232e+00,3.520744614829997232e+00
2.502000000000111157e+01,1.812670488077496316e+02,3.520975844605723104e+00,3.520975844605723104e+00
2.503000000000111314e+01,1.813374706360410471e+02,3.521206894792894282e+00,3.521206894792894282e+00
2.504000000000111470e+01,1.814078970835413145e+02,3.521437765588880886e+00,3.521437765588880886e+00
2.505000000000111626e+01,1.814783281466645803e+02,3.521668457190785251e+00,3.521668457190785251e+00
2.506000000000111783e+01,1.815487638218289703e+02,3.521898969795419720e+00,3.521898969795419720e+00
2.507000000000111939e+01,1.816192041054564186e+02,3.522129303599336403e+00,3.522129303599336403e+00
2.508000000000112095e+01,1.816896489939729520e+02,3.522359458798819620e+00,3.522359458798819620e+00
2.509000000000112252e+01,1.817600984838083491e+02,3.522589435589870366e+00,3.522589435589870366e+00
2.510000000000112408e+01,1.818305525713965380e+02,3.522819234168222291e+00,3.522819234168222291e+00
2.511000000000112564e+01,1.819010112531750849e+02,3.523048854729331492e+00,3.523048854729331492e+00
2.512000000000112720e+01,1.819714745255857338e+02,3.523278297468388498e+00,3.523278297468388498e+00
2.513000000000112877e+01,1.820419423850738667e+02,3.523507562580318719e+00,3.523507562580318719e+00
2.514000000000113033e+01,1.821124148280888733e+02,3.523736650259767789e+00,3.523736650259767789e+00
2.515000000000113189e+01,1.821828918510842072e+02,3.523965560701110000e+00,3.523965560701110000e+00
2.516000000000113346e+01,1.822533734505168752e+02,3.524194294098456748e+00,3.524194294098456748e+00
2.517000000000113502e+01,1.823238596228480617e+02,3.524422850645644090e+00,3.524422850645644090e+00
2.518000000000113658e+01,1.823943503645427313e+02,3.524651230536250068e+00,3.524651230536250068e+00
2.519000000000113815e+01,1.824648456720695719e+02,3.524879433963578279e+00,3.524879433963578279e+00
2.520000000000113971e+01,1.825353455419012505e+02,3.525107461120658314e+00,3.525107461120658314e+00
2.521000000000114127e+01,1.826058499705144413e+02,3.525335312200261750e+00,3.525335312200261750e+00
2.522000000000114284e+01,1.826763589543893147e+02,3.525562987394891490e+00,3.525562987394891490e+00
2.523000000000114440e+01,1.827468724900102188e+02,3.525790486896780873e+00,3.525790486896780873e+00
2.524000000000114596e+01,1.828173905738651968e+02,3.526017810897905669e+00,3.526017810897905669e+00
2.525000000000114753e+01,1.828879132024461569e+02,3.526244959589965422e+00,3.526244959589965422e+00
2.526000000000114909e+01,1.829584403722488446e+02,3.526471933164399442e+00,3.526471933164399442e+00
2.527000000000115065e+01,1.830289720797727284e+02,3.526698731812381471e+00,3.526698731812381471e+00
2.528000000000115222e+01,1.830995083215213128e+02,3.526925355724816136e+00,3.526925355724816136e+00
2.529000000000115378e+01,1.831700490940017687e+02,3.527151805092358927e+00,3.527151805092358927e+00
2.530000000000115534e+01,1.832405943937249617e+02,3.527378080105396663e+00,3.527378080105396663e+00
2.531000000000115691e+01,1.833111442172059071e+02,3.527604180954041269e+00,3.527604180954041269e+00
2.532000000000115847e+01,1.833816985609631161e+02,3.527830107828155537e+00,3.527830107828155537e+00
2.533000000000116003e+01,1.834522574215190218e+02,3.528055860917337583e+00,3.528055860917337583e+00
2.534000000000116160e+01,1.835228207953997810e+02,3.528281440410915071e+00,3.528281440410915071e+00
2.535000000000116316e+01,1.835933886791354723e+02,3.528506846497963867e+00,3.528506846497963867e+00
2.536000000000116472e+01,1.836639610692597842e+02,3.528732079367293828e+00,3.528732079367293828e+00
2.537000000000116628e+01,1.837345379623101564e+02,3.528957139207461680e+00,3.528957139207461680e+00
2.538000000000116785e+01,1.838051193548280082e+02,3.529182026206760803e+00,3.529182026206760803e+00
2.539000000000116941e+01,1.838757052433585102e+02,3.529406740553217681e+00,3.529406740553217681e+00
2.540000000000117097e+01,1.839462956244501299e+02,3.529631282434609663e+00,3.529631282434609663e+00
2.541000000000117254e+01,1.840168904946558257e+02,3.529855652038455194e+00,3.529855652038455194e+00
2.542000000000117410e+01,1.840874898505317105e+02,3.530079849552012039e+00,3.530079849552012039e+00
2.543000000000117566e+01,1.841580936886379618e+02,3.530303875162279059e+00,3.530303875162279059e+00
2.544000000000117723e+01,1.842287020055381674e+02,3.530527729055996211e+00,3.530527729055996211e+00
2.545000000000117879e+01,1.842993147978000934e+02,3.530751411419652541e+00,3.530751411419652541e+00
2.546000000000118035e+01,1.843699320619949731e+02,3.530974922439469310e+00,3.530974922439469310e+00
2.547000000000118192e+01,1.844405537946977063e+02,3.531198262301418200e+00,3.531198262301418200e+00
2.548000000000118348e+01,1.845111799924870866e+02,3.531421431191221760e+00,3.531421431191221760e+00
2.549000000000118504e+01,1.845818106519454602e+02,3.531644429294340082e+00,3.531644429294340082e+00
2.550000000000118661e+01,1.846524457696587262e+02,3.531867256795985011e+00,3.531867256795985011e+00
2.551000000000118817e+01,1.847230853422172459e+02,3.532089913881105048e+00,3.532089913881105048e+00
2.552000000000118973e+01,1.847937293662141087e+02,3.532312400734397784e+00,3.532312400734397784e+00
2.553000000000119130e+01,1.848643778382466110e+02,3.532534717540308566e+00,3.532534717540308566e+00
2.554000000000119286e+01,1.849350307549156867e+02,3.532756864483029613e+00,3.532756864483029613e+00
2.555000000000119442e+01,1.850056881128258794e+02,3.532978841746495569e+00,3.532978841746495569e+00
2.556000000000119599e+01,1.850763499085855699e+02,3.533200649514399938e+00,3.533200649514399938e+00
2.557000000000119755e+01,1.851470161388064923e+02,3.533422287970175102e+00,3.533422287970175102e+00
2.558000000000119911e+01,1.852176868001043033e+02,3.533643757297003418e+00,3.533643757297003418e+00
2.559000000000120068e+01,1.852883618890983541e+02,3.533865057677817667e+00,3.533865057677817667e+00
2.560000000000120224e+01,1.853590414024115205e+02,3.534086189295296609e+00,3.534086189295296609e+00
2.561000000000120380e+01,1.854297253366701170e+02,3.534307152331870316e+00,3.534307152331870316e+00
2.562000000000120536e+01,1.855004136885046364e+02,3.534527946969721501e+00,3.534527946969721501e+00
2.563000000000120693e+01,1.855711064545489819e+02,3.534748573390782411e+00,3.534748573390782411e+00
2.564000000000120849e+01,1.856418036314403821e+02,3.534969031776733939e+00,3.534969031776733939e+00
2.565000000000121005e+01,1.857125052158199594e+02,3.535189322309012727e+00,3.535189322309012727e+00
2.566000000000121162e+01,1.857832112043327584e+02,3.535409445168803622e+00,3.535409445168803622e+00
2.567000000000121318e+01,1.858539215936268363e+02,3.535629400537043665e+00,3.535629400537043665e+00
2.568000000000121474e+01,1.859246363803542295e+02,3.535849188594422099e+00,3.535849188594422099e+00
2.569000000000121631e+01,1.859953555611705553e+02,3.536068809521383915e+00,3.536068809521383915e+00
2.570000000000121787e+01,1.860660791327350694e+02,3.536288263498127193e+00,3.536288263498127193e+00
2.571000000000121943e+01,1.861368070917104944e+02,3.536507550704602654e+00,3.536507550704602654e+00
2.572000000000122100e+01,1.862075394347632482e+02,3.536726671320504334e+00,3.536726671320504334e+00
2.573000000000122256e+01,1.862782761585632727e+02,3.536945625525299786e+00,3.536945625525299786e+00
2.574000000000122412e+01,1.863490172597842331e+02,3.537164413498200766e+00,3.537164413498200766e+00
2.575000000000122569e+01,1.864197627351032054e+02,3.537383035418174781e+00,3.537383035418174781e+00
2.576000000000122725e+01,1.864905125812009601e+02,3.537601491463946868e+00,3.537601491463946868e+00
2.577000000000122881e+01,1.865612667947617922e+02,3.537819781813999143e+00,3.537819781813999143e+00
2.578000000000123038e+01,1.866320253724735778e+02,3.538037906646565034e+00,3.538037906646565034e+00
2.579000000000123194e+01,1.867027883110277742e+02,3.538255866139648820e+00,3.538255866139648820e+00
2.580000000000123350e+01,1.867735556071191354e+02,3.538473660471001203e+00,3.538473660471001203e+00
2.581000000000123507e+01,1.868443272574464515e+02,3.538691289818119756e+00,3.538691289818119756e+00
2.582000000000123663e+01,1.869151032587118380e+02,3.538908754358281339e+00,3.538908754358281339e+00
2.583000000000123819e+01,1.869858836076208206e+02,3.539126054268507016e+00,3.539126054268507016e+00
2.584000000000123975e+01,1.870566683008825919e+02,3.539343189725582484e+00,3.539343189725582484e+00
2.585000000000124132e+01,1.871274573352098685e+02,3.539560160906060737e+00,3.539560160906060737e+00
2.586000000000124288e+01,1.871982507073188060e+02,3.539776967986243417e+00,3.539776967986243417e+00
2.587000000000124444e+01,1.872690484139292266e+02,3.539993611142184804e+00,3.539993611142184804e+00
2.588000000000124601e+01,1.873398504517645051e+02,3.540210090549708255e+00,3.540210090549708255e+00
2.589000000000124757e+01,1.874106568175512848e+02,3.540426406384403979e+00,3.540426406384403979e+00
2.590000000000124913e+01,1.874814675080199322e+02,3.540642558821620156e+00,3.540642558821620156e+00
2.591000000000125070e+01,1.875522825199041961e+02,3.540858548036457609e+00,3.540858548036457609e+00
2.592000000000125226e+01,1.876231018499412926e+02,3.541074374203800446e+00,3.541074374203800446e+00
2.593000000000125382e+01,1.876939254948723601e+02,3.541290037498268539e+00,3.541290037498268539e+00
2.594000000000125539e+01,1.877647534514412939e+02,3.541505538094255723e+00,3.541505538094255723e+00
2.595000000000125695e+01,1.878355857163960252e+02,3.541720876165921794e+00,3.541720876165921794e+00
2.596000000000125851e+01,1.879064222864879525e+02,3.541936051887186743e+00,3.541936051887186743e+00
2.597000000000126008e+01,1.879772631584715725e+02,3.542151065431742296e+00,3.542151065431742296e+00
2.598000000000126164e+01,1.880481083291052471e+02,3.542365916973037265e+00,3.542365916973037265e+00
2.599000000000126320e+01,1.881189577951504930e+02,3.542580606684277988e+00,3.542580606684277988e+00
2.600000000000126477e+01,1.881898115533725786e+02,3.542795134738454976e+00,3.542795134738454976e+00
2.601000000000126633e+01,1.882606696005400124e+02,3.543009501308308273e+00,3.543009501308308273e+00
2.602000000000126789e+01,1.883315319334248841e+02,3.543223706566340780e+00,3.543223706566340780e+00
2.603000000000126946e+01,1.884023985488026653e+02,3.543437750684833354e+00,3.543437750684833354e+00
2.604000000000127102e+01,1.884732694434522671e+02,3.543651633835836368e+00,3.543651633835836368e+00
2.605000000000127258e+01,1.885441446141562096e+02,3.543865356191153726e+00,3.543865356191153726e+00
2.606000000000127415e+01,1.886150240576999693e+02,3.544078917922362848e+00,3.544078917922362848e+00
2.607000000000127571e+01,1.886859077708729444e+02,3.544292319200806674e+00,3.544292319200806674e+00
2.608000000000127727e+01,1.887567957504678873e+02,3.544505560197600769e+00,3.544505560197600769e+00
2.609000000000127883e+01,1.888276879932808470e+02,3.544718641083631994e+00,3.544718641083631994e+00
2.610000000000128040e+01,1.888985844961112832e+02,3.544931562029552286e+00,3.544931562029552286e+00
2.611000000000128196e+01,1.889694852557620379e+02,3.545144323205774217e+00,3.545144323205774217e+00
2.612000000000128352e+01,1.890403902690395910e+02,3.545356924782487873e+00,3.545356924782487873e+00
2.613000000000128509e+01,1.891112995327534350e+02,3.545569366929649302e+00,3.545569366929649302e+00
2.614000000000128665e+01,1.891822130437167289e+02,3.545781649816992065e+00,3.545781649816992065e+00
2.615000000000128821e+01,1.892531307987460707e+02,3.545993773614012134e+00,3.545993773614012134e+00
2.616000000000128978e+01,1.893240527946612985e+02,3.546205738489981218e+00,3.546205738489981218e+00
2.617000000000129134e+01,1.893949790282856611e+02,3.546417544613938322e+00,3.546417544613938322e+00
2.618000000000129290e+01,1.894659094964458177e+02,3.546629192154708399e+00,3.546629192154708399e+00
2.619000000000129447e+01,1.895368441959718666e+02,3.546840681280872154e+00,3.546840681280872154e+00
2.620000000000129603e+01,1.896077831236971463e+02,3.547052012160787804e+00,3.547052012160787804e+00
2.621000000000129759e+01,1.896787262764583204e+02,3.547263184962578197e+00,3.547263184962578197e+00
2.622000000000129916e+01,1.897496736510955770e+02,3.547474199854158794e+00,3.547474199854158794e+00
2.623000000000130072e+01,1.898206252444524296e+02,3.547685057003203024e+00,3.547685057003203024e+00
2.624000000000130228e+01,1.898915810533757167e+02,3.547895756577168047e+00,3.547895756577168047e+00
2.625000000000130385e+01,1.899625410747155172e+02,3.548106298743277875e+00,3.548106298743277875e+00
2.626000000000130541e+01,1.900335053053255194e+02,3.548316683668530924e+00,3.548316683668530924e+00
2.627000000000130697e+01,1.901044737420622823e+02,3.548526911519707561e+00,3.548526911519707561e+00
2.628000000000130854e+01,1.901754463817861733e+02,3.548736982463362999e+00,3.548736982463362999e+00
2.629000000000131010e+01,1.902464232213608852e+02,3.548946896665818418e+00,3.548946896665818418e+00
2.630000000000131166e+01,1.903174042576528393e+02,3.549156654293170288e+00,3.549156654293170288e+00
2.631000000000131323e+01,1.903883894875325495e+02,3.549366255511303248e+00,3.549366255511303248e+00
2.632000000000131479e+01,1.904593789078733153e+02,3.549575700485872787e+00,3.549575700485872787e+00
2.633000000000131635e+01,1.905303725155519601e+02,3.549784989382323008e+00,3.549784989382323008e+00
2.634000000000131791e+01,1.906013703074486045e+02,3.549994122365859983e+00,3.549994122365859983e+00
2.635000000000131948e+01,1.906723722804466945e+02,3.550203099601476620e+00,3.550203099601476620e+00
2.636000000000132104e+01,1.907433784314326886e+02,3.550411921253937120e+00,3.550411921253937120e+00
2.637000000000132260e+01,1.908143887572967685e+02,3.550620587487778312e+00,3.550620587487778312e+00
2.638000000000132417e+01,1.908854032549321289e+02,3.550829098467331857e+00,3.550829098467331857e+00
2.639000000000132573e+01,1.909564219212354885e+02,3.551037454356707812e+00,3.551037454356707812e+00
2.640000000000132729e+01,1.910274447531064368e+02,3.551245655319787087e+00,3.551245655319787087e+00
2.641000000000132886e+01,1.910984717474482295e+02,3.551453701520228989e+00,3.551453701520228989e+00
2.642000000000133042e+01,1.911695029011672489e+02,3.551661593121484550e+00,3.551661593121484550e+00
2.643000000000133198e+01,1.912405382111731456e+02,3.551869330286778759e+00,3.551869330286778759e+00
2.644000000000133355e+01,1.913115776743787819e+02,3.552076913179107009e+00,3.552076913179107009e+00
2.645000000000133511e+01,1.913826212877002888e+02,3.552284341961267078e+00,3.552284341961267078e+00
2.646000000000133667e+01,1.914536690480572361e+02,3.552491616795828033e+00,3.552491616795828033e+00
2.647000000000133824e+01,1.915247209523721779e+02,3.552698737845144450e+00,3.552698737845144450e+00
2.648000000000133980e+01,1.915957769975710505e+02,3.552905705271342196e+00,3.552905705271342196e+00
2.649000000000134136e+01,1.916668371805829167e+02,3.553112519236338862e+00,3.553112519236338862e+00
2.650000000000134293e+01,1.917379014983405057e+02,3.553319179901839320e+00,3.553319179901839320e+00
2.651000000000134449e+01,1.918089699477789338e+02,3.553525687429326396e+00,3.553525687429326396e+00
2.652000000000134605e+01,1.918800425258376663e+02,3.553732041980065315e+00,3.553732041980065315e+00
2.653000000000134762e+01,1.919511192294582713e+02,3.553938243715107248e+00,3.553938243715107248e+00
2.654000000000134918e+01,1.920222000555861825e+02,3.554144292795287097e+00,3.554144292795287097e+00
2.655000000000135074e+01,1.920932850011700452e+02,3.554350189381226599e+00,3.554350189381226599e+00
2.656000000000135230e+01,1.921643740631615174e+02,3.554555933633336107e+00,3.554555933633336107e+00
2.657000000000135387e+01,1.922354672385154117e+02,3.554761525711807035e+00,3.554761525711807035e+00
2.658000000000135543e+01,1.923065645241899233e+02,3.554966965776613197e+00,3.554966965776613197e+00
2.659000000000135699e+01,1.923776659171465155e+02,3.555172253987523678e+00,3.555172253987523678e+00
2.660000000000135856e+01,1.924487714143494941e+02,3.555377390504087298e+00,3.555377390504087298e+00
2.661000000000136012e+01,1.925198810127666320e+02,3.555582375485636604e+00,3.555582375485636604e+00
2.662000000000136168e+01,1.925909947093688857e+02,3.555787209091302081e+00,3.555787209091302081e+00
2.663000000000136325e+01,1.926621125011302809e+02,3.555991891479994393e+00,3.555991891479994393e+00
2.664000000000136481e+01,1.927332343850280836e+02,3.556196422810407931e+00,3.556196422810407931e+00
2.665000000000136637e+01,1.928043603580426577e+02,3.556400803241037245e+00,3.556400803241037245e+00
2.666000000000136794e+01,1.928754904171577778e+02,3.556605032930161059e+00,3.556605032930161059e+00
2.667000000000136950e+01,1.929466245593599183e+02,3.556809112035839604e+00,3.556809112035839604e+00
2.668000000000137106e+01,1.930177627816391634e+02,3.557013040715935936e+00,3.557013040715935936e+00
2.669000000000137263e+01,1.930889050809885816e+02,3.557216819128093288e+00,3.557216819128093288e+00
2.670000000000137419e+01,1.931600514544043108e+02,3.557420447429743060e+00,3.557420447429743060e+00
2.671000000000137575e+01,1.932312018988857005e+02,3.557623925778111040e+00,3.557623925778111040e+00
2.672000000000137732e+01,1.933023564114354258e+02,3.557827254330219180e+00,3.557827254330219180e+00
2.673000000000137888e+01,1.933735149890590037e+02,3.558030433242866053e+00,3.558030433242866053e+00
2.674000000000138044e+01,1.934446776287651062e+02,3.558233462672660163e+00,3.558233462672660163e+00
2.675000000000138201e+01,1.935158443275659010e+02,3.558436342775979089e+00,3.558436342775979089e+00
2.676000000000138357e+01,1.935870150824760572e+02,3.558639073709012557e+00,3.558639073709012557e+00
2.677000000000138513e+01,1.936581898905142225e+02,3.558841655627734468e+00,3.558841655627734468e+00
2.678000000000138670e+01,1.937293687487013187e+02,3.559044088687904672e+00,3.559044088687904672e+00
2.679000000000138826e+01,1.938005516540617066e+02,3.559246373045087175e+00,3.559246373045087175e+00
2.680000000000138982e+01,1.938717386036231289e+02,3.559448508854638149e+00,3.559448508854638149e+00
2.681000000000139138e+01,1.939429295944158866e+02,3.559650496271699271e+00,3.559650496271699271e+00
2.682000000000139295e+01,1.940141246234739469e+02,3.559852335451215044e+00,3.559852335451215044e+00
2.683000000000139451e+01,1.940853236878339487e+02,3.560054026547922579e+00,3.560054026547922579e+00
2.684000000000139607e+01,1.941565267845358562e+02,3.560255569716344937e+00,3.560255569716344937e+00
2.685000000000139764e+01,1.942277339106225895e+02,3.560456965110805783e+00,3.560456965110805783e+00
2.686000000000139920e+01,1.942989450631402804e+02,3.560658212885426721e+00,3.560658212885426721e+00
2.687000000000140076e+01,1.943701602391380163e+02,3.560859313194126852e+00,3.560859313194126852e+00
2.688000000000140233e+01,1.944413794356680114e+02,3.561060266190613888e+00,3.561060266190613888e+00
2.689000000000140389e+01,1.945126026497856628e+02,3.561261072028394814e+00,3.561261072028394814e+00
2.690000000000140545e+01,1.945838298785491816e+02,3.561461730860770558e+00,3.561461730860770558e+00
2.691000000000140702e+01,1.946550611190200755e+02,3.561662242840843540e+00,3.561662242840843540e+00
2.692000000000140858e+01,1.947262963682628936e+02,3.561862608121512785e+00,3.561862608121512785e+00
2.693000000000141014e+01,1.947975356233450555e+02,3.562062826855476594e+00,3.562062826855476594e+00
2.694000000000141171e+01,1.948687788813370219e+02,3.562262899195226762e+00,3.562262899195226762e+00
2.695000000000141327e+01,1.949400261393127494e+02,3.562462825293047697e+00,3.562462825293047697e+00
2.696000000000141483e+01,1.950112773943488094e+02,3.562662605301030627e+00,3.562662605301030627e+00
2.697000000000141640e+01,1.950825326435247860e+02,3.562862239371069606e+00,3.562862239371069606e+00
2.698000000000141796e+01,1.951537918839236170e+02,3.563061727654845967e+00,3.563061727654845967e+00
2.699000000000141952e+01,1.952250551126309404e+02,3.563261070303845646e+00,3.563261070303845646e+00
2.700000000000142109e+01,1.952963223267358330e+02,3.563460267469358733e+00,3.563460267469358733e+00
2.701000000000142265e+01,1.953675935233297309e+02,3.563659319302475037e+00,3.563659319302475037e+00
2.702000000000142421e+01,1.954388686995078785e+02,3.563858225954080972e+00,3.563858225954080972e+00
2.703000000000142578e+01,1.955101478523679930e+02,3.564056987574858670e+00,3.564056987574858670e+00
2.704000000000142734e+01,1.955814309790109178e+02,3.564255604315297532e+00,3.564255604315297532e+00
2.705000000000142890e+01,1.956527180765405376e+02,3.564454076325690668e+00,3.564454076325690668e+00
2.706000000000143046e+01,1.957240091420639203e+02,3.564652403756131793e+00,3.564652403756131793e+00
2.707000000000143203e+01,1.957953041726908054e+02,3.564850586756508122e+00,3.564850586756508122e+00
2.708000000000143359e+01,1.958666031655341726e+02,3.565048625476518573e+00,3.565048625476518573e+00
2.709000000000143515e+01,1.959379061177099004e+02,3.565246520065656899e+00,3.565246520065656899e+00
2.710000000000143672e+01,1.960092130263368517e+02,3.565444270673226779e+00,3.565444270673226779e+00
2.711000000000143828e+01,1.960805238885367601e+02,3.565641877448340491e+00,3.565641877448340491e+00
2.712000000000143984e+01,1.961518387014346843e+02,3.565839340539897595e+00,3.565839340539897595e+00
2.713000000000144141e+01,1.962231574621584116e+02,3.566036660096607580e+00,3.566036660096607580e+00
2.714000000000144297e+01,1.962944801678385431e+02,3.566233836266988977e+00,3.566233836266988977e+00
2.715000000000144453e+01,1.963658068156090337e+02,3.566430869199359588e+00,3.566430869199359588e+00
2.716000000000144610e+01,1.964371374026065382e+02,3.566627759041842261e+00,3.566627759041842261e+00
2.717000000000144766e+01,1.965084719259707811e+02,3.566824505942366663e+00,3.566824505942366663e+00
2.718000000000144922e+01,1.965798103828442720e+02,3.567021110048672394e+00,3.567021110048672394e+00
2.719000000000145079e+01,1.966511527703727324e+02,3.567217571508298324e+00,3.567217571508298324e+00
2.720000000000145235e+01,1.967224990857046123e+02,3.567413890468593696e+00,3.567413890468593696e+00
2.721000000000145391e+01,1.967938493259914310e+02,3.567610067076704361e+00,3.567610067076704361e+00
2.722000000000145548e+01,1.968652034883876638e+02,3.567806101479593650e+00,3.567806101479593650e+00
2.723000000000145704e+01,1.969365615700505714e+02,3.568001993824037044e+00,3.568001993824037044e+00
2.724000000000145860e+01,1.970079235681406260e+02,3.568197744256599968e+00,3.568197744256599968e+00
2.725000000000146017e+01,1.970792894798208863e+02,3.568393352923649786e+00,3.568393352923649786e+00
2.726000000000146173e+01,1.971506593022575657e+02,3.568588819971386883e+00,3.568588819971386883e+00
2.727000000000146329e+01,1.972220330326198052e+02,3.568784145545809139e+00,3.568784145545809139e+00
2.728000000000146485e+01,1.972934106680793889e+02,3.568979329792719035e+00,3.568979329792719035e+00
2.729000000000146642e+01,1.973647922058114546e+02,3.569174372857732092e+00,3.569174372857732092e+00
2.730000000000146798e+01,1.974361776429937834e+02,3.569369274886267984e+00,3.569369274886267984e+00
2.731000000000146954e+01,1.975075669768068849e+02,3.569564036023559872e+00,3.569564036023559872e+00
2.732000000000147111e+01,1.975789602044347077e+02,3.569758656414651288e+00,3.569758656414651288e+00
2.733000000000147267e+01,1.976503573230635027e+02,3.569953136204393473e+00,3.569953136204393473e+00
2.734000000000147423e+01,1.977217583298828742e+02,3.570147475537443604e+00,3.570147475537443604e+00
2.735000000000147580e+01,1.977931632220849565e+02,3.570341674558275002e+00,3.570341674558275002e+00
2.736000000000147736e+01,1.978645719968650951e+02,3.570535733411170032e+00,3.570535733411170032e+00
2.737000000000147892e+01,1.979359846514214212e+02,3.570729652240219654e+00,3.570729652240219654e+00
2.738000000000148049e+01,1.980074011829548226e+02,3.570923431189336306e+00,3.570923431189336306e+00
2.739000000000148205e+01,1.980788215886690296e+02,3.571117070402231697e+00,3.571117070402231697e+00
2.740000000000148361e+01,1.981502458657709269e+02,3.571310570022432795e+00,3.571310570022432795e+00
2.741000000000148518e+01,1.982216740114698155e+02,3.571503930193280940e+00,3.571503930193280940e+00
2.742000000000148674e+01,1.982931060229786056e+02,3.571697151057928732e+00,3.571697151057928732e+00
2.743000000000148830e+01,1.983645418975122539e+02,3.571890232759346251e+00,3.571890232759346251e+00
2.744000000000148987e+01,1.984359816322889571e+02,3.572083175440314839e+00,3.572083175440314839e+00
2.745000000000149143e+01,1.985074252245298965e+02,3.572275979243422217e+00,3.572275979243422217e+00
2.746000000000149299e+01,1.985788726714586971e+02,3.572468644311074470e+00,3.572468644311074470e+00
2.747000000000149456e+01,1.986503239703022814e+02,3.572661170785492946e+00,3.572661170785492946e+00
2.748000000000149612e+01,1.987217791182901863e+02,3.572853558808714691e+00,3.572853558808714691e+00
2.749000000000149768e+01,1.987932381126546488e+02,3.573045808522580913e+00,3.573045808522580913e+00
2.750000000000149925e+01,1.988647009506310610e+02,3.573237920068755180e+00,3.573237920068755180e+00
2.751000000000150081e+01,1.989361676294574579e+02,3.573429893588721207e+00,3.573429893588721207e+00
2.752000000000150237e+01,1.990076381463746031e+02,3.573621729223776633e+00,3.573621729223776633e+00
2.753000000000150393e+01,1.990791124986263867e+02,3.573813427115033026e+00,3.573813427115033026e+00
2.754000000000150550e+01,1.991505906834591997e+02,3.574004987403408329e+00,3.574004987403408329e+00
2.755000000000150706e+01,1.992220726981225027e+02,3.574196410229642407e+00,3.574196410229642407e+00
2.756000000000150862e+01,1.992935585398683429e+02,3.574387695734301928e+00,3.574387695734301928e+00
2.757000000000151019e+01,1.993650482059518367e+02,3.574578844057766158e+00,3.574578844057766158e+00
2.758000000000151175e+01,1.994365416936307440e+02,3.574769855340223845e+00,3.574769855340223845e+00
2.759000000000151331e+01,1.995080390001654393e+02,3.574960729721675445e+00,3.574960729721675445e+00
2.760000000000151488e+01,1.995795401228195374e+02,3.575151467341955769e+00,3.575151467341955769e+00
2.761000000000151644e+01,1.996510450588590970e+02,3.575342068340717105e+00,3.575342068340717105e+00
2.762000000000151800e+01,1.997225538055532184e+02,3.575532532857426560e+00,3.575532532857426560e+00
2.763000000000151957e+01,1.997940663601734457e+02,3.575722861031358502e+00,3.575722861031358502e+00
2.764000000000152113e+01,1.998655827199943928e+02,3.575913053001613218e+00,3.575913053001613218e+00
2.765000000000152269e+01,1.999371028822934022e+02,3.576103108907113803e+00,3.576103108907113803e+00
2.766000000000152426e+01,2.000086268443506583e+02,3.576293028886604830e+00,3.576293028886604830e+00
2.767000000000152582e+01,2.000801546034489036e+02,3.576482813078647460e+00,3.576482813078647460e+00
2.768000000000152738e+01,2.001516861568738364e+02,3.576672461621613675e+00,3.576672461621613675e+00
2.769000000000152895e+01,2.002232215019137982e+02,3.576861974653697818e+00,3.576861974653697818e+00
2.770000000000153051e+01,2.002947606358599728e+02,3.577051352312933918e+00,3.577051352312933918e+00
2.771000000000153207e+01,2.003663035560063577e+02,3.577240594737161050e+00,3.577240594737161050e+00
2.772000000000153364e+01,2.004378502596494513e+02,3.577429702064041095e+00,3.577429702064041095e+00
2.773000000000153520e+01,2.005094007440888220e+02,3.577618674431057411e+00,3.577618674431057411e+00
2.774000000000153676e+01,2.005809550066267661e+02,3.577807511975515276e+00,3.577807511975515276e+00
2.775000000000153833e+01,2.006525130445678826e+02,3.577996214834542332e+00,3.577996214834542332e+00
2.776000000000153989e+01,2.007240748552201808e+02,3.578184783145090808e+00,3.578184783145090808e+00
2.777000000000154145e+01,2.007956404358937164e+02,3.578373217043940180e+00,3.578373217043940180e+00
2.778000000000154301e+01,2.008672097839018988e+02,3.578561516667672304e+00,3.578561516667672304e+00
2.779000000000154458e+01,2.009387828965604115e+02,3.578749682152700284e+00,3.578749682152700284e+00
2.780000000000154614e+01,2.010103597711880070e+02,3.578937713635272466e+00,3.578937713635272466e+00
2.781000000000154770e+01,2.010819404051058541e+02,3.579125611251461336e+00,3.579125611251461336e+00
2.782000000000154927e+01,2.011535247956380488e+02,3.579313375137150643e+00,3.579313375137150643e+00
2.783000000000155083e+01,2.012251129401113587e+02,3.579501005428057159e+00,3.579501005428057159e+00
2.784000000000155239e+01,2.012967048358551949e+02,3.579688502259716465e+00,3.579688502259716465e+00
2.785000000000155396e+01,2.013683004802017535e+02,3.579875865767486953e+00,3.579875865767486953e+00
2.786000000000155552e+01,2.014398998704858741e+02,3.580063096086549379e+00,3.580063096086549379e+00
2.787000000000155708e+01,2.015115030040451813e+02,3.580250193351923294e+00,3.580250193351923294e+00
2.788000000000155865e+01,2.015831098782199149e+02,3.580437157698442618e+00,3.580437157698442618e+00
2.789000000000156021e+01,2.016547204903531281e+02,3.580623989260772078e+00,3.580623989260772078e+00
2.790000000000156177e+01,2.017263348377903469e+02,3.580810688173405865e+00,3.580810688173405865e+00
2.791000000000156334e+01,2.017979529178799964e+02,3.580997254570653432e+00,3.580997254570653432e+00
2.792000000000156490e+01,2.018695747279731449e+02,3.581183688586654590e+00,3.581183688586654590e+00
2.793000000000156646e+01,2.019412002654234755e+02,3.581369990355386168e+00,3.581369990355386168e+00
2.794000000000156803e+01,2.020128295275873427e+02,3.581556160010645584e+00,3.581556160010645584e+00
2.795000000000156959e+01,2.020844625118239435e+02,3.581742197686041962e+00,3.581742197686041962e+00
2.796000000000157115e+01,2.021560992154947485e+02,3.581928103515035655e+00,3.581928103515035655e+00
2.797000000000157272e+01,2.022277396359644968e+02,3.582113877630904053e+00,3.582113877630904053e+00
2.798000000000157428e+01,2.022993837706000022e+02,3.582299520166755347e+00,3.582299520166755347e+00
2.799000000000157584e+01,2.023710316167712051e+02,3.582485031255529417e+00,3.582485031255529417e+00
2.800000000000157740e+01,2.024426831718502626e+02,3.582670411029983626e+00,3.582670411029983626e+00
2.801000000000157897e+01,2.025143384332124299e+02,3.582855659622716349e+00,3.582855659622716349e+00
2.802000000000158053e+01,2.025859973982351505e+02,3.583040777166151436e+00,3.583040777166151436e+00
2.803000000000158209e+01,2.026576600642990797e+02,3.583225763792535545e+00,3.583225763792535545e+00
2.804000000000158366e+01,2.027293264287868908e+02,3.583410619633949690e+00,3.583410619633949690e+00
2.805000000000158522e+01,2.028009964890843833e+02,3.583595344822303463e+00,3.583595344822303463e+00
2.806000000000158678e+01,2.028726702425798294e+02,3.583779939489339927e+00,3.583779939489339927e+00
2.807000000000158835e+01,2.029443476866638889e+02,3.583964403766631612e+00,3.583964403766631612e+00
2.808000000000158991e+01,2.030160288187305468e+02,3.584148737785592509e+00,3.584148737785592509e+00
2.809000000000159147e+01,2.030877136361753514e+02,3.584332941677445206e+00,3.584332941677445206e+00
2.810000000000159304e+01,2.031594021363975742e+02,3.584517015573254639e+00,3.584517015573254639e+00
2.811000000000159460e+01,2.032310943167983339e+02,3.584700959603919657e+00,3.584700959603919657e+00
2.812000000000159616e+01,2.033027901747817054e+02,3.584884773900166799e+00,3.584884773900166799e+00
2.813000000000159773e+01,2.033744897077542930e+02,3.585068458592555629e+00,3.585068458592555629e+00
2.814000000000159929e+01,2.034461929131254578e+02,3.585252013811482730e+00,3.585252013811482730e+00
2.815000000000160085e+01,2.035178997883067495e+02,3.585435439687181702e+00,3.585435439687181702e+00
2.816000000000160242e+01,2.035896103307128442e+02,3.585618736349700963e+00,3.585618736349700963e+00
2.817000000000160398e+01,2.036613245377608052e+02,3.585801903928941048e+00,3.585801903928941048e+00
2.818000000000160554e+01,2.037330424068700552e+02,3.585984942554620858e+00,3.585984942554620858e+00
2.819000000000160711e+01,2.038047639354629439e+02,3.586167852356298980e+00,3.586167852356298980e+00
2.820000000000160867e+01,2.038764891209643508e+02,3.586350633463370130e+00,3.586350633463370130e+00
2.821000000000161023e+01,2.039482179608015997e+02,3.586533286005053611e+00,3.586533286005053611e+00
2.822000000000161180e+01,2.040199504524044869e+02,3.586715810110411962e+00,3.586715810110411962e+00
2.823000000000161336e+01,2.040916865932059636e+02,3.586898205908347403e+00,3.586898205908347403e+00
2.824000000000161492e+01,2.041634263806408001e+02,3.587080473527588076e+00,3.587080473527588076e+00
2.825000000000161648e+01,2.042351698121470065e+02,3.587262613096703134e+00,3.587262613096703134e+00
2.826000000000161805e+01,2.043069168851647532e+02,3.587444624744094313e+00,3.587444624744094313e+00
2.827000000000161961e+01,2.043786675971366549e+02,3.587626508597995034e+00,3.587626508597995034e+00
2.828000000000162117e+01,2.044504219455086798e+02,3.587808264786475743e+00,3.587808264786475743e+00
2.829000000000162274e+01,2.045221799277283310e+02,3.587989893437452782e+00,3.587989893437452782e+00
2.830000000000162430e+01,2.045939415412461244e+02,3.588171394678668857e+00,3.588171394678668857e+00
2.831000000000162586e+01,2.046657067835154464e+02,3.588352768637699697e+00,3.588352768637699697e+00
2.832000000000162743e+01,2.047374756519916161e+02,3.588534015441969149e+00,3.588534015441969149e+00
2.833000000000162899e+01,2.048092481441330506e+02,3.588715135218727870e+00,3.588715135218727870e+00
2.834000000000163055e+01,2.048810242574003837e+02,3.588896128095076410e+00,3.588896128095076410e+00
2.835000000000163212e+01,2.049528039892568643e+02,3.589076994197947013e+00,3.589076994197947013e+00
2.836000000000163368e+01,2.050245873371682706e+02,3.589257733654109384e+00,3.589257733654109384e+00
2.837000000000163524e+01,2.050963742986030525e+02,3.589438346590169360e+00,3.589438346590169360e+00
2.838000000000163681e+01,2.051681648710318768e+02,3.589618833132567577e+00,3.589618833132567577e+00
2.839000000000163837e+01,2.052399590519284516e+02,3.589799193407587907e+00,3.589799193407587907e+00
2.840000000000163993e+01,2.053117568387682752e+02,3.589979427541355239e+00,3.589979427541355239e+00
2.841000000000164150e+01,2.053835582290300295e+02,3.590159535659839030e+00,3.590159535659839030e+00
2.842000000000164306e+01,2.054553632201946698e+02,3.590339517888839538e+00,3.590339517888839538e+00
2.843000000000164462e+01,2.055271718097455960e+02,3.590519374353990933e+00,3.590519374353990933e+00
2.844000000000164619e+01,2.055989839951687941e+02,3.590699105180776396e+00,3.590699105180776396e+00
2.845000000000164775e+01,2.056707997739528082e+02,3.590878710494518344e+00,3.590878710494518344e+00
2.846000000000164931e+01,2.057426191435885698e+02,3.591058190420380214e+00,3.591058190420380214e+00
2.847000000000165087e+01,2.058144421015696253e+02,3.591237545083361571e+00,3.591237545083361571e+00
2.848000000000165244e+01,2.058862686453919366e+02,3.591416774608306994e+00,3.591416774608306994e+00
2.849000000000165400e+01,2.059580987725538819e+02,3.591595879119906964e+00,3.591595879119906964e+00
2.850000000000165556e+01,2.060299324805567096e+02,3.591774858742680987e+00,3.591774858742680987e+00
2.851000000000165713e+01,2.061017697669036579e+02,3.591953713600996689e+00,3.591953713600996689e+00
2.852000000000165869e+01,2.061736106291008070e+02,3.592132443819066268e+00,3.592132443819066268e+00
2.853000000000166025e+01,2.062454550646564257e+02,3.592311049520941602e+00,3.592311049520941602e+00
2.854000000000166182e+01,2.063173030710814544e+02,3.592489530830509814e+00,3.592489530830509814e+00
2.855000000000166338e+01,2.063891546458896187e+02,3.592667887871513699e+00,3.592667887871513699e+00
2.856000000000166494e+01,2.064610097865963212e+02,3.592846120767525075e+00,3.592846120767525075e+00
2.857000000000166651e+01,2.065328684907203467e+02,3.593024229641971434e+00,3.593024229641971434e+00
2.858000000000166807e+01,2.066047307557821000e+02,3.593202214618118173e+00,3.593202214618118173e+00
2.859000000000166963e+01,2.066765965793050555e+02,3.593380075819070374e+00,3.593380075819070374e+00
2.860000000000167120e+01,2.067484659588148475e+02,3.593557813367786125e+00,3.593557813367786125e+00
2.861000000000167276e+01,2.068203388918398105e+02,3.593735427387055203e+00,3.593735427387055203e+00
2.862000000000167432e+01,2.068922153759103821e+02,3.593912917999521728e+00,3.593912917999521728e+00
2.863000000000167589e+01,2.069640954085597571e+02,3.594090285327672163e+00,3.594090285327672163e+00
2.864000000000167745e+01,2.070359789873234604e+02,3.594267529493830438e+00,3.594267529493830438e+00
2.865000000000167901e+01,2.071078661097394900e+02,3.594444650620176152e+00,3.594444650620176152e+00
2.866000000000168058e+01,2.071797567733483163e+02,3.594621648828731253e+00,3.594621648828731253e+00
2.867000000000168214e+01,2.072516509756925984e+02,3.594798524241358706e+00,3.594798524241358706e+00
2.868000000000168370e+01,2.073235487143178375e+02,3.594975276979766488e+00,3.594975276979766488e+00
2.869000000000168527e+01,2.073954499867717516e+02,3.595151907165511584e+00,3.595151907165511584e+00
2.870000000000168683e+01,2.074673547906045599e+02,3.595328414919998661e+00,3.595328414919998661e+00
2.871000000000168839e+01,2.075392631233685847e+02,3.595504800364480058e+00,3.595504800364480058e+00
2.872000000000168995e+01,2.076111749826190476e+02,3.595681063620051354e+00,3.595681063620051354e+00
2.873000000000169152e+01,2.076830903659134151e+02,3.595857204807650032e+00,3.595857204807650032e+00
2.874000000000169308e+01,2.077550092708113993e+02,3.596033224048072352e+00,3.596033224048072352e+00
2.875000000000169464e+01,2.078269316948754124e+02,3.596209121461952041e+00,3.596209121461952041e+00
2.876000000000169621e+01,2.078988576356698843e+02,3.596384897169771833e+00,3.596384897169771833e+00
2.877000000000169777e+01,2.079707870907621441e+02,3.596560551291866137e+00,3.596560551291866137e+00
2.878000000000169933e+01,2.080427200577215672e+02,3.596736083948409934e+00,3.596736083948409934e+00
2.879000000000170090e+01,2.081146565341200017e+02,3.596911495259434322e+00,3.596911495259434322e+00
2.880000000000170246e+01,2.081865965175319388e+02,3.597086785344820292e+00,3.597086785344820292e+00
2.881000000000170402e+01,2.082585400055338596e+02,3.597261954324286748e+00,3.597261954324286748e+00
2.882000000000170559e+01,2.083304869957049732e+02,3.597437002317409593e+00,3.597437002317409593e+00
2.883000000000170715e+01,2.084024374856265069e+02,3.597611929443618184e+00,3.597611929443618184e+00
2.884000000000170871e+01,2.084743914728827008e+02,3.597786735822185111e+00,3.597786735822185111e+00
2.885000000000171028e+01,2.085463489550594431e+02,3.597961421572227980e+00,3.597961421572227980e+00
2.886000000000171184e+01,2.086183099297455499e+02,3.598135986812720066e+00,3.598135986812720066e+00
2.887000000000171340e+01,2.086902743945319116e+02,3.598310431662484987e+00,3.598310431662484987e+00
2.888000000000171497e+01,2.087622423470120339e+02,3.598484756240190041e+00,3.598484756240190041e+00
2.889000000000171653e+01,2.088342137847815252e+02,3.598658960664361750e+00,3.598658960664361750e+00
2.890000000000171809e+01,2.089061887054386091e+02,3.598833045053376090e+00,3.598833045053376090e+00
2.891000000000171966e+01,2.089781671065836690e+02,3.599007009525454492e+00,3.599007009525454492e+00
2.892000000000172122e+01,2.090501489858196464e+02,3.599180854198673174e+00,3.599180854198673174e+00
2.893000000000172278e+01,2.091221343407516997e+02,3.599354579190960468e+00,3.599354579190960468e+00
2.894000000000172435e+01,2.091941231689872041e+02,3.599528184620092386e+00,3.599528184620092386e+00
2.895000000000172591e+01,2.092661154681364906e+02,3.599701670603699721e+00,3.599701670603699721e+00
2.896000000000172747e+01,2.093381112358113683e+02,3.599875037259266275e+00,3.599875037259266275e+00
2.897000000000172903e+01,2.094101104696268294e+02,3.600048284704123081e+00,3.600048284704123081e+00
2.898000000000173060e+01,2.094821131671996284e+02,3.600221413055461284e+00,3.600221413055461284e+00
2.899000000000173216e+01,2.095541193261489639e+02,3.600394422430324592e+00,3.600394422430324592e+00
2.900000000000173372e+01,2.096261289440967062e+02,3.600567312945603504e+00,3.600567312945603504e+00
2.901000000000173529e+01,2.096981420186667719e+02,3.600740084718040190e+00,3.600740084718040190e+00
2.902000000000173685e+01,2.097701585474854937e+02,3.600912737864232938e+00,3.600912737864232938e+00
2.903000000000173841e+01,2.098421785281814209e+02,3.601085272500641921e+00,3.601085272500641921e+00
2.904000000000173998e+01,2.099142019583855188e+02,3.601257688743572327e+00,3.601257688743572327e+00
2.905000000000174154e+01,2.099862288357311684e+02,3.601429986709181907e+00,3.601429986709181907e+00
2.906000000000174310e+01,2.100582591578538540e+02,3.601602166513487635e+00,3.601602166513487635e+00
2.907000000000174467e+01,2.101302929223915896e+02,3.601774228272360379e+00,3.601774228272360379e+00
2.908000000000174623e+01,2.102023301269848616e+02,3.601946172101524013e+00,3.601946172101524013e+00
2.909000000000174779e+01,2.102743707692756630e+02,3.602117998116553199e+00,3.602117998116553199e+00
2.910000000000174936e+01,2.103464148469095107e+02,3.602289706432890259e+00,3.602289706432890259e+00
2.911000000000175092e+01,2.104184623575330875e+02,3.602461297165827414e+00,3.602461297165827414e+00
2.912000000000175248e+01,2.104905132987960599e+02,3.602632770430502784e+00,3.602632770430502784e+00
2.913000000000175405e+01,2.105625676683503400e+02,3.602804126341916824e+00,3.602804126341916824e+00
2.914000000000175561e+01,2.106346254638498863e+02,3.602975365014933651e+00,3.602975365014933651e+00
2.915000000000175717e+01,2.107066866829508456e+02,3.603146486564260620e+00,3.603146486564260620e+00
2.916000000000175874e+01,2.107787513233123775e+02,3.603317491104463866e+00,3.603317491104463866e+00
2.917000000000176030e+01,2.108508193825950627e+02,3.603488378749975851e+00,3.603488378749975851e+00
2.918000000000176186e+01,2.109228908584623525e+02,3.603659149615086932e+00,3.603659149615086932e+00
2.919000000000176342e+01,2.109949657485796592e+02,3.603829803813928478e+00,3.603829803813928478e+00
2.920000000000176499e+01,2.110670440506148964e+02,3.604000341460505297e+00,3.604000341460505297e+00
2.921000000000176655e+01,2.111391257622381090e+02,3.604170762668670314e+00,3.604170762668670314e+00
2.922000000000176811e+01,2.112112108811216729e+02,3.604341067552129019e+00,3.604341067552129019e+00
2.923000000000176968e+01,2.112832994049402373e+02,3.604511256224451898e+00,3.604511256224451898e+00
2.924000000000177124e+01,2.113553913313705834e+02,3.604681328799077988e+00,3.604681328799077988e+00
2.925000000000177280e+01,2.114274866580921355e+02,3.604851285389294890e+00,3.604851285389294890e+00
2.926000000000177437e+01,2.114995853827862220e+02,3.605021126108245433e+00,3.605021126108245433e+00
2.927000000000177593e+01,2.115716875031365021e+02,3.605190851068933888e+00,3.605190851068933888e+00
2.928000000000177749e+01,2.116437930168289085e+02,3.605360460384222421e+00,3.605360460384222421e+00
2.929000000000177906e+01,2.117159019215518185e+02,3.605529954166840856e+00,3.605529954166840856e+00
2.930000000000178062e+01,2.117880142149955702e+02,3.605699332529372469e+00,3.605699332529372469e+00
2.931000000000178218e+01,2.118601298948530598e+02,3.605868595584250436e+00,3.605868595584250436e+00
2.932000000000178375e+01,2.119322489588189171e+02,3.606037743443780474e+00,3.606037743443780474e+00
2.933000000000178531e+01,2.120043714045907848e+02,3.606206776220133747e+00,3.606206776220133747e+00
2.934000000000178687e+01,2.120764972298678117e+02,3.606375694025321543e+00,3.606375694025321543e+00
2.935000000000178844e+01,2.121486264323517617e+02,3.606544496971227254e+00,3.606544496971227254e+00
2.936000000000179000e+01,2.122207590097467573e+02,3.606713185169599711e+00,3.606713185169599711e+00
2.937000000000179156e+01,2.122928949597584563e+02,3.606881758732046528e+00,3.606881758732046528e+00
2.938000000000179313e+01,2.123650342800959834e+02,3.607050217770030986e+00,3.607050217770030986e+00
2.939000000000179469e+01,2.124371769684694016e+02,3.607218562394876926e+00,3.607218562394876926e+00
2.940000000000179625e+01,2.125093230225917011e+02,3.607386792717773183e+00,3.607386792717773183e+00
2.941000000000179782e+01,2.125814724401780893e+02,3.607554908849767372e+00,3.607554908849767372e+00
2.942000000000179938e+01,2.126536252189457912e+02,3.607722910901777436e+00,3.607722910901777436e+00
2.943000000000180094e+01,2.127257813566142204e+02,3.607890798984576985e+00,3.607890798984576985e+00
2.944000000000180250e+01,2.127979408509050927e+02,3.608058573208797970e+00,3.608058573208797970e+00
2.945000000000180407e+01,2.128701036995425113e+02,3.608226233684939555e+00,3.608226233684939555e+00
2.946000000000180563e+01,2.129422699002525121e+02,3.608393780523370342e+00,3.608393780523370342e+00
2.947000000000180719e+01,2.130144394507634615e+02,3.608561213834318160e+00,3.608561213834318160e+00
2.948000000000180876e+01,2.130866123488059145e+02,3.608728533727862509e+00,3.608728533727862509e+00
2.949000000000181032e+01,2.131587885921126144e+02,3.608895740313954992e+00,3.608895740313954992e+00
2.950000000000181188e+01,2.132309681784184079e+02,3.609062833702416206e+00,3.609062833702416206e+00
2.951000000000181345e+01,2.133031511054606710e+02,3.609229814002923309e+00,3.609229814002923309e+00
2.952000000000181501e+01,2.133753373709785706e+02,3.609396681325013123e+00,3.609396681325013123e+00
2.953000000000181657e+01,2.134475269727136890e+02,3.609563435778099905e+00,3.609563435778099905e+00
2.954000000000181814e+01,2.135197199084097406e+02,3.609730077471453580e+00,3.609730077471453580e+00
2.955000000000181970e+01,2.135919161758124858e+02,3.609896606514212625e+00,3.609896606514212625e+00
2.956000000000182126e+01,2.136641157726702431e+02,3.610063023015381845e+00,3.610063023015381845e+00
2.957000000000182283e+01,2.137363186967331501e+02,3.610229327083826156e+00,3.610229327083826156e+00
2.958000000000182439e+01,2.138085249457536463e+02,3.610395518828269257e+00,3.610395518828269257e+00
2.959000000000182595e+01,2.138807345174863030e+02,3.610561598357302060e+00,3.610561598357302060e+00
2.960000000000182752e+01,2.139529474096878516e+02,3.610727565779393355e+00,3.610727565779393355e+00
2.961000000000182908e+01,2.140251636201174676e+02,3.610893421202880038e+00,3.610893421202880038e+00
2.962000000000183064e+01,2.140973831465360036e+02,3.611059164735948457e+00,3.611059164735948457e+00
2.963000000000183221e+01,2.141696059867069266e+02,3.611224796486656619e+00,3.611224796486656619e+00
2.964000000000183377e+01,2.142418321383954662e+02,3.611390316562931080e+00,3.611390316562931080e+00
2.965000000000183533e+01,2.143140615993694382e+02,3.611555725072565615e+00,3.611555725072565615e+00
2.966000000000183690e+01,2.143862943673984489e+02,3.611721022123218550e+00,3.611721022123218550e+00
2.967000000000183846e+01,2.144585304402544068e+02,3.611886207822415873e+00,3.611886207822415873e+00
2.968000000000184002e+01,2.145307698157112952e+02,3.612051282277551678e+00,3.612051282277551678e+00
2.969000000000184158e+01,2.146030124915453712e+02,3.612216245595891273e+00,3.612216245595891273e+00
2.970000000000184315e+01,2.146752584655351654e+02,3.612381097884565406e+00,3.612381097884565406e+00
2.971000000000184471e+01,2.147475077354608572e+02,3.612545839250563606e+00,3.612545839250563606e+00
2.972000000000184627e+01,2.148197602991050701e+02,3.612710469800757274e+00,3.612710469800757274e+00
2.973000000000184784e+01,2.148920161542528433e+02,3.612874989641880585e+00,3.612874989641880585e+00
2.974000000000184940e+01,2.149642752986908363e+02,3.613039398880530495e+00,3.613039398880530495e+00
2.975000000000185096e+01,2.150365377302080674e+02,3.613203697623177835e+00,3.613203697623177835e+00
2.976000000000185253e+01,2.151088034465957719e+02,3.613367885976161986e+00,3.613367885976161986e+00
2.977000000000185409e+01,2.151810724456471462e+02,3.613531964045689993e+00,3.613531964045689993e+00
2.978000000000185565e+01,2.152533447251575467e+02,3.613695931937836114e+00,3.613695931937836114e+00
2.979000000000185722e+01,2.153256202829245751e+02,3.613859789758546270e+00,3.613859789758546270e+00
2.980000000000185878e+01,2.153978991167479364e+02,3.614023537613640702e+00,3.614023537613640702e+00
2.981000000000186034e+01,2.154701812244291830e+02,3.614187175608798874e+00,3.614187175608798874e+00
2.982000000000186191e+01,2.155424666037722545e+02,3.614350703849579016e+00,3.614350703849579016e+00
2.983000000000186347e+01,2.156147552525830520e+02,3.614514122441406574e+00,3.614514122441406574e+00
2.984000000000186503e+01,2.156870471686700057e+02,3.614677431489580872e+00,3.614677431489580872e+00
2.985000000000186660e+01,2.157593423498427683e+02,3.614840631099264456e+00,3.614840631099264456e+00
2.986000000000186816e+01,2.158316407939138912e+02,3.615003721375487089e+00,3.615003721375487089e+00
2.987000000000186972e+01,2.159039424986978304e+02,3.615166702423163070e+00,3.615166702423163070e+00
2.988000000000187129e+01,2.159762474620108321e+02,3.615329574347073915e+00,3.615329574347073915e+00
2.989000000000187285e+01,2.160485556816716723e+02,3.615492337251865695e+00,3.615492337251865695e+00
2.990000000000187441e+01,2.161208671555008323e+02,3.615654991242064575e+00,3.615654991242064575e+00
2.991000000000187597e+01,2.161931818813213511e+02,3.615817536422056833e+00,3.615817536422056833e+00
2.992000000000187754e+01,2.162654998569578311e+02,3.615979972896107508e+00,3.615979972896107508e+00
2.993000000000187910e+01,2.163378210802371768e+02,3.616142300768355078e+00,3.616142300768355078e+00
2.994000000000188066e+01,2.164101455489885097e+02,3.616304520142811452e+00,3.616304520142811452e+00
2.995000000000188223e+01,2.164824732610429123e+02,3.616466631123358422e+00,3.616466631123358422e+00
2.996000000000188379e+01,2.165548042142334850e+02,3.616628633813742333e+00,3.616628633813742333e+00
2.997000000000188535e+01,2.166271384063954599e+02,3.616790528317604281e+00,3.616790528317604281e+00
2.998000000000188692e+01,2.166994758353662576e+02,3.616952314738435259e+00,3.616952314738435259e+00
2.999000000000188848e+01,2.167718164989850322e+02,3.617113993179607245e+00,3.617113993179607245e+00
