# Tier-1a MD ensemble-mean trajectory. run_tag=tier1a_anchored_t0.5, scenario=anchored_discrete, t_star_ps=0.5, N=50, ion_steps=3000.
# time_ps,mean_distance_A,mean_speed_I1_Aps,mean_speed_I2_Aps
0.000000000000000000e+00,8.999995317870384426e+00,4.504273944159927477e-04,4.504273944159927477e-04
1.000000000000000021e-02,9.000797999679265970e+00,8.071135116635864970e-02,8.071135116635864970e-02
2.000000000000000042e-02,9.003223769886698591e+00,1.618437497544594761e-01,1.618437497544594761e-01
2.999999999999999889e-02,9.007271741986704328e+00,2.429169212120028121e-01,2.429169212120028121e-01
4.000000000000000083e-02,9.012940429640815765e+00,3.239007583960282211e-01,3.239007583960282211e-01
5.000000000000000278e-02,9.020227742092169265e+00,4.047649552822813468e-01,4.047649552822813468e-01
6.000000000000000472e-02,9.029130980810261775e+00,4.854790687810959793e-01,4.854790687810959793e-01
7.000000000000000666e-02,9.039646837377553368e+00,5.660125809878034930e-01,5.660125809878034930e-01
8.000000000000000167e-02,9.051771392624091916e+00,6.463349615880003007e-01,6.463349615880003007e-01
8.999999999999999667e-02,9.065500117010097725e+00,7.264157301382412335e-01,7.264157301382412335e-01
9.999999999999999167e-02,9.080827872251397537e+00,8.062245179449861743e-01,8.062245179449861743e-01
1.099999999999999867e-01,9.097748914176751356e+00,8.857311292675107417e-01,8.857311292675107417e-01
1.199999999999999817e-01,9.116256896800850384e+00,9.649056015803770814e-01,9.649056015803770814e-01
1.299999999999999767e-01,9.136344877591509928e+00,1.043718264637796045e+00,1.043718264637796045e+00
1.399999999999999856e-01,9.158005323904525596e+00,1.122139798093415797e+00,1.122139798093415797e+00
1.499999999999999944e-01,9.181230120554907614e+00,1.200141287442591187e+00,1.200141287442591187e+00
1.600000000000000033e-01,9.206010578488593055e+00,1.277694278067772249e+00,1.277694278067772249e+00
1.700000000000000122e-01,9.232337444514570279e+00,1.354770827183629178e+00,1.354770827183629178e+00
1.800000000000000211e-01,9.260200912053454303e+00,1.431343553495149301e+00,1.431343553495149301e+00
1.900000000000000300e-01,9.289590632854983099e+00,1.507385684400472936e+00,1.507385684400472936e+00
2.000000000000000389e-01,9.320495729633671900e+00,1.582871100588580937e+00,1.582871100588580937e+00
2.100000000000000477e-01,9.352904809569182021e+00,1.657774377901308993e+00,1.657774377901308993e+00
2.200000000000000566e-01,9.386805978615397450e+00,1.732070826349308090e+00,1.732070826349308090e+00
2.300000000000000655e-01,9.422186856560410106e+00,1.805736526190983682e+00,1.805736526190983682e+00
2.400000000000000744e-01,9.459034592777703310e+00,1.878748361003340195e+00,1.878748361003340195e+00
2.500000000000000555e-01,9.497335882607906399e+00,1.951084047693818491e+00,1.951084047693818491e+00
2.600000000000000644e-01,9.537076984309482697e+00,2.022722163420114683e+00,2.022722163420114683e+00
2.700000000000000733e-01,9.578243736516276030e+00,2.093642169404715592e+00,2.093642169404715592e+00
2.800000000000000822e-01,9.620821576139828579e+00,2.163824431648821101e+00,2.163824431648821101e+00
2.900000000000000910e-01,9.664795556654611985e+00,2.233250238565950507e+00,2.233250238565950507e+00
3.000000000000000999e-01,9.710150366704793257e+00,2.301901815572719112e+00,2.301901815572719112e+00
3.100000000000001088e-01,9.756870348972311646e+00,2.369762336689000382e+00,2.369762336689000382e+00
3.200000000000001177e-01,9.804939519246925528e+00,2.436815933213419605e+00,2.436815933213419605e+00
3.300000000000001266e-01,9.854341585640602474e+00,2.503047699551889327e+00,2.503047699551889327e+00
3.400000000000001354e-01,9.905059967890096573e+00,2.568443696289611999e+00,2.568443696289611999e+00
3.500000000000001443e-01,9.957077816693630012e+00,2.632990950606460601e+00,2.632990950606460601e+00
3.600000000000001532e-01,1.001037803302966012e+01,2.696677454143825425e+00,2.696677454143825425e+00
3.700000000000001621e-01,1.006494328740776112e+01,2.759492158439476484e+00,2.759492158439476484e+00
3.800000000000001710e-01,1.012075603900442466e+01,2.821424968052690385e+00,2.821424968052690385e+00
3.900000000000001799e-01,1.017779855463869865e+01,2.882466731507518976e+00,2.882466731507518976e+00
4.000000000000001887e-01,1.023605292754546525e+01,2.942609230185398328e+00,2.942609230185398328e+00
4.100000000000001976e-01,1.029550109590663887e+01,3.001845165301548324e+00,3.001845165301548324e+00
4.200000000000002065e-01,1.035612486110339958e+01,3.060168143101506644e+00,3.060168143101506644e+00
4.300000000000002154e-01,1.041790590565518926e+01,3.117572658414340836e+00,3.117572658414340836e+00
4.400000000000002243e-01,1.048082581081411568e+01,3.174054076699717175e+00,3.174054076699717175e+00
4.500000000000002331e-01,1.054486607378591145e+01,3.229608614724355675e+00,3.229608614724355675e+00
4.600000000000002420e-01,1.061000812455148612e+01,3.284233320002091450e+00,3.284233320002091450e+00
4.700000000000002509e-01,1.067623334226567344e+01,3.337926049129416040e+00,3.337926049129416040e+00
4.800000000000002598e-01,1.074352307121239924e+01,3.390685445144931531e+00,3.390685445144931531e+00
4.900000000000002687e-01,1.081185863629805688e+01,3.442510914037954617e+00,3.442510914037954617e+00
5.000000000000002220e-01,1.088122135806731450e+01,3.493402600527201862e+00,3.493402600527201862e+00
5.100000000000002309e-01,1.095159256722793373e+01,3.543361363226287253e+00,3.543361363226287253e+00
5.200000000000002398e-01,1.102295361867351708e+01,3.592388749307730222e+00,3.592388749307730222e+00
5.300000000000002487e-01,1.109528590499527745e+01,3.640486968772511212e+00,3.640486968772511212e+00
5.400000000000002576e-01,1.116857086947594979e+01,3.687658868426426206e+00,3.687658868426426206e+00
5.500000000000002665e-01,1.124279001856098681e+01,3.733907905659302529e+00,3.733907905659302529e+00
5.600000000000002753e-01,1.131792493380403997e+01,3.779238122117933862e+00,3.779238122117933862e+00
5.700000000000002842e-01,1.139395728328551449e+01,3.823654117357597304e+00,3.823654117357597304e+00
5.800000000000002931e-01,1.147086883250453404e+01,3.867161022551782512e+00,3.867161022551782512e+00
5.900000000000003020e-01,1.154864145474628678e+01,3.909764474333639495e+00,3.909764474333639495e+00
6.000000000000003109e-01,1.162725714092808182e+01,3.951470588837636466e+00,3.951470588837636466e+00
6.100000000000003197e-01,1.170669800892878776e+01,3.992285936004579483e+00,3.992285936004579483e+00
6.200000000000003286e-01,1.178694631240750290e+01,4.032217514207471432e+00,4.032217514207471432e+00
6.300000000000003375e-01,1.186798444911845607e+01,4.071272725250762115e+00,4.071272725250762115e+00
6.400000000000003464e-01,1.194979496873002311e+01,4.109459349790117955e+00,4.109459349790117955e+00
6.500000000000003553e-01,1.203236058015682630e+01,4.146785523215934077e+00,4.146785523215934077e+00
6.600000000000003642e-01,1.211566415841448574e+01,4.183259712038188916e+00,4.183259712038188916e+00
6.700000000000003730e-01,1.219968875100744121e+01,4.218890690805957355e+00,4.218890690805957355e+00
6.800000000000003819e-01,1.228441758386087912e+01,4.253687519591617061e+00,4.253687519591617061e+00
6.900000000000003908e-01,1.236983406680825581e+01,4.287659522064137363e+00,4.287659522064137363e+00
7.000000000000003997e-01,1.245592179864644855e+01,4.320816264173458876e+00,4.320816264173458876e+00
7.100000000000004086e-01,1.254266457177099880e+01,4.353167533463667027e+00,4.353167533463667027e+00
7.200000000000004174e-01,1.263004637640406358e+01,4.384723319029198763e+00,4.384723319029198763e+00
7.300000000000004263e-01,1.271805140442820203e+01,4.415493792125473327e+00,4.415493792125473327e+00
7.400000000000004352e-01,1.280666405283897369e+01,4.445489287442343063e+00,4.445489287442343063e+00
7.500000000000004441e-01,1.289586892682991959e+01,4.474720285045673762e+00,4.474720285045673762e+00
7.600000000000004530e-01,1.298565084252307322e+01,4.503197392989978454e+00,4.503197392989978454e+00
7.700000000000004619e-01,1.307599482935863300e+01,4.530931330602911089e+00,4.530931330602911089e+00
7.800000000000004707e-01,1.316688613215703896e+01,4.557932912440318063e+00,4.557932912440318063e+00
7.900000000000004796e-01,1.325831021286701628e+01,4.584213032907651808e+00,4.584213032907651808e+00
8.000000000000004885e-01,1.335025275201269856e+01,4.609782651542360554e+00,4.609782651542360554e+00
8.100000000000004974e-01,1.344269964985308974e+01,4.634652778951521945e+00,4.634652778951521945e+00
8.200000000000005063e-01,1.353563702726683715e+01,4.658834463394688541e+00,4.658834463394688541e+00
8.300000000000005151e-01,1.362905122637508626e+01,4.682338778002509194e+00,4.682338778002509194e+00
8.400000000000005240e-01,1.372292881091513905e+01,4.705176808621033935e+00,4.705176808621033935e+00
8.500000000000005329e-01,1.381725656637715005e+01,4.727359642268717188e+00,4.727359642268717188e+00
8.600000000000005418e-01,1.391202149991616999e+01,4.748898356193564041e+00,4.748898356193564041e+00
8.700000000000005507e-01,1.400721084005115280e+01,4.769804007516590616e+00,4.769804007516590616e+00
8.800000000000005596e-01,1.410281203616278667e+01,4.790087623447277565e+00,4.790087623447277565e+00
8.900000000000005684e-01,1.419881275780123531e+01,4.809760192056057981e+00,4.809760192056057981e+00
9.000000000000005773e-01,1.429520089381481007e+01,4.828832653588253088e+00,4.828832653588253088e+00
9.100000000000005862e-01,1.439196455131035002e+01,4.847315892303708296e+00,4.847315892303708296e+00
9.200000000000005951e-01,1.448909205445547954e+01,4.865220728826294305e+00,4.865220728826294305e+00
9.300000000000006040e-01,1.458657194313295591e+01,4.882557912986351667e+00,4.882557912986351667e+00
9.400000000000006128e-01,1.468439297145667588e+01,4.899338117140079163e+00,4.899338117140079163e+00
9.500000000000006217e-01,1.478254410615874725e+01,4.915571929949303254e+00,4.915571929949303254e+00
9.600000000000006306e-01,1.488101452485668830e+01,4.931269850604945937e+00,4.931269850604945937e+00
9.700000000000006395e-01,1.497979361420941125e+01,4.946442283477751722e+00,4.946442283477751722e+00
9.800000000000006484e-01,1.507887096797045423e+01,4.961099533179709198e+00,4.961099533179709198e+00
9.900000000000006573e-01,1.517823638494635574e+01,4.975251800020276782e+00,4.975251800020276782e+00
1.000000000000000666e+00,1.527787986686812616e+01,4.988909175840706922e+00,4.988909175840706922e+00
1.010000000000000675e+00,1.537779161618297152e+01,5.002081640211399893e+00,5.002081640211399893e+00
1.020000000000000684e+00,1.547796203377360591e+01,5.014779056976206739e+00,5.014779056976206739e+00
1.030000000000000693e+00,1.557838171661169291e+01,5.027011171127961475e+00,5.027011171127961475e+00
1.040000000000000702e+00,1.567904145535213800e+01,5.038787606000895813e+00,5.038787606000895813e+00
1.050000000000000711e+00,1.577993223187421634e+01,5.050117860764766320e+00,5.050117860764766320e+00
1.060000000000000719e+00,1.588104521677553294e+01,5.061011308206610160e+00,5.061011308206610160e+00
1.070000000000000728e+00,1.598237176682441429e+01,5.071477192785860844e+00,5.071477192785860844e+00
1.080000000000000737e+00,1.608390342237599668e+01,5.081524628949305900e+00,5.081524628949305900e+00
1.090000000000000746e+00,1.618563190475714819e+01,5.091162599692443891e+00,5.091162599692443891e+00
1.100000000000000755e+00,1.628754911362500479e+01,5.100399955354600223e+00,5.100399955354600223e+00
1.110000000000000764e+00,1.638964712430362525e+01,5.109245412635072370e+00,5.109245412635072370e+00
1.120000000000000773e+00,1.649191818510309560e+01,5.117707553818306110e+00,5.117707553818306110e+00
1.130000000000000782e+00,1.659435471462516176e+01,5.125794826196457876e+00,5.125794826196457876e+00
1.140000000000000790e+00,1.669694929905920944e+01,5.133515541678049132e+00,5.133515541678049132e+00
1.150000000000000799e+00,1.679969468947214040e+01,5.140877876571608773e+00,5.140877876571608773e+00
1.160000000000000808e+00,1.690258379909566600e+01,5.147889871533959827e+00,5.147889871533959827e+00
1.170000000000000817e+00,1.700560970061407318e+01,5.154559431673225056e+00,5.154559431673225056e+00
1.180000000000000826e+00,1.710876562345557517e+01,5.160894326796417353e+00,5.160894326796417353e+00
1.190000000000000835e+00,1.721204495108996468e+01,5.166902191792602572e+00,5.166902191792602572e+00
1.200000000000000844e+00,1.731544121833517380e+01,5.172590527142589600e+00,5.172590527142589600e+00
1.210000000000000853e+00,1.741894810867533749e+01,5.177966699546612261e+00,5.177966699546612261e+00
1.220000000000000862e+00,1.752255945159238237e+01,5.183037942661653297e+00,5.183037942661653297e+00
1.230000000000000870e+00,1.762626921991355999e+01,5.187811357940713464e+00,5.187811357940713464e+00
1.240000000000000879e+00,1.773007152717652701e+01,5.192293915566434492e+00,5.192293915566434492e+00
1.250000000000000888e+00,1.783396062501416424e+01,5.196492455471940275e+00,5.196492455471940275e+00
1.260000000000000897e+00,1.793793090056053785e+01,5.200413688442047544e+00,5.200413688442047544e+00
1.270000000000000906e+00,1.804197687387965843e+01,5.204064197288276183e+00,5.204064197288276183e+00
1.280000000000000915e+00,1.814609319541841259e+01,5.207450438091688838e+00,5.207450438091688838e+00
1.290000000000000924e+00,1.825027464348497830e+01,5.210578741507290168e+00,5.210578741507290168e+00
1.300000000000000933e+00,1.835451612175394231e+01,5.213455314124721518e+00,5.213455314124721518e+00
1.310000000000000941e+00,1.845881265679909689e+01,5.216086239879858866e+00,5.216086239879858866e+00
1.320000000000000950e+00,1.856315939565497430e+01,5.218477481512126204e+00,5.218477481512126204e+00
1.330000000000000959e+00,1.866755160340787967e+01,5.220634882062816118e+00,5.220634882062816118e+00
1.340000000000000968e+00,1.877198466081735617e+01,5.222564166410132103e+00,5.222564166410132103e+00
1.350000000000000977e+00,1.887645406196863007e+01,5.224270942836330534e+00,5.224270942836330534e+00
1.360000000000000986e+00,1.898095541195663216e+01,5.225760704622988584e+00,5.225760704622988584e+00
1.370000000000000995e+00,1.908548442460230987e+01,5.227038831670958174e+00,5.227038831670958174e+00
1.380000000000001004e+00,1.919003692020140761e+01,5.228110592140982504e+00,5.228110592140982504e+00
1.390000000000001013e+00,1.929460882330634064e+01,5.228981144111795487e+00,5.228981144111795487e+00
1.400000000000001021e+00,1.939919616054131168e+01,5.229655537252509312e+00,5.229655537252509312e+00
1.410000000000001030e+00,1.950379505845102202e+01,5.230138714506207265e+00,5.230138714506207265e+00
1.420000000000001039e+00,1.960840174138318304e+01,5.230435513782202506e+00,5.230435513782202506e+00
1.430000000000001048e+00,1.971301252940481064e+01,5.230550669654129514e+00,5.230550669654129514e+00
1.440000000000001057e+00,1.981762383625265400e+01,5.230488815061305807e+00,5.230488815061305807e+00
1.450000000000001066e+00,1.992223216731760971e+01,5.230254483011391287e+00,5.230254483011391287e+00
1.460000000000001075e+00,2.002683411766314237e+01,5.229852108282110557e+00,5.229852108282110557e+00
1.470000000000001084e+00,2.013142637007777935e+01,5.229286029119759149e+00,5.229286029119759149e+00
1.480000000000001092e+00,2.023600569316148778e+01,5.228560488933023720e+00,5.228560488933023720e+00
1.490000000000001101e+00,2.034056893944585909e+01,5.227679637980272354e+00,5.227679637980272354e+00
1.500000000000001110e+00,2.044511304354801240e+01,5.226647535048541293e+00,5.226647535048541293e+00
1.510000000000001119e+00,2.054963502035788636e+01,5.225468149123003947e+00,5.225468149123003947e+00
1.520000000000001128e+00,2.065413196325890510e+01,5.224145361045438918e+00,5.224145361045438918e+00
1.530000000000001137e+00,2.075860104238164183e+01,5.222682965160378998e+00,5.222682965160378998e+00
1.540000000000001146e+00,2.086303950289030240e+01,5.221084670947988116e+00,5.221084670947988116e+00
1.550000000000001155e+00,2.096744466330163092e+01,5.219354104642373926e+00,5.219354104642373926e+00
1.560000000000001164e+00,2.107181391383622682e+01,5.217494810834641505e+00,5.217494810834641505e+00
1.570000000000001172e+00,2.117614471480145255e+01,5.215510254059605444e+00,5.215510254059605444e+00
1.580000000000001181e+00,2.128043459500630519e+01,5.213403820365244634e+00,5.213403820365244634e+00
1.590000000000001190e+00,2.138468115020706151e+01,5.211178818864661721e+00,5.211178818864661721e+00
1.600000000000001199e+00,2.148888204158414439e+01,5.208838483269540909e+00,5.208838483269540909e+00
1.610000000000001208e+00,2.159303499424922279e+01,5.206385973404422884e+00,5.206385973404422884e+00
1.620000000000001217e+00,2.169713779578259505e+01,5.203824376701606802e+00,5.203824376701606802e+00
1.630000000000001226e+00,2.180118829480004194e+01,5.201156709676183709e+00,5.201156709676183709e+00
1.640000000000001235e+00,2.190518439954920638e+01,5.198385919380471343e+00,5.198385919380471343e+00
1.650000000000001243e+00,2.200912407653472513e+01,5.195514884837973746e+00,5.195514884837973746e+00
1.660000000000001252e+00,2.211300534917183214e+01,5.192546418456342572e+00,5.192546418456342572e+00
1.670000000000001261e+00,2.221682629646803875e+01,5.189483267418857793e+00,5.189483267418857793e+00
1.680000000000001270e+00,2.232058505173247909e+01,5.186328115054852361e+00,5.186328115054852361e+00
1.690000000000001279e+00,2.242427980131228082e+01,5.183083582188502625e+00,5.183083582188502625e+00
1.700000000000001288e+00,2.252790878335589397e+01,5.179752228465688724e+00,5.179752228465688724e+00
1.710000000000001297e+00,2.263147028660262450e+01,5.176336553659308670e+00,5.176336553659308670e+00
1.720000000000001306e+00,2.273496264919803878e+01,5.172838998952752121e+00,5.172838998952752121e+00
1.730000000000001315e+00,2.283838425753492984e+01,5.169261948201497425e+00,5.169261948201497425e+00
1.740000000000001323e+00,2.294173354511914198e+01,5.165607729172970508e+00,5.165607729172970508e+00
1.750000000000001332e+00,2.304500899146014348e+01,5.161878614764596307e+00,5.161878614764596307e+00
1.760000000000001341e+00,2.314820912098553407e+01,5.158076824200125365e+00,5.158076824200125365e+00
1.770000000000001350e+00,2.325133250197951540e+01,5.154204524204373250e+00,5.154204524204373250e+00
1.780000000000001359e+00,2.335437774554441503e+01,5.150263830156433187e+00,5.150263830156433187e+00
1.790000000000001368e+00,2.345734350458519302e+01,5.146256807221577745e+00,5.146256807221577745e+00
1.800000000000001377e+00,2.356022847281633759e+01,5.142185471461903745e+00,5.142185471461903745e+00
1.810000000000001386e+00,2.366303138379069537e+01,5.138051790925876716e+00,5.138051790925876716e+00
1.820000000000001394e+00,2.376575100995001932e+01,5.133857686717014701e+00,5.133857686717014701e+00
1.830000000000001403e+00,2.386838616169653449e+01,5.129605034041905931e+00,5.129605034041905931e+00
1.840000000000001412e+00,2.397093568648541861e+01,5.125295663237753097e+00,5.125295663237753097e+00
1.850000000000001421e+00,2.407339846793747284e+01,5.120931360779618302e+00,5.120931360779618302e+00
1.860000000000001430e+00,2.417577342497179771e+01,5.116513870267628050e+00,5.116513870267628050e+00
1.870000000000001439e+00,2.427805951095807657e+01,5.112044893394417144e+00,5.112044893394417144e+00
1.880000000000001448e+00,2.438025571288791937e+01,5.107526090892971382e+00,5.107526090892971382e+00
1.890000000000001457e+00,2.448236105056498957e+01,5.102959083465201218e+00,5.102959083465201218e+00
1.900000000000001465e+00,2.458437457581357322e+01,5.098345452691441793e+00,5.098345452691441793e+00
1.910000000000001474e+00,2.468629537170505017e+01,5.093686741921159111e+00,5.093686741921159111e+00
1.920000000000001483e+00,2.478812255180211110e+01,5.088984457145141249e+00,5.088984457145141249e+00
1.930000000000001492e+00,2.488985525942009147e+01,5.084240067849481015e+00,5.084240067849481015e+00
1.940000000000001501e+00,2.499149266690533366e+01,5.079455007851612081e+00,5.079455007851612081e+00
1.950000000000001510e+00,2.509303397493005505e+01,5.074630676118573547e+00,5.074630676118573547e+00
1.960000000000001519e+00,2.519447841180334891e+01,5.069768437567925723e+00,5.069768437567925723e+00
1.970000000000001528e+00,2.529582523279806239e+01,5.064869623851487646e+00,5.064869623851487646e+00
1.980000000000001537e+00,2.539707371949328873e+01,5.059935534122293355e+00,5.059935534122293355e+00
1.990000000000001545e+00,2.549822317913181280e+01,5.054967435785020946e+00,5.054967435785020946e+00
2.000000000000001332e+00,2.559927294399260234e+01,5.049966565230110227e+00,5.049966565230110227e+00
2.010000000000001119e+00,2.570022237077775529e+01,5.044934128551712860e+00,5.044934128551712860e+00
2.020000000000000906e+00,2.580107084001351225e+01,5.039871302250199747e+00,5.039871302250199747e+00
2.030000000000000693e+00,2.590181775546550114e+01,5.034779233919213226e+00,5.034779233919213226e+00
2.040000000000000480e+00,2.600246254356714104e+01,5.029659042917508316e+00,5.029659042917508316e+00
2.050000000000000266e+00,2.610300465286168503e+01,5.024511821025862801e+00,5.024511821025862801e+00
2.060000000000000053e+00,2.620344355345707754e+01,5.019338633089538426e+00,5.019338633089538426e+00
2.069999999999999840e+00,2.630377873649355891e+01,5.014140517646454853e+00,5.014140517646454853e+00
2.079999999999999627e+00,2.640400971362367599e+01,5.008918487541206943e+00,5.008918487541206943e+00
2.089999999999999414e+00,2.650413601650448570e+01,5.003673530525459157e+00,5.003673530525459157e+00
2.099999999999999201e+00,2.660415719630159970e+01,4.998406609844732174e+00,4.998406609844732174e+00
2.109999999999998987e+00,2.670407282320477549e+01,4.993118664812103980e+00,4.993118664812103980e+00
2.119999999999998774e+00,2.680388248595494716e+01,4.987810611368870717e+00,4.987810611368870717e+00
2.129999999999998561e+00,2.690358579138228734e+01,4.982483342632536782e+00,4.982483342632536782e+00
2.139999999999998348e+00,2.700318236395516536e+01,4.977137729432374869e+00,4.977137729432374869e+00
2.149999999999998135e+00,2.710267184533955032e+01,4.971774620832731806e+00,4.971774620832731806e+00
2.159999999999997922e+00,2.720205389396890894e+01,4.966394844644612228e+00,4.966394844644612228e+00
2.169999999999997708e+00,2.730132818462416111e+01,4.960999207925440579e+00,4.960999207925440579e+00
2.179999999999997495e+00,2.740049440802354042e+01,4.955588497467297238e+00,4.955588497467297238e+00
2.189999999999997282e+00,2.749955227042202921e+01,4.950163480274114569e+00,4.950163480274114569e+00
2.199999999999997069e+00,2.759850149322033630e+01,4.944724904027965273e+00,4.944724904027965273e+00
2.209999999999996856e+00,2.769734181258298733e+01,4.939273497544394154e+00,4.939273497544394154e+00
2.219999999999996643e+00,2.779607297906552077e+01,4.933809971217424817e+00,4.933809971217424817e+00
2.229999999999996430e+00,2.789469475725039516e+01,4.928335017454351430e+00,4.928335017454351430e+00
2.239999999999996216e+00,2.799320692539152944e+01,4.922849311100298664e+00,4.922849311100298664e+00
2.249999999999996003e+00,2.809160927506726324e+01,4.917353509853147564e+00,4.917353509853147564e+00
2.259999999999995790e+00,2.818990161084140667e+01,4.911848254668759850e+00,4.911848254668759850e+00
2.269999999999995577e+00,2.828808374993248265e+01,4.906334170156741337e+00,4.906334170156741337e+00
2.279999999999995364e+00,2.838615552189059699e+01,4.900811864967233866e+00,4.900811864967233866e+00
2.289999999999995151e+00,2.848411676828210659e+01,4.895281932168473737e+00,4.895281932168473737e+00
2.299999999999994937e+00,2.858196734238166670e+01,4.889744949615633551e+00,4.889744949615633551e+00
2.309999999999994724e+00,2.867970710887159314e+01,4.884201480311154420e+00,4.884201480311154420e+00
2.319999999999994511e+00,2.877733594354836555e+01,4.878652072756617386e+00,4.878652072756617386e+00
2.329999999999994298e+00,2.887485373303601577e+01,4.873097261296425842e+00,4.873097261296425842e+00
2.339999999999994085e+00,2.897226037450641201e+01,4.867537566453433051e+00,4.867537566453433051e+00
2.349999999999993872e+00,2.906955577540610136e+01,4.861973495256782130e+00,4.861973495256782130e+00
2.359999999999993658e+00,2.916673985318966089e+01,4.856405541562033079e+00,4.856405541562033079e+00
2.369999999999993445e+00,2.926381253505934765e+01,4.850834186363805145e+00,4.850834186363805145e+00
2.379999999999993232e+00,2.936077375771101217e+01,4.845259898101110352e+00,4.845259898101110352e+00
2.389999999999993019e+00,2.945762346708584900e+01,4.839683132955503453e+00,4.839683132955503453e+00
2.399999999999992806e+00,2.955436161812839657e+01,4.834104335142352937e+00,4.834104335142352937e+00
2.409999999999992593e+00,2.965098817454980562e+01,4.828523937195163818e+00,4.828523937195163818e+00
2.419999999999992379e+00,2.974750310859722902e+01,4.822942360243229309e+00,4.822942360243229309e+00
2.429999999999992166e+00,2.984390640082832391e+01,4.817360014282842329e+00,4.817360014282842329e+00
2.439999999999991953e+00,2.994019803989132100e+01,4.811777298442122763e+00,4.811777298442122763e+00
2.449999999999991740e+00,3.003637802231020615e+01,4.806194601239612396e+00,4.806194601239612396e+00
2.459999999999991527e+00,3.013244635227511381e+01,4.800612300836763602e+00,4.800612300836763602e+00
2.469999999999991314e+00,3.022840304143768364e+01,4.795030765284513663e+00,4.795030765284513663e+00
2.479999999999991100e+00,3.032424810871114573e+01,4.789450352764133889e+00,4.789450352764133889e+00
2.489999999999990887e+00,3.041998158007548980e+01,4.783871411822325115e+00,4.783871411822325115e+00
2.499999999999990674e+00,3.051560348838690473e+01,4.778294281600826032e+00,4.778294281600826032e+00
2.509999999999990461e+00,3.061111387319205690e+01,4.772719292060624063e+00,4.772719292060624063e+00
2.519999999999990248e+00,3.070651278054656785e+01,4.767146764200870912e+00,4.767146764200870912e+00
2.529999999999990035e+00,3.080180026283803230e+01,4.761577010272705301e+00,4.761577010272705301e+00
2.539999999999989821e+00,3.089697637861307200e+01,4.756010333988001548e+00,4.756010333988001548e+00
2.549999999999989608e+00,3.099204119240870270e+01,4.750447030723190522e+00,4.750447030723190522e+00
2.559999999999989395e+00,3.108699477458747396e+01,4.744887387718337735e+00,4.744887387718337735e+00
2.569999999999989182e+00,3.118183720117682611e+01,4.739331684271485656e+00,4.739331684271485656e+00
2.579999999999988969e+00,3.127656855371215983e+01,4.733780191928536496e+00,4.733780191928536496e+00
2.589999999999988756e+00,3.137118891908354357e+01,4.728233174668544869e+00,4.728233174668544869e+00
2.599999999999988542e+00,3.146569838938629005e+01,4.722690889084691257e+00,4.722690889084691257e+00
2.609999999999988329e+00,3.156009706177502139e+01,4.717153584561015300e+00,4.717153584561015300e+00
2.619999999999988116e+00,3.165438503832117334e+01,4.711621503444959558e+00,4.711621503444959558e+00
2.629999999999987903e+00,3.174856242587397759e+01,4.706094881215943992e+00,4.706094881215943992e+00
2.639999999999987690e+00,3.184262933592474099e+01,4.700573946649897472e+00,4.700573946649897472e+00
2.649999999999987477e+00,3.193658588447443947e+01,4.695058921979930133e+00,4.695058921979930133e+00
2.659999999999987264e+00,3.203043219190440283e+01,4.689550023053397076e+00,4.689550023053397076e+00
2.669999999999987050e+00,3.212416838285012233e+01,4.684047459484867559e+00,4.684047459484867559e+00
2.679999999999986837e+00,3.221779458607814917e+01,4.678551434805755527e+00,4.678551434805755527e+00
2.689999999999986624e+00,3.231131093436586355e+01,4.673062146610709178e+00,4.673062146610709178e+00
2.699999999999986411e+00,3.240471756438417117e+01,4.667579786700129851e+00,4.667579786700129851e+00
2.709999999999986198e+00,3.249801461658307744e+01,4.662104541219540543e+00,4.662104541219540543e+00
2.719999999999985985e+00,3.259120223507986225e+01,4.656636590795635300e+00,4.656636590795635300e+00
2.729999999999985771e+00,3.268428056755013245e+01,4.651176110669170249e+00,4.651176110669170249e+00
2.739999999999985558e+00,3.277724976512136834e+01,4.645723270824719364e+00,4.645723270824719364e+00
2.749999999999985345e+00,3.287010998226905656e+01,4.640278236117420185e+00,4.640278236117420185e+00
2.759999999999985132e+00,3.296286137671536665e+01,4.634841166396671319e+00,4.634841166396671319e+00
2.769999999999984919e+00,3.305550410933025773e+01,4.629412216627009968e+00,4.629412216627009968e+00
2.779999999999984706e+00,3.314803834403495131e+01,4.623991537006136632e+00,4.623991537006136632e+00
2.789999999999984492e+00,3.324046424770777719e+01,4.618579273080175795e+00,4.618579273080175795e+00
2.799999999999984279e+00,3.333278199009227194e+01,4.613175565856201032e+00,4.613175565856201032e+00
2.809999999999984066e+00,3.342499174370744441e+01,4.607780551912183498e+00,4.607780551912183498e+00
2.819999999999983853e+00,3.351709368376035059e+01,4.602394363504352270e+00,4.602394363504352270e+00
2.829999999999983640e+00,3.360908798806069342e+01,4.597017128672004738e+00,4.597017128672004738e+00
2.839999999999983427e+00,3.370097483693750462e+01,4.591648971339910901e+00,4.591648971339910901e+00
2.849999999999983213e+00,3.379275441315780881e+01,4.586290011418321377e+00,4.586290011418321377e+00
2.859999999999983000e+00,3.388442690184743356e+01,4.580940364900580875e+00,4.580940364900580875e+00
2.869999999999982787e+00,3.397599249041352465e+01,4.575600143958565624e+00,4.575600143958565624e+00
2.879999999999982574e+00,3.406921431947505852e+01,4.658068462992481784e+00,4.658068462992481784e+00
2.889999999999982361e+00,3.416231576727541608e+01,4.652057555684469214e+00,4.652057555684469214e+00
2.899999999999982148e+00,3.425529715736416847e+01,4.646062841766683604e+00,4.646062841766683604e+00
2.909999999999981934e+00,3.434815881393589621e+01,4.640084352108095445e+00,4.640084352108095445e+00
2.919999999999981721e+00,3.444090106177513633e+01,4.634122114858342023e+00,4.634122114858342023e+00
2.929999999999981508e+00,3.453352422620264406e+01,4.628176155527868652e+00,4.628176155527868652e+00
2.939999999999981295e+00,3.462602863302348766e+01,4.622246497066008430e+00,4.622246497066008430e+00
2.949999999999981082e+00,3.471841460847664251e+01,4.616333159936933939e+00,4.616333159936933939e+00
2.959999999999980869e+00,3.481068247918585001e+01,4.610436162193609633e+00,4.610436162193609633e+00
2.969999999999980655e+00,3.490283257211234513e+01,4.604555519549930587e+00,4.604555519549930587e+00
2.979999999999980442e+00,3.499486521450862853e+01,4.598691245450822862e+00,4.598691245450822862e+00
2.989999999999980229e+00,3.508678073387380181e+01,4.592843351140516894e+00,4.592843351140516894e+00
2.999999999999980016e+00,3.517857945791026708e+01,4.587011845729079162e+00,4.587011845729079162e+00
3.009999999999979803e+00,3.527026171448167702e+01,4.581196736257209245e+00,4.581196736257209245e+00
3.019999999999979590e+00,3.536182783157217102e+01,4.575398027759252528e+00,4.575398027759252528e+00
3.029999999999979376e+00,3.545327813724689037e+01,4.569615723324671031e+00,4.569615723324671031e+00
3.039999999999979163e+00,3.554461295961363021e+01,4.563849824157761859e+00,4.563849824157761859e+00
3.049999999999978950e+00,3.563583262678579189e+01,4.558100329635892400e+00,4.558100329635892400e+00
3.059999999999978737e+00,3.572693746684635840e+01,4.552367237366247821e+00,4.552367237366247821e+00
3.069999999999978524e+00,3.581792780781311336e+01,4.546650543240966513e+00,4.546650543240966513e+00
3.079999999999978311e+00,3.590880397760480491e+01,4.540950241490907757e+00,4.540950241490907757e+00
3.089999999999978098e+00,3.599956630400851765e+01,4.535266324737993848e+00,4.535266324737993848e+00
3.099999999999977884e+00,3.609021511464793974e+01,4.529598784046152460e+00,4.529598784046152460e+00
3.109999999999977671e+00,3.618075073695277410e+01,4.523947608970992462e+00,4.523947608970992462e+00
3.119999999999977458e+00,3.627117349812896663e+01,4.518312787608055991e+00,4.518312787608055991e+00
3.129999999999977245e+00,3.636148372513014948e+01,4.512694306639877695e+00,4.512694306639877695e+00
3.139999999999977032e+00,3.645168174462960309e+01,4.507092151381841383e+00,4.507092151381841383e+00
3.149999999999976819e+00,3.654176788299353262e+01,4.501506305826700860e+00,4.501506305826700860e+00
3.159999999999976605e+00,3.663174246625508346e+01,4.495936752688077576e+00,4.495936752688077576e+00
3.169999999999976392e+00,3.672160582008900320e+01,4.490383473442731699e+00,4.490383473442731699e+00
3.179999999999976179e+00,3.681135826978751169e+01,4.484846448371701655e+00,4.484846448371701655e+00
3.189999999999975966e+00,3.690100014023662567e+01,4.479325656600381400e+00,4.479325656600381400e+00
3.199999999999975753e+00,3.699053175589362752e+01,4.473821076137623365e+00,4.473821076137623365e+00
3.209999999999975540e+00,3.707995344076493183e+01,4.468332683913666337e+00,4.468332683913666337e+00
3.219999999999975326e+00,3.716926551838497517e+01,4.462860455817137861e+00,4.462860455817137861e+00
3.229999999999975113e+00,3.725846831179580221e+01,4.457404366731140932e+00,4.457404366731140932e+00
3.239999999999974900e+00,3.734756214352714920e+01,4.451964390568214469e+00,4.451964390568214469e+00
3.249999999999974687e+00,3.743654733557757197e+01,4.446540500304505983e+00,4.446540500304505983e+00
3.259999999999974474e+00,3.752542420939587231e+01,4.441132668013089813e+00,4.441132668013089813e+00
3.269999999999974261e+00,3.761419308586349786e+01,4.435740864896258628e+00,4.435740864896258628e+00
3.279999999999974047e+00,3.770285428527737537e+01,4.430365061317011133e+00,4.430365061317011133e+00
3.289999999999973834e+00,3.779140812733345456e+01,4.425005226829734184e+00,4.425005226829734184e+00
3.299999999999973621e+00,3.787985493111084878e+01,4.419661330210066907e+00,4.419661330210066907e+00
3.309999999999973408e+00,3.796819501505650862e+01,4.414333339483929031e+00,4.414333339483929031e+00
3.319999999999973195e+00,3.805642869697057051e+01,4.409021221955824466e+00,4.409021221955824466e+00
3.329999999999972982e+00,3.814455629399218850e+01,4.403724944236368621e+00,4.403724944236368621e+00
3.339999999999972768e+00,3.823257812258584920e+01,4.398444472269089189e+00,4.398444472269089189e+00
3.349999999999972555e+00,3.832049449852845413e+01,4.393179771356516383e+00,4.393179771356516383e+00
3.359999999999972342e+00,3.840830573689660810e+01,4.387930806185556420e+00,4.387930806185556420e+00
3.369999999999972129e+00,3.849601215205462523e+01,4.382697540852214857e+00,4.382697540852214857e+00
3.379999999999971916e+00,3.858361405764295426e+01,4.377479938885620037e+00,4.377479938885620037e+00
3.389999999999971703e+00,3.867111176656704430e+01,4.372277963271472778e+00,4.372277963271472778e+00
3.399999999999971489e+00,3.875850559098673642e+01,4.367091576474768644e+00,4.367091576474768644e+00
3.409999999999971276e+00,3.884579584230606741e+01,4.361920740461969537e+00,4.361920740461969537e+00
3.419999999999971063e+00,3.893298283116350689e+01,4.356765416722637951e+00,4.356765416722637951e+00
3.429999999999970850e+00,3.902006686742261365e+01,4.351625566290355351e+00,4.351625566290355351e+00
3.439999999999970637e+00,3.910704826016320368e+01,4.346501149763119187e+00,4.346501149763119187e+00
3.449999999999970424e+00,3.919392731767270277e+01,4.341392127323262962e+00,4.341392127323262962e+00
3.459999999999970210e+00,3.928070434743823114e+01,4.336298458756785656e+00,4.336298458756785656e+00
3.469999999999969997e+00,3.936737965613858847e+01,4.331220103472147365e+00,4.331220103472147365e+00
3.479999999999969784e+00,3.945395354963714851e+01,4.326157020518552443e+00,4.326157020518552443e+00
3.489999999999969571e+00,3.954042633297471099e+01,4.321109168603740613e+00,4.321109168603740613e+00
3.499999999999969358e+00,3.962679831036291489e+01,4.316076506111303779e+00,4.316076506111303779e+00
3.509999999999969145e+00,3.971306978517782937e+01,4.311058991117546313e+00,4.311058991117546313e+00
3.519999999999968932e+00,3.979924105995414152e+01,4.306056581407826656e+00,4.306056581407826656e+00
3.529999999999968718e+00,3.988531243637925883e+01,4.301069234492508109e+00,4.301069234492508109e+00
3.539999999999968505e+00,3.997128421528824305e+01,4.296096907622426464e+00,4.296096907622426464e+00
3.549999999999968292e+00,4.005715669665855927e+01,4.291139557803965054e+00,4.291139557803965054e+00
3.559999999999968079e+00,4.014293017960538634e+01,4.286197141813716804e+00,4.286197141813716804e+00
3.569999999999967866e+00,4.022860496237726835e+01,4.281269616212687978e+00,4.281269616212687978e+00
3.579999999999967653e+00,4.031418134235175188e+01,4.276356937360143107e+00,4.276356937360143107e+00
3.589999999999967439e+00,4.039965961603173383e+01,4.271459061427085757e+00,4.271459061427085757e+00
3.599999999999967226e+00,4.048504007904155344e+01,4.266575944409344956e+00,4.266575944409344956e+00
3.609999999999967013e+00,4.057032302612383035e+01,4.261707542140257488e+00,4.261707542140257488e+00
3.619999999999966800e+00,4.065550875113626006e+01,4.256853810303042884e+00,4.256853810303042884e+00
3.629999999999966587e+00,4.074059754704873626e+01,4.252014704442827586e+00,4.252014704442827586e+00
3.639999999999966374e+00,4.082558970594070757e+01,4.247190179978314717e+00,4.247190179978314717e+00
3.649999999999966160e+00,4.091048551899876173e+01,4.242380192213082601e+00,4.242380192213082601e+00
3.659999999999965947e+00,4.099528527651440868e+01,4.237584696346641699e+00,4.237584696346641699e+00
3.669999999999965734e+00,4.107998926788217631e+01,4.232803647485111398e+00,4.232803647485111398e+00
3.679999999999965521e+00,4.116459778159781990e+01,4.228037000651654331e+00,4.228037000651654331e+00
3.689999999999965308e+00,4.124911110525674474e+01,4.223284710796547436e+00,4.223284710796547436e+00
3.699999999999965095e+00,4.133352952555260629e+01,4.218546732806978561e+00,4.218546732806978561e+00
3.709999999999964881e+00,4.141785332827627997e+01,4.213823021516582834e+00,4.213823021516582834e+00
3.719999999999964668e+00,4.150208279831468872e+01,4.209113531714664624e+00,4.209113531714664624e+00
3.729999999999964455e+00,4.158621821965026299e+01,4.204418218155196563e+00,4.204418218155196563e+00
3.739999999999964242e+00,4.167025987536005971e+01,4.199737035565529020e+00,4.199737035565529020e+00
3.749999999999964029e+00,4.175420804761546378e+01,4.195069938654822472e+00,4.195069938654822472e+00
3.759999999999963816e+00,4.183806301768192526e+01,4.190416882122314668e+00,4.190416882122314668e+00
3.769999999999963602e+00,4.192182506591873903e+01,4.185777820665161464e+00,4.185777820665161464e+00
3.779999999999963389e+00,4.200549447177913720e+01,4.181152708986231481e+00,4.181152708986231481e+00
3.789999999999963176e+00,4.208907151381053779e+01,4.176541501801660061e+00,4.176541501801660061e+00
3.799999999999962963e+00,4.217255646965472948e+01,4.171944153848014203e+00,4.171944153848014203e+00
3.809999999999962750e+00,4.225594961604851818e+01,4.167360619889343809e+00,4.167360619889343809e+00
3.819999999999962537e+00,4.233925122882428127e+01,4.162790854724061518e+00,4.162790854724061518e+00
3.829999999999962323e+00,4.242246158291067104e+01,4.158234813191518775e+00,4.158234813191518775e+00
3.839999999999962110e+00,4.250558095233354550e+01,4.153692450178464668e+00,4.153692450178464668e+00
3.849999999999961897e+00,4.258860961021700575e+01,4.149163720625232976e+00,4.149163720625232976e+00
3.859999999999961684e+00,4.267154782878449737e+01,4.144648579531735599e+00,4.144648579531735599e+00
3.869999999999961471e+00,4.275439587936004671e+01,4.140146981963352957e+00,4.140146981963352957e+00
3.879999999999961258e+00,4.283715403236962516e+01,4.135658883056528623e+00,4.135658883056528623e+00
3.889999999999961044e+00,4.291982255734271945e+01,4.131184238024281363e+00,4.131184238024281363e+00
3.899999999999960831e+00,4.300240172291377405e+01,4.126723002161475584e+00,4.126723002161475584e+00
3.909999999999960618e+00,4.308489179682393910e+01,4.122275130849954117e+00,4.122275130849954117e+00
3.919999999999960405e+00,4.316729304592296046e+01,4.117840579563461390e+00,4.117840579563461390e+00
3.929999999999960192e+00,4.324960573617087789e+01,4.113419303872476895e+00,4.113419303872476895e+00
3.939999999999959979e+00,4.333183013264013539e+01,4.109011259448832831e+00,4.109011259448832831e+00
3.949999999999959766e+00,4.341396649951769859e+01,4.104616402070171866e+00,4.104616402070171866e+00
3.959999999999959552e+00,4.349601510010703009e+01,4.100234687624314311e+00,4.100234687624314311e+00
3.969999999999959339e+00,4.357797619683046975e+01,4.095866072113405920e+00,4.095866072113405920e+00
3.979999999999959126e+00,4.365985005123161500e+01,4.091510511657979521e+00,4.091510511657979521e+00
3.989999999999958913e+00,4.374163692397757330e+01,4.087167962500843466e+00,4.087167962500843466e+00
3.999999999999958700e+00,4.382333707486156271e+01,4.082838381010827966e+00,4.082838381010827966e+00
4.009999999999958931e+00,4.390495076280541298e+01,4.078521723686434619e+00,4.078521723686434619e+00
4.019999999999958717e+00,4.398647824586223010e+01,4.074217947159366027e+00,4.074217947159366027e+00
4.029999999999958504e+00,4.406791978121903242e+01,4.069927008197864460e+00,4.069927008197864460e+00
4.039999999999958291e+00,4.414927562519964255e+01,4.065648863709945715e+00,4.065648863709945715e+00
4.049999999999958078e+00,4.423054603326734480e+01,4.061383470746555702e+00,4.061383470746555702e+00
4.059999999999957865e+00,4.431173126002795470e+01,4.057130786504608011e+00,4.057130786504608011e+00
4.069999999999957652e+00,4.439283155923258306e+01,4.052890768329845628e+00,4.052890768329845628e+00
4.079999999999957438e+00,4.447384718378076940e+01,4.048663373719654679e+00,4.048663373719654679e+00
4.089999999999957225e+00,4.455477838572356575e+01,4.044448560325769826e+00,4.044448560325769826e+00
4.099999999999957012e+00,4.463562541626647828e+01,4.040246285956811789e+00,4.040246285956811789e+00
4.109999999999956799e+00,4.471638852577282108e+01,4.036056508580744051e+00,4.036056508580744051e+00
4.119999999999956586e+00,4.479706796376685674e+01,4.031879186327290476e+00,4.031879186327290476e+00
4.129999999999956373e+00,4.487766397893698667e+01,4.027714277490228589e+00,4.027714277490228589e+00
4.139999999999956160e+00,4.495817681913916175e+01,4.023561740529530972e+00,4.023561740529530972e+00
4.149999999999955946e+00,4.503860673140018633e+01,4.019421534073451596e+00,4.019421534073451596e+00
4.159999999999955733e+00,4.511895396192103647e+01,4.015293616920581066e+00,4.015293616920581066e+00
4.169999999999955520e+00,4.519921875608046946e+01,4.011177948041710017e+00,4.011177948041710017e+00
4.179999999999955307e+00,4.527940135843821423e+01,4.007074486581622352e+00,4.007074486581622352e+00
4.189999999999955094e+00,4.535950201273875848e+01,4.002983191860921330e+00,4.002983191860921330e+00
4.199999999999954881e+00,4.543952096191467405e+01,3.998904023377623407e+00,3.998904023377623407e+00
4.209999999999954667e+00,4.551945844809023356e+01,3.994836940808779158e+00,3.994836940808779158e+00
4.219999999999954454e+00,4.559931471258511237e+01,3.990781904011973857e+00,3.990781904011973857e+00
4.229999999999954241e+00,4.567908999591782049e+01,3.986738873026717034e+00,3.986738873026717034e+00
4.239999999999954028e+00,4.575878453780953237e+01,3.982707808075853784e+00,3.982707808075853784e+00
4.249999999999953815e+00,4.583839857718768940e+01,3.978688669566817548e+00,3.978688669566817548e+00
4.259999999999953602e+00,4.591793235218968050e+01,3.974681418092854912e+00,3.974681418092854912e+00
4.269999999999953388e+00,4.599738610016664353e+01,3.970686014434163358e+00,3.970686014434163358e+00
4.279999999999953175e+00,4.607676005768714589e+01,3.966702419558976178e+00,3.966702419558976178e+00
4.289999999999952962e+00,4.615605446054097172e+01,3.962730594624583880e+00,3.962730594624583880e+00
4.299999999999952749e+00,4.623526954374297304e+01,3.958770500978266771e+00,3.958770500978266771e+00
4.309999999999952536e+00,4.631440554153677880e+01,3.954822100158222664e+00,3.954822100158222664e+00
4.319999999999952323e+00,4.639346268739868151e+01,3.950885353894368013e+00,3.950885353894368013e+00
4.329999999999952109e+00,4.647244121404151684e+01,3.946960224109167914e+00,3.946960224109167914e+00
4.339999999999951896e+00,4.655134135341840818e+01,3.943046672918309792e+00,3.943046672918309792e+00
4.349999999999951683e+00,4.663016333672678826e+01,3.939144662631341554e+00,3.939144662631341554e+00
4.359999999999951470e+00,4.670890739441214379e+01,3.935254155752325733e+00,3.935254155752325733e+00
4.369999999999951257e+00,4.678757375617195891e+01,3.931375114980422580e+00,3.931375114980422580e+00
4.379999999999951044e+00,4.686616265095970135e+01,3.927507503210372342e+00,3.927507503210372342e+00
4.389999999999950830e+00,4.694467430698860255e+01,3.923651283532899381e+00,3.923651283532899381e+00
4.399999999999950617e+00,4.702310895173571481e+01,3.919806419235213113e+00,3.919806419235213113e+00
4.409999999999950404e+00,4.710146681194567719e+01,3.915972873801334853e+00,3.915972873801334853e+00
4.419999999999950191e+00,4.717974811363485799e+01,3.912150610912391357e+00,3.912150610912391357e+00
4.429999999999949978e+00,4.725795308209519163e+01,3.908339594446950560e+00,3.908339594446950560e+00
4.439999999999949765e+00,4.733608194189807961e+01,3.904539788481240947e+00,3.904539788481240947e+00
4.449999999999949551e+00,4.741413491689848314e+01,3.900751157289278570e+00,3.900751157289278570e+00
4.459999999999949338e+00,4.749211223023873885e+01,3.896973665343046456e+00,3.896973665343046456e+00
4.469999999999949125e+00,4.757001410435261590e+01,3.893207277312642933e+00,3.893207277312642933e+00
4.479999999999948912e+00,4.764784076096924537e+01,3.889451958066358017e+00,3.889451958066358017e+00
4.489999999999948699e+00,4.772559242111706368e+01,3.885707672670678736e+00,3.885707672670678736e+00
4.499999999999948486e+00,4.780326930512784145e+01,3.881974386390279363e+00,3.881974386390279363e+00
4.509999999999948272e+00,4.788087163264056301e+01,3.878252064687976119e+00,3.878252064687976119e+00
4.519999999999948059e+00,4.795839962260546940e+01,3.874540673224690313e+00,3.874540673224690313e+00
4.529999999999947846e+00,4.803585349328793797e+01,3.870840177859358633e+00,3.870840177859358633e+00
4.539999999999947633e+00,4.811323346227254660e+01,3.867150544648739530e+00,3.867150544648739530e+00
4.549999999999947420e+00,4.819053974646691785e+01,3.863471739847279096e+00,3.863471739847279096e+00
4.559999999999947207e+00,4.826777256210574052e+01,3.859803729906907233e+00,3.859803729906907233e+00
4.569999999999946994e+00,4.834493212475469903e+01,3.856146481476804500e+00,3.856146481476804500e+00
4.579999999999946780e+00,4.842201864931436006e+01,3.852499961403137441e+00,3.852499961403137441e+00
4.589999999999946567e+00,4.849903235002427948e+01,3.848864136728804120e+00,3.848864136728804120e+00
4.599999999999946354e+00,4.857597344046675403e+01,3.845238974693107270e+00,3.845238974693107270e+00
4.609999999999946141e+00,4.865284213357072929e+01,3.841624442731368827e+00,3.841624442731368827e+00
4.619999999999945928e+00,4.872963864161599190e+01,3.838020508474613735e+00,3.838020508474613735e+00
4.629999999999945715e+00,4.880636317623670095e+01,3.834427139749179592e+00,3.834427139749179592e+00
4.639999999999945501e+00,4.888301594842558018e+01,3.830844304576284109e+00,3.830844304576284109e+00
4.649999999999945288e+00,4.895959716853766963e+01,3.827271971171603671e+00,3.827271971171603671e+00
4.659999999999945075e+00,4.903610704629427630e+01,3.823710107944768399e+00,3.823710107944768399e+00
4.669999999999944862e+00,4.911254579078679683e+01,3.820158683498950936e+00,3.820158683498950936e+00
4.679999999999944649e+00,4.918891361048054023e+01,3.816617666630320205e+00,3.816617666630320205e+00
4.689999999999944436e+00,4.926521071321884904e+01,3.813087026327474760e+00,3.813087026327474760e+00
4.699999999999944222e+00,4.934143730622651702e+01,3.809566731770958725e+00,3.809566731770958725e+00
4.709999999999944009e+00,4.941759359611398139e+01,3.806056752332700466e+00,3.806056752332700466e+00
4.719999999999943796e+00,4.949367978888098918e+01,3.802557057575406851e+00,3.802557057575406851e+00
4.729999999999943583e+00,4.956969608992039866e+01,3.799067617251933537e+00,3.799067617251933537e+00
4.739999999999943370e+00,4.964564270402205892e+01,3.795588401304706316e+00,3.795588401304706316e+00
4.749999999999943157e+00,4.972151983537650466e+01,3.792119379865068751e+00,3.792119379865068751e+00
4.759999999999942943e+00,4.979732768757877182e+01,3.788660523252632917e+00,3.788660523252632917e+00
4.769999999999942730e+00,4.987306646363217055e+01,3.785211801974611934e+00,3.785211801974611934e+00
4.779999999999942517e+00,4.994873636595198008e+01,3.781773186725096103e+00,3.781773186725096103e+00
4.789999999999942304e+00,5.002433759636927135e+01,3.778344648384399207e+00,3.778344648384399207e+00
4.799999999999942091e+00,5.009987035613451667e+01,3.774926158018323541e+00,3.774926158018323541e+00
4.809999999999941878e+00,5.017533484592130577e+01,3.771517686877428499e+00,3.771517686877428499e+00
4.819999999999941664e+00,5.025073126583016148e+01,3.768119206396322696e+00,3.768119206396322696e+00
4.829999999999941451e+00,5.032605981539209949e+01,3.764730688192876151e+00,3.764730688192876151e+00
4.839999999999941238e+00,5.040132069357219535e+01,3.761352104067406277e+00,3.761352104067406277e+00
4.849999999999941025e+00,5.047651409877351369e+01,3.757983426001982430e+00,3.757983426001982430e+00
4.859999999999940812e+00,5.055164022884043362e+01,3.754624626159599465e+00,3.754624626159599465e+00
4.869999999999940599e+00,5.062669928106237194e+01,3.751275676883345955e+00,3.751275676883345955e+00
4.879999999999940385e+00,5.070169145217751350e+01,3.747936550695643909e+00,3.747936550695643909e+00
4.889999999999940172e+00,5.077661693837614365e+01,3.744607220297364591e+00,3.744607220297364591e+00
4.899999999999939959e+00,5.085147593530442123e+01,3.741287658567001184e+00,3.741287658567001184e+00
4.909999999999939746e+00,5.092626863806776782e+01,3.737977838559852550e+00,3.737977838559852550e+00
4.919999999999939533e+00,5.100099524123448447e+01,3.734677733507203001e+00,3.734677733507203001e+00
4.929999999999939320e+00,5.107565593883922617e+01,3.731387316815402588e+00,3.731387316815402588e+00
4.939999999999939106e+00,5.115025092438658305e+01,3.728106562064973151e+00,3.728106562064973151e+00
4.949999999999938893e+00,5.122478039085434887e+01,3.724835443009751668e+00,3.724835443009751668e+00
4.959999999999938680e+00,5.129924453069719448e+01,3.721573933576024285e+00,3.721573933576024285e+00
4.969999999999938467e+00,5.137364353585003585e+01,3.718322007861623923e+00,3.718322007861623923e+00
4.979999999999938254e+00,5.144797759773142332e+01,3.715079640135010575e+00,3.715079640135010575e+00
4.989999999999938041e+00,5.152224690724695222e+01,3.711846804834368463e+00,3.711846804834368463e+00
4.999999999999937828e+00,5.159645165479260953e+01,3.708623476566688115e+00,3.708623476566688115e+00
5.009999999999937614e+00,5.167059203025829106e+01,3.705409630106828889e+00,3.705409630106828889e+00
5.019999999999937401e+00,5.174466822303104152e+01,3.702205240396616137e+00,3.702205240396616137e+00
5.029999999999937188e+00,5.181868042199834434e+01,3.699010282543893968e+00,3.699010282543893968e+00
5.039999999999936975e+00,5.189262881555146834e+01,3.695824731821568676e+00,3.695824731821568676e+00
5.049999999999936762e+00,5.196651359158884276e+01,3.692648563666662831e+00,3.692648563666662831e+00
5.059999999999936549e+00,5.204033493751921213e+01,3.689481753679384024e+00,3.689481753679384024e+00
5.069999999999936335e+00,5.211409304026496869e+01,3.686324277622170076e+00,3.686324277622170076e+00
5.079999999999936122e+00,5.218778808626530719e+01,3.683176111418697829e+00,3.683176111418697829e+00
5.089999999999935909e+00,5.226142026147958575e+01,3.680037231152964328e+00,3.680037231152964328e+00
5.099999999999935696e+00,5.233498975139034570e+01,3.676907613068293390e+00,3.676907613068293390e+00
5.109999999999935483e+00,5.240849674100659428e+01,3.673787233566323085e+00,3.673787233566323085e+00
5.119999999999935270e+00,5.248194141486693098e+01,3.670676069206060266e+00,3.670676069206060266e+00
5.129999999999935056e+00,5.255532395704270243e+01,3.667574096702951536e+00,3.667574096702951536e+00
5.139999999999934843e+00,5.262864455114115714e+01,3.664481292927865397e+00,3.664481292927865397e+00
5.149999999999934630e+00,5.270190338030841559e+01,3.661397634906056187e+00,3.661397634906056187e+00
5.159999999999934417e+00,5.277510062723266770e+01,3.658323099816233270e+00,3.658323099816233270e+00
5.169999999999934204e+00,5.284823647414720682e+01,3.655257664989601807e+00,3.655257664989601807e+00
5.179999999999933991e+00,5.292131110283347084e+01,3.652201307908757855e+00,3.652201307908757855e+00
5.189999999999933777e+00,5.299432469462398387e+01,3.649154006206755341e+00,3.649154006206755341e+00
5.199999999999933564e+00,5.306727743040548972e+01,3.646115737666149048e+00,3.646115737666149048e+00
5.209999999999933351e+00,5.314016949062184381e+01,3.643086480217943013e+00,3.643086480217943013e+00
5.219999999999933138e+00,5.321300105527697610e+01,3.640066211940631291e+00,3.640066211940631291e+00
5.229999999999932925e+00,5.328577230393782571e+01,3.637054911059171225e+00,3.637054911059171225e+00
5.239999999999932712e+00,5.335848341573732512e+01,3.634052555943981577e+00,3.634052555943981577e+00
5.249999999999932498e+00,5.343113456937724237e+01,3.631059125109942443e+00,3.631059125109942443e+00
5.259999999999932285e+00,5.350372594313105168e+01,3.628074597215376507e+00,3.628074597215376507e+00
5.269999999999932072e+00,5.357625771484683241e+01,3.625098951061082264e+00,3.625098951061082264e+00
5.279999999999931859e+00,5.364873006195008287e+01,3.622132165589264208e+00,3.622132165589264208e+00
5.289999999999931646e+00,5.372114316144653401e+01,3.619174219882576704e+00,3.619174219882576704e+00
5.299999999999931433e+00,5.379349718992496321e+01,3.616225093163129234e+00,3.616225093163129234e+00
5.309999999999931219e+00,5.386579232356000801e+01,3.613284764791472536e+00,3.613284764791472536e+00
5.319999999999931006e+00,5.393802873811481646e+01,3.610353214265556776e+00,3.610353214265556776e+00
5.329999999999930793e+00,5.401020660894388925e+01,3.607430421219770533e+00,3.607430421219770533e+00
5.339999999999930580e+00,5.408232611099580822e+01,3.604516365423913182e+00,3.604516365423913182e+00
5.349999999999930367e+00,5.415438741881579432e+01,3.601611026782167269e+00,3.601611026782167269e+00
5.359999999999930154e+00,5.422639070654859950e+01,3.598714385332150378e+00,3.598714385332150378e+00
5.369999999999929940e+00,5.429833614794091545e+01,3.595826421243856430e+00,3.595826421243856430e+00
5.379999999999929727e+00,5.437022391634423002e+01,3.592947114818682230e+00,3.592947114818682230e+00
5.389999999999929514e+00,5.444205418471735669e+01,3.590076446488450923e+00,3.590076446488450923e+00
5.399999999999929301e+00,5.451382712562902100e+01,3.587214396814332407e+00,3.587214396814332407e+00
5.409999999999929088e+00,5.458554291126045399e+01,3.584360946485911192e+00,3.584360946485911192e+00
5.419999999999928875e+00,5.465720171340786493e+01,3.581516076320180098e+00,3.581516076320180098e+00
5.429999999999928662e+00,5.472880370348524792e+01,3.578679767260524613e+00,3.578679767260524613e+00
5.439999999999928448e+00,5.480034905252653488e+01,3.575852000375749462e+00,3.575852000375749462e+00
5.449999999999928235e+00,5.487183793118836661e+01,3.573032756859044312e+00,3.573032756859044312e+00
5.459999999999928022e+00,5.494327050975243054e+01,3.570222018027031208e+00,3.570222018027031208e+00
5.469999999999927809e+00,5.501464695812803996e+01,3.567419765318780023e+00,3.567419765318780023e+00
5.479999999999927596e+00,5.508596744585438643e+01,3.564625980294792829e+00,3.564625980294792829e+00
5.489999999999927383e+00,5.515723214210321146e+01,3.561840644636032671e+00,3.561840644636032671e+00
5.499999999999927169e+00,5.522844121568095233e+01,3.559063740142899501e+00,3.559063740142899501e+00
5.509999999999926956e+00,5.529959483503128581e+01,3.556295248734296699e+00,3.556295248734296699e+00
5.519999999999926743e+00,5.537069316823737353e+01,3.553535152446666068e+00,3.553535152446666068e+00
5.529999999999926530e+00,5.544173638302442697e+01,3.550783433432954883e+00,3.550783433432954883e+00
5.539999999999926317e+00,5.551272464676163310e+01,3.548040073961665986e+00,3.548040073961665986e+00
5.549999999999926104e+00,5.558365812646496806e+01,3.545305056415887002e+00,3.545305056415887002e+00
5.559999999999925890e+00,5.565453698879894517e+01,3.542578363292325339e+00,3.542578363292325339e+00
5.569999999999925677e+00,5.572536140007926520e+01,3.539859977200324526e+00,3.539859977200324526e+00
5.579999999999925464e+00,5.579613152627494088e+01,3.537149880860888995e+00,3.537149880860888995e+00
5.589999999999925251e+00,5.586684753301044992e+01,3.534448057105779473e+00,3.534448057105779473e+00
5.599999999999925038e+00,5.593750958556798736e+01,3.531754488876475584e+00,3.531754488876475584e+00
5.609999999999924825e+00,5.600811784888979616e+01,3.529069159223266805e+00,3.529069159223266805e+00
5.619999999999924611e+00,5.607867248758001466e+01,3.526392051304300779e+00,3.526392051304300779e+00
5.629999999999924398e+00,5.614917366590714920e+01,3.523723148384620973e+00,3.523723148384620973e+00
5.639999999999924185e+00,5.621962154780599263e+01,3.521062433835206562e+00,3.521062433835206562e+00
5.649999999999923972e+00,5.629001629687982700e+01,3.518409891132014522e+00,3.518409891132014522e+00
5.659999999999923759e+00,5.636035807640249118e+01,3.515765503855099006e+00,3.515765503855099006e+00
5.669999999999923546e+00,5.643064704932043441e+01,3.513129255687641894e+00,3.513129255687641894e+00
5.679999999999923332e+00,5.650088337825486917e+01,3.510501130414965143e+00,3.510501130414965143e+00
5.689999999999923119e+00,5.657106722550356892e+01,3.507881111923663475e+00,3.507881111923663475e+00
5.699999999999922906e+00,5.664119875304318441e+01,3.505269184200680677e+00,3.505269184200680677e+00
5.709999999999922693e+00,5.671127812253099165e+01,3.502665331332352139e+00,3.502665331332352139e+00
5.719999999999922480e+00,5.678130549530705906e+01,3.500069537503474493e+00,3.500069537503474493e+00
5.729999999999922267e+00,5.685128103239610908e+01,3.497481786996402331e+00,3.497481786996402331e+00
5.739999999999922053e+00,5.692120489450939402e+01,3.494902064190138713e+00,3.494902064190138713e+00
5.749999999999921840e+00,5.699107724204684899e+01,3.492330353559422118e+00,3.492330353559422118e+00
5.759999999999921627e+00,5.706089823509864800e+01,3.489766639673797410e+00,3.489766639673797410e+00
5.769999999999921414e+00,5.713066803344750610e+01,3.487210907196750309e+00,3.487210907196750309e+00
5.779999999999921201e+00,5.720038679657017155e+01,3.484663140884802779e+00,3.484663140884802779e+00
5.789999999999920988e+00,5.727005468363952190e+01,3.482123325586583551e+00,3.482123325586583551e+00
5.799999999999920774e+00,5.733967185352631191e+01,3.479591446241935060e+00,3.479591446241935060e+00
5.809999999999920561e+00,5.740923846480094994e+01,3.477067487881051466e+00,3.477067487881051466e+00
5.819999999999920348e+00,5.747875467573537378e+01,3.474551435623583373e+00,3.474551435623583373e+00
5.829999999999920135e+00,5.754822064430482698e+01,3.472043274677758973e+00,3.472043274677758973e+00
5.839999999999919922e+00,5.761763652818954284e+01,3.469542990339478550e+00,3.469542990339478550e+00
5.849999999999919709e+00,5.768700248477652792e+01,3.467050567991475596e+00,3.467050567991475596e+00
5.859999999999919496e+00,5.775631867116138807e+01,3.464565993102448616e+00,3.464565993102448616e+00
5.869999999999919282e+00,5.782558524414982770e+01,3.462089251226173392e+00,3.462089251226173392e+00
5.879999999999919069e+00,5.789480236025951854e+01,3.459620328000639677e+00,3.459620328000639677e+00
5.889999999999918856e+00,5.796397017572180488e+01,3.457159209147194989e+00,3.457159209147194989e+00
5.899999999999918643e+00,5.803308884648315313e+01,3.454705880469697732e+00,3.454705880469697732e+00
5.909999999999918430e+00,5.810215852820698501e+01,3.452260327853683641e+00,3.452260327853683641e+00
5.919999999999918217e+00,5.817117937627521940e+01,3.449822537265502032e+00,3.449822537265502032e+00
5.929999999999918003e+00,5.824015154578994924e+01,3.447392494751456926e+00,3.447392494751456926e+00
5.939999999999917790e+00,5.830907519157491237e+01,3.444970186436994375e+00,3.444970186436994375e+00
5.949999999999917577e+00,5.837795046817716127e+01,3.442555598525858240e+00,3.442555598525858240e+00
5.959999999999917364e+00,5.844677752986859787e+01,3.440148717299245984e+00,3.440148717299245984e+00
5.969999999999917151e+00,5.851555653064751539e+01,3.437749529115027514e+00,3.437749529115027514e+00
5.979999999999916938e+00,5.858428762424018998e+01,3.435358020406888091e+00,3.435358020406888091e+00
5.989999999999916724e+00,5.865297096410213129e+01,3.432974177683498329e+00,3.432974177683498329e+00
5.999999999999916511e+00,5.872160670341993693e+01,3.430597987527737036e+00,3.430597987527737036e+00
6.009999999999916298e+00,5.879019499511248625e+01,3.428229436595851887e+00,3.428229436595851887e+00
6.019999999999916085e+00,5.885873599183270954e+01,3.425868511616692480e+00,3.425868511616692480e+00
6.029999999999915872e+00,5.892722984596848335e+01,3.423515199390881669e+00,3.423515199390881669e+00
6.039999999999915659e+00,5.899567670964467681e+01,3.421169486790006431e+00,3.421169486790006431e+00
6.049999999999915445e+00,5.906407673472426723e+01,3.418831360755850923e+00,3.418831360755850923e+00
6.059999999999915232e+00,5.913243007280961194e+01,3.416500808299602898e+00,3.416500808299602898e+00
6.069999999999915019e+00,5.920073687524408967e+01,3.414177816501072993e+00,3.414177816501072993e+00
6.079999999999914806e+00,5.926899729311335818e+01,3.411862372507901142e+00,3.411862372507901142e+00
6.089999999999914593e+00,5.933721147724665457e+01,3.409554463534806068e+00,3.409554463534806068e+00
6.099999999999914380e+00,5.940537957821815951e+01,3.407254076862807679e+00,3.407254076862807679e+00
6.109999999999914166e+00,5.947350174634837572e+01,3.404961199838428598e+00,3.404961199838428598e+00
6.119999999999913953e+00,5.954157813170532165e+01,3.402675819872973406e+00,3.402675819872973406e+00
6.129999999999913740e+00,5.960960888410594549e+01,3.400397924441754594e+00,3.400397924441754594e+00
6.139999999999913527e+00,5.967759415311726912e+01,3.398127501083337165e+00,3.398127501083337165e+00
6.149999999999913314e+00,5.974553408805779497e+01,3.395864537398792127e+00,3.395864537398792127e+00
6.159999999999913101e+00,5.981342883799857191e+01,3.393609021050963737e+00,3.393609021050963737e+00
6.169999999999912887e+00,5.988127855176452385e+01,3.391360939763688798e+00,3.391360939763688798e+00
6.179999999999912674e+00,5.994908337793572883e+01,3.389120281321119865e+00,3.389120281321119865e+00
6.189999999999912461e+00,6.001684346484842791e+01,3.386887033566961858e+00,3.386887033566961858e+00
6.199999999999912248e+00,6.008455896059643209e+01,3.384661184403737533e+00,3.384661184403737533e+00
6.209999999999912035e+00,6.015223001303213124e+01,3.382442721792065843e+00,3.382442721792065843e+00
6.219999999999911822e+00,6.021985676976767365e+01,3.380231633749964271e+00,3.380231633749964271e+00
6.229999999999911608e+00,6.028743937817615262e+01,3.378027908352123188e+00,3.378027908352123188e+00
6.239999999999911395e+00,6.035497798539278591e+01,3.375831533729188649e+00,3.375831533729188649e+00
6.249999999999911182e+00,6.042247273831581822e+01,3.373642498067056295e+00,3.373642498067056295e+00
6.259999999999910969e+00,6.048992378360786404e+01,3.371460789606190556e+00,3.371460789606190556e+00
6.269999999999910756e+00,6.055733126769683849e+01,3.369286396640903902e+00,3.369286396640903902e+00
6.279999999999910543e+00,6.062469533677705869e+01,3.367119307518696036e+00,3.367119307518696036e+00
6.289999999999910330e+00,6.069201613681034502e+01,3.364959510639514040e+00,3.364959510639514040e+00
6.299999999999910116e+00,6.075929381352703018e+01,3.362806994455106668e+00,3.362806994455106668e+00
6.309999999999909903e+00,6.082652851242699654e+01,3.360661747468361771e+00,3.360661747468361771e+00
6.319999999999909690e+00,6.089372037878063537e+01,3.358523758232588641e+00,3.358523758232588641e+00
6.329999999999909477e+00,6.096086955762997661e+01,3.356393015350850995e+00,3.356393015350850995e+00
6.339999999999909264e+00,6.102797619378953442e+01,3.354269507475333256e+00,3.354269507475333256e+00
6.349999999999909051e+00,6.109504043184737299e+01,3.352153223306661989e+00,3.352153223306661989e+00
6.359999999999908837e+00,6.116206241616606576e+01,3.350044151593240205e+00,3.350044151593240205e+00
6.369999999999908624e+00,6.122904229088362626e+01,3.347942281130606101e+00,3.347942281130606101e+00
6.379999999999908411e+00,6.129598019991435365e+01,3.345847600760776697e+00,3.345847600760776697e+00
6.389999999999908198e+00,6.136287628694998375e+01,3.343760099371597239e+00,3.343760099371597239e+00
6.399999999999907985e+00,6.142973069546034992e+01,3.341679765896104826e+00,3.341679765896104826e+00
6.409999999999907772e+00,6.149654356869438487e+01,3.339606589311917340e+00,3.339606589311917340e+00
6.419999999999907558e+00,6.156331504968111545e+01,3.337540558640566868e+00,3.337540558640566868e+00
6.429999999999907345e+00,6.163004528123035186e+01,3.335481662946879311e+00,3.335481662946879311e+00
6.439999999999907132e+00,6.169673440593361846e+01,3.333429891338352213e+00,3.333429891338352213e+00
6.449999999999906919e+00,6.176338256616506328e+01,3.331385232964563681e+00,3.331385232964563681e+00
6.459999999999906706e+00,6.182998990408217566e+01,3.329347677016520457e+00,3.329347677016520457e+00
6.469999999999906493e+00,6.189655656162669572e+01,3.327317212726058404e+00,3.327317212726058404e+00
6.479999999999906279e+00,6.196308268052543156e+01,3.325293829365230547e+00,3.325293829365230547e+00
6.489999999999906066e+00,6.202956840229094837e+01,3.323277516245735086e+00,3.323277516245735086e+00
6.499999999999905853e+00,6.209601386822257041e+01,3.321268262718283459e+00,3.321268262718283459e+00
6.509999999999905640e+00,6.216241921940684989e+01,3.319266058172019029e+00,3.319266058172019029e+00
6.519999999999905427e+00,6.222878459671859019e+01,3.317270892033932217e+00,3.317270892033932217e+00
6.529999999999905214e+00,6.229511014082159193e+01,3.315282753768265867e+00,3.315282753768265867e+00
6.539999999999905000e+00,6.236139599216910767e+01,3.313301632875940150e+00,3.313301632875940150e+00
6.549999999999904787e+00,6.242764229100488649e+01,3.311327518893980582e+00,3.311327518893980582e+00
6.559999999999904574e+00,6.249384917736373524e+01,3.309360401394947804e+00,3.309360401394947804e+00
6.569999999999904361e+00,6.256001679107231439e+01,3.307400269986347396e+00,3.307400269986347396e+00
6.579999999999904148e+00,6.262614527174975620e+01,3.305447114310067214e+00,3.305447114310067214e+00
6.589999999999903935e+00,6.269223475880837526e+01,3.303500924041851583e+00,3.303500924041851583e+00
6.599999999999903721e+00,6.275828539145418006e+01,3.301561688890731538e+00,3.301561688890731538e+00
6.609999999999903508e+00,6.282429730868790330e+01,3.299629398598447505e+00,3.299629398598447505e+00
6.619999999999903295e+00,6.289027064930533584e+01,3.297704042938913283e+00,3.297704042938913283e+00
6.629999999999903082e+00,6.295620555189806566e+01,3.295785611717693797e+00,3.295785611717693797e+00
6.639999999999902869e+00,6.302210215485408185e+01,3.293874094771448213e+00,3.293874094771448213e+00
6.649999999999902656e+00,6.308796059635840692e+01,3.291969481967409461e+00,3.291969481967409461e+00
6.659999999999902442e+00,6.315378101439380032e+01,3.290071763202807364e+00,3.290071763202807364e+00
6.669999999999902229e+00,6.321956354674116341e+01,3.288180928404381032e+00,3.288180928404381032e+00
6.679999999999902016e+00,6.328530833098022157e+01,3.286296967527870816e+00,3.286296967527870816e+00
6.689999999999901803e+00,6.335101550449011398e+01,3.284419870557465870e+00,3.284419870557465870e+00
6.699999999999901590e+00,6.341668520444996915e+01,3.282549627505306322e+00,3.282549627505306322e+00
6.709999999999901377e+00,6.348231756783940938e+01,3.280686228410950811e+00,3.280686228410950811e+00
6.719999999999901164e+00,6.354791273143908370e+01,3.278829663340906642e+00,3.278829663340906642e+00
6.729999999999900950e+00,6.361347083183129314e+01,3.276979922388093325e+00,3.276979922388093325e+00
6.739999999999900737e+00,6.367899200540043125e+01,3.275136995671347417e+00,3.275136995671347417e+00
6.749999999999900524e+00,6.374447638833348861e+01,3.273300873334947791e+00,3.273300873334947791e+00
6.759999999999900311e+00,6.380992411662064967e+01,3.271471545548111148e+00,3.271471545548111148e+00
6.769999999999900098e+00,6.387533532605565512e+01,3.269649002504499968e+00,3.269649002504499968e+00
6.779999999999899885e+00,6.394071015223639165e+01,3.267833234421735789e+00,3.267833234421735789e+00
6.789999999999899671e+00,6.400604873056538224e+01,3.266024231540946676e+00,3.266024231540946676e+00
6.799999999999899458e+00,6.407135119625012010e+01,3.264221984126269849e+00,3.264221984126269849e+00
6.809999999999899245e+00,6.413661768430361576e+01,3.262426482464389377e+00,3.262426482464389377e+00
6.819999999999899032e+00,6.420184832954485898e+01,3.260637716864041025e+00,3.260637716864041025e+00
6.829999999999898819e+00,6.426704326659924504e+01,3.258855677655595251e+00,3.258855677655595251e+00
6.839999999999898606e+00,6.433220262989894422e+01,3.257080355190567378e+00,3.257080355190567378e+00
6.849999999999898392e+00,6.439732655368332814e+01,3.255311739841161511e+00,3.255311739841161511e+00
6.859999999999898179e+00,6.446241517199955240e+01,3.253549821999817127e+00,3.253549821999817127e+00
6.869999999999897966e+00,6.452746861870268447e+01,3.251794592078787627e+00,3.251794592078787627e+00
6.879999999999897753e+00,6.459248702745631476e+01,3.250046040509661172e+00,3.250046040509661172e+00
6.889999999999897540e+00,6.465747053173272718e+01,3.248304157742934350e+00,3.248304157742934350e+00
6.899999999999897327e+00,6.472241926481352436e+01,3.246568934247581417e+00,3.246568934247581417e+00
6.909999999999897113e+00,6.478733335978982666e+01,3.244840360510613309e+00,3.244840360510613309e+00
6.919999999999896900e+00,6.485221294956268423e+01,3.243118427036638440e+00,3.243118427036638440e+00
6.929999999999896687e+00,6.491705816684334707e+01,3.241403124347451037e+00,3.241403124347451037e+00
6.939999999999896474e+00,6.498186914415377657e+01,3.239694442981632783e+00,3.239694442981632783e+00
6.949999999999896261e+00,6.504664601382668820e+01,3.237992373494081644e+00,3.237992373494081644e+00
6.959999999999896048e+00,6.511138890800629042e+01,3.236296906455621070e+00,3.236296906455621070e+00
6.969999999999895834e+00,6.517609795864815680e+01,3.234608032452587878e+00,3.234608032452587878e+00
6.979999999999895621e+00,6.524077329751982290e+01,3.232925742086452114e+00,3.232925742086452114e+00
6.989999999999895408e+00,6.530541505620099940e+01,3.231250025973365414e+00,3.231250025973365414e+00
6.999999999999895195e+00,6.537002336608388475e+01,3.229580874743787078e+00,3.229580874743787078e+00
7.009999999999894982e+00,6.543459835837333571e+01,3.227918279042101712e+00,3.227918279042101712e+00
7.019999999999894769e+00,6.549914016408733630e+01,3.226262229526194680e+00,3.226262229526194680e+00
7.029999999999894555e+00,6.556364891405706885e+01,3.224612716867083950e+00,3.224612716867083950e+00
7.039999999999894342e+00,6.562812473892731191e+01,3.222969731748530631e+00,3.222969731748530631e+00
7.049999999999894129e+00,6.569256776915663920e+01,3.221333264866648172e+00,3.221333264866648172e+00
7.059999999999893916e+00,6.575697813501764699e+01,3.219703306929531106e+00,3.219703306929531106e+00
7.069999999999893703e+00,6.582135596659719567e+01,3.218079848656875797e+00,3.218079848656875797e+00
7.079999999999893490e+00,6.588570139379669399e+01,3.216462880779618949e+00,3.216462880779618949e+00
7.089999999999893276e+00,6.595001454633221272e+01,3.214852394039568129e+00,3.214852394039568129e+00
7.099999999999893063e+00,6.601429555373483993e+01,3.213248379189021176e+00,3.213248379189021176e+00
7.109999999999892850e+00,6.607854454535073785e+01,3.211650826990423369e+00,3.211650826990423369e+00
7.119999999999892637e+00,6.614276165034146970e+01,3.210059728215990837e+00,3.210059728215990837e+00
7.129999999999892424e+00,6.620694699768408498e+01,3.208475073647377496e+00,3.208475073647377496e+00
7.139999999999892211e+00,6.627110071617140363e+01,3.206896854075316661e+00,3.206896854075316661e+00
7.149999999999891998e+00,6.633522293441205875e+01,3.205325060299272888e+00,3.205325060299272888e+00
7.159999999999891784e+00,6.639931378083090863e+01,3.203759683127099134e+00,3.203759683127099134e+00
7.169999999999891571e+00,6.646337338366889469e+01,3.202200713374687258e+00,3.202200713374687258e+00
7.179999999999891358e+00,6.652740187098339675e+01,3.200648141865625629e+00,3.200648141865625629e+00
7.189999999999891145e+00,6.659139937064840353e+01,3.199101959430879383e+00,3.199101959430879383e+00
7.199999999999890932e+00,6.665536601035451270e+01,3.197562156908498210e+00,3.197562156908498210e+00
7.209999999999890719e+00,6.671930191760917239e+01,3.196028725143232219e+00,3.196028725143232219e+00
7.219999999999890505e+00,6.678320721973675234e+01,3.194501654986198869e+00,3.194501654986198869e+00
7.229999999999890292e+00,6.684708204387885644e+01,3.192980937294608967e+00,3.192980937294608967e+00
7.239999999999890079e+00,6.691092651699405280e+01,3.191466562931424722e+00,3.191466562931424722e+00
7.249999999999889866e+00,6.697474076585837111e+01,3.189958522765055537e+00,3.189958522765055537e+00
7.259999999999889653e+00,6.703852491706527417e+01,3.188456807669037385e+00,3.188456807669037385e+00
7.269999999999889440e+00,6.710227909702564375e+01,3.186961408521729044e+00,3.186961408521729044e+00
7.279999999999889226e+00,6.716600343196806477e+01,3.185472316206016785e+00,3.185472316206016785e+00
7.289999999999889013e+00,6.722969804793875426e+01,3.183989521609001727e+00,3.183989521609001727e+00
7.299999999999888800e+00,6.729336307080174606e+01,3.182513015621700525e+00,3.182513015621700525e+00
7.309999999999888587e+00,6.735699862623887668e+01,3.181042789138778026e+00,3.181042789138778026e+00
7.319999999999888374e+00,6.742060483975002683e+01,3.179578833058209320e+00,3.179578833058209320e+00
7.329999999999888161e+00,6.748418183665286563e+01,3.178121138281013724e+00,3.178121138281013724e+00
7.339999999999887947e+00,6.754772974208336223e+01,3.176669695710994556e+00,3.176669695710994556e+00
7.349999999999887734e+00,6.761124868099535945e+01,3.175224496254433593e+00,3.175224496254433593e+00
7.359999999999887521e+00,6.767473877816095751e+01,3.173785530819793088e+00,3.173785530819793088e+00
7.369999999999887308e+00,6.773820015817040030e+01,3.172352790317478188e+00,3.172352790317478188e+00
7.379999999999887095e+00,6.780163294543218910e+01,3.170926265659539833e+00,3.170926265659539833e+00
7.389999999999886882e+00,6.786503726417311100e+01,3.169505947759401643e+00,3.169505947759401643e+00
7.399999999999886668e+00,6.792841323843812518e+01,3.168091827531617888e+00,3.168091827531617888e+00
7.409999999999886455e+00,6.799176099209054769e+01,3.166683895891596823e+00,3.166683895891596823e+00
7.419999999999886242e+00,6.805508064881205144e+01,3.165282143755322242e+00,3.165282143755322242e+00
7.429999999999886029e+00,6.811837233210246723e+01,3.163886562039124772e+00,3.163886562039124772e+00
7.439999999999885816e+00,6.818163616528025273e+01,3.162497141659414979e+00,3.162497141659414979e+00
7.449999999999885603e+00,6.824487227148182455e+01,3.161113873532419127e+00,3.161113873532419127e+00
7.459999999999885389e+00,6.830808077366219777e+01,3.159736748573948262e+00,3.159736748573948262e+00
7.469999999999885176e+00,6.837126179459457376e+01,3.158365757699157950e+00,3.158365757699157950e+00
7.479999999999884963e+00,6.843441545687045391e+01,3.157000891822280053e+00,3.157000891822280053e+00
7.489999999999884750e+00,6.849754188289963963e+01,3.155642141856402461e+00,3.155642141856402461e+00
7.499999999999884537e+00,6.856064119491013287e+01,3.154289498713233275e+00,3.154289498713233275e+00
7.509999999999884324e+00,6.862371351494819294e+01,3.152942953302843243e+00,3.152942953302843243e+00
7.519999999999884110e+00,6.868675896487829391e+01,3.151602496533454811e+00,3.151602496533454811e+00
7.529999999999883897e+00,6.874977766638296828e+01,3.150268119311222303e+00,3.150268119311222303e+00
7.539999999999883684e+00,6.881276974096283539e+01,3.148939812539991223e+00,3.148939812539991223e+00
7.549999999999883471e+00,6.887573530993667248e+01,3.147617567121079318e+00,3.147617567121079318e+00
7.559999999999883258e+00,6.893867449444115891e+01,3.146301373953049207e+00,3.146301373953049207e+00
7.569999999999883045e+00,6.900158741543096141e+01,3.144991223931498325e+00,3.144991223931498325e+00
7.579999999999882832e+00,6.906447419367864882e+01,3.143687107948858639e+00,3.143687107948858639e+00
7.589999999999882618e+00,6.912733494977447890e+01,3.142389016894152842e+00,3.142389016894152842e+00
7.599999999999882405e+00,6.919016980412661155e+01,3.141096941652814500e+00,3.141096941652814500e+00
7.609999999999882192e+00,6.925297887696073929e+01,3.139810873106461564e+00,3.139810873106461564e+00
7.619999999999881979e+00,6.931576228832027198e+01,3.138530802132702302e+00,3.138530802132702302e+00
7.629999999999881766e+00,6.937975729873269870e+01,3.199072209836311131e+00,3.199072209836311131e+00
7.639999999999881553e+00,6.944372523079121606e+01,3.197721573325415179e+00,3.197721573325415179e+00
7.649999999999881339e+00,6.950766621546021895e+01,3.196377479090928286e+00,3.196377479090928286e+00
7.659999999999881126e+00,6.957158038346787521e+01,3.195039915320172508e+00,3.195039915320172508e+00
7.669999999999880913e+00,6.963546786530612565e+01,3.193708870210278050e+00,3.193708870210278050e+00
7.679999999999880700e+00,6.969932879123093983e+01,3.192384331967856870e+00,3.192384331967856870e+00
7.689999999999880487e+00,6.976316329126258609e+01,3.191066288808650508e+00,3.191066288808650508e+00
7.699999999999880274e+00,6.982697149518560309e+01,3.189754728957235663e+00,3.189754728957235663e+00
7.709999999999880060e+00,6.989075353254925460e+01,3.188449640646710659e+00,3.188449640646710659e+00
7.719999999999879847e+00,6.995450953266742999e+01,3.187151012118371707e+00,3.187151012118371707e+00
7.729999999999879634e+00,7.001823962461898532e+01,3.185858831621406484e+00,3.185858831621406484e+00
7.739999999999879421e+00,7.008194393724772908e+01,3.184573087412561510e+00,3.184573087412561510e+00
7.749999999999879208e+00,7.014562259916284859e+01,3.183293767755873027e+00,3.183293767755873027e+00
7.759999999999878995e+00,7.020927573873876781e+01,3.182020860922365912e+00,3.182020860922365912e+00
7.769999999999878781e+00,7.027290348411540322e+01,3.180754355189741922e+00,3.180754355189741922e+00
7.779999999999878568e+00,7.033650596319829162e+01,3.179494238842103027e+00,3.179494238842103027e+00
7.789999999999878355e+00,7.040008330365873235e+01,3.178240500169650318e+00,3.178240500169650318e+00
7.799999999999878142e+00,7.046363563293384402e+01,3.176993127468418443e+00,3.176993127468418443e+00
7.809999999999877929e+00,7.052716307822676356e+01,3.175752109039996274e+00,3.175752109039996274e+00
7.819999999999877716e+00,7.059066576650670299e+01,3.174517433191238247e+00,3.174517433191238247e+00
7.829999999999877502e+00,7.065414382450902053e+01,3.173289088233993915e+00,3.173289088233993915e+00
7.839999999999877289e+00,7.071759737873536267e+01,3.172067062484839717e+00,3.172067062484839717e+00
7.849999999999877076e+00,7.078102655545380628e+01,3.170851344264849381e+00,3.170851344264849381e+00
7.859999999999876863e+00,7.084443148069887286e+01,3.169641921899299053e+00,3.169641921899299053e+00
7.869999999999876650e+00,7.090781228027154270e+01,3.168438783717399509e+00,3.168438783717399509e+00
7.879999999999876437e+00,7.097116907973952493e+01,3.167241918052077221e+00,3.167241918052077221e+00
7.889999999999876223e+00,7.103450200443714380e+01,3.166051313239689247e+00,3.166051313239689247e+00
7.899999999999876010e+00,7.109781117946552342e+01,3.164866957619795418e+00,3.164866957619795418e+00
7.909999999999875797e+00,7.116109672969260203e+01,3.163688839534934072e+00,3.163688839534934072e+00
7.919999999999875584e+00,7.122435877975316032e+01,3.162516947330372030e+00,3.162516947330372030e+00
7.929999999999875371e+00,7.128759745404892101e+01,3.161351269353850135e+00,3.161351269353850135e+00
7.939999999999875158e+00,7.135081287674860562e+01,3.160191793955356765e+00,3.160191793955356765e+00
7.949999999999874944e+00,7.141400517178793450e+01,3.159038509486915558e+00,3.159038509486915558e+00
7.959999999999874731e+00,7.147717446286972631e+01,3.157891404302359817e+00,3.157891404302359817e+00
7.969999999999874518e+00,7.154032087346378432e+01,3.156750466757082485e+00,3.156750466757082485e+00
7.979999999999874305e+00,7.160344452680712379e+01,3.155615685207834975e+00,3.155615685207834975e+00
7.989999999999874092e+00,7.166654554590388670e+01,3.154487048012532657e+00,3.154487048012532657e+00
7.999999999999873879e+00,7.172962405352535598e+01,3.153364543530020825e+00,3.153364543530020825e+00
8.009999999999873666e+00,7.179268017221005493e+01,3.152248160119873965e+00,3.152248160119873965e+00
8.019999999999873452e+00,7.185571402426354837e+01,3.151137886142181710e+00,3.151137886142181710e+00
8.029999999999873239e+00,7.191872573175885464e+01,3.150033709957338779e+00,3.150033709957338779e+00
8.039999999999873026e+00,7.198171541653594829e+01,3.148935619925885110e+00,3.148935619925885110e+00
8.049999999999872813e+00,7.204468320020220062e+01,3.147843604408267826e+00,3.147843604408267826e+00
8.059999999999872600e+00,7.210762920413202437e+01,3.146757651764672037e+00,3.146757651764672037e+00
8.069999999999872387e+00,7.217055354946715795e+01,3.145677750354814339e+00,3.145677750354814339e+00
8.079999999999872173e+00,7.223345635711642387e+01,3.144603888537778946e+00,3.144603888537778946e+00
8.089999999999871960e+00,7.229633774775597033e+01,3.143536054671830726e+00,3.143536054671830726e+00
8.099999999999871747e+00,7.235919784182891590e+01,3.142474237114236235e+00,3.142474237114236235e+00
8.109999999999871534e+00,7.242203675954561959e+01,3.141418424221062544e+00,3.141418424221062544e+00
8.119999999999871321e+00,7.248485462088351028e+01,3.140368604347009818e+00,3.140368604347009818e+00
8.129999999999871108e+00,7.254765154558707252e+01,3.139324765845254994e+00,3.139324765845254994e+00
8.139999999999870894e+00,7.261042765316797443e+01,3.138286897067297243e+00,3.138286897067297243e+00
8.149999999999870681e+00,7.267318306290464136e+01,3.137254986362784770e+00,3.137254986362784770e+00
8.159999999999870468e+00,7.273591789384268225e+01,3.136229022079313644e+00,3.136229022079313644e+00
8.169999999999870255e+00,7.279863226479453431e+01,3.135208992562310559e+00,3.135208992562310559e+00
8.179999999999870042e+00,7.286132629433959096e+01,3.134194886154892501e+00,3.134194886154892501e+00
8.189999999999869829e+00,7.292400010082397444e+01,3.133186691197667351e+00,3.133186691197667351e+00
8.199999999999869615e+00,7.298665380236069211e+01,3.132184396028595330e+00,3.132184396028595330e+00
8.209999999999869402e+00,7.304928751682940913e+01,3.131187988982854886e+00,3.131187988982854886e+00
8.219999999999869189e+00,7.311190136187650523e+01,3.130197458392700582e+00,3.130197458392700582e+00
8.229999999999868976e+00,7.317449545491494689e+01,3.129212792587320546e+00,3.129212792587320546e+00
8.239999999999868763e+00,7.323706991312430148e+01,3.128233979892686367e+00,3.128233979892686367e+00
8.249999999999868550e+00,7.329962485345050993e+01,3.127261008631418981e+00,3.127261008631418981e+00
8.259999999999868336e+00,7.336216039260608568e+01,3.126293867122653225e+00,3.126293867122653225e+00
8.269999999999868123e+00,7.342467664706971675e+01,3.125332543681938802e+00,3.125332543681938802e+00
8.279999999999867910e+00,7.348717373308650735e+01,3.124377026621075526e+00,3.124377026621075526e+00
8.289999999999867697e+00,7.354965176666765103e+01,3.123427304247983205e+00,3.123427304247983205e+00
8.299999999999867484e+00,7.361211086359047329e+01,3.122483364866616373e+00,3.122483364866616373e+00
8.309999999999867271e+00,7.367455113939838895e+01,3.121545196776813746e+00,3.121545196776813746e+00
8.319999999999867057e+00,7.373697270940083115e+01,3.120612788274195637e+00,3.120612788274195637e+00
8.329999999999866844e+00,7.379937568867289599e+01,3.119686127650058260e+00,3.119686127650058260e+00
8.339999999999866631e+00,7.386176019205552734e+01,3.118765203191224966e+00,3.118765203191224966e+00
8.349999999999866418e+00,7.392412633415553103e+01,3.117850003179960527e+00,3.117850003179960527e+00
8.359999999999866205e+00,7.398647422934513429e+01,3.116940515893882768e+00,3.116940515893882768e+00
8.369999999999865992e+00,7.404880399176205685e+01,3.116036729605847100e+00,3.116036729605847100e+00
8.379999999999865778e+00,7.411111573530952512e+01,3.115138632583810185e+00,3.115138632583810185e+00
8.389999999999865565e+00,7.417340957365601639e+01,3.114246213090769544e+00,3.114246213090769544e+00
8.399999999999865352e+00,7.423568562023521622e+01,3.113359459384668071e+00,3.113359459384668071e+00
8.409999999999865139e+00,7.429794398824593316e+01,3.112478359718285237e+00,3.112478359718285237e+00
8.419999999999864926e+00,7.436018479065194242e+01,3.111602902339153154e+00,3.111602902339153154e+00
8.429999999999864713e+00,7.442240814018192907e+01,3.110733075489435340e+00,3.110733075489435340e+00
8.439999999999864500e+00,7.448461414932945956e+01,3.109868867405884973e+00,3.109868867405884973e+00
8.449999999999864286e+00,7.454680293035256966e+01,3.109010266319742311e+00,3.109010266319742311e+00
8.459999999999864073e+00,7.460897459527406284e+01,3.108157260456650306e+00,3.108157260456650306e+00
8.469999999999863860e+00,7.467112925588108396e+01,3.107309838036582672e+00,3.107309838036582672e+00
8.479999999999863647e+00,7.473326702372519037e+01,3.106467987273753728e+00,3.106467987273753728e+00
8.489999999999863434e+00,7.479538801012205340e+01,3.105631696376553563e+00,3.105631696376553563e+00
8.499999999999863221e+00,7.485749232615155790e+01,3.104800953547477427e+00,3.104800953547477427e+00
8.509999999999863007e+00,7.491958008265758906e+01,3.103975746983030692e+00,3.103975746983030692e+00
8.519999999999862794e+00,7.498165139024774817e+01,3.103156064873692443e+00,3.103156064873692443e+00
8.529999999999862581e+00,7.504370635929358002e+01,3.102341895403850636e+00,3.102341895403850636e+00
8.539999999999862368e+00,7.510574509993006131e+01,3.101533226751717720e+00,3.101533226751717720e+00
8.549999999999862155e+00,7.516776772205585644e+01,3.100730047089267138e+00,3.100730047089267138e+00
8.559999999999861942e+00,7.522977433533289116e+01,3.099932344582190247e+00,3.099932344582190247e+00
8.569999999999861728e+00,7.529176504918628154e+01,3.099140107389827037e+00,3.099140107389827037e+00
8.579999999999861515e+00,7.535373997280440506e+01,3.098353323665113734e+00,3.098353323665113734e+00
8.589999999999861302e+00,7.541569921513858787e+01,3.097571981554557485e+00,3.097571981554557485e+00
8.599999999999861089e+00,7.547764288490297702e+01,3.096796069198142209e+00,3.096796069198142209e+00
8.609999999999860876e+00,7.553957109057445507e+01,3.096025574729301511e+00,3.096025574729301511e+00
8.619999999999860663e+00,7.560148394039254072e+01,3.095260486274874712e+00,3.095260486274874712e+00
8.629999999999860449e+00,7.566338154235923241e+01,3.094500791955058894e+00,3.094500791955058894e+00
8.639999999999860236e+00,7.572526400423875259e+01,3.093746479883368483e+00,3.093746479883368483e+00
8.649999999999860023e+00,7.578713143355767556e+01,3.092997538166593063e+00,3.092997538166593063e+00
8.659999999999859810e+00,7.584898393760455804e+01,3.092253954904750302e+00,3.092253954904750302e+00
8.669999999999859597e+00,7.591082162342991069e+01,3.091515718191065520e+00,3.091515718191065520e+00
8.679999999999859384e+00,7.597264459784599921e+01,3.090782816111936171e+00,3.090782816111936171e+00
8.689999999999859170e+00,7.603445296742680171e+01,3.090055236746896306e+00,3.090055236746896306e+00
8.699999999999858957e+00,7.609624683850775284e+01,3.089332968168578386e+00,3.089332968168578386e+00
8.709999999999858744e+00,7.615802631718577231e+01,3.088615998442699961e+00,3.088615998442699961e+00
8.719999999999858531e+00,7.621979150931888114e+01,3.087904315628025920e+00,3.087904315628025920e+00
8.729999999999858318e+00,7.628154252052631534e+01,3.087197907776359607e+00,3.087197907776359607e+00
8.739999999999858105e+00,7.634327945618821332e+01,3.086496762932510851e+00,3.086496762932510851e+00
8.749999999999857891e+00,7.640500242144563003e+01,3.085800869134263991e+00,3.085800869134263991e+00
8.759999999999857678e+00,7.646671152120013915e+01,3.085110214412383645e+00,3.085110214412383645e+00
8.769999999999857465e+00,7.652840686011401772e+01,3.084424786790577855e+00,3.084424786790577855e+00
8.779999999999857252e+00,7.659008854260983412e+01,3.083744574285491868e+00,3.083744574285491868e+00
8.789999999999857039e+00,7.665175667287051908e+01,3.083069564906700588e+00,3.083069564906700588e+00
8.799999999999856826e+00,7.671341135483899620e+01,3.082399746656685036e+00,3.082399746656685036e+00
8.809999999999856612e+00,7.677505269221830986e+01,3.081735107530842566e+00,3.081735107530842566e+00
8.819999999999856399e+00,7.683668078847117044e+01,3.081075635517469102e+00,3.081075635517469102e+00
8.829999999999856186e+00,7.689829574682012492e+01,3.080421318597741376e+00,3.080421318597741376e+00
8.839999999999855973e+00,7.695989767024724415e+01,3.079772144745732021e+00,3.079772144745732021e+00
8.849999999999855760e+00,7.702148666149392398e+01,3.079128101928395811e+00,3.079128101928395811e+00
8.859999999999855547e+00,7.708306282306094204e+01,3.078489178105579427e+00,3.078489178105579427e+00
8.869999999999855333e+00,7.714462625720805988e+01,3.077855361230031672e+00,3.077855361230031672e+00
8.879999999999855120e+00,7.720617706595419349e+01,3.077226639247373718e+00,3.077226639247373718e+00
8.889999999999854907e+00,7.726771535107693012e+01,3.076603000096128415e+00,3.076603000096128415e+00
8.899999999999854694e+00,7.732924121411265617e+01,3.075984431707722511e+00,3.075984431707722511e+00
8.909999999999854481e+00,7.739075475635631562e+01,3.075370922006504859e+00,3.075370922006504859e+00
8.919999999999854268e+00,7.745225607886122532e+01,3.074762458909754415e+00,3.074762458909754415e+00
8.929999999999854055e+00,7.751374528243897544e+01,3.074159030327671349e+00,3.074159030327671349e+00
8.939999999999853841e+00,7.757522246765927321e+01,3.073560624163402366e+00,3.073560624163402366e+00
8.949999999999853628e+00,7.763668773484988606e+01,3.072967228313069121e+00,3.072967228313069121e+00
8.959999999999853415e+00,7.769814118409637160e+01,3.072378830665767335e+00,3.072378830665767335e+00
8.969999999999853202e+00,7.775958291524199240e+01,3.071795419103600100e+00,3.071795419103600100e+00
8.979999999999852989e+00,7.782101302788765906e+01,3.071216981501690757e+00,3.071216981501690757e+00
8.989999999999852776e+00,7.788243162139163189e+01,3.070643505728206879e+00,3.070643505728206879e+00
8.999999999999852562e+00,7.794383879486944977e+01,3.070074979644370039e+00,3.070074979644370039e+00
9.009999999999852349e+00,7.800523464719388755e+01,3.069511391104492670e+00,3.069511391104492670e+00
9.019999999999852136e+00,7.806661927699464343e+01,3.068952727956012705e+00,3.068952727956012705e+00
9.029999999999851923e+00,7.812799278265842418e+01,3.068398978039505121e+00,3.068398978039505121e+00
9.039999999999851710e+00,7.818935526232850464e+01,3.067850129188706809e+00,3.067850129188706809e+00
9.049999999999851497e+00,7.825070681390485561e+01,3.067306169230580082e+00,3.067306169230580082e+00
9.059999999999851283e+00,7.831204753504400173e+01,3.066767085985316221e+00,3.066767085985316221e+00
9.069999999999851070e+00,7.837337752315863781e+01,3.066232867266360351e+00,3.066232867266360351e+00
9.079999999999850857e+00,7.843469687541772828e+01,3.065703500880482046e+00,3.065703500880482046e+00
9.089999999999850644e+00,7.849600568874637929e+01,3.065178974627795760e+00,3.065178974627795760e+00
9.099999999999850431e+00,7.855730405982556874e+01,3.064659276301793689e+00,3.064659276301793689e+00
9.109999999999850218e+00,7.861859208509191888e+01,3.064144393689378632e+00,3.064144393689378632e+00
9.119999999999850004e+00,7.867986986073807998e+01,3.063634314570920836e+00,3.063634314570920836e+00
9.129999999999849791e+00,7.874113748271190616e+01,3.063129026720301518e+00,3.063129026720301518e+00
9.139999999999849578e+00,7.880239504671682482e+01,3.062628517904936398e+00,3.062628517904936398e+00
9.149999999999849365e+00,7.886364264821150982e+01,3.062132775885849423e+00,3.062132775885849423e+00
9.159999999999849152e+00,7.892488038240981041e+01,3.061641788417696297e+00,3.061641788417696297e+00
9.169999999999848939e+00,7.898610834428058070e+01,3.061155543248806232e+00,3.061155543248806232e+00
9.179999999999848725e+00,7.904732662854758019e+01,3.060674028121262769e+00,3.060674028121262769e+00
9.189999999999848512e+00,7.910853532968931745e+01,3.060197230770930865e+00,3.060197230770930865e+00
9.199999999999848299e+00,7.916973454193906434e+01,3.059725138927527510e+00,3.059725138927527510e+00
9.209999999999848086e+00,7.923092435928447230e+01,3.059257740314656804e+00,3.059257740314656804e+00
9.219999999999847873e+00,7.929210487546772868e+01,3.058795022649850370e+00,3.058795022649850370e+00
9.229999999999847660e+00,7.935327618398520144e+01,3.058336973644669499e+00,3.058336973644669499e+00
9.239999999999847446e+00,7.941443837808753869e+01,3.057883581004735341e+00,3.057883581004735341e+00
9.249999999999847233e+00,7.947559155077934179e+01,3.057434832429773763e+00,3.057434832429773763e+00
9.259999999999847020e+00,7.953673579481923639e+01,3.056990715613688181e+00,3.056990715613688181e+00
9.269999999999846807e+00,7.959787120271953142e+01,3.056551218244641266e+00,3.056551218244641266e+00
9.279999999999846594e+00,7.965899786674644645e+01,3.056116328005084704e+00,3.056116328005084704e+00
9.289999999999846381e+00,7.972011587891955742e+01,3.055686032571838240e+00,3.055686032571838240e+00
9.299999999999846167e+00,7.978122533101209513e+01,3.055260319616154518e+00,3.055260319616154518e+00
9.309999999999845954e+00,7.984232631455060414e+01,3.054839176803786138e+00,3.054839176803786138e+00
9.319999999999845741e+00,7.990341892081491437e+01,3.054422591795039832e+00,3.054422591795039832e+00
9.329999999999845528e+00,7.996450324083787109e+01,3.054010552244848409e+00,3.054010552244848409e+00
9.339999999999845315e+00,8.002557936540549122e+01,3.053603045802864457e+00,3.053603045802864457e+00
9.349999999999845102e+00,8.008664738505679281e+01,3.053200060113496761e+00,3.053200060113496761e+00
9.359999999999844889e+00,8.014770739008343980e+01,3.052801582815993342e+00,3.052801582815993342e+00
9.369999999999844675e+00,8.020875947052995514e+01,3.052407601544537830e+00,3.052407601544537830e+00
9.379999999999844462e+00,8.026980371619355026e+01,3.052018103928288539e+00,3.052018103928288539e+00
9.389999999999844249e+00,8.033084021662375562e+01,3.051633077591467735e+00,3.051633077591467735e+00
9.399999999999844036e+00,8.039186906112267650e+01,3.051252510153439790e+00,3.051252510153439790e+00
9.409999999999843823e+00,8.045289033874489348e+01,3.050876389228791563e+00,3.050876389228791563e+00
9.419999999999843610e+00,8.051390413829690829e+01,3.050504702427405235e+00,3.050504702427405235e+00
9.429999999999843396e+00,8.057491054833764110e+01,3.050137437354533798e+00,3.050137437354533798e+00
9.439999999999843183e+00,8.063590965717791903e+01,3.049774581610889879e+00,3.049774581610889879e+00
9.449999999999842970e+00,8.069690155288060396e+01,3.049416122792716344e+00,3.049416122792716344e+00
9.459999999999842757e+00,8.075788632326043626e+01,3.049062048491876009e+00,3.049062048491876009e+00
9.469999999999842544e+00,8.081886405588392108e+01,3.048712346295949338e+00,3.048712346295949338e+00
9.479999999999842331e+00,8.087983483806925733e+01,3.048367003788288621e+00,3.048367003788288621e+00
9.489999999999842117e+00,8.094079875688639447e+01,3.048026008548134325e+00,3.048026008548134325e+00
9.499999999999841904e+00,8.100175589915664887e+01,3.047689348150671496e+00,3.047689348150671496e+00
9.509999999999841691e+00,8.106270635145286008e+01,3.047357010167124791e+00,3.047357010167124791e+00
9.519999999999841478e+00,8.112365020009927719e+01,3.047028982164874389e+00,3.047028982164874389e+00
9.529999999999841265e+00,8.118458753117148774e+01,3.046705251707527928e+00,3.046705251707527928e+00
9.539999999999841052e+00,8.124551843049621880e+01,3.046385806354988901e+00,3.046385806354988901e+00
9.549999999999840838e+00,8.130644298365146483e+01,3.046070633663575222e+00,3.046070633663575222e+00
9.559999999999840625e+00,8.136736127596620349e+01,3.045759721186106717e+00,3.045759721186106717e+00
9.569999999999840412e+00,8.142827339252049512e+01,3.045453056471985942e+00,3.045453056471985942e+00
9.579999999999840199e+00,8.148917941814538324e+01,3.045150627067313653e+00,3.045150627067313653e+00
9.589999999999839986e+00,8.155007943742270982e+01,3.044852420514965186e+00,3.044852420514965186e+00
9.599999999999839773e+00,8.161097353468522897e+01,3.044558424354690374e+00,3.044558424354690374e+00
9.609999999999839559e+00,8.167186179401637958e+01,3.044268626123217025e+00,3.044268626123217025e+00
9.619999999999839346e+00,8.173274429925038476e+01,3.043983013354330858e+00,3.043983013354330858e+00
9.629999999999839133e+00,8.179362113397199607e+01,3.043701573579003838e+00,3.043701573579003838e+00
9.639999999999838920e+00,8.185449238151672091e+01,3.043424294325483448e+00,3.043424294325483448e+00
9.649999999999838707e+00,8.191535812497046720e+01,3.043151163119357516e+00,3.043151163119357516e+00
9.659999999999838494e+00,8.197621844716967132e+01,3.042882167483693223e+00,3.042882167483693223e+00
9.669999999999838280e+00,8.203707343070122704e+01,3.042617294939129913e+00,3.042617294939129913e+00
9.679999999999838067e+00,8.209792315790232919e+01,3.042356533003988339e+00,3.042356533003988339e+00
9.689999999999837854e+00,8.215876771086068686e+01,3.042099869194365702e+00,3.042099869194365702e+00
9.699999999999837641e+00,8.221960717141411124e+01,3.041847291024228017e+00,3.041847291024228017e+00
9.709999999999837428e+00,8.228044162115079985e+01,3.041598786005543342e+00,3.041598786005543342e+00
9.719999999999837215e+00,8.234127114140912340e+01,3.041354341648356385e+00,3.041354341648356385e+00
9.729999999999837001e+00,8.240209581327763999e+01,3.041113945460919510e+00,3.041113945460919510e+00
9.739999999999836788e+00,8.246291571759509509e+01,3.040877584949797541e+00,3.040877584949797541e+00
9.749999999999836575e+00,8.252373093495022260e+01,3.040645247619956582e+00,3.040645247619956582e+00
9.759999999999836362e+00,8.258454154568198646e+01,3.040416920974893245e+00,3.040416920974893245e+00
9.769999999999836149e+00,8.264534762987931060e+01,3.040192592516727910e+00,3.040192592516727910e+00
9.779999999999835936e+00,8.270614926738119266e+01,3.039972249746315747e+00,3.039972249746315747e+00
9.789999999999835723e+00,8.276694653777661870e+01,3.039755880163389268e+00,3.039755880163389268e+00
9.799999999999835509e+00,8.282773952040456322e+01,3.039543471266619612e+00,3.039543471266619612e+00
9.809999999999835296e+00,8.288852829435390390e+01,3.039335010553765315e+00,3.039335010553765315e+00
9.819999999999835083e+00,8.294931293846359210e+01,3.039130485521781555e+00,3.039130485521781555e+00
9.829999999999834870e+00,8.301009353132241131e+01,3.038929883666909415e+00,3.038929883666909415e+00
9.839999999999834657e+00,8.307087015126907659e+01,3.038733192484806445e+00,3.038733192484806445e+00
9.849999999999834444e+00,8.313164287639219197e+01,3.038540399470675002e+00,3.038540399470675002e+00
9.859999999999834230e+00,8.319241178453033569e+01,3.038351492119382602e+00,3.038351492119382602e+00
9.869999999999834017e+00,8.325317695327191814e+01,3.038166457925519204e+00,3.038166457925519204e+00
9.879999999999833804e+00,8.331393845995523861e+01,3.037985284383565965e+00,3.037985284383565965e+00
9.889999999999833591e+00,8.337469638166848540e+01,3.037807958988017365e+00,3.037807958988017365e+00
9.899999999999833378e+00,8.343545079524977837e+01,3.037634469233463363e+00,3.037634469233463363e+00
9.909999999999833165e+00,8.349620177728705528e+01,3.037464802614735948e+00,3.037464802614735948e+00
9.919999999999832951e+00,8.355694940411824234e+01,3.037298946627040142e+00,3.037298946627040142e+00
9.929999999999832738e+00,8.361769375183108366e+01,3.037136888766016174e+00,3.037136888766016174e+00
9.939999999999832525e+00,8.367843489626328335e+01,3.036978616527898023e+00,3.036978616527898023e+00
9.949999999999832312e+00,8.373917291300254817e+01,3.036824117409667956e+00,3.036824117409667956e+00
9.959999999999832099e+00,8.379990787738634594e+01,3.036673378909126253e+00,3.036673378909126253e+00
9.969999999999831886e+00,8.386063986450231766e+01,3.036526388525020881e+00,3.036526388525020881e+00
9.979999999999831672e+00,8.392136894918790802e+01,3.036383133757173614e+00,3.036383133757173614e+00
9.989999999999831459e+00,8.398209520603069222e+01,3.036243602106625694e+00,3.036243602106625694e+00
9.999999999999831246e+00,8.404281870936821974e+01,3.036107781075740419e+00,3.036107781075740419e+00
1.000999999999983103e+01,8.410353953328814214e+01,3.035975658168315494e+00,3.035975658168315494e+00
1.001999999999983082e+01,8.416425775162815626e+01,3.035847220889731801e+00,3.035847220889731801e+00
1.002999999999983061e+01,8.422497343797611791e+01,3.035722456747074638e+00,3.035722456747074638e+00
1.003999999999983039e+01,8.428568666566999923e+01,3.035601353249239853e+00,3.035601353249239853e+00
1.004999999999983018e+01,8.434639750779797396e+01,3.035483897907069295e+00,3.035483897907069295e+00
1.005999999999982997e+01,8.440710603719853111e+01,3.035370078233496027e+00,3.035370078233496027e+00
1.006999999999982975e+01,8.446781232646034709e+01,3.035259881743641142e+00,3.035259881743641142e+00
1.007999999999982954e+01,8.452851644792242780e+01,3.035153295954966524e+00,3.035153295954966524e+00
1.008999999999982933e+01,8.458921847367425073e+01,3.035050308387382767e+00,3.035050308387382767e+00
1.009999999999982911e+01,8.464991847555555182e+01,3.034950906563387729e+00,3.034950906563387729e+00
1.010999999999982890e+01,8.471061652515662388e+01,3.034855078008193541e+00,3.034855078008193541e+00
1.011999999999982869e+01,8.477131269381841605e+01,3.034762810249838960e+00,3.034762810249838960e+00
1.012999999999982847e+01,8.483200705263223540e+01,3.034674090819353243e+00,3.034674090819353243e+00
1.013999999999982826e+01,8.489269967244018744e+01,3.034588907250864498e+00,3.034588907250864498e+00
1.014999999999982805e+01,8.495339062383509088e+01,3.034507247081722259e+00,3.034507247081722259e+00
1.015999999999982784e+01,8.501407997716047760e+01,3.034429097852629376e+00,3.034429097852629376e+00
1.016999999999982762e+01,8.507476780251073478e+01,3.034354447107794339e+00,3.034354447107794339e+00
1.017999999999982741e+01,8.513545416973123281e+01,3.034283282395043191e+00,3.034283282395043191e+00
1.018999999999982720e+01,8.519613914841825419e+01,3.034215591265960299e+00,3.034215591265960299e+00
1.019999999999982698e+01,8.525682280791919254e+01,3.034151361276008707e+00,3.034151361276008707e+00
1.020999999999982677e+01,8.531750521733263781e+01,3.034090579984665581e+00,3.034090579984665581e+00
1.021999999999982656e+01,8.537818644550830527e+01,3.034033234955569647e+00,3.034033234955569647e+00
1.022999999999982634e+01,8.543886656104731969e+01,3.033979313756626439e+00,3.033979313756626439e+00
1.023999999999982613e+01,8.549954563230208748e+01,3.033928803960157961e+00,3.033928803960157961e+00
1.024999999999982592e+01,8.556022372737663773e+01,3.033881693143042568e+00,3.033881693143042568e+00
1.025999999999982570e+01,8.562090091412652271e+01,3.033837968886851755e+00,3.033837968886851755e+00
1.026999999999982549e+01,8.568157726015891740e+01,3.033797618777963390e+00,3.033797618777963390e+00
1.027999999999982528e+01,8.574225283283287524e+01,3.033760630407682957e+00,3.033760630407682957e+00
1.028999999999982506e+01,8.580292769925932816e+01,3.033726991372419857e+00,3.033726991372419857e+00
1.029999999999982485e+01,8.586360192630108656e+01,3.033696689273817970e+00,3.033696689273817970e+00
1.030999999999982464e+01,8.592427558057302406e+01,3.033669711718831596e+00,3.033669711718831596e+00
1.031999999999982442e+01,8.598494872844244696e+01,3.033646046319911971e+00,3.033646046319911971e+00
1.032999999999982421e+01,8.604562143602865376e+01,3.033625680695165361e+00,3.033625680695165361e+00
1.033999999999982400e+01,8.610629376920351774e+01,3.033608602468427229e+00,3.033608602468427229e+00
1.034999999999982379e+01,8.616696579359157226e+01,3.033594799269422548e+00,3.033594799269422548e+00
1.035999999999982357e+01,8.622763757456971234e+01,3.033584258733932781e+00,3.033584258733932781e+00
1.036999999999982336e+01,8.628830917726776306e+01,3.033576968503914451e+00,3.033576968503914451e+00
1.037999999999982315e+01,8.634898066656855065e+01,3.033572916227601723e+00,3.033572916227601723e+00
1.038999999999982293e+01,8.640965210710776034e+01,3.033572089559655183e+00,3.033572089559655183e+00
1.039999999999982272e+01,8.647032356327430591e+01,3.033574476161313704e+00,3.033574476161313704e+00
1.040999999999982251e+01,8.653221560847558180e+01,3.094598706447229119e+00,3.094598706447229119e+00
1.041999999999982229e+01,8.659410752591227833e+01,3.094594018897780074e+00,3.094594018897780074e+00
1.042999999999982208e+01,8.665599938353614107e+01,3.094592722143376218e+00,3.094592722143376218e+00
1.043999999999982187e+01,8.671789124902754509e+01,3.094594802624757612e+00,3.094594802624757612e+00
1.044999999999982165e+01,8.677978318979590711e+01,3.094600246793274945e+00,3.094600246793274945e+00
1.045999999999982144e+01,8.684167527297971390e+01,3.094609041110994774e+00,3.094609041110994774e+00
1.046999999999982123e+01,8.690356756544679229e+01,3.094621172050858071e+00,3.094621172050858071e+00
1.047999999999982101e+01,8.696546013379455076e+01,3.094636626096788135e+00,3.094636626096788135e+00
1.048999999999982080e+01,8.702735304435016417e+01,3.094655389743858898e+00,3.094655389743858898e+00
1.049999999999982059e+01,8.708924636317090062e+01,3.094677449498444588e+00,3.094677449498444588e+00
1.050999999999982037e+01,8.715114015604414988e+01,3.094702791878301440e+00,3.094702791878301440e+00
1.051999999999982016e+01,8.721303448848780704e+01,3.094731403412725346e+00,3.094731403412725346e+00
1.052999999999981995e+01,8.727492942575058521e+01,3.094763270642713060e+00,3.094763270642713060e+00
1.053999999999981974e+01,8.733682503281197285e+01,3.094798380121063897e+00,3.094798380121063897e+00
1.054999999999981952e+01,8.739872137438271693e+01,3.094836718412548926e+00,3.094836718412548926e+00
1.055999999999981931e+01,8.746061851490495087e+01,3.094878272094037985e+00,3.094878272094037985e+00
1.056999999999981910e+01,8.752251651855249293e+01,3.094923027754624467e+00,3.094923027754624467e+00
1.057999999999981888e+01,8.758441544923103095e+01,3.094970971995766540e+00,3.094970971995766540e+00
1.058999999999981867e+01,8.764631537057844923e+01,3.095022091431421263e+00,3.095022091431421263e+00
1.059999999999981846e+01,8.770821634596497063e+01,3.095076372688209787e+00,3.095076372688209787e+00
1.060999999999981824e+01,8.777011843849351180e+01,3.095133802405541701e+00,3.095133802405541701e+00
1.061999999999981803e+01,8.783202171099996747e+01,3.095194367235734489e+00,3.095194367235734489e+00
1.062999999999981782e+01,8.789392622605329564e+01,3.095258053844156976e+00,3.095258053844156976e+00
1.063999999999981760e+01,8.795583204595600080e+01,3.095324848909385196e+00,3.095324848909385196e+00
1.064999999999981739e+01,8.801773923274411970e+01,3.095394739123328964e+00,3.095394739123328964e+00
1.065999999999981718e+01,8.807964784818790349e+01,3.095467711191366877e+00,3.095467711191366877e+00
1.066999999999981696e+01,8.814155795379168978e+01,3.095543751832487533e+00,3.095543751832487533e+00
1.067999999999981675e+01,8.820346961079428638e+01,3.095622847779428533e+00,3.095622847779428533e+00
1.068999999999981654e+01,8.826538288016944023e+01,3.095704985778831020e+00,3.095704985778831020e+00
1.069999999999981632e+01,8.832729782262588003e+01,3.095790152591332944e+00,3.095790152591332944e+00
1.070999999999981611e+01,8.838921449860772839e+01,3.095878334991760017e+00,3.095878334991760017e+00
1.071999999999981590e+01,8.845113296829467231e+01,3.095969519769239398e+00,3.095969519769239398e+00
1.072999999999981569e+01,8.851305329160238955e+01,3.096063693727336030e+00,3.096063693727336030e+00
1.073999999999981547e+01,8.857497552818279019e+01,3.096160843684200525e+00,3.096160843684200525e+00
1.074999999999981526e+01,8.863689973742417294e+01,3.096260956472688175e+00,3.096260956472688175e+00
1.075999999999981505e+01,8.869882597845186467e+01,3.096364018940509499e+00,3.096364018940509499e+00
1.076999999999981483e+01,8.876075431012799299e+01,3.096470017950381237e+00,3.096470017950381237e+00
1.077999999999981462e+01,8.882268479105240999e+01,3.096578940380147582e+00,3.096578940380147582e+00
1.078999999999981441e+01,8.888461747956243642e+01,3.096690773122928508e+00,3.096690773122928508e+00
1.079999999999981419e+01,8.894655243373348696e+01,3.096805503087245448e+00,3.096805503087245448e+00
1.080999999999981398e+01,8.900848971137935450e+01,3.096923117197160735e+00,3.096923117197160735e+00
1.081999999999981377e+01,8.907042937005240901e+01,3.097043602392427708e+00,3.097043602392427708e+00
1.082999999999981355e+01,8.913237146704391023e+01,3.097166945628627932e+00,3.097166945628627932e+00
1.083999999999981334e+01,8.919431605938453345e+01,3.097293133877298654e+00,3.097293133877298654e+00
1.084999999999981313e+01,8.925626320384444057e+01,3.097422154126066918e+00,3.097422154126066918e+00
1.085999999999981291e+01,8.931821295693379170e+01,3.097553993378799220e+00,3.097553993378799220e+00
1.086999999999981270e+01,8.938016537490285884e+01,3.097688638655732074e+00,3.097688638655732074e+00
1.087999999999981249e+01,8.944212051374258010e+01,3.097826076993604794e+00,3.097826076993604794e+00
1.088999999999981227e+01,8.950407842918481549e+01,3.097966295445809148e+00,3.097966295445809148e+00
1.089999999999981206e+01,8.956603917670250326e+01,3.098109281082527477e+00,3.098109281082527477e+00
1.090999999999981185e+01,8.962800281151042725e+01,3.098255020990850372e+00,3.098255020990850372e+00
1.091999999999981164e+01,8.968996938856497536e+01,3.098403502274923227e+00,3.098403502274923227e+00
1.092999999999981142e+01,8.975193896256496373e+01,3.098554712056084792e+00,3.098554712056084792e+00
1.093999999999981121e+01,8.981391158795182150e+01,3.098708637472998184e+00,3.098708637472998184e+00
1.094999999999981100e+01,8.987588731890983240e+01,3.098865265681792991e+00,3.098865265681792991e+00
1.095999999999981078e+01,8.993786620936666054e+01,3.099024583856199833e+00,3.099024583856199833e+00
1.096999999999981057e+01,8.999984831299347832e+01,3.099186579187678703e+00,3.099186579187678703e+00
1.097999999999981036e+01,9.006183368320573379e+01,3.099351238885556636e+00,3.099351238885556636e+00
1.098999999999981014e+01,9.012382237316292333e+01,3.099518550177170262e+00,3.099518550177170262e+00
1.099999999999980993e+01,9.018581443576952950e+01,3.099688500307990591e+00,3.099688500307990591e+00
1.100999999999980972e+01,9.024780992367497845e+01,3.099861076541758909e+00,3.099861076541758909e+00
1.101999999999980950e+01,9.030980888927415151e+01,3.100036266160634213e+00,3.100036266160634213e+00
1.102999999999980929e+01,9.037181138470786834e+01,3.100214056465309120e+00,3.100214056465309120e+00
1.103999999999980908e+01,9.043381746186301484e+01,3.100394434775142205e+00,3.100394434775142205e+00
1.104999999999980886e+01,9.049582717237319685e+01,3.100577388428298331e+00,3.100577388428298331e+00
1.105999999999980865e+01,9.055784056761883960e+01,3.100762904781906304e+00,3.100762904781906304e+00
1.106999999999980844e+01,9.061985769872769936e+01,3.100950971212154794e+00,3.100950971212154794e+00
1.107999999999980822e+01,9.068187861657538917e+01,3.101141575114433113e+00,3.101141575114433113e+00
1.108999999999980801e+01,9.074390337178549260e+01,3.101334703903467549e+00,3.101334703903467549e+00
1.109999999999980780e+01,9.080593201473006104e+01,3.101530345013462586e+00,3.101530345013462586e+00
1.110999999999980759e+01,9.086796459553021066e+01,3.101728485898220811e+00,3.101728485898220811e+00
1.111999999999980737e+01,9.093000116405605127e+01,3.101929114031270363e+00,3.101929114031270363e+00
1.112999999999980716e+01,9.099204176992763848e+01,3.102132216906003936e+00,3.102132216906003936e+00
1.113999999999980695e+01,9.105408646251490268e+01,3.102337782035799130e+00,3.102337782035799130e+00
1.114999999999980673e+01,9.111613529093826003e+01,3.102545796954154778e+00,3.102545796954154778e+00
1.115999999999980652e+01,9.117818830406919517e+01,3.102756249214832174e+00,3.102756249214832174e+00
1.116999999999980631e+01,9.124024555053017593e+01,3.102969126391962984e+00,3.102969126391962984e+00
1.117999999999980609e+01,9.130230707869553441e+01,3.103184416080198016e+00,3.103184416080198016e+00
1.118999999999980588e+01,9.136437293669170856e+01,3.103402105894826235e+00,3.103402105894826235e+00
1.119999999999980567e+01,9.142644317239754059e+01,3.103622183471888896e+00,3.103622183471888896e+00
1.120999999999980545e+01,9.148979225966158424e+01,3.167563626574272373e+00,3.167563626574272373e+00
1.121999999999980524e+01,9.155314572784405414e+01,3.167783932693192028e+00,3.167783932693192028e+00
1.122999999999980503e+01,9.161650362729443486e+01,3.168006749560476010e+00,3.168006749560476010e+00
1.123999999999980481e+01,9.167986600809348374e+01,3.168232063744096827e+00,3.168232063744096827e+00
1.124999999999980460e+01,9.174323292005345820e+01,3.168459861837403579e+00,3.168459861837403579e+00
1.125999999999980439e+01,9.180660441271869843e+01,3.168690130459187237e+00,3.168690130459187237e+00
1.126999999999980417e+01,9.186998053536626685e+01,3.168922856253808984e+00,3.168922856253808984e+00
1.127999999999980396e+01,9.193336133700636026e+01,3.169158025891360975e+00,3.169158025891360975e+00
1.128999999999980375e+01,9.199674686638269350e+01,3.169395626067764482e+00,3.169395626067764482e+00
1.129999999999980353e+01,9.206013717197343738e+01,3.169635643504892464e+00,3.169635643504892464e+00
1.130999999999980332e+01,9.212353230199113341e+01,3.169878064950698349e+00,3.169878064950698349e+00
1.131999999999980311e+01,9.218693230438383068e+01,3.170122877179358589e+00,3.170122877179358589e+00
1.132999999999980290e+01,9.225033722683511428e+01,3.170370066991380131e+00,3.170370066991380131e+00
1.133999999999980268e+01,9.231374711676485845e+01,3.170619621213729200e+00,3.170619621213729200e+00
1.134999999999980247e+01,9.237716202132997978e+01,3.170871526699959198e+00,3.170871526699959198e+00
1.135999999999980226e+01,9.244058198742445143e+01,3.171125770330314175e+00,3.171125770330314175e+00
1.136999999999980204e+01,9.250400706168024101e+01,3.171382339011850959e+00,3.171382339011850959e+00
1.137999999999980183e+01,9.256743729046768010e+01,3.171641219678588364e+00,3.171641219678588364e+00
1.138999999999980162e+01,9.263087271989610372e+01,3.171902399291607111e+00,3.171902399291607111e+00
1.139999999999980140e+01,9.269431339581431928e+01,3.172165864839175953e+00,3.172165864839175953e+00
1.140999999999980119e+01,9.275775936381116082e+01,3.172431603336867134e+00,3.172431603336867134e+00
1.141999999999980098e+01,9.282121066921602903e+01,3.172699601827669191e+00,3.172699601827669191e+00
1.142999999999980076e+01,9.288466735709954492e+01,3.172969847382118846e+00,3.172969847382118846e+00
1.143999999999980055e+01,9.294812947227384825e+01,3.173242327098423576e+00,3.173242327098423576e+00
1.144999999999980034e+01,9.301159705929354971e+01,3.173517028102555759e+00,3.173517028102555759e+00
1.145999999999980012e+01,9.307507016245587295e+01,3.173793937548405886e+00,3.173793937548405886e+00
1.146999999999979991e+01,9.313854882580139360e+01,3.174073042617838514e+00,3.174073042617838514e+00
1.147999999999979970e+01,9.320203309311476403e+01,3.174354330520847700e+00,3.174354330520847700e+00
1.148999999999979948e+01,9.326552300792496908e+01,3.174637788495697777e+00,3.174637788495697777e+00
1.149999999999979927e+01,9.332901861350610773e+01,3.174923403808994848e+00,3.174923403808994848e+00
1.150999999999979906e+01,9.339251995287791885e+01,3.175211163755798260e+00,3.175211163755798260e+00
1.151999999999979885e+01,9.345602706880626442e+01,3.175501055659768035e+00,3.175501055659768035e+00
1.152999999999979863e+01,9.351954000380372634e+01,3.175793066873245252e+00,3.175793066873245252e+00
1.153999999999979842e+01,9.358305880013033118e+01,3.176087184777380834e+00,3.176087184777380834e+00
1.154999999999979821e+01,9.364658349979396235e+01,3.176383396782240354e+00,3.176383396782240354e+00
1.155999999999979799e+01,9.371011414455105637e+01,3.176681690326899954e+00,3.176681690326899954e+00
1.156999999999979778e+01,9.377365077590695819e+01,3.176982052879603557e+00,3.176982052879603557e+00
1.157999999999979757e+01,9.383719343511685906e+01,3.177284471937806387e+00,3.177284471937806387e+00
1.158999999999979735e+01,9.390074216318615186e+01,3.177588935028331729e+00,3.177588935028331729e+00
1.159999999999979714e+01,9.396429700087084314e+01,3.177895429707485953e+00,3.177895429707485953e+00
1.160999999999979693e+01,9.402785798867871847e+01,3.178203943561121125e+00,3.178203943561121125e+00
1.161999999999979671e+01,9.409142516686927138e+01,3.178514464204738044e+00,3.178514464204738044e+00
1.162999999999979650e+01,9.415499857545482598e+01,3.178826979283645215e+00,3.178826979283645215e+00
1.163999999999979629e+01,9.421857825420067911e+01,3.179141476473024142e+00,3.179141476473024142e+00
1.164999999999979607e+01,9.428216424262610929e+01,3.179457943478027904e+00,3.179457943478027904e+00
1.165999999999979586e+01,9.434575658000481724e+01,3.179776368033912615e+00,3.179776368033912615e+00
1.166999999999979565e+01,9.440935530536530962e+01,3.180096737906147109e+00,3.180096737906147109e+00
1.167999999999979543e+01,9.447296045749197901e+01,3.180419040890466675e+00,3.180419040890466675e+00
1.168999999999979522e+01,9.453657207492517500e+01,3.180743264813004956e+00,3.180743264813004956e+00
1.169999999999979501e+01,9.460019019596224155e+01,3.181069397530389864e+00,3.181069397530389864e+00
1.170999999999979480e+01,9.466381485865785805e+01,3.181397426929839956e+00,3.181397426929839956e+00
1.171999999999979458e+01,9.472744610082489203e+01,3.181727340929277670e+00,3.181727340929277670e+00
1.172999999999979437e+01,9.479108396003472592e+01,3.182059127477395943e+00,3.182059127477395943e+00
1.173999999999979416e+01,9.485472847361805293e+01,3.182392774553779891e+00,3.182392774553779891e+00
1.174999999999979394e+01,9.491837967866553072e+01,3.182728270169016493e+00,3.182728270169016493e+00
1.175999999999979373e+01,9.498203761202836404e+01,3.183065602364743008e+00,3.183065602364743008e+00
1.176999999999979352e+01,9.504570231031878791e+01,3.183404759213787738e+00,3.183404759213787738e+00
1.177999999999979330e+01,9.510937380991084922e+01,3.183745728820229104e+00,3.183745728820229104e+00
1.178999999999979309e+01,9.517305214694104620e+01,3.184088499319516430e+00,3.184088499319516430e+00
1.179999999999979288e+01,9.523673735730874057e+01,3.184433058878544109e+00,3.184433058878544109e+00
1.180999999999979266e+01,9.530042947667729436e+01,3.184779395695760407e+00,3.184779395695760407e+00
1.181999999999979245e+01,9.536412854047388521e+01,3.185127498001241619e+00,3.185127498001241619e+00
1.182999999999979224e+01,9.542783458389095586e+01,3.185477354056768462e+00,3.185477354056768462e+00
1.183999999999979202e+01,9.549154764188635625e+01,3.185828952155941529e+00,3.185828952155941529e+00
1.184999999999979181e+01,9.555526774918418198e+01,3.186182280624262120e+00,3.186182280624262120e+00
1.185999999999979160e+01,9.561899494027538537e+01,3.186537327819224164e+00,3.186537327819224164e+00
1.186999999999979138e+01,9.568272924941818758e+01,3.186894082130373729e+00,3.186894082130373729e+00
1.187999999999979117e+01,9.574647071063920123e+01,3.187252531979432479e+00,3.187252531979432479e+00
1.188999999999979096e+01,9.581021935773367204e+01,3.187612665820347413e+00,3.187612665820347413e+00
1.189999999999979075e+01,9.587397522426614671e+01,3.187974472139393445e+00,3.187974472139393445e+00
1.190999999999979053e+01,9.593773834357139663e+01,3.188337939455278658e+00,3.188337939455278658e+00
1.191999999999979032e+01,9.600150874875478735e+01,3.188703056319174500e+00,3.188703056319174500e+00
1.192999999999979011e+01,9.606528647269301757e+01,3.189069811314824587e+00,3.189069811314824587e+00
1.193999999999978989e+01,9.612907154803488652e+01,3.189438193058617088e+00,3.189438193058617088e+00
1.194999999999978968e+01,9.619286400720174868e+01,3.189808190199684645e+00,3.189808190199684645e+00
1.195999999999978947e+01,9.625666388238829541e+01,3.190179791419967437e+00,3.190179791419967437e+00
1.196999999999978925e+01,9.632047120556320863e+01,3.190552985434281563e+00,3.190552985434281563e+00
1.197999999999978904e+01,9.638428600846978611e+01,3.190927760990393214e+00,3.190927760990393214e+00
1.198999999999978883e+01,9.644810832262663780e+01,3.191304106869127022e+00,3.191304106869127022e+00
1.199999999999978861e+01,9.651193817932824004e+01,3.191682011884407366e+00,3.191682011884407366e+00
1.200999999999978840e+01,9.657711373849335246e+01,3.258968956433603736e+00,3.258968956433603736e+00
1.201999999999978819e+01,9.664229694481194599e+01,3.259352135456347277e+00,3.259352135456347277e+00
1.202999999999978797e+01,9.670748783109293356e+01,3.259736948883727781e+00,3.259736948883727781e+00
1.203999999999978776e+01,9.677268642990384251e+01,3.260123384659569190e+00,3.260123384659569190e+00
1.204999999999978755e+01,9.683789277357129777e+01,3.260511430765778762e+00,3.260511430765778762e+00
1.205999999999978733e+01,9.690310689418214452e+01,3.260901075222437218e+00,3.260901075222437218e+00
1.206999999999978712e+01,9.696832882358371819e+01,3.261292306087833381e+00,3.261292306087833381e+00
1.207999999999978691e+01,9.703355859338523715e+01,3.261685111458535680e+00,3.261685111458535680e+00
1.208999999999978670e+01,9.709879623495803003e+01,3.262079479469483179e+00,3.262079479469483179e+00
1.209999999999978648e+01,9.716404177943654474e+01,3.262475398294018447e+00,3.262475398294018447e+00
1.210999999999978627e+01,9.722929525771905901e+01,3.262872856143973710e+00,3.262872856143973710e+00
1.211999999999978606e+01,9.729455670046856142e+01,3.263271841269717477e+00,3.263271841269717477e+00
1.212999999999978584e+01,9.735982613811336250e+01,3.263672341960219825e+00,3.263672341960219825e+00
1.213999999999978563e+01,9.742510360084784793e+01,3.264074346543103911e+00,3.264074346543103911e+00
1.214999999999978542e+01,9.749038911863361534e+01,3.264477843384716138e+00,3.264477843384716138e+00
1.215999999999978520e+01,9.755568272119965911e+01,3.264882820890189219e+00,3.264882820890189219e+00
1.216999999999978499e+01,9.762098443804369197e+01,3.265289267503480364e+00,3.265289267503480364e+00
1.217999999999978478e+01,9.768629429843258549e+01,3.265697171707427238e+00,3.265697171707427238e+00
1.218999999999978456e+01,9.775161233140330808e+01,3.266106522023818126e+00,3.266106522023818126e+00
1.219999999999978435e+01,9.781693856576356438e+01,3.266517307013445670e+00,3.266517307013445670e+00
1.220999999999978414e+01,9.788227303009279012e+01,3.266929515276137508e+00,3.266929515276137508e+00
1.221999999999978392e+01,9.794761575274266363e+01,3.267343135450820668e+00,3.267343135450820668e+00
1.222999999999978371e+01,9.801296676183820011e+01,3.267758156215577969e+00,3.267758156215577969e+00
1.223999999999978350e+01,9.807832608527827745e+01,3.268174566287677330e+00,3.268174566287677330e+00
1.224999999999978328e+01,9.814369375073643198e+01,3.268592354423645485e+00,3.268592354423645485e+00
1.225999999999978307e+01,9.820906978566191015e+01,3.269011509419299966e+00,3.269011509419299966e+00
1.226999999999978286e+01,9.827445421728012320e+01,3.269432020109781956e+00,3.269432020109781956e+00
1.227999999999978264e+01,9.833984707259354252e+01,3.269853875369634011e+00,3.269853875369634011e+00
1.228999999999978243e+01,9.840524837838269434e+01,3.270277064112809384e+00,3.270277064112809384e+00
1.229999999999978222e+01,9.847065816120677084e+01,3.270701575292731977e+00,3.270701575292731977e+00
1.230999999999978201e+01,9.853607644740408489e+01,3.271127397902343859e+00,3.271127397902343859e+00
1.231999999999978179e+01,9.860150326309366164e+01,3.271554520974132352e+00,3.271554520974132352e+00
1.232999999999978158e+01,9.866693863417530963e+01,3.271982933580164676e+00,3.271982933580164676e+00
1.233999999999978137e+01,9.873238258633070075e+01,3.272412624832138572e+00,3.272412624832138572e+00
1.234999999999978115e+01,9.879783514502423714e+01,3.272843583881426266e+00,3.272843583881426266e+00
1.235999999999978094e+01,9.886329633550357698e+01,3.273275799919093565e+00,3.273275799919093565e+00
1.236999999999978073e+01,9.892876618280077139e+01,3.273709262175922952e+00,3.273709262175922952e+00
1.237999999999978051e+01,9.899424471173280438e+01,3.274143959922479308e+00,3.274143959922479308e+00
1.238999999999978030e+01,9.905973194690244554e+01,3.274579882469132119e+00,3.274579882469132119e+00
1.239999999999978009e+01,9.912522791269913114e+01,3.275017019166087451e+00,3.275017019166087451e+00
1.240999999999977987e+01,9.919073263329964618e+01,3.275455359403397271e+00,3.275455359403397271e+00
1.241999999999977966e+01,9.925624613266894869e+01,3.275894892610984765e+00,3.275894892610984765e+00
1.242999999999977945e+01,9.932176843456115023e+01,3.276335608258731380e+00,3.276335608258731380e+00
1.243999999999977923e+01,9.938729956251992803e+01,3.276777495856467937e+00,3.276777495856467937e+00
1.244999999999977902e+01,9.945283953987977554e+01,3.277220544953970194e+00,3.277220544953970194e+00
1.245999999999977881e+01,9.951838838976637192e+01,3.277664745141029901e+00,3.277664745141029901e+00
1.246999999999977859e+01,9.958394613509778992e+01,3.278110086047436145e+00,3.278110086047436145e+00
1.247999999999977838e+01,9.964951279858500754e+01,3.278556557343037969e+00,3.278556557343037969e+00
1.248999999999977817e+01,9.971508840273274643e+01,3.279004148737752367e+00,3.279004148737752367e+00
1.249999999999977796e+01,9.978067296984039558e+01,3.279452849981560281e+00,3.279452849981560281e+00
1.250999999999977774e+01,9.984626652200279295e+01,3.279902650864577662e+00,3.279902650864577662e+00
1.251999999999977753e+01,9.991186908111079390e+01,3.280353541217019497e+00,3.280353541217019497e+00
1.252999999999977732e+01,9.997748066885250751e+01,3.280805510909232670e+00,3.280805510909232670e+00
1.253999999999977710e+01,1.000431013067137229e+02,3.281258549851744366e+00,3.281258549851744366e+00
1.254999999999977689e+01,1.001087310159787194e+02,3.281712647995237209e+00,3.281712647995237209e+00
1.255999999999977668e+01,1.001743698177314457e+02,3.282167795330580784e+00,3.282167795330580784e+00
1.256999999999977646e+01,1.002400177328558470e+02,3.282623981888842302e+00,3.282623981888842302e+00
1.257999999999977625e+01,1.003056747820370447e+02,3.283081197741287927e+00,3.283081197741287927e+00
1.258999999999977604e+01,1.003713409857619041e+02,3.283539432999412533e+00,3.283539432999412533e+00
1.259999999999977582e+01,1.004370163643199305e+02,3.283998677814913503e+00,3.283998677814913503e+00
1.260999999999977561e+01,1.005027009378040930e+02,3.284458922379753787e+00,3.284458922379753787e+00
1.261999999999977540e+01,1.005683947261116060e+02,3.284920156926134371e+00,3.284920156926134371e+00
1.262999999999977518e+01,1.006340977489446402e+02,3.285382371726499162e+00,3.285382371726499162e+00
1.263999999999977497e+01,1.006998100258114022e+02,3.285845557093541647e+00,3.285845557093541647e+00
1.264999999999977476e+01,1.007655315760265466e+02,3.286309703380208447e+00,3.286309703380208447e+00
1.265999999999977454e+01,1.008312624187123419e+02,3.286774800979705091e+00,3.286774800979705091e+00
1.266999999999977433e+01,1.008970025727992237e+02,3.287240840325508007e+00,3.287240840325508007e+00
1.267999999999977412e+01,1.009627520570267905e+02,3.287707811891363185e+00,3.287707811891363185e+00
1.268999999999977391e+01,1.010285108899444424e+02,3.288175706191256431e+00,3.288175706191256431e+00
1.269999999999977369e+01,1.010942790899122201e+02,3.288644513779443113e+00,3.288644513779443113e+00
1.270999999999977348e+01,1.011600566751017993e+02,3.289114225250437951e+00,3.289114225250437951e+00
1.271999999999977327e+01,1.012258436634970877e+02,3.289584831238993701e+00,3.289584831238993701e+00
1.272999999999977305e+01,1.012916400728950208e+02,3.290056322420118917e+00,3.290056322420118917e+00
1.273999999999977284e+01,1.013574459209064713e+02,3.290528689509084614e+00,3.290528689509084614e+00
1.274999999999977263e+01,1.014232612249571304e+02,3.291001923261361650e+00,3.291001923261361650e+00
1.275999999999977241e+01,1.014890860022879906e+02,3.291476014472645595e+00,3.291476014472645595e+00
1.276999999999977220e+01,1.015549202699564972e+02,3.291950953978863836e+00,3.291950953978863836e+00
1.277999999999977199e+01,1.016207640448372302e+02,3.292426732656159150e+00,3.292426732656159150e+00
1.278999999999977177e+01,1.016866173436226433e+02,3.292903341420859942e+00,3.292903341420859942e+00
1.279999999999977156e+01,1.017524801828239163e+02,3.293380771229476700e+00,3.293380771229476700e+00
1.280999999999977135e+01,1.018197629549113969e+02,3.364381195009682024e+00,3.364381195009682024e+00
1.281999999999977113e+01,1.018870554353780307e+02,3.364867046155890051e+00,3.364867046155890051e+00
1.282999999999977092e+01,1.019543576414776567e+02,3.365353755134901981e+00,3.365353755134901981e+00
1.283999999999977071e+01,1.020216695902699371e+02,3.365841312261971918e+00,3.365841312261971918e+00
1.284999999999977049e+01,1.020889912986213659e+02,3.366329707897453893e+00,3.366329707897453893e+00
1.285999999999977028e+01,1.021563227832059084e+02,3.366818932446715262e+00,3.366818932446715262e+00
1.286999999999977007e+01,1.022236640605063371e+02,3.367308976360154915e+00,3.367308976360154915e+00
1.287999999999976986e+01,1.022910151468147575e+02,3.367799830133158867e+00,3.367799830133158867e+00
1.288999999999976964e+01,1.023583760582335458e+02,3.368291484306055850e+00,3.368291484306055850e+00
1.289999999999976943e+01,1.024257468106764861e+02,3.368783929464098215e+00,3.368783929464098215e+00
1.290999999999976922e+01,1.024931274198693814e+02,3.369277156237437065e+00,3.369277156237437065e+00
1.291999999999976900e+01,1.025605179013512185e+02,3.369771155301076515e+00,3.369771155301076515e+00
1.292999999999976879e+01,1.026279182704749360e+02,3.370265917374831055e+00,3.370265917374831055e+00
1.293999999999976858e+01,1.026953285424080917e+02,3.370761433223277148e+00,3.370761433223277148e+00
1.294999999999976836e+01,1.027627487321341988e+02,3.371257693655724808e+00,3.371257693655724808e+00
1.295999999999976815e+01,1.028301788544534219e+02,3.371754689526201165e+00,3.371754689526201165e+00
1.296999999999976794e+01,1.028976189239832877e+02,3.372252411733380750e+00,3.372252411733380750e+00
1.297999999999976772e+01,1.029650689551598077e+02,3.372750851220557511e+00,3.372750851220557511e+00
1.298999999999976751e+01,1.030325289622384446e+02,3.373249998975584418e+00,3.373249998975584418e+00
1.299999999999976730e+01,1.030999989592946235e+02,3.373749846030849042e+00,3.373749846030849042e+00
1.300999999999976708e+01,1.031674789602251252e+02,3.374250383463214931e+00,3.374250383463214931e+00
1.301999999999976687e+01,1.032349689787483982e+02,3.374751602393990968e+00,3.374751602393990968e+00
1.302999999999976666e+01,1.033024690284060512e+02,3.375253493988860320e+00,3.375253493988860320e+00
1.303999999999976644e+01,1.033699791225633078e+02,3.375756049457817376e+00,3.375756049457817376e+00
1.304999999999976623e+01,1.034374992744100439e+02,3.376259260055181066e+00,3.376259260055181066e+00
1.305999999999976602e+01,1.035050294969617255e+02,3.376763117079490062e+00,3.376763117079490062e+00
1.306999999999976581e+01,1.035725698030600341e+02,3.377267611873463249e+00,3.377267611873463249e+00
1.307999999999976559e+01,1.036401202053742736e+02,3.377772735823942885e+00,3.377772735823942885e+00
1.308999999999976538e+01,1.037076807164017396e+02,3.378278480361848413e+00,3.378278480361848413e+00
1.309999999999976517e+01,1.037752513484686858e+02,3.378784836962119176e+00,3.378784836962119176e+00
1.310999999999976495e+01,1.038428321137315038e+02,3.379291797143658904e+00,3.379291797143658904e+00
1.311999999999976474e+01,1.039104230241772342e+02,3.379799352469272655e+00,3.379799352469272655e+00
1.312999999999976453e+01,1.039780240916247180e+02,3.380307494545609082e+00,3.380307494545609082e+00
1.313999999999976431e+01,1.040456353277253783e+02,3.380816215023106697e+00,3.380816215023106697e+00
1.314999999999976410e+01,1.041132567439640155e+02,3.381325505595936143e+00,3.381325505595936143e+00
1.315999999999976389e+01,1.041808883516597177e+02,3.381835358001918479e+00,3.381835358001918479e+00
1.316999999999976367e+01,1.042485301619670253e+02,3.382345764022462120e+00,3.382345764022462120e+00
1.317999999999976346e+01,1.043161821858761442e+02,3.382856715482529975e+00,3.382856715482529975e+00
1.318999999999976325e+01,1.043838444342144669e+02,3.383368204250556399e+00,3.383368204250556399e+00
1.319999999999976303e+01,1.044515169176471119e+02,3.383880222238364599e+00,3.383880222238364599e+00
1.320999999999976282e+01,1.045191996466779898e+02,3.384392761401138650e+00,3.384392761401138650e+00
1.321999999999976261e+01,1.045868926316503718e+02,3.384905813737328018e+00,3.384905813737328018e+00
1.322999999999976239e+01,1.046545958827479978e+02,3.385419371288559631e+00,3.385419371288559631e+00
1.323999999999976218e+01,1.047223094099959440e+02,3.385933426139608127e+00,3.385933426139608127e+00
1.324999999999976197e+01,1.047900332232612897e+02,3.386447970418302145e+00,3.386447970418302145e+00
1.325999999999976176e+01,1.048577673322542125e+02,3.386962996295458606e+00,3.386962996295458606e+00
1.326999999999976154e+01,1.049255117465286276e+02,3.387478495984816984e+00,3.387478495984816984e+00
1.327999999999976133e+01,1.049932664754832530e+02,3.387994461742941166e+00,3.387994461742941166e+00
1.328999999999976112e+01,1.050610315283622924e+02,3.388510885869176370e+00,3.388510885869176370e+00
1.329999999999976090e+01,1.051288069142564012e+02,3.389027760705559444e+00,3.389027760705559444e+00
1.330999999999976069e+01,1.051965926421034823e+02,3.389545078636724718e+00,3.389545078636724718e+00
1.331999999999976048e+01,1.052643887206896522e+02,3.390062832089845379e+00,3.390062832089845379e+00
1.332999999999976026e+01,1.053321951586498102e+02,3.390581013534561095e+00,3.390581013534561095e+00
1.333999999999976005e+01,1.054000119644687601e+02,3.391099615482880303e+00,3.391099615482880303e+00
1.334999999999975984e+01,1.054678391464820919e+02,3.391618630489110942e+00,3.391618630489110942e+00
1.335999999999975962e+01,1.055356767128767501e+02,3.392138051149771183e+00,3.392138051149771183e+00
1.336999999999975941e+01,1.056035246716920000e+02,3.392657870103513496e+00,3.392657870103513496e+00
1.337999999999975920e+01,1.056713830308205075e+02,3.393178080031033605e+00,3.393178080031033605e+00
1.338999999999975898e+01,1.057392517980086382e+02,3.393698673655011433e+00,3.393698673655011433e+00
1.339999999999975877e+01,1.058071309808580764e+02,3.394219643739977421e+00,3.394219643739977421e+00
1.340999999999975856e+01,1.058750205868257694e+02,3.394740983092279230e+00,3.394740983092279230e+00
1.341999999999975834e+01,1.059429206232255609e+02,3.395262684559958277e+00,3.395262684559958277e+00
1.342999999999975813e+01,1.060108310972284329e+02,3.395784741032686682e+00,3.395784741032686682e+00
1.343999999999975792e+01,1.060787520158637136e+02,3.396307145441662012e+00,3.396307145441662012e+00
1.344999999999975770e+01,1.061466833860196886e+02,3.396829890759511805e+00,3.396829890759511805e+00
1.345999999999975749e+01,1.062146252144445384e+02,3.397352970000222072e+00,3.397352970000222072e+00
1.346999999999975728e+01,1.062825775077471064e+02,3.397876376219035155e+00,3.397876376219035155e+00
1.347999999999975707e+01,1.063505402723978790e+02,3.398400102512374676e+00,3.398400102512374676e+00
1.348999999999975685e+01,1.064185135147295114e+02,3.398924142017720751e+00,3.398924142017720751e+00
1.349999999999975664e+01,1.064864972409378936e+02,3.399448487913545147e+00,3.399448487913545147e+00
1.350999999999975643e+01,1.065544914570829889e+02,3.399973133419205595e+00,3.399973133419205595e+00
1.351999999999975621e+01,1.066224961690893309e+02,3.400498071794834321e+00,3.400498071794834321e+00
1.352999999999975600e+01,1.066905113827473173e+02,3.401023296341270541e+00,3.401023296341270541e+00
1.353999999999975579e+01,1.067585371037135502e+02,3.401548800399953443e+00,3.401548800399953443e+00
1.354999999999975557e+01,1.068265733375120305e+02,3.402074577352827145e+00,3.402074577352827145e+00
1.355999999999975536e+01,1.068946200895346976e+02,3.402600620622238115e+00,3.402600620622238115e+00
1.356999999999975515e+01,1.069626773650423388e+02,3.403126923670837467e+00,3.403126923670837467e+00
1.357999999999975493e+01,1.070307451691655132e+02,3.403653480001468612e+00,3.403653480001468612e+00
1.358999999999975472e+01,1.070988235069051342e+02,3.404180283157081544e+00,3.404180283157081544e+00
1.359999999999975451e+01,1.071669123831333508e+02,3.404707326720623595e+00,3.404707326720623595e+00
1.360999999999975429e+01,1.072365017806164360e+02,3.479738310900184484e+00,3.479738310900184484e+00
1.361999999999975408e+01,1.073061019184691816e+02,3.480275456346622498e+00,3.480275456346622498e+00
1.362999999999975387e+01,1.073757128017464169e+02,3.480812851104533312e+00,3.480812851104533312e+00
1.363999999999975365e+01,1.074453344353659361e+02,3.481350488342781269e+00,3.481350488342781269e+00
1.364999999999975344e+01,1.075149668241093650e+02,3.481888361274415811e+00,3.481888361274415811e+00
1.365999999999975323e+01,1.075846099726229141e+02,3.482426463156567564e+00,3.482426463156567564e+00
1.366999999999975302e+01,1.076542638854185157e+02,3.482964787290336872e+00,3.482964787290336872e+00
1.367999999999975280e+01,1.077239285668744913e+02,3.483503327020649021e+00,3.483503327020649021e+00
1.368999999999975259e+01,1.077936040212364759e+02,3.484042075736113464e+00,3.484042075736113464e+00
1.369999999999975238e+01,1.078632902526184694e+02,3.484581026868905251e+00,3.484581026868905251e+00
1.370999999999975216e+01,1.079329872650033337e+02,3.485120173894652673e+00,3.485120173894652673e+00
1.371999999999975195e+01,1.080026950622440722e+02,3.485659510332283162e+00,3.485659510332283162e+00
1.372999999999975174e+01,1.080724136480643693e+02,3.486199029743915379e+00,3.486199029743915379e+00
1.373999999999975152e+01,1.081421430260594718e+02,3.486738725734723321e+00,3.486738725734723321e+00
1.374999999999975131e+01,1.082118831996974535e+02,3.487278591952799101e+00,3.487278591952799101e+00
1.375999999999975110e+01,1.082816341723196842e+02,3.487818622089031706e+00,3.487818622089031706e+00
1.376999999999975088e+01,1.083513959471415689e+02,3.488358809876930255e+00,3.488358809876930255e+00
1.377999999999975067e+01,1.084211685272537551e+02,3.488899149092574703e+00,3.488899149092574703e+00
1.378999999999975046e+01,1.084909519156230431e+02,3.489439633554416886e+00,3.489439633554416886e+00
1.379999999999975024e+01,1.085607461150926838e+02,3.489980257123133534e+00,3.489980257123133534e+00
1.380999999999975003e+01,1.086305511283836438e+02,3.490521013701560982e+00,3.490521013701560982e+00
1.381999999999974982e+01,1.087003669580956142e+02,3.491061897234490008e+00,3.491061897234490008e+00
1.382999999999974960e+01,1.087701936067072097e+02,3.491602901708573459e+00,3.491602901708573459e+00
1.383999999999974939e+01,1.088400310765775600e+02,3.492144021152166822e+00,3.492144021152166822e+00
1.384999999999974918e+01,1.089098793699465233e+02,3.492685249635188782e+00,3.492685249635188782e+00
1.385999999999974897e+01,1.089797384889358938e+02,3.493226581268996433e+00,3.493226581268996433e+00
1.386999999999974875e+01,1.090496084355501409e+02,3.493768010206248942e+00,3.493768010206248942e+00
1.387999999999974854e+01,1.091194892116769921e+02,3.494309530640754780e+00,3.494309530640754780e+00
1.388999999999974833e+01,1.091893808190887825e+02,3.494851136807336722e+00,3.494851136807336722e+00
1.389999999999974811e+01,1.092592832594425971e+02,3.495392822981689740e+00,3.495392822981689740e+00
1.390999999999974790e+01,1.093291965342817065e+02,3.495934583480243329e+00,3.495934583480243329e+00
1.391999999999974769e+01,1.093991206450361346e+02,3.496476412660036281e+00,3.496476412660036281e+00
1.392999999999974747e+01,1.094690555930231426e+02,3.497018304918540377e+00,3.497018304918540377e+00
1.393999999999974726e+01,1.095390013794486919e+02,3.497560254693520942e+00,3.497560254693520942e+00
1.394999999999974705e+01,1.096089580054077146e+02,3.498102256462923165e+00,3.498102256462923165e+00
1.395999999999974683e+01,1.096789254718851652e+02,3.498644304744697120e+00,3.498644304744697120e+00
1.396999999999974662e+01,1.097489037797567164e+02,3.499186394096688968e+00,3.499186394096688968e+00
1.397999999999974641e+01,1.098188929297895982e+02,3.499728519116467318e+00,3.499728519116467318e+00
1.398999999999974619e+01,1.098888929226434215e+02,3.500270674441186891e+00,3.500270674441186891e+00
1.399999999999974598e+01,1.099589037588708891e+02,3.500812854747434866e+00,3.500812854747434866e+00
1.400999999999974577e+01,1.100289254389187477e+02,3.501355054751098983e+00,3.501355054751098983e+00
1.401999999999974555e+01,1.100989579631283277e+02,3.501897269207217445e+00,3.501897269207217445e+00
1.402999999999974534e+01,1.101690013317365100e+02,3.502439492909827923e+00,3.502439492909827923e+00
1.403999999999974513e+01,1.102390555448763365e+02,3.502981720691816570e+00,3.502981720691816570e+00
1.404999999999974492e+01,1.103091206025780195e+02,3.503523947424777241e+00,3.503523947424777241e+00
1.405999999999974470e+01,1.103791965047696095e+02,3.504066168018870275e+00,3.504066168018870275e+00
1.406999999999974449e+01,1.104492832512776772e+02,3.504608377422649301e+00,3.504608377422649301e+00
1.407999999999974428e+01,1.105193808418280383e+02,3.505150570622940887e+00,3.505150570622940887e+00
1.408999999999974406e+01,1.105894892760468622e+02,3.505692742644672677e+00,3.505692742644672677e+00
1.409999999999974385e+01,1.106596085534610410e+02,3.506234888550744611e+00,3.506234888550744611e+00
1.410999999999974364e+01,1.107297386734990994e+02,3.506777003441863272e+00,3.506777003441863272e+00
1.411999999999974342e+01,1.107998796354921609e+02,3.507319082456401560e+00,3.507319082456401560e+00
1.412999999999974321e+01,1.108700314386741610e+02,3.507861120770237484e+00,3.507861120770237484e+00
1.413999999999974300e+01,1.109401940821830976e+02,3.508403113596601841e+00,3.508403113596601841e+00
1.414999999999974278e+01,1.110103675650616566e+02,3.508945056185944544e+00,3.508945056185944544e+00
1.415999999999974257e+01,1.110805518862578651e+02,3.509486943825752547e+00,3.509486943825752547e+00
1.416999999999974236e+01,1.111507470446257742e+02,3.510028771840437045e+00,3.510028771840437045e+00
1.417999999999974214e+01,1.112209530389264955e+02,3.510570535591167385e+00,3.510570535591167385e+00
1.418999999999974193e+01,1.112911698678284864e+02,3.511112230475697871e+00,3.511112230475697871e+00
1.419999999999974172e+01,1.113613975299086860e+02,3.511653851928231429e+00,3.511653851928231429e+00
1.420999999999974150e+01,1.114316360236530272e+02,3.512195395419261512e+00,3.512195395419261512e+00
1.421999999999974129e+01,1.115018853474572467e+02,3.512736856455426437e+00,3.512736856455426437e+00
1.422999999999974108e+01,1.115721454996274957e+02,3.513278230579358397e+00,3.513278230579358397e+00
1.423999999999974087e+01,1.116424164783812927e+02,3.513819513369520031e+00,3.513819513369520031e+00
1.424999999999974065e+01,1.117126982818478638e+02,3.514360700440038343e+00,3.514360700440038343e+00
1.425999999999974044e+01,1.117829909080692374e+02,3.514901787440578573e+00,3.514901787440578573e+00
1.426999999999974023e+01,1.118532943550007985e+02,3.515442770056179889e+00,3.515442770056179889e+00
1.427999999999974001e+01,1.119236086205118994e+02,3.515983644007085740e+00,3.515983644007085740e+00
1.428999999999973980e+01,1.119939337023867267e+02,3.516524405048602198e+00,3.516524405048602198e+00
1.429999999999973959e+01,1.120642695983247421e+02,3.517065048970948293e+00,3.517065048970948293e+00
1.430999999999973937e+01,1.121346163059417762e+02,3.517605571599082825e+00,3.517605571599082825e+00
1.431999999999973916e+01,1.122049738227704552e+02,3.518145968792572909e+00,3.518145968792572909e+00
1.432999999999973895e+01,1.122753421462608685e+02,3.518686236445419002e+00,3.518686236445419002e+00
1.433999999999973873e+01,1.123457212737813791e+02,3.519226370485889266e+00,3.519226370485889266e+00
1.434999999999973852e+01,1.124161112026191773e+02,3.519766366876399211e+00,3.519766366876399211e+00
1.435999999999973831e+01,1.124865119299812761e+02,3.520306221613337172e+00,3.520306221613337172e+00
1.436999999999973809e+01,1.125569234529946385e+02,3.520845930726901329e+00,3.520845930726901329e+00
1.437999999999973788e+01,1.126273457687074568e+02,3.521385490280944275e+00,3.521385490280944275e+00
1.438999999999973767e+01,1.126977788740891953e+02,3.521924896372828684e+00,3.521924896372828684e+00
1.439999999999973745e+01,1.127682227660320109e+02,3.522464145133259894e+00,3.522464145133259894e+00
1.440999999999973724e+01,1.128386774413506970e+02,3.523003232726131806e+00,3.523003232726131806e+00
1.441999999999973703e+01,1.129091428967837771e+02,3.523542155348384775e+00,3.523542155348384775e+00
1.442999999999973681e+01,1.129796191289940310e+02,3.524080909229805325e+00,3.524080909229805325e+00
1.443999999999973660e+01,1.130501061345691625e+02,3.524619490632913799e+00,3.524619490632913799e+00
1.444999999999973639e+01,1.131206039100224388e+02,3.525157895852827128e+00,3.525157895852827128e+00
1.445999999999973618e+01,1.131911124517933445e+02,3.525696121217027468e+00,3.525696121217027468e+00
1.446999999999973596e+01,1.132616317562482919e+02,3.526234163085248952e+00,3.526234163085248952e+00
1.447999999999973575e+01,1.133321618196810761e+02,3.526772017849335139e+00,3.526772017849335139e+00
1.448999999999973554e+01,1.134027026383138974e+02,3.527309681933051611e+00,3.527309681933051611e+00
1.449999999999973532e+01,1.134732542082974192e+02,3.527847151791947855e+00,3.527847151791947855e+00
1.450999999999973511e+01,1.135438165257120886e+02,3.528384423913197843e+00,3.528384423913197843e+00
1.451999999999973490e+01,1.136143895865680662e+02,3.528921494815433935e+00,3.528921494815433935e+00
1.452999999999973468e+01,1.136849733868064618e+02,3.529458361048593673e+00,3.529458361048593673e+00
1.453999999999973447e+01,1.137555679222995622e+02,3.529995019193771011e+00,3.529995019193771011e+00
1.454999999999973426e+01,1.138261731888516124e+02,3.530531465863044893e+00,3.530531465863044893e+00
1.455999999999973404e+01,1.138967891821994698e+02,3.531067697699318941e+00,3.531067697699318941e+00
1.456999999999973383e+01,1.139674158980131295e+02,3.531603711376201993e+00,3.531603711376201993e+00
1.457999999999973362e+01,1.140380533318961511e+02,3.532139503597813146e+00,3.532139503597813146e+00
1.458999999999973340e+01,1.141087014793868661e+02,3.532675071098627217e+00,3.532675071098627217e+00
1.459999999999973319e+01,1.141793603359583500e+02,3.533210410643334409e+00,3.533210410643334409e+00
1.460999999999973298e+01,1.142500298970193171e+02,3.533745519026686210e+00,3.533745519026686210e+00
1.461999999999973276e+01,1.143207101579146610e+02,3.534280393073322646e+00,3.534280393073322646e+00
1.462999999999973255e+01,1.143914011139260936e+02,3.534815029637607520e+00,3.534815029637607520e+00
1.463999999999973234e+01,1.144621027602727708e+02,3.535349425603499185e+00,3.535349425603499185e+00
1.464999999999973213e+01,1.145328150921116332e+02,3.535883577884387119e+00,3.535883577884387119e+00
1.465999999999973191e+01,1.146035381045384440e+02,3.536417483422910735e+00,3.536417483422910735e+00
1.466999999999973170e+01,1.146742717925878594e+02,3.536951139190821713e+00,3.536951139190821713e+00
1.467999999999973149e+01,1.147450161512344380e+02,3.537484542188863212e+00,3.537484542188863212e+00
1.468999999999973127e+01,1.148157711753929249e+02,3.538017689446531389e+00,3.538017689446531389e+00
1.469999999999973106e+01,1.148865368599190759e+02,3.538550578021993243e+00,3.538550578021993243e+00
1.470999999999973085e+01,1.149573131996099988e+02,3.539083205001908095e+00,3.539083205001908095e+00
1.471999999999973063e+01,1.150281001892047641e+02,3.539615567501263271e+00,3.539615567501263271e+00
1.472999999999973042e+01,1.150988978233851583e+02,3.540147662663210237e+00,3.540147662663210237e+00
1.473999999999973021e+01,1.151697060967760109e+02,3.540679487658928259e+00,3.540679487658928259e+00
1.474999999999972999e+01,1.152405250039458906e+02,3.541211039687472528e+00,3.541211039687472528e+00
1.475999999999972978e+01,1.153113545394076880e+02,3.541742315975620059e+00,3.541742315975620059e+00
1.476999999999972957e+01,1.153821946976189565e+02,3.542273313777679178e+00,3.542273313777679178e+00
1.477999999999972935e+01,1.154530454729828080e+02,3.542804030375376723e+00,3.542804030375376723e+00
1.478999999999972914e+01,1.155239068598480117e+02,3.543334463077686181e+00,3.543334463077686181e+00
1.479999999999972893e+01,1.155947788525099753e+02,3.543864609220671369e+00,3.543864609220671369e+00
1.480999999999972871e+01,1.156656614452111285e+02,3.544394466167336777e+00,3.544394466167336777e+00
1.481999999999972850e+01,1.157365546321412921e+02,3.544924031307487677e+00,3.544924031307487677e+00
1.482999999999972829e+01,1.158074584074382756e+02,3.545453302057542277e+00,3.545453302057542277e+00
1.483999999999972808e+01,1.158783727651888569e+02,3.545982275860403821e+00,3.545982275860403821e+00
1.484999999999972786e+01,1.159492976994286551e+02,3.546510950185302491e+00,3.546510950185302491e+00
1.485999999999972765e+01,1.160202332041428122e+02,3.547039322527643979e+00,3.547039322527643979e+00
1.486999999999972744e+01,1.160911792732669028e+02,3.547567390408854049e+00,3.547567390408854049e+00
1.487999999999972722e+01,1.161621359006870620e+02,3.548095151376230216e+00,3.548095151376230216e+00
1.488999999999972701e+01,1.162331030802406957e+02,3.548622603002773879e+00,3.548622603002773879e+00
1.489999999999972680e+01,1.163040808057168221e+02,3.549149742887063308e+00,3.549149742887063308e+00
1.490999999999972658e+01,1.163750690708567959e+02,3.549676568653088893e+00,3.549676568653088893e+00
1.491999999999972637e+01,1.164460678693546498e+02,3.550203077950095043e+00,3.550203077950095043e+00
1.492999999999972616e+01,1.165170771948576345e+02,3.550729268452430532e+00,3.550729268452430532e+00
1.493999999999972594e+01,1.165880970409667867e+02,3.551255137859416156e+00,3.551255137859416156e+00
1.494999999999972573e+01,1.166591274012373702e+02,3.551780683895172430e+00,3.551780683895172430e+00
1.495999999999972552e+01,1.167301682691792735e+02,3.552305904308489470e+00,3.552305904308489470e+00
1.496999999999972530e+01,1.168012196382578054e+02,3.552830796872653796e+00,3.552830796872653796e+00
1.497999999999972509e+01,1.168722815018938519e+02,3.553355359385310663e+00,3.553355359385310663e+00
1.498999999999972488e+01,1.169433538534644441e+02,3.553879589668320182e+00,3.553879589668320182e+00
1.499999999999972466e+01,1.170144366863034406e+02,3.554403485567600551e+00,3.554403485567600551e+00
1.500999999999972445e+01,1.170855299937017122e+02,3.554927044952981507e+00,3.554927044952981507e+00
1.501999999999972424e+01,1.171566337689079091e+02,3.555450265718050673e+00,3.555450265718050673e+00
1.502999999999972403e+01,1.172277480051287171e+02,3.555973145780021660e+00,3.555973145780021660e+00
1.503999999999972381e+01,1.172988726955293401e+02,3.556495683079563541e+00,3.556495683079563541e+00
1.504999999999972360e+01,1.173700078332340979e+02,3.557017875580668065e+00,3.557017875580668065e+00
1.505999999999972339e+01,1.174411534113268516e+02,3.557539721270502664e+00,3.557539721270502664e+00
1.506999999999972317e+01,1.175123094228514162e+02,3.558061218159255468e+00,3.558061218159255468e+00
1.507999999999972296e+01,1.175834758608118875e+02,3.558582364280001631e+00,3.558582364280001631e+00
1.508999999999972275e+01,1.176546527181735229e+02,3.559103157688541685e+00,3.559103157688541685e+00
1.509999999999972253e+01,1.177258399878627131e+02,3.559623596463262540e+00,3.559623596463262540e+00
1.510999999999972232e+01,1.177970376627677069e+02,3.560143678704995374e+00,3.560143678704995374e+00
1.511999999999972211e+01,1.178682457357390945e+02,3.560663402536878852e+00,3.560663402536878852e+00
1.512999999999972189e+01,1.179394641995899349e+02,3.561182766104193931e+00,3.561182766104193931e+00
1.513999999999972168e+01,1.180106930470966091e+02,3.561701767574231070e+00,3.561701767574231070e+00
1.514999999999972147e+01,1.180819322709989621e+02,3.562220405136145462e+00,3.562220405136145462e+00
1.515999999999972125e+01,1.181531818640008140e+02,3.562738677000817145e+00,3.562738677000817145e+00
1.516999999999972104e+01,1.182244418187705861e+02,3.563256581400699119e+00,3.563256581400699119e+00
1.517999999999972083e+01,1.182957121279413570e+02,3.563774116589684127e+00,3.563774116589684127e+00
1.518999999999972061e+01,1.183669927841116305e+02,3.564291280842958098e+00,3.564291280842958098e+00
1.519999999999972040e+01,1.184382837798454915e+02,3.564808072456856269e+00,3.564808072456856269e+00
1.520999999999972019e+01,1.185095851076733027e+02,3.565324489748721071e+00,3.565324489748721071e+00
1.521999999999971998e+01,1.185808967600920596e+02,3.565840531056772900e+00,3.565840531056772900e+00
1.522999999999971976e+01,1.186522187295654334e+02,3.566356194739948915e+00,3.566356194739948915e+00
1.523999999999971955e+01,1.187235510085246801e+02,3.566871479177781357e+00,3.566871479177781357e+00
1.524999999999971934e+01,1.187948935893688827e+02,3.567386382770257214e+00,3.567386382770257214e+00
1.525999999999971912e+01,1.188662464644651635e+02,3.567900903937669010e+00,3.567900903937669010e+00
1.526999999999971891e+01,1.189376096261495093e+02,3.568415041120480691e+00,3.568415041120480691e+00
1.527999999999971870e+01,1.190089830667266568e+02,3.568928792779168635e+00,3.568928792779168635e+00
1.528999999999971848e+01,1.190803667784708466e+02,3.569442157394125736e+00,3.569442157394125736e+00
1.529999999999971827e+01,1.191517607536262204e+02,3.569955133465504193e+00,3.569955133465504193e+00
1.530999999999971806e+01,1.192231649844069779e+02,3.570467719513058746e+00,3.570467719513058746e+00
1.531999999999971784e+01,1.192945794629979162e+02,3.570979914076027217e+00,3.570979914076027217e+00
1.532999999999971763e+01,1.193660041815549846e+02,3.571491715713003501e+00,3.571491715713003501e+00
1.533999999999971742e+01,1.194374391322052560e+02,3.572003123001791902e+00,3.572003123001791902e+00
1.534999999999971720e+01,1.195088843070477225e+02,3.572514134539261921e+00,3.572514134539261921e+00
1.535999999999971699e+01,1.195803396981534519e+02,3.573024748941231010e+00,3.573024748941231010e+00
1.536999999999971678e+01,1.196518052975659998e+02,3.573534964842325135e+00,3.573534964842325135e+00
1.537999999999971656e+01,1.197232810973018360e+02,3.574044780895831774e+00,3.574044780895831774e+00
1.538999999999971635e+01,1.197947670893506569e+02,3.574554195773584464e+00,3.574554195773584464e+00
1.539999999999971614e+01,1.198662632656757694e+02,3.575063208165831341e+00,3.575063208165831341e+00
1.540999999999971593e+01,1.199377696182145172e+02,3.575571816781080603e+00,3.575571816781080603e+00
1.541999999999971571e+01,1.200092861388785366e+02,3.576080020345979715e+00,3.576080020345979715e+00
1.542999999999971550e+01,1.200808128195542253e+02,3.576587817605193287e+00,3.576587817605193287e+00
1.543999999999971529e+01,1.201523496521029415e+02,3.577095207321266734e+00,3.577095207321266734e+00
1.544999999999971507e+01,1.202238966283616293e+02,3.577602188274479289e+00,3.577602188274479289e+00
1.545999999999971486e+01,1.202954537401430741e+02,3.578108759262740968e+00,3.578108759262740968e+00
1.546999999999971465e+01,1.203670209792358037e+02,3.578614919101444691e+00,3.578614919101444691e+00
1.547999999999971443e+01,1.204385983374053239e+02,3.579120666623345492e+00,3.579120666623345492e+00
1.548999999999971422e+01,1.205101858063937499e+02,3.579626000678420628e+00,3.579626000678420628e+00
1.549999999999971401e+01,1.205817833779200612e+02,3.580130920133769212e+00,3.580130920133769212e+00
1.550999999999971379e+01,1.206533910436813670e+02,3.580635423873449685e+00,3.580635423873449685e+00
1.551999999999971358e+01,1.207250087953521387e+02,3.581139510798367898e+00,3.581139510798367898e+00
1.552999999999971337e+01,1.207966366245852612e+02,3.581643179826158541e+00,3.581643179826158541e+00
1.553999999999971315e+01,1.208682745230120048e+02,3.582146429891044370e+00,3.582146429891044370e+00
1.554999999999971294e+01,1.209399224822425936e+02,3.582649259943719855e+00,3.582649259943719855e+00
1.555999999999971273e+01,1.210115804938665747e+02,3.583151668951226831e+00,3.583151668951226831e+00
1.556999999999971251e+01,1.210832485494525059e+02,3.583653655896821277e+00,3.583653655896821277e+00
1.557999999999971230e+01,1.211549266405492915e+02,3.584155219779857404e+00,3.584155219779857404e+00
1.558999999999971209e+01,1.212266147586857414e+02,3.584656359615664201e+00,3.584656359615664201e+00
1.559999999999971187e+01,1.212983128953710690e+02,3.585157074435428637e+00,3.585157074435428637e+00
1.560999999999971166e+01,1.213700210420954875e+02,3.585657363286047783e+00,3.585657363286047783e+00
1.561999999999971145e+01,1.214417391903302104e+02,3.586157225230034662e+00,3.586157225230034662e+00
1.562999999999971124e+01,1.215134673315276785e+02,3.586656659345387688e+00,3.586656659345387688e+00
1.563999999999971102e+01,1.215852054571222993e+02,3.587155664725463655e+00,3.587155664725463655e+00
1.564999999999971081e+01,1.216569535585304465e+02,3.587654240478856948e+00,3.587654240478856948e+00
1.565999999999971060e+01,1.217287116271506449e+02,3.588152385729289851e+00,3.588152385729289851e+00
1.566999999999971038e+01,1.218004796543642811e+02,3.588650099615483757e+00,3.588650099615483757e+00
1.567999999999971017e+01,1.218722576315354615e+02,3.589147381291056593e+00,3.589147381291056593e+00
1.568999999999970996e+01,1.219440455500116656e+02,3.589644229924391361e+00,3.589644229924391361e+00
1.569999999999970974e+01,1.220158434011238029e+02,3.590140644698515349e+00,3.590140644698515349e+00
1.570999999999970953e+01,1.220876511761866965e+02,3.590636624810979338e+00,3.590636624810979338e+00
1.571999999999970932e+01,1.221594688664989548e+02,3.591132169473759017e+00,3.591132169473759017e+00
1.572999999999970910e+01,1.222312964633441084e+02,3.591627277913131078e+00,3.591627277913131078e+00
1.573999999999970889e+01,1.223031339579898855e+02,3.592121949369548428e+00,3.592121949369548428e+00
1.574999999999970868e+01,1.223749813416890362e+02,3.592616183097543381e+00,3.592616183097543381e+00
1.575999999999970846e+01,1.224468386056797300e+02,3.593109978365587320e+00,3.593109978365587320e+00
1.576999999999970825e+01,1.225187057411855562e+02,3.593603334456003218e+00,3.593603334456003218e+00
1.577999999999970804e+01,1.225905827394157797e+02,3.594096250664835068e+00,3.594096250664835068e+00
1.578999999999970782e+01,1.226624695915659515e+02,3.594588726301746640e+00,3.594588726301746640e+00
1.579999999999970761e+01,1.227343662888177391e+02,3.595080760689902455e+00,3.595080760689902455e+00
1.580999999999970740e+01,1.228062728223395368e+02,3.595572353165859880e+00,3.595572353165859880e+00
1.581999999999970719e+01,1.228781891832864375e+02,3.596063503079452772e+00,3.596063503079452772e+00
1.582999999999970697e+01,1.229501153628009007e+02,3.596554209793676904e+00,3.596554209793676904e+00
1.583999999999970676e+01,1.230220513520126104e+02,3.597044472684597594e+00,3.597044472684597594e+00
1.584999999999970655e+01,1.230939971420388730e+02,3.597534291141223139e+00,3.597534291141223139e+00
1.585999999999970633e+01,1.231659527239851002e+02,3.598023664565401791e+00,3.598023664565401791e+00
1.586999999999970612e+01,1.232379180889446388e+02,3.598512592371718721e+00,3.598512592371718721e+00
1.587999999999970591e+01,1.233098932279994528e+02,3.599001073987380561e+00,3.599001073987380561e+00
1.588999999999970569e+01,1.233818781322199953e+02,3.599489108852109709e+00,3.599489108852109709e+00
1.589999999999970548e+01,1.234538727926658197e+02,3.599976696418043520e+00,3.599976696418043520e+00
1.590999999999970527e+01,1.235258772003854943e+02,3.600463836149609076e+00,3.600463836149609076e+00
1.591999999999970505e+01,1.235978913464170432e+02,3.600950527523441469e+00,3.600950527523441469e+00
1.592999999999970484e+01,1.236699152217881590e+02,3.601436770028280332e+00,3.601436770028280332e+00
1.593999999999970463e+01,1.237419488175164020e+02,3.601922563164839275e+00,3.601922563164839275e+00
1.594999999999970441e+01,1.238139921246096549e+02,3.602407906445712182e+00,3.602407906445712182e+00
1.595999999999970420e+01,1.238860451340657960e+02,3.602892799395289281e+00,3.602892799395289281e+00
1.596999999999970399e+01,1.239581078368735376e+02,3.603377241549628796e+00,3.603377241549628796e+00
1.597999999999970377e+01,1.240301802240125824e+02,3.603861232456380126e+00,3.603861232456380126e+00
1.598999999999970356e+01,1.241022622864534100e+02,3.604344771674635517e+00,3.604344771674635517e+00
1.599999999999970335e+01,1.241743540151579026e+02,3.604827858774890093e+00,3.604827858774890093e+00
1.600999999999970314e+01,1.242464554010795439e+02,3.605310493338907296e+00,3.605310493338907296e+00
1.601999999999970470e+01,1.243185664351634045e+02,3.605792674959617639e+00,3.605792674959617639e+00
1.602999999999970626e+01,1.243906871083467252e+02,3.606274403241016557e+00,3.606274403241016557e+00
1.603999999999970782e+01,1.244628174115586319e+02,3.606755677798094695e+00,3.606755677798094695e+00
1.604999999999970939e+01,1.245349573357211881e+02,3.607236498256709112e+00,3.607236498256709112e+00
1.605999999999971095e+01,1.246071068717485417e+02,3.607716864253484701e+00,3.607716864253484701e+00
1.606999999999971251e+01,1.246792660105478916e+02,3.608196775435733361e+00,3.608196775435733361e+00
1.607999999999971408e+01,1.247514347430194590e+02,3.608676231461366957e+00,3.608676231461366957e+00
1.608999999999971564e+01,1.248236130600568572e+02,3.609155231998764535e+00,3.609155231998764535e+00
1.609999999999971720e+01,1.248958009525471482e+02,3.609633776726695942e+00,3.609633776726695942e+00
1.610999999999971877e+01,1.249679984113706581e+02,3.610111865334240999e+00,3.610111865334240999e+00
1.611999999999972033e+01,1.250402054274023556e+02,3.610589497520683810e+00,3.610589497520683810e+00
1.612999999999972189e+01,1.251124219915106011e+02,3.611066672995412397e+00,3.611066672995412397e+00
1.613999999999972346e+01,1.251846480945584119e+02,3.611543391477827214e+00,3.611543391477827214e+00
1.614999999999972502e+01,1.252568837274032347e+02,3.612019652697244787e+00,3.612019652697244787e+00
1.615999999999972658e+01,1.253291288808971018e+02,3.612495456392827098e+00,3.612495456392827098e+00
1.616999999999972815e+01,1.254013835458869295e+02,3.612970802313467900e+00,3.612970802313467900e+00
1.617999999999972971e+01,1.254736477132149588e+02,3.613445690217711004e+00,3.613445690217711004e+00
1.618999999999973127e+01,1.255459213737183148e+02,3.613920119873653025e+00,3.613920119873653025e+00
1.619999999999973284e+01,1.256182045182299163e+02,3.614394091058852787e+00,3.614394091058852787e+00
1.620999999999973440e+01,1.256904971375781912e+02,3.614867603560256271e+00,3.614867603560256271e+00
1.621999999999973596e+01,1.257627992225872759e+02,3.615340657174097139e+00,3.615340657174097139e+00
1.622999999999973753e+01,1.258351107640774700e+02,3.615813251705797704e+00,3.615813251705797704e+00
1.623999999999973909e+01,1.259074317528652500e+02,3.616285386969902760e+00,3.616285386969902760e+00
1.624999999999974065e+01,1.259797621797635685e+02,3.616757062789977883e+00,3.616757062789977883e+00
1.625999999999974222e+01,1.260521020355816830e+02,3.617228278998526392e+00,3.617228278998526392e+00
1.626999999999974378e+01,1.261244513111258669e+02,3.617699035436904076e+00,3.617699035436904076e+00
1.627999999999974534e+01,1.261968099971991109e+02,3.618169331955221946e+00,3.618169331955221946e+00
1.628999999999974690e+01,1.262691780846016485e+02,3.618639168412281393e+00,3.618639168412281393e+00
1.629999999999974847e+01,1.263415555641308288e+02,3.619108544675488481e+00,3.619108544675488481e+00
1.630999999999975003e+01,1.264139424265815990e+02,3.619577460620742926e+00,3.619577460620742926e+00
1.631999999999975159e+01,1.264863386627462063e+02,3.620045916132377695e+00,3.620045916132377695e+00
1.632999999999975316e+01,1.265587442634151216e+02,3.620513911103070637e+00,3.620513911103070637e+00
1.633999999999975472e+01,1.266311592193763431e+02,3.620981445433766766e+00,3.620981445433766766e+00
1.634999999999975628e+01,1.267035835214162773e+02,3.621448519033588109e+00,3.621448519033588109e+00
1.635999999999975785e+01,1.267760171603192845e+02,3.621915131819755551e+00,3.621915131819755551e+00
1.636999999999975941e+01,1.268484601268683889e+02,3.622381283717509781e+00,3.622381283717509781e+00
1.637999999999976097e+01,1.269209124118451655e+02,3.622846974660031805e+00,3.622846974660031805e+00
1.638999999999976254e+01,1.269933740060298391e+02,3.623312204588357677e+00,3.623312204588357677e+00
1.639999999999976410e+01,1.270658449002016113e+02,3.623776973451295014e+00,3.623776973451295014e+00
1.640999999999976566e+01,1.271383250851386890e+02,3.624241281205351939e+00,3.624241281205351939e+00
1.641999999999976723e+01,1.272108145516185544e+02,3.624705127814671801e+00,3.624705127814671801e+00
1.642999999999976879e+01,1.272833132904179934e+02,3.625168513250934144e+00,3.625168513250934144e+00
1.643999999999977035e+01,1.273558212923132800e+02,3.625631437493289422e+00,3.625631437493289422e+00
1.644999999999977192e+01,1.274283385480803759e+02,3.626093900528266190e+00,3.626093900528266190e+00
1.645999999999977348e+01,1.275008650484950294e+02,3.626555902349710259e+00,3.626555902349710259e+00
1.646999999999977504e+01,1.275734007843330744e+02,3.627017442958718974e+00,3.627017442958718974e+00
1.647999999999977661e+01,1.276459457463702307e+02,3.627478522363538183e+00,3.627478522363538183e+00
1.648999999999977817e+01,1.277184999253824458e+02,3.627939140579504951e+00,3.627939140579504951e+00
1.649999999999977973e+01,1.277910633121462354e+02,3.628399297628974285e+00,3.628399297628974285e+00
1.650999999999978129e+01,1.278636358974386695e+02,3.628858993541243194e+00,3.628858993541243194e+00
1.651999999999978286e+01,1.279362176720371309e+02,3.629318228352472087e+00,3.629318228352472087e+00
1.652999999999978442e+01,1.280088086267201106e+02,3.629777002105612826e+00,3.629777002105612826e+00
1.653999999999978598e+01,1.280814087522669524e+02,3.630235314850346118e+00,3.630235314850346118e+00
1.654999999999978755e+01,1.281540180394578954e+02,3.630693166643008674e+00,3.630693166643008674e+00
1.655999999999978911e+01,1.282266364790745570e+02,3.631150557546511060e+00,3.631150557546511060e+00
1.656999999999979067e+01,1.282992640618999474e+02,3.631607487630274633e+00,3.631607487630274633e+00
1.657999999999979224e+01,1.283719007787182704e+02,3.632063956970159158e+00,3.632063956970159158e+00
1.658999999999979380e+01,1.284445466203155490e+02,3.632519965648397076e+00,3.632519965648397076e+00
1.659999999999979536e+01,1.285172015774792555e+02,3.632975513753525565e+00,3.632975513753525565e+00
1.660999999999979693e+01,1.285898656409989655e+02,3.633430601380315483e+00,3.633430601380315483e+00
1.661999999999979849e+01,1.286625388016661589e+02,3.633885228629692765e+00,3.633885228629692765e+00
1.662999999999980005e+01,1.287352210502742764e+02,3.634339395608679357e+00,3.634339395608679357e+00
1.663999999999980162e+01,1.288079123776190045e+02,3.634793102430345257e+00,3.634793102430345257e+00
1.664999999999980318e+01,1.288806127744983314e+02,3.635246349213709927e+00,3.635246349213709927e+00
1.665999999999980474e+01,1.289533222317127468e+02,3.635699136083689886e+00,3.635699136083689886e+00
1.666999999999980631e+01,1.290260407400653548e+02,3.636151463171038767e+00,3.636151463171038767e+00
1.667999999999980787e+01,1.290987682903617610e+02,3.636603330612274476e+00,3.636603330612274476e+00
1.668999999999980943e+01,1.291715048734104414e+02,3.637054738549631239e+00,3.637054738549631239e+00
1.669999999999981100e+01,1.292442504800227709e+02,3.637505687130959231e+00,3.637505687130959231e+00
1.670999999999981256e+01,1.293170051010132511e+02,3.637956176509693940e+00,3.637956176509693940e+00
1.671999999999981412e+01,1.293897687271993107e+02,3.638406206844783330e+00,3.638406206844783330e+00
1.672999999999981569e+01,1.294625413494016470e+02,3.638855778300621235e+00,3.638855778300621235e+00
1.673999999999981725e+01,1.295353229584445103e+02,3.639304891046987400e+00,3.639304891046987400e+00
1.674999999999981881e+01,1.296081135451552768e+02,3.639753545258991085e+00,3.639753545258991085e+00
1.675999999999982037e+01,1.296809131003651601e+02,3.640201741117003120e+00,3.640201741117003120e+00
1.676999999999982194e+01,1.297537216149088692e+02,3.640649478806598172e+00,3.640649478806598172e+00
1.677999999999982350e+01,1.298265390796250074e+02,3.641096758518494791e+00,3.641096758518494791e+00
1.678999999999982506e+01,1.298993654853558155e+02,3.641543580448490580e+00,3.641543580448490580e+00
1.679999999999982663e+01,1.299722008229477410e+02,3.641989944797399126e+00,3.641989944797399126e+00
1.680999999999982819e+01,1.300450450832512388e+02,3.642435851771001598e+00,3.642435851771001598e+00
1.681999999999982975e+01,1.301178982571207996e+02,3.642881301579998787e+00,3.642881301579998787e+00
1.682999999999983132e+01,1.301907603354152627e+02,3.643326294439926727e+00,3.643326294439926727e+00
1.683999999999983288e+01,1.302636313089979865e+02,3.643770830571115837e+00,3.643770830571115837e+00
1.684999999999983444e+01,1.303365111687364220e+02,3.644214910198636304e+00,3.644214910198636304e+00
1.685999999999983601e+01,1.304093999055029371e+02,3.644658533552221247e+00,3.644658533552221247e+00
1.686999999999983757e+01,1.304822975101743054e+02,3.645101700866226757e+00,3.645101700866226757e+00
1.687999999999983913e+01,1.305552039736321035e+02,3.645544412379577270e+00,3.645544412379577270e+00
1.688999999999984070e+01,1.306281192867628249e+02,3.645986668335705616e+00,3.645986668335705616e+00
1.689999999999984226e+01,1.307010434404577381e+02,3.646428468982498838e+00,3.646428468982498838e+00
1.690999999999984382e+01,1.307739764256130854e+02,3.646869814572241797e+00,3.646869814572241797e+00
1.691999999999984539e+01,1.308469182331303671e+02,3.647310705361571870e+00,3.647310705361571870e+00
1.692999999999984695e+01,1.309198688539161708e+02,3.647751141611408343e+00,3.647751141611408343e+00
1.693999999999984851e+01,1.309928282788822855e+02,3.648191123586916440e+00,3.648191123586916440e+00
1.694999999999985008e+01,1.310657964989460140e+02,3.648630651557451809e+00,3.648630651557451809e+00
1.695999999999985164e+01,1.311387735050298602e+02,3.649069725796497909e+00,3.649069725796497909e+00
1.696999999999985320e+01,1.312117592880620123e+02,3.649508346581620266e+00,3.649508346581620266e+00
1.697999999999985477e+01,1.312847538389761155e+02,3.649946514194414959e+00,3.649946514194414959e+00
1.698999999999985633e+01,1.313577571487116700e+02,3.650384228920460661e+00,3.650384228920460661e+00
1.699999999999985789e+01,1.314307692082137748e+02,3.650821491049270673e+00,3.650821491049270673e+00
1.700999999999985945e+01,1.315037900084334410e+02,3.651258300874220097e+00,3.651258300874220097e+00
1.701999999999986102e+01,1.315768195403275342e+02,3.651694658692529849e+00,3.651694658692529849e+00
1.702999999999986258e+01,1.316498577948589173e+02,3.652130564805198709e+00,3.652130564805198709e+00
1.703999999999986414e+01,1.317229047629964782e+02,3.652566019516953144e+00,3.652566019516953144e+00
1.704999999999986571e+01,1.317959604357153012e+02,3.653001023136196679e+00,3.653001023136196679e+00
1.705999999999986727e+01,1.318690248039965809e+02,3.653435575974988136e+00,3.653435575974988136e+00
1.706999999999986883e+01,1.319420978588279922e+02,3.653869678348959482e+00,3.653869678348959482e+00
1.707999999999987040e+01,1.320151795912032640e+02,3.654303330577274522e+00,3.654303330577274522e+00
1.708999999999987196e+01,1.320882699921228891e+02,3.654736532982600927e+00,3.654736532982600927e+00
1.709999999999987352e+01,1.321613690525934999e+02,3.655169285891049835e+00,3.655169285891049835e+00
1.710999999999987509e+01,1.322344767636284644e+02,3.655601589632137216e+00,3.655601589632137216e+00
1.711999999999987665e+01,1.323075931162478014e+02,3.656033444538735466e+00,3.656033444538735466e+00
1.712999999999987821e+01,1.323807181014781520e+02,3.656464850947018785e+00,3.656464850947018785e+00
1.713999999999987978e+01,1.324538517103528932e+02,3.656895809196428093e+00,3.656895809196428093e+00
1.714999999999988134e+01,1.325269939339123084e+02,3.657326319629627953e+00,3.657326319629627953e+00
1.715999999999988290e+01,1.326001447632034456e+02,3.657756382592454170e+00,3.657756382592454170e+00
1.716999999999988447e+01,1.326733041892804863e+02,3.658185998433885366e+00,3.658185998433885366e+00
1.717999999999988603e+01,1.327464722032045188e+02,3.658615167505977261e+00,3.658615167505977261e+00
1.718999999999988759e+01,1.328196487960435377e+02,3.659043890163837354e+00,3.659043890163837354e+00
1.719999999999988916e+01,1.328928339588730694e+02,3.659472166765576517e+00,3.659472166765576517e+00
1.720999999999989072e+01,1.329660276827753762e+02,3.659899997672266814e+00,3.659899997672266814e+00
1.721999999999989228e+01,1.330392299588403091e+02,3.660327383247901079e+00,3.660327383247901079e+00
1.722999999999989384e+01,1.331124407781648245e+02,3.660754323859354287e+00,3.660754323859354287e+00
1.723999999999989541e+01,1.331856601318534103e+02,3.661180819876329817e+00,3.661180819876329817e+00
1.724999999999989697e+01,1.332588880110178593e+02,3.661606871671338137e+00,3.661606871671338137e+00
1.725999999999989853e+01,1.333321244067774387e+02,3.662032479619639957e+00,3.662032479619639957e+00
1.726999999999990010e+01,1.334053693102590046e+02,3.662457644099204046e+00,3.662457644099204046e+00
1.727999999999990166e+01,1.334786227125970299e+02,3.662882365490690795e+00,3.662882365490690795e+00
1.728999999999990322e+01,1.335518846049335480e+02,3.663306644177392268e+00,3.663306644177392268e+00
1.729999999999990479e+01,1.336251549784182941e+02,3.663730480545200230e+00,3.663730480545200230e+00
1.730999999999990635e+01,1.336984338242087631e+02,3.664153874982566617e+00,3.664153874982566617e+00
1.731999999999990791e+01,1.337717211334703507e+02,3.664576827880462240e+00,3.664576827880462240e+00
1.732999999999990948e+01,1.338450168973760128e+02,3.664999339632343478e+00,3.664999339632343478e+00
1.733999999999991104e+01,1.339183211071068627e+02,3.665421410634113641e+00,3.665421410634113641e+00
1.734999999999991260e+01,1.339916337538519144e+02,3.665843041284085668e+00,3.665843041284085668e+00
1.735999999999991417e+01,1.340649548288081405e+02,3.666264231982941268e+00,3.666264231982941268e+00
1.736999999999991573e+01,1.341382843231804713e+02,3.666684983133711384e+00,3.666684983133711384e+00
1.737999999999991729e+01,1.342116222281820512e+02,3.667105295141716237e+00,3.667105295141716237e+00
1.738999999999991886e+01,1.342849685350340110e+02,3.667525168414540460e+00,3.667525168414540460e+00
1.739999999999992042e+01,1.343583232349658374e+02,3.667944603362005118e+00,3.667944603362005118e+00
1.740999999999992198e+01,1.344316863192150890e+02,3.668363600396118418e+00,3.668363600396118418e+00
1.741999999999992355e+01,1.345050577790276520e+02,3.668782159931049058e+00,3.668782159931049058e+00
1.742999999999992511e+01,1.345784376056576548e+02,3.669200282383092038e+00,3.669200282383092038e+00
1.743999999999992667e+01,1.346518257903676670e+02,3.669617968170634903e+00,3.669617968170634903e+00
1.744999999999992824e+01,1.347252223244285858e+02,3.670035217714113340e+00,3.670035217714113340e+00
1.745999999999992980e+01,1.347986271991196929e+02,3.670452031435997853e+00,3.670452031435997853e+00
1.746999999999993136e+01,1.348720404057289102e+02,3.670868409760744910e+00,3.670868409760744910e+00
1.747999999999993292e+01,1.349454619355524301e+02,3.671284353114771193e+00,3.671284353114771193e+00
1.748999999999993449e+01,1.350188917798951707e+02,3.671699861926416730e+00,3.671699861926416730e+00
1.749999999999993605e+01,1.350923299300706333e+02,3.672114936625911152e+00,3.672114936625911152e+00
1.750999999999993761e+01,1.351657763774007321e+02,3.672529577645351928e+00,3.672529577645351928e+00
1.751999999999993918e+01,1.352392311132163911e+02,3.672943785418659512e+00,3.672943785418659512e+00
1.752999999999994074e+01,1.353126941288569753e+02,3.673357560381552922e+00,3.673357560381552922e+00
1.753999999999994230e+01,1.353861654156705754e+02,3.673770902971522201e+00,3.673770902971522201e+00
1.754999999999994387e+01,1.354596449650141778e+02,3.674183813627800443e+00,3.674183813627800443e+00
1.755999999999994543e+01,1.355331327682535232e+02,3.674596292791315388e+00,3.674596292791315388e+00
1.756999999999994699e+01,1.356066288167631626e+02,3.675008340904671655e+00,3.675008340904671655e+00
1.757999999999994856e+01,1.356801331019264865e+02,3.675419958412124544e+00,3.675419958412124544e+00
1.758999999999995012e+01,1.357536456151358948e+02,3.675831145759554275e+00,3.675831145759554275e+00
1.759999999999995168e+01,1.358271663477926836e+02,3.676241903394418031e+00,3.676241903394418031e+00
1.760999999999995325e+01,1.359006952913069597e+02,3.676652231765730416e+00,3.676652231765730416e+00
1.761999999999995481e+01,1.359742324370980384e+02,3.677062131324049687e+00,3.677062131324049687e+00
1.762999999999995637e+01,1.360477777765941880e+02,3.677471602521430682e+00,3.677471602521430682e+00
1.763999999999995794e+01,1.361213313012326580e+02,3.677880645811399063e+00,3.677880645811399063e+00
1.764999999999995950e+01,1.361948930024599917e+02,3.678289261648925557e+00,3.678289261648925557e+00
1.765999999999996106e+01,1.362684628717315434e+02,3.678697450490412191e+00,3.678697450490412191e+00
1.766999999999996263e+01,1.363420409005120177e+02,3.679105212793635005e+00,3.679105212793635005e+00
1.767999999999996419e+01,1.364156270802751294e+02,3.679512549017749379e+00,3.679512549017749379e+00
1.768999999999996575e+01,1.364892214025041426e+02,3.679919459623252287e+00,3.679919459623252287e+00
1.769999999999996732e+01,1.365628238586911039e+02,3.680325945071947658e+00,3.680325945071947658e+00
1.770999999999996888e+01,1.366364344403376379e+02,3.680732005826917064e+00,3.680732005826917064e+00
1.771999999999997044e+01,1.367100531389544074e+02,3.681137642352514394e+00,3.681137642352514394e+00
1.772999999999997200e+01,1.367836799460614827e+02,3.681542855114325441e+00,3.681542855114325441e+00
1.773999999999997357e+01,1.368573148531882850e+02,3.681947644579145251e+00,3.681947644579145251e+00
1.774999999999997513e+01,1.369309578518735293e+02,3.682352011214955922e+00,3.682352011214955922e+00
1.775999999999997669e+01,1.370046089336653381e+02,3.682755955490891520e+00,3.682755955490891520e+00
1.776999999999997826e+01,1.370782680901212416e+02,3.683159477877242072e+00,3.683159477877242072e+00
1.777999999999997982e+01,1.371519353128081775e+02,3.683562578845394508e+00,3.683562578845394508e+00
1.778999999999998138e+01,1.372256105933023775e+02,3.683965258867815340e+00,3.683965258867815340e+00
1.779999999999998295e+01,1.372992939231897935e+02,3.684367518418043108e+00,3.684367518418043108e+00
1.780999999999998451e+01,1.373729852940656144e+02,3.684769357970664405e+00,3.684769357970664405e+00
1.781999999999998607e+01,1.374466846975347210e+02,3.685170778001273018e+00,3.685170778001273018e+00
1.782999999999998764e+01,1.375203921252114299e+02,3.685571778986461045e+00,3.685571778986461045e+00
1.783999999999998920e+01,1.375941075687196360e+02,3.685972361403797137e+00,3.685972361403797137e+00
1.784999999999999076e+01,1.376678310196926418e+02,3.686372525731790084e+00,3.686372525731790084e+00
1.785999999999999233e+01,1.377415624697735552e+02,3.686772272449879928e+00,3.686772272449879928e+00
1.786999999999999389e+01,1.378153019106149202e+02,3.687171602038414875e+00,3.687171602038414875e+00
1.787999999999999545e+01,1.378890493338790577e+02,3.687570514978622427e+00,3.687570514978622427e+00
1.788999999999999702e+01,1.379628047312377248e+02,3.687969011752593840e+00,3.687969011752593840e+00
1.789999999999999858e+01,1.380365680943724556e+02,3.688367092843257478e+00,3.688367092843257478e+00
1.791000000000000014e+01,1.381103394149744190e+02,3.688764758734365046e+00,3.688764758734365046e+00
1.792000000000000171e+01,1.381841186847445044e+02,3.689162009910459616e+00,3.689162009910459616e+00
1.793000000000000327e+01,1.382579058953930371e+02,3.689558846856875185e+00,3.689558846856875185e+00
1.794000000000000483e+01,1.383317010386406878e+02,3.689955270059698922e+00,3.689955270059698922e+00
1.795000000000000639e+01,1.384055041062170801e+02,3.690351280005754742e+00,3.690351280005754742e+00
1.796000000000000796e+01,1.384793150898622685e+02,3.690746877182582875e+00,3.690746877182582875e+00
1.797000000000000952e+01,1.385531339813254874e+02,3.691142062078420327e+00,3.691142062078420327e+00
1.798000000000001108e+01,1.386269607723661181e+02,3.691536835182182230e+00,3.691536835182182230e+00
1.799000000000001265e+01,1.387007954547530915e+02,3.691931196983450292e+00,3.691931196983450292e+00
1.800000000000001421e+01,1.387746380202655985e+02,3.692325147972443489e+00,3.692325147972443489e+00
1.801000000000001577e+01,1.388484884606918683e+02,3.692718688639999414e+00,3.692718688639999414e+00
1.802000000000001734e+01,1.389223467678307031e+02,3.693111819477560953e+00,3.693111819477560953e+00
1.803000000000001890e+01,1.389962129334902556e+02,3.693504540977154527e+00,3.693504540977154527e+00
1.804000000000002046e+01,1.390700869494887684e+02,3.693896853631374100e+00,3.693896853631374100e+00
1.805000000000002203e+01,1.391439688076541756e+02,3.694288757933362533e+00,3.694288757933362533e+00
1.806000000000002359e+01,1.392178584998244730e+02,3.694680254376797812e+00,3.694680254376797812e+00
1.807000000000002515e+01,1.392917560178474332e+02,3.695071343455867297e+00,3.695071343455867297e+00
1.808000000000002672e+01,1.393656613535806059e+02,3.695462025665249062e+00,3.695462025665249062e+00
1.809000000000002828e+01,1.394395744988916306e+02,3.695852301500107018e+00,3.695852301500107018e+00
1.810000000000002984e+01,1.395134954456579521e+02,3.696242171456066927e+00,3.696242171456066927e+00
1.811000000000003141e+01,1.395874241857669347e+02,3.696631636029193757e+00,3.696631636029193757e+00
1.812000000000003297e+01,1.396613607111160036e+02,3.697020695715981908e+00,3.697020695715981908e+00
1.813000000000003453e+01,1.397353050136121624e+02,3.697409351013341894e+00,3.697409351013341894e+00
1.814000000000003610e+01,1.398092570851727885e+02,3.697797602418583907e+00,3.697797602418583907e+00
1.815000000000003766e+01,1.398832169177250648e+02,3.698185450429393395e+00,3.698185450429393395e+00
1.816000000000003922e+01,1.399571845032059230e+02,3.698572895543819072e+00,3.698572895543819072e+00
1.817000000000004079e+01,1.400311598335623842e+02,3.698959938260255154e+00,3.698959938260255154e+00
1.818000000000004235e+01,1.401051429007517015e+02,3.699346579077430697e+00,3.699346579077430697e+00
1.819000000000004391e+01,1.401791336967407631e+02,3.699732818494394060e+00,3.699732818494394060e+00
1.820000000000004547e+01,1.402531322135064613e+02,3.700118657010503576e+00,3.700118657010503576e+00
1.821000000000004704e+01,1.403271384430358069e+02,3.700504095125402682e+00,3.700504095125402682e+00
1.822000000000004860e+01,1.404011523773259853e+02,3.700889133338995496e+00,3.700889133338995496e+00
1.823000000000005016e+01,1.404751740083837319e+02,3.701273772151457031e+00,3.701273772151457031e+00
1.824000000000005173e+01,1.405492033282261275e+02,3.701658012063202108e+00,3.701658012063202108e+00
1.825000000000005329e+01,1.406232403288800299e+02,3.702041853574875585e+00,3.702041853574875585e+00
1.826000000000005485e+01,1.406972850023826425e+02,3.702425297187338149e+00,3.702425297187338149e+00
1.827000000000005642e+01,1.407713373407809740e+02,3.702808343401663205e+00,3.702808343401663205e+00
1.828000000000005798e+01,1.408453973361320379e+02,3.703190992719106678e+00,3.703190992719106678e+00
1.829000000000005954e+01,1.409194649805028803e+02,3.703573245641090139e+00,3.703573245641090139e+00
1.830000000000006111e+01,1.409935402659705517e+02,3.703955102669208355e+00,3.703955102669208355e+00
1.831000000000006267e+01,1.410676231846222777e+02,3.704336564305196422e+00,3.704336564305196422e+00
1.832000000000006423e+01,1.411417137285552315e+02,3.704717631050933324e+00,3.704717631050933324e+00
1.833000000000006580e+01,1.412158118898765622e+02,3.705098303408421501e+00,3.705098303408421501e+00
1.834000000000006736e+01,1.412899176607036509e+02,3.705478581879763755e+00,3.705478581879763755e+00
1.835000000000006892e+01,1.413640310331637693e+02,3.705858466967169917e+00,3.705858466967169917e+00
1.836000000000007049e+01,1.414381519993940799e+02,3.706237959172932417e+00,3.706237959172932417e+00
1.837000000000007205e+01,1.415122805515421476e+02,3.706617058999407188e+00,3.706617058999407188e+00
1.838000000000007361e+01,1.415864166817654848e+02,3.706995766949029214e+00,3.706995766949029214e+00
1.839000000000007518e+01,1.416605603822312958e+02,3.707374083524269892e+00,3.707374083524269892e+00
1.840000000000007674e+01,1.417347116451174713e+02,3.707752009227648582e+00,3.707752009227648582e+00
1.841000000000007830e+01,1.418088704626113099e+02,3.708129544561694857e+00,3.708129544561694857e+00
1.842000000000007987e+01,1.418830368269105975e+02,3.708506690028967601e+00,3.708506690028967601e+00
1.843000000000008143e+01,1.419572107302229824e+02,3.708883446132021700e+00,3.708883446132021700e+00
1.844000000000008299e+01,1.420313921647662596e+02,3.709259813373407599e+00,3.709259813373407599e+00
1.845000000000008455e+01,1.421055811227681716e+02,3.709635792255651765e+00,3.709635792255651765e+00
1.846000000000008612e+01,1.421797775964665504e+02,3.710011383281253572e+00,3.710011383281253572e+00
1.847000000000008768e+01,1.422539815781093182e+02,3.710386586952668431e+00,3.710386586952668431e+00
1.848000000000008924e+01,1.423281930599544580e+02,3.710761403772309563e+00,3.710761403772309563e+00
1.849000000000009081e+01,1.424024120342698154e+02,3.711135834242523579e+00,3.711135834242523579e+00
1.850000000000009237e+01,1.424766384933335814e+02,3.711509878865581591e+00,3.711509878865581591e+00
1.851000000000009393e+01,1.425508724294337526e+02,3.711883538143676553e+00,3.711883538143676553e+00
1.852000000000009550e+01,1.426251138348685004e+02,3.712256812578905496e+00,3.712256812578905496e+00
1.853000000000009706e+01,1.426993627019459154e+02,3.712629702673268195e+00,3.712629702673268195e+00
1.854000000000009862e+01,1.427736190229842634e+02,3.713002208928654735e+00,3.713002208928654735e+00
1.855000000000010019e+01,1.428478827903118145e+02,3.713374331846821530e+00,3.713374331846821530e+00
1.856000000000010175e+01,1.429221539962668146e+02,3.713746071929400649e+00,3.713746071929400649e+00
1.857000000000010331e+01,1.429964326331974860e+02,3.714117429677884719e+00,3.714117429677884719e+00
1.858000000000010488e+01,1.430707186934622541e+02,3.714488405593624698e+00,3.714488405593624698e+00
1.859000000000010644e+01,1.431450121694294921e+02,3.714859000177804127e+00,3.714859000177804127e+00
1.860000000000010800e+01,1.432193130534774923e+02,3.715229213931439567e+00,3.715229213931439567e+00
1.861000000000010957e+01,1.432936213379946935e+02,3.715599047355360618e+00,3.715599047355360618e+00
1.862000000000011113e+01,1.433679370153795105e+02,3.715968500950225462e+00,3.715968500950225462e+00
1.863000000000011269e+01,1.434422600780404480e+02,3.716337575216503097e+00,3.716337575216503097e+00
1.864000000000011426e+01,1.435165905183957875e+02,3.716706270654446698e+00,3.716706270654446698e+00
1.865000000000011582e+01,1.435909283288740994e+02,3.717074587764102489e+00,3.717074587764102489e+00
1.866000000000011738e+01,1.436652735019137026e+02,3.717442527045300871e+00,3.717442527045300871e+00
1.867000000000011894e+01,1.437396260299631763e+02,3.717810088997644424e+00,3.717810088997644424e+00
1.868000000000012051e+01,1.438139859054807914e+02,3.718177274120490150e+00,3.718177274120490150e+00
1.869000000000012207e+01,1.438883531209349940e+02,3.718544082912960569e+00,3.718544082912960569e+00
1.870000000000012363e+01,1.439627276688042343e+02,3.718910515873936173e+00,3.718910515873936173e+00
1.871000000000012520e+01,1.440371095415767968e+02,3.719276573502018568e+00,3.719276573502018568e+00
1.872000000000012676e+01,1.441114987317510270e+02,3.719642256295555338e+00,3.719642256295555338e+00
1.873000000000012832e+01,1.441858952318351896e+02,3.720007564752611628e+00,3.720007564752611628e+00
1.874000000000012989e+01,1.442602990343476392e+02,3.720372499370987018e+00,3.720372499370987018e+00
1.875000000000013145e+01,1.443347101318164505e+02,3.720737060648181327e+00,3.720737060648181327e+00
1.876000000000013301e+01,1.444091285167797878e+02,3.721101249081395945e+00,3.721101249081395945e+00
1.877000000000013458e+01,1.444835541817858484e+02,3.721465065167532948e+00,3.721465065167532948e+00
1.878000000000013614e+01,1.445579871193926067e+02,3.721828509403188878e+00,3.721828509403188878e+00
1.879000000000013770e+01,1.446324273221680414e+02,3.722191582284628986e+00,3.722191582284628986e+00
1.880000000000013927e+01,1.447068747826898800e+02,3.722554284307807215e+00,3.722554284307807215e+00
1.881000000000014083e+01,1.447813294935461101e+02,3.722916615968357323e+00,3.722916615968357323e+00
1.882000000000014239e+01,1.448557914473343544e+02,3.723278577761557351e+00,3.723278577761557351e+00
1.883000000000014396e+01,1.449302606366622399e+02,3.723640170182343834e+00,3.723640170182343834e+00
1.884000000000014552e+01,1.450047370541471707e+02,3.724001393725318021e+00,3.724001393725318021e+00
1.885000000000014708e+01,1.450792206924166692e+02,3.724362248884709903e+00,3.724362248884709903e+00
1.886000000000014865e+01,1.451537115441078925e+02,3.724722736154395086e+00,3.724722736154395086e+00
1.887000000000015021e+01,1.452282096018681159e+02,3.725082856027882361e+00,3.725082856027882361e+00
1.888000000000015177e+01,1.453027148583542214e+02,3.725442608998298599e+00,3.725442608998298599e+00
1.889000000000015334e+01,1.453772273062331521e+02,3.725801995558396307e+00,3.725801995558396307e+00
1.890000000000015490e+01,1.454517469381815999e+02,3.726161016200542964e+00,3.726161016200542964e+00
1.891000000000015646e+01,1.455262737468861189e+02,3.726519671416717028e+00,3.726519671416717028e+00
1.892000000000015802e+01,1.456008077250430972e+02,3.726877961698491504e+00,3.726877961698491504e+00
1.893000000000015959e+01,1.456753488653588704e+02,3.727235887537048153e+00,3.727235887537048153e+00
1.894000000000016115e+01,1.457498971605492954e+02,3.727593449423149075e+00,3.727593449423149075e+00
1.895000000000016271e+01,1.458244526033404043e+02,3.727950647847146026e+00,3.727950647847146026e+00
1.896000000000016428e+01,1.458990151864678069e+02,3.728307483298982206e+00,3.728307483298982206e+00
1.897000000000016584e+01,1.459735849026768619e+02,3.728663956268168267e+00,3.728663956268168267e+00
1.898000000000016740e+01,1.460481617447229326e+02,3.729020067243779213e+00,3.729020067243779213e+00
1.899000000000016897e+01,1.461227457053709315e+02,3.729375816714467717e+00,3.729375816714467717e+00
1.900000000000017053e+01,1.461973367773958046e+02,3.729731205168438368e+00,3.729731205168438368e+00
1.901000000000017209e+01,1.462719349535819333e+02,3.730086233093457437e+00,3.730086233093457437e+00
1.902000000000017366e+01,1.463465402267236470e+02,3.730440900976846219e+00,3.730440900976846219e+00
1.903000000000017522e+01,1.464211525896250521e+02,3.730795209305461047e+00,3.730795209305461047e+00
1.904000000000017678e+01,1.464957720350999182e+02,3.731149158565713719e+00,3.731149158565713719e+00
1.905000000000017835e+01,1.465703985559716500e+02,3.731502749243544415e+00,3.731502749243544415e+00
1.906000000000017991e+01,1.466450321450735146e+02,3.731855981824429236e+00,3.731855981824429236e+00
1.907000000000018147e+01,1.467196727952484423e+02,3.732208856793372220e+00,3.732208856793372220e+00
1.908000000000018304e+01,1.467943204993489701e+02,3.732561374634901341e+00,3.732561374634901341e+00
1.909000000000018460e+01,1.468689752502375541e+02,3.732913535833064511e+00,3.732913535833064511e+00
1.910000000000018616e+01,1.469436370407859158e+02,3.733265340871429139e+00,3.733265340871429139e+00
1.911000000000018773e+01,1.470183058638759235e+02,3.733616790233068805e+00,3.733616790233068805e+00
1.912000000000018929e+01,1.470929817123987675e+02,3.733967884400560600e+00,3.733967884400560600e+00
1.913000000000019085e+01,1.471676645792553870e+02,3.734318623856001995e+00,3.734318623856001995e+00
1.914000000000019241e+01,1.472423544573564413e+02,3.734669009080976210e+00,3.734669009080976210e+00
1.915000000000019398e+01,1.473170513396219690e+02,3.735019040556563308e+00,3.735019040556563308e+00
1.916000000000019554e+01,1.473917552189819560e+02,3.735368718763345974e+00,3.735368718763345974e+00
1.917000000000019710e+01,1.474664660883757392e+02,3.735718044181384201e+00,3.735718044181384201e+00
1.918000000000019867e+01,1.475411839407524042e+02,3.736067017290225056e+00,3.736067017290225056e+00
1.919000000000020023e+01,1.476159087690705007e+02,3.736415638568903574e+00,3.736415638568903574e+00
1.920000000000020179e+01,1.476906405662982138e+02,3.736763908495928987e+00,3.736763908495928987e+00
1.921000000000020336e+01,1.477653793254133916e+02,3.737111827549292720e+00,3.737111827549292720e+00
1.922000000000020492e+01,1.478401250394031763e+02,3.737459396206430196e+00,3.737459396206430196e+00
1.923000000000020648e+01,1.479148777012645439e+02,3.737806614944269246e+00,3.737806614944269246e+00
1.924000000000020805e+01,1.479896373040037929e+02,3.738153484239197244e+00,3.738153484239197244e+00
1.925000000000020961e+01,1.480644038406369418e+02,3.738500004567061552e+00,3.738500004567061552e+00
1.926000000000021117e+01,1.481391773041893316e+02,3.738846176403160193e+00,3.738846176403160193e+00
1.927000000000021274e+01,1.482139576876958245e+02,3.739192000222254730e+00,3.739192000222254730e+00
1.928000000000021430e+01,1.482887449842008891e+02,3.739537476498575153e+00,3.739537476498575153e+00
1.929000000000021586e+01,1.483635391867584019e+02,3.739882605705779461e+00,3.739882605705779461e+00
1.930000000000021743e+01,1.484383402884317320e+02,3.740227388316980761e+00,3.740227388316980761e+00
1.931000000000021899e+01,1.485131482822936846e+02,3.740571824804721501e+00,3.740571824804721501e+00
1.932000000000022055e+01,1.485879631614264440e+02,3.740915915640991241e+00,3.740915915640991241e+00
1.933000000000022212e+01,1.486627849189218011e+02,3.741259661297228867e+00,3.741259661297228867e+00
1.934000000000022368e+01,1.487376135478808123e+02,3.741603062244289291e+00,3.741603062244289291e+00
1.935000000000022524e+01,1.488124490414139416e+02,3.741946118952482525e+00,3.741946118952482525e+00
1.936000000000022681e+01,1.488872913926411172e+02,3.742288831891533718e+00,3.742288831891533718e+00
1.937000000000022837e+01,1.489621405946919310e+02,3.742631201530604912e+00,3.742631201530604912e+00
1.938000000000022993e+01,1.490369966407047002e+02,3.742973228338277281e+00,3.742973228338277281e+00
1.939000000000023149e+01,1.491118595238277180e+02,3.743314912782554238e+00,3.743314912782554238e+00
1.940000000000023306e+01,1.491867292372182305e+02,3.743656255330864102e+00,3.743656255330864102e+00
1.941000000000023462e+01,1.492616057740430904e+02,3.743997256450039668e+00,3.743997256450039668e+00
1.942000000000023618e+01,1.493364891274783588e+02,3.744337916606344852e+00,3.744337916606344852e+00
1.943000000000023775e+01,1.494113792907094194e+02,3.744678236265459592e+00,3.744678236265459592e+00
1.944000000000023931e+01,1.494862762569310632e+02,3.745018215892475411e+00,3.745018215892475411e+00
1.945000000000024087e+01,1.495611800193471481e+02,3.745357855951877646e+00,3.745357855951877646e+00
1.946000000000024244e+01,1.496360905711710814e+02,3.745697156907564995e+00,3.745697156907564995e+00
1.947000000000024400e+01,1.497110079056254506e+02,3.746036119222846406e+00,3.746036119222846406e+00
1.948000000000024556e+01,1.497859320159419099e+02,3.746374743360432635e+00,3.746374743360432635e+00
1.949000000000024713e+01,1.498608628953617199e+02,3.746713029782443360e+00,3.746713029782443360e+00
1.950000000000024869e+01,1.499358005371351510e+02,3.747050978950383193e+00,3.747050978950383193e+00
1.951000000000025025e+01,1.500107449345215684e+02,3.747388591325166107e+00,3.747388591325166107e+00
1.952000000000025182e+01,1.500856960807898304e+02,3.747725867367099006e+00,3.747725867367099006e+00
1.953000000000025338e+01,1.501606539692179751e+02,3.748062807535885277e+00,3.748062807535885277e+00
1.954000000000025494e+01,1.502356185930930792e+02,3.748399412290611021e+00,3.748399412290611021e+00
1.955000000000025651e+01,1.503105899457113424e+02,3.748735682089757049e+00,3.748735682089757049e+00
1.956000000000025807e+01,1.503855680203782583e+02,3.749071617391209088e+00,3.749071617391209088e+00
1.957000000000025963e+01,1.504605528104086147e+02,3.749407218652224927e+00,3.749407218652224927e+00
1.958000000000026120e+01,1.505355443091260099e+02,3.749742486329453950e+00,3.749742486329453950e+00
1.959000000000026276e+01,1.506105425098633646e+02,3.750077420878927370e+00,3.750077420878927370e+00
1.960000000000026432e+01,1.506855474059627795e+02,3.750412022756058672e+00,3.750412022756058672e+00
1.961000000000026589e+01,1.507605589907751664e+02,3.750746292415639171e+00,3.750746292415639171e+00
1.962000000000026745e+01,1.508355772576609297e+02,3.751080230311846453e+00,3.751080230311846453e+00
1.963000000000026901e+01,1.509106021999891709e+02,3.751413836898240817e+00,3.751413836898240817e+00
1.964000000000027057e+01,1.509856338111382570e+02,3.751747112627762615e+00,3.751747112627762615e+00
1.965000000000027214e+01,1.510606720844956783e+02,3.752080057952718928e+00,3.752080057952718928e+00
1.966000000000027370e+01,1.511357170134577927e+02,3.752412673324805770e+00,3.752412673324805770e+00
1.967000000000027526e+01,1.512107685914300816e+02,3.752744959195076557e+00,3.752744959195076557e+00
1.968000000000027683e+01,1.512858268118270075e+02,3.753076916013969200e+00,3.753076916013969200e+00
1.969000000000027839e+01,1.513608916680719290e+02,3.753408544231279453e+00,3.753408544231279453e+00
1.970000000000027995e+01,1.514359631535975268e+02,3.753739844296192896e+00,3.753739844296192896e+00
1.971000000000028152e+01,1.515110412618451221e+02,3.754070816657261833e+00,3.754070816657261833e+00
1.972000000000028308e+01,1.515861259862651025e+02,3.754401461762394199e+00,3.754401461762394199e+00
1.973000000000028464e+01,1.516612173203168368e+02,3.754731780058873536e+00,3.754731780058873536e+00
1.974000000000028621e+01,1.517363152574686467e+02,3.755061771993350561e+00,3.755061771993350561e+00
1.975000000000028777e+01,1.518114197911977215e+02,3.755391438011845384e+00,3.755391438011845384e+00
1.976000000000028933e+01,1.518865309149902885e+02,3.755720778559738626e+00,3.755720778559738626e+00
1.977000000000029090e+01,1.519616486223413574e+02,3.756049794081775417e+00,3.756049794081775417e+00
1.978000000000029246e+01,1.520367729067548055e+02,3.756378485022060953e+00,3.756378485022060953e+00
1.979000000000029402e+01,1.521119037617432639e+02,3.756706851824069382e+00,3.756706851824069382e+00
1.980000000000029559e+01,1.521870411808288281e+02,3.757034894930630031e+00,3.757034894930630031e+00
1.981000000000029715e+01,1.522621851575416372e+02,3.757362614783941623e+00,3.757362614783941623e+00
1.982000000000029871e+01,1.523373356854212091e+02,3.757690011825556731e+00,3.757690011825556731e+00
1.983000000000030028e+01,1.524124927580157021e+02,3.758017086496392878e+00,3.758017086496392878e+00
1.984000000000030184e+01,1.524876563688821705e+02,3.758343839236717887e+00,3.758343839236717887e+00
1.985000000000030340e+01,1.525628265115861950e+02,3.758670270486165421e+00,3.758670270486165421e+00
1.986000000000030496e+01,1.526380031797025651e+02,3.758996380683724325e+00,3.758996380683724325e+00
1.987000000000030653e+01,1.527131863668145400e+02,3.759322170267739072e+00,3.759322170267739072e+00
1.988000000000030809e+01,1.527883760665142177e+02,3.759647639675909758e+00,3.759647639675909758e+00
1.989000000000030965e+01,1.528635722724024220e+02,3.759972789345303212e+00,3.759972789345303212e+00
1.990000000000031122e+01,1.529387749780890147e+02,3.760297619712332562e+00,3.760297619712332562e+00
1.991000000000031278e+01,1.530139841771919009e+02,3.760622131212770114e+00,3.760622131212770114e+00
1.992000000000031434e+01,1.530891998633383082e+02,3.760946324281734476e+00,3.760946324281734476e+00
1.993000000000031591e+01,1.531644220301641042e+02,3.761270199353708765e+00,3.761270199353708765e+00
1.994000000000031747e+01,1.532396506713133704e+02,3.761593756862535720e+00,3.761593756862535720e+00
1.995000000000031903e+01,1.533148857804393685e+02,3.761916997241397276e+00,3.761916997241397276e+00
1.996000000000032060e+01,1.533901273512038301e+02,3.762239920922825220e+00,3.762239920922825220e+00
1.997000000000032216e+01,1.534653753772771552e+02,3.762562528338711854e+00,3.762562528338711854e+00
1.998000000000032372e+01,1.535406298523382134e+02,3.762884819920307322e+00,3.762884819920307322e+00
1.999000000000032529e+01,1.536158907700747420e+02,3.763206796098206741e+00,3.763206796098206741e+00
2.000000000000032685e+01,1.536911581241829481e+02,3.763528457302365737e+00,3.763528457302365737e+00
2.001000000000032841e+01,1.537664319083675650e+02,3.763849803962103113e+00,3.763849803962103113e+00
2.002000000000032998e+01,1.538417121163421655e+02,3.764170836506056439e+00,3.764170836506056439e+00
2.003000000000033154e+01,1.539169987418285643e+02,3.764491555362230457e+00,3.764491555362230457e+00
2.004000000000033310e+01,1.539922917785573304e+02,3.764811960957979764e+00,3.764811960957979764e+00
2.005000000000033467e+01,1.540675912202676159e+02,3.765132053720015470e+00,3.765132053720015470e+00
2.006000000000033623e+01,1.541428970607068720e+02,3.765451834074397652e+00,3.765451834074397652e+00
2.007000000000033779e+01,1.542182092936312756e+02,3.765771302446543789e+00,3.765771302446543789e+00
2.008000000000033936e+01,1.542935279128054162e+02,3.766090459261212331e+00,3.766090459261212331e+00
2.009000000000034092e+01,1.543688529120023532e+02,3.766409304942516911e+00,3.766409304942516911e+00
2.010000000000034248e+01,1.544441842850038142e+02,3.766727839913920572e+00,3.766727839913920572e+00
2.011000000000034404e+01,1.545195220255995707e+02,3.767046064598237542e+00,3.767046064598237542e+00
2.012000000000034561e+01,1.545948661275883182e+02,3.767363979417634567e+00,3.767363979417634567e+00
2.013000000000034717e+01,1.546702165847768526e+02,3.767681584793629579e+00,3.767681584793629579e+00
2.014000000000034873e+01,1.547455733909806384e+02,3.767998881147094803e+00,3.767998881147094803e+00
2.015000000000035030e+01,1.548209365400233821e+02,3.768315868898239884e+00,3.768315868898239884e+00
2.016000000000035186e+01,1.548963060257371183e+02,3.768632548466639864e+00,3.768632548466639864e+00
2.017000000000035342e+01,1.549716818419625781e+02,3.768948920271213421e+00,3.768948920271213421e+00
2.018000000000035499e+01,1.550470639825485648e+02,3.769264984730234413e+00,3.769264984730234413e+00
2.019000000000035655e+01,1.551224524413523227e+02,3.769580742261334105e+00,3.769580742261334105e+00
2.020000000000035811e+01,1.551978472122395658e+02,3.769896193281474961e+00,3.769896193281474961e+00
2.021000000000035968e+01,1.552732482890841652e+02,3.770211338206993279e+00,3.770211338206993279e+00
2.022000000000036124e+01,1.553486556657683764e+02,3.770526177453565442e+00,3.770526177453565442e+00
2.023000000000036280e+01,1.554240693361828107e+02,3.770840711436219905e+00,3.770840711436219905e+00
2.024000000000036437e+01,1.554994892942262936e+02,3.771154940569344749e+00,3.771154940569344749e+00
2.025000000000036593e+01,1.555749155338060916e+02,3.771468865266677906e+00,3.771468865266677906e+00
2.026000000000036749e+01,1.556503480488374862e+02,3.771782485941307161e+00,3.771782485941307161e+00
2.027000000000036906e+01,1.557257868332441717e+02,3.772095803005675041e+00,3.772095803005675041e+00
2.028000000000037062e+01,1.558012318809581416e+02,3.772408816871572590e+00,3.772408816871572590e+00
2.029000000000037218e+01,1.558766831859195179e+02,3.772721527950151366e+00,3.772721527950151366e+00
2.030000000000037375e+01,1.559521407420766081e+02,3.773033936651909670e+00,3.773033936651909670e+00
2.031000000000037531e+01,1.560276045433860190e+02,3.773346043386716975e+00,3.773346043386716975e+00
2.032000000000037687e+01,1.561030745838125711e+02,3.773657848563780615e+00,3.773657848563780615e+00
2.033000000000037844e+01,1.561785508573290144e+02,3.773969352591665771e+00,3.773969352591665771e+00
2.034000000000038000e+01,1.562540333579165690e+02,3.774280555878295917e+00,3.774280555878295917e+00
2.035000000000038156e+01,1.563295220795645832e+02,3.774591458830944823e+00,3.774591458830944823e+00
2.036000000000038312e+01,1.564050170162701932e+02,3.774902061856249880e+00,3.774902061856249880e+00
2.037000000000038469e+01,1.564805181620392318e+02,3.775212365360198330e+00,3.775212365360198330e+00
2.038000000000038625e+01,1.565560255108850356e+02,3.775522369748145479e+00,3.775522369748145479e+00
2.039000000000038781e+01,1.566315390568295527e+02,3.775832075424792045e+00,3.775832075424792045e+00
2.040000000000038938e+01,1.567070587939024335e+02,3.776141482794192150e+00,3.776141482794192150e+00
2.041000000000039094e+01,1.567825847161416561e+02,3.776450592259768868e+00,3.776450592259768868e+00
2.042000000000039250e+01,1.568581168175931566e+02,3.776759404224307559e+00,3.776759404224307559e+00
2.043000000000039407e+01,1.569336550923109712e+02,3.777067919089947878e+00,3.777067919089947878e+00
2.044000000000039563e+01,1.570091995343571227e+02,3.777376137258178890e+00,3.777376137258178890e+00
2.045000000000039719e+01,1.570847501378016773e+02,3.777684059129854166e+00,3.777684059129854166e+00
2.046000000000039876e+01,1.571603068967226591e+02,3.777991685105194453e+00,3.777991685105194453e+00
2.047000000000040032e+01,1.572358698052061357e+02,3.778299015583781006e+00,3.778299015583781006e+00
2.048000000000040188e+01,1.573114388573463032e+02,3.778606050964552932e+00,3.778606050964552932e+00
2.049000000000040345e+01,1.573870140472450885e+02,3.778912791645812064e+00,3.778912791645812064e+00
2.050000000000040501e+01,1.574625953690124618e+02,3.779219238025223859e+00,3.779219238025223859e+00
2.051000000000040657e+01,1.575381828167664082e+02,3.779525390499813842e+00,3.779525390499813842e+00
2.052000000000040814e+01,1.576137763846327289e+02,3.779831249465973375e+00,3.779831249465973375e+00
2.053000000000040970e+01,1.576893760667453250e+02,3.780136815319459664e+00,3.780136815319459664e+00
2.054000000000041126e+01,1.577649818572458003e+02,3.780442088455391758e+00,3.780442088455391758e+00
2.055000000000041283e+01,1.578405937502838299e+02,3.780747069268258098e+00,3.780747069268258098e+00
2.056000000000041439e+01,1.579162117400168484e+02,3.781051758151904973e+00,3.781051758151904973e+00
2.057000000000041595e+01,1.579918358206101630e+02,3.781356155499550287e+00,3.781356155499550287e+00
2.058000000000041751e+01,1.580674659862370675e+02,3.781660261703788883e+00,3.781660261703788883e+00
2.059000000000041908e+01,1.581431022310785863e+02,3.781964077156570347e+00,3.781964077156570347e+00
2.060000000000042064e+01,1.582187445493235600e+02,3.782267602249216321e+00,3.782267602249216321e+00
2.061000000000042220e+01,1.582943929351687871e+02,3.782570837372416506e+00,3.782570837372416506e+00
2.062000000000042377e+01,1.583700473828187398e+02,3.782873782916226890e+00,3.782873782916226890e+00
2.063000000000042533e+01,1.584457078864857067e+02,3.783176439270087510e+00,3.783176439270087510e+00
2.064000000000042689e+01,1.585213744403897635e+02,3.783478806822799356e+00,3.783478806822799356e+00
2.065000000000042846e+01,1.585970470387588591e+02,3.783780885962528817e+00,3.783780885962528817e+00
2.066000000000043002e+01,1.586727256758285023e+02,3.784082677076834766e+00,3.784082677076834766e+00
2.067000000000043158e+01,1.587484103458422169e+02,3.784384180552633037e+00,3.784384180552633037e+00
2.068000000000043315e+01,1.588241010430508595e+02,3.784685396776215516e+00,3.784685396776215516e+00
2.069000000000043471e+01,1.588997977617134154e+02,3.784986326133254586e+00,3.784986326133254586e+00
2.070000000000043627e+01,1.589755004960963447e+02,3.785286969008785363e+00,3.785286969008785363e+00
2.071000000000043784e+01,1.590512092404740088e+02,3.785587325787228785e+00,3.785587325787228785e+00
2.072000000000043940e+01,1.591269239891280733e+02,3.785887396852385400e+00,3.785887396852385400e+00
2.073000000000044096e+01,1.592026447363482760e+02,3.786187182587419375e+00,3.786187182587419375e+00
2.074000000000044253e+01,1.592783714764318006e+02,3.786486683374888695e+00,3.786486683374888695e+00
2.075000000000044409e+01,1.593541042036834483e+02,3.786785899596724736e+00,3.786785899596724736e+00
2.076000000000044565e+01,1.594298429124158361e+02,3.787084831634238036e+00,3.787084831634238036e+00
2.077000000000044722e+01,1.595055875969490558e+02,3.787383479868114300e+00,3.787383479868114300e+00
2.078000000000044878e+01,1.595813382516107595e+02,3.787681844678429499e+00,3.787681844678429499e+00
2.079000000000045034e+01,1.596570948707363300e+02,3.787979926444630774e+00,3.787979926444630774e+00
2.080000000000045191e+01,1.597328574486686819e+02,3.788277725545561303e+00,3.788277725545561303e+00
2.081000000000045347e+01,1.598086259797583466e+02,3.788575242359439876e+00,3.788575242359439876e+00
2.082000000000045503e+01,1.598844004583632454e+02,3.788872477263866667e+00,3.788872477263866667e+00
2.083000000000045659e+01,1.599601808788490587e+02,3.789169430635835223e+00,3.789169430635835223e+00
2.084000000000045816e+01,1.600359672355888563e+02,3.789466102851719143e+00,3.789466102851719143e+00
2.085000000000045972e+01,1.601117595229633253e+02,3.789762494287273409e+00,3.789762494287273409e+00
2.086000000000046128e+01,1.601875577353604854e+02,3.790058605317644158e+00,3.790058605317644158e+00
2.087000000000046285e+01,1.602633618671761724e+02,3.790354436317377562e+00,3.790354436317377562e+00
2.088000000000046441e+01,1.603391719128132991e+02,3.790649987660397180e+00,3.790649987660397180e+00
2.089000000000046597e+01,1.604149878666827362e+02,3.790945259720016391e+00,3.790945259720016391e+00
2.090000000000046754e+01,1.604908097232022897e+02,3.791240252868944172e+00,3.791240252868944172e+00
2.091000000000046910e+01,1.605666374767976095e+02,3.791534967479273543e+00,3.791534967479273543e+00
2.092000000000047066e+01,1.606424711219016217e+02,3.791829403922498454e+00,3.791829403922498454e+00
2.093000000000047223e+01,1.607183106529546137e+02,3.792123562569507111e+00,3.792123562569507111e+00
2.094000000000047379e+01,1.607941560644044898e+02,3.792417443790569109e+00,3.792417443790569109e+00
2.095000000000047535e+01,1.608700073507064019e+02,3.792711047955358072e+00,3.792711047955358072e+00
2.096000000000047692e+01,1.609458645063228630e+02,3.793004375432947661e+00,3.793004375432947661e+00
2.097000000000047848e+01,1.610217275257238327e+02,3.793297426591802246e+00,3.793297426591802246e+00
2.098000000000048004e+01,1.610975964033866603e+02,3.793590201799771133e+00,3.793590201799771133e+00
2.099000000000048161e+01,1.611734711337959425e+02,3.793882701424118764e+00,3.793882701424118764e+00
2.100000000000048317e+01,1.612493517114437509e+02,3.794174925831504730e+00,3.794174925831504730e+00
2.101000000000048473e+01,1.613252381308293195e+02,3.794466875387991323e+00,3.794466875387991323e+00
2.102000000000048630e+01,1.614011303864593856e+02,3.794758550459037760e+00,3.794758550459037760e+00
2.103000000000048786e+01,1.614770284728477918e+02,3.795049951409501521e+00,3.795049951409501521e+00
2.104000000000048942e+01,1.615529323845158274e+02,3.795341078603639673e+00,3.795341078603639673e+00
2.105000000000049099e+01,1.616288421159920574e+02,3.795631932405137299e+00,3.795631932405137299e+00
2.106000000000049255e+01,1.617047576618121525e+02,3.795922513177060420e+00,3.795922513177060420e+00
2.107000000000049411e+01,1.617806790165192581e+02,3.796212821281886640e+00,3.796212821281886640e+00
2.108000000000049567e+01,1.618566061746635683e+02,3.796502857081495819e+00,3.796502857081495819e+00
2.109000000000049724e+01,1.619325391308025814e+02,3.796792620937181173e+00,3.796792620937181173e+00
2.110000000000049880e+01,1.620084778795011573e+02,3.797082113209636844e+00,3.797082113209636844e+00
2.111000000000050036e+01,1.620844224153310904e+02,3.797371334258968556e+00,3.797371334258968556e+00
2.112000000000050193e+01,1.621603727328715649e+02,3.797660284444698497e+00,3.797660284444698497e+00
2.113000000000050349e+01,1.622363288267089843e+02,3.797948964125749782e+00,3.797948964125749782e+00
2.114000000000050505e+01,1.623122906914367150e+02,3.798237373660470428e+00,3.798237373660470428e+00
2.115000000000050662e+01,1.623882583216555133e+02,3.798525513406600496e+00,3.798525513406600496e+00
2.116000000000050818e+01,1.624642317119730706e+02,3.798813383721307613e+00,3.798813383721307613e+00
2.117000000000050974e+01,1.625402108570044675e+02,3.799100984961178984e+00,3.799100984961178984e+00
2.118000000000051131e+01,1.626161957513716061e+02,3.799388317482193411e+00,3.799388317482193411e+00
2.119000000000051287e+01,1.626921863897037213e+02,3.799675381639766147e+00,3.799675381639766147e+00
2.120000000000051443e+01,1.627681827666372385e+02,3.799962177788722251e+00,3.799962177788722251e+00
2.121000000000051600e+01,1.628441848768154046e+02,3.800248706283310351e+00,3.800248706283310351e+00
2.122000000000051756e+01,1.629201927148886853e+02,3.800534967477194215e+00,3.800534967477194215e+00
2.123000000000051912e+01,1.629962062755146519e+02,3.800820961723454516e+00,3.800820961723454516e+00
2.124000000000052069e+01,1.630722255533576686e+02,3.801106689374598613e+00,3.801106689374598613e+00
2.125000000000052225e+01,1.631482505430896026e+02,3.801392150782547219e+00,3.801392150782547219e+00
2.126000000000052381e+01,1.632242812393890290e+02,3.801677346298652171e+00,3.801677346298652171e+00
2.127000000000052538e+01,1.633003176369416849e+02,3.801962276273682217e+00,3.801962276273682217e+00
2.128000000000052694e+01,1.633763597304401003e+02,3.802246941057828789e+00,3.802246941057828789e+00
2.129000000000052850e+01,1.634524075145840243e+02,3.802531341000717546e+00,3.802531341000717546e+00
2.130000000000053006e+01,1.635284609840801977e+02,3.802815476451399501e+00,3.802815476451399501e+00
2.131000000000053163e+01,1.636045201336421542e+02,3.803099347758348348e+00,3.803099347758348348e+00
2.132000000000053319e+01,1.636805849579905896e+02,3.803382955269463572e+00,3.803382955269463572e+00
2.133000000000053475e+01,1.637566554518529927e+02,3.803666299332077116e+00,3.803666299332077116e+00
2.134000000000053632e+01,1.638327316099639290e+02,3.803949380292952043e+00,3.803949380292952043e+00
2.135000000000053788e+01,1.639088134270647288e+02,3.804232198498274986e+00,3.804232198498274986e+00
2.136000000000053944e+01,1.639849008979038558e+02,3.804514754293674805e+00,3.804514754293674805e+00
2.137000000000054101e+01,1.640609940172365100e+02,3.804797048024206152e+00,3.804797048024206152e+00
2.138000000000054257e+01,1.641370927798249681e+02,3.805079080034357020e+00,3.805079080034357020e+00
2.139000000000054413e+01,1.642131971804379873e+02,3.805360850668059403e+00,3.805360850668059403e+00
2.140000000000054570e+01,1.642893072138517425e+02,3.805642360268667979e+00,3.805642360268667979e+00
2.141000000000054726e+01,1.643654228748488322e+02,3.805923609178984091e+00,3.805923609178984091e+00
2.142000000000054882e+01,1.644415441582189317e+02,3.806204597741246420e+00,3.806204597741246420e+00
2.143000000000055039e+01,1.645176710587585092e+02,3.806485326297125216e+00,3.806485326297125216e+00
2.144000000000055195e+01,1.645938035712708825e+02,3.806765795187725399e+00,3.806765795187725399e+00
2.145000000000055351e+01,1.646699416905660769e+02,3.807046004753606994e+00,3.807046004753606994e+00
2.146000000000055508e+01,1.647460854114610243e+02,3.807325955334762924e+00,3.807325955334762924e+00
2.147000000000055664e+01,1.648222347287794776e+02,3.807605647270633664e+00,3.807605647270633664e+00
2.148000000000055820e+01,1.648983896373519258e+02,3.807885080900098806e+00,3.807885080900098806e+00
2.149000000000055977e+01,1.649745501320155370e+02,3.808164256561477501e+00,3.808164256561477501e+00
2.150000000000056133e+01,1.650507162076144141e+02,3.808443174592546665e+00,3.808443174592546665e+00
2.151000000000056289e+01,1.651268878589992823e+02,3.808721835330513894e+00,3.808721835330513894e+00
2.152000000000056446e+01,1.652030650810276597e+02,3.809000239112051656e+00,3.809000239112051656e+00
2.153000000000056602e+01,1.652792478685638002e+02,3.809278386273267536e+00,3.809278386273267536e+00
2.154000000000056758e+01,1.653554362164786653e+02,3.809556277149715342e+00,3.809556277149715342e+00
2.155000000000056914e+01,1.654316301196498955e+02,3.809833912076397322e+00,3.809833912076397322e+00
2.156000000000057071e+01,1.655078295729616968e+02,3.810111291387784593e+00,3.810111291387784593e+00
2.157000000000057227e+01,1.655840345713054091e+02,3.810388415417788721e+00,3.810388415417788721e+00
2.158000000000057383e+01,1.656602451095784545e+02,3.810665284499765271e+00,3.810665284499765271e+00
2.159000000000057540e+01,1.657364611826854173e+02,3.810941898966538677e+00,3.810941898966538677e+00
2.160000000000057696e+01,1.658126827855372198e+02,3.811218259150380039e+00,3.811218259150380039e+00
2.161000000000057852e+01,1.658889099130514637e+02,3.811494365383022220e+00,3.811494365383022220e+00
2.162000000000058009e+01,1.659651425601525148e+02,3.811770217995641641e+00,3.811770217995641641e+00
2.163000000000058165e+01,1.660413807217712758e+02,3.812045817318885366e+00,3.812045817318885366e+00
2.164000000000058321e+01,1.661176243928453573e+02,3.812321163682852454e+00,3.812321163682852454e+00
2.165000000000058478e+01,1.661938735683187076e+02,3.812596257417104617e+00,3.812596257417104617e+00
2.166000000000058634e+01,1.662701282431420680e+02,3.812871098850664442e+00,3.812871098850664442e+00
2.167000000000058790e+01,1.663463884122727450e+02,3.813145688312011394e+00,3.813145688312011394e+00
2.168000000000058947e+01,1.664226540706745539e+02,3.813420026129083595e+00,3.813420026129083595e+00
2.169000000000059103e+01,1.664989252133179889e+02,3.813694112629289812e+00,3.813694112629289812e+00
2.170000000000059259e+01,1.665752018351797688e+02,3.813967948139499686e+00,3.813967948139499686e+00
2.171000000000059416e+01,1.666514839312435186e+02,3.814241532986057504e+00,3.814241532986057504e+00
2.172000000000059572e+01,1.667277714964992583e+02,3.814514867494761319e+00,3.814514867494761319e+00
2.173000000000059728e+01,1.668040645259433461e+02,3.814787951990880277e+00,3.814787951990880277e+00
2.174000000000059885e+01,1.668803630145788759e+02,3.815060786799151060e+00,3.815060786799151060e+00
2.175000000000060041e+01,1.669566669574152797e+02,3.815333372243776555e+00,3.815333372243776555e+00
2.176000000000060197e+01,1.670329763494686688e+02,3.815605708648439620e+00,3.815605708648439620e+00
2.177000000000060353e+01,1.671092911857612364e+02,3.815877796336284877e+00,3.815877796336284877e+00
2.178000000000060510e+01,1.671856114613221109e+02,3.816149635629926262e+00,3.816149635629926262e+00
2.179000000000060666e+01,1.672619371711865881e+02,3.816421226851451909e+00,3.816421226851451909e+00
2.180000000000060822e+01,1.673382683103961881e+02,3.816692570322434808e+00,3.816692570322434808e+00
2.181000000000060979e+01,1.674146048739994228e+02,3.816963666363914598e+00,3.816963666363914598e+00
2.182000000000061135e+01,1.674909468570508295e+02,3.817234515296400232e+00,3.817234515296400232e+00
2.183000000000061291e+01,1.675672942546112836e+02,3.817505117439886853e+00,3.817505117439886853e+00
2.184000000000061448e+01,1.676436470617484531e+02,3.817775473113838469e+00,3.817775473113838469e+00
2.185000000000061604e+01,1.677200052735359463e+02,3.818045582637207058e+00,3.818045582637207058e+00
2.186000000000061760e+01,1.677963688850539654e+02,3.818315446328419238e+00,3.818315446328419238e+00
2.187000000000061917e+01,1.678727378913890504e+02,3.818585064505380711e+00,3.818585064505380711e+00
2.188000000000062073e+01,1.679491122876341933e+02,3.818854437485482478e+00,3.818854437485482478e+00
2.189000000000062229e+01,1.680254920688884965e+02,3.819123565585587077e+00,3.819123565585587077e+00
2.190000000000062386e+01,1.681018772302575996e+02,3.819392449122046784e+00,3.819392449122046784e+00
2.191000000000062542e+01,1.681782677668533950e+02,3.819661088410702732e+00,3.819661088410702732e+00
2.192000000000062698e+01,1.682546636737940560e+02,3.819929483766882239e+00,3.819929483766882239e+00
2.193000000000062855e+01,1.683310649462041226e+02,3.820197635505391709e+00,3.820197635505391709e+00
2.194000000000063011e+01,1.684074715792143309e+02,3.820465543940511743e+00,3.820465543940511743e+00
2.195000000000063167e+01,1.684838835679616977e+02,3.820733209386029117e+00,3.820733209386029117e+00
2.196000000000063324e+01,1.685603009075897774e+02,3.821000632155228338e+00,3.821000632155228338e+00
2.197000000000063480e+01,1.686367235932479502e+02,3.821267812560859678e+00,3.821267812560859678e+00
2.198000000000063636e+01,1.687131516200922192e+02,3.821534750915180467e+00,3.821534750915180467e+00
2.199000000000063793e+01,1.687895849832845840e+02,3.821801447529932005e+00,3.821801447529932005e+00
2.200000000000063949e+01,1.688660236779934394e+02,3.822067902716339560e+00,3.822067902716339560e+00
2.201000000000064105e+01,1.689424676993932337e+02,3.822334116785139013e+00,3.822334116785139013e+00
2.202000000000064261e+01,1.690189170426648673e+02,3.822600090046557764e+00,3.822600090046557764e+00
2.203000000000064418e+01,1.690953717029951520e+02,3.822865822810302294e+00,3.822865822810302294e+00
2.204000000000064574e+01,1.691718316755772378e+02,3.823131315385593698e+00,3.823131315385593698e+00
2.205000000000064730e+01,1.692482969556105274e+02,3.823396568081145031e+00,3.823396568081145031e+00
2.206000000000064887e+01,1.693247675383005344e+02,3.823661581205160420e+00,3.823661581205160420e+00
2.207000000000065043e+01,1.694012434188587974e+02,3.823926355065356830e+00,3.823926355065356830e+00
2.208000000000065199e+01,1.694777245925031934e+02,3.824190889968930307e+00,3.824190889968930307e+00
2.209000000000065356e+01,1.695542110544575678e+02,3.824455186222595060e+00,3.824455186222595060e+00
2.210000000000065512e+01,1.696307027999520756e+02,3.824719244132562590e+00,3.824719244132562590e+00
2.211000000000065668e+01,1.697071998242228688e+02,3.824983064004539024e+00,3.824983064004539024e+00
2.212000000000065825e+01,1.697837021225122669e+02,3.825246646143747764e+00,3.825246646143747764e+00
2.213000000000065981e+01,1.698602096900685865e+02,3.825509990854909059e+00,3.825509990854909059e+00
2.214000000000066137e+01,1.699367225221464821e+02,3.825773098442246667e+00,3.825773098442246667e+00
2.215000000000066294e+01,1.700132406140063495e+02,3.826035969209491405e+00,3.826035969209491405e+00
2.216000000000066450e+01,1.700897639609148655e+02,3.826298603459894032e+00,3.826298603459894032e+00
2.217000000000066606e+01,1.701662925581447894e+02,3.826561001496194603e+00,3.826561001496194603e+00
2.218000000000066763e+01,1.702428264009747352e+02,3.826823163620647339e+00,3.826823163620647339e+00
2.219000000000066919e+01,1.703193654846896266e+02,3.827085090135019740e+00,3.827085090135019740e+00
2.220000000000067075e+01,1.703959098045801852e+02,3.827346781340592141e+00,3.827346781340592141e+00
2.221000000000067232e+01,1.704724593559432151e+02,3.827608237538147495e+00,3.827608237538147495e+00
2.222000000000067388e+01,1.705490141340816308e+02,3.827869459027991805e+00,3.827869459027991805e+00
2.223000000000067544e+01,1.706255741343044008e+02,3.828130446109944796e+00,3.828130446109944796e+00
2.224000000000067701e+01,1.707021393519260641e+02,3.828391199083330143e+00,3.828391199083330143e+00
2.225000000000067857e+01,1.707787097822676401e+02,3.828651718246994573e+00,3.828651718246994573e+00
2.226000000000068013e+01,1.708552854206560028e+02,3.828912003899298977e+00,3.828912003899298977e+00
2.227000000000068169e+01,1.709318662624236538e+02,3.829172056338127295e+00,3.829172056338127295e+00
2.228000000000068326e+01,1.710084523029094896e+02,3.829431875860870971e+00,3.829431875860870971e+00
2.229000000000068482e+01,1.710850435374581195e+02,3.829691462764448051e+00,3.829691462764448051e+00
2.230000000000068638e+01,1.711616399614200645e+02,3.829950817345290748e+00,3.829950817345290748e+00
2.231000000000068795e+01,1.712382415701518994e+02,3.830209939899356097e+00,3.830209939899356097e+00
2.232000000000068951e+01,1.713148483590160822e+02,3.830468830722122853e+00,3.830468830722122853e+00
2.233000000000069107e+01,1.713914603233808975e+02,3.830727490108594147e+00,3.830727490108594147e+00
2.234000000000069264e+01,1.714680774586204279e+02,3.830985918353286834e+00,3.830985918353286834e+00
2.235000000000069420e+01,1.715446997601150088e+02,3.831244115750254142e+00,3.831244115750254142e+00
2.236000000000069576e+01,1.716213272232504892e+02,3.831502082593077230e+00,3.831502082593077230e+00
2.237000000000069733e+01,1.716979598434187437e+02,3.831759819174843429e+00,3.831759819174843429e+00
2.238000000000069889e+01,1.717745976160174166e+02,3.832017325788180884e+00,3.832017325788180884e+00
2.239000000000070045e+01,1.718512405364502342e+02,3.832274602725247448e+00,3.832274602725247448e+00
2.240000000000070202e+01,1.719278886001264652e+02,3.832531650277726243e+00,3.832531650277726243e+00
2.241000000000070358e+01,1.720045418024613184e+02,3.832788468736828769e+00,3.832788468736828769e+00
2.242000000000070514e+01,1.720812001388759711e+02,3.833045058393293569e+00,3.833045058393293569e+00
2.243000000000070671e+01,1.721578636047970861e+02,3.833301419537402221e+00,3.833301419537402221e+00
2.244000000000070827e+01,1.722345321956574367e+02,3.833557552458969564e+00,3.833557552458969564e+00
2.245000000000070983e+01,1.723112059068954238e+02,3.833813457447320161e+00,3.833813457447320161e+00
2.246000000000071140e+01,1.723878847339552749e+02,3.834069134791336708e+00,3.834069134791336708e+00
2.247000000000071296e+01,1.724645686722871005e+02,3.834324584779418288e+00,3.834324584779418288e+00
2.248000000000071452e+01,1.725412577173465536e+02,3.834579807699515008e+00,3.834579807699515008e+00
2.249000000000071608e+01,1.726179518645950850e+02,3.834834803839111128e+00,3.834834803839111128e+00
2.250000000000071765e+01,1.726946511095000858e+02,3.835089573485224168e+00,3.835089573485224168e+00
2.251000000000071921e+01,1.727713554475345177e+02,3.835344116924412461e+00,3.835344116924412461e+00
2.252000000000072077e+01,1.728480648741770267e+02,3.835598434442768934e+00,3.835598434442768934e+00
2.253000000000072234e+01,1.729247793849122274e+02,3.835852526325932210e+00,3.835852526325932210e+00
2.254000000000072390e+01,1.730014989752301062e+02,3.836106392859075509e+00,3.836106392859075509e+00
2.255000000000072546e+01,1.730782236406265895e+02,3.836360034326923518e+00,3.836360034326923518e+00
2.256000000000072703e+01,1.731549533766032027e+02,3.836613451013735077e+00,3.836613451013735077e+00
2.257000000000072859e+01,1.732316881786671843e+02,3.836866643203318716e+00,3.836866643203318716e+00
2.258000000000073015e+01,1.733084280423313714e+02,3.837119611179019341e+00,3.837119611179019341e+00
2.259000000000073172e+01,1.733851729631143144e+02,3.837372355223732434e+00,3.837372355223732434e+00
2.260000000000073328e+01,1.734619229365402759e+02,3.837624875619904952e+00,3.837624875619904952e+00
2.261000000000073484e+01,1.735386779581391181e+02,3.837877172649521551e+00,3.837877172649521551e+00
2.262000000000073641e+01,1.736154380234462451e+02,3.838129246594113475e+00,3.838129246594113475e+00
2.263000000000073797e+01,1.736922031280029159e+02,3.838381097734770098e+00,3.838381097734770098e+00
2.264000000000073953e+01,1.737689732673557330e+02,3.838632726352129598e+00,3.838632726352129598e+00
2.265000000000074110e+01,1.738457484370570398e+02,3.838884132726370968e+00,3.838884132726370968e+00
2.266000000000074266e+01,1.739225286326646938e+02,3.839135317137233105e+00,3.839135317137233105e+00
2.267000000000074422e+01,1.739993138497424638e+02,3.839386279864000162e+00,3.839386279864000162e+00
2.268000000000074579e+01,1.740761040838593203e+02,3.839637021185516197e+00,3.839637021185516197e+00
2.269000000000074735e+01,1.741528993305898894e+02,3.839887541380178515e+00,3.839887541380178515e+00
2.270000000000074891e+01,1.742296995855145099e+02,3.840137840725928342e+00,3.840137840725928342e+00
2.271000000000075048e+01,1.743065048442189777e+02,3.840387919500267255e+00,3.840387919500267255e+00
2.272000000000075204e+01,1.743833151022944605e+02,3.840637777980262069e+00,3.840637777980262069e+00
2.273000000000075360e+01,1.744601303553380660e+02,3.840887416442531066e+00,3.840887416442531066e+00
2.274000000000075516e+01,1.745369505989522452e+02,3.841136835163250662e+00,3.841136835163250662e+00
2.275000000000075673e+01,1.746137758287446502e+02,3.841386034418157625e+00,3.841386034418157625e+00
2.276000000000075829e+01,1.746906060403289587e+02,3.841635014482542854e+00,3.841635014482542854e+00
2.277000000000075985e+01,1.747674412293239925e+02,3.841883775631254050e+00,3.841883775631254050e+00
2.278000000000076142e+01,1.748442813913541727e+02,3.842132318138713032e+00,3.842132318138713032e+00
2.279000000000076298e+01,1.749211265220495761e+02,3.842380642278896641e+00,3.842380642278896641e+00
2.280000000000076454e+01,1.749979766170454241e+02,3.842628748325337185e+00,3.842628748325337185e+00
2.281000000000076611e+01,1.750748316719825084e+02,3.842876636551151304e+00,3.842876636551151304e+00
2.282000000000076767e+01,1.751516916825074190e+02,3.843124307229005776e+00,3.843124307229005776e+00
2.283000000000076923e+01,1.752285566442716913e+02,3.843371760631129508e+00,3.843371760631129508e+00
2.284000000000077080e+01,1.753054265529325733e+02,3.843618997029326412e+00,3.843618997029326412e+00
2.285000000000077236e+01,1.753823014041528268e+02,3.843866016694959864e+00,3.843866016694959864e+00
2.286000000000077392e+01,1.754591811936005286e+02,3.844112819898964695e+00,3.844112819898964695e+00
2.287000000000077549e+01,1.755360659169489281e+02,3.844359406911843191e+00,3.844359406911843191e+00
2.288000000000077705e+01,1.756129555698770162e+02,3.844605778003668650e+00,3.844605778003668650e+00
2.289000000000077861e+01,1.756898501480690129e+02,3.844851933444090708e+00,3.844851933444090708e+00
2.290000000000078018e+01,1.757667496472147945e+02,3.845097873502319352e+00,3.845097873502319352e+00
2.291000000000078174e+01,1.758436540630090974e+02,3.845343598447140465e+00,3.845343598447140465e+00
2.292000000000078330e+01,1.759205633911525695e+02,3.845589108546915824e+00,3.845589108546915824e+00
2.293000000000078487e+01,1.759974776273509747e+02,3.845834404069580437e+00,3.845834404069580437e+00
2.294000000000078643e+01,1.760743967673153634e+02,3.846079485282631438e+00,3.846079485282631438e+00
2.295000000000078799e+01,1.761513208067622998e+02,3.846324352453146300e+00,3.846324352453146300e+00
2.296000000000078956e+01,1.762282497414135207e+02,3.846569005847791711e+00,3.846569005847791711e+00
2.297000000000079112e+01,1.763051835669961918e+02,3.846813445732798264e+00,3.846813445732798264e+00
2.298000000000079268e+01,1.763821222792428216e+02,3.847057672373980441e+00,3.847057672373980441e+00
2.299000000000079424e+01,1.764590658738911486e+02,3.847301686036724178e+00,3.847301686036724178e+00
2.300000000000079581e+01,1.765360143466843397e+02,3.847545486985993080e+00,3.847545486985993080e+00
2.301000000000079737e+01,1.766129676933706776e+02,3.847789075486339971e+00,3.847789075486339971e+00
2.302000000000079893e+01,1.766899259097037316e+02,3.848032451801895348e+00,3.848032451801895348e+00
2.303000000000080050e+01,1.767668889914426416e+02,3.848275616196368709e+00,3.848275616196368709e+00
2.304000000000080206e+01,1.768438569343515780e+02,3.848518568933052997e+00,3.848518568933052997e+00
2.305000000000080362e+01,1.769208297342000265e+02,3.848761310274825487e+00,3.848761310274825487e+00
2.306000000000080519e+01,1.769978073867626449e+02,3.849003840484142902e+00,3.849003840484142902e+00
2.307000000000080675e+01,1.770747898878193780e+02,3.849246159823046742e+00,3.849246159823046742e+00
2.308000000000080831e+01,1.771517772331555420e+02,3.849488268553163284e+00,3.849488268553163284e+00
2.309000000000080988e+01,1.772287694185615408e+02,3.849730166935713793e+00,3.849730166935713793e+00
2.310000000000081144e+01,1.773057664398329791e+02,3.849971855231501650e+00,3.849971855231501650e+00
2.311000000000081300e+01,1.773827682927707770e+02,3.850213333700911456e+00,3.850213333700911456e+00
2.312000000000081457e+01,1.774597749731809699e+02,3.850454602603921472e+00,3.850454602603921472e+00
2.313000000000081613e+01,1.775367864768749371e+02,3.850695662200105840e+00,3.850695662200105840e+00
2.314000000000081769e+01,1.776138027996690596e+02,3.850936512748614149e+00,3.850936512748614149e+00
2.315000000000081926e+01,1.776908239373848915e+02,3.851177154508190092e+00,3.851177154508190092e+00
2.316000000000082082e+01,1.777678498858492731e+02,3.851417587737183901e+00,3.851417587737183901e+00
2.317000000000082238e+01,1.778448806408944165e+02,3.851657812693523031e+00,3.851657812693523031e+00
2.318000000000082395e+01,1.779219161983571098e+02,3.851897829634725490e+00,3.851897829634725490e+00
2.319000000000082551e+01,1.779989565540797116e+02,3.852137638817924259e+00,3.852137638817924259e+00
2.320000000000082707e+01,1.780760017039097249e+02,3.852377240499824218e+00,3.852377240499824218e+00
2.321000000000082863e+01,1.781530516436997686e+02,3.852616634936728790e+00,3.852616634936728790e+00
2.322000000000083020e+01,1.782301063693072081e+02,3.852855822384548823e+00,3.852855822384548823e+00
2.323000000000083176e+01,1.783071658765950929e+02,3.853094803098783938e+00,3.853094803098783938e+00
2.324000000000083332e+01,1.783842301614311907e+02,3.853333577334532745e+00,3.853333577334532745e+00
2.325000000000083489e+01,1.784612992196885273e+02,3.853572145346492839e+00,3.853572145346492839e+00
2.326000000000083645e+01,1.785383730472451020e+02,3.853810507388961248e+00,3.853810507388961248e+00
2.327000000000083801e+01,1.786154516399840873e+02,3.854048663715833545e+00,3.854048663715833545e+00
2.328000000000083958e+01,1.786925349937936573e+02,3.854286614580602066e+00,3.854286614580602066e+00
2.329000000000084114e+01,1.787696231045672448e+02,3.854524360236369684e+00,3.854524360236369684e+00
2.330000000000084270e+01,1.788467159682031706e+02,3.854761900935836927e+00,3.854761900935836927e+00
2.331000000000084427e+01,1.789238135806047580e+02,3.854999236931310413e+00,3.854999236931310413e+00
2.332000000000084583e+01,1.790009159376803893e+02,3.855236368474693531e+00,3.855236368474693531e+00
2.333000000000084739e+01,1.790780230353436764e+02,3.855473295817489543e+00,3.855473295817489543e+00
2.334000000000084896e+01,1.791551348695130628e+02,3.855710019210820683e+00,3.855710019210820683e+00
2.335000000000085052e+01,1.792322514361121648e+02,3.855946538905407728e+00,3.855946538905407728e+00
2.336000000000085208e+01,1.793093727310692600e+02,3.856182855151580657e+00,3.856182855151580657e+00
2.337000000000085365e+01,1.793864987503181680e+02,3.856418968199274655e+00,3.856418968199274655e+00
2.338000000000085521e+01,1.794636294897972277e+02,3.856654878298034994e+00,3.856654878298034994e+00
2.339000000000085677e+01,1.795407649454500927e+02,3.856890585697010820e+00,3.856890585697010820e+00
2.340000000000085834e+01,1.796179051132251629e+02,3.857126090644964034e+00,3.857126090644964034e+00
2.341000000000085990e+01,1.796950499890759829e+02,3.857361393390267956e+00,3.857361393390267956e+00
2.342000000000086146e+01,1.797721995689607581e+02,3.857596494180910440e+00,3.857596494180910440e+00
2.343000000000086303e+01,1.798493538488431227e+02,3.857831393264481878e+00,3.857831393264481878e+00
2.344000000000086459e+01,1.799265128246913150e+02,3.858066090888188082e+00,3.858066090888188082e+00
2.345000000000086615e+01,1.800036764924786610e+02,3.858300587298854278e+00,3.858300587298854278e+00
2.346000000000086771e+01,1.800808448481832613e+02,3.858534882742909122e+00,3.858534882742909122e+00
2.347000000000086928e+01,1.801580178877884180e+02,3.858768977466398464e+00,3.858768977466398464e+00
2.348000000000087084e+01,1.802351956072819235e+02,3.859002871714986238e+00,3.859002871714986238e+00
2.349000000000087240e+01,1.803123780026570557e+02,3.859236565733962898e+00,3.859236565733962898e+00
2.350000000000087397e+01,1.803895650699114128e+02,3.859470059768213890e+00,3.859470059768213890e+00
2.351000000000087553e+01,1.804667568050477087e+02,3.859703354062262282e+00,3.859703354062262282e+00
2.352000000000087709e+01,1.805439532040737731e+02,3.859936448860239011e+00,3.859936448860239011e+00
2.353000000000087866e+01,1.806211542630020972e+02,3.860169344405884218e+00,3.860169344405884218e+00
2.354000000000088022e+01,1.806983599778500604e+02,3.860402040942579660e+00,3.860402040942579660e+00
2.355000000000088178e+01,1.807755703446398456e+02,3.860634538713311859e+00,3.860634538713311859e+00
2.356000000000088335e+01,1.808527853593985526e+02,3.860866837960699627e+00,3.860866837960699627e+00
2.357000000000088491e+01,1.809300050181583401e+02,3.861098938926969648e+00,3.861098938926969648e+00
2.358000000000088647e+01,1.810072293169556303e+02,3.861330841853968465e+00,3.861330841853968465e+00
2.359000000000088804e+01,1.810844582518324160e+02,3.861562546983184241e+00,3.861562546983184241e+00
2.360000000000088960e+01,1.811616918188349814e+02,3.861794054555721889e+00,3.861794054555721889e+00
2.361000000000089116e+01,1.812389300140146702e+02,3.862025364812310624e+00,3.862025364812310624e+00
2.362000000000089273e+01,1.813161728334274585e+02,3.862256477993309289e+00,3.862256477993309289e+00
2.363000000000089429e+01,1.813934202731343532e+02,3.862487394338680158e+00,3.862487394338680158e+00
2.364000000000089585e+01,1.814706723292010508e+02,3.862718114088027122e+00,3.862718114088027122e+00
2.365000000000089742e+01,1.815479289976978521e+02,3.862948637480598801e+00,3.862948637480598801e+00
2.366000000000089898e+01,1.816251902747002873e+02,3.863178964755252132e+00,3.863178964755252132e+00
2.367000000000090054e+01,1.817024561562880933e+02,3.863409096150469235e+00,3.863409096150469235e+00
2.368000000000090211e+01,1.817797266385462649e+02,3.863639031904365861e+00,3.863639031904365861e+00
2.369000000000090367e+01,1.818570017175643159e+02,3.863868772254696715e+00,3.863868772254696715e+00
2.370000000000090523e+01,1.819342813894363928e+02,3.864098317438838581e+00,3.864098317438838581e+00
2.371000000000090679e+01,1.820115656502618720e+02,3.864327667693806312e+00,3.864327667693806312e+00
2.372000000000090836e+01,1.820888544961442221e+02,3.864556823256244389e+00,3.864556823256244389e+00
2.373000000000090992e+01,1.821661479231920850e+02,3.864785784362419818e+00,3.864785784362419818e+00
2.374000000000091148e+01,1.822434459275186498e+02,3.865014551248246555e+00,3.865014551248246555e+00
2.375000000000091305e+01,1.823207485052420793e+02,3.865243124149265519e+00,3.865243124149265519e+00
2.376000000000091461e+01,1.823980556524847145e+02,3.865471503300655698e+00,3.865471503300655698e+00
2.377000000000091617e+01,1.824753673653740123e+02,3.865699688937230150e+00,3.865699688937230150e+00
2.378000000000091774e+01,1.825526836400420905e+02,3.865927681293434670e+00,3.865927681293434670e+00
2.379000000000091930e+01,1.826300044726258136e+02,3.866155480603362005e+00,3.866155480603362005e+00
2.380000000000092086e+01,1.827073298592662809e+02,3.866383087100738969e+00,3.866383087100738969e+00
2.381000000000092243e+01,1.827846597961098496e+02,3.866610501018923340e+00,3.866610501018923340e+00
2.382000000000092399e+01,1.828619942793070265e+02,3.866837722590915849e+00,3.866837722590915849e+00
2.383000000000092555e+01,1.829393333050134345e+02,3.867064752049365506e+00,3.867064752049365506e+00
2.384000000000092712e+01,1.830166768693890447e+02,3.867291589626549175e+00,3.867291589626549175e+00
2.385000000000092868e+01,1.830940249685985464e+02,3.867518235554383565e+00,3.867518235554383565e+00
2.386000000000093024e+01,1.831713775988112047e+02,3.867744690064432334e+00,3.867744690064432334e+00
2.387000000000093181e+01,1.832487347562011166e+02,3.867970953387902089e+00,3.867970953387902089e+00
2.388000000000093337e+01,1.833260964369467843e+02,3.868197025755641949e+00,3.868197025755641949e+00
2.389000000000093493e+01,1.834034626372313141e+02,3.868422907398145316e+00,3.868422907398145316e+00
2.390000000000093650e+01,1.834808333532427014e+02,3.868648598545552986e+00,3.868648598545552986e+00
2.391000000000093806e+01,1.835582085811731190e+02,3.868874099427640711e+00,3.868874099427640711e+00
2.392000000000093962e+01,1.836355883172196855e+02,3.869099410273834305e+00,3.869099410273834305e+00
2.393000000000094118e+01,1.837129725575840382e+02,3.869324531313210969e+00,3.869324531313210969e+00
2.394000000000094275e+01,1.837903612984722770e+02,3.869549462774486415e+00,3.869549462774486415e+00
2.395000000000094431e+01,1.838677545360950489e+02,3.869774204886035740e+00,3.869774204886035740e+00
2.396000000000094587e+01,1.839451522666677192e+02,3.869998757875866779e+00,3.869998757875866779e+00
2.397000000000094744e+01,1.840225544864100868e+02,3.870223121971648084e+00,3.870223121971648084e+00
2.398000000000094900e+01,1.840999611915466403e+02,3.870447297400691600e+00,3.870447297400691600e+00
2.399000000000095056e+01,1.841773723783061598e+02,3.870671284389957112e+00,3.870671284389957112e+00
2.400000000000095213e+01,1.842547880429221436e+02,3.870895083166062900e+00,3.870895083166062900e+00
2.401000000000095369e+01,1.843322081816327795e+02,3.871118693955275081e+00,3.871118693955275081e+00
2.402000000000095525e+01,1.844096327906804049e+02,3.871342116983513382e+00,3.871342116983513382e+00
2.403000000000095682e+01,1.844870618663121320e+02,3.871565352476344035e+00,3.871565352476344035e+00
2.404000000000095838e+01,1.845644954047794215e+02,3.871788400658986884e+00,3.871788400658986884e+00
2.405000000000095994e+01,1.846419334023384238e+02,3.872011261756324707e+00,3.872011261756324707e+00
2.406000000000096151e+01,1.847193758552497229e+02,3.872233935992893450e+00,3.872233935992893450e+00
2.407000000000096307e+01,1.847968227597781947e+02,3.872456423592883556e+00,3.872456423592883556e+00
2.408000000000096463e+01,1.848742741121933761e+02,3.872678724780131976e+00,3.872678724780131976e+00
2.409000000000096620e+01,1.849517299087693516e+02,3.872900839778137705e+00,3.872900839778137705e+00
2.410000000000096776e+01,1.850291901457845825e+02,3.873122768810060457e+00,3.873122768810060457e+00
2.411000000000096932e+01,1.851066548195218218e+02,3.873344512098711778e+00,3.873344512098711778e+00
2.412000000000097089e+01,1.851841239262684837e+02,3.873566069866571038e+00,3.873566069866571038e+00
2.413000000000097245e+01,1.852615974623165016e+02,3.873787442335765885e+00,3.873787442335765885e+00
2.414000000000097401e+01,1.853390754239619582e+02,3.874008629728081132e+00,3.874008629728081132e+00
2.415000000000097558e+01,1.854165578075055976e+02,3.874229632264971190e+00,3.874229632264971190e+00
2.416000000000097714e+01,1.854940446092525121e+02,3.874450450167563176e+00,3.874450450167563176e+00
2.417000000000097870e+01,1.855715358255123419e+02,3.874671083656627601e+00,3.874671083656627601e+00
2.418000000000098026e+01,1.856490314525987628e+02,3.874891532952596584e+00,3.874891532952596584e+00
2.419000000000098183e+01,1.857265314868303960e+02,3.875111798275570507e+00,3.875111798275570507e+00
2.420000000000098339e+01,1.858040359245297566e+02,3.875331879845309579e+00,3.875331879845309579e+00
2.421000000000098495e+01,1.858815447620242765e+02,3.875551777881235171e+00,3.875551777881235171e+00
2.422000000000098652e+01,1.859590579956450824e+02,3.875771492602445800e+00,3.875771492602445800e+00
2.423000000000098808e+01,1.860365756217282751e+02,3.875991024227698922e+00,3.875991024227698922e+00
2.424000000000098964e+01,1.861140976366142183e+02,3.876210372975420260e+00,3.876210372975420260e+00
2.425000000000099121e+01,1.861916240366473403e+02,3.876429539063687812e+00,3.876429539063687812e+00
2.426000000000099277e+01,1.862691548181767303e+02,3.876648522710255396e+00,3.876648522710255396e+00
2.427000000000099433e+01,1.863466899775556840e+02,3.876867324132556192e+00,3.876867324132556192e+00
2.428000000000099590e+01,1.864242295111420162e+02,3.877085943547685432e+00,3.877085943547685432e+00
2.429000000000099746e+01,1.865017734152976914e+02,3.877304381172397285e+00,3.877304381172397285e+00
2.430000000000099902e+01,1.865793216863889370e+02,3.877522637223120849e+00,3.877522637223120849e+00
2.431000000000100059e+01,1.866568743207865566e+02,3.877740711915961480e+00,3.877740711915961480e+00
2.432000000000100215e+01,1.867344313148655317e+02,3.877958605466686137e+00,3.877958605466686137e+00
2.433000000000100371e+01,1.868119926650052491e+02,3.878176318090736263e+00,3.878176318090736263e+00
2.434000000000100528e+01,1.868895583675891885e+02,3.878393850003226451e+00,3.878393850003226451e+00
2.435000000000100684e+01,1.869671284190053768e+02,3.878611201418944443e+00,3.878611201418944443e+00
2.436000000000100840e+01,1.870447028156459339e+02,3.878828372552350690e+00,3.878828372552350690e+00
2.437000000000100997e+01,1.871222815539074134e+02,3.879045363617577902e+00,3.879045363617577902e+00
2.438000000000101153e+01,1.871998646301906035e+02,3.879262174828438159e+00,3.879262174828438159e+00
2.439000000000101309e+01,1.872774520409005845e+02,3.879478806398412249e+00,3.879478806398412249e+00
2.440000000000101466e+01,1.873550437824465575e+02,3.879695258540655889e+00,3.879695258540655889e+00
2.441000000000101622e+01,1.874326398512422429e+02,3.879911531468004604e+00,3.879911531468004604e+00
2.442000000000101778e+01,1.875102402437053115e+02,3.880127625392963964e+00,3.880127625392963964e+00
2.443000000000101934e+01,1.875878449562579533e+02,3.880343540527722013e+00,3.880343540527722013e+00
2.444000000000102091e+01,1.876654539853263941e+02,3.880559277084155934e+00,3.880559277084155934e+00
2.445000000000102247e+01,1.877430673273412935e+02,3.880774835273807177e+00,3.880774835273807177e+00
2.446000000000102403e+01,1.878206849787374324e+02,3.880990215307895674e+00,3.880990215307895674e+00
2.447000000000102560e+01,1.878983069359536842e+02,3.881205417397328716e+00,3.881205417397328716e+00
2.448000000000102716e+01,1.879759331954332140e+02,3.881420441752684525e+00,3.881420441752684525e+00
2.449000000000102872e+01,1.880535637536237914e+02,3.881635288584228682e+00,3.881635288584228682e+00
2.450000000000103029e+01,1.881311986069766533e+02,3.881849958101913245e+00,3.881849958101913245e+00
2.451000000000103185e+01,1.882088377519478399e+02,3.882064450515355869e+00,3.882064450515355869e+00
2.452000000000103341e+01,1.882864811849972000e+02,3.882278766033869566e+00,3.882278766033869566e+00
2.453000000000103498e+01,1.883641289025891865e+02,3.882492904866451155e+00,3.882492904866451155e+00
2.454000000000103654e+01,1.884417809011918621e+02,3.882706867221770608e+00,3.882706867221770608e+00
2.455000000000103810e+01,1.885194371772780642e+02,3.882920653308197689e+00,3.882920653308197689e+00
2.456000000000103967e+01,1.885970977273242113e+02,3.883134263333773983e+00,3.883134263333773983e+00
2.457000000000104123e+01,1.886747625478114117e+02,3.883347697506233764e+00,3.883347697506233764e+00
2.458000000000104279e+01,1.887524316352244966e+02,3.883560956032989786e+00,3.883560956032989786e+00
2.459000000000104436e+01,1.888301049860527314e+02,3.883774039121143939e+00,3.883774039121143939e+00
2.460000000000104592e+01,1.889077825967893602e+02,3.883986946977488142e+00,3.883986946977488142e+00
2.461000000000104748e+01,1.889854644639318337e+02,3.884199679808497674e+00,3.884199679808497674e+00
2.462000000000104905e+01,1.890631505839816953e+02,3.884412237820348945e+00,3.884412237820348945e+00
2.463000000000105061e+01,1.891408409534446662e+02,3.884624621218895957e+00,3.884624621218895957e+00
2.464000000000105217e+01,1.892185355688304185e+02,3.884836830209683178e+00,3.884836830209683178e+00
2.465000000000105373e+01,1.892962344266530579e+02,3.885048864997949991e+00,3.885048864997949991e+00
2.466000000000105530e+01,1.893739375234303850e+02,3.885260725788616476e+00,3.885260725788616476e+00
2.467000000000105686e+01,1.894516448556845774e+02,3.885472412786302066e+00,3.885472412786302066e+00
2.468000000000105842e+01,1.895293564199417915e+02,3.885683926195309112e+00,3.885683926195309112e+00
2.469000000000105999e+01,1.896070722127323336e+02,3.885895266219641098e+00,3.885895266219641098e+00
2.470000000000106155e+01,1.896847922305906593e+02,3.886106433062994192e+00,3.886106433062994192e+00
2.471000000000106311e+01,1.897625164700549476e+02,3.886317426928748819e+00,3.886317426928748819e+00
2.472000000000106468e+01,1.898402449276676975e+02,3.886528248019991416e+00,3.886528248019991416e+00
2.473000000000106624e+01,1.899179775999756998e+02,3.886738896539495336e+00,3.886738896539495336e+00
2.474000000000106780e+01,1.899957144835292979e+02,3.886949372689731064e+00,3.886949372689731064e+00
2.475000000000106937e+01,1.900734555748832975e+02,3.887159676672859998e+00,3.887159676672859998e+00
2.476000000000107093e+01,1.901512008705962558e+02,3.887369808690743334e+00,3.887369808690743334e+00
2.477000000000107249e+01,1.902289503672309365e+02,3.887579768944946945e+00,3.887579768944946945e+00
2.478000000000107406e+01,1.903067040613541110e+02,3.887789557636720073e+00,3.887789557636720073e+00
2.479000000000107562e+01,1.903844619495364157e+02,3.887999174967012639e+00,3.887999174967012639e+00
2.480000000000107718e+01,1.904622240283527219e+02,3.888208621136478804e+00,3.888208621136478804e+00
2.481000000000107875e+01,1.905399902943819086e+02,3.888417896345472968e+00,3.888417896345472968e+00
2.482000000000108031e+01,1.906177607442065209e+02,3.888627000794034672e+00,3.888627000794034672e+00
2.483000000000108187e+01,1.906955353744135948e+02,3.888835934681915685e+00,3.888835934681915685e+00
2.484000000000108344e+01,1.907733141815938609e+02,3.889044698208575124e+00,3.889044698208575124e+00
2.485000000000108500e+01,1.908510971623419437e+02,3.889253291573155025e+00,3.889253291573155025e+00
2.486000000000108656e+01,1.909288843132567877e+02,3.889461714974515427e+00,3.889461714974515427e+00
2.487000000000108813e+01,1.910066756309408902e+02,3.889669968611205064e+00,3.889669968611205064e+00
2.488000000000108969e+01,1.910844711120012391e+02,3.889878052681483123e+00,3.889878052681483123e+00
2.489000000000109125e+01,1.911622707530482046e+02,3.890085967383307253e+00,3.890085967383307253e+00
2.490000000000109281e+01,1.912400745506965620e+02,3.890293712914340674e+00,3.890293712914340674e+00
2.491000000000109438e+01,1.913178825015647817e+02,3.890501289471948621e+00,3.890501289471948621e+00
2.492000000000109594e+01,1.913956946022753982e+02,3.890708697253206783e+00,3.890708697253206783e+00
2.493000000000109750e+01,1.914735108494548967e+02,3.890915936454888424e+00,3.890915936454888424e+00
2.494000000000109907e+01,1.915513312397336279e+02,3.891123007273484369e+00,3.891123007273484369e+00
2.495000000000110063e+01,1.916291557697458074e+02,3.891329909905191009e+00,3.891329909905191009e+00
2.496000000000110219e+01,1.917069844361298294e+02,3.891536644545893875e+00,3.891536644545893875e+00
2.497000000000110376e+01,1.917848172355276972e+02,3.891743211391197388e+00,3.891743211391197388e+00
2.498000000000110532e+01,1.918626541645854502e+02,3.891949610636415979e+00,3.891949610636415979e+00
2.499000000000110688e+01,1.919404952199531067e+02,3.892155842476570538e+00,3.892155842476570538e+00
2.500000000000110845e+01,1.920183403982845505e+02,3.892361907106393737e+00,3.892361907106393737e+00
2.501000000000111001e+01,1.920961896962374169e+02,3.892567804720320712e+00,3.892567804720320712e+00
2.502000000000111157e+01,1.921740431104734057e+02,3.892773535512505045e+00,3.892773535512505045e+00
2.503000000000111314e+01,1.922519006376579398e+02,3.892979099676802335e+00,3.892979099676802335e+00
2.504000000000111470e+01,1.923297622744604496e+02,3.893184497406786626e+00,3.893184497406786626e+00
2.505000000000111626e+01,1.924076280175542024e+02,3.893389728895735313e+00,3.893389728895735313e+00
2.506000000000111783e+01,1.924854978636162173e+02,3.893594794336644682e+00,3.893594794336644682e+00
2.507000000000111939e+01,1.925633718093276627e+02,3.893799693922218808e+00,3.893799693922218808e+00
2.508000000000112095e+01,1.926412498513730611e+02,3.894004427844874439e+00,3.894004427844874439e+00
2.509000000000112252e+01,1.927191319864414538e+02,3.894208996296760539e+00,3.894208996296760539e+00
2.510000000000112408e+01,1.927970182112250654e+02,3.894413399469720538e+00,3.894413399469720538e+00
2.511000000000112564e+01,1.928749085224202418e+02,3.894617637555306100e+00,3.894617637555306100e+00
2.512000000000112720e+01,1.929528029167272223e+02,3.894821710744801102e+00,3.894821710744801102e+00
2.513000000000112877e+01,1.930307013908499982e+02,3.895025619229197211e+00,3.895025619229197211e+00
2.514000000000113033e+01,1.931086039414963977e+02,3.895229363199202766e+00,3.895229363199202766e+00
2.515000000000113189e+01,1.931865105653779437e+02,3.895432942845250324e+00,3.895432942845250324e+00
2.516000000000113346e+01,1.932644212592101667e+02,3.895636358357480233e+00,3.895636358357480233e+00
2.517000000000113502e+01,1.933423360197122349e+02,3.895839609925756175e+00,3.895839609925756175e+00
2.518000000000113658e+01,1.934202548436072959e+02,3.896042697739654947e+00,3.896042697739654947e+00
2.519000000000113815e+01,1.934981777276218793e+02,3.896245621988468688e+00,3.896245621988468688e+00
2.520000000000113971e+01,1.935761046684868063e+02,3.896448382861215087e+00,3.896448382861215087e+00
2.521000000000114127e+01,1.936540356629362805e+02,3.896650980546636500e+00,3.896650980546636500e+00
2.522000000000114284e+01,1.937319707077086832e+02,3.896853415233191953e+00,3.896853415233191953e+00
2.523000000000114440e+01,1.938099097995456077e+02,3.897055687109052702e+00,3.897055687109052702e+00
2.524000000000114596e+01,1.938878529351930524e+02,3.897257796362114668e+00,3.897257796362114668e+00
2.525000000000114753e+01,1.939658001114001422e+02,3.897459743180005987e+00,3.897459743180005987e+00
2.526000000000114909e+01,1.940437513249202084e+02,3.897661527750075461e+00,3.897661527750075461e+00
2.527000000000115065e+01,1.941217065725101918e+02,3.897863150259388121e+00,3.897863150259388121e+00
2.528000000000115222e+01,1.941996658509305291e+02,3.898064610894731441e+00,3.898064610894731441e+00
2.529000000000115378e+01,1.942776291569459488e+02,3.898265909842612231e+00,3.898265909842612231e+00
2.530000000000115534e+01,1.943555964873242488e+02,3.898467047289270404e+00,3.898467047289270404e+00
2.531000000000115691e+01,1.944335678388375186e+02,3.898668023420669204e+00,3.898668023420669204e+00
2.532000000000115847e+01,1.945115432082610880e+02,3.898868838422494765e+00,3.898868838422494765e+00
2.533000000000116003e+01,1.945895225923743794e+02,3.899069492480159216e+00,3.899069492480159216e+00
2.534000000000116160e+01,1.946675059879603680e+02,3.899269985778805570e+00,3.899269985778805570e+00
2.535000000000116316e+01,1.947454933918055531e+02,3.899470318503298394e+00,3.899470318503298394e+00
2.536000000000116472e+01,1.948234848007004132e+02,3.899670490838219816e+00,3.899670490838219816e+00
2.537000000000116628e+01,1.949014802114390363e+02,3.899870502967891284e+00,3.899870502967891284e+00
2.538000000000116785e+01,1.949794796208191769e+02,3.900070355076365569e+00,3.900070355076365569e+00
2.539000000000116941e+01,1.950574830256421137e+02,3.900270047347417446e+00,3.900270047347417446e+00
2.540000000000117097e+01,1.951354904227130191e+02,3.900469579964558342e+00,3.900469579964558342e+00
2.541000000000117254e+01,1.952135018088407605e+02,3.900668953111018578e+00,3.900668953111018578e+00
2.542000000000117410e+01,1.952915171808375590e+02,3.900868166969765571e+00,3.900868166969765571e+00
2.543000000000117566e+01,1.953695365355194724e+02,3.901067221723492739e+00,3.901067221723492739e+00
2.544000000000117723e+01,1.954475598697064811e+02,3.901266117554628376e+00,3.901266117554628376e+00
2.545000000000117879e+01,1.955255871802216632e+02,3.901464854645328106e+00,3.901464854645328106e+00
2.546000000000118035e+01,1.956036184638922464e+02,3.901663433177491758e+00,3.901663433177491758e+00
2.547000000000118192e+01,1.956816537175488406e+02,3.901861853332739383e+00,3.901861853332739383e+00
2.548000000000118348e+01,1.957596929380255801e+02,3.902060115292416587e+00,3.902060115292416587e+00
2.549000000000118504e+01,1.958377361221604929e+02,3.902258219237617176e+00,3.902258219237617176e+00
2.550000000000118661e+01,1.959157832667950743e+02,3.902456165349168504e+00,3.902456165349168504e+00
2.551000000000118817e+01,1.959938343687744293e+02,3.902653953807621701e+00,3.902653953807621701e+00
2.552000000000118973e+01,1.960718894249473578e+02,3.902851584793268103e+00,3.902851584793268103e+00
2.553000000000119130e+01,1.961499484321661555e+02,3.903049058486132594e+00,3.903049058486132594e+00
2.554000000000119286e+01,1.962280113872868981e+02,3.903246375065983376e+00,3.903246375065983376e+00
2.555000000000119442e+01,1.963060782871688446e+02,3.903443534712323526e+00,3.903443534712323526e+00
2.556000000000119599e+01,1.963841491286752330e+02,3.903640537604384786e+00,3.903640537604384786e+00
2.557000000000119755e+01,1.964622239086730815e+02,3.903837383921139548e+00,3.903837383921139548e+00
2.558000000000119911e+01,1.965403026240321935e+02,3.904034073841292418e+00,3.904034073841292418e+00
2.559000000000120068e+01,1.966183852716266074e+02,3.904230607543303755e+00,3.904230607543303755e+00
2.560000000000120224e+01,1.966964718483339425e+02,3.904426985205352807e+00,3.904426985205352807e+00
2.561000000000120380e+01,1.967745623510348878e+02,3.904623207005366581e+00,3.904623207005366581e+00
2.562000000000120536e+01,1.968526567766140829e+02,3.904819273121009182e+00,3.904819273121009182e+00
2.563000000000120693e+01,1.969307551219597485e+02,3.905015183729689365e+00,3.905015183729689365e+00
2.564000000000120849e+01,1.970088573839632886e+02,3.905210939008550319e+00,3.905210939008550319e+00
2.565000000000121005e+01,1.970869635595200009e+02,3.905406539134475441e+00,3.905406539134475441e+00
2.566000000000121162e+01,1.971650736455286506e+02,3.905601984284102546e+00,3.905601984284102546e+00
2.567000000000121318e+01,1.972431876388914418e+02,3.905797274633791449e+00,3.905797274633791449e+00
2.568000000000121474e+01,1.973213055365140178e+02,3.905992410359654610e+00,3.905992410359654610e+00
2.569000000000121631e+01,1.973994273353057736e+02,3.906187391637550466e+00,3.906187391637550466e+00
2.570000000000121787e+01,1.974775530321794861e+02,3.906382218643073667e+00,3.906382218643073667e+00
2.571000000000121943e+01,1.975556826240515136e+02,3.906576891551571507e+00,3.906576891551571507e+00
2.572000000000122100e+01,1.976338161078416249e+02,3.906771410538124822e+00,3.906771410538124822e+00
2.573000000000122256e+01,1.977119534804730847e+02,3.906965775777556882e+00,3.906965775777556882e+00
2.574000000000122412e+01,1.977900947388727104e+02,3.907159987444444038e+00,3.907159987444444038e+00
2.575000000000122569e+01,1.978682398799707585e+02,3.907354045713112622e+00,3.907354045713112622e+00
2.576000000000122725e+01,1.979463889007012369e+02,3.907547950757618960e+00,3.907547950757618960e+00
2.577000000000122881e+01,1.980245417980010814e+02,3.907741702751778234e+00,3.907741702751778234e+00
2.578000000000123038e+01,1.981026985688112347e+02,3.907935301869151612e+00,3.907935301869151612e+00
2.579000000000123194e+01,1.981808592100758233e+02,3.908128748283048903e+00,3.908128748283048903e+00
2.580000000000123350e+01,1.982590237187426396e+02,3.908322042166517019e+00,3.908322042166517019e+00
2.581000000000123507e+01,1.983371920917625175e+02,3.908515183692354622e+00,3.908515183692354622e+00
2.582000000000123663e+01,1.984153643260902697e+02,3.908708173033113908e+00,3.908708173033113908e+00
2.583000000000123819e+01,1.984935404186838923e+02,3.908901010361095274e+00,3.908901010361095274e+00
2.584000000000123975e+01,1.985717203665047350e+02,3.909093695848347760e+00,3.909093695848347760e+00
2.585000000000124132e+01,1.986499041665178140e+02,3.909286229666661949e+00,3.909286229666661949e+00
2.586000000000124288e+01,1.987280918156914424e+02,3.909478611987584618e+00,3.909478611987584618e+00
2.587000000000124444e+01,1.988062833109973155e+02,3.909670842982423622e+00,3.909670842982423622e+00
2.588000000000124601e+01,1.988844786494106245e+02,3.909862922822223474e+00,3.909862922822223474e+00
2.589000000000124757e+01,1.989626778279101984e+02,3.910054851677788434e+00,3.910054851677788434e+00
2.590000000000124913e+01,1.990408808434778223e+02,3.910246629719665634e+00,3.910246629719665634e+00
2.591000000000125070e+01,1.991190876930989475e+02,3.910438257118164618e+00,3.910438257118164618e+00
2.592000000000125226e+01,1.991972983737625214e+02,3.910629734043352901e+00,3.910629734043352901e+00
2.593000000000125382e+01,1.992755128824607596e+02,3.910821060665033322e+00,3.910821060665033322e+00
2.594000000000125539e+01,1.993537312161891180e+02,3.911012237152763138e+00,3.911012237152763138e+00
2.595000000000125695e+01,1.994319533719468325e+02,3.911203263675872233e+00,3.911203263675872233e+00
2.596000000000125851e+01,1.995101793467361802e+02,3.911394140403436470e+00,3.911394140403436470e+00
2.597000000000126008e+01,1.995884091375629623e+02,3.911584867504277696e+00,3.911584867504277696e+00
2.598000000000126164e+01,1.996666427414363341e+02,3.911775445146986829e+00,3.911775445146986829e+00
2.599000000000126320e+01,1.997448801553688895e+02,3.911965873499897217e+00,3.911965873499897217e+00
2.600000000000126477e+01,1.998231213763762923e+02,3.912156152731110836e+00,3.912156152731110836e+00
2.601000000000126633e+01,1.999013664014780716e+02,3.912346283008478309e+00,3.912346283008478309e+00
2.602000000000126789e+01,1.999796152276966268e+02,3.912536264499605121e+00,3.912536264499605121e+00
2.603000000000126946e+01,2.000578678520580809e+02,3.912726097371876044e+00,3.912726097371876044e+00
2.604000000000127102e+01,2.001361242715916262e+02,3.912915781792411174e+00,3.912915781792411174e+00
2.605000000000127258e+01,2.002143844833297521e+02,3.913105317928086802e+00,3.913105317928086802e+00
2.606000000000127415e+01,2.002926484843087280e+02,3.913294705945543850e+00,3.913294705945543850e+00
2.607000000000127571e+01,2.003709162715675802e+02,3.913483946011191872e+00,3.913483946011191872e+00
2.608000000000127727e+01,2.004491878421491151e+02,3.913673038291199280e+00,3.913673038291199280e+00
2.609000000000127883e+01,2.005274631930992371e+02,3.913861982951484464e+00,3.913861982951484464e+00
2.610000000000128040e+01,2.006057423214671758e+02,3.914050780157730447e+00,3.914050780157730447e+00
2.611000000000128196e+01,2.006840252243056000e+02,3.914239430075375559e+00,3.914239430075375559e+00
2.612000000000128352e+01,2.007623118986702764e+02,3.914427932869623206e+00,3.914427932869623206e+00
2.613000000000128509e+01,2.008406023416203539e+02,3.914616288705447200e+00,3.914616288705447200e+00
2.614000000000128665e+01,2.009188965502184203e+02,3.914804497747573553e+00,3.914804497747573553e+00
2.615000000000128821e+01,2.009971945215302185e+02,3.914992560160497348e+00,3.914992560160497348e+00
2.616000000000128978e+01,2.010754962526248448e+02,3.915180476108472085e+00,3.915180476108472085e+00
2.617000000000129134e+01,2.011538017405745506e+02,3.915368245755510568e+00,3.915368245755510568e+00
2.618000000000129290e+01,2.012321109824550831e+02,3.915555869265400446e+00,3.915555869265400446e+00
2.619000000000129447e+01,2.013104239753451452e+02,3.915743346801690450e+00,3.915743346801690450e+00
2.620000000000129603e+01,2.013887407163270211e+02,3.915930678527689057e+00,3.915930678527689057e+00
2.621000000000129759e+01,2.014670612024862919e+02,3.916117864606468491e+00,3.916117864606468491e+00
2.622000000000129916e+01,2.015453854309113808e+02,3.916304905200876263e+00,3.916304905200876263e+00
2.623000000000130072e+01,2.016237133986943491e+02,3.916491800473513862e+00,3.916491800473513862e+00
2.624000000000130228e+01,2.017020451029303274e+02,3.916678550586754959e+00,3.916678550586754959e+00
2.625000000000130385e+01,2.017803805407177720e+02,3.916865155702740076e+00,3.916865155702740076e+00
2.626000000000130541e+01,2.018587197091584358e+02,3.917051615983378809e+00,3.917051615983378809e+00
2.627000000000130697e+01,2.019370626053571414e+02,3.917237931590347610e+00,3.917237931590347610e+00
2.628000000000130854e+01,2.020154092264220651e+02,3.917424102685089782e+00,3.917424102685089782e+00
2.629000000000131010e+01,2.020937595694644813e+02,3.917610129428810595e+00,3.917610129428810595e+00
2.630000000000131166e+01,2.021721136315992169e+02,3.917796011982491500e+00,3.917796011982491500e+00
2.631000000000131323e+01,2.022504714099438274e+02,3.917981750506891014e+00,3.917981750506891014e+00
2.632000000000131479e+01,2.023288329016194496e+02,3.918167345162514081e+00,3.918167345162514081e+00
2.633000000000131635e+01,2.024071981037502610e+02,3.918352796109654257e+00,3.918352796109654257e+00
2.634000000000131791e+01,2.024855670134639070e+02,3.918538103508369286e+00,3.918538103508369286e+00
2.635000000000131948e+01,2.025639396278906190e+02,3.918723267518484654e+00,3.918723267518484654e+00
2.636000000000132104e+01,2.026423159441645794e+02,3.918908288299606024e+00,3.918908288299606024e+00
2.637000000000132260e+01,2.027206959594226703e+02,3.919093166011107687e+00,3.919093166011107687e+00
2.638000000000132417e+01,2.027990796708050141e+02,3.919277900812137005e+00,3.919277900812137005e+00
2.639000000000132573e+01,2.028774670754550584e+02,3.919462492861599756e+00,3.919462492861599756e+00
2.640000000000132729e+01,2.029558581705195195e+02,3.919646942318176563e+00,3.919646942318176563e+00
2.641000000000132886e+01,2.030342529531478135e+02,3.919831249340343771e+00,3.919831249340343771e+00
2.642000000000133042e+01,2.031126514204930515e+02,3.920015414086336136e+00,3.920015414086336136e+00
2.643000000000133198e+01,2.031910535697112437e+02,3.920199436714157049e+00,3.920199436714157049e+00
2.644000000000133355e+01,2.032694593979616968e+02,3.920383317381594068e+00,3.920383317381594068e+00
2.645000000000133511e+01,2.033478689024064749e+02,3.920567056246204718e+00,3.920567056246204718e+00
2.646000000000133667e+01,2.034262820802115641e+02,3.920750653465319147e+00,3.920750653465319147e+00
2.647000000000133824e+01,2.035046989285451389e+02,3.920934109196045902e+00,3.920934109196045902e+00
2.648000000000133980e+01,2.035831194445793813e+02,3.921117423595270157e+00,3.921117423595270157e+00
2.649000000000134136e+01,2.036615436254890028e+02,3.921300596819648820e+00,3.921300596819648820e+00
2.650000000000134293e+01,2.037399714684521541e+02,3.921483629025632300e+00,3.921483629025632300e+00
2.651000000000134449e+01,2.038184029706500553e+02,3.921666520369428088e+00,3.921666520369428088e+00
2.652000000000134605e+01,2.038968381292669676e+02,3.921849271007020743e+00,3.921849271007020743e+00
2.653000000000134762e+01,2.039752769414903355e+02,3.922031881094181216e+00,3.922031881094181216e+00
2.654000000000134918e+01,2.040537194045107015e+02,3.922214350786457526e+00,3.922214350786457526e+00
2.655000000000135074e+01,2.041321655155217343e+02,3.922396680239172984e+00,3.922396680239172984e+00
2.656000000000135230e+01,2.042106152717202008e+02,3.922578869607438179e+00,3.922578869607438179e+00
2.657000000000135387e+01,2.042890686703060794e+02,3.922760919046136330e+00,3.922760919046136330e+00
2.658000000000135543e+01,2.043675257084821340e+02,3.922942828709927721e+00,3.922942828709927721e+00
2.659000000000135699e+01,2.044459863834543967e+02,3.923124598753254144e+00,3.923124598753254144e+00
2.660000000000135856e+01,2.045244506924322820e+02,3.923306229330340233e+00,3.923306229330340233e+00
2.661000000000136012e+01,2.046029186326277056e+02,3.923487720595189909e+00,3.923487720595189909e+00
2.662000000000136168e+01,2.046813902012559936e+02,3.923669072701589933e+00,3.923669072701589933e+00
2.663000000000136325e+01,2.047598653955357122e+02,3.923850285803105908e+00,3.923850285803105908e+00
2.664000000000136481e+01,2.048383442126881846e+02,3.924031360053085837e+00,3.924031360053085837e+00
2.665000000000136637e+01,2.049168266499378319e+02,3.924212295604668999e+00,3.924212295604668999e+00
2.666000000000136794e+01,2.049953127045123722e+02,3.924393092610762857e+00,3.924393092610762857e+00
2.667000000000136950e+01,2.050738023736423088e+02,3.924573751224070151e+00,3.924573751224070151e+00
2.668000000000137106e+01,2.051522956545613567e+02,3.924754271597070243e+00,3.924754271597070243e+00
2.669000000000137263e+01,2.052307925445061869e+02,3.924934653882018676e+00,3.924934653882018676e+00
2.670000000000137419e+01,2.053092930407166250e+02,3.925114898230969374e+00,3.925114898230969374e+00
2.671000000000137575e+01,2.053877971404354241e+02,3.925295004795759102e+00,3.925295004795759102e+00
2.672000000000137732e+01,2.054663048409084070e+02,3.925474973728003025e+00,3.925474973728003025e+00
2.673000000000137888e+01,2.055448161393845226e+02,3.925654805179099149e+00,3.925654805179099149e+00
2.674000000000138044e+01,2.056233310331156190e+02,3.925834499300242530e+00,3.925834499300242530e+00
2.675000000000138201e+01,2.057018495193565002e+02,3.926014056242403072e+00,3.926014056242403072e+00
2.676000000000138357e+01,2.057803715953652954e+02,3.926193476156342843e+00,3.926193476156342843e+00
2.677000000000138513e+01,2.058588972584028625e+02,3.926372759192610307e+00,3.926372759192610307e+00
2.678000000000138670e+01,2.059374265057330433e+02,3.926551905501539874e+00,3.926551905501539874e+00
2.679000000000138826e+01,2.060159593346228348e+02,3.926730915233254127e+00,3.926730915233254127e+00
2.680000000000138982e+01,2.060944957423423602e+02,3.926909788537660706e+00,3.926909788537660706e+00
2.681000000000139138e+01,2.061730357261644144e+02,3.927088525564462973e+00,3.927088525564462973e+00
2.682000000000139295e+01,2.062515792833648902e+02,3.927267126463137803e+00,3.927267126463137803e+00
2.683000000000139451e+01,2.063301264112228921e+02,3.927445591382965340e+00,3.927445591382965340e+00
2.684000000000139607e+01,2.064086771070203099e+02,3.927623920473014785e+00,3.927623920473014785e+00
2.685000000000139764e+01,2.064872313680417903e+02,3.927802113882135515e+00,3.927802113882135515e+00
2.686000000000139920e+01,2.065657891915755329e+02,3.927980171758973515e+00,3.927980171758973515e+00
2.687000000000140076e+01,2.066443505749121812e+02,3.928158094251962940e+00,3.928158094251962940e+00
2.688000000000140233e+01,2.067229155153456759e+02,3.928335881509325223e+00,3.928335881509325223e+00
2.689000000000140389e+01,2.068014840101725440e+02,3.928513533679078407e+00,3.928513533679078407e+00
2.690000000000140545e+01,2.068800560566928084e+02,3.928691050909036253e+00,3.928691050909036253e+00
2.691000000000140702e+01,2.069586316522089362e+02,3.928868433346796696e+00,3.928868433346796696e+00
2.692000000000140858e+01,2.070372107940266062e+02,3.929045681139745838e+00,3.929045681139745838e+00
2.693000000000141014e+01,2.071157934794545099e+02,3.929222794435069055e+00,3.929222794435069055e+00
2.694000000000141171e+01,2.071943797058040673e+02,3.929399773379749217e+00,3.929399773379749217e+00
2.695000000000141327e+01,2.072729694703896826e+02,3.929576618120557363e+00,3.929576618120557363e+00
2.696000000000141483e+01,2.073515627705287727e+02,3.929753328804050483e+00,3.929753328804050483e+00
2.697000000000141640e+01,2.074301596035419095e+02,3.929929905576590166e+00,3.929929905576590166e+00
2.698000000000141796e+01,2.075087599667518816e+02,3.930106348584327058e+00,3.930106348584327058e+00
2.699000000000141952e+01,2.075873638574852578e+02,3.930282657973206195e+00,3.930282657973206195e+00
2.700000000000142109e+01,2.076659712730709657e+02,3.930458833888968329e+00,3.930458833888968329e+00
2.701000000000142265e+01,2.077445822108407469e+02,3.930634876477155260e+00,3.930634876477155260e+00
2.702000000000142421e+01,2.078231966681298957e+02,3.930810785883093850e+00,3.930810785883093850e+00
2.703000000000142578e+01,2.079018146422761220e+02,3.930986562251909344e+00,3.930986562251909344e+00
2.704000000000142734e+01,2.079804361306200065e+02,3.931162205728522707e+00,3.931162205728522707e+00
2.705000000000142890e+01,2.080590611305052846e+02,3.931337716457660836e+00,3.931337716457660836e+00
2.706000000000143046e+01,2.081376896392782783e+02,3.931513094583851675e+00,3.931513094583851675e+00
2.707000000000143203e+01,2.082163216542886630e+02,3.931688340251395353e+00,3.931688340251395353e+00
2.708000000000143359e+01,2.082949571728883598e+02,3.931863453604405478e+00,3.931863453604405478e+00
2.709000000000143515e+01,2.083735961924327285e+02,3.932038434786799819e+00,3.932038434786799819e+00
2.710000000000143672e+01,2.084522387102799144e+02,3.932213283942284754e+00,3.932213283942284754e+00
2.711000000000143828e+01,2.085308847237904786e+02,3.932388001214369933e+00,3.932388001214369933e+00
2.712000000000143984e+01,2.086095342303283928e+02,3.932562586746373601e+00,3.932562586746373601e+00
2.713000000000144141e+01,2.086881872272603573e+02,3.932737040681388851e+00,3.932737040681388851e+00
2.714000000000144297e+01,2.087668437119556586e+02,3.932911363162324925e+00,3.932911363162324925e+00
2.715000000000144453e+01,2.088455036817867665e+02,3.933085554331890332e+00,3.933085554331890332e+00
2.716000000000144610e+01,2.089241671341289361e+02,3.933259614332583087e+00,3.933259614332583087e+00
2.717000000000144766e+01,2.090028340663601227e+02,3.933433543306720015e+00,3.933433543306720015e+00
2.718000000000144922e+01,2.090815044758612657e+02,3.933607341396407442e+00,3.933607341396407442e+00
2.719000000000145079e+01,2.091601783600160047e+02,3.933781008743554075e+00,3.933781008743554075e+00
2.720000000000145235e+01,2.092388557162109635e+02,3.933954545489876775e+00,3.933954545489876775e+00
2.721000000000145391e+01,2.093175365418355511e+02,3.934127951776888565e+00,3.934127951776888565e+00
2.722000000000145548e+01,2.093962208342820190e+02,3.934301227745907070e+00,3.934301227745907070e+00
2.723000000000145704e+01,2.094749085909454038e+02,3.934474373538048297e+00,3.934474373538048297e+00
2.724000000000145860e+01,2.095535998092235559e+02,3.934647389294232855e+00,3.934647389294232855e+00
2.725000000000146017e+01,2.096322944865171394e+02,3.934820275155184177e+00,3.934820275155184177e+00
2.726000000000146173e+01,2.097109926202297743e+02,3.934993031261432073e+00,3.934993031261432073e+00
2.727000000000146329e+01,2.097896942077676385e+02,3.935165657753313617e+00,3.935165657753313617e+00
2.728000000000146485e+01,2.098683992465399228e+02,3.935338154770971819e+00,3.935338154770971819e+00
2.729000000000146642e+01,2.099471077339584610e+02,3.935510522454346738e+00,3.935510522454346738e+00
2.730000000000146798e+01,2.100258196674380144e+02,3.935682760943183922e+00,3.935682760943183922e+00
2.731000000000146954e+01,2.101045350443962150e+02,3.935854870377036185e+00,3.935854870377036185e+00
2.732000000000147111e+01,2.101832538622531956e+02,3.936026850895265383e+00,3.936026850895265383e+00
2.733000000000147267e+01,2.102619761184319884e+02,3.936198702637032198e+00,3.936198702637032198e+00
2.734000000000147423e+01,2.103407018103586097e+02,3.936370425741312573e+00,3.936370425741312573e+00
2.735000000000147580e+01,2.104194309354616337e+02,3.936542020346887050e+00,3.936542020346887050e+00
2.736000000000147736e+01,2.104981634911725337e+02,3.936713486592326561e+00,3.936713486592326561e+00
2.737000000000147892e+01,2.105768994749253409e+02,3.936884824616040390e+00,3.936884824616040390e+00
2.738000000000148049e+01,2.106556388841571277e+02,3.937056034556232653e+00,3.937056034556232653e+00
2.739000000000148205e+01,2.107343817163075812e+02,3.937227116550902295e+00,3.937227116550902295e+00
2.740000000000148361e+01,2.108131279688192308e+02,3.937398070737867073e+00,3.937398070737867073e+00
2.741000000000148518e+01,2.108918776391371637e+02,3.937568897254746680e+00,3.937568897254746680e+00
2.742000000000148674e+01,2.109706307247093946e+02,3.937739596238982731e+00,3.937739596238982731e+00
2.743000000000148830e+01,2.110493872229866668e+02,3.937910167827824992e+00,3.937910167827824992e+00
2.744000000000148987e+01,2.111281471314224518e+02,3.938080612158318061e+00,3.938080612158318061e+00
2.745000000000149143e+01,2.112069104474729500e+02,3.938250929367325348e+00,3.938250929367325348e+00
2.746000000000149299e+01,2.112856771685972035e+02,3.938421119591521524e+00,3.938421119591521524e+00
2.747000000000149456e+01,2.113644472922567843e+02,3.938591182967392523e+00,3.938591182967392523e+00
2.748000000000149612e+01,2.114432208159159643e+02,3.938761119631231544e+00,3.938761119631231544e+00
2.749000000000149768e+01,2.115219977370419713e+02,3.938930929719144380e+00,3.938930929719144380e+00
2.750000000000149925e+01,2.116007780531046478e+02,3.939100613367051640e+00,3.939100613367051640e+00
2.751000000000150081e+01,2.116795617615765650e+02,3.939270170710684749e+00,3.939270170710684749e+00
2.752000000000150237e+01,2.117583488599331361e+02,3.939439601885585063e+00,3.939439601885585063e+00
2.753000000000150393e+01,2.118371393456520195e+02,3.939608907027105200e+00,3.939608907027105200e+00
2.754000000000150550e+01,2.119159332162141709e+02,3.939778086270414370e+00,3.939778086270414370e+00
2.755000000000150706e+01,2.119947304691028194e+02,3.939947139750492155e+00,3.939947139750492155e+00
2.756000000000150862e+01,2.120735311018041784e+02,3.940116067602131178e+00,3.940116067602131178e+00
2.757000000000151019e+01,2.121523351118069627e+02,3.940284869959944203e+00,3.940284869959944203e+00
2.758000000000151175e+01,2.122311424966025868e+02,3.940453546958344155e+00,3.940453546958344155e+00
2.759000000000151331e+01,2.123099532536852792e+02,3.940622098731576095e+00,3.940622098731576095e+00
2.760000000000151488e+01,2.123887673805518830e+02,3.940790525413688794e+00,3.940790525413688794e+00
2.761000000000151644e+01,2.124675848747018279e+02,3.940958827138544951e+00,3.940958827138544951e+00
2.762000000000151800e+01,2.125464057336374424e+02,3.941127004039827852e+00,3.941127004039827852e+00
2.763000000000151957e+01,2.126252299548634994e+02,3.941295056251030271e+00,3.941295056251030271e+00
2.764000000000152113e+01,2.127040575358874150e+02,3.941462983905472672e+00,3.941462983905472672e+00
2.765000000000152269e+01,2.127828884742197033e+02,3.941630787136277903e+00,3.941630787136277903e+00
2.766000000000152426e+01,2.128617227673728962e+02,3.941798466076387619e+00,3.941798466076387619e+00
2.767000000000152582e+01,2.129405604128627374e+02,3.941966020858566733e+00,3.941966020858566733e+00
2.768000000000152738e+01,2.130194014082071590e+02,3.942133451615396744e+00,3.942133451615396744e+00
2.769000000000152895e+01,2.130982457509274184e+02,3.942300758479275746e+00,3.942300758479275746e+00
2.770000000000153051e+01,2.131770934385463931e+02,3.942467941582410873e+00,3.942467941582410873e+00
2.771000000000153207e+01,2.132559444685906556e+02,3.942635001056842725e+00,3.942635001056842725e+00
2.772000000000153364e+01,2.133347988385887106e+02,3.942801937034417836e+00,3.942801937034417836e+00
2.773000000000153520e+01,2.134136565460720476e+02,3.942968749646807325e+00,3.942968749646807325e+00
2.774000000000153676e+01,2.134925175885747137e+02,3.943135439025506894e+00,3.943135439025506894e+00
2.775000000000153833e+01,2.135713819636331152e+02,3.943302005301817292e+00,3.943302005301817292e+00
2.776000000000153989e+01,2.136502496687866994e+02,3.943468448606867405e+00,3.943468448606867405e+00
2.777000000000154145e+01,2.137291207015773296e+02,3.943634769071603152e+00,3.943634769071603152e+00
2.778000000000154301e+01,2.138079950595494552e+02,3.943800966826785714e+00,3.943800966826785714e+00
2.779000000000154458e+01,2.138868727402503396e+02,3.943967042003011958e+00,3.943967042003011958e+00
2.780000000000154614e+01,2.139657537412296051e+02,3.944132994730688679e+00,3.944132994730688679e+00
2.781000000000154770e+01,2.140446380600395742e+02,3.944298825140039266e+00,3.944298825140039266e+00
2.782000000000154927e+01,2.141235256942351839e+02,3.944464533361127234e+00,3.944464533361127234e+00
2.783000000000155083e+01,2.142024166413740716e+02,3.944630119523821588e+00,3.944630119523821588e+00
2.784000000000155239e+01,2.142813108990160913e+02,3.944795583757810586e+00,3.944795583757810586e+00
2.785000000000155396e+01,2.143602084647243942e+02,3.944960926192617734e+00,3.944960926192617734e+00
2.786000000000155552e+01,2.144391093360638365e+02,3.945126146957579127e+00,3.945126146957579127e+00
2.787000000000155708e+01,2.145180135106026000e+02,3.945291246181853229e+00,3.945291246181853229e+00
2.788000000000155865e+01,2.145969209859111402e+02,3.945456223994434630e+00,3.945456223994434630e+00
2.789000000000156021e+01,2.146758317595623566e+02,3.945621080524128743e+00,3.945621080524128743e+00
2.790000000000156177e+01,2.147547458291321618e+02,3.945785815899563787e+00,3.945785815899563787e+00
2.791000000000156334e+01,2.148336631921983724e+02,3.945950430249197893e+00,3.945950430249197893e+00
2.792000000000156490e+01,2.149125838463421019e+02,3.946114923701310229e+00,3.946114923701310229e+00
2.793000000000156646e+01,2.149915077891464534e+02,3.946279296384011648e+00,3.946279296384011648e+00
2.794000000000156803e+01,2.150704350181974291e+02,3.946443548425230929e+00,3.946443548425230929e+00
2.795000000000156959e+01,2.151493655310833901e+02,3.946607679952721881e+00,3.946607679952721881e+00
2.796000000000157115e+01,2.152282993253955681e+02,3.946771691094072665e+00,3.946771691094072665e+00
2.797000000000157272e+01,2.153072363987272126e+02,3.946935581976683149e+00,3.946935581976683149e+00
2.798000000000157428e+01,2.153861767486746146e+02,3.947099352727789334e+00,3.947099352727789334e+00
2.799000000000157584e+01,2.154651203728361963e+02,3.947263003474448251e+00,3.947263003474448251e+00
2.800000000000157740e+01,2.155440672688135919e+02,3.947426534343545068e+00,3.947426534343545068e+00
2.801000000000157897e+01,2.156230174342100554e+02,3.947589945461791761e+00,3.947589945461791761e+00
2.802000000000158053e+01,2.157019708666320810e+02,3.947753236955731992e+00,3.947753236955731992e+00
2.803000000000158209e+01,2.157809275636883513e+02,3.947916408951729572e+00,3.947916408951729572e+00
2.804000000000158366e+01,2.158598875229901068e+02,3.948079461575985771e+00,3.948079461575985771e+00
2.805000000000158522e+01,2.159388507421512884e+02,3.948242394954517565e+00,3.948242394954517565e+00
2.806000000000158678e+01,2.160178172187883092e+02,3.948405209213177169e+00,3.948405209213177169e+00
2.807000000000158835e+01,2.160967869505198564e+02,3.948567904477647605e+00,3.948567904477647605e+00
2.808000000000158991e+01,2.161757599349674592e+02,3.948730480873440030e+00,3.948730480873440030e+00
2.809000000000159147e+01,2.162547361697548070e+02,3.948892938525886631e+00,3.948892938525886631e+00
2.810000000000159304e+01,2.163337156525084595e+02,3.949055277560154398e+00,3.949055277560154398e+00
2.811000000000159460e+01,2.164126983808571936e+02,3.949217498101241564e+00,3.949217498101241564e+00
2.812000000000159616e+01,2.164916843524324577e+02,3.949379600273984270e+00,3.949379600273984270e+00
2.813000000000159773e+01,2.165706735648681160e+02,3.949541584203032141e+00,3.949541584203032141e+00
2.814000000000159929e+01,2.166496660158006478e+02,3.949703450012874928e+00,3.949703450012874928e+00
2.815000000000160085e+01,2.167286617028686351e+02,3.949865197827833185e+00,3.949865197827833185e+00
2.816000000000160242e+01,2.168076606237137014e+02,3.950026827772057381e+00,3.950026827772057381e+00
2.817000000000160398e+01,2.168866627759795165e+02,3.950188339969531004e+00,3.950188339969531004e+00
2.818000000000160554e+01,2.169656681573125354e+02,3.950349734544058578e+00,3.950349734544058578e+00
2.819000000000160711e+01,2.170446767653612881e+02,3.950511011619292745e+00,3.950511011619292745e+00
2.820000000000160867e+01,2.171236885977773170e+02,3.950672171318718284e+00,3.950672171318718284e+00
2.821000000000161023e+01,2.172027036522140691e+02,3.950833213765635232e+00,3.950833213765635232e+00
2.822000000000161180e+01,2.172817219263278048e+02,3.950994139083187306e+00,3.950994139083187306e+00
2.823000000000161336e+01,2.173607434177773996e+02,3.951154947394354799e+00,3.951154947394354799e+00
2.824000000000161492e+01,2.174397681242236615e+02,3.951315638821948362e+00,3.951315638821948362e+00
2.825000000000161648e+01,2.175187960433303545e+02,3.951476213488602784e+00,3.951476213488602784e+00
2.826000000000161805e+01,2.175978271727632034e+02,3.951636671516802313e+00,3.951636671516802313e+00
2.827000000000161961e+01,2.176768615101909461e+02,3.951797013028858441e+00,3.951797013028858441e+00
2.828000000000162117e+01,2.177558990532843382e+02,3.951957238146917017e+00,3.951957238146917017e+00
2.829000000000162274e+01,2.178349397997168353e+02,3.952117346992951585e+00,3.952117346992951585e+00
2.830000000000162430e+01,2.179139837471640817e+02,3.952277339688782476e+00,3.952277339688782476e+00
2.831000000000162586e+01,2.179930308933043364e+02,3.952437216356064376e+00,3.952437216356064376e+00
2.832000000000162743e+01,2.180720812358183593e+02,3.952596977116284105e+00,3.952596977116284105e+00
2.833000000000162899e+01,2.181511347723889855e+02,3.952756622090756178e+00,3.952756622090756178e+00
2.834000000000163055e+01,2.182301915007019488e+02,3.952916151400637013e+00,3.952916151400637013e+00
2.835000000000163212e+01,2.183092514184450863e+02,3.953075565166928484e+00,3.953075565166928484e+00
2.836000000000163368e+01,2.183883145233086225e+02,3.953234863510461494e+00,3.953234863510461494e+00
2.837000000000163524e+01,2.184673808129854535e+02,3.953394046551898189e+00,3.953394046551898189e+00
2.838000000000163681e+01,2.185464502851707209e+02,3.953553114411745284e+00,3.953553114411745284e+00
2.839000000000163837e+01,2.186255229375618683e+02,3.953712067210348291e+00,3.953712067210348291e+00
2.840000000000163993e+01,2.187045987678591246e+02,3.953870905067884856e+00,3.953870905067884856e+00
2.841000000000164150e+01,2.187836777737646230e+02,3.954029628104371863e+00,3.954029628104371863e+00
2.842000000000164306e+01,2.188627599529832821e+02,3.954188236439669435e+00,3.954188236439669435e+00
2.843000000000164462e+01,2.189418453032222942e+02,3.954346730193472936e+00,3.954346730193472936e+00
2.844000000000164619e+01,2.190209338221910400e+02,3.954505109485311198e+00,3.954505109485311198e+00
2.845000000000164775e+01,2.191000255076017424e+02,3.954663374434556289e+00,3.954663374434556289e+00
2.846000000000164931e+01,2.191791203571685003e+02,3.954821525160429729e+00,3.954821525160429729e+00
2.847000000000165087e+01,2.192582183686081407e+02,3.954979561781974073e+00,3.954979561781974073e+00
2.848000000000165244e+01,2.193373195396397648e+02,3.955137484418075999e+00,3.955137484418075999e+00
2.849000000000165400e+01,2.194164238679847756e+02,3.955295293187474304e+00,3.955295293187474304e+00
2.850000000000165556e+01,2.194955313513672763e+02,3.955452988208743914e+00,3.955452988208743914e+00
2.851000000000165713e+01,2.195746419875131608e+02,3.955610569600285675e+00,3.955610569600285675e+00
2.852000000000165869e+01,2.196537557741511648e+02,3.955768037480359212e+00,3.955768037480359212e+00
2.853000000000166025e+01,2.197328727090122982e+02,3.955925391967061167e+00,3.955925391967061167e+00
2.854000000000166182e+01,2.198119927898299295e+02,3.956082633178319874e+00,3.956082633178319874e+00
2.855000000000166338e+01,2.198911160143394170e+02,3.956239761231915342e+00,3.956239761231915342e+00
2.856000000000166494e+01,2.199702423802793305e+02,3.956396776245466818e+00,3.956396776245466818e+00
2.857000000000166651e+01,2.200493718853892631e+02,3.956553678336439894e+00,3.956553678336439894e+00
2.858000000000166807e+01,2.201285045274127299e+02,3.956710467622128746e+00,3.956710467622128746e+00
2.859000000000166963e+01,2.202076403040942125e+02,3.956867144219680554e+00,3.956867144219680554e+00
2.860000000000167120e+01,2.202867792131814326e+02,3.957023708246088844e+00,3.957023708246088844e+00
2.861000000000167276e+01,2.203659212524239877e+02,3.957180159818188159e+00,3.957180159818188159e+00
2.862000000000167432e+01,2.204450664195742036e+02,3.957336499052650503e+00,3.957336499052650503e+00
2.863000000000167589e+01,2.205242147123861400e+02,3.957492726065993782e+00,3.957492726065993782e+00
2.864000000000167745e+01,2.206033661286167558e+02,3.957648840974582694e+00,3.957648840974582694e+00
2.865000000000167901e+01,2.206825206660251126e+02,3.957804843894621172e+00,3.957804843894621172e+00
2.866000000000168058e+01,2.207616783223726031e+02,3.957960734942158165e+00,3.957960734942158165e+00
2.867000000000168214e+01,2.208408390954228651e+02,3.958116514233095629e+00,3.958116514233095629e+00
2.868000000000168370e+01,2.209200029829418668e+02,3.958272181883169871e+00,3.958272181883169871e+00
2.869000000000168527e+01,2.209991699826981062e+02,3.958427738007965768e+00,3.958427738007965768e+00
2.870000000000168683e+01,2.210783400924622413e+02,3.958583182722921201e+00,3.958583182722921201e+00
2.871000000000168839e+01,2.211575133100070047e+02,3.958738516143315955e+00,3.958738516143315955e+00
2.872000000000168995e+01,2.212366896331079147e+02,3.958893738384268612e+00,3.958893738384268612e+00
2.873000000000169152e+01,2.213158690595424503e+02,3.959048849560749872e+00,3.959048849560749872e+00
2.874000000000169308e+01,2.213950515870903359e+02,3.959203849787578111e+00,3.959203849787578111e+00
2.875000000000169464e+01,2.214742372135338542e+02,3.959358739179411391e+00,3.959358739179411391e+00
2.876000000000169621e+01,2.215534259366576464e+02,3.959513517850763442e+00,3.959513517850763442e+00
2.877000000000169777e+01,2.216326177542479172e+02,3.959668185915986793e+00,3.959668185915986793e+00
2.878000000000169933e+01,2.217118126640942535e+02,3.959822743489282093e+00,3.959822743489282093e+00
2.879000000000170090e+01,2.217910106639874357e+02,3.959977190684702997e+00,3.959977190684702997e+00
2.880000000000170246e+01,2.218702117517215413e+02,3.960131527616153946e+00,3.960131527616153946e+00
2.881000000000170402e+01,2.219494159250922110e+02,3.960285754397379510e+00,3.960285754397379510e+00
2.882000000000170559e+01,2.220286231818974159e+02,3.960439871141975932e+00,3.960439871141975932e+00
2.883000000000170715e+01,2.221078335199378841e+02,3.960593877963397791e+00,3.960593877963397791e+00
2.884000000000170871e+01,2.221870469370159356e+02,3.960747774974930024e+00,3.960747774974930024e+00
2.885000000000171028e+01,2.222662634309368173e+02,3.960901562289714573e+00,3.960901562289714573e+00
2.886000000000171184e+01,2.223454829995076523e+02,3.961055240020742829e+00,3.961055240020742829e+00
2.887000000000171340e+01,2.224247056405376384e+02,3.961208808280856974e+00,3.961208808280856974e+00
2.888000000000171497e+01,2.225039313518389008e+02,3.961362267182757524e+00,3.961362267182757524e+00
2.889000000000171653e+01,2.225831601312249290e+02,3.961515616838980680e+00,3.961515616838980680e+00
2.890000000000171809e+01,2.226623919765123389e+02,3.961668857361917873e+00,3.961668857361917873e+00
2.891000000000171966e+01,2.227416268855194801e+02,3.961821988863814425e+00,3.961821988863814425e+00
2.892000000000172122e+01,2.228208648560669474e+02,3.961975011456770890e+00,3.961975011456770890e+00
2.893000000000172278e+01,2.229001058859777515e+02,3.962127925252722616e+00,3.962127925252722616e+00
2.894000000000172435e+01,2.229793499730770350e+02,3.962280730363460624e+00,3.962280730363460624e+00
2.895000000000172591e+01,2.230585971151923559e+02,3.962433426900640931e+00,3.962433426900640931e+00
2.896000000000172747e+01,2.231378473101529778e+02,3.962586014975767235e+00,3.962586014975767235e+00
2.897000000000172903e+01,2.232171005557911769e+02,3.962738494700183356e+00,3.962738494700183356e+00
2.898000000000173060e+01,2.232963568499410769e+02,3.962890866185093675e+00,3.962890866185093675e+00
2.899000000000173216e+01,2.233756161904387341e+02,3.963043129541554244e+00,3.963043129541554244e+00
2.900000000000173372e+01,2.234548785751227911e+02,3.963195284880479008e+00,3.963195284880479008e+00
2.901000000000173529e+01,2.235341440018338801e+02,3.963347332312628257e+00,3.963347332312628257e+00
2.902000000000173685e+01,2.236134124684151914e+02,3.963499271948620173e+00,3.963499271948620173e+00
2.903000000000173841e+01,2.236926839727118477e+02,3.963651103898922834e+00,3.963651103898922834e+00
2.904000000000173998e+01,2.237719585125712172e+02,3.963802828273851553e+00,3.963802828273851553e+00
2.905000000000174154e+01,2.238512360858428281e+02,3.963954445183584863e+00,3.963954445183584863e+00
2.906000000000174310e+01,2.239305166903785391e+02,3.964105954738160520e+00,3.964105954738160520e+00
2.907000000000174467e+01,2.240098003240323692e+02,3.964257357047458186e+00,3.964257357047458186e+00
2.908000000000174623e+01,2.240890869846604687e+02,3.964408652221215412e+00,3.964408652221215412e+00
2.909000000000174779e+01,2.241683766701211766e+02,3.964559840369030308e+00,3.964559840369030308e+00
2.910000000000174936e+01,2.242476693782752477e+02,3.964710921600355320e+00,3.964710921600355320e+00
2.911000000000175092e+01,2.243269651069851420e+02,3.964861896024488797e+00,3.964861896024488797e+00
2.912000000000175248e+01,2.244062638541162187e+02,3.965012763750598968e+00,3.965012763750598968e+00
2.913000000000175405e+01,2.244855656175352863e+02,3.965163524887694635e+00,3.965163524887694635e+00
2.914000000000175561e+01,2.245648703951117682e+02,3.965314179544649154e+00,3.965314179544649154e+00
2.915000000000175717e+01,2.246441781847171058e+02,3.965464727830201763e+00,3.965464727830201763e+00
2.916000000000175874e+01,2.247234889842248720e+02,3.965615169852928723e+00,3.965615169852928723e+00
2.917000000000176030e+01,2.248028027915111693e+02,3.965765505721269069e+00,3.965765505721269069e+00
2.918000000000176186e+01,2.248821196044538340e+02,3.965915735543527276e+00,3.965915735543527276e+00
2.919000000000176342e+01,2.249614394209329475e+02,3.966065859427859053e+00,3.966065859427859053e+00
2.920000000000176499e+01,2.250407622388308368e+02,3.966215877482268226e+00,3.966215877482268226e+00
2.921000000000176655e+01,2.251200880560322162e+02,3.966365789814637388e+00,3.966365789814637388e+00
2.922000000000176811e+01,2.251994168704233346e+02,3.966515596532698140e+00,3.966515596532698140e+00
2.923000000000176968e+01,2.252787486798935106e+02,3.966665297744027985e+00,3.966665297744027985e+00
2.924000000000177124e+01,2.253580834823332850e+02,3.966814893556076971e+00,3.966814893556076971e+00
2.925000000000177280e+01,2.254374212756357565e+02,3.966964384076152150e+00,3.966964384076152150e+00
2.926000000000177437e+01,2.255167620576962122e+02,3.967113769411410917e+00,3.967113769411410917e+00
2.927000000000177593e+01,2.255961058264121277e+02,3.967263049668878327e+00,3.967263049668878327e+00
2.928000000000177749e+01,2.256754525796829398e+02,3.967412224955434663e+00,3.967412224955434663e+00
2.929000000000177906e+01,2.257548023154104158e+02,3.967561295377819874e+00,3.967561295377819874e+00
2.930000000000178062e+01,2.258341550314981703e+02,3.967710261042632247e+00,3.967710261042632247e+00
2.931000000000178218e+01,2.259135107258520918e+02,3.967859122056335508e+00,3.967859122056335508e+00
2.932000000000178375e+01,2.259928693963803141e+02,3.968007878525243282e+00,3.968007878525243282e+00
2.933000000000178531e+01,2.260722310409930742e+02,3.968156530555539963e+00,3.968156530555539963e+00
2.934000000000178687e+01,2.261515956576025701e+02,3.968305078253267837e+00,3.968305078253267837e+00
2.935000000000178844e+01,2.262309632441232452e+02,3.968453521724331523e+00,3.968453521724331523e+00
2.936000000000179000e+01,2.263103337984715040e+02,3.968601861074488202e+00,3.968601861074488202e+00
2.937000000000179156e+01,2.263897073185661668e+02,3.968750096409361383e+00,3.968750096409361383e+00
2.938000000000179313e+01,2.264690838023278729e+02,3.968898227834444015e+00,3.968898227834444015e+00
2.939000000000179469e+01,2.265484632476796776e+02,3.969046255455073613e+00,3.969046255455073613e+00
2.940000000000179625e+01,2.266278456525460854e+02,3.969194179376464682e+00,3.969194179376464682e+00
2.941000000000179782e+01,2.267072310148547274e+02,3.969341999703695834e+00,3.969341999703695834e+00
2.942000000000179938e+01,2.267866193325342010e+02,3.969489716541693802e+00,3.969489716541693802e+00
2.943000000000180094e+01,2.268660106035164006e+02,3.969637329995252539e+00,3.969637329995252539e+00
2.944000000000180250e+01,2.269454048257341015e+02,3.969784840169032325e+00,3.969784840169032325e+00
2.945000000000180407e+01,2.270248019971230633e+02,3.969932247167554884e+00,3.969932247167554884e+00
2.946000000000180563e+01,2.271042021156208932e+02,3.970079551095206050e+00,3.970079551095206050e+00
2.947000000000180719e+01,2.271836051791669888e+02,3.970226752056232211e+00,3.970226752056232211e+00
2.948000000000180876e+01,2.272630111857030784e+02,3.970373850154747419e+00,3.970373850154747419e+00
2.949000000000181032e+01,2.273424201331730785e+02,3.970520845494731166e+00,3.970520845494731166e+00
2.950000000000181188e+01,2.274218320195229239e+02,3.970667738180020390e+00,3.970667738180020390e+00
2.951000000000181345e+01,2.275012468427001977e+02,3.970814528314316583e+00,3.970814528314316583e+00
2.952000000000181501e+01,2.275806646006553535e+02,3.970961216001192007e+00,3.970961216001192007e+00
2.953000000000181657e+01,2.276600852913403230e+02,3.971107801344082144e+00,3.971107801344082144e+00
2.954000000000181814e+01,2.277395089127092547e+02,3.971254284446280813e+00,3.971254284446280813e+00
2.955000000000181970e+01,2.278189354627181729e+02,3.971400665410957487e+00,3.971400665410957487e+00
2.956000000000182126e+01,2.278983649393256599e+02,3.971546944341141749e+00,3.971546944341141749e+00
2.957000000000182283e+01,2.279777973404918612e+02,3.971693121339721966e+00,3.971693121339721966e+00
2.958000000000182439e+01,2.280572326641791960e+02,3.971839196509463488e+00,3.971839196509463488e+00
2.959000000000182595e+01,2.281366709083522153e+02,3.971985169952995331e+00,3.971985169952995331e+00
2.960000000000182752e+01,2.282161120709773741e+02,3.972131041772809290e+00,3.972131041772809290e+00
2.961000000000182908e+01,2.282955561500230885e+02,3.972276812071261709e+00,3.972276812071261709e+00
2.962000000000183064e+01,2.283750031434601340e+02,3.972422480950578372e+00,3.972422480950578372e+00
2.963000000000183221e+01,2.284544530492611045e+02,3.972568048512848282e+00,3.972568048512848282e+00
2.964000000000183377e+01,2.285339058654006692e+02,3.972713514860039208e+00,3.972713514860039208e+00
2.965000000000183533e+01,2.286133615898555718e+02,3.972858880093978584e+00,3.972858880093978584e+00
2.966000000000183690e+01,2.286928202206043750e+02,3.973004144316353070e+00,3.973004144316353070e+00
2.967000000000183846e+01,2.287722817556282564e+02,3.973149307628730309e+00,3.973149307628730309e+00
2.968000000000184002e+01,2.288517461929095589e+02,3.973294370132538944e+00,3.973294370132538944e+00
2.969000000000184158e+01,2.289312135304334390e+02,3.973439331929079721e+00,3.973439331929079721e+00
2.970000000000184315e+01,2.290106837661867019e+02,3.973584193119516605e+00,3.973584193119516605e+00
2.971000000000184471e+01,2.290901568981582272e+02,3.973728953804887887e+00,3.973728953804887887e+00
2.972000000000184627e+01,2.291696329243389982e+02,3.973873614086091521e+00,3.973873614086091521e+00
2.973000000000184784e+01,2.292491118427217316e+02,3.974018174063906450e+00,3.974018174063906450e+00
2.974000000000184940e+01,2.293285936513015031e+02,3.974162633838974834e+00,3.974162633838974834e+00
2.975000000000185096e+01,2.294080783480752928e+02,3.974306993511804276e+00,3.974306993511804276e+00
2.976000000000185253e+01,2.294875659310419280e+02,3.974451253182779364e+00,3.974451253182779364e+00
2.977000000000185409e+01,2.295670563982025385e+02,3.974595412952152351e+00,3.974595412952152351e+00
2.978000000000185565e+01,2.296465497475600444e+02,3.974739472920042704e+00,3.974739472920042704e+00
2.979000000000185722e+01,2.297260459771193553e+02,3.974883433186429116e+00,3.974883433186429116e+00
2.980000000000185878e+01,2.298055450848875694e+02,3.975027293851187693e+00,3.975027293851187693e+00
2.981000000000186034e+01,2.298850470688734049e+02,3.975171055014047994e+00,3.975171055014047994e+00
2.982000000000186191e+01,2.299645519270881096e+02,3.975314716774613899e+00,3.975314716774613899e+00
2.983000000000186347e+01,2.300440596575444658e+02,3.975458279232353842e+00,3.975458279232353842e+00
2.984000000000186503e+01,2.301235702582573595e+02,3.975601742486607026e+00,3.975601742486607026e+00
2.985000000000186660e+01,2.302030837272437793e+02,3.975745106636602522e+00,3.975745106636602522e+00
2.986000000000186816e+01,2.302826000625229028e+02,3.975888371781429065e+00,3.975888371781429065e+00
2.987000000000186972e+01,2.303621192621152431e+02,3.976031538020034173e+00,3.976031538020034173e+00
2.988000000000187129e+01,2.304416413240436725e+02,3.976174605451257449e+00,3.976174605451257449e+00
2.989000000000187285e+01,2.305211662463331947e+02,3.976317574173805713e+00,3.976317574173805713e+00
2.990000000000187441e+01,2.306006940270105758e+02,3.976460444286248563e+00,3.976460444286248563e+00
2.991000000000187597e+01,2.306802246641046565e+02,3.976603215887041465e+00,3.976603215887041465e+00
2.992000000000187754e+01,2.307597581556460398e+02,3.976745889074502216e+00,3.976745889074502216e+00
2.993000000000187910e+01,2.308392944996675453e+02,3.976888463946825603e+00,3.976888463946825603e+00
2.994000000000188066e+01,2.309188336942040110e+02,3.977030940602081177e+00,3.977030940602081177e+00
2.995000000000188223e+01,2.309983757372917239e+02,3.977173319138210150e+00,3.977173319138210150e+00
2.996000000000188379e+01,2.310779206269693873e+02,3.977315599653024947e+00,3.977315599653024947e+00
2.997000000000188535e+01,2.311574683612778927e+02,3.977457782244217643e+00,3.977457782244217643e+00
2.998000000000188692e+01,2.312370189382592116e+02,3.977599867009351531e+00,3.977599867009351531e+00
2.999000000000188848e+01,2.313165723559581579e+02,3.977741854045863779e+00,3.977741854045863779e+00
