# Tier-1a MD ensemble-mean trajectory. run_tag=tier1a_anchored_continuous_t0.5, scenario=anchored_discrete, t_star_ps=0.5, N=50, ion_steps=3000.
# time_ps,mean_distance_A,mean_speed_I1_Aps,mean_speed_I2_Aps
0.000000000000000000e+00,8.999995317870384426e+00,4.504273944159927477e-04,4.504273944159927477e-04
1.000000000000000021e-02,9.000797999679265970e+00,8.071135116635864970e-02,8.071135116635864970e-02
2.000000000000000042e-02,9.003223769886698591e+00,1.618437497544594761e-01,1.618437497544594761e-01
2.999999999999999889e-02,9.007271741986704328e+00,2.429169212120028121e-01,2.429169212120028121e-01
4.000000000000000083e-02,9.012940429640815765e+00,3.239007583960282211e-01,3.239007583960282211e-01
5.000000000000000278e-02,9.020227742092169265e+00,4.047649552822813468e-01,4.047649552822813468e-01
6.000000000000000472e-02,9.029130980810261775e+00,4.854790687810959793e-01,4.854790687810959793e-01
7.000000000000000666e-02,9.039646837377553368e+00,5.660125809878034930e-01,5.660125809878034930e-01
8.000000000000000167e-02,9.051771392624091916e+00,6.463349615880003007e-01,6.463349615880003007e-01
8.999999999999999667e-02,9.065500117010097725e+00,7.264157301382412335e-01,7.264157301382412335e-01
9.999999999999999167e-02,9.080827872251397537e+00,8.062245179449861743e-01,8.062245179449861743e-01
1.099999999999999867e-01,9.097748914176751356e+00,8.857311292675107417e-01,8.857311292675107417e-01
1.199999999999999817e-01,9.116256896800850384e+00,9.649056015803770814e-01,9.649056015803770814e-01
1.299999999999999767e-01,9.136344877591509928e+00,1.043718264637796045e+00,1.043718264637796045e+00
1.399999999999999856e-01,9.158005323904525596e+00,1.122139798093415797e+00,1.122139798093415797e+00
1.499999999999999944e-01,9.181230120554907614e+00,1.200141287442591187e+00,1.200141287442591187e+00
1.600000000000000033e-01,9.206010578488593055e+00,1.277694278067772249e+00,1.277694278067772249e+00
1.700000000000000122e-01,9.232337444514570279e+00,1.354770827183629178e+00,1.354770827183629178e+00
1.800000000000000211e-01,9.260200912053454303e+00,1.431343553495149301e+00,1.431343553495149301e+00
1.900000000000000300e-01,9.289590632854983099e+00,1.507385684400472936e+00,1.507385684400472936e+00
2.000000000000000389e-01,9.320495729633671900e+00,1.582871100588580937e+00,1.582871100588580937e+00
2.100000000000000477e-01,9.352904809569182021e+00,1.657774377901308993e+00,1.657774377901308993e+00
2.200000000000000566e-01,9.386805978615397450e+00,1.732070826349308090e+00,1.732070826349308090e+00
2.300000000000000655e-01,9.422186856560410106e+00,1.805736526190983682e+00,1.805736526190983682e+00
2.400000000000000744e-01,9.459034592777703310e+00,1.878748361003340195e+00,1.878748361003340195e+00
2.500000000000000555e-01,9.497335882607906399e+00,1.951084047693818491e+00,1.951084047693818491e+00
2.600000000000000644e-01,9.537076984309482697e+00,2.022722163420114683e+00,2.022722163420114683e+00
2.700000000000000733e-01,9.578243736516276030e+00,2.093642169404715592e+00,2.093642169404715592e+00
2.800000000000000822e-01,9.620821576139828579e+00,2.163824431648821101e+00,2.163824431648821101e+00
2.900000000000000910e-01,9.664795556654611985e+00,2.233250238565950507e+00,2.233250238565950507e+00
3.000000000000000999e-01,9.710150366704793257e+00,2.301901815572719112e+00,2.301901815572719112e+00
3.100000000000001088e-01,9.756870348972311646e+00,2.369762336689000382e+00,2.369762336689000382e+00
3.200000000000001177e-01,9.804939519246925528e+00,2.436815933213419605e+00,2.436815933213419605e+00
3.300000000000001266e-01,9.854341585640602474e+00,2.503047699551889327e+00,2.503047699551889327e+00
3.400000000000001354e-01,9.905059967890096573e+00,2.568443696289611999e+00,2.568443696289611999e+00
3.500000000000001443e-01,9.957077816693630012e+00,2.632990950606460601e+00,2.632990950606460601e+00
3.600000000000001532e-01,1.001037803302966012e+01,2.696677454143825425e+00,2.696677454143825425e+00
3.700000000000001621e-01,1.006494328740776112e+01,2.759492158439476484e+00,2.759492158439476484e+00
3.800000000000001710e-01,1.012075603900442466e+01,2.821424968052690385e+00,2.821424968052690385e+00
3.900000000000001799e-01,1.017779855463869865e+01,2.882466731507518976e+00,2.882466731507518976e+00
4.000000000000001887e-01,1.023605292754546525e+01,2.942609230185398328e+00,2.942609230185398328e+00
4.100000000000001976e-01,1.029550109590663887e+01,3.001845165301548324e+00,3.001845165301548324e+00
4.200000000000002065e-01,1.035612486110339958e+01,3.060168143101506644e+00,3.060168143101506644e+00
4.300000000000002154e-01,1.041790590565518926e+01,3.117572658414340836e+00,3.117572658414340836e+00
4.400000000000002243e-01,1.048082581081411568e+01,3.174054076699717175e+00,3.174054076699717175e+00
4.500000000000002331e-01,1.054486607378591145e+01,3.229608614724355675e+00,3.229608614724355675e+00
4.600000000000002420e-01,1.061000812455148612e+01,3.284233320002091450e+00,3.284233320002091450e+00
4.700000000000002509e-01,1.067623334226567344e+01,3.337926049129416040e+00,3.337926049129416040e+00
4.800000000000002598e-01,1.074352307121239924e+01,3.390685445144931531e+00,3.390685445144931531e+00
4.900000000000002687e-01,1.081185863629805688e+01,3.442510914037954617e+00,3.442510914037954617e+00
5.000000000000002220e-01,1.088122135806731450e+01,3.493402600527201862e+00,3.493402600527201862e+00
5.100000000000002309e-01,1.095159256722793373e+01,3.543361363226287253e+00,3.543361363226287253e+00
5.200000000000002398e-01,1.102295361867351708e+01,3.592388749307730222e+00,3.592388749307730222e+00
5.300000000000002487e-01,1.109528590499527745e+01,3.640486968772511212e+00,3.640486968772511212e+00
5.400000000000002576e-01,1.116857086947594979e+01,3.687658868426426206e+00,3.687658868426426206e+00
5.500000000000002665e-01,1.124279001856098681e+01,3.733907905659302529e+00,3.733907905659302529e+00
5.600000000000002753e-01,1.131792493380403997e+01,3.779238122117933862e+00,3.779238122117933862e+00
5.700000000000002842e-01,1.139395728328551449e+01,3.823654117357597304e+00,3.823654117357597304e+00
5.800000000000002931e-01,1.147086883250453404e+01,3.867161022551782512e+00,3.867161022551782512e+00
5.900000000000003020e-01,1.154864145474628678e+01,3.909764474333639495e+00,3.909764474333639495e+00
6.000000000000003109e-01,1.162725714092808182e+01,3.951470588837636466e+00,3.951470588837636466e+00
6.100000000000003197e-01,1.170669800892878776e+01,3.992285936004579483e+00,3.992285936004579483e+00
6.200000000000003286e-01,1.178694631240750290e+01,4.032217514207471432e+00,4.032217514207471432e+00
6.300000000000003375e-01,1.186798444911845607e+01,4.071272725250762115e+00,4.071272725250762115e+00
6.400000000000003464e-01,1.194979496873002311e+01,4.109459349790117955e+00,4.109459349790117955e+00
6.500000000000003553e-01,1.203236058015682630e+01,4.146785523215934077e+00,4.146785523215934077e+00
6.600000000000003642e-01,1.211566415841448574e+01,4.183259712038188916e+00,4.183259712038188916e+00
6.700000000000003730e-01,1.219968875100744121e+01,4.218890690805957355e+00,4.218890690805957355e+00
6.800000000000003819e-01,1.228441758386087912e+01,4.253687519591617061e+00,4.253687519591617061e+00
6.900000000000003908e-01,1.236983406680825581e+01,4.287659522064137363e+00,4.287659522064137363e+00
7.000000000000003997e-01,1.245592179864644855e+01,4.320816264173458876e+00,4.320816264173458876e+00
7.100000000000004086e-01,1.254266457177099880e+01,4.353167533463667027e+00,4.353167533463667027e+00
7.200000000000004174e-01,1.263004637640406358e+01,4.384723319029198763e+00,4.384723319029198763e+00
7.300000000000004263e-01,1.271805140442820203e+01,4.415493792125473327e+00,4.415493792125473327e+00
7.400000000000004352e-01,1.280666405283897369e+01,4.445489287442343063e+00,4.445489287442343063e+00
7.500000000000004441e-01,1.289586892682991959e+01,4.474720285045673762e+00,4.474720285045673762e+00
7.600000000000004530e-01,1.298565084252307322e+01,4.503197392989978454e+00,4.503197392989978454e+00
7.700000000000004619e-01,1.307599482935863300e+01,4.530931330602911089e+00,4.530931330602911089e+00
7.800000000000004707e-01,1.316688613215703896e+01,4.557932912440318063e+00,4.557932912440318063e+00
7.900000000000004796e-01,1.325831021286701628e+01,4.584213032907651808e+00,4.584213032907651808e+00
8.000000000000004885e-01,1.335025275201269856e+01,4.609782651542360554e+00,4.609782651542360554e+00
8.100000000000004974e-01,1.344269964985308974e+01,4.634652778951521945e+00,4.634652778951521945e+00
8.200000000000005063e-01,1.353563702726683715e+01,4.658834463394688541e+00,4.658834463394688541e+00
8.300000000000005151e-01,1.362905122637508626e+01,4.682338778002509194e+00,4.682338778002509194e+00
8.400000000000005240e-01,1.372292881091513905e+01,4.705176808621033935e+00,4.705176808621033935e+00
8.500000000000005329e-01,1.381725656637715005e+01,4.727359642268717188e+00,4.727359642268717188e+00
8.600000000000005418e-01,1.391202149991616999e+01,4.748898356193564041e+00,4.748898356193564041e+00
8.700000000000005507e-01,1.400721084005115280e+01,4.769804007516590616e+00,4.769804007516590616e+00
8.800000000000005596e-01,1.410281203616278667e+01,4.790087623447277565e+00,4.790087623447277565e+00
8.900000000000005684e-01,1.419881275780123531e+01,4.809760192056057981e+00,4.809760192056057981e+00
9.000000000000005773e-01,1.429520089381481007e+01,4.828832653588253088e+00,4.828832653588253088e+00
9.100000000000005862e-01,1.439196455131035002e+01,4.847315892303708296e+00,4.847315892303708296e+00
9.200000000000005951e-01,1.448909205445547954e+01,4.865220728826294305e+00,4.865220728826294305e+00
9.300000000000006040e-01,1.458657194313295591e+01,4.882557912986351667e+00,4.882557912986351667e+00
9.400000000000006128e-01,1.468439297145667588e+01,4.899338117140079163e+00,4.899338117140079163e+00
9.500000000000006217e-01,1.478254410615874725e+01,4.915571929949303254e+00,4.915571929949303254e+00
9.600000000000006306e-01,1.488101452485668830e+01,4.931269850604945937e+00,4.931269850604945937e+00
9.700000000000006395e-01,1.497979361420941125e+01,4.946442283477751722e+00,4.946442283477751722e+00
9.800000000000006484e-01,1.507887096797045423e+01,4.961099533179709198e+00,4.961099533179709198e+00
9.900000000000006573e-01,1.517823638494635574e+01,4.975251800020276782e+00,4.975251800020276782e+00
1.000000000000000666e+00,1.527787986686812616e+01,4.988909175840706922e+00,4.988909175840706922e+00
1.010000000000000675e+00,1.537779161618297152e+01,5.002081640211399893e+00,5.002081640211399893e+00
1.020000000000000684e+00,1.547796203377360591e+01,5.014779056976206739e+00,5.014779056976206739e+00
1.030000000000000693e+00,1.557838171661169291e+01,5.027011171127961475e+00,5.027011171127961475e+00
1.040000000000000702e+00,1.567904145535213800e+01,5.038787606000895813e+00,5.038787606000895813e+00
1.050000000000000711e+00,1.577993223187421634e+01,5.050117860764766320e+00,5.050117860764766320e+00
1.060000000000000719e+00,1.588104521677553294e+01,5.061011308206610160e+00,5.061011308206610160e+00
1.070000000000000728e+00,1.598237176682441429e+01,5.071477192785860844e+00,5.071477192785860844e+00
1.080000000000000737e+00,1.608390342237599668e+01,5.081524628949305900e+00,5.081524628949305900e+00
1.090000000000000746e+00,1.618563190475714819e+01,5.091162599692443891e+00,5.091162599692443891e+00
1.100000000000000755e+00,1.628754911362500479e+01,5.100399955354600223e+00,5.100399955354600223e+00
1.110000000000000764e+00,1.638964712430362525e+01,5.109245412635072370e+00,5.109245412635072370e+00
1.120000000000000773e+00,1.649191818510309560e+01,5.117707553818306110e+00,5.117707553818306110e+00
1.130000000000000782e+00,1.659435471462516176e+01,5.125794826196457876e+00,5.125794826196457876e+00
1.140000000000000790e+00,1.669694929905920944e+01,5.133515541678049132e+00,5.133515541678049132e+00
1.150000000000000799e+00,1.679969468947214040e+01,5.140877876571608773e+00,5.140877876571608773e+00
1.160000000000000808e+00,1.690258379909566600e+01,5.147889871533959827e+00,5.147889871533959827e+00
1.170000000000000817e+00,1.700560970061407318e+01,5.154559431673225056e+00,5.154559431673225056e+00
1.180000000000000826e+00,1.710876562345557517e+01,5.160894326796417353e+00,5.160894326796417353e+00
1.190000000000000835e+00,1.721204495108996468e+01,5.166902191792602572e+00,5.166902191792602572e+00
1.200000000000000844e+00,1.731544121833517380e+01,5.172590527142589600e+00,5.172590527142589600e+00
1.210000000000000853e+00,1.741894810867533749e+01,5.177966699546612261e+00,5.177966699546612261e+00
1.220000000000000862e+00,1.752255945159238237e+01,5.183037942661653297e+00,5.183037942661653297e+00
1.230000000000000870e+00,1.762626921991355999e+01,5.187811357940713464e+00,5.187811357940713464e+00
1.240000000000000879e+00,1.773007152717652701e+01,5.192293915566434492e+00,5.192293915566434492e+00
1.250000000000000888e+00,1.783396062501416424e+01,5.196492455471940275e+00,5.196492455471940275e+00
1.260000000000000897e+00,1.793793090056053785e+01,5.200413688442047544e+00,5.200413688442047544e+00
1.270000000000000906e+00,1.804197687387965843e+01,5.204064197288276183e+00,5.204064197288276183e+00
1.280000000000000915e+00,1.814609319541841259e+01,5.207450438091688838e+00,5.207450438091688838e+00
1.290000000000000924e+00,1.825027464348497830e+01,5.210578741507290168e+00,5.210578741507290168e+00
1.300000000000000933e+00,1.835451612175394231e+01,5.213455314124721518e+00,5.213455314124721518e+00
1.310000000000000941e+00,1.845881265679909689e+01,5.216086239879858866e+00,5.216086239879858866e+00
1.320000000000000950e+00,1.856315939565497430e+01,5.218477481512126204e+00,5.218477481512126204e+00
1.330000000000000959e+00,1.866755160340787967e+01,5.220634882062816118e+00,5.220634882062816118e+00
1.340000000000000968e+00,1.877198466081735617e+01,5.222564166410132103e+00,5.222564166410132103e+00
1.350000000000000977e+00,1.887645406196863007e+01,5.224270942836330534e+00,5.224270942836330534e+00
1.360000000000000986e+00,1.898095541195663216e+01,5.225760704622988584e+00,5.225760704622988584e+00
1.370000000000000995e+00,1.908548442460230987e+01,5.227038831670958174e+00,5.227038831670958174e+00
1.380000000000001004e+00,1.919003692020140761e+01,5.228110592140982504e+00,5.228110592140982504e+00
1.390000000000001013e+00,1.929460882330634064e+01,5.228981144111795487e+00,5.228981144111795487e+00
1.400000000000001021e+00,1.939919616054131168e+01,5.229655537252509312e+00,5.229655537252509312e+00
1.410000000000001030e+00,1.950379505845102202e+01,5.230138714506207265e+00,5.230138714506207265e+00
1.420000000000001039e+00,1.960840174138318304e+01,5.230435513782202506e+00,5.230435513782202506e+00
1.430000000000001048e+00,1.971301252940481064e+01,5.230550669654129514e+00,5.230550669654129514e+00
1.440000000000001057e+00,1.981762383625265400e+01,5.230488815061305807e+00,5.230488815061305807e+00
1.450000000000001066e+00,1.992223216731760971e+01,5.230254483011391287e+00,5.230254483011391287e+00
1.460000000000001075e+00,2.002683411766314237e+01,5.229852108282110557e+00,5.229852108282110557e+00
1.470000000000001084e+00,2.013142637007777935e+01,5.229286029119759149e+00,5.229286029119759149e+00
1.480000000000001092e+00,2.023600569316148778e+01,5.228560488933023720e+00,5.228560488933023720e+00
1.490000000000001101e+00,2.034056893944585909e+01,5.227679637980272354e+00,5.227679637980272354e+00
1.500000000000001110e+00,2.044511304354801240e+01,5.226647535048541293e+00,5.226647535048541293e+00
1.510000000000001119e+00,2.054963502035788636e+01,5.225468149123003947e+00,5.225468149123003947e+00
1.520000000000001128e+00,2.065413196325890510e+01,5.224145361045438918e+00,5.224145361045438918e+00
1.530000000000001137e+00,2.075860104238164183e+01,5.222682965160378998e+00,5.222682965160378998e+00
1.540000000000001146e+00,2.086303950289030240e+01,5.221084670947988116e+00,5.221084670947988116e+00
1.550000000000001155e+00,2.096744466330163092e+01,5.219354104642373926e+00,5.219354104642373926e+00
1.560000000000001164e+00,2.107181391383622682e+01,5.217494810834641505e+00,5.217494810834641505e+00
1.570000000000001172e+00,2.117614471480145255e+01,5.215510254059605444e+00,5.215510254059605444e+00
1.580000000000001181e+00,2.128043459500630519e+01,5.213403820365244634e+00,5.213403820365244634e+00
1.590000000000001190e+00,2.138468115020706151e+01,5.211178818864661721e+00,5.211178818864661721e+00
1.600000000000001199e+00,2.148888204158414439e+01,5.208838483269540909e+00,5.208838483269540909e+00
1.610000000000001208e+00,2.159303499424922279e+01,5.206385973404422884e+00,5.206385973404422884e+00
1.620000000000001217e+00,2.169713779578259505e+01,5.203824376701606802e+00,5.203824376701606802e+00
1.630000000000001226e+00,2.180118829480004194e+01,5.201156709676183709e+00,5.201156709676183709e+00
1.640000000000001235e+00,2.190518439954920638e+01,5.198385919380471343e+00,5.198385919380471343e+00
1.650000000000001243e+00,2.200912407653472513e+01,5.195514884837973746e+00,5.195514884837973746e+00
1.660000000000001252e+00,2.211300534917183214e+01,5.192546418456342572e+00,5.192546418456342572e+00
1.670000000000001261e+00,2.221682629646803875e+01,5.189483267418857793e+00,5.189483267418857793e+00
1.680000000000001270e+00,2.232058505173247909e+01,5.186328115054852361e+00,5.186328115054852361e+00
1.690000000000001279e+00,2.242427980131228082e+01,5.183083582188502625e+00,5.183083582188502625e+00
1.700000000000001288e+00,2.252790878335589397e+01,5.179752228465688724e+00,5.179752228465688724e+00
1.710000000000001297e+00,2.263147028660262450e+01,5.176336553659308670e+00,5.176336553659308670e+00
1.720000000000001306e+00,2.273496264919803878e+01,5.172838998952752121e+00,5.172838998952752121e+00
1.730000000000001315e+00,2.283838425753492984e+01,5.169261948201497425e+00,5.169261948201497425e+00
1.740000000000001323e+00,2.294173354511914198e+01,5.165607729172970508e+00,5.165607729172970508e+00
1.750000000000001332e+00,2.304500899146014348e+01,5.161878614764596307e+00,5.161878614764596307e+00
1.760000000000001341e+00,2.314820912098553407e+01,5.158076824200125365e+00,5.158076824200125365e+00
1.770000000000001350e+00,2.325133250197951540e+01,5.154204524204373250e+00,5.154204524204373250e+00
1.780000000000001359e+00,2.335437774554441503e+01,5.150263830156433187e+00,5.150263830156433187e+00
1.790000000000001368e+00,2.345734350458519302e+01,5.146256807221577745e+00,5.146256807221577745e+00
1.800000000000001377e+00,2.356022847281633759e+01,5.142185471461903745e+00,5.142185471461903745e+00
1.810000000000001386e+00,2.366303138379069537e+01,5.138051790925876716e+00,5.138051790925876716e+00
1.820000000000001394e+00,2.376575100995001932e+01,5.133857686717014701e+00,5.133857686717014701e+00
1.830000000000001403e+00,2.386838616169653449e+01,5.129605034041905931e+00,5.129605034041905931e+00
1.840000000000001412e+00,2.397093568648541861e+01,5.125295663237753097e+00,5.125295663237753097e+00
1.850000000000001421e+00,2.407339846793747284e+01,5.120931360779618302e+00,5.120931360779618302e+00
1.860000000000001430e+00,2.417577342497179771e+01,5.116513870267628050e+00,5.116513870267628050e+00
1.870000000000001439e+00,2.427805951095807657e+01,5.112044893394417144e+00,5.112044893394417144e+00
1.880000000000001448e+00,2.438025571288791937e+01,5.107526090892971382e+00,5.107526090892971382e+00
1.890000000000001457e+00,2.448236105056498957e+01,5.102959083465201218e+00,5.102959083465201218e+00
1.900000000000001465e+00,2.458437457581357322e+01,5.098345452691441793e+00,5.098345452691441793e+00
1.910000000000001474e+00,2.468629537170505017e+01,5.093686741921159111e+00,5.093686741921159111e+00
1.920000000000001483e+00,2.478812255180211110e+01,5.088984457145141249e+00,5.088984457145141249e+00
1.930000000000001492e+00,2.488985525942009147e+01,5.084240067849481015e+00,5.084240067849481015e+00
1.940000000000001501e+00,2.499149266690533366e+01,5.079455007851612081e+00,5.079455007851612081e+00
1.950000000000001510e+00,2.509303397493005505e+01,5.074630676118573547e+00,5.074630676118573547e+00
1.960000000000001519e+00,2.519447841180334891e+01,5.069768437567925723e+00,5.069768437567925723e+00
1.970000000000001528e+00,2.529582523279806239e+01,5.064869623851487646e+00,5.064869623851487646e+00
1.980000000000001537e+00,2.539707371949328873e+01,5.059935534122293355e+00,5.059935534122293355e+00
1.990000000000001545e+00,2.549822317913181280e+01,5.054967435785020946e+00,5.054967435785020946e+00
2.000000000000001332e+00,2.559927294399260234e+01,5.049966565230110227e+00,5.049966565230110227e+00
2.010000000000001119e+00,2.570022237077775529e+01,5.044934128551712860e+00,5.044934128551712860e+00
2.020000000000000906e+00,2.580107084001351225e+01,5.039871302250199747e+00,5.039871302250199747e+00
2.030000000000000693e+00,2.590181775546550114e+01,5.034779233919213226e+00,5.034779233919213226e+00
2.040000000000000480e+00,2.600246254356714104e+01,5.029659042917508316e+00,5.029659042917508316e+00
2.050000000000000266e+00,2.610300465286168503e+01,5.024511821025862801e+00,5.024511821025862801e+00
2.060000000000000053e+00,2.620344355345707754e+01,5.019338633089538426e+00,5.019338633089538426e+00
2.069999999999999840e+00,2.630377873649355891e+01,5.014140517646454853e+00,5.014140517646454853e+00
2.079999999999999627e+00,2.640400971362367599e+01,5.008918487541206943e+00,5.008918487541206943e+00
2.089999999999999414e+00,2.650413601650448570e+01,5.003673530525459157e+00,5.003673530525459157e+00
2.099999999999999201e+00,2.660415719630159970e+01,4.998406609844732174e+00,4.998406609844732174e+00
2.109999999999998987e+00,2.670407282320477549e+01,4.993118664812103980e+00,4.993118664812103980e+00
2.119999999999998774e+00,2.680388248595494716e+01,4.987810611368870717e+00,4.987810611368870717e+00
2.129999999999998561e+00,2.690358579138228734e+01,4.982483342632536782e+00,4.982483342632536782e+00
2.139999999999998348e+00,2.700318236395516536e+01,4.977137729432374869e+00,4.977137729432374869e+00
2.149999999999998135e+00,2.710267184533955032e+01,4.971774620832731806e+00,4.971774620832731806e+00
2.159999999999997922e+00,2.720205389396890894e+01,4.966394844644612228e+00,4.966394844644612228e+00
2.169999999999997708e+00,2.730132818462416111e+01,4.960999207925440579e+00,4.960999207925440579e+00
2.179999999999997495e+00,2.740049440802354042e+01,4.955588497467297238e+00,4.955588497467297238e+00
2.189999999999997282e+00,2.749955227042202921e+01,4.950163480274114569e+00,4.950163480274114569e+00
2.199999999999997069e+00,2.759850149322033630e+01,4.944724904027965273e+00,4.944724904027965273e+00
2.209999999999996856e+00,2.769734181258298733e+01,4.939273497544394154e+00,4.939273497544394154e+00
2.219999999999996643e+00,2.779607297906552077e+01,4.933809971217424817e+00,4.933809971217424817e+00
2.229999999999996430e+00,2.789469475725039516e+01,4.928335017454351430e+00,4.928335017454351430e+00
2.239999999999996216e+00,2.799320692539152944e+01,4.922849311100298664e+00,4.922849311100298664e+00
2.249999999999996003e+00,2.809160927506726324e+01,4.917353509853147564e+00,4.917353509853147564e+00
2.259999999999995790e+00,2.818990161084140667e+01,4.911848254668759850e+00,4.911848254668759850e+00
2.269999999999995577e+00,2.828808374993248265e+01,4.906334170156741337e+00,4.906334170156741337e+00
2.279999999999995364e+00,2.838615552189059699e+01,4.900811864967233866e+00,4.900811864967233866e+00
2.289999999999995151e+00,2.848411676828210659e+01,4.895281932168473737e+00,4.895281932168473737e+00
2.299999999999994937e+00,2.858196734238166670e+01,4.889744949615633551e+00,4.889744949615633551e+00
2.309999999999994724e+00,2.867970710887159314e+01,4.884201480311154420e+00,4.884201480311154420e+00
2.319999999999994511e+00,2.877733594354836555e+01,4.878652072756617386e+00,4.878652072756617386e+00
2.329999999999994298e+00,2.887485373303601577e+01,4.873097261296425842e+00,4.873097261296425842e+00
2.339999999999994085e+00,2.897226037450641201e+01,4.867537566453433051e+00,4.867537566453433051e+00
2.349999999999993872e+00,2.906955577540610136e+01,4.861973495256782130e+00,4.861973495256782130e+00
2.359999999999993658e+00,2.916673985318966089e+01,4.856405541562033079e+00,4.856405541562033079e+00
2.369999999999993445e+00,2.926381253505934765e+01,4.850834186363805145e+00,4.850834186363805145e+00
2.379999999999993232e+00,2.936077375771101217e+01,4.845259898101110352e+00,4.845259898101110352e+00
2.389999999999993019e+00,2.945762346708584900e+01,4.839683132955503453e+00,4.839683132955503453e+00
2.399999999999992806e+00,2.955436161812839657e+01,4.834104335142352937e+00,4.834104335142352937e+00
2.409999999999992593e+00,2.965098817454980562e+01,4.828523937195163818e+00,4.828523937195163818e+00
2.419999999999992379e+00,2.974750310859722902e+01,4.822942360243229309e+00,4.822942360243229309e+00
2.429999999999992166e+00,2.984390640082832391e+01,4.817360014282842329e+00,4.817360014282842329e+00
2.439999999999991953e+00,2.994019803989132100e+01,4.811777298442122763e+00,4.811777298442122763e+00
2.449999999999991740e+00,3.003637802231020615e+01,4.806194601239612396e+00,4.806194601239612396e+00
2.459999999999991527e+00,3.013244635227511381e+01,4.800612300836763602e+00,4.800612300836763602e+00
2.469999999999991314e+00,3.022840304143768364e+01,4.795030765284513663e+00,4.795030765284513663e+00
2.479999999999991100e+00,3.032424810871114573e+01,4.789450352764133889e+00,4.789450352764133889e+00
2.489999999999990887e+00,3.041998158007548980e+01,4.783871411822325115e+00,4.783871411822325115e+00
2.499999999999990674e+00,3.051560348838690473e+01,4.778294281600826032e+00,4.778294281600826032e+00
2.509999999999990461e+00,3.061111387319205690e+01,4.772719292060624063e+00,4.772719292060624063e+00
2.519999999999990248e+00,3.070651278054656785e+01,4.767146764200870912e+00,4.767146764200870912e+00
2.529999999999990035e+00,3.080180026283803230e+01,4.761577010272705301e+00,4.761577010272705301e+00
2.539999999999989821e+00,3.089697637861307200e+01,4.756010333988001548e+00,4.756010333988001548e+00
2.549999999999989608e+00,3.099204119240870270e+01,4.750447030723190522e+00,4.750447030723190522e+00
2.559999999999989395e+00,3.108699477458747396e+01,4.744887387718337735e+00,4.744887387718337735e+00
2.569999999999989182e+00,3.118183720117682611e+01,4.739331684271485656e+00,4.739331684271485656e+00
2.579999999999988969e+00,3.127656855371215983e+01,4.733780191928536496e+00,4.733780191928536496e+00
2.589999999999988756e+00,3.137118891908354357e+01,4.728233174668544869e+00,4.728233174668544869e+00
2.599999999999988542e+00,3.146569838938629005e+01,4.722690889084691257e+00,4.722690889084691257e+00
2.609999999999988329e+00,3.156009706177502139e+01,4.717153584561015300e+00,4.717153584561015300e+00
2.619999999999988116e+00,3.165438503832117334e+01,4.711621503444959558e+00,4.711621503444959558e+00
2.629999999999987903e+00,3.174856242587397759e+01,4.706094881215943992e+00,4.706094881215943992e+00
2.639999999999987690e+00,3.184262933592474099e+01,4.700573946649897472e+00,4.700573946649897472e+00
2.649999999999987477e+00,3.193658588447443947e+01,4.695058921979930133e+00,4.695058921979930133e+00
2.659999999999987264e+00,3.203043219190440283e+01,4.689550023053397076e+00,4.689550023053397076e+00
2.669999999999987050e+00,3.212416838285012233e+01,4.684047459484867559e+00,4.684047459484867559e+00
2.679999999999986837e+00,3.221779458607814917e+01,4.678551434805755527e+00,4.678551434805755527e+00
2.689999999999986624e+00,3.231131093436586355e+01,4.673062146610709178e+00,4.673062146610709178e+00
2.699999999999986411e+00,3.240471756438417117e+01,4.667579786700129851e+00,4.667579786700129851e+00
2.709999999999986198e+00,3.249801461658307744e+01,4.662104541219540543e+00,4.662104541219540543e+00
2.719999999999985985e+00,3.259120223507986225e+01,4.656636590795635300e+00,4.656636590795635300e+00
2.729999999999985771e+00,3.268428056755013245e+01,4.651176110669170249e+00,4.651176110669170249e+00
2.739999999999985558e+00,3.277724976512136834e+01,4.645723270824719364e+00,4.645723270824719364e+00
2.749999999999985345e+00,3.287010998226905656e+01,4.640278236117420185e+00,4.640278236117420185e+00
2.759999999999985132e+00,3.296286137671536665e+01,4.634841166396671319e+00,4.634841166396671319e+00
2.769999999999984919e+00,3.305550410933025773e+01,4.629412216627009968e+00,4.629412216627009968e+00
2.779999999999984706e+00,3.314803834403495131e+01,4.623991537006136632e+00,4.623991537006136632e+00
2.789999999999984492e+00,3.324046424770777719e+01,4.618579273080175795e+00,4.618579273080175795e+00
2.799999999999984279e+00,3.333278199009227194e+01,4.613175565856201032e+00,4.613175565856201032e+00
2.809999999999984066e+00,3.342499174370744441e+01,4.607780551912183498e+00,4.607780551912183498e+00
2.819999999999983853e+00,3.351709368376035059e+01,4.602394363504352270e+00,4.602394363504352270e+00
2.829999999999983640e+00,3.360908798806069342e+01,4.597017128672004738e+00,4.597017128672004738e+00
2.839999999999983427e+00,3.370097483693750462e+01,4.591648971339910901e+00,4.591648971339910901e+00
2.849999999999983213e+00,3.379275441315780881e+01,4.586290011418321377e+00,4.586290011418321377e+00
2.859999999999983000e+00,3.388442690184743356e+01,4.580940364900580875e+00,4.580940364900580875e+00
2.869999999999982787e+00,3.397599249041352465e+01,4.575600143958565624e+00,4.575600143958565624e+00
2.879999999999982574e+00,3.406745034020470797e+01,4.570166278712541441e+00,4.570166278712541441e+00
2.889999999999982361e+00,3.415879961627653927e+01,4.564742916678766527e+00,4.564742916678766527e+00
2.899999999999982148e+00,3.425004052964354173e+01,4.559330151190551739e+00,4.559330151190551739e+00
2.909999999999981934e+00,3.434117329315242273e+01,4.553928072159590279e+00,4.553928072159590279e+00
2.919999999999981721e+00,3.443219812141445146e+01,4.548536766161785039e+00,4.548536766161785039e+00
2.929999999999981508e+00,3.452311523073968402e+01,4.543156316521069549e+00,4.543156316521069549e+00
2.939999999999981295e+00,3.461392483907259532e+01,4.537786803391251844e+00,4.537786803391251844e+00
2.949999999999981082e+00,3.470462716592965791e+01,4.532428303835851047e+00,4.532428303835851047e+00
2.959999999999980869e+00,3.479522243233820689e+01,4.527080891906122062e+00,4.527080891906122062e+00
2.969999999999980655e+00,3.488571086077696037e+01,4.521744638717175135e+00,4.521744638717175135e+00
2.979999999999980442e+00,3.497609267511814579e+01,4.516419612522269311e+00,4.516419612522269311e+00
2.989999999999980229e+00,3.506636810057082698e+01,4.511105878785406809e+00,4.511105878785406809e+00
2.999999999999980016e+00,3.515653736362600057e+01,4.505803500252185678e+00,4.505803500252185678e+00
3.009999999999979803e+00,3.524660069200281498e+01,4.500512537018943604e+00,4.500512537018943604e+00
3.019999999999979590e+00,3.533655831459631713e+01,4.495233046600326965e+00,4.495233046600326965e+00
3.029999999999979376e+00,3.542641046142644257e+01,4.489965083995208772e+00,4.489965083995208772e+00
3.039999999999979163e+00,3.551615736358838404e+01,4.484708701751048743e+00,4.484708701751048743e+00
3.049999999999978950e+00,3.560579925320418937e+01,4.479463950026713270e+00,4.479463950026713270e+00
3.059999999999978737e+00,3.569533636337558846e+01,4.474230876653898292e+00,4.474230876653898292e+00
3.069999999999978524e+00,3.578476892813805676e+01,4.469009527197025378e+00,4.469009527197025378e+00
3.079999999999978311e+00,3.587409718241608658e+01,4.463799945011717618e+00,4.463799945011717618e+00
3.089999999999978098e+00,3.596332136197954554e+01,4.458602171301913941e+00,4.458602171301913941e+00
3.099999999999977884e+00,3.605244170340122878e+01,4.453416245175640498e+00,4.453416245175640498e+00
3.109999999999977671e+00,3.614145844401549112e+01,4.448242203699431130e+00,4.448242203699431130e+00
3.119999999999977458e+00,3.623037182187793093e+01,4.443080081951488403e+00,4.443080081951488403e+00
3.129999999999977245e+00,3.631918207572617519e+01,4.437929913073599408e+00,4.437929913073599408e+00
3.139999999999977032e+00,3.640788944494163104e+01,4.432791728321834768e+00,4.432791728321834768e+00
3.149999999999976819e+00,3.649649416951229597e+01,4.427665557116004180e+00,4.427665557116004180e+00
3.159999999999976605e+00,3.658499648999650589e+01,4.422551427087920928e+00,4.422551427087920928e+00
3.169999999999976392e+00,3.667339664748762829e+01,4.417449364128633427e+00,4.417449364128633427e+00
3.179999999999976179e+00,3.676169488357976434e+01,4.412359392434455962e+00,4.412359392434455962e+00
3.189999999999975966e+00,3.684989144033431074e+01,4.407281534551928281e+00,4.407281534551928281e+00
3.199999999999975753e+00,3.693798656024723925e+01,4.402215811421760883e+00,4.402215811421760883e+00
3.209999999999975540e+00,3.702598048621771909e+01,4.397162242421662981e+00,4.397162242421662981e+00
3.219999999999975326e+00,3.711387346151695255e+01,4.392120845408223673e+00,4.392120845408223673e+00
3.229999999999975113e+00,3.720166572975842456e+01,4.387091636757753932e+00,4.387091636757753932e+00
3.239999999999974900e+00,3.728935753486851468e+01,4.382074631406231546e+00,4.382074631406231546e+00
3.249999999999974687e+00,3.737694912105820322e+01,4.377069842888221096e+00,4.377069842888221096e+00
3.259999999999974474e+00,3.746444073279538145e+01,4.372077283374948387e+00,4.372077283374948387e+00
3.269999999999974261e+00,3.755183261477790779e+01,4.367096963711447621e+00,4.367096963711447621e+00
3.279999999999974047e+00,3.763912501190755933e+01,4.362128893452805301e+00,4.362128893452805301e+00
3.289999999999973834e+00,3.772631816926448778e+01,4.357173080899606532e+00,4.357173080899606532e+00
3.299999999999973621e+00,3.781341233208255659e+01,4.352229533132455863e+00,4.352229533132455863e+00
3.309999999999973408e+00,3.790040774572521798e+01,4.347298256045797338e+00,4.347298256045797338e+00
3.319999999999973195e+00,3.798730465566214320e+01,4.342379254380842823e+00,4.342379254380842823e+00
3.329999999999972982e+00,3.807410330744652782e+01,4.337472531757736505e+00,4.337472531757736505e+00
3.339999999999972768e+00,3.816080394669288722e+01,4.332578090707041696e+00,4.332578090707041696e+00
3.349999999999972555e+00,3.824740681905564799e+01,4.327695932700354575e+00,4.327695932700354575e+00
3.359999999999972342e+00,3.833391217020832187e+01,4.322826058180264219e+00,4.322826058180264219e+00
3.369999999999972129e+00,3.842032024582307059e+01,4.317968466589626075e+00,4.317968466589626075e+00
3.379999999999971916e+00,3.850663129155113040e+01,4.313123156400108016e+00,4.313123156400108016e+00
3.389999999999971703e+00,3.859284555300358477e+01,4.308290125140038285e+00,4.308290125140038285e+00
3.399999999999971489e+00,3.867896327573283344e+01,4.303469369421689450e+00,4.303469369421689450e+00
3.409999999999971276e+00,3.876498470521448780e+01,4.298660884967785201e+00,4.298660884967785201e+00
3.419999999999971063e+00,3.885091008682993419e+01,4.293864666637438710e+00,4.293864666637438710e+00
3.429999999999970850e+00,3.893673966584913870e+01,4.289080708451562529e+00,4.289080708451562529e+00
3.439999999999970637e+00,3.902247368741433320e+01,4.284309003617495115e+00,4.284309003617495115e+00
3.449999999999970424e+00,3.910811239652389304e+01,4.279549544553212570e+00,4.279549544553212570e+00
3.459999999999970210e+00,3.919365603801671227e+01,4.274802322910864483e+00,4.274802322910864483e+00
3.469999999999969997e+00,3.927910485655731776e+01,4.270067329599754657e+00,4.270067329599754657e+00
3.479999999999969784e+00,3.936445909662099751e+01,4.265344554808884858e+00,4.265344554808884858e+00
3.489999999999969571e+00,3.944971900247979590e+01,4.260633988028811991e+00,4.260633988028811991e+00
3.499999999999969358e+00,3.953488481818873623e+01,4.255935618073065640e+00,4.255935618073065640e+00
3.509999999999969145e+00,3.961995678757239858e+01,4.251249433099044239e+00,4.251249433099044239e+00
3.519999999999968932e+00,3.970493515421207320e+01,4.246575420628412978e+00,4.246575420628412978e+00
3.529999999999968718e+00,3.978982016143323364e+01,4.241913567567069165e+00,4.241913567567069165e+00
3.539999999999968505e+00,3.987461205229346461e+01,4.237263860224460998e+00,4.237263860224460998e+00
3.549999999999968292e+00,3.995931106957057466e+01,4.232626284332616784e+00,4.232626284332616784e+00
3.559999999999968079e+00,4.004391745575145478e+01,4.228000825064706980e+00,4.228000825064706980e+00
3.569999999999967866e+00,4.012843145302086612e+01,4.223387467053066224e+00,4.223387467053066224e+00
3.579999999999967653e+00,4.021285330325099494e+01,4.218786194406855650e+00,4.218786194406855650e+00
3.589999999999967439e+00,4.029718324799096507e+01,4.214196990729251802e+00,4.214196990729251802e+00
3.599999999999967226e+00,4.038142152845705368e+01,4.209619839134284724e+00,4.209619839134284724e+00
3.609999999999967013e+00,4.046556838552303503e+01,4.205054722263206202e+00,4.205054722263206202e+00
3.619999999999966800e+00,4.054962405971079420e+01,4.200501622300518711e+00,4.200501622300518711e+00
3.629999999999966587e+00,4.063358879118145950e+01,4.195960520989610032e+00,4.195960520989610032e+00
3.639999999999966374e+00,4.071746281972668413e+01,4.191431399647957079e+00,4.191431399647957079e+00
3.649999999999966160e+00,4.080124638476028309e+01,4.186914239182034869e+00,4.186914239182034869e+00
3.659999999999965947e+00,4.088493972531016141e+01,4.182409020101796493e+00,4.182409020101796493e+00
3.669999999999965734e+00,4.096854308001051947e+01,4.177915722534910614e+00,4.177915722534910614e+00
3.679999999999965521e+00,4.105205668709442079e+01,4.173434326240487380e+00,4.173434326240487380e+00
3.689999999999965308e+00,4.113548078438638100e+01,4.168964810622628470e+00,4.168964810622628470e+00
3.699999999999965095e+00,4.121881560929560351e+01,4.164507154743595230e+00,4.164507154743595230e+00
3.709999999999964881e+00,4.130206139880910854e+01,4.160061337336591336e+00,4.160061337336591336e+00
3.719999999999964668e+00,4.138521838948540221e+01,4.155627336818315420e+00,4.155627336818315420e+00
3.729999999999964455e+00,4.146828681744820955e+01,4.151205131301169082e+00,4.151205131301169082e+00
3.739999999999964242e+00,4.155126691838046327e+01,4.146794698605210883e+00,4.146794698605210883e+00
3.749999999999964029e+00,4.163415892751871183e+01,4.142396016269774606e+00,4.142396016269774606e+00
3.759999999999963816e+00,4.171696307964745642e+01,4.138009061564762447e+00,4.138009061564762447e+00
3.769999999999963602e+00,4.179967960909400659e+01,4.133633811501763233e+00,4.133633811501763233e+00
3.779999999999963389e+00,4.188230874972334306e+01,4.129270242844813588e+00,4.129270242844813588e+00
3.789999999999963176e+00,4.196485073493330020e+01,4.124918332120920184e+00,4.124918332120920184e+00
3.799999999999962963e+00,4.204730579764993337e+01,4.120578055630361725e+00,4.120578055630361725e+00
3.809999999999962750e+00,4.212967417032304240e+01,4.116249389456686281e+00,4.116249389456686281e+00
3.819999999999962537e+00,4.221195608492205764e+01,4.111932309476411973e+00,4.111932309476411973e+00
3.829999999999962323e+00,4.229415177293183348e+01,4.107626791368585550e+00,4.107626791368585550e+00
3.839999999999962110e+00,4.237626146534888250e+01,4.103332810624103821e+00,4.103332810624103821e+00
3.849999999999961897e+00,4.245828539267773749e+01,4.099050342554686921e+00,4.099050342554686921e+00
3.859999999999961684e+00,4.254022378492732059e+01,4.094779362301744996e+00,4.094779362301744996e+00
3.869999999999961471e+00,4.262207687160780267e+01,4.090519844844980213e+00,4.090519844844980213e+00
3.879999999999961258e+00,4.270384488172732063e+01,4.086271765010758727e+00,4.086271765010758727e+00
3.889999999999961044e+00,4.278552804378904284e+01,4.082035097480259722e+00,4.082035097480259722e+00
3.899999999999960831e+00,4.286712658578835544e+01,4.077809816797421050e+00,4.077809816797421050e+00
3.909999999999960618e+00,4.294864073521015513e+01,4.073595897376772967e+00,4.073595897376772967e+00
3.919999999999960405e+00,4.303007071902636937e+01,4.069393313510969001e+00,4.069393313510969001e+00
3.929999999999960192e+00,4.311141676369363296e+01,4.065202039378144505e+00,4.065202039378144505e+00
3.939999999999959979e+00,4.319267909515094317e+01,4.061022049049066496e+00,4.061022049049066496e+00
3.949999999999959766e+00,4.327385793881771292e+01,4.056853316494162698e+00,4.056853316494162698e+00
3.959999999999959552e+00,4.335495351959177412e+01,4.052695815590350747e+00,4.052695815590350747e+00
3.969999999999959339e+00,4.343596606184762976e+01,4.048549520127651569e+00,4.048549520127651569e+00
3.979999999999959126e+00,4.351689578943464909e+01,4.044414403815704162e+00,4.044414403815704162e+00
3.989999999999958913e+00,4.359774292567567500e+01,4.040290440289981078e+00,4.040290440289981078e+00
3.999999999999958700e+00,4.367850769336551764e+01,4.036177603117942603e+00,4.036177603117942603e+00
4.009999999999958931e+00,4.375919031476965415e+01,4.032075865805079928e+00,4.032075865805079928e+00
4.019999999999958717e+00,4.383979101162313441e+01,4.027985201800639459e+00,4.027985201800639459e+00
4.029999999999958504e+00,4.392031000512940153e+01,4.023905584503330246e+00,4.023905584503330246e+00
4.039999999999958291e+00,4.400074751595937528e+01,4.019836987266838690e+00,4.019836987266838690e+00
4.049999999999958078e+00,4.408110376425059940e+01,4.015779383405138958e+00,4.015779383405138958e+00
4.059999999999957865e+00,4.416137896960660214e+01,4.011732746197772315e+00,4.011732746197772315e+00
4.069999999999957652e+00,4.424157335109607914e+01,4.007697048894891978e+00,4.007697048894891978e+00
4.079999999999957438e+00,4.432168712725247417e+01,4.003672264722208496e+00,4.003672264722208496e+00
4.089999999999957225e+00,4.440172051607354575e+01,3.999658366885811223e+00,3.999658366885811223e+00
4.099999999999957012e+00,4.448167373502097632e+01,3.995655328576818377e+00,3.995655328576818377e+00
4.109999999999956799e+00,4.456154700102008803e+01,3.991663122975933842e+00,3.991663122975933842e+00
4.119999999999956586e+00,4.464134053045977168e+01,3.987681723257876953e+00,3.987681723257876953e+00
4.129999999999956373e+00,4.472105453919234463e+01,3.983711102595671072e+00,3.983711102595671072e+00
4.139999999999956160e+00,4.480068924253360763e+01,3.979751234164813134e+00,3.979751234164813134e+00
4.149999999999955946e+00,4.488024485526286611e+01,3.975802091147384143e+00,3.975802091147384143e+00
4.159999999999955733e+00,4.495972159162310078e+01,3.971863646735965148e+00,3.971863646735965148e+00
4.169999999999955520e+00,4.503911966532136546e+01,3.967935874137437313e+00,3.967935874137437313e+00
4.179999999999955307e+00,4.511843928952892213e+01,3.964018746576732699e+00,3.964018746576732699e+00
4.189999999999955094e+00,4.519768067688176671e+01,3.960112237300456250e+00,3.960112237300456250e+00
4.199999999999954881e+00,4.527684403948098435e+01,3.956216319580433183e+00,3.956216319580433183e+00
4.209999999999954667e+00,4.535592958889338888e+01,3.952330966717114702e+00,3.952330966717114702e+00
4.219999999999954454e+00,4.543493753615211972e+01,3.948456152042834955e+00,3.948456152042834955e+00
4.229999999999954241e+00,4.551386809175724579e+01,3.944591848925025346e+00,3.944591848925025346e+00
4.239999999999954028e+00,4.559272146567656847e+01,3.940738030769405764e+00,3.940738030769405764e+00
4.249999999999953815e+00,4.567149786734635342e+01,3.936894671023008385e+00,3.936894671023008385e+00
4.259999999999953602e+00,4.575019750567228272e+01,3.933061743177027392e+00,3.933061743177027392e+00
4.269999999999953388e+00,4.582882058903024358e+01,3.929239220769727758e+00,3.929239220769727758e+00
4.279999999999953175e+00,4.590736732526739416e+01,3.925427077389219477e+00,3.925427077389219477e+00
4.289999999999952962e+00,4.598583792170312989e+01,3.921625286676095001e+00,3.921625286676095001e+00
4.299999999999952749e+00,4.606423258513020613e+01,3.917833822326006299e+00,3.917833822326006299e+00
4.309999999999952536e+00,4.614255152181587505e+01,3.914052658092223691e+00,3.914052658092223691e+00
4.319999999999952323e+00,4.622079493750292301e+01,3.910281767788037488e+00,3.910281767788037488e+00
4.329999999999952109e+00,4.629896303741114139e+01,3.906521125289107221e+00,3.906521125289107221e+00
4.339999999999951896e+00,4.637705602623834267e+01,3.902770704535764246e+00,3.902770704535764246e+00
4.349999999999951683e+00,4.645507410816184546e+01,3.899030479535196658e+00,3.899030479535196658e+00
4.359999999999951470e+00,4.653301748683975347e+01,3.895300424363564495e+00,3.895300424363564495e+00
4.369999999999951257e+00,4.661088636541246188e+01,3.891580513168097610e+00,3.891580513168097610e+00
4.379999999999951044e+00,4.668868094650387945e+01,3.887870720169057215e+00,3.887870720169057215e+00
4.389999999999950830e+00,4.676640143222316226e+01,3.884171019661614377e+00,3.884171019661614377e+00
4.399999999999950617e+00,4.684404802416607083e+01,3.880481386017842649e+00,3.880481386017842649e+00
4.409999999999950404e+00,4.692162092341657598e+01,3.876801793688384290e+00,3.876801793688384290e+00
4.419999999999950191e+00,4.699912033054845040e+01,3.873132217204200867e+00,3.873132217204200867e+00
4.429999999999949978e+00,4.707654644562688873e+01,3.869472631178292765e+00,3.869472631178292765e+00
4.439999999999949765e+00,4.715389946821014888e+01,3.865823010307255281e+00,3.865823010307255281e+00
4.449999999999949551e+00,4.723117959735126448e+01,3.862183329372854690e+00,3.862183329372854690e+00
4.459999999999949338e+00,4.730838703159974301e+01,3.858553563243518170e+00,3.858553563243518170e+00
4.469999999999949125e+00,4.738552196900332802e+01,3.854933686875730459e+00,3.854933686875730459e+00
4.479999999999948912e+00,4.746258460710977545e+01,3.851323675315469597e+00,3.851323675315469597e+00
4.489999999999948699e+00,4.753957514296864417e+01,3.847723503699502334e+00,3.847723503699502334e+00
4.499999999999948486e+00,4.761649377313311504e+01,3.844133147256648009e+00,3.844133147256648009e+00
4.509999999999948272e+00,4.769334069366190221e+01,3.840552581309033986e+00,3.840552581309033986e+00
4.519999999999948059e+00,4.777011610012105081e+01,3.836981781273234304e+00,3.836981781273234304e+00
4.529999999999947846e+00,4.784682018758585542e+01,3.833420722661401658e+00,3.833420722661401658e+00
4.539999999999947633e+00,4.792345315064287092e+01,3.829869381082362967e+00,3.829869381082362967e+00
4.549999999999947420e+00,4.800001518339173145e+01,3.826327732242630120e+00,3.826327732242630120e+00
4.559999999999947207e+00,4.807650647944720390e+01,3.822795751947389409e+00,3.822795751947389409e+00
4.569999999999946994e+00,4.815292723194115609e+01,3.819273416101453211e+00,3.819273416101453211e+00
4.579999999999946780e+00,4.822927763352449659e+01,3.815760700710131292e+00,3.815760700710131292e+00
4.589999999999946567e+00,4.830555787636921394e+01,3.812257581880095003e+00,3.812257581880095003e+00
4.599999999999946354e+00,4.838176815217055093e+01,3.808764035820199290e+00,3.808764035820199290e+00
4.609999999999946141e+00,4.845790865214882359e+01,3.805280038842253187e+00,3.805280038842253187e+00
4.619999999999945928e+00,4.853397956705167360e+01,3.801805567361713489e+00,3.801805567361713489e+00
4.629999999999945715e+00,4.860998108715605071e+01,3.798340597898409055e+00,3.798340597898409055e+00
4.639999999999945501e+00,4.868591340227033726e+01,3.794885107077233588e+00,3.794885107077233588e+00
4.649999999999945288e+00,4.876177670173647272e+01,3.791439071628732727e+00,3.791439071628732727e+00
4.659999999999945075e+00,4.883757117443207107e+01,3.788002468389649380e+00,3.788002468389649380e+00
4.669999999999944862e+00,4.891329700877246722e+01,3.784575274303522363e+00,3.784575274303522363e+00
4.679999999999944649e+00,4.898895439271300489e+01,3.781157466421174007e+00,3.781157466421174007e+00
4.689999999999944436e+00,4.906454351375109013e+01,3.777749021901211091e+00,3.777749021901211091e+00
4.699999999999944222e+00,4.914006455892828740e+01,3.774349918010447613e+00,3.774349918010447613e+00
4.709999999999944009e+00,4.921551771483272120e+01,3.770960132124353770e+00,3.770960132124353770e+00
4.719999999999943796e+00,4.929090316760098744e+01,3.767579641727428541e+00,3.767579641727428541e+00
4.729999999999943583e+00,4.936622110292044141e+01,3.764208424413540754e+00,3.764208424413540754e+00
4.739999999999943370e+00,4.944147170603153540e+01,3.760846457886253713e+00,3.760846457886253713e+00
4.749999999999943157e+00,4.951665516172974435e+01,3.757493719959139167e+00,3.757493719959139167e+00
4.759999999999942943e+00,4.959177165436792478e+01,3.754150188556041989e+00,3.754150188556041989e+00
4.769999999999942730e+00,4.966682136785860280e+01,3.750815841711325760e+00,3.750815841711325760e+00
4.779999999999942517e+00,4.974180448567597779e+01,3.747490657570061057e+00,3.747490657570061057e+00
4.789999999999942304e+00,4.981672119085828143e+01,3.744174614388240396e+00,3.744174614388240396e+00
4.799999999999942091e+00,4.989157166600995907e+01,3.740867690532933221e+00,3.740867690532933221e+00
4.809999999999941878e+00,4.996635609330395056e+01,3.737569864482407134e+00,3.737569864482407134e+00
4.819999999999941664e+00,5.004107465448380765e+01,3.734281114826264236e+00,3.734281114826264236e+00
4.829999999999941451e+00,5.011572753086598198e+01,3.731001420265546820e+00,3.731001420265546820e+00
4.839999999999941238e+00,5.019031490334209877e+01,3.727730759612779110e+00,3.727730759612779110e+00
4.849999999999941025e+00,5.026483695238106719e+01,3.724469111791993914e+00,3.724469111791993914e+00
4.859999999999940812e+00,5.033929385803142509e+01,3.721216455838761483e+00,3.721216455838761483e+00
4.869999999999940599e+00,5.041368579992356302e+01,3.717972770900223267e+00,3.717972770900223267e+00
4.879999999999940385e+00,5.048801295727182037e+01,3.714738036235051055e+00,3.714738036235051055e+00
4.889999999999940172e+00,5.056227550887687983e+01,3.711512231213415003e+00,3.711512231213415003e+00
4.899999999999939959e+00,5.063647363312794170e+01,3.708295335316924124e+00,3.708295335316924124e+00
4.909999999999939746e+00,5.071060750800494077e+01,3.705087328138535696e+00,3.705087328138535696e+00
4.919999999999939533e+00,5.078467731108074901e+01,3.701888189382456673e+00,3.701888189382456673e+00
4.929999999999939320e+00,5.085868321952344218e+01,3.698697898864037992e+00,3.698697898864037992e+00
4.939999999999939106e+00,5.093262541009848832e+01,3.695516436509632907e+00,3.695516436509632907e+00
4.949999999999938893e+00,5.100650405917097174e+01,3.692343782356457993e+00,3.692343782356457993e+00
4.959999999999938680e+00,5.108031934270790941e+01,3.689179916552416394e+00,3.689179916552416394e+00
4.969999999999938467e+00,5.115407143628022624e+01,3.686024819355917082e+00,3.686024819355917082e+00
4.979999999999938254e+00,5.122776051506526329e+01,3.682878471135681675e+00,3.682878471135681675e+00
4.989999999999938041e+00,5.130138675384868208e+01,3.679740852370509074e+00,3.679740852370509074e+00
4.999999999999937828e+00,5.137495032702693010e+01,3.676611943649064518e+00,3.676611943649064518e+00
5.009999999999937614e+00,5.144845140860923749e+01,3.673491725669606911e+00,3.673491725669606911e+00
5.019999999999937401e+00,5.152189017221994050e+01,3.670380179239742802e+00,3.670380179239742802e+00
5.029999999999937188e+00,5.159526679110059177e+01,3.667277285276179466e+00,3.667277285276179466e+00
5.039999999999936975e+00,5.166858143811211335e+01,3.664183024804410493e+00,3.664183024804410493e+00
5.049999999999936762e+00,5.174183428573710586e+01,3.661097378958429349e+00,3.661097378958429349e+00
5.059999999999936549e+00,5.181502550608183810e+01,3.658020328980395419e+00,3.658020328980395419e+00
5.069999999999936335e+00,5.188815527087854207e+01,3.654951856220317374e+00,3.654951856220317374e+00
5.079999999999936122e+00,5.196122375148751615e+01,3.651891942135721436e+00,3.651891942135721436e+00
5.089999999999935909e+00,5.203423111889923547e+01,3.648840568291301878e+00,3.648840568291301878e+00
5.099999999999935696e+00,5.210717754373656163e+01,3.645797716358533780e+00,3.645797716358533780e+00
5.109999999999935483e+00,5.218006319625688860e+01,3.642763368115340850e+00,3.642763368115340850e+00
5.119999999999935270e+00,5.225288824635411089e+01,3.639737505445713062e+00,3.639737505445713062e+00
5.129999999999935056e+00,5.232565286356093281e+01,3.636720110339266565e+00,3.636720110339266565e+00
5.139999999999934843e+00,5.239835721705090066e+01,3.633711164890850220e+00,3.633711164890850220e+00
5.149999999999934630e+00,5.247100147564047745e+01,3.630710651300206759e+00,3.630710651300206759e+00
5.159999999999934417e+00,5.254358580779113197e+01,3.627718551871486952e+00,3.627718551871486952e+00
5.169999999999934204e+00,5.261611038161149168e+01,3.624734849012785975e+00,3.624734849012785975e+00
5.179999999999933991e+00,5.268857536485933224e+01,3.621759525235767718e+00,3.621759525235767718e+00
5.189999999999933777e+00,5.276098092494378733e+01,3.618792563155185604e+00,3.618792563155185604e+00
5.199999999999933564e+00,5.283332722892718181e+01,3.615833945488410528e+00,3.615833945488410528e+00
5.209999999999933351e+00,5.290561444352729126e+01,3.612883655055008969e+00,3.612883655055008969e+00
5.219999999999933138e+00,5.297784273511923203e+01,3.609941674776274478e+00,3.609941674776274478e+00
5.229999999999932925e+00,5.305001226973759287e+01,3.607007987674655247e+00,3.607007987674655247e+00
5.239999999999932712e+00,5.312212321307840313e+01,3.604082576873326893e+00,3.604082576873326893e+00
5.249999999999932498e+00,5.319417573050114356e+01,3.601165425595702185e+00,3.601165425595702185e+00
5.259999999999932285e+00,5.326616998703077144e+01,3.598256517164947876e+00,3.598256517164947876e+00
5.269999999999932072e+00,5.333810614735970290e+01,3.595355835003412714e+00,3.595355835003412714e+00
5.279999999999931859e+00,5.340998437584969594e+01,3.592463362632181578e+00,3.592463362632181578e+00
5.289999999999931646e+00,5.348180483653406725e+01,3.589579083670523030e+00,3.589579083670523030e+00
5.299999999999931433e+00,5.355356769311933363e+01,3.586702981835344417e+00,3.586702981835344417e+00
5.309999999999931219e+00,5.362527310898742883e+01,3.583835040940642980e+00,3.583835040940642980e+00
5.319999999999931006e+00,5.369692124719747284e+01,3.580975244897004472e+00,3.580975244897004472e+00
5.329999999999930793e+00,5.376851227048772586e+01,3.578123577711078251e+00,3.578123577711078251e+00
5.339999999999930580e+00,5.384004634127758493e+01,3.575280023484975089e+00,3.575280023484975089e+00
5.349999999999930367e+00,5.391152362166943846e+01,3.572444566415728051e+00,3.572444566415728051e+00
5.359999999999930154e+00,5.398294427345052071e+01,3.569617190794752482e+00,3.569617190794752482e+00
5.369999999999929940e+00,5.405430845809480900e+01,3.566797881007281568e+00,3.566797881007281568e+00
5.379999999999929727e+00,5.412561633676497053e+01,3.563986621531760157e+00,3.563986621531760157e+00
5.389999999999929514e+00,5.419686807031413878e+01,3.561183396939327395e+00,3.561183396939327395e+00
5.399999999999929301e+00,5.426806381928781065e+01,3.558388191893178565e+00,3.558388191893178565e+00
5.409999999999929088e+00,5.433920374392553754e+01,3.555600991148015755e+00,3.555600991148015755e+00
5.419999999999928875e+00,5.441028800416304989e+01,3.552821779549497183e+00,3.552821779549497183e+00
5.429999999999928662e+00,5.448131675963377063e+01,3.550050542033610590e+00,3.550050542033610590e+00
5.439999999999928448e+00,5.455229016967076205e+01,3.547287263626065723e+00,3.547287263626065723e+00
5.449999999999928235e+00,5.462320839330852351e+01,3.544531929441739670e+00,3.544531929441739670e+00
5.459999999999928022e+00,5.469407158928467538e+01,3.541784524684076896e+00,3.541784524684076896e+00
5.469999999999927809e+00,5.476487991604185623e+01,3.539045034644456855e+00,3.539045034644456855e+00
5.479999999999927596e+00,5.483563353172930022e+01,3.536313444701613129e+00,3.536313444701613129e+00
5.489999999999927383e+00,5.490633259420474133e+01,3.533589740321039230e+00,3.533589740321039230e+00
5.499999999999927169e+00,5.497697726103613292e+01,3.530873907054365102e+00,3.530873907054365102e+00
5.509999999999926956e+00,5.504756768950320378e+01,3.528165930538747386e+00,3.528165930538747386e+00
5.519999999999926743e+00,5.511810403659934110e+01,3.525465796496252580e+00,3.525465796496252580e+00
5.529999999999926530e+00,5.518858645903320337e+01,3.522773490733234425e+00,3.522773490733234425e+00
5.539999999999926317e+00,5.525901511323038307e+01,3.520088999139748154e+00,3.520088999139748154e+00
5.549999999999926104e+00,5.532939015533513327e+01,3.517412307688919881e+00,3.517412307688919881e+00
5.559999999999925890e+00,5.539971174121197350e+01,3.514743402436347974e+00,3.514743402436347974e+00
5.569999999999925677e+00,5.546998002644738079e+01,3.512082269519449795e+00,3.512082269519449795e+00
5.579999999999925464e+00,5.554019516635128895e+01,3.509428895156819994e+00,3.509428895156819994e+00
5.589999999999925251e+00,5.561035731595893594e+01,3.506783265647640757e+00,3.506783265647640757e+00
5.599999999999925038e+00,5.568046663003227081e+01,3.504145367371080955e+00,3.504145367371080955e+00
5.609999999999924825e+00,5.575052326306165895e+01,3.501515186785630895e+00,3.501515186785630895e+00
5.619999999999924611e+00,5.582052736926733161e+01,3.498892710428462394e+00,3.498892710428462394e+00
5.629999999999924398e+00,5.589047910260109120e+01,3.496277924914853674e+00,3.496277924914853674e+00
5.639999999999924185e+00,5.596037861674789582e+01,3.493670816937517465e+00,3.493670816937517465e+00
5.649999999999923972e+00,5.603022606512717374e+01,3.491071373265979716e+00,3.491071373265979716e+00
5.659999999999923759e+00,5.610002160089462109e+01,3.488479580745977859e+00,3.488479580745977859e+00
5.669999999999923546e+00,5.616976537694354477e+01,3.485895426298788902e+00,3.485895426298788902e+00
5.679999999999923332e+00,5.623945754590642565e+01,3.483318896920617469e+00,3.483318896920617469e+00
5.689999999999923119e+00,5.630909826015645336e+01,3.480749979681988293e+00,3.480749979681988293e+00
5.699999999999922906e+00,5.637868767180890472e+01,3.478188661727079634e+00,3.478188661727079634e+00
5.709999999999922693e+00,5.644822593272269984e+01,3.475634930273116208e+00,3.475634930273116208e+00
5.719999999999922480e+00,5.651771319450183029e+01,3.473088772609724373e+00,3.473088772609724373e+00
5.729999999999922267e+00,5.658714960849673759e+01,3.470550176098270878e+00,3.470550176098270878e+00
5.739999999999922053e+00,5.665653532580588347e+01,3.468019128171300647e+00,3.468019128171300647e+00
5.749999999999921840e+00,5.672587049727702890e+01,3.465495616331890627e+00,3.465495616331890627e+00
5.759999999999921627e+00,5.679515527350868354e+01,3.462979628152980549e+00,3.462979628152980549e+00
5.769999999999921414e+00,5.686438980485154104e+01,3.460471151276739654e+00,3.460471151276739654e+00
5.779999999999921201e+00,5.693357424140982204e+01,3.457970173414015136e+00,3.457970173414015136e+00
5.789999999999920988e+00,5.700270873304262409e+01,3.455476682343638029e+00,3.455476682343638029e+00
5.799999999999920774e+00,5.707179342936528599e+01,3.452990665911785939e+00,3.452990665911785939e+00
5.809999999999920561e+00,5.714082847975078039e+01,3.450512112031371537e+00,3.450512112031371537e+00
5.819999999999920348e+00,5.720981403333086490e+01,3.448041008681436814e+00,3.448041008681436814e+00
5.829999999999920135e+00,5.727875023899774476e+01,3.445577343906521151e+00,3.445577343906521151e+00
5.839999999999919922e+00,5.734763724540494678e+01,3.443121105816026706e+00,3.443121105816026706e+00
5.849999999999919709e+00,5.741647520096898916e+01,3.440672282583598030e+00,3.440672282583598030e+00
5.859999999999919496e+00,5.748526425387041172e+01,3.438230862446491010e+00,3.438230862446491010e+00
5.869999999999919282e+00,5.755400455205513310e+01,3.435796833704962250e+00,3.435796833704962250e+00
5.879999999999919069e+00,5.762269624323569417e+01,3.433370184721627361e+00,3.433370184721627361e+00
5.889999999999918856e+00,5.769133947489255831e+01,3.430950903920871209e+00,3.430950903920871209e+00
5.899999999999918643e+00,5.775993439427520570e+01,3.428538979788234187e+00,3.428538979788234187e+00
5.909999999999918430e+00,5.782848114840351883e+01,3.426134400869766949e+00,3.426134400869766949e+00
5.919999999999918217e+00,5.789697988406877016e+01,3.423737155771419793e+00,3.423737155771419793e+00
5.929999999999918003e+00,5.796543074783510008e+01,3.421347233158444912e+00,3.421347233158444912e+00
5.939999999999917790e+00,5.803383388604042636e+01,3.418964621754773781e+00,3.418964621754773781e+00
5.949999999999917577e+00,5.810218944479778003e+01,3.416589310342404762e+00,3.416589310342404762e+00
5.959999999999917364e+00,5.817049756999633559e+01,3.414221287760800472e+00,3.414221287760800472e+00
5.969999999999917151e+00,5.823875840730269715e+01,3.411860542906267835e+00,3.411860542906267835e+00
5.979999999999916938e+00,5.830697210216193582e+01,3.409507064731378101e+00,3.409507064731378101e+00
5.989999999999916724e+00,5.837513879979867681e+01,3.407160842244338905e+00,3.407160842244338905e+00
5.999999999999916511e+00,5.844325864521833580e+01,3.404821864508385865e+00,3.404821864508385865e+00
6.009999999999916298e+00,5.851133178320808526e+01,3.402490120641201710e+00,3.402490120641201710e+00
6.019999999999916085e+00,5.857935835833801974e+01,3.400165599814325645e+00,3.400165599814325645e+00
6.029999999999915872e+00,5.864733851496215067e+01,3.397848291252517416e+00,3.397848291252517416e+00
6.039999999999915659e+00,5.871527239721954317e+01,3.395538184233190204e+00,3.395538184233190204e+00
6.049999999999915445e+00,5.878316014903530373e+01,3.393235268085831091e+00,3.393235268085831091e+00
6.059999999999915232e+00,5.885100191412169579e+01,3.390939532191370009e+00,3.390939532191370009e+00
6.069999999999915019e+00,5.891879783597904918e+01,3.388650965981613528e+00,3.388650965981613528e+00
6.079999999999914806e+00,5.898654805789684019e+01,3.386369558938666646e+00,3.386369558938666646e+00
6.089999999999914593e+00,5.905425272295465788e+01,3.384095300594351041e+00,3.384095300594351041e+00
6.099999999999914380e+00,5.912191197402336940e+01,3.381828180529577565e+00,3.381828180529577565e+00
6.109999999999914166e+00,5.918952595376566705e+01,3.379568188373813342e+00,3.379568188373813342e+00
6.119999999999913953e+00,5.925709480463762446e+01,3.377315313804495123e+00,3.377315313804495123e+00
6.129999999999913740e+00,5.932461866888902335e+01,3.375069546546436428e+00,3.375069546546436428e+00
6.139999999999913527e+00,5.939209768856488125e+01,3.372830876371265330e+00,3.372830876371265330e+00
6.149999999999913314e+00,5.945953200550599149e+01,3.370599293096846250e+00,3.370599293096846250e+00
6.159999999999913101e+00,5.952692176134984692e+01,3.368374786586707970e+00,3.368374786586707970e+00
6.169999999999912887e+00,5.959426709753190465e+01,3.366157346749499180e+00,3.366157346749499180e+00
6.179999999999912674e+00,5.966156815528600532e+01,3.363946963538398283e+00,3.363946963538398283e+00
6.189999999999912461e+00,5.972882507564565202e+01,3.361743626950570718e+00,3.361743626950570718e+00
6.199999999999912248e+00,5.979603799944457876e+01,3.359547327026592090e+00,3.359547327026592090e+00
6.209999999999912035e+00,5.986320706731797259e+01,3.357358053849883284e+00,3.357358053849883284e+00
6.219999999999911822e+00,5.993033241970287150e+01,3.355175797546210870e+00,3.355175797546210870e+00
6.229999999999911608e+00,5.999741419683937949e+01,3.353000548283072924e+00,3.353000548283072924e+00
6.239999999999911395e+00,6.006445253877134149e+01,3.350832296269155464e+00,3.350832296269155464e+00
6.249999999999911182e+00,6.013144758534715351e+01,3.348671031753818639e+00,3.348671031753818639e+00
6.259999999999910969e+00,6.019839947622060805e+01,3.346516745026531847e+00,3.346516745026531847e+00
6.269999999999910756e+00,6.026530835085172555e+01,3.344369426416322622e+00,3.344369426416322622e+00
6.279999999999910543e+00,6.033217434850743643e+01,3.342229066291258821e+00,3.342229066291258821e+00
6.289999999999910330e+00,6.039899760826240538e+01,3.340095655057905955e+00,3.340095655057905955e+00
6.299999999999910116e+00,6.046577826899992658e+01,3.337969183160776510e+00,3.337969183160776510e+00
6.309999999999909903e+00,6.053251646941234299e+01,3.335849641081819250e+00,3.335849641081819250e+00
6.319999999999909690e+00,6.059921234800222578e+01,3.333737019339886753e+00,3.333737019339886753e+00
6.329999999999909477e+00,6.066586604308272257e+01,3.331631308490191845e+00,3.331631308490191845e+00
6.339999999999909264e+00,6.073247769277855923e+01,3.329532499123784017e+00,3.329532499123784017e+00
6.349999999999909051e+00,6.079904743502655862e+01,3.327440581867060487e+00,3.327440581867060487e+00
6.359999999999908837e+00,6.086557540757640794e+01,3.325355547381225740e+00,3.325355547381225740e+00
6.369999999999908624e+00,6.093206174799144037e+01,3.323277386361771946e+00,3.323277386361771946e+00
6.379999999999908411e+00,6.099850659364912531e+01,3.321206089537976247e+00,3.321206089537976247e+00
6.389999999999908198e+00,6.106491008174196367e+01,3.319141647672377626e+00,3.319141647672377626e+00
6.399999999999907985e+00,6.113127234927793552e+01,3.317084051560288849e+00,3.317084051560288849e+00
6.409999999999907772e+00,6.119759353308134564e+01,3.315033292029281764e+00,3.315033292029281764e+00
6.419999999999907558e+00,6.126387376979324273e+01,3.312989359938686817e+00,3.312989359938686817e+00
6.429999999999907345e+00,6.133011319587231469e+01,3.310952246179093006e+00,3.310952246179093006e+00
6.439999999999907132e+00,6.139631194759522259e+01,3.308921941671846945e+00,3.308921941671846945e+00
6.449999999999906919e+00,6.146247016105744621e+01,3.306898437368570143e+00,3.306898437368570143e+00
6.459999999999906706e+00,6.152858797217377429e+01,3.304881724250658959e+00,3.304881724250658959e+00
6.469999999999906493e+00,6.159466551667889433e+01,3.302871793328818750e+00,3.302871793328818750e+00
6.479999999999906279e+00,6.166070293012807468e+01,3.300868635642555837e+00,3.300868635642555837e+00
6.489999999999906066e+00,6.172670034789750559e+01,3.298872242259689003e+00,3.298872242259689003e+00
6.499999999999905853e+00,6.179265790518515189e+01,3.296882604275915174e+00,3.296882604275915174e+00
6.509999999999905640e+00,6.185857573701110823e+01,3.294899712814275183e+00,3.294899712814275183e+00
6.519999999999905427e+00,6.192445397821815334e+01,3.292923559024720337e+00,3.292923559024720337e+00
6.529999999999905214e+00,6.199029276347241080e+01,3.290954134083626581e+00,3.290954134083626581e+00
6.539999999999905000e+00,6.205609222726375407e+01,3.288991429193346416e+00,3.288991429193346416e+00
6.549999999999904787e+00,6.212185250390635360e+01,3.287035435581719511e+00,3.287035435581719511e+00
6.559999999999904574e+00,6.218757372753914581e+01,3.285086144501623728e+00,3.285086144501623728e+00
6.569999999999904361e+00,6.225325603212642989e+01,3.283143547230511050e+00,3.283143547230511050e+00
6.579999999999904148e+00,6.231889955145827997e+01,3.281207635069959050e+00,3.281207635069959050e+00
6.589999999999903935e+00,6.238450441915101408e+01,3.279278399345210815e+00,3.279278399345210815e+00
6.599999999999903721e+00,6.245007076864769857e+01,3.277355831404727748e+00,3.277355831404727748e+00
6.609999999999903508e+00,6.251559873321861005e+01,3.275439922619755695e+00,3.275439922619755695e+00
6.619999999999903295e+00,6.258108844596166875e+01,3.273530664383867528e+00,3.273530664383867528e+00
6.629999999999903082e+00,6.264654003980281516e+01,3.271628048112525722e+00,3.271628048112525722e+00
6.639999999999902869e+00,6.271195364749659973e+01,3.269732065242627606e+00,3.269732065242627606e+00
6.649999999999902656e+00,6.277732940162649555e+01,3.267842707232100352e+00,3.267842707232100352e+00
6.659999999999902442e+00,6.284266743460526072e+01,3.265959965559462663e+00,3.265959965559462663e+00
6.669999999999902229e+00,6.290796787867563467e+01,3.264083831723365137e+00,3.264083831723365137e+00
6.679999999999902016e+00,6.297323086591021735e+01,3.262214297242205241e+00,3.262214297242205241e+00
6.689999999999901803e+00,6.303845652821248535e+01,3.260351353653677453e+00,3.260351353653677453e+00
6.699999999999901590e+00,6.310364499731652188e+01,3.258494992514343380e+00,3.258494992514343380e+00
6.709999999999901377e+00,6.316879640478809677e+01,3.256645205399261833e+00,3.256645205399261833e+00
6.719999999999901164e+00,6.323391088202435384e+01,3.254801983901535856e+00,3.254801983901535856e+00
6.729999999999900950e+00,6.329898856025459253e+01,3.252965319631905938e+00,3.252965319631905938e+00
6.739999999999900737e+00,6.336402957054054497e+01,3.251135204218342789e+00,3.251135204218342789e+00
6.749999999999900524e+00,6.342903404377655363e+01,3.249311629305645432e+00,3.249311629305645432e+00
6.759999999999900311e+00,6.349400211069012556e+01,3.247494586555041973e+00,3.247494586555041973e+00
6.769999999999900098e+00,6.355893390184208158e+01,3.245684067643784587e+00,3.245684067643784587e+00
6.779999999999899885e+00,6.362382954762700393e+01,3.243880064264749841e+00,3.243880064264749841e+00
6.789999999999899671e+00,6.368868917827340681e+01,3.242082568126044340e+00,3.242082568126044340e+00
6.799999999999899458e+00,6.375351292384415558e+01,3.240291570950632138e+00,3.240291570950632138e+00
6.809999999999899245e+00,6.381830091423677231e+01,3.238507064475923958e+00,3.238507064475923958e+00
6.819999999999899032e+00,6.388305327918350685e+01,3.236729040453409922e+00,3.236729040453409922e+00
6.829999999999898819e+00,6.394777014825195494e+01,3.234957490648249223e+00,3.234957490648249223e+00
6.839999999999898606e+00,6.401245165084499433e+01,3.233192406838912181e+00,3.233192406838912181e+00
6.849999999999898392e+00,6.407709791620139583e+01,3.231433780816818757e+00,3.231433780816818757e+00
6.859999999999898179e+00,6.414170907339564565e+01,3.229681604385939764e+00,3.229681604385939764e+00
6.869999999999897966e+00,6.420628525133857067e+01,3.227935869362438481e+00,3.227935869362438481e+00
6.879999999999897753e+00,6.427082657877740246e+01,3.226196567574293628e+00,3.226196567574293628e+00
6.889999999999897540e+00,6.433533318429607561e+01,3.224463690860953857e+00,3.224463690860953857e+00
6.899999999999897327e+00,6.439980519631539835e+01,3.222737231072948738e+00,3.222737231072948738e+00
6.909999999999897113e+00,6.446424274309326563e+01,3.221017180071551689e+00,3.221017180071551689e+00
6.919999999999896900e+00,6.452864595272494341e+01,3.219303529728409163e+00,3.219303529728409163e+00
6.929999999999896687e+00,6.459301495314319652e+01,3.217596271925191154e+00,3.217596271925191154e+00
6.939999999999896474e+00,6.465734987211858709e+01,3.215895398553262119e+00,3.215895398553262119e+00
6.949999999999896261e+00,6.472165083725951717e+01,3.214200901513308395e+00,3.214200901513308395e+00
6.959999999999896048e+00,6.478591797601248459e+01,3.212512772715012233e+00,3.212512772715012233e+00
6.969999999999895834e+00,6.485015141566232444e+01,3.210831004076685424e+00,3.210831004076685424e+00
6.979999999999895621e+00,6.491435128333228022e+01,3.209155587524952224e+00,3.209155587524952224e+00
6.989999999999895408e+00,6.497851770598424537e+01,3.207486514994402071e+00,3.207486514994402071e+00
6.999999999999895195e+00,6.504265081041883434e+01,3.205823778427264514e+00,3.205823778427264514e+00
7.009999999999894982e+00,6.510675072327559576e+01,3.204167369773073037e+00,3.204167369773073037e+00
7.019999999999894769e+00,6.517081757103315454e+01,3.202517280988344428e+00,3.202517280988344428e+00
7.029999999999894555e+00,6.523485148000926870e+01,3.200873504036255923e+00,3.200873504036255923e+00
7.039999999999894342e+00,6.529885257636108520e+01,3.199236030886298821e+00,3.199236030886298821e+00
7.049999999999894129e+00,6.536282098608521096e+01,3.197604853513999590e+00,3.197604853513999590e+00
7.059999999999893916e+00,6.542675683501776973e+01,3.195979963900575260e+00,3.195979963900575260e+00
7.069999999999893703e+00,6.549066024883452997e+01,3.194361354032632772e+00,3.194361354032632772e+00
7.079999999999893490e+00,6.555453135305113221e+01,3.192749015901857668e+00,3.192749015901857668e+00
7.089999999999893276e+00,6.561837027302306069e+01,3.191142941504693908e+00,3.191142941504693908e+00
7.099999999999893063e+00,6.568217713394572854e+01,3.189543122842055656e+00,3.189543122842055656e+00
7.109999999999892850e+00,6.574595206085467680e+01,3.187949551919008417e+00,3.187949551919008417e+00
7.119999999999892637e+00,6.580969517862553175e+01,3.186362220744492380e+00,3.186362220744492380e+00
7.129999999999892424e+00,6.587340661197413283e+01,3.184781121331002218e+00,3.184781121331002218e+00
7.139999999999892211e+00,6.593708648545663209e+01,3.183206245694309100e+00,3.183206245694309100e+00
7.149999999999891998e+00,6.600073492346955106e+01,3.181637585853167138e+00,3.181637585853167138e+00
7.159999999999891784e+00,6.606435205024972390e+01,3.180075133829022960e+00,3.180075133829022960e+00
7.169999999999891571e+00,6.612793798987446792e+01,3.178518881645726601e+00,3.178518881645726601e+00
7.179999999999891358e+00,6.619149286626162620e+01,3.176968821329256176e+00,3.176968821329256176e+00
7.189999999999891145e+00,6.625501680316953923e+01,3.175424944907430991e+00,3.175424944907430991e+00
7.199999999999890932e+00,6.631850992419721535e+01,3.173887244409645980e+00,3.173887244409645980e+00
7.209999999999890719e+00,6.638197235278408925e+01,3.172355711866584826e+00,3.172355711866584826e+00
7.219999999999890505e+00,6.644540421221039139e+01,3.170830339309951729e+00,3.170830339309951729e+00
7.229999999999890292e+00,6.650880562559686382e+01,3.169311118772204949e+00,3.169311118772204949e+00
7.239999999999890079e+00,6.657217671590500174e+01,3.167798042286279259e+00,3.167798042286279259e+00
7.249999999999889866e+00,6.663551760593685458e+01,3.166291101885347459e+00,3.166291101885347459e+00
7.259999999999889653e+00,6.669882841833523912e+01,3.164790289602527729e+00,3.164790289602527729e+00
7.269999999999889440e+00,6.676210927558354058e+01,3.163295597470631826e+00,3.163295597470631826e+00
7.279999999999889226e+00,6.682536030000585470e+01,3.161807017521931940e+00,3.161807017521931940e+00
7.289999999999889013e+00,6.688858161376683142e+01,3.160324541787904451e+00,3.160324541787904451e+00
7.299999999999888800e+00,6.695177333887188809e+01,3.158848162298945716e+00,3.158848162298945716e+00
7.309999999999888587e+00,6.701493559716685411e+01,3.157377871084162901e+00,3.157377871084162901e+00
7.319999999999888374e+00,6.707806851033825524e+01,3.155913660171094204e+00,3.155913660171094204e+00
7.329999999999888161e+00,6.714117219991308616e+01,3.154455521585480149e+00,3.154455521585480149e+00
7.339999999999887947e+00,6.720424678725886736e+01,3.153003447351051314e+00,3.153003447351051314e+00
7.349999999999887734e+00,6.726729239358354562e+01,3.151557429489258766e+00,3.151557429489258766e+00
7.359999999999887521e+00,6.733030913993545141e+01,3.150117460019042248e+00,3.150117460019042248e+00
7.369999999999887308e+00,6.739329714720334152e+01,3.148683530956605026e+00,3.148683530956605026e+00
7.379999999999887095e+00,6.745625653611620010e+01,3.147255634315166972e+00,3.147255634315166972e+00
7.389999999999886882e+00,6.751918742724319600e+01,3.145833762104766063e+00,3.145833762104766063e+00
7.399999999999886668e+00,6.758208994099379652e+01,3.144417906332015455e+00,3.144417906332015455e+00
7.409999999999886455e+00,6.764496419761741208e+01,3.143008058999881893e+00,3.143008058999881893e+00
7.419999999999886242e+00,6.770781031720360943e+01,3.141604212107470762e+00,3.141604212107470762e+00
7.429999999999886029e+00,6.777062841968181317e+01,3.140206357649804936e+00,3.140206357649804936e+00
7.439999999999885816e+00,6.783341862482134843e+01,3.138814487617609839e+00,3.138814487617609839e+00
7.449999999999885603e+00,6.789618105223122768e+01,3.137428593997110493e+00,3.137428593997110493e+00
7.459999999999885389e+00,6.795891582136020759e+01,3.136048668769810366e+00,3.136048668769810366e+00
7.469999999999885176e+00,6.802162305149663268e+01,3.134674703912270211e+00,3.134674703912270211e+00
7.479999999999884963e+00,6.808430286176830748e+01,3.133306691395948640e+00,3.133306691395948640e+00
7.489999999999884750e+00,6.814695537114236856e+01,3.131944623186961429e+00,3.131944623186961429e+00
7.499999999999884537e+00,6.820958069842527038e+01,3.130588491245879901e+00,3.130588491245879901e+00
7.509999999999884324e+00,6.827217896226260052e+01,3.129238287527560392e+00,3.129238287527560392e+00
7.519999999999884110e+00,6.833475028113898020e+01,3.127894003980936866e+00,3.127894003980936866e+00
7.529999999999883897e+00,6.839729477337797903e+01,3.126555632548814412e+00,3.126555632548814412e+00
7.539999999999883684e+00,6.845981255714190183e+01,3.125223165167682282e+00,3.125223165167682282e+00
7.549999999999883471e+00,6.852230375043170341e+01,3.123896593767536700e+00,3.123896593767536700e+00
7.559999999999883258e+00,6.858476847108698848e+01,3.122575910271704558e+00,3.122575910271704558e+00
7.569999999999883045e+00,6.864720683678564228e+01,3.121261106596646240e+00,3.121261106596646240e+00
7.579999999999882832e+00,6.870961896504380206e+01,3.119952174651768217e+00,3.119952174651768217e+00
7.589999999999882618e+00,6.877200497321580031e+01,3.118649106339256072e+00,3.118649106339256072e+00
7.599999999999882405e+00,6.883436497849390889e+01,3.117351893553891973e+00,3.117351893553891973e+00
7.609999999999882192e+00,6.889669909790818281e+01,3.116060528182882816e+00,3.116060528182882816e+00
7.619999999999881979e+00,6.895900744832636065e+01,3.114775002105704349e+00,3.114775002105704349e+00
7.629999999999881766e+00,6.902128989403180981e+01,3.113470074796050646e+00,3.113470074796050646e+00
7.639999999999881553e+00,6.908354630071961822e+01,3.112171108523801522e+00,3.112171108523801522e+00
7.649999999999881339e+00,6.914577678752426948e+01,3.110878094599470511e+00,3.110878094599470511e+00
7.659999999999881126e+00,6.920798147340650530e+01,3.109591024328791420e+00,3.109591024328791420e+00
7.669999999999880913e+00,6.927016047715301283e+01,3.108309889012516702e+00,3.108309889012516702e+00
7.679999999999880700e+00,6.933231391737650995e+01,3.107034679946238054e+00,3.107034679946238054e+00
7.689999999999880487e+00,6.939444191251554628e+01,3.105765388420185680e+00,3.105765388420185680e+00
7.699999999999880274e+00,6.945654458083447480e+01,3.104502005719045332e+00,3.104502005719045332e+00
7.709999999999880060e+00,6.951862204042319604e+01,3.103244523121793996e+00,3.103244523121793996e+00
7.719999999999879847e+00,6.958067440919721491e+01,3.101992931901496497e+00,3.101992931901496497e+00
7.729999999999879634e+00,6.964270180489735651e+01,3.100747223325131863e+00,3.100747223325131863e+00
7.739999999999879421e+00,6.970470434508970925e+01,3.099507388653419238e+00,3.099507388653419238e+00
7.749999999999879208e+00,6.976668214716565330e+01,3.098273419140648244e+00,3.098273419140648244e+00
7.759999999999878995e+00,6.982863532834144848e+01,3.097045306034492018e+00,3.097045306034492018e+00
7.769999999999878781e+00,6.989056400565827687e+01,3.095823040575861995e+00,3.095823040575861995e+00
7.779999999999878568e+00,6.995246829598201543e+01,3.094606613998735156e+00,3.094606613998735156e+00
7.789999999999878355e+00,7.001434831600327868e+01,3.093396017529964848e+00,3.093396017529964848e+00
7.799999999999878142e+00,7.007620418223703496e+01,3.092191242389137784e+00,3.092191242389137784e+00
7.809999999999877929e+00,7.013803601102256380e+01,3.090992279788439490e+00,3.090992279788439490e+00
7.819999999999877716e+00,7.019984391852342753e+01,3.089799120932462895e+00,3.089799120932462895e+00
7.829999999999877502e+00,7.026162802072704494e+01,3.088611757018076887e+00,3.088611757018076887e+00
7.839999999999877289e+00,7.032338843344474810e+01,3.087430179234257110e+00,3.087430179234257110e+00
7.849999999999877076e+00,7.038512527231165450e+01,3.086254378761960293e+00,3.086254378761960293e+00
7.859999999999876863e+00,7.044683865278632595e+01,3.085084346773940833e+00,3.085084346773940833e+00
7.869999999999876650e+00,7.050852869015068336e+01,3.083920074434599812e+00,3.083920074434599812e+00
7.879999999999876437e+00,7.057019549950989301e+01,3.082761552899904167e+00,3.082761552899904167e+00
7.889999999999876223e+00,7.063183919579211079e+01,3.081608773317228156e+00,3.081608773317228156e+00
7.899999999999876010e+00,7.069345989374841110e+01,3.080461726825169499e+00,3.080461726825169499e+00
7.909999999999875797e+00,7.075505770795250271e+01,3.079320404553454793e+00,3.079320404553454793e+00
7.919999999999875584e+00,7.081663275280058656e+01,3.078184797622792068e+00,3.078184797622792068e+00
7.929999999999875371e+00,7.087818514251127056e+01,3.077054897144739787e+00,3.077054897144739787e+00
7.939999999999875158e+00,7.093971499112514323e+01,3.075930694221575390e+00,3.075930694221575390e+00
7.949999999999874944e+00,7.100122241250494426e+01,3.074812179946170954e+00,3.074812179946170954e+00
7.959999999999874731e+00,7.106270752033495341e+01,3.073699345401899929e+00,3.073699345401899929e+00
7.969999999999874518e+00,7.112417042812120371e+01,3.072592181662471944e+00,3.072592181662471944e+00
7.979999999999874305e+00,7.118561124919092720e+01,3.071490679791815559e+00,3.071490679791815559e+00
7.989999999999874092e+00,7.124703009669276810e+01,3.070394830843988121e+00,3.070394830843988121e+00
7.999999999999873879e+00,7.130842708359614335e+01,3.069304625863039870e+00,3.069304625863039870e+00
8.009999999999873666e+00,7.136980232269132784e+01,3.068220055882900255e+00,3.068220055882900255e+00
8.019999999999873452e+00,7.143115592658915602e+01,3.067141111927286001e+00,3.067141111927286001e+00
8.029999999999873239e+00,7.149248800772083712e+01,3.066067785009569668e+00,3.066067785009569668e+00
8.039999999999873026e+00,7.155379867833775620e+01,3.065000066132689494e+00,3.065000066132689494e+00
8.049999999999872813e+00,7.161508805051121840e+01,3.063937946289028602e+00,3.063937946289028602e+00
8.059999999999872600e+00,7.167635623613227835e+01,3.062881416460319972e+00,3.062881416460319972e+00
8.069999999999872387e+00,7.173760334691154128e+01,3.061830467617551843e+00,3.061830467617551843e+00
8.079999999999872173e+00,7.179882949437890716e+01,3.060785090720861579e+00,3.060785090720861579e+00
8.089999999999871960e+00,7.186003478988335758e+01,3.059745276719437967e+00,3.059745276719437967e+00
8.099999999999871747e+00,7.192121934459268573e+01,3.058711016551421302e+00,3.058711016551421302e+00
8.109999999999871534e+00,7.198238326949349641e+01,3.057682301143829662e+00,3.057682301143829662e+00
8.119999999999871321e+00,7.204352667539068023e+01,3.056659121412463431e+00,3.056659121412463431e+00
8.129999999999871108e+00,7.210464967290731408e+01,3.055641468261813376e+00,3.055641468261813376e+00
8.139999999999870894e+00,7.216575237248461860e+01,3.054629332584965606e+00,3.054629332584965606e+00
8.149999999999870681e+00,7.222683488438133281e+01,3.053622705263517645e+00,3.053622705263517645e+00
8.159999999999870468e+00,7.228789731867387047e+01,3.052621577167506040e+00,3.052621577167506040e+00
8.169999999999870255e+00,7.234893978525592217e+01,3.051625939155314438e+00,3.051625939155314438e+00
8.179999999999870042e+00,7.240996239383810007e+01,3.050635782073628732e+00,3.050635782073628732e+00
8.189999999999869829e+00,7.247096525394793787e+01,3.049651096757313606e+00,3.049651096757313606e+00
8.199999999999869615e+00,7.253194847492956399e+01,3.048671874029353024e+00,3.048671874029353024e+00
8.209999999999869402e+00,7.259291216594340312e+01,3.047698104700805821e+00,3.047698104700805821e+00
8.219999999999869189e+00,7.265385643596590626e+01,3.046729779570691576e+00,3.046729779570691576e+00
8.229999999999868976e+00,7.271478139378949379e+01,3.045766889425946200e+00,3.045766889425946200e+00
8.239999999999868763e+00,7.277568714802217187e+01,3.044809425041366868e+00,3.044809425041366868e+00
8.249999999999868550e+00,7.283657380708727658e+01,3.043857377179516988e+00,3.043857377179516988e+00
8.259999999999868336e+00,7.289744147922336026e+01,3.042910736590668463e+00,3.042910736590668463e+00
8.269999999999868123e+00,7.295829027248372256e+01,3.041969494012775499e+00,3.041969494012775499e+00
8.279999999999867910e+00,7.301912029473642463e+01,3.041033640171377339e+00,3.041033640171377339e+00
8.289999999999867697e+00,7.307993165366380595e+01,3.040103165779533878e+00,3.040103165779533878e+00
8.299999999999867484e+00,7.314072445676244172e+01,3.039178061537799014e+00,3.039178061537799014e+00
8.309999999999867271e+00,7.320149881134270231e+01,3.038258318134158920e+00,3.038258318134158920e+00
8.319999999999867057e+00,7.326225482452863957e+01,3.037343926243976977e+00,3.037343926243976977e+00
8.329999999999866844e+00,7.332299260325765999e+01,3.036434876529927607e+00,3.036434876529927607e+00
8.339999999999866631e+00,7.338371225428031153e+01,3.035531159641972732e+00,3.035531159641972732e+00
8.349999999999866418e+00,7.344441388416001359e+01,3.034632766217299160e+00,3.034632766217299160e+00
8.359999999999866205e+00,7.350509759927274445e+01,3.033739686880287501e+00,3.033739686880287501e+00
8.369999999999865992e+00,7.356576350580695589e+01,3.032851912242447767e+00,3.032851912242447767e+00
8.379999999999865778e+00,7.362641170976307592e+01,3.031969432902388739e+00,3.031969432902388739e+00
8.389999999999865565e+00,7.368704231695342344e+01,3.031092239445796199e+00,3.031092239445796199e+00
8.399999999999865352e+00,7.374765543300192405e+01,3.030220322445351222e+00,3.030220322445351222e+00
8.409999999999865139e+00,7.380825116334379743e+01,3.029353672460721736e+00,3.029353672460721736e+00
8.419999999999864926e+00,7.386882961322530150e+01,3.028492280038524331e+00,3.028492280038524331e+00
8.429999999999864713e+00,7.392939088770353351e+01,3.027636135712300725e+00,3.027636135712300725e+00
8.439999999999864500e+00,7.398993509164616000e+01,3.026785230002482230e+00,3.026785230002482230e+00
8.449999999999864286e+00,7.405046232973099052e+01,3.025939553416352013e+00,3.025939553416352013e+00
8.459999999999864073e+00,7.411097270644597756e+01,3.025099096447986913e+00,3.025099096447986913e+00
8.469999999999863860e+00,7.417146632608879031e+01,3.024263849578288532e+00,3.024263849578288532e+00
8.479999999999863647e+00,7.423194329276653036e+01,3.023433803274936604e+00,3.023433803274936604e+00
8.489999999999863434e+00,7.429240371039556123e+01,3.022608947992340589e+00,3.022608947992340589e+00
8.499999999999863221e+00,7.435284768270125255e+01,3.021789274171658324e+00,3.021789274171658324e+00
8.509999999999863007e+00,7.441327531321752531e+01,3.020974772240746731e+00,3.020974772240746731e+00
8.519999999999862794e+00,7.447368670528685186e+01,3.020165432614141388e+00,3.020165432614141388e+00
8.529999999999862581e+00,7.453408196205975855e+01,3.019361245693063633e+00,3.019361245693063633e+00
8.539999999999862368e+00,7.459446118649476887e+01,3.018562201865385042e+00,3.018562201865385042e+00
8.549999999999862155e+00,7.465482448135790605e+01,3.017768291505620759e+00,3.017768291505620759e+00
8.559999999999861942e+00,7.471517194922267890e+01,3.016979504974910853e+00,3.016979504974910853e+00
8.569999999999861728e+00,7.477550369246958439e+01,3.016195832621025197e+00,3.016195832621025197e+00
8.579999999999861515e+00,7.483581981328593713e+01,3.015417264778333273e+00,3.015417264778333273e+00
8.589999999999861302e+00,7.489612041366567041e+01,3.014643791767806391e+00,3.014643791767806391e+00
8.599999999999861089e+00,7.495640559540896675e+01,3.013875403897023020e+00,3.013875403897023020e+00
8.609999999999860876e+00,7.501667546012203047e+01,3.013112091460140363e+00,3.013112091460140363e+00
8.619999999999860663e+00,7.507693010921677512e+01,3.012353844737893915e+00,3.012353844737893915e+00
8.629999999999860449e+00,7.513716964391066711e+01,3.011600653997613009e+00,3.011600653997613009e+00
8.639999999999860236e+00,7.519739416522628517e+01,3.010852509493217699e+00,3.010852509493217699e+00
8.649999999999860023e+00,7.525760377399126355e+01,3.010109401465206336e+00,3.010109401465206336e+00
8.659999999999859810e+00,7.531779857083780882e+01,3.009371320140674655e+00,3.009371320140674655e+00
8.669999999999859597e+00,7.537797865620258619e+01,3.008638255733309119e+00,3.008638255733309119e+00
8.679999999999859384e+00,7.543814413032637844e+01,3.007910198443364713e+00,3.007910198443364713e+00
8.689999999999859170e+00,7.549829509325388699e+01,3.007187138457717346e+00,3.007187138457717346e+00
8.699999999999858957e+00,7.555843164483329133e+01,3.006469065949866071e+00,3.006469065949866071e+00
8.709999999999858744e+00,7.561855388471633432e+01,3.005755971079929978e+00,3.005755971079929978e+00
8.719999999999858531e+00,7.567866191235749795e+01,3.005047843994649526e+00,3.005047843994649526e+00
8.729999999999858318e+00,7.573875582701440123e+01,3.004344674827409190e+00,3.004344674827409190e+00
8.739999999999858105e+00,7.579883572774693334e+01,3.003646453698260999e+00,3.003646453698260999e+00
8.749999999999857891e+00,7.585890171341742416e+01,3.002953170713908992e+00,3.002953170713908992e+00
8.759999999999857678e+00,7.591895388269009004e+01,3.002264815967771394e+00,3.002264815967771394e+00
8.769999999999857465e+00,7.597899233403094854e+01,3.001581379539974392e+00,3.001581379539974392e+00
8.779999999999857252e+00,7.603901716570744895e+01,3.000902851497345036e+00,3.000902851497345036e+00
8.789999999999857039e+00,7.609902847578825913e+01,3.000229221893474740e+00,3.000229221893474740e+00
8.799999999999856826e+00,7.615902636214296706e+01,2.999560480768719284e+00,2.999560480768719284e+00
8.809999999999856612e+00,7.621901092244186771e+01,2.998896618150211690e+00,2.998896618150211690e+00
8.819999999999856399e+00,7.627898225415562194e+01,2.998237624051910633e+00,2.998237624051910633e+00
8.829999999999856186e+00,7.633894045455507182e+01,2.997583488474630187e+00,2.997583488474630187e+00
8.839999999999855973e+00,7.639888562071095635e+01,2.996934201406048270e+00,2.996934201406048270e+00
8.849999999999855760e+00,7.645881784949355620e+01,2.996289752820712415e+00,2.996289752820712415e+00
8.859999999999855547e+00,7.651873723757256585e+01,2.995650132680102828e+00,2.995650132680102828e+00
8.869999999999855333e+00,7.657864388141676670e+01,2.995015330932670139e+00,2.995015330932670139e+00
8.879999999999855120e+00,7.663853787729381395e+01,2.994385337513850054e+00,2.994385337513850054e+00
8.889999999999854907e+00,7.669841932126993811e+01,2.993760142346082898e+00,2.993760142346082898e+00
8.899999999999854694e+00,7.675828830920956136e+01,2.993139735338874452e+00,2.993139735338874452e+00
8.909999999999854481e+00,7.681814493677534017e+01,2.992524106388816385e+00,2.992524106388816385e+00
8.919999999999854268e+00,7.687798929942761106e+01,2.991913245379631103e+00,2.991913245379631103e+00
8.929999999999854055e+00,7.693782149242433377e+01,2.991307142182208612e+00,2.991307142182208612e+00
8.939999999999853841e+00,7.699764161082060809e+01,2.990705786654633602e+00,2.990705786654633602e+00
8.949999999999853628e+00,7.705744974946884440e+01,2.990109168642236526e+00,2.990109168642236526e+00
8.959999999999853415e+00,7.711724600301792520e+01,2.989517277977648213e+00,2.989517277977648213e+00
8.969999999999853202e+00,7.717703046591346094e+01,2.988930104480810535e+00,2.988930104480810535e+00
8.979999999999852989e+00,7.723680323239727841e+01,2.988347637959031022e+00,2.988347637959031022e+00
8.989999999999852776e+00,7.729656439650715072e+01,2.987769868207041046e+00,2.987769868207041046e+00
8.999999999999852562e+00,7.735631405207671207e+01,2.987196785007057542e+00,2.987196785007057542e+00
9.009999999999852349e+00,7.741605229273507405e+01,2.986628378128773242e+00,2.986628378128773242e+00
9.019999999999852136e+00,7.747577921190664085e+01,2.986064637329440163e+00,2.986064637329440163e+00
9.029999999999851923e+00,7.753549490281078249e+01,2.985505552353934000e+00,2.985505552353934000e+00
9.039999999999851710e+00,7.759519945846165001e+01,2.984951112934786543e+00,2.984951112934786543e+00
9.049999999999851497e+00,7.765489297166806182e+01,2.984401308792242080e+00,2.984401308792242080e+00
9.059999999999851283e+00,7.771457553503287841e+01,2.983856129634298249e+00,2.983856129634298249e+00
9.069999999999851070e+00,7.777424724095314446e+01,2.983315565156754001e+00,2.983315565156754001e+00
9.079999999999850857e+00,7.783390818161969094e+01,2.982779605043286431e+00,2.982779605043286431e+00
9.089999999999850644e+00,7.789355844901687931e+01,2.982248238965528486e+00,2.982248238965528486e+00
9.099999999999850431e+00,7.795319813492235994e+01,2.981721456583079632e+00,2.981721456583079632e+00
9.109999999999850218e+00,7.801282733090688737e+01,2.981199247543561803e+00,2.981199247543561803e+00
9.119999999999850004e+00,7.807244612833409292e+01,2.980681601482704224e+00,2.980681601482704224e+00
9.129999999999849791e+00,7.813205461836002996e+01,2.980168508024419793e+00,2.980168508024419793e+00
9.139999999999849578e+00,7.819165289193328761e+01,2.979659956780824182e+00,2.979659956780824182e+00
9.149999999999849365e+00,7.825124103979455015e+01,2.979155937352305106e+00,2.979155937352305106e+00
9.159999999999849152e+00,7.831081915247631287e+01,2.978656439327628025e+00,2.978656439327628025e+00
9.169999999999848939e+00,7.837038732030276833e+01,2.978161452283947241e+00,2.978161452283947241e+00
9.179999999999848725e+00,7.842994563338952219e+01,2.977670965786874735e+00,2.977670965786874735e+00
9.189999999999848512e+00,7.848949418164346525e+01,2.977184969390606728e+00,2.977184969390606728e+00
9.199999999999848299e+00,7.854903305476233299e+01,2.976703452637923242e+00,2.976703452637923242e+00
9.209999999999848086e+00,7.860856234223466288e+01,2.976226405060283575e+00,2.976226405060283575e+00
9.219999999999847873e+00,7.866808213333945332e+01,2.975753816177899580e+00,2.975753816177899580e+00
9.229999999999847660e+00,7.872759251714609263e+01,2.975285675499768079e+00,2.975285675499768079e+00
9.239999999999847446e+00,7.878709358251397532e+01,2.974821972523809421e+00,2.974821972523809421e+00
9.249999999999847233e+00,7.884658541809234578e+01,2.974362696736887912e+00,2.974362696736887912e+00
9.259999999999847020e+00,7.890606811232005668e+01,2.973907837614898408e+00,2.973907837614898408e+00
9.269999999999846807e+00,7.896554175342537008e+01,2.973457384622856914e+00,2.973457384622856914e+00
9.279999999999846594e+00,7.902500642942578679e+01,2.973011327214912125e+00,2.973011327214912125e+00
9.289999999999846381e+00,7.908446222812771964e+01,2.972569654834500863e+00,2.972569654834500863e+00
9.299999999999846167e+00,7.914390923712639392e+01,2.972132356914400031e+00,2.972132356914400031e+00
9.309999999999845954e+00,7.920334754380557740e+01,2.971699422876780350e+00,2.971699422876780350e+00
9.319999999999845741e+00,7.926277723533726771e+01,2.971270842133288959e+00,2.971270842133288959e+00
9.329999999999845528e+00,7.932219839868180600e+01,2.970846604085147113e+00,2.970846604085147113e+00
9.339999999999845315e+00,7.938161112058725166e+01,2.970426698123227460e+00,2.970426698123227460e+00
9.349999999999845102e+00,7.944101548758942499e+01,2.970011113628109989e+00,2.970011113628109989e+00
9.359999999999844889e+00,7.950041158601170821e+01,2.969599839970190835e+00,2.969599839970190835e+00
9.369999999999844675e+00,7.955979950196478967e+01,2.969192866509759998e+00,2.969192866509759998e+00
9.379999999999844462e+00,7.961917932134639386e+01,2.968790182597078164e+00,2.968790182597078164e+00
9.389999999999844249e+00,7.967855112984119614e+01,2.968391777572449541e+00,2.968391777572449541e+00
9.399999999999844036e+00,7.973791501292049588e+01,2.967997640766315559e+00,2.967997640766315559e+00
9.409999999999843823e+00,7.979727105584228752e+01,2.967607761499359675e+00,2.967607761499359675e+00
9.419999999999843610e+00,7.985661934365072057e+01,2.967222129082589532e+00,2.967222129082589532e+00
9.429999999999843396e+00,7.991595996117609957e+01,2.966840732817388915e+00,2.966840732817388915e+00
9.439999999999843183e+00,7.997529299303468520e+01,2.966463561995632769e+00,2.966463561995632769e+00
9.449999999999842970e+00,8.003461852362846685e+01,2.966090605899788013e+00,2.966090605899788013e+00
9.459999999999842757e+00,8.009393663714494949e+01,2.965721853802977925e+00,2.965721853802977925e+00
9.469999999999842544e+00,8.015324741755712523e+01,2.965357294969079849e+00,2.965357294969079849e+00
9.479999999999842331e+00,8.021255094862300439e+01,2.964996918652822000e+00,2.964996918652822000e+00
9.489999999999842117e+00,8.027184731388568650e+01,2.964640714099875396e+00,2.964640714099875396e+00
9.499999999999841904e+00,8.033113659667320405e+01,2.964288670546944893e+00,2.964288670546944893e+00
9.509999999999841691e+00,8.039041888009799663e+01,2.963940777221854450e+00,2.963940777221854450e+00
9.519999999999841478e+00,8.044969424705715255e+01,2.963597023343651049e+00,2.963597023343651049e+00
9.529999999999841265e+00,8.050896278023196828e+01,2.963257398122696173e+00,2.963257398122696173e+00
9.539999999999841052e+00,8.056822456208792005e+01,2.962921890760755073e+00,2.962921890760755073e+00
9.549999999999840838e+00,8.062747967487435119e+01,2.962590490451115777e+00,2.962590490451115777e+00
9.559999999999840625e+00,8.068672820062447215e+01,2.962263186378647273e+00,2.962263186378647273e+00
9.569999999999840412e+00,8.074597022115506206e+01,2.961939967719934064e+00,2.961939967719934064e+00
9.579999999999840199e+00,8.080520581806631242e+01,2.961620823643360545e+00,2.961620823643360545e+00
9.589999999999839986e+00,8.086443507274177023e+01,2.961305743309209149e+00,2.961305743309209149e+00
9.599999999999839773e+00,8.092365806634809644e+01,2.960994715869752714e+00,2.960994715869752714e+00
9.609999999999839559e+00,8.098287487983486699e+01,2.960687730469361512e+00,2.960687730469361512e+00
9.619999999999839346e+00,8.104208559393447331e+01,2.960384776244615601e+00,2.960384776244615601e+00
9.629999999999839133e+00,8.110129028916200866e+01,2.960085842324383432e+00,2.960085842324383432e+00
9.639999999999838920e+00,8.116048904581504075e+01,2.959790917829950185e+00,2.959790917829950185e+00
9.649999999999838707e+00,8.121968194397349805e+01,2.959499991875095937e+00,2.959499991875095937e+00
9.659999999999838494e+00,8.127886906349944240e+01,2.959213053566210228e+00,2.959213053566210228e+00
9.669999999999838280e+00,8.133805048403709748e+01,2.958930092002401757e+00,2.958930092002401757e+00
9.679999999999838067e+00,8.139722628501245083e+01,2.958651096275592085e+00,2.958651096275592085e+00
9.689999999999837854e+00,8.145639654563342447e+01,2.958376055470624433e+00,2.958376055470624433e+00
9.699999999999837641e+00,8.151556134488947691e+01,2.958104958665386253e+00,2.958104958665386253e+00
9.709999999999837428e+00,8.157472076155154639e+01,2.957837794930902486e+00,2.957837794930902486e+00
9.719999999999837215e+00,8.163387487417199395e+01,2.957574553331435929e+00,2.957574553331435929e+00
9.729999999999837001e+00,8.169302376108421981e+01,2.957315222924580489e+00,2.957315222924580489e+00
9.739999999999836788e+00,8.175216750040290492e+01,2.957059792761402850e+00,2.957059792761402850e+00
9.749999999999836575e+00,8.181130617002358463e+01,2.956808251886550831e+00,2.956808251886550831e+00
9.759999999999836362e+00,8.187043984762271975e+01,2.956560589338337319e+00,2.956560589338337319e+00
9.769999999999836149e+00,8.192956861065731289e+01,2.956316794148863281e+00,2.956316794148863281e+00
9.779999999999835936e+00,8.198869253636509313e+01,2.956076855344140331e+00,2.956076855344140331e+00
9.789999999999835723e+00,8.204781170176414662e+01,2.955840761944171557e+00,2.955840761944171557e+00
9.799999999999835509e+00,8.210692618365297335e+01,2.955608502963096296e+00,2.955608502963096296e+00
9.809999999999835296e+00,8.216603605861025983e+01,2.955380067409287381e+00,2.955380067409287381e+00
9.819999999999835083e+00,8.222514140299483643e+01,2.955155444285459065e+00,2.955155444285459065e+00
9.829999999999834870e+00,8.228424229294547843e+01,2.954934622588790472e+00,2.954934622588790472e+00
9.839999999999834657e+00,8.234333880438084918e+01,2.954717591311020186e+00,2.954717591311020186e+00
9.849999999999834444e+00,8.240243101299942907e+01,2.954504339438590144e+00,2.954504339438590144e+00
9.859999999999834230e+00,8.246151899427941601e+01,2.954294855952730003e+00,2.954294855952730003e+00
9.869999999999834017e+00,8.252060282347845543e+01,2.954089129829595706e+00,2.954089129829595706e+00
9.879999999999833804e+00,8.257968257563372561e+01,2.953887150040387155e+00,2.953887150040387155e+00
9.889999999999833591e+00,8.263875832556185230e+01,2.953688905551439703e+00,2.953688905551439703e+00
9.899999999999833378e+00,8.269783014785863884e+01,2.953494385324351601e+00,2.953494385324351601e+00
9.909999999999833165e+00,8.275689811689909448e+01,2.953303578316111455e+00,2.953303578316111455e+00
9.919999999999832951e+00,8.281596230683737758e+01,2.953116473479217241e+00,2.953116473479217241e+00
9.929999999999832738e+00,8.287502279160651142e+01,2.952933059761770451e+00,2.952933059761770451e+00
9.939999999999832525e+00,8.293407964491866835e+01,2.952753326107613319e+00,2.952753326107613319e+00
9.949999999999832312e+00,8.299313294026460142e+01,2.952577261456446944e+00,2.952577261456446944e+00
9.959999999999832099e+00,8.305218275091402802e+01,2.952404854743948981e+00,2.952404854743948981e+00
9.969999999999831886e+00,8.311122914991520361e+01,2.952236094901884211e+00,2.952236094901884211e+00
9.979999999999831672e+00,8.317027221009497850e+01,2.952070970858243992e+00,2.952070970858243992e+00
9.989999999999831459e+00,8.322931200405881214e+01,2.951909471537357277e+00,2.951909471537357277e+00
9.999999999999831246e+00,8.328834860419055985e+01,2.951751585859997196e+00,2.951751585859997196e+00
1.000999999999983103e+01,8.334738208265252979e+01,2.951597302743520057e+00,2.951597302743520057e+00
1.001999999999983082e+01,8.340641251138509915e+01,2.951446611101979922e+00,2.951446611101979922e+00
1.002999999999983061e+01,8.346543996210725425e+01,2.951299499846255170e+00,2.951299499846255170e+00
1.003999999999983039e+01,8.352446450631589414e+01,2.951155957884174619e+00,2.951155957884174619e+00
1.004999999999983018e+01,8.358348621528617173e+01,2.951015974120630325e+00,2.951015974120630325e+00
1.005999999999982997e+01,8.364250516007125213e+01,2.950879537457700152e+00,2.950879537457700152e+00
1.006999999999982975e+01,8.370152141150227010e+01,2.950746636794785438e+00,2.950746636794785438e+00
1.007999999999982954e+01,8.376053504018847207e+01,2.950617261028714911e+00,2.950617261028714911e+00
1.008999999999982933e+01,8.381954611651690357e+01,2.950491399053882802e+00,2.950491399053882802e+00
1.009999999999982911e+01,8.387855471065246604e+01,2.950369039762374967e+00,2.950369039762374967e+00
1.010999999999982890e+01,8.393756089253793107e+01,2.950250172044093233e+00,2.950250172044093233e+00
1.011999999999982869e+01,8.399656473189382666e+01,2.950134784786864195e+00,2.950134784786864195e+00
1.012999999999982847e+01,8.405556629821839465e+01,2.950022866876574223e+00,2.950022866876574223e+00
1.013999999999982826e+01,8.411456566078757646e+01,2.949914407197314237e+00,2.949914407197314237e+00
1.014999999999982805e+01,8.417356288865505576e+01,2.949809394631494719e+00,2.949809394631494719e+00
1.015999999999982784e+01,8.423255805065197421e+01,2.949707818059946973e+00,2.949707818059946973e+00
1.016999999999982762e+01,8.429155121538730100e+01,2.949609666362082550e+00,2.949609666362082550e+00
1.017999999999982741e+01,8.435054245124742067e+01,2.949514928415994053e+00,2.949514928415994053e+00
1.018999999999982720e+01,8.440953182639624686e+01,2.949423593098619012e+00,2.949423593098619012e+00
1.019999999999982698e+01,8.446851940877539278e+01,2.949335649285843797e+00,2.949335649285843797e+00
1.020999999999982677e+01,8.452750526610381598e+01,2.949251085852614640e+00,2.949251085852614640e+00
1.021999999999982656e+01,8.458648946587798889e+01,2.949169891673095734e+00,2.949169891673095734e+00
1.022999999999982634e+01,8.464547207537192719e+01,2.949092055620794905e+00,2.949092055620794905e+00
1.023999999999982613e+01,8.470445316163699090e+01,2.949017566568657767e+00,2.949017566568657767e+00
1.024999999999982592e+01,8.476343279150219701e+01,2.948946413389235577e+00,2.948946413389235577e+00
1.025999999999982570e+01,8.482241103157377893e+01,2.948878584954814031e+00,2.948878584954814031e+00
1.026999999999982549e+01,8.488138794823552757e+01,2.948814070137509624e+00,2.948814070137509624e+00
1.027999999999982528e+01,8.494036360764866345e+01,2.948752857809435746e+00,2.948752857809435746e+00
1.028999999999982506e+01,8.499933807575190770e+01,2.948694936842815473e+00,2.948694936842815473e+00
1.029999999999982485e+01,8.505831141826129738e+01,2.948640296110103698e+00,2.948640296110103698e+00
1.030999999999982464e+01,8.511728370067042704e+01,2.948588924484123908e+00,2.948588924484123908e+00
1.031999999999982442e+01,8.517625498825030661e+01,2.948540810838198745e+00,2.948540810838198745e+00
1.032999999999982421e+01,8.523522534604943246e+01,2.948495944046296557e+00,2.948495944046296557e+00
1.033999999999982400e+01,8.529419483889375897e+01,2.948454312983146419e+00,2.948454312983146419e+00
1.034999999999982379e+01,8.535316353138681222e+01,2.948415906524358476e+00,2.948415906524358476e+00
1.035999999999982357e+01,8.541213148790951948e+01,2.948380713546578491e+00,2.948380713546578491e+00
1.036999999999982336e+01,8.547109877262047917e+01,2.948348722927592203e+00,2.948348722927592203e+00
1.037999999999982315e+01,8.553006544945574774e+01,2.948319923546494969e+00,2.948319923546494969e+00
1.038999999999982293e+01,8.558903158212908124e+01,2.948294304283805456e+00,2.948294304283805456e+00
1.039999999999982272e+01,8.564799723413175059e+01,2.948271854021569549e+00,2.948271854021569549e+00
1.040999999999982251e+01,8.570696246465628576e+01,2.948252173214614746e+00,2.948252173214614746e+00
1.041999999999982229e+01,8.576592733369164989e+01,2.948235702570725980e+00,2.948235702570725980e+00
1.042999999999982208e+01,8.582489190532785983e+01,2.948222430738327571e+00,2.948222430738327571e+00
1.043999999999982187e+01,8.588385624342762981e+01,2.948212346368344505e+00,2.948212346368344505e+00
1.044999999999982165e+01,8.594282041162696828e+01,2.948205438114309906e+00,2.948205438114309906e+00
1.045999999999982144e+01,8.600178447333490794e+01,2.948201694632518688e+00,2.948201694632518688e+00
1.046999999999982123e+01,8.606074849173353414e+01,2.948201104582167442e+00,2.948201104582167442e+00
1.047999999999982101e+01,8.611971252977834013e+01,2.948203656625446367e+00,2.948203656625446367e+00
1.048999999999982080e+01,8.617867665019790024e+01,2.948209339427692921e+00,2.948209339427692921e+00
1.049999999999982059e+01,8.623764091549422517e+01,2.948218141657538371e+00,2.948218141657538371e+00
1.050999999999982037e+01,8.629660538794267666e+01,2.948230051987010825e+00,2.948230051987010825e+00
1.051999999999982016e+01,8.635557012959218071e+01,2.948245059091690212e+00,2.948245059091690212e+00
1.052999999999981995e+01,8.641453520226518492e+01,2.948263151650825975e+00,2.948263151650825975e+00
1.053999999999981974e+01,8.647350066755763009e+01,2.948284318347471178e+00,2.948284318347471178e+00
1.054999999999981952e+01,8.653246658683933390e+01,2.948308547868614404e+00,2.948308547868614404e+00
1.055999999999981931e+01,8.659143302125376351e+01,2.948335828905324085e+00,2.948335828905324085e+00
1.056999999999981910e+01,8.665040003171834826e+01,2.948366150152838649e+00,2.948366150152838649e+00
1.057999999999981888e+01,8.670936767892439434e+01,2.948399500310730392e+00,2.948399500310730392e+00
1.058999999999981867e+01,8.676833602333719853e+01,2.948435868083046696e+00,2.948435868083046696e+00
1.059999999999981846e+01,8.682730512519637500e+01,2.948475242178429490e+00,2.948475242178429490e+00
1.060999999999981824e+01,8.688627504451552852e+01,2.948517611310244479e+00,2.948517611310244479e+00
1.061999999999981803e+01,8.694524584108273757e+01,2.948562964196712155e+00,2.948562964196712155e+00
1.062999999999981782e+01,8.700421757446041227e+01,2.948611289561042792e+00,2.948611289561042792e+00
1.063999999999981760e+01,8.706319030398547909e+01,2.948662576131571456e+00,2.948662576131571456e+00
1.064999999999981739e+01,8.712216408876953722e+01,2.948716812641888119e+00,2.948716812641888119e+00
1.065999999999981718e+01,8.718113898769884429e+01,2.948773987830967336e+00,2.948773987830967336e+00
1.066999999999981696e+01,8.724011505943457223e+01,2.948834090443296585e+00,2.948834090443296585e+00
1.067999999999981675e+01,8.729909236241275039e+01,2.948897109229027258e+00,2.948897109229027258e+00
1.068999999999981654e+01,8.735807095484452134e+01,2.948963032944085239e+00,2.948963032944085239e+00
1.069999999999981632e+01,8.741705089471614087e+01,2.949031850350304573e+00,2.949031850350304573e+00
1.070999999999981611e+01,8.747603223978926223e+01,2.949103550215572245e+00,2.949103550215572245e+00
1.071999999999981590e+01,8.753501504760087926e+01,2.949178121313963175e+00,2.949178121313963175e+00
1.072999999999981569e+01,8.759399937546363901e+01,2.949255552425851690e+00,2.949255552425851690e+00
1.073999999999981547e+01,8.765298528046564286e+01,2.949335832338053187e+00,2.949335832338053187e+00
1.074999999999981526e+01,8.771197281947091540e+01,2.949418949843962245e+00,2.949418949843962245e+00
1.075999999999981505e+01,8.777096204911957500e+01,2.949504893743684963e+00,2.949504893743684963e+00
1.076999999999981483e+01,8.782995302582752117e+01,2.949593652844172187e+00,2.949593652844172187e+00
1.077999999999981462e+01,8.788894580578703142e+01,2.949685215959335860e+00,2.949685215959335860e+00
1.078999999999981441e+01,8.794794044496673280e+01,2.949779571910188469e+00,2.949779571910188469e+00
1.079999999999981419e+01,8.800693699911165879e+01,2.949876709524988261e+00,2.949876709524988261e+00
1.080999999999981398e+01,8.806593552374353351e+01,2.949976617639352927e+00,2.949976617639352927e+00
1.081999999999981377e+01,8.812493607416089958e+01,2.950079285096401716e+00,2.950079285096401716e+00
1.082999999999981355e+01,8.818393870543916080e+01,2.950184700746875333e+00,2.950184700746875333e+00
1.083999999999981334e+01,8.824294347243083791e+01,2.950292853449283381e+00,2.950292853449283381e+00
1.084999999999981313e+01,8.830195042976579600e+01,2.950403732070045137e+00,2.950403732070045137e+00
1.085999999999981291e+01,8.836095963185111657e+01,2.950517325483596132e+00,2.950517325483596132e+00
1.086999999999981270e+01,8.841997113287163756e+01,2.950633622572495174e+00,2.950633622572495174e+00
1.087999999999981249e+01,8.847898498678983970e+01,2.950752612227619309e+00,2.950752612227619309e+00
1.088999999999981227e+01,8.853800124734603116e+01,2.950874283348259297e+00,2.950874283348259297e+00
1.089999999999981206e+01,8.859701996805875979e+01,2.950998624842244400e+00,2.950998624842244400e+00
1.090999999999981185e+01,8.865604120222475615e+01,2.951125625626099591e+00,2.951125625626099591e+00
1.091999999999981164e+01,8.871506500291901887e+01,2.951255274625153913e+00,2.951255274625153913e+00
1.092999999999981142e+01,8.877409142299538303e+01,2.951387560773659491e+00,2.951387560773659491e+00
1.093999999999981121e+01,8.883312051508630702e+01,2.951522473014954961e+00,2.951522473014954961e+00
1.094999999999981100e+01,8.889215233160317098e+01,2.951660000301592035e+00,2.951660000301592035e+00
1.095999999999981078e+01,8.895118692473658939e+01,2.951800131595439858e+00,2.951800131595439858e+00
1.096999999999981057e+01,8.901022434645653902e+01,2.951942855867815130e+00,2.951942855867815130e+00
1.097999999999981036e+01,8.906926464851245839e+01,2.952088162099638424e+00,2.952088162099638424e+00
1.098999999999981014e+01,8.912830788243347513e+01,2.952236039281566971e+00,2.952236039281566971e+00
1.099999999999980993e+01,8.918735409952863336e+01,2.952386476414083027e+00,2.952386476414083027e+00
1.100999999999980972e+01,8.924640335088719212e+01,2.952539462507666634e+00,2.952539462507666634e+00
1.101999999999980950e+01,8.930545568737851170e+01,2.952694986582887537e+00,2.952694986582887537e+00
1.102999999999980929e+01,8.936451115965263625e+01,2.952853037670558844e+00,2.952853037670558844e+00
1.103999999999980908e+01,8.942356981814035066e+01,2.953013604811874693e+00,2.953013604811874693e+00
1.104999999999980886e+01,8.948263171305326580e+01,2.953176677058495514e+00,2.953176677058495514e+00
1.105999999999980865e+01,8.954169689438408852e+01,2.953342243472713236e+00,2.953342243472713236e+00
1.106999999999980844e+01,8.960076541190704802e+01,2.953510293127591613e+00,2.953510293127591613e+00
1.107999999999980822e+01,8.965983731517779631e+01,2.953680815107042612e+00,2.953680815107042612e+00
1.108999999999980801e+01,8.971891265353386302e+01,2.953853798505991612e+00,2.953853798505991612e+00
1.109999999999980780e+01,8.977799147609469799e+01,2.954029232430510188e+00,2.954029232430510188e+00
1.110999999999980759e+01,8.983707383176204075e+01,2.954207105997915139e+00,2.954207105997915139e+00
1.111999999999980737e+01,8.989615976922010532e+01,2.954387408336919929e+00,2.954387408336919929e+00
1.112999999999980716e+01,8.995524933693577907e+01,2.954570128587748812e+00,2.954570128587748812e+00
1.113999999999980695e+01,9.001434258315880754e+01,2.954755255902248745e+00,2.954755255902248745e+00
1.114999999999980673e+01,9.007343955592222073e+01,2.954942779444051926e+00,2.954942779444051926e+00
1.115999999999980652e+01,9.013254030304231890e+01,2.955132688388672602e+00,2.955132688388672602e+00
1.116999999999980631e+01,9.019164487211902781e+01,2.955324971923639410e+00,2.955324971923639410e+00
1.117999999999980609e+01,9.025075331053626826e+01,2.955519619248637486e+00,2.955519619248637486e+00
1.118999999999980588e+01,9.030986566546197025e+01,2.955716619575608384e+00,2.955716619575608384e+00
1.119999999999980567e+01,9.036898198384842829e+01,2.955915962128866425e+00,2.955915962128866425e+00
1.120999999999980545e+01,9.042810235368411043e+01,2.956121776486247743e+00,2.956121776486247743e+00
1.121999999999980524e+01,9.048722686351733557e+01,2.956329958613166387e+00,2.956329958613166387e+00
1.122999999999980503e+01,9.054635556059396606e+01,2.956540497555322222e+00,2.956540497555322222e+00
1.123999999999980481e+01,9.060548849194094601e+01,2.956753382371660965e+00,2.956753382371660965e+00
1.124999999999980460e+01,9.066462570436648605e+01,2.956968602134512736e+00,2.956968602134512736e+00
1.125999999999980439e+01,9.072376724446044705e+01,2.957186145929682208e+00,2.957186145929682208e+00
1.126999999999980417e+01,9.078291315859443955e+01,2.957406002856582283e+00,2.957406002856582283e+00
1.127999999999980396e+01,9.084206349292234961e+01,2.957628162028362873e+00,2.957628162028362873e+00
1.128999999999980375e+01,9.090121829338035297e+01,2.957852612572030360e+00,2.957852612572030360e+00
1.129999999999980353e+01,9.096037760568721353e+01,2.958079343628551960e+00,2.958079343628551960e+00
1.130999999999980332e+01,9.101954147534488015e+01,2.958308344353004049e+00,2.958308344353004049e+00
1.131999999999980311e+01,9.107870994763834460e+01,2.958539603914679628e+00,2.958539603914679628e+00
1.132999999999980290e+01,9.113788306763630942e+01,2.958773111497211339e+00,2.958773111497211339e+00
1.133999999999980268e+01,9.119706088019113110e+01,2.959008856298691370e+00,2.959008856298691370e+00
1.134999999999980247e+01,9.125624342993934590e+01,2.959246827531770929e+00,2.959246827531770929e+00
1.135999999999980226e+01,9.131543076130191139e+01,2.959487014423822782e+00,2.959487014423822782e+00
1.136999999999980204e+01,9.137462291848436280e+01,2.959729406217036285e+00,2.959729406217036285e+00
1.137999999999980183e+01,9.143381994547740987e+01,2.959973992168523971e+00,2.959973992168523971e+00
1.138999999999980162e+01,9.149302188605688002e+01,2.960220761550463653e+00,2.960220761550463653e+00
1.139999999999980140e+01,9.155222878378434359e+01,2.960469703650196127e+00,2.960469703650196127e+00
1.140999999999980119e+01,9.161144068200714230e+01,2.960720807770353069e+00,2.960720807770353069e+00
1.141999999999980098e+01,9.167065762385887240e+01,2.960974063228971609e+00,2.960974063228971609e+00
1.142999999999980076e+01,9.172987965225969731e+01,2.961229459359626226e+00,2.961229459359626226e+00
1.143999999999980055e+01,9.178910680991648974e+01,2.961486985511531334e+00,2.961486985511531334e+00
1.144999999999980034e+01,9.184833913932348537e+01,2.961746631049653633e+00,2.961746631049653633e+00
1.145999999999980012e+01,9.190757668276206971e+01,2.962008385354828910e+00,2.962008385354828910e+00
1.146999999999979991e+01,9.196681948230160231e+01,2.962272237823887266e+00,2.962272237823887266e+00
1.147999999999979970e+01,9.202606757979948782e+01,2.962538177869764588e+00,2.962538177869764588e+00
1.148999999999979948e+01,9.208532101690165916e+01,2.962806194921607350e+00,2.962806194921607350e+00
1.149999999999979927e+01,9.214457983504254912e+01,2.963076278424898291e+00,2.963076278424898291e+00
1.150999999999979906e+01,9.220384407544595717e+01,2.963348417841564775e+00,2.963348417841564775e+00
1.151999999999979885e+01,9.226311377912477951e+01,2.963622602650091142e+00,2.963622602650091142e+00
1.152999999999979863e+01,9.232238898688191853e+01,2.963898822345642170e+00,2.963898822345642170e+00
1.153999999999979842e+01,9.238166973931026860e+01,2.964177066440167874e+00,2.964177066440167874e+00
1.154999999999979821e+01,9.244095607679297188e+01,2.964457324462510979e+00,2.964457324462510979e+00
1.155999999999979799e+01,9.250024803950414309e+01,2.964739585958511281e+00,2.964739585958511281e+00
1.156999999999979778e+01,9.255954566740882683e+01,2.965023840491140650e+00,2.965023840491140650e+00
1.157999999999979757e+01,9.261884900026363709e+01,2.965310077640591402e+00,2.965310077640591402e+00
1.158999999999979735e+01,9.267815807761678570e+01,2.965598287004398426e+00,2.965598287004398426e+00
1.159999999999979714e+01,9.273747293880876441e+01,2.965888458197543986e+00,2.965888458197543986e+00
1.160999999999979693e+01,9.279679362297243017e+01,2.966180580852575854e+00,2.966180580852575854e+00
1.161999999999979671e+01,9.285612016903358779e+01,2.966474644619714773e+00,2.966474644619714773e+00
1.162999999999979650e+01,9.291545261571113201e+01,2.966770639166947277e+00,2.966770639166947277e+00
1.163999999999979629e+01,9.297479100151741704e+01,2.967068554180146034e+00,2.967068554180146034e+00
1.164999999999979607e+01,9.303413536475895285e+01,2.967368379363156894e+00,2.967368379363156894e+00
1.165999999999979586e+01,9.309348574353622041e+01,2.967670104437932999e+00,2.967670104437932999e+00
1.166999999999979565e+01,9.315284217574448178e+01,2.967973719144651579e+00,2.967973719144651579e+00
1.167999999999979543e+01,9.321220469907399320e+01,2.968279213241763248e+00,2.968279213241763248e+00
1.168999999999979522e+01,9.327157335101030355e+01,2.968586576506166974e+00,2.968586576506166974e+00
1.169999999999979501e+01,9.333094816883462386e+01,2.968895798733269142e+00,2.968895798733269142e+00
1.170999999999979480e+01,9.339032918962446672e+01,2.969206869737085253e+00,2.969206869737085253e+00
1.171999999999979458e+01,9.344971645025354690e+01,2.969519779350367372e+00,2.969519779350367372e+00
1.172999999999979437e+01,9.350910998739261970e+01,2.969834517424694287e+00,2.969834517424694287e+00
1.173999999999979416e+01,9.356850983750953787e+01,2.970151073830594957e+00,2.970151073830594957e+00
1.174999999999979394e+01,9.362791603686993369e+01,2.970469438457604028e+00,2.970469438457604028e+00
1.175999999999979373e+01,9.368732862153721896e+01,2.970789601214414599e+00,2.970789601214414599e+00
1.176999999999979352e+01,9.374674762737323874e+01,2.971111552028955494e+00,2.971111552028955494e+00
1.177999999999979330e+01,9.380617309003856974e+01,2.971435280848489402e+00,2.971435280848489402e+00
1.178999999999979309e+01,9.386560504499310298e+01,2.971760777639716355e+00,2.971760777639716355e+00
1.179999999999979288e+01,9.392504352749591590e+01,2.972088032388879419e+00,2.972088032388879419e+00
1.180999999999979266e+01,9.398448857260636657e+01,2.972417035101840188e+00,2.972417035101840188e+00
1.181999999999979245e+01,9.404394021518386637e+01,2.972747775804214232e+00,2.972747775804214232e+00
1.182999999999979224e+01,9.410339848988867573e+01,2.973080244541433714e+00,2.973080244541433714e+00
1.183999999999979202e+01,9.416286343118211732e+01,2.973414431378857525e+00,2.973414431378857525e+00
1.184999999999979181e+01,9.422233507332701663e+01,2.973750326401899624e+00,2.973750326401899624e+00
1.185999999999979160e+01,9.428181345038808558e+01,2.974087919716077444e+00,2.974087919716077444e+00
1.186999999999979138e+01,9.434129859623244840e+01,2.974427201447116254e+00,2.974427201447116254e+00
1.187999999999979117e+01,9.440079054452981211e+01,2.974768161741052186e+00,2.974768161741052186e+00
1.188999999999979096e+01,9.446028932875307760e+01,2.975110790764345925e+00,2.975110790764345925e+00
1.189999999999979075e+01,9.451979498217862385e+01,2.975455078703954648e+00,2.975455078703954648e+00
1.190999999999979053e+01,9.457930753788696165e+01,2.975801015767418622e+00,2.975801015767418622e+00
1.191999999999979032e+01,9.463882702876280462e+01,2.976148592182973562e+00,2.976148592182973562e+00
1.192999999999979011e+01,9.469835348749549553e+01,2.976497798199618128e+00,2.976497798199618128e+00
1.193999999999978989e+01,9.475788694657978795e+01,2.976848624087228945e+00,2.976848624087228945e+00
1.194999999999978968e+01,9.481742743831605935e+01,2.977201060136639654e+00,2.977201060136639654e+00
1.195999999999978947e+01,9.487697499481053853e+01,2.977555096659719958e+00,2.977555096659719958e+00
1.196999999999978925e+01,9.493652964797611560e+01,2.977910723989507513e+00,2.977910723989507513e+00
1.197999999999978904e+01,9.499609142953225671e+01,2.978267932480254121e+00,2.978267932480254121e+00
1.198999999999978883e+01,9.505566037100599885e+01,2.978626712507523422e+00,2.978626712507523422e+00
1.199999999999978861e+01,9.511523650373203509e+01,2.978987054468293483e+00,2.978987054468293483e+00
1.200999999999978840e+01,9.517481993460809520e+01,2.979356534577608073e+00,2.979356534577608073e+00
1.201999999999978819e+01,9.523441077086403084e+01,2.979727589157670664e+00,2.979727589157670664e+00
1.202999999999978797e+01,9.529400904389190430e+01,2.980100208480394031e+00,2.980100208480394031e+00
1.203999999999978776e+01,9.535361478488950127e+01,2.980474382839831460e+00,2.980474382839831460e+00
1.204999999999978755e+01,9.541322802486058663e+01,2.980850102552265124e+00,2.980850102552265124e+00
1.205999999999978733e+01,9.547284879461571450e+01,2.981227357956279800e+00,2.981227357956279800e+00
1.206999999999978712e+01,9.553247712477215714e+01,2.981606139412872558e+00,2.981606139412872558e+00
1.207999999999978691e+01,9.559211304575482870e+01,2.981986437305498505e+00,2.981986437305498505e+00
1.208999999999978670e+01,9.565175658779642731e+01,2.982368242040178696e+00,2.982368242040178696e+00
1.209999999999978648e+01,9.571140778093806034e+01,2.982751544045587622e+00,2.982751544045587622e+00
1.210999999999978627e+01,9.577106665502950023e+01,2.983136333773115378e+00,2.983136333773115378e+00
1.211999999999978606e+01,9.583073323973009394e+01,2.983522601696949383e+00,2.983522601696949383e+00
1.212999999999978584e+01,9.589040756450854985e+01,2.983910338314184507e+00,2.983910338314184507e+00
1.213999999999978563e+01,9.595008965864390404e+01,2.984299534144885691e+00,2.984299534144885691e+00
1.214999999999978542e+01,9.600977955122581875e+01,2.984690179732140347e+00,2.984690179732140347e+00
1.215999999999978520e+01,9.606947727115500868e+01,2.985082265642158283e+00,2.985082265642158283e+00
1.216999999999978499e+01,9.612918284714389472e+01,2.985475782464357408e+00,2.985475782464357408e+00
1.217999999999978478e+01,9.618889630771661814e+01,2.985870720811429901e+00,2.985870720811429901e+00
1.218999999999978456e+01,9.624861768121010641e+01,2.986267071319421706e+00,2.986267071319421706e+00
1.219999999999978435e+01,9.630834699577408742e+01,2.986664824647816019e+00,2.986664824647816019e+00
1.220999999999978414e+01,9.636808427937174315e+01,2.987063971479581692e+00,2.987063971479581692e+00
1.221999999999978392e+01,9.642782955978017867e+01,2.987464502521285148e+00,2.987464502521285148e+00
1.222999999999978371e+01,9.648758286459083422e+01,2.987866408503135229e+00,2.987866408503135229e+00
1.223999999999978350e+01,9.654734422120991155e+01,2.988269680179044929e+00,2.988269680179044929e+00
1.224999999999978328e+01,9.660711365685914132e+01,2.988674308326746409e+00,2.988674308326746409e+00
1.225999999999978307e+01,9.666689119857588253e+01,2.989080283747829192e+00,2.989080283747829192e+00
1.226999999999978286e+01,9.672667687321369101e+01,2.989487597267825425e+00,2.989487597267825425e+00
1.227999999999978264e+01,9.678647070744322889e+01,2.989896239736271610e+00,2.989896239736271610e+00
1.228999999999978243e+01,9.684627272775189510e+01,2.990306202026777882e+00,2.990306202026777882e+00
1.229999999999978222e+01,9.690608296044518966e+01,2.990717475037107498e+00,2.990717475037107498e+00
1.230999999999978201e+01,9.696590143164659992e+01,2.991130049689229686e+00,2.991130049689229686e+00
1.231999999999978179e+01,9.702572816729838223e+01,2.991543916929392033e+00,2.991543916929392033e+00
1.232999999999978158e+01,9.708556319316194561e+01,2.991959067728204413e+00,2.991959067728204413e+00
1.233999999999978137e+01,9.714540653481836330e+01,2.992375493080678073e+00,2.992375493080678073e+00
1.234999999999978115e+01,9.720525821766882757e+01,2.992793184006294016e+00,2.992793184006294016e+00
1.235999999999978094e+01,9.726511826693527496e+01,2.993212131549089605e+00,2.993212131549089605e+00
1.236999999999978073e+01,9.732498670766054261e+01,2.993632326777710517e+00,2.993632326777710517e+00
1.237999999999978051e+01,9.738486356470926353e+01,2.994053760785451601e+00,2.994053760785451601e+00
1.238999999999978030e+01,9.744474886276813663e+01,2.994476424690334593e+00,2.994476424690334593e+00
1.239999999999978009e+01,9.750464262634650936e+01,2.994900309635203151e+00,2.994900309635203151e+00
1.240999999999977987e+01,9.756454487977674717e+01,2.995325406787732181e+00,2.995325406787732181e+00
1.241999999999977966e+01,9.762445564721485880e+01,2.995751707340500225e+00,2.995751707340500225e+00
1.242999999999977945e+01,9.768437495264093684e+01,2.996179202511090711e+00,2.996179202511090711e+00
1.243999999999977923e+01,9.774430281985979718e+01,2.996607883542099948e+00,2.996607883542099948e+00
1.244999999999977902e+01,9.780423927250120641e+01,2.997037741701200630e+00,2.997037741701200630e+00
1.245999999999977881e+01,9.786418433402052131e+01,2.997468768281224438e+00,2.997468768281224438e+00
1.246999999999977859e+01,9.792413802769938513e+01,2.997900954600202894e+00,2.997900954600202894e+00
1.247999999999977838e+01,9.798410037664586980e+01,2.998334292001419321e+00,2.998334292001419321e+00
1.248999999999977817e+01,9.804407140379525742e+01,2.998768771853477677e+00,2.998768771853477677e+00
1.249999999999977796e+01,9.810405113191043824e+01,2.999204385550348295e+00,2.999204385550348295e+00
1.250999999999977774e+01,9.816403958358243642e+01,2.999641124511410517e+00,2.999641124511410517e+00
1.251999999999977753e+01,9.822403678123089321e+01,3.000078980181522859e+00,3.000078980181522859e+00
1.252999999999977732e+01,9.828404274710464961e+01,3.000517944031075412e+00,3.000517944031075412e+00
1.253999999999977710e+01,9.834405750328215845e+01,3.000958007556020490e+00,3.000958007556020490e+00
1.254999999999977689e+01,9.840408107167213814e+01,3.001399162277943233e+00,3.001399162277943233e+00
1.255999999999977668e+01,9.846411347401382841e+01,3.001841399744106464e+00,3.001841399744106464e+00
1.256999999999977646e+01,9.852415473187782879e+01,3.002284711527494210e+00,3.002284711527494210e+00
1.257999999999977625e+01,9.858420486666641125e+01,3.002729089226866321e+00,3.002729089226866321e+00
1.258999999999977604e+01,9.864426389961404595e+01,3.003174524466796669e+00,3.003174524466796669e+00
1.259999999999977582e+01,9.870433185178791291e+01,3.003621008897732647e+00,3.003621008897732647e+00
1.260999999999977561e+01,9.876440874408866932e+01,3.004068534196041362e+00,3.004068534196041362e+00
1.261999999999977540e+01,9.882449459725049223e+01,3.004517092064036721e+00,3.004517092064036721e+00
1.262999999999977518e+01,9.888458943184200223e+01,3.004966674230047374e+00,3.004966674230047374e+00
1.263999999999977497e+01,9.894469326826667555e+01,3.005417272448434485e+00,3.005417272448434485e+00
1.264999999999977476e+01,9.900480612676321357e+01,3.005868878499633023e+00,3.005868878499633023e+00
1.265999999999977454e+01,9.906492802740638126e+01,3.006321484190245474e+00,3.006321484190245474e+00
1.266999999999977433e+01,9.912505899010707822e+01,3.006775081353039170e+00,3.006775081353039170e+00
1.267999999999977412e+01,9.918519903461331921e+01,3.007229661847000024e+00,3.007229661847000024e+00
1.268999999999977391e+01,9.924534818051058949e+01,3.007685217557346746e+00,3.007685217557346746e+00
1.269999999999977369e+01,9.930550644722212894e+01,3.008141740395599673e+00,3.008141740395599673e+00
1.270999999999977348e+01,9.936567385400984165e+01,3.008599222299622067e+00,3.008599222299622067e+00
1.271999999999977327e+01,9.942585041997459427e+01,3.009057655233628559e+00,3.009057655233628559e+00
1.272999999999977305e+01,9.948603616405685557e+01,3.009517031188253977e+00,3.009517031188253977e+00
1.273999999999977284e+01,9.954623110503713690e+01,3.009977342180572890e+00,3.009977342180572890e+00
1.274999999999977263e+01,9.960643526153643279e+01,3.010438580254129803e+00,3.010438580254129803e+00
1.275999999999977241e+01,9.966664865201710199e+01,3.010900737478992895e+00,3.010900737478992895e+00
1.276999999999977220e+01,9.972687129478300960e+01,3.011363805951781991e+00,3.011363805951781991e+00
1.277999999999977199e+01,9.978710320798030864e+01,3.011827777795687666e+00,3.011827777795687666e+00
1.278999999999977177e+01,9.984734440959776691e+01,3.012292645160501436e+00,3.012292645160501436e+00
1.279999999999977156e+01,9.990759491746756282e+01,3.012758400222669053e+00,3.012758400222669053e+00
1.280999999999977135e+01,9.996785484912048503e+01,3.013235026152920160e+00,3.013235026152920160e+00
1.281999999999977113e+01,1.000281243222234480e+02,3.013712542378863546e+00,3.013712542378863546e+00
1.282999999999977092e+01,1.000884033545032565e+02,3.014190941000795210e+00,3.014190941000795210e+00
1.283999999999977071e+01,1.001486919635290036e+02,3.014670214146198290e+00,3.014670214146198290e+00
1.284999999999977049e+01,1.002089901667126668e+02,3.015150353969806574e+00,3.015150353969806574e+00
1.285999999999977028e+01,1.002692979813095064e+02,3.015631352653664443e+00,3.015631352653664443e+00
1.286999999999977007e+01,1.003296154244188045e+02,3.016113202407102012e+00,3.016113202407102012e+00
1.287999999999976986e+01,1.003899425129841489e+02,3.016595895466775090e+00,3.016595895466775090e+00
1.288999999999976964e+01,1.004502792637942576e+02,3.017079424096701601e+00,3.017079424096701601e+00
1.289999999999976943e+01,1.005106256934833482e+02,3.017563780588272238e+00,3.017563780588272238e+00
1.290999999999976922e+01,1.005709818185317630e+02,3.018048957260302867e+00,3.018048957260302867e+00
1.291999999999976900e+01,1.006313476552665094e+02,3.018534946459021207e+00,3.018534946459021207e+00
1.292999999999976879e+01,1.006917232198617427e+02,3.019021740558098355e+00,3.019021740558098355e+00
1.293999999999976858e+01,1.007521085283393774e+02,3.019509331958696308e+00,3.019509331958696308e+00
1.294999999999976836e+01,1.008125035965696981e+02,3.019997713089475511e+00,3.019997713089475511e+00
1.295999999999976815e+01,1.008729084402717291e+02,3.020486876406596188e+00,3.020486876406596188e+00
1.296999999999976794e+01,1.009333230750139734e+02,3.020976814393760090e+00,3.020976814393760090e+00
1.297999999999976772e+01,1.009937475162149525e+02,3.021467519562224702e+00,3.021467519562224702e+00
1.298999999999976751e+01,1.010541817791433061e+02,3.021958984450817010e+00,3.021958984450817010e+00
1.299999999999976730e+01,1.011146258789193979e+02,3.022451201625957928e+00,3.022451201625957928e+00
1.300999999999976708e+01,1.011750798305144627e+02,3.022944163681666296e+00,3.022944163681666296e+00
1.301999999999976687e+01,1.012355436487524685e+02,3.023437863239584633e+00,3.023437863239584633e+00
1.302999999999976666e+01,1.012960173483097606e+02,3.023932292948994238e+00,3.023932292948994238e+00
1.303999999999976644e+01,1.013565009437160001e+02,3.024427445486842725e+00,3.024427445486842725e+00
1.304999999999976623e+01,1.014169944493548599e+02,3.024923313557730253e+00,3.024923313557730253e+00
1.305999999999976602e+01,1.014774978794641385e+02,3.025419889893923298e+00,3.025419889893923298e+00
1.306999999999976581e+01,1.015380112481366979e+02,3.025917167255392837e+00,3.025917167255392837e+00
1.307999999999976559e+01,1.015985345693207336e+02,3.026415138429807694e+00,3.026415138429807694e+00
1.308999999999976538e+01,1.016590678568206272e+02,3.026913796232548304e+00,3.026913796232548304e+00
1.309999999999976517e+01,1.017196111242973302e+02,3.027413133506717813e+00,3.027413133506717813e+00
1.310999999999976495e+01,1.017801643852688471e+02,3.027913143123152295e+00,3.027913143123152295e+00
1.311999999999976474e+01,1.018407276531108749e+02,3.028413817980437628e+00,3.028413817980437628e+00
1.312999999999976453e+01,1.019013009410574711e+02,3.028915151004883732e+00,3.028915151004883732e+00
1.313999999999976431e+01,1.019618842622014085e+02,3.029417135150558771e+00,3.029417135150558771e+00
1.314999999999976410e+01,1.020224776294948015e+02,3.029919763399295807e+00,3.029919763399295807e+00
1.315999999999976389e+01,1.020830810557497728e+02,3.030423028760710125e+00,3.030423028760710125e+00
1.316999999999976367e+01,1.021436945536388521e+02,3.030926924272192569e+00,3.030926924272192569e+00
1.317999999999976346e+01,1.022043181356955017e+02,3.031431442998893555e+00,3.031431442998893555e+00
1.318999999999976325e+01,1.022649518143149550e+02,3.031936578033723517e+00,3.031936578033723517e+00
1.319999999999976303e+01,1.023255956017545003e+02,3.032442322497378218e+00,3.032442322497378218e+00
1.320999999999976282e+01,1.023862495101340784e+02,3.032948669538365394e+00,3.032948669538365394e+00
1.321999999999976261e+01,1.024469135514368645e+02,3.033455612332965234e+00,3.033455612332965234e+00
1.322999999999976239e+01,1.025075877375099083e+02,3.033963144085226382e+00,3.033963144085226382e+00
1.323999999999976218e+01,1.025682720800646166e+02,3.034471258026989027e+00,3.034471258026989027e+00
1.324999999999976197e+01,1.026289665906772797e+02,3.034979947417891566e+00,3.034979947417891566e+00
1.325999999999976176e+01,1.026896712807896108e+02,3.035489205545333746e+00,3.035489205545333746e+00
1.326999999999976154e+01,1.027503861617094145e+02,3.035999025724501976e+00,3.035999025724501976e+00
1.327999999999976133e+01,1.028111112446111122e+02,3.036509401298348010e+00,3.036509401298348010e+00
1.328999999999976112e+01,1.028718465405361542e+02,3.037020325637598273e+00,3.037020325637598273e+00
1.329999999999976090e+01,1.029325920603937305e+02,3.037531792140752973e+00,3.037531792140752973e+00
1.330999999999976069e+01,1.029933478149613819e+02,3.038043794234058126e+00,3.038043794234058126e+00
1.331999999999976048e+01,1.030541138148851701e+02,3.038556325371525979e+00,3.038556325371525979e+00
1.332999999999976026e+01,1.031148900706808718e+02,3.039069379034931906e+00,3.039069379034931906e+00
1.333999999999976005e+01,1.031756765927340354e+02,3.039582948733774437e+00,3.039582948733774437e+00
1.334999999999975984e+01,1.032364733913004358e+02,3.040097028005268598e+00,3.040097028005268598e+00
1.335999999999975962e+01,1.032972804765072539e+02,3.040611610414379218e+00,3.040611610414379218e+00
1.336999999999975941e+01,1.033580978583530481e+02,3.041126689553779183e+00,3.041126689553779183e+00
1.337999999999975920e+01,1.034189255467084507e+02,3.041642259043843666e+00,3.041642259043843666e+00
1.338999999999975898e+01,1.034797635513169922e+02,3.042158312532629694e+00,3.042158312532629694e+00
1.339999999999975877e+01,1.035406118817951580e+02,3.042674843695883702e+00,3.042674843695883702e+00
1.340999999999975856e+01,1.036014705476335251e+02,3.043191846237022435e+00,3.043191846237022435e+00
1.341999999999975834e+01,1.036623395581967628e+02,3.043709313887110302e+00,3.043709313887110302e+00
1.342999999999975813e+01,1.037232189227245698e+02,3.044227240404857149e+00,3.044227240404857149e+00
1.343999999999975792e+01,1.037841086503320582e+02,3.044745619576608497e+00,3.044745619576608497e+00
1.344999999999975770e+01,1.038450087500103649e+02,3.045264445216312232e+00,3.045264445216312232e+00
1.345999999999975749e+01,1.039059192306272053e+02,3.045783711165516827e+00,3.045783711165516827e+00
1.346999999999975728e+01,1.039668401009272714e+02,3.046303411293335373e+00,3.046303411293335373e+00
1.347999999999975707e+01,1.040277713695331130e+02,3.046823539496442024e+00,3.046823539496442024e+00
1.348999999999975685e+01,1.040887130449452513e+02,3.047344089699100422e+00,3.047344089699100422e+00
1.349999999999975664e+01,1.041496651355432306e+02,3.047865055853056226e+00,3.047865055853056226e+00
1.350999999999975643e+01,1.042106276495857173e+02,3.048386431937573970e+00,3.048386431937573970e+00
1.351999999999975621e+01,1.042716005952112965e+02,3.048908211959413972e+00,3.048908211959413972e+00
1.352999999999975600e+01,1.043325839804389403e+02,3.049430389952796805e+00,3.049430389952796805e+00
1.353999999999975579e+01,1.043935778131686192e+02,3.049952959979378431e+00,3.049952959979378431e+00
1.354999999999975557e+01,1.044545821011817850e+02,3.050475916128245313e+00,3.050475916128245313e+00
1.355999999999975536e+01,1.045155968521419112e+02,3.050999252515894877e+00,3.050999252515894877e+00
1.356999999999975515e+01,1.045766220735952601e+02,3.051522963286192880e+00,3.051522963286192880e+00
1.357999999999975493e+01,1.046376577729709254e+02,3.052047042610368077e+00,3.052047042610368077e+00
1.358999999999975472e+01,1.046987039575819693e+02,3.052571484686978920e+00,3.052571484686978920e+00
1.359999999999975451e+01,1.047597606346255787e+02,3.053096283741875361e+00,3.053096283741875361e+00
1.360999999999975429e+01,1.048208279260700095e+02,3.053632924007798621e+00,3.053632924007798621e+00
1.361999999999975408e+01,1.048819059538687526e+02,3.054169917022390823e+00,3.054169917022390823e+00
1.362999999999975387e+01,1.049429947250185648e+02,3.054707256975059959e+00,3.054707256975059959e+00
1.363999999999975365e+01,1.050040942464002569e+02,3.055244938082893658e+00,3.055244938082893658e+00
1.364999999999975344e+01,1.050652045247794604e+02,3.055782954590631650e+00,3.055782954590631650e+00
1.365999999999975323e+01,1.051263255668065426e+02,3.056321300770641347e+00,3.056321300770641347e+00
1.366999999999975302e+01,1.051874573790180136e+02,3.056859970922867653e+00,3.056859970922867653e+00
1.367999999999975280e+01,1.052485999678364124e+02,3.057398959374849401e+00,3.057398959374849401e+00
1.368999999999975259e+01,1.053097533395712873e+02,3.057938260481666504e+00,3.057938260481666504e+00
1.369999999999975238e+01,1.053709175004193810e+02,3.058477868625880447e+00,3.058477868625880447e+00
1.370999999999975216e+01,1.054320924564654405e+02,3.059017778217525407e+00,3.059017778217525407e+00
1.371999999999975195e+01,1.054932782136827001e+02,3.059557983694102923e+00,3.059557983694102923e+00
1.372999999999975174e+01,1.055544747779334642e+02,3.060098479520499293e+00,3.060098479520499293e+00
1.373999999999975152e+01,1.056156821549694911e+02,3.060639260189002897e+00,3.060639260189002897e+00
1.374999999999975131e+01,1.056769003504327316e+02,3.061180320219222040e+00,3.061180320219222040e+00
1.375999999999975110e+01,1.057381293698558125e+02,3.061721654158048533e+00,3.061721654158048533e+00
1.376999999999975088e+01,1.057993692186625054e+02,3.062263256579680792e+00,3.062263256579680792e+00
1.377999999999975067e+01,1.058606199021684233e+02,3.062805122085543008e+00,3.062805122085543008e+00
1.378999999999975046e+01,1.059218814255814749e+02,3.063347245304250954e+00,3.063347245304250954e+00
1.379999999999975024e+01,1.059831537940022628e+02,3.063889620891601329e+00,3.063889620891601329e+00
1.380999999999975003e+01,1.060444370124249645e+02,3.064432243530489597e+00,3.064432243530489597e+00
1.381999999999974982e+01,1.061057310857376308e+02,3.064975107930902887e+00,3.064975107930902887e+00
1.382999999999974960e+01,1.061670360187227686e+02,3.065518208829879576e+00,3.065518208829879576e+00
1.383999999999974939e+01,1.062283518160577955e+02,3.066061540991464440e+00,3.066061540991464440e+00
1.384999999999974918e+01,1.062896784823158072e+02,3.066605099206668683e+00,3.066605099206668683e+00
1.385999999999974897e+01,1.063510160219660747e+02,3.067148878293422865e+00,3.067148878293422865e+00
1.386999999999974875e+01,1.064123644393743007e+02,3.067692873096560913e+00,3.067692873096560913e+00
1.387999999999974854e+01,1.064737237388033577e+02,3.068237078487734859e+00,3.068237078487734859e+00
1.388999999999974833e+01,1.065350939244139994e+02,3.068781489365409065e+00,3.068781489365409065e+00
1.389999999999974811e+01,1.065964750002651300e+02,3.069326100654826028e+00,3.069326100654826028e+00
1.390999999999974790e+01,1.066578669703143021e+02,3.069870907307925556e+00,3.069870907307925556e+00
1.391999999999974769e+01,1.067192698384184553e+02,3.070415904303315013e+00,3.070415904303315013e+00
1.392999999999974747e+01,1.067806836083345132e+02,3.070961086646227134e+00,3.070961086646227134e+00
1.393999999999974726e+01,1.068421082837196252e+02,3.071506449368495595e+00,3.071506449368495595e+00
1.394999999999974705e+01,1.069035438681317771e+02,3.072051987528475969e+00,3.072051987528475969e+00
1.395999999999974683e+01,1.069649903650305589e+02,3.072597696211015528e+00,3.072597696211015528e+00
1.396999999999974662e+01,1.070264477777773919e+02,3.073143570527406609e+00,3.073143570527406609e+00
1.397999999999974641e+01,1.070879161096362822e+02,3.073689605615336884e+00,3.073689605615336884e+00
1.398999999999974619e+01,1.071493953637742038e+02,3.074235796638845386e+00,3.074235796638845386e+00
1.399999999999974598e+01,1.072108855432616110e+02,3.074782138788266561e+00,3.074782138788266561e+00
1.400999999999974577e+01,1.072723866510730630e+02,3.075328627280198734e+00,3.075328627280198734e+00
1.401999999999974555e+01,1.073338986900878780e+02,3.075875257357441050e+00,3.075875257357441050e+00
1.402999999999974534e+01,1.073954216630902323e+02,3.076422024288936630e+00,3.076422024288936630e+00
1.403999999999974513e+01,1.074569555727701839e+02,3.076968923369737929e+00,3.076968923369737929e+00
1.404999999999974492e+01,1.075185004217236724e+02,3.077515949920957450e+00,3.077515949920957450e+00
1.405999999999974470e+01,1.075800562124535844e+02,3.078063099289705562e+00,3.078063099289705562e+00
1.406999999999974449e+01,1.076416229473699673e+02,3.078610366849028335e+00,3.078610366849028335e+00
1.407999999999974428e+01,1.077032006287903698e+02,3.079157747997900429e+00,3.079157747997900429e+00
1.408999999999974406e+01,1.077647892589408798e+02,3.079705238161142056e+00,3.079705238161142056e+00
1.409999999999974385e+01,1.078263888399561239e+02,3.080252832789333262e+00,3.080252832789333262e+00
1.410999999999974364e+01,1.078879993738800493e+02,3.080800527358813490e+00,3.080800527358813490e+00
1.411999999999974342e+01,1.079496208626664213e+02,3.081348317371606971e+00,3.081348317371606971e+00
1.412999999999974321e+01,1.080112533081793629e+02,3.081896198355364991e+00,3.081896198355364991e+00
1.413999999999974300e+01,1.080728967121935824e+02,3.082444165863326369e+00,3.082444165863326369e+00
1.414999999999974278e+01,1.081345510763953968e+02,3.082992215474251729e+00,3.082992215474251729e+00
1.415999999999974257e+01,1.081962164023827739e+02,3.083540342792347122e+00,3.083540342792347122e+00
1.416999999999974236e+01,1.082578926916660578e+02,3.084088543447224051e+00,3.084088543447224051e+00
1.417999999999974214e+01,1.083195799456683517e+02,3.084636813093866170e+00,3.084636813093866170e+00
1.418999999999974193e+01,1.083812781657263855e+02,3.085185147412553786e+00,3.085185147412553786e+00
1.419999999999974172e+01,1.084429873530903023e+02,3.085733542108799909e+00,3.085733542108799909e+00
1.420999999999974150e+01,1.085047075089251507e+02,3.086281992913288086e+00,3.086281992913288086e+00
1.421999999999974129e+01,1.085664386343104013e+02,3.086830495581844858e+00,3.086830495581844858e+00
1.422999999999974108e+01,1.086281807302410414e+02,3.087379045895350949e+00,3.087379045895350949e+00
1.423999999999974087e+01,1.086899337976279298e+02,3.087927639659678647e+00,3.087927639659678647e+00
1.424999999999974065e+01,1.087516978372983800e+02,3.088476272705650505e+00,3.088476272705650505e+00
1.425999999999974044e+01,1.088134728499964297e+02,3.089024940888959403e+00,3.089024940888959403e+00
1.426999999999974023e+01,1.088752588363835940e+02,3.089573640090137019e+00,3.089573640090137019e+00
1.427999999999974001e+01,1.089370557970391218e+02,3.090122366214482774e+00,3.090122366214482774e+00
1.428999999999973980e+01,1.089988637324607055e+02,3.090671115191994556e+00,3.090671115191994556e+00
1.429999999999973959e+01,1.090606826430648795e+02,3.091219882977315869e+00,3.091219882977315869e+00
1.430999999999973937e+01,1.091225125291874463e+02,3.091768665549655015e+00,3.091768665549655015e+00
1.431999999999973916e+01,1.091843533910841870e+02,3.092317458912734907e+00,3.092317458912734907e+00
1.432999999999973895e+01,1.092462052289310463e+02,3.092866259094728676e+00,3.092866259094728676e+00
1.433999999999973873e+01,1.093080680428248286e+02,3.093415062148206385e+00,3.093415062148206385e+00
1.434999999999973852e+01,1.093699418327836383e+02,3.093963864150067522e+00,3.093963864150067522e+00
1.435999999999973831e+01,1.094318265987474064e+02,3.094512661201469061e+00,3.094512661201469061e+00
1.436999999999973809e+01,1.094937223405783016e+02,3.095061449427746414e+00,3.095061449427746414e+00
1.437999999999973788e+01,1.095556290580611432e+02,3.095610224978400993e+00,3.095610224978400993e+00
1.438999999999973767e+01,1.096175467509041113e+02,3.096158984027005623e+00,3.096158984027005623e+00
1.439999999999973745e+01,1.096794754187390595e+02,3.096707722771091742e+00,3.096707722771091742e+00
1.440999999999973724e+01,1.097414150611219839e+02,3.097256437432167608e+00,3.097256437432167608e+00
1.441999999999973703e+01,1.098033656775336198e+02,3.097805124255609499e+00,3.097805124255609499e+00
1.442999999999973681e+01,1.098653272673798398e+02,3.098353779510568451e+00,3.098353779510568451e+00
1.443999999999973660e+01,1.099272998299920232e+02,3.098902399489962711e+00,3.098902399489962711e+00
1.444999999999973639e+01,1.099892833646278234e+02,3.099450980510366271e+00,3.099450980510366271e+00
1.445999999999973618e+01,1.100512778704713810e+02,3.099999518911963126e+00,3.099999518911963126e+00
1.446999999999973596e+01,1.101132833466337786e+02,3.100548011058483766e+00,3.100548011058483766e+00
1.447999999999973575e+01,1.101752997921538224e+02,3.101096453337107040e+00,3.101096453337107040e+00
1.448999999999973554e+01,1.102373272059980422e+02,3.101644842158415294e+00,3.101644842158415294e+00
1.449999999999973532e+01,1.102993655870615868e+02,3.102193173956328209e+00,3.102193173956328209e+00
1.450999999999973511e+01,1.103614149341685362e+02,3.102741445188052172e+00,3.102741445188052172e+00
1.451999999999973490e+01,1.104234752460722149e+02,3.103289652333955928e+00,3.103289652333955928e+00
1.452999999999973468e+01,1.104855465214559018e+02,3.103837791897524401e+00,3.103837791897524401e+00
1.453999999999973447e+01,1.105476287589330582e+02,3.104385860405315167e+00,3.104385860405315167e+00
1.454999999999973426e+01,1.106097219570480661e+02,3.104933854406872751e+00,3.104933854406872751e+00
1.455999999999973404e+01,1.106718261142763566e+02,3.105481770474654013e+00,3.105481770474654013e+00
1.456999999999973383e+01,1.107339412290251630e+02,3.106029605203947774e+00,3.106029605203947774e+00
1.457999999999973362e+01,1.107960672996338189e+02,3.106577355212814417e+00,3.106577355212814417e+00
1.458999999999973340e+01,1.108582043243741992e+02,3.107125017142016166e+00,3.107125017142016166e+00
1.459999999999973319e+01,1.109203523014512882e+02,3.107672587654952689e+00,3.107672587654952689e+00
1.460999999999973298e+01,1.109825112290035207e+02,3.108220063437585168e+00,3.108220063437585168e+00
1.461999999999973276e+01,1.110446811051033222e+02,3.108767441198361237e+00,3.108767441198361237e+00
1.462999999999973255e+01,1.111068619277574214e+02,3.109314717668133721e+00,3.109314717668133721e+00
1.463999999999973234e+01,1.111690536949074755e+02,3.109861889600082474e+00,3.109861889600082474e+00
1.464999999999973213e+01,1.112312564044304395e+02,3.110408953769682405e+00,3.110408953769682405e+00
1.465999999999973191e+01,1.112934700541388651e+02,3.110955906974619545e+00,3.110955906974619545e+00
1.466999999999973170e+01,1.113556946417816675e+02,3.111502746034661371e+00,3.111502746034661371e+00
1.467999999999973149e+01,1.114179301650442397e+02,3.112049467791633273e+00,3.112049467791633273e+00
1.468999999999973127e+01,1.114801766215489920e+02,3.112596069109354158e+00,3.112596069109354158e+00
1.469999999999973106e+01,1.115424340088561195e+02,3.113142546873531202e+00,3.113142546873531202e+00
1.470999999999973085e+01,1.116047023244634033e+02,3.113688897991708782e+00,3.113688897991708782e+00
1.471999999999973063e+01,1.116669815658070917e+02,3.114235119393175211e+00,3.114235119393175211e+00
1.472999999999973042e+01,1.117292717302623828e+02,3.114781208028907677e+00,3.114781208028907677e+00
1.473999999999973021e+01,1.117915728151435673e+02,3.115327160871489198e+00,3.115327160871489198e+00
1.474999999999972999e+01,1.118538848177045821e+02,3.115872974915020688e+00,3.115872974915020688e+00
1.475999999999972978e+01,1.119162077351395936e+02,3.116418647175066781e+00,3.116418647175066781e+00
1.476999999999972957e+01,1.119785415645832103e+02,3.116964174688569233e+00,3.116964174688569233e+00
1.477999999999972935e+01,1.120408863031109803e+02,3.117509554513748782e+00,3.117509554513748782e+00
1.478999999999972914e+01,1.121032419477398747e+02,3.118054783730103363e+00,3.118054783730103363e+00
1.479999999999972893e+01,1.121656084954286428e+02,3.118599859438271338e+00,3.118599859438271338e+00
1.480999999999972871e+01,1.122279859430782238e+02,3.119144778759936010e+00,3.119144778759936010e+00
1.481999999999972850e+01,1.122903742875322735e+02,3.119689538837809195e+00,3.119689538837809195e+00
1.482999999999972829e+01,1.123527735255774331e+02,3.120234136835505989e+00,3.120234136835505989e+00
1.483999999999972808e+01,1.124151836539438989e+02,3.120778569937509239e+00,3.120778569937509239e+00
1.484999999999972786e+01,1.124776046693057339e+02,3.121322835349066072e+00,3.121322835349066072e+00
1.485999999999972765e+01,1.125400365682812804e+02,3.121866930296114173e+00,3.121866930296114173e+00
1.486999999999972744e+01,1.126024793474336150e+02,3.122410852025208072e+00,3.122410852025208072e+00
1.487999999999972722e+01,1.126649330032710310e+02,3.122954597803442311e+00,3.122954597803442311e+00
1.488999999999972701e+01,1.127273975322473092e+02,3.123498164918375508e+00,3.123498164918375508e+00
1.489999999999972680e+01,1.127898729307621011e+02,3.124041550677944201e+00,3.124041550677944201e+00
1.490999999999972658e+01,1.128523591951615543e+02,3.124584752410413113e+00,3.124584752410413113e+00
1.491999999999972637e+01,1.129148563217385686e+02,3.125127767464260131e+00,3.125127767464260131e+00
1.492999999999972616e+01,1.129773643067331790e+02,3.125670593208117243e+00,3.125670593208117243e+00
1.493999999999972594e+01,1.130398831463329259e+02,3.126213227030694597e+00,3.126213227030694597e+00
1.494999999999972573e+01,1.131024128366733805e+02,3.126755666340695239e+00,3.126755666340695239e+00
1.495999999999972552e+01,1.131649533738386282e+02,3.127297908566753382e+00,3.127297908566753382e+00
1.496999999999972530e+01,1.132275047538613393e+02,3.127839951157322496e+00,3.127839951157322496e+00
1.497999999999972509e+01,1.132900669727233804e+02,3.128381791580607807e+00,3.128381791580607807e+00
1.498999999999972488e+01,1.133526400263561982e+02,3.128923427324535655e+00,3.128923427324535655e+00
1.499999999999972466e+01,1.134152239106412168e+02,3.129464855896626041e+00,3.129464855896626041e+00
1.500999999999972445e+01,1.134778186214102931e+02,3.130006074823902029e+00,3.130006074823902029e+00
1.501999999999972424e+01,1.135404241544457875e+02,3.130547081652847119e+00,3.130547081652847119e+00
1.502999999999972403e+01,1.136030405054813741e+02,3.131087873949309319e+00,3.131087873949309319e+00
1.503999999999972381e+01,1.136656676702021400e+02,3.131628449298442085e+00,3.131628449298442085e+00
1.504999999999972360e+01,1.137283056442452249e+02,3.132168805304593295e+00,3.132168805304593295e+00
1.505999999999972339e+01,1.137909544231998211e+02,3.132708939591234198e+00,3.132708939591234198e+00
1.506999999999972317e+01,1.138536140026079124e+02,3.133248849800909674e+00,3.133248849800909674e+00
1.507999999999972296e+01,1.139162843779645300e+02,3.133788533595122772e+00,3.133788533595122772e+00
1.508999999999972275e+01,1.139789655447180365e+02,3.134327988654266761e+00,3.134327988654266761e+00
1.509999999999972253e+01,1.140416574982706663e+02,3.134867212677566961e+00,3.134867212677566961e+00
1.510999999999972232e+01,1.141043602339788947e+02,3.135406203382958612e+00,3.135406203382958612e+00
1.511999999999972211e+01,1.141670737471535659e+02,3.135944958507039804e+00,3.135944958507039804e+00
1.512999999999972189e+01,1.142297980330605753e+02,3.136483475804991095e+00,3.136483475804991095e+00
1.513999999999972168e+01,1.142925330869210825e+02,3.137021753050481809e+00,3.137021753050481809e+00
1.514999999999972147e+01,1.143552789039118096e+02,3.137559788035607866e+00,3.137559788035607866e+00
1.515999999999972125e+01,1.144180354791656526e+02,3.138097578570787860e+00,3.138097578570787860e+00
1.516999999999972104e+01,1.144808028077717807e+02,3.138635122484705775e+00,3.138635122484705775e+00
1.517999999999972083e+01,1.145435808847761905e+02,3.139172417624218170e+00,3.139172417624218170e+00
1.518999999999972061e+01,1.146063697051820753e+02,3.139709461854276906e+00,3.139709461854276906e+00
1.519999999999972040e+01,1.146691692639497830e+02,3.140246253057857206e+00,3.140246253057857206e+00
1.520999999999972019e+01,1.147319795559978957e+02,3.140782789135861286e+00,3.140782789135861286e+00
1.521999999999971998e+01,1.147948005762030448e+02,3.141319068007054405e+00,3.141319068007054405e+00
1.522999999999971976e+01,1.148576323194001816e+02,3.141855087607983599e+00,3.141855087607983599e+00
1.523999999999971955e+01,1.149204747803836852e+02,3.142390845892878648e+00,3.142390845892878648e+00
1.524999999999971934e+01,1.149833279539066098e+02,3.142926340833594789e+00,3.142926340833594789e+00
1.525999999999971912e+01,1.150461918346819914e+02,3.143461570419543882e+00,3.143461570419543882e+00
1.526999999999971891e+01,1.151090664173827776e+02,3.143996532657571397e+00,3.143996532657571397e+00
1.527999999999971870e+01,1.151719516966422105e+02,3.144531225571894684e+00,3.144531225571894684e+00
1.528999999999971848e+01,1.152348476670540549e+02,3.145065647204051906e+00,3.145065647204051906e+00
1.529999999999971827e+01,1.152977543231732369e+02,3.145599795612790128e+00,3.145599795612790128e+00
1.530999999999971806e+01,1.153606716595159867e+02,3.146133668873992040e+00,3.146133668873992040e+00
1.531999999999971784e+01,1.154235996705602219e+02,3.146667265080596909e+00,3.146667265080596909e+00
1.532999999999971763e+01,1.154865383507459029e+02,3.147200582342520647e+00,3.147200582342520647e+00
1.533999999999971742e+01,1.155494876944753173e+02,3.147733618786582532e+00,3.147733618786582532e+00
1.534999999999971720e+01,1.156124476961134491e+02,3.148266372556418613e+00,3.148266372556418613e+00
1.535999999999971699e+01,1.156754183499884192e+02,3.148798841812410210e+00,3.148798841812410210e+00
1.536999999999971678e+01,1.157383996503915284e+02,3.149331024731586659e+00,3.149331024731586659e+00
1.537999999999971656e+01,1.158013915915780814e+02,3.149862919507554704e+00,3.149862919507554704e+00
1.538999999999971635e+01,1.158643941677671876e+02,3.150394524350432324e+00,3.150394524350432324e+00
1.539999999999971614e+01,1.159274073731423016e+02,3.150925837486751035e+00,3.150925837486751035e+00
1.540999999999971593e+01,1.159904312018517771e+02,3.151456857159379954e+00,3.151456857159379954e+00
1.541999999999971571e+01,1.160534656480088813e+02,3.151987581627448520e+00,3.151987581627448520e+00
1.542999999999971550e+01,1.161165107056920931e+02,3.152518009166271895e+00,3.152518009166271895e+00
1.543999999999971529e+01,1.161795663689457001e+02,3.153048138067269246e+00,3.153048138067269246e+00
1.544999999999971507e+01,1.162426326317800118e+02,3.153577966637874930e+00,3.153577966637874930e+00
1.545999999999971486e+01,1.163057094881716296e+02,3.154107493201458556e+00,3.154107493201458556e+00
1.546999999999971465e+01,1.163687969320636313e+02,3.154636716097266369e+00,3.154636716097266369e+00
1.547999999999971443e+01,1.164318949573661826e+02,3.155165633680323545e+00,3.155165633680323545e+00
1.548999999999971422e+01,1.164950035579567640e+02,3.155694244321360475e+00,3.155694244321360475e+00
1.549999999999971401e+01,1.165581227276803276e+02,3.156222546406730167e+00,3.156222546406730167e+00
1.550999999999971379e+01,1.166212524603495666e+02,3.156750538338331857e+00,3.156750538338331857e+00
1.551999999999971358e+01,1.166843927497456690e+02,3.157278218533542180e+00,3.157278218533542180e+00
1.552999999999971337e+01,1.167475435896181466e+02,3.157805585425117911e+00,3.157805585425117911e+00
1.553999999999971315e+01,1.168107049736853185e+02,3.158332637461129355e+00,3.158332637461129355e+00
1.554999999999971294e+01,1.168738768956346377e+02,3.158859373104879076e+00,3.158859373104879076e+00
1.555999999999971273e+01,1.169370593491230039e+02,3.159385790834806418e+00,3.159385790834806418e+00
1.556999999999971251e+01,1.170002523277770337e+02,3.159911889144440877e+00,3.159911889144440877e+00
1.557999999999971230e+01,1.170634558251933441e+02,3.160437666542306179e+00,3.160437666542306179e+00
1.558999999999971209e+01,1.171266698349387809e+02,3.160963121551842114e+00,3.160963121551842114e+00
1.559999999999971187e+01,1.171898943505510715e+02,3.161488252711319724e+00,3.161488252711319724e+00
1.560999999999971166e+01,1.172531293655386264e+02,3.162013058573784452e+00,3.162013058573784452e+00
1.561999999999971145e+01,1.173163748733810223e+02,3.162537537706953117e+00,3.162537537706953117e+00
1.562999999999971124e+01,1.173796308675295705e+02,3.163061688693145079e+00,3.163061688693145079e+00
1.563999999999971102e+01,1.174428973414072033e+02,3.163585510129213851e+00,3.163585510129213851e+00
1.564999999999971081e+01,1.175061742884089142e+02,3.164109000626459167e+00,3.164109000626459167e+00
1.565999999999971060e+01,1.175694617019021848e+02,3.164632158810555485e+00,3.164632158810555485e+00
1.566999999999971038e+01,1.176327595752270838e+02,3.165154983321461390e+00,3.165154983321461390e+00
1.567999999999971017e+01,1.176960679016967504e+02,3.165677472813356541e+00,3.165677472813356541e+00
1.568999999999970996e+01,1.177593866745971525e+02,3.166199625954565278e+00,3.166199625954565278e+00
1.569999999999970974e+01,1.178227158871883375e+02,3.166721441427464256e+00,3.166721441427464256e+00
1.570999999999970953e+01,1.178860555327037360e+02,3.167242917928418056e+00,3.167242917928418056e+00
1.571999999999970932e+01,1.179494056043509005e+02,3.167764054167705012e+00,3.167764054167705012e+00
1.572999999999970910e+01,1.180127660953117612e+02,3.168284848869431070e+00,3.168284848869431070e+00
1.573999999999970889e+01,1.180761369987431095e+02,3.168805300771455613e+00,3.168805300771455613e+00
1.574999999999970868e+01,1.181395183077761288e+02,3.169325408625315976e+00,3.169325408625315976e+00
1.575999999999970846e+01,1.182029100155177304e+02,3.169845171196151501e+00,3.169845171196151501e+00
1.576999999999970825e+01,1.182663121150497716e+02,3.170364587262624934e+00,3.170364587262624934e+00
1.577999999999970804e+01,1.183297245994301505e+02,3.170883655616846042e+00,3.170883655616846042e+00
1.578999999999970782e+01,1.183931474616925215e+02,3.171402375064307666e+00,3.171402375064307666e+00
1.579999999999970761e+01,1.184565806948470197e+02,3.171920744423784022e+00,3.171920744423784022e+00
1.580999999999970740e+01,1.185200242918800910e+02,3.172438762527286737e+00,3.172438762527286737e+00
1.581999999999970719e+01,1.185834782457549039e+02,3.172956428219958269e+00,3.172956428219958269e+00
1.582999999999970697e+01,1.186469425494120031e+02,3.173473740360024831e+00,3.173473740360024831e+00
1.583999999999970676e+01,1.187104171957687981e+02,3.173990697818707574e+00,3.173990697818707574e+00
1.584999999999970655e+01,1.187739021777205721e+02,3.174507299480138212e+00,3.174507299480138212e+00
1.585999999999970633e+01,1.188373974881402688e+02,3.175023544241299955e+00,3.175023544241299955e+00
1.586999999999970612e+01,1.189009031198788620e+02,3.175539431011948910e+00,3.175539431011948910e+00
1.587999999999970591e+01,1.189644190657658527e+02,3.176054958714543019e+00,3.176054958714543019e+00
1.588999999999970569e+01,1.190279453186090564e+02,3.176570126284144813e+00,3.176570126284144813e+00
1.589999999999970548e+01,1.190914818711952847e+02,3.177084932668374773e+00,3.177084932668374773e+00
1.590999999999970527e+01,1.191550287162904027e+02,3.177599376827323407e+00,3.177599376827323407e+00
1.591999999999970505e+01,1.192185858466395558e+02,3.178113457733485969e+00,3.178113457733485969e+00
1.592999999999970484e+01,1.192821532549674686e+02,3.178627174371687847e+00,3.178627174371687847e+00
1.593999999999970463e+01,1.193457309339787713e+02,3.179140525738999301e+00,3.179140525738999301e+00
1.594999999999970441e+01,1.194093188763580855e+02,3.179653510844659081e+00,3.179653510844659081e+00
1.595999999999970420e+01,1.194729170747702653e+02,3.180166128710030016e+00,3.180166128710030016e+00
1.596999999999970399e+01,1.195365255218608240e+02,3.180678378368499093e+00,3.180678378368499093e+00
1.597999999999970377e+01,1.196001442102560759e+02,3.181190258865415732e+00,3.181190258865415732e+00
1.598999999999970356e+01,1.196637731325632927e+02,3.181701769258013623e+00,3.181701769258013623e+00
1.599999999999970335e+01,1.197274122813709738e+02,3.182212908615346780e+00,3.182212908615346780e+00
1.600999999999970314e+01,1.197910616492492579e+02,3.182723676018203385e+00,3.182723676018203385e+00
1.601999999999970470e+01,1.198547212287499377e+02,3.183234070559048501e+00,3.183234070559048501e+00
1.602999999999970626e+01,1.199183910124066585e+02,3.183744091341938365e+00,3.183744091341938365e+00
1.603999999999970782e+01,1.199820709927355580e+02,3.184253737482464874e+00,3.184253737482464874e+00
1.604999999999970939e+01,1.200457611622348537e+02,3.184763008107670323e+00,3.184763008107670323e+00
1.605999999999971095e+01,1.201094615133856252e+02,3.185271902355989226e+00,3.185271902355989226e+00
1.606999999999971251e+01,1.201731720386517850e+02,3.185780419377159056e+00,3.185780419377159056e+00
1.607999999999971408e+01,1.202368927304803776e+02,3.186288558332161180e+00,3.186288558332161180e+00
1.608999999999971564e+01,1.203006235813017355e+02,3.186796318393140481e+00,3.186796318393140481e+00
1.609999999999971720e+01,1.203643645835297917e+02,3.187303698743343627e+00,3.187303698743343627e+00
1.610999999999971877e+01,1.204281157295621938e+02,3.187810698577071555e+00,3.187810698577071555e+00
1.611999999999972033e+01,1.204918770117806730e+02,3.188317317099564452e+00,3.188317317099564452e+00
1.612999999999972189e+01,1.205556484225510872e+02,3.188823553526950683e+00,3.188823553526950683e+00
1.613999999999972346e+01,1.206194299542237474e+02,3.189329407086191726e+00,3.189329407086191726e+00
1.614999999999972502e+01,1.206832215991337023e+02,3.189834877014987580e+00,3.189834877014987580e+00
1.615999999999972658e+01,1.207470233496007097e+02,3.190339962561728804e+00,3.190339962561728804e+00
1.616999999999972815e+01,1.208108351979296629e+02,3.190844662985417912e+00,3.190844662985417912e+00
1.617999999999972971e+01,1.208746571364108178e+02,3.191348977555588995e+00,3.191348977555588995e+00
1.618999999999973127e+01,1.209384891573198360e+02,3.191852905552262420e+00,3.191852905552262420e+00
1.619999999999973284e+01,1.210023312529181254e+02,3.192356446265869785e+00,3.192356446265869785e+00
1.620999999999973440e+01,1.210661834154529828e+02,3.192859598997171311e+00,3.192859598997171311e+00
1.621999999999973596e+01,1.211300456371577781e+02,3.193362363057205666e+00,3.193362363057205666e+00
1.622999999999973753e+01,1.211939179102523241e+02,3.193864737767210027e+00,3.193864737767210027e+00
1.623999999999973909e+01,1.212578002269428907e+02,3.194366722458548136e+00,3.194366722458548136e+00
1.624999999999974065e+01,1.213216925794225034e+02,3.194868316472666336e+00,3.194868316472666336e+00
1.625999999999974222e+01,1.213855949598710282e+02,3.195369519161010530e+00,3.195369519161010530e+00
1.626999999999974378e+01,1.214495073604556126e+02,3.195870329884949790e+00,3.195870329884949790e+00
1.627999999999974534e+01,1.215134297733304436e+02,3.196370748015729735e+00,3.196370748015729735e+00
1.628999999999974690e+01,1.215773621906376860e+02,3.196870772934392591e+00,3.196870772934392591e+00
1.629999999999974847e+01,1.216413046045068569e+02,3.197370404031711910e+00,3.197370404031711910e+00
1.630999999999975003e+01,1.217052570070554367e+02,3.197869640708134398e+00,3.197869640708134398e+00
1.631999999999975159e+01,1.217692193903892104e+02,3.198368482373709298e+00,3.198368482373709298e+00
1.632999999999975316e+01,1.218331917466019689e+02,3.198866928448026226e+00,3.198866928448026226e+00
1.633999999999975472e+01,1.218971740677761773e+02,3.199364978360143219e+00,3.199364978360143219e+00
1.634999999999975628e+01,1.219611663459830027e+02,3.199862631548524128e+00,3.199862631548524128e+00
1.635999999999975785e+01,1.220251685732824143e+02,3.200359887460972885e+00,3.200359887460972885e+00
1.636999999999975941e+01,1.220891807417233821e+02,3.200856745554576221e+00,3.200856745554576221e+00
1.637999999999976097e+01,1.221532028433440757e+02,3.201353205295637494e+00,3.201353205295637494e+00
1.638999999999976254e+01,1.222172348701723905e+02,3.201849266159598084e+00,3.201849266159598084e+00
1.639999999999976410e+01,1.222812768142253788e+02,3.202344927630988991e+00,3.202344927630988991e+00
1.640999999999976566e+01,1.223453286675102021e+02,3.202840189203369992e+00,3.202840189203369992e+00
1.641999999999976723e+01,1.224093904220238187e+02,3.203335050379253701e+00,3.203335050379253701e+00
1.642999999999976879e+01,1.224734620697533671e+02,3.203829510670048730e+00,3.203829510670048730e+00
1.643999999999977035e+01,1.225375436026763936e+02,3.204323569595996624e+00,3.204323569595996624e+00
1.644999999999977192e+01,1.226016350127607950e+02,3.204817226686098586e+00,3.204817226686098586e+00
1.645999999999977348e+01,1.226657362919652172e+02,3.205310481478075069e+00,3.205310481478075069e+00
1.646999999999977504e+01,1.227298474322391115e+02,3.205803333518288500e+00,3.205803333518288500e+00
1.647999999999977661e+01,1.227939684255229480e+02,3.206295782361684221e+00,3.206295782361684221e+00
1.648999999999977817e+01,1.228580992637484428e+02,3.206787827571724314e+00,3.206787827571724314e+00
1.649999999999977973e+01,1.229222399388385725e+02,3.207279468720335647e+00,3.207279468720335647e+00
1.650999999999978129e+01,1.229863904427078865e+02,3.207770705387844590e+00,3.207770705387844590e+00
1.651999999999978286e+01,1.230505507672626635e+02,3.208261537162909516e+00,3.208261537162909516e+00
1.652999999999978442e+01,1.231147209044008548e+02,3.208751963642472393e+00,3.208751963642472393e+00
1.653999999999978598e+01,1.231789008460128088e+02,3.209241984431683736e+00,3.209241984431683736e+00
1.654999999999978755e+01,1.232430905839805746e+02,3.209731599143852865e+00,3.209731599143852865e+00
1.655999999999978911e+01,1.233072901101789256e+02,3.210220807400392395e+00,3.210220807400392395e+00
1.656999999999979067e+01,1.233714994164749754e+02,3.210709608830743633e+00,3.210709608830743633e+00
1.657999999999979224e+01,1.234357184947284765e+02,3.211198003072328611e+00,3.211198003072328611e+00
1.658999999999979380e+01,1.234999473367922604e+02,3.211685989770492800e+00,3.211685989770492800e+00
1.659999999999979536e+01,1.235641859345117695e+02,3.212173568578422955e+00,3.212173568578422955e+00
1.660999999999979693e+01,1.236284342797259370e+02,3.212660739157123579e+00,3.212660739157123579e+00
1.661999999999979849e+01,1.236926923642666765e+02,3.213147501175336096e+00,3.213147501175336096e+00
1.662999999999980005e+01,1.237569601799596484e+02,3.213633854309476678e+00,3.213633854309476678e+00
1.663999999999980162e+01,1.238212377186238484e+02,3.214119798243598947e+00,3.214119798243598947e+00
1.664999999999980318e+01,1.238855249720723606e+02,3.214605332669320248e+00,3.214605332669320248e+00
1.665999999999980474e+01,1.239498219321118029e+02,3.215090457285758152e+00,3.215090457285758152e+00
1.666999999999980631e+01,1.240141285905430237e+02,3.215575171799497589e+00,3.215575171799497589e+00
1.667999999999980787e+01,1.240784449391612583e+02,3.216059475924520239e+00,3.216059475924520239e+00
1.668999999999980943e+01,1.241427709697556878e+02,3.216543369382143247e+00,3.216543369382143247e+00
1.669999999999981100e+01,1.242071066741104062e+02,3.217026851900958384e+00,3.217026851900958384e+00
1.670999999999981256e+01,1.242714520440039507e+02,3.217509923216799628e+00,3.217509923216799628e+00
1.671999999999981412e+01,1.243358070712094587e+02,3.217992583072657897e+00,3.217992583072657897e+00
1.672999999999981569e+01,1.244001717474954205e+02,3.218474831218646859e+00,3.218474831218646859e+00
1.673999999999981725e+01,1.244645460646251962e+02,3.218956667411942085e+00,3.218956667411942085e+00
1.674999999999981881e+01,1.245289300143571154e+02,3.219438091416720216e+00,3.219438091416720216e+00
1.675999999999982037e+01,1.245933235884453154e+02,3.219919103004102556e+00,3.219919103004102556e+00
1.676999999999982194e+01,1.246577267786391161e+02,3.220399701952112004e+00,3.220399701952112004e+00
1.677999999999982350e+01,1.247221395766836451e+02,3.220879888045607764e+00,3.220879888045607764e+00
1.678999999999982506e+01,1.247865619743195538e+02,3.221359661076250713e+00,3.221359661076250713e+00
1.679999999999982663e+01,1.248509939632835284e+02,3.221839020842420354e+00,3.221839020842420354e+00
1.680999999999982819e+01,1.249154355353085322e+02,3.222317967149170848e+00,3.222317967149170848e+00
1.681999999999982975e+01,1.249798866821232082e+02,3.222796499808198600e+00,3.222796499808198600e+00
1.682999999999983132e+01,1.250443473954529736e+02,3.223274618637761435e+00,3.223274618637761435e+00
1.683999999999983288e+01,1.251088176670192809e+02,3.223752323462641733e+00,3.223752323462641733e+00
1.684999999999983444e+01,1.251732974885404417e+02,3.224229614114083375e+00,3.224229614114083375e+00
1.685999999999983601e+01,1.252377868517313004e+02,3.224706490429750438e+00,3.224706490429750438e+00
1.686999999999983757e+01,1.253022857483035324e+02,3.225182952253673019e+00,3.225182952253673019e+00
1.687999999999983913e+01,1.253667941699658712e+02,3.225658999436179730e+00,3.225658999436179730e+00
1.688999999999984070e+01,1.254313121084238816e+02,3.226134631833863953e+00,3.226134631833863953e+00
1.689999999999984226e+01,1.254958395553806412e+02,3.226609849309537204e+00,3.226609849309537204e+00
1.690999999999984382e+01,1.255603765025362151e+02,3.227084651732163412e+00,3.227084651732163412e+00
1.691999999999984539e+01,1.256249229415883946e+02,3.227559038976805628e+00,3.227559038976805628e+00
1.692999999999984695e+01,1.256894788642323562e+02,3.228033010924592272e+00,3.228033010924592272e+00
1.693999999999984851e+01,1.257540442621609884e+02,3.228506567462650967e+00,3.228506567462650967e+00
1.694999999999985008e+01,1.258186191270650340e+02,3.228979708484069011e+00,3.228979708484069011e+00
1.695999999999985164e+01,1.258832034506331041e+02,3.229452433887834317e+00,3.229452433887834317e+00
1.696999999999985320e+01,1.259477972245519624e+02,3.229924743578796331e+00,3.229924743578796331e+00
1.697999999999985477e+01,1.260124004405062976e+02,3.230396637467604748e+00,3.230396637467604748e+00
1.698999999999985633e+01,1.260770130901792498e+02,3.230868115470683311e+00,3.230868115470683311e+00
1.699999999999985789e+01,1.261416351652524099e+02,3.231339177510152538e+00,3.231339177510152538e+00
1.700999999999985945e+01,1.262062666574056351e+02,3.231809823513793312e+00,3.231809823513793312e+00
1.701999999999986102e+01,1.262709075583175462e+02,3.232280053415000687e+00,3.232280053415000687e+00
1.702999999999986258e+01,1.263355578596655704e+02,3.232749867152739487e+00,3.232749867152739487e+00
1.703999999999986414e+01,1.264002175531256711e+02,3.233219264671483462e+00,3.233219264671483462e+00
1.704999999999986571e+01,1.264648866303730728e+02,3.233688245921180648e+00,3.233688245921180648e+00
1.705999999999986727e+01,1.265295650830819625e+02,3.234156810857205855e+00,3.234156810857205855e+00
1.706999999999986883e+01,1.265942529029255468e+02,3.234624959440303815e+00,3.234624959440303815e+00
1.707999999999987040e+01,1.266589500815764353e+02,3.235092691636548334e+00,3.235092691636548334e+00
1.708999999999987196e+01,1.267236566107066693e+02,3.235560007417294770e+00,3.235560007417294770e+00
1.709999999999987352e+01,1.267883724819875937e+02,3.236026906759142729e+00,3.236026906759142729e+00
1.710999999999987509e+01,1.268530976870901981e+02,3.236493389643877006e+00,3.236493389643877006e+00
1.711999999999987665e+01,1.269178322176853300e+02,3.236959456058430273e+00,3.236959456058430273e+00
1.712999999999987821e+01,1.269825760654433680e+02,3.237425105994822250e+00,3.237425105994822250e+00
1.713999999999987978e+01,1.270473292220346906e+02,3.237890339450132604e+00,3.237890339450132604e+00
1.714999999999988134e+01,1.271120916791297333e+02,3.238355156426456549e+00,3.238355156426456549e+00
1.715999999999988290e+01,1.271768634283990309e+02,3.238819556930847554e+00,3.238819556930847554e+00
1.716999999999988447e+01,1.272416444615131326e+02,3.239283540975291142e+00,3.239283540975291142e+00
1.717999999999988603e+01,1.273064347701429853e+02,3.239747108576637391e+00,3.239747108576637391e+00
1.718999999999988759e+01,1.273712343459600049e+02,3.240210259756574729e+00,3.240210259756574729e+00
1.719999999999988916e+01,1.274360431806360197e+02,3.240672994541576646e+00,3.240672994541576646e+00
1.720999999999989072e+01,1.275008612658433265e+02,3.241135312962846182e+00,3.241135312962846182e+00
1.721999999999989228e+01,1.275656885932550750e+02,3.241597215056319037e+00,3.241597215056319037e+00
1.722999999999989384e+01,1.276305251545449693e+02,3.242058700862573861e+00,3.242058700862573861e+00
1.723999999999989541e+01,1.276953709413878784e+02,3.242519770426798509e+00,3.242519770426798509e+00
1.724999999999989697e+01,1.277602259454593394e+02,3.242980423798775380e+00,3.242980423798775380e+00
1.725999999999989853e+01,1.278250901584361259e+02,3.243440661032801042e+00,3.243440661032801042e+00
1.726999999999990010e+01,1.278899635719958496e+02,3.243900482187667134e+00,3.243900482187667134e+00
1.727999999999990166e+01,1.279548461778177995e+02,3.244359887326619951e+00,3.244359887326619951e+00
1.728999999999990322e+01,1.280197379675821026e+02,3.244818876517308492e+00,3.244818876517308492e+00
1.729999999999990479e+01,1.280846389329705062e+02,3.245277449831748040e+00,3.245277449831748040e+00
1.730999999999990635e+01,1.281495490656664629e+02,3.245735607346278861e+00,3.245735607346278861e+00
1.731999999999990791e+01,1.282144683573545194e+02,3.246193349141519580e+00,3.246193349141519580e+00
1.732999999999990948e+01,1.282793967997211837e+02,3.246650675302336087e+00,3.246650675302336087e+00
1.733999999999991104e+01,1.283443343844547826e+02,3.247107585917801575e+00,3.247107585917801575e+00
1.734999999999991260e+01,1.284092811032450925e+02,3.247564081081165011e+00,3.247564081081165011e+00
1.735999999999991417e+01,1.284742369477841635e+02,3.248020160889769858e+00,3.248020160889769858e+00
1.736999999999991573e+01,1.285392019097658931e+02,3.248475825445063414e+00,3.248475825445063414e+00
1.737999999999991729e+01,1.286041759808863105e+02,3.248931074852545287e+00,3.248931074852545287e+00
1.738999999999991886e+01,1.286691591528434913e+02,3.249385909221704782e+00,3.249385909221704782e+00
1.739999999999992042e+01,1.287341514173376709e+02,3.249840328666009359e+00,3.249840328666009359e+00
1.740999999999992198e+01,1.287991527660716713e+02,3.250294333302856664e+00,3.250294333302856664e+00
1.741999999999992355e+01,1.288641631907504461e+02,3.250747923253531901e+00,3.250747923253531901e+00
1.742999999999992511e+01,1.289291826830815637e+02,3.251201098643167420e+00,3.251201098643167420e+00
1.743999999999992667e+01,1.289942112347750935e+02,3.251653859600714291e+00,3.251653859600714291e+00
1.744999999999992824e+01,1.290592488375436062e+02,3.252106206258911225e+00,3.252106206258911225e+00
1.745999999999992980e+01,1.291242954831025997e+02,3.252558138754230388e+00,3.252558138754230388e+00
1.746999999999993136e+01,1.291893511631701017e+02,3.253009657226848095e+00,3.253009657226848095e+00
1.747999999999993292e+01,1.292544158694671239e+02,3.253460761820606617e+00,3.253460761820606617e+00
1.748999999999993449e+01,1.293194895937175204e+02,3.253911452682973326e+00,3.253911452682973326e+00
1.749999999999993605e+01,1.293845723276481863e+02,3.254361729965028260e+00,3.254361729965028260e+00
1.750999999999993761e+01,1.294496640629890862e+02,3.254811593821394400e+00,3.254811593821394400e+00
1.751999999999993918e+01,1.295147647914731976e+02,3.255261044410212801e+00,3.255261044410212801e+00
1.752999999999994074e+01,1.295798745048367664e+02,3.255710081893118613e+00,3.255710081893118613e+00
1.753999999999994230e+01,1.296449931948194489e+02,3.256158706435202888e+00,3.256158706435202888e+00
1.754999999999994387e+01,1.297101208531638861e+02,3.256606918204963286e+00,3.256606918204963286e+00
1.755999999999994543e+01,1.297752574716165839e+02,3.257054717374275210e+00,3.257054717374275210e+00
1.756999999999994699e+01,1.298404030419270327e+02,3.257502104118370490e+00,3.257502104118370490e+00
1.757999999999994856e+01,1.299055575558487021e+02,3.257949078615794747e+00,3.257949078615794747e+00
1.758999999999995012e+01,1.299707210051383015e+02,3.258395641048357660e+00,3.258395641048357660e+00
1.759999999999995168e+01,1.300358933815565479e+02,3.258841791601117865e+00,3.258841791601117865e+00
1.760999999999995325e+01,1.301010746768675688e+02,3.259287530462350091e+00,3.259287530462350091e+00
1.761999999999995481e+01,1.301662648828394140e+02,3.259732857823502084e+00,3.259732857823502084e+00
1.762999999999995637e+01,1.302314639912441407e+02,3.260177773879159968e+00,3.260177773879159968e+00
1.763999999999995794e+01,1.302966719938575295e+02,3.260622278827016718e+00,3.260622278827016718e+00
1.764999999999995950e+01,1.303618888824593967e+02,3.261066372867850838e+00,3.261066372867850838e+00
1.765999999999996106e+01,1.304271146488337365e+02,3.261510056205486840e+00,3.261510056205486840e+00
1.766999999999996263e+01,1.304923492847684656e+02,3.261953329046749506e+00,3.261953329046749506e+00
1.767999999999996419e+01,1.305575927820557354e+02,3.262396191601447892e+00,3.262396191601447892e+00
1.768999999999996575e+01,1.306228451324920172e+02,3.262838644082342476e+00,3.262838644082342476e+00
1.769999999999996732e+01,1.306881063278778754e+02,3.263280686705105627e+00,3.263280686705105627e+00
1.770999999999996888e+01,1.307533763600183363e+02,3.263722319688293183e+00,3.263722319688293183e+00
1.771999999999997044e+01,1.308186552207228033e+02,3.264163543253309818e+00,3.264163543253309818e+00
1.772999999999997200e+01,1.308839429018052272e+02,3.264604357624397046e+00,3.264604357624397046e+00
1.773999999999997357e+01,1.309492393950839357e+02,3.265044763028574160e+00,3.265044763028574160e+00
1.774999999999997513e+01,1.310145446923818326e+02,3.265484759695623129e+00,3.265484759695623129e+00
1.775999999999997669e+01,1.310798587855266248e+02,3.265924347858056631e+00,3.265924347858056631e+00
1.776999999999997826e+01,1.311451816663503678e+02,3.266363527751090512e+00,3.266363527751090512e+00
1.777999999999997982e+01,1.312105133266902328e+02,3.266802299612591387e+00,3.266802299612591387e+00
1.778999999999998138e+01,1.312758537583878820e+02,3.267240663683086854e+00,3.267240663683086854e+00
1.779999999999998295e+01,1.313412029532899226e+02,3.267678620205714424e+00,3.267678620205714424e+00
1.780999999999998451e+01,1.314065609032479074e+02,3.268116169426176665e+00,3.268116169426176665e+00
1.781999999999998607e+01,1.314719276001181072e+02,3.268553311592726107e+00,3.268553311592726107e+00
1.782999999999998764e+01,1.315373030357621360e+02,3.268990046956155915e+00,3.268990046956155915e+00
1.783999999999998920e+01,1.316026872020463543e+02,3.269426375769739490e+00,3.269426375769739490e+00
1.784999999999999076e+01,1.316680800908422952e+02,3.269862298289219371e+00,3.269862298289219371e+00
1.785999999999999233e+01,1.317334816940266933e+02,3.270297814772771261e+00,3.270297814772771261e+00
1.786999999999999389e+01,1.317988920034815123e+02,3.270732925480988484e+00,3.270732925480988484e+00
1.787999999999999545e+01,1.318643110110936334e+02,3.271167630676840687e+00,3.271167630676840687e+00
1.788999999999999702e+01,1.319297387087557070e+02,3.271601930625636978e+00,3.271601930625636978e+00
1.789999999999999858e+01,1.319951750883652721e+02,3.272035825595028147e+00,3.272035825595028147e+00
1.791000000000000014e+01,1.320606201418255239e+02,3.272469315854952931e+00,3.272469315854952931e+00
1.792000000000000171e+01,1.321260738610450005e+02,3.272902401677620254e+00,3.272902401677620254e+00
1.793000000000000327e+01,1.321915362379376404e+02,3.273335083337485241e+00,3.273335083337485241e+00
1.794000000000000483e+01,1.322570072644229526e+02,3.273767361111233232e+00,3.273767361111233232e+00
1.795000000000000639e+01,1.323224869324260169e+02,3.274199235277727826e+00,3.274199235277727826e+00
1.796000000000000796e+01,1.323879752338774551e+02,3.274630706117997558e+00,3.274630706117997558e+00
1.797000000000000952e+01,1.324534721607136021e+02,3.275061773915203922e+00,3.275061773915203922e+00
1.798000000000001108e+01,1.325189777048764483e+02,3.275492438954622276e+00,3.275492438954622276e+00
1.799000000000001265e+01,1.325844918583136973e+02,3.275922701523622749e+00,3.275922701523622749e+00
1.800000000000001421e+01,1.326500146129788220e+02,3.276352561911624495e+00,3.276352561911624495e+00
1.801000000000001577e+01,1.327155459608310650e+02,3.276782020410093477e+00,3.276782020410093477e+00
1.802000000000001734e+01,1.327810858938356660e+02,3.277211077312497167e+00,3.277211077312497167e+00
1.803000000000001890e+01,1.328466344039635203e+02,3.277639732914292559e+00,3.277639732914292559e+00
1.804000000000002046e+01,1.329121914831916627e+02,3.278067987512898629e+00,3.278067987512898629e+00
1.805000000000002203e+01,1.329777571235030678e+02,3.278495841407667921e+00,3.278495841407667921e+00
1.806000000000002359e+01,1.330433313168865652e+02,3.278923294899860785e+00,3.278923294899860785e+00
1.807000000000002515e+01,1.331089140553370953e+02,3.279350348292625394e+00,3.279350348292625394e+00
1.808000000000002672e+01,1.331745053308558226e+02,3.279777001890977317e+00,3.279777001890977317e+00
1.809000000000002828e+01,1.332401051354499089e+02,3.280203256001773759e+00,3.280203256001773759e+00
1.810000000000002984e+01,1.333057134611326262e+02,3.280629110933682480e+00,3.280629110933682480e+00
1.811000000000003141e+01,1.333713302999235282e+02,3.281054566997167576e+00,3.281054566997167576e+00
1.812000000000003297e+01,1.334369556438484210e+02,3.281479624504455739e+00,3.281479624504455739e+00
1.813000000000003453e+01,1.335025894849391932e+02,3.281904283769532693e+00,3.281904283769532693e+00
1.814000000000003610e+01,1.335682318152342418e+02,3.282328545108085915e+00,3.282328545108085915e+00
1.815000000000003766e+01,1.336338826267781315e+02,3.282752408837513958e+00,3.282752408837513958e+00
1.816000000000003922e+01,1.336995419116218784e+02,3.283175875276904687e+00,3.283175875276904687e+00
1.817000000000004079e+01,1.337652096618229507e+02,3.283598944746989545e+00,3.283598944746989545e+00
1.818000000000004235e+01,1.338308858694451828e+02,3.284021617570136886e+00,3.284021617570136886e+00
1.819000000000004391e+01,1.338965705265587474e+02,3.284443894070323111e+00,3.284443894070323111e+00
1.820000000000004547e+01,1.339622636252405243e+02,3.284865774573109576e+00,3.284865774573109576e+00
1.821000000000004704e+01,1.340279651575737887e+02,3.285287259405631044e+00,3.285287259405631044e+00
1.822000000000004860e+01,1.340936751156485229e+02,3.285708348896570374e+00,3.285708348896570374e+00
1.823000000000005016e+01,1.341593934915610191e+02,3.286129043376138981e+00,3.286129043376138981e+00
1.824000000000005173e+01,1.342251202774145895e+02,3.286549343176041749e+00,3.286549343176041749e+00
1.825000000000005329e+01,1.342908554653187139e+02,3.286969248629471263e+00,3.286969248629471263e+00
1.826000000000005485e+01,1.343565990473900058e+02,3.287388760071083382e+00,3.287388760071083382e+00
1.827000000000005642e+01,1.344223510157515307e+02,3.287807877836967041e+00,3.287807877836967041e+00
1.828000000000005798e+01,1.344881113625330045e+02,3.288226602264640697e+00,3.288226602264640697e+00
1.829000000000005954e+01,1.345538800798712202e+02,3.288644933693027461e+00,3.288644933693027461e+00
1.830000000000006111e+01,1.346196571599095364e+02,3.289062872462422238e+00,3.289062872462422238e+00
1.831000000000006267e+01,1.346854425947981895e+02,3.289480418914473958e+00,3.289480418914473958e+00
1.832000000000006423e+01,1.347512363766942656e+02,3.289897573392190022e+00,3.289897573392190022e+00
1.833000000000006580e+01,1.348170384977616436e+02,3.290314336239895887e+00,3.290314336239895887e+00
1.834000000000006736e+01,1.348828489501713079e+02,3.290730707803204425e+00,3.290730707803204425e+00
1.835000000000006892e+01,1.349486677261008936e+02,3.291146688429019473e+00,3.291146688429019473e+00
1.836000000000007049e+01,1.350144948177352546e+02,3.291562278465509639e+00,3.291562278465509639e+00
1.837000000000007205e+01,1.350803302172659244e+02,3.291977478262093193e+00,3.291977478262093193e+00
1.838000000000007361e+01,1.351461739168918257e+02,3.292392288169405212e+00,3.292392288169405212e+00
1.839000000000007518e+01,1.352120259088184753e+02,3.292806708539284699e+00,3.292806708539284699e+00
1.840000000000007674e+01,1.352778861852588932e+02,3.293220739724767032e+00,3.293220739724767032e+00
1.841000000000007830e+01,1.353437547384326365e+02,3.293634382080053769e+00,3.293634382080053769e+00
1.842000000000007987e+01,1.354096315605669076e+02,3.294047635960501541e+00,3.294047635960501541e+00
1.843000000000008143e+01,1.354755166438956167e+02,3.294460501722600743e+00,3.294460501722600743e+00
1.844000000000008299e+01,1.355414099806600916e+02,3.294872979723952433e+00,3.294872979723952433e+00
1.845000000000008455e+01,1.356073115631085102e+02,3.295285070323259458e+00,3.295285070323259458e+00
1.846000000000008612e+01,1.356732213834966103e+02,3.295696773880306907e+00,3.295696773880306907e+00
1.847000000000008768e+01,1.357391394340870932e+02,3.296108090755948350e+00,3.296108090755948350e+00
1.848000000000008924e+01,1.358050657071499359e+02,3.296519021312067199e+00,3.296519021312067199e+00
1.849000000000009081e+01,1.358710001949623347e+02,3.296929565911591808e+00,3.296929565911591808e+00
1.850000000000009237e+01,1.359369428898088756e+02,3.297339724918452841e+00,3.297339724918452841e+00
1.851000000000009393e+01,1.360028937839813068e+02,3.297749498697582382e+00,3.297749498697582382e+00
1.852000000000009550e+01,1.360688528697786808e+02,3.298158887614883295e+00,3.298158887614883295e+00
1.853000000000009706e+01,1.361348201395075534e+02,3.298567892037234550e+00,3.298567892037234550e+00
1.854000000000009862e+01,1.362007955854815862e+02,3.298976512332445932e+00,3.298976512332445932e+00
1.855000000000010019e+01,1.362667792000219436e+02,3.299384748869262474e+00,3.299384748869262474e+00
1.856000000000010175e+01,1.363327709754571799e+02,3.299792602017342702e+00,3.299792602017342702e+00
1.857000000000010331e+01,1.363987709041233245e+02,3.300200072147250197e+00,3.300200072147250197e+00
1.858000000000010488e+01,1.364647789783634551e+02,3.300607159630414511e+00,3.300607159630414511e+00
1.859000000000010644e+01,1.365307951905285222e+02,3.301013864839153378e+00,3.301013864839153378e+00
1.860000000000010800e+01,1.365968195329768378e+02,3.301420188146612311e+00,3.301420188146612311e+00
1.861000000000010957e+01,1.366628519980739895e+02,3.301826129926782372e+00,3.301826129926782372e+00
1.862000000000011113e+01,1.367288925781932392e+02,3.302231690554480181e+00,3.302231690554480181e+00
1.863000000000011269e+01,1.367949412657152664e+02,3.302636870405312841e+00,3.302636870405312841e+00
1.864000000000011426e+01,1.368609980530283678e+02,3.303041669855689033e+00,3.303041669855689033e+00
1.865000000000011582e+01,1.369270629325280879e+02,3.303446089282793263e+00,3.303446089282793263e+00
1.866000000000011738e+01,1.369931358966180710e+02,3.303850129064567209e+00,3.303850129064567209e+00
1.867000000000011894e+01,1.370592169377088680e+02,3.304253789579693734e+00,3.304253789579693734e+00
1.868000000000012051e+01,1.371253060482191017e+02,3.304657071207594221e+00,3.304657071207594221e+00
1.869000000000012207e+01,1.371914032205747844e+02,3.305059974328407257e+00,3.305059974328407257e+00
1.870000000000012363e+01,1.372575084472096592e+02,3.305462499322974423e+00,3.305462499322974423e+00
1.871000000000012520e+01,1.373236217205650291e+02,3.305864646572820309e+00,3.305864646572820309e+00
1.872000000000012676e+01,1.373897430330895872e+02,3.306266416460148516e+00,3.306266416460148516e+00
1.873000000000012832e+01,1.374558723772401834e+02,3.306667809367830113e+00,3.306667809367830113e+00
1.874000000000012989e+01,1.375220097454808865e+02,3.307068825679371660e+00,3.307068825679371660e+00
1.875000000000013145e+01,1.375881551302837806e+02,3.307469465778924977e+00,3.307469465778924977e+00
1.876000000000013301e+01,1.376543085241282540e+02,3.307869730051260060e+00,3.307869730051260060e+00
1.877000000000013458e+01,1.377204699195017668e+02,3.308269618881748642e+00,3.308269618881748642e+00
1.878000000000013614e+01,1.377866393088992254e+02,3.308669132656368195e+00,3.308669132656368195e+00
1.879000000000013770e+01,1.378528166848235230e+02,3.309068271761673952e+00,3.309068271761673952e+00
1.880000000000013927e+01,1.379190020397851129e+02,3.309467036584789135e+00,3.309467036584789135e+00
1.881000000000014083e+01,1.379851953663020367e+02,3.309865427513390301e+00,3.309865427513390301e+00
1.882000000000014239e+01,1.380513966569006072e+02,3.310263444935703792e+00,3.310263444935703792e+00
1.883000000000014396e+01,1.381176059041143276e+02,3.310661089240473309e+00,3.310661089240473309e+00
1.884000000000014552e+01,1.381838231004847728e+02,3.311058360816976354e+00,3.311058360816976354e+00
1.885000000000014708e+01,1.382500482385613338e+02,3.311455260055000238e+00,3.311455260055000238e+00
1.886000000000014865e+01,1.383162813109011893e+02,3.311851787344806564e+00,3.311851787344806564e+00
1.887000000000015021e+01,1.383825223100691630e+02,3.312247943077155199e+00,3.312247943077155199e+00
1.888000000000015177e+01,1.384487712286380940e+02,3.312643727643268754e+00,3.312643727643268754e+00
1.889000000000015334e+01,1.385150280591885803e+02,3.313039141434835688e+00,3.313039141434835688e+00
1.890000000000015490e+01,1.385812927943089790e+02,3.313434184843986774e+00,3.313434184843986774e+00
1.891000000000015646e+01,1.386475654265956052e+02,3.313828858263287103e+00,3.313828858263287103e+00
1.892000000000015802e+01,1.387138459486526756e+02,3.314223162085726759e+00,3.314223162085726759e+00
1.893000000000015959e+01,1.387801343530920803e+02,3.314617096704706167e+00,3.314617096704706167e+00
1.894000000000016115e+01,1.388464306325336395e+02,3.315010662514028983e+00,3.315010662514028983e+00
1.895000000000016271e+01,1.389127347796052163e+02,3.315403859907897655e+00,3.315403859907897655e+00
1.896000000000016428e+01,1.389790467869424049e+02,3.315796689280881004e+00,3.315796689280881004e+00
1.897000000000016584e+01,1.390453666471887573e+02,3.316189151027919557e+00,3.316189151027919557e+00
1.898000000000016740e+01,1.391116943529956700e+02,3.316581245544307777e+00,3.316581245544307777e+00
1.899000000000016897e+01,1.391780298970225829e+02,3.316972973225696286e+00,3.316972973225696286e+00
1.900000000000017053e+01,1.392443732719365528e+02,3.317364334468069664e+00,3.317364334468069664e+00
1.901000000000017209e+01,1.393107244704128505e+02,3.317755329667734898e+00,3.317755329667734898e+00
1.902000000000017366e+01,1.393770834851348184e+02,3.318145959221315167e+00,3.318145959221315167e+00
1.903000000000017522e+01,1.394434503087931887e+02,3.318536223525741846e+00,3.318536223525741846e+00
1.904000000000017678e+01,1.395098249340870495e+02,3.318926122978236304e+00,3.318926122978236304e+00
1.905000000000017835e+01,1.395762073537233618e+02,3.319315657976308120e+00,3.319315657976308120e+00
1.906000000000017991e+01,1.396425975604170162e+02,3.319704828917741768e+00,3.319704828917741768e+00
1.907000000000018147e+01,1.397089955468908329e+02,3.320093636200590392e+00,3.320093636200590392e+00
1.908000000000018304e+01,1.397754013058757039e+02,3.320482080223162047e+00,3.320482080223162047e+00
1.909000000000018460e+01,1.398418148301102235e+02,3.320870161384006369e+00,3.320870161384006369e+00
1.910000000000018616e+01,1.399082361123413705e+02,3.321257880081909253e+00,3.321257880081909253e+00
1.911000000000018773e+01,1.399746651453237689e+02,3.321645236715876415e+00,3.321645236715876415e+00
1.912000000000018929e+01,1.400411019218200863e+02,3.322032231685152937e+00,3.322032231685152937e+00
1.913000000000019085e+01,1.401075464346010904e+02,3.322418865389173082e+00,3.322418865389173082e+00
1.914000000000019241e+01,1.401739986764454500e+02,3.322805138227579391e+00,3.322805138227579391e+00
1.915000000000019398e+01,1.402404586401399058e+02,3.323191050600203589e+00,3.323191050600203589e+00
1.916000000000019554e+01,1.403069263184790714e+02,3.323576602907059918e+00,3.323576602907059918e+00
1.917000000000019710e+01,1.403734017042656035e+02,3.323961795548326048e+00,3.323961795548326048e+00
1.918000000000019867e+01,1.404398847903102876e+02,3.324346628924349289e+00,3.324346628924349289e+00
1.919000000000020023e+01,1.405063755694317251e+02,3.324731103435634161e+00,3.324731103435634161e+00
1.920000000000020179e+01,1.405728740344568450e+02,3.325115219482829065e+00,3.325115219482829065e+00
1.921000000000020336e+01,1.406393801782200228e+02,3.325498977466716521e+00,3.325498977466716521e+00
1.922000000000020492e+01,1.407058939935642456e+02,3.325882377788216271e+00,3.325882377788216271e+00
1.923000000000020648e+01,1.407724154733402600e+02,3.326265420848367960e+00,3.326265420848367960e+00
1.924000000000020805e+01,1.408389446104067986e+02,3.326648107048325365e+00,3.326648107048325365e+00
1.925000000000020961e+01,1.409054813976306377e+02,3.327030436789341739e+00,3.327030436789341739e+00
1.926000000000021117e+01,1.409720258278867107e+02,3.327412410472772919e+00,3.327412410472772919e+00
1.927000000000021274e+01,1.410385778940577666e+02,3.327794028500053791e+00,3.327794028500053791e+00
1.928000000000021430e+01,1.411051375890348538e+02,3.328175291272709835e+00,3.328175291272709835e+00
1.929000000000021586e+01,1.411717049057167230e+02,3.328556199192338916e+00,3.328556199192338916e+00
1.930000000000021743e+01,1.412382798370104240e+02,3.328936752660596188e+00,3.328936752660596188e+00
1.931000000000021899e+01,1.413048623758309361e+02,3.329316952079200753e+00,3.329316952079200753e+00
1.932000000000022055e+01,1.413714525151013106e+02,3.329696797849922341e+00,3.329696797849922341e+00
1.933000000000022212e+01,1.414380502477525852e+02,3.330076290374576420e+00,3.330076290374576420e+00
1.934000000000022368e+01,1.415046555667238408e+02,3.330455430055018429e+00,3.330455430055018429e+00
1.935000000000022524e+01,1.415712684649622020e+02,3.330834217293110466e+00,3.330834217293110466e+00
1.936000000000022681e+01,1.416378889354228647e+02,3.331212652490758153e+00,3.331212652490758153e+00
1.937000000000022837e+01,1.417045169710690118e+02,3.331590736049875101e+00,3.331590736049875101e+00
1.938000000000022993e+01,1.417711525648719260e+02,3.331968468372374481e+00,3.331968468372374481e+00
1.939000000000023149e+01,1.418377957098109334e+02,3.332345849860177012e+00,3.332345849860177012e+00
1.940000000000023306e+01,1.419044463988732332e+02,3.332722880915193642e+00,3.332722880915193642e+00
1.941000000000023462e+01,1.419711046250543234e+02,3.333099561939318445e+00,3.333099561939318445e+00
1.942000000000023618e+01,1.420377703813575465e+02,3.333475893334441498e+00,3.333475893334441498e+00
1.943000000000023775e+01,1.421044436607943169e+02,3.333851875502408468e+00,3.333851875502408468e+00
1.944000000000023931e+01,1.421711244563841490e+02,3.334227508845038823e+00,3.334227508845038823e+00
1.945000000000024087e+01,1.422378127611545722e+02,3.334602793764106732e+00,3.334602793764106732e+00
1.946000000000024244e+01,1.423045085681410455e+02,3.334977730661340178e+00,3.334977730661340178e+00
1.947000000000024400e+01,1.423712118703872989e+02,3.335352319938418297e+00,3.335352319938418297e+00
1.948000000000024556e+01,1.424379226609448210e+02,3.335726561996963380e+00,3.335726561996963380e+00
1.949000000000024713e+01,1.425046409328732864e+02,3.336100457238527106e+00,3.336100457238527106e+00
1.950000000000024869e+01,1.425713666792403558e+02,3.336474006064594100e+00,3.336474006064594100e+00
1.951000000000025025e+01,1.426380998931217903e+02,3.336847208876566828e+00,3.336847208876566828e+00
1.952000000000025182e+01,1.427048405676012521e+02,3.337220066075765157e+00,3.337220066075765157e+00
1.953000000000025338e+01,1.427715886957706175e+02,3.337592578063425908e+00,3.337592578063425908e+00
1.954000000000025494e+01,1.428383442707295501e+02,3.337964745240690867e+00,3.337964745240690867e+00
1.955000000000025651e+01,1.429051072855858422e+02,3.338336568008593908e+00,3.338336568008593908e+00
1.956000000000025807e+01,1.429718777334554147e+02,3.338708046768060544e+00,3.338708046768060544e+00
1.957000000000025963e+01,1.430386556074620046e+02,3.339079181919905270e+00,3.339079181919905270e+00
1.958000000000026120e+01,1.431054409007375625e+02,3.339449973864828891e+00,3.339449973864828891e+00
1.959000000000026276e+01,1.431722336064219121e+02,3.339820423003408756e+00,3.339820423003408756e+00
1.960000000000026432e+01,1.432390337176629771e+02,3.340190529736088543e+00,3.340190529736088543e+00
1.961000000000026589e+01,1.433058412276165257e+02,3.340560294463182256e+00,3.340560294463182256e+00
1.962000000000026745e+01,1.433726561294465682e+02,3.340929717584870673e+00,3.340929717584870673e+00
1.963000000000026901e+01,1.434394784163249312e+02,3.341298799501180916e+00,3.341298799501180916e+00
1.964000000000027057e+01,1.435063080814315697e+02,3.341667540611983789e+00,3.341667540611983789e+00
1.965000000000027214e+01,1.435731451179543114e+02,3.342035941317011094e+00,3.342035941317011094e+00
1.966000000000027370e+01,1.436399895190890561e+02,3.342404002015833431e+00,3.342404002015833431e+00
1.967000000000027526e+01,1.437068412780397466e+02,3.342771723107836213e+00,3.342771723107836213e+00
1.968000000000027683e+01,1.437737003880180851e+02,3.343139104992254307e+00,3.343139104992254307e+00
1.969000000000027839e+01,1.438405668422440158e+02,3.343506148068143613e+00,3.343506148068143613e+00
1.970000000000027995e+01,1.439074406339453276e+02,3.343872852734379730e+00,3.343872852734379730e+00
1.971000000000028152e+01,1.439743217563578810e+02,3.344239219389647300e+00,3.344239219389647300e+00
1.972000000000028308e+01,1.440412102027253809e+02,3.344605248432454658e+00,3.344605248432454658e+00
1.973000000000028464e+01,1.441081059662995472e+02,3.344970940261105863e+00,3.344970940261105863e+00
1.974000000000028621e+01,1.441750090403400861e+02,3.345336295273708238e+00,3.345336295273708238e+00
1.975000000000028777e+01,1.442419194181146622e+02,3.345701313868173266e+00,3.345701313868173266e+00
1.976000000000028933e+01,1.443088370928989832e+02,3.346065996442197932e+00,3.346065996442197932e+00
1.977000000000029090e+01,1.443757620579764875e+02,3.346430343393270057e+00,3.346430343393270057e+00
1.978000000000029246e+01,1.444426943066387423e+02,3.346794355118665187e+00,3.346794355118665187e+00
1.979000000000029402e+01,1.445096338321853011e+02,3.347158032015432827e+00,3.347158032015432827e+00
1.980000000000029559e+01,1.445765806279232777e+02,3.347521374480395107e+00,3.347521374480395107e+00
1.981000000000029715e+01,1.446435346871683691e+02,3.347884382910156109e+00,3.347884382910156109e+00
1.982000000000029871e+01,1.447104960032435486e+02,3.348247057701081886e+00,3.348247057701081886e+00
1.983000000000030028e+01,1.447774645694802302e+02,3.348609399249308893e+00,3.348609399249308893e+00
1.984000000000030184e+01,1.448444403792172750e+02,3.348971407950723567e+00,3.348971407950723567e+00
1.985000000000030340e+01,1.449114234258018996e+02,3.349333084200966759e+00,3.349333084200966759e+00
1.986000000000030496e+01,1.449784137025889095e+02,3.349694428395429746e+00,3.349694428395429746e+00
1.987000000000030653e+01,1.450454112029412954e+02,3.350055440929263550e+00,3.350055440929263550e+00
1.988000000000030809e+01,1.451124159202296653e+02,3.350416122197353186e+00,3.350416122197353186e+00
1.989000000000030965e+01,1.451794278478326419e+02,3.350776472594319433e+00,3.350776472594319433e+00
1.990000000000031122e+01,1.452464469791368060e+02,3.351136492514531717e+00,3.351136492514531717e+00
1.991000000000031278e+01,1.453134733075366114e+02,3.351496182352089903e+00,3.351496182352089903e+00
1.992000000000031434e+01,1.453805068264342424e+02,3.351855542500818075e+00,3.351855542500818075e+00
1.993000000000031591e+01,1.454475475292399267e+02,3.352214573354257876e+00,3.352214573354257876e+00
1.994000000000031747e+01,1.455145954093716227e+02,3.352573275305691158e+00,3.352573275305691158e+00
1.995000000000031903e+01,1.455816504602553607e+02,3.352931648748103566e+00,3.352931648748103566e+00
1.996000000000032060e+01,1.456487126753247026e+02,3.353289694074200078e+00,3.353289694074200078e+00
1.997000000000032216e+01,1.457157820480213672e+02,3.353647411676403234e+00,3.353647411676403234e+00
1.998000000000032372e+01,1.457828585717947760e+02,3.354004801946837144e+00,3.354004801946837144e+00
1.999000000000032529e+01,1.458499422401022514e+02,3.354361865277330601e+00,3.354361865277330601e+00
2.000000000000032685e+01,1.459170330464088181e+02,3.354718602059423294e+00,3.354718602059423294e+00
2.001000000000032841e+01,1.459841309841875443e+02,3.355075012684343605e+00,3.355075012684343605e+00
2.002000000000032998e+01,1.460512360469191151e+02,3.355431097543029040e+00,3.355431097543029040e+00
2.003000000000033154e+01,1.461183482280921169e+02,3.355786857026093806e+00,3.355786857026093806e+00
2.004000000000033310e+01,1.461854675212030088e+02,3.356142291523846133e+00,3.356142291523846133e+00
2.005000000000033467e+01,1.462525939197558102e+02,3.356497401426291827e+00,3.356497401426291827e+00
2.006000000000033623e+01,1.463197274172626692e+02,3.356852187123111175e+00,3.356852187123111175e+00
2.007000000000033779e+01,1.463868680072434358e+02,3.357206649003658949e+00,3.357206649003658949e+00
2.008000000000033936e+01,1.464540156832254922e+02,3.357560787456971063e+00,3.357560787456971063e+00
2.009000000000034092e+01,1.465211704387443206e+02,3.357914602871770349e+00,3.357914602871770349e+00
2.010000000000034248e+01,1.465883322673429348e+02,3.358268095636439465e+00,3.358268095636439465e+00
2.011000000000034404e+01,1.466555011625722784e+02,3.358621266139041772e+00,3.358621266139041772e+00
2.012000000000034561e+01,1.467226771179910543e+02,3.358974114767296459e+00,3.358974114767296459e+00
2.013000000000034717e+01,1.467898601271654115e+02,3.359326641908591426e+00,3.359326641908591426e+00
2.014000000000034873e+01,1.468570501836697417e+02,3.359678847949979286e+00,3.359678847949979286e+00
2.015000000000035030e+01,1.469242472810857976e+02,3.360030733278162707e+00,3.360030733278162707e+00
2.016000000000035186e+01,1.469914514130032330e+02,3.360382298279507296e+00,3.360382298279507296e+00
2.017000000000035342e+01,1.470586625730193475e+02,3.360733543340032270e+00,3.360733543340032270e+00
2.018000000000035499e+01,1.471258807547391143e+02,3.361084468845408679e+00,3.361084468845408679e+00
2.019000000000035655e+01,1.471931059517753511e+02,3.361435075180951415e+00,3.361435075180951415e+00
2.020000000000035811e+01,1.472603381577485493e+02,3.361785362731625870e+00,3.361785362731625870e+00
2.021000000000035968e+01,1.473275773662868176e+02,3.362135331882048384e+00,3.362135331882048384e+00
2.022000000000036124e+01,1.473948235710259667e+02,3.362484983016475582e+00,3.362484983016475582e+00
2.023000000000036280e+01,1.474620767656095950e+02,3.362834316518793276e+00,3.362834316518793276e+00
2.024000000000036437e+01,1.475293369436887758e+02,3.363183332772532008e+00,3.363183332772532008e+00
2.025000000000036593e+01,1.475966040989225405e+02,3.363532032160851060e+00,3.363532032160851060e+00
2.026000000000036749e+01,1.476638782249772817e+02,3.363880415066544227e+00,3.363880415066544227e+00
2.027000000000036906e+01,1.477311593155271794e+02,3.364228481872051368e+00,3.364228481872051368e+00
2.028000000000037062e+01,1.477984473642540877e+02,3.364576232959425983e+00,3.364576232959425983e+00
2.029000000000037218e+01,1.478657423648474776e+02,3.364923668710348093e+00,3.364923668710348093e+00
2.030000000000037375e+01,1.479330443110044655e+02,3.365270789506131344e+00,3.365270789506131344e+00
2.031000000000037531e+01,1.480003531964296144e+02,3.365617595727703026e+00,3.365617595727703026e+00
2.032000000000037687e+01,1.480676690148354169e+02,3.365964087755616063e+00,3.365964087755616063e+00
2.033000000000037844e+01,1.481349917599416699e+02,3.366310265970047233e+00,3.366310265970047233e+00
2.034000000000038000e+01,1.482023214254759580e+02,3.366656130750788734e+00,3.366656130750788734e+00
2.035000000000038156e+01,1.482696580051734827e+02,3.367001682477231750e+00,3.367001682477231750e+00
2.036000000000038312e+01,1.483370014927768352e+02,3.367346921528402426e+00,3.367346921528402426e+00
2.037000000000038469e+01,1.484043518820363374e+02,3.367691848282921008e+00,3.367691848282921008e+00
2.038000000000038625e+01,1.484717091667098146e+02,3.368036463119034263e+00,3.368036463119034263e+00
2.039000000000038781e+01,1.485390733405628225e+02,3.368380766414582173e+00,3.368380766414582173e+00
2.040000000000038938e+01,1.486064443973681364e+02,3.368724758547025022e+00,3.368724758547025022e+00
2.041000000000039094e+01,1.486738223309061766e+02,3.369068439893409650e+00,3.369068439893409650e+00
2.042000000000039250e+01,1.487412071349654070e+02,3.369411810830391651e+00,3.369411810830391651e+00
2.043000000000039407e+01,1.488085988033410274e+02,3.369754871734242929e+00,3.369754871734242929e+00
2.044000000000039563e+01,1.488759973298363093e+02,3.370097622980827712e+00,3.370097622980827712e+00
2.045000000000039719e+01,1.489434027082618002e+02,3.370440064945599001e+00,3.370440064945599001e+00
2.046000000000039876e+01,1.490108149324356077e+02,3.370782198003615449e+00,3.370782198003615449e+00
2.047000000000040032e+01,1.490782339961834566e+02,3.371124022529520925e+00,3.371124022529520925e+00
2.048000000000040188e+01,1.491456598933382907e+02,3.371465538897559178e+00,3.371465538897559178e+00
2.049000000000040345e+01,1.492130926177407275e+02,3.371806747481563615e+00,3.371806747481563615e+00
2.050000000000040501e+01,1.492805321632389735e+02,3.372147648654973739e+00,3.372147648654973739e+00
2.051000000000040657e+01,1.493479785236883401e+02,3.372488242790798729e+00,3.372488242790798729e+00
2.052000000000040814e+01,1.494154316929519268e+02,3.372828530261642754e+00,3.372828530261642754e+00
2.053000000000040970e+01,1.494828916649001371e+02,3.373168511439695205e+00,3.373168511439695205e+00
2.054000000000041126e+01,1.495503584334108496e+02,3.373508186696733357e+00,3.373508186696733357e+00
2.055000000000041283e+01,1.496178319923693039e+02,3.373847556404121484e+00,3.373847556404121484e+00
2.056000000000041439e+01,1.496853123356683000e+02,3.374186620932793979e+00,3.374186620932793979e+00
2.057000000000041595e+01,1.497527994572078853e+02,3.374525380653281559e+00,3.374525380653281559e+00
2.058000000000041751e+01,1.498202933508956676e+02,3.374863835935686840e+00,3.374863835935686840e+00
2.059000000000041908e+01,1.498877940106465871e+02,3.375201987149694549e+00,3.375201987149694549e+00
2.060000000000042064e+01,1.499553014303828320e+02,3.375539834664567529e+00,3.375539834664567529e+00
2.061000000000042220e+01,1.500228156040343777e+02,3.375877378849141852e+00,3.375877378849141852e+00
2.062000000000042377e+01,1.500903365255380209e+02,3.376214620071831263e+00,3.376214620071831263e+00
2.063000000000042533e+01,1.501578641888384027e+02,3.376551558700626732e+00,3.376551558700626732e+00
2.064000000000042689e+01,1.502253985878872129e+02,3.376888195103098678e+00,3.376888195103098678e+00
2.065000000000042846e+01,1.502929397166436445e+02,3.377224529646374762e+00,3.377224529646374762e+00
2.066000000000043002e+01,1.503604875690741096e+02,3.377560562697155877e+00,3.377560562697155877e+00
2.067000000000043158e+01,1.504280421391525806e+02,3.377896294621724582e+00,3.377896294621724582e+00
2.068000000000043315e+01,1.504956034208601352e+02,3.378231725785927342e+00,3.378231725785927342e+00
2.069000000000043471e+01,1.505631714081851271e+02,3.378566856555179410e+00,3.378566856555179410e+00
2.070000000000043627e+01,1.506307460951233850e+02,3.378901687294458611e+00,3.378901687294458611e+00
2.071000000000043784e+01,1.506983274756778712e+02,3.379236218368317779e+00,3.379236218368317779e+00
2.072000000000043940e+01,1.507659155438591085e+02,3.379570450140873206e+00,3.379570450140873206e+00
2.073000000000044096e+01,1.508335102936844692e+02,3.379904382975801536e+00,3.379904382975801536e+00
2.074000000000044253e+01,1.509011117191790845e+02,3.380238017236351311e+00,3.380238017236351311e+00
2.075000000000044409e+01,1.509687198143749072e+02,3.380571353285319436e+00,3.380571353285319436e+00
2.076000000000044565e+01,1.510363345733114500e+02,3.380904391485074711e+00,3.380904391485074711e+00
2.077000000000044722e+01,1.511039559900352458e+02,3.381237132197558282e+00,3.381237132197558282e+00
2.078000000000044878e+01,1.511715840586002457e+02,3.381569575784265425e+00,3.381569575784265425e+00
2.079000000000045034e+01,1.512392187730675062e+02,3.381901722606238003e+00,3.381901722606238003e+00
2.080000000000045191e+01,1.513068601275054164e+02,3.382233573024093776e+00,3.382233573024093776e+00
2.081000000000045347e+01,1.513745081159893857e+02,3.382565127398000193e+00,3.382565127398000193e+00
2.082000000000045503e+01,1.514421627326022133e+02,3.382896386087673513e+00,3.382896386087673513e+00
2.083000000000045659e+01,1.515098239714337183e+02,3.383227349452412103e+00,3.383227349452412103e+00
2.084000000000045816e+01,1.515774918265810527e+02,3.383558017851065802e+00,3.383558017851065802e+00
2.085000000000045972e+01,1.516451662921485593e+02,3.383888391642021709e+00,3.383888391642021709e+00
2.086000000000046128e+01,1.517128473622476292e+02,3.384218471183229493e+00,3.384218471183229493e+00
2.087000000000046285e+01,1.517805350309966741e+02,3.384548256832202728e+00,3.384548256832202728e+00
2.088000000000046441e+01,1.518482292925217507e+02,3.384877748946009124e+00,3.384877748946009124e+00
2.089000000000046597e+01,1.519159301409553393e+02,3.385206947881259865e+00,3.385206947881259865e+00
2.090000000000046754e+01,1.519836375704377360e+02,3.385535853994120270e+00,3.385535853994120270e+00
2.091000000000046910e+01,1.520513515751158309e+02,3.385864467640319120e+00,3.385864467640319120e+00
2.092000000000047066e+01,1.521190721491440172e+02,3.386192789175122009e+00,3.386192789175122009e+00
2.093000000000047223e+01,1.521867992866836232e+02,3.386520818953357104e+00,3.386520818953357104e+00
2.094000000000047379e+01,1.522545329819029121e+02,3.386848557329401377e+00,3.386848557329401377e+00
2.095000000000047535e+01,1.523222732289774513e+02,3.387176004657186379e+00,3.387176004657186379e+00
2.096000000000047692e+01,1.523900200220898569e+02,3.387503161290191578e+00,3.387503161290191578e+00
2.097000000000047848e+01,1.524577733554297367e+02,3.387830027581438141e+00,3.387830027581438141e+00
2.098000000000048004e+01,1.525255332231937757e+02,3.388156603883499596e+00,3.388156603883499596e+00
2.099000000000048161e+01,1.525932996195857640e+02,3.388482890548504489e+00,3.388482890548504489e+00
2.100000000000048317e+01,1.526610725388164269e+02,3.388808887928129288e+00,3.388808887928129288e+00
2.101000000000048473e+01,1.527288519751035096e+02,3.389134596373593933e+00,3.389134596373593933e+00
2.102000000000048630e+01,1.527966379226719482e+02,3.389460016235667172e+00,3.389460016235667172e+00
2.103000000000048786e+01,1.528644303757535567e+02,3.389785147864664783e+00,3.389785147864664783e+00
2.104000000000048942e+01,1.529322293285871694e+02,3.390109991610458007e+00,3.390109991610458007e+00
2.105000000000049099e+01,1.530000347754185839e+02,3.390434547822454014e+00,3.390434547822454014e+00
2.106000000000049255e+01,1.530678467105006462e+02,3.390758816849614554e+00,3.390758816849614554e+00
2.107000000000049411e+01,1.531356651280931374e+02,3.391082799040436413e+00,3.391082799040436413e+00
2.108000000000049567e+01,1.532034900224628871e+02,3.391406494742974065e+00,3.391406494742974065e+00
2.109000000000049724e+01,1.532713213878834324e+02,3.391729904304828569e+00,3.391729904304828569e+00
2.110000000000049880e+01,1.533391592186355865e+02,3.392053028073138243e+00,3.392053028073138243e+00
2.111000000000050036e+01,1.534070035090068700e+02,3.392375866394590211e+00,3.392375866394590211e+00
2.112000000000050193e+01,1.534748542532919373e+02,3.392698419615419514e+00,3.392698419615419514e+00
2.113000000000050349e+01,1.535427114457920368e+02,3.393020688081398450e+00,3.393020688081398450e+00
2.114000000000050505e+01,1.536105750808156643e+02,3.393342672137848126e+00,3.393342672137848126e+00
2.115000000000050662e+01,1.536784451526780799e+02,3.393664372129633566e+00,3.393664372129633566e+00
2.116000000000050818e+01,1.537463216557013652e+02,3.393985788401161940e+00,3.393985788401161940e+00
2.117000000000050974e+01,1.538142045842146217e+02,3.394306921296396773e+00,3.394306921296396773e+00
2.118000000000051131e+01,1.538820939325537154e+02,3.394627771158829077e+00,3.394627771158829077e+00
2.119000000000051287e+01,1.539499896950614186e+02,3.394948338331501336e+00,3.394948338331501336e+00
2.120000000000051443e+01,1.540178918660874388e+02,3.395268623157009724e+00,3.395268623157009724e+00
2.121000000000051600e+01,1.540858004399881906e+02,3.395588625977480124e+00,3.395588625977480124e+00
2.122000000000051756e+01,1.541537154111269672e+02,3.395908347134579230e+00,3.395908347134579230e+00
2.123000000000051912e+01,1.542216367738740530e+02,3.396227786969525209e+00,3.396227786969525209e+00
2.124000000000052069e+01,1.542895645226061845e+02,3.396546945823093466e+00,3.396546945823093466e+00
2.125000000000052225e+01,1.543574986517074024e+02,3.396865824035577575e+00,3.396865824035577575e+00
2.126000000000052381e+01,1.544254391555680854e+02,3.397184421946828348e+00,3.397184421946828348e+00
2.127000000000052538e+01,1.544933860285856326e+02,3.397502739896231194e+00,3.397502739896231194e+00
2.128000000000052694e+01,1.545613392651643778e+02,3.397820778222720772e+00,3.397820778222720772e+00
2.129000000000052850e+01,1.546292988597149929e+02,3.398138537264776105e+00,3.398138537264776105e+00
2.130000000000053006e+01,1.546972648066553404e+02,3.398456017360418802e+00,3.398456017360418802e+00
2.131000000000053163e+01,1.547652371004097631e+02,3.398773218847214395e+00,3.398773218847214395e+00
2.132000000000053319e+01,1.548332157354096239e+02,3.399090142062267006e+00,3.399090142062267006e+00
2.133000000000053475e+01,1.549012007060926805e+02,3.399406787342229563e+00,3.399406787342229563e+00
2.134000000000053632e+01,1.549691920069037110e+02,3.399723155023291365e+00,3.399723155023291365e+00
2.135000000000053788e+01,1.550371896322939449e+02,3.400039245441190960e+00,3.400039245441190960e+00
2.136000000000053944e+01,1.551051935767216889e+02,3.400355058931209484e+00,3.400355058931209484e+00
2.137000000000054101e+01,1.551732038346515878e+02,3.400670595828173770e+00,3.400670595828173770e+00
2.138000000000054257e+01,1.552412204005551359e+02,3.400985856466450574e+00,3.400985856466450574e+00
2.139000000000054413e+01,1.553092432689106488e+02,3.401300841179952350e+00,3.401300841179952350e+00
2.140000000000054570e+01,1.553772724342026663e+02,3.401615550302123925e+00,3.401615550302123925e+00
2.141000000000054726e+01,1.554453078909229475e+02,3.401929984165976695e+00,3.401929984165976695e+00
2.142000000000054882e+01,1.555133496335696748e+02,3.402244143104053542e+00,3.402244143104053542e+00
2.143000000000055039e+01,1.555813976566475390e+02,3.402558027448432831e+00,3.402558027448432831e+00
2.144000000000055195e+01,1.556494519546678816e+02,3.402871637530752835e+00,3.402871637530752835e+00
2.145000000000055351e+01,1.557175125221490646e+02,3.403184973682191305e+00,3.403184973682191305e+00
2.146000000000055508e+01,1.557855793536155034e+02,3.403498036233466362e+00,3.403498036233466362e+00
2.147000000000055664e+01,1.558536524435986337e+02,3.403810825514842264e+00,3.403810825514842264e+00
2.148000000000055820e+01,1.559217317866363999e+02,3.404123341856125862e+00,3.404123341856125862e+00
2.149000000000055977e+01,1.559898173772732264e+02,3.404435585586665702e+00,3.404435585586665702e+00
2.150000000000056133e+01,1.560579092100601599e+02,3.404747557035369798e+00,3.404747557035369798e+00
2.151000000000056289e+01,1.561260072795549263e+02,3.405059256530688749e+00,3.405059256530688749e+00
2.152000000000056446e+01,1.561941115803216462e+02,3.405370684400608638e+00,3.405370684400608638e+00
2.153000000000056602e+01,1.562622221069311763e+02,3.405681840972667906e+00,3.405681840972667906e+00
2.154000000000056758e+01,1.563303388539608818e+02,3.405992726573945362e+00,3.405992726573945362e+00
2.155000000000056914e+01,1.563984618159944375e+02,3.406303341531069506e+00,3.406303341531069506e+00
2.156000000000057071e+01,1.564665909876223964e+02,3.406613686170216315e+00,3.406613686170216315e+00
2.157000000000057227e+01,1.565347263634415640e+02,3.406923760817110569e+00,3.406923760817110569e+00
2.158000000000057383e+01,1.566028679380552830e+02,3.407233565797013863e+00,3.407233565797013863e+00
2.159000000000057540e+01,1.566710157060736606e+02,3.407543101434744148e+00,3.407543101434744148e+00
2.160000000000057696e+01,1.567391696621129427e+02,3.407852368054666403e+00,3.407852368054666403e+00
2.161000000000057852e+01,1.568073298007960830e+02,3.408161365980695301e+00,3.408161365980695301e+00
2.162000000000058009e+01,1.568754961167524300e+02,3.408470095536278777e+00,3.408470095536278777e+00
2.163000000000058165e+01,1.569436686046177272e+02,3.408778557044431778e+00,3.408778557044431778e+00
2.164000000000058321e+01,1.570118472590344254e+02,3.409086750827705181e+00,3.409086750827705181e+00
2.165000000000058478e+01,1.570800320746510579e+02,3.409394677208198221e+00,3.409394677208198221e+00
2.166000000000058634e+01,1.571482230461229221e+02,3.409702336507566045e+00,3.409702336507566045e+00
2.167000000000058790e+01,1.572164201681116253e+02,3.410009729047012605e+00,3.410009729047012605e+00
2.168000000000058947e+01,1.572846234352849990e+02,3.410316855147290660e+00,3.410316855147290660e+00
2.169000000000059103e+01,1.573528328423176390e+02,3.410623715128700884e+00,3.410623715128700884e+00
2.170000000000059259e+01,1.574210483838904224e+02,3.410930309311084319e+00,3.410930309311084319e+00
2.171000000000059416e+01,1.574892700546903086e+02,3.411236638013844580e+00,3.411236638013844580e+00
2.172000000000059572e+01,1.575574978494111065e+02,3.411542701555940305e+00,3.411542701555940305e+00
2.173000000000059728e+01,1.576257317627527357e+02,3.411848500255873606e+00,3.411848500255873606e+00
2.174000000000059885e+01,1.576939717894216244e+02,3.412154034431702065e+00,3.412154034431702065e+00
2.175000000000060041e+01,1.577622179241302831e+02,3.412459304401024074e+00,3.412459304401024074e+00
2.176000000000060197e+01,1.578304701615977876e+02,3.412764310481000596e+00,3.412764310481000596e+00
2.177000000000060353e+01,1.578987284965496372e+02,3.413069052988345842e+00,3.413069052988345842e+00
2.178000000000060510e+01,1.579669929237175836e+02,3.413373532239325492e+00,3.413373532239325492e+00
2.179000000000060666e+01,1.580352634378394043e+02,3.413677748549752256e+00,3.413677748549752256e+00
2.180000000000060822e+01,1.581035400336596695e+02,3.413981702235001858e+00,3.413981702235001858e+00
2.181000000000060979e+01,1.581718227059290030e+02,3.414285393609997499e+00,3.414285393609997499e+00
2.182000000000061135e+01,1.582401114494042247e+02,3.414588822989214290e+00,3.414588822989214290e+00
2.183000000000061291e+01,1.583084062588486916e+02,3.414891990686686363e+00,3.414891990686686363e+00
2.184000000000061448e+01,1.583767071290319564e+02,3.415194897016009534e+00,3.415194897016009534e+00
2.185000000000061604e+01,1.584450140547295405e+02,3.415497542290318655e+00,3.415497542290318655e+00
2.186000000000061760e+01,1.585133270307236728e+02,3.415799926822310262e+00,3.415799926822310262e+00
2.187000000000061917e+01,1.585816460518025508e+02,3.416102050924251454e+00,3.416102050924251454e+00
2.188000000000062073e+01,1.586499711127607952e+02,3.416403914907955475e+00,3.416403914907955475e+00
2.189000000000062229e+01,1.587183022083990807e+02,3.416705519084790588e+00,3.416705519084790588e+00
2.190000000000062386e+01,1.587866393335243913e+02,3.417006863765685853e+00,3.417006863765685853e+00
2.191000000000062542e+01,1.588549824829498505e+02,3.417307949261126687e+00,3.417307949261126687e+00
2.192000000000062698e+01,1.589233316514948626e+02,3.417608775881159744e+00,3.417608775881159744e+00
2.193000000000062855e+01,1.589916868339852556e+02,3.417909343935372046e+00,3.417909343935372046e+00
2.194000000000063011e+01,1.590600480252524846e+02,3.418209653732935838e+00,3.418209653732935838e+00
2.195000000000063167e+01,1.591284152201347126e+02,3.418509705582573055e+00,3.418509705582573055e+00
2.196000000000063324e+01,1.591967884134759572e+02,3.418809499792561546e+00,3.418809499792561546e+00
2.197000000000063480e+01,1.592651676001264889e+02,3.419109036670740398e+00,3.419109036670740398e+00
2.198000000000063636e+01,1.593335527749428877e+02,3.419408316524513936e+00,3.419408316524513936e+00
2.199000000000063793e+01,1.594019439327875887e+02,3.419707339660850387e+00,3.419707339660850387e+00
2.200000000000063949e+01,1.594703410685294216e+02,3.420006106386273448e+00,3.420006106386273448e+00
2.201000000000064105e+01,1.595387441770431849e+02,3.420304617006873382e+00,3.420304617006873382e+00
2.202000000000064261e+01,1.596071532532098161e+02,3.420602871828298142e+00,3.420602871828298142e+00
2.203000000000064418e+01,1.596755682919163917e+02,3.420900871155758249e+00,3.420900871155758249e+00
2.204000000000064574e+01,1.597439892880561843e+02,3.421198615294040124e+00,3.421198615294040124e+00
2.205000000000064730e+01,1.598124162365282928e+02,3.421496104547482542e+00,3.421496104547482542e+00
2.206000000000064887e+01,1.598808491322381542e+02,3.421793339219977970e+00,3.421793339219977970e+00
2.207000000000065043e+01,1.599492879700972026e+02,3.422090319615006315e+00,3.422090319615006315e+00
2.208000000000065199e+01,1.600177327450228688e+02,3.422387046035607394e+00,3.422387046035607394e+00
2.209000000000065356e+01,1.600861834519387230e+02,3.422683518784382262e+00,3.422683518784382262e+00
2.210000000000065512e+01,1.601546400857743606e+02,3.422979738163496766e+00,3.422979738163496766e+00
2.211000000000065668e+01,1.602231026414654025e+02,3.423275704474690428e+00,3.423275704474690428e+00
2.212000000000065825e+01,1.602915711139534665e+02,3.423571418019262680e+00,3.423571418019262680e+00
2.213000000000065981e+01,1.603600454981862526e+02,3.423866879098085736e+00,3.423866879098085736e+00
2.214000000000066137e+01,1.604285257891174581e+02,3.424162088011597049e+00,3.424162088011597049e+00
2.215000000000066294e+01,1.604970119817068337e+02,3.424457045059808191e+00,3.424457045059808191e+00
2.216000000000066450e+01,1.605655040709199000e+02,3.424751750542300410e+00,3.424751750542300410e+00
2.217000000000066606e+01,1.606340020517286291e+02,3.425046204758221080e+00,3.425046204758221080e+00
2.218000000000066763e+01,1.607025059191103651e+02,3.425340408006276149e+00,3.425340408006276149e+00
2.219000000000066919e+01,1.607710156680489035e+02,3.425634360584759897e+00,3.425634360584759897e+00
2.220000000000067075e+01,1.608395312935338097e+02,3.425928062791535389e+00,3.425928062791535389e+00
2.221000000000067232e+01,1.609080527905606743e+02,3.426221514924036260e+00,3.426221514924036260e+00
2.222000000000067388e+01,1.609765801541308861e+02,3.426514717279266709e+00,3.426514717279266709e+00
2.223000000000067544e+01,1.610451133792519727e+02,3.426807670153803720e+00,3.426807670153803720e+00
2.224000000000067701e+01,1.611136524609372032e+02,3.427100373843797065e+00,3.427100373843797065e+00
2.225000000000067857e+01,1.611821973942058435e+02,3.427392828644971523e+00,3.427392828644971523e+00
2.226000000000068013e+01,1.612507481740830428e+02,3.427685034852626877e+00,3.427685034852626877e+00
2.227000000000068169e+01,1.613193047955999759e+02,3.427976992761636588e+00,3.427976992761636588e+00
2.228000000000068326e+01,1.613878672537935870e+02,3.428268702666459777e+00,3.428268702666459777e+00
2.229000000000068482e+01,1.614564355437067320e+02,3.428560164861118142e+00,3.428560164861118142e+00
2.230000000000068638e+01,1.615250096603880650e+02,3.428851379639205721e+00,3.428851379639205721e+00
2.231000000000068795e+01,1.615935895988923505e+02,3.429142347293910209e+00,3.429142347293910209e+00
2.232000000000068951e+01,1.616621753542799240e+02,3.429433068117989869e+00,3.429433068117989869e+00
2.233000000000069107e+01,1.617307669216171178e+02,3.429723542403777969e+00,3.429723542403777969e+00
2.234000000000069264e+01,1.617993642959760905e+02,3.430013770443190779e+00,3.430013770443190779e+00
2.235000000000069420e+01,1.618679674724349411e+02,3.430303752527716021e+00,3.430303752527716021e+00
2.236000000000069576e+01,1.619365764460772823e+02,3.430593488948429748e+00,3.430593488948429748e+00
2.237000000000069733e+01,1.620051912119929511e+02,3.430882979995993676e+00,3.430882979995993676e+00
2.238000000000069889e+01,1.620738117652771564e+02,3.431172225960639643e+00,3.431172225960639643e+00
2.239000000000070045e+01,1.621424381010314448e+02,3.431461227132180714e+00,3.431461227132180714e+00
2.240000000000070202e+01,1.622110702143625645e+02,3.431749983800018722e+00,3.431749983800018722e+00
2.241000000000070358e+01,1.622797081003834876e+02,3.432038496253134507e+00,3.432038496253134507e+00
2.242000000000070514e+01,1.623483517542127004e+02,3.432326764780088357e+00,3.432326764780088357e+00
2.243000000000070671e+01,1.624170011709747143e+02,3.432614789669027111e+00,3.432614789669027111e+00
2.244000000000070827e+01,1.624856563457995264e+02,3.432902571207687714e+00,3.432902571207687714e+00
2.245000000000070983e+01,1.625543172738231306e+02,3.433190109683378566e+00,3.433190109683378566e+00
2.246000000000071140e+01,1.626229839501869492e+02,3.433477405383005276e+00,3.433477405383005276e+00
2.247000000000071296e+01,1.626916563700384586e+02,3.433764458593056457e+00,3.433764458593056457e+00
2.248000000000071452e+01,1.627603345285307341e+02,3.434051269599608602e+00,3.434051269599608602e+00
2.249000000000071608e+01,1.628290184208225355e+02,3.434337838688322986e+00,3.434337838688322986e+00
2.250000000000071765e+01,1.628977080420783068e+02,3.434624166144450541e+00,3.434624166144450541e+00
2.251000000000071921e+01,1.629664033874683184e+02,3.434910252252825646e+00,3.434910252252825646e+00
2.252000000000072077e+01,1.630351044521684969e+02,3.435196097297868345e+00,3.435196097297868345e+00
2.253000000000072234e+01,1.631038112313603108e+02,3.435481701563592782e+00,3.435481701563592782e+00
2.254000000000072390e+01,1.631725237202311405e+02,3.435767065333609871e+00,3.435767065333609871e+00
2.255000000000072546e+01,1.632412419139736812e+02,3.436052188891107306e+00,3.436052188891107306e+00
2.256000000000072703e+01,1.633099658077867389e+02,3.436337072518878877e+00,3.436337072518878877e+00
2.257000000000072859e+01,1.633786953968744342e+02,3.436621716499297374e+00,3.436621716499297374e+00
2.258000000000073015e+01,1.634474306764467428e+02,3.436906121114332802e+00,3.436906121114332802e+00
2.259000000000073172e+01,1.635161716417190974e+02,3.437190286645545712e+00,3.437190286645545712e+00
2.260000000000073328e+01,1.635849182879126431e+02,3.437474213374088539e+00,3.437474213374088539e+00
2.261000000000073484e+01,1.636536706102541530e+02,3.437757901580714481e+00,3.437757901580714481e+00
2.262000000000073641e+01,1.637224286039758852e+02,3.438041351545770841e+00,3.438041351545770841e+00
2.263000000000073797e+01,1.637911922643159812e+02,3.438324563549189694e+00,3.438324563549189694e+00
2.264000000000073953e+01,1.638599615865179260e+02,3.438607537870497666e+00,3.438607537870497666e+00
2.265000000000074110e+01,1.639287365658308033e+02,3.438890274788830137e+00,3.438890274788830137e+00
2.266000000000074266e+01,1.639975171975095236e+02,3.439172774582917036e+00,3.439172774582917036e+00
2.267000000000074422e+01,1.640663034768142552e+02,3.439455037531081949e+00,3.439455037531081949e+00
2.268000000000074579e+01,1.641350953990108223e+02,3.439737063911236792e+00,3.439737063911236792e+00
2.269000000000074735e+01,1.642038929593706769e+02,3.440018854000903570e+00,3.440018854000903570e+00
2.270000000000074891e+01,1.642726961531708980e+02,3.440300408077210381e+00,3.440300408077210381e+00
2.271000000000075048e+01,1.643415049756937947e+02,3.440581726416874986e+00,3.440581726416874986e+00
2.272000000000075204e+01,1.644103194222275874e+02,3.440862809296212355e+00,3.440862809296212355e+00
2.273000000000075360e+01,1.644791394880656981e+02,3.441143656991130673e+00,3.441143656991130673e+00
2.274000000000075516e+01,1.645479651685072611e+02,3.441424269777152212e+00,3.441424269777152212e+00
2.275000000000075673e+01,1.646167964588568111e+02,3.441704647929401339e+00,3.441704647929401339e+00
2.276000000000075829e+01,1.646856333544245388e+02,3.441984791722605852e+00,3.441984791722605852e+00
2.277000000000075985e+01,1.647544758505256937e+02,3.442264701431092089e+00,3.442264701431092089e+00
2.278000000000076142e+01,1.648233239424817214e+02,3.442544377328792038e+00,3.442544377328792038e+00
2.279000000000076298e+01,1.648921776256189276e+02,3.442823819689242004e+00,3.442823819689242004e+00
2.280000000000076454e+01,1.649610368952693307e+02,3.443103028785580388e+00,3.443103028785580388e+00
2.281000000000076611e+01,1.650299017467704346e+02,3.443382004890546355e+00,3.443382004890546355e+00
2.282000000000076767e+01,1.650987721754649726e+02,3.443660748276491823e+00,3.443660748276491823e+00
2.283000000000076923e+01,1.651676481767015048e+02,3.443939259215377913e+00,3.443939259215377913e+00
2.284000000000077080e+01,1.652365297458336499e+02,3.444217537978768284e+00,3.444217537978768284e+00
2.285000000000077236e+01,1.653054168782206830e+02,3.444495584837833135e+00,3.444495584837833135e+00
2.286000000000077392e+01,1.653743095692271936e+02,3.444773400063352309e+00,3.444773400063352309e+00
2.287000000000077549e+01,1.654432078142232001e+02,3.445050983925717514e+00,3.445050983925717514e+00
2.288000000000077705e+01,1.655121116085842345e+02,3.445328336694921223e+00,3.445328336694921223e+00
2.289000000000077861e+01,1.655810209476910586e+02,3.445605458640577989e+00,3.445605458640577989e+00
2.290000000000078018e+01,1.656499358269298625e+02,3.445882350031908459e+00,3.445882350031908459e+00
2.291000000000078174e+01,1.657188562416923787e+02,3.446159011137738037e+00,3.446159011137738037e+00
2.292000000000078330e+01,1.657877821873754272e+02,3.446435442226509327e+00,3.446435442226509327e+00
2.293000000000078487e+01,1.658567136593814269e+02,3.446711643566280792e+00,3.446711643566280792e+00
2.294000000000078643e+01,1.659256506531180548e+02,3.446987615424715212e+00,3.446987615424715212e+00
2.295000000000078799e+01,1.659945931639983883e+02,3.447263358069092121e+00,3.447263358069092121e+00
2.296000000000078956e+01,1.660635411874408476e+02,3.447538871766309576e+00,3.447538871766309576e+00
2.297000000000079112e+01,1.661324947188691681e+02,3.447814156782870842e+00,3.447814156782870842e+00
2.298000000000079268e+01,1.662014537537122010e+02,3.448089213384913698e+00,3.448089213384913698e+00
2.299000000000079424e+01,1.662704182874045387e+02,3.448364041838169136e+00,3.448364041838169136e+00
2.300000000000079581e+01,1.663393883153857757e+02,3.448638642407989341e+00,3.448638642407989341e+00
2.301000000000079737e+01,1.664083638331008501e+02,3.448913015359350354e+00,3.448913015359350354e+00
2.302000000000079893e+01,1.664773448360001282e+02,3.449187160956848963e+00,3.449187160956848963e+00
2.303000000000080050e+01,1.665463313195392061e+02,3.449461079464690716e+00,3.449461079464690716e+00
2.304000000000080206e+01,1.666153232791787673e+02,3.449734771146711232e+00,3.449734771146711232e+00
2.305000000000080362e+01,1.666843207103850659e+02,3.450008236266356221e+00,3.450008236266356221e+00
2.306000000000080519e+01,1.667533236086294437e+02,3.450281475086689920e+00,3.450281475086689920e+00
2.307000000000080675e+01,1.668223319693885003e+02,3.450554487870398201e+00,3.450554487870398201e+00
2.308000000000080831e+01,1.668913457881443207e+02,3.450827274879795681e+00,3.450827274879795681e+00
2.309000000000080988e+01,1.669603650603837650e+02,3.451099836376810170e+00,3.451099836376810170e+00
2.310000000000081144e+01,1.670293897815993489e+02,3.451372172622995560e+00,3.451372172622995560e+00
2.311000000000081300e+01,1.670984199472887042e+02,3.451644283879529596e+00,3.451644283879529596e+00
2.312000000000081457e+01,1.671674555529545501e+02,3.451916170407210327e+00,3.451916170407210327e+00
2.313000000000081613e+01,1.672364965941050059e+02,3.452187832466460549e+00,3.452187832466460549e+00
2.314000000000081769e+01,1.673055430662532217e+02,3.452459270317328244e+00,3.452459270317328244e+00
2.315000000000081926e+01,1.673745949649177192e+02,3.452730484219498130e+00,3.452730484219498130e+00
2.316000000000082082e+01,1.674436522856220222e+02,3.453001474432260132e+00,3.453001474432260132e+00
2.317000000000082238e+01,1.675127150238950264e+02,3.453272241214534688e+00,3.453272241214534688e+00
2.318000000000082395e+01,1.675817831752705729e+02,3.453542784824879863e+00,3.453542784824879863e+00
2.319000000000082551e+01,1.676508567352879879e+02,3.453813105521475801e+00,3.453813105521475801e+00
2.320000000000082707e+01,1.677199356994915149e+02,3.454083203562128279e+00,3.454083203562128279e+00
2.321000000000082863e+01,1.677890200634305131e+02,3.454353079204278920e+00,3.454353079204278920e+00
2.322000000000083020e+01,1.678581098226596851e+02,3.454622732704996757e+00,3.454622732704996757e+00
2.323000000000083176e+01,1.679272049727387355e+02,3.454892164320968462e+00,3.454892164320968462e+00
2.324000000000083332e+01,1.679963055092324851e+02,3.455161374308525435e+00,3.455161374308525435e+00
2.325000000000083489e+01,1.680654114277111262e+02,3.455430362923622045e+00,3.455430362923622045e+00
2.326000000000083645e+01,1.681345227237495124e+02,3.455699130421851173e+00,3.455699130421851173e+00
2.327000000000083801e+01,1.682036393929279825e+02,3.455967677058443321e+00,3.455967677058443321e+00
2.328000000000083958e+01,1.682727614308317925e+02,3.456236003088241304e+00,3.456236003088241304e+00
2.329000000000084114e+01,1.683418888330515131e+02,3.456504108765729111e+00,3.456504108765729111e+00
2.330000000000084270e+01,1.684110215951824614e+02,3.456771994345032351e+00,3.456771994345032351e+00
2.331000000000084427e+01,1.684801597128253263e+02,3.457039660079908039e+00,3.457039660079908039e+00
2.332000000000084583e+01,1.685493031815856853e+02,3.457307106223745041e+00,3.457307106223745041e+00
2.333000000000084739e+01,1.686184519970742599e+02,3.457574333029568070e+00,3.457574333029568070e+00
2.334000000000084896e+01,1.686876061549068595e+02,3.457841340750044790e+00,3.457841340750044790e+00
2.335000000000085052e+01,1.687567656507042670e+02,3.458108129637480044e+00,3.458108129637480044e+00
2.336000000000085208e+01,1.688259304800923815e+02,3.458374699943803421e+00,3.458374699943803421e+00
2.337000000000085365e+01,1.688951006387020470e+02,3.458641051920590126e+00,3.458641051920590126e+00
2.338000000000085521e+01,1.689642761221692240e+02,3.458907185819057428e+00,3.458907185819057428e+00
2.339000000000085677e+01,1.690334569261348179e+02,3.459173101890056667e+00,3.459173101890056667e+00
2.340000000000085834e+01,1.691026430462448502e+02,3.459438800384076362e+00,3.459438800384076362e+00
2.341000000000085990e+01,1.691718344781502026e+02,3.459704281551247984e+00,3.459704281551247984e+00
2.342000000000086146e+01,1.692410312175069009e+02,3.459969545641352617e+00,3.459969545641352617e+00
2.343000000000086303e+01,1.693102332599758313e+02,3.460234592903802309e+00,3.460234592903802309e+00
2.344000000000086459e+01,1.693794406012230809e+02,3.460499423587650725e+00,3.460499423587650725e+00
2.345000000000086615e+01,1.694486532369193412e+02,3.460764037941600701e+00,3.460764037941600701e+00
2.346000000000086771e+01,1.695178711627407040e+02,3.461028436213999804e+00,3.461028436213999804e+00
2.347000000000086928e+01,1.695870943743678936e+02,3.461292618652825670e+00,3.461292618652825670e+00
2.348000000000087084e+01,1.696563228674868640e+02,3.461556585505711769e+00,3.461556585505711769e+00
2.349000000000087240e+01,1.697255566377881451e+02,3.461820337019933191e+00,3.461820337019933191e+00
2.350000000000087397e+01,1.697947956809676668e+02,3.462083873442415083e+00,3.462083873442415083e+00
2.351000000000087553e+01,1.698640399927258500e+02,3.462347195019720658e+00,3.462347195019720658e+00
2.352000000000087709e+01,1.699332895687684584e+02,3.462610301998058304e+00,3.462610301998058304e+00
2.353000000000087866e+01,1.700025444048058034e+02,3.462873194623296680e+00,3.462873194623296680e+00
2.354000000000088022e+01,1.700718044965533693e+02,3.463135873140940291e+00,3.463135873140940291e+00
2.355000000000088178e+01,1.701410698397314150e+02,3.463398337796144144e+00,3.463398337796144144e+00
2.356000000000088335e+01,1.702103404300652585e+02,3.463660588833717302e+00,3.463660588833717302e+00
2.357000000000088491e+01,1.702796162632847938e+02,3.463922626498106894e+00,3.463922626498106894e+00
2.358000000000088647e+01,1.703488973351251730e+02,3.464184451033426981e+00,3.464184451033426981e+00
2.359000000000088804e+01,1.704181836413261806e+02,3.464446062683427918e+00,3.464446062683427918e+00
2.360000000000088960e+01,1.704874751776324899e+02,3.464707461691514112e+00,3.464707461691514112e+00
2.361000000000089116e+01,1.705567719397938049e+02,3.464968648300745802e+00,3.464968648300745802e+00
2.362000000000089273e+01,1.706260739235645190e+02,3.465229622753835947e+00,3.465229622753835947e+00
2.363000000000089429e+01,1.706953811247039994e+02,3.465490385293139575e+00,3.465490385293139575e+00
2.364000000000089585e+01,1.707646935389762177e+02,3.465750936160673756e+00,3.465750936160673756e+00
2.365000000000089742e+01,1.708340111621503752e+02,3.466011275598114505e+00,3.466011275598114505e+00
2.366000000000089898e+01,1.709033339900002204e+02,3.466271403846788335e+00,3.466271403846788335e+00
2.367000000000090054e+01,1.709726620183042769e+02,3.466531321147668709e+00,3.466531321147668709e+00
2.368000000000090211e+01,1.710419952428460988e+02,3.466791027741386255e+00,3.466791027741386255e+00
2.369000000000090367e+01,1.711113336594139867e+02,3.467050523868240752e+00,3.467050523868240752e+00
2.370000000000090523e+01,1.711806772638008738e+02,3.467309809768184259e+00,3.467309809768184259e+00
2.371000000000090679e+01,1.712500260518046673e+02,3.467568885680814006e+00,3.467568885680814006e+00
2.372000000000090836e+01,1.713193800192281060e+02,3.467827751845391049e+00,3.467827751845391049e+00
2.373000000000090992e+01,1.713887391618784477e+02,3.468086408500843376e+00,3.468086408500843376e+00
2.374000000000091148e+01,1.714581034755680946e+02,3.468344855885741929e+00,3.468344855885741929e+00
2.375000000000091305e+01,1.715274729561139679e+02,3.468603094238329909e+00,3.468603094238329909e+00
2.376000000000091461e+01,1.715968475993377069e+02,3.468861123796513457e+00,3.468861123796513457e+00
2.377000000000091617e+01,1.716662274010658109e+02,3.469118944797846993e+00,3.469118944797846993e+00
2.378000000000091774e+01,1.717356123571296109e+02,3.469376557479559864e+00,3.469376557479559864e+00
2.379000000000091930e+01,1.718050024633649855e+02,3.469633962078523481e+00,3.469633962078523481e+00
2.380000000000092086e+01,1.718743977156127585e+02,3.469891158831282407e+00,3.469891158831282407e+00
2.381000000000092243e+01,1.719437981097181876e+02,3.470148147974049468e+00,3.470148147974049468e+00
2.382000000000092399e+01,1.720132036415317316e+02,3.470404929742693767e+00,3.470404929742693767e+00
2.383000000000092555e+01,1.720826143069079706e+02,3.470661504372752670e+00,3.470661504372752670e+00
2.384000000000092712e+01,1.721520301017066288e+02,3.470917872099420709e+00,3.470917872099420709e+00
2.385000000000092868e+01,1.722214510217919212e+02,3.471174033157569117e+00,3.471174033157569117e+00
2.386000000000093024e+01,1.722908770630328945e+02,3.471429987781726290e+00,3.471429987781726290e+00
2.387000000000093181e+01,1.723603082213031996e+02,3.471685736206089778e+00,3.471685736206089778e+00
2.388000000000093337e+01,1.724297444924811487e+02,3.471941278664522734e+00,3.471941278664522734e+00
2.389000000000093493e+01,1.724991858724497718e+02,3.472196615390550356e+00,3.472196615390550356e+00
2.390000000000093650e+01,1.725686323570968170e+02,3.472451746617370105e+00,3.472451746617370105e+00
2.391000000000093806e+01,1.726380839423144664e+02,3.472706672577843268e+00,3.472706672577843268e+00
2.392000000000093962e+01,1.727075406239998756e+02,3.472961393504509164e+00,3.472961393504509164e+00
2.393000000000094118e+01,1.727770023980547194e+02,3.473215909629576714e+00,3.473215909629576714e+00
2.394000000000094275e+01,1.728464692603850494e+02,3.473470221184917772e+00,3.473470221184917772e+00
2.395000000000094431e+01,1.729159412069021471e+02,3.473724328402071126e+00,3.473724328402071126e+00
2.396000000000094587e+01,1.729854182335212727e+02,3.473978231512248271e+00,3.473978231512248271e+00
2.397000000000094744e+01,1.730549003361625466e+02,3.474231930746350727e+00,3.474231930746350727e+00
2.398000000000094900e+01,1.731243875107510348e+02,3.474485426334926519e+00,3.474485426334926519e+00
2.399000000000095056e+01,1.731938797532159526e+02,3.474738718508203927e+00,3.474738718508203927e+00
2.400000000000095213e+01,1.732633770594914040e+02,3.474991807496087048e+00,3.474991807496087048e+00
2.401000000000095369e+01,1.733328794255157561e+02,3.475244693528155349e+00,3.475244693528155349e+00
2.402000000000095525e+01,1.734023868472325205e+02,3.475497376833658780e+00,3.475497376833658780e+00
2.403000000000095682e+01,1.734718993205891877e+02,3.475749857641526219e+00,3.475749857641526219e+00
2.404000000000095838e+01,1.735414168415381084e+02,3.476002136180359248e+00,3.476002136180359248e+00
2.405000000000095994e+01,1.736109394060364082e+02,3.476254212678435263e+00,3.476254212678435263e+00
2.406000000000096151e+01,1.736804670100453336e+02,3.476506087363703923e+00,3.476506087363703923e+00
2.407000000000096307e+01,1.737499996495309347e+02,3.476757760463797808e+00,3.476757760463797808e+00
2.408000000000096463e+01,1.738195373204638656e+02,3.477009232206029754e+00,3.477009232206029754e+00
2.409000000000096620e+01,1.738890800188191577e+02,3.477260502817381305e+00,3.477260502817381305e+00
2.410000000000096776e+01,1.739586277405765600e+02,3.477511572524509820e+00,3.477511572524509820e+00
2.411000000000096932e+01,1.740281804817201987e+02,3.477762441553767125e+00,3.477762441553767125e+00
2.412000000000097089e+01,1.740977382382387475e+02,3.478013110131174646e+00,3.478013110131174646e+00
2.413000000000097245e+01,1.741673010061254274e+02,3.478263578482430951e+00,3.478263578482430951e+00
2.414000000000097401e+01,1.742368687813780070e+02,3.478513846832917533e+00,3.478513846832917533e+00
2.415000000000097558e+01,1.743064415599987740e+02,3.478763915407699692e+00,3.478763915407699692e+00
2.416000000000097714e+01,1.743760193379943644e+02,3.479013784431521206e+00,3.479013784431521206e+00
2.417000000000097870e+01,1.744456021113760187e+02,3.479263454128811883e+00,3.479263454128811883e+00
2.418000000000098026e+01,1.745151898761594680e+02,3.479512924723683120e+00,3.479512924723683120e+00
2.419000000000098183e+01,1.745847826283649908e+02,3.479762196439922572e+00,3.479762196439922572e+00
2.420000000000098339e+01,1.746543803640170438e+02,3.480011269501013249e+00,3.480011269501013249e+00
2.421000000000098495e+01,1.747239830791450004e+02,3.480260144130102873e+00,3.480260144130102873e+00
2.422000000000098652e+01,1.747935907697822699e+02,3.480508820550046511e+00,3.480508820550046511e+00
2.423000000000098808e+01,1.748632034319670367e+02,3.480757298983375492e+00,3.480757298983375492e+00
2.424000000000098964e+01,1.749328210617416062e+02,3.481005579652300508e+00,3.481005579652300508e+00
2.425000000000099121e+01,1.750024436551530869e+02,3.481253662778725388e+00,3.481253662778725388e+00
2.426000000000099277e+01,1.750720712082528507e+02,3.481501548584243988e+00,3.481501548584243988e+00
2.427000000000099433e+01,1.751417037170965045e+02,3.481749237290124643e+00,3.481749237290124643e+00
2.428000000000099590e+01,1.752113411777444298e+02,3.481996729117332823e+00,3.481996729117332823e+00
2.429000000000099746e+01,1.752809835862611010e+02,3.482244024286522244e+00,3.482244024286522244e+00
2.430000000000099902e+01,1.753506309387158524e+02,3.482491123018038426e+00,3.482491123018038426e+00
2.431000000000100059e+01,1.754202832311819407e+02,3.482738025531907144e+00,3.482738025531907144e+00
2.432000000000100215e+01,1.754899404597371984e+02,3.482984732047853971e+00,3.482984732047853971e+00
2.433000000000100371e+01,1.755596026204638349e+02,3.483231242785283843e+00,3.483231242785283843e+00
2.434000000000100528e+01,1.756292697094485504e+02,3.483477557963297500e+00,3.483477557963297500e+00
2.435000000000100684e+01,1.756989417227823935e+02,3.483723677800690144e+00,3.483723677800690144e+00
2.436000000000100840e+01,1.757686186565605340e+02,3.483969602515943009e+00,3.483969602515943009e+00
2.437000000000100997e+01,1.758383005068829164e+02,3.484215332327235792e+00,3.484215332327235792e+00
2.438000000000101153e+01,1.759079872698536917e+02,3.484460867452436883e+00,3.484460867452436883e+00
2.439000000000101309e+01,1.759776789415810470e+02,3.484706208109104253e+00,3.484706208109104253e+00
2.440000000000101466e+01,1.760473755181780007e+02,3.484951354514498334e+00,3.484951354514498334e+00
2.441000000000101622e+01,1.761170769957616358e+02,3.485196306885576245e+00,3.485196306885576245e+00
2.442000000000101778e+01,1.761867833704534974e+02,3.485441065438974917e+00,3.485441065438974917e+00
2.443000000000101934e+01,1.762564946383791948e+02,3.485685630391026191e+00,3.485685630391026191e+00
2.444000000000102091e+01,1.763262107956690556e+02,3.485930001957781688e+00,3.485930001957781688e+00
2.445000000000102247e+01,1.763959318384574999e+02,3.486174180354976837e+00,3.486174180354976837e+00
2.446000000000102403e+01,1.764656577628833247e+02,3.486418165798035762e+00,3.486418165798035762e+00
2.447000000000102560e+01,1.765353885650894199e+02,3.486661958502081049e+00,3.486661958502081049e+00
2.448000000000102716e+01,1.766051242412233933e+02,3.486905558681945738e+00,3.486905558681945738e+00
2.449000000000102872e+01,1.766748647874367464e+02,3.487148966552152896e+00,3.487148966552152896e+00
2.450000000000103029e+01,1.767446101998853862e+02,3.487392182326916057e+00,3.487392182326916057e+00
2.451000000000103185e+01,1.768143604747297672e+02,3.487635206220165429e+00,3.487635206220165429e+00
2.452000000000103341e+01,1.768841156081342660e+02,3.487878038445524354e+00,3.487878038445524354e+00
2.453000000000103498e+01,1.769538755962676930e+02,3.488120679216310638e+00,3.488120679216310638e+00
2.454000000000103654e+01,1.770236404353029229e+02,3.488363128745549435e+00,3.488363128745549435e+00
2.455000000000103810e+01,1.770934101214173779e+02,3.488605387245959477e+00,3.488605387245959477e+00
2.456000000000103967e+01,1.771631846507927435e+02,3.488847454929969505e+00,3.488847454929969505e+00
2.457000000000104123e+01,1.772329640196147125e+02,3.489089332009706723e+00,3.489089332009706723e+00
2.458000000000104279e+01,1.773027482240731842e+02,3.489331018697003461e+00,3.489331018697003461e+00
2.459000000000104436e+01,1.773725372603625487e+02,3.489572515203387848e+00,3.489572515203387848e+00
2.460000000000104592e+01,1.774423311246812887e+02,3.489813821740097577e+00,3.489813821740097577e+00
2.461000000000104748e+01,1.775121298132321215e+02,3.490054938518079020e+00,3.490054938518079020e+00
2.462000000000104905e+01,1.775819333222219711e+02,3.490295865747986781e+00,3.490295865747986781e+00
2.463000000000105061e+01,1.776517416478620817e+02,3.490536603640160607e+00,3.490536603640160607e+00
2.464000000000105217e+01,1.777215547863676193e+02,3.490777152404656913e+00,3.490777152404656913e+00
2.465000000000105373e+01,1.777913727339582977e+02,3.491017512251242572e+00,3.491017512251242572e+00
2.466000000000105530e+01,1.778611954868576959e+02,3.491257683389388689e+00,3.491257683389388689e+00
2.467000000000105686e+01,1.779310230412938552e+02,3.491497666028270608e+00,3.491497666028270608e+00
2.468000000000105842e+01,1.780008553934987958e+02,3.491737460376776792e+00,3.491737460376776792e+00
2.469000000000105999e+01,1.780706925397089151e+02,3.491977066643495498e+00,3.491977066643495498e+00
2.470000000000106155e+01,1.781405344761645324e+02,3.492216485036726326e+00,3.492216485036726326e+00
2.471000000000106311e+01,1.782103811991104294e+02,3.492455715764488655e+00,3.492455715764488655e+00
2.472000000000106468e+01,1.782802327047951678e+02,3.492694759034502994e+00,3.492694759034502994e+00
2.473000000000106624e+01,1.783500889894717716e+02,3.492933615054192309e+00,3.492933615054192309e+00
2.474000000000106780e+01,1.784199500493973005e+02,3.493172284030699348e+00,3.493172284030699348e+00
2.475000000000106937e+01,1.784898158808329640e+02,3.493410766170879533e+00,3.493410766170879533e+00
2.476000000000107093e+01,1.785596864800441494e+02,3.493649061681286305e+00,3.493649061681286305e+00
2.477000000000107249e+01,1.786295618433002232e+02,3.493887170768191552e+00,3.493887170768191552e+00
2.478000000000107406e+01,1.786994419668748719e+02,3.494125093637592272e+00,3.494125093637592272e+00
2.479000000000107562e+01,1.787693268470457042e+02,3.494362830495189254e+00,3.494362830495189254e+00
2.480000000000107718e+01,1.788392164800947342e+02,3.494600381546385748e+00,3.494600381546385748e+00
2.481000000000107875e+01,1.789091108623075570e+02,3.494837746996316330e+00,3.494837746996316330e+00
2.482000000000108031e+01,1.789790099899744860e+02,3.495074927049823366e+00,3.495074927049823366e+00
2.483000000000108187e+01,1.790489138593895291e+02,3.495311921911459674e+00,3.495311921911459674e+00
2.484000000000108344e+01,1.791188224668509861e+02,3.495548731785496965e+00,3.495548731785496965e+00
2.485000000000108500e+01,1.791887358086609936e+02,3.495785356875919625e+00,3.495785356875919625e+00
2.486000000000108656e+01,1.792586538811260368e+02,3.496021797386431818e+00,3.496021797386431818e+00
2.487000000000108813e+01,1.793285766805564379e+02,3.496258053520449494e+00,3.496258053520449494e+00
2.488000000000108969e+01,1.793985042032668957e+02,3.496494125481116377e+00,3.496494125481116377e+00
2.489000000000109125e+01,1.794684364455756906e+02,3.496730013471282206e+00,3.496730013471282206e+00
2.490000000000109281e+01,1.795383734038056218e+02,3.496965717693513387e+00,3.496965717693513387e+00
2.491000000000109438e+01,1.796083150742834107e+02,3.497201238350111652e+00,3.497201238350111652e+00
2.492000000000109594e+01,1.796782614533397009e+02,3.497436575643076750e+00,3.497436575643076750e+00
2.493000000000109750e+01,1.797482125373091435e+02,3.497671729774136207e+00,3.497671729774136207e+00
2.494000000000109907e+01,1.798181683225306529e+02,3.497906700944743097e+00,3.497906700944743097e+00
2.495000000000110063e+01,1.798881288053469802e+02,3.498141489356065836e+00,3.498141489356065836e+00
2.496000000000110219e+01,1.799580939821049128e+02,3.498376095208988179e+00,3.498376095208988179e+00
2.497000000000110376e+01,1.800280638491553020e+02,3.498610518704125649e+00,3.498610518704125649e+00
2.498000000000110532e+01,1.800980384028530636e+02,3.498844760041813551e+00,3.498844760041813551e+00
2.499000000000110688e+01,1.801680176395570356e+02,3.499078819422103859e+00,3.499078819422103859e+00
2.500000000000110845e+01,1.802380015556299497e+02,3.499312697044767884e+00,3.499312697044767884e+00
2.501000000000111001e+01,1.803079901474387725e+02,3.499546393109302045e+00,3.499546393109302045e+00
2.502000000000111157e+01,1.803779834113543359e+02,3.499779907814930091e+00,3.499779907814930091e+00
2.503000000000111314e+01,1.804479813437513371e+02,3.500013241360602656e+00,3.500013241360602656e+00
2.504000000000111470e+01,1.805179839410087652e+02,3.500246393944989709e+00,3.500246393944989709e+00
2.505000000000111626e+01,1.805879911995091902e+02,3.500479365766493434e+00,3.500479365766493434e+00
2.506000000000111783e+01,1.806580031156394170e+02,3.500712157023227800e+00,3.500712157023227800e+00
2.507000000000111939e+01,1.807280196857900876e+02,3.500944767913042988e+00,3.500944767913042988e+00
2.508000000000112095e+01,1.807980409063558795e+02,3.501177198633507626e+00,3.501177198633507626e+00
2.509000000000112252e+01,1.808680667737354497e+02,3.501409449381927885e+00,3.501409449381927885e+00
2.510000000000112408e+01,1.809380972843312065e+02,3.501641520355333714e+00,3.501641520355333714e+00
2.511000000000112564e+01,1.810081324345497364e+02,3.501873411750467735e+00,3.501873411750467735e+00
2.512000000000112720e+01,1.810781722208012354e+02,3.502105123763808336e+00,3.502105123763808336e+00
2.513000000000112877e+01,1.811482166395001627e+02,3.502336656591577224e+00,3.502336656591577224e+00
2.514000000000113033e+01,1.812182656870648145e+02,3.502568010429712775e+00,3.502568010429712775e+00
2.515000000000113189e+01,1.812883193599174092e+02,3.502799185473875365e+00,3.502799185473875365e+00
2.516000000000113346e+01,1.813583776544838599e+02,3.503030181919467800e+00,3.503030181919467800e+00
2.517000000000113502e+01,1.814284405671942011e+02,3.503260999961622879e+00,3.503260999961622879e+00
2.518000000000113658e+01,1.814985080944823608e+02,3.503491639795196733e+00,3.503491639795196733e+00
2.519000000000113815e+01,1.815685802327860188e+02,3.503722101614775930e+00,3.503722101614775930e+00
2.520000000000113971e+01,1.816386569785468339e+02,3.503952385614684140e+00,3.503952385614684140e+00
2.521000000000114127e+01,1.817087383282106146e+02,3.504182491988971915e+00,3.504182491988971915e+00
2.522000000000114284e+01,1.817788242782264660e+02,3.504412420931426464e+00,3.504412420931426464e+00
2.523000000000114440e+01,1.818489148250478422e+02,3.504642172635568542e+00,3.504642172635568542e+00
2.524000000000114596e+01,1.819190099651318349e+02,3.504871747294648898e+00,3.504871747294648898e+00
2.525000000000114753e+01,1.819891096949396569e+02,3.505101145101648275e+00,3.505101145101648275e+00
2.526000000000114909e+01,1.820592140109359320e+02,3.505330366249286733e+00,3.505330366249286733e+00
2.527000000000115065e+01,1.821293229095895754e+02,3.505559410930017439e+00,3.505559410930017439e+00
2.528000000000115222e+01,1.821994363873731686e+02,3.505788279336029323e+00,3.505788279336029323e+00
2.529000000000115378e+01,1.822695544407630166e+02,3.506016971659251968e+00,3.506016971659251968e+00
2.530000000000115534e+01,1.823396770662394601e+02,3.506245488091345397e+00,3.506245488091345397e+00
2.531000000000115691e+01,1.824098042602867054e+02,3.506473828823696959e+00,3.506473828823696959e+00
2.532000000000115847e+01,1.824799360193925111e+02,3.506701994047436433e+00,3.506701994047436433e+00
2.533000000000116003e+01,1.825500723400485867e+02,3.506929983953440466e+00,3.506929983953440466e+00
2.534000000000116160e+01,1.826202132187506493e+02,3.507157798732313925e+00,3.507157798732313925e+00
2.535000000000116316e+01,1.826903586519978262e+02,3.507385438574399217e+00,3.507385438574399217e+00
2.536000000000116472e+01,1.827605086362935651e+02,3.507612903669787396e+00,3.507612903669787396e+00
2.537000000000116628e+01,1.828306631681447243e+02,3.507840194208293738e+00,3.507840194208293738e+00
2.538000000000116785e+01,1.829008222440618852e+02,3.508067310379486603e+00,3.508067310379486603e+00
2.539000000000116941e+01,1.829709858605598072e+02,3.508294252372663014e+00,3.508294252372663014e+00
2.540000000000117097e+01,1.830411540141567741e+02,3.508521020376863753e+00,3.508521020376863753e+00
2.541000000000117254e+01,1.831113267013748782e+02,3.508747614580873808e+00,3.508747614580873808e+00
2.542000000000117410e+01,1.831815039187400203e+02,3.508974035173213046e+00,3.508974035173213046e+00
2.543000000000117566e+01,1.832516856627818242e+02,3.509200282342145982e+00,3.509200282342145982e+00
2.544000000000117723e+01,1.833218719300337511e+02,3.509426356275674230e+00,3.509426356275674230e+00
2.545000000000117879e+01,1.833920627170328999e+02,3.509652257161552491e+00,3.509652257161552491e+00
2.546000000000118035e+01,1.834622580203202347e+02,3.509877985187264571e+00,3.509877985187264571e+00
2.547000000000118192e+01,1.835324578364403578e+02,3.510103540540045586e+00,3.510103540540045586e+00
2.548000000000118348e+01,1.836026621619417938e+02,3.510328923406870416e+00,3.510328923406870416e+00
2.549000000000118504e+01,1.836728709933766766e+02,3.510554133974463920e+00,3.510554133974463920e+00
2.550000000000118661e+01,1.837430843273007497e+02,3.510779172429289385e+00,3.510779172429289385e+00
2.551000000000118817e+01,1.838133021602738495e+02,3.511004038957552975e+00,3.511004038957552975e+00
2.552000000000118973e+01,1.838835244888590523e+02,3.511228733745209052e+00,3.511228733745209052e+00
2.553000000000119130e+01,1.839537513096236125e+02,3.511453256977962845e+00,3.511453256977962845e+00
2.554000000000119286e+01,1.840239826191382235e+02,3.511677608841263343e+00,3.511677608841263343e+00
2.555000000000119442e+01,1.840942184139772735e+02,3.511901789520291750e+00,3.511901789520291750e+00
2.556000000000119599e+01,1.841644586907189591e+02,3.512125799199988574e+00,3.512125799199988574e+00
2.557000000000119755e+01,1.842347034459453141e+02,3.512349638065045188e+00,3.512349638065045188e+00
2.558000000000119911e+01,1.843049526762416406e+02,3.512573306299890952e+00,3.512573306299890952e+00
2.559000000000120068e+01,1.843752063781972765e+02,3.512796804088708313e+00,3.512796804088708313e+00
2.560000000000120224e+01,1.844454645484051412e+02,3.513020131615431474e+00,3.513020131615431474e+00
2.561000000000120380e+01,1.845157271834618484e+02,3.513243289063729069e+00,3.513243289063729069e+00
2.562000000000120536e+01,1.845859942799676787e+02,3.513466276617033479e+00,3.513466276617033479e+00
2.563000000000120693e+01,1.846562658345265788e+02,3.513689094458529727e+00,3.513689094458529727e+00
2.564000000000120849e+01,1.847265418437460198e+02,3.513911742771136382e+00,3.513911742771136382e+00
2.565000000000121005e+01,1.847968223042373666e+02,3.514134221737535757e+00,3.514134221737535757e+00
2.566000000000121162e+01,1.848671072126155650e+02,3.514356531540154371e+00,3.514356531540154371e+00
2.567000000000121318e+01,1.849373965654990855e+02,3.514578672361173162e+00,3.514578672361173162e+00
2.568000000000121474e+01,1.850076903595099509e+02,3.514800644382523487e+00,3.514800644382523487e+00
2.569000000000121631e+01,1.850779885912743339e+02,3.515022447785888904e+00,3.515022447785888904e+00
2.570000000000121787e+01,1.851482912574214765e+02,3.515244082752703836e+00,3.515244082752703836e+00
2.571000000000121943e+01,1.852185983545844010e+02,3.515465549464153572e+00,3.515465549464153572e+00
2.572000000000122100e+01,1.852889098794000518e+02,3.515686848101183148e+00,3.515686848101183148e+00
2.573000000000122256e+01,1.853592258285085563e+02,3.515907978844491133e+00,3.515907978844491133e+00
2.574000000000122412e+01,1.854295461985537656e+02,3.516128941874520297e+00,3.516128941874520297e+00
2.575000000000122569e+01,1.854998709861834811e+02,3.516349737371474937e+00,3.516349737371474937e+00
2.576000000000122725e+01,1.855702001880486591e+02,3.516570365515319541e+00,3.516570365515319541e+00
2.577000000000122881e+01,1.856405338008041213e+02,3.516790826485766353e+00,3.516790826485766353e+00
2.578000000000123038e+01,1.857108718211081282e+02,3.517011120462281593e+00,3.517011120462281593e+00
2.579000000000123194e+01,1.857812142456225502e+02,3.517231247624087676e+00,3.517231247624087676e+00
2.580000000000123350e+01,1.858515610710130090e+02,3.517451208150164543e+00,3.517451208150164543e+00
2.581000000000123507e+01,1.859219122939485658e+02,3.517671002219259435e+00,3.517671002219259435e+00
2.582000000000123663e+01,1.859922679111017771e+02,3.517890630009870900e+00,3.517890630009870900e+00
2.583000000000123819e+01,1.860626279191489800e+02,3.518110091700242581e+00,3.518110091700242581e+00
2.584000000000123975e+01,1.861329923147698366e+02,3.518329387468386749e+00,3.518329387468386749e+00
2.585000000000124132e+01,1.862033610946477324e+02,3.518548517492075867e+00,3.518548517492075867e+00
2.586000000000124288e+01,1.862737342554694351e+02,3.518767481948833264e+00,3.518767481948833264e+00
2.587000000000124444e+01,1.863441117939256628e+02,3.518986281015950013e+00,3.518986281015950013e+00
2.588000000000124601e+01,1.864144937067101182e+02,3.519204914870467160e+00,3.519204914870467160e+00
2.589000000000124757e+01,1.864848799905204828e+02,3.519423383689195273e+00,3.519423383689195273e+00
2.590000000000124913e+01,1.865552706420577351e+02,3.519641687648698447e+00,3.519641687648698447e+00
2.591000000000125070e+01,1.866256656580264917e+02,3.519859826925313850e+00,3.519859826925313850e+00
2.592000000000125226e+01,1.866960650351346942e+02,3.520077801695122854e+00,3.520077801695122854e+00
2.593000000000125382e+01,1.867664687700941784e+02,3.520295612133972352e+00,3.520295612133972352e+00
2.594000000000125539e+01,1.868368768596200482e+02,3.520513258417480973e+00,3.520513258417480973e+00
2.595000000000125695e+01,1.869072893004309321e+02,3.520730740721015106e+00,3.520730740721015106e+00
2.596000000000125851e+01,1.869777060892488976e+02,3.520948059219719095e+00,3.520948059219719095e+00
2.597000000000126008e+01,1.870481272227997636e+02,3.521165214088484152e+00,3.521165214088484152e+00
2.598000000000126164e+01,1.871185526978124471e+02,3.521382205501973672e+00,3.521382205501973672e+00
2.599000000000126320e+01,1.871889825110197876e+02,3.521599033634621456e+00,3.521599033634621456e+00
2.600000000000126477e+01,1.872594166591578642e+02,3.521815698660609062e+00,3.521815698660609062e+00
2.601000000000126633e+01,1.873298551389662236e+02,3.522032200753890230e+00,3.522032200753890230e+00
2.602000000000126789e+01,1.874002979471879655e+02,3.522248540088191326e+00,3.522248540088191326e+00
2.603000000000126946e+01,1.874707450805697135e+02,3.522464716836994914e+00,3.522464716836994914e+00
2.604000000000127102e+01,1.875411965358615305e+02,3.522680731173551738e+00,3.522680731173551738e+00
2.605000000000127258e+01,1.876116523098167477e+02,3.522896583270881621e+00,3.522896583270881621e+00
2.606000000000127415e+01,1.876821123991922775e+02,3.523112273301770347e+00,3.523112273301770347e+00
2.607000000000127571e+01,1.877525768007487841e+02,3.523327801438764340e+00,3.523327801438764340e+00
2.608000000000127727e+01,1.878230455112498873e+02,3.523543167854181313e+00,3.523543167854181313e+00
2.609000000000127883e+01,1.878935185274629021e+02,3.523758372720096066e+00,3.523758372720096066e+00
2.610000000000128040e+01,1.879639958461586389e+02,3.523973416208366238e+00,3.523973416208366238e+00
2.611000000000128196e+01,1.880344774641112622e+02,3.524188298490618543e+00,3.524188298490618543e+00
2.612000000000128352e+01,1.881049633780982901e+02,3.524403019738233667e+00,3.524403019738233667e+00
2.613000000000128509e+01,1.881754535849008221e+02,3.524617580122366700e+00,3.524617580122366700e+00
2.614000000000128665e+01,1.882459480813031689e+02,3.524831979813949356e+00,3.524831979813949356e+00
2.615000000000128821e+01,1.883164468640933080e+02,3.525046218983683755e+00,3.525046218983683755e+00
2.616000000000128978e+01,1.883869499300625137e+02,3.525260297802029541e+00,3.525260297802029541e+00
2.617000000000129134e+01,1.884574572760054423e+02,3.525474216439223429e+00,3.525474216439223429e+00
2.618000000000129290e+01,1.885279688987201041e+02,3.525687975065284085e+00,3.525687975065284085e+00
2.619000000000129447e+01,1.885984847950080336e+02,3.525901573849985038e+00,3.525901573849985038e+00
2.620000000000129603e+01,1.886690049616740623e+02,3.526115012962870665e+00,3.526115012962870665e+00
2.621000000000129759e+01,1.887395293955265458e+02,3.526328292573271739e+00,3.526328292573271739e+00
2.622000000000129916e+01,1.888100580933769663e+02,3.526541412850280111e+00,3.526541412850280111e+00
2.623000000000130072e+01,1.888805910520405007e+02,3.526754373962757594e+00,3.526754373962757594e+00
2.624000000000130228e+01,1.889511282683355660e+02,3.526967176079358612e+00,3.526967176079358612e+00
2.625000000000130385e+01,1.890216697390837339e+02,3.527179819368487124e+00,3.527179819368487124e+00
2.626000000000130541e+01,1.890922154611102712e+02,3.527392303998327705e+00,3.527392303998327705e+00
2.627000000000130697e+01,1.891627654312436562e+02,3.527604630136846886e+00,3.527604630136846886e+00
2.628000000000130854e+01,1.892333196463158060e+02,3.527816797951790484e+00,3.527816797951790484e+00
2.629000000000131010e+01,1.893038781031617646e+02,3.528028807610663176e+00,3.528028807610663176e+00
2.630000000000131166e+01,1.893744407986202418e+02,3.528240659280742264e+00,3.528240659280742264e+00
2.631000000000131323e+01,1.894450077295329606e+02,3.528452353129097219e+00,3.528452353129097219e+00
2.632000000000131479e+01,1.895155788927453671e+02,3.528663889322571023e+00,3.528663889322571023e+00
2.633000000000131635e+01,1.895861542851059482e+02,3.528875268027773515e+00,3.528875268027773515e+00
2.634000000000131791e+01,1.896567339034663746e+02,3.529086489411091598e+00,3.529086489411091598e+00
2.635000000000131948e+01,1.897273177446822103e+02,3.529297553638692353e+00,3.529297553638692353e+00
2.636000000000132104e+01,1.897979058056120039e+02,3.529508460876523479e+00,3.529508460876523479e+00
2.637000000000132260e+01,1.898684980831174585e+02,3.529719211290305303e+00,3.529719211290305303e+00
2.638000000000132417e+01,1.899390945740636027e+02,3.529929805045536551e+00,3.529929805045536551e+00
2.639000000000132573e+01,1.900096952753191601e+02,3.530140242307500120e+00,3.530140242307500120e+00
2.640000000000132729e+01,1.900803001837559236e+02,3.530350523241251537e+00,3.530350523241251537e+00
2.641000000000132886e+01,1.901509092962488694e+02,3.530560648011630942e+00,3.530560648011630942e+00
2.642000000000133042e+01,1.902215226096763274e+02,3.530770616783254212e+00,3.530770616783254212e+00
2.643000000000133198e+01,1.902921401209201235e+02,3.530980429720515179e+00,3.530980429720515179e+00
2.644000000000133355e+01,1.903627618268651815e+02,3.531190086987586074e+00,3.531190086987586074e+00
2.645000000000133511e+01,1.904333877243997222e+02,3.531399588748424190e+00,3.531399588748424190e+00
2.646000000000133667e+01,1.905040178104151778e+02,3.531608935166771435e+00,3.531608935166771435e+00
2.647000000000133824e+01,1.905746520818063914e+02,3.531818126406144565e+00,3.531818126406144565e+00
2.648000000000133980e+01,1.906452905354714176e+02,3.532027162629843620e+00,3.532027162629843620e+00
2.649000000000134136e+01,1.907159331683114658e+02,3.532236044000949260e+00,3.532236044000949260e+00
2.650000000000134293e+01,1.907865799772314972e+02,3.532444770682327650e+00,3.532444770682327650e+00
2.651000000000134449e+01,1.908572309591389171e+02,3.532653342836626464e+00,3.532653342836626464e+00
2.652000000000134605e+01,1.909278861109449394e+02,3.532861760626273551e+00,3.532861760626273551e+00
2.653000000000134762e+01,1.909985454295639045e+02,3.533070024213474269e+00,3.533070024213474269e+00
2.654000000000134918e+01,1.910692089119134494e+02,3.533278133760230588e+00,3.533278133760230588e+00
2.655000000000135074e+01,1.911398765549143377e+02,3.533486089428325094e+00,3.533486089428325094e+00
2.656000000000135230e+01,1.912105483554904879e+02,3.533693891379324548e+00,3.533693891379324548e+00
2.657000000000135387e+01,1.912812243105694563e+02,3.533901539774579881e+00,3.533901539774579881e+00
2.658000000000135543e+01,1.913519044170815562e+02,3.534109034775218650e+00,3.534109034775218650e+00
2.659000000000135699e+01,1.914225886719604830e+02,3.534316376542158356e+00,3.534316376542158356e+00
2.660000000000135856e+01,1.914932770721432007e+02,3.534523565236111775e+00,3.534523565236111775e+00
2.661000000000136012e+01,1.915639696145699702e+02,3.534730601017562535e+00,3.534730601017562535e+00
2.662000000000136168e+01,1.916346662961840082e+02,3.534937484046789091e+00,3.534937484046789091e+00
2.663000000000136325e+01,1.917053671139317998e+02,3.535144214483864289e+00,3.535144214483864289e+00
2.664000000000136481e+01,1.917760720647633264e+02,3.535350792488630489e+00,3.535350792488630489e+00
2.665000000000136637e+01,1.918467811456313825e+02,3.535557218220725773e+00,3.535557218220725773e+00
2.666000000000136794e+01,1.919174943534921169e+02,3.535763491839586159e+00,3.535763491839586159e+00
2.667000000000136950e+01,1.919882116853050036e+02,3.535969613504420739e+00,3.535969613504420739e+00
2.668000000000137106e+01,1.920589331380323301e+02,3.536175583374227216e+00,3.536175583374227216e+00
2.669000000000137263e+01,1.921296587086399086e+02,3.536381401607796793e+00,3.536381401607796793e+00
2.670000000000137419e+01,1.922003883940966205e+02,3.536587068363715947e+00,3.536587068363715947e+00
2.671000000000137575e+01,1.922711221913743884e+02,3.536792583800348222e+00,3.536792583800348222e+00
2.672000000000137732e+01,1.923418600974486026e+02,3.536997948075859988e+00,3.536997948075859988e+00
2.673000000000137888e+01,1.924126021092974668e+02,3.537203161348200009e+00,3.537203161348200009e+00
2.674000000000138044e+01,1.924833482239025670e+02,3.537408223775100780e+00,3.537408223775100780e+00
2.675000000000138201e+01,1.925540984382485590e+02,3.537613135514095397e+00,3.537613135514095397e+00
2.676000000000138357e+01,1.926248527493230824e+02,3.537817896722509126e+00,3.537817896722509126e+00
2.677000000000138513e+01,1.926956111541174437e+02,3.538022507557455398e+00,3.538022507557455398e+00
2.678000000000138670e+01,1.927663736496253080e+02,3.538226968175828269e+00,3.538226968175828269e+00
2.679000000000138826e+01,1.928371402328444333e+02,3.538431278734337937e+00,3.538431278734337937e+00
2.680000000000138982e+01,1.929079109007747377e+02,3.538635439389469006e+00,3.538635439389469006e+00
2.681000000000139138e+01,1.929786856504199477e+02,3.538839450297499578e+00,3.538839450297499578e+00
2.682000000000139295e+01,1.930494644787866889e+02,3.539043311614503917e+00,3.539043311614503917e+00
2.683000000000139451e+01,1.931202473828845996e+02,3.539247023496345346e+00,3.539247023496345346e+00
2.684000000000139607e+01,1.931910343597265012e+02,3.539450586098699336e+00,3.539450586098699336e+00
2.685000000000139764e+01,1.932618254063285121e+02,3.539653999577013099e+00,3.539653999577013099e+00
2.686000000000139920e+01,1.933326205197095931e+02,3.539857264086534006e+00,3.539857264086534006e+00
2.687000000000140076e+01,1.934034196968919446e+02,3.540060379782306033e+00,3.540060379782306033e+00
2.688000000000140233e+01,1.934742229349008937e+02,3.540263346819173318e+00,3.540263346819173318e+00
2.689000000000140389e+01,1.935450302307647519e+02,3.540466165351766836e+00,3.540466165351766836e+00
2.690000000000140545e+01,1.936158415815149851e+02,3.540668835534519499e+00,3.540668835534519499e+00
2.691000000000140702e+01,1.936866569841861292e+02,3.540871357521655938e+00,3.540871357521655938e+00
2.692000000000140858e+01,1.937574764358158461e+02,3.541073731467205388e+00,3.541073731467205388e+00
2.693000000000141014e+01,1.938282999334447823e+02,3.541275957524979923e+00,3.541275957524979923e+00
2.694000000000141171e+01,1.938991274741168809e+02,3.541478035848588668e+00,3.541478035848588668e+00
2.695000000000141327e+01,1.939699590548787569e+02,3.541679966591450679e+00,3.541679966591450679e+00
2.696000000000141483e+01,1.940407946727804926e+02,3.541881749906775845e+00,3.541881749906775845e+00
2.697000000000141640e+01,1.941116343248749274e+02,3.542083385947575103e+00,3.542083385947575103e+00
2.698000000000141796e+01,1.941824780082184532e+02,3.542284874866654665e+00,3.542284874866654665e+00
2.699000000000141952e+01,1.942533257198696788e+02,3.542486216816615130e+00,3.542486216816615130e+00
2.700000000000142109e+01,1.943241774568910785e+02,3.542687411949857701e+00,3.542687411949857701e+00
2.701000000000142265e+01,1.943950332163476844e+02,3.542888460418594843e+00,3.542888460418594843e+00
2.702000000000142421e+01,1.944658929953077973e+02,3.543089362374826301e+00,3.543089362374826301e+00
2.703000000000142578e+01,1.945367567908426736e+02,3.543290117970352426e+00,3.543290117970352426e+00
2.704000000000142734e+01,1.946076246000266394e+02,3.543490727356775061e+00,3.543490727356775061e+00
2.705000000000142890e+01,1.946784964199369767e+02,3.543691190685497538e+00,3.543691190685497538e+00
2.706000000000143046e+01,1.947493722476540938e+02,3.543891508107719801e+00,3.543891508107719801e+00
2.707000000000143203e+01,1.948202520802611843e+02,3.544091679774449055e+00,3.544091679774449055e+00
2.708000000000143359e+01,1.948911359148449662e+02,3.544291705836492223e+00,3.544291705836492223e+00
2.709000000000143515e+01,1.949620237484947154e+02,3.544491586444447062e+00,3.544491586444447062e+00
2.710000000000143672e+01,1.950329155783027204e+02,3.544691321748727919e+00,3.544691321748727919e+00
2.711000000000143828e+01,1.951038114013647373e+02,3.544890911899549302e+00,3.544890911899549302e+00
2.712000000000143984e+01,1.951747112147788243e+02,3.545090357046919216e+00,3.545090357046919216e+00
2.713000000000144141e+01,1.952456150156465071e+02,3.545289657340652933e+00,3.545289657340652933e+00
2.714000000000144297e+01,1.953165228010723808e+02,3.545488812930372546e+00,3.545488812930372546e+00
2.715000000000144453e+01,1.953874345681638545e+02,3.545687823965506968e+00,3.545687823965506968e+00
2.716000000000144610e+01,1.954583503140309801e+02,3.545886690595274171e+00,3.545886690595274171e+00
2.717000000000144766e+01,1.955292700357875333e+02,3.546085412968713602e+00,3.546085412968713602e+00
2.718000000000144922e+01,1.956001937305496767e+02,3.546283991234652877e+00,3.546283991234652877e+00
2.719000000000145079e+01,1.956711213954370123e+02,3.546482425541735317e+00,3.546482425541735317e+00
2.720000000000145235e+01,1.957420530275715009e+02,3.546680716038410619e+00,3.546680716038410619e+00
2.721000000000145391e+01,1.958129886240784003e+02,3.546878862872921534e+00,3.546878862872921534e+00
2.722000000000145548e+01,1.958839281820863505e+02,3.547076866193322520e+00,3.547076866193322520e+00
2.723000000000145704e+01,1.959548716987261514e+02,3.547274726147485513e+00,3.547274726147485513e+00
2.724000000000145860e+01,1.960258191711322127e+02,3.547472442883076837e+00,3.547472442883076837e+00
2.725000000000146017e+01,1.960967705964416155e+02,3.547670016547564753e+00,3.547670016547564753e+00
2.726000000000146173e+01,1.961677259717940558e+02,3.547867447288229670e+00,3.547867447288229670e+00
2.727000000000146329e+01,1.962386852943331235e+02,3.548064735252162816e+00,3.548064735252162816e+00
2.728000000000146485e+01,1.963096485612041988e+02,3.548261880586261796e+00,3.548261880586261796e+00
2.729000000000146642e+01,1.963806157695565275e+02,3.548458883437224376e+00,3.548458883437224376e+00
2.730000000000146798e+01,1.964515869165417428e+02,3.548655743951564911e+00,3.548655743951564911e+00
2.731000000000146954e+01,1.965225619993145756e+02,3.548852462275609021e+00,3.548852462275609021e+00
2.732000000000147111e+01,1.965935410150327982e+02,3.549049038555482927e+00,3.549049038555482927e+00
2.733000000000147267e+01,1.966645239608567977e+02,3.549245472937126333e+00,3.549245472937126333e+00
2.734000000000147423e+01,1.967355108339502578e+02,3.549441765566289764e+00,3.549441765566289764e+00
2.735000000000147580e+01,1.968065016314793922e+02,3.549637916588521236e+00,3.549637916588521236e+00
2.736000000000147736e+01,1.968774963506137681e+02,3.549833926149186247e+00,3.549833926149186247e+00
2.737000000000147892e+01,1.969484949885253684e+02,3.550029794393460225e+00,3.550029794393460225e+00
2.738000000000148049e+01,1.970194975423895016e+02,3.550225521466339185e+00,3.550225521466339185e+00
2.739000000000148205e+01,1.970905040093840341e+02,3.550421107512612640e+00,3.550421107512612640e+00
2.740000000000148361e+01,1.971615143866900439e+02,3.550616552676895576e+00,3.550616552676895576e+00
2.741000000000148518e+01,1.972325286714911385e+02,3.550811857103604030e+00,3.550811857103604030e+00
2.742000000000148674e+01,1.973035468609740803e+02,3.551007020936964853e+00,3.551007020936964853e+00
2.743000000000148830e+01,1.973745689523286160e+02,3.551202044321030371e+00,3.551202044321030371e+00
2.744000000000148987e+01,1.974455949427470216e+02,3.551396927399650849e+00,3.551396927399650849e+00
2.745000000000149143e+01,1.975166248294245577e+02,3.551591670316495364e+00,3.551591670316495364e+00
2.746000000000149299e+01,1.975876586095596963e+02,3.551786273215045586e+00,3.551786273215045586e+00
2.747000000000149456e+01,1.976586962803532117e+02,3.551980736238593117e+00,3.551980736238593117e+00
2.748000000000149612e+01,1.977297378390091751e+02,3.552175059530244372e+00,3.552175059530244372e+00
2.749000000000149768e+01,1.978007832827343861e+02,3.552369243232920581e+00,3.552369243232920581e+00
2.750000000000149925e+01,1.978718326087385151e+02,3.552563287489357791e+00,3.552563287489357791e+00
2.751000000000150081e+01,1.979428858142339891e+02,3.552757192442107748e+00,3.552757192442107748e+00
2.752000000000150237e+01,1.980139428964361912e+02,3.552950958233527246e+00,3.552950958233527246e+00
2.753000000000150393e+01,1.980850038525632897e+02,3.553144585005801659e+00,3.553144585005801659e+00
2.754000000000150550e+01,1.981560686798363804e+02,3.553338072900923628e+00,3.553338072900923628e+00
2.755000000000150706e+01,1.982271373754794013e+02,3.553531422060695277e+00,3.553531422060695277e+00
2.756000000000150862e+01,1.982982099367188198e+02,3.553724632626746871e+00,3.553724632626746871e+00
2.757000000000151019e+01,1.983692863607844572e+02,3.553917704740511940e+00,3.553917704740511940e+00
2.758000000000151175e+01,1.984403666449084938e+02,3.554110638543253931e+00,3.554110638543253931e+00
2.759000000000151331e+01,1.985114507863261792e+02,3.554303434176044885e+00,3.554303434176044885e+00
2.760000000000151488e+01,1.985825387822755204e+02,3.554496091779774769e+00,3.554496091779774769e+00
2.761000000000151644e+01,1.986536306299973944e+02,3.554688611495150141e+00,3.554688611495150141e+00
2.762000000000151800e+01,1.987247263267353503e+02,3.554880993462691485e+00,3.554880993462691485e+00
2.763000000000151957e+01,1.987958258697358076e+02,3.555073237822744758e+00,3.555073237822744758e+00
2.764000000000152113e+01,1.988669292562482838e+02,3.555265344715464959e+00,3.555265344715464959e+00
2.765000000000152269e+01,1.989380364835243995e+02,3.555457314280837000e+00,3.555457314280837000e+00
2.766000000000152426e+01,1.990091475488194135e+02,3.555649146658651727e+00,3.555649146658651727e+00
2.767000000000152582e+01,1.990802624493908013e+02,3.555840841988531231e+00,3.555840841988531231e+00
2.768000000000152738e+01,1.991513811824990228e+02,3.556032400409906202e+00,3.556032400409906202e+00
2.769000000000152895e+01,1.992225037454071810e+02,3.556223822062028361e+00,3.556223822062028361e+00
2.770000000000153051e+01,1.992936301353814201e+02,3.556415107083970906e+00,3.556415107083970906e+00
2.771000000000153207e+01,1.993647603496905845e+02,3.556606255614632506e+00,3.556606255614632506e+00
2.772000000000153364e+01,1.994358943856060478e+02,3.556797267792725314e+00,3.556797267792725314e+00
2.773000000000153520e+01,1.995070322404023386e+02,3.556988143756779408e+00,3.556988143756779408e+00
2.774000000000153676e+01,1.995781739113563447e+02,3.557178883645149892e+00,3.557178883645149892e+00
2.775000000000153833e+01,1.996493193957481367e+02,3.557369487596013791e+00,3.557369487596013791e+00
2.776000000000153989e+01,1.997204686908602582e+02,3.557559955747367830e+00,3.557559955747367830e+00
2.777000000000154145e+01,1.997916217939780381e+02,3.557750288237027103e+00,3.557750288237027103e+00
2.778000000000154301e+01,1.998627787023895905e+02,3.557940485202636172e+00,3.557940485202636172e+00
2.779000000000154458e+01,1.999339394133860424e+02,3.558130546781657522e+00,3.558130546781657522e+00
2.780000000000154614e+01,2.000051039242609079e+02,3.558320473111369342e+00,3.558320473111369342e+00
2.781000000000154770e+01,2.000762722323105152e+02,3.558510264328891282e+00,3.558510264328891282e+00
2.782000000000154927e+01,2.001474443348340628e+02,3.558699920571149367e+00,3.558699920571149367e+00
2.783000000000155083e+01,2.002186202291334496e+02,3.558889441974896428e+00,3.558889441974896428e+00
2.784000000000155239e+01,2.002897999125130752e+02,3.559078828676711659e+00,3.559078828676711659e+00
2.785000000000155396e+01,2.003609833822805513e+02,3.559268080812988622e+00,3.559268080812988622e+00
2.786000000000155552e+01,2.004321706357456492e+02,3.559457198519957455e+00,3.559457198519957455e+00
2.787000000000155708e+01,2.005033616702213521e+02,3.559646181933670217e+00,3.559646181933670217e+00
2.788000000000155865e+01,2.005745564830228886e+02,3.559835031189995114e+00,3.559835031189995114e+00
2.789000000000156021e+01,2.006457550714689262e+02,3.560023746424631153e+00,3.560023746424631153e+00
2.790000000000156177e+01,2.007169574328798944e+02,3.560212327773101038e+00,3.560212327773101038e+00
2.791000000000156334e+01,2.007881635645798042e+02,3.560400775370758719e+00,3.560400775370758719e+00
2.792000000000156490e+01,2.008593734638947126e+02,3.560589089352776515e+00,3.560589089352776515e+00
2.793000000000156646e+01,2.009305871281538884e+02,3.560777269854156213e+00,3.560777269854156213e+00
2.794000000000156803e+01,2.010018045546889596e+02,3.560965317009719300e+00,3.560965317009719300e+00
2.795000000000156959e+01,2.010730257408342254e+02,3.561153230954129167e+00,3.561153230954129167e+00
2.796000000000157115e+01,2.011442506839270266e+02,3.561341011821861358e+00,3.561341011821861358e+00
2.797000000000157272e+01,2.012154793813071194e+02,3.561528659747222214e+00,3.561528659747222214e+00
2.798000000000157428e+01,2.012867118303169605e+02,3.561716174864347551e+00,3.561716174864347551e+00
2.799000000000157584e+01,2.013579480283017631e+02,3.561903557307195545e+00,3.561903557307195545e+00
2.800000000000157740e+01,2.014291879726093271e+02,3.562090807209560950e+00,3.562090807209560950e+00
2.801000000000157897e+01,2.015004316605900669e+02,3.562277924705059107e+00,3.562277924705059107e+00
2.802000000000158053e+01,2.015716790895974952e+02,3.562464909927135270e+00,3.562464909927135270e+00
2.803000000000158209e+01,2.016429302569872277e+02,3.562651763009063721e+00,3.562651763009063721e+00
2.804000000000158366e+01,2.017141851601178928e+02,3.562838484083952650e+00,3.562838484083952650e+00
2.805000000000158522e+01,2.017854437963505632e+02,3.563025073284729949e+00,3.563025073284729949e+00
2.806000000000158678e+01,2.018567061630492105e+02,3.563211530744153865e+00,3.563211530744153865e+00
2.807000000000158835e+01,2.019279722575803362e+02,3.563397856594821889e+00,3.563397856594821889e+00
2.808000000000158991e+01,2.019992420773130277e+02,3.563584050969152095e+00,3.563584050969152095e+00
2.809000000000159147e+01,2.020705156196190728e+02,3.563770113999398248e+00,3.563770113999398248e+00
2.810000000000159304e+01,2.021417928818729308e+02,3.563956045817644913e+00,3.563956045817644913e+00
2.811000000000159460e+01,2.022130738614517327e+02,3.564141846555793247e+00,3.564141846555793247e+00
2.812000000000159616e+01,2.022843585557353094e+02,3.564327516345596969e+00,3.564327516345596969e+00
2.813000000000159773e+01,2.023556469621057090e+02,3.564513055318635715e+00,3.564513055318635715e+00
2.814000000000159929e+01,2.024269390779479352e+02,3.564698463606308820e+00,3.564698463606308820e+00
2.815000000000160085e+01,2.024982349006499192e+02,3.564883741339852641e+00,3.564883741339852641e+00
2.816000000000160242e+01,2.025695344276016101e+02,3.565068888650336110e+00,3.565068888650336110e+00
2.817000000000160398e+01,2.026408376561959699e+02,3.565253905668673173e+00,3.565253905668673173e+00
2.818000000000160554e+01,2.027121445838282625e+02,3.565438792525592149e+00,3.565438792525592149e+00
2.819000000000160711e+01,2.027834552078969921e+02,3.565623549351652155e+00,3.565623549351652155e+00
2.820000000000160867e+01,2.028547695258024532e+02,3.565808176277252439e+00,3.565808176277252439e+00
2.821000000000161023e+01,2.029260875349479818e+02,3.565992673432638149e+00,3.565992673432638149e+00
2.822000000000161180e+01,2.029974092327397273e+02,3.566177040947871468e+00,3.566177040947871468e+00
2.823000000000161336e+01,2.030687346165858855e+02,3.566361278952858704e+00,3.566361278952858704e+00
2.824000000000161492e+01,2.031400636838977789e+02,3.566545387577327642e+00,3.566545387577327642e+00
2.825000000000161648e+01,2.032113964320890602e+02,3.566729366950842195e+00,3.566729366950842195e+00
2.826000000000161805e+01,2.032827328585758835e+02,3.566913217202816178e+00,3.566913217202816178e+00
2.827000000000161961e+01,2.033540729607771311e+02,3.567096938462483546e+00,3.567096938462483546e+00
2.828000000000162117e+01,2.034254167361143857e+02,3.567280530858919718e+00,3.567280530858919718e+00
2.829000000000162274e+01,2.034967641820115034e+02,3.567463994521034021e+00,3.567463994521034021e+00
2.830000000000162430e+01,2.035681152958952111e+02,3.567647329577565696e+00,3.567647329577565696e+00
2.831000000000162586e+01,2.036394700751946232e+02,3.567830536157100774e+00,3.567830536157100774e+00
2.832000000000162743e+01,2.037108285173415823e+02,3.568013614388052979e+00,3.568013614388052979e+00
2.833000000000162899e+01,2.037821906197700343e+02,3.568196564398677939e+00,3.568196564398677939e+00
2.834000000000163055e+01,2.038535563799173929e+02,3.568379386317053648e+00,3.568379386317053648e+00
2.835000000000163212e+01,2.039249257952228049e+02,3.568562080271113324e+00,3.568562080271113324e+00
2.836000000000163368e+01,2.039962988631282599e+02,3.568744646388620545e+00,3.568744646388620545e+00
2.837000000000163524e+01,2.040676755810783902e+02,3.568927084797180793e+00,3.568927084797180793e+00
2.838000000000163681e+01,2.041390559465201306e+02,3.569109395624230352e+00,3.569109395624230352e+00
2.839000000000163837e+01,2.042104399569033149e+02,3.569291578997036751e+00,3.569291578997036751e+00
2.840000000000163993e+01,2.042818276096800503e+02,3.569473635042719639e+00,3.569473635042719639e+00
2.841000000000164150e+01,2.043532189023049170e+02,3.569655563888224137e+00,3.569655563888224137e+00
2.842000000000164306e+01,2.044246138322355648e+02,3.569837365660341710e+00,3.569837365660341710e+00
2.843000000000164462e+01,2.044960123969315475e+02,3.570019040485705286e+00,3.570019040485705286e+00
2.844000000000164619e+01,2.045674145938550623e+02,3.570200588490783034e+00,3.570200588490783034e+00
2.845000000000164775e+01,2.046388204204710064e+02,3.570382009801877032e+00,3.570382009801877032e+00
2.846000000000164931e+01,2.047102298742469770e+02,3.570563304545139705e+00,3.570563304545139705e+00
2.847000000000165087e+01,2.047816429526529021e+02,3.570744472846555606e+00,3.570744472846555606e+00
2.848000000000165244e+01,2.048530596531609547e+02,3.570925514831950309e+00,3.570925514831950309e+00
2.849000000000165400e+01,2.049244799732460933e+02,3.571106430626989514e+00,3.571106430626989514e+00
2.850000000000165556e+01,2.049959039103860050e+02,3.571287220357181269e+00,3.571287220357181269e+00
2.851000000000165713e+01,2.050673314620604515e+02,3.571467884147871086e+00,3.571467884147871086e+00
2.852000000000165869e+01,2.051387626257519230e+02,3.571648422124253486e+00,3.571648422124253486e+00
2.853000000000166025e+01,2.052101973989454962e+02,3.571828834411355125e+00,3.571828834411355125e+00
2.854000000000166182e+01,2.052816357791284076e+02,3.572009121134044562e+00,3.572009121134044562e+00
2.855000000000166338e+01,2.053530777637907931e+02,3.572189282417034484e+00,3.572189282417034484e+00
2.856000000000166494e+01,2.054245233504251189e+02,3.572369318384880810e+00,3.572369318384880810e+00
2.857000000000166651e+01,2.054959725365261249e+02,3.572549229161981366e+00,3.572549229161981366e+00
2.858000000000166807e+01,2.055674253195915639e+02,3.572729014872582098e+00,3.572729014872582098e+00
2.859000000000166963e+01,2.056388816971210645e+02,3.572908675640757536e+00,3.572908675640757536e+00
2.860000000000167120e+01,2.057103416666171256e+02,3.573088211590436103e+00,3.573088211590436103e+00
2.861000000000167276e+01,2.057818052255846908e+02,3.573267622845380131e+00,3.573267622845380131e+00
2.862000000000167432e+01,2.058532723715310340e+02,3.573446909529207183e+00,3.573446909529207183e+00
2.863000000000167589e+01,2.059247431019658734e+02,3.573626071765376278e+00,3.573626071765376278e+00
2.864000000000167745e+01,2.059962174144015137e+02,3.573805109677175906e+00,3.573805109677175906e+00
2.865000000000167901e+01,2.060676953063530163e+02,3.573984023387756892e+00,3.573984023387756892e+00
2.866000000000168058e+01,2.061391767753370345e+02,3.574162813020113294e+00,3.574162813020113294e+00
2.867000000000168214e+01,2.062106618188737457e+02,3.574341478697065089e+00,3.574341478697065089e+00
2.868000000000168370e+01,2.062821504344850894e+02,3.574520020541295473e+00,3.574520020541295473e+00
2.869000000000168527e+01,2.063536426196955063e+02,3.574698438675321110e+00,3.574698438675321110e+00
2.870000000000168683e+01,2.064251383720320234e+02,3.574876733221508562e+00,3.574876733221508562e+00
2.871000000000168839e+01,2.064966376890241975e+02,3.575054904302072067e+00,3.575054904302072067e+00
2.872000000000168995e+01,2.065681405682040293e+02,3.575232952039069101e+00,3.575232952039069101e+00
2.873000000000169152e+01,2.066396470071058502e+02,3.575410876554397710e+00,3.575410876554397710e+00
2.874000000000169308e+01,2.067111570032662087e+02,3.575588677969823159e+00,3.575588677969823159e+00
2.875000000000169464e+01,2.067826705542245236e+02,3.575766356406936186e+00,3.575766356406936186e+00
2.876000000000169621e+01,2.068541876575225160e+02,3.575943911987179646e+00,3.575943911987179646e+00
2.877000000000169777e+01,2.069257083107041524e+02,3.576121344831841409e+00,3.576121344831841409e+00
2.878000000000169933e+01,2.069972325113158149e+02,3.576298655062063236e+00,3.576298655062063236e+00
2.879000000000170090e+01,2.070687602569065291e+02,3.576475842798823024e+00,3.576475842798823024e+00
2.880000000000170246e+01,2.071402915450277078e+02,3.576652908162957001e+00,3.576652908162957001e+00
2.881000000000170402e+01,2.072118263732331229e+02,3.576829851275145522e+00,3.576829851275145522e+00
2.882000000000170559e+01,2.072833647390787917e+02,3.577006672255914843e+00,3.577006672255914843e+00
2.883000000000170715e+01,2.073549066401233461e+02,3.577183371225643338e+00,3.577183371225643338e+00
2.884000000000170871e+01,2.074264520739278623e+02,3.577359948304551729e+00,3.577359948304551729e+00
2.885000000000171028e+01,2.074980010380555200e+02,3.577536403612713745e+00,3.577536403612713745e+00
2.886000000000171184e+01,2.075695535300723122e+02,3.577712737270053900e+00,3.577712737270053900e+00
2.887000000000171340e+01,2.076411095475463355e+02,3.577888949396341722e+00,3.577888949396341722e+00
2.888000000000171497e+01,2.077126690880481306e+02,3.578065040111206407e+00,3.578065040111206407e+00
2.889000000000171653e+01,2.077842321491507107e+02,3.578241009534115946e+00,3.578241009534115946e+00
2.890000000000171809e+01,2.078557987284294484e+02,3.578416857784381122e+00,3.578416857784381122e+00
2.891000000000171966e+01,2.079273688234621886e+02,3.578592584981182601e+00,3.578592584981182601e+00
2.892000000000172122e+01,2.079989424318288229e+02,3.578768191243535846e+00,3.578768191243535846e+00
2.893000000000172278e+01,2.080705195511119143e+02,3.578943676690312437e+00,3.578943676690312437e+00
2.894000000000172435e+01,2.081421001788964418e+02,3.579119041440235183e+00,3.579119041440235183e+00
2.895000000000172591e+01,2.082136843127695442e+02,3.579294285611879900e+00,3.579294285611879900e+00
2.896000000000172747e+01,2.082852719503208334e+02,3.579469409323668749e+00,3.579469409323668749e+00
2.897000000000172903e+01,2.083568630891424220e+02,3.579644412693884448e+00,3.579644412693884448e+00
2.898000000000173060e+01,2.084284577268285545e+02,3.579819295840642734e+00,3.579819295840642734e+00
2.899000000000173216e+01,2.085000558609760333e+02,3.579994058881926566e+00,3.579994058881926566e+00
2.900000000000173372e+01,2.085716574891839628e+02,3.580168701935567910e+00,3.580168701935567910e+00
2.901000000000173529e+01,2.086432626090535223e+02,3.580343225119252182e+00,3.580343225119252182e+00
2.902000000000173685e+01,2.087148712181887333e+02,3.580517628550515141e+00,3.580517628550515141e+00
2.903000000000173841e+01,2.087864833141955501e+02,3.580691912346743333e+00,3.580691912346743333e+00
2.904000000000173998e+01,2.088580988946825983e+02,3.580866076625183414e+00,3.580866076625183414e+00
2.905000000000174154e+01,2.089297179572605216e+02,3.581040121502929718e+00,3.581040121502929718e+00
2.906000000000174310e+01,2.090013404995426356e+02,3.581214047096927366e+00,3.581214047096927366e+00
2.907000000000174467e+01,2.090729665191444155e+02,3.581387853523983367e+00,3.581387853523983367e+00
2.908000000000174623e+01,2.091445960136836106e+02,3.581561540900751961e+00,3.581561540900751961e+00
2.909000000000174779e+01,2.092162289807803575e+02,3.581735109343741730e+00,3.581735109343741730e+00
2.910000000000174936e+01,2.092878654180574074e+02,3.581908558969320033e+00,3.581908558969320033e+00
2.911000000000175092e+01,2.093595053231393592e+02,3.582081889893699245e+00,3.582081889893699245e+00
2.912000000000175248e+01,2.094311486936530855e+02,3.582255102232957622e+00,3.582255102232957622e+00
2.913000000000175405e+01,2.095027955272285283e+02,3.582428196103035312e+00,3.582428196103035312e+00
2.914000000000175561e+01,2.095744458214972212e+02,3.582601171619702818e+00,3.582601171619702818e+00
2.915000000000175717e+01,2.096460995740933413e+02,3.582774028898596086e+00,3.582774028898596086e+00
2.916000000000175874e+01,2.097177567826531686e+02,3.582946768055218723e+00,3.582946768055218723e+00
2.917000000000176030e+01,2.097894174448155127e+02,3.583119389204921568e+00,3.583119389204921568e+00
2.918000000000176186e+01,2.098610815582213718e+02,3.583291892462904027e+00,3.583291892462904027e+00
2.919000000000176342e+01,2.099327491205141314e+02,3.583464277944233167e+00,3.583464277944233167e+00
2.920000000000176499e+01,2.100044201293391950e+02,3.583636545763836168e+00,3.583636545763836168e+00
2.921000000000176655e+01,2.100760945823446377e+02,3.583808696036480779e+00,3.583808696036480779e+00
2.922000000000176811e+01,2.101477724771806379e+02,3.583980728876796196e+00,3.583980728876796196e+00
2.923000000000176968e+01,2.102194538114996476e+02,3.584152644399283272e+00,3.584152644399283272e+00
2.924000000000177124e+01,2.102911385829566200e+02,3.584324442718288317e+00,3.584324442718288317e+00
2.925000000000177280e+01,2.103628267892084409e+02,3.584496123948012869e+00,3.584496123948012869e+00
2.926000000000177437e+01,2.104345184279145826e+02,3.584667688202520353e+00,3.584667688202520353e+00
2.927000000000177593e+01,2.105062134967365353e+02,3.584839135595732529e+00,3.584839135595732529e+00
2.928000000000177749e+01,2.105779119933382333e+02,3.585010466241426386e+00,3.585010466241426386e+00
2.929000000000177906e+01,2.106496139153861691e+02,3.585181680253242575e+00,3.585181680253242575e+00
2.930000000000178062e+01,2.107213192605483982e+02,3.585352777744672981e+00,3.585352777744672981e+00
2.931000000000178218e+01,2.107930280264958753e+02,3.585523758829074925e+00,3.585523758829074925e+00
2.932000000000178375e+01,2.108647402109016298e+02,3.585694623619664956e+00,3.585694623619664956e+00
2.933000000000178531e+01,2.109364558114407657e+02,3.585865372229509962e+00,3.585865372229509962e+00
2.934000000000178687e+01,2.110081748257908032e+02,3.586036004771545826e+00,3.586036004771545826e+00
2.935000000000178844e+01,2.110798972516315928e+02,3.586206521358560551e+00,3.586206521358560551e+00
2.936000000000179000e+01,2.111516230866451167e+02,3.586376922103217346e+00,3.586376922103217346e+00
2.937000000000179156e+01,2.112233523285157162e+02,3.586547207118024883e+00,3.586547207118024883e+00
2.938000000000179313e+01,2.112950849749299493e+02,3.586717376515347055e+00,3.586717376515347055e+00
2.939000000000179469e+01,2.113668210235763070e+02,3.586887430407422972e+00,3.586887430407422972e+00
2.940000000000179625e+01,2.114385604721461220e+02,3.587057368906350074e+00,3.587057368906350074e+00
2.941000000000179782e+01,2.115103033183326602e+02,3.587227192124072594e+00,3.587227192124072594e+00
2.942000000000179938e+01,2.115820495598311481e+02,3.587396900172411751e+00,3.587396900172411751e+00
2.943000000000180094e+01,2.116537991943395127e+02,3.587566493163051096e+00,3.587566493163051096e+00
2.944000000000180250e+01,2.117255522195576418e+02,3.587735971207520080e+00,3.587735971207520080e+00
2.945000000000180407e+01,2.117973086331877539e+02,3.587905334417226921e+00,3.587905334417226921e+00
2.946000000000180563e+01,2.118690684329343412e+02,3.588074582903426624e+00,3.588074582903426624e+00
2.947000000000180719e+01,2.119408316165038855e+02,3.588243716777245851e+00,3.588243716777245851e+00
2.948000000000180876e+01,2.120125981816054548e+02,3.588412736149671378e+00,3.588412736149671378e+00
2.949000000000181032e+01,2.120843681259499931e+02,3.588581641131550537e+00,3.588581641131550537e+00
2.950000000000181188e+01,2.121561414472507465e+02,3.588750431833596988e+00,3.588750431833596988e+00
2.951000000000181345e+01,2.122279181432232065e+02,3.588919108366387611e+00,3.588919108366387611e+00
2.952000000000181501e+01,2.122996982115853939e+02,3.589087670840363398e+00,3.589087670840363398e+00
2.953000000000181657e+01,2.123714816500568929e+02,3.589256119365822340e+00,3.589256119365822340e+00
2.954000000000181814e+01,2.124432684563600162e+02,3.589424454052926095e+00,3.589424454052926095e+00
2.955000000000181970e+01,2.125150586282189522e+02,3.589592675011715084e+00,3.589592675011715084e+00
2.956000000000182126e+01,2.125868521633604473e+02,3.589760782352071189e+00,3.589760782352071189e+00
2.957000000000182283e+01,2.126586490595130954e+02,3.589928776183749726e+00,3.589928776183749726e+00
2.958000000000182439e+01,2.127304493144077924e+02,3.590096656616378112e+00,3.590096656616378112e+00
2.959000000000182595e+01,2.128022529257777649e+02,3.590264423759441659e+00,3.590264423759441659e+00
2.960000000000182752e+01,2.128740598913581152e+02,3.590432077722292004e+00,3.590432077722292004e+00
2.961000000000182908e+01,2.129458702088866744e+02,3.590599618614148891e+00,3.590599618614148891e+00
2.962000000000183064e+01,2.130176838761027511e+02,3.590767046544084629e+00,3.590767046544084629e+00
2.963000000000183221e+01,2.130895008907483827e+02,3.590934361621049842e+00,3.590934361621049842e+00
2.964000000000183377e+01,2.131613212505675961e+02,3.591101563953855713e+00,3.591101563953855713e+00
2.965000000000183533e+01,2.132331449533065211e+02,3.591268653651176201e+00,3.591268653651176201e+00
2.966000000000183690e+01,2.133049719967136184e+02,3.591435630821562697e+00,3.591435630821562697e+00
2.967000000000183846e+01,2.133768023785393098e+02,3.591602495573418263e+00,3.591602495573418263e+00
2.968000000000184002e+01,2.134486360965365748e+02,3.591769248015024285e+00,3.591769248015024285e+00
2.969000000000184158e+01,2.135204731484600416e+02,3.591935888254521814e+00,3.591935888254521814e+00
2.970000000000184315e+01,2.135923135320667257e+02,3.592102416399918230e+00,3.592102416399918230e+00
2.971000000000184471e+01,2.136641572451160300e+02,3.592268832559093461e+00,3.592268832559093461e+00
2.972000000000184627e+01,2.137360042853690913e+02,3.592435136839795096e+00,3.592435136839795096e+00
2.973000000000184784e+01,2.138078546505895758e+02,3.592601329349627726e+00,3.592601329349627726e+00
2.974000000000184940e+01,2.138797083385430255e+02,3.592767410196072486e+00,3.592767410196072486e+00
2.975000000000185096e+01,2.139515653469973699e+02,3.592933379486475065e+00,3.592933379486475065e+00
2.976000000000185253e+01,2.140234256737225849e+02,3.593099237328051476e+00,3.593099237328051476e+00
2.977000000000185409e+01,2.140952893164904935e+02,3.593264983827886727e+00,3.593264983827886727e+00
2.978000000000185565e+01,2.141671562730756762e+02,3.593430619092923717e+00,3.593430619092923717e+00
2.979000000000185722e+01,2.142390265412541623e+02,3.593596143229985884e+00,3.593596143229985884e+00
2.980000000000185878e+01,2.143109001188048524e+02,3.593761556345768771e+00,3.593761556345768771e+00
2.981000000000186034e+01,2.143827770035081528e+02,3.593926858546824477e+00,3.593926858546824477e+00
2.982000000000186191e+01,2.144546571931467724e+02,3.594092049939578093e+00,3.594092049939578093e+00
2.983000000000186347e+01,2.145265406855057222e+02,3.594257130630326369e+00,3.594257130630326369e+00
2.984000000000186503e+01,2.145984274783719457e+02,3.594422100725235047e+00,3.594422100725235047e+00
2.985000000000186660e+01,2.146703175695346602e+02,3.594586960330328207e+00,3.594586960330328207e+00
2.986000000000186816e+01,2.147422109567851294e+02,3.594751709551525565e+00,3.594751709551525565e+00
2.987000000000186972e+01,2.148141076379167771e+02,3.594916348494595404e+00,3.594916348494595404e+00
2.988000000000187129e+01,2.148860076107249881e+02,3.595080877265185659e+00,3.595080877265185659e+00
2.989000000000187285e+01,2.149579108730073358e+02,3.595245295968806598e+00,3.595245295968806598e+00
2.990000000000187441e+01,2.150298174225636956e+02,3.595409604710845475e+00,3.595409604710845475e+00
2.991000000000187597e+01,2.151017272571957903e+02,3.595573803596563423e+00,3.595573803596563423e+00
2.992000000000187754e+01,2.151736403747075315e+02,3.595737892731086127e+00,3.595737892731086127e+00
2.993000000000187910e+01,2.152455567729051040e+02,3.595901872219409157e+00,3.595901872219409157e+00
2.994000000000188066e+01,2.153174764495963700e+02,3.596065742166413948e+00,3.596065742166413948e+00
2.995000000000188223e+01,2.153893994025916641e+02,3.596229502676836720e+00,3.596229502676836720e+00
2.996000000000188379e+01,2.154613256297034241e+02,3.596393153855294234e+00,3.596393153855294234e+00
2.997000000000188535e+01,2.155332551287458784e+02,3.596556695806266912e+00,3.596556695806266912e+00
2.998000000000188692e+01,2.156051878975357567e+02,3.596720128634110392e+00,3.596720128634110392e+00
2.999000000000188848e+01,2.156771239338912096e+02,3.596883452443064400e+00,3.596883452443064400e+00
