{
  "gamma": 10.36139380949775,
  "n": 2.0557526931077588,
  "meff_amu": 202.953908
}